ISO-10303-21;
HEADER;
FILE_DESCRIPTION (( 'STEP AP203' ),
    '1' );
FILE_NAME ('eslabon_pantorrilla_flexible.STEP',
    '2026-08-15T22:46:37',
    ( '' ),
    ( '' ),
    'SwSTEP 2.0',
    'SolidWorks 2026',
    '' );
FILE_SCHEMA (( 'CONFIG_CONTROL_DESIGN' ));
ENDSEC;

DATA;
#1 = LINE ( 'NONE', #1031, #4010 ) ;
#2 = AXIS2_PLACEMENT_3D ( 'NONE', #503, #4144, #1801 ) ;
#3 = FACE_OUTER_BOUND ( 'NONE', #344, .T. ) ;
#4 = CARTESIAN_POINT ( 'NONE',  ( -9.158922306303754368, 61.50494895489652691, 5.000000000000000000 ) ) ;
#5 = CARTESIAN_POINT ( 'NONE',  ( 9.121448003899409684, 63.14785426269968127, 5.287328440193311607 ) ) ;
#6 = LINE ( 'NONE', #980, #4247 ) ;
#7 = EDGE_CURVE ( 'NONE', #1010, #1771, #1451, .T. ) ;
#8 = DIRECTION ( 'NONE',  ( -1.000000000000000000, 0.000000000000000000, 0.000000000000000000 ) ) ;
#9 = AXIS2_PLACEMENT_3D ( 'NONE', #201, #1468, #1490 ) ;
#10 = EDGE_CURVE ( 'NONE', #2032, #3883, #3932, .T. ) ;
#11 = ORIENTED_EDGE ( 'NONE', *, *, #2734, .T. ) ;
#12 = FACE_OUTER_BOUND ( 'NONE', #162, .T. ) ;
#13 = CARTESIAN_POINT ( 'NONE',  ( 1.270506401070416347, 62.05162478762620282, 4.797252786776143196 ) ) ;
#14 = CARTESIAN_POINT ( 'NONE',  ( -12.99999999999999822, 64.88206692404348530, 6.767253565835212648 ) ) ;
#15 = VERTEX_POINT ( 'NONE', #327 ) ;
#16 = DIRECTION ( 'NONE',  ( -0.6444004775717857569, 0.5407162030609410364, 0.5407162030609159453 ) ) ;
#17 = VERTEX_POINT ( 'NONE', #2292 ) ;
#18 = CONICAL_SURFACE ( 'NONE', #2400, 20.00000000000001776, 0.7853981633974570498 ) ;
#19 = CARTESIAN_POINT ( 'NONE',  ( 8.803288639648114255, 62.94022309954916494, 5.607100331060594023 ) ) ;
#20 = VECTOR ( 'NONE', #2179, 1000.000000000000000 ) ;
#21 = ADVANCED_FACE ( 'NONE', ( #3401 ), #2817, .F. ) ;
#22 = CARTESIAN_POINT ( 'NONE',  ( 0.4267297131265219146, 63.50494895489654823, 5.660161060890918527 ) ) ;
#23 = VERTEX_POINT ( 'NONE', #4103 ) ;
#24 = CIRCLE ( 'NONE', #3600, 7.799999999999974065 ) ;
#25 = AXIS2_PLACEMENT_3D ( 'NONE', #2952, #2642, #8 ) ;
#26 = CARTESIAN_POINT ( 'NONE',  ( -0.4737389440953155839, 62.58789389765976097, 5.081867575015135863 ) ) ;
#27 = CARTESIAN_POINT ( 'NONE',  ( 8.996613017590512129, 62.28100034059357171, 5.156651253037517257 ) ) ;
#28 = EDGE_CURVE ( 'NONE', #3276, #3759, #3703, .T. ) ;
#29 = DIRECTION ( 'NONE',  ( -0.000000000000000000, -0.000000000000000000, 1.000000000000000000 ) ) ;
#30 = CARTESIAN_POINT ( 'NONE',  ( -12.99999999999999822, 64.88206692404348530, 18.00000000000000355 ) ) ;
#31 = CARTESIAN_POINT ( 'NONE',  ( 9.108367943782379683, 61.75426286208350746, 5.015593594120061560 ) ) ;
#32 = ADVANCED_FACE ( 'NONE', ( #744 ), #3619, .F. ) ;
#33 = ORIENTED_EDGE ( 'NONE', *, *, #719, .F. ) ;
#34 = PLANE ( 'NONE',  #519 ) ;
#35 = FACE_BOUND ( 'NONE', #629, .T. ) ;
#36 = CARTESIAN_POINT ( 'NONE',  ( -0.4986498653993439722, 62.44524510315287813, 4.831127930368132262 ) ) ;
#37 = CARTESIAN_POINT ( 'NONE',  ( 1.384847717799934763, 61.95000608518888185, 4.783489949739605507 ) ) ;
#38 = CARTESIAN_POINT ( 'NONE',  ( -9.030794231275173445, 62.13681007596286321, 5.098938322087850139 ) ) ;
#39 = ORIENTED_EDGE ( 'NONE', *, *, #28, .F. ) ;
#40 = VERTEX_POINT ( 'NONE', #3380 ) ;
#41 = DIRECTION ( 'NONE',  ( -0.6963642403200124287, -0.1227878039689746098, -0.7071067811865537900 ) ) ;
#42 = EDGE_CURVE ( 'NONE', #1123, #1200, #429, .T. ) ;
#43 = CARTESIAN_POINT ( 'NONE',  ( -9.769885813337445768, 63.50494895489652691, 13.71333554574442815 ) ) ;
#44 = AXIS2_PLACEMENT_3D ( 'NONE', #3416, #1772, #693 ) ;
#45 = CARTESIAN_POINT ( 'NONE',  ( 8.828390710793412310, 62.86635837295332863, 5.534882329020461178 ) ) ;
#46 = EDGE_CURVE ( 'NONE', #1875, #1640, #4208, .T. ) ;
#47 = CARTESIAN_POINT ( 'NONE',  ( -11.88276843930889015, 63.50494895489654112, 4.808828357912036111 ) ) ;
#48 = CARTESIAN_POINT ( 'NONE',  ( 1.801895556293187983, 61.37477069597920831, 4.699999999999999289 ) ) ;
#49 = CARTESIAN_POINT ( 'NONE',  ( 11.53886748682428021, 64.88206692404349951, 4.830339399547813883 ) ) ;
#50 = ORIENTED_EDGE ( 'NONE', *, *, #1066, .T. ) ;
#51 = EDGE_LOOP ( 'NONE', ( #940, #2305, #1937, #2651 ) ) ;
#52 = EDGE_CURVE ( 'NONE', #40, #4200, #4041, .T. ) ;
#53 = CARTESIAN_POINT ( 'NONE',  ( -0.8906530579953639837, 58.03763512734094832, -0.4307194908105482223 ) ) ;
#54 = CARTESIAN_POINT ( 'NONE',  ( -10.95401035337149409, 63.50494895489654112, 4.387516607159432702 ) ) ;
#55 = CARTESIAN_POINT ( 'NONE',  ( 1.249345511932301589, 62.06888669195949859, 4.799291479546584860 ) ) ;
#56 = CARTESIAN_POINT ( 'NONE',  ( 0.7637136395024871627, 62.35672263735210663, 4.825203762905423410 ) ) ;
#57 = CARTESIAN_POINT ( 'NONE',  ( 9.007796845408135411, 63.50358303929211701, 5.707940370694280396 ) ) ;
#58 = ORIENTED_EDGE ( 'NONE', *, *, #1560, .T. ) ;
#59 = ORIENTED_EDGE ( 'NONE', *, *, #1035, .T. ) ;
#60 = VECTOR ( 'NONE', #3563, 1000.000000000000227 ) ;
#61 = DIRECTION ( 'NONE',  ( -6.483370499632256105E-16, 0.9852557743173915306, 0.1710878697460379294 ) ) ;
#62 = EDGE_CURVE ( 'NONE', #1818, #40, #1096, .T. ) ;
#63 = UNCERTAINTY_MEASURE_WITH_UNIT (LENGTH_MEASURE( 1.000000000000000082E-05 ), #3680, 'distance_accuracy_value', 'NONE');
#64 = CARTESIAN_POINT ( 'NONE',  ( 1.531865101359246806, 62.09053674911374543, 5.067852801643591754 ) ) ;
#65 = DIRECTION ( 'NONE',  ( 1.000000000000000000, 0.000000000000000000, 0.000000000000000000 ) ) ;
#66 = CARTESIAN_POINT ( 'NONE',  ( 9.007244137577101739, 63.50494895489654112, 6.999999999999999112 ) ) ;
#67 = VERTEX_POINT ( 'NONE', #853 ) ;
#68 = FACE_OUTER_BOUND ( 'NONE', #3892, .T. ) ;
#69 = CARTESIAN_POINT ( 'NONE',  ( -8.852703225113929264, 63.50494895489655534, 5.988804368059783556 ) ) ;
#70 = ORIENTED_EDGE ( 'NONE', *, *, #1327, .F. ) ;
#71 = CARTESIAN_POINT ( 'NONE',  ( 7.129689041132673211, 7.908740277588293566, -2.991259722411607758 ) ) ;
#72 = CARTESIAN_POINT ( 'NONE',  ( 1.226907848708164384, 62.08640594368128518, 4.801251105823941323 ) ) ;
#73 = CARTESIAN_POINT ( 'NONE',  ( -0.1416073373175666672, 62.50221345094572456, 4.834617933681927049 ) ) ;
#74 = CIRCLE ( 'NONE', #9, 2.000000000000000444 ) ;
#75 = EDGE_LOOP ( 'NONE', ( #1681, #4047, #3129, #3551 ) ) ;
#76 = B_SPLINE_CURVE_WITH_KNOTS ( 'NONE', 3,
 ( #1567, #3247, #2504, #2891, #4214, #3564, #292, #2915, #4236, #1273, #1834, #215, #1506 ),
 .UNSPECIFIED., .F., .F.,
 ( 4, 2, 1, 1, 1, 2, 2, 4 ),
 ( 0.000000000000000000, 0.2499999999999985567, 0.3749999999999787392, 0.4374999999999683031, 0.4687499999999630296, 0.4843749999999775735, 0.4999999999999921174, 1.000000000000000000 ),
 .UNSPECIFIED. ) ;
#77 = AXIS2_PLACEMENT_3D ( 'NONE', #2899, #3528, #3275 ) ;
#78 = DIRECTION ( 'NONE',  ( -0.1736481776669342170, -0.9848077530122073542, 0.000000000000000000 ) ) ;
#79 = CARTESIAN_POINT ( 'NONE',  ( -9.723563934081520088, 10.99999999999997158, 4.699999999999992184 ) ) ;
#80 = ADVANCED_FACE ( 'NONE', ( #542 ), #971, .F. ) ;
#81 = AXIS2_PLACEMENT_3D ( 'NONE', #2495, #4105, #4129 ) ;
#82 = ADVANCED_FACE ( 'NONE', ( #2822 ), #3079, .F. ) ;
#83 = AXIS2_PLACEMENT_3D ( 'NONE', #2425, #244, #3427 ) ;
#84 = VERTEX_POINT ( 'NONE', #2812 ) ;
#85 = CARTESIAN_POINT ( 'NONE',  ( 1.610958463759591508, 62.03373123717068438, 5.062885540837509524 ) ) ;
#86 = VECTOR ( 'NONE', #1367, 1000.000000000000000 ) ;
#87 = LINE ( 'NONE', #668, #2904 ) ;
#88 = CARTESIAN_POINT ( 'NONE',  ( 9.106453093744690364, 61.76370409853187482, 5.016808295865692102 ) ) ;
#89 = ORIENTED_EDGE ( 'NONE', *, *, #616, .F. ) ;
#90 = DIRECTION ( 'NONE',  ( 0.1736481776669342170, 0.9848077530122073542, 0.000000000000000000 ) ) ;
#91 = AXIS2_PLACEMENT_3D ( 'NONE', #4076, #3045, #133 ) ;
#92 = EDGE_LOOP ( 'NONE', ( #2887, #3999, #1131, #2835 ) ) ;
#93 = EDGE_CURVE ( 'NONE', #539, #2743, #1090, .T. ) ;
#94 = CYLINDRICAL_SURFACE ( 'NONE', #1962, 7.500000000000000000 ) ;
#95 = DIRECTION ( 'NONE',  ( -0.000000000000000000, 0.000000000000000000, -1.000000000000000000 ) ) ;
#96 = CARTESIAN_POINT ( 'NONE',  ( -7.500000000000000000, -2.683709051626839674E-14, 4.700000000000023270 ) ) ;
#97 = CARTESIAN_POINT ( 'NONE',  ( 1.447321442786847712, 61.88725590906594931, 4.772724609950974362 ) ) ;
#98 = CARTESIAN_POINT ( 'NONE',  ( 9.160580356075630704, 62.99796378467311087, 5.185054687593543932 ) ) ;
#99 = APPROVAL_DATE_TIME ( #1079, #2189 ) ;
#100 = EDGE_LOOP ( 'NONE', ( #995, #679, #3249, #2199 ) ) ;
#101 = ORIENTED_EDGE ( 'NONE', *, *, #2814, .T. ) ;
#102 = CARTESIAN_POINT ( 'NONE',  ( -8.600009667328029295, 63.46186691151585535, 6.586106414907841433 ) ) ;
#103 = DIRECTION ( 'NONE',  ( -0.000000000000000000, -1.000000000000000000, -0.000000000000000000 ) ) ;
#104 = FACE_OUTER_BOUND ( 'NONE', #3359, .T. ) ;
#105 = VERTEX_POINT ( 'NONE', #769 ) ;
#106 = ORIENTED_EDGE ( 'NONE', *, *, #978, .T. ) ;
#107 = EDGE_CURVE ( 'NONE', #505, #1023, #131, .T. ) ;
#108 = CARTESIAN_POINT ( 'NONE',  ( 11.00000000000000178, 63.50494895489654112, 18.00000000000000355 ) ) ;
#109 = CARTESIAN_POINT ( 'NONE',  ( -1.577810665851494321, 61.73615660613760525, 4.737758157890510802 ) ) ;
#110 = CARTESIAN_POINT ( 'NONE',  ( -1.718080249202687870, 61.53460953151508761, 4.705739667590065345 ) ) ;
#111 = ORIENTED_EDGE ( 'NONE', *, *, #663, .F. ) ;
#112 = CIRCLE ( 'NONE', #3692, 20.00000000000001776 ) ;
#113 = CARTESIAN_POINT ( 'NONE',  ( 9.396843152520208520, 61.88326393018433436, 4.723141478501850621 ) ) ;
#114 = VERTEX_POINT ( 'NONE', #1752 ) ;
#115 = CARTESIAN_POINT ( 'NONE',  ( 10.52059975937513769, 64.88206692404348530, 4.411195948336549044 ) ) ;
#116 = CARTESIAN_POINT ( 'NONE',  ( -8.998127716406601806, 63.50494895489652691, 12.31176876537979759 ) ) ;
#117 = LINE ( 'NONE', #3390, #3213 ) ;
#118 = CARTESIAN_POINT ( 'NONE',  ( 0.4590907509464754455, 62.45384294026690242, 4.831663850959815321 ) ) ;
#119 = LINE ( 'NONE', #2092, #584 ) ;
#120 = ORIENTED_EDGE ( 'NONE', *, *, #3204, .F. ) ;
#121 = VERTEX_POINT ( 'NONE', #2121 ) ;
#122 = CARTESIAN_POINT ( 'NONE',  ( -19.59767428494293640, 3.455598735571992819, 0.000000000000000000 ) ) ;
#123 = CARTESIAN_POINT ( 'NONE',  ( 7.398127716406569299, 64.88206692404349951, 12.31176876537974962 ) ) ;
#124 = CARTESIAN_POINT ( 'NONE',  ( -9.260110571832232296, 62.59806621238857360, 4.941008205034263412 ) ) ;
#125 = ORIENTED_EDGE ( 'NONE', *, *, #3101, .F. ) ;
#126 = ADVANCED_FACE ( 'NONE', ( #3122 ), #633, .F. ) ;
#127 = EDGE_CURVE ( 'NONE', #1043, #1017, #3441, .T. ) ;
#128 = ADVANCED_FACE ( 'NONE', ( #791 ), #3243, .F. ) ;
#129 = CIRCLE ( 'NONE', #3073, 1.600000000000002531 ) ;
#130 = VERTEX_POINT ( 'NONE', #3094 ) ;
#131 = LINE ( 'NONE', #2420, #3718 ) ;
#132 = DIRECTION ( 'NONE',  ( 0.1736481776669344668, -0.9848077530122072432, 0.000000000000000000 ) ) ;
#133 = DIRECTION ( 'NONE',  ( 1.000000000000000000, 0.000000000000000000, 0.000000000000000000 ) ) ;
#134 = LINE ( 'NONE', #3507, #3594 ) ;
#135 = CARTESIAN_POINT ( 'NONE',  ( -8.200424016252897630, 10.99999999999997158, 0.1000000000000028505 ) ) ;
#136 = EDGE_LOOP ( 'NONE', ( #3813, #120, #439, #2981, #4018 ) ) ;
#137 = FACE_OUTER_BOUND ( 'NONE', #3169, .T. ) ;
#138 = ORIENTED_EDGE ( 'NONE', *, *, #2843, .T. ) ;
#139 = CARTESIAN_POINT ( 'NONE',  ( -10.14869489359782762, 64.88206692404348530, 4.175164317782430246 ) ) ;
#140 = DIRECTION ( 'NONE',  ( -0.000000000000000000, -0.000000000000000000, -1.000000000000000000 ) ) ;
#141 = DIRECTION ( 'NONE',  ( -1.000000000000000000, 0.000000000000000000, 0.000000000000000000 ) ) ;
#142 = CARTESIAN_POINT ( 'NONE',  ( -1.507117203464065636, 61.82167711110390229, 4.758156287179708954 ) ) ;
#143 = EDGE_CURVE ( 'NONE', #1849, #1482, #2536, .T. ) ;
#144 = VERTEX_POINT ( 'NONE', #4128 ) ;
#145 = VERTEX_POINT ( 'NONE', #455 ) ;
#146 = DIRECTION ( 'NONE',  ( -1.000000000000000000, 0.000000000000000000, 0.000000000000000000 ) ) ;
#147 = DIRECTION ( 'NONE',  ( -0.000000000000000000, -0.000000000000000000, -1.000000000000000000 ) ) ;
#148 = DIRECTION ( 'NONE',  ( -0.000000000000000000, -0.000000000000000000, 1.000000000000000000 ) ) ;
#149 = ORIENTED_EDGE ( 'NONE', *, *, #3220, .T. ) ;
#150 = EDGE_CURVE ( 'NONE', #1443, #3414, #1172, .T. ) ;
#151 = CIRCLE ( 'NONE', #3383, 1.700000000000010614 ) ;
#152 = ORIENTED_EDGE ( 'NONE', *, *, #2967, .T. ) ;
#153 = CARTESIAN_POINT ( 'NONE',  ( -8.686901710920531983, 63.25313621706750666, 6.028131127185809568 ) ) ;
#154 = FACE_OUTER_BOUND ( 'NONE', #2673, .T. ) ;
#155 = B_SPLINE_CURVE_WITH_KNOTS ( 'NONE', 1,
 ( #2362, #3294 ),
 .UNSPECIFIED., .F., .F.,
 ( 2, 2 ),
 ( 0.000000000000000000, 1.000000000000000000 ),
 .UNSPECIFIED. ) ;
#156 = DIRECTION ( 'NONE',  ( 0.000000000000000000, 0.000000000000000000, 1.000000000000000000 ) ) ;
#157 = PLANE ( 'NONE',  #1523 ) ;
#158 = VECTOR ( 'NONE', #245, 1000.000000000000000 ) ;
#159 = AXIS2_PLACEMENT_3D ( 'NONE', #910, #4054, #1537 ) ;
#160 = CARTESIAN_POINT ( 'NONE',  ( 8.998127716406562726, 78.50494895489653402, 12.31176876537974962 ) ) ;
#161 = DIRECTION ( 'NONE',  ( 1.000000000000000000, 5.337610695313253357E-16, -0.000000000000000000 ) ) ;
#162 = EDGE_LOOP ( 'NONE', ( #1380, #3540, #3911, #4140 ) ) ;
#163 = ADVANCED_FACE ( 'NONE', ( #534 ), #3442, .F. ) ;
#164 = ORIENTED_EDGE ( 'NONE', *, *, #2312, .F. ) ;
#165 = DIRECTION ( 'NONE',  ( -0.000000000000000000, -0.000000000000000000, 1.000000000000000000 ) ) ;
#166 = CARTESIAN_POINT ( 'NONE',  ( -8.445615177521679229, 64.88206692404348530, 1.442034345221925751 ) ) ;
#167 = DIRECTION ( 'NONE',  ( 8.673617379884027583E-16, -1.000000000000000000, 0.000000000000000000 ) ) ;
#168 = ADVANCED_FACE ( 'NONE', ( #154 ), #1158, .F. ) ;
#169 = FACE_OUTER_BOUND ( 'NONE', #1097, .T. ) ;
#170 = CARTESIAN_POINT ( 'NONE',  ( 1.478677242537254521, 62.12842609619032430, 5.070415134759721276 ) ) ;
#171 = VECTOR ( 'NONE', #2154, 1000.000000000000114 ) ;
#172 = CARTESIAN_POINT ( 'NONE',  ( 8.801762516378808243, 62.94498649431979942, 5.610940202985358560 ) ) ;
#173 = CC_DESIGN_PERSON_AND_ORGANIZATION_ASSIGNMENT ( #1216, #174, ( #1262 ) ) ;
#174 = PERSON_AND_ORGANIZATION_ROLE ( 'creator' ) ;
#175 = VERTEX_POINT ( 'NONE', #2883 ) ;
#176 = AXIS2_PLACEMENT_3D ( 'NONE', #3367, #438, #1436 ) ;
#177 = LOCAL_TIME ( 19, 46, 37.00000000000000000, #859 ) ;
#178 = CARTESIAN_POINT ( 'NONE',  ( -8.622425019372743193, 63.40972743197502126, 6.389546314808529637 ) ) ;
#179 = CYLINDRICAL_SURFACE ( 'NONE', #1366, 2.000000000000000444 ) ;
#180 = CARTESIAN_POINT ( 'NONE',  ( 11.51136840878363188, 65.09521593551170326, 4.845494749143980151 ) ) ;
#181 = CARTESIAN_POINT ( 'NONE',  ( -8.889524272547731698, 63.83784403004722208, 6.426612133077897582 ) ) ;
#182 = DIRECTION ( 'NONE',  ( -0.000000000000000000, -0.000000000000000000, 1.000000000000000000 ) ) ;
#183 = EDGE_CURVE ( 'NONE', #3172, #3387, #572, .T. ) ;
#184 = CARTESIAN_POINT ( 'NONE',  ( -8.820972973309284981, 62.88846453832908168, 5.555708244170025623 ) ) ;
#185 = DIRECTION ( 'NONE',  ( 0.6963642403199761244, 0.1227878039689682954, 0.7071067811865905384 ) ) ;
#186 = CARTESIAN_POINT ( 'NONE',  ( 0.1194538224334635301, 58.26082269226262156, 4.948553636817534240 ) ) ;
#187 = VECTOR ( 'NONE', #476, 1000.000000000000114 ) ;
#188 = CARTESIAN_POINT ( 'NONE',  ( -1.862743069539209539, 61.81364857378798661, 5.022544797738870415 ) ) ;
#189 = VERTEX_POINT ( 'NONE', #3236 ) ;
#190 = LINE ( 'NONE', #2500, #3191 ) ;
#191 = VERTEX_POINT ( 'NONE', #4245 ) ;
#192 = CARTESIAN_POINT ( 'NONE',  ( -8.424767174428213323, 64.88206692404348530, 1.000000000000000000 ) ) ;
#193 = DIRECTION ( 'NONE',  ( -1.000000000000000000, 0.000000000000000000, 0.000000000000000000 ) ) ;
#194 = LINE ( 'NONE', #3712, #3840 ) ;
#195 = VECTOR ( 'NONE', #709, 1000.000000000000114 ) ;
#196 = CARTESIAN_POINT ( 'NONE',  ( 0.3794214811725691305, 62.60589937196971277, 5.082000824056190247 ) ) ;
#197 = CARTESIAN_POINT ( 'NONE',  ( 9.030794231275175221, 62.13681007596287742, 5.098938322087851027 ) ) ;
#198 = ORIENTED_EDGE ( 'NONE', *, *, #767, .T. ) ;
#199 = ORIENTED_EDGE ( 'NONE', *, *, #1844, .F. ) ;
#200 = CARTESIAN_POINT ( 'NONE',  ( 12.10000000000001030, 2.326828918379723367E-16, 5.000000000000000000 ) ) ;
#201 = CARTESIAN_POINT ( 'NONE',  ( 1.284247211982853775E-15, 60.50691563653041527, 0.09999999999999333034 ) ) ;
#202 = CARTESIAN_POINT ( 'NONE',  ( 11.64107183606404838, 64.03993832963166710, 4.770124322771266634 ) ) ;
#203 = VERTEX_POINT ( 'NONE', #284 ) ;
#204 = DIRECTION ( 'NONE',  ( -0.000000000000000000, -0.000000000000000000, 1.000000000000000000 ) ) ;
#205 = CARTESIAN_POINT ( 'NONE',  ( -8.898288323529927268, 62.64528322163881313, 5.356874900090079272 ) ) ;
#206 = CARTESIAN_POINT ( 'NONE',  ( -1.589910748864457712, 63.50494895489652691, 6.999999994316992158 ) ) ;
#207 = CARTESIAN_POINT ( 'NONE',  ( 8.200424016252915393, 10.89999999999995239, 0.000000000000000000 ) ) ;
#208 = EDGE_CURVE ( 'NONE', #1123, #3151, #3947, .T. ) ;
#209 = LINE ( 'NONE', #4110, #3670 ) ;
#210 = VERTEX_POINT ( 'NONE', #3555 ) ;
#211 = DIRECTION ( 'NONE',  ( 0.1736481776669342170, 0.9848077530122073542, 0.000000000000000000 ) ) ;
#212 = VERTEX_POINT ( 'NONE', #3596 ) ;
#213 = LINE ( 'NONE', #3223, #3071 ) ;
#214 = DIRECTION ( 'NONE',  ( -1.000000000000000000, 0.000000000000000000, 0.000000000000000000 ) ) ;
#215 = CARTESIAN_POINT ( 'NONE',  ( -9.135214038489875676, 61.62186744900731838, 4.999999999999998224 ) ) ;
#216 = CARTESIAN_POINT ( 'NONE',  ( -0.3045593556016499281, 62.61690668703177920, 5.082075736101579366 ) ) ;
#217 = CARTESIAN_POINT ( 'NONE',  ( 8.579641871254672481, 63.50831059126799261, 7.016212900303466782 ) ) ;
#218 = DATE_AND_TIME ( #2854, #1458 ) ;
#219 = EDGE_LOOP ( 'NONE', ( #1369, #4101, #2178, #1817 ) ) ;
#220 = FACE_OUTER_BOUND ( 'NONE', #3309, .T. ) ;
#221 = DIRECTION ( 'NONE',  ( 0.7071067811865766606, 8.659560562355289078E-17, -0.7071067811865182628 ) ) ;
#222 = CARTESIAN_POINT ( 'NONE',  ( 11.57983787148086385, 64.57402467097298882, 4.808454514795866608 ) ) ;
#223 = AXIS2_PLACEMENT_3D ( 'NONE', #2392, #509, #2470 ) ;
#224 = CARTESIAN_POINT ( 'NONE',  ( -8.671382474724703471, 63.29176665497082865, 6.101400467792668536 ) ) ;
#225 = CARTESIAN_POINT ( 'NONE',  ( -1.160687949430048826, 63.50494895489652691, 6.946997861486957859 ) ) ;
#226 = LINE ( 'NONE', #3965, #2693 ) ;
#227 = VECTOR ( 'NONE', #2357, 1000.000000000000000 ) ;
#228 = LINE ( 'NONE', #3578, #2281 ) ;
#229 = ORIENTED_EDGE ( 'NONE', *, *, #4174, .F. ) ;
#230 = CARTESIAN_POINT ( 'NONE',  ( 7.600000000000024514, -2.682484404827692260E-14, 0.000000000000000000 ) ) ;
#231 = ORIENTED_EDGE ( 'NONE', *, *, #1362, .T. ) ;
#232 = CARTESIAN_POINT ( 'NONE',  ( -9.123345239070337342, 61.68039901976268879, 4.999971629182177857 ) ) ;
#233 = CARTESIAN_POINT ( 'NONE',  ( 1.523139917828622236, 57.50691563653040106, 0.1000000000000167560 ) ) ;
#234 = CARTESIAN_POINT ( 'NONE',  ( -0.6409529793131729658, 62.54660343005101453, 5.081516580669998895 ) ) ;
#235 = VERTEX_POINT ( 'NONE', #3533 ) ;
#236 = CARTESIAN_POINT ( 'NONE',  ( 8.829233099187076661, 62.86423143358342713, 5.531822068681943705 ) ) ;
#237 = ORIENTED_EDGE ( 'NONE', *, *, #3180, .F. ) ;
#238 = AXIS2_PLACEMENT_3D ( 'NONE', #2372, #2794, #4130 ) ;
#239 = VECTOR ( 'NONE', #624, 1000.000000000000000 ) ;
#240 = CARTESIAN_POINT ( 'NONE',  ( 9.158922306303750815, 61.50494895489653402, 5.000000000000000000 ) ) ;
#241 = ORIENTED_EDGE ( 'NONE', *, *, #3278, .F. ) ;
#242 = APPROVAL_PERSON_ORGANIZATION ( #3653, #2189, #2998 ) ;
#243 = B_SPLINE_CURVE_WITH_KNOTS ( 'NONE', 3,
 ( #49, #2035, #1349, #2682 ),
 .UNSPECIFIED., .F., .F.,
 ( 4, 4 ),
 ( 0.003485103548275493394, 0.004872600563862804907 ),
 .UNSPECIFIED. ) ;
#244 = DIRECTION ( 'NONE',  ( 1.061766890363825891E-16, -1.000000000000000000, 0.000000000000000000 ) ) ;
#245 = DIRECTION ( 'NONE',  ( -1.000000000000000000, 4.263446390183754050E-16, 0.000000000000000000 ) ) ;
#246 = DIRECTION ( 'NONE',  ( 0.1736481776669343280, -0.9848077530122072432, 0.000000000000000000 ) ) ;
#247 = B_SPLINE_CURVE_WITH_KNOTS ( 'NONE', 3,
 ( #2429, #1736, #3758, #751, #1392, #800, #1787, #3731, #113, #4112, #3102, #3430, #493, #4059, #2777, #1056, #1095, #2341 ),
 .UNSPECIFIED., .F., .F.,
 ( 4, 2, 2, 2, 2, 2, 2, 2, 4 ),
 ( 0.000000000000000000, 0.1250000000000000000, 0.2500000000000000000, 0.3750000000000000000, 0.5000000000000000000, 0.6250000000000000000, 0.7500000000000000000, 0.8750000000000000000, 1.000000000000000000 ),
 .UNSPECIFIED. ) ;
#248 = EDGE_CURVE ( 'NONE', #121, #1170, #1241, .T. ) ;
#249 = DIRECTION ( 'NONE',  ( 0.000000000000000000, 0.000000000000000000, 1.000000000000000000 ) ) ;
#250 = ORIENTED_EDGE ( 'NONE', *, *, #3624, .F. ) ;
#251 = CARTESIAN_POINT ( 'NONE',  ( -9.357562388389812469, 62.10603621365770977, 4.766320139196821515 ) ) ;
#252 = ORIENTED_EDGE ( 'NONE', *, *, #2545, .F. ) ;
#253 = ORIENTED_EDGE ( 'NONE', *, *, #489, .T. ) ;
#254 = CARTESIAN_POINT ( 'NONE',  ( -9.053420755240097151, 62.02523506662587494, 5.068859828510223764 ) ) ;
#255 = DIRECTION ( 'NONE',  ( -0.000000000000000000, -0.000000000000000000, -1.000000000000000000 ) ) ;
#256 =( BOUNDED_SURFACE ( )  B_SPLINE_SURFACE ( 3, 2, ( 
 ( #4164, #551, #3118 ),
 ( #202, #1199, #530 ),
 ( #222, #567, #2168 ),
 ( #180, #810, #1839 ) ),
 .UNSPECIFIED., .F., .F., .T. ) 
 B_SPLINE_SURFACE_WITH_KNOTS ( ( 4, 4 ),
 ( 3, 3 ),
 ( 0.004662128956621667923, 0.006238577917965194668 ),
 ( 0.000000000000000000, 1.000000000000000000 ),
 .UNSPECIFIED. ) 
 GEOMETRIC_REPRESENTATION_ITEM ( )  RATIONAL_B_SPLINE_SURFACE ( (
 ( 1.000000000000000000, 0.8202016131405357457, 1.000000000000000000),
 ( 1.000000000000000000, 0.8126059103079124046, 1.000000000000000000),
 ( 1.000000000000000000, 0.8031678587813773085, 1.000000000000000000),
 ( 1.000000000000000000, 0.7923648794563699083, 1.000000000000000000) ) ) 
 REPRESENTATION_ITEM ( '' )  SURFACE ( )  );
#257 = CARTESIAN_POINT ( 'NONE',  ( 8.910329661453431527, 62.59271755293062256, 5.324755745024037701 ) ) ;
#258 = ORIENTED_EDGE ( 'NONE', *, *, #2395, .T. ) ;
#259 = AXIS2_PLACEMENT_3D ( 'NONE', #3035, #4115, #2709 ) ;
#260 = CARTESIAN_POINT ( 'NONE',  ( -8.998127716406601806, 63.50494895489652691, 12.31176876537979759 ) ) ;
#261 = DIRECTION ( 'NONE',  ( -0.6963642403200044351, 0.1227878039689730971, -0.7071067811865617836 ) ) ;
#262 = ORIENTED_EDGE ( 'NONE', *, *, #2306, .T. ) ;
#263 = VECTOR ( 'NONE', #835, 1000.000000000000000 ) ;
#264 = ORIENTED_EDGE ( 'NONE', *, *, #570, .F. ) ;
#265 = CYLINDRICAL_SURFACE ( 'NONE', #159, 1.600000000000002531 ) ;
#266 = CARTESIAN_POINT ( 'NONE',  ( -15.89999999999998970, 2.326828918379969886E-16, 5.000000000000000000 ) ) ;
#267 = ORIENTED_EDGE ( 'NONE', *, *, #3967, .T. ) ;
#268 = DIRECTION ( 'NONE',  ( 1.000000000000000000, 0.000000000000000000, 0.000000000000000000 ) ) ;
#269 = EDGE_CURVE ( 'NONE', #235, #2084, #3313, .T. ) ;
#270 = DIRECTION ( 'NONE',  ( -1.000000000000000000, 0.000000000000000000, 0.000000000000000000 ) ) ;
#271 = ORIENTED_EDGE ( 'NONE', *, *, #3646, .T. ) ;
#272 = CARTESIAN_POINT ( 'NONE',  ( -9.392493337901369088, 61.90793295475084790, 4.726777608125628305 ) ) ;
#273 = VERTEX_POINT ( 'NONE', #3925 ) ;
#274 = DIRECTION ( 'NONE',  ( -7.507825682155563262E-17, 0.7071067811864923947, -0.7071067811866027508 ) ) ;
#275 = FACE_OUTER_BOUND ( 'NONE', #1173, .T. ) ;
#276 = DIRECTION ( 'NONE',  ( 0.000000000000000000, 0.000000000000000000, 1.000000000000000000 ) ) ;
#277 = DIRECTION ( 'NONE',  ( 5.337610695313253357E-16, -1.000000000000000000, -0.000000000000000000 ) ) ;
#278 = EDGE_LOOP ( 'NONE', ( #383, #2725, #1164, #3970 ) ) ;
#279 = CARTESIAN_POINT ( 'NONE',  ( 0.000000000000000000, -2.775557561562891351E-14, 5.000000000000000000 ) ) ;
#280 = CYLINDRICAL_SURFACE ( 'NONE', #77, 2.000000000000001776 ) ;
#281 = ORIENTED_EDGE ( 'NONE', *, *, #3424, .T. ) ;
#282 = ORIENTED_EDGE ( 'NONE', *, *, #1637, .F. ) ;
#283 = CARTESIAN_POINT ( 'NONE',  ( 8.581128701846134632, 63.50494895489654112, 6.999999999999999112 ) ) ;
#284 = CARTESIAN_POINT ( 'NONE',  ( -12.99999999999999822, 64.88206692404348530, 6.767253565835212648 ) ) ;
#285 = CARTESIAN_POINT ( 'NONE',  ( -0.1482644810105482047, 63.50494895489652691, 5.674399393974909778 ) ) ;
#286 = AXIS2_PLACEMENT_3D ( 'NONE', #2412, #2387, #3462 ) ;
#287 = CARTESIAN_POINT ( 'NONE',  ( 8.249255724207536389, 65.20560181710311554, 5.900768875164806637 ) ) ;
#288 = CARTESIAN_POINT ( 'NONE',  ( 8.424767174428209771, 64.88206692404348530, 5.000000000000000000 ) ) ;
#289 = ORIENTED_EDGE ( 'NONE', *, *, #2959, .F. ) ;
#290 = DIRECTION ( 'NONE',  ( 1.000000000000000000, 1.061766890363825891E-16, 0.000000000000000000 ) ) ;
#291 = LINE ( 'NONE', #1504, #2531 ) ;
#292 = CARTESIAN_POINT ( 'NONE',  ( -9.101453907663891840, 61.78835860131156466, 5.020166054996000327 ) ) ;
#293 = CARTESIAN_POINT ( 'NONE',  ( -1.597568705358734853, 62.04326713687425610, 5.063897570186528974 ) ) ;
#294 = CARTESIAN_POINT ( 'NONE',  ( 8.577971268099112478, 63.50171135183954618, 6.900414311806539303 ) ) ;
#295 = CARTESIAN_POINT ( 'NONE',  ( 6.551345267576813667E-15, 10.89999999999995062, 0.000000000000000000 ) ) ;
#296 = VECTOR ( 'NONE', #2672, 1000.000000000000114 ) ;
#297 = VERTEX_POINT ( 'NONE', #1401 ) ;
#298 = ADVANCED_FACE ( 'NONE', ( #2961 ), #2027, .T. ) ;
#299 = CARTESIAN_POINT ( 'NONE',  ( -9.592191533698715133, 64.88206692404348530, 13.81118104337658892 ) ) ;
#300 = CARTESIAN_POINT ( 'NONE',  ( -12.30596962092477042, 64.88206692404348530, 5.228243172041175946 ) ) ;
#301 = ORIENTED_EDGE ( 'NONE', *, *, #617, .F. ) ;
#302 = CIRCLE ( 'NONE', #2686, 1.599999999999998979 ) ;
#303 = EDGE_CURVE ( 'NONE', #2084, #3654, #2368, .T. ) ;
#304 = CARTESIAN_POINT ( 'NONE',  ( 8.720530472868032845, 63.16713940713979270, 5.887384689339377530 ) ) ;
#305 = CARTESIAN_POINT ( 'NONE',  ( 1.618681371249723888, 63.50494895489651981, 5.314829704036403868 ) ) ;
#306 = VECTOR ( 'NONE', #1584, 1000.000000000000000 ) ;
#307 = CARTESIAN_POINT ( 'NONE',  ( 7.901071097139916510, 65.77086185838842880, 5.332360620699871490 ) ) ;
#308 = CARTESIAN_POINT ( 'NONE',  ( -1.723141480872332876, 61.95776846709512853, 5.051926261232011051 ) ) ;
#309 = ORIENTED_EDGE ( 'NONE', *, *, #597, .F. ) ;
#310 = CARTESIAN_POINT ( 'NONE',  ( -8.710985928462893213, 63.19201672945000325, 5.924332800610405236 ) ) ;
#311 = CARTESIAN_POINT ( 'NONE',  ( -1.528369865649638504, 62.09303130301556450, 5.068022827089610161 ) ) ;
#312 = FACE_OUTER_BOUND ( 'NONE', #3922, .T. ) ;
#313 = DIRECTION ( 'NONE',  ( -1.000000000000000000, -1.061766890363825891E-16, 0.000000000000000000 ) ) ;
#314 = ORIENTED_EDGE ( 'NONE', *, *, #1532, .T. ) ;
#315 = DIRECTION ( 'NONE',  ( -1.000000000000000000, -5.337610695313253357E-16, 0.000000000000000000 ) ) ;
#316 = LINE ( 'NONE', #627, #837 ) ;
#317 = CARTESIAN_POINT ( 'NONE',  ( -12.46258379553437123, 64.88206692404348530, 5.378117401026861977 ) ) ;
#318 = ORIENTED_EDGE ( 'NONE', *, *, #3478, .F. ) ;
#319 = CARTESIAN_POINT ( 'NONE',  ( 8.798565642943023235, 62.95383783051118343, 5.621232255599505123 ) ) ;
#320 = B_SPLINE_SURFACE_WITH_KNOTS ( 'NONE', 1, 3, ( 
 ( #1404, #2718, #1087, #124, #2073, #1749, #2741, #2209, #3207, #3184, #2836, #1239, #1553, #3529, #2880, #2512, #812, #1156, #3837, #3160, #2120, #506, #1803, #864, #1535, #3119, #181, #2789, #2147, #1492, #1283, #2901, #1956, #340 ),
 ( #2979, #38, #4222, #3901, #3257, #1292, #639, #2602, #2932, #1607, #1928, #3270, #4253, #961, #2258, #3582, #310, #808, #2142, #3789, #4121, #3061, #1424, #178, #2762, #1799, #2808, #4048, #102, #3136, #1467, #3437, #449, #1745 ) ),
 .UNSPECIFIED., .F., .F., .F.,
 ( 2, 2 ),
 ( 4, 2, 2, 2, 2, 2, 2, 2, 2, 2, 2, 2, 2, 2, 2, 2, 4 ),
 ( 0.000000000000000000, 1.000000000000000000 ),
 ( 0.000000000000000000, 0.0003985536056595128892, 0.0005978304084892693609, 0.0007971072113190257784, 0.0009963840141487823043, 0.001195660816978538722, 0.001394937619808295139, 0.001594214422638051557, 0.001793491225467807974, 0.001992768028297564609, 0.002192044831127321243, 0.002291683232542199126, 0.002391321633957077444, 0.002490960035371955761, 0.002590598436786833644, 0.002789875239616590279, 0.003188428845276103114 ),
 .UNSPECIFIED. ) ;
#321 = CARTESIAN_POINT ( 'NONE',  ( 0.000000000000000000, -2.775557561562891351E-14, 0.1000000000000011297 ) ) ;
#322 = CARTESIAN_POINT ( 'NONE',  ( -0.7336827956759643943, 63.50494895489652691, 6.850210690933354662 ) ) ;
#323 = VECTOR ( 'NONE', #3055, 1000.000000000000000 ) ;
#324 = CARTESIAN_POINT ( 'NONE',  ( 1.653860412050100814, 62.00345995247823794, 5.059384874852966618 ) ) ;
#325 = ADVANCED_FACE ( 'NONE', ( #1981 ), #2167, .T. ) ;
#326 = CARTESIAN_POINT ( 'NONE',  ( 8.850266745296151427, 62.79989935175110816, 5.475588402292537182 ) ) ;
#327 = CARTESIAN_POINT ( 'NONE',  ( 9.158922306303750815, 61.50494895489653402, 5.000000000000000000 ) ) ;
#328 = CARTESIAN_POINT ( 'NONE',  ( -13.00000000000000000, 63.50494895489654112, 6.418107868157143514 ) ) ;
#329 = DIRECTION ( 'NONE',  ( 3.014711853724239742E-16, 0.7071067811865475727, 0.7071067811865475727 ) ) ;
#330 = FACE_OUTER_BOUND ( 'NONE', #3685, .T. ) ;
#331 = LINE ( 'NONE', #1689, #3517 ) ;
#332 = CARTESIAN_POINT ( 'NONE',  ( 8.586129606317571827, 63.48319527351484481, 6.728647875219065710 ) ) ;
#333 = CARTESIAN_POINT ( 'NONE',  ( 7.398127716406571963, 63.50494895489652691, 12.31176876537974962 ) ) ;
#334 = CIRCLE ( 'NONE', #3001, 2.099999999999976996 ) ;
#335 = ADVANCED_FACE ( 'NONE', ( #2070 ), #1788, .F. ) ;
#336 = ORIENTED_EDGE ( 'NONE', *, *, #2440, .F. ) ;
#337 = LINE ( 'NONE', #4019, #796 ) ;
#338 = DIRECTION ( 'NONE',  ( 0.6963642403200134279, 0.1227878039689787038, 0.7071067811865519026 ) ) ;
#339 = CARTESIAN_POINT ( 'NONE',  ( 1.501277480345142301, 61.82837121562287308, 4.759920616588263265 ) ) ;
#340 = CARTESIAN_POINT ( 'NONE',  ( -8.863188899641878393, 63.90728815453714162, 7.153369368294875130 ) ) ;
#341 = CARTESIAN_POINT ( 'NONE',  ( 1.284247211982853775E-15, 60.50691563653041527, 5.000000000000000000 ) ) ;
#342 = VERTEX_POINT ( 'NONE', #123 ) ;
#343 = CARTESIAN_POINT ( 'NONE',  ( -0.5915772965332428690, 63.50494895489652691, 6.812927411882429674 ) ) ;
#344 = EDGE_LOOP ( 'NONE', ( #264, #2859, #1270, #199 ) ) ;
#345 = EDGE_CURVE ( 'NONE', #492, #1064, #3417, .T. ) ;
#346 = EDGE_CURVE ( 'NONE', #682, #1064, #4123, .T. ) ;
#347 = CARTESIAN_POINT ( 'NONE',  ( 1.498253164027684825, 62.11446022474847695, 5.069451967379510648 ) ) ;
#348 = CARTESIAN_POINT ( 'NONE',  ( 8.940659841475969927, 62.49764461832899087, 5.263583017902671024 ) ) ;
#349 = DIRECTION ( 'NONE',  ( -0.000000000000000000, -0.000000000000000000, -1.000000000000000000 ) ) ;
#350 = DIRECTION ( 'NONE',  ( 1.000000000000000000, 5.337610695313253357E-16, -2.537033083616054816E-14 ) ) ;
#351 = CARTESIAN_POINT ( 'NONE',  ( 9.107212041600201147, 61.75996191779782407, 5.016323628094242260 ) ) ;
#352 = CARTESIAN_POINT ( 'NONE',  ( -9.053420755240100704, 62.10327798338528993, 5.000000000000000000 ) ) ;
#353 = CARTESIAN_POINT ( 'NONE',  ( -8.581128701846141738, 63.50494895489652691, 6.999999999999999112 ) ) ;
#354 = AXIS2_PLACEMENT_3D ( 'NONE', #4151, #1434, #1785 ) ;
#355 = ORIENTED_EDGE ( 'NONE', *, *, #3358, .F. ) ;
#356 = ADVANCED_FACE ( 'NONE', ( #477 ), #3492, .T. ) ;
#357 = DIRECTION ( 'NONE',  ( -0.1736481776669342447, -0.9848077530122073542, 0.000000000000000000 ) ) ;
#358 = CARTESIAN_POINT ( 'NONE',  ( -0.3902416273894397936, 62.46855239146488969, 4.832579508945055835 ) ) ;
#359 = CARTESIAN_POINT ( 'NONE',  ( -1.371335783809451092, 61.96285304436348440, 4.785432200068585828 ) ) ;
#360 = CARTESIAN_POINT ( 'NONE',  ( -10.59812771640660145, 63.50494895489652691, 12.31176876537979759 ) ) ;
#361 = EDGE_LOOP ( 'NONE', ( #11, #1700 ) ) ;
#362 = CIRCLE ( 'NONE', #513, 2.300000000000010036 ) ;
#363 = VECTOR ( 'NONE', #3912, 1000.000000000000000 ) ;
#364 = DIRECTION ( 'NONE',  ( 5.337610695313253357E-16, -1.000000000000000000, -0.000000000000000000 ) ) ;
#365 = PLANE ( 'NONE',  #3098 ) ;
#366 = VECTOR ( 'NONE', #487, 1000.000000000000000 ) ;
#367 = VECTOR ( 'NONE', #923, 1000.000000000000000 ) ;
#368 = CARTESIAN_POINT ( 'NONE',  ( 1.608260130502824126, 62.03565954550978745, 5.063082272604340517 ) ) ;
#369 = EDGE_CURVE ( 'NONE', #1737, #3860, #3770, .T. ) ;
#370 = DIRECTION ( 'NONE',  ( -1.000000000000000000, -1.061766890363825891E-16, 0.000000000000000000 ) ) ;
#371 = CARTESIAN_POINT ( 'NONE',  ( 1.565861887820310328, 61.75432776985451966, 4.740403837004016907 ) ) ;
#372 = CARTESIAN_POINT ( 'NONE',  ( 9.123407760841020675, 61.68012869666247866, 5.007566056093743612 ) ) ;
#373 = DIRECTION ( 'NONE',  ( 0.7071067811865444641, 0.000000000000000000, 0.7071067811865505703 ) ) ;
#374 = CARTESIAN_POINT ( 'NONE',  ( 2.451776518811672643E-14, 57.50691563653040816, 0.000000000000000000 ) ) ;
#375 = ORIENTED_EDGE ( 'NONE', *, *, #547, .T. ) ;
#376 = CARTESIAN_POINT ( 'NONE',  ( -8.424767174428213323, 64.88206692404348530, 6.999999999999999112 ) ) ;
#377 = CARTESIAN_POINT ( 'NONE',  ( -11.31068948628479554, 63.50494895489654112, 4.581644214111235236 ) ) ;
#378 = CARTESIAN_POINT ( 'NONE',  ( 1.336128413699712469, 61.99545099124485859, 4.790140878235664701 ) ) ;
#379 = CARTESIAN_POINT ( 'NONE',  ( 1.372029416922158296, 61.96219843036382713, 4.785334438252084155 ) ) ;
#380 = CARTESIAN_POINT ( 'NONE',  ( 0.000000000000000000, 0.000000000000000000, 0.000000000000000000 ) ) ;
#381 = ORIENTED_EDGE ( 'NONE', *, *, #933, .T. ) ;
#382 = ADVANCED_FACE ( 'NONE', ( #809, #2809, #786 ), #3438, .F. ) ;
#383 = ORIENTED_EDGE ( 'NONE', *, *, #10, .F. ) ;
#384 = CARTESIAN_POINT ( 'NONE',  ( -15.59999999999999432, 1.959434878635766463E-16, 4.700000000000013500 ) ) ;
#385 = EDGE_LOOP ( 'NONE', ( #3396, #3093, #3766, #1605 ) ) ;
#386 = DIRECTION ( 'NONE',  ( 1.000000000000000000, 0.000000000000000000, 0.000000000000000000 ) ) ;
#387 = CARTESIAN_POINT ( 'NONE',  ( 0.8662941036232991721, 62.46921290349568778, 5.080638207243464599 ) ) ;
#388 = CARTESIAN_POINT ( 'NONE',  ( -9.769885813337452873, 78.50494895489653402, 13.71333554574442815 ) ) ;
#389 = DIRECTION ( 'NONE',  ( 1.000000000000000000, -4.263446390183754050E-16, 0.000000000000000000 ) ) ;
#390 = VERTEX_POINT ( 'NONE', #529 ) ;
#391 = DIRECTION ( 'NONE',  ( 0.000000000000000000, 0.000000000000000000, 1.000000000000000000 ) ) ;
#392 = CARTESIAN_POINT ( 'NONE',  ( -8.975724995830866249, 63.50494895489652691, 5.763708541610848002 ) ) ;
#393 = ORIENTED_EDGE ( 'NONE', *, *, #4015, .F. ) ;
#394 = DIRECTION ( 'NONE',  ( 1.000000000000000000, 0.000000000000000000, 0.000000000000000000 ) ) ;
#395 = CARTESIAN_POINT ( 'NONE',  ( -1.203464411458909922E-14, 60.36500234380159924, -0.3963015483316539300 ) ) ;
#396 = CARTESIAN_POINT ( 'NONE',  ( -0.8603452610828925540, 62.31249778715744014, 4.821910558367201283 ) ) ;
#397 = CARTESIAN_POINT ( 'NONE',  ( 9.074978679701075635, 63.29358703481619131, 5.450059445454613183 ) ) ;
#398 =( NAMED_UNIT ( * ) SI_UNIT ( $, .STERADIAN. ) SOLID_ANGLE_UNIT ( ) );
#399 = ORIENTED_EDGE ( 'NONE', *, *, #1478, .T. ) ;
#400 = FACE_OUTER_BOUND ( 'NONE', #278, .T. ) ;
#401 = VERTEX_POINT ( 'NONE', #2833 ) ;
#402 = CARTESIAN_POINT ( 'NONE',  ( 3.880311739004211447, 78.50494895489653402, 7.046918007696244324 ) ) ;
#403 = DIRECTION ( 'NONE',  ( -1.000000000000000000, 0.000000000000000000, 0.000000000000000000 ) ) ;
#404 = LINE ( 'NONE', #4028, #1471 ) ;
#405 = ORIENTED_EDGE ( 'NONE', *, *, #965, .F. ) ;
#406 = EDGE_CURVE ( 'NONE', #1364, #1905, #2671, .T. ) ;
#407 = CARTESIAN_POINT ( 'NONE',  ( 0.8369445111612308086, 62.48076908385143469, 5.080790732775542828 ) ) ;
#408 = CARTESIAN_POINT ( 'NONE',  ( 0.000000000000000000, -2.775557561562891351E-14, 5.000000000000000000 ) ) ;
#409 = CARTESIAN_POINT ( 'NONE',  ( 0.000000000000000000, -2.775557561562891351E-14, 4.699999999999991296 ) ) ;
#410 = ORIENTED_EDGE ( 'NONE', *, *, #2896, .T. ) ;
#411 = CARTESIAN_POINT ( 'NONE',  ( -8.723761649064883272, 63.50494895489654112, 6.277580242052164472 ) ) ;
#412 = AXIS2_PLACEMENT_3D ( 'NONE', #2722, #3163, #2744 ) ;
#413 = ORIENTED_EDGE ( 'NONE', *, *, #1328, .T. ) ;
#414 = CARTESIAN_POINT ( 'NONE',  ( 8.528521890542711148, 64.88206692404349951, 1.881885136395937685 ) ) ;
#415 = CARTESIAN_POINT ( 'NONE',  ( 1.284247211982853775E-15, 60.50691563653041527, 0.000000000000000000 ) ) ;
#416 = CARTESIAN_POINT ( 'NONE',  ( 0.5513318849750674655, 62.43004342051407463, 4.830151333249557588 ) ) ;
#417 = CARTESIAN_POINT ( 'NONE',  ( -0.7628779979295811087, 62.35707802905297825, 4.825229117762638964 ) ) ;
#418 = CARTESIAN_POINT ( 'NONE',  ( 8.911864760112955253, 63.77761177194915376, 6.234996117693762940 ) ) ;
#419 = LINE ( 'NONE', #1104, #2975 ) ;
#420 = ORIENTED_EDGE ( 'NONE', *, *, #3475, .T. ) ;
#421 = ADVANCED_FACE ( 'NONE', ( #2739 ), #179, .F. ) ;
#422 = EDGE_LOOP ( 'NONE', ( #3779, #3829, #729, #2958 ) ) ;
#423 = EDGE_CURVE ( 'NONE', #144, #3276, #762, .T. ) ;
#424 = CARTESIAN_POINT ( 'NONE',  ( 6.240522027230681168, 40.37166768396581062, -12.43524795256382376 ) ) ;
#425 = AXIS2_PLACEMENT_3D ( 'NONE', #1860, #148, #2441 ) ;
#426 = PLANE ( 'NONE',  #2213 ) ;
#427 = DIRECTION ( 'NONE',  ( -0.1736481776669342170, -0.9848077530122073542, 0.000000000000000000 ) ) ;
#428 = VECTOR ( 'NONE', #486, 1000.000000000000000 ) ;
#429 = LINE ( 'NONE', #1729, #2550 ) ;
#430 = CARTESIAN_POINT ( 'NONE',  ( 0.05942032460316608311, 58.30910015959239701, 4.897815476938006007 ) ) ;
#431 = VECTOR ( 'NONE', #1886, 1000.000000000000114 ) ;
#432 = CIRCLE ( 'NONE', #3885, 1.899999999999999023 ) ;
#433 = DIRECTION ( 'NONE',  ( 0.000000000000000000, 0.000000000000000000, 1.000000000000000000 ) ) ;
#434 = CARTESIAN_POINT ( 'NONE',  ( 1.760650355878417006, 61.45666400321760392, 4.701509719103643015 ) ) ;
#435 = ORIENTED_EDGE ( 'NONE', *, *, #3951, .F. ) ;
#436 = CARTESIAN_POINT ( 'NONE',  ( 7.500000000000000000, -2.775557561562891351E-14, 4.700000000000023270 ) ) ;
#437 = VECTOR ( 'NONE', #246, 1000.000000000000227 ) ;
#438 = DIRECTION ( 'NONE',  ( -0.000000000000000000, -0.000000000000000000, -1.000000000000000000 ) ) ;
#439 = ORIENTED_EDGE ( 'NONE', *, *, #789, .F. ) ;
#440 = CARTESIAN_POINT ( 'NONE',  ( -9.969940248818321749, 64.88206692404349951, 4.042140718766762397 ) ) ;
#441 = LINE ( 'NONE', #395, #3637 ) ;
#442 = CARTESIAN_POINT ( 'NONE',  ( -1.334675384642133311, 61.99644811614459883, 4.790196799240162839 ) ) ;
#443 = CARTESIAN_POINT ( 'NONE',  ( -1.137689964422522015, 62.15218638752612179, 4.808145049663423265 ) ) ;
#444 = EDGE_CURVE ( 'NONE', #3202, #3172, #74, .T. ) ;
#445 = ORIENTED_EDGE ( 'NONE', *, *, #3864, .F. ) ;
#446 = EDGE_CURVE ( 'NONE', #798, #3031, #3171, .T. ) ;
#447 = DIRECTION ( 'NONE',  ( 0.1736481776669343557, -0.9848077530122072432, 0.000000000000000000 ) ) ;
#448 = ORIENTED_EDGE ( 'NONE', *, *, #2454, .T. ) ;
#449 = CARTESIAN_POINT ( 'NONE',  ( -8.579641871254681362, 63.50831059126800682, 7.016212900303463229 ) ) ;
#450 = CARTESIAN_POINT ( 'NONE',  ( -12.99999999999999822, 64.53453356394071250, 5.237930755459885290 ) ) ;
#451 = LINE ( 'NONE', #1047, #4217 ) ;
#452 = ORIENTED_EDGE ( 'NONE', *, *, #1102, .F. ) ;
#453 = VERTEX_POINT ( 'NONE', #3230 ) ;
#454 = CARTESIAN_POINT ( 'NONE',  ( -8.676565134377735689, 63.27892588924638773, 6.076309332635336347 ) ) ;
#455 = CARTESIAN_POINT ( 'NONE',  ( -0.1799558454082987591, 58.21396646707562184, 5.000000000000000000 ) ) ;
#456 = CARTESIAN_POINT ( 'NONE',  ( 1.507117203463702149, 61.82167711110432151, 4.758156287178178623 ) ) ;
#457 = DIRECTION ( 'NONE',  ( -0.000000000000000000, -0.000000000000000000, -1.000000000000000000 ) ) ;
#458 = ADVANCED_FACE ( 'NONE', ( #2263 ), #2054, .T. ) ;
#459 = CARTESIAN_POINT ( 'NONE',  ( -1.643749834644026242, 61.64716742832854379, 4.721003987946932767 ) ) ;
#460 = VECTOR ( 'NONE', #785, 1000.000000000000000 ) ;
#461 = EDGE_CURVE ( 'NONE', #2765, #235, #2674, .T. ) ;
#462 = CARTESIAN_POINT ( 'NONE',  ( 1.565485329104300494, 61.75235451052875391, 4.741002935510620020 ) ) ;
#463 = VERTEX_POINT ( 'NONE', #3274 ) ;
#464 = CARTESIAN_POINT ( 'NONE',  ( -8.931251118703297465, 63.50494895489652691, 5.840479316935327958 ) ) ;
#465 = VERTEX_POINT ( 'NONE', #2856 ) ;
#466 = DIRECTION ( 'NONE',  ( -1.000000000000000000, 0.000000000000000000, 0.000000000000000000 ) ) ;
#467 = DIRECTION ( 'NONE',  ( -0.000000000000000000, -0.000000000000000000, 1.000000000000000000 ) ) ;
#468 = CARTESIAN_POINT ( 'NONE',  ( -19.59767428494293640, 3.455598735571992819, 0.000000000000000000 ) ) ;
#469 = CARTESIAN_POINT ( 'NONE',  ( -1.089054112413497366, 62.18473083543155866, 4.811243858889616476 ) ) ;
#470 = CARTESIAN_POINT ( 'NONE',  ( -1.483550255638920179, 61.84824244332897791, 4.764653104126096217 ) ) ;
#471 = CARTESIAN_POINT ( 'NONE',  ( 8.903802564007373022, 63.79949617698576958, 6.297978262029804597 ) ) ;
#472 = PERSON_AND_ORGANIZATION_ROLE ( 'design_supplier' ) ;
#473 = ORIENTED_EDGE ( 'NONE', *, *, #3451, .T. ) ;
#474 = EDGE_CURVE ( 'NONE', #3058, #2811, #4240, .T. ) ;
#475 = ORIENTED_EDGE ( 'NONE', *, *, #3531, .F. ) ;
#476 = DIRECTION ( 'NONE',  ( 0.6444004775717819822, 0.5407162030609430348, 0.5407162030609182768 ) ) ;
#477 = FACE_OUTER_BOUND ( 'NONE', #3318, .T. ) ;
#478 = DIRECTION ( 'NONE',  ( -1.000000000000000000, 0.000000000000000000, 0.000000000000000000 ) ) ;
#479 = DIRECTION ( 'NONE',  ( -7.507825682156082185E-17, 0.7071067811865413555, -0.7071067811865536790 ) ) ;
#480 = ORIENTED_EDGE ( 'NONE', *, *, #3891, .F. ) ;
#481 = VECTOR ( 'NONE', #2134, 1000.000000000000000 ) ;
#482 = ORIENTED_EDGE ( 'NONE', *, *, #683, .T. ) ;
#483 = CARTESIAN_POINT ( 'NONE',  ( -8.589215577261846590, 63.48660272324149645, 6.724413522844971958 ) ) ;
#484 = CARTESIAN_POINT ( 'NONE',  ( 20.00000000000001776, -2.775557561562891351E-14, 0.1000000000000011297 ) ) ;
#485 = CARTESIAN_POINT ( 'NONE',  ( -9.043010675355033001, 62.07657092200591364, 5.082690690185783566 ) ) ;
#486 = DIRECTION ( 'NONE',  ( -1.000000000000000000, -1.061766890363825891E-16, 0.000000000000000000 ) ) ;
#487 = DIRECTION ( 'NONE',  ( 1.000000000000000000, 1.061766890363825891E-16, 0.000000000000000000 ) ) ;
#488 = EDGE_CURVE ( 'NONE', #2384, #2871, #1685, .T. ) ;
#489 = EDGE_CURVE ( 'NONE', #4100, #1023, #316, .T. ) ;
#490 = CARTESIAN_POINT ( 'NONE',  ( -11.59684554599795980, 64.42419148521192085, 4.797803989305631234 ) ) ;
#491 = CARTESIAN_POINT ( 'NONE',  ( -9.769885813337447544, 64.88206692404348530, 13.71333554574442815 ) ) ;
#492 = VERTEX_POINT ( 'NONE', #4163 ) ;
#493 = CARTESIAN_POINT ( 'NONE',  ( 9.423464289465400157, 61.73228796020950426, 4.706576758633641333 ) ) ;
#494 = ORIENTED_EDGE ( 'NONE', *, *, #532, .F. ) ;
#495 = CARTESIAN_POINT ( 'NONE',  ( 11.00000000000000178, 64.88206692404349951, 18.00000000000000355 ) ) ;
#496 = CARTESIAN_POINT ( 'NONE',  ( -1.429084876744780352, 61.90610598641564621, 4.776182433473496580 ) ) ;
#497 = CARTESIAN_POINT ( 'NONE',  ( 1.580655009711402270, 62.05545004738233672, 5.065016403964626157 ) ) ;
#498 = CARTESIAN_POINT ( 'NONE',  ( 8.761567953523899277, 63.05781736413773331, 5.738324238419388656 ) ) ;
#499 = EDGE_LOOP ( 'NONE', ( #1301, #3208, #897, #164 ) ) ;
#500 = EDGE_CURVE ( 'NONE', #1905, #2644, #966, .T. ) ;
#501 = ORIENTED_EDGE ( 'NONE', *, *, #2866, .T. ) ;
#502 = DIRECTION ( 'NONE',  ( 0.8759792377279013165, 4.798964775776905830E-16, 0.4823488105817666516 ) ) ;
#503 = CARTESIAN_POINT ( 'NONE',  ( -10.99999999999999822, 63.50494895489652691, 18.00000000000000355 ) ) ;
#504 = FACE_OUTER_BOUND ( 'NONE', #3038, .T. ) ;
#505 = VERTEX_POINT ( 'NONE', #2509 ) ;
#506 = CARTESIAN_POINT ( 'NONE',  ( -8.916117553796553352, 63.76600578823389753, 6.203851254094174372 ) ) ;
#507 = ADVANCED_FACE ( 'NONE', ( #1219 ), #2919, .T. ) ;
#508 = AXIS2_PLACEMENT_3D ( 'NONE', #929, #1955, #646 ) ;
#509 = DIRECTION ( 'NONE',  ( -0.000000000000000000, -0.000000000000000000, -1.000000000000000000 ) ) ;
#510 = CARTESIAN_POINT ( 'NONE',  ( -9.834261764111849047, 1.734045684362585105, 0.000000000000000000 ) ) ;
#511 = LINE ( 'NONE', #1806, #697 ) ;
#512 = CARTESIAN_POINT ( 'NONE',  ( 1.284247211982853775E-15, 60.50691563653041527, 0.000000000000000000 ) ) ;
#513 = AXIS2_PLACEMENT_3D ( 'NONE', #2716, #3042, #3000 ) ;
#514 = VECTOR ( 'NONE', #2748, 1000.000000000000114 ) ;
#515 = CARTESIAN_POINT ( 'NONE',  ( -1.619776582195472159, 61.68347031488964660, 4.725926517402272431 ) ) ;
#516 = ORIENTED_EDGE ( 'NONE', *, *, #1288, .F. ) ;
#517 = ADVANCED_FACE ( 'NONE', ( #4201 ), #2231, .T. ) ;
#518 = CARTESIAN_POINT ( 'NONE',  ( 9.031639632655263483, 62.12889930336817912, 5.099623160859348303 ) ) ;
#519 = AXIS2_PLACEMENT_3D ( 'NONE', #1675, #2608, #1335 ) ;
#520 = EDGE_LOOP ( 'NONE', ( #1304, #318, #237, #1520 ) ) ;
#521 = CARTESIAN_POINT ( 'NONE',  ( -8.745942977031454291, 64.88206692404347109, 2.501627163314841251 ) ) ;
#522 = CARTESIAN_POINT ( 'NONE',  ( -13.99999999999999112, 0.000000000000000000, 0.000000000000000000 ) ) ;
#523 = CARTESIAN_POINT ( 'NONE',  ( 0.5304790139946292671, 62.57550263576658267, 5.081770368254018067 ) ) ;
#524 = VECTOR ( 'NONE', #843, 999.9999999999998863 ) ;
#525 = CARTESIAN_POINT ( 'NONE',  ( 8.634350831441064855, 63.38152566929552734, 6.307696742690440672 ) ) ;
#526 = ORIENTED_EDGE ( 'NONE', *, *, #3588, .F. ) ;
#527 = ORIENTED_EDGE ( 'NONE', *, *, #3673, .F. ) ;
#528 = CARTESIAN_POINT ( 'NONE',  ( -1.999999999999999112, 60.50691563653041527, 0.000000000000000000 ) ) ;
#529 = CARTESIAN_POINT ( 'NONE',  ( -12.99999999999999822, 63.50494895489652691, 6.623537530759591618 ) ) ;
#530 = CARTESIAN_POINT ( 'NONE',  ( 13.00000000000000178, 63.84308620490953956, 6.655182404033472388 ) ) ;
#531 = ORIENTED_EDGE ( 'NONE', *, *, #3855, .T. ) ;
#532 = EDGE_CURVE ( 'NONE', #3846, #4113, #875, .T. ) ;
#533 = CARTESIAN_POINT ( 'NONE',  ( -8.809783260122324933, 62.92136831484877746, 5.587931462430965723 ) ) ;
#534 = FACE_OUTER_BOUND ( 'NONE', #2456, .T. ) ;
#535 = PLANE ( 'NONE',  #3103 ) ;
#536 = DIRECTION ( 'NONE',  ( 0.000000000000000000, 0.000000000000000000, -1.000000000000000000 ) ) ;
#537 = AXIS2_PLACEMENT_3D ( 'NONE', #1945, #3852, #900 ) ;
#538 = CARTESIAN_POINT ( 'NONE',  ( 8.137658209897374206, 57.50691563653040816, 0.000000000000000000 ) ) ;
#539 = VERTEX_POINT ( 'NONE', #1236 ) ;
#540 = CARTESIAN_POINT ( 'NONE',  ( -9.348863081143788278, 62.15537243668536860, 4.779188802786749513 ) ) ;
#541 = ORIENTED_EDGE ( 'NONE', *, *, #2395, .F. ) ;
#542 = FACE_OUTER_BOUND ( 'NONE', #1559, .T. ) ;
#543 = CARTESIAN_POINT ( 'NONE',  ( 7.500000000000000000, -2.775557561562891351E-14, 0.000000000000000000 ) ) ;
#544 = LINE ( 'NONE', #3914, #1953 ) ;
#545 = VECTOR ( 'NONE', #90, 1000.000000000000114 ) ;
#546 = CARTESIAN_POINT ( 'NONE',  ( -0.1898918328724223115, 62.62955123509330946, 5.082157219421599592 ) ) ;
#547 = EDGE_CURVE ( 'NONE', #2644, #273, #4032, .T. ) ;
#548 = CARTESIAN_POINT ( 'NONE',  ( 1.284247211982853775E-15, 60.50691563653041527, 1.000000000000000000 ) ) ;
#549 = CARTESIAN_POINT ( 'NONE',  ( -11.64107183606608942, 64.03993832963323030, 4.770124322772202774 ) ) ;
#550 = EDGE_CURVE ( 'NONE', #2507, #1993, #3549, .T. ) ;
#551 = CARTESIAN_POINT ( 'NONE',  ( 13.00000000000000178, 63.44991728298000311, 5.216843351520438432 ) ) ;
#552 = ORIENTED_EDGE ( 'NONE', *, *, #4058, .F. ) ;
#553 = CARTESIAN_POINT ( 'NONE',  ( -8.709146411493533080, 63.19661096143444468, 5.932780903535460837 ) ) ;
#554 = DIRECTION ( 'NONE',  ( -1.000000000000000000, 0.000000000000000000, 0.000000000000000000 ) ) ;
#555 = CARTESIAN_POINT ( 'NONE',  ( -1.446419540175742036, 63.50494895489652691, 6.988305192275081623 ) ) ;
#556 = CARTESIAN_POINT ( 'NONE',  ( -1.445862671149632961, 63.50494895489654112, 7.000000000000000888 ) ) ;
#557 = CARTESIAN_POINT ( 'NONE',  ( -1.314074681640479803, 62.23867241212614942, 5.075411776686463483 ) ) ;
#558 = VERTEX_POINT ( 'NONE', #1259 ) ;
#559 = EDGE_CURVE ( 'NONE', #3699, #2717, #1914, .T. ) ;
#560 = CARTESIAN_POINT ( 'NONE',  ( 9.007244137577099963, 63.50494895489654112, 1.000000000000000000 ) ) ;
#561 = ORIENTED_EDGE ( 'NONE', *, *, #2719, .F. ) ;
#562 = CARTESIAN_POINT ( 'NONE',  ( -9.418787564974021365, 61.75881098279272408, 4.699967373559498007 ) ) ;
#563 = CARTESIAN_POINT ( 'NONE',  ( 9.007244137577101739, 63.50494895489654112, 6.999999999999999112 ) ) ;
#564 = CARTESIAN_POINT ( 'NONE',  ( 0.4173169765334681647, 62.59925229946463077, 5.081953680026622067 ) ) ;
#565 = PERSON_AND_ORGANIZATION ( #1119, #3192 ) ;
#566 = DIRECTION ( 'NONE',  ( 0.000000000000000000, 0.000000000000000000, 1.000000000000000000 ) ) ;
#567 = CARTESIAN_POINT ( 'NONE',  ( 13.00000000000090239, 64.53453356394003038, 5.237930755460562082 ) ) ;
#568 = ORIENTED_EDGE ( 'NONE', *, *, #3059, .F. ) ;
#569 = ORIENTED_EDGE ( 'NONE', *, *, #663, .T. ) ;
#570 = EDGE_CURVE ( 'NONE', #801, #2736, #2609, .T. ) ;
#571 = DIRECTION ( 'NONE',  ( -4.263446390183754050E-16, -1.000000000000000000, 0.000000000000000000 ) ) ;
#572 = LINE ( 'NONE', #1557, #3440 ) ;
#573 = CARTESIAN_POINT ( 'NONE',  ( 9.348863081143788278, 62.15537243668537570, 4.779188802786748624 ) ) ;
#574 = DIRECTION ( 'NONE',  ( 0.000000000000000000, 0.000000000000000000, -1.000000000000000000 ) ) ;
#575 = CARTESIAN_POINT ( 'NONE',  ( 7.500000000000000000, -2.775557561562891351E-14, 0.1000000000000228206 ) ) ;
#576 = EDGE_LOOP ( 'NONE', ( #3498, #1334, #1221, #918 ) ) ;
#577 = VECTOR ( 'NONE', #976, 1000.000000000000000 ) ;
#578 = PLANE ( 'NONE',  #3524 ) ;
#579 = ORIENTED_EDGE ( 'NONE', *, *, #2606, .F. ) ;
#580 = CARTESIAN_POINT ( 'NONE',  ( -13.99999999999999112, 0.000000000000000000, 4.700000000000013500 ) ) ;
#581 = DIRECTION ( 'NONE',  ( 0.7071067811865536790, 8.659560562355009279E-17, -0.7071067811865414665 ) ) ;
#582 = CARTESIAN_POINT ( 'NONE',  ( -1.277116426295745066, 62.26198621118437870, 5.076233153159945388 ) ) ;
#583 = ORIENTED_EDGE ( 'NONE', *, *, #2089, .F. ) ;
#584 = VECTOR ( 'NONE', #1421, 1000.000000000000000 ) ;
#585 = EDGE_CURVE ( 'NONE', #2157, #2876, #4230, .T. ) ;
#586 = EDGE_CURVE ( 'NONE', #2991, #1106, #3254, .T. ) ;
#587 = AXIS2_PLACEMENT_3D ( 'NONE', #3587, #1972, #642 ) ;
#588 = DIRECTION ( 'NONE',  ( 1.000000000000000000, 0.000000000000000000, 0.000000000000000000 ) ) ;
#589 = CARTESIAN_POINT ( 'NONE',  ( 12.96535069252898964, 64.88206692404349951, 6.335138389393690339 ) ) ;
#590 = ORIENTED_EDGE ( 'NONE', *, *, #3046, .F. ) ;
#591 = LINE ( 'NONE', #2882, #4218 ) ;
#592 = CARTESIAN_POINT ( 'NONE',  ( 1.733184783983262145, 61.95185537002164722, 5.050570684502764252 ) ) ;
#593 = CARTESIAN_POINT ( 'NONE',  ( -12.09999999999999254, 0.000000000000000000, 5.000000000000000000 ) ) ;
#594 = CARTESIAN_POINT ( 'NONE',  ( -1.521124890989990597, 62.09818222122618181, 5.068364368749442406 ) ) ;
#595 = ORIENTED_EDGE ( 'NONE', *, *, #3639, .T. ) ;
#596 = PLANE ( 'NONE',  #3598 ) ;
#597 = EDGE_CURVE ( 'NONE', #711, #2469, #1948, .T. ) ;
#598 = ORIENTED_EDGE ( 'NONE', *, *, #3496, .F. ) ;
#599 = AXIS2_PLACEMENT_3D ( 'NONE', #2049, #3020, #3378 ) ;
#600 = DIRECTION ( 'NONE',  ( 1.000000000000000000, 0.000000000000000000, 0.000000000000000000 ) ) ;
#601 = CARTESIAN_POINT ( 'NONE',  ( 12.40000000000000568, 1.959434878635520930E-16, 0.000000000000000000 ) ) ;
#602 = CARTESIAN_POINT ( 'NONE',  ( 9.383213736420255913, 61.96056018992394598, 4.726668866241962697 ) ) ;
#603 = CARTESIAN_POINT ( 'NONE',  ( -1.344102165338221022, 62.21973064890355687, 5.074744372922092239 ) ) ;
#604 = CARTESIAN_POINT ( 'NONE',  ( 8.785323765168646659, 62.98061001872468267, 5.654247266336105859 ) ) ;
#605 = B_SPLINE_CURVE_WITH_KNOTS ( 'NONE', 3,
 ( #2119, #3183, #2510, #240 ),
 .UNSPECIFIED., .F., .F.,
 ( 4, 4 ),
 ( 0.000000000000000000, 1.000000000000000000 ),
 .UNSPECIFIED. ) ;
#606 = ORIENTED_EDGE ( 'NONE', *, *, #2125, .T. ) ;
#607 = CARTESIAN_POINT ( 'NONE',  ( 17.72653955421974459, 3.125667198004820513, 4.699999999999990408 ) ) ;
#608 = ADVANCED_FACE ( 'NONE', ( #169 ), #1461, .F. ) ;
#609 = CARTESIAN_POINT ( 'NONE',  ( -8.250246481619342376, 65.20388153266469544, 5.903207544244963856 ) ) ;
#610 = ORIENTED_EDGE ( 'NONE', *, *, #3451, .F. ) ;
#611 = ORIENTED_EDGE ( 'NONE', *, *, #3120, .T. ) ;
#612 = CARTESIAN_POINT ( 'NONE',  ( 8.601802929116345808, 63.45778278738353606, 6.564695588065165843 ) ) ;
#613 = CARTESIAN_POINT ( 'NONE',  ( 0.8485553060994822649, 63.50494895489748615, 5.610986805081999762 ) ) ;
#614 = DIRECTION ( 'NONE',  ( 5.337610695313253357E-16, -1.000000000000000000, -0.000000000000000000 ) ) ;
#615 = CARTESIAN_POINT ( 'NONE',  ( -0.8987245083281764080, 62.45601582813423391, 5.080456049473210278 ) ) ;
#616 = EDGE_CURVE ( 'NONE', #2469, #4165, #1148, .T. ) ;
#617 = EDGE_CURVE ( 'NONE', #492, #2507, #117, .T. ) ;
#618 = ORIENTED_EDGE ( 'NONE', *, *, #570, .T. ) ;
#619 = CARTESIAN_POINT ( 'NONE',  ( -9.471834044728316471, 10.69999999999994422, 5.000000000000000000 ) ) ;
#620 = CYLINDRICAL_SURFACE ( 'NONE', #537, 1.599999999999998979 ) ;
#621 = CARTESIAN_POINT ( 'NONE',  ( 9.418787564974026694, 61.75881098279274539, 4.699967373559496231 ) ) ;
#622 = CARTESIAN_POINT ( 'NONE',  ( -12.39999999999998970, 0.000000000000000000, 4.700000000000013500 ) ) ;
#623 = CARTESIAN_POINT ( 'NONE',  ( 8.840247465536581473, 62.81940264758797809, 5.496248417047937984 ) ) ;
#624 = DIRECTION ( 'NONE',  ( 5.337610695313253357E-16, -1.000000000000000000, -0.000000000000000000 ) ) ;
#625 = EDGE_CURVE ( 'NONE', #3202, #3709, #4088, .T. ) ;
#626 = ORIENTED_EDGE ( 'NONE', *, *, #1051, .F. ) ;
#627 = CARTESIAN_POINT ( 'NONE',  ( -19.65835691096074811, 8.213958736568217844, 7.486041263431595816 ) ) ;
#628 = CARTESIAN_POINT ( 'NONE',  ( 19.69615506024414842, 3.472963553338735743, 4.699999999999990408 ) ) ;
#629 = EDGE_LOOP ( 'NONE', ( #2114, #3029, #4119 ) ) ;
#630 = VERTEX_POINT ( 'NONE', #4044 ) ;
#631 = FACE_OUTER_BOUND ( 'NONE', #1399, .T. ) ;
#632 = CARTESIAN_POINT ( 'NONE',  ( 0.3408412409318494762, 63.50494895489652691, 6.761594508493495859 ) ) ;
#633 = CONICAL_SURFACE ( 'NONE', #412, 7.500000000000000000, 0.7853981633974439491 ) ;
#634 = ADVANCED_FACE ( 'NONE', ( #1077 ), #2459, .F. ) ;
#635 = CARTESIAN_POINT ( 'NONE',  ( 7.415877410915411083, 66.44013875882512821, 5.034806341300280152 ) ) ;
#636 = DIRECTION ( 'NONE',  ( -1.000000000000000000, 0.000000000000000000, 0.000000000000000000 ) ) ;
#637 = ORIENTED_EDGE ( 'NONE', *, *, #4248, .T. ) ;
#638 = VECTOR ( 'NONE', #2810, 1000.000000000000114 ) ;
#639 = CARTESIAN_POINT ( 'NONE',  ( -8.913238338667602179, 62.59508756081286407, 5.322239103679556216 ) ) ;
#640 = PLANE ( 'NONE',  #3593 ) ;
#641 = DIRECTION ( 'NONE',  ( 0.6444004775717709910, 0.5407162030609420356, 0.5407162030609324876 ) ) ;
#642 = DIRECTION ( 'NONE',  ( 0.1736481776669342170, 0.9848077530122073542, 0.000000000000000000 ) ) ;
#643 = VECTOR ( 'NONE', #3237, 1000.000000000000000 ) ;
#644 = VECTOR ( 'NONE', #706, 1000.000000000000000 ) ;
#645 = ORIENTED_EDGE ( 'NONE', *, *, #4050, .F. ) ;
#646 = DIRECTION ( 'NONE',  ( 0.1736481776669344668, -0.9848077530122072432, 0.000000000000000000 ) ) ;
#647 = ORIENTED_EDGE ( 'NONE', *, *, #3196, .F. ) ;
#648 = CARTESIAN_POINT ( 'NONE',  ( 8.737781034153528026, 63.12173301527401748, 5.822394003745382740 ) ) ;
#649 = CARTESIAN_POINT ( 'NONE',  ( -0.1799364793839324517, 62.63027136354736513, 5.079401603012316357 ) ) ;
#650 = AXIS2_PLACEMENT_3D ( 'NONE', #512, #457, #1160 ) ;
#651 = CARTESIAN_POINT ( 'NONE',  ( 1.261581871924764675, 62.27126886805021400, 5.076501628884622974 ) ) ;
#652 = ORIENTED_EDGE ( 'NONE', *, *, #1184, .F. ) ;
#653 = FACE_OUTER_BOUND ( 'NONE', #576, .T. ) ;
#654 = CARTESIAN_POINT ( 'NONE',  ( -1.733184783983243715, 61.95185537002140563, 5.050570684502728724 ) ) ;
#655 = FACE_OUTER_BOUND ( 'NONE', #3741, .T. ) ;
#656 = DIRECTION ( 'NONE',  ( -0.000000000000000000, -0.000000000000000000, 1.000000000000000000 ) ) ;
#657 = ORIENTED_EDGE ( 'NONE', *, *, #3952, .F. ) ;
#658 = CARTESIAN_POINT ( 'NONE',  ( -20.00000000000001776, -2.775557561562891351E-14, 4.699999999999991296 ) ) ;
#659 = CARTESIAN_POINT ( 'NONE',  ( 0.4974043692222263613, 62.44416627712749346, 4.831051051892052861 ) ) ;
#660 = FACE_OUTER_BOUND ( 'NONE', #3724, .T. ) ;
#661 = CARTESIAN_POINT ( 'NONE',  ( -7.799999999999974065, -2.680035111229397746E-14, 5.000000000000000000 ) ) ;
#662 = ORIENTED_EDGE ( 'NONE', *, *, #3952, .T. ) ;
#663 = EDGE_CURVE ( 'NONE', #1905, #390, #194, .T. ) ;
#664 = CC_DESIGN_PERSON_AND_ORGANIZATION_ASSIGNMENT ( #2383, #3715, ( #1001 ) ) ;
#665 = CARTESIAN_POINT ( 'NONE',  ( -1.430606717400823458, 62.08829996444475796, 5.046068080780994336 ) ) ;
#666 = CARTESIAN_POINT ( 'NONE',  ( 1.159028995553713415, 62.33081785158577759, 5.078134271880015760 ) ) ;
#667 = CARTESIAN_POINT ( 'NONE',  ( 8.990436265001724436, 62.30635788404909192, 5.167533333333190093 ) ) ;
#668 = CARTESIAN_POINT ( 'NONE',  ( -7.129689041132595051, 7.908740277588282908, -2.991259722411643285 ) ) ;
#669 = DIRECTION ( 'NONE',  ( 1.000000000000000000, 0.000000000000000000, 0.000000000000000000 ) ) ;
#670 = CARTESIAN_POINT ( 'NONE',  ( 9.086114746015136134, 61.86400350491243927, 5.030080382650980120 ) ) ;
#671 = CARTESIAN_POINT ( 'NONE',  ( 8.619611243926394550, 63.40582974452489395, 6.390461995336321088 ) ) ;
#672 = CARTESIAN_POINT ( 'NONE',  ( -1.167943579400205337E-15, 10.99999999999996980, 4.699999999999991296 ) ) ;
#673 = AXIS2_PLACEMENT_3D ( 'NONE', #116, #3979, #2665 ) ;
#674 = ORIENTED_EDGE ( 'NONE', *, *, #2908, .F. ) ;
#675 = CARTESIAN_POINT ( 'NONE',  ( 1.733184783983265032, 61.95185537002164722, 5.050570684502764252 ) ) ;
#676 = CARTESIAN_POINT ( 'NONE',  ( -0.3557976536728628680, 62.47509126784441946, 4.832982849779022594 ) ) ;
#677 = CARTESIAN_POINT ( 'NONE',  ( -1.332219587516564774, 61.99904605176474348, 4.790653451128604523 ) ) ;
#678 = CARTESIAN_POINT ( 'NONE',  ( -9.007244137577101739, 61.50494895489652691, 5.000000000000000000 ) ) ;
#679 = ORIENTED_EDGE ( 'NONE', *, *, #2967, .F. ) ;
#680 = EDGE_LOOP ( 'NONE', ( #2889, #3518, #3592, #3875, #3868, #1229, #2632, #2138, #2703, #1620, #1290, #375 ) ) ;
#681 = LINE ( 'NONE', #3556, #2489 ) ;
#682 = VERTEX_POINT ( 'NONE', #1741 ) ;
#683 = EDGE_CURVE ( 'NONE', #273, #1364, #827, .T. ) ;
#684 = CARTESIAN_POINT ( 'NONE',  ( 0.2691428874830560369, 62.62159872743662703, 5.082107079686291051 ) ) ;
#685 = VECTOR ( 'NONE', #3158, 1000.000000000000000 ) ;
#686 = CARTESIAN_POINT ( 'NONE',  ( 11.69003498648121386, 63.50494895489654112, 4.737664765748742290 ) ) ;
#687 = DIRECTION ( 'NONE',  ( -1.000000000000000000, 0.000000000000000000, 0.000000000000000000 ) ) ;
#688 = CARTESIAN_POINT ( 'NONE',  ( 9.113813863211177591, 61.72741893100439370, 5.012390710036780384 ) ) ;
#689 = DIRECTION ( 'NONE',  ( -1.000000000000000000, 0.000000000000000000, 0.000000000000000000 ) ) ;
#690 = PLANE ( 'NONE',  #587 ) ;
#691 = CIRCLE ( 'NONE', #3523, 7.500000000000000000 ) ;
#692 = ORIENTED_EDGE ( 'NONE', *, *, #2464, .F. ) ;
#693 = DIRECTION ( 'NONE',  ( 1.000000000000000000, 0.000000000000000000, 0.000000000000000000 ) ) ;
#694 = DIRECTION ( 'NONE',  ( -1.000000000000000000, 6.217248937900875838E-15, 0.000000000000000000 ) ) ;
#695 = CARTESIAN_POINT ( 'NONE',  ( -0.07054500626474383140, 62.50598778283636392, 4.834841550919091624 ) ) ;
#696 = LINE ( 'NONE', #2347, #2074 ) ;
#697 = VECTOR ( 'NONE', #2772, 1000.000000000000000 ) ;
#698 = CARTESIAN_POINT ( 'NONE',  ( 8.794077160846310193, 62.96665917109527300, 5.634920832837159388 ) ) ;
#699 = ORIENTED_EDGE ( 'NONE', *, *, #894, .F. ) ;
#700 = CARTESIAN_POINT ( 'NONE',  ( 14.00000000000000888, -2.465190328815661892E-29, 0.000000000000000000 ) ) ;
#701 = PLANE ( 'NONE',  #1746 ) ;
#702 = CONICAL_SURFACE ( 'NONE', #3460, 1.600000000000002531, 0.7853981633974653764 ) ;
#703 = AXIS2_PLACEMENT_3D ( 'NONE', #3339, #3413, #4004 ) ;
#704 = CARTESIAN_POINT ( 'NONE',  ( 1.550131699569558652, 62.07739947497825028, 5.066859451378323165 ) ) ;
#705 = SECURITY_CLASSIFICATION ( '', '', #2186 ) ;
#706 = DIRECTION ( 'NONE',  ( -0.000000000000000000, -0.000000000000000000, -1.000000000000000000 ) ) ;
#707 = LINE ( 'NONE', #1313, #1800 ) ;
#708 = CARTESIAN_POINT ( 'NONE',  ( 9.242399855633358641, 62.68714851941738431, 4.968818984987403375 ) ) ;
#709 = DIRECTION ( 'NONE',  ( 0.6444004775717744327, -0.5407162030609365955, 0.5407162030609335979 ) ) ;
#710 = DIRECTION ( 'NONE',  ( -1.000000000000000000, 0.000000000000000000, 0.000000000000000000 ) ) ;
#711 = VERTEX_POINT ( 'NONE', #4062 ) ;
#712 = CARTESIAN_POINT ( 'NONE',  ( 10.95608065662153230, 63.50494895489655534, 4.388816747349920000 ) ) ;
#713 = CARTESIAN_POINT ( 'NONE',  ( 0.9677775124323059197, 62.25758869900312220, 4.817591166335970954 ) ) ;
#714 = CARTESIAN_POINT ( 'NONE',  ( 1.333108793913349244, 61.99824783676882589, 4.790544767213265054 ) ) ;
#715 = CARTESIAN_POINT ( 'NONE',  ( 8.960247951572322123, 63.64277239352082916, 5.933274141367298249 ) ) ;
#716 = CARTESIAN_POINT ( 'NONE',  ( 2.072179889737171266, 61.50494895489653402, 5.000000000000000000 ) ) ;
#717 = ORIENTED_EDGE ( 'NONE', *, *, #4199, .T. ) ;
#718 = ORIENTED_EDGE ( 'NONE', *, *, #62, .F. ) ;
#719 = EDGE_CURVE ( 'NONE', #3100, #15, #2135, .T. ) ;
#720 = CIRCLE ( 'NONE', #3134, 19.90000000000001634 ) ;
#721 = LINE ( 'NONE', #2028, #1862 ) ;
#722 = CARTESIAN_POINT ( 'NONE',  ( -1.982085111922291087, 61.46155620192453739, 4.900000000000000355 ) ) ;
#723 = EDGE_CURVE ( 'NONE', #401, #3860, #3907, .T. ) ;
#724 = CARTESIAN_POINT ( 'NONE',  ( -17.72653955421973393, 3.125667198004817404, 0.000000000000000000 ) ) ;
#725 = CARTESIAN_POINT ( 'NONE',  ( 0.8869650397401711572, 62.46085328758750421, 5.080523756514412348 ) ) ;
#726 = CARTESIAN_POINT ( 'NONE',  ( -13.99999999999999112, 0.000000000000000000, 0.000000000000000000 ) ) ;
#727 = EDGE_CURVE ( 'NONE', #2876, #3838, #544, .T. ) ;
#728 = CARTESIAN_POINT ( 'NONE',  ( 9.300526227085388342, 62.42950435832428013, 4.850753960262248476 ) ) ;
#729 = ORIENTED_EDGE ( 'NONE', *, *, #3569, .F. ) ;
#730 = EDGE_CURVE ( 'NONE', #539, #210, #2226, .T. ) ;
#731 = CARTESIAN_POINT ( 'NONE',  ( -8.658370964356887356, 63.50494895489652691, 6.467729243420853535 ) ) ;
#732 = ORIENTED_EDGE ( 'NONE', *, *, #585, .T. ) ;
#733 = CARTESIAN_POINT ( 'NONE',  ( 9.007244137577101739, 63.50494895489652691, 1.412133895351281199 ) ) ;
#734 = CARTESIAN_POINT ( 'NONE',  ( 0.9172809112523082620, 62.28426143888893307, 4.819726480498757404 ) ) ;
#735 = CARTESIAN_POINT ( 'NONE',  ( 0.5625746029249598656, 62.42649393094252730, 4.829915126907676104 ) ) ;
#736 = ADVANCED_FACE ( 'NONE', ( #3153 ), #972, .T. ) ;
#737 = CALENDAR_DATE ( 2026, 15, 8 ) ;
#738 = ORIENTED_EDGE ( 'NONE', *, *, #369, .F. ) ;
#739 = B_SPLINE_CURVE_WITH_KNOTS ( 'NONE', 3,
 ( #4134, #874, #3495, #3195, #3828, #1163, #849, #2220, #3514, #1187, #272, #1871, #2197, #1848, #4192, #251, #3473, #540 ),
 .UNSPECIFIED., .F., .F.,
 ( 4, 2, 2, 2, 2, 2, 2, 2, 4 ),
 ( 0.000000000000000000, 0.1250000000000000000, 0.2500000000000000000, 0.3750000000000000000, 0.5000000000000000000, 0.6250000000000000000, 0.7500000000000000000, 0.8750000000000000000, 1.000000000000000000 ),
 .UNSPECIFIED. ) ;
#740 = DIRECTION ( 'NONE',  ( 0.8759792377278978748, 4.798964775776889067E-16, -0.4823488105817729243 ) ) ;
#741 = CARTESIAN_POINT ( 'NONE',  ( 19.69999999999999929, -2.534302142130862667E-14, 5.000000000000000000 ) ) ;
#742 = DIRECTION ( 'NONE',  ( 1.000000000000000000, 0.000000000000000000, 0.000000000000000000 ) ) ;
#743 = DIRECTION ( 'NONE',  ( -0.000000000000000000, -0.000000000000000000, 1.000000000000000000 ) ) ;
#744 = FACE_OUTER_BOUND ( 'NONE', #987, .T. ) ;
#745 = LINE ( 'NONE', #207, #366 ) ;
#746 = ADVANCED_FACE ( 'NONE', ( #275 ), #1894, .F. ) ;
#747 = LINE ( 'NONE', #3346, #1449 ) ;
#748 = FACE_OUTER_BOUND ( 'NONE', #4060, .T. ) ;
#749 = DIRECTION ( 'NONE',  ( -1.000000000000000000, 0.000000000000000000, 0.000000000000000000 ) ) ;
#750 = ORIENTED_EDGE ( 'NONE', *, *, #1035, .F. ) ;
#751 = CARTESIAN_POINT ( 'NONE',  ( 9.365929472011089274, 62.05858412443316041, 4.755196427804627035 ) ) ;
#752 = AXIS2_PLACEMENT_3D ( 'NONE', #4205, #4227, #2923 ) ;
#753 = ORIENTED_EDGE ( 'NONE', *, *, #1218, .T. ) ;
#754 = CARTESIAN_POINT ( 'NONE',  ( -8.526534763653057070, 64.88206692404348530, 1.873468859081673710 ) ) ;
#755 = FACE_BOUND ( 'NONE', #4265, .T. ) ;
#756 = DIRECTION ( 'NONE',  ( -0.000000000000000000, -0.000000000000000000, -1.000000000000000000 ) ) ;
#757 = CARTESIAN_POINT ( 'NONE',  ( -0.2305904551574667616, 62.49365924442865605, 4.834107461511583992 ) ) ;
#758 = COORDINATED_UNIVERSAL_TIME_OFFSET ( 3, 0, .BEHIND. ) ;
#759 = ORIENTED_EDGE ( 'NONE', *, *, #2897, .T. ) ;
#760 = LINE ( 'NONE', #3397, #263 ) ;
#761 = VECTOR ( 'NONE', #2315, 1000.000000000000000 ) ;
#762 = LINE ( 'NONE', #1747, #1103 ) ;
#763 = LINE ( 'NONE', #2071, #3260 ) ;
#764 = CARTESIAN_POINT ( 'NONE',  ( -17.72653955421973393, 3.125667198004817404, 4.699999999999991296 ) ) ;
#765 = VECTOR ( 'NONE', #581, 1000.000000000000000 ) ;
#766 = EDGE_CURVE ( 'NONE', #1482, #2430, #76, .T. ) ;
#767 = EDGE_CURVE ( 'NONE', #2644, #203, #2825, .T. ) ;
#768 = ORIENTED_EDGE ( 'NONE', *, *, #183, .F. ) ;
#769 = CARTESIAN_POINT ( 'NONE',  ( 13.00000000000000178, 63.50494895489654112, 18.00000000000000355 ) ) ;
#770 = DIRECTION ( 'NONE',  ( -0.000000000000000000, -0.000000000000000000, -1.000000000000000000 ) ) ;
#771 = AXIS2_PLACEMENT_3D ( 'NONE', #2980, #2021, #2408 ) ;
#772 = VECTOR ( 'NONE', #2014, 1000.000000000000000 ) ;
#773 = EDGE_CURVE ( 'NONE', #1849, #790, #1852, .T. ) ;
#774 = CARTESIAN_POINT ( 'NONE',  ( 2.451776518811672643E-14, 57.50691563653040816, 0.000000000000000000 ) ) ;
#775 = CARTESIAN_POINT ( 'NONE',  ( 1.693661383623323413, 61.57087578030107267, 4.710977698001602043 ) ) ;
#776 = ORIENTED_EDGE ( 'NONE', *, *, #3511, .F. ) ;
#777 = LOCAL_TIME ( 19, 46, 37.00000000000000000, #4091 ) ;
#778 = ORIENTED_EDGE ( 'NONE', *, *, #1966, .T. ) ;
#779 = FACE_OUTER_BOUND ( 'NONE', #2847, .T. ) ;
#780 = DIRECTION ( 'NONE',  ( -1.000000000000000000, -5.337610695313253357E-16, 0.000000000000000000 ) ) ;
#781 = CARTESIAN_POINT ( 'NONE',  ( -0.8187157159478314350, 62.33169135770511815, 4.823344114060295951 ) ) ;
#782 = CARTESIAN_POINT ( 'NONE',  ( 1.244454654552340722, 62.28177490136994265, 5.076832489299645701 ) ) ;
#783 = ORIENTED_EDGE ( 'NONE', *, *, #3639, .F. ) ;
#784 = ORIENTED_EDGE ( 'NONE', *, *, #1638, .F. ) ;
#785 = DIRECTION ( 'NONE',  ( -1.000000000000000000, -5.337610695313253357E-16, -0.000000000000000000 ) ) ;
#786 = FACE_BOUND ( 'NONE', #4120, .T. ) ;
#787 = ADVANCED_FACE ( 'NONE', ( #3174 ), #3615, .T. ) ;
#788 = DIRECTION ( 'NONE',  ( 0.4823488105817666516, 2.574590170232864996E-16, -0.8759792377279013165 ) ) ;
#789 = EDGE_CURVE ( 'NONE', #4036, #2082, #6, .T. ) ;
#790 = VERTEX_POINT ( 'NONE', #1947 ) ;
#791 = FACE_OUTER_BOUND ( 'NONE', #51, .T. ) ;
#792 = CARTESIAN_POINT ( 'NONE',  ( -8.996656033441785993, 62.28097041694881852, 5.156491791265979785 ) ) ;
#793 = DIRECTION ( 'NONE',  ( -0.000000000000000000, -0.000000000000000000, 1.000000000000000000 ) ) ;
#794 = CARTESIAN_POINT ( 'NONE',  ( 5.496186093898120458E-15, 58.35895973205135334, 4.847955904479052336 ) ) ;
#795 = CARTESIAN_POINT ( 'NONE',  ( -1.801895556292988143, 61.37477069597961332, 4.700000000000000178 ) ) ;
#796 = VECTOR ( 'NONE', #2687, 1000.000000000000000 ) ;
#797 = CARTESIAN_POINT ( 'NONE',  ( -1.800741170993474860, 61.88450602877169615, 5.035133771307807926 ) ) ;
#798 = VERTEX_POINT ( 'NONE', #1628 ) ;
#799 = EDGE_CURVE ( 'NONE', #3654, #1438, #112, .T. ) ;
#800 = CARTESIAN_POINT ( 'NONE',  ( 9.379097003817520317, 61.98390734069012353, 4.739804564198279557 ) ) ;
#801 = VERTEX_POINT ( 'NONE', #4238 ) ;
#802 = DIRECTION ( 'NONE',  ( -0.7071067811865766606, 0.000000000000000000, -0.7071067811865182628 ) ) ;
#803 = CARTESIAN_POINT ( 'NONE',  ( -0.9685028074942612086, 62.25822091477707687, 4.817716542422460613 ) ) ;
#804 = CARTESIAN_POINT ( 'NONE',  ( 1.345372074520974737, 62.21890890400341334, 5.074712918221252700 ) ) ;
#805 = ORIENTED_EDGE ( 'NONE', *, *, #3358, .T. ) ;
#806 = ORIENTED_EDGE ( 'NONE', *, *, #4225, .F. ) ;
#807 = EDGE_CURVE ( 'NONE', #2743, #505, #3586, .T. ) ;
#808 = CARTESIAN_POINT ( 'NONE',  ( -8.687965266206072457, 63.25061521392290587, 6.022295081457080812 ) ) ;
#809 = FACE_BOUND ( 'NONE', #3866, .T. ) ;
#810 = CARTESIAN_POINT ( 'NONE',  ( 13.00000000000000178, 65.05371267239424071, 5.237007305401705892 ) ) ;
#811 = ORIENTED_EDGE ( 'NONE', *, *, #877, .F. ) ;
#812 = CARTESIAN_POINT ( 'NONE',  ( -8.995253501261867513, 63.54095857613099696, 5.762982720701637085 ) ) ;
#813 = ORIENTED_EDGE ( 'NONE', *, *, #107, .T. ) ;
#814 = AXIS2_PLACEMENT_3D ( 'NONE', #415, #95, #3389 ) ;
#815 = CARTESIAN_POINT ( 'NONE',  ( -9.031828267136312149, 62.12877536299487957, 5.098950923401123880 ) ) ;
#816 = FACE_OUTER_BOUND ( 'NONE', #1983, .T. ) ;
#817 = EDGE_CURVE ( 'NONE', #3846, #2592, #1930, .T. ) ;
#818 = CARTESIAN_POINT ( 'NONE',  ( -12.99999999999999822, 63.96422133985895897, 6.668461200229133468 ) ) ;
#819 = DIRECTION ( 'NONE',  ( -1.000000000000000000, 0.000000000000000000, 0.000000000000000000 ) ) ;
#820 = CARTESIAN_POINT ( 'NONE',  ( 1.728259833833069692, 61.51369061420877671, 4.705447114086103610 ) ) ;
#821 = VERTEX_POINT ( 'NONE', #2935 ) ;
#822 = CARTESIAN_POINT ( 'NONE',  ( 9.042822040873982559, 62.07676540124030851, 5.083291331529260049 ) ) ;
#823 = EDGE_LOOP ( 'NONE', ( #58, #445, #1710, #718 ) ) ;
#824 = CARTESIAN_POINT ( 'NONE',  ( -9.348863081143786502, 62.15537243668536860, 0.1000000000000011297 ) ) ;
#825 = CARTESIAN_POINT ( 'NONE',  ( -8.842645453710135328, 64.88206692404347109, 2.699397768427687527 ) ) ;
#826 = LINE ( 'NONE', #1791, #481 ) ;
#827 = LINE ( 'NONE', #2405, #323 ) ;
#828 = CARTESIAN_POINT ( 'NONE',  ( 1.661655933742683056, 61.99805967058732392, 5.058669934682880509 ) ) ;
#829 = CARTESIAN_POINT ( 'NONE',  ( 8.630232434340916470, 63.39129889709607824, 6.334779232777189684 ) ) ;
#830 = DATE_TIME_ROLE ( 'creation_date' ) ;
#831 = ORIENTED_EDGE ( 'NONE', *, *, #532, .T. ) ;
#832 = AXIS2_PLACEMENT_3D ( 'NONE', #3067, #3881, #3187 ) ;
#833 = EDGE_LOOP ( 'NONE', ( #1857, #3812 ) ) ;
#834 = DIRECTION ( 'NONE',  ( -5.478400136770790205E-16, 1.000000000000000000, -0.000000000000000000 ) ) ;
#835 = DIRECTION ( 'NONE',  ( -0.000000000000000000, -0.000000000000000000, -1.000000000000000000 ) ) ;
#836 = DIRECTION ( 'NONE',  ( -1.000000000000000000, 0.000000000000000000, 0.000000000000000000 ) ) ;
#837 = VECTOR ( 'NONE', #3919, 999.9999999999998863 ) ;
#838 = CARTESIAN_POINT ( 'NONE',  ( 16.33808222615028072, 10.89999999999995239, 0.000000000000000000 ) ) ;
#839 = CARTESIAN_POINT ( 'NONE',  ( -1.999999999999999112, 60.50691563653041527, 0.09999999999999333034 ) ) ;
#840 = CIRCLE ( 'NONE', #1444, 2.000000000000000444 ) ;
#841 = CARTESIAN_POINT ( 'NONE',  ( -8.620545279239710368, 63.41413581013517842, 6.404010592123213996 ) ) ;
#842 = DIRECTION ( 'NONE',  ( 1.000000000000000000, 0.000000000000000000, 0.000000000000000000 ) ) ;
#843 = DIRECTION ( 'NONE',  ( 0.8759792377278978748, 4.675636148168779599E-16, -0.4823488105817729243 ) ) ;
#844 = AXIS2_PLACEMENT_3D ( 'NONE', #3667, #329, #2949 ) ;
#845 = AXIS2_PLACEMENT_3D ( 'NONE', #774, #571, #1864 ) ;
#846 = DIRECTION ( 'NONE',  ( -0.000000000000000000, 0.000000000000000000, -1.000000000000000000 ) ) ;
#847 = ORIENTED_EDGE ( 'NONE', *, *, #1328, .F. ) ;
#848 = ADVANCED_FACE ( 'NONE', ( #312 ), #925, .F. ) ;
#849 = CARTESIAN_POINT ( 'NONE',  ( -9.418984598708190603, 61.75769354895837893, 4.708621658766485751 ) ) ;
#850 = AXIS2_PLACEMENT_3D ( 'NONE', #1625, #1708, #3620 ) ;
#851 = ADVANCED_FACE ( 'NONE', ( #2277 ), #3897, .F. ) ;
#852 = ORIENTED_EDGE ( 'NONE', *, *, #2645, .T. ) ;
#853 = CARTESIAN_POINT ( 'NONE',  ( 9.471834044728330682, 10.69999999999994778, 5.000000000000000000 ) ) ;
#854 = CARTESIAN_POINT ( 'NONE',  ( 8.589131801655167209, 64.88206692404351372, 2.092795234135078175 ) ) ;
#855 = CARTESIAN_POINT ( 'NONE',  ( -1.226644179678785473, 62.08707539623728877, 4.801381038178971217 ) ) ;
#856 = CARTESIAN_POINT ( 'NONE',  ( 0.9308118700547411972, 62.44277705690672775, 5.080269377257470964 ) ) ;
#857 = ORIENTED_EDGE ( 'NONE', *, *, #2317, .F. ) ;
#858 = CARTESIAN_POINT ( 'NONE',  ( 8.913238338667603955, 62.59508756081287828, 5.322239103679557104 ) ) ;
#859 = COORDINATED_UNIVERSAL_TIME_OFFSET ( 3, 0, .BEHIND. ) ;
#860 = ORIENTED_EDGE ( 'NONE', *, *, #1359, .T. ) ;
#861 = ORIENTED_EDGE ( 'NONE', *, *, #3625, .F. ) ;
#862 = LINE ( 'NONE', #2166, #2004 ) ;
#863 = DIRECTION ( 'NONE',  ( -1.000000000000000000, 4.263446390183754050E-16, 0.000000000000000000 ) ) ;
#864 = CARTESIAN_POINT ( 'NONE',  ( -8.903802564007369469, 63.79949617698578379, 6.297978262029798380 ) ) ;
#865 = ORIENTED_EDGE ( 'NONE', *, *, #1570, .F. ) ;
#866 = ADVANCED_FACE ( 'NONE', ( #655 ), #1828, .T. ) ;
#867 = CARTESIAN_POINT ( 'NONE',  ( -8.586109560378073269, 63.49367333737090746, 6.780901856112218518 ) ) ;
#868 = EDGE_CURVE ( 'NONE', #711, #2234, #3308, .T. ) ;
#869 = CARTESIAN_POINT ( 'NONE',  ( -8.953214902580786116, 62.45146926676567034, 5.237923031912179006 ) ) ;
#870 = CARTESIAN_POINT ( 'NONE',  ( -1.687240329606035649, 63.50494895489653402, 5.255199789700771618 ) ) ;
#871 = DIRECTION ( 'NONE',  ( -1.000000000000000000, 0.000000000000000000, 0.000000000000000000 ) ) ;
#872 = CARTESIAN_POINT ( 'NONE',  ( 1.801895556293187539, 61.37477069597920831, 4.700000000000000178 ) ) ;
#873 = VERTEX_POINT ( 'NONE', #3050 ) ;
#874 = CARTESIAN_POINT ( 'NONE',  ( -9.450023554267460213, 61.58166288459518256, 4.699996018954555765 ) ) ;
#875 = CIRCLE ( 'NONE', #3614, 1.599999999999998979 ) ;
#876 = ORIENTED_EDGE ( 'NONE', *, *, #2424, .T. ) ;
#877 = EDGE_CURVE ( 'NONE', #1737, #3301, #3487, .T. ) ;
#878 = CARTESIAN_POINT ( 'NONE',  ( 19.90000000000001634, -2.775557561562891351E-14, 0.000000000000000000 ) ) ;
#879 = CARTESIAN_POINT ( 'NONE',  ( -1.507117203463906874, 61.82167711110407993, 4.758156287178115562 ) ) ;
#880 = CARTESIAN_POINT ( 'NONE',  ( 1.598070141865932214, 62.04290798352199232, 5.063861892285189903 ) ) ;
#881 = CARTESIAN_POINT ( 'NONE',  ( 9.218391847898042002, 62.77484907753021304, 5.035691819793235879 ) ) ;
#882 = EDGE_CURVE ( 'NONE', #821, #273, #2661, .T. ) ;
#883 = PERSON_AND_ORGANIZATION ( #1119, #3192 ) ;
#884 = ORIENTED_EDGE ( 'NONE', *, *, #2053, .T. ) ;
#885 = CARTESIAN_POINT ( 'NONE',  ( 1.331166866332486320E-16, 57.80691563653043374, 5.000000000000000000 ) ) ;
#886 = ORIENTED_EDGE ( 'NONE', *, *, #2340, .T. ) ;
#887 = CARTESIAN_POINT ( 'NONE',  ( -8.978266373824311586, 62.35516637126178807, 5.189668044908664513 ) ) ;
#888 = LINE ( 'NONE', #3211, #3025 ) ;
#889 = DIRECTION ( 'NONE',  ( -1.000000000000000000, -5.337610695313253357E-16, -0.000000000000000000 ) ) ;
#890 = CARTESIAN_POINT ( 'NONE',  ( 15.60000000000001208, -2.465190328815661892E-29, 4.700000000000013500 ) ) ;
#891 = EDGE_LOOP ( 'NONE', ( #3691, #3944, #3194, #3298 ) ) ;
#892 = CARTESIAN_POINT ( 'NONE',  ( 1.523139917828622458, 57.50691563653040106, 0.1000000000000148270 ) ) ;
#893 = EDGE_CURVE ( 'NONE', #3058, #3898, #1735, .T. ) ;
#894 = EDGE_CURVE ( 'NONE', #3276, #3058, #3644, .T. ) ;
#895 = ADVANCED_FACE ( 'NONE', ( #2726 ), #3007, .F. ) ;
#896 = ORIENTED_EDGE ( 'NONE', *, *, #2759, .T. ) ;
#897 = ORIENTED_EDGE ( 'NONE', *, *, #3951, .T. ) ;
#898 = CYLINDRICAL_SURFACE ( 'NONE', #3323, 1.600000000000002531 ) ;
#899 = CYLINDRICAL_SURFACE ( 'NONE', #3245, 1.599999999999998979 ) ;
#900 = DIRECTION ( 'NONE',  ( 1.000000000000000000, 0.000000000000000000, 0.000000000000000000 ) ) ;
#901 = CARTESIAN_POINT ( 'NONE',  ( 9.053420755240104256, 62.02523506662588204, 5.068859828510222876 ) ) ;
#902 = CARTESIAN_POINT ( 'NONE',  ( 9.147070538220976488, 61.56339653477322571, 5.000000000000000000 ) ) ;
#903 = CARTESIAN_POINT ( 'NONE',  ( 9.325498180707905149, 62.28787090779749036, 4.813779070401053239 ) ) ;
#904 = APPROVAL_STATUS ( 'not_yet_approved' ) ;
#905 = ORIENTED_EDGE ( 'NONE', *, *, #2009, .F. ) ;
#906 = CARTESIAN_POINT ( 'NONE',  ( 11.00000000000000178, 0.000000000000000000, 18.00000000000000355 ) ) ;
#907 = DIRECTION ( 'NONE',  ( -0.000000000000000000, -0.000000000000000000, -1.000000000000000000 ) ) ;
#908 = ORIENTED_EDGE ( 'NONE', *, *, #3120, .F. ) ;
#909 = AXIS2_PLACEMENT_3D ( 'NONE', #2132, #165, #3408 ) ;
#910 = CARTESIAN_POINT ( 'NONE',  ( -13.99999999999999112, 0.000000000000000000, 0.000000000000000000 ) ) ;
#911 = DIRECTION ( 'NONE',  ( 1.000000000000000000, -4.263446390183754050E-16, 0.000000000000000000 ) ) ;
#912 = CARTESIAN_POINT ( 'NONE',  ( 8.659921807859909393, 63.50494895489652691, 6.466312952586509510 ) ) ;
#913 = CARTESIAN_POINT ( 'NONE',  ( -1.975521534423512859, 61.66514248492830319, 5.005030933435557827 ) ) ;
#914 = ADVANCED_FACE ( 'NONE', ( #68 ), #2929, .F. ) ;
#915 = AXIS2_PLACEMENT_3D ( 'NONE', #1456, #846, #4132 ) ;
#916 = VECTOR ( 'NONE', #1944, 1000.000000000000114 ) ;
#917 = CARTESIAN_POINT ( 'NONE',  ( -1.557996948784005076, 62.07174357311829027, 5.066379001677959515 ) ) ;
#918 = ORIENTED_EDGE ( 'NONE', *, *, #2945, .F. ) ;
#919 = CIRCLE ( 'NONE', #850, 7.600000000000024514 ) ;
#920 = FACE_OUTER_BOUND ( 'NONE', #92, .T. ) ;
#921 = EDGE_CURVE ( 'NONE', #4100, #2419, #1055, .T. ) ;
#922 = ORIENTED_EDGE ( 'NONE', *, *, #1996, .F. ) ;
#923 = DIRECTION ( 'NONE',  ( -0.000000000000000000, -0.000000000000000000, 1.000000000000000000 ) ) ;
#924 = CARTESIAN_POINT ( 'NONE',  ( -1.652179228402925970, 62.00462749632878712, 5.059536285881317319 ) ) ;
#925 = CYLINDRICAL_SURFACE ( 'NONE', #2025, 1.599999999999998979 ) ;
#926 = ORIENTED_EDGE ( 'NONE', *, *, #868, .F. ) ;
#927 = AXIS2_PLACEMENT_3D ( 'NONE', #1197, #2240, #2257 ) ;
#928 = DIRECTION ( 'NONE',  ( 1.000000000000000000, 0.000000000000000000, 0.000000000000000000 ) ) ;
#929 = CARTESIAN_POINT ( 'NONE',  ( 11.31147339363017679, 1.994517950862991995, 4.699999999999991296 ) ) ;
#930 = ORIENTED_EDGE ( 'NONE', *, *, #1540, .T. ) ;
#931 = B_SPLINE_CURVE_WITH_KNOTS ( 'NONE', 3,
 ( #1695, #733, #3675, #2626, #1002, #4000, #2320, #2664, #1612, #1631, #2954, #4258, #712, #2993, #3962, #3310 ),
 .UNSPECIFIED., .F., .F.,
 ( 4, 2, 2, 2, 2, 2, 2, 4 ),
 ( 0.000000000000000000, 0.001218342190584516781, 0.001827513285876774521, 0.002436684381169032260, 0.003045855476461289350, 0.003655026571753546873, 0.004264197667045803962, 0.004873368762338061051 ),
 .UNSPECIFIED. ) ;
#932 = LOCAL_TIME ( 19, 46, 37.00000000000000000, #3698 ) ;
#933 = EDGE_CURVE ( 'NONE', #1715, #2016, #1391, .T. ) ;
#934 = CARTESIAN_POINT ( 'NONE',  ( 8.629958245640599657, 63.39193558575423282, 6.337066006524106676 ) ) ;
#935 = CARTESIAN_POINT ( 'NONE',  ( 1.434731739542453921, 63.50494895489652691, 6.987252310101931485 ) ) ;
#936 = EDGE_CURVE ( 'NONE', #40, #2902, #3381, .T. ) ;
#937 = EDGE_CURVE ( 'NONE', #1054, #189, #1740, .T. ) ;
#938 = CARTESIAN_POINT ( 'NONE',  ( 9.053420755240098927, 62.10327798338528993, 5.000000000000000000 ) ) ;
#939 = CARTESIAN_POINT ( 'NONE',  ( -0.9956016073468495486, 62.41355389883551652, 5.079801358776913744 ) ) ;
#940 = ORIENTED_EDGE ( 'NONE', *, *, #3606, .F. ) ;
#941 = CARTESIAN_POINT ( 'NONE',  ( 8.913507759185925750, 62.59356968529734644, 5.322204244096253589 ) ) ;
#942 = ORIENTED_EDGE ( 'NONE', *, *, #1963, .T. ) ;
#943 = VECTOR ( 'NONE', #3362, 1000.000000000000000 ) ;
#944 = CARTESIAN_POINT ( 'NONE',  ( 2.099999999999978328, 60.50691563653041527, 0.000000000000000000 ) ) ;
#945 = ADVANCED_FACE ( 'NONE', ( #755, #35, #3033, #3354, #2061, #3649, #3695, #3011 ), #1039, .T. ) ;
#946 = CARTESIAN_POINT ( 'NONE',  ( 17.72653955421974459, 3.125667198004820513, 0.000000000000000000 ) ) ;
#947 = CARTESIAN_POINT ( 'NONE',  ( 8.627416111083196171, 63.38743576834754379, 6.335777063928023090 ) ) ;
#948 = CIRCLE ( 'NONE', #3345, 1.600000000000002531 ) ;
#949 = EDGE_LOOP ( 'NONE', ( #452, #50, #759, #2827 ) ) ;
#950 = DIRECTION ( 'NONE',  ( 0.000000000000000000, 0.000000000000000000, -1.000000000000000000 ) ) ;
#951 = CARTESIAN_POINT ( 'NONE',  ( 13.00000000000000178, 63.50494895489654112, 20.00000000000000000 ) ) ;
#952 = ORIENTED_EDGE ( 'NONE', *, *, #3220, .F. ) ;
#953 = DIRECTION ( 'NONE',  ( 1.000000000000000000, 1.061766890363825891E-16, 0.000000000000000000 ) ) ;
#954 = CARTESIAN_POINT ( 'NONE',  ( 0.000000000000000000, -2.775557561562891351E-14, 0.000000000000000000 ) ) ;
#955 = CARTESIAN_POINT ( 'NONE',  ( -0.8906913966721640152, 63.50494895489652691, 5.602783722862152871 ) ) ;
#956 = EDGE_CURVE ( 'NONE', #465, #144, #441, .T. ) ;
#957 = CARTESIAN_POINT ( 'NONE',  ( 7.033924707677124744, 66.88206692404349951, 5.000000000000000000 ) ) ;
#958 = CARTESIAN_POINT ( 'NONE',  ( 11.00000000000000355, 63.50494895489654112, 20.00000000000000000 ) ) ;
#959 = EDGE_LOOP ( 'NONE', ( #2410, #3258, #1542, #2476 ) ) ;
#960 = CARTESIAN_POINT ( 'NONE',  ( -1.167943579400205337E-15, 10.99999999999996980, 4.699999999999991296 ) ) ;
#961 = CARTESIAN_POINT ( 'NONE',  ( -8.761567953523893948, 63.05781736413771910, 5.738324238419401091 ) ) ;
#962 = DIRECTION ( 'NONE',  ( 0.5102736053747477518, 0.6081204024113542328, -0.6081204024113223694 ) ) ;
#963 = CARTESIAN_POINT ( 'NONE',  ( 8.644490053121167250, 63.34677347234457301, 6.228490829847928012 ) ) ;
#964 = EDGE_LOOP ( 'NONE', ( #1525, #1138, #1480, #857 ) ) ;
#965 = EDGE_CURVE ( 'NONE', #682, #1010, #3054, .T. ) ;
#966 = LINE ( 'NONE', #1198, #1512 ) ;
#967 = CARTESIAN_POINT ( 'NONE',  ( -8.096865897332184758, 65.46407131766687826, 5.583319118805846415 ) ) ;
#968 = EDGE_LOOP ( 'NONE', ( #750, #448, #865, #4025 ) ) ;
#969 = CARTESIAN_POINT ( 'NONE',  ( 8.686965909577260447, 63.25295239384379187, 6.028062518303485717 ) ) ;
#970 = CARTESIAN_POINT ( 'NONE',  ( -0.2637811564503104722, 63.50494895489607217, 5.670213919112728540 ) ) ;
#971 = CONICAL_SURFACE ( 'NONE', #1305, 1.700000000000007061, 0.7853981633974895793 ) ;
#972 = B_SPLINE_SURFACE_WITH_KNOTS ( 'NONE', 1, 3, ( 
 ( #2183, #602, #621, #3544 ),
 ( #901, #3500, #3894, #2202 ) ),
 .UNSPECIFIED., .F., .F., .F.,
 ( 2, 2 ),
 ( 4, 4 ),
 ( 0.000000000000000000, 1.000000000000000000 ),
 ( 1.307625969948882583, 1.570796326794899667 ),
 .UNSPECIFIED. ) ;
#973 = CARTESIAN_POINT ( 'NONE',  ( 1.691859830180347357, 61.97752609279071123, 5.055695380746577428 ) ) ;
#974 = ORIENTED_EDGE ( 'NONE', *, *, #1204, .F. ) ;
#975 = VECTOR ( 'NONE', #1802, 1000.000000000000000 ) ;
#976 = DIRECTION ( 'NONE',  ( -0.5102736053747425338, 0.6081204024113563422, -0.6081204024113247009 ) ) ;
#977 = CARTESIAN_POINT ( 'NONE',  ( 19.69615506024414842, 3.472963553338735743, 0.1000000000000011297 ) ) ;
#978 = EDGE_CURVE ( 'NONE', #4113, #1786, #1964, .T. ) ;
#979 = CARTESIAN_POINT ( 'NONE',  ( -7.477728350420583148, 61.82544089911819185, 0.000000000000000000 ) ) ;
#980 = CARTESIAN_POINT ( 'NONE',  ( -5.405175994851326493, 64.88206692404348530, 6.207267444728334915 ) ) ;
#981 = FACE_OUTER_BOUND ( 'NONE', #3242, .T. ) ;
#982 = ADVANCED_FACE ( 'NONE', ( #1654 ), #3711, .F. ) ;
#983 = ORIENTED_EDGE ( 'NONE', *, *, #868, .T. ) ;
#984 = CARTESIAN_POINT ( 'NONE',  ( 0.8647061424093864801, 62.31035199557247495, 4.821745109550104047 ) ) ;
#985 = CARTESIAN_POINT ( 'NONE',  ( -7.907908223405335946, 65.76424904425343243, 5.320336872169179721 ) ) ;
#986 = CARTESIAN_POINT ( 'NONE',  ( -8.137658209897370654, 57.50691563653041527, 0.09999999999998866740 ) ) ;
#987 = EDGE_LOOP ( 'NONE', ( #1796, #3889, #3730, #1459 ) ) ;
#988 = CARTESIAN_POINT ( 'NONE',  ( 8.771513946897348646, 63.03023626085270337, 5.705871031956776918 ) ) ;
#989 = VECTOR ( 'NONE', #4266, 999.9999999999998863 ) ;
#990 = CONICAL_SURFACE ( 'NONE', #176, 7.600000000000024514, 0.7853981633974569387 ) ;
#991 = LINE ( 'NONE', #2943, #643 ) ;
#992 = ORIENTED_EDGE ( 'NONE', *, *, #2090, .T. ) ;
#993 = LOCAL_TIME ( 19, 46, 37.00000000000000000, #3765 ) ;
#994 = CARTESIAN_POINT ( 'NONE',  ( 0.6123735334732141045, 62.55560766890777558, 5.081609822997078751 ) ) ;
#995 = ORIENTED_EDGE ( 'NONE', *, *, #3930, .F. ) ;
#996 = CARTESIAN_POINT ( 'NONE',  ( -12.84770636879777861, 63.50494895489651270, 5.827727429947026749 ) ) ;
#997 = LINE ( 'NONE', #1782, #4077 ) ;
#998 = LINE ( 'NONE', #1970, #1714 ) ;
#999 = CARTESIAN_POINT ( 'NONE',  ( 8.605788686572411805, 63.43806134938164121, 6.502149752068064892 ) ) ;
#1000 = ORIENTED_EDGE ( 'NONE', *, *, #127, .T. ) ;
#1001 = PRODUCT_DEFINITION ( 'UNKNOWN', '', #1262, #2676 ) ;
#1002 = CARTESIAN_POINT ( 'NONE',  ( 9.346810321405170541, 63.50494895489654112, 2.586896143643275359 ) ) ;
#1003 = CARTESIAN_POINT ( 'NONE',  ( -9.121640814805870079, 63.14711984573371950, 5.286807250110101108 ) ) ;
#1004 = CARTESIAN_POINT ( 'NONE',  ( 0.5966122599120967651, 62.41618617833957217, 4.829241635849069070 ) ) ;
#1005 = CARTESIAN_POINT ( 'NONE',  ( 8.226369619475736528, 64.88206692404349951, 13.71333554574439084 ) ) ;
#1006 = ORIENTED_EDGE ( 'NONE', *, *, #727, .T. ) ;
#1007 = B_SPLINE_CURVE_WITH_KNOTS ( 'NONE', 3,
 ( #1739, #3454, #1098, #1813, #115, #2779, #3130, #3710, #1483, #3807, #2800, #3369, #4136, #854, #414, #3053, #1417, #3735 ),
 .UNSPECIFIED., .F., .F.,
 ( 4, 2, 2, 2, 2, 2, 2, 2, 4 ),
 ( 0.001236260307106402685, 0.001894413578743542846, 0.002552566850380682574, 0.003210720122017822736, 0.003868873393654964198, 0.004527026665292106095, 0.005185179936929245822, 0.005843333208566387285, 0.006501486480203528748 ),
 .UNSPECIFIED. ) ;
#1008 = AXIS2_PLACEMENT_3D ( 'NONE', #1819, #3745, #1446 ) ;
#1009 = CARTESIAN_POINT ( 'NONE',  ( 1.320662103256950770, 63.50494895489651981, 5.479127397445203052 ) ) ;
#1010 = VERTEX_POINT ( 'NONE', #1418 ) ;
#1011 = CARTESIAN_POINT ( 'NONE',  ( -0.4954370694191750912, 62.58324964511621857, 5.081831460914089327 ) ) ;
#1012 = CARTESIAN_POINT ( 'NONE',  ( 13.00000000000000178, 64.88206692404349951, 20.00000000000000000 ) ) ;
#1013 = FACE_OUTER_BOUND ( 'NONE', #2685, .T. ) ;
#1014 = CARTESIAN_POINT ( 'NONE',  ( 1.403964558569177568, 57.60691563653042380, 0.000000000000000000 ) ) ;
#1015 = EDGE_CURVE ( 'NONE', #2902, #1979, #2253, .T. ) ;
#1016 = DIRECTION ( 'NONE',  ( -1.000000000000000000, 4.263446390183754050E-16, 0.000000000000000000 ) ) ;
#1017 = VERTEX_POINT ( 'NONE', #1099 ) ;
#1018 = DIRECTION ( 'NONE',  ( 0.6444004775717899758, 0.5407162030609258263, -0.5407162030609259373 ) ) ;
#1019 = CARTESIAN_POINT ( 'NONE',  ( 0.000000000000000000, -2.775557561562891351E-14, 0.1000000000000011297 ) ) ;
#1020 = CARTESIAN_POINT ( 'NONE',  ( -0.7745424658816107977, 62.35098104819130072, 4.824752541844025799 ) ) ;
#1021 = CARTESIAN_POINT ( 'NONE',  ( 1.410169876392175947, 61.92527178848440172, 4.779519936286710013 ) ) ;
#1022 = PERSON_AND_ORGANIZATION ( #1119, #3192 ) ;
#1023 = VERTEX_POINT ( 'NONE', #3336 ) ;
#1024 = CARTESIAN_POINT ( 'NONE',  ( -8.998127716406610688, 78.50494895489653402, 12.31176876537979759 ) ) ;
#1025 = ORIENTED_EDGE ( 'NONE', *, *, #3101, .T. ) ;
#1026 = CARTESIAN_POINT ( 'NONE',  ( 8.998127716406569832, 64.88206692404349951, 12.31176876537974962 ) ) ;
#1027 = CARTESIAN_POINT ( 'NONE',  ( 0.4352197990204854094, 62.59564945577934481, 5.081926407468554174 ) ) ;
#1028 = CARTESIAN_POINT ( 'NONE',  ( 8.829527639544101802, 62.86295216475067349, 5.531724591428354820 ) ) ;
#1029 = VECTOR ( 'NONE', #3601, 1000.000000000000000 ) ;
#1030 = CARTESIAN_POINT ( 'NONE',  ( -11.69003498648121209, 63.50494895489652691, 4.737664765748742290 ) ) ;
#1031 = CARTESIAN_POINT ( 'NONE',  ( 6.572580605384090744E-15, 10.69999999999994600, 5.000000000000000000 ) ) ;
#1032 = CARTESIAN_POINT ( 'NONE',  ( 0.000000000000000000, -2.775557561562891351E-14, 0.000000000000000000 ) ) ;
#1033 = CARTESIAN_POINT ( 'NONE',  ( -7.500000000000000000, -2.683709051626839674E-14, 0.1000000000000228206 ) ) ;
#1034 = CARTESIAN_POINT ( 'NONE',  ( 0.000000000000000000, -2.775557561562891351E-14, 4.699999999999991296 ) ) ;
#1035 = EDGE_CURVE ( 'NONE', #2093, #3838, #1711, .T. ) ;
#1036 = VECTOR ( 'NONE', #1136, 1000.000000000000000 ) ;
#1037 = EDGE_LOOP ( 'NONE', ( #1882, #2612, #662, #2180 ) ) ;
#1038 = DIRECTION ( 'NONE',  ( -1.000000000000000000, 0.000000000000000000, 0.000000000000000000 ) ) ;
#1039 = PLANE ( 'NONE',  #814 ) ;
#1040 = CARTESIAN_POINT ( 'NONE',  ( 1.373043661483903666, 61.96116349372277199, 4.785159663802836860 ) ) ;
#1041 = CARTESIAN_POINT ( 'NONE',  ( -0.1771807124273506728, 62.49937297617605481, 4.834449380711757449 ) ) ;
#1042 = CARTESIAN_POINT ( 'NONE',  ( 8.880655726712712195, 63.86141327979218119, 6.524022377143894325 ) ) ;
#1043 = VERTEX_POINT ( 'NONE', #4043 ) ;
#1044 = AXIS2_PLACEMENT_3D ( 'NONE', #2740, #1748, #2388 ) ;
#1045 = AXIS2_PLACEMENT_3D ( 'NONE', #1024, #364, #2327 ) ;
#1046 = CARTESIAN_POINT ( 'NONE',  ( -8.998127716406605359, 63.50494895489652691, 14.13829607457728343 ) ) ;
#1047 = CARTESIAN_POINT ( 'NONE',  ( 4.784775882957146912E-17, 57.60691563653042380, 0.000000000000000000 ) ) ;
#1048 = AXIS2_PLACEMENT_3D ( 'NONE', #3754, #536, #3444 ) ;
#1049 = ADVANCED_FACE ( 'NONE', ( #3831 ), #1770, .F. ) ;
#1050 = CARTESIAN_POINT ( 'NONE',  ( 1.351310833782451981, 62.21515873479633285, 5.074580615154248520 ) ) ;
#1051 = EDGE_CURVE ( 'NONE', #1690, #3709, #334, .T. ) ;
#1052 = DIRECTION ( 'NONE',  ( 0.1736481776669343557, -0.9848077530122072432, 0.000000000000000000 ) ) ;
#1053 = PLANE ( 'NONE',  #4150 ) ;
#1054 = VERTEX_POINT ( 'NONE', #4087 ) ;
#1055 = LINE ( 'NONE', #2359, #545 ) ;
#1056 = CARTESIAN_POINT ( 'NONE',  ( 9.445374552681913727, 61.60802868276666544, 4.700408879217275349 ) ) ;
#1057 = ORIENTED_EDGE ( 'NONE', *, *, #1651, .T. ) ;
#1058 = CARTESIAN_POINT ( 'NONE',  ( -10.59812771640661033, 78.50494895489653402, 12.31176876537979759 ) ) ;
#1059 = CARTESIAN_POINT ( 'NONE',  ( -9.007244137577101739, 63.50494895489652691, 1.000000000000000000 ) ) ;
#1060 = CARTESIAN_POINT ( 'NONE',  ( 1.364787741474096094, 61.96890587614564794, 4.786303798656682318 ) ) ;
#1061 = CARTESIAN_POINT ( 'NONE',  ( -0.2484257152461270546, 62.49150808850831851, 4.833978354873672778 ) ) ;
#1062 = ORIENTED_EDGE ( 'NONE', *, *, #3475, .F. ) ;
#1063 = CARTESIAN_POINT ( 'NONE',  ( 9.034011154204637961, 63.42360320644795024, 5.600590585041467229 ) ) ;
#1064 = VERTEX_POINT ( 'NONE', #2824 ) ;
#1065 = CARTESIAN_POINT ( 'NONE',  ( -3.880311739004265181, 78.50494895489653402, 7.046918007696305608 ) ) ;
#1066 = EDGE_CURVE ( 'NONE', #3301, #1737, #129, .T. ) ;
#1067 = ORIENTED_EDGE ( 'NONE', *, *, #1188, .F. ) ;
#1068 = DIRECTION ( 'NONE',  ( 0.7071067811865536790, 0.000000000000000000, 0.7071067811865414665 ) ) ;
#1069 = AXIS2_PLACEMENT_3D ( 'NONE', #3349, #391, #1691 ) ;
#1070 = CARTESIAN_POINT ( 'NONE',  ( -12.99999999999999822, 64.42308781332590684, 6.718577894873547507 ) ) ;
#1071 = LINE ( 'NONE', #1012, #644 ) ;
#1072 = CARTESIAN_POINT ( 'NONE',  ( 15.60000000000001208, -2.465190328815661892E-29, 0.000000000000000000 ) ) ;
#1073 = ORIENTED_EDGE ( 'NONE', *, *, #3804, .T. ) ;
#1074 = ORIENTED_EDGE ( 'NONE', *, *, #2675, .T. ) ;
#1075 = DIRECTION ( 'NONE',  ( -1.000000000000000000, 0.000000000000000000, 0.000000000000000000 ) ) ;
#1076 = CARTESIAN_POINT ( 'NONE',  ( -9.346570637584195040, 63.50494895489651270, 2.586567024821121663 ) ) ;
#1077 = FACE_OUTER_BOUND ( 'NONE', #1616, .T. ) ;
#1078 = CARTESIAN_POINT ( 'NONE',  ( 0.1420636150982427237, 62.50312681411295301, 4.834674062675690998 ) ) ;
#1079 = DATE_AND_TIME ( #737, #932 ) ;
#1080 = VERTEX_POINT ( 'NONE', #3433 ) ;
#1081 = AXIS2_PLACEMENT_3D ( 'NONE', #1696, #2646, #4001 ) ;
#1082 = ORIENTED_EDGE ( 'NONE', *, *, #978, .F. ) ;
#1083 = LINE ( 'NONE', #2386, #2867 ) ;
#1084 = CARTESIAN_POINT ( 'NONE',  ( 1.284247211982853775E-15, 60.50691563653041527, 0.000000000000000000 ) ) ;
#1085 = DIRECTION ( 'NONE',  ( -0.7071067811865828778, 0.000000000000000000, -0.7071067811865122676 ) ) ;
#1086 = ORIENTED_EDGE ( 'NONE', *, *, #1359, .F. ) ;
#1087 = CARTESIAN_POINT ( 'NONE',  ( -9.300192352444796029, 62.41497157558103481, 4.858750101480342032 ) ) ;
#1088 = EDGE_CURVE ( 'NONE', #2561, #1361, #4193, .T. ) ;
#1089 = DIRECTION ( 'NONE',  ( 0.6444004775717917521, -0.5407162030609670156, -0.5407162030608827497 ) ) ;
#1090 = LINE ( 'NONE', #1430, #1574 ) ;
#1091 = CARTESIAN_POINT ( 'NONE',  ( -8.226369619475770278, 64.88206692404348530, 13.71333554574443347 ) ) ;
#1092 = LINE ( 'NONE', #1121, #1722 ) ;
#1093 = CARTESIAN_POINT ( 'NONE',  ( 20.00000000000001776, -2.530628201733420739E-14, 4.699999999999991296 ) ) ;
#1094 = ORIENTED_EDGE ( 'NONE', *, *, #4250, .T. ) ;
#1095 = CARTESIAN_POINT ( 'NONE',  ( 9.449820841253471215, 61.58281252722605359, 4.699995833053788985 ) ) ;
#1096 = CIRCLE ( 'NONE', #909, 9.493084363469568743 ) ;
#1097 = EDGE_LOOP ( 'NONE', ( #2944, #657, #3503, #3781 ) ) ;
#1098 = CARTESIAN_POINT ( 'NONE',  ( 11.11605335341033651, 64.88206692404349951, 4.694443233343181809 ) ) ;
#1099 = CARTESIAN_POINT ( 'NONE',  ( -8.424767174428213323, 64.88206692404348530, 6.999999999999999112 ) ) ;
#1100 = CARTESIAN_POINT ( 'NONE',  ( -0.9125885176375092556, 62.45030075539420977, 5.080375533541773514 ) ) ;
#1101 = CARTESIAN_POINT ( 'NONE',  ( 8.869217026174718299, 63.89154253802878713, 6.687476270883512264 ) ) ;
#1102 = EDGE_CURVE ( 'NONE', #3301, #3031, #826, .T. ) ;
#1103 = VECTOR ( 'NONE', #3138, 1000.000000000000114 ) ;
#1104 = CARTESIAN_POINT ( 'NONE',  ( 2.451776518811672643E-14, 57.50691563653040816, 0.09999999999998897271 ) ) ;
#1105 = ORIENTED_EDGE ( 'NONE', *, *, #1309, .T. ) ;
#1106 = VERTEX_POINT ( 'NONE', #879 ) ;
#1107 = LINE ( 'NONE', #4067, #460 ) ;
#1108 = AXIS2_PLACEMENT_3D ( 'NONE', #2989, #1332, #1368 ) ;
#1109 = CARTESIAN_POINT ( 'NONE',  ( -12.99999999999999822, 64.89139031377922606, 6.768242123715968006 ) ) ;
#1110 = PLANE ( 'NONE',  #4009 ) ;
#1111 = AXIS2_PLACEMENT_3D ( 'NONE', #295, #1277, #313 ) ;
#1112 = ORIENTED_EDGE ( 'NONE', *, *, #936, .T. ) ;
#1113 = CARTESIAN_POINT ( 'NONE',  ( -8.765202258149772163, 63.04766285293149508, 5.726685460380878112 ) ) ;
#1114 = EDGE_CURVE ( 'NONE', #3387, #2535, #3497, .T. ) ;
#1115 = CARTESIAN_POINT ( 'NONE',  ( -8.990482800228027926, 62.30632496721830194, 5.167355379727283982 ) ) ;
#1116 = CYLINDRICAL_SURFACE ( 'NONE', #3806, 1.599999999999998979 ) ;
#1117 = PLANE ( 'NONE',  #238 ) ;
#1118 = CIRCLE ( 'NONE', #703, 1.999999999999994893 ) ;
#1119 = PERSON ( 'UNSPECIFIED', 'UNSPECIFIED', 'UNSPECIFIED', ('UNSPECIFIED'), ('UNSPECIFIED'), ('UNSPECIFIED') ) ;
#1120 = AXIS2_PLACEMENT_3D ( 'NONE', #2466, #3769, #2188 ) ;
#1121 = CARTESIAN_POINT ( 'NONE',  ( -8.200424016252897630, 10.99999999999997158, 0.000000000000000000 ) ) ;
#1122 = FACE_BOUND ( 'NONE', #1423, .T. ) ;
#1123 = VERTEX_POINT ( 'NONE', #233 ) ;
#1124 = DIRECTION ( 'NONE',  ( -0.000000000000000000, -0.000000000000000000, -1.000000000000000000 ) ) ;
#1125 = EDGE_LOOP ( 'NONE', ( #813, #2191, #2807, #1500 ) ) ;
#1126 = LINE ( 'NONE', #2060, #2152 ) ;
#1127 = CARTESIAN_POINT ( 'NONE',  ( 14.00000000000000888, -2.465190328815661892E-29, 5.000000000000000000 ) ) ;
#1128 = DIRECTION ( 'NONE',  ( -0.7071067811864876207, 0.000000000000000000, -0.7071067811866074138 ) ) ;
#1129 = CARTESIAN_POINT ( 'NONE',  ( 1.445378453067621916, 62.15175602733823013, 5.071684995548805475 ) ) ;
#1130 = CARTESIAN_POINT ( 'NONE',  ( 8.618738092499345527, 63.41837786925026421, 6.417214044770890524 ) ) ;
#1131 = ORIENTED_EDGE ( 'NONE', *, *, #1327, .T. ) ;
#1132 = CARTESIAN_POINT ( 'NONE',  ( 0.000000000000000000, -2.775557561562891351E-14, 5.000000000000000000 ) ) ;
#1133 = ADVANCED_FACE ( 'NONE', ( #2850 ), #2481, .F. ) ;
#1134 = DIRECTION ( 'NONE',  ( -0.000000000000000000, -0.000000000000000000, -1.000000000000000000 ) ) ;
#1135 = DIRECTION ( 'NONE',  ( -0.000000000000000000, -0.000000000000000000, -1.000000000000000000 ) ) ;
#1136 = DIRECTION ( 'NONE',  ( 1.000000000000000000, -4.263446390183754050E-16, 0.000000000000000000 ) ) ;
#1137 = VERTEX_POINT ( 'NONE', #3736 ) ;
#1138 = ORIENTED_EDGE ( 'NONE', *, *, #2089, .T. ) ;
#1139 = CARTESIAN_POINT ( 'NONE',  ( -8.784850442146218796, 62.99283513020427705, 5.663495059654435337 ) ) ;
#1140 = CARTESIAN_POINT ( 'NONE',  ( 13.00000000000000178, 63.50494895489654112, 6.623537530759591618 ) ) ;
#1141 = DIRECTION ( 'NONE',  ( -0.8759792377278948772, 0.000000000000000000, -0.4823488105817781424 ) ) ;
#1142 = EDGE_CURVE ( 'NONE', #2239, #801, #4177, .T. ) ;
#1143 = DIRECTION ( 'NONE',  ( -1.000000000000000000, 4.263446390183754050E-16, 0.000000000000000000 ) ) ;
#1144 = ORIENTED_EDGE ( 'NONE', *, *, #4102, .T. ) ;
#1145 = DIRECTION ( 'NONE',  ( 0.1736481776669342170, 0.9848077530122073542, 0.000000000000000000 ) ) ;
#1146 = EDGE_LOOP ( 'NONE', ( #1057, #1952, #2098, #1112, #1445 ) ) ;
#1147 = CARTESIAN_POINT ( 'NONE',  ( -11.11111456782815132, 64.88206692404348530, 4.709983412050494422 ) ) ;
#1148 = LINE ( 'NONE', #96, #2641 ) ;
#1149 = CARTESIAN_POINT ( 'NONE',  ( 1.680864545864063198, 61.98500136188198439, 5.056778071445194200 ) ) ;
#1150 = CARTESIAN_POINT ( 'NONE',  ( 8.967472998498717374, 62.39802096931877884, 5.209572352208798662 ) ) ;
#1151 = EDGE_LOOP ( 'NONE', ( #3474, #2377, #861, #410 ) ) ;
#1152 = EDGE_LOOP ( 'NONE', ( #2250, #1209, #1534, #2697, #1470, #1318, #2593, #2565 ) ) ;
#1153 = CARTESIAN_POINT ( 'NONE',  ( 12.56672721026653505, 28.42570893477489591, 17.52570893477221148 ) ) ;
#1154 = B_SPLINE_CURVE_WITH_KNOTS ( 'NONE', 3,
 ( #3942, #4260, #1915, #300, #317, #4241, #1614, #14 ),
 .UNSPECIFIED., .F., .F.,
 ( 4, 2, 2, 4 ),
 ( 2.344548730441938060E-15, 0.0006477190937312847204, 0.001295438187460224745, 0.002590876374918105012 ),
 .UNSPECIFIED. ) ;
#1155 = DIRECTION ( 'NONE',  ( 0.000000000000000000, 0.000000000000000000, 1.000000000000000000 ) ) ;
#1156 = CARTESIAN_POINT ( 'NONE',  ( -8.971481600529983780, 63.61054592950275577, 5.875639343675955750 ) ) ;
#1157 = CARTESIAN_POINT ( 'NONE',  ( -8.728678323919544013, 63.14585294576767183, 5.855994227622913328 ) ) ;
#1158 = PLANE ( 'NONE',  #832 ) ;
#1159 = CARTESIAN_POINT ( 'NONE',  ( 8.637480590027077909, 63.50494895489654112, 6.547308577145643405 ) ) ;
#1160 = DIRECTION ( 'NONE',  ( -1.000000000000000000, 0.000000000000000000, 0.000000000000000000 ) ) ;
#1161 = CARTESIAN_POINT ( 'NONE',  ( 4.784775882955779348E-17, 57.60691563653039537, 0.000000000000000000 ) ) ;
#1162 = ORIENTED_EDGE ( 'NONE', *, *, #2212, .T. ) ;
#1163 = CARTESIAN_POINT ( 'NONE',  ( -9.423365096438715227, 61.73285051181836991, 4.706577211415474693 ) ) ;
#1164 = ORIENTED_EDGE ( 'NONE', *, *, #3221, .T. ) ;
#1165 = DIRECTION ( 'NONE',  ( -0.6963642403200263065, -0.1227878039689735967, -0.7071067811865401342 ) ) ;
#1166 = CARTESIAN_POINT ( 'NONE',  ( -13.99999999999999112, 0.000000000000000000, 0.09999999999999700795 ) ) ;
#1167 = CARTESIAN_POINT ( 'NONE',  ( -1.182520941389338942, 62.11989607959006321, 4.804852684110945127 ) ) ;
#1168 = CARTESIAN_POINT ( 'NONE',  ( -1.440994619700486368, 61.89385988485696544, 4.773965920903637361 ) ) ;
#1169 = ORIENTED_EDGE ( 'NONE', *, *, #4080, .T. ) ;
#1170 = VERTEX_POINT ( 'NONE', #468 ) ;
#1171 = EDGE_CURVE ( 'NONE', #4165, #2234, #3229, .T. ) ;
#1172 = CIRCLE ( 'NONE', #3998, 2.300000000000010036 ) ;
#1173 = EDGE_LOOP ( 'NONE', ( #1465, #2001, #3065, #1546 ) ) ;
#1174 = DIRECTION ( 'NONE',  ( -0.6963642403200260844, 0.1227878039689765943, 0.7071067811865398012 ) ) ;
#1175 = CARTESIAN_POINT ( 'NONE',  ( -8.291622314213835665, 65.12994147747420470, 6.025145076631980068 ) ) ;
#1176 = ORIENTED_EDGE ( 'NONE', *, *, #1374, .F. ) ;
#1177 = ORIENTED_EDGE ( 'NONE', *, *, #2734, .F. ) ;
#1178 = AXIS2_PLACEMENT_3D ( 'NONE', #2048, #3019, #3747 ) ;
#1179 = CARTESIAN_POINT ( 'NONE',  ( -8.814820338708875269, 62.90664827892633326, 5.573256598811600071 ) ) ;
#1180 = CARTESIAN_POINT ( 'NONE',  ( -1.733184783983264143, 63.50494895489652691, 7.000000000000002665 ) ) ;
#1181 = DIRECTION ( 'NONE',  ( -1.000000000000000000, 0.000000000000000000, 0.000000000000000000 ) ) ;
#1182 = VECTOR ( 'NONE', #61, 1000.000000000000114 ) ;
#1183 = VECTOR ( 'NONE', #614, 1000.000000000000000 ) ;
#1184 = EDGE_CURVE ( 'NONE', #1630, #2570, #3870, .T. ) ;
#1185 = CARTESIAN_POINT ( 'NONE',  ( -1.801895556292960388, 61.37477069597967017, 4.699999999999999289 ) ) ;
#1186 = EDGE_LOOP ( 'NONE', ( #1074, #4005, #568, #4181 ) ) ;
#1187 = CARTESIAN_POINT ( 'NONE',  ( -9.396842298002569649, 61.88326877639467938, 4.723104861855359715 ) ) ;
#1188 = EDGE_CURVE ( 'NONE', #1023, #1296, #2933, .T. ) ;
#1189 = AXIS2_PLACEMENT_3D ( 'NONE', #1481, #3803, #211 ) ;
#1190 = ORIENTED_EDGE ( 'NONE', *, *, #1288, .T. ) ;
#1191 = DIRECTION ( 'NONE',  ( -0.000000000000000000, -0.000000000000000000, -1.000000000000000000 ) ) ;
#1192 = FACE_OUTER_BOUND ( 'NONE', #3628, .T. ) ;
#1193 = DIRECTION ( 'NONE',  ( 1.000000000000000000, 5.337610695313253357E-16, 0.000000000000000000 ) ) ;
#1194 = CARTESIAN_POINT ( 'NONE',  ( -0.5302428048463402321, 62.57555441143673391, 5.081770768175528197 ) ) ;
#1195 = CONICAL_SURFACE ( 'NONE', #1048, 19.69999999999999929, 0.7853981633974657095 ) ;
#1196 = ORIENTED_EDGE ( 'NONE', *, *, #597, .T. ) ;
#1197 = CARTESIAN_POINT ( 'NONE',  ( 17.72653955421974459, 3.125667198004820513, 4.699999999999991296 ) ) ;
#1198 = CARTESIAN_POINT ( 'NONE',  ( -12.99999999999999822, 63.50494895489652691, 18.00000000000000355 ) ) ;
#1199 = CARTESIAN_POINT ( 'NONE',  ( 13.00000000000000000, 63.99685332808564908, 5.228513109124946823 ) ) ;
#1200 = VERTEX_POINT ( 'NONE', #1253 ) ;
#1201 = CARTESIAN_POINT ( 'NONE',  ( -8.902973920624242865, 62.62949520665968350, 5.346082762023299573 ) ) ;
#1202 = CARTESIAN_POINT ( 'NONE',  ( 8.795208941255964419, 63.50494895489655534, 6.107419331864519130 ) ) ;
#1203 = CARTESIAN_POINT ( 'NONE',  ( 9.053420755240104256, 62.02523506662588204, 5.068859828510223764 ) ) ;
#1204 = EDGE_CURVE ( 'NONE', #3759, #465, #2526, .T. ) ;
#1205 = ADVANCED_FACE ( 'NONE', ( #330 ), #620, .F. ) ;
#1206 = CARTESIAN_POINT ( 'NONE',  ( -1.733184783983243715, 61.95185537002140563, 5.050570684502728724 ) ) ;
#1207 = ORIENTED_EDGE ( 'NONE', *, *, #4008, .T. ) ;
#1208 = CARTESIAN_POINT ( 'NONE',  ( 8.998127716406571608, 63.50494895489652691, 12.31176876537974962 ) ) ;
#1209 = ORIENTED_EDGE ( 'NONE', *, *, #444, .T. ) ;
#1210 = VECTOR ( 'NONE', #3375, 1000.000000000000000 ) ;
#1211 = DIRECTION ( 'NONE',  ( 1.000000000000000000, 0.000000000000000000, 0.000000000000000000 ) ) ;
#1212 = CARTESIAN_POINT ( 'NONE',  ( -9.087771410516566561, 61.85583311292028696, 5.023190318471278282 ) ) ;
#1213 = AXIS2_PLACEMENT_3D ( 'NONE', #3784, #2380, #2732 ) ;
#1214 = CARTESIAN_POINT ( 'NONE',  ( -1.507117203463906874, 61.82167711110407993, 4.758156287178115562 ) ) ;
#1215 = CARTESIAN_POINT ( 'NONE',  ( 8.580771450642201259, 63.50578918217028246, 6.900264708870334829 ) ) ;
#1216 = PERSON_AND_ORGANIZATION ( #1119, #3192 ) ;
#1217 = VERTEX_POINT ( 'NONE', #1908 ) ;
#1218 = EDGE_CURVE ( 'NONE', #2811, #630, #2201, .T. ) ;
#1219 = FACE_OUTER_BOUND ( 'NONE', #100, .T. ) ;
#1220 = LINE ( 'NONE', #4183, #1036 ) ;
#1221 = ORIENTED_EDGE ( 'NONE', *, *, #2053, .F. ) ;
#1222 = CARTESIAN_POINT ( 'NONE',  ( 8.685390515901364239, 63.50494895489651270, 6.384520982550298207 ) ) ;
#1223 = CARTESIAN_POINT ( 'NONE',  ( -1.733184783983264143, 63.50494895489654112, 6.999999999999999112 ) ) ;
#1224 = AXIS2_PLACEMENT_3D ( 'NONE', #4137, #1851, #2458 ) ;
#1225 = ADVANCED_FACE ( 'NONE', ( #748 ), #2988, .F. ) ;
#1226 = DIRECTION ( 'NONE',  ( -0.1736481776669343280, 0.9848077530122072432, 0.000000000000000000 ) ) ;
#1227 = EDGE_LOOP ( 'NONE', ( #1105, #4242, #1995, #2499 ) ) ;
#1228 = DIRECTION ( 'NONE',  ( 1.000000000000000000, 0.000000000000000000, 0.000000000000000000 ) ) ;
#1229 = ORIENTED_EDGE ( 'NONE', *, *, #3763, .F. ) ;
#1230 = DIRECTION ( 'NONE',  ( -1.000000000000000000, 0.000000000000000000, 0.000000000000000000 ) ) ;
#1231 = CARTESIAN_POINT ( 'NONE',  ( -1.037157053681033059, 62.39403011149524048, 5.079461000207402321 ) ) ;
#1232 = CARTESIAN_POINT ( 'NONE',  ( 8.745663839999981093, 63.08988940556045577, 5.784947564490562577 ) ) ;
#1233 = ADVANCED_FACE ( 'NONE', ( #1427 ), #701, .T. ) ;
#1234 = ORIENTED_EDGE ( 'NONE', *, *, #1051, .T. ) ;
#1235 = ADVANCED_FACE ( 'NONE', ( #1448 ), #3344, .F. ) ;
#1236 = CARTESIAN_POINT ( 'NONE',  ( -8.221568173015089798, 57.60691563653040248, 0.000000000000000000 ) ) ;
#1237 = CARTESIAN_POINT ( 'NONE',  ( -8.152568689181693529, 65.37144844093160145, 5.681936383432478976 ) ) ;
#1238 = ORIENTED_EDGE ( 'NONE', *, *, #2255, .F. ) ;
#1239 = CARTESIAN_POINT ( 'NONE',  ( -9.088992422089928525, 63.24760320320565654, 5.402581233433183527 ) ) ;
#1240 = ORIENTED_EDGE ( 'NONE', *, *, #2374, .T. ) ;
#1241 = CIRCLE ( 'NONE', #1856, 19.90000000000001634 ) ;
#1242 = DIRECTION ( 'NONE',  ( -0.000000000000000000, -0.000000000000000000, -1.000000000000000000 ) ) ;
#1243 = CARTESIAN_POINT ( 'NONE',  ( 1.583095490078660239, 63.50494895489652691, 6.999999995526959395 ) ) ;
#1244 = CIRCLE ( 'NONE', #3800, 1.599999999999998979 ) ;
#1245 = ADVANCED_FACE ( 'NONE', ( #1383 ), #3702, .T. ) ;
#1246 = CIRCLE ( 'NONE', #1447, 20.00000000000001776 ) ;
#1247 = CARTESIAN_POINT ( 'NONE',  ( -1.255163122640981621, 62.27583471672889459, 5.076720544713853478 ) ) ;
#1248 = ORIENTED_EDGE ( 'NONE', *, *, #4125, .F. ) ;
#1249 = CARTESIAN_POINT ( 'NONE',  ( 8.924699919733098952, 62.55461499300220396, 5.297535688045541313 ) ) ;
#1250 = EDGE_CURVE ( 'NONE', #558, #1023, #3721, .T. ) ;
#1251 = ORIENTED_EDGE ( 'NONE', *, *, #817, .T. ) ;
#1252 = CARTESIAN_POINT ( 'NONE',  ( -7.398127716406603049, 63.50494895489652691, 12.31176876537979759 ) ) ;
#1253 = CARTESIAN_POINT ( 'NONE',  ( 1.523139917828622236, 57.50691563653040106, 4.699999999999991296 ) ) ;
#1254 = CARTESIAN_POINT ( 'NONE',  ( 0.000000000000000000, -2.775557561562891351E-14, 0.000000000000000000 ) ) ;
#1255 = EDGE_LOOP ( 'NONE', ( #89, #309, #983, #1340 ) ) ;
#1256 = DIRECTION ( 'NONE',  ( 1.000000000000000000, 1.061766890363825891E-16, 0.000000000000000000 ) ) ;
#1257 = ORIENTED_EDGE ( 'NONE', *, *, #3496, .T. ) ;
#1258 = CONICAL_SURFACE ( 'NONE', #1593, 2.099999999999976996, 0.7853981633973636800 ) ;
#1259 = CARTESIAN_POINT ( 'NONE',  ( -8.137658209897370654, 57.50691563653041527, 4.699999999999991296 ) ) ;
#1260 = CARTESIAN_POINT ( 'NONE',  ( 0.000000000000000000, -2.775557561562891351E-14, 0.1000000000000228206 ) ) ;
#1261 = EDGE_LOOP ( 'NONE', ( #262, #1883, #3961, #1933 ) ) ;
#1262 = PRODUCT_DEFINITION_FORMATION_WITH_SPECIFIED_SOURCE ( 'ANY', '', #4207, .NOT_KNOWN. ) ;
#1263 = EDGE_CURVE ( 'NONE', #1861, #3414, #3635, .T. ) ;
#1264 = CARTESIAN_POINT ( 'NONE',  ( 8.631646680390355542, 63.38793452790965688, 6.325805243043964410 ) ) ;
#1265 = CARTESIAN_POINT ( 'NONE',  ( -0.5909666555864099280, 63.50494895489652691, 5.644377321161102579 ) ) ;
#1266 = FACE_OUTER_BOUND ( 'NONE', #2262, .T. ) ;
#1267 = CARTESIAN_POINT ( 'NONE',  ( -1.514933748399016400, 62.10259942882117912, 5.068668220692984505 ) ) ;
#1268 = CARTESIAN_POINT ( 'NONE',  ( 8.909016956129359954, 62.60896201326880828, 5.332316327350001828 ) ) ;
#1269 = EDGE_CURVE ( 'NONE', #3151, #3694, #1775, .T. ) ;
#1270 = ORIENTED_EDGE ( 'NONE', *, *, #1560, .F. ) ;
#1271 = CARTESIAN_POINT ( 'NONE',  ( -7.191750599180784853, 7.982702362354055836, 7.717297637645746278 ) ) ;
#1272 = CARTESIAN_POINT ( 'NONE',  ( 7.600000000000024514, -2.682484404827692260E-14, 0.000000000000000000 ) ) ;
#1273 = CARTESIAN_POINT ( 'NONE',  ( -9.105343953823593850, 61.76917371940776746, 5.017529667534239124 ) ) ;
#1274 = DIRECTION ( 'NONE',  ( 0.7071067811865595631, 0.000000000000000000, 0.7071067811865354713 ) ) ;
#1275 = CARTESIAN_POINT ( 'NONE',  ( 8.685130102862819612, 63.24701590676713892, 6.023761638834893795 ) ) ;
#1276 = CIRCLE ( 'NONE', #3688, 2.000000000000000000 ) ;
#1277 = DIRECTION ( 'NONE',  ( -7.507825682156083418E-17, 0.7071067811865414665, -0.7071067811865536790 ) ) ;
#1278 = ORIENTED_EDGE ( 'NONE', *, *, #3299, .F. ) ;
#1279 = AXIS2_PLACEMENT_3D ( 'NONE', #522, #4178, #3853 ) ;
#1280 = DIRECTION ( 'NONE',  ( -1.000000000000000000, 0.000000000000000000, 0.000000000000000000 ) ) ;
#1281 = CARTESIAN_POINT ( 'NONE',  ( 10.59812771640656770, 64.88206692404349951, 12.31176876537974962 ) ) ;
#1282 = ORIENTED_EDGE ( 'NONE', *, *, #625, .T. ) ;
#1283 = CARTESIAN_POINT ( 'NONE',  ( -8.869217026174716523, 63.89154253802879424, 6.687476270883512264 ) ) ;
#1284 = EDGE_LOOP ( 'NONE', ( #908, #2778, #3931, #4072, #3421 ) ) ;
#1285 = CARTESIAN_POINT ( 'NONE',  ( 8.585113094599373440, 63.49598265184601331, 6.780710009192595145 ) ) ;
#1286 = CARTESIAN_POINT ( 'NONE',  ( 0.08341256497032459305, 63.50494895489653402, 5.675698457573725264 ) ) ;
#1287 = CARTESIAN_POINT ( 'NONE',  ( 8.357531816670578095, 65.00970651610330719, 6.282453654366985774 ) ) ;
#1288 = EDGE_CURVE ( 'NONE', #2430, #2765, #404, .T. ) ;
#1289 = CARTESIAN_POINT ( 'NONE',  ( -1.330061060933251937, 62.22849864178055412, 5.075042196513367188 ) ) ;
#1290 = ORIENTED_EDGE ( 'NONE', *, *, #767, .F. ) ;
#1291 = LINE ( 'NONE', #1271, #577 ) ;
#1292 = CARTESIAN_POINT ( 'NONE',  ( -8.927072667694384123, 62.54688721405211993, 5.291905930255091484 ) ) ;
#1293 = PLANE ( 'NONE',  #4212 ) ;
#1294 = CARTESIAN_POINT ( 'NONE',  ( 8.597203206734180370, 63.45787144783309230, 6.586727255285480531 ) ) ;
#1295 = CARTESIAN_POINT ( 'NONE',  ( -8.137658209897370654, 57.50691563653041527, 0.000000000000000000 ) ) ;
#1296 = VERTEX_POINT ( 'NONE', #79 ) ;
#1297 = FACE_OUTER_BOUND ( 'NONE', #1974, .T. ) ;
#1298 = CARTESIAN_POINT ( 'NONE',  ( 1.091549331398548039, 62.18429635161292879, 4.811274674640866778 ) ) ;
#1299 = CARTESIAN_POINT ( 'NONE',  ( 13.00000000000000533, 64.88206692404351372, 6.548248776662325632 ) ) ;
#1300 = CARTESIAN_POINT ( 'NONE',  ( -2.072179889736914582, 61.50494895489653402, 5.000000000000000000 ) ) ;
#1301 = ORIENTED_EDGE ( 'NONE', *, *, #1726, .F. ) ;
#1302 = ADVANCED_FACE ( 'NONE', ( #104 ), #320, .T. ) ;
#1303 = CARTESIAN_POINT ( 'NONE',  ( 0.2004675984271681588, 63.50494895489652691, 5.672819871274150216 ) ) ;
#1304 = ORIENTED_EDGE ( 'NONE', *, *, #1498, .T. ) ;
#1305 = AXIS2_PLACEMENT_3D ( 'NONE', #1503, #1191, #466 ) ;
#1306 = AXIS2_PLACEMENT_3D ( 'NONE', #3835, #566, #1531 ) ;
#1307 = CARTESIAN_POINT ( 'NONE',  ( -0.6120237179548541073, 62.55475277237923848, 5.081591211961134391 ) ) ;
#1308 = EDGE_CURVE ( 'NONE', #558, #2419, #2786, .T. ) ;
#1309 = EDGE_CURVE ( 'NONE', #1652, #130, #3768, .T. ) ;
#1310 = ORIENTED_EDGE ( 'NONE', *, *, #3844, .F. ) ;
#1311 = CIRCLE ( 'NONE', #3727, 1.700000000000007061 ) ;
#1312 = CARTESIAN_POINT ( 'NONE',  ( -20.00000000000001776, -2.530628201733420739E-14, 0.1000000000000011297 ) ) ;
#1313 = CARTESIAN_POINT ( 'NONE',  ( -1.523139917828615797, 57.50691563653041527, 0.000000000000000000 ) ) ;
#1314 = CIRCLE ( 'NONE', #1660, 9.493084363469568743 ) ;
#1315 = DIRECTION ( 'NONE',  ( -1.000000000000000000, 0.000000000000000000, 0.000000000000000000 ) ) ;
#1316 = CARTESIAN_POINT ( 'NONE',  ( 0.000000000000000000, -2.775557561562891351E-14, 4.699999999999991296 ) ) ;
#1317 = CARTESIAN_POINT ( 'NONE',  ( 10.59812771640656059, 78.50494895489653402, 12.31176876537974962 ) ) ;
#1318 = ORIENTED_EDGE ( 'NONE', *, *, #586, .T. ) ;
#1319 = CARTESIAN_POINT ( 'NONE',  ( -0.1447273137316367753, 62.50294763089630834, 4.834667380351830523 ) ) ;
#1320 = CARTESIAN_POINT ( 'NONE',  ( 1.495393820959524112, 61.83502563582442235, 4.761558864484007891 ) ) ;
#1321 = DIRECTION ( 'NONE',  ( 0.1736481776669342170, 0.9848077530122073542, 0.000000000000000000 ) ) ;
#1322 = ORIENTED_EDGE ( 'NONE', *, *, #269, .F. ) ;
#1323 = AXIS2_PLACEMENT_3D ( 'NONE', #2081, #1479, #3075 ) ;
#1324 = AXIS2_PLACEMENT_3D ( 'NONE', #1208, #1543, #1228 ) ;
#1325 = CARTESIAN_POINT ( 'NONE',  ( 0.1238627424412136468, 63.50494895489652691, 6.733960841142332399 ) ) ;
#1326 = ORIENTED_EDGE ( 'NONE', *, *, #2696, .T. ) ;
#1327 = EDGE_CURVE ( 'NONE', #3672, #2164, #1723, .T. ) ;
#1328 = EDGE_CURVE ( 'NONE', #801, #1715, #720, .T. ) ;
#1329 = CARTESIAN_POINT ( 'NONE',  ( -0.5347452868659245961, 62.57425991105147745, 5.081758810010203575 ) ) ;
#1330 = LINE ( 'NONE', #388, #86 ) ;
#1331 = CARTESIAN_POINT ( 'NONE',  ( 9.625083158780295634, 10.98263518223327040, 0.000000000000000000 ) ) ;
#1332 = DIRECTION ( 'NONE',  ( -5.337610695313253357E-16, 1.000000000000000000, -0.000000000000000000 ) ) ;
#1333 = DIRECTION ( 'NONE',  ( -0.000000000000000000, -0.000000000000000000, -1.000000000000000000 ) ) ;
#1334 = ORIENTED_EDGE ( 'NONE', *, *, #208, .F. ) ;
#1335 = DIRECTION ( 'NONE',  ( -0.1736481776669344668, 0.9848077530122072432, 0.000000000000000000 ) ) ;
#1336 = CARTESIAN_POINT ( 'NONE',  ( -10.78320245096497842, 63.50494895489654112, 4.277984854160197692 ) ) ;
#1337 = CARTESIAN_POINT ( 'NONE',  ( -0.5695264293179009840, 62.42542520273445916, 4.829867201535029686 ) ) ;
#1338 = CARTESIAN_POINT ( 'NONE',  ( 0.2832245040296079153, 62.48708131850796832, 4.833712446143968222 ) ) ;
#1339 = CARTESIAN_POINT ( 'NONE',  ( 1.507117203463703925, 61.82167711110432151, 4.758156287178181287 ) ) ;
#1340 = ORIENTED_EDGE ( 'NONE', *, *, #1171, .F. ) ;
#1341 = EDGE_CURVE ( 'NONE', #2032, #1786, #1083, .T. ) ;
#1342 = VERTEX_POINT ( 'NONE', #3717 ) ;
#1343 = LINE ( 'NONE', #3988, #1581 ) ;
#1344 = EDGE_CURVE ( 'NONE', #1640, #463, #2465, .T. ) ;
#1345 = CARTESIAN_POINT ( 'NONE',  ( 0.3631400105836982695, 62.60831668030832020, 5.082017648529048692 ) ) ;
#1346 = CARTESIAN_POINT ( 'NONE',  ( 8.828227088531498623, 62.86684907289880186, 5.535335483136756274 ) ) ;
#1347 = DIRECTION ( 'NONE',  ( 0.000000000000000000, 0.000000000000000000, -1.000000000000000000 ) ) ;
#1348 = DIRECTION ( 'NONE',  ( -0.000000000000000000, -0.000000000000000000, 1.000000000000000000 ) ) ;
#1349 = CARTESIAN_POINT ( 'NONE',  ( 11.64779464400674769, 63.96512485494554312, 4.765644018892775335 ) ) ;
#1350 = LINE ( 'NONE', #1951, #2842 ) ;
#1351 = AXIS2_PLACEMENT_3D ( 'NONE', #1764, #140, #1893 ) ;
#1352 = ORIENTED_EDGE ( 'NONE', *, *, #2606, .T. ) ;
#1353 = CARTESIAN_POINT ( 'NONE',  ( -2.300000000000009148, 60.50691563653041527, 5.000000000000000000 ) ) ;
#1354 = CARTESIAN_POINT ( 'NONE',  ( -9.534829094230071078, 63.50494895489652691, 2.950562513944916532 ) ) ;
#1355 = CARTESIAN_POINT ( 'NONE',  ( -9.007244137577099963, 63.50494895489652691, 5.711590350538845229 ) ) ;
#1356 = CARTESIAN_POINT ( 'NONE',  ( 0.3536638608655928162, 62.47572111305238707, 4.833021126804952772 ) ) ;
#1357 = CARTESIAN_POINT ( 'NONE',  ( 9.047486180979948500, 63.38159304406673300, 5.549072874182375159 ) ) ;
#1358 = EDGE_LOOP ( 'NONE', ( #2625, #4083, #3315, #2342 ) ) ;
#1359 = EDGE_CURVE ( 'NONE', #1438, #1979, #760, .T. ) ;
#1360 = ADVANCED_FACE ( 'NONE', ( #3116 ), #4095, .T. ) ;
#1361 = VERTEX_POINT ( 'NONE', #200 ) ;
#1362 = EDGE_CURVE ( 'NONE', #3202, #3156, #3461, .T. ) ;
#1363 = DIRECTION ( 'NONE',  ( 0.000000000000000000, 0.000000000000000000, -1.000000000000000000 ) ) ;
#1364 = VERTEX_POINT ( 'NONE', #1489 ) ;
#1365 = CARTESIAN_POINT ( 'NONE',  ( 1.238807949090353633, 62.28489074560400240, 5.076905933400892579 ) ) ;
#1366 = AXIS2_PLACEMENT_3D ( 'NONE', #1084, #3719, #1820 ) ;
#1367 = DIRECTION ( 'NONE',  ( 5.337610695313253357E-16, -1.000000000000000000, -0.000000000000000000 ) ) ;
#1368 = DIRECTION ( 'NONE',  ( 1.000000000000000000, 0.000000000000000000, 0.000000000000000000 ) ) ;
#1369 = ORIENTED_EDGE ( 'NONE', *, *, #2742, .T. ) ;
#1370 = CARTESIAN_POINT ( 'NONE',  ( -8.813601844493806681, 63.50494895489654112, 6.067296549986794574 ) ) ;
#1371 = AXIS2_PLACEMENT_3D ( 'NONE', #885, #3771, #863 ) ;
#1372 = ORIENTED_EDGE ( 'NONE', *, *, #3531, .T. ) ;
#1373 = CARTESIAN_POINT ( 'NONE',  ( -9.075475126747061694, 63.50494895489652691, 1.822259247869373766 ) ) ;
#1374 = EDGE_CURVE ( 'NONE', #1170, #2902, #4143, .T. ) ;
#1375 = CARTESIAN_POINT ( 'NONE',  ( 1.486527750702191009, 61.84503005029640832, 4.763987878238343576 ) ) ;
#1376 = CARTESIAN_POINT ( 'NONE',  ( -0.9874527890431907817, 62.24651385900340017, 4.816673244798351128 ) ) ;
#1377 = ORIENTED_EDGE ( 'NONE', *, *, #3092, .T. ) ;
#1378 = CONICAL_SURFACE ( 'NONE', #1989, 1.600000000000002531, 0.7853981633974653764 ) ;
#1379 = CIRCLE ( 'NONE', #2338, 1.600000000000002531 ) ;
#1380 = ORIENTED_EDGE ( 'NONE', *, *, #3379, .F. ) ;
#1381 = CARTESIAN_POINT ( 'NONE',  ( 1.507117203463703925, 61.82167711110432151, 4.758156287178181287 ) ) ;
#1382 = EDGE_LOOP ( 'NONE', ( #2479, #2109, #2485, #2913 ) ) ;
#1383 = FACE_OUTER_BOUND ( 'NONE', #1227, .T. ) ;
#1384 = TOROIDAL_SURFACE ( 'NONE', #2222, 13.49308436346956874, 4.000000000000000000 ) ;
#1385 = ORIENTED_EDGE ( 'NONE', *, *, #2866, .F. ) ;
#1386 = CIRCLE ( 'NONE', #3040, 19.90000000000001634 ) ;
#1387 = CARTESIAN_POINT ( 'NONE',  ( 1.625866650272663305, 62.02311570977408195, 5.061756977658863121 ) ) ;
#1388 = CARTESIAN_POINT ( 'NONE',  ( -12.99999999999999822, 63.50494895489652691, 20.00000000000000000 ) ) ;
#1389 = CARTESIAN_POINT ( 'NONE',  ( 13.00000000000000178, 64.88206692404349951, 6.767253565835216200 ) ) ;
#1390 = ORIENTED_EDGE ( 'NONE', *, *, #500, .T. ) ;
#1391 = LINE ( 'NONE', #484, #2176 ) ;
#1392 = CARTESIAN_POINT ( 'NONE',  ( 9.370575708407580251, 62.03223400842810520, 4.749503667858305356 ) ) ;
#1393 = ORIENTED_EDGE ( 'NONE', *, *, #406, .T. ) ;
#1394 = DIRECTION ( 'NONE',  ( 1.000000000000000000, 0.000000000000000000, 0.000000000000000000 ) ) ;
#1395 = CARTESIAN_POINT ( 'NONE',  ( -9.643453901668834760, 63.50494895489652691, 3.125545140434381697 ) ) ;
#1396 = DIRECTION ( 'NONE',  ( -0.7071067811865444641, 8.659560562354895880E-17, 0.7071067811865505703 ) ) ;
#1397 = CARTESIAN_POINT ( 'NONE',  ( 0.07130843743564374559, 62.50690152113470788, 4.834895432062857878 ) ) ;
#1398 = ORIENTED_EDGE ( 'NONE', *, *, #586, .F. ) ;
#1399 = EDGE_LOOP ( 'NONE', ( #541, #480, #381, #3481 ) ) ;
#1400 = CARTESIAN_POINT ( 'NONE',  ( -8.226369619475773831, 78.50494895489653402, 13.71333554574443347 ) ) ;
#1401 = CARTESIAN_POINT ( 'NONE',  ( -9.723563934081520088, 10.99999999999997158, 0.09999999999998884781 ) ) ;
#1402 = PLANE ( 'NONE',  #1044 ) ;
#1403 = ORIENTED_EDGE ( 'NONE', *, *, #2415, .F. ) ;
#1404 = CARTESIAN_POINT ( 'NONE',  ( -9.348863081143784726, 62.15537243668536860, 4.779188802786749513 ) ) ;
#1405 = VECTOR ( 'NONE', #1676, 999.9999999999998863 ) ;
#1406 = DIRECTION ( 'NONE',  ( 0.000000000000000000, 0.000000000000000000, 1.000000000000000000 ) ) ;
#1407 = AXIS2_PLACEMENT_3D ( 'NONE', #3291, #2704, #1971 ) ;
#1408 = DIRECTION ( 'NONE',  ( -1.000000000000000000, 0.000000000000000000, 0.000000000000000000 ) ) ;
#1409 = EDGE_CURVE ( 'NONE', #15, #873, #1107, .T. ) ;
#1410 = EDGE_CURVE ( 'NONE', #2592, #191, #2488, .T. ) ;
#1411 = CARTESIAN_POINT ( 'NONE',  ( -7.500000000000000000, -2.683709051626839674E-14, 4.700000000000023270 ) ) ;
#1412 = CARTESIAN_POINT ( 'NONE',  ( 1.644536634468363845, 61.64533354210255567, 4.721044885507359012 ) ) ;
#1413 = ORIENTED_EDGE ( 'NONE', *, *, #3002, .F. ) ;
#1414 = CARTESIAN_POINT ( 'NONE',  ( 4.795181743609456149, 13.85733753504436727, 1.842662464955596713 ) ) ;
#1415 = CARTESIAN_POINT ( 'NONE',  ( -8.684749717099093047, 63.50494895489651270, 6.384737395291193884 ) ) ;
#1416 = ORIENTED_EDGE ( 'NONE', *, *, #2896, .F. ) ;
#1417 = CARTESIAN_POINT ( 'NONE',  ( 8.424767174428213323, 64.88206692404349951, 1.223151546216798558 ) ) ;
#1418 = CARTESIAN_POINT ( 'NONE',  ( 9.723563934081532523, 10.99999999999997158, 0.1000000000000148270 ) ) ;
#1419 = CARTESIAN_POINT ( 'NONE',  ( -1.351165412002842903, 61.98151606796016466, 4.788124443300664446 ) ) ;
#1420 = CARTESIAN_POINT ( 'NONE',  ( -1.223319805207735200, 62.08955238999018889, 4.801643336169882481 ) ) ;
#1421 = DIRECTION ( 'NONE',  ( -0.7071067811865595631, 8.659560562355080770E-17, 0.7071067811865354713 ) ) ;
#1422 = EDGE_LOOP ( 'NONE', ( #2307, #2196, #2937, #3233, #4257 ) ) ;
#1423 = EDGE_LOOP ( 'NONE', ( #1352, #3750, #2129, #2963 ) ) ;
#1424 = CARTESIAN_POINT ( 'NONE',  ( -8.630232434340918246, 63.39129889709606402, 6.334779232777188795 ) ) ;
#1425 = CARTESIAN_POINT ( 'NONE',  ( 1.284247211982853775E-15, 60.50691563653041527, 5.000000000000000000 ) ) ;
#1426 = DIRECTION ( 'NONE',  ( 1.000000000000000000, 1.061766890363825891E-16, 0.000000000000000000 ) ) ;
#1427 = FACE_OUTER_BOUND ( 'NONE', #4135, .T. ) ;
#1428 = EDGE_CURVE ( 'NONE', #3883, #191, #2046, .T. ) ;
#1429 = ORIENTED_EDGE ( 'NONE', *, *, #1015, .F. ) ;
#1430 = CARTESIAN_POINT ( 'NONE',  ( -16.43656300145148208, 11.01736481776665322, 0.000000000000000000 ) ) ;
#1431 = CARTESIAN_POINT ( 'NONE',  ( 8.998127716406562726, 78.50494895489653402, 12.31176876537974962 ) ) ;
#1432 = DIRECTION ( 'NONE',  ( 5.337610695313253357E-16, -1.000000000000000000, -0.000000000000000000 ) ) ;
#1433 = CARTESIAN_POINT ( 'NONE',  ( -1.761689925975328253, 61.45483374066636628, 4.701382309261587622 ) ) ;
#1434 = DIRECTION ( 'NONE',  ( -0.000000000000000000, -0.000000000000000000, -1.000000000000000000 ) ) ;
#1435 = ADVANCED_FACE ( 'NONE', ( #2715 ), #3215, .F. ) ;
#1436 = DIRECTION ( 'NONE',  ( -1.000000000000000000, 0.000000000000000000, 0.000000000000000000 ) ) ;
#1437 = VECTOR ( 'NONE', #911, 1000.000000000000000 ) ;
#1438 = VERTEX_POINT ( 'NONE', #658 ) ;
#1439 = CARTESIAN_POINT ( 'NONE',  ( -10.70924162247460032, 64.88206692404348530, 4.530869807060708077 ) ) ;
#1440 = CARTESIAN_POINT ( 'NONE',  ( -1.296731228075057363, 62.02967683747846195, 4.794560319569308504 ) ) ;
#1441 = CARTESIAN_POINT ( 'NONE',  ( 1.690704925789894508, 61.97842981276672703, 5.055744152313816464 ) ) ;
#1442 = CARTESIAN_POINT ( 'NONE',  ( 9.204106060084992436, 62.83208834903794582, 5.070574969231549822 ) ) ;
#1443 = VERTEX_POINT ( 'NONE', #1353 ) ;
#1444 = AXIS2_PLACEMENT_3D ( 'NONE', #2097, #3418, #3463 ) ;
#1445 = ORIENTED_EDGE ( 'NONE', *, *, #2514, .F. ) ;
#1446 = DIRECTION ( 'NONE',  ( -0.1736481776669344668, 0.9848077530122072432, 0.000000000000000000 ) ) ;
#1447 = AXIS2_PLACEMENT_3D ( 'NONE', #2103, #3068, #687 ) ;
#1448 = FACE_OUTER_BOUND ( 'NONE', #2858, .T. ) ;
#1449 = VECTOR ( 'NONE', #370, 1000.000000000000000 ) ;
#1450 = ORIENTED_EDGE ( 'NONE', *, *, #1985, .T. ) ;
#1451 = LINE ( 'NONE', #3285, #1029 ) ;
#1452 = CARTESIAN_POINT ( 'NONE',  ( -8.756194307899717089, 63.07221837169697665, 5.757300131376980268 ) ) ;
#1453 = CARTESIAN_POINT ( 'NONE',  ( 8.827213033953103860, 63.50494895489655534, 6.040134048540886091 ) ) ;
#1454 = CARTESIAN_POINT ( 'NONE',  ( -7.600000000000024514, -2.775557561562891351E-14, 0.000000000000000000 ) ) ;
#1455 = VECTOR ( 'NONE', #3240, 1000.000000000000000 ) ;
#1456 = CARTESIAN_POINT ( 'NONE',  ( 1.284247211982853775E-15, 60.50691563653041527, 5.000000000000000000 ) ) ;
#1457 = ORIENTED_EDGE ( 'NONE', *, *, #346, .F. ) ;
#1458 = LOCAL_TIME ( 19, 46, 37.00000000000000000, #758 ) ;
#1459 = ORIENTED_EDGE ( 'NONE', *, *, #4142, .T. ) ;
#1460 = LINE ( 'NONE', #2133, #1556 ) ;
#1461 = PLANE ( 'NONE',  #259 ) ;
#1462 = CARTESIAN_POINT ( 'NONE',  ( 1.071856441282668104, 62.37683507529253291, 5.079136860568968181 ) ) ;
#1463 = CARTESIAN_POINT ( 'NONE',  ( 8.871088131883652750, 62.73476881995827625, 5.421786684863948658 ) ) ;
#1464 = CALENDAR_DATE ( 2026, 15, 8 ) ;
#1465 = ORIENTED_EDGE ( 'NONE', *, *, #3844, .T. ) ;
#1466 = VERTEX_POINT ( 'NONE', #675 ) ;
#1467 = CARTESIAN_POINT ( 'NONE',  ( -8.588932452058735123, 63.48723831573775556, 6.728240235572179984 ) ) ;
#1468 = DIRECTION ( 'NONE',  ( -0.000000000000000000, -0.000000000000000000, -1.000000000000000000 ) ) ;
#1469 = CARTESIAN_POINT ( 'NONE',  ( 2.000000000000001776, 60.50691563653041527, 0.09999999999999333034 ) ) ;
#1470 = ORIENTED_EDGE ( 'NONE', *, *, #3661, .T. ) ;
#1471 = VECTOR ( 'NONE', #1725, 1000.000000000000114 ) ;
#1472 = CARTESIAN_POINT ( 'NONE',  ( -8.582124432765498412, 63.50271259993287032, 6.890596688010359294 ) ) ;
#1473 = CARTESIAN_POINT ( 'NONE',  ( -8.904832818279334816, 62.62319881170711255, 5.341831329907959613 ) ) ;
#1474 = CARTESIAN_POINT ( 'NONE',  ( 8.722904294244180790, 63.50494895489655534, 6.278296954891494863 ) ) ;
#1475 = VECTOR ( 'NONE', #802, 1000.000000000000114 ) ;
#1476 = FACE_OUTER_BOUND ( 'NONE', #3127, .T. ) ;
#1477 = AXIS2_PLACEMENT_3D ( 'NONE', #2316, #3669, #689 ) ;
#1478 = EDGE_CURVE ( 'NONE', #144, #2811, #337, .T. ) ;
#1479 = DIRECTION ( 'NONE',  ( -0.000000000000000000, -0.000000000000000000, 1.000000000000000000 ) ) ;
#1480 = ORIENTED_EDGE ( 'NONE', *, *, #817, .F. ) ;
#1481 = CARTESIAN_POINT ( 'NONE',  ( -9.348863081143788278, 62.15537243668536860, 0.1000000000000011297 ) ) ;
#1482 = VERTEX_POINT ( 'NONE', #1997 ) ;
#1483 = CARTESIAN_POINT ( 'NONE',  ( 9.482212376409540511, 64.88206692404348530, 3.596106825182241007 ) ) ;
#1484 = CARTESIAN_POINT ( 'NONE',  ( 0.3037016011101547619, 62.61725957742529403, 5.082078558720786177 ) ) ;
#1485 = CARTESIAN_POINT ( 'NONE',  ( 8.885145902904282522, 62.68936294791548391, 5.387409779087390937 ) ) ;
#1486 = ORIENTED_EDGE ( 'NONE', *, *, #3991, .F. ) ;
#1487 = APPLICATION_CONTEXT ( 'configuration controlled 3d designs of mechanical parts and assemblies' ) ;
#1488 = EDGE_LOOP ( 'NONE', ( #692, #3085, #2761, #1680 ) ) ;
#1489 = CARTESIAN_POINT ( 'NONE',  ( -10.99999999999999289, 63.50494895489652691, 20.00000000000000000 ) ) ;
#1490 = DIRECTION ( 'NONE',  ( -1.000000000000000000, 0.000000000000000000, 0.000000000000000000 ) ) ;
#1491 = LINE ( 'NONE', #2145, #638 ) ;
#1492 = CARTESIAN_POINT ( 'NONE',  ( -8.873140699521645303, 63.88126379848305447, 6.621876688570502267 ) ) ;
#1493 = EDGE_CURVE ( 'NONE', #3709, #1690, #2518, .T. ) ;
#1494 = ADVANCED_FACE ( 'NONE', ( #12 ), #702, .F. ) ;
#1495 = DIRECTION ( 'NONE',  ( 0.000000000000000000, 0.000000000000000000, 1.000000000000000000 ) ) ;
#1496 = CARTESIAN_POINT ( 'NONE',  ( 1.800741170993366502, 61.88450602877182405, 5.035133771307832795 ) ) ;
#1497 = DIRECTION ( 'NONE',  ( -0.000000000000000000, -0.000000000000000000, -1.000000000000000000 ) ) ;
#1498 = EDGE_CURVE ( 'NONE', #2838, #4014, #155, .T. ) ;
#1499 = CARTESIAN_POINT ( 'NONE',  ( -1.975792286568691658, 61.66478779045138481, 5.004991015297943768 ) ) ;
#1500 = ORIENTED_EDGE ( 'NONE', *, *, #2863, .T. ) ;
#1501 = CARTESIAN_POINT ( 'NONE',  ( -7.500000000000000000, -2.683709051626839674E-14, 0.000000000000000000 ) ) ;
#1502 = ORIENTED_EDGE ( 'NONE', *, *, #474, .T. ) ;
#1503 = CARTESIAN_POINT ( 'NONE',  ( -13.99999999999999112, 0.000000000000000000, 0.000000000000000000 ) ) ;
#1504 = CARTESIAN_POINT ( 'NONE',  ( -9.348863081143788278, 62.15537243668536860, 4.699999999999991296 ) ) ;
#1505 = DIRECTION ( 'NONE',  ( -0.000000000000000000, -0.000000000000000000, -1.000000000000000000 ) ) ;
#1506 = CARTESIAN_POINT ( 'NONE',  ( -9.158922306303754368, 61.50494895489652691, 5.000000000000000000 ) ) ;
#1507 = CARTESIAN_POINT ( 'NONE',  ( -0.3235942667491401026, 62.61428375730798734, 5.082058210685447719 ) ) ;
#1508 = CARTESIAN_POINT ( 'NONE',  ( 8.600009667328027518, 63.46186691151585535, 6.586106414907841433 ) ) ;
#1509 = APPROVAL_DATE_TIME ( #1836, #1671 ) ;
#1510 = ORIENTED_EDGE ( 'NONE', *, *, #1344, .F. ) ;
#1511 = DIRECTION ( 'NONE',  ( 0.000000000000000000, 0.000000000000000000, 1.000000000000000000 ) ) ;
#1512 = VECTOR ( 'NONE', #4182, 1000.000000000000000 ) ;
#1513 = CARTESIAN_POINT ( 'NONE',  ( -12.99999999999999645, 65.05371267239421229, 5.237007305401707669 ) ) ;
#1514 = FACE_OUTER_BOUND ( 'NONE', #3415, .T. ) ;
#1515 = VECTOR ( 'NONE', #962, 1000.000000000000227 ) ;
#1516 = CARTESIAN_POINT ( 'NONE',  ( -8.823668968762914844, 62.88045073690673803, 5.548101728144700040 ) ) ;
#1517 = LINE ( 'NONE', #1865, #158 ) ;
#1518 = LINE ( 'NONE', #3943, #437 ) ;
#1519 = CARTESIAN_POINT ( 'NONE',  ( -9.834261764111849047, 1.734045684362585105, 4.699999999999977973 ) ) ;
#1520 = ORIENTED_EDGE ( 'NONE', *, *, #1973, .F. ) ;
#1521 = CARTESIAN_POINT ( 'NONE',  ( -7.398127716406604826, 64.88206692404348530, 12.31176876537979759 ) ) ;
#1522 = EDGE_CURVE ( 'NONE', #1562, #1017, #2938, .T. ) ;
#1523 = AXIS2_PLACEMENT_3D ( 'NONE', #3146, #3403, #1141 ) ;
#1524 = CIRCLE ( 'NONE', #3332, 1.899999999999999023 ) ;
#1525 = ORIENTED_EDGE ( 'NONE', *, *, #559, .T. ) ;
#1526 = CARTESIAN_POINT ( 'NONE',  ( -9.348863081143788278, 62.15537243668536860, 5.000000000000000000 ) ) ;
#1527 = CARTESIAN_POINT ( 'NONE',  ( 8.863188899641878393, 63.90728815453715583, 7.153369368294874242 ) ) ;
#1528 = CARTESIAN_POINT ( 'NONE',  ( -1.680856304935084422, 61.98500660044533817, 5.056779074409969432 ) ) ;
#1529 = CC_DESIGN_APPROVAL ( #1671, ( #1262 ) ) ;
#1530 = ORIENTED_EDGE ( 'NONE', *, *, #2024, .F. ) ;
#1531 = DIRECTION ( 'NONE',  ( -1.000000000000000000, 7.993605777301127091E-15, 0.000000000000000000 ) ) ;
#1532 = EDGE_CURVE ( 'NONE', #2274, #4113, #1653, .T. ) ;
#1533 = DIRECTION ( 'NONE',  ( -0.000000000000000000, 0.000000000000000000, -1.000000000000000000 ) ) ;
#1534 = ORIENTED_EDGE ( 'NONE', *, *, #183, .T. ) ;
#1535 = CARTESIAN_POINT ( 'NONE',  ( -8.899995320815936140, 63.80976881527844569, 6.329796151486540623 ) ) ;
#1536 = ORIENTED_EDGE ( 'NONE', *, *, #2255, .T. ) ;
#1537 = DIRECTION ( 'NONE',  ( 1.000000000000000000, 0.000000000000000000, 0.000000000000000000 ) ) ;
#1538 = CARTESIAN_POINT ( 'NONE',  ( 8.585177230558510786, 63.50494895489654112, 6.858933703471826959 ) ) ;
#1539 = DIRECTION ( 'NONE',  ( -1.000000000000000000, 0.000000000000000000, 0.000000000000000000 ) ) ;
#1540 = EDGE_CURVE ( 'NONE', #3506, #2384, #931, .T. ) ;
#1541 = DIRECTION ( 'NONE',  ( -0.6963642403200144271, 0.1227878039689748735, -0.7071067811865515695 ) ) ;
#1542 = ORIENTED_EDGE ( 'NONE', *, *, #2700, .T. ) ;
#1543 = DIRECTION ( 'NONE',  ( -5.478400136770790205E-16, 1.000000000000000000, -0.000000000000000000 ) ) ;
#1544 = ADVANCED_FACE ( 'NONE', ( #1297 ), #34, .T. ) ;
#1545 = ORIENTED_EDGE ( 'NONE', *, *, #2720, .T. ) ;
#1546 = ORIENTED_EDGE ( 'NONE', *, *, #2306, .F. ) ;
#1547 = PLANE ( 'NONE',  #2229 ) ;
#1548 = CARTESIAN_POINT ( 'NONE',  ( -9.834261764111849047, 1.734045684362585105, 4.699999999999977973 ) ) ;
#1549 = CARTESIAN_POINT ( 'NONE',  ( 5.496186093898120458E-15, 58.35895973205135334, 4.847955904479052336 ) ) ;
#1550 = DIRECTION ( 'NONE',  ( 0.8759792377278949882, 4.798964775776873289E-16, 0.4823488105817781979 ) ) ;
#1551 = ORIENTED_EDGE ( 'NONE', *, *, #2514, .T. ) ;
#1552 = CARTESIAN_POINT ( 'NONE',  ( 8.200424016252915393, 10.99999999999997158, 0.1000000000000028505 ) ) ;
#1553 = CARTESIAN_POINT ( 'NONE',  ( -9.074978679701075635, 63.29358703481619131, 5.450059445454606077 ) ) ;
#1554 = EDGE_LOOP ( 'NONE', ( #645, #732, #1006, #1169, #1000, #149, #2366, #2116, #1874, #1536, #3419, #2050, #611, #1917 ) ) ;
#1555 = EDGE_CURVE ( 'NONE', #1137, #1217, #3978, .T. ) ;
#1556 = VECTOR ( 'NONE', #3782, 1000.000000000000227 ) ;
#1557 = CARTESIAN_POINT ( 'NONE',  ( 2.000000000000001776, 60.50691563653041527, 0.000000000000000000 ) ) ;
#1558 = CARTESIAN_POINT ( 'NONE',  ( -19.69615506024415197, 3.472963553338685561, 0.1000000000000011297 ) ) ;
#1559 = EDGE_LOOP ( 'NONE', ( #811, #2223, #3548, #1897 ) ) ;
#1560 = EDGE_CURVE ( 'NONE', #1818, #2239, #1126, .T. ) ;
#1561 = CARTESIAN_POINT ( 'NONE',  ( -1.452889228507270536, 62.14653867104101437, 5.071407298057541091 ) ) ;
#1562 = VERTEX_POINT ( 'NONE', #2403 ) ;
#1563 = DIRECTION ( 'NONE',  ( 0.6963642403199581388, -0.1227878039689649370, -0.7071067811866089681 ) ) ;
#1564 = ORIENTED_EDGE ( 'NONE', *, *, #4107, .T. ) ;
#1565 = DIRECTION ( 'NONE',  ( 0.000000000000000000, 0.000000000000000000, 1.000000000000000000 ) ) ;
#1566 = DIRECTION ( 'NONE',  ( 0.1736481776669344668, -0.9848077530122072432, 0.000000000000000000 ) ) ;
#1567 = CARTESIAN_POINT ( 'NONE',  ( -9.053420755240097151, 62.02523506662587494, 5.068859828510224652 ) ) ;
#1568 = CARTESIAN_POINT ( 'NONE',  ( 11.53886748682428021, 64.88206692404349951, 4.830339399547813883 ) ) ;
#1569 = CARTESIAN_POINT ( 'NONE',  ( 8.758708771249338554, 63.05457960733843947, 5.740216752061758854 ) ) ;
#1570 = EDGE_CURVE ( 'NONE', #1043, #1080, #1827, .T. ) ;
#1571 = ORIENTED_EDGE ( 'NONE', *, *, #723, .T. ) ;
#1572 = CARTESIAN_POINT ( 'NONE',  ( 8.067327277851926937, 78.50494895489653402, 14.65083160634437220 ) ) ;
#1573 = CARTESIAN_POINT ( 'NONE',  ( 12.72632844184390599, 64.88206692404349951, 5.728497720450038244 ) ) ;
#1574 = VECTOR ( 'NONE', #3066, 1000.000000000000114 ) ;
#1575 = ORIENTED_EDGE ( 'NONE', *, *, #461, .T. ) ;
#1576 = B_SPLINE_SURFACE_WITH_KNOTS ( 'NONE', 1, 3, ( 
 ( #2586, #562, #1850, #3913 ),
 ( #1892, #232, #1212, #254 ) ),
 .UNSPECIFIED., .F., .F., .F.,
 ( 2, 2 ),
 ( 4, 4 ),
 ( 0.000000000000000000, 1.000000000000000000 ),
 ( 1.570796326794896114, 1.833966683640913198 ),
 .UNSPECIFIED. ) ;
#1577 = VECTOR ( 'NONE', #1089, 1000.000000000000000 ) ;
#1578 = CARTESIAN_POINT ( 'NONE',  ( 8.647721496095909899, 63.34953069528545200, 6.226526851660939776 ) ) ;
#1579 = CARTESIAN_POINT ( 'NONE',  ( -1.183605276031365561, 62.28210156504351147, 5.059974211466225391 ) ) ;
#1580 = EDGE_CURVE ( 'NONE', #2274, #2032, #302, .T. ) ;
#1581 = VECTOR ( 'NONE', #78, 1000.000000000000114 ) ;
#1582 = CARTESIAN_POINT ( 'NONE',  ( 8.290829289096505406, 65.13137381786208380, 6.022411178806692078 ) ) ;
#1583 = VECTOR ( 'NONE', #3975, 1000.000000000000000 ) ;
#1584 = DIRECTION ( 'NONE',  ( 0.000000000000000000, 1.000000000000000000, 0.000000000000000000 ) ) ;
#1585 = AXIS2_PLACEMENT_3D ( 'NONE', #408, #2701, #1688 ) ;
#1586 = CARTESIAN_POINT ( 'NONE',  ( 8.907764492315932259, 62.61323451814021723, 5.335155100479402890 ) ) ;
#1587 = EDGE_LOOP ( 'NONE', ( #1761, #2760, #2600, #527 ) ) ;
#1588 = CARTESIAN_POINT ( 'NONE',  ( 11.31147339363017679, 1.994517950862991995, 0.000000000000000000 ) ) ;
#1589 = DIRECTION ( 'NONE',  ( 7.507825682155952763E-17, -0.7071067811865291430, -0.7071067811865660024 ) ) ;
#1590 = CARTESIAN_POINT ( 'NONE',  ( -0.9662052923064397003, 62.42696368187855427, 5.080019655574925963 ) ) ;
#1591 = CARTESIAN_POINT ( 'NONE',  ( 8.674255009196848221, 63.27410244672303463, 6.073803678396211048 ) ) ;
#1592 = VERTEX_POINT ( 'NONE', #4114 ) ;
#1593 = AXIS2_PLACEMENT_3D ( 'NONE', #3778, #2927, #636 ) ;
#1594 = FACE_OUTER_BOUND ( 'NONE', #3749, .T. ) ;
#1595 = EDGE_LOOP ( 'NONE', ( #3399, #1889, #2670, #4158 ) ) ;
#1596 = EDGE_CURVE ( 'NONE', #1630, #1054, #948, .T. ) ;
#1597 = EDGE_CURVE ( 'NONE', #3301, #401, #2707, .T. ) ;
#1598 = CARTESIAN_POINT ( 'NONE',  ( 8.692184632206975792, 63.23981184689269952, 6.004796886624321317 ) ) ;
#1599 = CARTESIAN_POINT ( 'NONE',  ( 2.451776518811672643E-14, 57.50691563653040816, 0.1000000000000167560 ) ) ;
#1600 = CARTESIAN_POINT ( 'NONE',  ( 1.695201811568807226, 61.77917796628894109, 5.017937287010170166 ) ) ;
#1601 = CARTESIAN_POINT ( 'NONE',  ( 7.970023954746954686, 65.66554885262013386, 5.406905977883151415 ) ) ;
#1602 = DIRECTION ( 'NONE',  ( -0.1736481776669342170, -0.9848077530122073542, 0.000000000000000000 ) ) ;
#1603 = ORIENTED_EDGE ( 'NONE', *, *, #3824, .T. ) ;
#1604 = DIRECTION ( 'NONE',  ( -0.000000000000000000, -0.000000000000000000, -1.000000000000000000 ) ) ;
#1605 = ORIENTED_EDGE ( 'NONE', *, *, #3553, .F. ) ;
#1606 = CARTESIAN_POINT ( 'NONE',  ( 1.165613840050328198, 57.80691563653042664, 5.000000000000000000 ) ) ;
#1607 = CARTESIAN_POINT ( 'NONE',  ( -8.843133265203672266, 62.82219855264779795, 5.493989401149663721 ) ) ;
#1608 = CARTESIAN_POINT ( 'NONE',  ( -1.175567540389985899, 62.32161277406569866, 5.077913425017954729 ) ) ;
#1609 = DIRECTION ( 'NONE',  ( 0.8759792377279013165, 4.675636148168796363E-16, 0.4823488105817667071 ) ) ;
#1610 = ORIENTED_EDGE ( 'NONE', *, *, #3536, .F. ) ;
#1611 = AXIS2_PLACEMENT_3D ( 'NONE', #352, #3995, #3030 ) ;
#1612 = CARTESIAN_POINT ( 'NONE',  ( 10.01566373990666037, 63.50494895489654112, 3.609174739513153707 ) ) ;
#1613 = CARTESIAN_POINT ( 'NONE',  ( 12.99999999999999822, 63.50494895489654112, 6.212707626357814483 ) ) ;
#1614 = CARTESIAN_POINT ( 'NONE',  ( -13.00000000000000178, 64.88206692404348530, 6.329261253457842962 ) ) ;
#1615 = CARTESIAN_POINT ( 'NONE',  ( -13.99999999999999112, 0.000000000000000000, 0.000000000000000000 ) ) ;
#1616 = EDGE_LOOP ( 'NONE', ( #2524, #2616, #2266, #2117, #606, #598 ) ) ;
#1617 = CARTESIAN_POINT ( 'NONE',  ( 8.753720044147161872, 63.07889955430160001, 5.765948154418681249 ) ) ;
#1618 = DIRECTION ( 'NONE',  ( -0.000000000000000000, -0.000000000000000000, -1.000000000000000000 ) ) ;
#1619 = CARTESIAN_POINT ( 'NONE',  ( 1.646300601172394407, 61.84895403171091033, 5.025054437355787940 ) ) ;
#1620 = ORIENTED_EDGE ( 'NONE', *, *, #3299, .T. ) ;
#1621 = EDGE_CURVE ( 'NONE', #3031, #798, #3904, .T. ) ;
#1622 = AXIS2_PLACEMENT_3D ( 'NONE', #1019, #2731, #694 ) ;
#1623 = CARTESIAN_POINT ( 'NONE',  ( 9.553661305945761129, 16.69280509189492534, -0.9928050918946649261 ) ) ;
#1624 = CARTESIAN_POINT ( 'NONE',  ( 1.284247211982853775E-15, 60.50691563653041527, 4.700000000000000178 ) ) ;
#1625 = CARTESIAN_POINT ( 'NONE',  ( 0.000000000000000000, -2.775557561562891351E-14, 0.000000000000000000 ) ) ;
#1626 = CARTESIAN_POINT ( 'NONE',  ( -8.998127716406607135, 64.88206692404348530, 14.13829607457728343 ) ) ;
#1627 = DIRECTION ( 'NONE',  ( 0.000000000000000000, 0.000000000000000000, 1.000000000000000000 ) ) ;
#1628 = CARTESIAN_POINT ( 'NONE',  ( -12.39999999999998970, 0.000000000000000000, 4.700000000000013500 ) ) ;
#1629 = CARTESIAN_POINT ( 'NONE',  ( -12.99999999999999822, 63.50494895489652691, 18.00000000000000355 ) ) ;
#1630 = VERTEX_POINT ( 'NONE', #3432 ) ;
#1631 = CARTESIAN_POINT ( 'NONE',  ( 10.30194874853041043, 63.50494895489654112, 3.898441314741415642 ) ) ;
#1632 = CARTESIAN_POINT ( 'NONE',  ( -9.060241256360328066, 63.34572527358821503, 5.483579375537328104 ) ) ;
#1633 = CARTESIAN_POINT ( 'NONE',  ( 1.507117203463703703, 61.82167711110432151, 4.758156287178181287 ) ) ;
#1634 = CYLINDRICAL_SURFACE ( 'NONE', #1808, 1.600000000000002531 ) ;
#1635 = ORIENTED_EDGE ( 'NONE', *, *, #150, .T. ) ;
#1636 = EDGE_CURVE ( 'NONE', #821, #1342, #1276, .T. ) ;
#1637 = EDGE_CURVE ( 'NONE', #84, #3898, #1460, .T. ) ;
#1638 = EDGE_CURVE ( 'NONE', #3340, #3516, #1007, .T. ) ;
#1639 = CARTESIAN_POINT ( 'NONE',  ( 0.2683917900298791737, 63.50494895489652691, 6.749686735027631279 ) ) ;
#1640 = VERTEX_POINT ( 'NONE', #3032 ) ;
#1641 = PRODUCT_DEFINITION_SHAPE ( 'NONE', 'NONE',  #1001 ) ;
#1642 = CARTESIAN_POINT ( 'NONE',  ( 1.387496637227009888, 62.19114071171863856, 5.073586080482783700 ) ) ;
#1643 = AXIS2_PLACEMENT_3D ( 'NONE', #3005, #3706, #3366 ) ;
#1644 = AXIS2_PLACEMENT_3D ( 'NONE', #4179, #276, #2276 ) ;
#1645 = FACE_OUTER_BOUND ( 'NONE', #2003, .T. ) ;
#1646 = DIRECTION ( 'NONE',  ( 2.537033083616080376E-14, 0.000000000000000000, 1.000000000000000000 ) ) ;
#1647 = CARTESIAN_POINT ( 'NONE',  ( 13.00000000000000178, 63.96425833114492576, 6.668464818527028548 ) ) ;
#1648 = ADVANCED_FACE ( 'NONE', ( #779 ), #94, .F. ) ;
#1649 = B_SPLINE_CURVE_WITH_KNOTS ( 'NONE', 3,
 ( #2528, #902, #2203, #372, #3622, #688, #3307, #31, #351, #88, #2619, #670, #2970, #3643 ),
 .UNSPECIFIED., .F., .F.,
 ( 4, 2, 2, 1, 1, 2, 2, 4 ),
 ( 0.000000000000000000, 0.2499999999997379874, 0.3749999999995880517, 0.4374999999994904076, 0.4687499999994416133, 0.4843749999994433897, 0.4999999999994451660, 1.000000000000000000 ),
 .UNSPECIFIED. ) ;
#1650 = CARTESIAN_POINT ( 'NONE',  ( -9.639653970963797391, 10.89999999999997726, 0.000000000000000000 ) ) ;
#1651 = EDGE_CURVE ( 'NONE', #3480, #175, #291, .T. ) ;
#1652 = VERTEX_POINT ( 'NONE', #4196 ) ;
#1653 = LINE ( 'NONE', #1058, #4224 ) ;
#1654 = FACE_OUTER_BOUND ( 'NONE', #4111, .T. ) ;
#1655 = CARTESIAN_POINT ( 'NONE',  ( -9.348863081143788278, 62.15537243668536860, 4.779188802786749513 ) ) ;
#1656 = CARTESIAN_POINT ( 'NONE',  ( -1.384229554201365398, 61.95060043330378363, 4.783582101695007083 ) ) ;
#1657 =( NAMED_UNIT ( * ) PLANE_ANGLE_UNIT ( ) SI_UNIT ( $, .RADIAN. ) );
#1658 = ORIENTED_EDGE ( 'NONE', *, *, #1532, .F. ) ;
#1659 = AXIS2_PLACEMENT_3D ( 'NONE', #2773, #4106, #4030 ) ;
#1660 = AXIS2_PLACEMENT_3D ( 'NONE', #548, #2508, #3157 ) ;
#1661 = EDGE_CURVE ( 'NONE', #463, #114, #213, .T. ) ;
#1662 = CARTESIAN_POINT ( 'NONE',  ( 7.477728350420614234, 61.82544089911819896, 0.000000000000000000 ) ) ;
#1663 = EDGE_LOOP ( 'NONE', ( #3135, #1779, #3716, #2584 ) ) ;
#1664 = AXIS2_PLACEMENT_3D ( 'NONE', #380, #2043, #2691 ) ;
#1665 = CARTESIAN_POINT ( 'NONE',  ( 1.600412884010048664, 62.04127202527833873, 5.063645734665730203 ) ) ;
#1666 = ADVANCED_FACE ( 'NONE', ( #1907 ), #1833, .T. ) ;
#1667 = CARTESIAN_POINT ( 'NONE',  ( -12.75786439065818101, 63.50494895489654112, 5.643725399399869502 ) ) ;
#1668 = CARTESIAN_POINT ( 'NONE',  ( 2.072179889737174818, 61.50494895489652691, 4.999999999999999112 ) ) ;
#1669 = CARTESIAN_POINT ( 'NONE',  ( -12.99999999999999822, 64.88206692404348530, 20.00000000000000000 ) ) ;
#1670 = ADVANCED_FACE ( 'NONE', ( #3851 ), #1547, .F. ) ;
#1671 = APPROVAL ( #3833, 'UNSPECIFIED' ) ;
#1672 = DIRECTION ( 'NONE',  ( -4.263446390183754050E-16, -1.000000000000000000, 0.000000000000000000 ) ) ;
#1673 = B_SPLINE_CURVE_WITH_KNOTS ( 'NONE', 3,
 ( #1300, #2175, #913, #1978, #2941, #3314 ),
 .UNSPECIFIED., .F., .F.,
 ( 4, 2, 4 ),
 ( 0.000000000000000000, 0.5000000000000000000, 1.000000000000000000 ),
 .UNSPECIFIED. ) ;
#1674 = ORIENTED_EDGE ( 'NONE', *, *, #3317, .T. ) ;
#1675 = CARTESIAN_POINT ( 'NONE',  ( 0.8657006392285577778, 60.65956201644297607, 0.000000000000000000 ) ) ;
#1676 = DIRECTION ( 'NONE',  ( 0.8759792377278949882, 4.675636148168763822E-16, 0.4823488105817781979 ) ) ;
#1677 = CARTESIAN_POINT ( 'NONE',  ( -0.3896702445334870868, 62.46890957118915111, 4.832603052637778340 ) ) ;
#1678 = CARTESIAN_POINT ( 'NONE',  ( 8.971481600529983780, 63.61054592950276998, 5.875639343675957527 ) ) ;
#1679 = APPROVAL_STATUS ( 'not_yet_approved' ) ;
#1680 = ORIENTED_EDGE ( 'NONE', *, *, #150, .F. ) ;
#1681 = ORIENTED_EDGE ( 'NONE', *, *, #52, .T. ) ;
#1682 = FACE_OUTER_BOUND ( 'NONE', #4065, .T. ) ;
#1683 = ORIENTED_EDGE ( 'NONE', *, *, #1142, .T. ) ;
#1684 = ADVANCED_FACE ( 'NONE', ( #1192 ), #899, .F. ) ;
#1685 = B_SPLINE_CURVE_WITH_KNOTS ( 'NONE', 3,
 ( #3504, #1859, #3527, #3203, #3255, #3590, #1613, #3182 ),
 .UNSPECIFIED., .F., .F.,
 ( 4, 2, 2, 4 ),
 ( 0.000000000000000000, 0.0006075366916418879597, 0.001215073383283775919, 0.002430146766567549237 ),
 .UNSPECIFIED. ) ;
#1686 = CARTESIAN_POINT ( 'NONE',  ( 1.507552126367619927, 62.10785726032508336, 5.069022796248230378 ) ) ;
#1687 = ADVANCED_FACE ( 'NONE', ( #2849 ), #2823, .F. ) ;
#1688 = DIRECTION ( 'NONE',  ( -1.000000000000000000, 0.000000000000000000, 0.000000000000000000 ) ) ;
#1689 = CARTESIAN_POINT ( 'NONE',  ( -1.523139917828615797, 57.80691563653043374, 5.000000000000000000 ) ) ;
#1690 = VERTEX_POINT ( 'NONE', #944 ) ;
#1691 = DIRECTION ( 'NONE',  ( 1.000000000000000000, 0.000000000000000000, 0.000000000000000000 ) ) ;
#1692 = VECTOR ( 'NONE', #3370, 1000.000000000000114 ) ;
#1693 = ORIENTED_EDGE ( 'NONE', *, *, #3234, .F. ) ;
#1694 = ADVANCED_FACE ( 'NONE', ( #2914 ), #4176, .F. ) ;
#1695 = CARTESIAN_POINT ( 'NONE',  ( 9.007244137577099963, 63.50494895489654112, 1.000000000000000000 ) ) ;
#1696 = CARTESIAN_POINT ( 'NONE',  ( -13.00000000000000000, 66.88206692404348530, 6.999999999999999112 ) ) ;
#1697 = CARTESIAN_POINT ( 'NONE',  ( 1.468543478830903304, 61.86465595973926668, 4.768219832228795418 ) ) ;
#1698 = CARTESIAN_POINT ( 'NONE',  ( 1.138548604537526598, 62.15159664245268800, 4.808087664345811696 ) ) ;
#1699 = ORIENTED_EDGE ( 'NONE', *, *, #1344, .T. ) ;
#1700 = ORIENTED_EDGE ( 'NONE', *, *, #2312, .T. ) ;
#1701 = DIRECTION ( 'NONE',  ( -0.4823488105817729243, -2.574590170232898029E-16, -0.8759792377278978748 ) ) ;
#1702 = CARTESIAN_POINT ( 'NONE',  ( 8.200424016252915393, 10.99999999999997158, 4.699999999999977973 ) ) ;
#1703 = ORIENTED_EDGE ( 'NONE', *, *, #1341, .F. ) ;
#1704 = B_SPLINE_CURVE_WITH_KNOTS ( 'NONE', 3,
 ( #957, #1903, #635, #3265, #3239, #307, #1601, #2926, #4249, #287, #1582, #1287, #2597, #3927, #3886, #2237 ),
 .UNSPECIFIED., .F., .F.,
 ( 4, 2, 2, 2, 2, 2, 2, 4 ),
 ( 0.000000000000000000, 0.0008733257249502994349, 0.001309988587425448339, 0.001746651449900595834, 0.002183314312375743763, 0.002619977174850891041, 0.003056640037326038752, 0.003493302899801186030 ),
 .UNSPECIFIED. ) ;
#1705 = EDGE_CURVE ( 'NONE', #3276, #3672, #4213, .T. ) ;
#1706 = CARTESIAN_POINT ( 'NONE',  ( 0.8899625897295697641, 62.45962940460190538, 5.080506781809967620 ) ) ;
#1707 = AXIS2_PLACEMENT_3D ( 'NONE', #510, #1824, #1754 ) ;
#1708 = DIRECTION ( 'NONE',  ( 0.000000000000000000, 0.000000000000000000, 1.000000000000000000 ) ) ;
#1709 = DIRECTION ( 'NONE',  ( 0.000000000000000000, 0.000000000000000000, -1.000000000000000000 ) ) ;
#1710 = ORIENTED_EDGE ( 'NONE', *, *, #52, .F. ) ;
#1711 = B_SPLINE_CURVE_WITH_KNOTS ( 'NONE', 3,
 ( #2976, #3630, #377, #54, #1336, #2994, #4020, #2344, #1717, #1395, #1354, #1076, #2708, #1373, #2688, #1059 ),
 .UNSPECIFIED., .F., .F.,
 ( 4, 2, 2, 2, 2, 2, 2, 4 ),
 ( 0.001335340362292601482, 0.001943917998056292427, 0.002552495633819983588, 0.003161073269583674749, 0.003769650905347365910, 0.004378228541111056638, 0.004986806176874748232, 0.006203961448402127953 ),
 .UNSPECIFIED. ) ;
#1712 = CARTESIAN_POINT ( 'NONE',  ( -12.99999999999999822, 64.88206692404348530, 20.00000000000000000 ) ) ;
#1713 = CARTESIAN_POINT ( 'NONE',  ( -8.624837357817590089, 63.50494895489654112, 6.603674620726066813 ) ) ;
#1714 = VECTOR ( 'NONE', #2012, 1000.000000000000000 ) ;
#1715 = VERTEX_POINT ( 'NONE', #878 ) ;
#1716 = DIRECTION ( 'NONE',  ( 1.000000000000000000, 0.000000000000000000, 0.000000000000000000 ) ) ;
#1717 = CARTESIAN_POINT ( 'NONE',  ( -9.882892016124134926, 63.50494895489654112, 3.453455297053062534 ) ) ;
#1718 = CARTESIAN_POINT ( 'NONE',  ( -1.507117203463906874, 61.82167711110407993, 4.758156287178115562 ) ) ;
#1719 = CARTESIAN_POINT ( 'NONE',  ( 1.306540914556694410, 62.02157776846236459, 4.793584593247537384 ) ) ;
#1720 = CARTESIAN_POINT ( 'NONE',  ( 8.998127716406576937, 78.50494895489654823, 14.13829607457723547 ) ) ;
#1721 = ORIENTED_EDGE ( 'NONE', *, *, #3864, .T. ) ;
#1722 = VECTOR ( 'NONE', #2860, 1000.000000000000000 ) ;
#1723 = LINE ( 'NONE', #1153, #2577 ) ;
#1724 = CARTESIAN_POINT ( 'NONE',  ( 3.816391647148975608E-14, 3.366576661049534014, -4.701371201362298358 ) ) ;
#1725 = DIRECTION ( 'NONE',  ( -0.1736481776669342447, -0.9848077530122073542, 0.000000000000000000 ) ) ;
#1726 = EDGE_CURVE ( 'NONE', #3793, #2059, #2181, .T. ) ;
#1727 = CIRCLE ( 'NONE', #3178, 20.00000000000001776 ) ;
#1728 = ADVANCED_FACE ( 'NONE', ( #3499 ), #1576, .T. ) ;
#1729 = CARTESIAN_POINT ( 'NONE',  ( 1.523139917828622236, 57.50691563653040106, 0.000000000000000000 ) ) ;
#1730 = VECTOR ( 'NONE', #1143, 1000.000000000000000 ) ;
#1731 = LINE ( 'NONE', #3704, #1934 ) ;
#1732 = PLANE ( 'NONE',  #83 ) ;
#1733 = CARTESIAN_POINT ( 'NONE',  ( 1.717027523115371990, 61.53274045333575515, 4.707078216866865894 ) ) ;
#1734 = ORIENTED_EDGE ( 'NONE', *, *, #1996, .T. ) ;
#1735 = LINE ( 'NONE', #1414, #195 ) ;
#1736 = CARTESIAN_POINT ( 'NONE',  ( 9.353054513531120051, 62.13160164238893657, 4.772780372984095187 ) ) ;
#1737 = VERTEX_POINT ( 'NONE', #2872 ) ;
#1738 = EDGE_CURVE ( 'NONE', #1361, #2561, #432, .T. ) ;
#1739 = CARTESIAN_POINT ( 'NONE',  ( 11.53886748682428021, 64.88206692404349951, 4.830339399547813883 ) ) ;
#1740 = LINE ( 'NONE', #2039, #1692 ) ;
#1741 = CARTESIAN_POINT ( 'NONE',  ( 9.639653970963790286, 10.89999999999995239, 0.000000000000000000 ) ) ;
#1742 = CARTESIAN_POINT ( 'NONE',  ( -1.166608492939571029, 62.13180795226310238, 4.806121727978945657 ) ) ;
#1743 = CARTESIAN_POINT ( 'NONE',  ( 9.348863081143788278, 62.15537243668537570, 5.000000000000000000 ) ) ;
#1744 = ORIENTED_EDGE ( 'NONE', *, *, #1651, .F. ) ;
#1745 = CARTESIAN_POINT ( 'NONE',  ( -8.583094826094535890, 63.50049746728786459, 7.133364668082501581 ) ) ;
#1746 = AXIS2_PLACEMENT_3D ( 'NONE', #3064, #479, #2007 ) ;
#1747 = CARTESIAN_POINT ( 'NONE',  ( 9.834261764111866810, 1.734045684362590212, 0.1000000000000028783 ) ) ;
#1748 = DIRECTION ( 'NONE',  ( 7.507825682156127791E-17, -0.7071067811865455743, -0.7071067811865495711 ) ) ;
#1749 = CARTESIAN_POINT ( 'NONE',  ( -9.218391847898040226, 62.77484907753024146, 5.035691819793237656 ) ) ;
#1750 = AXIS2_PLACEMENT_3D ( 'NONE', #3108, #1814, #141 ) ;
#1751 = DIRECTION ( 'NONE',  ( 1.000000000000000000, 0.000000000000000000, 0.000000000000000000 ) ) ;
#1752 = CARTESIAN_POINT ( 'NONE',  ( 9.769885813337420899, 63.50494895489654112, 13.71333554574437663 ) ) ;
#1753 = AXIS2_PLACEMENT_3D ( 'NONE', #3225, #1589, #2242 ) ;
#1754 = DIRECTION ( 'NONE',  ( -0.1736481776669342170, -0.9848077530122073542, 0.000000000000000000 ) ) ;
#1755 = DIRECTION ( 'NONE',  ( 5.337610695313253357E-16, -1.000000000000000000, -0.000000000000000000 ) ) ;
#1756 = CYLINDRICAL_SURFACE ( 'NONE', #91, 1.600000000000002531 ) ;
#1757 = CARTESIAN_POINT ( 'NONE',  ( -1.694106996754130900, 61.57091241807619042, 4.710662197045404120 ) ) ;
#1758 = LINE ( 'NONE', #538, #2350 ) ;
#1759 = ORIENTED_EDGE ( 'NONE', *, *, #1963, .F. ) ;
#1760 = B_SPLINE_CURVE_WITH_KNOTS ( 'NONE', 3,
 ( #2723, #1070, #818, #3775 ),
 .UNSPECIFIED., .F., .F.,
 ( 4, 4 ),
 ( 0.003446830348541233754, 0.004830959956528478941 ),
 .UNSPECIFIED. ) ;
#1761 = ORIENTED_EDGE ( 'NONE', *, *, #1555, .F. ) ;
#1762 = B_SPLINE_CURVE_WITH_KNOTS ( 'NONE', 1,
 ( #2746, #4 ),
 .UNSPECIFIED., .F., .F.,
 ( 2, 2 ),
 ( 0.000000000000000000, 1.000000000000000000 ),
 .UNSPECIFIED. ) ;
#1763 = CARTESIAN_POINT ( 'NONE',  ( -11.53886748682427843, 64.88206692404348530, 4.830339399547793455 ) ) ;
#1764 = CARTESIAN_POINT ( 'NONE',  ( 0.000000000000000000, -2.775557561562891351E-14, 5.000000000000000000 ) ) ;
#1765 = CARTESIAN_POINT ( 'NONE',  ( -1.423266353042411669, 61.91202421185474947, 4.777224711039012917 ) ) ;
#1766 = CARTESIAN_POINT ( 'NONE',  ( -1.501290632226267574, 61.82835614205710328, 4.759916659904970260 ) ) ;
#1767 = CARTESIAN_POINT ( 'NONE',  ( 8.916117553796555129, 63.76600578823389753, 6.203851254094172596 ) ) ;
#1768 = DATE_AND_TIME ( #2506, #777 ) ;
#1769 = ORIENTED_EDGE ( 'NONE', *, *, #208, .T. ) ;
#1770 = CONICAL_SURFACE ( 'NONE', #1224, 7.500000000000000000, 0.7853981633974439491 ) ;
#1771 = VERTEX_POINT ( 'NONE', #2547 ) ;
#1772 = DIRECTION ( 'NONE',  ( 0.000000000000000000, 0.000000000000000000, 1.000000000000000000 ) ) ;
#1773 = CARTESIAN_POINT ( 'NONE',  ( -12.99999999999999822, 63.31865480419646275, 6.605614728517207546 ) ) ;
#1774 = CARTESIAN_POINT ( 'NONE',  ( -8.416370248807682586, 64.89834408839803359, 6.706711558364816916 ) ) ;
#1775 = LINE ( 'NONE', #3686, #943 ) ;
#1776 = ORIENTED_EDGE ( 'NONE', *, *, #1661, .F. ) ;
#1777 = EDGE_CURVE ( 'NONE', #3793, #711, #3869, .T. ) ;
#1778 = ADVANCED_FACE ( 'NONE', ( #2224 ), #1384, .F. ) ;
#1779 = ORIENTED_EDGE ( 'NONE', *, *, #2544, .T. ) ;
#1780 = CARTESIAN_POINT ( 'NONE',  ( -8.643221416984921746, 63.36042723984898828, 6.251554700207628379 ) ) ;
#1781 = CARTESIAN_POINT ( 'NONE',  ( -9.053420755240097151, 62.02523506662587494, 5.068859828510224652 ) ) ;
#1782 = CARTESIAN_POINT ( 'NONE',  ( -11.31147339363016080, 1.994517950862986000, 0.09999999999998884781 ) ) ;
#1783 = CARTESIAN_POINT ( 'NONE',  ( 0.000000000000000000, -2.775557561562891351E-14, 5.000000000000000000 ) ) ;
#1784 = PLANE ( 'NONE',  #845 ) ;
#1785 = DIRECTION ( 'NONE',  ( -1.000000000000000000, 0.000000000000000000, 0.000000000000000000 ) ) ;
#1786 = VERTEX_POINT ( 'NONE', #1252 ) ;
#1787 = CARTESIAN_POINT ( 'NONE',  ( 9.383420460676605401, 61.95938779840728472, 4.735315877803738971 ) ) ;
#1788 = CONICAL_SURFACE ( 'NONE', #3167, 1.700000000000008837, 0.7853981633974981280 ) ;
#1789 = ORIENTED_EDGE ( 'NONE', *, *, #2396, .F. ) ;
#1790 = CARTESIAN_POINT ( 'NONE',  ( -8.998127716406603582, 64.88206692404348530, 12.31176876537979759 ) ) ;
#1791 = CARTESIAN_POINT ( 'NONE',  ( -15.59999999999999432, 1.959434878635767449E-16, 0.000000000000000000 ) ) ;
#1792 = CARTESIAN_POINT ( 'NONE',  ( -1.487534562360790735, 61.84412478383143252, 4.764072756856834623 ) ) ;
#1793 = CARTESIAN_POINT ( 'NONE',  ( 1.652296184262361800, 62.00454646303191453, 5.059525594124774095 ) ) ;
#1794 = CARTESIAN_POINT ( 'NONE',  ( 9.348863081143786502, 62.15537243668537570, 4.779188802786749513 ) ) ;
#1795 = PERSON_AND_ORGANIZATION_ROLE ( 'classification_officer' ) ;
#1796 = ORIENTED_EDGE ( 'NONE', *, *, #1868, .T. ) ;
#1797 = APPLICATION_CONTEXT ( 'configuration controlled 3d designs of mechanical parts and assemblies' ) ;
#1798 = VERTEX_POINT ( 'NONE', #619 ) ;
#1799 = CARTESIAN_POINT ( 'NONE',  ( -8.611812261029465176, 63.43455265524551834, 6.473236351862400539 ) ) ;
#1800 = VECTOR ( 'NONE', #1348, 1000.000000000000000 ) ;
#1801 = DIRECTION ( 'NONE',  ( -1.000000000000000000, 0.000000000000000000, 0.000000000000000000 ) ) ;
#1802 = DIRECTION ( 'NONE',  ( -0.000000000000000000, -0.000000000000000000, -1.000000000000000000 ) ) ;
#1803 = CARTESIAN_POINT ( 'NONE',  ( -8.911864760112955253, 63.77761177194913955, 6.234996117693769158 ) ) ;
#1804 = VECTOR ( 'NONE', #4012, 1000.000000000000114 ) ;
#1805 = CARTESIAN_POINT ( 'NONE',  ( -8.581128334523613788, 63.50494895490918168, 6.945409368845162135 ) ) ;
#1806 = CARTESIAN_POINT ( 'NONE',  ( 8.226369619475729422, 78.50494895489653402, 13.71333554574439084 ) ) ;
#1807 = DIRECTION ( 'NONE',  ( -1.000000000000000000, 0.000000000000000000, 0.000000000000000000 ) ) ;
#1808 = AXIS2_PLACEMENT_3D ( 'NONE', #2539, #2840, #268 ) ;
#1809 = PLANE ( 'NONE',  #915 ) ;
#1810 = EDGE_LOOP ( 'NONE', ( #778, #231, #1162, #768 ) ) ;
#1811 = CARTESIAN_POINT ( 'NONE',  ( 9.025407395456415571, 62.15712780311998387, 5.109143808582645718 ) ) ;
#1812 = ORIENTED_EDGE ( 'NONE', *, *, #2354, .F. ) ;
#1813 = CARTESIAN_POINT ( 'NONE',  ( 10.71392745196777341, 64.88206692404348530, 4.514903894305383858 ) ) ;
#1814 = DIRECTION ( 'NONE',  ( 0.000000000000000000, 0.000000000000000000, 1.000000000000000000 ) ) ;
#1815 = CARTESIAN_POINT ( 'NONE',  ( -1.477569163218110049, 61.85482834154419152, 4.766113487690681438 ) ) ;
#1816 = CARTESIAN_POINT ( 'NONE',  ( 9.006288116597316318, 62.24383967466502554, 5.138043566494479464 ) ) ;
#1817 = ORIENTED_EDGE ( 'NONE', *, *, #4263, .T. ) ;
#1818 = VERTEX_POINT ( 'NONE', #2662 ) ;
#1819 = CARTESIAN_POINT ( 'NONE',  ( -0.2175878890848262914, 60.46854902100935902, 5.000000000000000000 ) ) ;
#1820 = DIRECTION ( 'NONE',  ( 1.000000000000000000, 0.000000000000000000, 0.000000000000000000 ) ) ;
#1821 = CARTESIAN_POINT ( 'NONE',  ( -8.424767174428213323, 64.88206692404348530, 6.999999999999999112 ) ) ;
#1822 = ORIENTED_EDGE ( 'NONE', *, *, #1522, .F. ) ;
#1823 = CARTESIAN_POINT ( 'NONE',  ( -8.581128701846141738, 63.50494895489652691, 6.999999999999999112 ) ) ;
#1824 = DIRECTION ( 'NONE',  ( -0.9848077530122074652, 0.1736481776669342447, 0.000000000000000000 ) ) ;
#1825 = CARTESIAN_POINT ( 'NONE',  ( 8.624001602922172438, 63.50494895489651270, 6.604653159826305853 ) ) ;
#1826 = CARTESIAN_POINT ( 'NONE',  ( 0.1799558454082975656, 58.21396646707562184, 5.000000000000000000 ) ) ;
#1827 = B_SPLINE_CURVE_WITH_KNOTS ( 'NONE', 3,
 ( #192, #4042, #166, #754, #2110, #521, #825, #3080, #3388, #3760, #3409, #440, #139, #1439, #1147, #1763 ),
 .UNSPECIFIED., .F., .F.,
 ( 4, 2, 2, 2, 2, 2, 2, 4 ),
 ( 0.000000000000000000, 0.0006583982615618550003, 0.001316796523123710001, 0.001975194784685565218, 0.002633593046247420001, 0.003291991307809275218, 0.003950389569371128701, 0.005267186092494835666 ),
 .UNSPECIFIED. ) ;
#1828 = CONICAL_SURFACE ( 'NONE', #1407, 19.69999999999999929, 0.7853981633974657095 ) ;
#1829 = CARTESIAN_POINT ( 'NONE',  ( -8.998127716406603582, 64.88206692404348530, 12.31176876537979759 ) ) ;
#1830 = ORIENTED_EDGE ( 'NONE', *, *, #4033, .F. ) ;
#1831 = ADVANCED_FACE ( 'NONE', ( #2936 ), #3960, .T. ) ;
#1832 = ORIENTED_EDGE ( 'NONE', *, *, #42, .F. ) ;
#1833 = PLANE ( 'NONE',  #4097 ) ;
#1834 = CARTESIAN_POINT ( 'NONE',  ( -9.117477145151315909, 61.70933807671116966, 5.009610424636919745 ) ) ;
#1835 = CARTESIAN_POINT ( 'NONE',  ( -1.495410957432045329, 61.83500638624465040, 4.761554245166606414 ) ) ;
#1836 = DATE_AND_TIME ( #1464, #177 ) ;
#1837 = ORIENTED_EDGE ( 'NONE', *, *, #488, .T. ) ;
#1838 = CARTESIAN_POINT ( 'NONE',  ( -11.69092274479312721, 63.49526339904792849, 4.737076485678138660 ) ) ;
#1839 = CARTESIAN_POINT ( 'NONE',  ( 13.00000000000000178, 64.89139031377925448, 6.768242123715970671 ) ) ;
#1840 = EDGE_CURVE ( 'NONE', #3031, #2900, #1350, .T. ) ;
#1841 = CARTESIAN_POINT ( 'NONE',  ( -8.744063349788238071, 63.10492273368657834, 5.799883515520980026 ) ) ;
#1842 = CARTESIAN_POINT ( 'NONE',  ( -1.623975655643204563, 63.50494895489653402, 5.310377598182166814 ) ) ;
#1843 = CARTESIAN_POINT ( 'NONE',  ( 0.2685135578551451907, 63.50494895489652691, 6.747249983999423328 ) ) ;
#1844 = EDGE_CURVE ( 'NONE', #2736, #1818, #2298, .T. ) ;
#1845 = CARTESIAN_POINT ( 'NONE',  ( -1.530605731486499366, 62.09140241598002063, 5.067881593978050603 ) ) ;
#1846 = ORIENTED_EDGE ( 'NONE', *, *, #2501, .F. ) ;
#1847 = MANIFOLD_SOLID_BREP ( 'Cortar-Extruir3', #1916 ) ;
#1848 = CARTESIAN_POINT ( 'NONE',  ( -9.370671506996101741, 62.03169070763466664, 4.749357761156239199 ) ) ;
#1849 = VERTEX_POINT ( 'NONE', #353 ) ;
#1850 = CARTESIAN_POINT ( 'NONE',  ( -9.383213736420247031, 61.96056018992394598, 4.726668866241961808 ) ) ;
#1851 = DIRECTION ( 'NONE',  ( 0.000000000000000000, 0.000000000000000000, 1.000000000000000000 ) ) ;
#1852 = LINE ( 'NONE', #563, #4038 ) ;
#1853 = CARTESIAN_POINT ( 'NONE',  ( -0.03755695728581413817, 62.63710089285538629, 5.082202930024412701 ) ) ;
#1854 = CARTESIAN_POINT ( 'NONE',  ( 8.647311949975829748, 63.35056020455222381, 6.227331827589308588 ) ) ;
#1855 = DATE_TIME_ROLE ( 'classification_date' ) ;
#1856 = AXIS2_PLACEMENT_3D ( 'NONE', #954, #1618, #3210 ) ;
#1857 = ORIENTED_EDGE ( 'NONE', *, *, #3991, .T. ) ;
#1858 = AXIS2_PLACEMENT_3D ( 'NONE', #1588, #4155, #1566 ) ;
#1859 = CARTESIAN_POINT ( 'NONE',  ( 11.88275599621570500, 63.50494895489654112, 4.808823763508750737 ) ) ;
#1860 = CARTESIAN_POINT ( 'NONE',  ( 0.000000000000000000, -2.775557561562891351E-14, 0.1000000000000011297 ) ) ;
#1861 = VERTEX_POINT ( 'NONE', #3605 ) ;
#1862 = VECTOR ( 'NONE', #1085, 1000.000000000000114 ) ;
#1863 = AXIS2_PLACEMENT_3D ( 'NONE', #3790, #1511, #836 ) ;
#1864 = DIRECTION ( 'NONE',  ( 1.000000000000000000, -4.263446390183754050E-16, 0.000000000000000000 ) ) ;
#1865 = CARTESIAN_POINT ( 'NONE',  ( 1.523139917828622014, 57.50691563653040816, 4.699999999999991296 ) ) ;
#1866 = LINE ( 'NONE', #4189, #2841 ) ;
#1867 = B_SPLINE_CURVE_WITH_KNOTS ( 'NONE', 3,
 ( #3920, #1299, #589, #3591, #1573, #3900, #2249, #3610 ),
 .UNSPECIFIED., .F., .F.,
 ( 4, 2, 2, 4 ),
 ( 0.000000000000000000, 0.0006477090364199728336, 0.001295418072839945667, 0.002590836145679893503 ),
 .UNSPECIFIED. ) ;
#1868 = EDGE_CURVE ( 'NONE', #210, #558, #3938, .T. ) ;
#1869 = CARTESIAN_POINT ( 'NONE',  ( 0.000000000000000000, -2.775557561562891351E-14, 4.700000000000023270 ) ) ;
#1870 = ORIENTED_EDGE ( 'NONE', *, *, #2742, .F. ) ;
#1871 = CARTESIAN_POINT ( 'NONE',  ( -9.383720805874967041, 61.95768445614422859, 4.735033250043763076 ) ) ;
#1872 = VECTOR ( 'NONE', #2473, 1000.000000000000114 ) ;
#1873 = VECTOR ( 'NONE', #1016, 1000.000000000000000 ) ;
#1874 = ORIENTED_EDGE ( 'NONE', *, *, #3763, .T. ) ;
#1875 = VERTEX_POINT ( 'NONE', #333 ) ;
#1876 = CARTESIAN_POINT ( 'NONE',  ( 14.00000000000000888, -2.465190328815661892E-29, 5.000000000000000000 ) ) ;
#1877 = CARTESIAN_POINT ( 'NONE',  ( -1.072127533966020563, 62.37669211792051271, 5.079133771605061298 ) ) ;
#1878 = CARTESIAN_POINT ( 'NONE',  ( 8.656760182269076509, 63.32772491460257669, 6.174930581096960580 ) ) ;
#1879 = ORIENTED_EDGE ( 'NONE', *, *, #3379, .T. ) ;
#1880 = DIRECTION ( 'NONE',  ( -0.8759792377278923237, 0.000000000000000000, 0.4823488105817829719 ) ) ;
#1881 = CARTESIAN_POINT ( 'NONE',  ( 1.465554810151880272, 61.86788141165364152, 4.768886887472304714 ) ) ;
#1882 = ORIENTED_EDGE ( 'NONE', *, *, #93, .T. ) ;
#1883 = ORIENTED_EDGE ( 'NONE', *, *, #4225, .T. ) ;
#1884 = FACE_OUTER_BOUND ( 'NONE', #4262, .T. ) ;
#1885 = DIRECTION ( 'NONE',  ( -1.000000000000000000, -1.061766890363825891E-16, 0.000000000000000000 ) ) ;
#1886 = DIRECTION ( 'NONE',  ( 0.1736481776669342170, 0.9848077530122073542, 0.000000000000000000 ) ) ;
#1887 = EDGE_CURVE ( 'NONE', #3878, #630, #3252, .T. ) ;
#1888 = LINE ( 'NONE', #890, #1455 ) ;
#1889 = ORIENTED_EDGE ( 'NONE', *, *, #303, .T. ) ;
#1890 = DIRECTION ( 'NONE',  ( -0.1736481776669342170, -0.9848077530122073542, 0.000000000000000000 ) ) ;
#1891 = ORIENTED_EDGE ( 'NONE', *, *, #2454, .F. ) ;
#1892 = CARTESIAN_POINT ( 'NONE',  ( -9.158922306303750815, 61.50494895489652691, 4.999999999999999112 ) ) ;
#1893 = DIRECTION ( 'NONE',  ( -1.000000000000000000, 0.000000000000000000, 0.000000000000000000 ) ) ;
#1894 = PLANE ( 'NONE',  #1753 ) ;
#1895 = LINE ( 'NONE', #3226, #2333 ) ;
#1896 = CARTESIAN_POINT ( 'NONE',  ( 8.653935202151412653, 63.32398100500540039, 6.176168185225312079 ) ) ;
#1897 = ORIENTED_EDGE ( 'NONE', *, *, #1597, .F. ) ;
#1898 = CARTESIAN_POINT ( 'NONE',  ( -17.72653955421973393, 3.125667198004817404, 4.699999999999991296 ) ) ;
#1899 = VERTEX_POINT ( 'NONE', #1650 ) ;
#1900 = CARTESIAN_POINT ( 'NONE',  ( 8.661197780811420444, 63.31689498209268407, 6.151576976243832817 ) ) ;
#1901 = CARTESIAN_POINT ( 'NONE',  ( -1.018241026691455220, 63.50494895489652691, 6.917182385467040895 ) ) ;
#1902 = VECTOR ( 'NONE', #2225, 1000.000000000000000 ) ;
#1903 = CARTESIAN_POINT ( 'NONE',  ( 7.232080486606302649, 66.66343480591494597, 4.999999999999998224 ) ) ;
#1904 = LINE ( 'NONE', #3193, #306 ) ;
#1905 = VERTEX_POINT ( 'NONE', #1629 ) ;
#1906 = PLANE ( 'NONE',  #2402 ) ;
#1907 = FACE_OUTER_BOUND ( 'NONE', #2881, .T. ) ;
#1908 = CARTESIAN_POINT ( 'NONE',  ( -1.403964558569209098, 57.60691563653040248, 0.000000000000000000 ) ) ;
#1909 = CARTESIAN_POINT ( 'NONE',  ( -1.711219641652262924, 61.96518464504617185, 5.053400860263929317 ) ) ;
#1910 = CARTESIAN_POINT ( 'NONE',  ( 9.027847191780848490, 62.13529946764452916, 5.101789914604719200 ) ) ;
#1911 = DIRECTION ( 'NONE',  ( -0.1736481776669343557, 0.9848077530122072432, 0.000000000000000000 ) ) ;
#1912 = EDGE_CURVE ( 'NONE', #4133, #2900, #1524, .T. ) ;
#1913 = EDGE_LOOP ( 'NONE', ( #2026, #3185, #1486, #926 ) ) ;
#1914 = LINE ( 'NONE', #299, #1405 ) ;
#1915 = CARTESIAN_POINT ( 'NONE',  ( -11.94523607437995771, 64.88206692404351372, 4.981238187147096319 ) ) ;
#1916 = CLOSED_SHELL ( 'NONE', ( #1684, #2579, #2418, #2634, #1494, #2286, #1049, #3971, #866, #1235, #914, #1932, #1984, #80, #128, #3147, #2140, #82, #1648, #2308, #3929, #3251, #2321, #382, #3545, #3166, #3608, #945, #325, #1670, #2594, #4172, #1950, #2086, #851, #32, #4079, #2482, #1225, #3857, #2445, #163, #2472, #3465, #3016, #1687, #421, #2376, #2198, #168, #3034, #1778, #982, #634, #2894, #1133, #507, #3277, #3179, #356, #2737, #1544, #3072, #1831, #2877, #1666, #2105, #1694, #3316, #608, #1233, #2394, #2698, #3161, #2045, #335, #4031, #3400, #3700, #3021, #1360, #3744, #3626, #21, #3302, #2785, #787, #736, #2530, #458, #895, #1728, #1302, #126, #2795, #1435, #1949, #1245, #2287, #3264, #2270, #3139, #746, #3238, #1205, #2928, #517, #3968, #298, #848 ) ) ;
#1917 = ORIENTED_EDGE ( 'NONE', *, *, #62, .T. ) ;
#1918 = CARTESIAN_POINT ( 'NONE',  ( 8.581127966986793254, 63.50494895492182934, 6.890786890520494978 ) ) ;
#1919 = CARTESIAN_POINT ( 'NONE',  ( 1.027225295957641560, 63.50494895489651981, 5.571606592174117800 ) ) ;
#1920 = EDGE_CURVE ( 'NONE', #1652, #558, #2605, .T. ) ;
#1921 = CONICAL_SURFACE ( 'NONE', #3024, 7.600000000000024514, 0.7853981633974569387 ) ;
#1922 = DIRECTION ( 'NONE',  ( -0.1736481776669343557, 0.9848077530122072432, 0.000000000000000000 ) ) ;
#1923 = CONICAL_SURFACE ( 'NONE', #2556, 9.493084363469568743, 0.7853981633974570498 ) ;
#1924 = LINE ( 'NONE', #288, #3739 ) ;
#1925 = AXIS2_PLACEMENT_3D ( 'NONE', #3327, #3992, #2373 ) ;
#1926 = CARTESIAN_POINT ( 'NONE',  ( 8.885139475983718782, 62.68966623396985938, 5.386993517185827862 ) ) ;
#1927 = EDGE_LOOP ( 'NONE', ( #876, #647, #393, #3849 ) ) ;
#1928 = CARTESIAN_POINT ( 'NONE',  ( -8.829233099187076661, 62.86423143358342713, 5.531822068681949922 ) ) ;
#1929 = CARTESIAN_POINT ( 'NONE',  ( 7.342551218437736615, 8.162419542118989568, 7.537580457880825868 ) ) ;
#1930 = LINE ( 'NONE', #3272, #2300 ) ;
#1931 = VECTOR ( 'NONE', #953, 1000.000000000000000 ) ;
#1932 = ADVANCED_FACE ( 'NONE', ( #981 ), #2075, .F. ) ;
#1933 = ORIENTED_EDGE ( 'NONE', *, *, #4058, .T. ) ;
#1934 = VECTOR ( 'NONE', #2423, 1000.000000000000114 ) ;
#1935 = EDGE_CURVE ( 'NONE', #3290, #2165, #3997, .T. ) ;
#1936 = CARTESIAN_POINT ( 'NONE',  ( -8.998127716406601806, 63.50494895489652691, 12.31176876537979759 ) ) ;
#1937 = ORIENTED_EDGE ( 'NONE', *, *, #3181, .F. ) ;
#1938 = EDGE_CURVE ( 'NONE', #1771, #2507, #2623, .T. ) ;
#1939 = CARTESIAN_POINT ( 'NONE',  ( 8.635450206599108114, 63.37889805899754947, 6.301080838922366034 ) ) ;
#1940 = CARTESIAN_POINT ( 'NONE',  ( -1.516920684930726404, 61.99901971801708100, 5.038694499791421144 ) ) ;
#1941 = LINE ( 'NONE', #1623, #989 ) ;
#1942 = CARTESIAN_POINT ( 'NONE',  ( -8.998127716406603582, 64.88206692404348530, 12.31176876537979759 ) ) ;
#1943 = VECTOR ( 'NONE', #2873, 1000.000000000000114 ) ;
#1944 = DIRECTION ( 'NONE',  ( -0.6963642403200350772, -0.1227878039689816320, 0.7071067811865300312 ) ) ;
#1945 = CARTESIAN_POINT ( 'NONE',  ( 8.998127716406562726, 78.50494895489653402, 12.31176876537974962 ) ) ;
#1946 = DIRECTION ( 'NONE',  ( -0.1736481776669343280, 0.9848077530122072432, 0.000000000000000000 ) ) ;
#1947 = CARTESIAN_POINT ( 'NONE',  ( -1.733184783983264143, 63.50494895489654112, 6.999999999999999112 ) ) ;
#1948 = CIRCLE ( 'NONE', #1750, 7.500000000000000000 ) ;
#1949 = ADVANCED_FACE ( 'NONE', ( #3645 ), #690, .T. ) ;
#1950 = ADVANCED_FACE ( 'NONE', ( #1994 ), #3331, .T. ) ;
#1951 = CARTESIAN_POINT ( 'NONE',  ( -15.59999999999999432, 1.959434878635767449E-16, 4.700000000000013500 ) ) ;
#1952 = ORIENTED_EDGE ( 'NONE', *, *, #2067, .T. ) ;
#1953 = VECTOR ( 'NONE', #2527, 1000.000000000000000 ) ;
#1954 = CARTESIAN_POINT ( 'NONE',  ( -0.07257322708016386570, 62.50693022643098828, 4.834897187956235243 ) ) ;
#1955 = DIRECTION ( 'NONE',  ( -0.6963642403199983288, -0.1227878039689722089, -0.7071067811865680008 ) ) ;
#1956 = CARTESIAN_POINT ( 'NONE',  ( -8.859623263746232880, 63.91656645967133699, 7.018644835348985644 ) ) ;
#1957 = FACE_OUTER_BOUND ( 'NONE', #3429, .T. ) ;
#1958 = ORIENTED_EDGE ( 'NONE', *, *, #3515, .T. ) ;
#1959 = CARTESIAN_POINT ( 'NONE',  ( 8.762283139688504363, 63.05556539148071948, 5.736766076692978444 ) ) ;
#1960 = CARTESIAN_POINT ( 'NONE',  ( -0.09194807052037354267, 63.50494895489652691, 6.731867428312739321 ) ) ;
#1961 = ORIENTED_EDGE ( 'NONE', *, *, #1887, .T. ) ;
#1962 = AXIS2_PLACEMENT_3D ( 'NONE', #2085, #467, #1394 ) ;
#1963 = EDGE_CURVE ( 'NONE', #1438, #3480, #1727, .T. ) ;
#1964 = CIRCLE ( 'NONE', #673, 1.599999999999998979 ) ;
#1965 = CARTESIAN_POINT ( 'NONE',  ( -0.8296090011222455596, 62.48450840231632242, 5.080854803836361455 ) ) ;
#1966 = EDGE_CURVE ( 'NONE', #3172, #3202, #2965, .T. ) ;
#1967 = CARTESIAN_POINT ( 'NONE',  ( 8.978337498841408859, 62.35500719575482265, 5.189462986338404527 ) ) ;
#1968 = CARTESIAN_POINT ( 'NONE',  ( -12.52621327695533715, 63.50494895489651270, 5.309054976647278323 ) ) ;
#1969 = LINE ( 'NONE', #2659, #428 ) ;
#1970 = CARTESIAN_POINT ( 'NONE',  ( -19.69999999999999929, -2.775557561562891351E-14, 5.000000000000000000 ) ) ;
#1971 = DIRECTION ( 'NONE',  ( -1.000000000000000000, 0.000000000000000000, 0.000000000000000000 ) ) ;
#1972 = DIRECTION ( 'NONE',  ( -0.6963642403200024367, 0.1227878039689727502, 0.7071067811865637820 ) ) ;
#1973 = EDGE_CURVE ( 'NONE', #2838, #17, #247, .T. ) ;
#1974 = EDGE_LOOP ( 'NONE', ( #884, #905, #405, #2520 ) ) ;
#1975 = CARTESIAN_POINT ( 'NONE',  ( -19.69615506024415197, 3.472963553338685561, 0.1000000000000011297 ) ) ;
#1976 = CARTESIAN_POINT ( 'NONE',  ( 1.437815128014963362, 61.89713280932156891, 4.774559982696265692 ) ) ;
#1977 = CARTESIAN_POINT ( 'NONE',  ( 0.9559156567563703577, 62.26404325716988808, 4.818114988283303646 ) ) ;
#1978 = CARTESIAN_POINT ( 'NONE',  ( -1.863013821684388116, 61.81329387931106112, 5.022504879601258132 ) ) ;
#1979 = VERTEX_POINT ( 'NONE', #3671 ) ;
#1980 = ORIENTED_EDGE ( 'NONE', *, *, #1912, .T. ) ;
#1981 = FACE_OUTER_BOUND ( 'NONE', #1554, .T. ) ;
#1982 = DIRECTION ( 'NONE',  ( 0.1736481776669343280, -0.9848077530122072432, 0.000000000000000000 ) ) ;
#1983 = EDGE_LOOP ( 'NONE', ( #2714, #2094, #637, #1248 ) ) ;
#1984 = ADVANCED_FACE ( 'NONE', ( #137 ), #990, .F. ) ;
#1985 = EDGE_CURVE ( 'NONE', #297, #1296, #3406, .T. ) ;
#1986 = CARTESIAN_POINT ( 'NONE',  ( 0.8787174779262981739, 62.46420421035855242, 5.080569930116340061 ) ) ;
#1987 = AXIS2_PLACEMENT_3D ( 'NONE', #4124, #1155, #2857 ) ;
#1988 = CARTESIAN_POINT ( 'NONE',  ( 8.949308970972756683, 62.46583424015489072, 5.245905754369971419 ) ) ;
#1989 = AXIS2_PLACEMENT_3D ( 'NONE', #2193, #3797, #842 ) ;
#1990 = PLANE ( 'NONE',  #1925 ) ;
#1991 = CARTESIAN_POINT ( 'NONE',  ( 1.718080249202823540, 61.53460953151489576, 4.705739667590042252 ) ) ;
#1992 = LINE ( 'NONE', #66, #227 ) ;
#1993 = VERTEX_POINT ( 'NONE', #2705 ) ;
#1994 = FACE_OUTER_BOUND ( 'NONE', #219, .T. ) ;
#1995 = ORIENTED_EDGE ( 'NONE', *, *, #1308, .F. ) ;
#1996 = EDGE_CURVE ( 'NONE', #2876, #1849, #3111, .T. ) ;
#1997 = CARTESIAN_POINT ( 'NONE',  ( -9.053420755240097151, 62.02523506662587494, 5.068859828510224652 ) ) ;
#1998 = CARTESIAN_POINT ( 'NONE',  ( 19.59767428494292929, 3.455598735572042113, 0.000000000000000000 ) ) ;
#1999 = CARTESIAN_POINT ( 'NONE',  ( -0.3017302592399226935, 62.48410549839083217, 4.833531384015077315 ) ) ;
#2000 = CARTESIAN_POINT ( 'NONE',  ( 8.859623263746236432, 63.91656645967133699, 7.018644835348990974 ) ) ;
#2001 = ORIENTED_EDGE ( 'NONE', *, *, #1938, .F. ) ;
#2002 = CIRCLE ( 'NONE', #3392, 2.000000000000000000 ) ;
#2003 = EDGE_LOOP ( 'NONE', ( #1413, #2983, #860, #3568 ) ) ;
#2004 = VECTOR ( 'NONE', #3483, 1000.000000000000000 ) ;
#2005 = DIRECTION ( 'NONE',  ( 0.000000000000000000, 0.000000000000000000, 1.000000000000000000 ) ) ;
#2006 = ORIENTED_EDGE ( 'NONE', *, *, #2863, .F. ) ;
#2007 = DIRECTION ( 'NONE',  ( -1.000000000000000000, -1.061766890363825891E-16, 0.000000000000000000 ) ) ;
#2008 = CARTESIAN_POINT ( 'NONE',  ( 1.575948383506106776, 62.05883419849743632, 5.065287670467372827 ) ) ;
#2009 = EDGE_CURVE ( 'NONE', #1010, #1123, #2477, .T. ) ;
#2010 = CYLINDRICAL_SURFACE ( 'NONE', #2681, 1.599999999999998979 ) ;
#2011 = CARTESIAN_POINT ( 'NONE',  ( -16.45725758540967831, 10.89999999999997726, 0.000000000000000000 ) ) ;
#2012 = DIRECTION ( 'NONE',  ( -0.7071067811865597852, 0.000000000000000000, -0.7071067811865352493 ) ) ;
#2013 = DIRECTION ( 'NONE',  ( -0.000000000000000000, -0.000000000000000000, 1.000000000000000000 ) ) ;
#2014 = DIRECTION ( 'NONE',  ( -0.000000000000000000, -0.000000000000000000, 1.000000000000000000 ) ) ;
#2015 = VECTOR ( 'NONE', #2438, 1000.000000000000114 ) ;
#2016 = VERTEX_POINT ( 'NONE', #2158 ) ;
#2017 = AXIS2_PLACEMENT_3D ( 'NONE', #2480, #2378, #1075 ) ;
#2018 = CARTESIAN_POINT ( 'NONE',  ( 0.8914418509128123613, 62.29744888966828142, 4.820760798976882811 ) ) ;
#2019 = CARTESIAN_POINT ( 'NONE',  ( -0.5958424882590619420, 62.41642517113597677, 4.829257360311762781 ) ) ;
#2020 = CARTESIAN_POINT ( 'NONE',  ( 9.117359458636341785, 63.15170429048568224, 5.311595378984202753 ) ) ;
#2021 = DIRECTION ( 'NONE',  ( -0.000000000000000000, -0.000000000000000000, -1.000000000000000000 ) ) ;
#2022 = ORIENTED_EDGE ( 'NONE', *, *, #3181, .T. ) ;
#2023 = CARTESIAN_POINT ( 'NONE',  ( 8.791136953805921195, 62.97503398808471076, 5.643943996747279535 ) ) ;
#2024 = EDGE_CURVE ( 'NONE', #3506, #2280, #2798, .T. ) ;
#2025 = AXIS2_PLACEMENT_3D ( 'NONE', #4255, #277, #2604 ) ;
#2026 = ORIENTED_EDGE ( 'NONE', *, *, #3804, .F. ) ;
#2027 = PLANE ( 'NONE',  #4146 ) ;
#2028 = CARTESIAN_POINT ( 'NONE',  ( 12.30000000000000071, -2.465190328815661892E-29, 0.000000000000000000 ) ) ;
#2029 = ORIENTED_EDGE ( 'NONE', *, *, #1015, .T. ) ;
#2030 = CARTESIAN_POINT ( 'NONE',  ( -2.072179889736914582, 61.50494895489653402, 5.000000000000000000 ) ) ;
#2031 = EDGE_LOOP ( 'NONE', ( #111, #1390, #198, #2753 ) ) ;
#2032 = VERTEX_POINT ( 'NONE', #1521 ) ;
#2033 = CARTESIAN_POINT ( 'NONE',  ( 0.4186579504408330377, 62.59875680650854690, 5.081949274991331755 ) ) ;
#2034 = CARTESIAN_POINT ( 'NONE',  ( 19.69615506024414842, 3.472963553338735743, 5.000000000000000000 ) ) ;
#2035 = CARTESIAN_POINT ( 'NONE',  ( 11.59684554599795980, 64.42419148521193506, 4.797803989305630346 ) ) ;
#2036 = ORIENTED_EDGE ( 'NONE', *, *, #1887, .F. ) ;
#2037 = CARTESIAN_POINT ( 'NONE',  ( -8.637514495866410513, 63.50494895489651270, 6.549464072362398248 ) ) ;
#2038 = ORIENTED_EDGE ( 'NONE', *, *, #2501, .T. ) ;
#2039 = CARTESIAN_POINT ( 'NONE',  ( 15.70000000000001883, 2.081899558550264114E-16, 0.000000000000000000 ) ) ;
#2040 = CARTESIAN_POINT ( 'NONE',  ( 0.6032686446356809729, 62.41409477282448393, 4.829107451685935359 ) ) ;
#2041 = CARTESIAN_POINT ( 'NONE',  ( -0.2840130744926957496, 62.48672842811444639, 4.833690147491060962 ) ) ;
#2042 = CARTESIAN_POINT ( 'NONE',  ( 8.889524272547733474, 63.83784403004720787, 6.426612133077889588 ) ) ;
#2043 = DIRECTION ( 'NONE',  ( 0.000000000000000000, 0.000000000000000000, 1.000000000000000000 ) ) ;
#2044 = ORIENTED_EDGE ( 'NONE', *, *, #488, .F. ) ;
#2045 = ADVANCED_FACE ( 'NONE', ( #3128 ), #3449, .T. ) ;
#2046 = LINE ( 'NONE', #1400, #3617 ) ;
#2047 = DIRECTION ( 'NONE',  ( 0.7071067811865597852, 8.659560562355083235E-17, -0.7071067811865352493 ) ) ;
#2048 = CARTESIAN_POINT ( 'NONE',  ( 0.000000000000000000, -2.775557561562891351E-14, 0.1000000000000228206 ) ) ;
#2049 = CARTESIAN_POINT ( 'NONE',  ( 1.331166866332486320E-16, 57.80691563653043374, 5.000000000000000000 ) ) ;
#2050 = ORIENTED_EDGE ( 'NONE', *, *, #3553, .T. ) ;
#2051 = CARTESIAN_POINT ( 'NONE',  ( -8.557950094031193444, 10.69999999999994600, 5.000000000000000000 ) ) ;
#2052 = AXIS2_PLACEMENT_3D ( 'NONE', #1942, #2768, #2076 ) ;
#2053 = EDGE_CURVE ( 'NONE', #3513, #1123, #3847, .T. ) ;
#2054 = CONICAL_SURFACE ( 'NONE', #2960, 19.69999999999999929, 0.7853981633974657095 ) ;
#2055 = CARTESIAN_POINT ( 'NONE',  ( -1.536827783562063177, 61.78701618091429992, 4.749299706946805699 ) ) ;
#2056 = CARTESIAN_POINT ( 'NONE',  ( -13.99999999999999112, 0.000000000000000000, 0.000000000000000000 ) ) ;
#2057 = CARTESIAN_POINT ( 'NONE',  ( -9.007244137577099963, 63.50494895489652691, 5.711590350538845229 ) ) ;
#2058 = CIRCLE ( 'NONE', #2830, 1.599999999999998979 ) ;
#2059 = VERTEX_POINT ( 'NONE', #230 ) ;
#2060 = CARTESIAN_POINT ( 'NONE',  ( 9.348863081143788278, 62.15537243668537570, 0.1000000000000011297 ) ) ;
#2061 = FACE_BOUND ( 'NONE', #3228, .T. ) ;
#2062 = CARTESIAN_POINT ( 'NONE',  ( -1.392775579448869205, 61.94243766625574210, 4.782335956296709156 ) ) ;
#2063 = CARTESIAN_POINT ( 'NONE',  ( -0.4935852071378353800, 62.44537615251933005, 4.831129657132624544 ) ) ;
#2064 = B_SPLINE_CURVE_WITH_KNOTS ( 'NONE', 1,
 ( #654, #1214 ),
 .UNSPECIFIED., .F., .F.,
 ( 2, 2 ),
 ( 0.000000000000000000, 1.000000000000000000 ),
 .UNSPECIFIED. ) ;
#2065 = DIRECTION ( 'NONE',  ( -0.1736481776669344668, 0.9848077530122072432, 0.000000000000000000 ) ) ;
#2066 = ORIENTED_EDGE ( 'NONE', *, *, #1705, .T. ) ;
#2067 = EDGE_CURVE ( 'NONE', #175, #2157, #739, .T. ) ;
#2068 = EDGE_CURVE ( 'NONE', #3552, #2469, #3170, .T. ) ;
#2069 = DIRECTION ( 'NONE',  ( -0.6444004775718082945, -0.5407162030609572456, -0.5407162030608727576 ) ) ;
#2070 = FACE_OUTER_BOUND ( 'NONE', #2652, .T. ) ;
#2071 = CARTESIAN_POINT ( 'NONE',  ( 13.00000000000000178, 63.50494895489654112, 18.00000000000000355 ) ) ;
#2072 = ORIENTED_EDGE ( 'NONE', *, *, #2290, .T. ) ;
#2073 = CARTESIAN_POINT ( 'NONE',  ( -9.246395133845014769, 62.65783325057348918, 4.970904707689692614 ) ) ;
#2074 = VECTOR ( 'NONE', #2065, 1000.000000000000227 ) ;
#2075 = CONICAL_SURFACE ( 'NONE', #25, 2.099999999999976996, 0.7853981633973636800 ) ;
#2076 = DIRECTION ( 'NONE',  ( 1.000000000000000000, 0.000000000000000000, 0.000000000000000000 ) ) ;
#2077 = CARTESIAN_POINT ( 'NONE',  ( -8.679429797366347898, 63.27179836552613068, 6.062761976577780487 ) ) ;
#2078 = CC_DESIGN_APPROVAL ( #3351, ( #705 ) ) ;
#2079 = LINE ( 'NONE', #2747, #1872 ) ;
#2080 = CARTESIAN_POINT ( 'NONE',  ( -11.53886748682427843, 64.88206692404348530, 4.830339399547793455 ) ) ;
#2081 = CARTESIAN_POINT ( 'NONE',  ( 0.000000000000000000, -2.775557561562891351E-14, 0.1000000000000011297 ) ) ;
#2082 = VERTEX_POINT ( 'NONE', #2130 ) ;
#2083 = CARTESIAN_POINT ( 'NONE',  ( -8.865190803482493109, 63.50494895489655534, 5.964386356702448211 ) ) ;
#2084 = VERTEX_POINT ( 'NONE', #2820 ) ;
#2085 = CARTESIAN_POINT ( 'NONE',  ( 0.000000000000000000, -2.775557561562891351E-14, 0.000000000000000000 ) ) ;
#2086 = ADVANCED_FACE ( 'NONE', ( #4153 ), #578, .T. ) ;
#2087 = CARTESIAN_POINT ( 'NONE',  ( -1.255983202141952138, 62.06375872684115791, 4.798737798315763747 ) ) ;
#2088 = CARTESIAN_POINT ( 'NONE',  ( -0.07558455409945144532, 62.63616604175371805, 5.082197406178994292 ) ) ;
#2089 = EDGE_CURVE ( 'NONE', #2717, #2592, #190, .T. ) ;
#2090 = EDGE_CURVE ( 'NONE', #2165, #1875, #2279, .T. ) ;
#2091 = CARTESIAN_POINT ( 'NONE',  ( 8.860789704951155699, 63.91357221524446430, 6.885304415249869692 ) ) ;
#2092 = CARTESIAN_POINT ( 'NONE',  ( 12.40000000000000568, 1.959434878635520930E-16, 4.700000000000013500 ) ) ;
#2093 = VERTEX_POINT ( 'NONE', #2543 ) ;
#2094 = ORIENTED_EDGE ( 'NONE', *, *, #3839, .T. ) ;
#2095 = DIRECTION ( 'NONE',  ( 5.337610695313253357E-16, -1.000000000000000000, -0.000000000000000000 ) ) ;
#2096 = CARTESIAN_POINT ( 'NONE',  ( -11.51136840878363188, 65.09521593551167484, 4.845494749143979263 ) ) ;
#2097 = CARTESIAN_POINT ( 'NONE',  ( 1.284247211982853775E-15, 60.50691563653041527, 4.700000000000000178 ) ) ;
#2098 = ORIENTED_EDGE ( 'NONE', *, *, #4050, .T. ) ;
#2099 = ORIENTED_EDGE ( 'NONE', *, *, #2068, .F. ) ;
#2100 = VERTEX_POINT ( 'NONE', #3867 ) ;
#2101 = CARTESIAN_POINT ( 'NONE',  ( -8.635157980171731751, 63.37964064412621212, 6.301261848834439405 ) ) ;
#2102 = CARTESIAN_POINT ( 'NONE',  ( -9.008580946808478984, 62.23082455620793496, 5.136176929894820553 ) ) ;
#2103 = CARTESIAN_POINT ( 'NONE',  ( 0.000000000000000000, -2.775557561562891351E-14, 0.1000000000000011297 ) ) ;
#2104 = CARTESIAN_POINT ( 'NONE',  ( 8.557950094031207655, 10.69999999999994778, 5.000000000000000000 ) ) ;
#2105 = ADVANCED_FACE ( 'NONE', ( #920 ), #596, .T. ) ;
#2106 = CARTESIAN_POINT ( 'NONE',  ( -8.389388099250572495, 57.80691563653043374, 5.000000000000000000 ) ) ;
#2107 = DIRECTION ( 'NONE',  ( 0.6963642403200323017, -0.1227878039689774686, 0.7071067811865334729 ) ) ;
#2108 = ORIENTED_EDGE ( 'NONE', *, *, #1410, .T. ) ;
#2109 = ORIENTED_EDGE ( 'NONE', *, *, #500, .F. ) ;
#2110 = CARTESIAN_POINT ( 'NONE',  ( -8.587062877178322395, 64.88206692404347109, 2.086862182868326698 ) ) ;
#2111 = DIRECTION ( 'NONE',  ( -1.000000000000000000, 0.000000000000000000, 0.000000000000000000 ) ) ;
#2112 = CARTESIAN_POINT ( 'NONE',  ( -1.316290349481733513, 62.01285796705573716, 4.792418425458169651 ) ) ;
#2113 = CARTESIAN_POINT ( 'NONE',  ( 1.176185746845384017, 62.32126985432092425, 5.077905171833898557 ) ) ;
#2114 = ORIENTED_EDGE ( 'NONE', *, *, #1204, .T. ) ;
#2115 = CARTESIAN_POINT ( 'NONE',  ( 8.622425019372741417, 63.40972743197500705, 6.389546314808534078 ) ) ;
#2116 = ORIENTED_EDGE ( 'NONE', *, *, #2545, .T. ) ;
#2117 = ORIENTED_EDGE ( 'NONE', *, *, #3478, .T. ) ;
#2118 = CARTESIAN_POINT ( 'NONE',  ( 0.02258303523224112694, 58.80393119634602783, 5.997015559815551455 ) ) ;
#2119 = CARTESIAN_POINT ( 'NONE',  ( 9.454364632207441943, 61.55704340819661979, 4.699999999999990408 ) ) ;
#2120 = CARTESIAN_POINT ( 'NONE',  ( -8.929501635442207430, 63.72923342531704094, 6.111431601727380425 ) ) ;
#2121 = CARTESIAN_POINT ( 'NONE',  ( -19.90000000000001634, -2.531240525132993973E-14, 0.000000000000000000 ) ) ;
#2122 = DIRECTION ( 'NONE',  ( -0.000000000000000000, -0.000000000000000000, -1.000000000000000000 ) ) ;
#2123 = CARTESIAN_POINT ( 'NONE',  ( -1.733184783983262811, 63.50494895489652691, 5.203119565590641038 ) ) ;
#2124 = CARTESIAN_POINT ( 'NONE',  ( -12.29999999999998472, 2.081899558550508908E-16, 0.000000000000000000 ) ) ;
#2125 = EDGE_CURVE ( 'NONE', #4014, #2799, #3526, .T. ) ;
#2126 = CC_DESIGN_PERSON_AND_ORGANIZATION_ASSIGNMENT ( #883, #1795, ( #705 ) ) ;
#2127 = VECTOR ( 'NONE', #221, 1000.000000000000114 ) ;
#2128 = CARTESIAN_POINT ( 'NONE',  ( 1.680901398909861122, 61.59090943452444122, 4.713374645092327064 ) ) ;
#2129 = ORIENTED_EDGE ( 'NONE', *, *, #3557, .T. ) ;
#2130 = CARTESIAN_POINT ( 'NONE',  ( 8.998127716406576937, 64.88206692404349951, 14.13829607457723903 ) ) ;
#2131 = ORIENTED_EDGE ( 'NONE', *, *, #2440, .T. ) ;
#2132 = CARTESIAN_POINT ( 'NONE',  ( 1.284247211982853775E-15, 60.50691563653041527, 0.1000000000000011297 ) ) ;
#2133 = CARTESIAN_POINT ( 'NONE',  ( 8.495866342156601192, 11.05209445330005558, 5.000000000000000000 ) ) ;
#2134 = DIRECTION ( 'NONE',  ( -0.000000000000000000, -0.000000000000000000, 1.000000000000000000 ) ) ;
#2135 = LINE ( 'NONE', #3131, #3284 ) ;
#2136 = CARTESIAN_POINT ( 'NONE',  ( 0.7516868746671573343, 62.51279750657144518, 5.081179963984217451 ) ) ;
#2137 = CARTESIAN_POINT ( 'NONE',  ( 8.588932452058731570, 63.48723831573775556, 6.728240235572179095 ) ) ;
#2138 = ORIENTED_EDGE ( 'NONE', *, *, #127, .F. ) ;
#2139 = CIRCLE ( 'NONE', #1644, 1.600000000000002531 ) ;
#2140 = ADVANCED_FACE ( 'NONE', ( #631 ), #2973, .T. ) ;
#2141 = EDGE_LOOP ( 'NONE', ( #784, #3743, #3940, #1238 ) ) ;
#2142 = CARTESIAN_POINT ( 'NONE',  ( -8.677086622487696133, 63.27775264421607915, 6.072412296841463331 ) ) ;
#2143 = CARTESIAN_POINT ( 'NONE',  ( 7.799999999999974065, -2.775557561562891351E-14, 5.000000000000000000 ) ) ;
#2144 = AXIS2_PLACEMENT_3D ( 'NONE', #3720, #1363, #403 ) ;
#2145 = CARTESIAN_POINT ( 'NONE',  ( -10.35863871449016393, 64.88206692404348530, 24.79689717209858202 ) ) ;
#2146 = ORIENTED_EDGE ( 'NONE', *, *, #2290, .F. ) ;
#2147 = CARTESIAN_POINT ( 'NONE',  ( -8.880655726712712195, 63.86141327979216697, 6.524022377143894325 ) ) ;
#2148 = AXIS2_PLACEMENT_3D ( 'NONE', #2968, #4034, #3974 ) ;
#2149 = CARTESIAN_POINT ( 'NONE',  ( -8.747626523985747582, 63.09535261719249633, 5.787244753450258017 ) ) ;
#2150 = CARTESIAN_POINT ( 'NONE',  ( -8.940556745972326524, 62.49792419113027364, 5.263864862086371943 ) ) ;
#2151 = CARTESIAN_POINT ( 'NONE',  ( 8.595325260887822338, 63.50494895489654112, 6.773671762786590556 ) ) ;
#2152 = VECTOR ( 'NONE', #1165, 1000.000000000000114 ) ;
#2153 = EDGE_CURVE ( 'NONE', #630, #3058, #4226, .T. ) ;
#2154 = DIRECTION ( 'NONE',  ( 0.1736481776669342170, 0.9848077530122073542, 0.000000000000000000 ) ) ;
#2155 = AXIS2_PLACEMENT_3D ( 'NONE', #1615, #3297, #1181 ) ;
#2156 = FACE_BOUND ( 'NONE', #2329, .T. ) ;
#2157 = VERTEX_POINT ( 'NONE', #2251 ) ;
#2158 = CARTESIAN_POINT ( 'NONE',  ( 20.00000000000001776, -2.530628201733420739E-14, 0.1000000000000011297 ) ) ;
#2159 = ORIENTED_EDGE ( 'NONE', *, *, #3646, .F. ) ;
#2160 = DIRECTION ( 'NONE',  ( 0.8759792377278923237, 4.798964775776857512E-16, -0.4823488105817829719 ) ) ;
#2161 = CARTESIAN_POINT ( 'NONE',  ( -1.431161699608979099, 61.90398507443739362, 4.775805420774547727 ) ) ;
#2162 = CARTESIAN_POINT ( 'NONE',  ( -1.422320678204542110, 61.91308887784276749, 4.777459552267336207 ) ) ;
#2163 = CARTESIAN_POINT ( 'NONE',  ( 9.300192352444797805, 62.41497157558106323, 4.858750101480341144 ) ) ;
#2164 = VERTEX_POINT ( 'NONE', #3575 ) ;
#2165 = VERTEX_POINT ( 'NONE', #3088 ) ;
#2166 = CARTESIAN_POINT ( 'NONE',  ( -9.723563934081520088, 10.89999999999997726, 0.000000000000000000 ) ) ;
#2167 = CYLINDRICAL_SURFACE ( 'NONE', #2265, 9.493084363469568743 ) ;
#2168 = CARTESIAN_POINT ( 'NONE',  ( 13.00000000000000178, 64.36723081989876505, 6.712677289061554475 ) ) ;
#2169 = ORIENTED_EDGE ( 'NONE', *, *, #2865, .T. ) ;
#2170 =( BOUNDED_SURFACE ( )  B_SPLINE_SURFACE ( 3, 2, ( 
 ( #1180, #2123, #3443 ),
 ( #206, #870, #2173 ),
 ( #555, #1842, #3164 ),
 ( #225, #2962, #1940 ),
 ( #1901, #3280, #665 ),
 ( #322, #2236, #1579 ),
 ( #343, #955, #2252 ),
 ( #3576, #1265, #2288 ),
 ( #2631, #3613, #4264 ),
 ( #2596, #970, #4246 ),
 ( #1960, #285, #649 ),
 ( #3882, #1286, #3300 ),
 ( #1325, #1303, #2884 ),
 ( #1639, #22, #3969 ),
 ( #632, #3948, #2268 ),
 ( #2559, #613, #2906 ),
 ( #4206, #1919, #2613 ),
 ( #4228, #1009, #2575 ),
 ( #3906, #2309, #3263 ),
 ( #935, #305, #1619 ),
 ( #1243, #3926, #1600 ),
 ( #2924, #3638, #3597 ) ),
 .UNSPECIFIED., .F., .F., .T. ) 
 B_SPLINE_SURFACE_WITH_KNOTS ( ( 4, 2, 2, 2, 2, 2, 2, 2, 2, 2, 4 ),
 ( 3, 3 ),
 ( 0.003247752553406994293, 0.003673781480283818887, 0.004099810407160643481, 0.004525839334037468076, 0.004738853797475879939, 0.004951868260914292670, 0.005164882724352705401, 0.005377897187791117264, 0.005803926114667941859, 0.006229955041544766453, 0.006655983968421591047 ),
 ( 0.000000000000000000, 0.9259847175917735873 ),
 .UNSPECIFIED. ) 
 GEOMETRIC_REPRESENTATION_ITEM ( )  RATIONAL_B_SPLINE_SURFACE ( (
 ( 1.000000000000000000, 0.7287853554924792476, 0.9598519429870582265),
 ( 1.000000000000000000, 0.7389141223814450488, 0.9613513100705259884),
 ( 1.000000000000000000, 0.7504558469820453714, 0.9630598380821089322),
 ( 1.000000000000000000, 0.7765732434540828510, 0.9669260110333998126),
 ( 1.000000000000000000, 0.7912805069607224961, 0.9691031355571919637),
 ( 1.000000000000000000, 0.8223577466563080085, 0.9737035169022658643),
 ( 1.000000000000000000, 0.8388954073519379051, 0.9761515961557828414),
 ( 1.000000000000000000, 0.8590191711986310263, 0.9791305282842416302),
 ( 1.000000000000000000, 0.8648586650533128806, 0.9799949518577925067),
 ( 1.000000000000000000, 0.8732490840288263945, 0.9812369903177844410),
 ( 1.000000000000000000, 0.8757633470892829397, 0.9816091780987210580),
 ( 1.000000000000000000, 0.8765372657048834393, 0.9817237417085102891),
 ( 1.000000000000000000, 0.8747885367296936998, 0.9814648763706019796),
 ( 1.000000000000000000, 0.8675588078225437982, 0.9803946555170068855),
 ( 1.000000000000000000, 0.8621117766424664097, 0.9795883284148469983),
 ( 1.000000000000000000, 0.8425713567976427232, 0.9766957490284673415),
 ( 1.000000000000000000, 0.8256732219787271676, 0.9741943085868786101),
 ( 1.000000000000000000, 0.7937652898644795840, 0.9694709593738815023),
 ( 1.000000000000000000, 0.7785358235515431602, 0.9672165328737243328),
 ( 1.000000000000000000, 0.7514128130657410365, 0.9632014983119885354),
 ( 1.000000000000000000, 0.7393963857779016768, 0.9614226997934938179),
 ( 1.000000000000000000, 0.7287853554924792476, 0.9598519429870582265) ) ) 
 REPRESENTATION_ITEM ( '' )  SURFACE ( )  );
#2171 = CARTESIAN_POINT ( 'NONE',  ( -8.663781126432128943, 63.31052329425145331, 6.139032273160155206 ) ) ;
#2172 = CARTESIAN_POINT ( 'NONE',  ( -8.906038924408210988, 62.61910651675336936, 5.339078867589160282 ) ) ;
#2173 = CARTESIAN_POINT ( 'NONE',  ( -1.696930950823579698, 61.77640870021286190, 5.017639449035736554 ) ) ;
#2174 = AXIS2_PLACEMENT_3D ( 'NONE', #2552, #3876, #928 ) ;
#2175 = CARTESIAN_POINT ( 'NONE',  ( -2.027576964562290307, 61.58546040504288754, 5.000000000000019540 ) ) ;
#2176 = VECTOR ( 'NONE', #1068, 1000.000000000000000 ) ;
#2177 = CARTESIAN_POINT ( 'NONE',  ( -0.9154147359657557326, 62.44903220033079805, 5.080356123692252979 ) ) ;
#2178 = ORIENTED_EDGE ( 'NONE', *, *, #1868, .F. ) ;
#2179 = DIRECTION ( 'NONE',  ( 0.000000000000000000, 0.000000000000000000, 1.000000000000000000 ) ) ;
#2180 = ORIENTED_EDGE ( 'NONE', *, *, #3673, .T. ) ;
#2181 = LINE ( 'NONE', #1272, #765 ) ;
#2182 = DIRECTION ( 'NONE',  ( 0.000000000000000000, 0.000000000000000000, 1.000000000000000000 ) ) ;
#2183 = CARTESIAN_POINT ( 'NONE',  ( 9.348863081143788278, 62.15537243668537570, 4.779188802786748624 ) ) ;
#2184 = CARTESIAN_POINT ( 'NONE',  ( -0.6041964849879587485, 62.55685391764296810, 5.081609989621077794 ) ) ;
#2185 = CARTESIAN_POINT ( 'NONE',  ( 9.246395133845012992, 62.65783325057354602, 4.970904707689697943 ) ) ;
#2186 = SECURITY_CLASSIFICATION_LEVEL ( 'unclassified' ) ;
#2187 = ORIENTED_EDGE ( 'NONE', *, *, #625, .F. ) ;
#2188 = DIRECTION ( 'NONE',  ( 0.000000000000000000, 0.000000000000000000, 1.000000000000000000 ) ) ;
#2189 = APPROVAL ( #1679, 'UNSPECIFIED' ) ;
#2190 = DIRECTION ( 'NONE',  ( -0.000000000000000000, -0.000000000000000000, 1.000000000000000000 ) ) ;
#2191 = ORIENTED_EDGE ( 'NONE', *, *, #1188, .T. ) ;
#2192 = CARTESIAN_POINT ( 'NONE',  ( -8.980906785611770360, 62.34470809148951531, 5.184785950130552656 ) ) ;
#2193 = CARTESIAN_POINT ( 'NONE',  ( -13.99999999999999112, 0.000000000000000000, 4.700000000000013500 ) ) ;
#2194 = CARTESIAN_POINT ( 'NONE',  ( 1.140478240016596923, 63.50494895489649849, 6.946680975922079782 ) ) ;
#2195 = CARTESIAN_POINT ( 'NONE',  ( -1.649260660625969654, 62.00663959609780562, 5.059810172146754326 ) ) ;
#2196 = ORIENTED_EDGE ( 'NONE', *, *, #3624, .T. ) ;
#2197 = CARTESIAN_POINT ( 'NONE',  ( -9.379001205228997051, 61.98445064148355499, 4.739950470900347490 ) ) ;
#2198 = ADVANCED_FACE ( 'NONE', ( #4122 ), #4096, .F. ) ;
#2199 = ORIENTED_EDGE ( 'NONE', *, *, #3799, .F. ) ;
#2200 = DIRECTION ( 'NONE',  ( -1.000000000000000000, -1.061766890363825891E-16, 0.000000000000000000 ) ) ;
#2201 = LINE ( 'NONE', #1548, #1943 ) ;
#2202 = CARTESIAN_POINT ( 'NONE',  ( 9.158922306303757921, 61.50494895489653402, 4.999999999999999112 ) ) ;
#2203 = CARTESIAN_POINT ( 'NONE',  ( 9.136710430844944497, 61.61452969913145239, 5.002522613015861097 ) ) ;
#2204 = ORIENTED_EDGE ( 'NONE', *, *, #4199, .F. ) ;
#2205 = CARTESIAN_POINT ( 'NONE',  ( 8.608597949799889903, 63.44201959374466782, 6.501401854850340278 ) ) ;
#2206 = ORIENTED_EDGE ( 'NONE', *, *, #7, .F. ) ;
#2207 = DIRECTION ( 'NONE',  ( -0.4823488105817829719, -2.574590170232951277E-16, -0.8759792377278923237 ) ) ;
#2208 = CARTESIAN_POINT ( 'NONE',  ( 1.477573756711158648, 61.85482310298101538, 4.766112198149885515 ) ) ;
#2209 = CARTESIAN_POINT ( 'NONE',  ( -9.175096877515562355, 62.94404303072517592, 5.145521245950444467 ) ) ;
#2210 = ORIENTED_EDGE ( 'NONE', *, *, #3986, .F. ) ;
#2211 = CIRCLE ( 'NONE', #354, 1.600000000000002531 ) ;
#2212 = EDGE_CURVE ( 'NONE', #3156, #3387, #3537, .T. ) ;
#2213 = AXIS2_PLACEMENT_3D ( 'NONE', #1065, #788, #4070 ) ;
#2214 = CONICAL_SURFACE ( 'NONE', #2564, 1.600000000000002531, 0.7853981633974653764 ) ;
#2215 = CARTESIAN_POINT ( 'NONE',  ( -6.240522027230781532, 40.37166768396614458, -12.43524795256347204 ) ) ;
#2216 = CARTESIAN_POINT ( 'NONE',  ( 8.753639653589926795, 63.50494895489654112, 6.200412669863928805 ) ) ;
#2217 = CARTESIAN_POINT ( 'NONE',  ( 0.5587599916007481848, 63.50494895489654112, 6.804792914750525057 ) ) ;
#2218 = CARTESIAN_POINT ( 'NONE',  ( -1.692097806652357539, 61.97751954958118148, 5.055595607654465695 ) ) ;
#2219 = VERTEX_POINT ( 'NONE', #3814 ) ;
#2220 = CARTESIAN_POINT ( 'NONE',  ( -9.410135415934474779, 61.80787975834140724, 4.713592765498040293 ) ) ;
#2221 = AXIS2_PLACEMENT_3D ( 'NONE', #1869, #249, #270 ) ;
#2222 = AXIS2_PLACEMENT_3D ( 'NONE', #2566, #3152, #2241 ) ;
#2223 = ORIENTED_EDGE ( 'NONE', *, *, #369, .T. ) ;
#2224 = FACE_OUTER_BOUND ( 'NONE', #2141, .T. ) ;
#2225 = DIRECTION ( 'NONE',  ( 1.000000000000000000, 1.061766890363825891E-16, 0.000000000000000000 ) ) ;
#2226 = LINE ( 'NONE', #2548, #3060 ) ;
#2227 = CARTESIAN_POINT ( 'NONE',  ( -1.477546155886412471, 62.12922431121255329, 5.070462899588790151 ) ) ;
#2228 = CARTESIAN_POINT ( 'NONE',  ( 8.826351835592584294, 62.86135670501440131, 5.534024335578920706 ) ) ;
#2229 = AXIS2_PLACEMENT_3D ( 'NONE', #1526, #3519, #3562 ) ;
#2230 = EDGE_LOOP ( 'NONE', ( #738, #3589, #2358, #526 ) ) ;
#2231 = PLANE ( 'NONE',  #3482 ) ;
#2232 = FACE_OUTER_BOUND ( 'NONE', #959, .T. ) ;
#2233 = ORIENTED_EDGE ( 'NONE', *, *, #3588, .T. ) ;
#2234 = VERTEX_POINT ( 'NONE', #2143 ) ;
#2235 = CARTESIAN_POINT ( 'NONE',  ( 8.684625528467931233, 63.25882177457346955, 6.038681664072502286 ) ) ;
#2236 = CARTESIAN_POINT ( 'NONE',  ( -1.060189752999052937, 63.50494895489653402, 5.562973410746821834 ) ) ;
#2237 = CARTESIAN_POINT ( 'NONE',  ( 8.424767174428209771, 64.88206692404348530, 6.999999999999999112 ) ) ;
#2238 = CARTESIAN_POINT ( 'NONE',  ( -1.320409633340246414, 62.23465782311799188, 5.075268155109543322 ) ) ;
#2239 = VERTEX_POINT ( 'NONE', #3137 ) ;
#2240 = DIRECTION ( 'NONE',  ( 0.6963642403199962194, 0.1227878039689717510, -0.7071067811865701103 ) ) ;
#2241 = DIRECTION ( 'NONE',  ( -1.000000000000000000, 0.000000000000000000, 0.000000000000000000 ) ) ;
#2242 = DIRECTION ( 'NONE',  ( 1.000000000000000000, 1.061766890363825891E-16, 0.000000000000000000 ) ) ;
#2243 = DIRECTION ( 'NONE',  ( 0.9848077530122073542, 0.1736481776669343557, 0.000000000000000000 ) ) ;
#2244 = CARTESIAN_POINT ( 'NONE',  ( 9.053420755240102480, 62.02523506662588204, 5.068859828510223764 ) ) ;
#2245 = ORIENTED_EDGE ( 'NONE', *, *, #3059, .T. ) ;
#2246 = ADVANCED_BREP_SHAPE_REPRESENTATION ( 'eslabon_pantorrilla_flexible', ( #1847, #1664 ), #4094 ) ;
#2247 = DIRECTION ( 'NONE',  ( -1.000000000000000000, 0.000000000000000000, 0.000000000000000000 ) ) ;
#2248 = EDGE_CURVE ( 'NONE', #2743, #1899, #862, .T. ) ;
#2249 = CARTESIAN_POINT ( 'NONE',  ( 11.96056446901826753, 64.88206692404348530, 4.948991440159696609 ) ) ;
#2250 = ORIENTED_EDGE ( 'NONE', *, *, #1362, .F. ) ;
#2251 = CARTESIAN_POINT ( 'NONE',  ( -9.348863081143788278, 62.15537243668536860, 4.779188802786749513 ) ) ;
#2252 = CARTESIAN_POINT ( 'NONE',  ( -1.021086105169401126, 62.38796639188655035, 5.066509463446738692 ) ) ;
#2253 = CIRCLE ( 'NONE', #1622, 20.00000000000001776 ) ;
#2254 = CARTESIAN_POINT ( 'NONE',  ( 7.033924707677124744, 66.88206692404349951, 5.000000000000000000 ) ) ;
#2255 = EDGE_CURVE ( 'NONE', #3516, #3506, #1314, .T. ) ;
#2256 = EDGE_LOOP ( 'NONE', ( #3162, #2855, #3788, #1457 ) ) ;
#2257 = DIRECTION ( 'NONE',  ( -0.1736481776669343280, 0.9848077530122072432, 0.000000000000000000 ) ) ;
#2258 = CARTESIAN_POINT ( 'NONE',  ( -8.748518763902993101, 63.09319350259894321, 5.783122247862352516 ) ) ;
#2259 = CARTESIAN_POINT ( 'NONE',  ( -1.444160019153152508, 62.15260037329021259, 5.071729372372729472 ) ) ;
#2260 = DIRECTION ( 'NONE',  ( 0.000000000000000000, 0.000000000000000000, -1.000000000000000000 ) ) ;
#2261 = CARTESIAN_POINT ( 'NONE',  ( -12.10748691522325515, 7.721584962487536785, 7.978415037512387897 ) ) ;
#2262 = EDGE_LOOP ( 'NONE', ( #4085, #33, #561, #2607 ) ) ;
#2263 = FACE_OUTER_BOUND ( 'NONE', #4185, .T. ) ;
#2264 = DIRECTION ( 'NONE',  ( 1.000000000000000000, 0.000000000000000000, 0.000000000000000000 ) ) ;
#2265 = AXIS2_PLACEMENT_3D ( 'NONE', #1425, #147, #3089 ) ;
#2266 = ORIENTED_EDGE ( 'NONE', *, *, #1409, .F. ) ;
#2267 = CARTESIAN_POINT ( 'NONE',  ( 8.708707041447071973, 63.19774766215518724, 5.934531809133448910 ) ) ;
#2268 = CARTESIAN_POINT ( 'NONE',  ( 0.6375845262207285868, 62.53966984400262419, 5.074865253761668527 ) ) ;
#2269 = AXIS2_PLACEMENT_3D ( 'NONE', #409, #1709, #749 ) ;
#2270 = ADVANCED_FACE ( 'NONE', ( #220 ), #2832, .F. ) ;
#2271 = CARTESIAN_POINT ( 'NONE',  ( 1.711927025214864173, 61.96437124518739381, 5.053439947244433128 ) ) ;
#2272 = VERTEX_POINT ( 'NONE', #1606 ) ;
#2273 = CARTESIAN_POINT ( 'NONE',  ( 9.005717424544613436, 62.24316835608929210, 5.140881935330262387 ) ) ;
#2274 = VERTEX_POINT ( 'NONE', #3198 ) ;
#2275 = FACE_OUTER_BOUND ( 'NONE', #823, .T. ) ;
#2276 = DIRECTION ( 'NONE',  ( -1.000000000000000000, 0.000000000000000000, 0.000000000000000000 ) ) ;
#2277 = FACE_OUTER_BOUND ( 'NONE', #1125, .T. ) ;
#2278 = AXIS2_PLACEMENT_3D ( 'NONE', #2957, #574, #1539 ) ;
#2279 = CIRCLE ( 'NONE', #1324, 1.599999999999998979 ) ;
#2280 = VERTEX_POINT ( 'NONE', #3561 ) ;
#2281 = VECTOR ( 'NONE', #1226, 1000.000000000000227 ) ;
#2282 = CARTESIAN_POINT ( 'NONE',  ( 0.4610180455051728909, 62.45314622737355847, 4.831618828115685993 ) ) ;
#2283 = DIRECTION ( 'NONE',  ( 5.478400136770790205E-16, -1.000000000000000000, 0.000000000000000000 ) ) ;
#2284 = CARTESIAN_POINT ( 'NONE',  ( -0.5911598816601243422, 63.50494895489654112, 6.816659752498416935 ) ) ;
#2285 = ORIENTED_EDGE ( 'NONE', *, *, #2330, .T. ) ;
#2286 = ADVANCED_FACE ( 'NONE', ( #2931 ), #2214, .F. ) ;
#2287 = ADVANCED_FACE ( 'NONE', ( #4195 ), #1906, .F. ) ;
#2288 = CARTESIAN_POINT ( 'NONE',  ( -0.6985904009257809522, 62.51933332829047885, 5.073791965559017569 ) ) ;
#2289 = ORIENTED_EDGE ( 'NONE', *, *, #807, .T. ) ;
#2290 = EDGE_CURVE ( 'NONE', #1798, #1296, #1291, .T. ) ;
#2291 = CARTESIAN_POINT ( 'NONE',  ( 0.7588587334036867027, 62.50934589798082186, 5.081134874469602103 ) ) ;
#2292 = CARTESIAN_POINT ( 'NONE',  ( 9.454364632207441943, 61.55704340819661979, 4.699999999999990408 ) ) ;
#2293 = CARTESIAN_POINT ( 'NONE',  ( -12.38433580983623017, 63.50494895489654112, 5.159126618248984997 ) ) ;
#2294 = LINE ( 'NONE', #3957, #2751 ) ;
#2295 = LINE ( 'NONE', #1072, #761 ) ;
#2296 = CARTESIAN_POINT ( 'NONE',  ( 8.589928043969889515, 63.47455593010699459, 6.671690324815136464 ) ) ;
#2297 = B_SPLINE_SURFACE_WITH_KNOTS ( 'NONE', 1, 3, ( 
 ( #1633, #339, #1320, #2610, #2208, #1881, #2690, #97, #2303, #2710, #1021, #37, #379, #714, #1719, #3312, #3338, #3391, #1698, #3651, #3356, #2323, #1977, #3981, #2996, #56, #2648, #1004, #735, #3697, #118, #4003, #1356, #1338, #4022, #1078, #1397, #3677, #695, #73, #1041, #757, #1061, #2041, #1999, #2346, #1677, #2667, #2063, #3372, #2019, #3056, #417, #2365, #396, #4045, #3036, #3013, #1376, #2381, #3713, #443, #1742, #1420, #3964, #3632, #677, #359, #1656, #2978, #2162, #1168, #2484, #4089, #4116, #1815, #470, #1835, #1766, #142 ),
 ( #3738, #3412, #2433, #1441, #1149, #828, #1793, #3109, #3083, #880, #497, #2781, #2757, #170, #1129, #3762, #804, #2505, #782, #2113, #3435, #1462, #2406, #2460, #856, #3785, #2136, #3501, #3457, #523, #3132, #564, #196, #1484, #2802, #4139, #3810, #1853, #2088, #3477, #546, #3832, #3154, #216, #1507, #2826, #4157, #3175, #1194, #2184, #234, #2733, #4063, #1100, #3271, #1590, #2852, #1231, #1877, #2916, #1608, #4215, #582, #603, #3200, #2259, #2227, #311, #2549, #2587, #293, #3585, #3546, #924, #4254, #1528, #2603, #1909, #2934, #2874 ) ),
 .UNSPECIFIED., .F., .F., .F.,
 ( 2, 2 ),
 ( 4, 2, 2, 2, 2, 2, 2, 2, 2, 2, 2, 2, 2, 2, 2, 2, 2, 2, 2, 2, 2, 2, 2, 2, 2, 2, 2, 2, 2, 2, 2, 2, 2, 2, 2, 2, 2, 2, 2, 4 ),
 ( 0.000000000000000000, 1.000000000000000000 ),
 ( 0.000000000000000000, 3.056840467122221396E-05, 6.113680934244442792E-05, 9.170521401366664189E-05, 0.0001222736186848888558, 0.0001834104280273332838, 0.0002445472373697777117, 0.0003668208560546665675, 0.0004890944747395554234, 0.0006113680934244443334, 0.0007336417121093331351, 0.0008559153307942219367, 0.0009781889494791108468, 0.001222736186848888667, 0.001345009805533777577, 0.001467283424218666270, 0.001589557042903554963, 0.001711830661588443873, 0.001956377898958221694, 0.002078651517643110604, 0.002200925136327999514, 0.002262061945670443969, 0.002323198755012888424, 0.002445472373697777334, 0.002567745992382666244, 0.002690019611067555154, 0.002934566848437332540, 0.002995703657779776562, 0.003056840467122221017, 0.003179114085807109927, 0.003301387704491998837, 0.003423661323176887747, 0.003545934941861776657, 0.003668208560546665567, 0.003729345369889110022, 0.003790482179231554477, 0.003821050583902776705, 0.003851618988573998932, 0.003882187393245221160, 0.003912755797916443387 ),
 .UNSPECIFIED. ) ;
#2298 = LINE ( 'NONE', #4256, #3953 ) ;
#2299 = ORIENTED_EDGE ( 'NONE', *, *, #3787, .T. ) ;
#2300 = VECTOR ( 'NONE', #1550, 999.9999999999998863 ) ;
#2301 = DIRECTION ( 'NONE',  ( 0.000000000000000000, 0.000000000000000000, 1.000000000000000000 ) ) ;
#2302 = CARTESIAN_POINT ( 'NONE',  ( 0.8358732315114463240, 62.32388677626880735, 4.822764557838245203 ) ) ;
#2303 = CARTESIAN_POINT ( 'NONE',  ( 1.441189559466980352, 61.89365684143685797, 4.773927940635308786 ) ) ;
#2304 = DIRECTION ( 'NONE',  ( -0.000000000000000000, -0.000000000000000000, -1.000000000000000000 ) ) ;
#2305 = ORIENTED_EDGE ( 'NONE', *, *, #937, .T. ) ;
#2306 = EDGE_CURVE ( 'NONE', #1592, #67, #2585, .T. ) ;
#2307 = ORIENTED_EDGE ( 'NONE', *, *, #559, .F. ) ;
#2308 = ADVANCED_FACE ( 'NONE', ( #3850 ), #898, .F. ) ;
#2309 = CARTESIAN_POINT ( 'NONE',  ( 1.435372196242781007, 63.50494895489652691, 5.425671799851821575 ) ) ;
#2310 = CARTESIAN_POINT ( 'NONE',  ( 0.3817353826806000883, 62.60526806087136720, 5.081996244274701091 ) ) ;
#2311 = CARTESIAN_POINT ( 'NONE',  ( 8.986979436305080782, 62.32036697722124075, 5.173732146824982614 ) ) ;
#2312 = EDGE_CURVE ( 'NONE', #2059, #3786, #919, .T. ) ;
#2313 = CYLINDRICAL_SURFACE ( 'NONE', #1585, 20.00000000000001776 ) ;
#2314 = CARTESIAN_POINT ( 'NONE',  ( 1.762470971094373562, 61.45660950117713384, 4.700008365823110879 ) ) ;
#2315 = DIRECTION ( 'NONE',  ( -0.000000000000000000, -0.000000000000000000, 1.000000000000000000 ) ) ;
#2316 = CARTESIAN_POINT ( 'NONE',  ( -13.99999999999999112, 0.000000000000000000, 0.09999999999999700795 ) ) ;
#2317 = EDGE_CURVE ( 'NONE', #3699, #3846, #1330, .T. ) ;
#2318 = DIRECTION ( 'NONE',  ( 1.000000000000000000, 1.061766890363825891E-16, 0.000000000000000000 ) ) ;
#2319 = EDGE_LOOP ( 'NONE', ( #2974, #1094, #1510, #1385 ) ) ;
#2320 = CARTESIAN_POINT ( 'NONE',  ( 9.640470267604465349, 63.50494895489652691, 3.121152015000576263 ) ) ;
#2321 = ADVANCED_FACE ( 'NONE', ( #1645 ), #2313, .T. ) ;
#2322 = CARTESIAN_POINT ( 'NONE',  ( -0.7975810705525991917, 62.34101862854695497, 4.824028008084279229 ) ) ;
#2323 = CARTESIAN_POINT ( 'NONE',  ( 0.9872131802110479804, 62.24665681637539905, 4.816685612713825115 ) ) ;
#2324 = B_SPLINE_CURVE_WITH_KNOTS ( 'NONE', 3,
 ( #3028, #1647, #2639, #1389 ),
 .UNSPECIFIED., .F., .F.,
 ( 4, 4 ),
 ( 0.000000000000000000, 0.001384500650323182772 ),
 .UNSPECIFIED. ) ;
#2325 = APPLICATION_PROTOCOL_DEFINITION ( 'international standard', 'config_control_design', 1994, #1797 ) ;
#2326 = ORIENTED_EDGE ( 'NONE', *, *, #2770, .T. ) ;
#2327 = DIRECTION ( 'NONE',  ( 1.000000000000000000, 0.000000000000000000, 0.000000000000000000 ) ) ;
#2328 = CARTESIAN_POINT ( 'NONE',  ( -1.167943579400205337E-15, 10.99999999999996980, 0.000000000000000000 ) ) ;
#2329 = EDGE_LOOP ( 'NONE', ( #1980, #886 ) ) ;
#2330 = EDGE_CURVE ( 'NONE', #3197, #3767, #3004, .T. ) ;
#2331 = VECTOR ( 'NONE', #3485, 1000.000000000000000 ) ;
#2332 = CARTESIAN_POINT ( 'NONE',  ( 1.191972779474294697, 62.31230712097749347, 5.077674791510127683 ) ) ;
#2333 = VECTOR ( 'NONE', #2892, 1000.000000000000114 ) ;
#2334 = B_SPLINE_CURVE_WITH_KNOTS ( 'NONE', 1,
 ( #3740, #1339 ),
 .UNSPECIFIED., .F., .F.,
 ( 2, 2 ),
 ( 0.000000000000000000, 1.000000000000000000 ),
 .UNSPECIFIED. ) ;
#2335 = AXIS2_PLACEMENT_3D ( 'NONE', #3096, #156, #2337 ) ;
#2336 = FACE_OUTER_BOUND ( 'NONE', #1663, .T. ) ;
#2337 = DIRECTION ( 'NONE',  ( -1.000000000000000000, 0.000000000000000000, 0.000000000000000000 ) ) ;
#2338 = AXIS2_PLACEMENT_3D ( 'NONE', #2537, #433, #819 ) ;
#2339 = CARTESIAN_POINT ( 'NONE',  ( 9.007244137577099963, 63.50494895489654112, 5.711590350538848782 ) ) ;
#2340 = EDGE_CURVE ( 'NONE', #2900, #4133, #3453, .T. ) ;
#2341 = CARTESIAN_POINT ( 'NONE',  ( 9.454364632207441943, 61.55704340819661979, 4.699999999999990408 ) ) ;
#2342 = ORIENTED_EDGE ( 'NONE', *, *, #2897, .F. ) ;
#2343 = DIRECTION ( 'NONE',  ( 5.337610695313253357E-16, -1.000000000000000000, -0.000000000000000000 ) ) ;
#2344 = CARTESIAN_POINT ( 'NONE',  ( -10.01441329675031788, 63.50494895489654112, 3.607792175469112461 ) ) ;
#2345 = CARTESIAN_POINT ( 'NONE',  ( 0.9998656820071180062, 62.23941098125610694, 4.816078720618730991 ) ) ;
#2346 = CARTESIAN_POINT ( 'NONE',  ( -0.3546489760461692398, 62.47554411780973993, 4.833010293913079458 ) ) ;
#2347 = CARTESIAN_POINT ( 'NONE',  ( 0.6687390886261108669, 60.62483238090958793, 5.000000000000000000 ) ) ;
#2348 = ORIENTED_EDGE ( 'NONE', *, *, #4055, .F. ) ;
#2349 = CYLINDRICAL_SURFACE ( 'NONE', #3261, 20.00000000000001776 ) ;
#2350 = VECTOR ( 'NONE', #3404, 1000.000000000000000 ) ;
#2351 = ORIENTED_EDGE ( 'NONE', *, *, #4233, .F. ) ;
#2352 = FACE_OUTER_BOUND ( 'NONE', #2319, .T. ) ;
#2353 = CARTESIAN_POINT ( 'NONE',  ( 0.07733381708309426672, 62.63707713075189787, 5.082201203380319221 ) ) ;
#2354 = EDGE_CURVE ( 'NONE', #3172, #1690, #2948, .T. ) ;
#2355 = EDGE_CURVE ( 'NONE', #3293, #2736, #3666, .T. ) ;
#2356 = DIRECTION ( 'NONE',  ( 0.5102736053747544132, -0.6081204024113407991, -0.6081204024113302520 ) ) ;
#2357 = DIRECTION ( 'NONE',  ( 1.000000000000000000, 5.337610695313253357E-16, 0.000000000000000000 ) ) ;
#2358 = ORIENTED_EDGE ( 'NONE', *, *, #1597, .T. ) ;
#2359 = CARTESIAN_POINT ( 'NONE',  ( -7.674689901023056926, 61.86017053465158710, 5.000000000000000000 ) ) ;
#2360 = CARTESIAN_POINT ( 'NONE',  ( -8.738701667171207887, 63.50494895489655534, 6.238862188960192512 ) ) ;
#2361 = ORIENTED_EDGE ( 'NONE', *, *, #423, .T. ) ;
#2362 = CARTESIAN_POINT ( 'NONE',  ( 9.348863081143788278, 62.15537243668537570, 4.779188802786748624 ) ) ;
#2363 = DIRECTION ( 'NONE',  ( 0.5102736053747464195, 0.6081204024113442408, 0.6081204024113335826 ) ) ;
#2364 = CARTESIAN_POINT ( 'NONE',  ( 1.311190048056659174, 62.01755529059657590, 4.793069979244481971 ) ) ;
#2365 = CARTESIAN_POINT ( 'NONE',  ( -0.8441589992087288330, 62.32012249647740987, 4.822485207669644502 ) ) ;
#2366 = ORIENTED_EDGE ( 'NONE', *, *, #3996, .F. ) ;
#2367 = VECTOR ( 'NONE', #4037, 1000.000000000000000 ) ;
#2368 = LINE ( 'NONE', #741, #3376 ) ;
#2369 = FACE_OUTER_BOUND ( 'NONE', #3681, .T. ) ;
#2370 = EDGE_CURVE ( 'NONE', #17, #3293, #3026, .T. ) ;
#2371 = ORIENTED_EDGE ( 'NONE', *, *, #3047, .T. ) ;
#2372 = CARTESIAN_POINT ( 'NONE',  ( 9.834261764111866810, 1.734045684362590212, 0.000000000000000000 ) ) ;
#2373 = DIRECTION ( 'NONE',  ( 0.1736481776669343557, -0.9848077530122072432, 0.000000000000000000 ) ) ;
#2374 = EDGE_CURVE ( 'NONE', #297, #1899, #87, .T. ) ;
#2375 = FACE_BOUND ( 'NONE', #1422, .T. ) ;
#2376 = ADVANCED_FACE ( 'NONE', ( #3365 ), #2658, .F. ) ;
#2377 = ORIENTED_EDGE ( 'NONE', *, *, #550, .T. ) ;
#2378 = DIRECTION ( 'NONE',  ( 0.000000000000000000, 0.000000000000000000, 1.000000000000000000 ) ) ;
#2379 = DIRECTION ( 'NONE',  ( 4.617953040270841462E-15, -0.9852557743173955274, 0.1710878697460148645 ) ) ;
#2380 = DIRECTION ( 'NONE',  ( -1.000000000000000000, -5.337610695313253357E-16, 0.000000000000000000 ) ) ;
#2381 = CARTESIAN_POINT ( 'NONE',  ( -1.048681139720627487, 62.21030428945163493, 4.813553975783936956 ) ) ;
#2382 = EDGE_CURVE ( 'NONE', #1342, #2918, #1071, .T. ) ;
#2383 = PERSON_AND_ORGANIZATION ( #1119, #3192 ) ;
#2384 = VERTEX_POINT ( 'NONE', #686 ) ;
#2385 = ORIENTED_EDGE ( 'NONE', *, *, #893, .T. ) ;
#2386 = CARTESIAN_POINT ( 'NONE',  ( -7.398127716406611931, 78.50494895489653402, 12.31176876537979759 ) ) ;
#2387 = DIRECTION ( 'NONE',  ( -5.337610695313253357E-16, 1.000000000000000000, 0.000000000000000000 ) ) ;
#2388 = DIRECTION ( 'NONE',  ( 1.000000000000000000, 1.061766890363825891E-16, 0.000000000000000000 ) ) ;
#2389 = ORIENTED_EDGE ( 'NONE', *, *, #766, .T. ) ;
#2390 = CARTESIAN_POINT ( 'NONE',  ( 1.284247211982853775E-15, 60.50691563653041527, 4.700000000000000178 ) ) ;
#2391 = EDGE_LOOP ( 'NONE', ( #3525, #847, #618, #3848 ) ) ;
#2392 = CARTESIAN_POINT ( 'NONE',  ( 14.00000000000000888, -2.465190328815661892E-29, 0.000000000000000000 ) ) ;
#2393 = DIRECTION ( 'NONE',  ( -0.7071067811865536790, 0.000000000000000000, -0.7071067811865414665 ) ) ;
#2394 = ADVANCED_FACE ( 'NONE', ( #3 ), #1990, .T. ) ;
#2395 = EDGE_CURVE ( 'NONE', #121, #1979, #3705, .T. ) ;
#2396 = EDGE_CURVE ( 'NONE', #3898, #3878, #747, .T. ) ;
#2397 = CARTESIAN_POINT ( 'NONE',  ( 1.604683450550943746, 61.70084050839408008, 4.730682365287164792 ) ) ;
#2398 = EDGE_LOOP ( 'NONE', ( #1812, #2712, #1282, #626 ) ) ;
#2399 = CARTESIAN_POINT ( 'NONE',  ( -8.847307293684615104, 63.50494895489654112, 5.999484040446413147 ) ) ;
#2400 = AXIS2_PLACEMENT_3D ( 'NONE', #2490, #2190, #3439 ) ;
#2401 = ORIENTED_EDGE ( 'NONE', *, *, #1726, .T. ) ;
#2402 = AXIS2_PLACEMENT_3D ( 'NONE', #960, #3244, #290 ) ;
#2403 = CARTESIAN_POINT ( 'NONE',  ( 8.424767174428209771, 64.88206692404348530, 6.999999999999999112 ) ) ;
#2404 = DIRECTION ( 'NONE',  ( 0.1736481776669343557, -0.9848077530122072432, 0.000000000000000000 ) ) ;
#2405 = CARTESIAN_POINT ( 'NONE',  ( -10.99999999999999822, 0.000000000000000000, 20.00000000000000000 ) ) ;
#2406 = CARTESIAN_POINT ( 'NONE',  ( 1.036759003371303223, 62.39422151608735589, 5.079464423926479455 ) ) ;
#2407 = CARTESIAN_POINT ( 'NONE',  ( 8.892843477122207574, 63.82897682993760213, 6.394221804641754048 ) ) ;
#2408 = DIRECTION ( 'NONE',  ( -1.000000000000000000, 0.000000000000000000, 0.000000000000000000 ) ) ;
#2409 = ORIENTED_EDGE ( 'NONE', *, *, #2068, .T. ) ;
#2410 = ORIENTED_EDGE ( 'NONE', *, *, #3584, .T. ) ;
#2411 = CARTESIAN_POINT ( 'NONE',  ( 3.880311739004219440, 63.50494895489652691, 7.046918007696244324 ) ) ;
#2412 = CARTESIAN_POINT ( 'NONE',  ( 13.00000000000000178, 63.50494895489654112, 20.00000000000000000 ) ) ;
#2413 = CARTESIAN_POINT ( 'NONE',  ( -9.348863081143788278, 62.15537243668536860, 4.779188802786749513 ) ) ;
#2414 = EDGE_LOOP ( 'NONE', ( #2669, #4066, #2784, #2573 ) ) ;
#2415 = EDGE_CURVE ( 'NONE', #390, #2093, #2428, .T. ) ;
#2416 = CONICAL_SURFACE ( 'NONE', #2155, 1.700000000000007061, 0.7853981633974895793 ) ;
#2417 = VECTOR ( 'NONE', #2318, 1000.000000000000000 ) ;
#2418 = ADVANCED_FACE ( 'NONE', ( #2336 ), #2010, .F. ) ;
#2419 = VERTEX_POINT ( 'NONE', #2106 ) ;
#2420 = CARTESIAN_POINT ( 'NONE',  ( -16.33808222615027361, 10.99999999999996803, 0.000000000000000000 ) ) ;
#2421 = CC_DESIGN_SECURITY_CLASSIFICATION ( #705, ( #1262 ) ) ;
#2422 = LINE ( 'NONE', #3753, #2837 ) ;
#2423 = DIRECTION ( 'NONE',  ( 0.1736481776669344668, -0.9848077530122072432, 0.000000000000000000 ) ) ;
#2424 = EDGE_CURVE ( 'NONE', #1993, #453, #3861, .T. ) ;
#2425 = CARTESIAN_POINT ( 'NONE',  ( -1.167943579400205337E-15, 10.99999999999996980, 0.000000000000000000 ) ) ;
#2426 = FACE_OUTER_BOUND ( 'NONE', #2414, .T. ) ;
#2427 = ORIENTED_EDGE ( 'NONE', *, *, #3879, .F. ) ;
#2428 = B_SPLINE_CURVE_WITH_KNOTS ( 'NONE', 3,
 ( #3286, #328, #3956, #996, #1667, #1968, #2293, #2986, #47, #1030 ),
 .UNSPECIFIED., .F., .F.,
 ( 4, 2, 2, 2, 4 ),
 ( 0.000000000000000000, 0.0006075598161311584512, 0.001215119632262316902, 0.001822679448393475354, 0.002430239264524633805 ),
 .UNSPECIFIED. ) ;
#2429 = CARTESIAN_POINT ( 'NONE',  ( 9.348863081143788278, 62.15537243668537570, 4.779188802786748624 ) ) ;
#2430 = VERTEX_POINT ( 'NONE', #3209 ) ;
#2431 = DIRECTION ( 'NONE',  ( -1.000000000000000000, 0.000000000000000000, 0.000000000000000000 ) ) ;
#2432 = CARTESIAN_POINT ( 'NONE',  ( 1.284247211982853775E-15, 60.50691563653041527, 4.700000000000000178 ) ) ;
#2433 = CARTESIAN_POINT ( 'NONE',  ( 1.711189388079860318, 61.96520389462042999, 5.053404437650223180 ) ) ;
#2434 = ORIENTED_EDGE ( 'NONE', *, *, #1912, .F. ) ;
#2435 = CARTESIAN_POINT ( 'NONE',  ( 8.710985928462894989, 63.19201672945000325, 5.924332800610407013 ) ) ;
#2436 = EDGE_LOOP ( 'NONE', ( #271, #516, #2453, #1744 ) ) ;
#2437 = ORIENTED_EDGE ( 'NONE', *, *, #3939, .F. ) ;
#2438 = DIRECTION ( 'NONE',  ( -0.5102736053747414235, 0.6081204024113552320, 0.6081204024113269213 ) ) ;
#2439 = CARTESIAN_POINT ( 'NONE',  ( -12.99999999999999822, 64.36723081989951822, 6.712677289061864450 ) ) ;
#2440 = EDGE_CURVE ( 'NONE', #2219, #2570, #1379, .T. ) ;
#2441 = DIRECTION ( 'NONE',  ( 1.000000000000000000, 0.000000000000000000, 0.000000000000000000 ) ) ;
#2442 = ORIENTED_EDGE ( 'NONE', *, *, #7, .T. ) ;
#2443 = DIRECTION ( 'NONE',  ( 1.000000000000000000, 0.000000000000000000, 0.000000000000000000 ) ) ;
#2444 = ORIENTED_EDGE ( 'NONE', *, *, #1309, .F. ) ;
#2445 = ADVANCED_FACE ( 'NONE', ( #1884 ), #1732, .F. ) ;
#2446 = CC_DESIGN_PERSON_AND_ORGANIZATION_ASSIGNMENT ( #1022, #3014, ( #4207 ) ) ;
#2447 = CARTESIAN_POINT ( 'NONE',  ( -8.786858790121476304, 62.98716271908444497, 5.657212667884357060 ) ) ;
#2448 = CARTESIAN_POINT ( 'NONE',  ( -8.963015741495588884, 62.41461100519503447, 5.218490088560593598 ) ) ;
#2449 = FACE_OUTER_BOUND ( 'NONE', #2590, .T. ) ;
#2450 = CARTESIAN_POINT ( 'NONE',  ( -0.8657006392285853114, 60.65956201644297607, 0.000000000000000000 ) ) ;
#2451 = FACE_OUTER_BOUND ( 'NONE', #3353, .T. ) ;
#2452 = FACE_OUTER_BOUND ( 'NONE', #2398, .T. ) ;
#2453 = ORIENTED_EDGE ( 'NONE', *, *, #2675, .F. ) ;
#2454 = EDGE_CURVE ( 'NONE', #2093, #1080, #2907, .T. ) ;
#2455 = CARTESIAN_POINT ( 'NONE',  ( 9.053420755240104256, 62.02523506662588204, 5.068859828510223764 ) ) ;
#2456 = EDGE_LOOP ( 'NONE', ( #399, #753, #1846, #2869 ) ) ;
#2457 = DIRECTION ( 'NONE',  ( -0.000000000000000000, -0.000000000000000000, -1.000000000000000000 ) ) ;
#2458 = DIRECTION ( 'NONE',  ( 1.000000000000000000, 0.000000000000000000, 0.000000000000000000 ) ) ;
#2459 = CYLINDRICAL_SURFACE ( 'NONE', #1213, 2.000000000000001776 ) ;
#2460 = CARTESIAN_POINT ( 'NONE',  ( 0.9662472709373990387, 62.42718665316841964, 5.080030827167899332 ) ) ;
#2461 = CARTESIAN_POINT ( 'NONE',  ( 8.723132878444875615, 63.16054334083793975, 5.876469887560050509 ) ) ;
#2462 = ORIENTED_EDGE ( 'NONE', *, *, #4233, .T. ) ;
#2463 = ORIENTED_EDGE ( 'NONE', *, *, #4102, .F. ) ;
#2464 = EDGE_CURVE ( 'NONE', #3156, #1443, #134, .T. ) ;
#2465 = LINE ( 'NONE', #3041, #4184 ) ;
#2466 = CARTESIAN_POINT ( 'NONE',  ( 13.00000000000000178, 63.50494895489654112, 20.00000000000000000 ) ) ;
#2467 = CARTESIAN_POINT ( 'NONE',  ( 14.00000000000000888, -2.465190328815661892E-29, 0.000000000000000000 ) ) ;
#2468 = LINE ( 'NONE', #2788, #975 ) ;
#2469 = VERTEX_POINT ( 'NONE', #1411 ) ;
#2470 = DIRECTION ( 'NONE',  ( -1.000000000000000000, 0.000000000000000000, 0.000000000000000000 ) ) ;
#2471 = CARTESIAN_POINT ( 'NONE',  ( 8.944214618550621054, 63.50494895489655534, 5.815812781057023706 ) ) ;
#2472 = ADVANCED_FACE ( 'NONE', ( #2451 ), #1784, .T. ) ;
#2473 = DIRECTION ( 'NONE',  ( 0.1736481776669342170, 0.9848077530122073542, 0.000000000000000000 ) ) ;
#2474 = VECTOR ( 'NONE', #3734, 1000.000000000000114 ) ;
#2475 = CARTESIAN_POINT ( 'NONE',  ( -2.072179889736914582, 61.50494895489698877, 4.999999999999999112 ) ) ;
#2476 = ORIENTED_EDGE ( 'NONE', *, *, #2355, .F. ) ;
#2477 = LINE ( 'NONE', #892, #4078 ) ;
#2478 = AXIS2_PLACEMENT_3D ( 'NONE', #3062, #2533, #2247 ) ;
#2479 = ORIENTED_EDGE ( 'NONE', *, *, #547, .F. ) ;
#2480 = CARTESIAN_POINT ( 'NONE',  ( -13.99999999999999112, 0.000000000000000000, 4.700000000000013500 ) ) ;
#2481 = CYLINDRICAL_SURFACE ( 'NONE', #2655, 2.000000000000001776 ) ;
#2482 = ADVANCED_FACE ( 'NONE', ( #3186 ), #265, .F. ) ;
#2483 = CARTESIAN_POINT ( 'NONE',  ( -1.372560331129779598, 61.96172000457142559, 4.785268964664450841 ) ) ;
#2484 = CARTESIAN_POINT ( 'NONE',  ( -1.447171763186766436, 61.88741317732542768, 4.772754759509531652 ) ) ;
#2485 = ORIENTED_EDGE ( 'NONE', *, *, #406, .F. ) ;
#2486 = VECTOR ( 'NONE', #1274, 1000.000000000000000 ) ;
#2487 = ORIENTED_EDGE ( 'NONE', *, *, #2424, .F. ) ;
#2488 = LINE ( 'NONE', #2411, #3973 ) ;
#2489 = VECTOR ( 'NONE', #1982, 1000.000000000000114 ) ;
#2490 = CARTESIAN_POINT ( 'NONE',  ( 0.000000000000000000, -2.775557561562891351E-14, 0.1000000000000011297 ) ) ;
#2491 = VECTOR ( 'NONE', #349, 1000.000000000000000 ) ;
#2492 = ORIENTED_EDGE ( 'NONE', *, *, #489, .F. ) ;
#2493 = CARTESIAN_POINT ( 'NONE',  ( -8.737833598920376588, 63.12155283088892332, 5.822380546500518506 ) ) ;
#2494 = CARTESIAN_POINT ( 'NONE',  ( -8.826779026574985920, 62.87117849668109670, 5.539376315288298436 ) ) ;
#2495 = CARTESIAN_POINT ( 'NONE',  ( 0.000000000000000000, -2.775557561562891351E-14, 5.000000000000000000 ) ) ;
#2496 = CARTESIAN_POINT ( 'NONE',  ( 1.433147240114694965, 63.50494895489652691, 7.000000000000000000 ) ) ;
#2497 = AXIS2_PLACEMENT_3D ( 'NONE', #341, #4261, #871 ) ;
#2498 = CARTESIAN_POINT ( 'NONE',  ( -1.733184783983500399, 61.95185537002141274, 5.050570684502709184 ) ) ;
#2499 = ORIENTED_EDGE ( 'NONE', *, *, #1920, .F. ) ;
#2500 = CARTESIAN_POINT ( 'NONE',  ( -8.998127716406614240, 78.50494895489653402, 14.13829607457728343 ) ) ;
#2501 = EDGE_CURVE ( 'NONE', #3672, #630, #1092, .T. ) ;
#2502 = ORIENTED_EDGE ( 'NONE', *, *, #2684, .T. ) ;
#2503 = DIRECTION ( 'NONE',  ( 5.337610695313253357E-16, -1.000000000000000000, -0.000000000000000000 ) ) ;
#2504 = CARTESIAN_POINT ( 'NONE',  ( -9.069224192614742108, 61.94731110022818399, 5.049041368096786719 ) ) ;
#2505 = CARTESIAN_POINT ( 'NONE',  ( 1.278239553372528370, 62.26129764490224261, 5.076211321322803727 ) ) ;
#2506 = CALENDAR_DATE ( 2026, 15, 8 ) ;
#2507 = VERTEX_POINT ( 'NONE', #3532 ) ;
#2508 = DIRECTION ( 'NONE',  ( 0.000000000000000000, 0.000000000000000000, -1.000000000000000000 ) ) ;
#2509 = CARTESIAN_POINT ( 'NONE',  ( -16.33808222615027361, 10.99999999999996803, 0.09999999999998866740 ) ) ;
#2510 = CARTESIAN_POINT ( 'NONE',  ( 9.257403081604982376, 61.52231377266322454, 4.899999999999996803 ) ) ;
#2511 = ORIENTED_EDGE ( 'NONE', *, *, #1114, .F. ) ;
#2512 = CARTESIAN_POINT ( 'NONE',  ( -9.007796845408140740, 63.50358303929206016, 5.707940370694276844 ) ) ;
#2513 = ORIENTED_EDGE ( 'NONE', *, *, #3661, .F. ) ;
#2514 = EDGE_CURVE ( 'NONE', #3480, #2902, #591, .T. ) ;
#2515 = CARTESIAN_POINT ( 'NONE',  ( -8.914498597025451332, 62.59030568780661952, 5.319852820841790120 ) ) ;
#2516 = CARTESIAN_POINT ( 'NONE',  ( 8.888661926135007718, 63.50494895489654112, 5.916285072480645724 ) ) ;
#2517 = LINE ( 'NONE', #3214, #4166 ) ;
#2518 = CIRCLE ( 'NONE', #3326, 2.099999999999976996 ) ;
#2519 = CARTESIAN_POINT ( 'NONE',  ( -1.679804432331257757, 61.98572182070484615, 5.056882827234479905 ) ) ;
#2520 = ORIENTED_EDGE ( 'NONE', *, *, #2696, .F. ) ;
#2521 = DIRECTION ( 'NONE',  ( 0.6444004775717844247, -0.5407162030609293790, 0.5407162030609290460 ) ) ;
#2522 = ORIENTED_EDGE ( 'NONE', *, *, #1738, .T. ) ;
#2523 = EDGE_CURVE ( 'NONE', #1106, #1861, #2633, .T. ) ;
#2524 = ORIENTED_EDGE ( 'NONE', *, *, #4248, .F. ) ;
#2525 = CARTESIAN_POINT ( 'NONE',  ( 6.551345267576813667E-15, 10.89999999999995062, 0.000000000000000000 ) ) ;
#2526 = LINE ( 'NONE', #3934, #60 ) ;
#2527 = DIRECTION ( 'NONE',  ( -0.000000000000000000, -0.000000000000000000, -1.000000000000000000 ) ) ;
#2528 = CARTESIAN_POINT ( 'NONE',  ( 9.158922306303750815, 61.50494895489653402, 5.000000000000000000 ) ) ;
#2529 = ORIENTED_EDGE ( 'NONE', *, *, #4243, .F. ) ;
#2530 = ADVANCED_FACE ( 'NONE', ( #1266 ), #2910, .F. ) ;
#2531 = VECTOR ( 'NONE', #3543, 1000.000000000000000 ) ;
#2532 = ORIENTED_EDGE ( 'NONE', *, *, #1840, .F. ) ;
#2533 = DIRECTION ( 'NONE',  ( 0.000000000000000000, 0.000000000000000000, 1.000000000000000000 ) ) ;
#2534 = FACE_OUTER_BOUND ( 'NONE', #1927, .T. ) ;
#2535 = VERTEX_POINT ( 'NONE', #2578 ) ;
#2536 = B_SPLINE_CURVE_WITH_KNOTS ( 'NONE', 3,
 ( #1823, #1805, #1472, #867, #483, #4052, #2791, #4127, #3488, #841, #3725, #3402, #2101, #1780, #3144, #2171, #224, #454, #2077, #153, #4147, #4073, #553, #3796, #1157, #2493, #1841, #2149, #1452, #1113, #2769, #4104, #1139, #2447, #3772, #3466, #533, #1179, #184, #1516, #3841, #2494, #2745, #2771, #4074, #4167, #2813, #205, #1201, #1473, #2172, #4148, #2515, #3752, #3822, #2792, #2150, #3489, #869, #2448, #3773, #887, #2192, #1115, #792, #2102, #3095, #815, #485, #1781 ),
 .UNSPECIFIED., .F., .F.,
 ( 4, 2, 2, 2, 1, 2, 2, 2, 1, 2, 2, 2, 2, 1, 2, 2, 1, 1, 2, 2, 2, 1, 1, 2, 2, 2, 2, 1, 1, 2, 2, 2, 2, 2, 1, 2, 2, 2, 2, 4 ),
 ( 0.000000000000000000, 0.06249999999995733968, 0.1249999999999146794, 0.1874999999998720190, 0.2187499999998501199, 0.2343749999998413214, 0.2499999999998325784, 0.3124999999997996603, 0.3437499999997838396, 0.3593749999997757349, 0.3749999999997676303, 0.4062499999997443711, 0.4374999999997210565, 0.4687499999996977973, 0.4843749999996863620, 0.4999999999996749267, 0.5312499999996616040, 0.5468749999996502797, 0.5546874999996442845, 0.5624999999996382893, 0.5937499999996141975, 0.6093749999995965450, 0.6171874999995877742, 0.6210937499995832223, 0.6249999999995786704, 0.6874999999995899946, 0.7187499999995912159, 0.7343749999995915489, 0.7421874999995846656, 0.7460937499995812239, 0.7499999999995777822, 0.7812499999996291855, 0.7968749999996616040, 0.8124999999996871392, 0.8437499999997440936, 0.8593749999997725153, 0.8749999999998008260, 0.9062499999998505640, 0.9374999999999003020, 1.000000000000000000 ),
 .UNSPECIFIED. ) ;
#2537 = CARTESIAN_POINT ( 'NONE',  ( 14.00000000000000888, -2.465190328815661892E-29, 4.700000000000013500 ) ) ;
#2538 = CARTESIAN_POINT ( 'NONE',  ( 1.975792286568846423, 61.66478779045116454, 5.004991015297924228 ) ) ;
#2539 = CARTESIAN_POINT ( 'NONE',  ( 14.00000000000000888, -2.465190328815661892E-29, 0.000000000000000000 ) ) ;
#2540 = B_SPLINE_CURVE_WITH_KNOTS ( 'NONE', 3,
 ( #3248, #3289, #4197, #1549 ),
 .UNSPECIFIED., .F., .F.,
 ( 4, 4 ),
 ( 3.584009090133863979E-07, 0.0002769891298010490328 ),
 .UNSPECIFIED. ) ;
#2541 = CARTESIAN_POINT ( 'NONE',  ( -1.662634364938350817, 61.99739474506628767, 5.058573222283754056 ) ) ;
#2542 = ORIENTED_EDGE ( 'NONE', *, *, #550, .F. ) ;
#2543 = CARTESIAN_POINT ( 'NONE',  ( -11.69003498648121209, 63.50494895489652691, 4.737664765748742290 ) ) ;
#2544 = EDGE_CURVE ( 'NONE', #342, #1875, #3577, .T. ) ;
#2545 = EDGE_CURVE ( 'NONE', #3767, #1562, #1704, .T. ) ;
#2546 = ORIENTED_EDGE ( 'NONE', *, *, #4250, .F. ) ;
#2547 = CARTESIAN_POINT ( 'NONE',  ( 9.723563934081532523, 10.99999999999997158, 4.699999999999991296 ) ) ;
#2548 = CARTESIAN_POINT ( 'NONE',  ( -9.336929042836411341, 58.93615096017897059, -1.329235323648566780 ) ) ;
#2549 = CARTESIAN_POINT ( 'NONE',  ( -1.545427392529926891, 62.08077869224162981, 5.067121566326184379 ) ) ;
#2550 = VECTOR ( 'NONE', #3044, 1000.000000000000000 ) ;
#2551 = ORIENTED_EDGE ( 'NONE', *, *, #3511, .T. ) ;
#2552 = CARTESIAN_POINT ( 'NONE',  ( -10.99999999999999822, 64.88206692404348530, 18.00000000000000355 ) ) ;
#2553 = CARTESIAN_POINT ( 'NONE',  ( -7.033924707677128296, 66.88206692404349951, 5.000000000000000000 ) ) ;
#2554 = VERTEX_POINT ( 'NONE', #3558 ) ;
#2555 = CONICAL_SURFACE ( 'NONE', #425, 20.00000000000001776, 0.7853981633974570498 ) ;
#2556 = AXIS2_PLACEMENT_3D ( 'NONE', #3933, #793, #2987 ) ;
#2557 = VECTOR ( 'NONE', #2617, 1000.000000000000000 ) ;
#2558 = CARTESIAN_POINT ( 'NONE',  ( -1.507117203463906874, 61.82167711110407993, 4.758156287178115562 ) ) ;
#2559 = CARTESIAN_POINT ( 'NONE',  ( 0.5585287830038543344, 63.50494895489652691, 6.804736763631063390 ) ) ;
#2560 = CARTESIAN_POINT ( 'NONE',  ( -1.193197521633133640, 62.31263404253445515, 5.077731421900820941 ) ) ;
#2561 = VERTEX_POINT ( 'NONE', #2982 ) ;
#2562 = CARTESIAN_POINT ( 'NONE',  ( 8.969307422274985342, 62.39045319487706820, 5.206353892020478824 ) ) ;
#2563 = CIRCLE ( 'NONE', #771, 2.300000000000010036 ) ;
#2564 = AXIS2_PLACEMENT_3D ( 'NONE', #580, #1565, #1211 ) ;
#2565 = ORIENTED_EDGE ( 'NONE', *, *, #3216, .T. ) ;
#2566 = CARTESIAN_POINT ( 'NONE',  ( 1.284247211982853775E-15, 60.50691563653041527, 1.000000000000000000 ) ) ;
#2567 = CARTESIAN_POINT ( 'NONE',  ( -2.072179889736914582, 61.50494895489653402, 5.000000000000000000 ) ) ;
#2568 = APPROVAL_PERSON_ORGANIZATION ( #3479, #1671, #2804 ) ;
#2569 = CARTESIAN_POINT ( 'NONE',  ( 8.576842057329757907, 63.50422803258395987, 7.016188580953011567 ) ) ;
#2570 = VERTEX_POINT ( 'NONE', #3360 ) ;
#2571 = CARTESIAN_POINT ( 'NONE',  ( 1.843143693225357538E-15, 57.50691563653041527, 4.699999999999977973 ) ) ;
#2572 = DIRECTION ( 'NONE',  ( -0.000000000000000000, -0.000000000000000000, -1.000000000000000000 ) ) ;
#2573 = ORIENTED_EDGE ( 'NONE', *, *, #2523, .F. ) ;
#2574 = CARTESIAN_POINT ( 'NONE',  ( 8.613446666340283997, 63.43078527952020096, 6.457593916778378684 ) ) ;
#2575 = CARTESIAN_POINT ( 'NONE',  ( 1.414759861080050918, 62.10351593251841251, 5.047266614843207044 ) ) ;
#2576 = PRODUCT_RELATED_PRODUCT_CATEGORY ( 'detail', '', ( #4207 ) ) ;
#2577 = VECTOR ( 'NONE', #2069, 1000.000000000000000 ) ;
#2578 = CARTESIAN_POINT ( 'NONE',  ( 1.801895556293187539, 61.37477069597920831, 4.700000000000000178 ) ) ;
#2579 = ADVANCED_FACE ( 'NONE', ( #400 ), #3984, .F. ) ;
#2580 = CARTESIAN_POINT ( 'NONE',  ( -1.344389944189040564, 62.21930222080894879, 5.074697893334451315 ) ) ;
#2581 = CARTESIAN_POINT ( 'NONE',  ( 8.898088088225502901, 62.64618192585230361, 5.357143594389023100 ) ) ;
#2582 = VECTOR ( 'NONE', #2013, 1000.000000000000000 ) ;
#2583 = B_SPLINE_CURVE_WITH_KNOTS ( 'NONE', 3,
 ( #794, #430, #186, #1826 ),
 .UNSPECIFIED., .F., .F.,
 ( 4, 4 ),
 ( 3.103085996871938902E-07, 0.0002769410374917119955 ),
 .UNSPECIFIED. ) ;
#2584 = ORIENTED_EDGE ( 'NONE', *, *, #1935, .F. ) ;
#2585 = LINE ( 'NONE', #2848, #363 ) ;
#2586 = CARTESIAN_POINT ( 'NONE',  ( -9.454364632207434838, 61.55704340819661269, 4.699999999999990408 ) ) ;
#2587 = CARTESIAN_POINT ( 'NONE',  ( -1.580034853107375126, 62.05589625714210911, 5.065056704811438770 ) ) ;
#2588 = CARTESIAN_POINT ( 'NONE',  ( 8.580293885359061790, 63.49642956041538611, 7.133164621080376300 ) ) ;
#2589 = DIRECTION ( 'NONE',  ( -1.000000000000000000, 0.000000000000000000, 0.000000000000000000 ) ) ;
#2590 = EDGE_LOOP ( 'NONE', ( #3955, #974, #39, #3458 ) ) ;
#2591 = CYLINDRICAL_SURFACE ( 'NONE', #4006, 20.00000000000001776 ) ;
#2592 = VERTEX_POINT ( 'NONE', #1046 ) ;
#2593 = ORIENTED_EDGE ( 'NONE', *, *, #2523, .T. ) ;
#2594 = ADVANCED_FACE ( 'NONE', ( #3656 ), #2349, .T. ) ;
#2595 = DIRECTION ( 'NONE',  ( 1.000000000000000000, 0.000000000000000000, 0.000000000000000000 ) ) ;
#2596 = CARTESIAN_POINT ( 'NONE',  ( -0.1636050469498540327, 63.50494895489652691, 6.737293088570637245 ) ) ;
#2597 = CARTESIAN_POINT ( 'NONE',  ( 8.382357578569047618, 64.96292747542190682, 6.418495322433441785 ) ) ;
#2598 = CARTESIAN_POINT ( 'NONE',  ( -0.9308386412465827764, 62.44248943075175617, 5.080260564260555611 ) ) ;
#2599 = CARTESIAN_POINT ( 'NONE',  ( 8.858091256324653884, 62.77562091084718077, 5.455095790479416173 ) ) ;
#2600 = ORIENTED_EDGE ( 'NONE', *, *, #730, .F. ) ;
#2601 = DIRECTION ( 'NONE',  ( 0.1736481776669342447, 0.9848077530122073542, 0.000000000000000000 ) ) ;
#2602 = CARTESIAN_POINT ( 'NONE',  ( -8.885145902904275417, 62.68936294791549813, 5.387409779087404260 ) ) ;
#2603 = CARTESIAN_POINT ( 'NONE',  ( -1.690718589345648226, 61.97842070236185918, 5.055742714487540646 ) ) ;
#2604 = DIRECTION ( 'NONE',  ( 1.000000000000000000, 0.000000000000000000, 0.000000000000000000 ) ) ;
#2605 = LINE ( 'NONE', #3627, #1873 ) ;
#2606 = EDGE_CURVE ( 'NONE', #1798, #4100, #1, .T. ) ;
#2607 = ORIENTED_EDGE ( 'NONE', *, *, #2370, .F. ) ;
#2608 = DIRECTION ( 'NONE',  ( 0.6963642403200064335, 0.1227878039689736522, -0.7071067811865596742 ) ) ;
#2609 = LINE ( 'NONE', #1998, #3411 ) ;
#2610 = CARTESIAN_POINT ( 'NONE',  ( 1.483541978771580450, 61.84825155372926275, 4.764655123814699245 ) ) ;
#2611 = CARTESIAN_POINT ( 'NONE',  ( -1.160266676290856669, 63.50494895489652691, 6.950616284360473962 ) ) ;
#2612 = ORIENTED_EDGE ( 'NONE', *, *, #2248, .T. ) ;
#2613 = CARTESIAN_POINT ( 'NONE',  ( 1.152637037369710571, 62.30308372376376269, 5.061352308318420867 ) ) ;
#2614 = CIRCLE ( 'NONE', #1108, 1.599999999999998979 ) ;
#2615 = CARTESIAN_POINT ( 'NONE',  ( -0.3105681845623196047, 62.62076419266637828, 5.082116668317661734 ) ) ;
#2616 = ORIENTED_EDGE ( 'NONE', *, *, #4033, .T. ) ;
#2617 = DIRECTION ( 'NONE',  ( -0.7071067811865536790, 8.659560562355008046E-17, 0.7071067811865414665 ) ) ;
#2618 = DIRECTION ( 'NONE',  ( 0.1736481776669342170, 0.9848077530122073542, 0.000000000000000000 ) ) ;
#2619 = CARTESIAN_POINT ( 'NONE',  ( 9.106324028796606740, 61.76434042477652753, 5.016889981346303706 ) ) ;
#2620 = DIRECTION ( 'NONE',  ( -1.000000000000000000, 0.000000000000000000, 0.000000000000000000 ) ) ;
#2621 = VECTOR ( 'NONE', #2393, 1000.000000000000000 ) ;
#2622 = CC_DESIGN_DATE_AND_TIME_ASSIGNMENT ( #218, #830, ( #1001 ) ) ;
#2623 = LINE ( 'NONE', #672, #2417 ) ;
#2624 = VECTOR ( 'NONE', #2521, 1000.000000000000000 ) ;
#2625 = ORIENTED_EDGE ( 'NONE', *, *, #877, .T. ) ;
#2626 = CARTESIAN_POINT ( 'NONE',  ( 9.266747276826425406, 63.50494895489654112, 2.397622063849218943 ) ) ;
#2627 = CARTESIAN_POINT ( 'NONE',  ( -0.2511167808336657870, 62.49140871836564060, 4.833976544507105011 ) ) ;
#2628 = FACE_OUTER_BOUND ( 'NONE', #3333, .T. ) ;
#2629 = CARTESIAN_POINT ( 'NONE',  ( 2.027568190297451611, 61.58547624321465719, 4.999999999999999112 ) ) ;
#2630 = ORIENTED_EDGE ( 'NONE', *, *, #1493, .T. ) ;
#2631 = CARTESIAN_POINT ( 'NONE',  ( -0.3065787075294292841, 63.50494895489652691, 6.755587467355423925 ) ) ;
#2632 = ORIENTED_EDGE ( 'NONE', *, *, #1522, .T. ) ;
#2633 = B_SPLINE_CURVE_WITH_KNOTS ( 'NONE', 3,
 ( #2558, #3880, #2055, #3384, #109, #3728, #459, #1757, #3074, #1433, #3755, #795 ),
 .UNSPECIFIED., .F., .F.,
 ( 4, 2, 2, 2, 2, 4 ),
 ( 0.000000000000000000, 0.1249999999999891753, 0.2499999999999783507, 0.4999999999999855671, 0.7499999999999927836, 1.000000000000000000 ),
 .UNSPECIFIED. ) ;
#2634 = ADVANCED_FACE ( 'NONE', ( #4075 ), #1116, .F. ) ;
#2635 = CARTESIAN_POINT ( 'NONE',  ( 1.487425851814497824, 62.12213256496382741, 5.069939914696639072 ) ) ;
#2636 = CARTESIAN_POINT ( 'NONE',  ( 8.953157567206488920, 62.45154388238727705, 5.238139878891149515 ) ) ;
#2637 = DIRECTION ( 'NONE',  ( 1.000000000000000000, 5.337610695313253357E-16, -0.000000000000000000 ) ) ;
#2638 = CARTESIAN_POINT ( 'NONE',  ( 9.769885813337412017, 78.50494895489653402, 13.71333554574437663 ) ) ;
#2639 = CARTESIAN_POINT ( 'NONE',  ( 13.00000000000000178, 64.42309160523819855, 6.718578297013580780 ) ) ;
#2640 = CARTESIAN_POINT ( 'NONE',  ( 8.200424016252915393, 10.99999999999997158, 0.000000000000000000 ) ) ;
#2641 = VECTOR ( 'NONE', #1396, 1000.000000000000000 ) ;
#2642 = DIRECTION ( 'NONE',  ( -0.000000000000000000, -0.000000000000000000, -1.000000000000000000 ) ) ;
#2643 = VECTOR ( 'NONE', #1174, 1000.000000000000000 ) ;
#2644 = VERTEX_POINT ( 'NONE', #30 ) ;
#2645 = EDGE_CURVE ( 'NONE', #492, #1010, #1969, .T. ) ;
#2646 = DIRECTION ( 'NONE',  ( 1.000000000000000000, 5.337610695313253357E-16, 0.000000000000000000 ) ) ;
#2647 = CARTESIAN_POINT ( 'NONE',  ( -0.6704665060396164389, 62.39152023474353825, 4.827592473318009780 ) ) ;
#2648 = CARTESIAN_POINT ( 'NONE',  ( 0.6976951919697034210, 62.38261924764989175, 4.826995959257295077 ) ) ;
#2649 = CARTESIAN_POINT ( 'NONE',  ( 8.939258194035410554, 63.70211587431999334, 6.051170168261881699 ) ) ;
#2650 = DIRECTION ( 'NONE',  ( 1.000000000000000000, -4.263446390183754050E-16, 0.000000000000000000 ) ) ;
#2651 = ORIENTED_EDGE ( 'NONE', *, *, #3047, .F. ) ;
#2652 = EDGE_LOOP ( 'NONE', ( #3368, #3321, #2371, #125 ) ) ;
#2653 = DIRECTION ( 'NONE',  ( 1.061766890363825891E-16, -1.000000000000000000, 0.000000000000000000 ) ) ;
#2654 = ORIENTED_EDGE ( 'NONE', *, *, #2212, .F. ) ;
#2655 = AXIS2_PLACEMENT_3D ( 'NONE', #3455, #780, #167 ) ;
#2656 = CARTESIAN_POINT ( 'NONE',  ( 0.9783263128885558713, 62.42317458344003711, 5.079993608368258862 ) ) ;
#2657 = CARTESIAN_POINT ( 'NONE',  ( 8.819970020431950886, 62.89153600477248318, 5.558376828372072254 ) ) ;
#2658 = PLANE ( 'NONE',  #3105 ) ;
#2659 = CARTESIAN_POINT ( 'NONE',  ( 9.723563934081536075, 10.99999999999997158, 0.1000000000000167422 ) ) ;
#2660 = DIRECTION ( 'NONE',  ( 5.337610695313253357E-16, -1.000000000000000000, 0.000000000000000000 ) ) ;
#2661 = LINE ( 'NONE', #1712, #2367 ) ;
#2662 = CARTESIAN_POINT ( 'NONE',  ( 9.348863081143788278, 62.15537243668537570, 0.1000000000000011297 ) ) ;
#2663 = ORIENTED_EDGE ( 'NONE', *, *, #28, .T. ) ;
#2664 = CARTESIAN_POINT ( 'NONE',  ( 9.881698826268475955, 63.50494895489654112, 3.452123000573199985 ) ) ;
#2665 = DIRECTION ( 'NONE',  ( 1.000000000000000000, 0.000000000000000000, 0.000000000000000000 ) ) ;
#2666 = CARTESIAN_POINT ( 'NONE',  ( 1.507117203463703925, 61.82167711110432151, 4.758156287178181287 ) ) ;
#2667 = CARTESIAN_POINT ( 'NONE',  ( -0.4591321453690881405, 62.45382621629714492, 4.831662752474861655 ) ) ;
#2668 = CARTESIAN_POINT ( 'NONE',  ( 9.088992422089928525, 63.24760320320567075, 5.402581233433192409 ) ) ;
#2669 = ORIENTED_EDGE ( 'NONE', *, *, #3424, .F. ) ;
#2670 = ORIENTED_EDGE ( 'NONE', *, *, #3584, .F. ) ;
#2671 = CIRCLE ( 'NONE', #2, 2.000000000000000000 ) ;
#2672 = DIRECTION ( 'NONE',  ( -0.1736481776669342170, -0.9848077530122073542, 0.000000000000000000 ) ) ;
#2673 = EDGE_LOOP ( 'NONE', ( #595, #3052, #3405, #482 ) ) ;
#2674 = CIRCLE ( 'NONE', #1306, 19.69999999999999929 ) ;
#2675 = EDGE_CURVE ( 'NONE', #175, #2430, #1762, .T. ) ;
#2676 = DESIGN_CONTEXT ( 'detailed design', #1797, 'design' ) ;
#2677 = CARTESIAN_POINT ( 'NONE',  ( 0.1547116930067512497, 62.63315555238469301, 5.082179877189862083 ) ) ;
#2678 = AXIS2_PLACEMENT_3D ( 'NONE', #3505, #1533, #3486 ) ;
#2679 = VECTOR ( 'NONE', #4049, 1000.000000000000000 ) ;
#2680 = CARTESIAN_POINT ( 'NONE',  ( 2.099999999999978328, 60.50691563653041527, 0.000000000000000000 ) ) ;
#2681 = AXIS2_PLACEMENT_3D ( 'NONE', #160, #4081, #2774 ) ;
#2682 = CARTESIAN_POINT ( 'NONE',  ( 11.69003498648121386, 63.50494895489654112, 4.737664765748742290 ) ) ;
#2683 = CARTESIAN_POINT ( 'NONE',  ( -8.776406537100621463, 63.50494895489651270, 6.147459590584626099 ) ) ;
#2684 = EDGE_CURVE ( 'NONE', #1170, #4200, #2422, .T. ) ;
#2685 = EDGE_LOOP ( 'NONE', ( #717, #1830, #3253, #2513 ) ) ;
#2686 = AXIS2_PLACEMENT_3D ( 'NONE', #1790, #2754, #2730 ) ;
#2687 = DIRECTION ( 'NONE',  ( -0.000000000000000000, -0.000000000000000000, 1.000000000000000000 ) ) ;
#2688 = CARTESIAN_POINT ( 'NONE',  ( -9.007244137577155030, 63.50494895489652691, 1.412004788474855221 ) ) ;
#2689 = CARTESIAN_POINT ( 'NONE',  ( 1.449018497274898065, 61.88545479511093816, 4.772369104958188224 ) ) ;
#2690 = CARTESIAN_POINT ( 'NONE',  ( 1.459504060707953244, 61.87436820411805627, 4.770203904334571199 ) ) ;
#2691 = DIRECTION ( 'NONE',  ( 1.000000000000000000, 0.000000000000000000, 0.000000000000000000 ) ) ;
#2692 = ORIENTED_EDGE ( 'NONE', *, *, #1738, .F. ) ;
#2693 = VECTOR ( 'NONE', #16, 1000.000000000000114 ) ;
#2694 = CARTESIAN_POINT ( 'NONE',  ( 13.00000000000000178, 64.88206692404349951, 6.767253565835216200 ) ) ;
#2695 = B_SPLINE_CURVE_WITH_KNOTS ( 'NONE', 3,
 ( #3189, #3509, #3843, #3825, #2629, #2816 ),
 .UNSPECIFIED., .F., .F.,
 ( 4, 2, 4 ),
 ( 0.000000000000000000, 0.5000000000000000000, 1.000000000000000000 ),
 .UNSPECIFIED. ) ;
#2696 = EDGE_CURVE ( 'NONE', #3513, #682, #3306, .T. ) ;
#2697 = ORIENTED_EDGE ( 'NONE', *, *, #1114, .T. ) ;
#2698 = ADVANCED_FACE ( 'NONE', ( #2275 ), #1923, .T. ) ;
#2699 = CARTESIAN_POINT ( 'NONE',  ( 1.660960444614888454, 61.99853272795665049, 5.058738314222742893 ) ) ;
#2700 = EDGE_CURVE ( 'NONE', #2016, #2736, #1246, .T. ) ;
#2701 = DIRECTION ( 'NONE',  ( -0.000000000000000000, -0.000000000000000000, -1.000000000000000000 ) ) ;
#2702 = CARTESIAN_POINT ( 'NONE',  ( 9.007244137577099963, 63.50494895489654112, 1.000000000000000000 ) ) ;
#2703 = ORIENTED_EDGE ( 'NONE', *, *, #1570, .T. ) ;
#2704 = DIRECTION ( 'NONE',  ( 0.000000000000000000, 0.000000000000000000, -1.000000000000000000 ) ) ;
#2705 = CARTESIAN_POINT ( 'NONE',  ( 8.137658209897374206, 57.50691563653040816, 4.699999999999991296 ) ) ;
#2706 = ORIENTED_EDGE ( 'NONE', *, *, #1840, .T. ) ;
#2707 = LINE ( 'NONE', #4061, #1475 ) ;
#2708 = CARTESIAN_POINT ( 'NONE',  ( -9.267573137049783583, 63.50494895489652691, 2.399356525549587005 ) ) ;
#2709 = DIRECTION ( 'NONE',  ( -0.1736481776669342170, -0.9848077530122073542, 0.000000000000000000 ) ) ;
#2710 = CARTESIAN_POINT ( 'NONE',  ( 1.422673817292128717, 61.91272972448975054, 4.777396428149328855 ) ) ;
#2711 = MECHANICAL_CONTEXT ( 'NONE', #1487, 'mechanical' ) ;
#2712 = ORIENTED_EDGE ( 'NONE', *, *, #444, .F. ) ;
#2713 = AXIS2_PLACEMENT_3D ( 'NONE', #3604, #4216, #1256 ) ;
#2714 = ORIENTED_EDGE ( 'NONE', *, *, #2759, .F. ) ;
#2715 = FACE_OUTER_BOUND ( 'NONE', #3114, .T. ) ;
#2716 = CARTESIAN_POINT ( 'NONE',  ( 1.284247211982853775E-15, 60.50691563653041527, 5.000000000000000000 ) ) ;
#2717 = VERTEX_POINT ( 'NONE', #1626 ) ;
#2718 = CARTESIAN_POINT ( 'NONE',  ( -9.325498180707908702, 62.28787090779748326, 4.813779070401054128 ) ) ;
#2719 = EDGE_CURVE ( 'NONE', #3293, #3100, #3423, .T. ) ;
#2720 = EDGE_CURVE ( 'NONE', #1137, #297, #997, .T. ) ;
#2721 = CARTESIAN_POINT ( 'NONE',  ( 8.998127716406571608, 63.50494895489652691, 12.31176876537974962 ) ) ;
#2722 = CARTESIAN_POINT ( 'NONE',  ( 0.000000000000000000, -2.775557561562891351E-14, 4.700000000000023270 ) ) ;
#2723 = CARTESIAN_POINT ( 'NONE',  ( -12.99999999999999822, 64.88206692404348530, 6.767253565835212648 ) ) ;
#2724 = FACE_BOUND ( 'NONE', #3273, .T. ) ;
#2725 = ORIENTED_EDGE ( 'NONE', *, *, #1341, .T. ) ;
#2726 = FACE_OUTER_BOUND ( 'NONE', #2436, .T. ) ;
#2727 = CARTESIAN_POINT ( 'NONE',  ( -8.581128701846141738, 63.50494895489652691, 6.999999999999999112 ) ) ;
#2728 = ORIENTED_EDGE ( 'NONE', *, *, #1637, .T. ) ;
#2729 = DIRECTION ( 'NONE',  ( 1.000000000000000000, 0.000000000000000000, 0.000000000000000000 ) ) ;
#2730 = DIRECTION ( 'NONE',  ( 1.000000000000000000, 0.000000000000000000, 0.000000000000000000 ) ) ;
#2731 = DIRECTION ( 'NONE',  ( -0.000000000000000000, -0.000000000000000000, 1.000000000000000000 ) ) ;
#2732 = DIRECTION ( 'NONE',  ( 8.673617379884027583E-16, -1.000000000000000000, 0.000000000000000000 ) ) ;
#2733 = CARTESIAN_POINT ( 'NONE',  ( -0.7506260917425536805, 62.51315314696327619, 5.081183779962761271 ) ) ;
#2734 = EDGE_CURVE ( 'NONE', #3786, #2059, #3660, .T. ) ;
#2735 = LINE ( 'NONE', #1720, #4229 ) ;
#2736 = VERTEX_POINT ( 'NONE', #977 ) ;
#2737 = ADVANCED_FACE ( 'NONE', ( #653 ), #3287, .F. ) ;
#2738 = DIRECTION ( 'NONE',  ( 5.337610695313253357E-16, -1.000000000000000000, -0.000000000000000000 ) ) ;
#2739 = FACE_OUTER_BOUND ( 'NONE', #1152, .T. ) ;
#2740 = CARTESIAN_POINT ( 'NONE',  ( -1.167943579400205337E-15, 10.99999999999996980, 4.699999999999977973 ) ) ;
#2741 = CARTESIAN_POINT ( 'NONE',  ( -9.204106060084990659, 62.83208834903794582, 5.070574969231548934 ) ) ;
#2742 = EDGE_CURVE ( 'NONE', #1137, #1652, #707, .T. ) ;
#2743 = VERTEX_POINT ( 'NONE', #2011 ) ;
#2744 = DIRECTION ( 'NONE',  ( 1.000000000000000000, 0.000000000000000000, 0.000000000000000000 ) ) ;
#2745 = CARTESIAN_POINT ( 'NONE',  ( -8.835799395647693899, 62.84420916369904120, 5.514204709712308805 ) ) ;
#2746 = CARTESIAN_POINT ( 'NONE',  ( -9.454364632207441943, 61.55704340819661269, 4.699999999999991296 ) ) ;
#2747 = CARTESIAN_POINT ( 'NONE',  ( -1.523139917828616019, 57.50691563653042238, 4.699999999999992184 ) ) ;
#2748 = DIRECTION ( 'NONE',  ( 0.5102736053747521927, 0.6081204024113504580, 0.6081204024113225914 ) ) ;
#2749 = AXIS2_PLACEMENT_3D ( 'NONE', #1898, #261, #3296 ) ;
#2750 = FACE_BOUND ( 'NONE', #833, .T. ) ;
#2751 = VECTOR ( 'NONE', #2618, 1000.000000000000114 ) ;
#2752 = EDGE_CURVE ( 'NONE', #3672, #144, #2294, .T. ) ;
#2753 = ORIENTED_EDGE ( 'NONE', *, *, #3879, .T. ) ;
#2754 = DIRECTION ( 'NONE',  ( 5.337610695313253357E-16, -1.000000000000000000, 0.000000000000000000 ) ) ;
#2755 = DIRECTION ( 'NONE',  ( 0.000000000000000000, 0.000000000000000000, 1.000000000000000000 ) ) ;
#2756 = DIRECTION ( 'NONE',  ( -0.000000000000000000, -0.000000000000000000, 1.000000000000000000 ) ) ;
#2757 = CARTESIAN_POINT ( 'NONE',  ( 1.529283460780290538, 62.09237668902906648, 5.067975628611089078 ) ) ;
#2758 = CARTESIAN_POINT ( 'NONE',  ( 8.592732129668421592, 63.47858274068497764, 6.671197120495882871 ) ) ;
#2759 = EDGE_CURVE ( 'NONE', #2554, #790, #3322, .T. ) ;
#2760 = ORIENTED_EDGE ( 'NONE', *, *, #4263, .F. ) ;
#2761 = ORIENTED_EDGE ( 'NONE', *, *, #1263, .T. ) ;
#2762 = CARTESIAN_POINT ( 'NONE',  ( -8.618738092499341974, 63.41837786925026421, 6.417214044770902959 ) ) ;
#2763 = CARTESIAN_POINT ( 'NONE',  ( 9.769885813337419123, 64.88206692404349951, 13.71333554574437663 ) ) ;
#2764 = ORIENTED_EDGE ( 'NONE', *, *, #446, .F. ) ;
#2765 = VERTEX_POINT ( 'NONE', #3347 ) ;
#2766 = CIRCLE ( 'NONE', #1659, 9.493084363469568743 ) ;
#2767 = AXIS2_PLACEMENT_3D ( 'NONE', #374, #1672, #2990 ) ;
#2768 = DIRECTION ( 'NONE',  ( 5.337610695313253357E-16, -1.000000000000000000, 0.000000000000000000 ) ) ;
#2769 = CARTESIAN_POINT ( 'NONE',  ( -8.776481824529666298, 63.01633624421766910, 5.690017708870630742 ) ) ;
#2770 = EDGE_CURVE ( 'NONE', #3113, #114, #3642, .T. ) ;
#2771 = CARTESIAN_POINT ( 'NONE',  ( -8.849500326629083702, 62.80292141863434807, 5.476726104383438987 ) ) ;
#2772 = DIRECTION ( 'NONE',  ( 5.337610695313253357E-16, -1.000000000000000000, -0.000000000000000000 ) ) ;
#2773 = CARTESIAN_POINT ( 'NONE',  ( 1.284247211982853775E-15, 60.50691563653041527, 5.000000000000000000 ) ) ;
#2774 = DIRECTION ( 'NONE',  ( 1.000000000000000000, 0.000000000000000000, 0.000000000000000000 ) ) ;
#2775 = CARTESIAN_POINT ( 'NONE',  ( -1.762470971094191929, 61.45660950117743937, 4.700008365823132195 ) ) ;
#2776 = ORIENTED_EDGE ( 'NONE', *, *, #1661, .T. ) ;
#2777 = CARTESIAN_POINT ( 'NONE',  ( 9.436676980303657203, 61.65735506687028078, 4.702069397763627201 ) ) ;
#2778 = ORIENTED_EDGE ( 'NONE', *, *, #1973, .T. ) ;
#2779 = CARTESIAN_POINT ( 'NONE',  ( 10.14954408102965466, 64.88206692404349951, 4.175670713070557483 ) ) ;
#2780 = CARTESIAN_POINT ( 'NONE',  ( -2.099999999999975664, 60.50691563653041527, 0.000000000000000000 ) ) ;
#2781 = CARTESIAN_POINT ( 'NONE',  ( 1.546254406145742166, 62.08018434412559117, 5.067075399259138635 ) ) ;
#2782 = CARTESIAN_POINT ( 'NONE',  ( 8.927072667694387675, 62.54688721405211993, 5.291905930255087931 ) ) ;
#2783 = ORIENTED_EDGE ( 'NONE', *, *, #3234, .T. ) ;
#2784 = ORIENTED_EDGE ( 'NONE', *, *, #1263, .F. ) ;
#2785 = ADVANCED_FACE ( 'NONE', ( #1013 ), #3937, .T. ) ;
#2786 = LINE ( 'NONE', #424, #2015 ) ;
#2787 = CARTESIAN_POINT ( 'NONE',  ( -12.99999999999999822, 63.99685332808728333, 5.228513109125748848 ) ) ;
#2788 = CARTESIAN_POINT ( 'NONE',  ( 9.348863081143788278, 62.15537243668537570, 5.000000000000000000 ) ) ;
#2789 = CARTESIAN_POINT ( 'NONE',  ( -8.883433263839117799, 63.85405457852255751, 6.491486704450384337 ) ) ;
#2790 = ORIENTED_EDGE ( 'NONE', *, *, #1269, .T. ) ;
#2791 = CARTESIAN_POINT ( 'NONE',  ( -8.601797780122884873, 63.45779333524287580, 6.564742909873281462 ) ) ;
#2792 = CARTESIAN_POINT ( 'NONE',  ( -8.934400739514440914, 62.52014488681527382, 5.276764015960802467 ) ) ;
#2793 = CARTESIAN_POINT ( 'NONE',  ( 2.026841616758537246, 61.58678776009446665, 5.000007274628788245 ) ) ;
#2794 = DIRECTION ( 'NONE',  ( -0.9848077530122073542, -0.1736481776669344945, 0.000000000000000000 ) ) ;
#2795 = ADVANCED_FACE ( 'NONE', ( #3862 ), #1378, .F. ) ;
#2796 = LINE ( 'NONE', #1161, #1730 ) ;
#2797 = ORIENTED_EDGE ( 'NONE', *, *, #3891, .T. ) ;
#2798 = LINE ( 'NONE', #560, #20 ) ;
#2799 = VERTEX_POINT ( 'NONE', #3508 ) ;
#2800 = CARTESIAN_POINT ( 'NONE',  ( 9.071287234488517370, 64.88206692404349951, 3.082602738611787796 ) ) ;
#2801 = CARTESIAN_POINT ( 'NONE',  ( -1.060051407619653885, 62.20325227164691029, 4.812928678019003037 ) ) ;
#2802 = CARTESIAN_POINT ( 'NONE',  ( 0.2658370435805488263, 62.62198073525829045, 5.082109169695010031 ) ) ;
#2803 = ORIENTED_EDGE ( 'NONE', *, *, #1777, .F. ) ;
#2804 = APPROVAL_ROLE ( '' ) ;
#2805 = EDGE_LOOP ( 'NONE', ( #1086, #942, #1551, #2029 ) ) ;
#2806 = AXIS2_PLACEMENT_3D ( 'NONE', #1127, #1505, #193 ) ;
#2807 = ORIENTED_EDGE ( 'NONE', *, *, #1985, .F. ) ;
#2808 = CARTESIAN_POINT ( 'NONE',  ( -8.608597949799895233, 63.44201959374463939, 6.501401854850346496 ) ) ;
#2809 = FACE_OUTER_BOUND ( 'NONE', #2845, .T. ) ;
#2810 = DIRECTION ( 'NONE',  ( 0.8759792377278923237, 4.675636148168748045E-16, -0.4823488105817829164 ) ) ;
#2811 = VERTEX_POINT ( 'NONE', #3124 ) ;
#2812 = CARTESIAN_POINT ( 'NONE',  ( 0.1799558454082975656, 58.21396646707562184, 5.000000000000000000 ) ) ;
#2813 = CARTESIAN_POINT ( 'NONE',  ( -8.893675235907764431, 62.66066216194318628, 5.367666810461066085 ) ) ;
#2814 = EDGE_CURVE ( 'NONE', #1993, #1200, #1517, .T. ) ;
#2815 = CARTESIAN_POINT ( 'NONE',  ( 9.007244137577099963, 63.50494895489654112, 5.711590350538848782 ) ) ;
#2816 = CARTESIAN_POINT ( 'NONE',  ( 2.072179889737171266, 61.50494895489653402, 5.000000000000000000 ) ) ;
#2817 = CONICAL_SURFACE ( 'NONE', #3445, 2.000000000000000444, 0.7853981633974648213 ) ;
#2818 = LINE ( 'NONE', #3826, #3121 ) ;
#2819 = ORIENTED_EDGE ( 'NONE', *, *, #3288, .F. ) ;
#2820 = CARTESIAN_POINT ( 'NONE',  ( 19.69999999999999929, -2.532465171932141703E-14, 5.000000000000000000 ) ) ;
#2821 = ORIENTED_EDGE ( 'NONE', *, *, #799, .F. ) ;
#2822 = FACE_OUTER_BOUND ( 'NONE', #1810, .T. ) ;
#2823 = PLANE ( 'NONE',  #1858 ) ;
#2824 = CARTESIAN_POINT ( 'NONE',  ( 16.45725758540972450, 10.89999999999995239, 0.000000000000000000 ) ) ;
#2825 = LINE ( 'NONE', #4156, #3143 ) ;
#2826 = CARTESIAN_POINT ( 'NONE',  ( -0.3804812419242011856, 62.60572237672741380, 5.081999582534457716 ) ) ;
#2827 = ORIENTED_EDGE ( 'NONE', *, *, #446, .T. ) ;
#2828 = CARTESIAN_POINT ( 'NONE',  ( 8.602699428858432640, 63.45567025765279112, 6.557814525609035883 ) ) ;
#2829 = SHAPE_DEFINITION_REPRESENTATION ( #1641, #2246 ) ;
#2830 = AXIS2_PLACEMENT_3D ( 'NONE', #3958, #3976, #4035 ) ;
#2831 = ORIENTED_EDGE ( 'NONE', *, *, #474, .F. ) ;
#2832 = PLANE ( 'NONE',  #927 ) ;
#2833 = CARTESIAN_POINT ( 'NONE',  ( -15.69999999999999929, 0.000000000000000000, 0.000000000000000000 ) ) ;
#2834 = FACE_OUTER_BOUND ( 'NONE', #2895, .T. ) ;
#2835 = ORIENTED_EDGE ( 'NONE', *, *, #3086, .F. ) ;
#2836 = CARTESIAN_POINT ( 'NONE',  ( -9.117359458636343561, 63.15170429048566803, 5.311595378984204530 ) ) ;
#2837 = VECTOR ( 'NONE', #2601, 1000.000000000000114 ) ;
#2838 = VERTEX_POINT ( 'NONE', #573 ) ;
#2839 = CARTESIAN_POINT ( 'NONE',  ( -9.007244137577099963, 63.50494895489652691, 5.711590350538845229 ) ) ;
#2840 = DIRECTION ( 'NONE',  ( -0.000000000000000000, -0.000000000000000000, 1.000000000000000000 ) ) ;
#2841 = VECTOR ( 'NONE', #2304, 1000.000000000000000 ) ;
#2842 = VECTOR ( 'NONE', #3292, 1000.000000000000000 ) ;
#2843 = EDGE_CURVE ( 'NONE', #2084, #3100, #2903, .T. ) ;
#2844 = CARTESIAN_POINT ( 'NONE',  ( -1.600242833656855490, 62.04136280189336361, 5.063694696272959206 ) ) ;
#2845 = EDGE_LOOP ( 'NONE', ( #241, #2930, #783, #1393, #569, #4194, #59, #3407, #1734, #3472, #3647, #1257, #2169, #1530, #930, #1837 ) ) ;
#2846 = CARTESIAN_POINT ( 'NONE',  ( -11.31147339363016080, 1.994517950862986000, 0.000000000000000000 ) ) ;
#2847 = EDGE_LOOP ( 'NONE', ( #2783, #2409, #1073, #2803 ) ) ;
#2848 = CARTESIAN_POINT ( 'NONE',  ( 6.572580605384090744E-15, 10.69999999999994600, 5.000000000000000000 ) ) ;
#2849 = FACE_OUTER_BOUND ( 'NONE', #3206, .T. ) ;
#2850 = FACE_OUTER_BOUND ( 'NONE', #3374, .T. ) ;
#2851 = DIRECTION ( 'NONE',  ( -0.000000000000000000, -0.000000000000000000, -1.000000000000000000 ) ) ;
#2852 = CARTESIAN_POINT ( 'NONE',  ( -0.9840425954159518485, 62.41886974250333253, 5.079887994006240248 ) ) ;
#2853 = CARTESIAN_POINT ( 'NONE',  ( 9.260110571832232296, 62.59806621238858781, 4.941008205034262524 ) ) ;
#2854 = CALENDAR_DATE ( 2026, 15, 8 ) ;
#2855 = ORIENTED_EDGE ( 'NONE', *, *, #2645, .F. ) ;
#2856 = CARTESIAN_POINT ( 'NONE',  ( -2.074028806506729178E-15, 58.08279268484487545, 0.000000000000000000 ) ) ;
#2857 = DIRECTION ( 'NONE',  ( -1.000000000000000000, 0.000000000000000000, 0.000000000000000000 ) ) ;
#2858 = EDGE_LOOP ( 'NONE', ( #2654, #4210, #2351, #473, #3078, #2348, #355 ) ) ;
#2859 = ORIENTED_EDGE ( 'NONE', *, *, #1142, .F. ) ;
#2860 = DIRECTION ( 'NONE',  ( -0.000000000000000000, -0.000000000000000000, 1.000000000000000000 ) ) ;
#2861 = DIRECTION ( 'NONE',  ( -0.000000000000000000, -0.000000000000000000, 1.000000000000000000 ) ) ;
#2862 = CARTESIAN_POINT ( 'NONE',  ( 8.608390615526699818, 63.50494895489654112, 6.687084138631116836 ) ) ;
#2863 = EDGE_CURVE ( 'NONE', #297, #505, #888, .T. ) ;
#2864 = CARTESIAN_POINT ( 'NONE',  ( 2.300000000000011813, 60.50691563653041527, 5.000000000000000000 ) ) ;
#2865 = EDGE_CURVE ( 'NONE', #2799, #2280, #3682, .T. ) ;
#2866 = EDGE_CURVE ( 'NONE', #4036, #1640, #511, .T. ) ;
#2867 = VECTOR ( 'NONE', #2738, 1000.000000000000000 ) ;
#2868 = CARTESIAN_POINT ( 'NONE',  ( -1.635094991262913577, 62.01660621797667972, 5.060996216097277234 ) ) ;
#2869 = ORIENTED_EDGE ( 'NONE', *, *, #2752, .T. ) ;
#2870 = CARTESIAN_POINT ( 'NONE',  ( 0.1167920765610846179, 58.68698159144492621, -1.080065954914497972 ) ) ;
#2871 = VERTEX_POINT ( 'NONE', #1140 ) ;
#2872 = CARTESIAN_POINT ( 'NONE',  ( -12.39999999999998970, 0.000000000000000000, 0.09999999999999700795 ) ) ;
#2873 = DIRECTION ( 'NONE',  ( -0.1736481776669342170, -0.9848077530122073542, 0.000000000000000000 ) ) ;
#2874 = CARTESIAN_POINT ( 'NONE',  ( -1.733184783983973576, 61.95185537002117826, 5.050570684504299024 ) ) ;
#2875 = CARTESIAN_POINT ( 'NONE',  ( 8.924159475892350812, 62.54460759541733950, 5.294468071359706762 ) ) ;
#2876 = VERTEX_POINT ( 'NONE', #2839 ) ;
#2877 = ADVANCED_FACE ( 'NONE', ( #2449 ), #535, .F. ) ;
#2878 = DIRECTION ( 'NONE',  ( -0.1736481776669344668, 0.9848077530122072432, 0.000000000000000000 ) ) ;
#2879 = CARTESIAN_POINT ( 'NONE',  ( 0.000000000000000000, -2.775557561562891351E-14, 5.000000000000000000 ) ) ;
#2880 = CARTESIAN_POINT ( 'NONE',  ( -9.034011154204639737, 63.42360320644795024, 5.600590585041477887 ) ) ;
#2881 = EDGE_LOOP ( 'NONE', ( #2663, #2210, #70, #3794 ) ) ;
#2882 = CARTESIAN_POINT ( 'NONE',  ( -19.69615506024415197, 3.472963553338685561, 5.000000000000000000 ) ) ;
#2883 = CARTESIAN_POINT ( 'NONE',  ( -9.454364632207441943, 61.55704340819661269, 4.699999999999991296 ) ) ;
#2884 = CARTESIAN_POINT ( 'NONE',  ( 0.2431542910805949975, 62.62372349507283786, 5.079094023046475392 ) ) ;
#2885 = ORIENTED_EDGE ( 'NONE', *, *, #143, .F. ) ;
#2886 = CARTESIAN_POINT ( 'NONE',  ( -1.376800104359295673, 62.19815932784040768, 5.073856672096243692 ) ) ;
#2887 = ORIENTED_EDGE ( 'NONE', *, *, #956, .T. ) ;
#2888 = DIRECTION ( 'NONE',  ( -0.9848077530122074652, 0.1736481776669342447, 0.000000000000000000 ) ) ;
#2889 = ORIENTED_EDGE ( 'NONE', *, *, #882, .F. ) ;
#2890 = DIRECTION ( 'NONE',  ( 1.000000000000000000, -4.263446390183754050E-16, 0.000000000000000000 ) ) ;
#2891 = CARTESIAN_POINT ( 'NONE',  ( -9.082296910376733479, 61.88284365717426283, 5.035903119307644005 ) ) ;
#2892 = DIRECTION ( 'NONE',  ( 0.7071067811865593411, 0.000000000000000000, 0.7071067811865358044 ) ) ;
#2893 = CARTESIAN_POINT ( 'NONE',  ( 9.003349074238840899, 62.24212835565586488, 5.140836501144621096 ) ) ;
#2894 = ADVANCED_FACE ( 'NONE', ( #816 ), #2170, .F. ) ;
#2895 = EDGE_LOOP ( 'NONE', ( #2044, #1610, #2819, #776 ) ) ;
#2896 = EDGE_CURVE ( 'NONE', #3151, #492, #681, .T. ) ;
#2897 = EDGE_CURVE ( 'NONE', #1737, #798, #991, .T. ) ;
#2898 = DIRECTION ( 'NONE',  ( 0.000000000000000000, 0.000000000000000000, 1.000000000000000000 ) ) ;
#2899 = CARTESIAN_POINT ( 'NONE',  ( -10.99999999999999822, 0.000000000000000000, 18.00000000000000355 ) ) ;
#2900 = VERTEX_POINT ( 'NONE', #266 ) ;
#2901 = CARTESIAN_POINT ( 'NONE',  ( -8.860789704951153922, 63.91357221524445009, 6.885304415249867027 ) ) ;
#2902 = VERTEX_POINT ( 'NONE', #1558 ) ;
#2903 = CIRCLE ( 'NONE', #81, 19.69999999999999929 ) ;
#2904 = VECTOR ( 'NONE', #2356, 1000.000000000000227 ) ;
#2905 = DIRECTION ( 'NONE',  ( -0.000000000000000000, -0.000000000000000000, 1.000000000000000000 ) ) ;
#2906 = CARTESIAN_POINT ( 'NONE',  ( 0.9784920964028168688, 62.41171614156822045, 5.067901735029115784 ) ) ;
#2907 = B_SPLINE_CURVE_WITH_KNOTS ( 'NONE', 3,
 ( #4108, #4187, #490, #2080 ),
 .UNSPECIFIED., .F., .F.,
 ( 4, 4 ),
 ( 0.000000000000000000, 0.001388832749278423161 ),
 .UNSPECIFIED. ) ;
#2908 = EDGE_CURVE ( 'NONE', #2811, #212, #4007, .T. ) ;
#2909 = VECTOR ( 'NONE', #1018, 1000.000000000000227 ) ;
#2910 = PLANE ( 'NONE',  #3027 ) ;
#2911 = CARTESIAN_POINT ( 'NONE',  ( -9.007244137577101739, 63.50494895489652691, 1.000000000000000000 ) ) ;
#2912 = CIRCLE ( 'NONE', #2221, 7.500000000000000000 ) ;
#2913 = ORIENTED_EDGE ( 'NONE', *, *, #683, .F. ) ;
#2914 = FACE_OUTER_BOUND ( 'NONE', #1587, .T. ) ;
#2915 = CARTESIAN_POINT ( 'NONE',  ( -9.103272289322676514, 61.77939058983169218, 5.018916721527179270 ) ) ;
#2916 = CARTESIAN_POINT ( 'NONE',  ( -1.141334865699289214, 62.34048254836920933, 5.078359675867088363 ) ) ;
#2917 = CARTESIAN_POINT ( 'NONE',  ( 8.631533164217509935, 63.37768086810614676, 6.308735197576403664 ) ) ;
#2918 = VERTEX_POINT ( 'NONE', #2694 ) ;
#2919 = CYLINDRICAL_SURFACE ( 'NONE', #2925, 2.000000000000001776 ) ;
#2920 = PLANE ( 'NONE',  #508 ) ;
#2921 = ORIENTED_EDGE ( 'NONE', *, *, #1410, .F. ) ;
#2922 = CARTESIAN_POINT ( 'NONE',  ( 8.671100062216973825, 63.29260114857246577, 6.101365144278966923 ) ) ;
#2923 = DIRECTION ( 'NONE',  ( -1.000000000000000000, 0.000000000000000000, 0.000000000000000000 ) ) ;
#2924 = CARTESIAN_POINT ( 'NONE',  ( 1.733184783983267696, 63.50494895489652691, 7.000000000000002665 ) ) ;
#2925 = AXIS2_PLACEMENT_3D ( 'NONE', #906, #3571, #2898 ) ;
#2926 = CARTESIAN_POINT ( 'NONE',  ( 8.096684833037926410, 65.46438204709120612, 5.582948705563302916 ) ) ;
#2927 = DIRECTION ( 'NONE',  ( -0.000000000000000000, -0.000000000000000000, -1.000000000000000000 ) ) ;
#2928 = ADVANCED_FACE ( 'NONE', ( #2352 ), #426, .T. ) ;
#2929 = CONICAL_SURFACE ( 'NONE', #1069, 2.000000000000000444, 0.7853981633974648213 ) ;
#2930 = ORIENTED_EDGE ( 'NONE', *, *, #3930, .T. ) ;
#2931 = FACE_OUTER_BOUND ( 'NONE', #3732, .T. ) ;
#2932 = CARTESIAN_POINT ( 'NONE',  ( -8.871088131883647421, 62.73476881995827625, 5.421786684863963757 ) ) ;
#2933 = LINE ( 'NONE', #3583, #1902 ) ;
#2934 = CARTESIAN_POINT ( 'NONE',  ( -1.721841280944736763, 61.95853440097418030, 5.052099886768431247 ) ) ;
#2935 = CARTESIAN_POINT ( 'NONE',  ( 10.99999999999999645, 64.88206692404349951, 20.00000000000000000 ) ) ;
#2936 = FACE_OUTER_BOUND ( 'NONE', #2256, .T. ) ;
#2937 = ORIENTED_EDGE ( 'NONE', *, *, #1580, .T. ) ;
#2938 = LINE ( 'NONE', #376, #3115 ) ;
#2939 = CARTESIAN_POINT ( 'NONE',  ( -9.242207044726885812, 62.68788293638338871, 4.969340175070630750 ) ) ;
#2940 = CARTESIAN_POINT ( 'NONE',  ( -15.59999999999999432, 1.959434878635766463E-16, 0.09999999999999700795 ) ) ;
#2941 = CARTESIAN_POINT ( 'NONE',  ( -1.800986190327571679, 61.88426239745002277, 5.035075004398091636 ) ) ;
#2942 = ORIENTED_EDGE ( 'NONE', *, *, #3625, .T. ) ;
#2943 = CARTESIAN_POINT ( 'NONE',  ( -12.39999999999998970, 0.000000000000000000, 0.000000000000000000 ) ) ;
#2944 = ORIENTED_EDGE ( 'NONE', *, *, #1555, .T. ) ;
#2945 = EDGE_CURVE ( 'NONE', #3694, #3513, #451, .T. ) ;
#2946 = CARTESIAN_POINT ( 'NONE',  ( 1.297737187336067022, 62.24893944170626980, 5.075768735676720489 ) ) ;
#2947 = CARTESIAN_POINT ( 'NONE',  ( 12.10748691522356779, 7.721584962487178849, -3.178415037512277053 ) ) ;
#2948 = LINE ( 'NONE', #2680, #1804 ) ;
#2949 = DIRECTION ( 'NONE',  ( 1.000000000000000000, -4.263446390183754050E-16, 0.000000000000000000 ) ) ;
#2950 = FACE_BOUND ( 'NONE', #136, .T. ) ;
#2951 = CARTESIAN_POINT ( 'NONE',  ( 8.599892090508626907, 63.45168641444409730, 6.558477803820622398 ) ) ;
#2952 = CARTESIAN_POINT ( 'NONE',  ( 1.284247211982853775E-15, 60.50691563653041527, 0.000000000000000000 ) ) ;
#2953 = ORIENTED_EDGE ( 'NONE', *, *, #3983, .F. ) ;
#2954 = CARTESIAN_POINT ( 'NONE',  ( 10.45519810069361810, 63.50494895489654112, 4.031995227967707152 ) ) ;
#2955 = CARTESIAN_POINT ( 'NONE',  ( 1.423827714983600945, 61.91154110831949708, 4.777180584914853867 ) ) ;
#2956 = PLANE ( 'NONE',  #2749 ) ;
#2957 = CARTESIAN_POINT ( 'NONE',  ( 1.284247211982853775E-15, 60.50691563653041527, 1.000000000000000000 ) ) ;
#2958 = ORIENTED_EDGE ( 'NONE', *, *, #2770, .F. ) ;
#2959 = EDGE_CURVE ( 'NONE', #873, #4092, #362, .T. ) ;
#2960 = AXIS2_PLACEMENT_3D ( 'NONE', #279, #950, #1280 ) ;
#2961 = FACE_OUTER_BOUND ( 'NONE', #4027, .T. ) ;
#2962 = CARTESIAN_POINT ( 'NONE',  ( -1.449429347069349783, 63.50494895489652691, 5.418252589728739466 ) ) ;
#2963 = ORIENTED_EDGE ( 'NONE', *, *, #3046, .T. ) ;
#2964 = VECTOR ( 'NONE', #907, 1000.000000000000000 ) ;
#2965 = CIRCLE ( 'NONE', #3815, 2.000000000000000444 ) ;
#2966 = CARTESIAN_POINT ( 'NONE',  ( 1.437434006072673576, 62.15706731975044619, 5.071918273627529672 ) ) ;
#2967 = EDGE_CURVE ( 'NONE', #1342, #105, #763, .T. ) ;
#2968 = CARTESIAN_POINT ( 'NONE',  ( -13.99999999999999112, 0.000000000000000000, 5.000000000000000000 ) ) ;
#2969 = DIRECTION ( 'NONE',  ( -1.000000000000000000, -1.061766890363825891E-16, 0.000000000000000000 ) ) ;
#2970 = CARTESIAN_POINT ( 'NONE',  ( 9.068684455665813715, 61.94995809431252098, 5.048578771854730363 ) ) ;
#2971 = VECTOR ( 'NONE', #889, 1000.000000000000000 ) ;
#2972 = CARTESIAN_POINT ( 'NONE',  ( -13.99999999999999112, 0.000000000000000000, 5.000000000000000000 ) ) ;
#2973 = CONICAL_SURFACE ( 'NONE', #4093, 20.00000000000001776, 0.7853981633974570498 ) ;
#2974 = ORIENTED_EDGE ( 'NONE', *, *, #789, .T. ) ;
#2975 = VECTOR ( 'NONE', #2650, 1000.000000000000000 ) ;
#2976 = CARTESIAN_POINT ( 'NONE',  ( -11.69003498648121209, 63.50494895489652691, 4.737664765748742290 ) ) ;
#2977 = CARTESIAN_POINT ( 'NONE',  ( -0.4058390273392720737, 62.46539859139069506, 4.832384145603366932 ) ) ;
#2978 = CARTESIAN_POINT ( 'NONE',  ( -1.409722354384355336, 61.92571799824530387, 4.779594659423153757 ) ) ;
#2979 = CARTESIAN_POINT ( 'NONE',  ( -9.053420755240100704, 62.02523506662587494, 5.068859828510223764 ) ) ;
#2980 = CARTESIAN_POINT ( 'NONE',  ( 1.284247211982853775E-15, 60.50691563653041527, 5.000000000000000000 ) ) ;
#2981 = ORIENTED_EDGE ( 'NONE', *, *, #3092, .F. ) ;
#2982 = CARTESIAN_POINT ( 'NONE',  ( 15.90000000000000746, -2.465190328815661892E-29, 5.000000000000000000 ) ) ;
#2983 = ORIENTED_EDGE ( 'NONE', *, *, #799, .T. ) ;
#2984 = CARTESIAN_POINT ( 'NONE',  ( -9.053420755240097151, 62.02523506662587494, 5.068859828510224652 ) ) ;
#2985 = CARTESIAN_POINT ( 'NONE',  ( 1.733184783983265032, 61.95185537002164722, 5.050570684502764252 ) ) ;
#2986 = CARTESIAN_POINT ( 'NONE',  ( -12.06391264713229639, 63.50494895489654112, 4.910007781065261590 ) ) ;
#2987 = DIRECTION ( 'NONE',  ( 1.000000000000000000, 0.000000000000000000, 0.000000000000000000 ) ) ;
#2988 = CYLINDRICAL_SURFACE ( 'NONE', #3903, 7.500000000000000000 ) ;
#2989 = CARTESIAN_POINT ( 'NONE',  ( 8.998127716406569832, 64.88206692404349951, 12.31176876537974962 ) ) ;
#2990 = DIRECTION ( 'NONE',  ( 1.000000000000000000, -4.263446390183754050E-16, 0.000000000000000000 ) ) ;
#2991 = VERTEX_POINT ( 'NONE', #1381 ) ;
#2992 = B_SPLINE_CURVE_WITH_KNOTS ( 'NONE', 1,
 ( #2413, #2984 ),
 .UNSPECIFIED., .F., .F.,
 ( 2, 2 ),
 ( 0.000000000000000000, 1.000000000000000000 ),
 .UNSPECIFIED. ) ;
#2993 = CARTESIAN_POINT ( 'NONE',  ( 11.31420967757526164, 63.50494895489655534, 4.583384050881366356 ) ) ;
#2994 = CARTESIAN_POINT ( 'NONE',  ( -10.45697448941035645, 63.50494895489654112, 4.033448245306695767 ) ) ;
#2995 = CARTESIAN_POINT ( 'NONE',  ( 1.459117867614298403, 61.87481106765007866, 4.770312186006576027 ) ) ;
#2996 = CARTESIAN_POINT ( 'NONE',  ( 0.8606794904023659099, 62.31259879798361823, 4.821926061463169155 ) ) ;
#2997 = ORIENTED_EDGE ( 'NONE', *, *, #269, .T. ) ;
#2998 = APPROVAL_ROLE ( '' ) ;
#2999 = ORIENTED_EDGE ( 'NONE', *, *, #2009, .T. ) ;
#3000 = DIRECTION ( 'NONE',  ( -1.000000000000000000, 0.000000000000000000, 0.000000000000000000 ) ) ;
#3001 = AXIS2_PLACEMENT_3D ( 'NONE', #3081, #2755, #2111 ) ;
#3002 = EDGE_CURVE ( 'NONE', #3654, #2016, #4026, .T. ) ;
#3003 = CARTESIAN_POINT ( 'NONE',  ( 1.505392610543588194, 62.10939172911878359, 5.069123073766641063 ) ) ;
#3004 = LINE ( 'NONE', #3641, #3039 ) ;
#3005 = CARTESIAN_POINT ( 'NONE',  ( 8.998127716406571608, 63.50494895489652691, 12.31176876537974962 ) ) ;
#3006 = ORIENTED_EDGE ( 'NONE', *, *, #1580, .F. ) ;
#3007 = PLANE ( 'NONE',  #1611 ) ;
#3008 = CARTESIAN_POINT ( 'NONE',  ( -8.884272728136441089, 63.50494895489654112, 5.927583502603821053 ) ) ;
#3009 = ORIENTED_EDGE ( 'NONE', *, *, #3824, .F. ) ;
#3010 = DIRECTION ( 'NONE',  ( 0.000000000000000000, 0.000000000000000000, 1.000000000000000000 ) ) ;
#3011 = FACE_BOUND ( 'NONE', #3921, .T. ) ;
#3012 = CARTESIAN_POINT ( 'NONE',  ( 1.211660438132080353, 62.09813261804828244, 4.802539953010378504 ) ) ;
#3013 = CARTESIAN_POINT ( 'NONE',  ( -0.9562717876805497674, 62.26385185257802846, 4.818099545338300871 ) ) ;
#3014 = PERSON_AND_ORGANIZATION_ROLE ( 'design_owner' ) ;
#3015 = EDGE_LOOP ( 'NONE', ( #674, #2831, #2385, #282, #2953 ) ) ;
#3016 = ADVANCED_FACE ( 'NONE', ( #2369 ), #1110, .F. ) ;
#3017 = VECTOR ( 'NONE', #1495, 1000.000000000000000 ) ;
#3018 = DIRECTION ( 'NONE',  ( -0.8759792377278978748, 0.000000000000000000, 0.4823488105817729243 ) ) ;
#3019 = DIRECTION ( 'NONE',  ( -0.000000000000000000, -0.000000000000000000, -1.000000000000000000 ) ) ;
#3020 = DIRECTION ( 'NONE',  ( -3.014711853724170223E-16, -0.7071067811865312525, 0.7071067811865638930 ) ) ;
#3021 = ADVANCED_FACE ( 'NONE', ( #1682 ), #1402, .F. ) ;
#3022 = DIRECTION ( 'NONE',  ( -0.1736481776669342170, -0.9848077530122073542, 0.000000000000000000 ) ) ;
#3023 = CARTESIAN_POINT ( 'NONE',  ( 1.461318105648685695, 62.14051467202661883, 5.071040510072709395 ) ) ;
#3024 = AXIS2_PLACEMENT_3D ( 'NONE', #1254, #255, #3935 ) ;
#3025 = VECTOR ( 'NONE', #1885, 1000.000000000000000 ) ;
#3026 = LINE ( 'NONE', #3305, #3662 ) ;
#3027 = AXIS2_PLACEMENT_3D ( 'NONE', #938, #4231, #1922 ) ;
#3028 = CARTESIAN_POINT ( 'NONE',  ( 13.00000000000000178, 63.50494895489654112, 6.623537530759591618 ) ) ;
#3029 = ORIENTED_EDGE ( 'NONE', *, *, #3086, .T. ) ;
#3030 = DIRECTION ( 'NONE',  ( -0.1736481776669342170, -0.9848077530122073542, 0.000000000000000000 ) ) ;
#3031 = VERTEX_POINT ( 'NONE', #384 ) ;
#3032 = CARTESIAN_POINT ( 'NONE',  ( 8.226369619475738304, 63.50494895489652691, 13.71333554574439084 ) ) ;
#3033 = FACE_BOUND ( 'NONE', #1037, .T. ) ;
#3034 = ADVANCED_FACE ( 'NONE', ( #3684 ), #3450, .F. ) ;
#3035 = CARTESIAN_POINT ( 'NONE',  ( -11.31147339363016080, 1.994517950862986000, 0.09999999999998897271 ) ) ;
#3036 = CARTESIAN_POINT ( 'NONE',  ( -0.9086236741685120855, 62.28869148358594288, 4.820074099423105274 ) ) ;
#3037 = APPLICATION_PROTOCOL_DEFINITION ( 'international standard', 'config_control_design', 1994, #1487 ) ;
#3038 = EDGE_LOOP ( 'NONE', ( #3452, #2285 ) ) ;
#3039 = VECTOR ( 'NONE', #2637, 1000.000000000000000 ) ;
#3040 = AXIS2_PLACEMENT_3D ( 'NONE', #3069, #770, #1807 ) ;
#3041 = CARTESIAN_POINT ( 'NONE',  ( -3.880311739004257632, 63.50494895489652691, 7.046918007696305608 ) ) ;
#3042 = DIRECTION ( 'NONE',  ( -0.000000000000000000, -0.000000000000000000, -1.000000000000000000 ) ) ;
#3043 = CARTESIAN_POINT ( 'NONE',  ( -1.891990334107638727, 61.41816344895208601, 4.800000000000000711 ) ) ;
#3044 = DIRECTION ( 'NONE',  ( -0.000000000000000000, -0.000000000000000000, 1.000000000000000000 ) ) ;
#3045 = DIRECTION ( 'NONE',  ( -0.000000000000000000, -0.000000000000000000, 1.000000000000000000 ) ) ;
#3046 = EDGE_CURVE ( 'NONE', #130, #1798, #3063, .T. ) ;
#3047 = EDGE_CURVE ( 'NONE', #1630, #2100, #721, .T. ) ;
#3048 = CARTESIAN_POINT ( 'NONE',  ( 1.656955432488411928, 61.62717041188012246, 4.718291539899985843 ) ) ;
#3049 = ORIENTED_EDGE ( 'NONE', *, *, #2396, .T. ) ;
#3050 = CARTESIAN_POINT ( 'NONE',  ( 2.072179889737171266, 61.50494895489653402, 5.000000000000000000 ) ) ;
#3051 = CARTESIAN_POINT ( 'NONE',  ( -8.581117606951982779, 63.50494895489649849, 6.886710695826422146 ) ) ;
#3052 = ORIENTED_EDGE ( 'NONE', *, *, #3799, .T. ) ;
#3053 = CARTESIAN_POINT ( 'NONE',  ( 8.446012541296925136, 64.88206692404349951, 1.446268975538704815 ) ) ;
#3054 = LINE ( 'NONE', #71, #4131 ) ;
#3055 = DIRECTION ( 'NONE',  ( 0.000000000000000000, -1.000000000000000000, 0.000000000000000000 ) ) ;
#3056 = CARTESIAN_POINT ( 'NONE',  ( -0.6967225326919330719, 62.38297488804139590, 4.827020267098411033 ) ) ;
#3057 = PLANE ( 'NONE',  #3330 ) ;
#3058 = VERTEX_POINT ( 'NONE', #1702 ) ;
#3059 = EDGE_CURVE ( 'NONE', #2157, #1482, #2992, .T. ) ;
#3060 = VECTOR ( 'NONE', #3520, 999.9999999999998863 ) ;
#3061 = CARTESIAN_POINT ( 'NONE',  ( -8.634350831441068408, 63.38152566929552734, 6.307696742690443337 ) ) ;
#3062 = CARTESIAN_POINT ( 'NONE',  ( -13.99999999999999112, 0.000000000000000000, 4.700000000000013500 ) ) ;
#3063 = LINE ( 'NONE', #3361, #296 ) ;
#3064 = CARTESIAN_POINT ( 'NONE',  ( 6.551345267576810511E-15, 10.89999999999997904, 0.000000000000000000 ) ) ;
#3065 = ORIENTED_EDGE ( 'NONE', *, *, #3317, .F. ) ;
#3066 = DIRECTION ( 'NONE',  ( -0.1736481776669342170, -0.9848077530122073542, 0.000000000000000000 ) ) ;
#3067 = CARTESIAN_POINT ( 'NONE',  ( 0.000000000000000000, 0.000000000000000000, 20.00000000000000000 ) ) ;
#3068 = DIRECTION ( 'NONE',  ( -0.000000000000000000, -0.000000000000000000, 1.000000000000000000 ) ) ;
#3069 = CARTESIAN_POINT ( 'NONE',  ( 0.000000000000000000, -2.775557561562891351E-14, 0.000000000000000000 ) ) ;
#3070 = EDGE_CURVE ( 'NONE', #3552, #3793, #3446, .T. ) ;
#3071 = VECTOR ( 'NONE', #2160, 1000.000000000000114 ) ;
#3072 = ADVANCED_FACE ( 'NONE', ( #3320 ), #365, .T. ) ;
#3073 = AXIS2_PLACEMENT_3D ( 'NONE', #1166, #3783, #214 ) ;
#3074 = CARTESIAN_POINT ( 'NONE',  ( -1.716423423054077801, 61.53452974709090029, 4.706886988922352799 ) ) ;
#3075 = DIRECTION ( 'NONE',  ( -1.000000000000000000, 0.000000000000000000, 0.000000000000000000 ) ) ;
#3076 = ORIENTED_EDGE ( 'NONE', *, *, #893, .F. ) ;
#3077 = CARTESIAN_POINT ( 'NONE',  ( 1.284247211982853775E-15, 60.50691563653041527, 0.09999999999999333034 ) ) ;
#3078 = ORIENTED_EDGE ( 'NONE', *, *, #3983, .T. ) ;
#3079 = CYLINDRICAL_SURFACE ( 'NONE', #3795, 2.000000000000000444 ) ;
#3080 = CARTESIAN_POINT ( 'NONE',  ( -9.067838826434543975, 64.88206692404347109, 3.077238881257730707 ) ) ;
#3081 = CARTESIAN_POINT ( 'NONE',  ( 1.284247211982853775E-15, 60.50691563653041527, 0.000000000000000000 ) ) ;
#3082 = CARTESIAN_POINT ( 'NONE',  ( -1.463636155944705974, 61.87054534717088927, 4.769730816027444753 ) ) ;
#3083 = CARTESIAN_POINT ( 'NONE',  ( 1.624856717962956276, 62.02383510029670788, 5.061833083524444277 ) ) ;
#3084 = CARTESIAN_POINT ( 'NONE',  ( 8.929501635442210983, 63.72923342531706936, 6.111431601727369767 ) ) ;
#3085 = ORIENTED_EDGE ( 'NONE', *, *, #3216, .F. ) ;
#3086 = EDGE_CURVE ( 'NONE', #465, #2164, #1343, .T. ) ;
#3087 = CARTESIAN_POINT ( 'NONE',  ( 0.000000000000000000, -2.775557561562891351E-14, 0.000000000000000000 ) ) ;
#3088 = CARTESIAN_POINT ( 'NONE',  ( 10.59812771640656948, 63.50494895489652691, 12.31176876537974962 ) ) ;
#3089 = DIRECTION ( 'NONE',  ( -1.000000000000000000, 0.000000000000000000, 0.000000000000000000 ) ) ;
#3090 = CARTESIAN_POINT ( 'NONE',  ( -8.383014425867335362, 64.96168848692219910, 6.422660362613477503 ) ) ;
#3091 = ORIENTED_EDGE ( 'NONE', *, *, #1184, .T. ) ;
#3092 = EDGE_CURVE ( 'NONE', #342, #4036, #3259, .T. ) ;
#3093 = ORIENTED_EDGE ( 'NONE', *, *, #2125, .F. ) ;
#3094 = CARTESIAN_POINT ( 'NONE',  ( -1.165613840050329530, 57.80691563653043374, 5.000000000000000000 ) ) ;
#3095 = CARTESIAN_POINT ( 'NONE',  ( -9.013896162307757365, 62.20796058158883568, 5.127418520462994067 ) ) ;
#3096 = CARTESIAN_POINT ( 'NONE',  ( 0.000000000000000000, -2.775557561562891351E-14, 0.000000000000000000 ) ) ;
#3097 = DIRECTION ( 'NONE',  ( -1.000000000000000000, 0.000000000000000000, 0.000000000000000000 ) ) ;
#3098 = AXIS2_PLACEMENT_3D ( 'NONE', #1662, #41, #3701 ) ;
#3099 = DIRECTION ( 'NONE',  ( 5.337610695313253357E-16, -1.000000000000000000, 0.000000000000000000 ) ) ;
#3100 = VERTEX_POINT ( 'NONE', #3377 ) ;
#3101 = EDGE_CURVE ( 'NONE', #189, #2100, #151, .T. ) ;
#3102 = CARTESIAN_POINT ( 'NONE',  ( 9.409832447392531662, 61.80959797832528579, 4.713762981249058015 ) ) ;
#3103 = AXIS2_PLACEMENT_3D ( 'NONE', #3145, #185, #3774 ) ;
#3104 = ORIENTED_EDGE ( 'NONE', *, *, #585, .F. ) ;
#3105 = AXIS2_PLACEMENT_3D ( 'NONE', #1388, #3689, #1347 ) ;
#3106 = DIRECTION ( 'NONE',  ( -5.337610695313253357E-16, 1.000000000000000000, -0.000000000000000000 ) ) ;
#3107 = DIRECTION ( 'NONE',  ( -1.000000000000000000, 0.000000000000000000, 0.000000000000000000 ) ) ;
#3108 = CARTESIAN_POINT ( 'NONE',  ( 0.000000000000000000, -2.775557561562891351E-14, 4.700000000000023270 ) ) ;
#3109 = CARTESIAN_POINT ( 'NONE',  ( 1.633894667259582434, 62.01743416798674247, 5.061107697403556926 ) ) ;
#3110 = CARTESIAN_POINT ( 'NONE',  ( 9.175096877515567684, 62.94404303072517592, 5.145521245950431144 ) ) ;
#3111 = B_SPLINE_CURVE_WITH_KNOTS ( 'NONE', 3,
 ( #2057, #392, #464, #3008, #2083, #69, #2399, #1370, #2683, #2360, #411, #4039, #3693, #1415, #731, #2037, #1713, #3708, #3386, #3051, #2727 ),
 .UNSPECIFIED., .F., .F.,
 ( 4, 1, 1, 2, 2, 1, 1, 2, 2, 1, 2, 2, 4 ),
 ( 0.000000000000000000, 0.1250000000000044964, 0.1875000000000066613, 0.2187500000000077161, 0.2500000000000087708, 0.3750000000000099365, 0.4375000000000096034, 0.4687500000000094924, 0.5000000000000093259, 0.6250000000000057732, 0.6875000000000049960, 0.7500000000000041078, 1.000000000000000000 ),
 .UNSPECIFIED. ) ;
#3112 = DATE_AND_TIME ( #3155, #993 ) ;
#3113 = VERTEX_POINT ( 'NONE', #2763 ) ;
#3114 = EDGE_LOOP ( 'NONE', ( #2529, #336, #2299, #2692 ) ) ;
#3115 = VECTOR ( 'NONE', #315, 1000.000000000000000 ) ;
#3116 = FACE_OUTER_BOUND ( 'NONE', #3015, .T. ) ;
#3117 = CARTESIAN_POINT ( 'NONE',  ( -12.99999999999999822, 63.84308620491087538, 6.655182404034857946 ) ) ;
#3118 = CARTESIAN_POINT ( 'NONE',  ( 13.00000000000000178, 63.31865480419417480, 6.605614728516989942 ) ) ;
#3119 = CARTESIAN_POINT ( 'NONE',  ( -8.892843477122209350, 63.82897682993760213, 6.394221804641746054 ) ) ;
#3120 = EDGE_CURVE ( 'NONE', #2838, #1818, #2468, .T. ) ;
#3121 = VECTOR ( 'NONE', #2107, 1000.000000000000114 ) ;
#3122 = FACE_OUTER_BOUND ( 'NONE', #1255, .T. ) ;
#3123 = CC_DESIGN_APPROVAL ( #2189, ( #1001 ) ) ;
#3124 = CARTESIAN_POINT ( 'NONE',  ( 7.679368016496269898E-15, 57.50691563653042238, 4.699999999999977973 ) ) ;
#3125 = LINE ( 'NONE', #1454, #2621 ) ;
#3126 = CARTESIAN_POINT ( 'NONE',  ( -1.507117203463907540, 61.82167711110407993, 4.758156287178115562 ) ) ;
#3127 = EDGE_LOOP ( 'NONE', ( #4141, #1502, #3566, #2361 ) ) ;
#3128 = FACE_OUTER_BOUND ( 'NONE', #75, .T. ) ;
#3129 = ORIENTED_EDGE ( 'NONE', *, *, #1374, .T. ) ;
#3130 = CARTESIAN_POINT ( 'NONE',  ( 9.970423014826451436, 64.88206692404349951, 4.042598125890792815 ) ) ;
#3131 = CARTESIAN_POINT ( 'NONE',  ( 9.053420755240098927, 62.10327798338528993, 5.000000000000000000 ) ) ;
#3132 = CARTESIAN_POINT ( 'NONE',  ( 0.4930008373863291604, 62.58402119918425655, 5.081838198188611599 ) ) ;
#3133 = ORIENTED_EDGE ( 'NONE', *, *, #3515, .F. ) ;
#3134 = AXIS2_PLACEMENT_3D ( 'NONE', #3087, #1134, #146 ) ;
#3135 = ORIENTED_EDGE ( 'NONE', *, *, #3510, .T. ) ;
#3136 = CARTESIAN_POINT ( 'NONE',  ( -8.592732129668419816, 63.47858274068494921, 6.671197120495873989 ) ) ;
#3137 = CARTESIAN_POINT ( 'NONE',  ( 9.250382305842563824, 62.13800761891868518, 0.000000000000000000 ) ) ;
#3138 = DIRECTION ( 'NONE',  ( 0.1736481776669344668, -0.9848077530122072432, 0.000000000000000000 ) ) ;
#3139 = ADVANCED_FACE ( 'NONE', ( #2534 ), #3817, .T. ) ;
#3140 = CARTESIAN_POINT ( 'NONE',  ( -8.424767174428215100, 64.88206692404349951, 6.851768000857718199 ) ) ;
#3141 = ORIENTED_EDGE ( 'NONE', *, *, #46, .T. ) ;
#3142 = ORIENTED_EDGE ( 'NONE', *, *, #2340, .F. ) ;
#3143 = VECTOR ( 'NONE', #2851, 1000.000000000000000 ) ;
#3144 = CARTESIAN_POINT ( 'NONE',  ( -8.656697701700441172, 63.32779332649175785, 6.176604041106884324 ) ) ;
#3145 = CARTESIAN_POINT ( 'NONE',  ( 9.834261764111866810, 1.734045684362590212, 0.1000000000000028644 ) ) ;
#3146 = CARTESIAN_POINT ( 'NONE',  ( -8.067327277851939371, 78.50494895489653402, 14.65083160634442905 ) ) ;
#3147 = ADVANCED_FACE ( 'NONE', ( #1514 ), #2555, .T. ) ;
#3148 = CARTESIAN_POINT ( 'NONE',  ( -2.026841616758322751, 61.58678776009477929, 5.000007274628808673 ) ) ;
#3149 = EDGE_LOOP ( 'NONE', ( #2146, #590, #2444, #2437 ) ) ;
#3150 = DIRECTION ( 'NONE',  ( -0.1736481776669344668, 0.9848077530122072432, 0.000000000000000000 ) ) ;
#3151 = VERTEX_POINT ( 'NONE', #3159 ) ;
#3152 = DIRECTION ( 'NONE',  ( 0.000000000000000000, 0.000000000000000000, -1.000000000000000000 ) ) ;
#3153 = FACE_OUTER_BOUND ( 'NONE', #520, .T. ) ;
#3154 = CARTESIAN_POINT ( 'NONE',  ( -0.2663430743859775962, 62.62168634742563711, 5.082107132186727050 ) ) ;
#3155 = CALENDAR_DATE ( 2026, 15, 8 ) ;
#3156 = VERTEX_POINT ( 'NONE', #3792 ) ;
#3157 = DIRECTION ( 'NONE',  ( -1.000000000000000000, 0.000000000000000000, 0.000000000000000000 ) ) ;
#3158 = DIRECTION ( 'NONE',  ( 0.6444004775717766531, -0.5407162030609385939, -0.5407162030609292680 ) ) ;
#3159 = CARTESIAN_POINT ( 'NONE',  ( 8.137658209897374206, 57.50691563653040816, 0.1000000000000143274 ) ) ;
#3160 = CARTESIAN_POINT ( 'NONE',  ( -8.939258194035414107, 63.70211587431996492, 6.051170168261883475 ) ) ;
#3161 = ADVANCED_FACE ( 'NONE', ( #4099 ), #18, .T. ) ;
#3162 = ORIENTED_EDGE ( 'NONE', *, *, #965, .T. ) ;
#3163 = DIRECTION ( 'NONE',  ( 0.000000000000000000, 0.000000000000000000, 1.000000000000000000 ) ) ;
#3164 = CARTESIAN_POINT ( 'NONE',  ( -1.650229769549758529, 61.84338495108763567, 5.024492266656211292 ) ) ;
#3165 = FACE_OUTER_BOUND ( 'NONE', #2230, .T. ) ;
#3166 = ADVANCED_FACE ( 'NONE', ( #504 ), #3836, .F. ) ;
#3167 = AXIS2_PLACEMENT_3D ( 'NONE', #2467, #1135, #3816 ) ;
#3168 = CARTESIAN_POINT ( 'NONE',  ( -0.9662507895164049732, 62.42704649379081872, 5.080025205503675423 ) ) ;
#3169 = EDGE_LOOP ( 'NONE', ( #1693, #2401, #1177, #435 ) ) ;
#3170 = LINE ( 'NONE', #1501, #4162 ) ;
#3171 = CIRCLE ( 'NONE', #2478, 1.600000000000002531 ) ;
#3172 = VERTEX_POINT ( 'NONE', #1469 ) ;
#3173 = DIRECTION ( 'NONE',  ( 3.014711853724239249E-16, 0.7071067811865474617, 0.7071067811865475727 ) ) ;
#3174 = FACE_OUTER_BOUND ( 'NONE', #385, .T. ) ;
#3175 = CARTESIAN_POINT ( 'NONE',  ( -0.4930459479257473521, 62.58400447521446353, 5.081838043061853938 ) ) ;
#3176 = CARTESIAN_POINT ( 'NONE',  ( 8.748518763902998430, 63.09319350259894321, 5.783122247862353404 ) ) ;
#3177 = CIRCLE ( 'NONE', #1643, 1.599999999999998979 ) ;
#3178 = AXIS2_PLACEMENT_3D ( 'NONE', #1034, #4084, #710 ) ;
#3179 = ADVANCED_FACE ( 'NONE', ( #2834 ), #256, .T. ) ;
#3180 = EDGE_CURVE ( 'NONE', #17, #15, #605, .T. ) ;
#3181 = EDGE_CURVE ( 'NONE', #2100, #189, #3945, .T. ) ;
#3182 = CARTESIAN_POINT ( 'NONE',  ( 13.00000000000000178, 63.50494895489654112, 6.623537530759591618 ) ) ;
#3183 = CARTESIAN_POINT ( 'NONE',  ( 9.355883856906215712, 61.53967859042992927, 4.799999999999993605 ) ) ;
#3184 = CARTESIAN_POINT ( 'NONE',  ( -9.131713231912481632, 63.10178905862953513, 5.268087811322099689 ) ) ;
#3185 = ORIENTED_EDGE ( 'NONE', *, *, #616, .T. ) ;
#3186 = FACE_OUTER_BOUND ( 'NONE', #949, .T. ) ;
#3187 = DIRECTION ( 'NONE',  ( -1.000000000000000000, 0.000000000000000000, -0.000000000000000000 ) ) ;
#3188 = CARTESIAN_POINT ( 'NONE',  ( 8.581121313084155489, 63.50494895489654112, 6.943704463358369772 ) ) ;
#3189 = CARTESIAN_POINT ( 'NONE',  ( 1.733184783983265032, 61.95185537002164722, 5.050570684502764252 ) ) ;
#3190 = CIRCLE ( 'NONE', #650, 9.393084363469565545 ) ;
#3191 = VECTOR ( 'NONE', #4173, 1000.000000000000000 ) ;
#3192 = ORGANIZATION ( 'UNSPECIFIED', 'UNSPECIFIED', '' ) ;
#3193 = CARTESIAN_POINT ( 'NONE',  ( 11.00000000000000178, 0.000000000000000000, 20.00000000000000000 ) ) ;
#3194 = ORIENTED_EDGE ( 'NONE', *, *, #807, .F. ) ;
#3195 = CARTESIAN_POINT ( 'NONE',  ( -9.436785299725553244, 61.65674075690216682, 4.702012487752525338 ) ) ;
#3196 = EDGE_CURVE ( 'NONE', #2272, #453, #1220, .T. ) ;
#3197 = VERTEX_POINT ( 'NONE', #3858 ) ;
#3198 = CARTESIAN_POINT ( 'NONE',  ( -10.59812771640660323, 64.88206692404348530, 12.31176876537979759 ) ) ;
#3199 = DIRECTION ( 'NONE',  ( -0.000000000000000000, -0.000000000000000000, -1.000000000000000000 ) ) ;
#3200 = CARTESIAN_POINT ( 'NONE',  ( -1.377422131136561756, 62.19785340585177380, 5.073875152349498485 ) ) ;
#3201 = CARTESIAN_POINT ( 'NONE',  ( 8.882246393158171216, 62.68681614708739147, 5.389828664418760518 ) ) ;
#3202 = VERTEX_POINT ( 'NONE', #839 ) ;
#3203 = CARTESIAN_POINT ( 'NONE',  ( 12.38296163870143829, 63.50494895489652691, 5.157610367282807751 ) ) ;
#3204 = EDGE_CURVE ( 'NONE', #2082, #3113, #1491, .T. ) ;
#3205 = DIRECTION ( 'NONE',  ( -1.000000000000000000, 0.000000000000000000, 0.000000000000000000 ) ) ;
#3206 = EDGE_LOOP ( 'NONE', ( #3573, #267, #2206, #2999 ) ) ;
#3207 = CARTESIAN_POINT ( 'NONE',  ( -9.160580356075625375, 62.99796378467309665, 5.185054687593551925 ) ) ;
#3208 = ORIENTED_EDGE ( 'NONE', *, *, #3070, .F. ) ;
#3209 = CARTESIAN_POINT ( 'NONE',  ( -9.158922306303754368, 61.50494895489652691, 5.000000000000000000 ) ) ;
#3210 = DIRECTION ( 'NONE',  ( -1.000000000000000000, 0.000000000000000000, 0.000000000000000000 ) ) ;
#3211 = CARTESIAN_POINT ( 'NONE',  ( -16.33808222615027361, 10.99999999999996803, 0.09999999999998898659 ) ) ;
#3212 = ORIENTED_EDGE ( 'NONE', *, *, #1218, .F. ) ;
#3213 = VECTOR ( 'NONE', #2756, 1000.000000000000000 ) ;
#3214 = CARTESIAN_POINT ( 'NONE',  ( 0.2175878890848263747, 60.46854902100935902, 5.000000000000000000 ) ) ;
#3215 = CONICAL_SURFACE ( 'NONE', #44, 1.600000000000002531, 0.7853981633974653764 ) ;
#3216 = EDGE_CURVE ( 'NONE', #1861, #3156, #840, .T. ) ;
#3217 = CARTESIAN_POINT ( 'NONE',  ( -1.483387674362125486, 62.12506532116152869, 5.070179895759609146 ) ) ;
#3218 = ORIENTED_EDGE ( 'NONE', *, *, #3278, .T. ) ;
#3219 = CARTESIAN_POINT ( 'NONE',  ( 0.4145494396872743681, 60.43381938547597088, 0.000000000000000000 ) ) ;
#3220 = EDGE_CURVE ( 'NONE', #1017, #3197, #3679, .T. ) ;
#3221 = EDGE_CURVE ( 'NONE', #1786, #191, #1244, .T. ) ;
#3222 = ORIENTED_EDGE ( 'NONE', *, *, #2908, .T. ) ;
#3223 = CARTESIAN_POINT ( 'NONE',  ( 8.067327277851935818, 63.50494895489652691, 14.65083160634437220 ) ) ;
#3224 = DIRECTION ( 'NONE',  ( -0.000000000000000000, -0.000000000000000000, 1.000000000000000000 ) ) ;
#3225 = CARTESIAN_POINT ( 'NONE',  ( -1.167943579400205337E-15, 10.99999999999996980, 4.699999999999991296 ) ) ;
#3226 = CARTESIAN_POINT ( 'NONE',  ( 2.000000000000001776, 60.50691563653041527, 4.700000000000000178 ) ) ;
#3227 = CARTESIAN_POINT ( 'NONE',  ( 8.868193209641733077, 62.73213687031113750, 5.424154004836653442 ) ) ;
#3228 = EDGE_LOOP ( 'NONE', ( #2022, #1025 ) ) ;
#3229 = CIRCLE ( 'NONE', #1351, 7.799999999999974065 ) ;
#3230 = CARTESIAN_POINT ( 'NONE',  ( 8.389388099250583153, 57.80691563653042664, 5.000000000000000000 ) ) ;
#3231 = FACE_OUTER_BOUND ( 'NONE', #1382, .T. ) ;
#3232 = EDGE_LOOP ( 'NONE', ( #1450, #4154, #1870, #1545 ) ) ;
#3233 = ORIENTED_EDGE ( 'NONE', *, *, #10, .T. ) ;
#3234 = EDGE_CURVE ( 'NONE', #3793, #3552, #691, .T. ) ;
#3235 = CARTESIAN_POINT ( 'NONE',  ( 8.700185964421738305, 63.21958102481238484, 5.969794403739951072 ) ) ;
#3236 = CARTESIAN_POINT ( 'NONE',  ( 15.70000000000001883, 2.081899558550264114E-16, 0.000000000000000000 ) ) ;
#3237 = DIRECTION ( 'NONE',  ( -0.000000000000000000, -0.000000000000000000, 1.000000000000000000 ) ) ;
#3238 = ADVANCED_FACE ( 'NONE', ( #2628 ), #2920, .F. ) ;
#3239 = CARTESIAN_POINT ( 'NONE',  ( 7.751745207469571852, 65.98838446770564303, 5.206364177274566352 ) ) ;
#3240 = DIRECTION ( 'NONE',  ( 0.7071067811865595631, 0.000000000000000000, 0.7071067811865354713 ) ) ;
#3241 = CARTESIAN_POINT ( 'NONE',  ( 9.014339665711476712, 62.20600321432839763, 5.126714834302091184 ) ) ;
#3242 = EDGE_LOOP ( 'NONE', ( #4029, #3918, #3819, #2187 ) ) ;
#3243 = CONICAL_SURFACE ( 'NONE', #223, 1.700000000000008837, 0.7853981633974981280 ) ;
#3244 = DIRECTION ( 'NONE',  ( 7.507825682155952763E-17, -0.7071067811865291430, -0.7071067811865660024 ) ) ;
#3245 = AXIS2_PLACEMENT_3D ( 'NONE', #3246, #2503, #600 ) ;
#3246 = CARTESIAN_POINT ( 'NONE',  ( -8.998127716406610688, 78.50494895489653402, 12.31176876537979759 ) ) ;
#3247 = CARTESIAN_POINT ( 'NONE',  ( -9.061051331764970129, 61.98760286199805591, 5.058720992546541062 ) ) ;
#3248 = CARTESIAN_POINT ( 'NONE',  ( -0.1799558454082987591, 58.21396646707562184, 5.000000000000000000 ) ) ;
#3249 = ORIENTED_EDGE ( 'NONE', *, *, #1636, .F. ) ;
#3250 = CARTESIAN_POINT ( 'NONE',  ( 8.798890217321696738, 62.94196032723094447, 5.613023792680880142 ) ) ;
#3251 = ADVANCED_FACE ( 'NONE', ( #2232 ), #2591, .T. ) ;
#3252 = LINE ( 'NONE', #2261, #3266 ) ;
#3253 = ORIENTED_EDGE ( 'NONE', *, *, #4174, .T. ) ;
#3254 = B_SPLINE_CURVE_WITH_KNOTS ( 'NONE', 3,
 ( #2666, #3676, #1375, #1697, #2995, #2689, #4021, #1976, #2955, #4259, #4002, #1040, #1060, #378, #2364, #13, #55, #72, #3012, #3696, #3941, #1298, #2345, #713, #734, #2018, #984, #3609, #2302, #3311, #3355, #2040, #416, #659, #2282, #3631, #3371, #3295, #1954, #1319, #2627, #3963, #676, #358, #2977, #36, #1337, #2647, #3980, #1020, #2322, #3650, #781, #3737, #803, #2801, #469, #3761, #4138, #3476, #1167, #3809, #855, #2087, #1440, #2112, #442, #3434, #1419, #2483, #2062, #3410, #1765, #496, #2161, #3082, #1792, #1718 ),
 .UNSPECIFIED., .F., .F.,
 ( 4, 2, 1, 2, 2, 1, 2, 2, 2, 1, 2, 2, 2, 2, 1, 2, 2, 2, 1, 2, 2, 2, 2, 1, 2, 2, 2, 1, 1, 2, 2, 2, 2, 1, 2, 2, 2, 1, 2, 2, 1, 1, 2, 2, 4 ),
 ( 0.000000000000000000, 0.01562500000000897546, 0.02343750000001334002, 0.02734375000001553271, 0.03125000000001772194, 0.04687500000002187833, 0.05468750000002396000, 0.06250000000002603473, 0.09375000000003901046, 0.1093750000000474343, 0.1171875000000497935, 0.1250000000000521250, 0.1875000000000676126, 0.2187500000000738853, 0.2343750000000770495, 0.2421875000000774103, 0.2500000000000777711, 0.3125000000000675571, 0.3437500000000633937, 0.3593750000000621725, 0.3750000000000609512, 0.5000000000000580647, 0.5625000000000566214, 0.5937500000000559552, 0.6093750000000556222, 0.6250000000000552891, 0.6875000000000526246, 0.7187500000000504041, 0.7343750000000504041, 0.7421875000000504041, 0.7500000000000504041, 0.8125000000000490719, 0.8437500000000485167, 0.8593750000000461853, 0.8671875000000451861, 0.8750000000000440759, 0.9062500000000430767, 0.9218750000000426326, 0.9296875000000400791, 0.9375000000000376366, 0.9531250000000287548, 0.9609375000000245359, 0.9648437500000202061, 0.9687500000000158762, 1.000000000000000000 ),
 .UNSPECIFIED. ) ;
#3255 = CARTESIAN_POINT ( 'NONE',  ( 12.52372689179899723, 63.50494895489655534, 5.306128912202207282 ) ) ;
#3256 = LINE ( 'NONE', #951, #2964 ) ;
#3257 = CARTESIAN_POINT ( 'NONE',  ( -8.954190995132464082, 62.44834991112522715, 5.235569311034424800 ) ) ;
#3258 = ORIENTED_EDGE ( 'NONE', *, *, #3002, .T. ) ;
#3259 = CIRCLE ( 'NONE', #3658, 1.599999999999998979 ) ;
#3260 = VECTOR ( 'NONE', #103, 1000.000000000000000 ) ;
#3261 = AXIS2_PLACEMENT_3D ( 'NONE', #1132, #1604, #3733 ) ;
#3262 = CARTESIAN_POINT ( 'NONE',  ( 8.756274141134136713, 63.07196426423493563, 5.757166825878117677 ) ) ;
#3263 = CARTESIAN_POINT ( 'NONE',  ( 1.505865938650877256, 62.01083711639688545, 5.039713020265348398 ) ) ;
#3264 = ADVANCED_FACE ( 'NONE', ( #1594 ), #2956, .F. ) ;
#3265 = CARTESIAN_POINT ( 'NONE',  ( 7.670520132574313088, 66.10170808512933149, 5.154637776104575408 ) ) ;
#3266 = VECTOR ( 'NONE', #3917, 1000.000000000000114 ) ;
#3267 = CARTESIAN_POINT ( 'NONE',  ( -1.619401399670012731, 62.02771905965530408, 5.062246888552460966 ) ) ;
#3268 = CARTESIAN_POINT ( 'NONE',  ( 8.840317322040178283, 62.83037290539468245, 5.502190544885422696 ) ) ;
#3269 = ORIENTED_EDGE ( 'NONE', *, *, #303, .F. ) ;
#3270 = CARTESIAN_POINT ( 'NONE',  ( -8.801762516378806467, 62.94498649431977100, 5.610940202985345238 ) ) ;
#3271 = CARTESIAN_POINT ( 'NONE',  ( -0.9304825791342258290, 62.44267604607473032, 5.080263376167120093 ) ) ;
#3272 = CARTESIAN_POINT ( 'NONE',  ( -8.067327277851930489, 63.50494895489652691, 14.65083160634442905 ) ) ;
#3273 = EDGE_LOOP ( 'NONE', ( #3985, #2522 ) ) ;
#3274 = CARTESIAN_POINT ( 'NONE',  ( 8.998127716406585819, 63.50494895489654112, 14.13829607457723547 ) ) ;
#3275 = DIRECTION ( 'NONE',  ( 0.000000000000000000, 0.000000000000000000, -1.000000000000000000 ) ) ;
#3276 = VERTEX_POINT ( 'NONE', #1552 ) ;
#3277 = ADVANCED_FACE ( 'NONE', ( #3231 ), #280, .T. ) ;
#3278 = EDGE_CURVE ( 'NONE', #105, #2871, #3256, .T. ) ;
#3279 = CARTESIAN_POINT ( 'NONE',  ( 8.744007267576904496, 63.10512449747883323, 5.799893329440105383 ) ) ;
#3280 = CARTESIAN_POINT ( 'NONE',  ( -1.340071037576889612, 63.50494895489651270, 5.470808462801461047 ) ) ;
#3281 = VECTOR ( 'NONE', #3899, 1000.000000000000114 ) ;
#3282 = B_SPLINE_SURFACE_WITH_KNOTS ( 'NONE', 1, 3, ( 
 ( #3126, #3801, #515, #110, #2775, #1185 ),
 ( #2498, #797, #188, #1499, #3148, #2475 ) ),
 .UNSPECIFIED., .F., .F., .F.,
 ( 2, 2 ),
 ( 4, 2, 4 ),
 ( 0.000000000000000000, 1.000000000000000000 ),
 ( 0.000000000000000000, 0.0003092072940373339599, 0.0006184145880746679197 ),
 .UNSPECIFIED. ) ;
#3283 = CARTESIAN_POINT ( 'NONE',  ( 1.306867686460678524, 62.24322134190975220, 5.075572307847646236 ) ) ;
#3284 = VECTOR ( 'NONE', #3456, 1000.000000000000227 ) ;
#3285 = CARTESIAN_POINT ( 'NONE',  ( 9.723563934081532523, 10.99999999999997158, 0.000000000000000000 ) ) ;
#3286 = CARTESIAN_POINT ( 'NONE',  ( -12.99999999999999822, 63.50494895489652691, 6.623537530759591618 ) ) ;
#3287 = PLANE ( 'NONE',  #844 ) ;
#3288 = EDGE_CURVE ( 'NONE', #2918, #3340, #1867, .T. ) ;
#3289 = CARTESIAN_POINT ( 'NONE',  ( -0.1194538224334630444, 58.26082269226262866, 4.948553636817534240 ) ) ;
#3290 = VERTEX_POINT ( 'NONE', #1281 ) ;
#3291 = CARTESIAN_POINT ( 'NONE',  ( 0.000000000000000000, -2.775557561562891351E-14, 5.000000000000000000 ) ) ;
#3292 = DIRECTION ( 'NONE',  ( -0.7071067811865595631, 8.659560562355080770E-17, 0.7071067811865354713 ) ) ;
#3293 = VERTEX_POINT ( 'NONE', #628 ) ;
#3294 = CARTESIAN_POINT ( 'NONE',  ( 9.053420755240104256, 62.02523506662588204, 5.068859828510223764 ) ) ;
#3295 = CARTESIAN_POINT ( 'NONE',  ( 0.1463493528652010933, 62.50688633614881695, 4.834894361893209869 ) ) ;
#3296 = DIRECTION ( 'NONE',  ( -0.1736481776669342170, -0.9848077530122073542, 0.000000000000000000 ) ) ;
#3297 = DIRECTION ( 'NONE',  ( -0.000000000000000000, -0.000000000000000000, -1.000000000000000000 ) ) ;
#3298 = ORIENTED_EDGE ( 'NONE', *, *, #93, .F. ) ;
#3299 = EDGE_CURVE ( 'NONE', #1080, #203, #1154, .T. ) ;
#3300 = CARTESIAN_POINT ( 'NONE',  ( 0.1013045887949135249, 62.63543218941615009, 5.079652068030888756 ) ) ;
#3301 = VERTEX_POINT ( 'NONE', #2940 ) ;
#3302 = ADVANCED_FACE ( 'NONE', ( #660 ), #2297, .T. ) ;
#3303 = CARTESIAN_POINT ( 'NONE',  ( 1.304809064086541737, 62.24451197647911016, 5.075616780820085161 ) ) ;
#3304 = CARTESIAN_POINT ( 'NONE',  ( 8.959695137054431768, 62.42697442510711170, 5.225158577396888049 ) ) ;
#3305 = CARTESIAN_POINT ( 'NONE',  ( 9.348863081143788278, 62.15537243668537570, 4.699999999999990408 ) ) ;
#3306 = LINE ( 'NONE', #1331, #3874 ) ;
#3307 = CARTESIAN_POINT ( 'NONE',  ( 9.111187411666481495, 61.74036408567683765, 5.013874089454360750 ) ) ;
#3308 = LINE ( 'NONE', #436, #3350 ) ;
#3309 = EDGE_LOOP ( 'NONE', ( #1310, #552, #2487, #2542 ) ) ;
#3310 = CARTESIAN_POINT ( 'NONE',  ( 11.69003498648121386, 63.50494895489654112, 4.737664765748742290 ) ) ;
#3311 = CARTESIAN_POINT ( 'NONE',  ( 0.7682320088300724770, 62.35466648980751359, 4.825051194789333309 ) ) ;
#3312 = CARTESIAN_POINT ( 'NONE',  ( 1.252178905473058101, 62.06681898326156954, 4.799091808622931943 ) ) ;
#3313 = CIRCLE ( 'NONE', #752, 19.69999999999999929 ) ;
#3314 = CARTESIAN_POINT ( 'NONE',  ( -1.733184783983243715, 61.95185537002140563, 5.050570684502728724 ) ) ;
#3315 = ORIENTED_EDGE ( 'NONE', *, *, #1621, .T. ) ;
#3316 = ADVANCED_FACE ( 'NONE', ( #3854 ), #1293, .T. ) ;
#3317 = EDGE_CURVE ( 'NONE', #67, #1771, #3871, .T. ) ;
#3318 = EDGE_LOOP ( 'NONE', ( #1278, #1891, #1403, #2427 ) ) ;
#3319 = CIRCLE ( 'NONE', #3820, 1.599999999999998979 ) ;
#3320 = FACE_OUTER_BOUND ( 'NONE', #4171, .T. ) ;
#3321 = ORIENTED_EDGE ( 'NONE', *, *, #1596, .F. ) ;
#3322 = CIRCLE ( 'NONE', #3873, 2.000000000000000000 ) ;
#3323 = AXIS2_PLACEMENT_3D ( 'NONE', #726, #29, #65 ) ;
#3324 = CARTESIAN_POINT ( 'NONE',  ( 1.588460702948465642, 62.04983615049816592, 5.064481386603191915 ) ) ;
#3325 = CARTESIAN_POINT ( 'NONE',  ( 8.934507578666059047, 62.51987682055351314, 5.276441028674376810 ) ) ;
#3326 = AXIS2_PLACEMENT_3D ( 'NONE', #3629, #3010, #1038 ) ;
#3327 = CARTESIAN_POINT ( 'NONE',  ( 9.348863081143788278, 62.15537243668537570, 0.1000000000000011297 ) ) ;
#3328 = CARTESIAN_POINT ( 'NONE',  ( 1.619776582195451953, 61.68347031488966792, 4.725926517402271543 ) ) ;
#3329 = CARTESIAN_POINT ( 'NONE',  ( 8.424767174428209771, 64.88206692404349951, 1.000000000000000000 ) ) ;
#3330 = AXIS2_PLACEMENT_3D ( 'NONE', #1743, #3373, #447 ) ;
#3331 = PLANE ( 'NONE',  #2767 ) ;
#3332 = AXIS2_PLACEMENT_3D ( 'NONE', #2972, #1333, #2589 ) ;
#3333 = EDGE_LOOP ( 'NONE', ( #3902, #806, #1674, #3530 ) ) ;
#3334 = CARTESIAN_POINT ( 'NONE',  ( 14.00000000000000888, -2.465190328815661892E-29, 4.700000000000013500 ) ) ;
#3335 = B_SPLINE_CURVE_WITH_KNOTS ( 'NONE', 3,
 ( #1223, #556, #2611, #2284, #4149, #3863, #1843, #2217, #4169, #2194, #2496, #3535 ),
 .UNSPECIFIED., .F., .F.,
 ( 4, 2, 2, 2, 2, 4 ),
 ( 0.000000000000000000, 0.0008617909801033058880, 0.001723581960206611776, 0.002154477450258264828, 0.002585372940309917447, 0.003447163920413224419 ),
 .UNSPECIFIED. ) ;
#3336 = CARTESIAN_POINT ( 'NONE',  ( -16.33808222615027361, 10.99999999999996803, 4.699999999999991296 ) ) ;
#3337 = CARTESIAN_POINT ( 'NONE',  ( -9.300537293829664875, 62.42944159569864127, 4.850737575387550571 ) ) ;
#3338 = CARTESIAN_POINT ( 'NONE',  ( 1.224384538137353040, 62.08873064508992456, 4.801552893216364026 ) ) ;
#3339 = CARTESIAN_POINT ( 'NONE',  ( 1.733184783983265254, 61.50494895489653402, 7.000000000000000000 ) ) ;
#3340 = VERTEX_POINT ( 'NONE', #1568 ) ;
#3341 = DIRECTION ( 'NONE',  ( -1.000000000000000000, 4.263446390183754050E-16, 0.000000000000000000 ) ) ;
#3342 = DIRECTION ( 'NONE',  ( 0.000000000000000000, 0.000000000000000000, 1.000000000000000000 ) ) ;
#3343 = CARTESIAN_POINT ( 'NONE',  ( 0.5349153387183099850, 62.57558592350481774, 5.081774065663894113 ) ) ;
#3344 = CONICAL_SURFACE ( 'NONE', #3756, 2.000000000000000444, 0.7853981633974648213 ) ;
#3345 = AXIS2_PLACEMENT_3D ( 'NONE', #4086, #2457, #2431 ) ;
#3346 = CARTESIAN_POINT ( 'NONE',  ( 6.572580605384090744E-15, 10.69999999999994600, 5.000000000000000000 ) ) ;
#3347 = CARTESIAN_POINT ( 'NONE',  ( -19.40071273434047683, 3.420869100038603339, 5.000000000000000000 ) ) ;
#3348 = CARTESIAN_POINT ( 'NONE',  ( 9.348863081143788278, 62.15537243668537570, 4.779188802786748624 ) ) ;
#3349 = CARTESIAN_POINT ( 'NONE',  ( 1.284247211982853775E-15, 60.50691563653041527, 4.700000000000000178 ) ) ;
#3350 = VECTOR ( 'NONE', #373, 1000.000000000000000 ) ;
#3351 = APPROVAL ( #904, 'UNSPECIFIED' ) ;
#3352 = CARTESIAN_POINT ( 'NONE',  ( -9.723563934081520088, 10.99999999999997158, 0.000000000000000000 ) ) ;
#3353 = EDGE_LOOP ( 'NONE', ( #2942, #101, #1832, #1769 ) ) ;
#3354 = FACE_OUTER_BOUND ( 'NONE', #3431, .T. ) ;
#3355 = CARTESIAN_POINT ( 'NONE',  ( 0.7044253386819466778, 62.38010708544499749, 4.826827471330512154 ) ) ;
#3356 = CARTESIAN_POINT ( 'NONE',  ( 1.049021444950887894, 62.21010177966098809, 4.813536477728806773 ) ) ;
#3357 = CARTESIAN_POINT ( 'NONE',  ( 9.131713231912479856, 63.10178905862952092, 5.268087811322096137 ) ) ;
#3358 = EDGE_CURVE ( 'NONE', #3387, #4092, #1895, .T. ) ;
#3359 = EDGE_LOOP ( 'NONE', ( #2245, #2885, #922, #3104 ) ) ;
#3360 = CARTESIAN_POINT ( 'NONE',  ( 12.40000000000000568, 1.959434878635519944E-16, 4.700000000000013500 ) ) ;
#3361 = CARTESIAN_POINT ( 'NONE',  ( -9.428121608177834290, 10.94790554669988758, 5.000000000000000000 ) ) ;
#3362 = DIRECTION ( 'NONE',  ( 0.5102736053747433109, 0.6081204024113400219, -0.6081204024113403550 ) ) ;
#3363 = DIRECTION ( 'NONE',  ( -0.9848077530122074652, 0.1736481776669342447, 0.000000000000000000 ) ) ;
#3364 = CARTESIAN_POINT ( 'NONE',  ( -0.5542178106508253155, 62.56953926848418490, 5.081719429944974387 ) ) ;
#3365 = FACE_OUTER_BOUND ( 'NONE', #2031, .T. ) ;
#3366 = DIRECTION ( 'NONE',  ( 1.000000000000000000, 0.000000000000000000, 3.252606517456515274E-15 ) ) ;
#3367 = CARTESIAN_POINT ( 'NONE',  ( 0.000000000000000000, -2.775557561562891351E-14, 0.000000000000000000 ) ) ;
#3368 = ORIENTED_EDGE ( 'NONE', *, *, #937, .F. ) ;
#3369 = CARTESIAN_POINT ( 'NONE',  ( 8.843104422952976051, 64.88206692404351372, 2.700582739156474510 ) ) ;
#3370 = DIRECTION ( 'NONE',  ( 0.7071067811865828778, 8.659560562355364266E-17, -0.7071067811865122676 ) ) ;
#3371 = CARTESIAN_POINT ( 'NONE',  ( 0.2881738971123061765, 62.49091866754519486, 4.833975134665258189 ) ) ;
#3372 = CARTESIAN_POINT ( 'NONE',  ( -0.5619403864568311979, 62.42667565872571345, 4.829926903262973248 ) ) ;
#3373 = DIRECTION ( 'NONE',  ( -0.9848077530122073542, -0.1736481776669343835, 0.000000000000000000 ) ) ;
#3374 = EDGE_LOOP ( 'NONE', ( #2463, #1564, #896, #4223, #3834, #2389 ) ) ;
#3375 = DIRECTION ( 'NONE',  ( -0.000000000000000000, -0.000000000000000000, 1.000000000000000000 ) ) ;
#3376 = VECTOR ( 'NONE', #2047, 1000.000000000000000 ) ;
#3377 = CARTESIAN_POINT ( 'NONE',  ( 19.40071273434046262, 3.420869100038650412, 5.000000000000000000 ) ) ;
#3378 = DIRECTION ( 'NONE',  ( -1.000000000000000000, 4.263446390183754050E-16, 0.000000000000000000 ) ) ;
#3379 = EDGE_CURVE ( 'NONE', #2570, #2219, #2139, .T. ) ;
#3380 = CARTESIAN_POINT ( 'NONE',  ( -9.348863081143788278, 62.15537243668536860, 0.1000000000000011297 ) ) ;
#3381 = LINE ( 'NONE', #1975, #3570 ) ;
#3382 = FACE_OUTER_BOUND ( 'NONE', #1595, .T. ) ;
#3383 = AXIS2_PLACEMENT_3D ( 'NONE', #700, #2005, #478 ) ;
#3384 = CARTESIAN_POINT ( 'NONE',  ( -1.564981420218331865, 61.75243970070243904, 4.741288463007975906 ) ) ;
#3385 = CARTESIAN_POINT ( 'NONE',  ( 1.782618240719915814, 61.41479547764126323, 4.700004091300420406 ) ) ;
#3386 = CARTESIAN_POINT ( 'NONE',  ( -8.592076276075808039, 63.50494895489652691, 6.772532749822484099 ) ) ;
#3387 = VERTEX_POINT ( 'NONE', #3603 ) ;
#3388 = CARTESIAN_POINT ( 'NONE',  ( -9.197460932514710308, 64.88206692404347109, 3.258557835212962939 ) ) ;
#3389 = DIRECTION ( 'NONE',  ( -1.000000000000000000, 0.000000000000000000, 0.000000000000000000 ) ) ;
#3390 = CARTESIAN_POINT ( 'NONE',  ( 16.33808222615028072, 10.99999999999997158, 0.000000000000000000 ) ) ;
#3391 = CARTESIAN_POINT ( 'NONE',  ( 1.167569416956037553, 62.13111938598107287, 4.806051996181885499 ) ) ;
#3392 = AXIS2_PLACEMENT_3D ( 'NONE', #108, #1432, #1408 ) ;
#3393 = FACE_OUTER_BOUND ( 'NONE', #1284, .T. ) ;
#3394 = ORIENTED_EDGE ( 'NONE', *, *, #345, .F. ) ;
#3395 = VECTOR ( 'NONE', #656, 1000.000000000000000 ) ;
#3396 = ORIENTED_EDGE ( 'NONE', *, *, #2865, .F. ) ;
#3397 = CARTESIAN_POINT ( 'NONE',  ( -20.00000000000001776, -2.775557561562891351E-14, 5.000000000000000000 ) ) ;
#3398 = CARTESIAN_POINT ( 'NONE',  ( 20.00000000000001776, -2.530628201733420739E-14, 5.000000000000000000 ) ) ;
#3399 = ORIENTED_EDGE ( 'NONE', *, *, #2843, .F. ) ;
#3400 = ADVANCED_FACE ( 'NONE', ( #3521 ), #1921, .F. ) ;
#3401 = FACE_OUTER_BOUND ( 'NONE', #1488, .T. ) ;
#3402 = CARTESIAN_POINT ( 'NONE',  ( -8.626229625401682810, 63.40075100923978368, 6.362737442967553392 ) ) ;
#3403 = DIRECTION ( 'NONE',  ( 0.4823488105817781979, 2.574590170232926132E-16, -0.8759792377278949882 ) ) ;
#3404 = DIRECTION ( 'NONE',  ( -0.000000000000000000, -0.000000000000000000, 1.000000000000000000 ) ) ;
#3405 = ORIENTED_EDGE ( 'NONE', *, *, #882, .T. ) ;
#3406 = LINE ( 'NONE', #3352, #772 ) ;
#3407 = ORIENTED_EDGE ( 'NONE', *, *, #727, .F. ) ;
#3408 = DIRECTION ( 'NONE',  ( -1.000000000000000000, 0.000000000000000000, 0.000000000000000000 ) ) ;
#3409 = CARTESIAN_POINT ( 'NONE',  ( -9.637770087383835005, 64.88206692404347109, 3.753517865945386500 ) ) ;
#3410 = CARTESIAN_POINT ( 'NONE',  ( -1.414404522841613776, 61.92098261806489035, 4.778778436170846078 ) ) ;
#3411 = VECTOR ( 'NONE', #338, 1000.000000000000000 ) ;
#3412 = CARTESIAN_POINT ( 'NONE',  ( 1.721815835616835599, 61.95854947453981509, 5.052103294022589175 ) ) ;
#3413 = DIRECTION ( 'NONE',  ( 1.000000000000000000, 5.421010862427498504E-16, 0.000000000000000000 ) ) ;
#3414 = VERTEX_POINT ( 'NONE', #2567 ) ;
#3415 = EDGE_LOOP ( 'NONE', ( #3722, #258, #1429, #1176 ) ) ;
#3416 = CARTESIAN_POINT ( 'NONE',  ( 14.00000000000000888, -2.465190328815661892E-29, 4.700000000000013500 ) ) ;
#3417 = LINE ( 'NONE', #3791, #685 ) ;
#3418 = DIRECTION ( 'NONE',  ( 0.000000000000000000, 0.000000000000000000, 1.000000000000000000 ) ) ;
#3419 = ORIENTED_EDGE ( 'NONE', *, *, #2024, .T. ) ;
#3420 = CARTESIAN_POINT ( 'NONE',  ( -1.801895556292988143, 61.37477069597961332, 4.700000000000000178 ) ) ;
#3421 = ORIENTED_EDGE ( 'NONE', *, *, #1844, .T. ) ;
#3422 = CARTESIAN_POINT ( 'NONE',  ( 1.284247211982853775E-15, 60.50691563653041527, 0.000000000000000000 ) ) ;
#3423 = LINE ( 'NONE', #3602, #916 ) ;
#3424 = EDGE_CURVE ( 'NONE', #2554, #1106, #2064, .T. ) ;
#3425 = FACE_OUTER_BOUND ( 'NONE', #964, .T. ) ;
#3426 = AXIS2_PLACEMENT_3D ( 'NONE', #2432, #2182, #3107 ) ;
#3427 = DIRECTION ( 'NONE',  ( 1.000000000000000000, 1.061766890363825891E-16, 0.000000000000000000 ) ) ;
#3428 = CARTESIAN_POINT ( 'NONE',  ( 8.221568173015118219, 57.60691563653042380, 0.000000000000000000 ) ) ;
#3429 = EDGE_LOOP ( 'NONE', ( #652, #4175, #1958, #2131 ) ) ;
#3430 = CARTESIAN_POINT ( 'NONE',  ( 9.418681630166249263, 61.75941176894223617, 4.708791874517506137 ) ) ;
#3431 = EDGE_LOOP ( 'NONE', ( #413, #2797, #4191, #2502, #1721, #1683 ) ) ;
#3432 = CARTESIAN_POINT ( 'NONE',  ( 12.40000000000000568, 1.959434878635519944E-16, 0.09999999999999702183 ) ) ;
#3433 = CARTESIAN_POINT ( 'NONE',  ( -11.53886748682427843, 64.88206692404348530, 4.830339399547793455 ) ) ;
#3434 = CARTESIAN_POINT ( 'NONE',  ( -1.346676536975252025, 61.98560684667389609, 4.788697996848854999 ) ) ;
#3435 = CARTESIAN_POINT ( 'NONE',  ( 1.141719777200053132, 62.34028003857850564, 5.078355313825059447 ) ) ;
#3436 = ORIENTED_EDGE ( 'NONE', *, *, #3070, .T. ) ;
#3437 = CARTESIAN_POINT ( 'NONE',  ( -8.580771450642208364, 63.50578918217028246, 6.900264708870335717 ) ) ;
#3438 = PLANE ( 'NONE',  #286 ) ;
#3439 = DIRECTION ( 'NONE',  ( 1.000000000000000000, 0.000000000000000000, 0.000000000000000000 ) ) ;
#3440 = VECTOR ( 'NONE', #2861, 1000.000000000000000 ) ;
#3441 = LINE ( 'NONE', #3821, #3017 ) ;
#3442 = PLANE ( 'NONE',  #1707 ) ;
#3443 = CARTESIAN_POINT ( 'NONE',  ( -1.733184783983262145, 61.71832404158928398, 5.011414806356324192 ) ) ;
#3444 = DIRECTION ( 'NONE',  ( -1.000000000000000000, 0.000000000000000000, 0.000000000000000000 ) ) ;
#3445 = AXIS2_PLACEMENT_3D ( 'NONE', #1624, #1406, #1751 ) ;
#3446 = CIRCLE ( 'NONE', #1178, 7.500000000000000000 ) ;
#3447 = CARTESIAN_POINT ( 'NONE',  ( 1.618776371286839044, 61.68167481593665968, 4.727141373129190249 ) ) ;
#3448 = ORIENTED_EDGE ( 'NONE', *, *, #2330, .F. ) ;
#3449 = PLANE ( 'NONE',  #1189 ) ;
#3450 = TOROIDAL_SURFACE ( 'NONE', #2144, 13.49308436346956874, 4.000000000000000000 ) ;
#3451 = EDGE_CURVE ( 'NONE', #145, #212, #2540, .T. ) ;
#3452 = ORIENTED_EDGE ( 'NONE', *, *, #3996, .T. ) ;
#3453 = CIRCLE ( 'NONE', #2148, 1.899999999999999023 ) ;
#3454 = CARTESIAN_POINT ( 'NONE',  ( 11.32651881960574691, 64.88206692404351372, 4.770591277672198594 ) ) ;
#3455 = CARTESIAN_POINT ( 'NONE',  ( 13.00000000000000355, 61.50494895489654112, 6.999999999999999112 ) ) ;
#3456 = DIRECTION ( 'NONE',  ( -0.1736481776669343557, 0.9848077530122072432, 0.000000000000000000 ) ) ;
#3457 = CARTESIAN_POINT ( 'NONE',  ( 0.6048833041538556055, 62.55667218985986011, 5.081608381498645244 ) ) ;
#3458 = ORIENTED_EDGE ( 'NONE', *, *, #423, .F. ) ;
#3459 = ORIENTED_EDGE ( 'NONE', *, *, #2959, .T. ) ;
#3460 = AXIS2_PLACEMENT_3D ( 'NONE', #3334, #2301, #394 ) ;
#3461 = LINE ( 'NONE', #528, #1210 ) ;
#3462 = DIRECTION ( 'NONE',  ( -1.000000000000000000, -5.337610695313253357E-16, 0.000000000000000000 ) ) ;
#3463 = DIRECTION ( 'NONE',  ( -1.000000000000000000, 6.938893903907226800E-15, 0.000000000000000000 ) ) ;
#3464 = CIRCLE ( 'NONE', #2497, 2.300000000000010036 ) ;
#3465 = ADVANCED_FACE ( 'NONE', ( #3895 ), #640, .F. ) ;
#3466 = CARTESIAN_POINT ( 'NONE',  ( -8.800024580567628263, 62.94969870043050264, 5.616734441642211806 ) ) ;
#3467 = CARTESIAN_POINT ( 'NONE',  ( 1.284247211982853775E-15, 60.50691563653041527, 5.000000000000000000 ) ) ;
#3468 = CARTESIAN_POINT ( 'NONE',  ( 8.603444417297344771, 63.50494895489654112, 6.716721317707833983 ) ) ;
#3469 = CARTESIAN_POINT ( 'NONE',  ( -14.54565425333788120, 64.88206692404348530, 17.19298357345018147 ) ) ;
#3470 = B_SPLINE_CURVE_WITH_KNOTS ( 'NONE', 3,
 ( #872, #3385, #434, #820, #1733, #775, #2128, #3048, #1412, #3447, #2397, #462, #4056, #3729 ),
 .UNSPECIFIED., .F., .F.,
 ( 4, 2, 2, 2, 2, 2, 4 ),
 ( 0.000000000000000000, 0.2500000000000079936, 0.3750000000000118239, 0.5000000000000156541, 0.6250000000000195399, 0.7500000000000234257, 1.000000000000000000 ),
 .UNSPECIFIED. ) ;
#3471 = DIRECTION ( 'NONE',  ( 1.000000000000000000, 0.000000000000000000, 0.000000000000000000 ) ) ;
#3472 = ORIENTED_EDGE ( 'NONE', *, *, #773, .T. ) ;
#3473 = CARTESIAN_POINT ( 'NONE',  ( -9.353250238626051427, 62.13049163021641874, 4.772481121936823278 ) ) ;
#3474 = ORIENTED_EDGE ( 'NONE', *, *, #617, .T. ) ;
#3475 = EDGE_CURVE ( 'NONE', #798, #4133, #3915, .T. ) ;
#3476 = CARTESIAN_POINT ( 'NONE',  ( -1.169816192768813989, 62.12913379746104425, 4.805806174085935467 ) ) ;
#3477 = CARTESIAN_POINT ( 'NONE',  ( -0.1517502900996895721, 62.63239170986302184, 5.082174547851954216 ) ) ;
#3478 = EDGE_CURVE ( 'NONE', #15, #4014, #1649, .T. ) ;
#3479 = PERSON_AND_ORGANIZATION ( #1119, #3192 ) ;
#3480 = VERTEX_POINT ( 'NONE', #3994 ) ;
#3481 = ORIENTED_EDGE ( 'NONE', *, *, #3663, .F. ) ;
#3482 = AXIS2_PLACEMENT_3D ( 'NONE', #1572, #2207, #1880 ) ;
#3483 = DIRECTION ( 'NONE',  ( 1.000000000000000000, 1.061766890363825891E-16, 0.000000000000000000 ) ) ;
#3484 = EDGE_CURVE ( 'NONE', #3113, #3290, #2058, .T. ) ;
#3485 = DIRECTION ( 'NONE',  ( 1.000000000000000000, 1.061766890363825891E-16, 0.000000000000000000 ) ) ;
#3486 = DIRECTION ( 'NONE',  ( -1.000000000000000000, 0.000000000000000000, 0.000000000000000000 ) ) ;
#3487 = CIRCLE ( 'NONE', #1477, 1.600000000000002531 ) ;
#3488 = CARTESIAN_POINT ( 'NONE',  ( -8.615263239722940725, 63.42652897361557507, 6.444211640369172933 ) ) ;
#3489 = CARTESIAN_POINT ( 'NONE',  ( -8.943031440420343259, 62.48892191593651546, 5.258735747365209434 ) ) ;
#3490 = CARTESIAN_POINT ( 'NONE',  ( 8.695432574000903969, 63.50494895489652691, 6.354965046318714172 ) ) ;
#3491 = LINE ( 'NONE', #986, #431 ) ;
#3492 =( BOUNDED_SURFACE ( )  B_SPLINE_SURFACE ( 3, 2, ( 
 ( #2096, #1513, #1109 ),
 ( #3746, #450, #2439 ),
 ( #549, #2787, #3117 ),
 ( #1838, #4098, #1773 ) ),
 .UNSPECIFIED., .F., .F., .T. ) 
 B_SPLINE_SURFACE_WITH_KNOTS ( ( 4, 4 ),
 ( 3, 3 ),
 ( 0.004199355023721724339, 0.005779220150061151716 ),
 ( 0.000000000000000000, 1.000000000000000000 ),
 .UNSPECIFIED. ) 
 GEOMETRIC_REPRESENTATION_ITEM ( )  RATIONAL_B_SPLINE_SURFACE ( (
 ( 1.000000000000000000, 0.7923648794563703524, 1.000000000000000000),
 ( 1.000000000000000000, 0.8031678587813620984, 1.000000000000000000),
 ( 1.000000000000000000, 0.8126059103078845380, 1.000000000000000000),
 ( 1.000000000000000000, 0.8202016131405025501, 1.000000000000000000) ) ) 
 REPRESENTATION_ITEM ( '' )  SURFACE ( )  );
#3493 = CARTESIAN_POINT ( 'NONE',  ( 8.319599375512355621, 10.89999999999995239, 0.000000000000000000 ) ) ;
#3494 = ORIENTED_EDGE ( 'NONE', *, *, #3221, .F. ) ;
#3495 = CARTESIAN_POINT ( 'NONE',  ( -9.445266233260017685, 61.60864299273475808, 4.700465789228378988 ) ) ;
#3496 = EDGE_CURVE ( 'NONE', #23, #2799, #1992, .T. ) ;
#3497 = CIRCLE ( 'NONE', #3426, 2.000000000000000444 ) ;
#3498 = ORIENTED_EDGE ( 'NONE', *, *, #1269, .F. ) ;
#3499 = FACE_OUTER_BOUND ( 'NONE', #1186, .T. ) ;
#3500 = CARTESIAN_POINT ( 'NONE',  ( 9.087771410516570114, 61.85583311292030828, 5.023190318471280058 ) ) ;
#3501 = CARTESIAN_POINT ( 'NONE',  ( 0.6417882007862250049, 62.54636443725476624, 5.081514340965041399 ) ) ;
#3502 = CARTESIAN_POINT ( 'NONE',  ( 8.611812261029458071, 63.43455265524551834, 6.473236351862397875 ) ) ;
#3503 = ORIENTED_EDGE ( 'NONE', *, *, #2374, .F. ) ;
#3504 = CARTESIAN_POINT ( 'NONE',  ( 11.69003498648121386, 63.50494895489654112, 4.737664765748742290 ) ) ;
#3505 = CARTESIAN_POINT ( 'NONE',  ( 1.284247211982853775E-15, 60.50691563653041527, 5.000000000000000000 ) ) ;
#3506 = VERTEX_POINT ( 'NONE', #2702 ) ;
#3507 = CARTESIAN_POINT ( 'NONE',  ( -1.999999999999999112, 60.50691563653041527, 4.700000000000000178 ) ) ;
#3508 = CARTESIAN_POINT ( 'NONE',  ( 8.581128701846134632, 63.50494895489654112, 6.999999999999999112 ) ) ;
#3509 = CARTESIAN_POINT ( 'NONE',  ( 1.800972579520521588, 61.88427596641500372, 5.035078115081528694 ) ) ;
#3510 = EDGE_CURVE ( 'NONE', #3290, #342, #2614, .T. ) ;
#3511 = EDGE_CURVE ( 'NONE', #2871, #2918, #2324, .T. ) ;
#3512 = CARTESIAN_POINT ( 'NONE',  ( -7.600000000000024514, -2.775557561562891351E-14, 0.000000000000000000 ) ) ;
#3513 = VERTEX_POINT ( 'NONE', #1014 ) ;
#3514 = CARTESIAN_POINT ( 'NONE',  ( -9.405465606380964516, 61.83436356436332915, 4.716669518692418350 ) ) ;
#3515 = EDGE_CURVE ( 'NONE', #1054, #2219, #2295, .T. ) ;
#3516 = VERTEX_POINT ( 'NONE', #3329 ) ;
#3517 = VECTOR ( 'NONE', #389, 1000.000000000000000 ) ;
#3518 = ORIENTED_EDGE ( 'NONE', *, *, #1636, .T. ) ;
#3519 = DIRECTION ( 'NONE',  ( 0.9848077530122074652, -0.1736481776669342447, 0.000000000000000000 ) ) ;
#3520 = DIRECTION ( 'NONE',  ( 0.5102736053747353173, -0.6081204024113436857, 0.6081204024113434636 ) ) ;
#3521 = FACE_OUTER_BOUND ( 'NONE', #499, .T. ) ;
#3522 = CARTESIAN_POINT ( 'NONE',  ( 8.677086622487696133, 63.27775264421607915, 6.072412296841468660 ) ) ;
#3523 = AXIS2_PLACEMENT_3D ( 'NONE', #1260, #2572, #3877 ) ;
#3524 = AXIS2_PLACEMENT_3D ( 'NONE', #2846, #2888, #1890 ) ;
#3525 = ORIENTED_EDGE ( 'NONE', *, *, #933, .F. ) ;
#3526 = B_SPLINE_CURVE_WITH_KNOTS ( 'NONE', 3,
 ( #2455, #3780, #822, #518, #1811, #3241, #2273, #27, #667, #2311, #1967, #2562, #3304, #2636, #1988, #348, #3325, #1249, #3890, #941, #3579, #1268, #1586, #2581, #1926, #2599, #326, #3268, #3910, #3990, #1028, #45, #1346, #2657, #3655, #19, #319, #698, #2023, #3923, #3946, #988, #1959, #3262, #1617, #3279, #648, #3595, #304, #2267, #3235, #1598, #969, #2235, #2922, #1900, #1578, #3554, #1939, #1264, #934, #4244, #2574, #612, #3905, #1285, #1918, #283 ),
 .UNSPECIFIED., .F., .F.,
 ( 4, 2, 2, 1, 2, 2, 1, 2, 2, 2, 1, 1, 2, 2, 2, 2, 1, 1, 2, 2, 2, 1, 2, 2, 1, 2, 2, 2, 2, 1, 2, 2, 2, 1, 2, 2, 2, 2, 4 ),
 ( 0.000000000000000000, 0.03124999999999851508, 0.06249999999999703015, 0.09374999999999554523, 0.1093749999999985428, 0.1250000000000015543, 0.1562500000000071609, 0.1718750000000061340, 0.1875000000000050793, 0.2187500000000109079, 0.2343750000000076328, 0.2421875000000120182, 0.2460937500000144884, 0.2500000000000169309, 0.3124999999998775424, 0.3437499999998076539, 0.3593749999997726818, 0.3671874999997618017, 0.3710937499997570832, 0.3749999999997524203, 0.4062499999997650768, 0.4218749999997664646, 0.4296874999997670197, 0.4374999999997676303, 0.4687499999997719602, 0.4843749999997791766, 0.4999999999997864486, 0.5312499999998021583, 0.5624999999998178124, 0.5937499999998335776, 0.6093749999998452349, 0.6249999999998570033, 0.6874999999998969713, 0.7187499999999169553, 0.7343749999999235056, 0.7499999999999299449, 0.8124999999999481526, 0.8749999999999663602, 1.000000000000000000 ),
 .UNSPECIFIED. ) ;
#3527 = CARTESIAN_POINT ( 'NONE',  ( 12.05977103818742435, 63.50494895489655534, 4.907243402881935168 ) ) ;
#3528 = DIRECTION ( 'NONE',  ( 0.000000000000000000, -1.000000000000000000, 0.000000000000000000 ) ) ;
#3529 = CARTESIAN_POINT ( 'NONE',  ( -9.047486180979948500, 63.38159304406671168, 5.549072874182376935 ) ) ;
#3530 = ORIENTED_EDGE ( 'NONE', *, *, #3967, .F. ) ;
#3531 = EDGE_CURVE ( 'NONE', #235, #1438, #998, .T. ) ;
#3532 = CARTESIAN_POINT ( 'NONE',  ( 16.33808222615028072, 10.99999999999997158, 4.699999999999990408 ) ) ;
#3533 = CARTESIAN_POINT ( 'NONE',  ( -19.69999999999999929, -2.775557561562891351E-14, 5.000000000000000000 ) ) ;
#3534 = CARTESIAN_POINT ( 'NONE',  ( 8.814248214919125246, 63.50494895489655534, 6.067108971550355889 ) ) ;
#3535 = CARTESIAN_POINT ( 'NONE',  ( 1.733184783983264143, 63.50494895489652691, 7.000000000000000000 ) ) ;
#3536 = EDGE_CURVE ( 'NONE', #3340, #2384, #243, .T. ) ;
#3537 = CIRCLE ( 'NONE', #1863, 2.000000000000000444 ) ;
#3538 = B_SPLINE_CURVE_WITH_KNOTS ( 'NONE', 1,
 ( #4024, #716 ),
 .UNSPECIFIED., .F., .F.,
 ( 2, 2 ),
 ( 0.000000000000000000, 1.000000000000000000 ),
 .UNSPECIFIED. ) ;
#3539 = CARTESIAN_POINT ( 'NONE',  ( -1.544613410145593502, 62.08136722819806863, 5.067146510015849259 ) ) ;
#3540 = ORIENTED_EDGE ( 'NONE', *, *, #4243, .T. ) ;
#3541 = DIRECTION ( 'NONE',  ( -0.000000000000000000, -0.000000000000000000, 1.000000000000000000 ) ) ;
#3542 = ORIENTED_EDGE ( 'NONE', *, *, #2317, .T. ) ;
#3543 = DIRECTION ( 'NONE',  ( 0.1736481776669342447, 0.9848077530122073542, 0.000000000000000000 ) ) ;
#3544 = CARTESIAN_POINT ( 'NONE',  ( 9.454364632207441943, 61.55704340819661979, 4.699999999999990408 ) ) ;
#3545 = ADVANCED_FACE ( 'NONE', ( #2950, #4013, #2375 ), #1053, .F. ) ;
#3546 = CARTESIAN_POINT ( 'NONE',  ( -1.633671397684198778, 62.01759143624625636, 5.061126244079036773 ) ) ;
#3547 = CARTESIAN_POINT ( 'NONE',  ( 8.964546622765380945, 62.39602051688807904, 5.212257993680543322 ) ) ;
#3548 = ORIENTED_EDGE ( 'NONE', *, *, #723, .F. ) ;
#3549 = LINE ( 'NONE', #607, #3281 ) ;
#3550 = DIRECTION ( 'NONE',  ( -0.000000000000000000, -0.000000000000000000, -1.000000000000000000 ) ) ;
#3551 = ORIENTED_EDGE ( 'NONE', *, *, #936, .F. ) ;
#3552 = VERTEX_POINT ( 'NONE', #1033 ) ;
#3553 = EDGE_CURVE ( 'NONE', #2280, #2838, #3887, .T. ) ;
#3554 = CARTESIAN_POINT ( 'NONE',  ( 8.641327638086359286, 63.36489789517133175, 6.263910888112665276 ) ) ;
#3555 = CARTESIAN_POINT ( 'NONE',  ( -8.137658209897370654, 57.50691563653041527, 0.09999999999998897271 ) ) ;
#3556 = CARTESIAN_POINT ( 'NONE',  ( 16.33808222615028072, 10.99999999999997158, 0.1000000000000143274 ) ) ;
#3557 = EDGE_CURVE ( 'NONE', #2419, #130, #331, .T. ) ;
#3558 = CARTESIAN_POINT ( 'NONE',  ( -1.733184783983243715, 61.95185537002140563, 5.050570684502728724 ) ) ;
#3559 = CARTESIAN_POINT ( 'NONE',  ( -0.9050776011839111179, 62.45337593850345570, 5.080418674836920445 ) ) ;
#3560 = ORIENTED_EDGE ( 'NONE', *, *, #3839, .F. ) ;
#3561 = CARTESIAN_POINT ( 'NONE',  ( 9.007244137577099963, 63.50494895489654112, 5.711590350538848782 ) ) ;
#3562 = DIRECTION ( 'NONE',  ( 0.1736481776669342170, 0.9848077530122073542, 0.000000000000000000 ) ) ;
#3563 = DIRECTION ( 'NONE',  ( -0.1736481776669344668, 0.9848077530122072432, 0.000000000000000000 ) ) ;
#3564 = CARTESIAN_POINT ( 'NONE',  ( -9.097255501387756738, 61.80906548393375743, 5.023194221533994863 ) ) ;
#3565 = DIRECTION ( 'NONE',  ( 0.1736481776669342170, 0.9848077530122073542, 0.000000000000000000 ) ) ;
#3566 = ORIENTED_EDGE ( 'NONE', *, *, #1478, .F. ) ;
#3567 = CARTESIAN_POINT ( 'NONE',  ( 8.708143252734904749, 63.18852731098318998, 5.925946301409495298 ) ) ;
#3568 = ORIENTED_EDGE ( 'NONE', *, *, #3663, .T. ) ;
#3569 = EDGE_CURVE ( 'NONE', #114, #2165, #3177, .T. ) ;
#3570 = VECTOR ( 'NONE', #357, 1000.000000000000000 ) ;
#3571 = DIRECTION ( 'NONE',  ( 0.000000000000000000, 1.000000000000000000, 0.000000000000000000 ) ) ;
#3572 = CARTESIAN_POINT ( 'NONE',  ( -7.755673823839563497, 65.98852837190489140, 5.194727530240994540 ) ) ;
#3573 = ORIENTED_EDGE ( 'NONE', *, *, #42, .T. ) ;
#3574 = ORIENTED_EDGE ( 'NONE', *, *, #719, .T. ) ;
#3575 = CARTESIAN_POINT ( 'NONE',  ( -8.319599375512346739, 10.89999999999995062, 0.000000000000000000 ) ) ;
#3576 = CARTESIAN_POINT ( 'NONE',  ( -0.3778980670213306081, 63.50494895489652691, 6.768397669346328804 ) ) ;
#3577 = LINE ( 'NONE', #3908, #1183 ) ;
#3578 = CARTESIAN_POINT ( 'NONE',  ( 8.236138985198614648, 57.52428045429710579, 0.000000000000000000 ) ) ;
#3579 = CARTESIAN_POINT ( 'NONE',  ( 8.910820518160962322, 62.60278968017279766, 5.328246607000672874 ) ) ;
#3580 = EDGE_LOOP ( 'NONE', ( #1571, #2233 ) ) ;
#3581 = AXIS2_PLACEMENT_3D ( 'NONE', #724, #3363, #3022 ) ;
#3582 = CARTESIAN_POINT ( 'NONE',  ( -8.723132878444877392, 63.16054334083791133, 5.876469887560054062 ) ) ;
#3583 = CARTESIAN_POINT ( 'NONE',  ( -1.167943579400205337E-15, 10.99999999999996980, 4.699999999999991296 ) ) ;
#3584 = EDGE_CURVE ( 'NONE', #3293, #3654, #4071, .T. ) ;
#3585 = CARTESIAN_POINT ( 'NONE',  ( -1.624570177021691375, 62.02403814371721325, 5.061855890051687901 ) ) ;
#3586 = LINE ( 'NONE', #3916, #4186 ) ;
#3587 = CARTESIAN_POINT ( 'NONE',  ( -0.6687390886261133094, 60.62483238090959503, 5.000000000000000000 ) ) ;
#3588 = EDGE_CURVE ( 'NONE', #3860, #401, #1311, .T. ) ;
#3589 = ORIENTED_EDGE ( 'NONE', *, *, #1066, .F. ) ;
#3590 = CARTESIAN_POINT ( 'NONE',  ( 12.87232561028283051, 63.50494895489652691, 5.807775431647709929 ) ) ;
#3591 = CARTESIAN_POINT ( 'NONE',  ( 12.82715303405258389, 64.88206692404349951, 5.920638445171725550 ) ) ;
#3592 = ORIENTED_EDGE ( 'NONE', *, *, #2382, .T. ) ;
#3593 = AXIS2_PLACEMENT_3D ( 'NONE', #946, #2243, #1946 ) ;
#3594 = VECTOR ( 'NONE', #4204, 1000.000000000000114 ) ;
#3595 = CARTESIAN_POINT ( 'NONE',  ( 8.725826469220349324, 63.15330005468330654, 5.867001662782705296 ) ) ;
#3596 = CARTESIAN_POINT ( 'NONE',  ( 5.496186093898120458E-15, 58.35895973205135334, 4.847955904479052336 ) ) ;
#3597 = CARTESIAN_POINT ( 'NONE',  ( 1.733184783983263921, 61.71832404158928398, 5.011414806356324192 ) ) ;
#3598 = AXIS2_PLACEMENT_3D ( 'NONE', #3219, #1563, #1145 ) ;
#3599 = CARTESIAN_POINT ( 'NONE',  ( -0.7600043369978306540, 62.50995443161129828, 5.081147944389530657 ) ) ;
#3600 = AXIS2_PLACEMENT_3D ( 'NONE', #1783, #1497, #3097 ) ;
#3601 = DIRECTION ( 'NONE',  ( -0.000000000000000000, -0.000000000000000000, 1.000000000000000000 ) ) ;
#3602 = CARTESIAN_POINT ( 'NONE',  ( 19.69615506024414842, 3.472963553338736187, 4.699999999999990408 ) ) ;
#3603 = CARTESIAN_POINT ( 'NONE',  ( 2.000000000000001776, 60.50691563653041527, 4.700000000000000178 ) ) ;
#3604 = CARTESIAN_POINT ( 'NONE',  ( -1.167943579400205337E-15, 10.99999999999996980, 0.000000000000000000 ) ) ;
#3605 = CARTESIAN_POINT ( 'NONE',  ( -1.801895556292988143, 61.37477069597961332, 4.700000000000000178 ) ) ;
#3606 = EDGE_CURVE ( 'NONE', #1054, #1630, #2211, .T. ) ;
#3607 = ORIENTED_EDGE ( 'NONE', *, *, #2382, .F. ) ;
#3608 = ADVANCED_FACE ( 'NONE', ( #4082, #2750, #2156, #2724, #1122, #3757 ), #1809, .F. ) ;
#3609 = CARTESIAN_POINT ( 'NONE',  ( 0.8466821781145962289, 62.31888382143281291, 4.822390203731163894 ) ) ;
#3610 = CARTESIAN_POINT ( 'NONE',  ( 11.53886748682428021, 64.88206692404349951, 4.830339399547813883 ) ) ;
#3611 = LINE ( 'NONE', #678, #2971 ) ;
#3612 = ORIENTED_EDGE ( 'NONE', *, *, #2544, .F. ) ;
#3613 = CARTESIAN_POINT ( 'NONE',  ( -0.4847942109155138901, 63.50494895489699587, 5.655257328774986547 ) ) ;
#3614 = AXIS2_PLACEMENT_3D ( 'NONE', #260, #4220, #588 ) ;
#3615 = B_SPLINE_SURFACE_WITH_KNOTS ( 'NONE', 1, 3, ( 
 ( #1527, #2000, #2091, #1101, #3714, #1042, #3678, #2042, #2407, #4023, #471, #418, #1767, #3084, #2649, #715, #1678, #3652, #57, #1063, #1357, #397, #2668, #2020, #3357, #98, #3110, #1442, #881, #2185, #2853, #2163, #903, #1794 ),
 ( #3811, #217, #1215, #2137, #2758, #1508, #2828, #2205, #3502, #1130, #2115, #829, #525, #1854, #1878, #3522, #4090, #2435, #2461, #3176, #498, #3764, #172, #236, #4159, #1463, #1485, #858, #2782, #4117, #1150, #1816, #197, #2244 ),
 ( #2588, #2569, #294, #332, #2296, #1294, #2951, #999, #3936, #3623, #671, #947, #2917, #963, #1896, #1591, #1275, #3567, #3959, #1232, #1569, #604, #3250, #2228, #623, #3227, #3201, #257, #2875, #3872, #3547, #2893, #1910, #4198 ) ),
 .UNSPECIFIED., .F., .F., .F.,
 ( 2, 1, 2 ),
 ( 4, 2, 2, 2, 2, 2, 2, 2, 2, 2, 2, 2, 2, 2, 2, 2, 4 ),
 ( 0.000000000000000000, 1.000000000000000000, 1.010000000000000009 ),
 ( 0.000000000000000000, 0.0003985536056595132145, 0.0005978304084892697946, 0.0006974688099041481118, 0.0007971072113190264289, 0.0008967456127339046377, 0.0009963840141487829549, 0.001195660816978539589, 0.001394937619808296224, 0.001594214422638052858, 0.001793491225467809275, 0.001992768028297565910, 0.002192044831127322544, 0.002391321633957079178, 0.002590598436786835813, 0.002789875239616592447, 0.003188428845276105716 ),
 .UNSPECIFIED. ) ;
#3616 = CARTESIAN_POINT ( 'NONE',  ( 0.8111768242432710885, 62.49042628409407030, 5.080910163527510015 ) ) ;
#3617 = VECTOR ( 'NONE', #2095, 1000.000000000000000 ) ;
#3618 = VECTOR ( 'NONE', #1128, 1000.000000000000114 ) ;
#3619 = PLANE ( 'NONE',  #3581 ) ;
#3620 = DIRECTION ( 'NONE',  ( -1.000000000000000000, 0.000000000000000000, 0.000000000000000000 ) ) ;
#3621 = CARTESIAN_POINT ( 'NONE',  ( -1.733184783983194199, 61.50494895489653402, 7.000000000000020428 ) ) ;
#3622 = CARTESIAN_POINT ( 'NONE',  ( 9.119346452683069870, 61.70014887337669762, 5.009464566732003021 ) ) ;
#3623 = CARTESIAN_POINT ( 'NONE',  ( 8.615925520216178413, 63.41446395978999107, 6.418088223703733775 ) ) ;
#3624 = EDGE_CURVE ( 'NONE', #3699, #2274, #3319, .T. ) ;
#3625 = EDGE_CURVE ( 'NONE', #3151, #1993, #1758, .T. ) ;
#3626 = ADVANCED_FACE ( 'NONE', ( #2426 ), #3282, .T. ) ;
#3627 = CARTESIAN_POINT ( 'NONE',  ( -8.137658209897370654, 57.50691563653041527, 4.699999999999991296 ) ) ;
#3628 = EDGE_LOOP ( 'NONE', ( #3006, #314, #106, #1703 ) ) ;
#3629 = CARTESIAN_POINT ( 'NONE',  ( 1.284247211982853775E-15, 60.50691563653041527, 0.000000000000000000 ) ) ;
#3630 = CARTESIAN_POINT ( 'NONE',  ( -11.49763404846048509, 63.50494895489654112, 4.666623949096204704 ) ) ;
#3631 = CARTESIAN_POINT ( 'NONE',  ( 0.4409599976580522718, 62.45777596826485478, 4.831908976953149804 ) ) ;
#3632 = CARTESIAN_POINT ( 'NONE',  ( -1.305562441112884553, 62.02242211441556208, 4.793692475354252913 ) ) ;
#3633 = CARTESIAN_POINT ( 'NONE',  ( -16.69560830392855877, 10.69999999999994422, 5.000000000000000000 ) ) ;
#3634 = ORIENTED_EDGE ( 'NONE', *, *, #1777, .T. ) ;
#3635 = B_SPLINE_CURVE_WITH_KNOTS ( 'NONE', 3,
 ( #3420, #3043, #722, #2030 ),
 .UNSPECIFIED., .F., .F.,
 ( 4, 4 ),
 ( 0.000000000000000000, 1.000000000000000000 ),
 .UNSPECIFIED. ) ;
#3636 = ORIENTED_EDGE ( 'NONE', *, *, #461, .F. ) ;
#3637 = VECTOR ( 'NONE', #2379, 1000.000000000000114 ) ;
#3638 = CARTESIAN_POINT ( 'NONE',  ( 1.733184783983262811, 63.50494895489652691, 5.203119565590641038 ) ) ;
#3639 = EDGE_CURVE ( 'NONE', #1364, #3805, #209, .T. ) ;
#3640 = CARTESIAN_POINT ( 'NONE',  ( 0.7229335847868161302, 62.52143199526681627, 5.081265802485900096 ) ) ;
#3641 = CARTESIAN_POINT ( 'NONE',  ( 8.424767174428209771, 66.88206692404349951, 5.000000000000000000 ) ) ;
#3642 = LINE ( 'NONE', #2638, #1583 ) ;
#3643 = CARTESIAN_POINT ( 'NONE',  ( 9.053420755240104256, 62.02523506662588204, 5.068859828510223764 ) ) ;
#3644 = LINE ( 'NONE', #2640, #2582 ) ;
#3645 = FACE_OUTER_BOUND ( 'NONE', #3149, .T. ) ;
#3646 = EDGE_CURVE ( 'NONE', #3480, #2765, #2818, .T. ) ;
#3647 = ORIENTED_EDGE ( 'NONE', *, *, #4125, .T. ) ;
#3648 = AXIS2_PLACEMENT_3D ( 'NONE', #3893, #3173, #2890 ) ;
#3649 = FACE_BOUND ( 'NONE', #3580, .T. ) ;
#3650 = CARTESIAN_POINT ( 'NONE',  ( -0.8128268821449946557, 62.33431318744544569, 4.823536993182627519 ) ) ;
#3651 = CARTESIAN_POINT ( 'NONE',  ( 1.079268184093415517, 62.19109159540352749, 4.811830744984051833 ) ) ;
#3652 = CARTESIAN_POINT ( 'NONE',  ( 8.995253501261867513, 63.54095857613101117, 5.762982720701637085 ) ) ;
#3653 = PERSON_AND_ORGANIZATION ( #1119, #3192 ) ;
#3654 = VERTEX_POINT ( 'NONE', #1093 ) ;
#3655 = CARTESIAN_POINT ( 'NONE',  ( 8.813047319202809149, 62.91189204938253710, 5.578298005544919391 ) ) ;
#3656 = FACE_OUTER_BOUND ( 'NONE', #2805, .T. ) ;
#3657 = ORIENTED_EDGE ( 'NONE', *, *, #2248, .F. ) ;
#3658 = AXIS2_PLACEMENT_3D ( 'NONE', #1026, #3659, #742 ) ;
#3659 = DIRECTION ( 'NONE',  ( -5.337610695313253357E-16, 1.000000000000000000, -0.000000000000000000 ) ) ;
#3660 = CIRCLE ( 'NONE', #2335, 7.600000000000024514 ) ;
#3661 = EDGE_CURVE ( 'NONE', #2535, #2991, #3470, .T. ) ;
#3662 = VECTOR ( 'NONE', #1052, 1000.000000000000114 ) ;
#3663 = EDGE_CURVE ( 'NONE', #1979, #2016, #3884, .T. ) ;
#3664 = CC_DESIGN_PERSON_AND_ORGANIZATION_ASSIGNMENT ( #4118, #472, ( #1262 ) ) ;
#3665 = CARTESIAN_POINT ( 'NONE',  ( 1.287052858890282758, 62.25559992114582997, 5.075994050520303169 ) ) ;
#3666 = LINE ( 'NONE', #2034, #2491 ) ;
#3667 = CARTESIAN_POINT ( 'NONE',  ( 2.451776518811672643E-14, 57.50691563653040816, 0.1000000000000167422 ) ) ;
#3668 = CARTESIAN_POINT ( 'NONE',  ( 9.060217042432604728, 63.34579802151866801, 5.483683551473008677 ) ) ;
#3669 = DIRECTION ( 'NONE',  ( -0.000000000000000000, -0.000000000000000000, -1.000000000000000000 ) ) ;
#3670 = VECTOR ( 'NONE', #161, 1000.000000000000000 ) ;
#3671 = CARTESIAN_POINT ( 'NONE',  ( -20.00000000000001776, -2.775557561562891351E-14, 0.1000000000000011297 ) ) ;
#3672 = VERTEX_POINT ( 'NONE', #135 ) ;
#3673 = EDGE_CURVE ( 'NONE', #1217, #539, #2796, .T. ) ;
#3674 = APPROVAL_PERSON_ORGANIZATION ( #565, #3351, #4180 ) ;
#3675 = CARTESIAN_POINT ( 'NONE',  ( 9.072873615912442347, 63.50494895489654112, 1.812925897132853459 ) ) ;
#3676 = CARTESIAN_POINT ( 'NONE',  ( 1.497362007063772760, 61.83285953818470659, 4.761103580331523588 ) ) ;
#3677 = CARTESIAN_POINT ( 'NONE',  ( -0.03505276936538470611, 62.50692263393804637, 4.834896652871412570 ) ) ;
#3678 = CARTESIAN_POINT ( 'NONE',  ( 8.883433263839116023, 63.85405457852257172, 6.491486704450392331 ) ) ;
#3679 = B_SPLINE_CURVE_WITH_KNOTS ( 'NONE', 3,
 ( #1821, #3140, #1774, #3090, #4145, #1175, #609, #1237, #967, #985, #3572, #4202, #4221, #2553 ),
 .UNSPECIFIED., .F., .F.,
 ( 4, 2, 2, 2, 2, 2, 4 ),
 ( 0.000000000000000000, 0.0004381585415708131670, 0.0008763170831416263341, 0.001314475624712439393, 0.001752634166283252668, 0.002628951249424880520, 0.003505268332566508372 ),
 .UNSPECIFIED. ) ;
#3680 =( LENGTH_UNIT ( ) NAMED_UNIT ( * ) SI_UNIT ( .MILLI., .METRE. ) );
#3681 = EDGE_LOOP ( 'NONE', ( #2442, #4040, #301, #852 ) ) ;
#3682 = B_SPLINE_CURVE_WITH_KNOTS ( 'NONE', 3,
 ( #3823, #3188, #1538, #2151, #3468, #2862, #1825, #1159, #912, #4188, #1222, #3490, #1474, #2216, #1202, #3534, #1453, #4168, #2516, #2471, #2815 ),
 .UNSPECIFIED., .F., .F.,
 ( 4, 1, 2, 2, 2, 2, 2, 1, 1, 2, 2, 4 ),
 ( 0.000000000000000000, 0.1250000000000021094, 0.1875000000000033307, 0.2500000000000045519, 0.3750000000000069944, 0.4375000000000082157, 0.5000000000000094369, 0.6250000000000099920, 0.6875000000000119904, 0.7187500000000112133, 0.7500000000000105471, 1.000000000000000000 ),
 .UNSPECIFIED. ) ;
#3683 = ORIENTED_EDGE ( 'NONE', *, *, #2945, .T. ) ;
#3684 = FACE_OUTER_BOUND ( 'NONE', #968, .T. ) ;
#3685 = EDGE_LOOP ( 'NONE', ( #3612, #1377, #501, #4152 ) ) ;
#3686 = CARTESIAN_POINT ( 'NONE',  ( 6.018781663154253003, 54.98173689968572830, 2.625178736844702598 ) ) ;
#3687 = CARTESIAN_POINT ( 'NONE',  ( -0.6497426874433943622, 62.54406139925412589, 5.081492294077880167 ) ) ;
#3688 = AXIS2_PLACEMENT_3D ( 'NONE', #495, #3106, #1716 ) ;
#3689 = DIRECTION ( 'NONE',  ( 1.000000000000000000, 0.000000000000000000, 0.000000000000000000 ) ) ;
#3690 = DIRECTION ( 'NONE',  ( 1.000000000000000000, 5.337610695313253357E-16, 0.000000000000000000 ) ) ;
#3691 = ORIENTED_EDGE ( 'NONE', *, *, #730, .T. ) ;
#3692 = AXIS2_PLACEMENT_3D ( 'NONE', #1316, #2260, #2620 ) ;
#3693 = CARTESIAN_POINT ( 'NONE',  ( -8.709799946746326071, 63.50494895489652691, 6.314879177856409065 ) ) ;
#3694 = VERTEX_POINT ( 'NONE', #3428 ) ;
#3695 = FACE_BOUND ( 'NONE', #361, .T. ) ;
#3696 = CARTESIAN_POINT ( 'NONE',  ( 1.202154604943691973, 62.10531599687383419, 4.803313204592254415 ) ) ;
#3697 = CARTESIAN_POINT ( 'NONE',  ( 0.4938041359030080901, 62.44532437684926407, 4.831126414332532093 ) ) ;
#3698 = COORDINATED_UNIVERSAL_TIME_OFFSET ( 3, 0, .BEHIND. ) ;
#3699 = VERTEX_POINT ( 'NONE', #491 ) ;
#3700 = ADVANCED_FACE ( 'NONE', ( #2452 ), #1258, .F. ) ;
#3701 = DIRECTION ( 'NONE',  ( 0.1736481776669343280, -0.9848077530122072432, 0.000000000000000000 ) ) ;
#3702 = PLANE ( 'NONE',  #599 ) ;
#3703 = LINE ( 'NONE', #2947, #1577 ) ;
#3704 = CARTESIAN_POINT ( 'NONE',  ( 11.31147339363017679, 1.994517950862991995, 4.699999999999991296 ) ) ;
#3705 = LINE ( 'NONE', #1312, #2557 ) ;
#3706 = DIRECTION ( 'NONE',  ( -5.478400136770790205E-16, 1.000000000000000000, -0.000000000000000000 ) ) ;
#3707 = ORIENTED_EDGE ( 'NONE', *, *, #2153, .F. ) ;
#3708 = CARTESIAN_POINT ( 'NONE',  ( -8.619482157463551175, 63.50494895489654112, 6.628699515911504747 ) ) ;
#3709 = VERTEX_POINT ( 'NONE', #4209 ) ;
#3710 = CARTESIAN_POINT ( 'NONE',  ( 9.636435016668070119, 64.88206692404349951, 3.752319793833750694 ) ) ;
#3711 = CYLINDRICAL_SURFACE ( 'NONE', #1081, 2.000000000000001776 ) ;
#3712 = CARTESIAN_POINT ( 'NONE',  ( -12.99999999999999822, 63.50494895489652691, 20.00000000000000000 ) ) ;
#3713 = CARTESIAN_POINT ( 'NONE',  ( -1.078726292176948043, 62.19143451514820242, 4.811861712500693500 ) ) ;
#3714 = CARTESIAN_POINT ( 'NONE',  ( 8.873140699521650632, 63.88126379848306158, 6.621876688570510261 ) ) ;
#3715 = PERSON_AND_ORGANIZATION_ROLE ( 'creator' ) ;
#3716 = ORIENTED_EDGE ( 'NONE', *, *, #2090, .F. ) ;
#3717 = CARTESIAN_POINT ( 'NONE',  ( 13.00000000000000178, 64.88206692404349951, 18.00000000000000355 ) ) ;
#3718 = VECTOR ( 'NONE', #182, 1000.000000000000000 ) ;
#3719 = DIRECTION ( 'NONE',  ( -0.000000000000000000, -0.000000000000000000, 1.000000000000000000 ) ) ;
#3720 = CARTESIAN_POINT ( 'NONE',  ( 1.284247211982853775E-15, 60.50691563653041527, 1.000000000000000000 ) ) ;
#3721 = LINE ( 'NONE', #764, #4109 ) ;
#3722 = ORIENTED_EDGE ( 'NONE', *, *, #248, .F. ) ;
#3723 = VECTOR ( 'NONE', #2878, 1000.000000000000114 ) ;
#3724 = EDGE_LOOP ( 'NONE', ( #281, #1398, #229, #3560 ) ) ;
#3725 = CARTESIAN_POINT ( 'NONE',  ( -8.624188723991920824, 63.40556483910167174, 6.377218269997912081 ) ) ;
#3726 = FACE_OUTER_BOUND ( 'NONE', #4211, .T. ) ;
#3727 = AXIS2_PLACEMENT_3D ( 'NONE', #2056, #1627, #1315 ) ;
#3728 = CARTESIAN_POINT ( 'NONE',  ( -1.619230898503364324, 61.68172231504149750, 4.726851350303880928 ) ) ;
#3729 = CARTESIAN_POINT ( 'NONE',  ( 1.507117203463703925, 61.82167711110432151, 4.758156287178181287 ) ) ;
#3730 = ORIENTED_EDGE ( 'NONE', *, *, #107, .F. ) ;
#3731 = CARTESIAN_POINT ( 'NONE',  ( 9.392192992703012777, 61.90963629701390403, 4.727060235885605088 ) ) ;
#3732 = EDGE_LOOP ( 'NONE', ( #3966, #2706, #2434, #1062 ) ) ;
#3733 = DIRECTION ( 'NONE',  ( -1.000000000000000000, 0.000000000000000000, 0.000000000000000000 ) ) ;
#3734 = DIRECTION ( 'NONE',  ( 0.6963642403200263065, -0.1227878039689735967, -0.7071067811865401342 ) ) ;
#3735 = CARTESIAN_POINT ( 'NONE',  ( 8.424767174428209771, 64.88206692404349951, 1.000000000000000000 ) ) ;
#3736 = CARTESIAN_POINT ( 'NONE',  ( -1.523139917828615797, 57.50691563653041527, 0.09999999999998898659 ) ) ;
#3737 = CARTESIAN_POINT ( 'NONE',  ( -0.9013994629934493075, 62.29409156529185765, 4.820552994711824191 ) ) ;
#3738 = CARTESIAN_POINT ( 'NONE',  ( 1.733184783983265032, 61.95185537002165432, 5.050570684502767804 ) ) ;
#3739 = VECTOR ( 'NONE', #3909, 1000.000000000000000 ) ;
#3740 = CARTESIAN_POINT ( 'NONE',  ( 1.733184783983265032, 61.95185537002164722, 5.050570684502764252 ) ) ;
#3741 = EDGE_LOOP ( 'NONE', ( #3269, #1322, #1372, #2821 ) ) ;
#3742 = VECTOR ( 'NONE', #3830, 1000.000000000000000 ) ;
#3743 = ORIENTED_EDGE ( 'NONE', *, *, #3536, .T. ) ;
#3744 = ADVANCED_FACE ( 'NONE', ( #4170 ), #4232, .F. ) ;
#3745 = DIRECTION ( 'NONE',  ( -0.6963642403200166475, -0.1227878039689754563, 0.7071067811865494601 ) ) ;
#3746 = CARTESIAN_POINT ( 'NONE',  ( -11.57983787148061872, 64.57402467097392673, 4.808454514795902135 ) ) ;
#3747 = DIRECTION ( 'NONE',  ( -1.000000000000000000, 0.000000000000000000, 0.000000000000000000 ) ) ;
#3748 = EDGE_LOOP ( 'NONE', ( #3212, #3222, #610, #3859, #1961 ) ) ;
#3749 = EDGE_LOOP ( 'NONE', ( #3827, #3982, #253, #3802 ) ) ;
#3750 = ORIENTED_EDGE ( 'NONE', *, *, #921, .T. ) ;
#3751 = DIRECTION ( 'NONE',  ( 1.000000000000000000, 0.000000000000000000, 0.000000000000000000 ) ) ;
#3752 = CARTESIAN_POINT ( 'NONE',  ( -8.921419469144842296, 62.56623377805529884, 5.304591900380073888 ) ) ;
#3753 = CARTESIAN_POINT ( 'NONE',  ( -9.250382305842563824, 62.13800761891867808, 0.000000000000000000 ) ) ;
#3754 = CARTESIAN_POINT ( 'NONE',  ( 0.000000000000000000, -2.775557561562891351E-14, 5.000000000000000000 ) ) ;
#3755 = CARTESIAN_POINT ( 'NONE',  ( -1.782610715219447250, 61.41481110256118114, 4.700004092897597019 ) ) ;
#3756 = AXIS2_PLACEMENT_3D ( 'NONE', #2390, #3342, #386 ) ;
#3757 = FACE_BOUND ( 'NONE', #1261, .T. ) ;
#3758 = CARTESIAN_POINT ( 'NONE',  ( 9.357669588859074850, 62.10542824958537267, 4.766215281328859632 ) ) ;
#3759 = VERTEX_POINT ( 'NONE', #3493 ) ;
#3760 = CARTESIAN_POINT ( 'NONE',  ( -9.482984281416621641, 64.88206692404347109, 3.597111645206978903 ) ) ;
#3761 = CARTESIAN_POINT ( 'NONE',  ( -1.130378724336390972, 62.15692158043631110, 4.808583333703180251 ) ) ;
#3762 = CARTESIAN_POINT ( 'NONE',  ( 1.378710433255171397, 62.19699724222035542, 5.073838779204641547 ) ) ;
#3763 = EDGE_CURVE ( 'NONE', #1562, #3516, #1924, .T. ) ;
#3764 = CARTESIAN_POINT ( 'NONE',  ( 8.788191635609562624, 62.98370880106221392, 5.652225604743220444 ) ) ;
#3765 = COORDINATED_UNIVERSAL_TIME_OFFSET ( 3, 0, .BEHIND. ) ;
#3766 = ORIENTED_EDGE ( 'NONE', *, *, #1498, .F. ) ;
#3767 = VERTEX_POINT ( 'NONE', #2254 ) ;
#3768 = LINE ( 'NONE', #2118, #187 ) ;
#3769 = DIRECTION ( 'NONE',  ( -1.000000000000000000, 0.000000000000000000, 0.000000000000000000 ) ) ;
#3770 = LINE ( 'NONE', #4069, #2127 ) ;
#3771 = DIRECTION ( 'NONE',  ( -3.014711853724170223E-16, -0.7071067811865312525, 0.7071067811865638930 ) ) ;
#3772 = CARTESIAN_POINT ( 'NONE',  ( -8.793939431022371522, 62.96710644381089850, 5.635205923874999634 ) ) ;
#3773 = CARTESIAN_POINT ( 'NONE',  ( -8.972242645541953721, 62.37879626368513186, 5.200955163527432923 ) ) ;
#3774 = DIRECTION ( 'NONE',  ( 0.1736481776669344668, -0.9848077530122072432, 0.000000000000000000 ) ) ;
#3775 = CARTESIAN_POINT ( 'NONE',  ( -12.99999999999999822, 63.50494895489652691, 6.623537530759591618 ) ) ;
#3776 = B_SPLINE_CURVE_WITH_KNOTS ( 'NONE', 3,
 ( #1206, #308, #4190, #2218, #2519, #2541, #2195, #2868, #3865, #3267, #2844, #3845, #917, #3539, #1845, #594, #1267, #3217, #1561, #4251, #2886, #2580, #1289, #2238, #557, #1247, #2560, #3928, #3888, #939, #3168, #2598, #2177, #3559, #615, #1965, #3599, #3687, #1307, #3364, #1329, #1011, #26, #2615, #3989, #2353, #2677, #684, #3954, #1345, #2310, #2033, #1027, #3343, #994, #3640, #2291, #3616, #407, #387, #1986, #725, #1706, #2656, #4011, #666, #2332, #1365, #651, #3665, #2946, #3303, #3283, #1050, #1642, #2966, #3023, #2635, #347, #3003, #1686, #64, #704, #2008, #3324, #1665, #368, #85, #1387, #3972, #324, #2699, #973, #2271, #2985 ),
 .UNSPECIFIED., .F., .F.,
 ( 4, 2, 2, 1, 2, 2, 2, 1, 2, 2, 2, 1, 1, 2, 2, 2, 2, 1, 1, 2, 2, 2, 2, 2, 2, 2, 2, 2, 2, 2, 2, 2, 1, 1, 2, 2, 2, 2, 1, 1, 2, 2, 2, 1, 1, 2, 2, 2, 1, 2, 2, 2, 2, 4 ),
 ( 0.000000000000000000, 0.007812499999995871358, 0.01562499999999174272, 0.02343749999998761407, 0.02734374999998557057, 0.03124999999998352707, 0.04687499999998191724, 0.05468749999998109151, 0.05859374999998200745, 0.06249999999998293032, 0.09374999999997908617, 0.1093749999999771710, 0.1171874999999761302, 0.1210937499999756306, 0.1249999999999751032, 0.1874999999999671929, 0.2187499999999646116, 0.2343749999999633626, 0.2421874999999637790, 0.2460937499999629741, 0.2499999999999621969, 0.3124999999999418798, 0.3437499999999316658, 0.3593749999999279465, 0.3749999999999241718, 0.4999999999998985256, 0.5624999999998856470, 0.5937499999998798739, 0.6093749999998768763, 0.6249999999998739897, 0.6874999999998622213, 0.7187499999998581135, 0.7343749999998548939, 0.7421874999998544498, 0.7460937499998542277, 0.7499999999998538946, 0.8124999999998681055, 0.8437499999998753220, 0.8593749999998787636, 0.8671874999998822053, 0.8710937499998822053, 0.8749999999998820943, 0.9062499999998960831, 0.9218749999999017453, 0.9296874999999061862, 0.9335937499999101830, 0.9374999999999141798, 0.9531249999999329425, 0.9609374999999438227, 0.9648437499999491518, 0.9687499999999545919, 0.9765624999999653610, 0.9843749999999760192, 1.000000000000000000 ),
 .UNSPECIFIED. ) ;
#3777 = VECTOR ( 'NONE', #3224, 1000.000000000000000 ) ;
#3778 = CARTESIAN_POINT ( 'NONE',  ( 1.284247211982853775E-15, 60.50691563653041527, 0.000000000000000000 ) ) ;
#3779 = ORIENTED_EDGE ( 'NONE', *, *, #3484, .T. ) ;
#3780 = CARTESIAN_POINT ( 'NONE',  ( 9.048218680365810229, 62.05088837249591904, 5.075771319949926585 ) ) ;
#3781 = ORIENTED_EDGE ( 'NONE', *, *, #2720, .F. ) ;
#3782 = DIRECTION ( 'NONE',  ( 0.1736481776669344668, -0.9848077530122072432, 0.000000000000000000 ) ) ;
#3783 = DIRECTION ( 'NONE',  ( -0.000000000000000000, -0.000000000000000000, -1.000000000000000000 ) ) ;
#3784 = CARTESIAN_POINT ( 'NONE',  ( 13.00000000000000355, 61.50494895489654112, 6.999999999999999112 ) ) ;
#3785 = CARTESIAN_POINT ( 'NONE',  ( 0.8238576272837991876, 62.48690089625789312, 5.080891030895628546 ) ) ;
#3786 = VERTEX_POINT ( 'NONE', #3512 ) ;
#3787 = EDGE_CURVE ( 'NONE', #2219, #2561, #1888, .T. ) ;
#3788 = ORIENTED_EDGE ( 'NONE', *, *, #345, .T. ) ;
#3789 = CARTESIAN_POINT ( 'NONE',  ( -8.656760182269087167, 63.32772491460254827, 6.174930581096957916 ) ) ;
#3790 = CARTESIAN_POINT ( 'NONE',  ( 1.284247211982853775E-15, 60.50691563653041527, 4.700000000000000178 ) ) ;
#3791 = CARTESIAN_POINT ( 'NONE',  ( 9.623348861842647040, 16.63433028944426084, 5.734330289444206308 ) ) ;
#3792 = CARTESIAN_POINT ( 'NONE',  ( -1.999999999999999112, 60.50691563653041527, 4.700000000000000178 ) ) ;
#3793 = VERTEX_POINT ( 'NONE', #575 ) ;
#3794 = ORIENTED_EDGE ( 'NONE', *, *, #1705, .F. ) ;
#3795 = AXIS2_PLACEMENT_3D ( 'NONE', #3422, #204, #3751 ) ;
#3796 = CARTESIAN_POINT ( 'NONE',  ( -8.720091102821580620, 63.16827610786052105, 5.889135594937374485 ) ) ;
#3797 = DIRECTION ( 'NONE',  ( 0.000000000000000000, 0.000000000000000000, 1.000000000000000000 ) ) ;
#3798 = LINE ( 'NONE', #2450, #171 ) ;
#3799 = EDGE_CURVE ( 'NONE', #3805, #821, #1904, .T. ) ;
#3800 = AXIS2_PLACEMENT_3D ( 'NONE', #1936, #2283, #2264 ) ;
#3801 = CARTESIAN_POINT ( 'NONE',  ( -1.565861887820408249, 61.75432776985438466, 4.740403837003991150 ) ) ;
#3802 = ORIENTED_EDGE ( 'NONE', *, *, #1250, .F. ) ;
#3803 = DIRECTION ( 'NONE',  ( -0.6963642403200112074, 0.1227878039689743045, -0.7071067811865549002 ) ) ;
#3804 = EDGE_CURVE ( 'NONE', #2469, #711, #2912, .T. ) ;
#3805 = VERTEX_POINT ( 'NONE', #958 ) ;
#3806 = AXIS2_PLACEMENT_3D ( 'NONE', #1431, #1755, #669 ) ;
#3807 = CARTESIAN_POINT ( 'NONE',  ( 9.199647921135561290, 64.88206692404349951, 3.261240115954631147 ) ) ;
#3808 = CARTESIAN_POINT ( 'NONE',  ( 19.59767428494292929, 3.455598735572042557, 0.000000000000000000 ) ) ;
#3809 = CARTESIAN_POINT ( 'NONE',  ( -1.187044141422369359, 62.11658136484899728, 4.804507905548275559 ) ) ;
#3810 = CARTESIAN_POINT ( 'NONE',  ( 0.07640274679517826406, 62.63707978005201937, 5.082202816698924153 ) ) ;
#3811 = CARTESIAN_POINT ( 'NONE',  ( 8.583094826094534113, 63.50049746728787881, 7.133364668082500692 ) ) ;
#3812 = ORIENTED_EDGE ( 'NONE', *, *, #1171, .T. ) ;
#3813 = ORIENTED_EDGE ( 'NONE', *, *, #3484, .F. ) ;
#3814 = CARTESIAN_POINT ( 'NONE',  ( 15.60000000000001208, -2.465190328815661892E-29, 4.700000000000013500 ) ) ;
#3815 = AXIS2_PLACEMENT_3D ( 'NONE', #3077, #1124, #4017 ) ;
#3816 = DIRECTION ( 'NONE',  ( -1.000000000000000000, 0.000000000000000000, 0.000000000000000000 ) ) ;
#3817 = PLANE ( 'NONE',  #1371 ) ;
#3818 = ORIENTED_EDGE ( 'NONE', *, *, #3606, .T. ) ;
#3819 = ORIENTED_EDGE ( 'NONE', *, *, #1493, .F. ) ;
#3820 = AXIS2_PLACEMENT_3D ( 'NONE', #1829, #3099, #3471 ) ;
#3821 = CARTESIAN_POINT ( 'NONE',  ( -8.424767174428213323, 64.88206692404348530, 1.000000000000000000 ) ) ;
#3822 = CARTESIAN_POINT ( 'NONE',  ( -8.931227128077805943, 62.53149609576460932, 5.283496433849743212 ) ) ;
#3823 = CARTESIAN_POINT ( 'NONE',  ( 8.581128701846134632, 63.50494895489654112, 6.999999999999999112 ) ) ;
#3824 = EDGE_CURVE ( 'NONE', #1064, #3694, #228, .T. ) ;
#3825 = CARTESIAN_POINT ( 'NONE',  ( 1.976597453069731447, 61.66372987850755294, 5.004864321378668102 ) ) ;
#3826 = CARTESIAN_POINT ( 'NONE',  ( -19.69615506024415907, 3.472963553338686893, 4.699999999999991296 ) ) ;
#3827 = ORIENTED_EDGE ( 'NONE', *, *, #1308, .T. ) ;
#3828 = CARTESIAN_POINT ( 'NONE',  ( -9.432037904587101451, 61.68366457264141189, 4.703370528742982337 ) ) ;
#3829 = ORIENTED_EDGE ( 'NONE', *, *, #1935, .T. ) ;
#3830 = DIRECTION ( 'NONE',  ( -1.000000000000000000, -1.061766890363825891E-16, 0.000000000000000000 ) ) ;
#3831 = FACE_OUTER_BOUND ( 'NONE', #1913, .T. ) ;
#3832 = CARTESIAN_POINT ( 'NONE',  ( -0.2471992231852955801, 62.62383750334603150, 5.082120965336563323 ) ) ;
#3833 = APPROVAL_STATUS ( 'not_yet_approved' ) ;
#3834 = ORIENTED_EDGE ( 'NONE', *, *, #143, .T. ) ;
#3835 = CARTESIAN_POINT ( 'NONE',  ( 0.000000000000000000, -2.775557561562891351E-14, 5.000000000000000000 ) ) ;
#3836 = PLANE ( 'NONE',  #2678 ) ;
#3837 = CARTESIAN_POINT ( 'NONE',  ( -8.960247951572318570, 63.64277239352085758, 5.933274141367295584 ) ) ;
#3838 = VERTEX_POINT ( 'NONE', #2911 ) ;
#3839 = EDGE_CURVE ( 'NONE', #2554, #1466, #3776, .T. ) ;
#3840 = VECTOR ( 'NONE', #756, 1000.000000000000000 ) ;
#3841 = CARTESIAN_POINT ( 'NONE',  ( -8.825479443966097293, 62.87505866940571053, 5.543012314967229237 ) ) ;
#3842 = CARTESIAN_POINT ( 'NONE',  ( 1.862743069539189111, 61.81364857378804345, 5.022544797738869526 ) ) ;
#3843 = CARTESIAN_POINT ( 'NONE',  ( 1.861937903038304087, 61.81470648573165505, 5.022671491658126541 ) ) ;
#3844 = EDGE_CURVE ( 'NONE', #1592, #2507, #1941, .T. ) ;
#3845 = CARTESIAN_POINT ( 'NONE',  ( -1.583975218087874559, 62.05306188803764655, 5.064802051206889644 ) ) ;
#3846 = VERTEX_POINT ( 'NONE', #43 ) ;
#3847 = LINE ( 'NONE', #2870, #2624 ) ;
#3848 = ORIENTED_EDGE ( 'NONE', *, *, #2700, .F. ) ;
#3849 = ORIENTED_EDGE ( 'NONE', *, *, #2814, .F. ) ;
#3850 = FACE_OUTER_BOUND ( 'NONE', #1358, .T. ) ;
#3851 = FACE_OUTER_BOUND ( 'NONE', #1146, .T. ) ;
#3852 = DIRECTION ( 'NONE',  ( 5.337610695313253357E-16, -1.000000000000000000, -0.000000000000000000 ) ) ;
#3853 = DIRECTION ( 'NONE',  ( -1.000000000000000000, 0.000000000000000000, 0.000000000000000000 ) ) ;
#3854 = FACE_OUTER_BOUND ( 'NONE', #891, .T. ) ;
#3855 = EDGE_CURVE ( 'NONE', #2717, #3883, #4053, .T. ) ;
#3856 = ORIENTED_EDGE ( 'NONE', *, *, #1409, .T. ) ;
#3857 = ADVANCED_FACE ( 'NONE', ( #1476 ), #1117, .T. ) ;
#3858 = CARTESIAN_POINT ( 'NONE',  ( -7.033924707677128296, 66.88206692404349951, 5.000000000000000000 ) ) ;
#3859 = ORIENTED_EDGE ( 'NONE', *, *, #4008, .F. ) ;
#3860 = VERTEX_POINT ( 'NONE', #2124 ) ;
#3861 = LINE ( 'NONE', #2215, #514 ) ;
#3862 = FACE_OUTER_BOUND ( 'NONE', #3896, .T. ) ;
#3863 = CARTESIAN_POINT ( 'NONE',  ( 0.1238884989791217556, 63.50494895489654112, 6.729374501928309549 ) ) ;
#3864 = EDGE_CURVE ( 'NONE', #4200, #2239, #3190, .T. ) ;
#3865 = CARTESIAN_POINT ( 'NONE',  ( -1.625469773912614713, 62.02340888303264421, 5.061775207671574073 ) ) ;
#3866 = EDGE_LOOP ( 'NONE', ( #4239, #992, #3141, #1699, #2776 ) ) ;
#3867 = CARTESIAN_POINT ( 'NONE',  ( 12.30000000000000071, -2.465190328815661892E-29, 0.000000000000000000 ) ) ;
#3868 = ORIENTED_EDGE ( 'NONE', *, *, #1638, .T. ) ;
#3869 = LINE ( 'NONE', #543, #367 ) ;
#3870 = LINE ( 'NONE', #601, #3777 ) ;
#3871 = LINE ( 'NONE', #1929, #1515 ) ;
#3872 = CARTESIAN_POINT ( 'NONE',  ( 8.951268953745330492, 62.44625507773077544, 5.238215957067878570 ) ) ;
#3873 = AXIS2_PLACEMENT_3D ( 'NONE', #3621, #350, #1646 ) ;
#3874 = VECTOR ( 'NONE', #132, 1000.000000000000227 ) ;
#3875 = ORIENTED_EDGE ( 'NONE', *, *, #3288, .T. ) ;
#3876 = DIRECTION ( 'NONE',  ( -5.337610695313253357E-16, 1.000000000000000000, -0.000000000000000000 ) ) ;
#3877 = DIRECTION ( 'NONE',  ( -1.000000000000000000, 0.000000000000000000, 0.000000000000000000 ) ) ;
#3878 = VERTEX_POINT ( 'NONE', #2051 ) ;
#3879 = EDGE_CURVE ( 'NONE', #203, #390, #1760, .T. ) ;
#3880 = CARTESIAN_POINT ( 'NONE',  ( -1.522238368178852275, 61.80434364954543724, 4.753587107680379731 ) ) ;
#3881 = DIRECTION ( 'NONE',  ( 0.000000000000000000, 0.000000000000000000, -1.000000000000000000 ) ) ;
#3882 = CARTESIAN_POINT ( 'NONE',  ( 0.05178549552634214431, 63.50494895489652691, 6.730194116209983868 ) ) ;
#3883 = VERTEX_POINT ( 'NONE', #1091 ) ;
#3884 = CIRCLE ( 'NONE', #1323, 20.00000000000001776 ) ;
#3885 = AXIS2_PLACEMENT_3D ( 'NONE', #1876, #3199, #1230 ) ;
#3886 = CARTESIAN_POINT ( 'NONE',  ( 8.424767174428209771, 64.88206692404349951, 6.851469823752347033 ) ) ;
#3887 = B_SPLINE_CURVE_WITH_KNOTS ( 'NONE', 3,
 ( #2339, #3668, #5, #708, #728, #3348 ),
 .UNSPECIFIED., .F., .F.,
 ( 4, 2, 4 ),
 ( 0.000000000000000000, 0.5000000000000000000, 1.000000000000000000 ),
 .UNSPECIFIED. ) ;
#3888 = CARTESIAN_POINT ( 'NONE',  ( -1.052946602729275760, 62.38634780160764848, 5.079321965204023570 ) ) ;
#3889 = ORIENTED_EDGE ( 'NONE', *, *, #1250, .T. ) ;
#3890 = CARTESIAN_POINT ( 'NONE',  ( 8.919651274087092574, 62.57233109322141473, 5.308535137653588976 ) ) ;
#3891 = EDGE_CURVE ( 'NONE', #1715, #121, #1386, .T. ) ;
#3892 = EDGE_LOOP ( 'NONE', ( #2511, #805, #289, #2204 ) ) ;
#3893 = CARTESIAN_POINT ( 'NONE',  ( 2.451776518811672643E-14, 57.50691563653040816, 0.09999999999998897271 ) ) ;
#3894 = CARTESIAN_POINT ( 'NONE',  ( 9.123345239070344448, 61.68039901976271722, 4.999971629182176081 ) ) ;
#3895 = FACE_OUTER_BOUND ( 'NONE', #1151, .T. ) ;
#3896 = EDGE_LOOP ( 'NONE', ( #2532, #2764, #420, #3142 ) ) ;
#3897 = PLANE ( 'NONE',  #2713 ) ;
#3898 = VERTEX_POINT ( 'NONE', #2104 ) ;
#3899 = DIRECTION ( 'NONE',  ( -0.1736481776669343280, 0.9848077530122072432, 0.000000000000000000 ) ) ;
#3900 = CARTESIAN_POINT ( 'NONE',  ( 12.33336304264578231, 64.88206692404349951, 5.205809587796800919 ) ) ;
#3901 = CARTESIAN_POINT ( 'NONE',  ( -8.967472998498715597, 62.39802096931877173, 5.209572352208801327 ) ) ;
#3902 = ORIENTED_EDGE ( 'NONE', *, *, #4015, .T. ) ;
#3903 = AXIS2_PLACEMENT_3D ( 'NONE', #1032, #743, #2443 ) ;
#3904 = CIRCLE ( 'NONE', #2017, 1.600000000000002531 ) ;
#3905 = CARTESIAN_POINT ( 'NONE',  ( 8.597069579726120736, 63.46863790458368015, 6.616592215140664202 ) ) ;
#3906 = CARTESIAN_POINT ( 'NONE',  ( 1.140574387785114219, 63.50494895489652691, 6.943380347903099548 ) ) ;
#3907 = CIRCLE ( 'NONE', #1279, 1.700000000000007061 ) ;
#3908 = CARTESIAN_POINT ( 'NONE',  ( 7.398127716406563081, 78.50494895489653402, 12.31176876537974962 ) ) ;
#3909 = DIRECTION ( 'NONE',  ( -0.000000000000000000, -0.000000000000000000, -1.000000000000000000 ) ) ;
#3910 = CARTESIAN_POINT ( 'NONE',  ( 8.835789446233880184, 62.84412182828083360, 5.514462150996911838 ) ) ;
#3911 = ORIENTED_EDGE ( 'NONE', *, *, #1088, .F. ) ;
#3912 = DIRECTION ( 'NONE',  ( -1.000000000000000000, -1.061766890363825891E-16, 0.000000000000000000 ) ) ;
#3913 = CARTESIAN_POINT ( 'NONE',  ( -9.348863081143781173, 62.15537243668536860, 4.779188802786749513 ) ) ;
#3914 = CARTESIAN_POINT ( 'NONE',  ( -9.007244137577099963, 63.50494895489652691, 5.000000000000000000 ) ) ;
#3915 = LINE ( 'NONE', #622, #2486 ) ;
#3916 = CARTESIAN_POINT ( 'NONE',  ( -9.623348861842734081, 16.63433028944426439, 5.734330289444181439 ) ) ;
#3917 = DIRECTION ( 'NONE',  ( 0.6444004775717762090, 0.5407162030609358183, -0.5407162030609325987 ) ) ;
#3918 = ORIENTED_EDGE ( 'NONE', *, *, #2354, .T. ) ;
#3919 = DIRECTION ( 'NONE',  ( 0.6444004775717794287, 0.5407162030609463654, -0.5407162030609181658 ) ) ;
#3920 = CARTESIAN_POINT ( 'NONE',  ( 13.00000000000000178, 64.88206692404349951, 6.767253565835216200 ) ) ;
#3921 = EDGE_LOOP ( 'NONE', ( #2630, #1234 ) ) ;
#3922 = EDGE_LOOP ( 'NONE', ( #1658, #250, #3542, #831 ) ) ;
#3923 = CARTESIAN_POINT ( 'NONE',  ( 8.789994477317547350, 62.97828083551407019, 5.647467022923439828 ) ) ;
#3924 = CARTESIAN_POINT ( 'NONE',  ( -1.167943579400205337E-15, 10.99999999999996980, 4.699999999999977973 ) ) ;
#3925 = CARTESIAN_POINT ( 'NONE',  ( -11.00000000000000000, 64.88206692404348530, 20.00000000000000000 ) ) ;
#3926 = CARTESIAN_POINT ( 'NONE',  ( 1.685074962839921975, 63.50494895489651981, 5.257661012124446920 ) ) ;
#3927 = CARTESIAN_POINT ( 'NONE',  ( 8.416083632015388005, 64.89889655432337179, 6.702881845132876215 ) ) ;
#3928 = CARTESIAN_POINT ( 'NONE',  ( -1.089363256036574468, 62.36791860218107786, 5.078960044111205718 ) ) ;
#3929 = ADVANCED_FACE ( 'NONE', ( #3726 ), #1756, .F. ) ;
#3930 = EDGE_CURVE ( 'NONE', #105, #3805, #2002, .T. ) ;
#3931 = ORIENTED_EDGE ( 'NONE', *, *, #2370, .T. ) ;
#3932 = CIRCLE ( 'NONE', #2052, 1.599999999999998979 ) ;
#3933 = CARTESIAN_POINT ( 'NONE',  ( 1.284247211982853775E-15, 60.50691563653041527, 0.1000000000000011297 ) ) ;
#3934 = CARTESIAN_POINT ( 'NONE',  ( -0.4145494396872768106, 60.43381938547597088, 0.000000000000000000 ) ) ;
#3935 = DIRECTION ( 'NONE',  ( -1.000000000000000000, 0.000000000000000000, 0.000000000000000000 ) ) ;
#3936 = CARTESIAN_POINT ( 'NONE',  ( 8.609001948868529652, 63.43060841349859658, 6.474026497334604890 ) ) ;
#3937 = B_SPLINE_SURFACE_WITH_KNOTS ( 'NONE', 1, 3, ( 
 ( #48, #2314, #1991, #3328, #371, #456 ),
 ( #1668, #2793, #2538, #3842, #1496, #592 ) ),
 .UNSPECIFIED., .F., .F., .F.,
 ( 2, 2 ),
 ( 4, 2, 4 ),
 ( 0.000000000000000000, 1.000000000000000000 ),
 ( 0.000000000000000000, 0.0003092072940378079731, 0.0006184145880756159461 ),
 .UNSPECIFIED. ) ;
#3938 = LINE ( 'NONE', #1295, #3395 ) ;
#3939 = EDGE_CURVE ( 'NONE', #1296, #1652, #2079, .T. ) ;
#3940 = ORIENTED_EDGE ( 'NONE', *, *, #1540, .F. ) ;
#3941 = CARTESIAN_POINT ( 'NONE',  ( 1.146555958370729877, 62.14679716482887528, 4.807716365554092874 ) ) ;
#3942 = CARTESIAN_POINT ( 'NONE',  ( -11.53886748682427843, 64.88206692404348530, 4.830339399547793455 ) ) ;
#3943 = CARTESIAN_POINT ( 'NONE',  ( 7.674689901023064920, 61.86017053465159421, 5.000000000000000000 ) ) ;
#3944 = ORIENTED_EDGE ( 'NONE', *, *, #4142, .F. ) ;
#3945 = CIRCLE ( 'NONE', #1987, 1.700000000000010614 ) ;
#3946 = CARTESIAN_POINT ( 'NONE',  ( 8.781396682238096218, 63.00263397809258237, 5.674188503718776921 ) ) ;
#3947 = LINE ( 'NONE', #1599, #1437 ) ;
#3948 = CARTESIAN_POINT ( 'NONE',  ( 0.5366801873056651351, 63.50494895489606506, 5.650276894064418798 ) ) ;
#3949 = EDGE_LOOP ( 'NONE', ( #1144, #1190, #1575, #2997, #138, #3574, #3856, #3459, #4252, #2728, #3049, #1207, #2462, #1635 ) ) ;
#3950 = CIRCLE ( 'NONE', #2278, 9.493084363469568743 ) ;
#3951 = EDGE_CURVE ( 'NONE', #3552, #3786, #3125, .T. ) ;
#3952 = EDGE_CURVE ( 'NONE', #1899, #1217, #3798, .T. ) ;
#3953 = VECTOR ( 'NONE', #1911, 1000.000000000000114 ) ;
#3954 = CARTESIAN_POINT ( 'NONE',  ( 0.3070141438533288136, 62.61680949348536274, 5.082075997536692924 ) ) ;
#3955 = ORIENTED_EDGE ( 'NONE', *, *, #956, .F. ) ;
#3956 = CARTESIAN_POINT ( 'NONE',  ( -12.96936658004525356, 63.50494895489654112, 6.217889634778392072 ) ) ;
#3957 = CARTESIAN_POINT ( 'NONE',  ( 2.907961917034699934E-15, 57.50691563653042238, 0.1000000000000038636 ) ) ;
#3958 = CARTESIAN_POINT ( 'NONE',  ( 8.998127716406569832, 64.88206692404349951, 12.31176876537974962 ) ) ;
#3959 = CARTESIAN_POINT ( 'NONE',  ( 8.720286238775242893, 63.15711294385339869, 5.878155182728707295 ) ) ;
#3960 = PLANE ( 'NONE',  #1111 ) ;
#3961 = ORIENTED_EDGE ( 'NONE', *, *, #3196, .T. ) ;
#3962 = CARTESIAN_POINT ( 'NONE',  ( 11.49919059263898369, 63.50494895489655534, 4.667198676905401022 ) ) ;
#3963 = CARTESIAN_POINT ( 'NONE',  ( -0.3038524905425783462, 62.48424888852996872, 4.833544595475211203 ) ) ;
#3964 = CARTESIAN_POINT ( 'NONE',  ( -1.251112659395139604, 62.06767514689177290, 4.799190703457902885 ) ) ;
#3965 = CARTESIAN_POINT ( 'NONE',  ( 24.93038131384291134, 37.86590801425752773, -14.94100762227197343 ) ) ;
#3966 = ORIENTED_EDGE ( 'NONE', *, *, #1621, .F. ) ;
#3967 = EDGE_CURVE ( 'NONE', #1200, #1771, #1731, .T. ) ;
#3968 = ADVANCED_FACE ( 'NONE', ( #3425 ), #157, .T. ) ;
#3969 = CARTESIAN_POINT ( 'NONE',  ( 0.5113433570043712795, 62.57573361563802194, 5.076699822417543473 ) ) ;
#3970 = ORIENTED_EDGE ( 'NONE', *, *, #1428, .F. ) ;
#3971 = ADVANCED_FACE ( 'NONE', ( #3382 ), #1195, .T. ) ;
#3972 = CARTESIAN_POINT ( 'NONE',  ( 1.635431555263491932, 62.01635102415949774, 5.060981061085797705 ) ) ;
#3973 = VECTOR ( 'NONE', #740, 999.9999999999998863 ) ;
#3974 = DIRECTION ( 'NONE',  ( -1.000000000000000000, 0.000000000000000000, 0.000000000000000000 ) ) ;
#3975 = DIRECTION ( 'NONE',  ( 5.337610695313253357E-16, -1.000000000000000000, -0.000000000000000000 ) ) ;
#3976 = DIRECTION ( 'NONE',  ( -5.337610695313253357E-16, 1.000000000000000000, -0.000000000000000000 ) ) ;
#3977 = ORIENTED_EDGE ( 'NONE', *, *, #346, .T. ) ;
#3978 = LINE ( 'NONE', #53, #2909 ) ;
#3979 = DIRECTION ( 'NONE',  ( 5.478400136770790205E-16, -1.000000000000000000, 0.000000000000000000 ) ) ;
#3980 = CARTESIAN_POINT ( 'NONE',  ( -0.7195969970077940037, 62.37352272841140177, 4.826359200467659427 ) ) ;
#3981 = CARTESIAN_POINT ( 'NONE',  ( 0.8926588176280223497, 62.29700839425122894, 4.820734998244371461 ) ) ;
#3982 = ORIENTED_EDGE ( 'NONE', *, *, #921, .F. ) ;
#3983 = EDGE_CURVE ( 'NONE', #212, #84, #2583, .T. ) ;
#3984 = CYLINDRICAL_SURFACE ( 'NONE', #1045, 1.599999999999998979 ) ;
#3985 = ORIENTED_EDGE ( 'NONE', *, *, #1088, .T. ) ;
#3986 = EDGE_CURVE ( 'NONE', #2164, #3759, #745, .T. ) ;
#3987 = VECTOR ( 'NONE', #2404, 1000.000000000000227 ) ;
#3988 = CARTESIAN_POINT ( 'NONE',  ( -8.298904791554143401, 11.01736481776666565, 0.000000000000000000 ) ) ;
#3989 = CARTESIAN_POINT ( 'NONE',  ( -0.1533788019426348403, 62.63712730425903885, 5.082206269987124436 ) ) ;
#3990 = CARTESIAN_POINT ( 'NONE',  ( 8.831288887147836775, 62.85766981555796207, 5.526844135270423841 ) ) ;
#3991 = EDGE_CURVE ( 'NONE', #2234, #4165, #24, .T. ) ;
#3992 = DIRECTION ( 'NONE',  ( 0.6963642403200110964, 0.1227878039689743878, -0.7071067811865551223 ) ) ;
#3993 = DIRECTION ( 'NONE',  ( -0.1736481776669342170, -0.9848077530122073542, 0.000000000000000000 ) ) ;
#3994 = CARTESIAN_POINT ( 'NONE',  ( -19.69615506024415197, 3.472963553338685561, 4.699999999999991296 ) ) ;
#3995 = DIRECTION ( 'NONE',  ( 0.6963642403199993280, -0.1227878039689722228, -0.7071067811865670016 ) ) ;
#3996 = EDGE_CURVE ( 'NONE', #3767, #3197, #2766, .T. ) ;
#3997 = LINE ( 'NONE', #1317, #239 ) ;
#3998 = AXIS2_PLACEMENT_3D ( 'NONE', #3467, #2122, #554 ) ;
#3999 = ORIENTED_EDGE ( 'NONE', *, *, #2752, .F. ) ;
#4000 = CARTESIAN_POINT ( 'NONE',  ( 9.533490464827542255, 63.50494895489654112, 2.948107808817814313 ) ) ;
#4001 = DIRECTION ( 'NONE',  ( -8.673617379884027583E-16, 1.000000000000000000, 0.000000000000000000 ) ) ;
#4002 = CARTESIAN_POINT ( 'NONE',  ( 1.386449198481257028, 61.94838861460539903, 4.783211126832145332 ) ) ;
#4003 = CARTESIAN_POINT ( 'NONE',  ( 0.3888767775816835415, 62.46907404054731217, 4.832613249104730002 ) ) ;
#4004 = DIRECTION ( 'NONE',  ( -5.421010862427535975E-16, 1.000000000000000000, 0.000000000000000000 ) ) ;
#4005 = ORIENTED_EDGE ( 'NONE', *, *, #766, .F. ) ;
#4006 = AXIS2_PLACEMENT_3D ( 'NONE', #2879, #3550, #3205 ) ;
#4007 = LINE ( 'NONE', #1724, #1182 ) ;
#4008 = EDGE_CURVE ( 'NONE', #3878, #145, #2517, .T. ) ;
#4009 = AXIS2_PLACEMENT_3D ( 'NONE', #2328, #2653, #1426 ) ;
#4010 = VECTOR ( 'NONE', #2969, 1000.000000000000000 ) ;
#4011 = CARTESIAN_POINT ( 'NONE',  ( 1.054901537609262752, 62.38627648760517985, 5.079367049226010344 ) ) ;
#4012 = DIRECTION ( 'NONE',  ( 0.7071067811864876207, 8.659560562354199464E-17, -0.7071067811866074138 ) ) ;
#4013 = FACE_OUTER_BOUND ( 'NONE', #680, .T. ) ;
#4014 = VERTEX_POINT ( 'NONE', #1203 ) ;
#4015 = EDGE_CURVE ( 'NONE', #1200, #2272, #226, .T. ) ;
#4016 = AXIS2_PLACEMENT_3D ( 'NONE', #1519, #1541, #1602 ) ;
#4017 = DIRECTION ( 'NONE',  ( -1.000000000000000000, 0.000000000000000000, 0.000000000000000000 ) ) ;
#4018 = ORIENTED_EDGE ( 'NONE', *, *, #3510, .F. ) ;
#4019 = CARTESIAN_POINT ( 'NONE',  ( 7.679368016496269898E-15, 57.50691563653042238, 0.000000000000000000 ) ) ;
#4020 = CARTESIAN_POINT ( 'NONE',  ( -10.30082352996245199, 63.50494895489654112, 3.897422491725612392 ) ) ;
#4021 = CARTESIAN_POINT ( 'NONE',  ( 1.442133111975754556, 61.89265619829793508, 4.773732509853447326 ) ) ;
#4022 = CARTESIAN_POINT ( 'NONE',  ( 0.2479606232476790906, 62.49180247634073027, 4.833996326385690878 ) ) ;
#4023 = CARTESIAN_POINT ( 'NONE',  ( 8.899995320815937916, 63.80976881527844569, 6.329796151486529077 ) ) ;
#4024 = CARTESIAN_POINT ( 'NONE',  ( 1.801895556293187539, 61.37477069597920831, 4.700000000000000178 ) ) ;
#4025 = ORIENTED_EDGE ( 'NONE', *, *, #4080, .F. ) ;
#4026 = LINE ( 'NONE', #3398, #2679 ) ;
#4027 = EDGE_LOOP ( 'NONE', ( #531, #4051, #2921, #583 ) ) ;
#4028 = CARTESIAN_POINT ( 'NONE',  ( -9.053420755240098927, 62.10327798338528993, 5.000000000000000000 ) ) ;
#4029 = ORIENTED_EDGE ( 'NONE', *, *, #1966, .F. ) ;
#4030 = DIRECTION ( 'NONE',  ( -1.000000000000000000, 0.000000000000000000, 0.000000000000000000 ) ) ;
#4031 = ADVANCED_FACE ( 'NONE', ( #3165 ), #2416, .F. ) ;
#4032 = CIRCLE ( 'NONE', #2174, 2.000000000000000000 ) ;
#4033 = EDGE_CURVE ( 'NONE', #1466, #873, #2695, .T. ) ;
#4034 = DIRECTION ( 'NONE',  ( -0.000000000000000000, -0.000000000000000000, -1.000000000000000000 ) ) ;
#4035 = DIRECTION ( 'NONE',  ( 1.000000000000000000, 0.000000000000000000, 3.252606517456515274E-15 ) ) ;
#4036 = VERTEX_POINT ( 'NONE', #1005 ) ;
#4037 = DIRECTION ( 'NONE',  ( -1.000000000000000000, -5.337610695313253357E-16, -0.000000000000000000 ) ) ;
#4038 = VECTOR ( 'NONE', #1193, 1000.000000000000000 ) ;
#4039 = CARTESIAN_POINT ( 'NONE',  ( -8.714072572963640795, 63.50494895489652691, 6.303291279875927522 ) ) ;
#4040 = ORIENTED_EDGE ( 'NONE', *, *, #1938, .T. ) ;
#4041 = LINE ( 'NONE', #824, #2474 ) ;
#4042 = CARTESIAN_POINT ( 'NONE',  ( -8.424767174428216876, 64.88206692404352793, 1.222856522482011821 ) ) ;
#4043 = CARTESIAN_POINT ( 'NONE',  ( -8.424767174428213323, 64.88206692404348530, 1.000000000000000000 ) ) ;
#4044 = CARTESIAN_POINT ( 'NONE',  ( -8.200424016252897630, 10.99999999999997158, 4.699999999999977973 ) ) ;
#4045 = CARTESIAN_POINT ( 'NONE',  ( -0.8925738381077600314, 62.29678542296119304, 4.820705267843848674 ) ) ;
#4046 = CARTESIAN_POINT ( 'NONE',  ( -9.250382305842562047, 62.13800761891867808, 0.000000000000000000 ) ) ;
#4047 = ORIENTED_EDGE ( 'NONE', *, *, #2684, .F. ) ;
#4048 = CARTESIAN_POINT ( 'NONE',  ( -8.602699428858437969, 63.45567025765281954, 6.557814525609026113 ) ) ;
#4049 = DIRECTION ( 'NONE',  ( -0.000000000000000000, -0.000000000000000000, -1.000000000000000000 ) ) ;
#4050 = EDGE_CURVE ( 'NONE', #2157, #40, #1866, .T. ) ;
#4051 = ORIENTED_EDGE ( 'NONE', *, *, #1428, .T. ) ;
#4052 = CARTESIAN_POINT ( 'NONE',  ( -8.596952592105889579, 63.46890291743402202, 6.618182770137628346 ) ) ;
#4053 = LINE ( 'NONE', #3469, #524 ) ;
#4054 = DIRECTION ( 'NONE',  ( -0.000000000000000000, -0.000000000000000000, 1.000000000000000000 ) ) ;
#4055 = EDGE_CURVE ( 'NONE', #4092, #84, #3464, .T. ) ;
#4056 = CARTESIAN_POINT ( 'NONE',  ( 1.537371938887466705, 61.78699596693845564, 4.749014179449460471 ) ) ;
#4057 = EDGE_LOOP ( 'NONE', ( #2072, #1067, #2492, #579 ) ) ;
#4058 = EDGE_CURVE ( 'NONE', #453, #1592, #1518, .T. ) ;
#4059 = CARTESIAN_POINT ( 'NONE',  ( 9.431938711560414745, 61.68422712425031307, 4.703370981524814809 ) ) ;
#4060 = EDGE_LOOP ( 'NONE', ( #2099, #3436, #3634, #1196 ) ) ;
#4061 = CARTESIAN_POINT ( 'NONE',  ( -15.69999999999999929, 0.000000000000000000, 0.000000000000000000 ) ) ;
#4062 = CARTESIAN_POINT ( 'NONE',  ( 7.500000000000000000, -2.775557561562891351E-14, 4.700000000000023270 ) ) ;
#4063 = CARTESIAN_POINT ( 'NONE',  ( -0.8229403807365585077, 62.48725628797246401, 5.080895393892207679 ) ) ;
#4064 = DIRECTION ( 'NONE',  ( 5.337610695313253357E-16, -1.000000000000000000, -0.000000000000000000 ) ) ;
#4065 = EDGE_LOOP ( 'NONE', ( #2036, #1789, #3076, #3707 ) ) ;
#4066 = ORIENTED_EDGE ( 'NONE', *, *, #4107, .F. ) ;
#4067 = CARTESIAN_POINT ( 'NONE',  ( -9.007244137577101739, 61.50494895489652691, 5.000000000000000000 ) ) ;
#4068 = AXIS2_PLACEMENT_3D ( 'NONE', #2721, #834, #2729 ) ;
#4069 = CARTESIAN_POINT ( 'NONE',  ( -12.29999999999998472, 2.081899558550508908E-16, 0.000000000000000000 ) ) ;
#4070 = DIRECTION ( 'NONE',  ( -0.8759792377279013165, 0.000000000000000000, -0.4823488105817666516 ) ) ;
#4071 = CIRCLE ( 'NONE', #2269, 20.00000000000001776 ) ;
#4072 = ORIENTED_EDGE ( 'NONE', *, *, #2355, .T. ) ;
#4073 = CARTESIAN_POINT ( 'NONE',  ( -8.703016649580177955, 63.21232833268854279, 5.958081327995742527 ) ) ;
#4074 = CARTESIAN_POINT ( 'NONE',  ( -8.875910831001963430, 62.71899331851496839, 5.410229496880625710 ) ) ;
#4075 = FACE_OUTER_BOUND ( 'NONE', #422, .T. ) ;
#4076 = CARTESIAN_POINT ( 'NONE',  ( 14.00000000000000888, -2.465190328815661892E-29, 0.000000000000000000 ) ) ;
#4077 = VECTOR ( 'NONE', #3993, 1000.000000000000114 ) ;
#4078 = VECTOR ( 'NONE', #3150, 1000.000000000000114 ) ;
#4079 = ADVANCED_FACE ( 'NONE', ( #1957 ), #1634, .F. ) ;
#4080 = EDGE_CURVE ( 'NONE', #3838, #1043, #3950, .T. ) ;
#4081 = DIRECTION ( 'NONE',  ( 5.337610695313253357E-16, -1.000000000000000000, -0.000000000000000000 ) ) ;
#4082 = FACE_OUTER_BOUND ( 'NONE', #3949, .T. ) ;
#4083 = ORIENTED_EDGE ( 'NONE', *, *, #1102, .T. ) ;
#4084 = DIRECTION ( 'NONE',  ( 0.000000000000000000, 0.000000000000000000, -1.000000000000000000 ) ) ;
#4085 = ORIENTED_EDGE ( 'NONE', *, *, #3180, .T. ) ;
#4086 = CARTESIAN_POINT ( 'NONE',  ( 14.00000000000000888, -2.465190328815661892E-29, 0.09999999999999702183 ) ) ;
#4087 = CARTESIAN_POINT ( 'NONE',  ( 15.60000000000001208, -2.465190328815661892E-29, 0.09999999999999702183 ) ) ;
#4088 = LINE ( 'NONE', #2780, #3618 ) ;
#4089 = CARTESIAN_POINT ( 'NONE',  ( -1.459428457751654751, 61.87444923741496439, 4.770220352447731571 ) ) ;
#4090 = CARTESIAN_POINT ( 'NONE',  ( 8.687965266206060022, 63.25061521392293429, 6.022295081457082588 ) ) ;
#4091 = COORDINATED_UNIVERSAL_TIME_OFFSET ( 3, 0, .BEHIND. ) ;
#4092 = VERTEX_POINT ( 'NONE', #2864 ) ;
#4093 = AXIS2_PLACEMENT_3D ( 'NONE', #321, #2905, #2595 ) ;
#4094 =( GEOMETRIC_REPRESENTATION_CONTEXT ( 3 ) GLOBAL_UNCERTAINTY_ASSIGNED_CONTEXT ( ( #63 ) ) GLOBAL_UNIT_ASSIGNED_CONTEXT ( ( #3680, #1657, #398 ) ) REPRESENTATION_CONTEXT ( 'NONE', 'WORKASPACE' ) );
#4095 = PLANE ( 'NONE',  #1008 ) ;
#4096 = PLANE ( 'NONE',  #1120 ) ;
#4097 = AXIS2_PLACEMENT_3D ( 'NONE', #2525, #274, #2200 ) ;
#4098 = CARTESIAN_POINT ( 'NONE',  ( -12.99999999999999645, 63.44991728298236922, 5.216843351520491723 ) ) ;
#4099 = FACE_OUTER_BOUND ( 'NONE', #2391, .T. ) ;
#4100 = VERTEX_POINT ( 'NONE', #3633 ) ;
#4101 = ORIENTED_EDGE ( 'NONE', *, *, #1920, .T. ) ;
#4102 = EDGE_CURVE ( 'NONE', #3414, #2430, #3611, .T. ) ;
#4103 = CARTESIAN_POINT ( 'NONE',  ( 1.733184783983264143, 63.50494895489652691, 7.000000000000000000 ) ) ;
#4104 = CARTESIAN_POINT ( 'NONE',  ( -8.781480986782792542, 63.00231617561473030, 5.674125898677099933 ) ) ;
#4105 = DIRECTION ( 'NONE',  ( 0.000000000000000000, 0.000000000000000000, 1.000000000000000000 ) ) ;
#4106 = DIRECTION ( 'NONE',  ( 0.000000000000000000, 0.000000000000000000, 1.000000000000000000 ) ) ;
#4107 = EDGE_CURVE ( 'NONE', #3414, #2554, #1673, .T. ) ;
#4108 = CARTESIAN_POINT ( 'NONE',  ( -11.69003498648121209, 63.50494895489652691, 4.737664765748742290 ) ) ;
#4109 = VECTOR ( 'NONE', #427, 1000.000000000000114 ) ;
#4110 = CARTESIAN_POINT ( 'NONE',  ( 13.00000000000000178, 63.50494895489654112, 20.00000000000000000 ) ) ;
#4111 = EDGE_LOOP ( 'NONE', ( #252, #3448, #952, #1822 ) ) ;
#4112 = CARTESIAN_POINT ( 'NONE',  ( 9.405464751863322093, 61.83436841057368838, 4.716632902045928333 ) ) ;
#4113 = VERTEX_POINT ( 'NONE', #360 ) ;
#4114 = CARTESIAN_POINT ( 'NONE',  ( 16.69560830392858009, 10.69999999999994778, 5.000000000000000000 ) ) ;
#4115 = DIRECTION ( 'NONE',  ( 0.6963642403200003272, -0.1227878039689723894, 0.7071067811865658914 ) ) ;
#4116 = CARTESIAN_POINT ( 'NONE',  ( -1.465508289490647265, 61.86793170639376882, 4.768897396841225600 ) ) ;
#4117 = CARTESIAN_POINT ( 'NONE',  ( 8.954190995132456976, 62.44834991112524847, 5.235569311034431905 ) ) ;
#4118 = PERSON_AND_ORGANIZATION ( #1119, #3192 ) ;
#4119 = ORIENTED_EDGE ( 'NONE', *, *, #3986, .T. ) ;
#4120 = EDGE_LOOP ( 'NONE', ( #1251, #2108, #3494, #1082, #494 ) ) ;
#4121 = CARTESIAN_POINT ( 'NONE',  ( -8.647311949975827972, 63.35056020455218118, 6.227331827589311253 ) ) ;
#4122 = FACE_OUTER_BOUND ( 'NONE', #4219, .T. ) ;
#4123 = LINE ( 'NONE', #838, #2331 ) ;
#4124 = CARTESIAN_POINT ( 'NONE',  ( 14.00000000000000888, -2.465190328815661892E-29, 0.000000000000000000 ) ) ;
#4125 = EDGE_CURVE ( 'NONE', #790, #23, #3335, .T. ) ;
#4126 = CC_DESIGN_DATE_AND_TIME_ASSIGNMENT ( #1768, #1855, ( #705 ) ) ;
#4127 = CARTESIAN_POINT ( 'NONE',  ( -8.610530583040842956, 63.43754715084219953, 6.484416165772739049 ) ) ;
#4128 = CARTESIAN_POINT ( 'NONE',  ( 7.679368016496269898E-15, 57.50691563653042238, 0.1000000000000028783 ) ) ;
#4129 = DIRECTION ( 'NONE',  ( -1.000000000000000000, 0.000000000000000000, 0.000000000000000000 ) ) ;
#4130 = DIRECTION ( 'NONE',  ( 0.1736481776669344668, -0.9848077530122072432, 0.000000000000000000 ) ) ;
#4131 = VECTOR ( 'NONE', #2363, 1000.000000000000000 ) ;
#4132 = DIRECTION ( 'NONE',  ( -1.000000000000000000, 0.000000000000000000, 0.000000000000000000 ) ) ;
#4133 = VERTEX_POINT ( 'NONE', #593 ) ;
#4134 = CARTESIAN_POINT ( 'NONE',  ( -9.454364632207441943, 61.55704340819661269, 4.699999999999991296 ) ) ;
#4135 = EDGE_LOOP ( 'NONE', ( #2289, #2006, #1240, #3657 ) ) ;
#4136 = CARTESIAN_POINT ( 'NONE',  ( 8.746227435682335738, 64.88206692404351372, 2.501829704731294957 ) ) ;
#4137 = CARTESIAN_POINT ( 'NONE',  ( 0.000000000000000000, -2.775557561562891351E-14, 4.700000000000023270 ) ) ;
#4138 = CARTESIAN_POINT ( 'NONE',  ( -1.150496422268657781, 62.14300972968936776, 4.807219746986874931 ) ) ;
#4139 = CARTESIAN_POINT ( 'NONE',  ( 0.1522119363539662928, 62.63330507302980266, 5.082181066414439563 ) ) ;
#4140 = ORIENTED_EDGE ( 'NONE', *, *, #3787, .F. ) ;
#4141 = ORIENTED_EDGE ( 'NONE', *, *, #894, .T. ) ;
#4142 = EDGE_CURVE ( 'NONE', #505, #210, #3491, .T. ) ;
#4143 = LINE ( 'NONE', #122, #2643 ) ;
#4144 = DIRECTION ( 'NONE',  ( 5.337610695313253357E-16, -1.000000000000000000, -0.000000000000000000 ) ) ;
#4145 = CARTESIAN_POINT ( 'NONE',  ( -8.357649541840231677, 65.00947742548794395, 6.283275316435903868 ) ) ;
#4146 = AXIS2_PLACEMENT_3D ( 'NONE', #402, #1701, #3018 ) ;
#4147 = CARTESIAN_POINT ( 'NONE',  ( -8.692117208933574091, 63.24001385107273876, 6.004867513927103495 ) ) ;
#4148 = CARTESIAN_POINT ( 'NONE',  ( -8.906282378956539958, 62.61828096508928354, 5.338523006354589207 ) ) ;
#4149 = CARTESIAN_POINT ( 'NONE',  ( -0.3073081138121369627, 63.50494895489655534, 6.734335064323985875 ) ) ;
#4150 = AXIS2_PLACEMENT_3D ( 'NONE', #1669, #2660, #3690 ) ;
#4151 = CARTESIAN_POINT ( 'NONE',  ( 14.00000000000000888, -2.465190328815661892E-29, 0.09999999999999702183 ) ) ;
#4152 = ORIENTED_EDGE ( 'NONE', *, *, #46, .F. ) ;
#4153 = FACE_OUTER_BOUND ( 'NONE', #3232, .T. ) ;
#4154 = ORIENTED_EDGE ( 'NONE', *, *, #3939, .T. ) ;
#4155 = DIRECTION ( 'NONE',  ( -0.9848077530122073542, -0.1736481776669344945, 0.000000000000000000 ) ) ;
#4156 = CARTESIAN_POINT ( 'NONE',  ( -12.99999999999999822, 64.88206692404348530, 20.00000000000000000 ) ) ;
#4157 = CARTESIAN_POINT ( 'NONE',  ( -0.4181717714807879349, 62.59908783010649813, 5.081952461035696977 ) ) ;
#4158 = ORIENTED_EDGE ( 'NONE', *, *, #2719, .T. ) ;
#4159 = CARTESIAN_POINT ( 'NONE',  ( 8.843133265203670490, 62.82219855264779795, 5.493989401149662832 ) ) ;
#4160 = APPROVAL_DATE_TIME ( #3112, #3351 ) ;
#4161 = ORIENTED_EDGE ( 'NONE', *, *, #3204, .T. ) ;
#4162 = VECTOR ( 'NONE', #3541, 1000.000000000000000 ) ;
#4163 = CARTESIAN_POINT ( 'NONE',  ( 16.33808222615028072, 10.99999999999997158, 0.1000000000000143274 ) ) ;
#4164 = CARTESIAN_POINT ( 'NONE',  ( 11.69092274479334925, 63.49526339904555527, 4.737076485677992110 ) ) ;
#4165 = VERTEX_POINT ( 'NONE', #661 ) ;
#4166 = VECTOR ( 'NONE', #1321, 1000.000000000000114 ) ;
#4167 = CARTESIAN_POINT ( 'NONE',  ( -8.883653245275024091, 62.69377302968198507, 5.391449113748540078 ) ) ;
#4168 = CARTESIAN_POINT ( 'NONE',  ( 8.834576293092379018, 63.50494895489654112, 6.025097354937714478 ) ) ;
#4169 = CARTESIAN_POINT ( 'NONE',  ( 0.7043090836453961279, 63.50494895489652691, 6.842879354074590026 ) ) ;
#4170 = FACE_OUTER_BOUND ( 'NONE', #3748, .T. ) ;
#4171 = EDGE_LOOP ( 'NONE', ( #2790, #3009, #3394, #1416 ) ) ;
#4172 = ADVANCED_FACE ( 'NONE', ( #3393 ), #3057, .F. ) ;
#4173 = DIRECTION ( 'NONE',  ( 5.337610695313253357E-16, -1.000000000000000000, -0.000000000000000000 ) ) ;
#4174 = EDGE_CURVE ( 'NONE', #1466, #2991, #2334, .T. ) ;
#4175 = ORIENTED_EDGE ( 'NONE', *, *, #1596, .T. ) ;
#4176 = PLANE ( 'NONE',  #3648 ) ;
#4177 = LINE ( 'NONE', #3808, #3987 ) ;
#4178 = DIRECTION ( 'NONE',  ( 0.000000000000000000, 0.000000000000000000, 1.000000000000000000 ) ) ;
#4179 = CARTESIAN_POINT ( 'NONE',  ( 14.00000000000000888, -2.465190328815661892E-29, 4.700000000000013500 ) ) ;
#4180 = APPROVAL_ROLE ( '' ) ;
#4181 = ORIENTED_EDGE ( 'NONE', *, *, #2067, .F. ) ;
#4182 = DIRECTION ( 'NONE',  ( -0.000000000000000000, 1.000000000000000000, -0.000000000000000000 ) ) ;
#4183 = CARTESIAN_POINT ( 'NONE',  ( 8.137658209897374206, 57.80691563653042664, 5.000000000000000000 ) ) ;
#4184 = VECTOR ( 'NONE', #502, 1000.000000000000114 ) ;
#4185 = EDGE_LOOP ( 'NONE', ( #475, #3636, #2159, #1759 ) ) ;
#4186 = VECTOR ( 'NONE', #641, 1000.000000000000114 ) ;
#4187 = CARTESIAN_POINT ( 'NONE',  ( -11.64779464400679920, 63.96512485494554312, 4.765644018892699840 ) ) ;
#4188 = CARTESIAN_POINT ( 'NONE',  ( 8.668007711845911345, 63.50494895489652691, 6.439155141971382612 ) ) ;
#4189 = CARTESIAN_POINT ( 'NONE',  ( -9.348863081143788278, 62.15537243668536860, 5.000000000000000000 ) ) ;
#4190 = CARTESIAN_POINT ( 'NONE',  ( -1.712867869840164703, 61.96414600772770598, 5.053203744886417326 ) ) ;
#4191 = ORIENTED_EDGE ( 'NONE', *, *, #248, .T. ) ;
#4192 = CARTESIAN_POINT ( 'NONE',  ( -9.366036672480340997, 62.05797616036083753, 4.755091569936666041 ) ) ;
#4193 = CIRCLE ( 'NONE', #2806, 1.899999999999999023 ) ;
#4194 = ORIENTED_EDGE ( 'NONE', *, *, #2415, .T. ) ;
#4195 = FACE_OUTER_BOUND ( 'NONE', #4057, .T. ) ;
#4196 = CARTESIAN_POINT ( 'NONE',  ( -1.523139917828615797, 57.50691563653041527, 4.699999999999991296 ) ) ;
#4197 = CARTESIAN_POINT ( 'NONE',  ( -0.05942032460316153120, 58.30910015959239701, 4.897815476938002455 ) ) ;
#4198 = CARTESIAN_POINT ( 'NONE',  ( 9.050466331981066759, 62.02393369292529002, 5.071756538767458800 ) ) ;
#4199 = EDGE_CURVE ( 'NONE', #2535, #873, #3538, .T. ) ;
#4200 = VERTEX_POINT ( 'NONE', #4046 ) ;
#4201 = FACE_OUTER_BOUND ( 'NONE', #4203, .T. ) ;
#4202 = CARTESIAN_POINT ( 'NONE',  ( -7.415773265690043914, 66.44028411609467355, 5.034739766639399150 ) ) ;
#4203 = EDGE_LOOP ( 'NONE', ( #4161, #2326, #1776, #2546 ) ) ;
#4204 = DIRECTION ( 'NONE',  ( -0.7071067811865593411, 8.659560562355077072E-17, 0.7071067811865358044 ) ) ;
#4205 = CARTESIAN_POINT ( 'NONE',  ( 0.000000000000000000, -2.775557561562891351E-14, 5.000000000000000000 ) ) ;
#4206 = CARTESIAN_POINT ( 'NONE',  ( 0.7040800799160509271, 63.50494895489652691, 6.842821852059491228 ) ) ;
#4207 = PRODUCT ( 'eslabon_pantorrilla_flexible', 'eslabon_pantorrilla_flexible', '', ( #2711 ) ) ;
#4208 = CIRCLE ( 'NONE', #4068, 1.599999999999998979 ) ;
#4209 = CARTESIAN_POINT ( 'NONE',  ( -2.099999999999975664, 60.50691563653041527, 0.000000000000000000 ) ) ;
#4210 = ORIENTED_EDGE ( 'NONE', *, *, #2464, .T. ) ;
#4211 = EDGE_LOOP ( 'NONE', ( #3818, #3091, #1879, #3133 ) ) ;
#4212 = AXIS2_PLACEMENT_3D ( 'NONE', #979, #4237, #3565 ) ;
#4213 = LINE ( 'NONE', #4235, #3742 ) ;
#4214 = CARTESIAN_POINT ( 'NONE',  ( -9.089036625879561626, 61.84960346923337937, 5.029680718689805374 ) ) ;
#4215 = CARTESIAN_POINT ( 'NONE',  ( -1.243460119035850742, 62.28236464644326986, 5.076849538691498687 ) ) ;
#4216 = DIRECTION ( 'NONE',  ( 1.061766890363825891E-16, -1.000000000000000000, 0.000000000000000000 ) ) ;
#4217 = VECTOR ( 'NONE', #3341, 1000.000000000000000 ) ;
#4218 = VECTOR ( 'NONE', #1242, 1000.000000000000000 ) ;
#4219 = EDGE_LOOP ( 'NONE', ( #3607, #152, #3218, #2551 ) ) ;
#4220 = DIRECTION ( 'NONE',  ( 5.478400136770790205E-16, -1.000000000000000000, 0.000000000000000000 ) ) ;
#4221 = CARTESIAN_POINT ( 'NONE',  ( -7.231934810455293849, 66.66359553544613448, 4.999999999999998224 ) ) ;
#4222 = CARTESIAN_POINT ( 'NONE',  ( -9.006288116597312765, 62.24383967466501844, 5.138043566494476799 ) ) ;
#4223 = ORIENTED_EDGE ( 'NONE', *, *, #773, .F. ) ;
#4224 = VECTOR ( 'NONE', #2343, 1000.000000000000000 ) ;
#4225 = EDGE_CURVE ( 'NONE', #67, #2272, #696, .T. ) ;
#4226 = LINE ( 'NONE', #3924, #1931 ) ;
#4227 = DIRECTION ( 'NONE',  ( 0.000000000000000000, 0.000000000000000000, 1.000000000000000000 ) ) ;
#4228 = CARTESIAN_POINT ( 'NONE',  ( 0.9948643779814753119, 63.50494895489652691, 6.912030090536765314 ) ) ;
#4229 = VECTOR ( 'NONE', #4064, 1000.000000000000000 ) ;
#4230 = B_SPLINE_CURVE_WITH_KNOTS ( 'NONE', 3,
 ( #1655, #3337, #2939, #1003, #1632, #1355 ),
 .UNSPECIFIED., .F., .F.,
 ( 4, 2, 4 ),
 ( 0.000000000000000000, 0.5000000000000000000, 1.000000000000000000 ),
 .UNSPECIFIED. ) ;
#4231 = DIRECTION ( 'NONE',  ( -0.6963642403199959974, -0.1227878039689717371, -0.7071067811865704433 ) ) ;
#4232 = PLANE ( 'NONE',  #4016 ) ;
#4233 = EDGE_CURVE ( 'NONE', #145, #1443, #2563, .T. ) ;
#4234 = ORIENTED_EDGE ( 'NONE', *, *, #2153, .T. ) ;
#4235 = CARTESIAN_POINT ( 'NONE',  ( -8.200424016252899406, 10.99999999999996803, 0.1000000000000028505 ) ) ;
#4236 = CARTESIAN_POINT ( 'NONE',  ( -9.104488780358160227, 61.77339113368842050, 5.018094865066449195 ) ) ;
#4237 = DIRECTION ( 'NONE',  ( 0.6963642403200185349, -0.1227878039689755951, -0.7071067811865474617 ) ) ;
#4238 = CARTESIAN_POINT ( 'NONE',  ( 19.59767428494292929, 3.455598735572042113, 0.000000000000000000 ) ) ;
#4239 = ORIENTED_EDGE ( 'NONE', *, *, #3569, .T. ) ;
#4240 = LINE ( 'NONE', #2571, #3723 ) ;
#4241 = CARTESIAN_POINT ( 'NONE',  ( -12.85658342553065658, 64.88206692404349951, 5.900899048277723047 ) ) ;
#4242 = ORIENTED_EDGE ( 'NONE', *, *, #3557, .F. ) ;
#4243 = EDGE_CURVE ( 'NONE', #2570, #1361, #119, .T. ) ;
#4244 = CARTESIAN_POINT ( 'NONE',  ( 8.620243499216080352, 63.41490233806852928, 6.403947594608218274 ) ) ;
#4245 = CARTESIAN_POINT ( 'NONE',  ( -8.226369619475764949, 63.50494895489652691, 13.71333554574443347 ) ) ;
#4246 = CARTESIAN_POINT ( 'NONE',  ( -0.3191043117112983274, 62.61345942113843677, 5.078594221269445264 ) ) ;
#4247 = VECTOR ( 'NONE', #1609, 999.9999999999998863 ) ;
#4248 = EDGE_CURVE ( 'NONE', #1466, #23, #1118, .T. ) ;
#4249 = CARTESIAN_POINT ( 'NONE',  ( 8.152519101141242786, 65.37151265297517000, 5.682020442210052202 ) ) ;
#4250 = EDGE_CURVE ( 'NONE', #2082, #463, #2735, .T. ) ;
#4251 = CARTESIAN_POINT ( 'NONE',  ( -1.402874456279247894, 62.18063947733472929, 5.073069844505996961 ) ) ;
#4252 = ORIENTED_EDGE ( 'NONE', *, *, #4055, .T. ) ;
#4253 = CARTESIAN_POINT ( 'NONE',  ( -8.788191635609573282, 62.98370880106219971, 5.652225604743202680 ) ) ;
#4254 = CARTESIAN_POINT ( 'NONE',  ( -1.661582492339181316, 61.99810996532656304, 5.058676975108801877 ) ) ;
#4255 = CARTESIAN_POINT ( 'NONE',  ( -8.998127716406610688, 78.50494895489653402, 12.31176876537979759 ) ) ;
#4256 = CARTESIAN_POINT ( 'NONE',  ( 9.348863081143788278, 62.15537243668537570, 0.1000000000000011297 ) ) ;
#4257 = ORIENTED_EDGE ( 'NONE', *, *, #3855, .F. ) ;
#4258 = CARTESIAN_POINT ( 'NONE',  ( 10.78180626398080477, 63.50494895489654112, 4.277058572516491353 ) ) ;
#4259 = CARTESIAN_POINT ( 'NONE',  ( 1.405980462301161804, 61.92950961839915891, 4.780251335175067062 ) ) ;
#4260 = CARTESIAN_POINT ( 'NONE',  ( -11.74970876291705402, 64.88206692401554676, 4.889663389779808078 ) ) ;
#4261 = DIRECTION ( 'NONE',  ( -0.000000000000000000, -0.000000000000000000, -1.000000000000000000 ) ) ;
#4262 = EDGE_LOOP ( 'NONE', ( #2038, #4234, #699, #2066 ) ) ;
#4263 = EDGE_CURVE ( 'NONE', #210, #1137, #419, .T. ) ;
#4264 = CARTESIAN_POINT ( 'NONE',  ( -0.5784257253763060991, 62.55787451834000734, 5.075788248308111150 ) ) ;
#4265 = EDGE_LOOP ( 'NONE', ( #1326, #3977, #1603, #3683 ) ) ;
#4266 = DIRECTION ( 'NONE',  ( -0.6444004775717868672, 0.5407162030609418135, -0.5407162030609137249 ) ) ;
ENDSEC;
END-ISO-10303-21;
