ISO-10303-21;
HEADER;
FILE_DESCRIPTION (( 'STEP AP203' ),
    '1' );
FILE_NAME ('eslabon_pantorrilla_flexible_v2.STEP',
    '2026-08-16T00:13:45',
    ( '' ),
    ( '' ),
    'SwSTEP 2.0',
    'SolidWorks 2026',
    '' );
FILE_SCHEMA (( 'CONFIG_CONTROL_DESIGN' ));
ENDSEC;

DATA;
#1 = VECTOR ( 'NONE', #522, 1000.000000000000000 ) ;
#2 = DIRECTION ( 'NONE',  ( -0.000000000000000000, -0.000000000000000000, -1.000000000000000000 ) ) ;
#3 = ORIENTED_EDGE ( 'NONE', *, *, #827, .F. ) ;
#4 = VECTOR ( 'NONE', #2577, 1000.000000000000000 ) ;
#5 = ORIENTED_EDGE ( 'NONE', *, *, #31, .T. ) ;
#6 = CARTESIAN_POINT ( 'NONE',  ( -9.270927449379897212, -17.60851794525410696, 0.000000000000000000 ) ) ;
#7 = PLANE ( 'NONE',  #303 ) ;
#8 = CARTESIAN_POINT ( 'NONE',  ( -4.857205130534730131, 68.66572143847680820, 5.182403248395165640 ) ) ;
#9 = CARTESIAN_POINT ( 'NONE',  ( 1.349999999991789768, -19.45000000000000639, 20.00100000000000477 ) ) ;
#10 = EDGE_CURVE ( 'NONE', #1278, #1152, #1785, .T. ) ;
#11 = CARTESIAN_POINT ( 'NONE',  ( -3.956199771728980519, 67.50691563653040816, 7.184735992524827530 ) ) ;
#12 = EDGE_LOOP ( 'NONE', ( #2178, #2880, #1951, #1781 ) ) ;
#13 = CIRCLE ( 'NONE', #2415, 2.000000000000001776 ) ;
#14 = CARTESIAN_POINT ( 'NONE',  ( -8.143215310576598753, 67.50691563653040816, 14.78864959117310640 ) ) ;
#15 = ADVANCED_FACE ( 'NONE', ( #1763 ), #1059, .F. ) ;
#16 = VECTOR ( 'NONE', #3156, 1000.000000000000000 ) ;
#17 = FACE_OUTER_BOUND ( 'NONE', #1800, .T. ) ;
#18 = CARTESIAN_POINT ( 'NONE',  ( 11.00000000000000178, 67.50691563653040816, 20.00000000000000000 ) ) ;
#19 = ORIENTED_EDGE ( 'NONE', *, *, #2487, .T. ) ;
#20 = CARTESIAN_POINT ( 'NONE',  ( 1.284247211982853775E-15, 60.50691563653041527, 5.000000000000000000 ) ) ;
#21 = DIRECTION ( 'NONE',  ( -1.000000000000000000, 0.000000000000000000, 0.000000000000000000 ) ) ;
#22 = LINE ( 'NONE', #2508, #1877 ) ;
#23 = FACE_BOUND ( 'NONE', #2358, .T. ) ;
#24 = DIRECTION ( 'NONE',  ( 1.000000000000000000, 0.000000000000000000, 0.000000000000000000 ) ) ;
#25 = EDGE_CURVE ( 'NONE', #1394, #2737, #391, .T. ) ;
#26 = CARTESIAN_POINT ( 'NONE',  ( 12.62652087205404072, 67.50691563653039395, 5.811284599047374044 ) ) ;
#27 = ORIENTED_EDGE ( 'NONE', *, *, #1434, .T. ) ;
#28 = CARTESIAN_POINT ( 'NONE',  ( 7.900810092254388017, 65.50691563653040816, 5.299999999999995381 ) ) ;
#29 = DIRECTION ( 'NONE',  ( -1.000000000000000000, 0.000000000000000000, 0.000000000000000000 ) ) ;
#30 = CARTESIAN_POINT ( 'NONE',  ( 9.250382305842563824, 62.13800761891869229, 0.000000000000000000 ) ) ;
#31 = EDGE_CURVE ( 'NONE', #397, #2846, #799, .T. ) ;
#32 = ORIENTED_EDGE ( 'NONE', *, *, #3032, .F. ) ;
#33 = DATE_AND_TIME ( #3039, #1361 ) ;
#34 = B_SPLINE_CURVE_WITH_KNOTS ( 'NONE', 3,
 ( #2948, #2651, #194, #906, #711, #2903, #2918, #969, #212, #2476 ),
 .UNSPECIFIED., .F., .F.,
 ( 4, 2, 2, 2, 4 ),
 ( 8.673617379884035472E-19, 0.0006692236502491517641, 0.001338447300498302661, 0.002007670950747453449, 0.002676894600996604454 ),
 .UNSPECIFIED. ) ;
#35 = CARTESIAN_POINT ( 'NONE',  ( -6.819138978897002268, 67.50691563653039395, 2.474006584841436762 ) ) ;
#36 = EDGE_CURVE ( 'NONE', #682, #2024, #790, .T. ) ;
#37 = CARTESIAN_POINT ( 'NONE',  ( -10.32524764778467841, 65.50691563653039395, 4.462668016061419607 ) ) ;
#38 = LINE ( 'NONE', #3218, #2052 ) ;
#39 = CARTESIAN_POINT ( 'NONE',  ( -12.99999999999996625, 67.50691563653042238, 6.730453802914374783 ) ) ;
#40 = ORIENTED_EDGE ( 'NONE', *, *, #2340, .T. ) ;
#41 = LINE ( 'NONE', #2278, #2984 ) ;
#42 = VERTEX_POINT ( 'NONE', #1011 ) ;
#43 = CARTESIAN_POINT ( 'NONE',  ( 6.747016642389245256, 67.50691563653040816, 2.358440939978460271 ) ) ;
#44 = CARTESIAN_POINT ( 'NONE',  ( -7.852642171197283361, 12.69999999999997264, 5.000000000000000000 ) ) ;
#45 = CARTESIAN_POINT ( 'NONE',  ( 0.000000000000000000, -16.56655369724532179, 0.000000000000000000 ) ) ;
#46 = ORIENTED_EDGE ( 'NONE', *, *, #1031, .T. ) ;
#47 =( LENGTH_UNIT ( ) NAMED_UNIT ( * ) SI_UNIT ( .MILLI., .METRE. ) );
#48 = VECTOR ( 'NONE', #1200, 1000.000000000000000 ) ;
#49 = VECTOR ( 'NONE', #1919, 1000.000000000000000 ) ;
#50 = ORIENTED_EDGE ( 'NONE', *, *, #1416, .T. ) ;
#51 = FACE_OUTER_BOUND ( 'NONE', #756, .T. ) ;
#52 = CARTESIAN_POINT ( 'NONE',  ( 8.766526121894468560, 12.69999999999996021, 5.000000000000000000 ) ) ;
#53 = EDGE_CURVE ( 'NONE', #253, #213, #582, .T. ) ;
#54 = VECTOR ( 'NONE', #817, 1000.000000000000000 ) ;
#55 = CARTESIAN_POINT ( 'NONE',  ( -8.490312171314309708, 55.50691563653040816, 4.700000000000005507 ) ) ;
#56 = CARTESIAN_POINT ( 'NONE',  ( -6.151462952813937513, 67.73876040091495554, 6.049914245216744035 ) ) ;
#57 = CARTESIAN_POINT ( 'NONE',  ( 12.42810256176979244, 65.50691563653040816, 5.406511503277995345 ) ) ;
#58 = VECTOR ( 'NONE', #1538, 1000.000000000000227 ) ;
#59 = ORIENTED_EDGE ( 'NONE', *, *, #2450, .F. ) ;
#60 = CARTESIAN_POINT ( 'NONE',  ( -9.348863081143786502, 62.15537243668537570, 0.1000000000000028644 ) ) ;
#61 = VERTEX_POINT ( 'NONE', #3217 ) ;
#62 = CARTESIAN_POINT ( 'NONE',  ( 7.046096539344365972, 67.50691563653040816, 2.839715454405248529 ) ) ;
#63 = VECTOR ( 'NONE', #3163, 1000.000000000000000 ) ;
#64 = VERTEX_POINT ( 'NONE', #759 ) ;
#65 = LINE ( 'NONE', #781, #54 ) ;
#66 = CARTESIAN_POINT ( 'NONE',  ( 11.00000000000000355, 67.50691563653040816, 20.00000000000000000 ) ) ;
#67 = AXIS2_PLACEMENT_3D ( 'NONE', #1658, #3190, #2919 ) ;
#68 = EDGE_CURVE ( 'NONE', #2567, #2208, #3189, .T. ) ;
#69 = ADVANCED_FACE ( 'NONE', ( #2757 ), #509, .T. ) ;
#70 = DIRECTION ( 'NONE',  ( 5.425952458852515230E-17, -1.000000000000000000, 0.000000000000000000 ) ) ;
#71 = PLANE ( 'NONE',  #409 ) ;
#72 = CARTESIAN_POINT ( 'NONE',  ( -7.900810092254384465, 65.20691563653041101, 5.000000000000000000 ) ) ;
#73 = CARTESIAN_POINT ( 'NONE',  ( -10.99999999999999289, 67.50691563653040816, 20.00000000000000000 ) ) ;
#74 = CARTESIAN_POINT ( 'NONE',  ( -12.99999999999999822, 67.50691563653040816, 20.00000000000000000 ) ) ;
#75 = ADVANCED_FACE ( 'NONE', ( #2898 ), #1346, .T. ) ;
#76 = LINE ( 'NONE', #361, #692 ) ;
#77 = ORIENTED_EDGE ( 'NONE', *, *, #2316, .F. ) ;
#78 = VERTEX_POINT ( 'NONE', #3083 ) ;
#79 = DIRECTION ( 'NONE',  ( 0.1736481776669342170, 0.9848077530122073542, 0.000000000000000000 ) ) ;
#80 = DIRECTION ( 'NONE',  ( -0.8759792377278958764, 0.000000000000000000, 0.4823488105817762550 ) ) ;
#81 = CONICAL_SURFACE ( 'NONE', #1289, 20.00000000000001776, 0.7853981633974482790 ) ;
#82 = ORIENTED_EDGE ( 'NONE', *, *, #1694, .F. ) ;
#83 = DIRECTION ( 'NONE',  ( -1.000000000000000000, -5.425952458852515230E-17, 0.000000000000000000 ) ) ;
#84 = CARTESIAN_POINT ( 'NONE',  ( -4.987405107466044876E-16, 9.150000000000002132, 5.000000000000000888 ) ) ;
#85 = CARTESIAN_POINT ( 'NONE',  ( 8.143215310576598753, 67.50691563653040816, 14.78864959117310640 ) ) ;
#86 = CARTESIAN_POINT ( 'NONE',  ( 9.338066964079528631, -17.68616706283100370, 4.700000000000005507 ) ) ;
#87 = CARTESIAN_POINT ( 'NONE',  ( 9.492241620786186829, 1.673738305148495087, 0.09999999999998898659 ) ) ;
#88 = CARTESIAN_POINT ( 'NONE',  ( 0.000000000000000000, -2.775557561562891351E-14, 0.000000000000000000 ) ) ;
#89 = ORIENTED_EDGE ( 'NONE', *, *, #1050, .T. ) ;
#90 = EDGE_LOOP ( 'NONE', ( #897, #2390, #487, #1469, #2748 ) ) ;
#91 = EDGE_CURVE ( 'NONE', #2847, #2074, #699, .T. ) ;
#92 = DIRECTION ( 'NONE',  ( -0.1736481776669343557, 0.9848077530122072432, 0.000000000000000000 ) ) ;
#93 = CARTESIAN_POINT ( 'NONE',  ( -4.152072657038427650, 4.439733570704147425, 2.923963671480787507 ) ) ;
#94 = ORIENTED_EDGE ( 'NONE', *, *, #992, .F. ) ;
#95 = DIRECTION ( 'NONE',  ( -0.1736481776669342170, -0.9848077530122073542, 0.000000000000000000 ) ) ;
#96 = FACE_OUTER_BOUND ( 'NONE', #2764, .T. ) ;
#97 = VECTOR ( 'NONE', #292, 1000.000000000000000 ) ;
#98 = DIRECTION ( 'NONE',  ( -0.000000000000000000, -1.000000000000000000, -0.000000000000000000 ) ) ;
#99 = VECTOR ( 'NONE', #1365, 1000.000000000000114 ) ;
#100 = CARTESIAN_POINT ( 'NONE',  ( 10.96945325030449858, 1.934210571648896870, 0.000000000000000000 ) ) ;
#101 = CARTESIAN_POINT ( 'NONE',  ( 0.000000000000000000, 69.50691563653040816, 5.000000000000000000 ) ) ;
#102 = VECTOR ( 'NONE', #3055, 1000.000000000000114 ) ;
#103 = AXIS2_PLACEMENT_3D ( 'NONE', #594, #2560, #1069 ) ;
#104 = DIRECTION ( 'NONE',  ( 0.000000000000000000, 0.000000000000000000, -1.000000000000000000 ) ) ;
#105 = EDGE_CURVE ( 'NONE', #2534, #3150, #852, .T. ) ;
#106 = ORIENTED_EDGE ( 'NONE', *, *, #1475, .F. ) ;
#107 = VECTOR ( 'NONE', #1914, 1000.000000000000114 ) ;
#108 = ORIENTED_EDGE ( 'NONE', *, *, #2161, .F. ) ;
#109 = CARTESIAN_POINT ( 'NONE',  ( -8.998127716406587595, -22.42864340950762170, 12.49137370216533505 ) ) ;
#110 = AXIS2_PLACEMENT_3D ( 'NONE', #431, #2730, #2480 ) ;
#111 = VERTEX_POINT ( 'NONE', #441 ) ;
#112 = ADVANCED_FACE ( 'NONE', ( #2363 ), #2655, .T. ) ;
#113 = PLANE ( 'NONE',  #2434 ) ;
#114 = DIRECTION ( 'NONE',  ( -1.000000000000000000, -1.147186355444782730E-16, 0.000000000000000000 ) ) ;
#115 = VECTOR ( 'NONE', #2886, 1000.000000000000114 ) ;
#116 = CARTESIAN_POINT ( 'NONE',  ( -1.523139917828612244, 55.50691563653042238, 0.1000000000000167422 ) ) ;
#117 = DIRECTION ( 'NONE',  ( 0.000000000000000000, 0.000000000000000000, 1.000000000000000000 ) ) ;
#118 = CARTESIAN_POINT ( 'NONE',  ( -11.24158791182106398, 66.92480866048931887, 4.968991516123043795 ) ) ;
#119 = LINE ( 'NONE', #579, #1003 ) ;
#120 = ORIENTED_EDGE ( 'NONE', *, *, #2831, .F. ) ;
#121 = EDGE_CURVE ( 'NONE', #3081, #1479, #429, .T. ) ;
#122 = ORIENTED_EDGE ( 'NONE', *, *, #200, .T. ) ;
#123 = CARTESIAN_POINT ( 'NONE',  ( 8.357223633313120459, 65.11165249367539332, 1.643112253589114058 ) ) ;
#124 = CALENDAR_DATE ( 2026, 15, 8 ) ;
#125 = ORIENTED_EDGE ( 'NONE', *, *, #1074, .F. ) ;
#126 = EDGE_CURVE ( 'NONE', #297, #1370, #2659, .T. ) ;
#127 = DIRECTION ( 'NONE',  ( -1.147186355444782730E-16, 1.000000000000000000, 0.000000000000000000 ) ) ;
#128 = DIRECTION ( 'NONE',  ( 0.000000000000000000, 0.000000000000000000, -1.000000000000000000 ) ) ;
#129 = EDGE_CURVE ( 'NONE', #2289, #1405, #2445, .T. ) ;
#130 = DIRECTION ( 'NONE',  ( -1.000000000000000000, 0.000000000000000000, 0.000000000000000000 ) ) ;
#131 = DIRECTION ( 'NONE',  ( -0.000000000000000000, -1.000000000000000000, -0.000000000000000000 ) ) ;
#132 = CARTESIAN_POINT ( 'NONE',  ( -9.250382305842567376, 62.13800761891868518, 0.000000000000000000 ) ) ;
#133 = DIRECTION ( 'NONE',  ( 0.000000000000000000, 0.000000000000000000, 1.000000000000000000 ) ) ;
#134 = CARTESIAN_POINT ( 'NONE',  ( 5.026206021642695809, 68.56256984460252113, 5.232587220556370156 ) ) ;
#135 = ORIENTED_EDGE ( 'NONE', *, *, #455, .F. ) ;
#136 = ORIENTED_EDGE ( 'NONE', *, *, #2572, .T. ) ;
#137 = CARTESIAN_POINT ( 'NONE',  ( 8.591536611691299896, 65.50691563653040816, 4.700000000000005507 ) ) ;
#138 = ORIENTED_EDGE ( 'NONE', *, *, #1973, .F. ) ;
#139 = EDGE_LOOP ( 'NONE', ( #2627, #1197, #2400, #2195 ) ) ;
#140 = DIRECTION ( 'NONE',  ( 1.000000000000000000, 0.000000000000000000, 0.000000000000000000 ) ) ;
#141 = LINE ( 'NONE', #3022, #627 ) ;
#142 = PLANE ( 'NONE',  #2511 ) ;
#143 = FACE_BOUND ( 'NONE', #1276, .T. ) ;
#144 = CARTESIAN_POINT ( 'NONE',  ( -8.742042060667493786, 55.80691563653040532, 5.000000000000000000 ) ) ;
#145 = EDGE_CURVE ( 'NONE', #743, #767, #1360, .T. ) ;
#146 = AXIS2_PLACEMENT_3D ( 'NONE', #2177, #603, #2602 ) ;
#147 = VECTOR ( 'NONE', #838, 1000.000000000000000 ) ;
#148 = DIRECTION ( 'NONE',  ( -0.1736481776669344390, 0.9848077530122072432, 0.000000000000000000 ) ) ;
#149 = CARTESIAN_POINT ( 'NONE',  ( 6.344388917812935347, 67.56873358510955541, 6.497122934907837433 ) ) ;
#150 = VERTEX_POINT ( 'NONE', #2675 ) ;
#151 = AXIS2_PLACEMENT_3D ( 'NONE', #1155, #2165, #600 ) ;
#152 = VERTEX_POINT ( 'NONE', #957 ) ;
#153 = CARTESIAN_POINT ( 'NONE',  ( 8.374585055114550869, 65.14093951905984170, 1.802459916081676328 ) ) ;
#154 = ORIENTED_EDGE ( 'NONE', *, *, #2779, .T. ) ;
#155 = B_SPLINE_CURVE_WITH_KNOTS ( 'NONE', 3,
 ( #1885, #2883, #1637, #176 ),
 .UNSPECIFIED., .F., .F.,
 ( 4, 4 ),
 ( 0.000000000000000000, 0.002027792651202966166 ),
 .UNSPECIFIED. ) ;
#156 = VECTOR ( 'NONE', #444, 1000.000000000000114 ) ;
#157 = DIRECTION ( 'NONE',  ( -0.000000000000000000, -0.000000000000000000, 1.000000000000000000 ) ) ;
#158 = CARTESIAN_POINT ( 'NONE',  ( 8.574222134432057274, 55.60691563653042380, 0.000000000000000000 ) ) ;
#159 = EDGE_CURVE ( 'NONE', #513, #743, #716, .T. ) ;
#160 = CLOSED_SHELL ( 'NONE', ( #15, #1625, #2483, #1809, #3064, #1536, #2377, #1229, #1595, #2695, #2588, #1291, #1086, #75, #1909, #1813, #368, #929, #2992, #363, #2833, #1851, #1302, #503, #299, #1752, #1392, #2474, #894, #1994, #907, #3002, #2873, #2794, #437, #2516, #3096, #1216, #3142, #526, #1129, #2218, #3057, #2927, #2557, #161, #1756, #2255, #1092, #2554, #1026, #1907, #2242, #1468, #2123, #1728, #2914, #1055, #1710, #1750, #3119, #2190, #69, #2120, #2641, #3008, #2236, #2801, #443, #2727, #3127, #1867, #484, #3158, #605, #3148, #250, #1875, #2334, #1629, #1509, #207, #2838, #2114, #754, #1238, #2931, #573, #482, #2867, #396, #1045, #854, #872, #2429, #632, #2279, #808, #1356, #112, #1275, #2594, #533 ) ) ;
#161 = ADVANCED_FACE ( 'NONE', ( #1741 ), #3009, .F. ) ;
#162 = FACE_OUTER_BOUND ( 'NONE', #2325, .T. ) ;
#163 = CARTESIAN_POINT ( 'NONE',  ( 11.00000000000000178, 65.50691563653040816, 18.00000000000000355 ) ) ;
#164 = AXIS2_PLACEMENT_3D ( 'NONE', #169, #2964, #1692 ) ;
#165 = DIRECTION ( 'NONE',  ( -0.000000000000000000, -0.000000000000000000, 1.000000000000000000 ) ) ;
#166 = B_SPLINE_CURVE_WITH_KNOTS ( 'NONE', 3,
 ( #247, #2304, #2759, #1499, #772, #2493, #56, #3030, #810, #2262, #1807, #3012, #8, #2777, #2512, #527, #1005, #2478 ),
 .UNSPECIFIED., .F., .F.,
 ( 4, 2, 2, 2, 2, 2, 2, 2, 4 ),
 ( 0.000000000000000000, 0.0003062526940080983529, 0.0006125053880161967059, 0.001225010776032393412, 0.001837516164048590009, 0.002450021552064786824, 0.003062526940080983421, 0.003675032328097180018, 0.004900043104129590994 ),
 .UNSPECIFIED. ) ;
#167 = AXIS2_PLACEMENT_3D ( 'NONE', #357, #131, #117 ) ;
#168 = EDGE_LOOP ( 'NONE', ( #464, #1812, #1827, #3068 ) ) ;
#169 = CARTESIAN_POINT ( 'NONE',  ( 1.284247211982853775E-15, 60.50691563653041527, 4.700000000000014388 ) ) ;
#170 = EDGE_CURVE ( 'NONE', #2208, #1152, #2001, .T. ) ;
#171 = DIRECTION ( 'NONE',  ( 1.000000000000000000, 0.000000000000000000, 0.000000000000000000 ) ) ;
#172 = ORIENTED_EDGE ( 'NONE', *, *, #1151, .F. ) ;
#173 = AXIS2_PLACEMENT_3D ( 'NONE', #1892, #1610, #1090 ) ;
#174 = CARTESIAN_POINT ( 'NONE',  ( -12.99999999999999822, 65.50691563653040816, 5.299999999999995381 ) ) ;
#175 = EDGE_LOOP ( 'NONE', ( #2797, #3195, #432, #2800 ) ) ;
#176 = CARTESIAN_POINT ( 'NONE',  ( -11.14176933295300920, 67.50691563653040816, 4.985959449976879121 ) ) ;
#177 = EDGE_LOOP ( 'NONE', ( #1107, #1612, #2911, #1661 ) ) ;
#178 = CARTESIAN_POINT ( 'NONE',  ( -6.999478671919719576E-16, 12.89999999999995239, 0.000000000000000000 ) ) ;
#179 = DIRECTION ( 'NONE',  ( -0.7071067811865368036, 0.000000000000000000, -0.7071067811865583419 ) ) ;
#180 = DIRECTION ( 'NONE',  ( 0.000000000000000000, -0.000000000000000000, 1.000000000000000000 ) ) ;
#181 = DIRECTION ( 'NONE',  ( 0.7071067811865474617, 0.000000000000000000, 0.7071067811865474617 ) ) ;
#182 = CARTESIAN_POINT ( 'NONE',  ( 9.348863081143786502, 62.15537243668538281, 0.1000000000000028644 ) ) ;
#183 = CARTESIAN_POINT ( 'NONE',  ( 8.328344660325925020, 65.06293648270430197, 5.000000000000000000 ) ) ;
#184 = EDGE_CURVE ( 'NONE', #378, #513, #2506, .T. ) ;
#185 = EDGE_LOOP ( 'NONE', ( #481, #2502, #1665, #2457 ) ) ;
#186 = VECTOR ( 'NONE', #2690, 1000.000000000000000 ) ;
#187 = CARTESIAN_POINT ( 'NONE',  ( -3.956199771728980519, 65.50691563653040816, 7.184735992524827530 ) ) ;
#188 = ORIENTED_EDGE ( 'NONE', *, *, #2779, .F. ) ;
#189 = EDGE_CURVE ( 'NONE', #1170, #862, #674, .T. ) ;
#190 = CARTESIAN_POINT ( 'NONE',  ( 3.523381593646964493E-15, 55.50691563653041527, 0.000000000000000000 ) ) ;
#191 = DIRECTION ( 'NONE',  ( 1.000000000000000000, 5.425952458852515230E-17, 0.000000000000000000 ) ) ;
#192 = ORIENTED_EDGE ( 'NONE', *, *, #269, .T. ) ;
#193 = CARTESIAN_POINT ( 'NONE',  ( -9.338066964079528631, -17.68616706283100370, 0.1000000000000028644 ) ) ;
#194 = CARTESIAN_POINT ( 'NONE',  ( -12.96303259456430901, 65.50691563653042238, 6.385691799812249769 ) ) ;
#195 = AXIS2_PLACEMENT_3D ( 'NONE', #2589, #1819, #3054 ) ;
#196 = DIRECTION ( 'NONE',  ( -1.000000000000000000, 0.000000000000000000, 0.000000000000000000 ) ) ;
#197 = DIRECTION ( 'NONE',  ( -0.000000000000000000, -0.000000000000000000, 1.000000000000000000 ) ) ;
#198 = VECTOR ( 'NONE', #24, 1000.000000000000000 ) ;
#199 = VERTEX_POINT ( 'NONE', #2529 ) ;
#200 = EDGE_CURVE ( 'NONE', #3062, #3147, #1217, .T. ) ;
#201 = DIRECTION ( 'NONE',  ( -0.000000000000000000, -0.000000000000000000, 1.000000000000000000 ) ) ;
#202 = VERTEX_POINT ( 'NONE', #2013 ) ;
#203 = VECTOR ( 'NONE', #224, 1000.000000000000114 ) ;
#204 = ORIENTED_EDGE ( 'NONE', *, *, #10, .T. ) ;
#205 = AXIS2_PLACEMENT_3D ( 'NONE', #2901, #2649, #130 ) ;
#206 = CARTESIAN_POINT ( 'NONE',  ( 0.000000000000000000, -2.775557561562891351E-14, 5.000000000000000000 ) ) ;
#207 = ADVANCED_FACE ( 'NONE', ( #2107 ), #2053, .T. ) ;
#208 = VERTEX_POINT ( 'NONE', #1085 ) ;
#209 = CARTESIAN_POINT ( 'NONE',  ( -7.053738196508254761E-16, 12.99999999999996980, 4.700000000000005507 ) ) ;
#210 = VERTEX_POINT ( 'NONE', #1051 ) ;
#211 = CYLINDRICAL_SURFACE ( 'NONE', #1481, 1.349999999991788657 ) ;
#212 = CARTESIAN_POINT ( 'NONE',  ( -11.67578795792355351, 65.50691563653040816, 4.926334957173662765 ) ) ;
#213 = VERTEX_POINT ( 'NONE', #858 ) ;
#214 = CYLINDRICAL_SURFACE ( 'NONE', #1632, 2.000000000000000000 ) ;
#215 = CARTESIAN_POINT ( 'NONE',  ( 1.350000000000036504, 9.150000000000002132, 5.000000000000000888 ) ) ;
#216 = CIRCLE ( 'NONE', #2889, 2.000000000000001776 ) ;
#217 = ORIENTED_EDGE ( 'NONE', *, *, #948, .F. ) ;
#218 = CARTESIAN_POINT ( 'NONE',  ( -1.999999999999999112, 60.50691563653041527, 0.000000000000000000 ) ) ;
#219 = CIRCLE ( 'NONE', #167, 1.600000000000002531 ) ;
#220 = EDGE_LOOP ( 'NONE', ( #2250, #1039, #2565, #2243 ) ) ;
#221 = VERTEX_POINT ( 'NONE', #2087 ) ;
#222 = EDGE_CURVE ( 'NONE', #2064, #202, #326, .T. ) ;
#223 = LINE ( 'NONE', #1492, #1470 ) ;
#224 = DIRECTION ( 'NONE',  ( 0.8759792377278959874, 0.000000000000000000, -0.4823488105817763105 ) ) ;
#225 = CC_DESIGN_PERSON_AND_ORGANIZATION_ASSIGNMENT ( #1317, #865, ( #1570 ) ) ;
#226 = ORIENTED_EDGE ( 'NONE', *, *, #471, .F. ) ;
#227 = FACE_OUTER_BOUND ( 'NONE', #834, .T. ) ;
#228 = DIRECTION ( 'NONE',  ( 0.7071067811865473507, 8.111832512196867434E-17, -0.7071067811865477948 ) ) ;
#229 = ORIENTED_EDGE ( 'NONE', *, *, #948, .T. ) ;
#230 = EDGE_CURVE ( 'NONE', #682, #3167, #356, .T. ) ;
#231 = DIRECTION ( 'NONE',  ( -0.5102736053747425338, 0.6081204024113404660, 0.6081204024113405771 ) ) ;
#232 = CARTESIAN_POINT ( 'NONE',  ( -9.203740142464670981, -17.53084609796561111, 4.900029272337305564 ) ) ;
#233 = DIRECTION ( 'NONE',  ( 1.000000000000000000, 0.000000000000000000, 0.000000000000000000 ) ) ;
#234 = ORIENTED_EDGE ( 'NONE', *, *, #2963, .F. ) ;
#235 = ORIENTED_EDGE ( 'NONE', *, *, #2350, .T. ) ;
#236 = CARTESIAN_POINT ( 'NONE',  ( 0.000000000000000000, 55.50691563653040816, 0.000000000000000000 ) ) ;
#237 = LINE ( 'NONE', #276, #1193 ) ;
#238 = VERTEX_POINT ( 'NONE', #1622 ) ;
#239 = COORDINATED_UNIVERSAL_TIME_OFFSET ( 3, 0, .BEHIND. ) ;
#240 = EDGE_CURVE ( 'NONE', #450, #199, #2069, .T. ) ;
#241 = ORIENTED_EDGE ( 'NONE', *, *, #2769, .T. ) ;
#242 = DIRECTION ( 'NONE',  ( 1.147186355444782730E-16, -1.000000000000000000, 0.000000000000000000 ) ) ;
#243 = EDGE_CURVE ( 'NONE', #1454, #450, #623, .T. ) ;
#244 = DIRECTION ( 'NONE',  ( 1.000000000000000000, 0.000000000000000000, 0.000000000000000000 ) ) ;
#245 = LINE ( 'NONE', #1555, #880 ) ;
#246 = DIRECTION ( 'NONE',  ( 0.000000000000000000, -0.000000000000000000, -1.000000000000000000 ) ) ;
#247 = CARTESIAN_POINT ( 'NONE',  ( -6.412382609603891837, 67.50691563653040816, 6.999999999999999112 ) ) ;
#248 = AXIS2_PLACEMENT_3D ( 'NONE', #783, #2990, #3005 ) ;
#249 = DIRECTION ( 'NONE',  ( 0.1736481776669344390, -0.9848077530122072432, 0.000000000000000000 ) ) ;
#250 = ADVANCED_FACE ( 'NONE', ( #2124 ), #823, .T. ) ;
#251 = ORIENTED_EDGE ( 'NONE', *, *, #68, .T. ) ;
#252 = CARTESIAN_POINT ( 'NONE',  ( 5.928108985557646982, 6.215769899223351658, 4.699999999999991296 ) ) ;
#253 = VERTEX_POINT ( 'NONE', #576 ) ;
#254 = AXIS2_PLACEMENT_3D ( 'NONE', #951, #1937, #452 ) ;
#255 = AXIS2_PLACEMENT_3D ( 'NONE', #20, #1267, #1017 ) ;
#256 = PLANE ( 'NONE',  #1046 ) ;
#257 = CIRCLE ( 'NONE', #675, 1.600000000000002531 ) ;
#258 = CARTESIAN_POINT ( 'NONE',  ( -8.143215310576598753, 65.50691563653040816, 14.78864959117310640 ) ) ;
#259 = ORIENTED_EDGE ( 'NONE', *, *, #68, .F. ) ;
#260 = COORDINATED_UNIVERSAL_TIME_OFFSET ( 3, 0, .BEHIND. ) ;
#261 = LINE ( 'NONE', #1268, #1179 ) ;
#262 = EDGE_CURVE ( 'NONE', #915, #61, #1805, .T. ) ;
#263 = DIRECTION ( 'NONE',  ( -1.000000000000000000, 0.000000000000000000, 0.000000000000000000 ) ) ;
#264 = AXIS2_PLACEMENT_3D ( 'NONE', #2452, #3135, #946 ) ;
#265 = EDGE_CURVE ( 'NONE', #601, #2702, #1592, .T. ) ;
#266 = DIRECTION ( 'NONE',  ( 0.000000000000000000, 0.000000000000000000, 1.000000000000000000 ) ) ;
#267 = CARTESIAN_POINT ( 'NONE',  ( 9.492241620786186829, 1.673738305148495087, 0.000000000000000000 ) ) ;
#268 = EDGE_LOOP ( 'NONE', ( #3207, #2742, #923, #1376 ) ) ;
#269 = EDGE_CURVE ( 'NONE', #1574, #1278, #1382, .T. ) ;
#270 = CARTESIAN_POINT ( 'NONE',  ( 12.28625437819215627, 67.50691563653040816, 5.444777784522696784 ) ) ;
#271 = VERTEX_POINT ( 'NONE', #55 ) ;
#272 = VECTOR ( 'NONE', #2309, 1000.000000000000000 ) ;
#273 = CARTESIAN_POINT ( 'NONE',  ( 8.591536611691299896, 65.50691563653040816, 4.700000000000005507 ) ) ;
#274 = VECTOR ( 'NONE', #908, 1000.000000000000114 ) ;
#275 = FACE_OUTER_BOUND ( 'NONE', #268, .T. ) ;
#276 = CARTESIAN_POINT ( 'NONE',  ( 6.670090155434787782, 10.20156490532787075, 7.498435094672189827 ) ) ;
#277 = VERTEX_POINT ( 'NONE', #1116 ) ;
#278 = VECTOR ( 'NONE', #3077, 1000.000000000000114 ) ;
#279 = CARTESIAN_POINT ( 'NONE',  ( 1.284247211982853775E-15, 60.50691563653041527, 0.000000000000000000 ) ) ;
#280 = CARTESIAN_POINT ( 'NONE',  ( 6.228108985557655686, 6.515769899223360362, 5.000000000000000000 ) ) ;
#281 = DIRECTION ( 'NONE',  ( -0.000000000000000000, 0.000000000000000000, 1.000000000000000000 ) ) ;
#282 = FACE_OUTER_BOUND ( 'NONE', #1228, .T. ) ;
#283 = ORIENTED_EDGE ( 'NONE', *, *, #1647, .F. ) ;
#284 = CARTESIAN_POINT ( 'NONE',  ( 11.14176933295301453, 67.50691563653040816, 4.985959449976880009 ) ) ;
#285 = ORIENTED_EDGE ( 'NONE', *, *, #652, .T. ) ;
#286 = LINE ( 'NONE', #3037, #2310 ) ;
#287 = DIRECTION ( 'NONE',  ( -0.1736481776669344113, 0.9848077530122072432, -0.000000000000000000 ) ) ;
#288 = ORIENTED_EDGE ( 'NONE', *, *, #1611, .F. ) ;
#289 = LINE ( 'NONE', #2789, #1 ) ;
#290 = EDGE_CURVE ( 'NONE', #3167, #2665, #1620, .T. ) ;
#291 = DIRECTION ( 'NONE',  ( -0.7071067811865434649, 0.000000000000000000, -0.7071067811865516806 ) ) ;
#292 = DIRECTION ( 'NONE',  ( 1.147186355444782730E-16, -1.000000000000000000, 0.000000000000000000 ) ) ;
#293 = CARTESIAN_POINT ( 'NONE',  ( -6.465796559171569591, 53.09419188249626842, 2.287276245965864874 ) ) ;
#294 = CARTESIAN_POINT ( 'NONE',  ( 9.018256011247654413, 12.99999999999996980, 4.699999999999977973 ) ) ;
#295 = ORIENTED_EDGE ( 'NONE', *, *, #965, .T. ) ;
#296 = DIRECTION ( 'NONE',  ( -0.000000000000000000, 0.000000000000000000, 1.000000000000000000 ) ) ;
#297 = VERTEX_POINT ( 'NONE', #3056 ) ;
#298 = CARTESIAN_POINT ( 'NONE',  ( 11.14176933295301453, 67.50691563653040816, 4.985959449976880009 ) ) ;
#299 = ADVANCED_FACE ( 'NONE', ( #1841 ), #2806, .F. ) ;
#300 = ORIENTED_EDGE ( 'NONE', *, *, #3186, .T. ) ;
#301 = DIRECTION ( 'NONE',  ( -0.000000000000000000, 0.000000000000000000, 1.000000000000000000 ) ) ;
#302 = DIRECTION ( 'NONE',  ( -0.4823488105817763105, 0.000000000000000000, -0.8759792377278959874 ) ) ;
#303 = AXIS2_PLACEMENT_3D ( 'NONE', #3011, #1033, #1019 ) ;
#304 = VECTOR ( 'NONE', #868, 1000.000000000000000 ) ;
#305 = ORIENTED_EDGE ( 'NONE', *, *, #1839, .F. ) ;
#306 = EDGE_CURVE ( 'NONE', #750, #1705, #608, .T. ) ;
#307 = CARTESIAN_POINT ( 'NONE',  ( -19.69615506024415197, 3.472963553338686005, 0.1000000000000028644 ) ) ;
#308 = CARTESIAN_POINT ( 'NONE',  ( -7.053738196508254761E-16, 12.99999999999996980, 0.09999999999998898659 ) ) ;
#309 = MANIFOLD_SOLID_BREP ( 'Cortar-Extruir4', #160 ) ;
#310 = LINE ( 'NONE', #72, #4 ) ;
#311 = LINE ( 'NONE', #1102, #2941 ) ;
#312 = CARTESIAN_POINT ( 'NONE',  ( -6.228108985557636146, -16.76655369724534239, 5.000000000000000000 ) ) ;
#313 = APPLICATION_CONTEXT ( 'configuration controlled 3d designs of mechanical parts and assemblies' ) ;
#314 = DIRECTION ( 'NONE',  ( 5.425952458852515230E-17, -1.000000000000000000, 0.000000000000000000 ) ) ;
#315 = EDGE_LOOP ( 'NONE', ( #2894, #700, #1650, #2330 ) ) ;
#316 = DIRECTION ( 'NONE',  ( -1.000000000000000000, 0.000000000000000000, 0.000000000000000000 ) ) ;
#317 = VECTOR ( 'NONE', #3208, 1000.000000000000000 ) ;
#318 = EDGE_LOOP ( 'NONE', ( #2966, #2617, #138, #3079 ) ) ;
#319 = DIRECTION ( 'NONE',  ( -0.000000000000000000, -0.000000000000000000, -1.000000000000000000 ) ) ;
#320 = CARTESIAN_POINT ( 'NONE',  ( -19.70000000000002771, -2.775557561562891351E-14, 5.000000000000000000 ) ) ;
#321 = EDGE_CURVE ( 'NONE', #3150, #277, #558, .T. ) ;
#322 = VECTOR ( 'NONE', #244, 1000.000000000000000 ) ;
#323 = VERTEX_POINT ( 'NONE', #116 ) ;
#324 = DIRECTION ( 'NONE',  ( 1.000000000000000000, 0.000000000000000000, 0.000000000000000000 ) ) ;
#325 = DIRECTION ( 'NONE',  ( -0.5102736053747546352, 0.6081204024113354700, -0.6081204024113354700 ) ) ;
#326 = LINE ( 'NONE', #1101, #1041 ) ;
#327 = CARTESIAN_POINT ( 'NONE',  ( -19.69615506024415197, 3.472963553338686005, 0.1000000000000028644 ) ) ;
#328 = DIRECTION ( 'NONE',  ( 0.1736481776669344390, -0.9848077530122072432, 0.000000000000000000 ) ) ;
#329 = DIRECTION ( 'NONE',  ( 0.8759792377278959874, 0.000000000000000000, -0.4823488105817763105 ) ) ;
#330 = ORIENTED_EDGE ( 'NONE', *, *, #1563, .T. ) ;
#331 = ORIENTED_EDGE ( 'NONE', *, *, #1333, .F. ) ;
#332 = DIRECTION ( 'NONE',  ( 0.5773502691896262862, 0.5773502691896255090, -0.5773502691896256200 ) ) ;
#333 = CARTESIAN_POINT ( 'NONE',  ( 1.284247211982853775E-15, 60.50691563653041527, 0.000000000000000000 ) ) ;
#334 = APPROVAL_DATE_TIME ( #804, #3044 ) ;
#335 = VERTEX_POINT ( 'NONE', #374 ) ;
#336 = DIRECTION ( 'NONE',  ( -1.000000000000000000, 0.000000000000000000, 0.000000000000000000 ) ) ;
#337 = CARTESIAN_POINT ( 'NONE',  ( 13.00000000000000000, 67.59555765941544792, 5.106884843896880355 ) ) ;
#338 = EDGE_CURVE ( 'NONE', #1927, #2375, #2261, .T. ) ;
#339 = DIRECTION ( 'NONE',  ( -1.000000000000000000, -5.425952458852515230E-17, 0.000000000000000000 ) ) ;
#340 = CARTESIAN_POINT ( 'NONE',  ( -1.999999999999999112, 60.50691563653041527, 0.1000000000000072081 ) ) ;
#341 = FACE_OUTER_BOUND ( 'NONE', #139, .T. ) ;
#342 = DIRECTION ( 'NONE',  ( 0.6963642403200168696, 0.1227878039689754286, -0.7071067811865491270 ) ) ;
#343 = EDGE_CURVE ( 'NONE', #2991, #1712, #310, .T. ) ;
#344 = ORIENTED_EDGE ( 'NONE', *, *, #403, .F. ) ;
#345 = ORIENTED_EDGE ( 'NONE', *, *, #2258, .F. ) ;
#346 = CARTESIAN_POINT ( 'NONE',  ( -8.115245256288053710, 65.13611099381634517, 4.850351614127809796 ) ) ;
#347 = ORIENTED_EDGE ( 'NONE', *, *, #845, .F. ) ;
#348 = VECTOR ( 'NONE', #2750, 1000.000000000000000 ) ;
#349 = ORIENTED_EDGE ( 'NONE', *, *, #53, .F. ) ;
#350 = VECTOR ( 'NONE', #2603, 1000.000000000000227 ) ;
#351 = ORIENTED_EDGE ( 'NONE', *, *, #1320, .F. ) ;
#352 = FACE_OUTER_BOUND ( 'NONE', #3020, .T. ) ;
#353 = LINE ( 'NONE', #1115, #304 ) ;
#354 = AXIS2_PLACEMENT_3D ( 'NONE', #3161, #938, #478 ) ;
#355 = AXIS2_PLACEMENT_3D ( 'NONE', #2539, #1062, #818 ) ;
#356 = LINE ( 'NONE', #1870, #2715 ) ;
#357 = CARTESIAN_POINT ( 'NONE',  ( 8.998127716406585819, 65.50691563653039395, 12.49137370216533327 ) ) ;
#358 = DIRECTION ( 'NONE',  ( -0.8759792377278959874, 0.000000000000000000, 0.4823488105817763105 ) ) ;
#359 = PRODUCT_DEFINITION_FORMATION_WITH_SPECIFIED_SOURCE ( 'ANY', '', #2227, .NOT_KNOWN. ) ;
#360 = EDGE_CURVE ( 'NONE', #502, #2847, #2663, .T. ) ;
#361 = CARTESIAN_POINT ( 'NONE',  ( -12.99999999999999822, 67.50691563653040816, 20.00000000000000000 ) ) ;
#362 = ORIENTED_EDGE ( 'NONE', *, *, #1566, .T. ) ;
#363 = ADVANCED_FACE ( 'NONE', ( #162 ), #3115, .T. ) ;
#364 = EDGE_LOOP ( 'NONE', ( #1734, #383, #2131, #1300 ) ) ;
#365 = CARTESIAN_POINT ( 'NONE',  ( -8.998127716406587595, 65.50691563653039395, 12.49137370216533505 ) ) ;
#366 = VERTEX_POINT ( 'NONE', #2156 ) ;
#367 = EDGE_LOOP ( 'NONE', ( #535, #2059, #2202, #499 ) ) ;
#368 = ADVANCED_FACE ( 'NONE', ( #2136 ), #1672, .T. ) ;
#369 = B_SPLINE_CURVE_WITH_KNOTS ( 'NONE', 3,
 ( #1372, #2373, #1897, #153, #123, #2403, #2895, #648 ),
 .UNSPECIFIED., .F., .F.,
 ( 4, 2, 2, 4 ),
 ( 1.684420124064586727E-15, 0.0009597386854709159419, 0.001439608028205526663, 0.001919477370940137276 ),
 .UNSPECIFIED. ) ;
#370 = LINE ( 'NONE', #2556, #1075 ) ;
#371 = FACE_OUTER_BOUND ( 'NONE', #380, .T. ) ;
#372 = VECTOR ( 'NONE', #2324, 1000.000000000000000 ) ;
#373 = VECTOR ( 'NONE', #2396, 1000.000000000000000 ) ;
#374 = CARTESIAN_POINT ( 'NONE',  ( -8.328344660325921467, 65.06293648270430197, 1.000000000000000000 ) ) ;
#375 = CARTESIAN_POINT ( 'NONE',  ( 24.04280702810376269, 36.61067127006330679, 18.99624436646710990 ) ) ;
#376 = CARTESIAN_POINT ( 'NONE',  ( 9.348863081143786502, 62.15537243668538281, 4.700000000000005507 ) ) ;
#377 = PLANE ( 'NONE',  #1944 ) ;
#378 = VERTEX_POINT ( 'NONE', #422 ) ;
#379 = EDGE_CURVE ( 'NONE', #2297, #2943, #2223, .T. ) ;
#380 = EDGE_LOOP ( 'NONE', ( #2874, #1633, #89, #2522 ) ) ;
#381 = DIRECTION ( 'NONE',  ( -0.000000000000000000, 1.000000000000000000, -0.000000000000000000 ) ) ;
#382 = VERTEX_POINT ( 'NONE', #887 ) ;
#383 = ORIENTED_EDGE ( 'NONE', *, *, #91, .T. ) ;
#384 = CARTESIAN_POINT ( 'NONE',  ( -19.59767428494293284, 3.455598735571991931, 0.000000000000000000 ) ) ;
#385 = EDGE_CURVE ( 'NONE', #2375, #2461, #733, .T. ) ;
#386 = LINE ( 'NONE', #1395, #3123 ) ;
#387 = LINE ( 'NONE', #2989, #466 ) ;
#388 = DIRECTION ( 'NONE',  ( 1.000000000000000000, 0.000000000000000000, 0.000000000000000000 ) ) ;
#389 = CARTESIAN_POINT ( 'NONE',  ( -11.35546488948008026, 66.22273632135659227, 4.924488194926588847 ) ) ;
#390 = FACE_OUTER_BOUND ( 'NONE', #2864, .T. ) ;
#391 = B_SPLINE_CURVE_WITH_KNOTS ( 'NONE', 3,
 ( #298, #516, #2326, #2550, #1294, #1077, #1310, #2292, #62, #43, #2075, #3063, #581, #1584, #2060, #2267 ),
 .UNSPECIFIED., .F., .F.,
 ( 4, 2, 2, 2, 2, 2, 2, 4 ),
 ( 0.0003897295062525712311, 0.002059821631786247324, 0.003729913757319922984, 0.004564959820086762765, 0.005400005882853602980, 0.006235051945620443195, 0.006652574977003863736, 0.007070098008387283410 ),
 .UNSPECIFIED. ) ;
#392 = PLANE ( 'NONE',  #1828 ) ;
#393 = EDGE_LOOP ( 'NONE', ( #1559, #347, #122, #1745 ) ) ;
#394 = ORIENTED_EDGE ( 'NONE', *, *, #1126, .F. ) ;
#395 = CARTESIAN_POINT ( 'NONE',  ( 9.293314822846312495, -17.63439853319294670, 0.03333017649970134583 ) ) ;
#396 = ADVANCED_FACE ( 'NONE', ( #2171 ), #3152, .F. ) ;
#397 = VERTEX_POINT ( 'NONE', #2379 ) ;
#398 = EDGE_CURVE ( 'NONE', #539, #416, #690, .T. ) ;
#399 = CARTESIAN_POINT ( 'NONE',  ( 13.00000000000000178, 67.50691563653040816, 6.982747404330662100 ) ) ;
#400 = ORIENTED_EDGE ( 'NONE', *, *, #685, .T. ) ;
#401 = CARTESIAN_POINT ( 'NONE',  ( -5.928108985557627442, -16.46655369724533102, 4.699999999999991296 ) ) ;
#402 = VECTOR ( 'NONE', #2392, 1000.000000000000000 ) ;
#403 = EDGE_CURVE ( 'NONE', #767, #926, #387, .T. ) ;
#404 = DIRECTION ( 'NONE',  ( 1.000000000000000000, 5.425952458852515230E-17, 0.000000000000000000 ) ) ;
#405 = CARTESIAN_POINT ( 'NONE',  ( -17.72653955421973393, 3.125667198004816072, 4.700000000000005507 ) ) ;
#406 = DIRECTION ( 'NONE',  ( -1.000000000000000000, -1.147186355444782730E-16, 0.000000000000000000 ) ) ;
#407 = VECTOR ( 'NONE', #774, 1000.000000000000000 ) ;
#408 = VECTOR ( 'NONE', #2345, 1000.000000000000114 ) ;
#409 = AXIS2_PLACEMENT_3D ( 'NONE', #1084, #2604, #2085 ) ;
#410 = CARTESIAN_POINT ( 'NONE',  ( 13.00000000000000178, 69.50691563653040816, 6.999999999999999112 ) ) ;
#411 = DIRECTION ( 'NONE',  ( 1.000000000000000000, 0.000000000000000000, 0.000000000000000000 ) ) ;
#412 = VECTOR ( 'NONE', #1506, 1000.000000000000000 ) ;
#413 = VECTOR ( 'NONE', #959, 999.9999999999998863 ) ;
#414 = APPROVAL_PERSON_ORGANIZATION ( #2361, #3044, #1111 ) ;
#415 = DIRECTION ( 'NONE',  ( -0.000000000000000000, -0.000000000000000000, -1.000000000000000000 ) ) ;
#416 = VERTEX_POINT ( 'NONE', #2684 ) ;
#417 = DIRECTION ( 'NONE',  ( 0.1736481776669344113, -0.9848077530122072432, 0.000000000000000000 ) ) ;
#418 = ORIENTED_EDGE ( 'NONE', *, *, #321, .F. ) ;
#419 = ORIENTED_EDGE ( 'NONE', *, *, #2547, .F. ) ;
#420 = CARTESIAN_POINT ( 'NONE',  ( -1.523139917828612244, 55.50691563653042238, 4.700000000000005507 ) ) ;
#421 = PLANE ( 'NONE',  #1617 ) ;
#422 = CARTESIAN_POINT ( 'NONE',  ( -6.028108985557616428, -16.56655369724532179, 0.000000000000000000 ) ) ;
#423 = CARTESIAN_POINT ( 'NONE',  ( 2.100000000000005862, 60.50691563653041527, 0.000000000000000000 ) ) ;
#424 = DIRECTION ( 'NONE',  ( 1.147186355444782730E-16, -1.000000000000000000, 0.000000000000000000 ) ) ;
#425 = AXIS2_PLACEMENT_3D ( 'NONE', #1484, #937, #1938 ) ;
#426 = DIRECTION ( 'NONE',  ( -0.000000000000000000, 1.000000000000000000, -0.000000000000000000 ) ) ;
#427 = DIRECTION ( 'NONE',  ( -1.000000000000000000, 0.000000000000000000, 0.000000000000000000 ) ) ;
#428 = EDGE_CURVE ( 'NONE', #496, #2955, #3029, .T. ) ;
#429 = LINE ( 'NONE', #93, #1779 ) ;
#430 = ORIENTED_EDGE ( 'NONE', *, *, #924, .T. ) ;
#431 = CARTESIAN_POINT ( 'NONE',  ( 1.284247211982853775E-15, 60.50691563653041527, 0.1000000000000072081 ) ) ;
#432 = ORIENTED_EDGE ( 'NONE', *, *, #2455, .T. ) ;
#433 = CARTESIAN_POINT ( 'NONE',  ( -9.348863081143786502, 62.15537243668537570, 5.000000000000000000 ) ) ;
#434 = DIRECTION ( 'NONE',  ( 0.000000000000000000, 0.000000000000000000, 1.000000000000000000 ) ) ;
#435 = CARTESIAN_POINT ( 'NONE',  ( -9.417135154569921340, 18.51145232620213932, 5.611452326202187812 ) ) ;
#436 = CARTESIAN_POINT ( 'NONE',  ( -5.928108985557630106, 6.215769899223351658, 0.000000000000000000 ) ) ;
#437 = ADVANCED_FACE ( 'NONE', ( #669 ), #1753, .F. ) ;
#438 = CONICAL_SURFACE ( 'NONE', #3102, 2.000000000000000444, 0.7853981633974418397 ) ;
#439 = CARTESIAN_POINT ( 'NONE',  ( 2.299999999999983835, 60.50691563653041527, 5.000000000000000000 ) ) ;
#440 = CARTESIAN_POINT ( 'NONE',  ( 0.000000000000000000, -2.775557561562891351E-14, 4.700000000000005507 ) ) ;
#441 = CARTESIAN_POINT ( 'NONE',  ( 10.99999999999999645, 65.50691563653040816, 20.00000000000000000 ) ) ;
#442 = EDGE_LOOP ( 'NONE', ( #2308, #1695, #1601 ) ) ;
#443 = ADVANCED_FACE ( 'NONE', ( #2395 ), #142, .T. ) ;
#444 = DIRECTION ( 'NONE',  ( -0.6444004775717737665, 0.5407162030609370396, -0.5407162030609341530 ) ) ;
#445 = ORIENTED_EDGE ( 'NONE', *, *, #2533, .T. ) ;
#446 = VERTEX_POINT ( 'NONE', #655 ) ;
#447 = CARTESIAN_POINT ( 'NONE',  ( 13.00000000000000178, 67.50691563653040816, 18.00000000000000355 ) ) ;
#448 = ORIENTED_EDGE ( 'NONE', *, *, #2909, .T. ) ;
#449 = DIRECTION ( 'NONE',  ( 0.000000000000000000, 0.7071067811865475727, 0.7071067811865475727 ) ) ;
#450 = VERTEX_POINT ( 'NONE', #1917 ) ;
#451 = CARTESIAN_POINT ( 'NONE',  ( -6.999478671919734367E-16, 12.89999999999998082, 0.000000000000000000 ) ) ;
#452 = DIRECTION ( 'NONE',  ( 0.000000000000000000, -0.000000000000000000, -1.000000000000000000 ) ) ;
#453 = ORIENTED_EDGE ( 'NONE', *, *, #1164, .F. ) ;
#454 = DIRECTION ( 'NONE',  ( -0.6444004775717755429, -0.5407162030609359293, 0.5407162030609329317 ) ) ;
#455 = EDGE_CURVE ( 'NONE', #2877, #1355, #1995, .T. ) ;
#456 = FACE_OUTER_BOUND ( 'NONE', #3220, .T. ) ;
#457 = CONICAL_SURFACE ( 'NONE', #2302, 2.000000000000000444, 0.7853981633974418397 ) ;
#458 = AXIS2_PLACEMENT_3D ( 'NONE', #1852, #2921, #2853 ) ;
#459 = AXIS2_PLACEMENT_3D ( 'NONE', #2884, #114, #574 ) ;
#460 = ORIENTED_EDGE ( 'NONE', *, *, #688, .F. ) ;
#461 = CARTESIAN_POINT ( 'NONE',  ( 1.216796740069738032E-16, -10.86151035807897181, 5.000000000000000000 ) ) ;
#462 = ORIENTED_EDGE ( 'NONE', *, *, #3198, .F. ) ;
#463 = AXIS2_PLACEMENT_3D ( 'NONE', #1178, #1195, #2424 ) ;
#464 = ORIENTED_EDGE ( 'NONE', *, *, #2199, .T. ) ;
#465 = EDGE_CURVE ( 'NONE', #2846, #1603, #1568, .T. ) ;
#466 = VECTOR ( 'NONE', #638, 1000.000000000000000 ) ;
#467 = DIRECTION ( 'NONE',  ( 0.1736481776669344113, -0.9848077530122072432, 0.000000000000000000 ) ) ;
#468 = ORIENTED_EDGE ( 'NONE', *, *, #2967, .T. ) ;
#469 = VECTOR ( 'NONE', #1194, 1000.000000000000114 ) ;
#470 = COORDINATED_UNIVERSAL_TIME_OFFSET ( 3, 0, .BEHIND. ) ;
#471 = EDGE_CURVE ( 'NONE', #1450, #2215, #2668, .T. ) ;
#472 = ORIENTED_EDGE ( 'NONE', *, *, #2831, .T. ) ;
#473 = CARTESIAN_POINT ( 'NONE',  ( -12.99999999999999822, 65.50691563653040816, 6.831962940475420076 ) ) ;
#474 = DIRECTION ( 'NONE',  ( 1.000000000000000000, 0.000000000000000000, 0.000000000000000000 ) ) ;
#475 = VERTEX_POINT ( 'NONE', #44 ) ;
#476 = AXIS2_PLACEMENT_3D ( 'NONE', #1025, #2640, #1725 ) ;
#477 = CARTESIAN_POINT ( 'NONE',  ( -9.018256011247640203, 12.99999999999996980, 0.000000000000000000 ) ) ;
#478 = DIRECTION ( 'NONE',  ( 1.000000000000000000, 0.000000000000000000, 0.000000000000000000 ) ) ;
#479 = VECTOR ( 'NONE', #1366, 1000.000000000000000 ) ;
#480 = PLANE ( 'NONE',  #529 ) ;
#481 = ORIENTED_EDGE ( 'NONE', *, *, #121, .T. ) ;
#482 = ADVANCED_FACE ( 'NONE', ( #17 ), #256, .F. ) ;
#483 = VERTEX_POINT ( 'NONE', #2815 ) ;
#484 = ADVANCED_FACE ( 'NONE', ( #2078 ), #2785, .F. ) ;
#485 = CARTESIAN_POINT ( 'NONE',  ( 9.571424356868488914, 65.50691563653040816, 3.969215720141974657 ) ) ;
#486 = FACE_OUTER_BOUND ( 'NONE', #1943, .T. ) ;
#487 = ORIENTED_EDGE ( 'NONE', *, *, #379, .F. ) ;
#488 = DATE_AND_TIME ( #540, #2201 ) ;
#489 = EDGE_CURVE ( 'NONE', #382, #2342, #1042, .T. ) ;
#490 = DIRECTION ( 'NONE',  ( 0.000000000000000000, -0.000000000000000000, -1.000000000000000000 ) ) ;
#491 = CARTESIAN_POINT ( 'NONE',  ( 1.284247211982853775E-15, 60.50691563653041527, 4.700000000000014388 ) ) ;
#492 = EDGE_LOOP ( 'NONE', ( #3212, #873, #651, #3 ) ) ;
#493 = CARTESIAN_POINT ( 'NONE',  ( 0.000000000000000000, 0.000000000000000000, 5.000000000000000000 ) ) ;
#494 = CARTESIAN_POINT ( 'NONE',  ( 1.523139917828620682, 55.60691563653042380, 0.000000000000000000 ) ) ;
#495 = VECTOR ( 'NONE', #95, 1000.000000000000114 ) ;
#496 = VERTEX_POINT ( 'NONE', #2328 ) ;
#497 = CARTESIAN_POINT ( 'NONE',  ( -19.69615506024415197, 3.472963553338686005, 5.000000000000000000 ) ) ;
#498 = ORIENTED_EDGE ( 'NONE', *, *, #243, .T. ) ;
#499 = ORIENTED_EDGE ( 'NONE', *, *, #2798, .T. ) ;
#500 = CARTESIAN_POINT ( 'NONE',  ( -5.928108985557630106, 6.215769899223351658, 4.699999999999991296 ) ) ;
#501 = CARTESIAN_POINT ( 'NONE',  ( 1.227697591924952647, 55.45482118323032950, 5.000000000000000000 ) ) ;
#502 = VERTEX_POINT ( 'NONE', #1522 ) ;
#503 = ADVANCED_FACE ( 'NONE', ( #553 ), #2269, .T. ) ;
#504 = CARTESIAN_POINT ( 'NONE',  ( 0.000000000000000000, 0.000000000000000000, 0.000000000000000000 ) ) ;
#505 = CARTESIAN_POINT ( 'NONE',  ( 0.000000000000000000, -16.56655369724532179, 0.000000000000000000 ) ) ;
#506 = DIRECTION ( 'NONE',  ( -0.000000000000000000, -0.000000000000000000, 1.000000000000000000 ) ) ;
#507 = DIRECTION ( 'NONE',  ( 0.1736481776669343557, -0.9848077530122072432, 0.000000000000000000 ) ) ;
#508 = EDGE_CURVE ( 'NONE', #1646, #2926, #939, .T. ) ;
#509 = PLANE ( 'NONE',  #1272 ) ;
#510 = DIRECTION ( 'NONE',  ( -0.7071067811865430208, 8.659560562354877391E-17, 0.7071067811865521247 ) ) ;
#511 = AXIS2_PLACEMENT_3D ( 'NONE', #2957, #1523, #1028 ) ;
#512 = DIRECTION ( 'NONE',  ( -1.000000000000000000, 0.000000000000000000, 0.000000000000000000 ) ) ;
#513 = VERTEX_POINT ( 'NONE', #2568 ) ;
#514 = CARTESIAN_POINT ( 'NONE',  ( -5.928108985557630106, 6.215769899223351658, 0.000000000000000000 ) ) ;
#515 = VERTEX_POINT ( 'NONE', #2520 ) ;
#516 = CARTESIAN_POINT ( 'NONE',  ( 10.58319916294183827, 67.50691563653042238, 4.946225919616759725 ) ) ;
#517 = CONICAL_SURFACE ( 'NONE', #622, 19.70000000000002771, 0.7853981633974425058 ) ;
#518 = DIRECTION ( 'NONE',  ( 0.6963642403200170916, 0.1227878039689755119, -0.7071067811865489050 ) ) ;
#519 = VECTOR ( 'NONE', #2768, 1000.000000000000000 ) ;
#520 = LINE ( 'NONE', #2521, #2260 ) ;
#521 = ORIENTED_EDGE ( 'NONE', *, *, #3160, .F. ) ;
#522 = DIRECTION ( 'NONE',  ( -0.000000000000000000, -0.000000000000000000, -1.000000000000000000 ) ) ;
#523 = AXIS2_PLACEMENT_3D ( 'NONE', #1336, #98, #1180 ) ;
#524 = DIRECTION ( 'NONE',  ( -0.000000000000000000, -1.000000000000000000, -0.000000000000000000 ) ) ;
#525 = DIRECTION ( 'NONE',  ( -1.000000000000000000, -5.425952458852515230E-17, 0.000000000000000000 ) ) ;
#526 = ADVANCED_FACE ( 'NONE', ( #1537 ), #1206, .F. ) ;
#527 = CARTESIAN_POINT ( 'NONE',  ( -3.787310413408128351, 69.22115071527281316, 5.012225992729197444 ) ) ;
#528 = CARTESIAN_POINT ( 'NONE',  ( -12.75765995163209965, 67.50691563653042238, 6.019511839218380622 ) ) ;
#529 = AXIS2_PLACEMENT_3D ( 'NONE', #1209, #2924, #2229 ) ;
#530 = VECTOR ( 'NONE', #2832, 1000.000000000000114 ) ;
#531 = VERTEX_POINT ( 'NONE', #3004 ) ;
#532 = DIRECTION ( 'NONE',  ( 1.000000000000000000, 0.000000000000000000, 0.000000000000000000 ) ) ;
#533 = ADVANCED_FACE ( 'NONE', ( #275 ), #1569, .F. ) ;
#534 = EDGE_LOOP ( 'NONE', ( #2986, #498, #2000, #2711 ) ) ;
#535 = ORIENTED_EDGE ( 'NONE', *, *, #1973, .T. ) ;
#536 = VECTOR ( 'NONE', #1640, 1000.000000000000114 ) ;
#537 = CARTESIAN_POINT ( 'NONE',  ( -15.98542826473333278, 12.69999999999997087, 5.000000000000000000 ) ) ;
#538 = CARTESIAN_POINT ( 'NONE',  ( -8.591536611691296343, 65.50691563653040816, 4.700000000000005507 ) ) ;
#539 = VERTEX_POINT ( 'NONE', #765 ) ;
#540 = CALENDAR_DATE ( 2026, 15, 8 ) ;
#541 = ORIENTED_EDGE ( 'NONE', *, *, #611, .T. ) ;
#542 = LINE ( 'NONE', #2740, #1743 ) ;
#543 = CARTESIAN_POINT ( 'NONE',  ( -11.16354459520045950, 65.50691563653039395, 4.805898144854499066 ) ) ;
#544 = CARTESIAN_POINT ( 'NONE',  ( 8.143215310576598753, -22.42864340950762170, 14.78864959117310640 ) ) ;
#545 = CARTESIAN_POINT ( 'NONE',  ( -11.63107601016473325, 67.50691563653040816, 5.079124194572277595 ) ) ;
#546 = EDGE_CURVE ( 'NONE', #1564, #1553, #1295, .T. ) ;
#547 = ORIENTED_EDGE ( 'NONE', *, *, #1396, .T. ) ;
#548 = LINE ( 'NONE', #2762, #2048 ) ;
#549 = AXIS2_PLACEMENT_3D ( 'NONE', #855, #1554, #2618 ) ;
#550 = EDGE_LOOP ( 'NONE', ( #1582, #634, #1749, #46, #617, #849, #300, #285, #1703, #2291, #853, #2230, #1474, #2546 ) ) ;
#551 = EDGE_CURVE ( 'NONE', #723, #2012, #2776, .T. ) ;
#552 = VERTEX_POINT ( 'NONE', #1314 ) ;
#553 = FACE_OUTER_BOUND ( 'NONE', #2094, .T. ) ;
#554 = CARTESIAN_POINT ( 'NONE',  ( 6.279396779169267084, 67.62658694699841533, 6.311669391666729467 ) ) ;
#555 = EDGE_LOOP ( 'NONE', ( #1837, #2896, #941, #2929 ) ) ;
#556 = FACE_OUTER_BOUND ( 'NONE', #587, .T. ) ;
#557 = CARTESIAN_POINT ( 'NONE',  ( -12.99999999999999822, 65.50691563653040816, 18.00000000000000355 ) ) ;
#558 = LINE ( 'NONE', #1556, #1520 ) ;
#559 = LINE ( 'NONE', #1239, #746 ) ;
#560 = CARTESIAN_POINT ( 'NONE',  ( -12.54847899312405168, 67.50691563653042238, 5.709700285819957699 ) ) ;
#561 = EDGE_CURVE ( 'NONE', #475, #1971, #3052, .T. ) ;
#562 = DIRECTION ( 'NONE',  ( 1.000000000000000000, 0.000000000000000000, 0.000000000000000000 ) ) ;
#563 =( BOUNDED_SURFACE ( )  B_SPLINE_SURFACE ( 3, 2, ( 
 ( #1399, #1843, #1609 ),
 ( #2858, #1384, #389 ),
 ( #610, #2337, #118 ),
 ( #2607, #3059, #1580 ) ),
 .UNSPECIFIED., .F., .F., .F. ) 
 B_SPLINE_SURFACE_WITH_KNOTS ( ( 4, 4 ),
 ( 3, 3 ),
 ( 0.01140037641703330051, 0.01362494274484787708 ),
 ( 0.000000000000000000, 1.000000000000000000 ),
 .UNSPECIFIED. ) 
 GEOMETRIC_REPRESENTATION_ITEM ( )  RATIONAL_B_SPLINE_SURFACE ( (
 ( 1.000000000000000000, 0.7837882135085636470, 1.000000000000000000),
 ( 1.000000000000000000, 0.7675452367335724446, 1.000000000000000000),
 ( 1.000000000000000000, 0.7488567707568609677, 1.000000000000000000),
 ( 1.000000000000000000, 0.7290071408168117273, 1.000000000000000000) ) ) 
 REPRESENTATION_ITEM ( '' )  SURFACE ( )  );
#564 = EDGE_LOOP ( 'NONE', ( #1967, #2536, #844, #2468 ) ) ;
#565 = ORIENTED_EDGE ( 'NONE', *, *, #3160, .T. ) ;
#566 = DIRECTION ( 'NONE',  ( 0.000000000000000000, -0.000000000000000000, -1.000000000000000000 ) ) ;
#567 = CARTESIAN_POINT ( 'NONE',  ( 13.00000000000000178, 65.50691563653040816, 20.00000000000000000 ) ) ;
#568 = PERSON_AND_ORGANIZATION_ROLE ( 'creator' ) ;
#569 = VECTOR ( 'NONE', #1352, 1000.000000000000000 ) ;
#570 = AXIS2_PLACEMENT_3D ( 'NONE', #2855, #2590, #2318 ) ;
#571 = ORIENTED_EDGE ( 'NONE', *, *, #2298, .T. ) ;
#572 = DIRECTION ( 'NONE',  ( -0.1736481776669343557, 0.9848077530122072432, 0.000000000000000000 ) ) ;
#573 = ADVANCED_FACE ( 'NONE', ( #2281 ), #786, .T. ) ;
#574 = DIRECTION ( 'NONE',  ( 1.147186355444782730E-16, -1.000000000000000000, 0.000000000000000000 ) ) ;
#575 = CIRCLE ( 'NONE', #2828, 1.600000000000002531 ) ;
#576 = CARTESIAN_POINT ( 'NONE',  ( 2.000000000000001776, 60.50691563653041527, 4.700000000000014388 ) ) ;
#577 = CARTESIAN_POINT ( 'NONE',  ( 9.769885813337429781, 65.50691563653039395, 13.89294048252996738 ) ) ;
#578 = LINE ( 'NONE', #2870, #2712 ) ;
#579 = CARTESIAN_POINT ( 'NONE',  ( -19.69615506024415197, 3.472963553338685561, 5.000000000000000000 ) ) ;
#580 = VERTEX_POINT ( 'NONE', #2043 ) ;
#581 = CARTESIAN_POINT ( 'NONE',  ( 6.467387339911099708, 67.50691563653039395, 1.562253629776684249 ) ) ;
#582 = CIRCLE ( 'NONE', #476, 2.000000000000000444 ) ;
#583 = VERTEX_POINT ( 'NONE', #1832 ) ;
#584 = LINE ( 'NONE', #1864, #1260 ) ;
#585 = EDGE_CURVE ( 'NONE', #2912, #926, #65, .T. ) ;
#586 = CARTESIAN_POINT ( 'NONE',  ( 5.811810049762872410, 68.01879642185001273, 5.620364665809288951 ) ) ;
#587 = EDGE_LOOP ( 'NONE', ( #1388, #77, #2732, #305 ) ) ;
#588 = EDGE_LOOP ( 'NONE', ( #1207, #1535, #2788, #970 ) ) ;
#589 = EDGE_CURVE ( 'NONE', #1585, #475, #286, .T. ) ;
#590 = AXIS2_PLACEMENT_3D ( 'NONE', #1954, #1417, #196 ) ;
#591 = DIRECTION ( 'NONE',  ( 0.000000000000000000, 0.000000000000000000, -1.000000000000000000 ) ) ;
#592 = DIRECTION ( 'NONE',  ( -0.000000000000000000, -0.000000000000000000, -1.000000000000000000 ) ) ;
#593 = EDGE_CURVE ( 'NONE', #1157, #277, #1330, .T. ) ;
#594 = CARTESIAN_POINT ( 'NONE',  ( 1.216796740069738032E-16, -10.86151035807897181, 5.000000000000000000 ) ) ;
#595 = DIRECTION ( 'NONE',  ( -0.1736481776669342170, -0.9848077530122073542, 0.000000000000000000 ) ) ;
#596 = CARTESIAN_POINT ( 'NONE',  ( 1.523139917828620682, 55.50691563653040816, 0.1000000000000167422 ) ) ;
#597 = CARTESIAN_POINT ( 'NONE',  ( -1.350000000000037392, 9.150000000000002132, 20.00100000000000477 ) ) ;
#598 = ORIENTED_EDGE ( 'NONE', *, *, #1666, .F. ) ;
#599 = VERTEX_POINT ( 'NONE', #2598 ) ;
#600 = DIRECTION ( 'NONE',  ( 1.000000000000000000, 0.000000000000000000, 0.000000000000000000 ) ) ;
#601 = VERTEX_POINT ( 'NONE', #633 ) ;
#602 = ORIENTED_EDGE ( 'NONE', *, *, #736, .T. ) ;
#603 = DIRECTION ( 'NONE',  ( 0.000000000000000000, -0.000000000000000000, -1.000000000000000000 ) ) ;
#604 = EDGE_CURVE ( 'NONE', #2461, #1188, #2146, .T. ) ;
#605 = ADVANCED_FACE ( 'NONE', ( #1879 ), #1094, .F. ) ;
#606 = LINE ( 'NONE', #1590, #709 ) ;
#607 = CARTESIAN_POINT ( 'NONE',  ( 9.492241620786186829, 1.673738305148495087, 4.700000000000008171 ) ) ;
#608 = LINE ( 'NONE', #2842, #1935 ) ;
#609 = LINE ( 'NONE', #1608, #115 ) ;
#610 = CARTESIAN_POINT ( 'NONE',  ( -12.99999999999999822, 66.77911836827773584, 6.953481802129668488 ) ) ;
#611 = EDGE_CURVE ( 'NONE', #208, #382, #2344, .T. ) ;
#612 = CARTESIAN_POINT ( 'NONE',  ( 8.328344660325925020, 65.06293648270430197, 5.000000000000000000 ) ) ;
#613 = EDGE_CURVE ( 'NONE', #2679, #539, #2879, .T. ) ;
#614 = EDGE_LOOP ( 'NONE', ( #50, #3203, #3040 ) ) ;
#615 = EDGE_LOOP ( 'NONE', ( #2083, #3093, #1215, #2555 ) ) ;
#616 = CARTESIAN_POINT ( 'NONE',  ( 19.40071273434050170, 3.420869100038610444, 5.000000000000000000 ) ) ;
#617 = ORIENTED_EDGE ( 'NONE', *, *, #1297, .T. ) ;
#618 = DATE_TIME_ROLE ( 'classification_date' ) ;
#619 = ORIENTED_EDGE ( 'NONE', *, *, #1740, .F. ) ;
#620 = DIRECTION ( 'NONE',  ( -3.836727778050513148E-17, 0.7071067811865618946, 0.7071067811865332509 ) ) ;
#621 = DIRECTION ( 'NONE',  ( 0.000000000000000000, 1.000000000000000000, -0.000000000000000000 ) ) ;
#622 = AXIS2_PLACEMENT_3D ( 'NONE', #2055, #1776, #512 ) ;
#623 = LINE ( 'NONE', #1350, #2095 ) ;
#624 = VECTOR ( 'NONE', #3045, 1000.000000000000000 ) ;
#625 = CARTESIAN_POINT ( 'NONE',  ( 1.350000000000036504, 9.150000000000002132, 20.00100000000000477 ) ) ;
#626 = CARTESIAN_POINT ( 'NONE',  ( 17.82502032952099214, 3.143032015771519916, 0.000000000000000000 ) ) ;
#627 = VECTOR ( 'NONE', #1494, 1000.000000000000000 ) ;
#628 = PRODUCT_DEFINITION ( 'UNKNOWN', '', #359, #934 ) ;
#629 = CARTESIAN_POINT ( 'NONE',  ( 2.515349040166370287E-13, 3.283205486669197981, 9.168552098529467287 ) ) ;
#630 = ORIENTED_EDGE ( 'NONE', *, *, #1186, .T. ) ;
#631 = VERTEX_POINT ( 'NONE', #1847 ) ;
#632 = ADVANCED_FACE ( 'NONE', ( #2628 ), #848, .F. ) ;
#633 = CARTESIAN_POINT ( 'NONE',  ( -9.338066964079528631, -17.68616706283100370, 4.700000000000005507 ) ) ;
#634 = ORIENTED_EDGE ( 'NONE', *, *, #1016, .T. ) ;
#635 = LINE ( 'NONE', #1668, #2312 ) ;
#636 = CARTESIAN_POINT ( 'NONE',  ( 13.00000000000000178, 66.03704262643856282, 6.886720701995454164 ) ) ;
#637 = AXIS2_PLACEMENT_3D ( 'NONE', #100, #2606, #1593 ) ;
#638 = DIRECTION ( 'NONE',  ( -1.147186355444782730E-16, 1.000000000000000000, 0.000000000000000000 ) ) ;
#639 = LINE ( 'NONE', #3140, #2217 ) ;
#640 = CARTESIAN_POINT ( 'NONE',  ( 6.608028597386622849, 10.12760282056198413, -2.772397179437969150 ) ) ;
#641 = EDGE_CURVE ( 'NONE', #2549, #61, #1109, .T. ) ;
#642 = ORIENTED_EDGE ( 'NONE', *, *, #1704, .T. ) ;
#643 = CARTESIAN_POINT ( 'NONE',  ( 9.348863081143786502, 62.15537243668538281, 5.000000000000000000 ) ) ;
#644 = EDGE_CURVE ( 'NONE', #2767, #1712, #1862, .T. ) ;
#645 = LINE ( 'NONE', #1834, #1724 ) ;
#646 = VERTEX_POINT ( 'NONE', #3095 ) ;
#647 = ORIENTED_EDGE ( 'NONE', *, *, #2575, .F. ) ;
#648 = CARTESIAN_POINT ( 'NONE',  ( 8.328344660325925020, 65.06293648270430197, 1.000000000000000000 ) ) ;
#649 = ORIENTED_EDGE ( 'NONE', *, *, #885, .F. ) ;
#650 = VECTOR ( 'NONE', #524, 1000.000000000000000 ) ;
#651 = ORIENTED_EDGE ( 'NONE', *, *, #2672, .F. ) ;
#652 = EDGE_CURVE ( 'NONE', #2767, #335, #1614, .T. ) ;
#653 = DIRECTION ( 'NONE',  ( 0.1736481776669344390, -0.9848077530122072432, 0.000000000000000000 ) ) ;
#654 = CARTESIAN_POINT ( 'NONE',  ( -10.99999999999999822, 65.50691563653040816, 20.00000000000000000 ) ) ;
#655 = CARTESIAN_POINT ( 'NONE',  ( -20.00000000000001776, -2.775557561562891351E-14, 0.1000000000000028644 ) ) ;
#656 = CARTESIAN_POINT ( 'NONE',  ( -9.053420755240129125, 62.10327798338529703, 5.000000000000000000 ) ) ;
#657 = CARTESIAN_POINT ( 'NONE',  ( -8.785754497217970638, 55.55901008983048683, 5.000000000000000000 ) ) ;
#658 = VECTOR ( 'NONE', #2951, 1000.000000000000000 ) ;
#659 = ORIENTED_EDGE ( 'NONE', *, *, #2193, .F. ) ;
#660 = LINE ( 'NONE', #3144, #2007 ) ;
#661 = CYLINDRICAL_SURFACE ( 'NONE', #355, 2.000000000000001776 ) ;
#662 = CARTESIAN_POINT ( 'NONE',  ( -12.99999999999999822, 67.50691563653040816, 18.00000000000000355 ) ) ;
#663 = EDGE_LOOP ( 'NONE', ( #2145, #82 ) ) ;
#664 = CARTESIAN_POINT ( 'NONE',  ( 4.382754329064435517, 15.61158160856017574, 2.088418391439815114 ) ) ;
#665 = EDGE_LOOP ( 'NONE', ( #331, #349, #2283, #3035 ) ) ;
#666 = DIRECTION ( 'NONE',  ( -0.1736481776669342170, -0.9848077530122073542, 0.000000000000000000 ) ) ;
#667 = LINE ( 'NONE', #654, #1884 ) ;
#668 = EDGE_CURVE ( 'NONE', #2912, #64, #1599, .T. ) ;
#669 = FACE_OUTER_BOUND ( 'NONE', #2959, .T. ) ;
#670 = CARTESIAN_POINT ( 'NONE',  ( -8.591536611691296343, 65.50691563653040816, 4.700000000000005507 ) ) ;
#671 = FACE_OUTER_BOUND ( 'NONE', #778, .T. ) ;
#672 = VECTOR ( 'NONE', #525, 1000.000000000000000 ) ;
#673 = ORIENTED_EDGE ( 'NONE', *, *, #1387, .F. ) ;
#674 = CIRCLE ( 'NONE', #255, 2.299999999999982503 ) ;
#675 = AXIS2_PLACEMENT_3D ( 'NONE', #2122, #621, #3070 ) ;
#676 = LINE ( 'NONE', #2174, #701 ) ;
#677 = DIRECTION ( 'NONE',  ( 0.6963642403200198672, 0.1227878039689751510, -0.7071067811865462405 ) ) ;
#678 = AXIS2_PLACEMENT_3D ( 'NONE', #2062, #1815, #1280 ) ;
#679 = CARTESIAN_POINT ( 'NONE',  ( 13.00000000000000178, 67.50691563653040816, 20.00000000000000000 ) ) ;
#680 = ORIENTED_EDGE ( 'NONE', *, *, #736, .F. ) ;
#681 = PLANE ( 'NONE',  #1626 ) ;
#682 = VERTEX_POINT ( 'NONE', #137 ) ;
#683 = ORIENTED_EDGE ( 'NONE', *, *, #184, .T. ) ;
#684 = AXIS2_PLACEMENT_3D ( 'NONE', #1408, #157, #2944 ) ;
#685 = EDGE_CURVE ( 'NONE', #2949, #2280, #584, .T. ) ;
#686 = DIRECTION ( 'NONE',  ( -0.1736481776669344390, 0.9848077530122072432, 0.000000000000000000 ) ) ;
#687 = ORIENTED_EDGE ( 'NONE', *, *, #1516, .F. ) ;
#688 = EDGE_CURVE ( 'NONE', #2167, #976, #575, .T. ) ;
#689 = LINE ( 'NONE', #2153, #3075 ) ;
#690 = LINE ( 'NONE', #997, #2359 ) ;
#691 = CARTESIAN_POINT ( 'NONE',  ( -8.226369619475738304, -22.42864340950762170, 13.89294048252996916 ) ) ;
#692 = VECTOR ( 'NONE', #2890, 1000.000000000000000 ) ;
#693 = PLANE ( 'NONE',  #254 ) ;
#694 = AXIS2_PLACEMENT_3D ( 'NONE', #2103, #415, #2191 ) ;
#695 = EDGE_CURVE ( 'NONE', #2297, #210, #369, .T. ) ;
#696 = VECTOR ( 'NONE', #231, 1000.000000000000000 ) ;
#697 = CARTESIAN_POINT ( 'NONE',  ( 7.954506873076471862, 65.18934548361984582, 4.962834198441738565 ) ) ;
#698 = CARTESIAN_POINT ( 'NONE',  ( 0.000000000000000000, -2.775557561562891351E-14, 0.000000000000000000 ) ) ;
#699 = LINE ( 'NONE', #662, #1004 ) ;
#700 = ORIENTED_EDGE ( 'NONE', *, *, #321, .T. ) ;
#701 = VECTOR ( 'NONE', #1445, 1000.000000000000114 ) ;
#702 = FACE_OUTER_BOUND ( 'NONE', #2881, .T. ) ;
#703 = ORIENTED_EDGE ( 'NONE', *, *, #2016, .T. ) ;
#704 = ORIENTED_EDGE ( 'NONE', *, *, #986, .F. ) ;
#705 = DIRECTION ( 'NONE',  ( -0.9848077530122074652, 0.1736481776669342447, 0.000000000000000000 ) ) ;
#706 = DIRECTION ( 'NONE',  ( -0.000000000000000000, 0.000000000000000000, 1.000000000000000000 ) ) ;
#707 = EDGE_LOOP ( 'NONE', ( #1489, #866, #1442, #979 ) ) ;
#708 = EDGE_CURVE ( 'NONE', #152, #3110, #1123, .T. ) ;
#709 = VECTOR ( 'NONE', #3099, 1000.000000000000000 ) ;
#710 = DIRECTION ( 'NONE',  ( 0.000000000000000000, 1.000000000000000000, 0.000000000000000000 ) ) ;
#711 = CARTESIAN_POINT ( 'NONE',  ( -12.70818288694139220, 65.50691563653040816, 5.762216232547160644 ) ) ;
#712 = ORIENTED_EDGE ( 'NONE', *, *, #265, .T. ) ;
#713 = CARTESIAN_POINT ( 'NONE',  ( 8.008076073844714315, 65.17176930384093225, 4.925486368679909077 ) ) ;
#714 = EDGE_CURVE ( 'NONE', #2601, #531, #1790, .T. ) ;
#715 = FACE_OUTER_BOUND ( 'NONE', #2687, .T. ) ;
#716 = LINE ( 'NONE', #1708, #408 ) ;
#717 = ORIENTED_EDGE ( 'NONE', *, *, #2689, .F. ) ;
#718 = CARTESIAN_POINT ( 'NONE',  ( -3.019710372196382941, 69.50691563653040816, 5.000000000000000000 ) ) ;
#719 = EDGE_CURVE ( 'NONE', #378, #150, #2130, .T. ) ;
#720 = ORIENTED_EDGE ( 'NONE', *, *, #265, .F. ) ;
#721 = CARTESIAN_POINT ( 'NONE',  ( 16.28087059063701858, 13.05209445330005380, 5.000000000000000000 ) ) ;
#722 = CARTESIAN_POINT ( 'NONE',  ( -10.99999999999999822, 0.000000000000000000, 18.00000000000000355 ) ) ;
#723 = VERTEX_POINT ( 'NONE', #718 ) ;
#724 = CARTESIAN_POINT ( 'NONE',  ( -10.03806763193412444, 67.50691563653042238, 4.804820929598617063 ) ) ;
#725 = LINE ( 'NONE', #2935, #48 ) ;
#726 = ORIENTED_EDGE ( 'NONE', *, *, #2034, .F. ) ;
#727 = LINE ( 'NONE', #477, #1589 ) ;
#728 = DIRECTION ( 'NONE',  ( 0.000000000000000000, -0.000000000000000000, -1.000000000000000000 ) ) ;
#729 = VECTOR ( 'NONE', #2238, 1000.000000000000000 ) ;
#730 = CONICAL_SURFACE ( 'NONE', #2456, 11.56613305142865578, 0.7853981633974569387 ) ;
#731 = EDGE_LOOP ( 'NONE', ( #565, #2862, #898, #2596 ) ) ;
#732 = CARTESIAN_POINT ( 'NONE',  ( -12.99999999999999822, 66.17232514233559471, 6.898536037118183195 ) ) ;
#733 = CIRCLE ( 'NONE', #3129, 19.70000000000002416 ) ;
#734 = ORIENTED_EDGE ( 'NONE', *, *, #2909, .F. ) ;
#735 = ORIENTED_EDGE ( 'NONE', *, *, #2818, .T. ) ;
#736 = EDGE_CURVE ( 'NONE', #64, #2497, #3193, .T. ) ;
#737 = CARTESIAN_POINT ( 'NONE',  ( -2.100000000000003197, 60.50691563653041527, 0.000000000000000000 ) ) ;
#738 = EDGE_LOOP ( 'NONE', ( #1899, #2128, #1326, #1121 ) ) ;
#739 = ORIENTED_EDGE ( 'NONE', *, *, #2323, .F. ) ;
#740 = CIRCLE ( 'NONE', #2571, 2.000000000000000444 ) ;
#741 = CARTESIAN_POINT ( 'NONE',  ( -7.053738196508254761E-16, 12.99999999999996980, 0.000000000000000000 ) ) ;
#742 = LINE ( 'NONE', #1252, #2144 ) ;
#743 = VERTEX_POINT ( 'NONE', #2418 ) ;
#744 = DIRECTION ( 'NONE',  ( -0.000000000000000000, 1.000000000000000000, -0.000000000000000000 ) ) ;
#745 = DIRECTION ( 'NONE',  ( -0.000000000000000000, 0.000000000000000000, -1.000000000000000000 ) ) ;
#746 = VECTOR ( 'NONE', #760, 1000.000000000000000 ) ;
#747 = EDGE_CURVE ( 'NONE', #646, #583, #1189, .T. ) ;
#748 = EDGE_CURVE ( 'NONE', #1585, #277, #1957, .T. ) ;
#749 = CARTESIAN_POINT ( 'NONE',  ( 12.08517775549604778, 67.50691563653042238, 5.296604871049106045 ) ) ;
#750 = VERTEX_POINT ( 'NONE', #2709 ) ;
#751 = ORIENTED_EDGE ( 'NONE', *, *, #613, .F. ) ;
#752 = DIRECTION ( 'NONE',  ( -0.000000000000000000, 0.000000000000000000, 1.000000000000000000 ) ) ;
#753 = LINE ( 'NONE', #721, #773 ) ;
#754 = ADVANCED_FACE ( 'NONE', ( #702 ), #3036, .T. ) ;
#755 = CARTESIAN_POINT ( 'NONE',  ( 1.284247211982853775E-15, 60.50691563653041527, 4.700000000000005507 ) ) ;
#756 = EDGE_LOOP ( 'NONE', ( #2969, #878, #1818, #259 ) ) ;
#757 = DIRECTION ( 'NONE',  ( 0.000000000000000000, 0.000000000000000000, -1.000000000000000000 ) ) ;
#758 = CARTESIAN_POINT ( 'NONE',  ( -8.747211467536969209, 65.50691563653040816, 3.098349511665747791 ) ) ;
#759 = CARTESIAN_POINT ( 'NONE',  ( 6.228108985557658350, -16.76655369724534239, 5.000000000000000000 ) ) ;
#760 = DIRECTION ( 'NONE',  ( -0.000000000000000000, -0.000000000000000000, -1.000000000000000000 ) ) ;
#761 = CARTESIAN_POINT ( 'NONE',  ( 19.40071273434049104, 3.420869100038662403, 5.000000000000000000 ) ) ;
#762 = VERTEX_POINT ( 'NONE', #1662 ) ;
#763 = DIRECTION ( 'NONE',  ( -0.000000000000000000, -0.000000000000000000, 1.000000000000000000 ) ) ;
#764 = EDGE_LOOP ( 'NONE', ( #1190, #1621, #2097, #659 ) ) ;
#765 = CARTESIAN_POINT ( 'NONE',  ( 1.523139917828620682, 55.50691563653040816, 4.699999999999977973 ) ) ;
#766 = DIRECTION ( 'NONE',  ( 1.000000000000000000, 5.425952458852515230E-17, 0.000000000000000000 ) ) ;
#767 = VERTEX_POINT ( 'NONE', #1472 ) ;
#768 = CALENDAR_DATE ( 2026, 15, 8 ) ;
#769 = CARTESIAN_POINT ( 'NONE',  ( 0.000000000000000000, -2.775557561562891351E-14, 0.1000000000000028644 ) ) ;
#770 = CARTESIAN_POINT ( 'NONE',  ( 5.928108985557649646, -16.46655369724533102, 0.09999999999998898659 ) ) ;
#771 = EDGE_CURVE ( 'NONE', #599, #1278, #2268, .T. ) ;
#772 = CARTESIAN_POINT ( 'NONE',  ( -6.344293473128962191, 67.56882062059003147, 6.496721055076662310 ) ) ;
#773 = VECTOR ( 'NONE', #467, 1000.000000000000227 ) ;
#774 = DIRECTION ( 'NONE',  ( -0.5773502691896252870, 0.5773502691896260641, -0.5773502691896260641 ) ) ;
#775 = AXIS2_PLACEMENT_3D ( 'NONE', #2865, #620, #83 ) ;
#776 = ORIENTED_EDGE ( 'NONE', *, *, #145, .F. ) ;
#777 = DIRECTION ( 'NONE',  ( 0.000000000000000000, -0.000000000000000000, -1.000000000000000000 ) ) ;
#778 = EDGE_LOOP ( 'NONE', ( #1913, #3192, #1829, #829, #1493, #2239, #448, #3078, #1845, #19, #704, #1894 ) ) ;
#779 = VECTOR ( 'NONE', #1594, 1000.000000000000000 ) ;
#780 = AXIS2_PLACEMENT_3D ( 'NONE', #1345, #302, #80 ) ;
#781 = CARTESIAN_POINT ( 'NONE',  ( 4.056185685816536157, 4.343846599482241722, 2.828076700258881360 ) ) ;
#782 = LOCAL_TIME ( 21, 13, 45.00000000000000000, #239 ) ;
#783 = CARTESIAN_POINT ( 'NONE',  ( -9.590722396087384638, 1.691103122915182055, 0.000000000000000000 ) ) ;
#784 = EDGE_LOOP ( 'NONE', ( #1298, #2753 ) ) ;
#785 = DIRECTION ( 'NONE',  ( 1.000000000000000000, 0.000000000000000000, 0.000000000000000000 ) ) ;
#786 = CONICAL_SURFACE ( 'NONE', #2614, 9.493084363469568743, 0.7853981633974482790 ) ;
#787 = EDGE_CURVE ( 'NONE', #1420, #323, #2209, .T. ) ;
#788 = CARTESIAN_POINT ( 'NONE',  ( -6.752050734059073633, 67.50691563653040816, 2.350735768112504509 ) ) ;
#789 = CARTESIAN_POINT ( 'NONE',  ( -8.929426224843844295, 65.50691563653042238, 3.335580022464326611 ) ) ;
#790 = B_SPLINE_CURVE_WITH_KNOTS ( 'NONE', 1,
 ( #273, #28 ),
 .UNSPECIFIED., .F., .F.,
 ( 2, 2 ),
 ( 0.000000000000000000, 0.0009149333990260824024 ),
 .UNSPECIFIED. ) ;
#791 = PLANE ( 'NONE',  #2419 ) ;
#792 = LINE ( 'NONE', #494, #935 ) ;
#793 = VECTOR ( 'NONE', #417, 1000.000000000000114 ) ;
#794 = EDGE_CURVE ( 'NONE', #1450, #213, #2467, .T. ) ;
#795 = ORIENTED_EDGE ( 'NONE', *, *, #1566, .F. ) ;
#796 = CARTESIAN_POINT ( 'NONE',  ( 12.81528116343422496, 67.50691563653040816, 6.133211574248898401 ) ) ;
#797 = ORIENTED_EDGE ( 'NONE', *, *, #771, .T. ) ;
#798 = VECTOR ( 'NONE', #454, 1000.000000000000227 ) ;
#799 = LINE ( 'NONE', #14, #2786 ) ;
#800 = VECTOR ( 'NONE', #2203, 1000.000000000000000 ) ;
#801 = DIRECTION ( 'NONE',  ( -1.000000000000000000, -5.425952458852515230E-17, 0.000000000000000000 ) ) ;
#802 = CARTESIAN_POINT ( 'NONE',  ( 5.513738940337535865, 68.24435561820803287, 5.428984458757966536 ) ) ;
#803 = ORIENTED_EDGE ( 'NONE', *, *, #2161, .T. ) ;
#804 = DATE_AND_TIME ( #1849, #940 ) ;
#805 = ORIENTED_EDGE ( 'NONE', *, *, #1171, .F. ) ;
#806 = CARTESIAN_POINT ( 'NONE',  ( 9.270936995840999728, -17.60849571621803733, 4.800028627545000148 ) ) ;
#807 = CARTESIAN_POINT ( 'NONE',  ( -10.87371428843404964, 65.50691563653042238, 4.708036013872122894 ) ) ;
#808 = ADVANCED_FACE ( 'NONE', ( #1226 ), #480, .T. ) ;
#809 = CARTESIAN_POINT ( 'NONE',  ( 19.69615506024414842, 3.472963553338741072, 5.000000000000000000 ) ) ;
#810 = CARTESIAN_POINT ( 'NONE',  ( -5.793014814430509141, 68.02965248845028157, 5.643891668759790647 ) ) ;
#811 = CARTESIAN_POINT ( 'NONE',  ( -11.97588785290390767, 67.50691563653040816, 5.230921627476949887 ) ) ;
#812 = EDGE_CURVE ( 'NONE', #2384, #1738, #2021, .T. ) ;
#813 = DIRECTION ( 'NONE',  ( 0.1736481776669342170, 0.9848077530122073542, 0.000000000000000000 ) ) ;
#814 = VECTOR ( 'NONE', #127, 1000.000000000000000 ) ;
#815 = ORIENTED_EDGE ( 'NONE', *, *, #613, .T. ) ;
#816 = ORIENTED_EDGE ( 'NONE', *, *, #1140, .F. ) ;
#817 = DIRECTION ( 'NONE',  ( -0.5773502691896259531, -0.5773502691896257311, -0.5773502691896257311 ) ) ;
#818 = DIRECTION ( 'NONE',  ( 0.000000000000000000, 0.000000000000000000, -1.000000000000000000 ) ) ;
#819 = EDGE_LOOP ( 'NONE', ( #2343, #1037 ) ) ;
#820 = ORIENTED_EDGE ( 'NONE', *, *, #668, .F. ) ;
#821 = LINE ( 'NONE', #1868, #350 ) ;
#822 = DIRECTION ( 'NONE',  ( 0.000000000000000000, -0.000000000000000000, -1.000000000000000000 ) ) ;
#823 = PLANE ( 'NONE',  #2509 ) ;
#824 = DIRECTION ( 'NONE',  ( -0.8759792377278958764, 0.000000000000000000, 0.4823488105817762550 ) ) ;
#825 = CARTESIAN_POINT ( 'NONE',  ( 9.018256011247654413, 12.99999999999996980, 0.000000000000000000 ) ) ;
#826 = FACE_BOUND ( 'NONE', #1958, .T. ) ;
#827 = EDGE_CURVE ( 'NONE', #1811, #631, #1487, .T. ) ;
#828 = ORIENTED_EDGE ( 'NONE', *, *, #2077, .T. ) ;
#829 = ORIENTED_EDGE ( 'NONE', *, *, #883, .T. ) ;
#830 = DIRECTION ( 'NONE',  ( -0.1736481776669342170, -0.9848077530122073542, 0.000000000000000000 ) ) ;
#831 = FACE_OUTER_BOUND ( 'NONE', #393, .T. ) ;
#832 = COORDINATED_UNIVERSAL_TIME_OFFSET ( 3, 0, .BEHIND. ) ;
#833 = VECTOR ( 'NONE', #2636, 1000.000000000000114 ) ;
#834 = EDGE_LOOP ( 'NONE', ( #1546, #739, #2761, #3210 ) ) ;
#835 = EDGE_CURVE ( 'NONE', #892, #1450, #2936, .T. ) ;
#836 = AXIS2_PLACEMENT_3D ( 'NONE', #1685, #1427, #3168 ) ;
#837 = CARTESIAN_POINT ( 'NONE',  ( 1.284247211982853775E-15, 60.50691563653041527, 4.700000000000014388 ) ) ;
#838 = DIRECTION ( 'NONE',  ( -1.000000000000000000, -5.425952458852515230E-17, 0.000000000000000000 ) ) ;
#839 = AXIS2_PLACEMENT_3D ( 'NONE', #3155, #1903, #918 ) ;
#840 = CARTESIAN_POINT ( 'NONE',  ( 9.347447598673699787, 18.56992712865251605, -0.8699271286527936464 ) ) ;
#841 = LINE ( 'NONE', #1871, #2526 ) ;
#842 = CARTESIAN_POINT ( 'NONE',  ( -6.028108985557619093, 6.315769899223340644, 0.000000000000000000 ) ) ;
#843 = DIRECTION ( 'NONE',  ( -0.000000000000000000, 0.000000000000000000, 1.000000000000000000 ) ) ;
#844 = ORIENTED_EDGE ( 'NONE', *, *, #2625, .F. ) ;
#845 = EDGE_CURVE ( 'NONE', #3062, #78, #993, .T. ) ;
#846 = EDGE_CURVE ( 'NONE', #1479, #2912, #2194, .T. ) ;
#847 = EDGE_LOOP ( 'NONE', ( #2514, #1359, #3209, #2728 ) ) ;
#848 = CYLINDRICAL_SURFACE ( 'NONE', #2563, 1.600000000000002531 ) ;
#849 = ORIENTED_EDGE ( 'NONE', *, *, #1946, .F. ) ;
#850 = ORIENTED_EDGE ( 'NONE', *, *, #91, .F. ) ;
#851 = VECTOR ( 'NONE', #2273, 1000.000000000000000 ) ;
#852 = LINE ( 'NONE', #1660, #2110 ) ;
#853 = ORIENTED_EDGE ( 'NONE', *, *, #1320, .T. ) ;
#854 = ADVANCED_FACE ( 'NONE', ( #1941 ), #681, .F. ) ;
#855 = CARTESIAN_POINT ( 'NONE',  ( -5.928108985557630106, 6.215769899223351658, 0.09999999999998898659 ) ) ;
#856 = DIRECTION ( 'NONE',  ( 1.000000000000000000, 0.000000000000000000, 0.000000000000000000 ) ) ;
#857 = VECTOR ( 'NONE', #329, 1000.000000000000114 ) ;
#858 = CARTESIAN_POINT ( 'NONE',  ( -1.999999999999999112, 60.50691563653041527, 4.700000000000014388 ) ) ;
#859 = LINE ( 'NONE', #1857, #1378 ) ;
#860 = DIRECTION ( 'NONE',  ( -0.000000000000000000, 0.000000000000000000, 1.000000000000000000 ) ) ;
#861 = CARTESIAN_POINT ( 'NONE',  ( 6.412382609603895389, 67.50691563653040816, 6.999999999999999112 ) ) ;
#862 = VERTEX_POINT ( 'NONE', #1172 ) ;
#863 = ORIENTED_EDGE ( 'NONE', *, *, #2102, .F. ) ;
#864 = DIRECTION ( 'NONE',  ( 0.000000000000000000, 0.000000000000000000, 1.000000000000000000 ) ) ;
#865 = PERSON_AND_ORGANIZATION_ROLE ( 'classification_officer' ) ;
#866 = ORIENTED_EDGE ( 'NONE', *, *, #1259, .T. ) ;
#867 = CARTESIAN_POINT ( 'NONE',  ( -6.999478671919719576E-16, 12.89999999999995239, 0.000000000000000000 ) ) ;
#868 = DIRECTION ( 'NONE',  ( -0.000000000000000000, 1.000000000000000000, -0.000000000000000000 ) ) ;
#869 = CARTESIAN_POINT ( 'NONE',  ( -9.338066964079528631, -17.68616706283100370, 5.000000000000000000 ) ) ;
#870 = DIRECTION ( 'NONE',  ( -1.000000000000000000, 0.000000000000000000, 0.000000000000000000 ) ) ;
#871 = DIRECTION ( 'NONE',  ( -1.000000000000000000, 0.000000000000000000, 0.000000000000000000 ) ) ;
#872 = ADVANCED_FACE ( 'NONE', ( #3221 ), #2714, .F. ) ;
#873 = ORIENTED_EDGE ( 'NONE', *, *, #1933, .F. ) ;
#874 = DIRECTION ( 'NONE',  ( -0.000000000000000000, 1.000000000000000000, -0.000000000000000000 ) ) ;
#875 = ORIENTED_EDGE ( 'NONE', *, *, #688, .T. ) ;
#876 = EDGE_LOOP ( 'NONE', ( #1876, #2834, #1550, #2117 ) ) ;
#877 = CARTESIAN_POINT ( 'NONE',  ( -10.67401092440082344, 1.882116118348811762, 5.000000000000000000 ) ) ;
#878 = ORIENTED_EDGE ( 'NONE', *, *, #1297, .F. ) ;
#879 = ORIENTED_EDGE ( 'NONE', *, *, #2443, .F. ) ;
#880 = VECTOR ( 'NONE', #1049, 1000.000000000000000 ) ;
#881 = DIRECTION ( 'NONE',  ( -0.000000000000000000, 0.000000000000000000, 1.000000000000000000 ) ) ;
#882 = CARTESIAN_POINT ( 'NONE',  ( 11.45729585453979027, 65.49395841684672348, 4.873634117933939081 ) ) ;
#883 = EDGE_CURVE ( 'NONE', #1923, #1394, #1284, .T. ) ;
#884 = AXIS2_PLACEMENT_3D ( 'NONE', #722, #930, #3137 ) ;
#885 = EDGE_CURVE ( 'NONE', #1420, #271, #548, .T. ) ;
#886 = VECTOR ( 'NONE', #1766, 1000.000000000000114 ) ;
#887 = CARTESIAN_POINT ( 'NONE',  ( -8.766526121894461454, 12.69999999999997087, 5.000000000000000000 ) ) ;
#888 = VECTOR ( 'NONE', #92, 1000.000000000000227 ) ;
#889 = CARTESIAN_POINT ( 'NONE',  ( -9.590722396087384638, 1.691103122915182055, 0.000000000000000000 ) ) ;
#890 = CARTESIAN_POINT ( 'NONE',  ( -8.998127716406585819, -22.42864340950762170, 14.31790101136282445 ) ) ;
#891 = CC_DESIGN_APPROVAL ( #3044, ( #1570 ) ) ;
#892 = VERTEX_POINT ( 'NONE', #2011 ) ;
#893 = FACE_OUTER_BOUND ( 'NONE', #2211, .T. ) ;
#894 = ADVANCED_FACE ( 'NONE', ( #1038 ), #2496, .F. ) ;
#895 = B_SPLINE_CURVE_WITH_KNOTS ( 'NONE', 3,
 ( #1950, #2187, #3157, #2670 ),
 .UNSPECIFIED., .F., .F.,
 ( 4, 4 ),
 ( 0.000000000000000000, 0.002027556956856081151 ),
 .UNSPECIFIED. ) ;
#896 = CARTESIAN_POINT ( 'NONE',  ( -8.351467328297541570, 65.10194216850503324, 1.641277067173377180 ) ) ;
#897 = ORIENTED_EDGE ( 'NONE', *, *, #25, .F. ) ;
#898 = ORIENTED_EDGE ( 'NONE', *, *, #1166, .F. ) ;
#899 = CARTESIAN_POINT ( 'NONE',  ( -8.328344660325921467, 65.06293648270430197, 5.000000000000000000 ) ) ;
#900 = ORIENTED_EDGE ( 'NONE', *, *, #846, .T. ) ;
#901 = PLANE ( 'NONE',  #1196 ) ;
#902 = CARTESIAN_POINT ( 'NONE',  ( 1.284247211982853775E-15, 60.50691563653041527, 0.000000000000000000 ) ) ;
#903 = CIRCLE ( 'NONE', #1428, 9.493084363469568743 ) ;
#904 = CARTESIAN_POINT ( 'NONE',  ( -8.591536611691296343, 65.50691563653040816, 4.700000000000005507 ) ) ;
#905 = DIRECTION ( 'NONE',  ( 7.806255641895625614E-15, 0.000000000000000000, 1.000000000000000000 ) ) ;
#906 = CARTESIAN_POINT ( 'NONE',  ( -12.81521456836323480, 65.50691563653039395, 5.958281560672102017 ) ) ;
#907 = ADVANCED_FACE ( 'NONE', ( #1761 ), #1023, .T. ) ;
#908 = DIRECTION ( 'NONE',  ( -0.1736481776669342170, -0.9848077530122073542, -0.000000000000000000 ) ) ;
#909 = DIRECTION ( 'NONE',  ( 0.1736481776669342170, 0.9848077530122073542, 0.000000000000000000 ) ) ;
#910 = ORIENTED_EDGE ( 'NONE', *, *, #1475, .T. ) ;
#911 = EDGE_CURVE ( 'NONE', #1450, #892, #740, .T. ) ;
#912 = ORIENTED_EDGE ( 'NONE', *, *, #1545, .T. ) ;
#913 = CARTESIAN_POINT ( 'NONE',  ( -8.186494712469617241, 65.11224394752736089, 4.800289003544151889 ) ) ;
#914 = ORIENTED_EDGE ( 'NONE', *, *, #2537, .F. ) ;
#915 = VERTEX_POINT ( 'NONE', #2799 ) ;
#916 = DIRECTION ( 'NONE',  ( -0.1736481776669344113, 0.9848077530122072432, 0.000000000000000000 ) ) ;
#917 = DIRECTION ( 'NONE',  ( 0.6963642403200370756, 0.1227878039689790368, 0.7071067811865285879 ) ) ;
#918 = DIRECTION ( 'NONE',  ( 1.000000000000000000, 0.000000000000000000, 0.000000000000000000 ) ) ;
#919 = LINE ( 'NONE', #435, #800 ) ;
#920 = CARTESIAN_POINT ( 'NONE',  ( -8.328344660325921467, 65.06293648270430197, 4.700000000000005507 ) ) ;
#921 = CARTESIAN_POINT ( 'NONE',  ( 7.900810092254388017, 65.20691563653041101, 5.000000000000000000 ) ) ;
#922 = CARTESIAN_POINT ( 'NONE',  ( 1.284247211982853775E-15, 60.50691563653041527, 0.000000000000000000 ) ) ;
#923 = ORIENTED_EDGE ( 'NONE', *, *, #1126, .T. ) ;
#924 = EDGE_CURVE ( 'NONE', #78, #2540, #41, .T. ) ;
#925 = DIRECTION ( 'NONE',  ( 1.000000000000000000, 0.000000000000000000, 0.000000000000000000 ) ) ;
#926 = VERTEX_POINT ( 'NONE', #252 ) ;
#927 = VERTEX_POINT ( 'NONE', #1782 ) ;
#928 = DIRECTION ( 'NONE',  ( -1.000000000000000000, 0.000000000000000000, 0.000000000000000000 ) ) ;
#929 = ADVANCED_FACE ( 'NONE', ( #2746 ), #2548, .F. ) ;
#930 = DIRECTION ( 'NONE',  ( 0.000000000000000000, 1.000000000000000000, 0.000000000000000000 ) ) ;
#931 = CARTESIAN_POINT ( 'NONE',  ( -8.328344660325921467, 65.06293648270430197, 4.700000000000005507 ) ) ;
#932 = LINE ( 'NONE', #691, #16 ) ;
#933 = CARTESIAN_POINT ( 'NONE',  ( -5.928108985557627442, -16.46655369724533102, 4.699999999999991296 ) ) ;
#934 = DESIGN_CONTEXT ( 'detailed design', #1329, 'design' ) ;
#935 = VECTOR ( 'NONE', #1795, 1000.000000000000000 ) ;
#936 = CONICAL_SURFACE ( 'NONE', #3125, 2.100000000000004530, 0.7853981633974330689 ) ;
#937 = DIRECTION ( 'NONE',  ( -0.6963642403200210884, 0.1227878039689760531, 0.7071067811865447972 ) ) ;
#938 = DIRECTION ( 'NONE',  ( -0.000000000000000000, 0.000000000000000000, 1.000000000000000000 ) ) ;
#939 = CIRCLE ( 'NONE', #1467, 19.90000000000001634 ) ;
#940 = LOCAL_TIME ( 21, 13, 45.00000000000000000, #2616 ) ;
#941 = ORIENTED_EDGE ( 'NONE', *, *, #2068, .T. ) ;
#942 = CARTESIAN_POINT ( 'NONE',  ( 17.72653955421974814, 3.125667198004822733, 0.1000000000000166173 ) ) ;
#943 = ORIENTED_EDGE ( 'NONE', *, *, #924, .F. ) ;
#944 = ORIENTED_EDGE ( 'NONE', *, *, #719, .T. ) ;
#945 = EDGE_CURVE ( 'NONE', #2246, #1927, #2133, .T. ) ;
#946 = DIRECTION ( 'NONE',  ( 1.000000000000000000, 0.000000000000000000, 0.000000000000000000 ) ) ;
#947 = FACE_OUTER_BOUND ( 'NONE', #90, .T. ) ;
#948 = EDGE_CURVE ( 'NONE', #1463, #3081, #1534, .T. ) ;
#949 = ORIENTED_EDGE ( 'NONE', *, *, #2258, .T. ) ;
#950 = PLANE ( 'NONE',  #2057 ) ;
#951 = CARTESIAN_POINT ( 'NONE',  ( 13.00000000000000178, 67.50691563653040816, 20.00000000000000000 ) ) ;
#952 = EDGE_CURVE ( 'NONE', #199, #1076, #2535, .T. ) ;
#953 = VECTOR ( 'NONE', #148, 1000.000000000000227 ) ;
#954 = ORIENTED_EDGE ( 'NONE', *, *, #1839, .T. ) ;
#955 = CARTESIAN_POINT ( 'NONE',  ( 9.053420755240129125, 62.10327798338530414, 5.000000000000000000 ) ) ;
#956 = DIRECTION ( 'NONE',  ( -0.000000000000000000, -0.000000000000000000, 1.000000000000000000 ) ) ;
#957 = CARTESIAN_POINT ( 'NONE',  ( 5.928108985557646982, 6.215769899223351658, 0.09999999999998898659 ) ) ;
#958 = ORIENTED_EDGE ( 'NONE', *, *, #911, .F. ) ;
#959 = DIRECTION ( 'NONE',  ( 0.5773502691896250649, 0.5773502691896260641, 0.5773502691896260641 ) ) ;
#960 = ORIENTED_EDGE ( 'NONE', *, *, #1068, .F. ) ;
#961 = ORIENTED_EDGE ( 'NONE', *, *, #385, .F. ) ;
#962 = LINE ( 'NONE', #1230, #2773 ) ;
#963 = ORIENTED_EDGE ( 'NONE', *, *, #508, .T. ) ;
#964 = PLANE ( 'NONE',  #1203 ) ;
#965 = EDGE_CURVE ( 'NONE', #996, #3033, #1277, .T. ) ;
#966 = VERTEX_POINT ( 'NONE', #60 ) ;
#967 = AXIS2_PLACEMENT_3D ( 'NONE', #279, #1001, #2722 ) ;
#968 = LINE ( 'NONE', #1701, #536 ) ;
#969 = CARTESIAN_POINT ( 'NONE',  ( -11.88223550558492825, 65.50691563653042238, 5.013697289393304501 ) ) ;
#970 = ORIENTED_EDGE ( 'NONE', *, *, #1671, .F. ) ;
#971 = CARTESIAN_POINT ( 'NONE',  ( 8.106161684743236506, 65.13920342239239858, 4.856772831446507510 ) ) ;
#972 = LINE ( 'NONE', #1707, #2849 ) ;
#973 = EDGE_CURVE ( 'NONE', #3081, #2814, #1056, .T. ) ;
#974 = EDGE_LOOP ( 'NONE', ( #1010, #1328, #2813, #283 ) ) ;
#975 = CARTESIAN_POINT ( 'NONE',  ( -5.928108985557627442, -16.76655369724534239, 5.000000000000000000 ) ) ;
#976 = VERTEX_POINT ( 'NONE', #1810 ) ;
#977 = VERTEX_POINT ( 'NONE', #2810 ) ;
#978 = FACE_OUTER_BOUND ( 'NONE', #2466, .T. ) ;
#979 = ORIENTED_EDGE ( 'NONE', *, *, #36, .T. ) ;
#980 = APPROVAL_ROLE ( '' ) ;
#981 = EDGE_LOOP ( 'NONE', ( #1700, #3084, #1227, #418 ) ) ;
#982 = DIRECTION ( 'NONE',  ( 1.000000000000000000, 0.000000000000000000, 0.000000000000000000 ) ) ;
#983 = EDGE_CURVE ( 'NONE', #1157, #1501, #1561, .T. ) ;
#984 = LINE ( 'NONE', #1303, #729 ) ;
#985 = ORIENTED_EDGE ( 'NONE', *, *, #708, .T. ) ;
#986 = EDGE_CURVE ( 'NONE', #2074, #2384, #76, .T. ) ;
#987 = CARTESIAN_POINT ( 'NONE',  ( 1.284247211982853775E-15, 60.50691563653041527, 0.000000000000000000 ) ) ;
#988 = DIRECTION ( 'NONE',  ( 1.000000000000000000, 0.000000000000000000, 0.000000000000000000 ) ) ;
#989 = DIRECTION ( 'NONE',  ( 0.000000000000000000, 0.000000000000000000, -1.000000000000000000 ) ) ;
#990 = AXIS2_PLACEMENT_3D ( 'NONE', #755, #1769, #785 ) ;
#991 = ORIENTED_EDGE ( 'NONE', *, *, #489, .F. ) ;
#992 = EDGE_CURVE ( 'NONE', #78, #61, #1368, .T. ) ;
#993 = LINE ( 'NONE', #942, #793 ) ;
#994 = VECTOR ( 'NONE', #179, 1000.000000000000000 ) ;
#995 = ORIENTED_EDGE ( 'NONE', *, *, #2284, .F. ) ;
#996 = VERTEX_POINT ( 'NONE', #1353 ) ;
#997 = CARTESIAN_POINT ( 'NONE',  ( 0.6815903903054602031, 56.21305953469250483, 5.406143898162110162 ) ) ;
#998 = FACE_OUTER_BOUND ( 'NONE', #3164, .T. ) ;
#999 = ORIENTED_EDGE ( 'NONE', *, *, #2492, .T. ) ;
#1000 = CARTESIAN_POINT ( 'NONE',  ( -9.250382305842567376, 62.13800761891868518, 0.000000000000000000 ) ) ;
#1001 = DIRECTION ( 'NONE',  ( 0.000000000000000000, 0.000000000000000000, 1.000000000000000000 ) ) ;
#1002 = LINE ( 'NONE', #2033, #672 ) ;
#1003 = VECTOR ( 'NONE', #1642, 1000.000000000000000 ) ;
#1004 = VECTOR ( 'NONE', #1419, 1000.000000000000000 ) ;
#1005 = CARTESIAN_POINT ( 'NONE',  ( -3.407835425952945307, 69.37669060869288273, 5.000000000000000000 ) ) ;
#1006 = PLANE ( 'NONE',  #2037 ) ;
#1007 = AXIS2_PLACEMENT_3D ( 'NONE', #1936, #2635, #1443 ) ;
#1008 = CARTESIAN_POINT ( 'NONE',  ( 12.37905226142132875, 67.50691563653039395, 5.527563039829206382 ) ) ;
#1009 = CC_DESIGN_PERSON_AND_ORGANIZATION_ASSIGNMENT ( #2374, #568, ( #359 ) ) ;
#1010 = ORIENTED_EDGE ( 'NONE', *, *, #585, .F. ) ;
#1011 = CARTESIAN_POINT ( 'NONE',  ( 2.100000000000005862, 60.50691563653041527, 0.000000000000000000 ) ) ;
#1012 = DIRECTION ( 'NONE',  ( 1.000000000000000000, 1.776356839400250465E-15, 0.000000000000000000 ) ) ;
#1013 = CARTESIAN_POINT ( 'NONE',  ( -6.999478671919719576E-16, 12.89999999999995239, 0.000000000000000000 ) ) ;
#1014 = ORIENTED_EDGE ( 'NONE', *, *, #2407, .F. ) ;
#1015 = PERSON_AND_ORGANIZATION ( #2733, #2775 ) ;
#1016 = EDGE_CURVE ( 'NONE', #210, #3167, #3106, .T. ) ;
#1017 = DIRECTION ( 'NONE',  ( 1.000000000000000000, 0.000000000000000000, 0.000000000000000000 ) ) ;
#1018 = CARTESIAN_POINT ( 'NONE',  ( -17.82502032952097792, 3.143032015771512810, 0.000000000000000000 ) ) ;
#1019 = DIRECTION ( 'NONE',  ( 0.000000000000000000, -0.000000000000000000, -1.000000000000000000 ) ) ;
#1020 = FACE_BOUND ( 'NONE', #2042, .T. ) ;
#1021 = CARTESIAN_POINT ( 'NONE',  ( -12.81504379588863607, 67.50691563653042238, 6.132834750175471861 ) ) ;
#1022 = ORIENTED_EDGE ( 'NONE', *, *, #3098, .F. ) ;
#1023 = PLANE ( 'NONE',  #1891 ) ;
#1024 = VERTEX_POINT ( 'NONE', #2595 ) ;
#1025 = CARTESIAN_POINT ( 'NONE',  ( 1.284247211982853775E-15, 60.50691563653041527, 4.700000000000014388 ) ) ;
#1026 = ADVANCED_FACE ( 'NONE', ( #390 ), #2369, .F. ) ;
#1027 = DIRECTION ( 'NONE',  ( -1.000000000000000000, 0.000000000000000000, 0.000000000000000000 ) ) ;
#1028 = DIRECTION ( 'NONE',  ( 1.000000000000000000, 0.000000000000000000, 0.000000000000000000 ) ) ;
#1029 = ORIENTED_EDGE ( 'NONE', *, *, #1516, .T. ) ;
#1030 = APPROVAL_DATE_TIME ( #33, #1495 ) ;
#1031 = EDGE_CURVE ( 'NONE', #2665, #1152, #2072, .T. ) ;
#1032 = CARTESIAN_POINT ( 'NONE',  ( -8.256009141388872763, 67.50691563653042238, 3.988025315460497211 ) ) ;
#1033 = DIRECTION ( 'NONE',  ( 0.000000000000000000, -1.000000000000000000, 0.000000000000000000 ) ) ;
#1034 = CARTESIAN_POINT ( 'NONE',  ( -9.018256011247640203, 12.99999999999996980, 4.700000000000005507 ) ) ;
#1035 = LINE ( 'NONE', #1558, #198 ) ;
#1036 = VECTOR ( 'NONE', #686, 1000.000000000000114 ) ;
#1037 = ORIENTED_EDGE ( 'NONE', *, *, #2433, .T. ) ;
#1038 = FACE_OUTER_BOUND ( 'NONE', #315, .T. ) ;
#1039 = ORIENTED_EDGE ( 'NONE', *, *, #2925, .F. ) ;
#1040 = ORIENTED_EDGE ( 'NONE', *, *, #585, .T. ) ;
#1041 = VECTOR ( 'NONE', #1607, 1000.000000000000000 ) ;
#1042 = LINE ( 'NONE', #537, #2878 ) ;
#1043 = CARTESIAN_POINT ( 'NONE',  ( 4.855212655237224340, 68.66692910270680272, 5.181823054674675966 ) ) ;
#1044 = ORIENTED_EDGE ( 'NONE', *, *, #2771, .F. ) ;
#1045 = ADVANCED_FACE ( 'NONE', ( #893 ), #2423, .T. ) ;
#1046 = AXIS2_PLACEMENT_3D ( 'NONE', #2314, #2500, #1765 ) ;
#1047 = ORIENTED_EDGE ( 'NONE', *, *, #3204, .F. ) ;
#1048 = CARTESIAN_POINT ( 'NONE',  ( -6.581547485702339273, 67.50691563653040816, 1.962169379944682213 ) ) ;
#1049 = DIRECTION ( 'NONE',  ( 0.6963642403200170916, 0.1227878039689811601, 0.7071067811865479058 ) ) ;
#1050 = EDGE_CURVE ( 'NONE', #2955, #1448, #119, .T. ) ;
#1051 = CARTESIAN_POINT ( 'NONE',  ( 8.328344660325925020, 65.06293648270430197, 1.000000000000000000 ) ) ;
#1052 = FACE_BOUND ( 'NONE', #555, .T. ) ;
#1053 = CARTESIAN_POINT ( 'NONE',  ( 13.00000000000000178, 65.50691563653040816, 6.831962940475420076 ) ) ;
#1054 = AXIS2_PLACEMENT_3D ( 'NONE', #2564, #314, #3000 ) ;
#1055 = ADVANCED_FACE ( 'NONE', ( #2382 ), #2127, .T. ) ;
#1056 = LINE ( 'NONE', #2058, #1999 ) ;
#1057 = ORIENTED_EDGE ( 'NONE', *, *, #719, .F. ) ;
#1058 = AXIS2_PLACEMENT_3D ( 'NONE', #1287, #744, #266 ) ;
#1059 = CYLINDRICAL_SURFACE ( 'NONE', #1996, 1.350000000000036948 ) ;
#1060 = ORIENTED_EDGE ( 'NONE', *, *, #2102, .T. ) ;
#1061 = DIRECTION ( 'NONE',  ( 0.000000000000000000, -1.000000000000000000, 0.000000000000000000 ) ) ;
#1062 = DIRECTION ( 'NONE',  ( 0.000000000000000000, -1.000000000000000000, 0.000000000000000000 ) ) ;
#1063 = ORIENTED_EDGE ( 'NONE', *, *, #1151, .T. ) ;
#1064 = AXIS2_PLACEMENT_3D ( 'NONE', #2019, #757, #21 ) ;
#1065 = CARTESIAN_POINT ( 'NONE',  ( -6.670090155434651003, 10.20156490532776061, 7.498435094672198709 ) ) ;
#1066 = CARTESIAN_POINT ( 'NONE',  ( 13.00000000000000178, 67.52009556307487514, 6.983281314061786205 ) ) ;
#1067 = EDGE_CURVE ( 'NONE', #2289, #1916, #13, .T. ) ;
#1068 = EDGE_CURVE ( 'NONE', #2923, #531, #1373, .T. ) ;
#1069 = DIRECTION ( 'NONE',  ( 1.000000000000000000, 0.000000000000000000, 0.000000000000000000 ) ) ;
#1070 = CARTESIAN_POINT ( 'NONE',  ( -5.928108985557630106, 6.215769899223351658, 0.09999999999998898659 ) ) ;
#1071 = CIRCLE ( 'NONE', #2784, 9.193084363469575138 ) ;
#1072 = CARTESIAN_POINT ( 'NONE',  ( 12.70807535473149485, 65.50691563653042238, 5.761985609667070740 ) ) ;
#1073 = CARTESIAN_POINT ( 'NONE',  ( 8.226369619475738304, 67.50691563653040816, 13.89294048252996738 ) ) ;
#1074 = EDGE_CURVE ( 'NONE', #2101, #1210, #2141, .T. ) ;
#1075 = VECTOR ( 'NONE', #2821, 1000.000000000000114 ) ;
#1076 = VERTEX_POINT ( 'NONE', #1073 ) ;
#1077 = CARTESIAN_POINT ( 'NONE',  ( 7.817578398418331354, 67.50691563653042238, 3.655916282125243111 ) ) ;
#1078 = ORIENTED_EDGE ( 'NONE', *, *, #105, .F. ) ;
#1079 = CARTESIAN_POINT ( 'NONE',  ( 1.284247211982853775E-15, 60.50691563653041527, 1.000000000000000000 ) ) ;
#1080 = CARTESIAN_POINT ( 'NONE',  ( -8.446394358781294187, 65.26207481105265629, 2.258414686530325621 ) ) ;
#1081 = ORIENTED_EDGE ( 'NONE', *, *, #2212, .T. ) ;
#1082 = ORIENTED_EDGE ( 'NONE', *, *, #2333, .F. ) ;
#1083 = LINE ( 'NONE', #2347, #814 ) ;
#1084 = CARTESIAN_POINT ( 'NONE',  ( -6.999478671919734367E-16, 12.89999999999998082, 0.000000000000000000 ) ) ;
#1085 = CARTESIAN_POINT ( 'NONE',  ( -1.165613840050357508, 55.80691563653040532, 5.000000000000000000 ) ) ;
#1086 = ADVANCED_FACE ( 'NONE', ( #2355, #1581, #826, #1134, #2580, #1627, #2624, #2398 ), #377, .F. ) ;
#1087 = LINE ( 'NONE', #889, #1531 ) ;
#1088 = LINE ( 'NONE', #3118, #3224 ) ;
#1089 = EDGE_CURVE ( 'NONE', #483, #2167, #3061, .T. ) ;
#1090 = DIRECTION ( 'NONE',  ( 1.000000000000000000, 5.425952458852515230E-17, 0.000000000000000000 ) ) ;
#1091 = ORIENTED_EDGE ( 'NONE', *, *, #1545, .F. ) ;
#1092 = ADVANCED_FACE ( 'NONE', ( #2339 ), #2860, .T. ) ;
#1093 = EDGE_LOOP ( 'NONE', ( #2210, #647, #351, #734 ) ) ;
#1094 = PLANE ( 'NONE',  #151 ) ;
#1095 = AXIS2_PLACEMENT_3D ( 'NONE', #1220, #228, #2221 ) ;
#1096 = AXIS2_PLACEMENT_3D ( 'NONE', #2348, #592, #2135 ) ;
#1097 = EDGE_LOOP ( 'NONE', ( #2657, #1983, #192, #204 ) ) ;
#1098 = CARTESIAN_POINT ( 'NONE',  ( 1.284247211982853775E-15, 60.50691563653041527, 5.000000000000000000 ) ) ;
#1099 = CARTESIAN_POINT ( 'NONE',  ( 11.35546488948014954, 66.22273632135666332, 4.924488194926612827 ) ) ;
#1100 = AXIS2_PLACEMENT_3D ( 'NONE', #3066, #1061, #566 ) ;
#1101 = CARTESIAN_POINT ( 'NONE',  ( -4.452441884960962604, 15.55310680610965868, 2.653106806109677862 ) ) ;
#1102 = CARTESIAN_POINT ( 'NONE',  ( -9.769885813337431557, -22.42864340950762170, 13.89294048252997094 ) ) ;
#1103 = PLANE ( 'NONE',  #2823 ) ;
#1104 = AXIS2_PLACEMENT_3D ( 'NONE', #1683, #881, #140 ) ;
#1105 = VECTOR ( 'NONE', #2244, 1000.000000000000227 ) ;
#1106 = CARTESIAN_POINT ( 'NONE',  ( 1.284247211982853775E-15, 60.50691563653041527, 4.700000000000005507 ) ) ;
#1107 = ORIENTED_EDGE ( 'NONE', *, *, #2056, .T. ) ;
#1108 = ORIENTED_EDGE ( 'NONE', *, *, #1799, .T. ) ;
#1109 = LINE ( 'NONE', #1912, #2150 ) ;
#1110 = EDGE_LOOP ( 'NONE', ( #445, #1282, #2163, #3194, #963, #2356, #251 ) ) ;
#1111 = APPROVAL_ROLE ( '' ) ;
#1112 = ORIENTED_EDGE ( 'NONE', *, *, #3112, .T. ) ;
#1113 = AXIS2_PLACEMENT_3D ( 'NONE', #2287, #1513, #1543 ) ;
#1114 = FACE_OUTER_BOUND ( 'NONE', #1788, .T. ) ;
#1115 = CARTESIAN_POINT ( 'NONE',  ( 8.998127716406585819, -22.42864340950762170, 14.31790101136282445 ) ) ;
#1116 = CARTESIAN_POINT ( 'NONE',  ( 7.495116093419036396, 12.99999999999997158, 4.700000000000008171 ) ) ;
#1117 = DIRECTION ( 'NONE',  ( 6.193318750670312915E-16, -0.9852557743173915306, -0.1710878697460382070 ) ) ;
#1118 = CARTESIAN_POINT ( 'NONE',  ( 1.284247211982853775E-15, 60.50691563653041527, 0.000000000000000000 ) ) ;
#1119 = DIRECTION ( 'NONE',  ( 0.000000000000000000, -0.000000000000000000, -1.000000000000000000 ) ) ;
#1120 = VERTEX_POINT ( 'NONE', #861 ) ;
#1121 = ORIENTED_EDGE ( 'NONE', *, *, #2533, .F. ) ;
#1122 = CONICAL_SURFACE ( 'NONE', #967, 9.393084363469565545, 0.7853981633974482790 ) ;
#1123 = LINE ( 'NONE', #1648, #1413 ) ;
#1124 = EDGE_LOOP ( 'NONE', ( #3094, #1354, #1992, #400 ) ) ;
#1125 = ORIENTED_EDGE ( 'NONE', *, *, #428, .F. ) ;
#1126 = EDGE_CURVE ( 'NONE', #2486, #1024, #2845, .T. ) ;
#1127 = LINE ( 'NONE', #1440, #107 ) ;
#1128 = FACE_OUTER_BOUND ( 'NONE', #2980, .T. ) ;
#1129 = ADVANCED_FACE ( 'NONE', ( #1149 ), #214, .F. ) ;
#1130 = CARTESIAN_POINT ( 'NONE',  ( 8.745469807276240459, 65.50691563653039395, 3.095440556734396331 ) ) ;
#1131 = LINE ( 'NONE', #2137, #2371 ) ;
#1132 = DIRECTION ( 'NONE',  ( 1.000000000000000000, 0.000000000000000000, 0.000000000000000000 ) ) ;
#1133 = B_SPLINE_CURVE_WITH_KNOTS ( 'NONE', 1,
 ( #1246, #538 ),
 .UNSPECIFIED., .F., .F.,
 ( 2, 2 ),
 ( 0.000000000000000000, 0.0009149333990260821855 ),
 .UNSPECIFIED. ) ;
#1134 = FACE_BOUND ( 'NONE', #175, .T. ) ;
#1135 = CARTESIAN_POINT ( 'NONE',  ( 6.147518903183325278, 67.74088462798006560, 6.056858471348598449 ) ) ;
#1136 = ORIENTED_EDGE ( 'NONE', *, *, #508, .F. ) ;
#1137 = ORIENTED_EDGE ( 'NONE', *, *, #1606, .T. ) ;
#1138 = DIRECTION ( 'NONE',  ( 0.000000000000000000, 1.000000000000000000, 0.000000000000000000 ) ) ;
#1139 = EDGE_LOOP ( 'NONE', ( #3178, #27, #1112, #394 ) ) ;
#1140 = EDGE_CURVE ( 'NONE', #2812, #539, #1908, .T. ) ;
#1141 = VECTOR ( 'NONE', #1858, 1000.000000000000000 ) ;
#1142 = FACE_OUTER_BOUND ( 'NONE', #367, .T. ) ;
#1143 = LINE ( 'NONE', #178, #2972 ) ;
#1144 = AXIS2_PLACEMENT_3D ( 'NONE', #2866, #1619, #128 ) ;
#1145 = CARTESIAN_POINT ( 'NONE',  ( 11.16305165588924986, 65.50691563653040816, 4.805782246741180153 ) ) ;
#1146 = VECTOR ( 'NONE', #2615, 1000.000000000000000 ) ;
#1147 = PLANE ( 'NONE',  #1007 ) ;
#1148 = LINE ( 'NONE', #825, #569 ) ;
#1149 = FACE_OUTER_BOUND ( 'NONE', #1093, .T. ) ;
#1150 = CARTESIAN_POINT ( 'NONE',  ( 4.506089646601139975, 68.86479011468267686, 5.102891780706914737 ) ) ;
#1151 = EDGE_CURVE ( 'NONE', #1448, #2926, #2688, .T. ) ;
#1152 = VERTEX_POINT ( 'NONE', #182 ) ;
#1153 = CARTESIAN_POINT ( 'NONE',  ( 5.928108985557649646, -16.46655369724533102, 0.000000000000000000 ) ) ;
#1154 = ORIENTED_EDGE ( 'NONE', *, *, #1768, .T. ) ;
#1155 = CARTESIAN_POINT ( 'NONE',  ( 0.000000000000000000, 55.80691563653041953, 5.000000000000000000 ) ) ;
#1156 = ORIENTED_EDGE ( 'NONE', *, *, #1896, .F. ) ;
#1157 = VERTEX_POINT ( 'NONE', #3173 ) ;
#1158 = CIRCLE ( 'NONE', #164, 2.000000000000000444 ) ;
#1159 = CARTESIAN_POINT ( 'NONE',  ( 3.019710372196385162, 69.50691563653040816, 5.000000000000000000 ) ) ;
#1160 = DIRECTION ( 'NONE',  ( -1.000000000000000000, 0.000000000000000000, 0.000000000000000000 ) ) ;
#1161 = CIRCLE ( 'NONE', #1686, 1.349999999991788657 ) ;
#1162 = CARTESIAN_POINT ( 'NONE',  ( 11.45548367919647426, 65.50691563653040816, 4.874537809565728352 ) ) ;
#1163 = DIRECTION ( 'NONE',  ( 0.1736481776669342170, 0.9848077530122073542, 0.000000000000000000 ) ) ;
#1164 = EDGE_CURVE ( 'NONE', #3150, #475, #1968, .T. ) ;
#1165 = FACE_BOUND ( 'NONE', #2362, .T. ) ;
#1166 = EDGE_CURVE ( 'NONE', #1483, #1355, #727, .T. ) ;
#1167 = FACE_OUTER_BOUND ( 'NONE', #1900, .T. ) ;
#1168 = DIRECTION ( 'NONE',  ( -0.6444004775717775413, -0.5407162030609349301, 0.5407162030609317105 ) ) ;
#1169 = AXIS2_PLACEMENT_3D ( 'NONE', #440, #1921, #1187 ) ;
#1170 = VERTEX_POINT ( 'NONE', #439 ) ;
#1171 = EDGE_CURVE ( 'NONE', #323, #1925, #660, .T. ) ;
#1172 = CARTESIAN_POINT ( 'NONE',  ( -2.299999999999981171, 60.50691563653041527, 5.000000000000000000 ) ) ;
#1173 = EDGE_LOOP ( 'NONE', ( #419, #1473, #2222, #1993 ) ) ;
#1174 = AXIS2_PLACEMENT_3D ( 'NONE', #922, #956, #1466 ) ;
#1175 = B_SPLINE_CURVE_WITH_KNOTS ( 'NONE', 3,
 ( #1331, #2836, #2329, #1816, #1150, #1043, #134, #802, #586, #2044, #1135, #1802, #554, #149, #1643, #1551, #2162, #2383 ),
 .UNSPECIFIED., .F., .F.,
 ( 4, 2, 2, 2, 2, 2, 2, 2, 4 ),
 ( 0.000000000000000000, 0.001216046972460072245, 0.001824070458690118558, 0.002432093944920164872, 0.003648140917380280918, 0.003952152660495315134, 0.004256164403610348916, 0.004560176146725383566, 0.004864187889840418215 ),
 .UNSPECIFIED. ) ;
#1176 = LINE ( 'NONE', #384, #3134 ) ;
#1177 = ORIENTED_EDGE ( 'NONE', *, *, #471, .T. ) ;
#1178 = CARTESIAN_POINT ( 'NONE',  ( -4.987405107466044876E-16, 9.150000000000002132, 0.000000000000000000 ) ) ;
#1179 = VECTOR ( 'NONE', #2772, 1000.000000000000000 ) ;
#1180 = DIRECTION ( 'NONE',  ( -8.673617379884027583E-16, 0.000000000000000000, 1.000000000000000000 ) ) ;
#1181 = CARTESIAN_POINT ( 'NONE',  ( -8.226369619475738304, 67.50691563653040816, 13.89294048252996916 ) ) ;
#1182 = PLANE ( 'NONE',  #1095 ) ;
#1183 = VECTOR ( 'NONE', #1571, 1000.000000000000000 ) ;
#1184 = EDGE_CURVE ( 'NONE', #323, #515, #676, .T. ) ;
#1185 = CARTESIAN_POINT ( 'NONE',  ( -1.582304897105095245E-15, 56.08279268484470492, 0.000000000000000000 ) ) ;
#1186 = EDGE_CURVE ( 'NONE', #213, #253, #1158, .T. ) ;
#1187 = DIRECTION ( 'NONE',  ( 1.000000000000000000, 1.776356839400250465E-15, 0.000000000000000000 ) ) ;
#1188 = VERTEX_POINT ( 'NONE', #955 ) ;
#1189 = LINE ( 'NONE', #187, #2519 ) ;
#1190 = ORIENTED_EDGE ( 'NONE', *, *, #1409, .T. ) ;
#1191 = ORIENTED_EDGE ( 'NONE', *, *, #2016, .F. ) ;
#1192 = EDGE_CURVE ( 'NONE', #646, #1076, #1920, .T. ) ;
#1193 = VECTOR ( 'NONE', #3019, 1000.000000000000114 ) ;
#1194 = DIRECTION ( 'NONE',  ( 0.1736481776669343557, -0.9848077530122072432, 0.000000000000000000 ) ) ;
#1195 = DIRECTION ( 'NONE',  ( 0.000000000000000000, 0.000000000000000000, -1.000000000000000000 ) ) ;
#1196 = AXIS2_PLACEMENT_3D ( 'NONE', #2698, #2151, #2198 ) ;
#1197 = ORIENTED_EDGE ( 'NONE', *, *, #1250, .F. ) ;
#1198 = DIRECTION ( 'NONE',  ( 0.5102736053747387590, 0.6081204024113421314, -0.6081204024113421314 ) ) ;
#1199 = DIRECTION ( 'NONE',  ( 0.6963642403200116515, -0.1227878039689745265, 0.7071067811865544561 ) ) ;
#1200 = DIRECTION ( 'NONE',  ( -0.000000000000000000, -0.000000000000000000, 1.000000000000000000 ) ) ;
#1201 = CIRCLE ( 'NONE', #1515, 20.00000000000001776 ) ;
#1202 = VECTOR ( 'NONE', #1198, 1000.000000000000114 ) ;
#1203 = AXIS2_PLACEMENT_3D ( 'NONE', #401, #449, #2170 ) ;
#1204 = FACE_OUTER_BOUND ( 'NONE', #2747, .T. ) ;
#1205 = DIRECTION ( 'NONE',  ( 1.000000000000000000, 0.000000000000000000, 0.000000000000000000 ) ) ;
#1206 = TOROIDAL_SURFACE ( 'NONE', #2719, 13.49308436346956874, 4.000000000000000000 ) ;
#1207 = ORIENTED_EDGE ( 'NONE', *, *, #1477, .T. ) ;
#1208 = ADVANCED_BREP_SHAPE_REPRESENTATION ( 'eslabon_pantorrilla_flexible_v2', ( #309, #1517 ), #1256 ) ;
#1209 = CARTESIAN_POINT ( 'NONE',  ( -8.143215310576598753, -22.42864340950762170, 14.78864959117310640 ) ) ;
#1210 = VERTEX_POINT ( 'NONE', #1185 ) ;
#1211 = EDGE_CURVE ( 'NONE', #271, #2877, #2673, .T. ) ;
#1212 = LINE ( 'NONE', #2717, #2086 ) ;
#1213 = ORIENTED_EDGE ( 'NONE', *, *, #1652, .T. ) ;
#1214 = DIRECTION ( 'NONE',  ( 0.6963642403200143161, -0.1227878039689793976, 0.7071067811865510144 ) ) ;
#1215 = ORIENTED_EDGE ( 'NONE', *, *, #243, .F. ) ;
#1216 = ADVANCED_FACE ( 'NONE', ( #2442 ), #1433, .T. ) ;
#1217 = LINE ( 'NONE', #3169, #1202 ) ;
#1218 = DIRECTION ( 'NONE',  ( 1.000000000000000000, 5.425952458852515230E-17, 0.000000000000000000 ) ) ;
#1219 = VECTOR ( 'NONE', #1385, 1000.000000000000000 ) ;
#1220 = CARTESIAN_POINT ( 'NONE',  ( 6.228108985557656574, 7.144801648454791049E-16, 5.000000000000000000 ) ) ;
#1221 = ORIENTED_EDGE ( 'NONE', *, *, #3060, .F. ) ;
#1222 = CIRCLE ( 'NONE', #2113, 1.349999999991788657 ) ;
#1223 = PLANE ( 'NONE',  #425 ) ;
#1224 = CARTESIAN_POINT ( 'NONE',  ( -5.928108985557630106, 6.315769899223340644, 0.000000000000000000 ) ) ;
#1225 = ORIENTED_EDGE ( 'NONE', *, *, #1271, .F. ) ;
#1226 = FACE_OUTER_BOUND ( 'NONE', #764, .T. ) ;
#1227 = ORIENTED_EDGE ( 'NONE', *, *, #748, .T. ) ;
#1228 = EDGE_LOOP ( 'NONE', ( #2065, #3216, #1835, #1461 ) ) ;
#1229 = ADVANCED_FACE ( 'NONE', ( #1167 ), #2653, .T. ) ;
#1230 = CARTESIAN_POINT ( 'NONE',  ( -12.99999999999999822, 65.50691563653040816, 20.00000000000000000 ) ) ;
#1231 = EDGE_CURVE ( 'NONE', #1370, #297, #1222, .T. ) ;
#1232 = APPLICATION_PROTOCOL_DEFINITION ( 'international standard', 'config_control_design', 1994, #1329 ) ;
#1233 = ORIENTED_EDGE ( 'NONE', *, *, #2492, .F. ) ;
#1234 = CIRCLE ( 'NONE', #1860, 9.193084363469575138 ) ;
#1235 = DIRECTION ( 'NONE',  ( -0.6963642403200039910, 0.1227878039689730277, 0.7071067811865622277 ) ) ;
#1236 = PLANE ( 'NONE',  #1462 ) ;
#1237 = EDGE_LOOP ( 'NONE', ( #120, #1630, #2946, #462, #2129 ) ) ;
#1238 = ADVANCED_FACE ( 'NONE', ( #1204 ), #1223, .T. ) ;
#1239 = CARTESIAN_POINT ( 'NONE',  ( 13.00000000000000178, 67.50691563653040816, 20.00000000000000000 ) ) ;
#1240 = CARTESIAN_POINT ( 'NONE',  ( 9.136472062616267209, -17.45321971010031703, 5.000000000000000000 ) ) ;
#1241 = ORIENTED_EDGE ( 'NONE', *, *, #794, .T. ) ;
#1242 = DIRECTION ( 'NONE',  ( 0.000000000000000000, 0.7071067811865485719, -0.7071067811865464625 ) ) ;
#1243 = ORIENTED_EDGE ( 'NONE', *, *, #1409, .F. ) ;
#1244 = ORIENTED_EDGE ( 'NONE', *, *, #2077, .F. ) ;
#1245 = CARTESIAN_POINT ( 'NONE',  ( 9.343898606625831604, 65.50691563653039395, 3.773724707140413415 ) ) ;
#1246 = CARTESIAN_POINT ( 'NONE',  ( -7.900810092254384465, 65.50691563653040816, 5.299999999999995381 ) ) ;
#1247 = EDGE_LOOP ( 'NONE', ( #2385, #879, #2718, #1644 ) ) ;
#1248 = PERSON_AND_ORGANIZATION ( #2733, #2775 ) ;
#1249 = ORIENTED_EDGE ( 'NONE', *, *, #983, .T. ) ;
#1250 = EDGE_CURVE ( 'NONE', #1501, #1210, #2205, .T. ) ;
#1251 = CARTESIAN_POINT ( 'NONE',  ( -10.86210004417124431, 67.50691563653042238, 4.966065354707915880 ) ) ;
#1252 = CARTESIAN_POINT ( 'NONE',  ( 0.000000000000000000, 55.80691563653041953, 5.000000000000000000 ) ) ;
#1253 = FACE_BOUND ( 'NONE', #2439, .T. ) ;
#1254 = LINE ( 'NONE', #9, #1615 ) ;
#1255 = AXIS2_PLACEMENT_3D ( 'NONE', #2460, #2961, #1721 ) ;
#1256 =( GEOMETRIC_REPRESENTATION_CONTEXT ( 3 ) GLOBAL_UNCERTAINTY_ASSIGNED_CONTEXT ( ( #2904 ) ) GLOBAL_UNIT_ASSIGNED_CONTEXT ( ( #47, #1755, #2523 ) ) REPRESENTATION_CONTEXT ( 'NONE', 'WORKASPACE' ) );
#1257 = ORIENTED_EDGE ( 'NONE', *, *, #385, .T. ) ;
#1258 = DIRECTION ( 'NONE',  ( -0.000000000000000000, -0.000000000000000000, 1.000000000000000000 ) ) ;
#1259 = EDGE_CURVE ( 'NONE', #1457, #3167, #1498, .T. ) ;
#1260 = VECTOR ( 'NONE', #2583, 1000.000000000000114 ) ;
#1261 = ORIENTED_EDGE ( 'NONE', *, *, #2758, .T. ) ;
#1262 = CARTESIAN_POINT ( 'NONE',  ( -4.987405107466044876E-16, 9.150000000000002132, 20.00100000000000477 ) ) ;
#1263 = CARTESIAN_POINT ( 'NONE',  ( 9.787683946689844205, 1.725832758448574644, 5.000000000000000000 ) ) ;
#1264 = DIRECTION ( 'NONE',  ( -0.5102736053747465306, 0.6081204024113388007, 0.6081204024113389117 ) ) ;
#1265 = ORIENTED_EDGE ( 'NONE', *, *, #2316, .T. ) ;
#1266 = CARTESIAN_POINT ( 'NONE',  ( 8.328344660325925020, 65.06293648270430197, 4.700000000000005507 ) ) ;
#1267 = DIRECTION ( 'NONE',  ( 0.000000000000000000, -0.000000000000000000, -1.000000000000000000 ) ) ;
#1268 = CARTESIAN_POINT ( 'NONE',  ( -8.490312171314309708, 55.60691563653042380, 0.000000000000000000 ) ) ;
#1269 = CARTESIAN_POINT ( 'NONE',  ( -5.928108985557627442, -16.46655369724533102, 4.699999999999991296 ) ) ;
#1270 = DIRECTION ( 'NONE',  ( -0.6963642403200099862, 0.1227878039689740824, -0.7071067811865561215 ) ) ;
#1271 = EDGE_CURVE ( 'NONE', #271, #2587, #2807, .T. ) ;
#1272 = AXIS2_PLACEMENT_3D ( 'NONE', #1512, #1270, #2528 ) ;
#1273 = DIRECTION ( 'NONE',  ( -1.000000000000000000, 0.000000000000000000, 0.000000000000000000 ) ) ;
#1274 = CARTESIAN_POINT ( 'NONE',  ( -1.350000000000037392, 9.150000000000002132, 5.000000000000000888 ) ) ;
#1275 = ADVANCED_FACE ( 'NONE', ( #2981 ), #2005, .F. ) ;
#1276 = EDGE_LOOP ( 'NONE', ( #875, #1391, #2837 ) ) ;
#1277 = LINE ( 'NONE', #1308, #272 ) ;
#1278 = VERTEX_POINT ( 'NONE', #2544 ) ;
#1279 = EDGE_CURVE ( 'NONE', #1916, #1923, #559, .T. ) ;
#1280 = DIRECTION ( 'NONE',  ( 1.000000000000000000, 1.461883964838415331E-15, 0.000000000000000000 ) ) ;
#1281 = DIRECTION ( 'NONE',  ( -0.6444004775717744327, -0.5407162030609351522, -0.5407162030609352632 ) ) ;
#1282 = ORIENTED_EDGE ( 'NONE', *, *, #2323, .T. ) ;
#1283 = CARTESIAN_POINT ( 'NONE',  ( 1.284247211982853775E-15, 60.50691563653041527, 1.000000000000000000 ) ) ;
#1284 = B_SPLINE_CURVE_WITH_KNOTS ( 'NONE', 3,
 ( #2179, #2694, #3034, #2025, #1748, #796, #1292, #26, #2985, #1008, #270, #749, #1798, #1519, #2290, #284 ),
 .UNSPECIFIED., .F., .F.,
 ( 4, 2, 2, 2, 2, 2, 2, 4 ),
 ( 0.000000000000000000, 0.0003730789348903227579, 0.0007461578697806455157, 0.001119236804670968328, 0.001492315739561291031, 0.001865394674451613952, 0.002238473609341936656, 0.002984631479122583364 ),
 .UNSPECIFIED. ) ;
#1285 = FACE_OUTER_BOUND ( 'NONE', #1548, .T. ) ;
#1286 = CARTESIAN_POINT ( 'NONE',  ( 1.216796740069738032E-16, -10.86151035807897181, 0.1000000000000028644 ) ) ;
#1287 = CARTESIAN_POINT ( 'NONE',  ( 8.998127716406585819, -22.42864340950762170, 12.49137370216533327 ) ) ;
#1288 = PLANE ( 'NONE',  #2559 ) ;
#1289 = AXIS2_PLACEMENT_3D ( 'NONE', #769, #506, #3214 ) ;
#1290 = ORIENTED_EDGE ( 'NONE', *, *, #2818, .F. ) ;
#1291 = ADVANCED_FACE ( 'NONE', ( #1304, #1253, #23, #1020, #1052, #2795, #2054, #2998 ), #2240, .T. ) ;
#1292 = CARTESIAN_POINT ( 'NONE',  ( 12.75908826982265865, 67.50691563653039395, 6.022174375264926383 ) ) ;
#1293 = ORIENTED_EDGE ( 'NONE', *, *, #3049, .F. ) ;
#1294 = CARTESIAN_POINT ( 'NONE',  ( 8.490120699243020042, 67.50691563653040816, 4.164291972524975627 ) ) ;
#1295 = LINE ( 'NONE', #2294, #2098 ) ;
#1296 = FACE_OUTER_BOUND ( 'NONE', #1751, .T. ) ;
#1297 = EDGE_CURVE ( 'NONE', #1152, #966, #2319, .T. ) ;
#1298 = ORIENTED_EDGE ( 'NONE', *, *, #2427, .T. ) ;
#1299 = LINE ( 'NONE', #1978, #203 ) ;
#1300 = ORIENTED_EDGE ( 'NONE', *, *, #812, .T. ) ;
#1301 = CARTESIAN_POINT ( 'NONE',  ( -7.040650111553381052, 67.50691563653040816, 2.831901135767545430 ) ) ;
#1302 = ADVANCED_FACE ( 'NONE', ( #1759 ), #791, .F. ) ;
#1303 = CARTESIAN_POINT ( 'NONE',  ( 13.00000000000000178, 67.50691563653040816, 6.999999999999999112 ) ) ;
#1304 = FACE_BOUND ( 'NONE', #784, .T. ) ;
#1305 = FACE_OUTER_BOUND ( 'NONE', #492, .T. ) ;
#1306 = EDGE_LOOP ( 'NONE', ( #815, #1108, #2962, #2720 ) ) ;
#1307 = VECTOR ( 'NONE', #1823, 1000.000000000000000 ) ;
#1308 = CARTESIAN_POINT ( 'NONE',  ( -8.591536611691296343, 65.50691563653040816, 20.00000000000000000 ) ) ;
#1309 = ORIENTED_EDGE ( 'NONE', *, *, #2008, .F. ) ;
#1310 = CARTESIAN_POINT ( 'NONE',  ( 7.604878143496465626, 67.50691563653039395, 3.467561916232710040 ) ) ;
#1311 = AXIS2_PLACEMENT_3D ( 'NONE', #209, #2915, #2633 ) ;
#1312 = ORIENTED_EDGE ( 'NONE', *, *, #2056, .F. ) ;
#1313 = VECTOR ( 'NONE', #1404, 1000.000000000000114 ) ;
#1314 = CARTESIAN_POINT ( 'NONE',  ( 1.350000000000036504, 9.150000000000002132, 0.000000000000000000 ) ) ;
#1315 = CARTESIAN_POINT ( 'NONE',  ( -8.549380042336286678, 65.43580161540111817, 2.698803752471441442 ) ) ;
#1316 = EDGE_LOOP ( 'NONE', ( #3200, #2517, #217, #954 ) ) ;
#1317 = PERSON_AND_ORGANIZATION ( #2733, #2775 ) ;
#1318 = CARTESIAN_POINT ( 'NONE',  ( -7.053738196508254761E-16, 12.99999999999996980, 0.000000000000000000 ) ) ;
#1319 = CARTESIAN_POINT ( 'NONE',  ( 11.24158791182109596, 66.92480866048914834, 4.968991516123039354 ) ) ;
#1320 = EDGE_CURVE ( 'NONE', #1705, #723, #166, .T. ) ;
#1321 = CARTESIAN_POINT ( 'NONE',  ( 17.72653955421974814, 3.125667198004822733, 4.699999999999977973 ) ) ;
#1322 = DIRECTION ( 'NONE',  ( -0.5773502691896260641, 0.5773502691896256200, -0.5773502691896257311 ) ) ;
#1323 = PLANE ( 'NONE',  #2922 ) ;
#1324 = VECTOR ( 'NONE', #2677, 1000.000000000000000 ) ;
#1325 = CARTESIAN_POINT ( 'NONE',  ( 4.452441884961131358, 15.55310680610964091, 2.653106806109660543 ) ) ;
#1326 = ORIENTED_EDGE ( 'NONE', *, *, #2859, .F. ) ;
#1327 = AXIS2_PLACEMENT_3D ( 'NONE', #405, #1414, #1163 ) ;
#1328 = ORIENTED_EDGE ( 'NONE', *, *, #846, .F. ) ;
#1329 = APPLICATION_CONTEXT ( 'configuration controlled 3d designs of mechanical parts and assemblies' ) ;
#1330 = LINE ( 'NONE', #1801, #2721 ) ;
#1331 = CARTESIAN_POINT ( 'NONE',  ( 3.019710372196385162, 69.50691563653040816, 5.000000000000000000 ) ) ;
#1332 = EDGE_LOOP ( 'NONE', ( #2234, #717, #1082, #2780 ) ) ;
#1333 = EDGE_CURVE ( 'NONE', #213, #862, #1529, .T. ) ;
#1334 = DIRECTION ( 'NONE',  ( 1.000000000000000000, 5.425952458852515230E-17, 0.000000000000000000 ) ) ;
#1335 = DIRECTION ( 'NONE',  ( 0.000000000000000000, -0.000000000000000000, -1.000000000000000000 ) ) ;
#1336 = CARTESIAN_POINT ( 'NONE',  ( -10.99999999999999822, 65.50691563653040816, 18.00000000000000355 ) ) ;
#1337 = CARTESIAN_POINT ( 'NONE',  ( 7.614291452678444649, 12.89999999999998082, 0.000000000000000000 ) ) ;
#1338 = CARTESIAN_POINT ( 'NONE',  ( 0.000000000000000000, 0.000000000000000000, 5.000000000000000000 ) ) ;
#1339 = EDGE_CURVE ( 'NONE', #743, #150, #38, .T. ) ;
#1340 = CARTESIAN_POINT ( 'NONE',  ( 11.00000000000000178, 67.50691563653040816, 18.00000000000000355 ) ) ;
#1341 = ORIENTED_EDGE ( 'NONE', *, *, #2293, .F. ) ;
#1342 = ORIENTED_EDGE ( 'NONE', *, *, #290, .F. ) ;
#1343 = CARTESIAN_POINT ( 'NONE',  ( 9.315694609020143346, -17.66028159036671852, 0.06666353299038588198 ) ) ;
#1344 = B_SPLINE_CURVE_WITH_KNOTS ( 'NONE', 3,
 ( #193, #2411, #1689, #2186 ),
 .UNSPECIFIED., .F., .F.,
 ( 4, 4 ),
 ( 0.000000000000000000, 0.0001433077105203100566 ),
 .UNSPECIFIED. ) ;
#1345 = CARTESIAN_POINT ( 'NONE',  ( 3.956199771728981407, -22.42864340950762170, 7.184735992524829307 ) ) ;
#1346 = CYLINDRICAL_SURFACE ( 'NONE', #694, 11.56613305142865578 ) ;
#1347 = EDGE_LOOP ( 'NONE', ( #2027, #2453, #2939 ) ) ;
#1348 = DIRECTION ( 'NONE',  ( 5.425952458852515230E-17, -1.000000000000000000, 0.000000000000000000 ) ) ;
#1349 = FACE_OUTER_BOUND ( 'NONE', #2566, .T. ) ;
#1350 = CARTESIAN_POINT ( 'NONE',  ( 9.769885813337431557, -22.42864340950762170, 13.89294048252997094 ) ) ;
#1351 = DIRECTION ( 'NONE',  ( -0.4823488105817763105, 0.000000000000000000, -0.8759792377278959874 ) ) ;
#1352 = DIRECTION ( 'NONE',  ( -0.000000000000000000, -0.000000000000000000, 1.000000000000000000 ) ) ;
#1353 = CARTESIAN_POINT ( 'NONE',  ( -8.591536611700151482, 65.50691563653040816, 2.838338331191997188 ) ) ;
#1354 = ORIENTED_EDGE ( 'NONE', *, *, #2443, .T. ) ;
#1355 = VERTEX_POINT ( 'NONE', #1034 ) ;
#1356 = ADVANCED_FACE ( 'NONE', ( #2035 ), #1794, .T. ) ;
#1357 = CARTESIAN_POINT ( 'NONE',  ( -8.008194547620007597, 65.17166651231622154, 4.925340266566857750 ) ) ;
#1358 = AXIS2_PLACEMENT_3D ( 'NONE', #183, #1418, #3174 ) ;
#1359 = ORIENTED_EDGE ( 'NONE', *, *, #1969, .T. ) ;
#1360 = LINE ( 'NONE', #1153, #3122 ) ;
#1361 = LOCAL_TIME ( 21, 13, 45.00000000000000000, #470 ) ;
#1362 = ORIENTED_EDGE ( 'NONE', *, *, #1806, .T. ) ;
#1363 = FACE_OUTER_BOUND ( 'NONE', #731, .T. ) ;
#1364 = CARTESIAN_POINT ( 'NONE',  ( 13.00000000000000178, 66.77911836827797742, 6.953481802129677369 ) ) ;
#1365 = DIRECTION ( 'NONE',  ( -0.8759792377278959874, 0.000000000000000000, 0.4823488105817763105 ) ) ;
#1366 = DIRECTION ( 'NONE',  ( -1.000000000000000000, -5.425952458852515230E-17, 0.000000000000000000 ) ) ;
#1367 = DIRECTION ( 'NONE',  ( -0.6963642403200236419, -0.1227878039689766637, -0.7071067811865422437 ) ) ;
#1368 = LINE ( 'NONE', #1859, #1219 ) ;
#1369 = EDGE_CURVE ( 'NONE', #1971, #2534, #3090, .T. ) ;
#1370 = VERTEX_POINT ( 'NONE', #2621 ) ;
#1371 = ORIENTED_EDGE ( 'NONE', *, *, #945, .T. ) ;
#1372 = CARTESIAN_POINT ( 'NONE',  ( 8.591536611682244029, 65.50691563653040816, 2.838338331162082895 ) ) ;
#1373 = CIRCLE ( 'NONE', #2681, 19.90000000000001634 ) ;
#1374 = ORIENTED_EDGE ( 'NONE', *, *, #1824, .F. ) ;
#1375 = SECURITY_CLASSIFICATION_LEVEL ( 'unclassified' ) ;
#1376 = ORIENTED_EDGE ( 'NONE', *, *, #1896, .T. ) ;
#1377 = EDGE_CURVE ( 'NONE', #1483, #1532, #1889, .T. ) ;
#1378 = VECTOR ( 'NONE', #2578, 1000.000000000000000 ) ;
#1379 = B_SPLINE_CURVE_WITH_KNOTS ( 'NONE', 3,
 ( #2142, #3053, #896, #2585, #1080, #1893, #1315, #2315 ),
 .UNSPECIFIED., .F., .F.,
 ( 4, 2, 2, 4 ),
 ( 0.000000000000000000, 0.0009590539047718390142, 0.001438580857157758033, 0.001918107809543677161 ),
 .UNSPECIFIED. ) ;
#1380 = CARTESIAN_POINT ( 'NONE',  ( 1.403964558569178234, 55.60691563653042380, 0.000000000000000000 ) ) ;
#1381 = LINE ( 'NONE', #308, #147 ) ;
#1382 = LINE ( 'NONE', #809, #2875 ) ;
#1383 = DIRECTION ( 'NONE',  ( -0.6444004775717699918, 0.5407162030609378167, -0.5407162030609379277 ) ) ;
#1384 = CARTESIAN_POINT ( 'NONE',  ( -12.99999999999999822, 66.21039778027567024, 5.224126341131693607 ) ) ;
#1385 = DIRECTION ( 'NONE',  ( -0.000000000000000000, -0.000000000000000000, 1.000000000000000000 ) ) ;
#1386 = ORIENTED_EDGE ( 'NONE', *, *, #794, .F. ) ;
#1387 = EDGE_CURVE ( 'NONE', #64, #767, #841, .T. ) ;
#1388 = ORIENTED_EDGE ( 'NONE', *, *, #2537, .T. ) ;
#1389 = CARTESIAN_POINT ( 'NONE',  ( -8.328344660325921467, 65.06293648270430197, 4.700000000000005507 ) ) ;
#1390 = ORIENTED_EDGE ( 'NONE', *, *, #3028, .F. ) ;
#1391 = ORIENTED_EDGE ( 'NONE', *, *, #2193, .T. ) ;
#1392 = ADVANCED_FACE ( 'NONE', ( #3117 ), #2321, .F. ) ;
#1393 = FACE_OUTER_BOUND ( 'NONE', #2705, .T. ) ;
#1394 = VERTEX_POINT ( 'NONE', #2592 ) ;
#1395 = CARTESIAN_POINT ( 'NONE',  ( -15.98542826473333278, 12.99999999999996980, 0.000000000000000000 ) ) ;
#1396 = EDGE_CURVE ( 'NONE', #2601, #599, #2678, .T. ) ;
#1397 = DIRECTION ( 'NONE',  ( -0.000000000000000000, -0.000000000000000000, 1.000000000000000000 ) ) ;
#1398 = DIRECTION ( 'NONE',  ( 0.000000000000000000, -0.000000000000000000, -1.000000000000000000 ) ) ;
#1399 = CARTESIAN_POINT ( 'NONE',  ( -12.99999999999999822, 65.29491022791941646, 6.810451176900913950 ) ) ;
#1400 = CARTESIAN_POINT ( 'NONE',  ( 0.000000000000000000, 0.000000000000000000, 0.000000000000000000 ) ) ;
#1401 = FACE_OUTER_BOUND ( 'NONE', #2104, .T. ) ;
#1402 = ORIENTED_EDGE ( 'NONE', *, *, #360, .T. ) ;
#1403 = ORIENTED_EDGE ( 'NONE', *, *, #1067, .F. ) ;
#1404 = DIRECTION ( 'NONE',  ( -0.1736481776669342170, -0.9848077530122073542, 0.000000000000000000 ) ) ;
#1405 = VERTEX_POINT ( 'NONE', #73 ) ;
#1406 = ORIENTED_EDGE ( 'NONE', *, *, #1231, .T. ) ;
#1407 = AXIS2_PLACEMENT_3D ( 'NONE', #87, #1367, #3105 ) ;
#1408 = CARTESIAN_POINT ( 'NONE',  ( 0.000000000000000000, -2.775557561562891351E-14, 0.1000000000000028644 ) ) ;
#1409 = EDGE_CURVE ( 'NONE', #976, #2846, #311, .T. ) ;
#1410 = CARTESIAN_POINT ( 'NONE',  ( 1.284247211982853775E-15, 60.50691563653041527, 1.000000000000000000 ) ) ;
#1411 = AXIS2_PLACEMENT_3D ( 'NONE', #902, #2646, #1669 ) ;
#1412 = CARTESIAN_POINT ( 'NONE',  ( -8.998127716406587595, 67.50691563653040816, 12.49137370216533505 ) ) ;
#1413 = VECTOR ( 'NONE', #332, 1000.000000000000000 ) ;
#1414 = DIRECTION ( 'NONE',  ( 0.6963642403200129838, -0.1227878039689746237, 0.7071067811865532349 ) ) ;
#1415 = CARTESIAN_POINT ( 'NONE',  ( -9.018256011247641979, 12.99999999999996980, 0.1000000000000164785 ) ) ;
#1416 = EDGE_CURVE ( 'NONE', #1210, #2064, #1087, .T. ) ;
#1417 = DIRECTION ( 'NONE',  ( -0.000000000000000000, -0.000000000000000000, -1.000000000000000000 ) ) ;
#1418 = DIRECTION ( 'NONE',  ( 0.8602123321464606454, -0.5099360191466644210, 0.000000000000000000 ) ) ;
#1419 = DIRECTION ( 'NONE',  ( -0.000000000000000000, 1.000000000000000000, -0.000000000000000000 ) ) ;
#1420 = VERTEX_POINT ( 'NONE', #3058 ) ;
#1421 = CARTESIAN_POINT ( 'NONE',  ( 0.000000000000000000, 6.515769899223360362, 5.000000000000000000 ) ) ;
#1422 = ORIENTED_EDGE ( 'NONE', *, *, #2811, .F. ) ;
#1423 = ORIENTED_EDGE ( 'NONE', *, *, #883, .F. ) ;
#1424 = AXIS2_PLACEMENT_3D ( 'NONE', #1106, #1874, #2609 ) ;
#1425 = LINE ( 'NONE', #190, #1456 ) ;
#1426 = ORIENTED_EDGE ( 'NONE', *, *, #2771, .T. ) ;
#1427 = DIRECTION ( 'NONE',  ( -0.000000000000000000, -0.7071067811865475727, -0.7071067811865475727 ) ) ;
#1428 = AXIS2_PLACEMENT_3D ( 'NONE', #2934, #1398, #2440 ) ;
#1429 = EDGE_CURVE ( 'NONE', #3133, #3132, #1161, .T. ) ;
#1430 = CARTESIAN_POINT ( 'NONE',  ( -2.100000000000003197, 60.50691563653041527, 0.000000000000000000 ) ) ;
#1431 = CARTESIAN_POINT ( 'NONE',  ( 7.852642171197295795, 12.69999999999997264, 5.000000000000000000 ) ) ;
#1432 = LINE ( 'NONE', #1444, #2971 ) ;
#1433 = PLANE ( 'NONE',  #67 ) ;
#1434 = EDGE_CURVE ( 'NONE', #2449, #552, #2825, .T. ) ;
#1435 = CARTESIAN_POINT ( 'NONE',  ( 1.216796740069738032E-16, -10.86151035807897181, 0.1000000000000028644 ) ) ;
#1436 = PRODUCT_DEFINITION_SHAPE ( 'NONE', 'NONE',  #628 ) ;
#1437 = EDGE_LOOP ( 'NONE', ( #3024, #2751, #1244, #2782 ) ) ;
#1438 = CARTESIAN_POINT ( 'NONE',  ( 7.900810092254388017, 65.50691563653040816, 5.299999999999995381 ) ) ;
#1439 = ORIENTED_EDGE ( 'NONE', *, *, #338, .T. ) ;
#1440 = CARTESIAN_POINT ( 'NONE',  ( -9.348863081143788278, 62.15537243668537570, 4.700000000000006395 ) ) ;
#1441 = FACE_OUTER_BOUND ( 'NONE', #1895, .T. ) ;
#1442 = ORIENTED_EDGE ( 'NONE', *, *, #230, .F. ) ;
#1443 = DIRECTION ( 'NONE',  ( -0.1736481776669342170, -0.9848077530122073542, 0.000000000000000000 ) ) ;
#1444 = CARTESIAN_POINT ( 'NONE',  ( 20.00000000000001776, -2.775557561562891351E-14, 0.1000000000000028644 ) ) ;
#1445 = DIRECTION ( 'NONE',  ( 0.6444004775717810940, 0.5407162030609312664, -0.5407162030609312664 ) ) ;
#1446 = CYLINDRICAL_SURFACE ( 'NONE', #1174, 2.000000000000000444 ) ;
#1447 = DIRECTION ( 'NONE',  ( -0.5773502691896255090, 0.5773502691896258421, 0.5773502691896258421 ) ) ;
#1448 = VERTEX_POINT ( 'NONE', #1822 ) ;
#1449 = DIRECTION ( 'NONE',  ( 0.000000000000000000, 0.000000000000000000, -1.000000000000000000 ) ) ;
#1450 = VERTEX_POINT ( 'NONE', #340 ) ;
#1451 = ORIENTED_EDGE ( 'NONE', *, *, #3101, .F. ) ;
#1452 = EDGE_CURVE ( 'NONE', #646, #1454, #219, .T. ) ;
#1453 = CARTESIAN_POINT ( 'NONE',  ( 0.000000000000000000, -2.775557561562891351E-14, 5.000000000000000000 ) ) ;
#1454 = VERTEX_POINT ( 'NONE', #577 ) ;
#1455 = CARTESIAN_POINT ( 'NONE',  ( -7.495116093419020409, 12.99999999999997335, 4.700000000000005507 ) ) ;
#1456 = VECTOR ( 'NONE', #1901, 1000.000000000000000 ) ;
#1457 = VERTEX_POINT ( 'NONE', #1579 ) ;
#1458 = VECTOR ( 'NONE', #2707, 1000.000000000000114 ) ;
#1459 = CARTESIAN_POINT ( 'NONE',  ( -9.348863081143786502, 62.15537243668537570, 4.700000000000005507 ) ) ;
#1460 = PLANE ( 'NONE',  #1255 ) ;
#1461 = ORIENTED_EDGE ( 'NONE', *, *, #2353, .F. ) ;
#1462 = AXIS2_PLACEMENT_3D ( 'NONE', #2020, #2741, #1758 ) ;
#1463 = VERTEX_POINT ( 'NONE', #1070 ) ;
#1464 = AXIS2_PLACEMENT_3D ( 'NONE', #84, #1335, #856 ) ;
#1465 = CARTESIAN_POINT ( 'NONE',  ( 0.000000000000000000, 55.50691563653040816, 4.699999999999977973 ) ) ;
#1466 = DIRECTION ( 'NONE',  ( 1.000000000000000000, 0.000000000000000000, 0.000000000000000000 ) ) ;
#1467 = AXIS2_PLACEMENT_3D ( 'NONE', #2028, #1786, #1012 ) ;
#1468 = ADVANCED_FACE ( 'NONE', ( #2351 ), #1623, .F. ) ;
#1469 = ORIENTED_EDGE ( 'NONE', *, *, #695, .T. ) ;
#1470 = VECTOR ( 'NONE', #1281, 1000.000000000000114 ) ;
#1471 = EDGE_CURVE ( 'NONE', #496, #446, #859, .T. ) ;
#1472 = CARTESIAN_POINT ( 'NONE',  ( 5.928108985557649646, -16.46655369724533102, 4.699999999999991296 ) ) ;
#1473 = ORIENTED_EDGE ( 'NONE', *, *, #1231, .F. ) ;
#1474 = ORIENTED_EDGE ( 'NONE', *, *, #2264, .T. ) ;
#1475 = EDGE_CURVE ( 'NONE', #1188, #2665, #609, .T. ) ;
#1476 = DIRECTION ( 'NONE',  ( 0.000000000000000000, 0.000000000000000000, -1.000000000000000000 ) ) ;
#1477 = EDGE_CURVE ( 'NONE', #2679, #1811, #1557, .T. ) ;
#1478 = ORIENTED_EDGE ( 'NONE', *, *, #2181, .T. ) ;
#1479 = VERTEX_POINT ( 'NONE', #2380 ) ;
#1480 = CARTESIAN_POINT ( 'NONE',  ( -8.986774141268199401, 67.50691563653040816, 4.410740413131063242 ) ) ;
#1481 = AXIS2_PLACEMENT_3D ( 'NONE', #2220, #1904, #2902 ) ;
#1482 = CARTESIAN_POINT ( 'NONE',  ( 0.000000000000000000, -2.775557561562891351E-14, 0.1000000000000028644 ) ) ;
#1483 = VERTEX_POINT ( 'NONE', #2336 ) ;
#1484 = CARTESIAN_POINT ( 'NONE',  ( -19.40071273434049814, 3.420869100038606891, 5.000000000000000000 ) ) ;
#1485 = CARTESIAN_POINT ( 'NONE',  ( 12.26275563106949029, 65.50691563653039395, 5.256647978076457228 ) ) ;
#1486 = ORIENTED_EDGE ( 'NONE', *, *, #2154, .F. ) ;
#1487 = LINE ( 'NONE', #1972, #1105 ) ;
#1488 = ORIENTED_EDGE ( 'NONE', *, *, #2450, .T. ) ;
#1489 = ORIENTED_EDGE ( 'NONE', *, *, #1490, .T. ) ;
#1490 = EDGE_CURVE ( 'NONE', #2024, #1457, #1131, .T. ) ;
#1491 = DIRECTION ( 'NONE',  ( 0.7071067811865477948, 8.111832512196872364E-17, 0.7071067811865473507 ) ) ;
#1492 = CARTESIAN_POINT ( 'NONE',  ( -23.90343191631056641, 36.72762087496450789, -14.07929476156588677 ) ) ;
#1493 = ORIENTED_EDGE ( 'NONE', *, *, #25, .T. ) ;
#1494 = DIRECTION ( 'NONE',  ( -0.000000000000000000, -0.000000000000000000, 1.000000000000000000 ) ) ;
#1495 = APPROVAL ( #2541, 'UNSPECIFIED' ) ;
#1496 = CARTESIAN_POINT ( 'NONE',  ( -10.58547945074034757, 67.50691563653040816, 4.925495290638319368 ) ) ;
#1497 = FACE_OUTER_BOUND ( 'NONE', #2402, .T. ) ;
#1498 = B_SPLINE_CURVE_WITH_KNOTS ( 'NONE', 3,
 ( #921, #697, #713, #2706, #971, #2413, #1987, #2276, #1746, #1775 ),
 .UNSPECIFIED., .F., .F.,
 ( 4, 3, 3, 4 ),
 ( 0.000000000000000000, 0.0002028796740553683996, 0.0003723249796502419448, 0.0005417807159547028111 ),
 .UNSPECIFIED. ) ;
#1499 = CARTESIAN_POINT ( 'NONE',  ( -6.369837414656140950, 67.54568995732654457, 6.595344149571424452 ) ) ;
#1500 = DIRECTION ( 'NONE',  ( -1.147186355444782730E-16, 1.000000000000000000, 0.000000000000000000 ) ) ;
#1501 = VERTEX_POINT ( 'NONE', #1337 ) ;
#1502 = DIRECTION ( 'NONE',  ( 0.000000000000000000, -1.000000000000000000, 0.000000000000000000 ) ) ;
#1503 = EDGE_LOOP ( 'NONE', ( #1426, #949, #776, #1598 ) ) ;
#1504 = ORIENTED_EDGE ( 'NONE', *, *, #2769, .F. ) ;
#1505 = DIRECTION ( 'NONE',  ( -0.000000000000000000, -0.000000000000000000, -1.000000000000000000 ) ) ;
#1506 = DIRECTION ( 'NONE',  ( 1.147186355444782730E-16, -1.000000000000000000, 0.000000000000000000 ) ) ;
#1507 = VERTEX_POINT ( 'NONE', #86 ) ;
#1508 = DIRECTION ( 'NONE',  ( 1.000000000000000000, 0.000000000000000000, 0.000000000000000000 ) ) ;
#1509 = ADVANCED_FACE ( 'NONE', ( #3201 ), #1147, .F. ) ;
#1510 = CARTESIAN_POINT ( 'NONE',  ( -7.601220288111556478, 67.50691563653040816, 3.464136388470463235 ) ) ;
#1511 = CARTESIAN_POINT ( 'NONE',  ( -15.98542826473333278, 12.99999999999996980, 4.700000000000005507 ) ) ;
#1512 = CARTESIAN_POINT ( 'NONE',  ( -10.96945325030448259, 1.934210571648891319, 0.1000000000000167422 ) ) ;
#1513 = DIRECTION ( 'NONE',  ( 0.000000000000000000, 0.000000000000000000, 1.000000000000000000 ) ) ;
#1514 = CARTESIAN_POINT ( 'NONE',  ( -12.95195626144074552, 67.50691563653043659, 6.480502152336763189 ) ) ;
#1515 = AXIS2_PLACEMENT_3D ( 'NONE', #1482, #165, #474 ) ;
#1516 = EDGE_CURVE ( 'NONE', #1532, #1420, #968, .T. ) ;
#1517 = AXIS2_PLACEMENT_3D ( 'NONE', #504, #2046, #2235 ) ;
#1518 = ORIENTED_EDGE ( 'NONE', *, *, #1606, .F. ) ;
#1519 = CARTESIAN_POINT ( 'NONE',  ( 11.63929152814438339, 67.50691563653040816, 5.069638472621372571 ) ) ;
#1520 = VECTOR ( 'NONE', #2320, 1000.000000000000000 ) ;
#1521 = ORIENTED_EDGE ( 'NONE', *, *, #3112, .F. ) ;
#1522 = CARTESIAN_POINT ( 'NONE',  ( -11.00000000000000000, 65.50691563653040816, 20.00000000000000000 ) ) ;
#1523 = DIRECTION ( 'NONE',  ( -0.000000000000000000, -0.000000000000000000, 1.000000000000000000 ) ) ;
#1524 = ORIENTED_EDGE ( 'NONE', *, *, #714, .T. ) ;
#1525 = CARTESIAN_POINT ( 'NONE',  ( -7.809961828327292466, 67.50691563653039395, 3.649432294961815870 ) ) ;
#1526 = DIRECTION ( 'NONE',  ( 1.000000000000000000, 0.000000000000000000, 0.000000000000000000 ) ) ;
#1527 = EDGE_CURVE ( 'NONE', #3033, #2767, #2157, .T. ) ;
#1528 = VECTOR ( 'NONE', #3124, 1000.000000000000000 ) ;
#1529 = LINE ( 'NONE', #2531, #2003 ) ;
#1530 = CARTESIAN_POINT ( 'NONE',  ( -11.26760140801360421, 67.50691563653042238, 4.994910433833747554 ) ) ;
#1531 = VECTOR ( 'NONE', #3073, 1000.000000000000114 ) ;
#1532 = VERTEX_POINT ( 'NONE', #1965 ) ;
#1533 = EDGE_CURVE ( 'NONE', #2702, #1646, #1344, .T. ) ;
#1534 = LINE ( 'NONE', #514, #2647 ) ;
#1535 = ORIENTED_EDGE ( 'NONE', *, *, #2455, .F. ) ;
#1536 = ADVANCED_FACE ( 'NONE', ( #2685 ), #2841, .T. ) ;
#1537 = FACE_OUTER_BOUND ( 'NONE', #1237, .T. ) ;
#1538 = DIRECTION ( 'NONE',  ( -0.1736481776669344390, 0.9848077530122072432, 0.000000000000000000 ) ) ;
#1539 = ORIENTED_EDGE ( 'NONE', *, *, #2293, .T. ) ;
#1540 = PERSON_AND_ORGANIZATION ( #2733, #2775 ) ;
#1541 = CARTESIAN_POINT ( 'NONE',  ( -5.928108985557630106, 6.215769899223351658, 4.699999999999991296 ) ) ;
#1542 = FACE_OUTER_BOUND ( 'NONE', #1866, .T. ) ;
#1543 = DIRECTION ( 'NONE',  ( 1.000000000000000000, 0.000000000000000000, 0.000000000000000000 ) ) ;
#1544 = CARTESIAN_POINT ( 'NONE',  ( 19.59767428494292574, 3.455598735572047886, 0.000000000000000000 ) ) ;
#1545 = EDGE_CURVE ( 'NONE', #2280, #1532, #919, .T. ) ;
#1546 = ORIENTED_EDGE ( 'NONE', *, *, #2713, .F. ) ;
#1547 = DIRECTION ( 'NONE',  ( -1.000000000000000000, -5.425952458852515230E-17, 0.000000000000000000 ) ) ;
#1548 = EDGE_LOOP ( 'NONE', ( #1091, #1959, #2370, #687 ) ) ;
#1549 = DIRECTION ( 'NONE',  ( -0.000000000000000000, -0.000000000000000000, -1.000000000000000000 ) ) ;
#1550 = ORIENTED_EDGE ( 'NONE', *, *, #644, .F. ) ;
#1551 = CARTESIAN_POINT ( 'NONE',  ( 6.403385383752450366, 67.51518474721073915, 6.792251230343295809 ) ) ;
#1552 = EDGE_CURVE ( 'NONE', #2737, #210, #903, .T. ) ;
#1553 = VERTEX_POINT ( 'NONE', #1918 ) ;
#1554 = DIRECTION ( 'NONE',  ( -0.000000000000000000, -0.7071067811865475727, -0.7071067811865475727 ) ) ;
#1555 = CARTESIAN_POINT ( 'NONE',  ( 19.59767428494292574, 3.455598735572046554, 0.000000000000000000 ) ) ;
#1556 = CARTESIAN_POINT ( 'NONE',  ( 7.495116093419036396, 12.99999999999996980, 4.700000000000005507 ) ) ;
#1557 = LINE ( 'NONE', #375, #1947 ) ;
#1558 = CARTESIAN_POINT ( 'NONE',  ( 0.000000000000000000, 55.80691563653040532, 5.000000000000000000 ) ) ;
#1559 = ORIENTED_EDGE ( 'NONE', *, *, #2047, .T. ) ;
#1560 = VECTOR ( 'NONE', #2997, 1000.000000000000000 ) ;
#1561 = LINE ( 'NONE', #1325, #372 ) ;
#1562 = ORIENTED_EDGE ( 'NONE', *, *, #2809, .F. ) ;
#1563 = EDGE_CURVE ( 'NONE', #892, #42, #3171, .T. ) ;
#1564 = VERTEX_POINT ( 'NONE', #656 ) ;
#1565 = CIRCLE ( 'NONE', #990, 9.493084363469568743 ) ;
#1566 = EDGE_CURVE ( 'NONE', #2167, #1603, #932, .T. ) ;
#1567 = ORIENTED_EDGE ( 'NONE', *, *, #1806, .F. ) ;
#1568 = CIRCLE ( 'NONE', #2458, 1.600000000000002531 ) ;
#1569 = CYLINDRICAL_SURFACE ( 'NONE', #1831, 1.350000000000036948 ) ;
#1570 = SECURITY_CLASSIFICATION ( '', '', #1375 ) ;
#1571 = DIRECTION ( 'NONE',  ( -0.000000000000000000, -0.000000000000000000, -1.000000000000000000 ) ) ;
#1572 = EDGE_LOOP ( 'NONE', ( #3121, #2118, #125, #2228 ) ) ;
#1573 = PERSON_AND_ORGANIZATION_ROLE ( 'design_supplier' ) ;
#1574 = VERTEX_POINT ( 'NONE', #2917 ) ;
#1575 = EDGE_CURVE ( 'NONE', #2955, #1553, #639, .T. ) ;
#1576 = DIRECTION ( 'NONE',  ( 1.000000000000000000, 5.425952458852515230E-17, 0.000000000000000000 ) ) ;
#1577 = CARTESIAN_POINT ( 'NONE',  ( 13.00000000000000178, 65.29491022791935961, 6.810451176900907733 ) ) ;
#1578 = DIRECTION ( 'NONE',  ( -0.000000000000000000, -0.000000000000000000, -1.000000000000000000 ) ) ;
#1579 = CARTESIAN_POINT ( 'NONE',  ( 7.900810092254388017, 65.20691563653041101, 5.000000000000000000 ) ) ;
#1580 = CARTESIAN_POINT ( 'NONE',  ( -11.12580564544760797, 67.60030443828389934, 4.988854209374523840 ) ) ;
#1581 = FACE_BOUND ( 'NONE', #663, .T. ) ;
#1582 = ORIENTED_EDGE ( 'NONE', *, *, #1552, .T. ) ;
#1583 = AXIS2_PLACEMENT_3D ( 'NONE', #327, #2108, #595 ) ;
#1584 = CARTESIAN_POINT ( 'NONE',  ( 6.423597850930160114, 67.50691563653039395, 1.283133542633058344 ) ) ;
#1585 = VERTEX_POINT ( 'NONE', #1431 ) ;
#1586 = DIRECTION ( 'NONE',  ( 1.000000000000000000, 5.425952458852515230E-17, 0.000000000000000000 ) ) ;
#1587 = FACE_OUTER_BOUND ( 'NONE', #2892, .T. ) ;
#1588 = DATE_AND_TIME ( #124, #2307 ) ;
#1589 = VECTOR ( 'NONE', #2950, 1000.000000000000000 ) ;
#1590 = CARTESIAN_POINT ( 'NONE',  ( 5.928108985557646982, 6.215769899223351658, 0.09999999999998898659 ) ) ;
#1591 = CARTESIAN_POINT ( 'NONE',  ( 13.00000000000198241, 66.21039778027557077, 5.224126341132027562 ) ) ;
#1592 = LINE ( 'NONE', #869, #624 ) ;
#1593 = DIRECTION ( 'NONE',  ( 0.1736481776669344390, -0.9848077530122072432, 0.000000000000000000 ) ) ;
#1594 = DIRECTION ( 'NONE',  ( -0.000000000000000000, 1.000000000000000000, -0.000000000000000000 ) ) ;
#1595 = ADVANCED_FACE ( 'NONE', ( #143, #3187, #2426 ), #950, .F. ) ;
#1596 = DIRECTION ( 'NONE',  ( -0.000000000000000000, -0.000000000000000000, -1.000000000000000000 ) ) ;
#1597 = EDGE_LOOP ( 'NONE', ( #2495, #2710, #2446, #2482, #2993, #1956, #1371, #1439, #1257 ) ) ;
#1598 = ORIENTED_EDGE ( 'NONE', *, *, #1339, .T. ) ;
#1599 = LINE ( 'NONE', #2360, #1985 ) ;
#1600 = ORIENTED_EDGE ( 'NONE', *, *, #1050, .F. ) ;
#1601 = ORIENTED_EDGE ( 'NONE', *, *, #747, .T. ) ;
#1602 = DIRECTION ( 'NONE',  ( -1.000000000000000000, 0.000000000000000000, 0.000000000000000000 ) ) ;
#1603 = VERTEX_POINT ( 'NONE', #1181 ) ;
#1604 = DIRECTION ( 'NONE',  ( 1.000000000000000000, 5.425952458852515230E-17, 0.000000000000000000 ) ) ;
#1605 = CYLINDRICAL_SURFACE ( 'NONE', #1096, 20.00000000000001776 ) ;
#1606 = EDGE_CURVE ( 'NONE', #2660, #111, #216, .T. ) ;
#1607 = DIRECTION ( 'NONE',  ( 0.6444004775717854239, 0.5407162030609287129, 0.5407162030609286019 ) ) ;
#1608 = CARTESIAN_POINT ( 'NONE',  ( 9.053420755240129125, 62.10327798338530414, 5.000000000000000000 ) ) ;
#1609 = CARTESIAN_POINT ( 'NONE',  ( -11.45729585453977961, 65.49395841684678032, 4.873634117933942633 ) ) ;
#1610 = DIRECTION ( 'NONE',  ( 3.836727778050435494E-17, -0.7071067811865475727, 0.7071067811865475727 ) ) ;
#1611 = EDGE_CURVE ( 'NONE', #2064, #1501, #2703, .T. ) ;
#1612 = ORIENTED_EDGE ( 'NONE', *, *, #2224, .F. ) ;
#1613 = VERTEX_POINT ( 'NONE', #1459 ) ;
#1614 = LINE ( 'NONE', #899, #1146 ) ;
#1615 = VECTOR ( 'NONE', #2545, 1000.000000000000000 ) ;
#1616 = ORIENTED_EDGE ( 'NONE', *, *, #1824, .T. ) ;
#1617 = AXIS2_PLACEMENT_3D ( 'NONE', #2200, #1160, #434 ) ;
#1618 = PLANE ( 'NONE',  #549 ) ;
#1619 = DIRECTION ( 'NONE',  ( -0.000000000000000000, 1.000000000000000000, -0.000000000000000000 ) ) ;
#1620 = CIRCLE ( 'NONE', #1783, 9.493084363469568743 ) ;
#1621 = ORIENTED_EDGE ( 'NONE', *, *, #31, .F. ) ;
#1622 = CARTESIAN_POINT ( 'NONE',  ( 8.742042060667506220, 55.80691563653041953, 5.000000000000000000 ) ) ;
#1623 = PLANE ( 'NONE',  #1583 ) ;
#1624 = DIRECTION ( 'NONE',  ( -0.1736481776669344113, 0.9848077530122072432, 0.000000000000000000 ) ) ;
#1625 = ADVANCED_FACE ( 'NONE', ( #2459 ), #211, .F. ) ;
#1626 = AXIS2_PLACEMENT_3D ( 'NONE', #174, #1242, #1924 ) ;
#1627 = FACE_BOUND ( 'NONE', #1124, .T. ) ;
#1628 = EDGE_LOOP ( 'NONE', ( #229, #1953, #1044, #1836 ) ) ;
#1629 = ADVANCED_FACE ( 'NONE', ( #1655 ), #2650, .T. ) ;
#1630 = ORIENTED_EDGE ( 'NONE', *, *, #2034, .T. ) ;
#1631 = DIRECTION ( 'NONE',  ( -0.000000000000000000, -0.000000000000000000, 1.000000000000000000 ) ) ;
#1632 = AXIS2_PLACEMENT_3D ( 'NONE', #410, #2725, #2937 ) ;
#1633 = ORIENTED_EDGE ( 'NONE', *, *, #428, .T. ) ;
#1634 = ORIENTED_EDGE ( 'NONE', *, *, #398, .F. ) ;
#1635 = EDGE_CURVE ( 'NONE', #750, #366, #1730, .T. ) ;
#1636 = VECTOR ( 'NONE', #426, 1000.000000000000000 ) ;
#1637 = CARTESIAN_POINT ( 'NONE',  ( -11.25530361139722935, 66.84088933341386962, 4.964270035774394962 ) ) ;
#1638 = CARTESIAN_POINT ( 'NONE',  ( -19.69615506024415197, 3.472963553338685561, 4.700000000000006395 ) ) ;
#1639 = CARTESIAN_POINT ( 'NONE',  ( 1.284247211982853775E-15, 60.50691563653041527, 0.000000000000000000 ) ) ;
#1640 = DIRECTION ( 'NONE',  ( 0.1736481776669342170, 0.9848077530122073542, 0.000000000000000000 ) ) ;
#1641 = LINE ( 'NONE', #626, #1825 ) ;
#1642 = DIRECTION ( 'NONE',  ( -0.000000000000000000, -0.000000000000000000, -1.000000000000000000 ) ) ;
#1643 = CARTESIAN_POINT ( 'NONE',  ( 6.369332582287445810, 67.54614732449053349, 6.593135018385286372 ) ) ;
#1644 = ORIENTED_EDGE ( 'NONE', *, *, #2683, .F. ) ;
#1645 = B_SPLINE_CURVE_WITH_KNOTS ( 'NONE', 3,
 ( #2854, #2317, #806, #1803 ),
 .UNSPECIFIED., .F., .F.,
 ( 4, 4 ),
 ( 0.000000000000000000, 0.0004300057830311294254 ),
 .UNSPECIFIED. ) ;
#1646 = VERTEX_POINT ( 'NONE', #6 ) ;
#1647 = EDGE_CURVE ( 'NONE', #926, #3081, #2755, .T. ) ;
#1648 = CARTESIAN_POINT ( 'NONE',  ( 5.928108985557646982, 6.215769899223351658, 0.09999999999998898659 ) ) ;
#1649 = EDGE_LOOP ( 'NONE', ( #2115, #2009 ) ) ;
#1650 = ORIENTED_EDGE ( 'NONE', *, *, #593, .F. ) ;
#1651 = LINE ( 'NONE', #2680, #469 ) ;
#1652 = EDGE_CURVE ( 'NONE', #862, #1170, #3143, .T. ) ;
#1653 = FACE_OUTER_BOUND ( 'NONE', #1817, .T. ) ;
#1654 = DIRECTION ( 'NONE',  ( 1.000000000000000000, 0.000000000000000000, 0.000000000000000000 ) ) ;
#1655 = FACE_OUTER_BOUND ( 'NONE', #1332, .T. ) ;
#1656 = LINE ( 'NONE', #933, #3023 ) ;
#1657 = EDGE_LOOP ( 'NONE', ( #1040, #344, #673, #820 ) ) ;
#1658 = CARTESIAN_POINT ( 'NONE',  ( 0.000000000000000000, 0.000000000000000000, 20.00000000000000000 ) ) ;
#1659 = FACE_OUTER_BOUND ( 'NONE', #220, .T. ) ;
#1660 = CARTESIAN_POINT ( 'NONE',  ( -7.495116093419021297, 12.99999999999997513, 4.700000000000005507 ) ) ;
#1661 = ORIENTED_EDGE ( 'NONE', *, *, #611, .F. ) ;
#1662 = CARTESIAN_POINT ( 'NONE',  ( 16.10460362399279077, 12.89999999999995417, 0.000000000000000000 ) ) ;
#1663 = EDGE_CURVE ( 'NONE', #2246, #496, #2490, .T. ) ;
#1664 = EDGE_LOOP ( 'NONE', ( #362, #1963, #1243, #460 ) ) ;
#1665 = ORIENTED_EDGE ( 'NONE', *, *, #2758, .F. ) ;
#1666 = EDGE_CURVE ( 'NONE', #2991, #2024, #542, .T. ) ;
#1667 = CIRCLE ( 'NONE', #1928, 11.56613305142865578 ) ;
#1668 = CARTESIAN_POINT ( 'NONE',  ( 20.21870631855136224, 9.447857946370437077, -3.452142053629515317 ) ) ;
#1669 = DIRECTION ( 'NONE',  ( -1.000000000000000000, 0.000000000000000000, 0.000000000000000000 ) ) ;
#1670 = CIRCLE ( 'NONE', #2827, 9.493084363469568743 ) ;
#1671 = EDGE_CURVE ( 'NONE', #2679, #3062, #2996, .T. ) ;
#1672 = CYLINDRICAL_SURFACE ( 'NONE', #205, 9.493084363469568743 ) ;
#1673 = AXIS2_PLACEMENT_3D ( 'NONE', #236, #3225, #3139 ) ;
#1674 = DIRECTION ( 'NONE',  ( 0.5099360191466644210, -0.8602123321464606454, 0.000000000000000000 ) ) ;
#1675 = FACE_BOUND ( 'NONE', #1347, .T. ) ;
#1676 = EDGE_LOOP ( 'NONE', ( #2498, #991, #1930, #135 ) ) ;
#1677 = CARTESIAN_POINT ( 'NONE',  ( 8.226369619475738304, -22.42864340950762170, 13.89294048252996738 ) ) ;
#1678 = DIRECTION ( 'NONE',  ( 1.000000000000000000, 0.000000000000000000, 0.000000000000000000 ) ) ;
#1679 = EDGE_LOOP ( 'NONE', ( #960, #1850, #3138, #1524 ) ) ;
#1680 = CARTESIAN_POINT ( 'NONE',  ( 8.328344660325925020, 65.06293648270430197, 4.700000000000005507 ) ) ;
#1681 = ORIENTED_EDGE ( 'NONE', *, *, #1986, .F. ) ;
#1682 = ORIENTED_EDGE ( 'NONE', *, *, #812, .F. ) ;
#1683 = CARTESIAN_POINT ( 'NONE',  ( 0.000000000000000000, -2.775557561562891351E-14, 5.000000000000000000 ) ) ;
#1684 = ORIENTED_EDGE ( 'NONE', *, *, #2897, .F. ) ;
#1685 = CARTESIAN_POINT ( 'NONE',  ( 0.000000000000000000, 55.50691563653040816, 0.1000000000000167422 ) ) ;
#1686 = AXIS2_PLACEMENT_3D ( 'NONE', #3104, #2869, #870 ) ;
#1687 = CARTESIAN_POINT ( 'NONE',  ( -7.900810092254384465, 65.20691563653041101, 5.000000000000000000 ) ) ;
#1688 = CC_DESIGN_DATE_AND_TIME_ASSIGNMENT ( #488, #2272, ( #628 ) ) ;
#1689 = CARTESIAN_POINT ( 'NONE',  ( -9.293314822846312495, -17.63439853319294670, 0.03333017649970274748 ) ) ;
#1690 = CARTESIAN_POINT ( 'NONE',  ( 6.412382609603893613, 67.50691563653040816, 1.000000000000000000 ) ) ;
#1691 = AXIS2_PLACEMENT_3D ( 'NONE', #3092, #2092, #1844 ) ;
#1692 = DIRECTION ( 'NONE',  ( 1.000000000000000000, 0.000000000000000000, 0.000000000000000000 ) ) ;
#1693 = CARTESIAN_POINT ( 'NONE',  ( -9.347447598673442215, 18.56992712865267237, -0.8699271286526618630 ) ) ;
#1694 = EDGE_CURVE ( 'NONE', #3132, #3133, #2166, .T. ) ;
#1695 = ORIENTED_EDGE ( 'NONE', *, *, #1452, .F. ) ;
#1696 = CARTESIAN_POINT ( 'NONE',  ( 8.591536611691299896, 65.50691563653040816, 4.700000000000005507 ) ) ;
#1697 = EDGE_LOOP ( 'NONE', ( #1156, #1521 ) ) ;
#1698 = LINE ( 'NONE', #2422, #2090 ) ;
#1699 = FACE_OUTER_BOUND ( 'NONE', #1437, .T. ) ;
#1700 = ORIENTED_EDGE ( 'NONE', *, *, #1164, .T. ) ;
#1701 = CARTESIAN_POINT ( 'NONE',  ( -17.72653955421973393, 3.125667198004816072, 0.1000000000000189071 ) ) ;
#1702 = CARTESIAN_POINT ( 'NONE',  ( -9.492241620786170841, 1.673738305148489758, 0.09999999999998966660 ) ) ;
#1703 = ORIENTED_EDGE ( 'NONE', *, *, #3198, .T. ) ;
#1704 = EDGE_CURVE ( 'NONE', #1916, #2660, #2542, .T. ) ;
#1705 = VERTEX_POINT ( 'NONE', #2254 ) ;
#1706 = CARTESIAN_POINT ( 'NONE',  ( -4.382754329064412424, 15.61158160856017396, 2.088418391439817334 ) ) ;
#1707 = CARTESIAN_POINT ( 'NONE',  ( 19.40071273434049104, 3.420869100038662403, 5.000000000000000000 ) ) ;
#1708 = CARTESIAN_POINT ( 'NONE',  ( -1.632665546598583317, -8.905779165089114713, 7.660774532156208849 ) ) ;
#1709 = ORIENTED_EDGE ( 'NONE', *, *, #652, .F. ) ;
#1710 = ADVANCED_FACE ( 'NONE', ( #227 ), #81, .T. ) ;
#1711 = DIRECTION ( 'NONE',  ( 0.8759792377278959874, -0.000000000000000000, 0.4823488105817763105 ) ) ;
#1712 = VERTEX_POINT ( 'NONE', #2507 ) ;
#1713 = ORIENTED_EDGE ( 'NONE', *, *, #644, .T. ) ;
#1714 = B_SPLINE_CURVE_WITH_KNOTS ( 'NONE', 3,
 ( #2543, #543, #807, #37, #2979, #2805, #2275, #789, #758, #2286 ),
 .UNSPECIFIED., .F., .F.,
 ( 4, 2, 2, 2, 4 ),
 ( 0.001082715987132175850, 0.001980738310702718878, 0.002878760634273262557, 0.003776782957843805369, 0.004674805281414349048 ),
 .UNSPECIFIED. ) ;
#1715 = AXIS2_PLACEMENT_3D ( 'NONE', #2839, #591, #336 ) ;
#1716 = CARTESIAN_POINT ( 'NONE',  ( 13.00000000000000178, 67.50691563653040816, 6.982747404330662100 ) ) ;
#1717 = DATE_AND_TIME ( #768, #782 ) ;
#1718 = ORIENTED_EDGE ( 'NONE', *, *, #1694, .T. ) ;
#1719 = VECTOR ( 'NONE', #2428, 1000.000000000000114 ) ;
#1720 = DIRECTION ( 'NONE',  ( 1.000000000000000000, 0.000000000000000000, 0.000000000000000000 ) ) ;
#1721 = DIRECTION ( 'NONE',  ( 1.000000000000000000, 0.000000000000000000, 0.000000000000000000 ) ) ;
#1722 = EDGE_LOOP ( 'NONE', ( #1600, #703, #2599, #1362 ) ) ;
#1723 = VECTOR ( 'NONE', #325, 1000.000000000000114 ) ;
#1724 = VECTOR ( 'NONE', #3038, 1000.000000000000000 ) ;
#1725 = DIRECTION ( 'NONE',  ( 1.000000000000000000, 0.000000000000000000, 0.000000000000000000 ) ) ;
#1726 = VECTOR ( 'NONE', #1631, 1000.000000000000000 ) ;
#1727 = CARTESIAN_POINT ( 'NONE',  ( 1.064071868760901083E-15, -19.45000000000000639, 5.000000000000000888 ) ) ;
#1728 = ADVANCED_FACE ( 'NONE', ( #51 ), #1122, .T. ) ;
#1729 = CARTESIAN_POINT ( 'NONE',  ( -9.136472062616263656, -17.45321971010032769, 5.000000000000000000 ) ) ;
#1730 = B_SPLINE_CURVE_WITH_KNOTS ( 'NONE', 3,
 ( #1771, #2002, #2032, #1048, #3025, #788, #35, #1301, #1757, #1510, #1525, #1032, #1742, #1480, #1791, #2960, #724, #1496, #1251, #2299 ),
 .UNSPECIFIED., .F., .F.,
 ( 4, 2, 2, 2, 2, 2, 2, 2, 2, 4 ),
 ( 0.000000000000000000, 0.0008371907852760335699, 0.001255786177914050084, 0.001674381570552066489, 0.002511572355828097999, 0.003348763141104129076, 0.004185953926380160152, 0.005023144711656191662, 0.005860335496932223172, 0.006697526282208253814 ),
 .UNSPECIFIED. ) ;
#1731 = ORIENTED_EDGE ( 'NONE', *, *, #1259, .F. ) ;
#1732 = CIRCLE ( 'NONE', #264, 20.00000000000001776 ) ;
#1733 = CARTESIAN_POINT ( 'NONE',  ( -12.99999999999999822, 65.50691563653040816, 6.831962940475420076 ) ) ;
#1734 = ORIENTED_EDGE ( 'NONE', *, *, #2212, .F. ) ;
#1735 = ORIENTED_EDGE ( 'NONE', *, *, #835, .F. ) ;
#1736 = AXIS2_PLACEMENT_3D ( 'NONE', #461, #1449, #2910 ) ;
#1737 = LINE ( 'NONE', #2282, #412 ) ;
#1738 = VERTEX_POINT ( 'NONE', #473 ) ;
#1739 = PERSON_AND_ORGANIZATION ( #2733, #2775 ) ;
#1740 = EDGE_CURVE ( 'NONE', #515, #2949, #261, .T. ) ;
#1741 = FACE_OUTER_BOUND ( 'NONE', #2830, .T. ) ;
#1742 = CARTESIAN_POINT ( 'NONE',  ( -8.494865187732044021, 67.50691563653042238, 4.141805918119790597 ) ) ;
#1743 = VECTOR ( 'NONE', #1720, 1000.000000000000000 ) ;
#1744 = CARTESIAN_POINT ( 'NONE',  ( -5.359076224875913397, 39.00185726013817344, -11.80505837639302058 ) ) ;
#1745 = ORIENTED_EDGE ( 'NONE', *, *, #2648, .F. ) ;
#1746 = CARTESIAN_POINT ( 'NONE',  ( 8.284044225318494270, 65.07860477966750068, 4.731345365990957674 ) ) ;
#1747 = LINE ( 'NONE', #2744, #3175 ) ;
#1748 = CARTESIAN_POINT ( 'NONE',  ( 12.90705441783079799, 67.50691563653039395, 6.366709410522856771 ) ) ;
#1749 = ORIENTED_EDGE ( 'NONE', *, *, #290, .T. ) ;
#1750 = ADVANCED_FACE ( 'NONE', ( #1285 ), #2285, .F. ) ;
#1751 = EDGE_LOOP ( 'NONE', ( #944, #2850, #2406, #2100 ) ) ;
#1752 = ADVANCED_FACE ( 'NONE', ( #1981 ), #2978, .F. ) ;
#1753 = CYLINDRICAL_SURFACE ( 'NONE', #1887, 2.000000000000000444 ) ;
#1754 = CARTESIAN_POINT ( 'NONE',  ( -8.226369619475738304, 65.50691563653040816, 13.89294048252996916 ) ) ;
#1755 =( NAMED_UNIT ( * ) PLANE_ANGLE_UNIT ( ) SI_UNIT ( $, .RADIAN. ) );
#1756 = ADVANCED_FACE ( 'NONE', ( #556 ), #1618, .T. ) ;
#1757 = CARTESIAN_POINT ( 'NONE',  ( -7.216971464529446934, 67.50691563653039395, 3.056314235640889443 ) ) ;
#1758 = DIRECTION ( 'NONE',  ( -0.1736481776669342170, -0.9848077530122073542, 0.000000000000000000 ) ) ;
#1759 = FACE_OUTER_BOUND ( 'NONE', #2612, .T. ) ;
#1760 = CARTESIAN_POINT ( 'NONE',  ( -12.99999999999999822, 67.50691563653040816, 6.982747404330663876 ) ) ;
#1761 = FACE_OUTER_BOUND ( 'NONE', #1316, .T. ) ;
#1762 = ORIENTED_EDGE ( 'NONE', *, *, #1369, .T. ) ;
#1763 = FACE_OUTER_BOUND ( 'NONE', #1139, .T. ) ;
#1764 = EDGE_CURVE ( 'NONE', #382, #1355, #2804, .T. ) ;
#1765 = DIRECTION ( 'NONE',  ( -0.000000000000000000, -0.000000000000000000, -1.000000000000000000 ) ) ;
#1766 = DIRECTION ( 'NONE',  ( 0.8759792377278959874, -0.000000000000000000, 0.4823488105817763105 ) ) ;
#1767 = ORIENTED_EDGE ( 'NONE', *, *, #2888, .F. ) ;
#1768 = EDGE_CURVE ( 'NONE', #513, #3110, #1083, .T. ) ;
#1769 = DIRECTION ( 'NONE',  ( -0.000000000000000000, -0.000000000000000000, -1.000000000000000000 ) ) ;
#1770 = AXIS2_PLACEMENT_3D ( 'NONE', #206, #1476, #2270 ) ;
#1771 = CARTESIAN_POINT ( 'NONE',  ( -6.412382609603891837, 67.50691563653040816, 1.000000000000000000 ) ) ;
#1772 = CARTESIAN_POINT ( 'NONE',  ( 19.69615506024415907, 3.472963553338690446, 4.700000000000005507 ) ) ;
#1773 = VECTOR ( 'NONE', #1576, 1000.000000000000000 ) ;
#1774 = EDGE_CURVE ( 'NONE', #1188, #1457, #1234, .T. ) ;
#1775 = CARTESIAN_POINT ( 'NONE',  ( 8.328344660325925020, 65.06293648270430197, 4.700000000000005507 ) ) ;
#1776 = DIRECTION ( 'NONE',  ( 0.000000000000000000, 0.000000000000000000, -1.000000000000000000 ) ) ;
#1777 = AXIS2_PLACEMENT_3D ( 'NONE', #2726, #2206, #411 ) ;
#1778 = VECTOR ( 'NONE', #909, 1000.000000000000114 ) ;
#1779 = VECTOR ( 'NONE', #1447, 1000.000000000000114 ) ;
#1780 = CC_DESIGN_APPROVAL ( #1495, ( #628 ) ) ;
#1781 = ORIENTED_EDGE ( 'NONE', *, *, #2155, .F. ) ;
#1782 = CARTESIAN_POINT ( 'NONE',  ( 13.00000000000000178, 65.50691563653040816, 6.831962940475420076 ) ) ;
#1783 = AXIS2_PLACEMENT_3D ( 'NONE', #2605, #2868, #2856 ) ;
#1784 = ORIENTED_EDGE ( 'NONE', *, *, #379, .T. ) ;
#1785 = LINE ( 'NONE', #2783, #530 ) ;
#1786 = DIRECTION ( 'NONE',  ( 0.000000000000000000, -0.000000000000000000, -1.000000000000000000 ) ) ;
#1787 = LINE ( 'NONE', #18, #348 ) ;
#1788 = EDGE_LOOP ( 'NONE', ( #2745, #1977, #3097, #2974 ) ) ;
#1789 = DIRECTION ( 'NONE',  ( 0.000000000000000000, -0.000000000000000000, -1.000000000000000000 ) ) ;
#1790 = B_SPLINE_CURVE_WITH_KNOTS ( 'NONE', 3,
 ( #2643, #1343, #395, #2435 ),
 .UNSPECIFIED., .F., .F.,
 ( 4, 4 ),
 ( 0.000000000000000000, 0.0001433077105203090266 ),
 .UNSPECIFIED. ) ;
#1791 = CARTESIAN_POINT ( 'NONE',  ( -9.241062043504461698, 67.50691563653040816, 4.527037586051326556 ) ) ;
#1792 = DIRECTION ( 'NONE',  ( -0.000000000000000000, -0.000000000000000000, 1.000000000000000000 ) ) ;
#1793 = CC_DESIGN_PERSON_AND_ORGANIZATION_ASSIGNMENT ( #2600, #1573, ( #359 ) ) ;
#1794 = PLANE ( 'NONE',  #3088 ) ;
#1795 = DIRECTION ( 'NONE',  ( -1.000000000000000000, 0.000000000000000000, -0.000000000000000000 ) ) ;
#1796 = AXIS2_PLACEMENT_3D ( 'NONE', #2947, #2669, #388 ) ;
#1797 = EDGE_LOOP ( 'NONE', ( #3065, #3107, #1718, #2152 ) ) ;
#1798 = CARTESIAN_POINT ( 'NONE',  ( 11.97626078122961957, 67.50691563653040816, 5.231191622558319487 ) ) ;
#1799 = EDGE_CURVE ( 'NONE', #539, #2549, #370, .T. ) ;
#1800 = EDGE_LOOP ( 'NONE', ( #995, #1709, #2629, #2639 ) ) ;
#1801 = CARTESIAN_POINT ( 'NONE',  ( 7.495116093419036396, 12.99999999999997158, 0.000000000000000000 ) ) ;
#1802 = CARTESIAN_POINT ( 'NONE',  ( 6.239034443579146050, 67.66210572807126766, 6.222145342702611437 ) ) ;
#1803 = CARTESIAN_POINT ( 'NONE',  ( 9.338066964079528631, -17.68616706283100370, 4.700000000000005507 ) ) ;
#1804 = CARTESIAN_POINT ( 'NONE',  ( 8.490312171314309708, 55.50691563653040816, 4.699999999999977973 ) ) ;
#1805 = LINE ( 'NONE', #840, #2038 ) ;
#1806 = EDGE_CURVE ( 'NONE', #966, #1448, #1854, .T. ) ;
#1807 = CARTESIAN_POINT ( 'NONE',  ( -5.352217495212608256, 68.34973773170456468, 5.364027898758704893 ) ) ;
#1808 = CARTESIAN_POINT ( 'NONE',  ( -12.28338490194506605, 67.50691563653042238, 5.442404724641728642 ) ) ;
#1809 = ADVANCED_FACE ( 'NONE', ( #1114 ), #438, .F. ) ;
#1810 = CARTESIAN_POINT ( 'NONE',  ( -9.769885813337431557, 65.50691563653040816, 13.89294048252997094 ) ) ;
#1811 = VERTEX_POINT ( 'NONE', #1380 ) ;
#1812 = ORIENTED_EDGE ( 'NONE', *, *, #2139, .T. ) ;
#1813 = ADVANCED_FACE ( 'NONE', ( #2084 ), #113, .T. ) ;
#1814 = ORIENTED_EDGE ( 'NONE', *, *, #1533, .F. ) ;
#1815 = DIRECTION ( 'NONE',  ( 0.000000000000000000, -0.000000000000000000, -1.000000000000000000 ) ) ;
#1816 = CARTESIAN_POINT ( 'NONE',  ( 4.327977662978975459, 68.95842014512014373, 5.074552998808336213 ) ) ;
#1817 = EDGE_LOOP ( 'NONE', ( #3108, #642, #1539, #803 ) ) ;
#1818 = ORIENTED_EDGE ( 'NONE', *, *, #170, .F. ) ;
#1819 = DIRECTION ( 'NONE',  ( 0.6963642403200150932, -0.1227878039689749984, 0.7071067811865509034 ) ) ;
#1820 = DIRECTION ( 'NONE',  ( 1.000000000000000000, 0.000000000000000000, 0.000000000000000000 ) ) ;
#1821 = DIRECTION ( 'NONE',  ( -0.1736481776669344113, 0.9848077530122072432, 0.000000000000000000 ) ) ;
#1822 = CARTESIAN_POINT ( 'NONE',  ( -19.69615506024415197, 3.472963553338685561, 0.1000000000000028644 ) ) ;
#1823 = DIRECTION ( 'NONE',  ( 1.000000000000000000, -0.000000000000000000, 0.000000000000000000 ) ) ;
#1824 = EDGE_CURVE ( 'NONE', #2375, #1507, #1645, .T. ) ;
#1825 = VECTOR ( 'NONE', #1624, 1000.000000000000227 ) ;
#1826 = CARTESIAN_POINT ( 'NONE',  ( 3.956199771728981407, 65.50691563653040816, 7.184735992524829307 ) ) ;
#1827 = ORIENTED_EDGE ( 'NONE', *, *, #129, .T. ) ;
#1828 = AXIS2_PLACEMENT_3D ( 'NONE', #2906, #2803, #287 ) ;
#1829 = ORIENTED_EDGE ( 'NONE', *, *, #1279, .T. ) ;
#1830 = CC_DESIGN_PERSON_AND_ORGANIZATION_ASSIGNMENT ( #1739, #2503, ( #2227 ) ) ;
#1831 = AXIS2_PLACEMENT_3D ( 'NONE', #2835, #1505, #29 ) ;
#1832 = CARTESIAN_POINT ( 'NONE',  ( 8.998127716406585819, 65.50691563653037974, 14.31790101136282445 ) ) ;
#1833 = CC_DESIGN_SECURITY_CLASSIFICATION ( #1570, ( #359 ) ) ;
#1834 = CARTESIAN_POINT ( 'NONE',  ( 5.928108985557649646, -16.46655369724533102, 4.699999999999991296 ) ) ;
#1835 = ORIENTED_EDGE ( 'NONE', *, *, #2340, .F. ) ;
#1836 = ORIENTED_EDGE ( 'NONE', *, *, #2530, .T. ) ;
#1837 = ORIENTED_EDGE ( 'NONE', *, *, #2155, .T. ) ;
#1838 = PLANE ( 'NONE',  #2338 ) ;
#1839 = EDGE_CURVE ( 'NONE', #1463, #152, #606, .T. ) ;
#1840 = CARTESIAN_POINT ( 'NONE',  ( -7.900810092254384465, 65.50691563653040816, 5.299999999999995381 ) ) ;
#1841 = FACE_OUTER_BOUND ( 'NONE', #847, .T. ) ;
#1842 = CARTESIAN_POINT ( 'NONE',  ( 3.642919299551294898E-14, 3.350631611302347324, -4.356843674859826265 ) ) ;
#1843 = CARTESIAN_POINT ( 'NONE',  ( -13.00000000000000000, 65.45691610813089767, 5.234070330948841665 ) ) ;
#1844 = DIRECTION ( 'NONE',  ( -1.147186355444782730E-16, 1.000000000000000000, 0.000000000000000000 ) ) ;
#1845 = ORIENTED_EDGE ( 'NONE', *, *, #1635, .T. ) ;
#1846 = EDGE_LOOP ( 'NONE', ( #2956, #1213 ) ) ;
#1847 = CARTESIAN_POINT ( 'NONE',  ( 8.934346048129912177, 12.89999999999995417, 0.000000000000000000 ) ) ;
#1848 = ORIENTED_EDGE ( 'NONE', *, *, #1663, .F. ) ;
#1849 = CALENDAR_DATE ( 2026, 15, 8 ) ;
#1850 = ORIENTED_EDGE ( 'NONE', *, *, #2713, .T. ) ;
#1851 = ADVANCED_FACE ( 'NONE', ( #1363 ), #1838, .F. ) ;
#1852 = CARTESIAN_POINT ( 'NONE',  ( -3.956199771728980519, -22.42864340950762170, 7.184735992524827530 ) ) ;
#1853 = EDGE_LOOP ( 'NONE', ( #985, #2477, #2313, #1562 ) ) ;
#1854 = LINE ( 'NONE', #307, #495 ) ;
#1855 = EDGE_CURVE ( 'NONE', #631, #762, #3069, .T. ) ;
#1856 = DIRECTION ( 'NONE',  ( -0.6444004775717655509, 0.5407162030609296011, -0.5407162030609514725 ) ) ;
#1857 = CARTESIAN_POINT ( 'NONE',  ( -20.00000000000001776, -2.775557561562891351E-14, 5.000000000000000000 ) ) ;
#1858 = DIRECTION ( 'NONE',  ( -0.000000000000000000, -0.000000000000000000, 1.000000000000000000 ) ) ;
#1859 = CARTESIAN_POINT ( 'NONE',  ( 15.98542826473334166, 12.99999999999997158, 0.000000000000000000 ) ) ;
#1860 = AXIS2_PLACEMENT_3D ( 'NONE', #1098, #2376, #324 ) ;
#1861 = ORIENTED_EDGE ( 'NONE', *, *, #911, .T. ) ;
#1862 = B_SPLINE_CURVE_WITH_KNOTS ( 'NONE', 3,
 ( #1389, #3131, #913, #346, #2387, #2848, #1357, #2116, #2863, #3109 ),
 .UNSPECIFIED., .F., .F.,
 ( 4, 3, 3, 4 ),
 ( 0.000000000000000000, 0.0002708716909324718290, 0.0004063217485266629766, 0.0005417741649082707077 ),
 .UNSPECIFIED. ) ;
#1863 = ORIENTED_EDGE ( 'NONE', *, *, #1369, .F. ) ;
#1864 = CARTESIAN_POINT ( 'NONE',  ( -17.82502032952097437, 3.143032015771512810, 0.000000000000000000 ) ) ;
#1865 = ORIENTED_EDGE ( 'NONE', *, *, #787, .T. ) ;
#1866 = EDGE_LOOP ( 'NONE', ( #2417, #2192, #805, #2372 ) ) ;
#1867 = ADVANCED_FACE ( 'NONE', ( #3085 ), #2066, .T. ) ;
#1868 = CARTESIAN_POINT ( 'NONE',  ( 9.787683946689844205, 1.725832758448575088, 5.000000000000000000 ) ) ;
#1869 = CARTESIAN_POINT ( 'NONE',  ( -8.591536611691296343, 65.50691563653040816, 4.700000000000005507 ) ) ;
#1870 = CARTESIAN_POINT ( 'NONE',  ( 8.328344660325925020, 65.06293648270430197, 4.700000000000005507 ) ) ;
#1871 = CARTESIAN_POINT ( 'NONE',  ( 1.976036328519221730, -12.51448104020690444, 0.7479273429615642677 ) ) ;
#1872 = LINE ( 'NONE', #2826, #1141 ) ;
#1873 = EDGE_CURVE ( 'NONE', #1971, #1585, #821, .T. ) ;
#1874 = DIRECTION ( 'NONE',  ( -0.000000000000000000, -0.000000000000000000, -1.000000000000000000 ) ) ;
#1875 = ADVANCED_FACE ( 'NONE', ( #352 ), #2331, .T. ) ;
#1876 = ORIENTED_EDGE ( 'NONE', *, *, #3060, .T. ) ;
#1877 = VECTOR ( 'NONE', #263, 1000.000000000000000 ) ;
#1878 = ORIENTED_EDGE ( 'NONE', *, *, #343, .T. ) ;
#1879 = FACE_OUTER_BOUND ( 'NONE', #2219, .T. ) ;
#1880 = AXIS2_PLACEMENT_3D ( 'NONE', #3154, #917, #2699 ) ;
#1881 = ORIENTED_EDGE ( 'NONE', *, *, #952, .F. ) ;
#1882 = AXIS2_PLACEMENT_3D ( 'NONE', #1013, #2029, #766 ) ;
#1883 = VECTOR ( 'NONE', #1508, 1000.000000000000000 ) ;
#1884 = VECTOR ( 'NONE', #2930, 1000.000000000000000 ) ;
#1885 = CARTESIAN_POINT ( 'NONE',  ( -11.45548367919647070, 65.50691563653040816, 4.874537809565711477 ) ) ;
#1886 = CARTESIAN_POINT ( 'NONE',  ( 1.216796740069738032E-16, -10.86151035807897181, 0.000000000000000000 ) ) ;
#1887 = AXIS2_PLACEMENT_3D ( 'NONE', #1639, #1397, #1654 ) ;
#1888 = CARTESIAN_POINT ( 'NONE',  ( 0.000000000000000000, -2.775557561562891351E-14, 5.000000000000000000 ) ) ;
#1889 = LINE ( 'NONE', #2367, #479 ) ;
#1890 = LINE ( 'NONE', #640, #833 ) ;
#1891 = AXIS2_PLACEMENT_3D ( 'NONE', #3015, #1502, #777 ) ;
#1892 = CARTESIAN_POINT ( 'NONE',  ( -6.999478671919719576E-16, 12.89999999999995239, 0.000000000000000000 ) ) ;
#1893 = CARTESIAN_POINT ( 'NONE',  ( -8.511846896156646025, 65.37248685826355654, 2.554980181524487914 ) ) ;
#1894 = ORIENTED_EDGE ( 'NONE', *, *, #3049, .T. ) ;
#1895 = EDGE_LOOP ( 'NONE', ( #1735, #330, #2448, #226 ) ) ;
#1896 = EDGE_CURVE ( 'NONE', #1024, #552, #2819, .T. ) ;
#1897 = CARTESIAN_POINT ( 'NONE',  ( 8.442014709123514038, 65.25468676921082078, 2.266037442448474604 ) ) ;
#1898 = AXIS2_PLACEMENT_3D ( 'NONE', #493, #281, #988 ) ;
#1899 = ORIENTED_EDGE ( 'NONE', *, *, #170, .T. ) ;
#1900 = EDGE_LOOP ( 'NONE', ( #40, #1948, #2183, #720 ) ) ;
#1901 = DIRECTION ( 'NONE',  ( -0.000000000000000000, -0.000000000000000000, 1.000000000000000000 ) ) ;
#1902 = PLANE ( 'NONE',  #836 ) ;
#1903 = DIRECTION ( 'NONE',  ( 0.000000000000000000, 0.000000000000000000, -1.000000000000000000 ) ) ;
#1904 = DIRECTION ( 'NONE',  ( -0.000000000000000000, -0.000000000000000000, -1.000000000000000000 ) ) ;
#1905 = CARTESIAN_POINT ( 'NONE',  ( -9.338066964079528631, -17.68616706283100370, 0.1000000000000028644 ) ) ;
#1906 =( BOUNDED_SURFACE ( )  B_SPLINE_SURFACE ( 3, 2, ( 
 ( #882, #2067, #1577 ),
 ( #1099, #1591, #636 ),
 ( #1319, #2574, #1364 ),
 ( #2840, #337, #1066 ) ),
 .UNSPECIFIED., .F., .F., .T. ) 
 B_SPLINE_SURFACE_WITH_KNOTS ( ( 4, 4 ),
 ( 3, 3 ),
 ( 0.01140037641703324327, 0.01362494274484787708 ),
 ( 0.000000000000000000, 1.000000000000000000 ),
 .UNSPECIFIED. ) 
 GEOMETRIC_REPRESENTATION_ITEM ( )  RATIONAL_B_SPLINE_SURFACE ( (
 ( 1.000000000000000000, 0.7837882135085648683, 1.000000000000000000),
 ( 1.000000000000000000, 0.7675452367335725556, 1.000000000000000000),
 ( 1.000000000000000000, 0.7488567707568626330, 1.000000000000000000),
 ( 1.000000000000000000, 0.7290071408168117273, 1.000000000000000000) ) ) 
 REPRESENTATION_ITEM ( '' )  SURFACE ( )  );
#1907 = ADVANCED_FACE ( 'NONE', ( #2364 ), #901, .T. ) ;
#1908 = LINE ( 'NONE', #1465, #2995 ) ;
#1909 = ADVANCED_FACE ( 'NONE', ( #1393 ), #2437, .T. ) ;
#1910 = LINE ( 'NONE', #3126, #1778 ) ;
#1911 = ORIENTED_EDGE ( 'NONE', *, *, #787, .F. ) ;
#1912 = CARTESIAN_POINT ( 'NONE',  ( 15.98542826473334166, 12.99999999999997158, 4.699999999999977973 ) ) ;
#1913 = ORIENTED_EDGE ( 'NONE', *, *, #129, .F. ) ;
#1914 = DIRECTION ( 'NONE',  ( 0.1736481776669342170, 0.9848077530122073542, 0.000000000000000000 ) ) ;
#1915 = CARTESIAN_POINT ( 'NONE',  ( 6.028108985557635968, 6.315769899223340644, 0.000000000000000000 ) ) ;
#1916 = VERTEX_POINT ( 'NONE', #447 ) ;
#1917 = CARTESIAN_POINT ( 'NONE',  ( 9.769885813337429781, 67.50691563653039395, 13.89294048252996738 ) ) ;
#1918 = CARTESIAN_POINT ( 'NONE',  ( -19.40071273434049814, 3.420869100038606891, 5.000000000000000000 ) ) ;
#1919 = DIRECTION ( 'NONE',  ( -0.000000000000000000, -0.000000000000000000, 1.000000000000000000 ) ) ;
#1920 = LINE ( 'NONE', #1677, #1636 ) ;
#1921 = DIRECTION ( 'NONE',  ( 0.000000000000000000, 0.000000000000000000, -1.000000000000000000 ) ) ;
#1922 = CONICAL_SURFACE ( 'NONE', #511, 20.00000000000001776, 0.7853981633974482790 ) ;
#1923 = VERTEX_POINT ( 'NONE', #399 ) ;
#1924 = DIRECTION ( 'NONE',  ( 1.000000000000000000, -0.000000000000000000, 0.000000000000000000 ) ) ;
#1925 = VERTEX_POINT ( 'NONE', #420 ) ;
#1926 = VECTOR ( 'NONE', #3153, 1000.000000000000000 ) ;
#1927 = VERTEX_POINT ( 'NONE', #2182 ) ;
#1928 = AXIS2_PLACEMENT_3D ( 'NONE', #1435, #197, #1205 ) ;
#1929 = LINE ( 'NONE', #433, #402 ) ;
#1930 = ORIENTED_EDGE ( 'NONE', *, *, #1764, .T. ) ;
#1931 = FACE_OUTER_BOUND ( 'NONE', #2432, .T. ) ;
#1932 = APPROVAL_PERSON_ORGANIZATION ( #1015, #1495, #980 ) ;
#1933 = EDGE_CURVE ( 'NONE', #2540, #2679, #3113, .T. ) ;
#1934 = DIRECTION ( 'NONE',  ( 1.000000000000000000, 0.000000000000000000, 0.000000000000000000 ) ) ;
#1935 = VECTOR ( 'NONE', #2366, 1000.000000000000000 ) ;
#1936 = CARTESIAN_POINT ( 'NONE',  ( -10.67401092440082522, 1.882116118348811984, 5.000000000000000000 ) ) ;
#1937 = DIRECTION ( 'NONE',  ( 0.000000000000000000, -1.000000000000000000, 0.000000000000000000 ) ) ;
#1938 = DIRECTION ( 'NONE',  ( 0.1736481776669342170, 0.9848077530122073542, 0.000000000000000000 ) ) ;
#1939 = DIRECTION ( 'NONE',  ( 1.000000000000000000, 0.000000000000000000, 0.000000000000000000 ) ) ;
#1940 = ORIENTED_EDGE ( 'NONE', *, *, #262, .T. ) ;
#1941 = FACE_OUTER_BOUND ( 'NONE', #2488, .T. ) ;
#1942 = ORIENTED_EDGE ( 'NONE', *, *, #1089, .F. ) ;
#1943 = EDGE_LOOP ( 'NONE', ( #1063, #1136, #1814, #2030, #1309 ) ) ;
#1944 = AXIS2_PLACEMENT_3D ( 'NONE', #1400, #843, #2637 ) ;
#1945 = LINE ( 'NONE', #3166, #1926 ) ;
#1946 = EDGE_CURVE ( 'NONE', #1613, #966, #1929, .T. ) ;
#1947 = VECTOR ( 'NONE', #1383, 1000.000000000000114 ) ;
#1948 = ORIENTED_EDGE ( 'NONE', *, *, #1471, .T. ) ;
#1949 = CARTESIAN_POINT ( 'NONE',  ( -12.99999999999999822, 65.50691563653040816, 20.00000000000000000 ) ) ;
#1950 = CARTESIAN_POINT ( 'NONE',  ( 11.14176933295301453, 67.50691563653040816, 4.985959449976880009 ) ) ;
#1951 = ORIENTED_EDGE ( 'NONE', *, *, #262, .F. ) ;
#1952 = EDGE_CURVE ( 'NONE', #2497, #1479, #1945, .T. ) ;
#1953 = ORIENTED_EDGE ( 'NONE', *, *, #973, .T. ) ;
#1954 = CARTESIAN_POINT ( 'NONE',  ( 0.000000000000000000, -2.775557561562891351E-14, 5.000000000000000000 ) ) ;
#1955 = CARTESIAN_POINT ( 'NONE',  ( -1.424659142527377353, 55.48955081876373185, 0.000000000000000000 ) ) ;
#1956 = ORIENTED_EDGE ( 'NONE', *, *, #1989, .T. ) ;
#1957 = LINE ( 'NONE', #664, #156 ) ;
#1958 = EDGE_LOOP ( 'NONE', ( #683, #1154, #1265, #1478 ) ) ;
#1959 = ORIENTED_EDGE ( 'NONE', *, *, #685, .F. ) ;
#1960 = PLANE ( 'NONE',  #248 ) ;
#1961 = ORIENTED_EDGE ( 'NONE', *, *, #343, .F. ) ;
#1962 = FACE_OUTER_BOUND ( 'NONE', #981, .T. ) ;
#1963 = ORIENTED_EDGE ( 'NONE', *, *, #465, .F. ) ;
#1964 = EDGE_CURVE ( 'NONE', #2101, #1157, #2134, .T. ) ;
#1965 = CARTESIAN_POINT ( 'NONE',  ( -15.98542826473333278, 12.99999999999996980, 0.1000000000000189071 ) ) ;
#1966 = PLANE ( 'NONE',  #3120 ) ;
#1967 = ORIENTED_EDGE ( 'NONE', *, *, #145, .T. ) ;
#1968 = LINE ( 'NONE', #1706, #798 ) ;
#1969 = EDGE_CURVE ( 'NONE', #61, #2812, #1698, .T. ) ;
#1970 = LINE ( 'NONE', #2189, #2451 ) ;
#1971 = VERTEX_POINT ( 'NONE', #2928 ) ;
#1972 = CARTESIAN_POINT ( 'NONE',  ( 10.87097247500326169, 1.916845753882200798, 0.000000000000000000 ) ) ;
#1973 = EDGE_CURVE ( 'NONE', #2101, #2534, #1425, .T. ) ;
#1974 = ORIENTED_EDGE ( 'NONE', *, *, #2199, .F. ) ;
#1975 = ORIENTED_EDGE ( 'NONE', *, *, #1704, .F. ) ;
#1976 = DIRECTION ( 'NONE',  ( 1.000000000000000000, 0.000000000000000000, 0.000000000000000000 ) ) ;
#1977 = ORIENTED_EDGE ( 'NONE', *, *, #1333, .T. ) ;
#1978 = CARTESIAN_POINT ( 'NONE',  ( 8.143215310576598753, 65.50691563653040816, 14.78864959117310640 ) ) ;
#1979 = ORIENTED_EDGE ( 'NONE', *, *, #2391, .F. ) ;
#1980 = CIRCLE ( 'NONE', #2770, 11.56613305142865578 ) ;
#1981 = FACE_OUTER_BOUND ( 'NONE', #2132, .T. ) ;
#1982 = DIRECTION ( 'NONE',  ( 0.000000000000000000, 0.000000000000000000, -1.000000000000000000 ) ) ;
#1983 = ORIENTED_EDGE ( 'NONE', *, *, #2010, .T. ) ;
#1984 = CIRCLE ( 'NONE', #2661, 11.46613305142865080 ) ;
#1985 = VECTOR ( 'NONE', #3149, 1000.000000000000000 ) ;
#1986 = EDGE_CURVE ( 'NONE', #1574, #1507, #1732, .T. ) ;
#1987 = CARTESIAN_POINT ( 'NONE',  ( 8.195184677723670319, 65.10911588700699326, 4.794079147624472625 ) ) ;
#1988 = PLANE ( 'NONE',  #1358 ) ;
#1989 = EDGE_CURVE ( 'NONE', #1553, #2246, #2882, .T. ) ;
#1990 = EDGE_LOOP ( 'NONE', ( #863, #2271, #712, #3185 ) ) ;
#1991 = DIRECTION ( 'NONE',  ( -0.000000000000000000, -0.000000000000000000, -1.000000000000000000 ) ) ;
#1992 = ORIENTED_EDGE ( 'NONE', *, *, #1740, .T. ) ;
#1993 = ORIENTED_EDGE ( 'NONE', *, *, #1429, .T. ) ;
#1994 = ADVANCED_FACE ( 'NONE', ( #1142 ), #2408, .F. ) ;
#1995 = LINE ( 'NONE', #2425, #2041 ) ;
#1996 = AXIS2_PLACEMENT_3D ( 'NONE', #1262, #1549, #316 ) ;
#1997 = FACE_OUTER_BOUND ( 'NONE', #1572, .T. ) ;
#1998 = ORIENTED_EDGE ( 'NONE', *, *, #604, .F. ) ;
#1999 = VECTOR ( 'NONE', #3048, 1000.000000000000000 ) ;
#2000 = ORIENTED_EDGE ( 'NONE', *, *, #3021, .T. ) ;
#2001 = LINE ( 'NONE', #2994, #2303 ) ;
#2002 = CARTESIAN_POINT ( 'NONE',  ( -6.412382609603892725, 67.50691563653040816, 1.284426771290815283 ) ) ;
#2003 = VECTOR ( 'NONE', #510, 999.9999999999998863 ) ;
#2004 = DIRECTION ( 'NONE',  ( -0.6963642403200172026, -0.1227878039689754702, -0.7071067811865489050 ) ) ;
#2005 = CYLINDRICAL_SURFACE ( 'NONE', #1058, 1.600000000000002531 ) ;
#2006 = FACE_OUTER_BOUND ( 'NONE', #318, .T. ) ;
#2007 = VECTOR ( 'NONE', #2905, 1000.000000000000000 ) ;
#2008 = EDGE_CURVE ( 'NONE', #1448, #446, #2462, .T. ) ;
#2009 = ORIENTED_EDGE ( 'NONE', *, *, #2575, .T. ) ;
#2010 = EDGE_CURVE ( 'NONE', #2665, #1574, #1651, .T. ) ;
#2011 = CARTESIAN_POINT ( 'NONE',  ( 2.000000000000001776, 60.50691563653041527, 0.1000000000000072081 ) ) ;
#2012 = VERTEX_POINT ( 'NONE', #1159 ) ;
#2013 = CARTESIAN_POINT ( 'NONE',  ( -7.495116093419020409, 12.99999999999997335, 0.09999999999998966660 ) ) ;
#2014 = DIRECTION ( 'NONE',  ( 1.000000000000000000, 0.000000000000000000, 0.000000000000000000 ) ) ;
#2015 = CARTESIAN_POINT ( 'NONE',  ( 13.00000000000000178, 66.83863678813096953, 6.955480486318783129 ) ) ;
#2016 = EDGE_CURVE ( 'NONE', #2955, #1613, #1127, .T. ) ;
#2017 = ORIENTED_EDGE ( 'NONE', *, *, #714, .F. ) ;
#2018 = APPROVAL_STATUS ( 'not_yet_approved' ) ;
#2019 = CARTESIAN_POINT ( 'NONE',  ( 1.064071868760901083E-15, -19.45000000000000639, 0.000000000000000000 ) ) ;
#2020 = CARTESIAN_POINT ( 'NONE',  ( -10.96945325030448259, 1.934210571648891319, 0.000000000000000000 ) ) ;
#2021 = B_SPLINE_CURVE_WITH_KNOTS ( 'NONE', 3,
 ( #2940, #2968, #732, #1733 ),
 .UNSPECIFIED., .F., .F.,
 ( 4, 4 ),
 ( 0.000000000000000000, 0.002005690841278561648 ),
 .UNSPECIFIED. ) ;
#2022 = DIRECTION ( 'NONE',  ( -0.1736481776669342170, -0.9848077530122073542, 0.000000000000000000 ) ) ;
#2023 = DIRECTION ( 'NONE',  ( 0.1736481776669343557, -0.9848077530122072432, 0.000000000000000000 ) ) ;
#2024 = VERTEX_POINT ( 'NONE', #2169 ) ;
#2025 = CARTESIAN_POINT ( 'NONE',  ( 12.94193725271372486, 67.50691563653037974, 6.488035529006099367 ) ) ;
#2026 = ORIENTED_EDGE ( 'NONE', *, *, #1533, .T. ) ;
#2027 = ORIENTED_EDGE ( 'NONE', *, *, #240, .T. ) ;
#2028 = CARTESIAN_POINT ( 'NONE',  ( 0.000000000000000000, -2.775557561562891351E-14, 0.000000000000000000 ) ) ;
#2029 = DIRECTION ( 'NONE',  ( 3.836727778050435494E-17, -0.7071067811865475727, 0.7071067811865475727 ) ) ;
#2030 = ORIENTED_EDGE ( 'NONE', *, *, #2729, .F. ) ;
#2031 = LINE ( 'NONE', #1000, #519 ) ;
#2032 = CARTESIAN_POINT ( 'NONE',  ( -6.456908597352363444, 67.50691563653040816, 1.560082228587479802 ) ) ;
#2033 = CARTESIAN_POINT ( 'NONE',  ( 9.018256011247654413, 12.69999999999996021, 5.000000000000000000 ) ) ;
#2034 = EDGE_CURVE ( 'NONE', #580, #366, #155, .T. ) ;
#2035 = FACE_OUTER_BOUND ( 'NONE', #615, .T. ) ;
#2036 = LINE ( 'NONE', #3031, #407 ) ;
#2037 = AXIS2_PLACEMENT_3D ( 'NONE', #267, #2796, #249 ) ;
#2038 = VECTOR ( 'NONE', #1856, 1000.000000000000114 ) ;
#2039 = ORIENTED_EDGE ( 'NONE', *, *, #2139, .F. ) ;
#2040 = CARTESIAN_POINT ( 'NONE',  ( 1.284247211982853775E-15, 60.50691563653041527, 0.1000000000000072081 ) ) ;
#2041 = VECTOR ( 'NONE', #404, 1000.000000000000000 ) ;
#2042 = EDGE_LOOP ( 'NONE', ( #3223, #3151, #2977 ) ) ;
#2043 = CARTESIAN_POINT ( 'NONE',  ( -11.45548367919647070, 65.50691563653040816, 4.874537809565711477 ) ) ;
#2044 = CARTESIAN_POINT ( 'NONE',  ( 6.096014625577600654, 67.78446218792112177, 5.979940003895864997 ) ) ;
#2045 = EDGE_LOOP ( 'NONE', ( #1518, #1975, #1403, #2039 ) ) ;
#2046 = DIRECTION ( 'NONE',  ( 0.000000000000000000, 0.000000000000000000, 1.000000000000000000 ) ) ;
#2047 = EDGE_CURVE ( 'NONE', #762, #78, #635, .T. ) ;
#2048 = VECTOR ( 'NONE', #763, 1000.000000000000000 ) ;
#2049 = EDGE_CURVE ( 'NONE', #2926, #2567, #1176, .T. ) ;
#2050 = CARTESIAN_POINT ( 'NONE',  ( 19.69615506024415907, 3.472963553338690446, 5.000000000000000000 ) ) ;
#2051 = LINE ( 'NONE', #3043, #2876 ) ;
#2052 = VECTOR ( 'NONE', #1273, 1000.000000000000000 ) ;
#2053 = PLANE ( 'NONE',  #2404 ) ;
#2054 = FACE_BOUND ( 'NONE', #1846, .T. ) ;
#2055 = CARTESIAN_POINT ( 'NONE',  ( 0.000000000000000000, -2.775557561562891351E-14, 5.000000000000000000 ) ) ;
#2056 = EDGE_CURVE ( 'NONE', #208, #1925, #223, .T. ) ;
#2057 = AXIS2_PLACEMENT_3D ( 'NONE', #1949, #710, #180 ) ;
#2058 = CARTESIAN_POINT ( 'NONE',  ( -5.928108985557627442, -16.46655369724533102, 4.699999999999991296 ) ) ;
#2059 = ORIENTED_EDGE ( 'NONE', *, *, #105, .T. ) ;
#2060 = CARTESIAN_POINT ( 'NONE',  ( 6.412382609603892725, 67.50691563653039395, 1.142257683234794374 ) ) ;
#2061 = ORIENTED_EDGE ( 'NONE', *, *, #885, .T. ) ;
#2062 = CARTESIAN_POINT ( 'NONE',  ( 1.284247211982853775E-15, 60.50691563653041527, 5.000000000000000000 ) ) ;
#2063 = PLANE ( 'NONE',  #780 ) ;
#2064 = VERTEX_POINT ( 'NONE', #2214 ) ;
#2065 = ORIENTED_EDGE ( 'NONE', *, *, #945, .F. ) ;
#2066 = PLANE ( 'NONE',  #195 ) ;
#2067 = CARTESIAN_POINT ( 'NONE',  ( 13.00000000000000178, 65.45691610813084083, 5.234070330948843441 ) ) ;
#2068 = EDGE_CURVE ( 'NONE', #2852, #416, #2485, .T. ) ;
#2069 = LINE ( 'NONE', #85, #99 ) ;
#2070 = DIRECTION ( 'NONE',  ( 0.000000000000000000, -0.7071067811865465735, -0.7071067811865485719 ) ) ;
#2071 = CARTESIAN_POINT ( 'NONE',  ( -12.08258809603626460, 67.50691563653040816, 5.294962236677932310 ) ) ;
#2072 = LINE ( 'NONE', #643, #1528 ) ;
#2073 = AXIS2_PLACEMENT_3D ( 'NONE', #698, #728, #2983 ) ;
#2074 = VERTEX_POINT ( 'NONE', #3211 ) ;
#2075 = CARTESIAN_POINT ( 'NONE',  ( 6.626658001610253201, 67.50691563653039395, 2.105067514403991868 ) ) ;
#2076 = ORIENTED_EDGE ( 'NONE', *, *, #1774, .F. ) ;
#2077 = EDGE_CURVE ( 'NONE', #2549, #2852, #237, .T. ) ;
#2078 = FACE_OUTER_BOUND ( 'NONE', #2196, .T. ) ;
#2079 = CARTESIAN_POINT ( 'NONE',  ( 8.591536611682244029, 65.50691563653040816, 2.838338331162082895 ) ) ;
#2080 = ORIENTED_EDGE ( 'NONE', *, *, #2952, .F. ) ;
#2081 = AXIS2_PLACEMENT_3D ( 'NONE', #2781, #296, #532 ) ;
#2082 = SHAPE_DEFINITION_REPRESENTATION ( #1436, #1208 ) ;
#2083 = ORIENTED_EDGE ( 'NONE', *, *, #3032, .T. ) ;
#2084 = FACE_OUTER_BOUND ( 'NONE', #1097, .T. ) ;
#2085 = DIRECTION ( 'NONE',  ( 1.000000000000000000, 5.425952458852515230E-17, 0.000000000000000000 ) ) ;
#2086 = VECTOR ( 'NONE', #1264, 999.9999999999998863 ) ;
#2087 = CARTESIAN_POINT ( 'NONE',  ( 19.59767428494292574, 3.455598735572046554, 0.000000000000000000 ) ) ;
#2088 = CARTESIAN_POINT ( 'NONE',  ( 0.000000000000000000, -2.775557561562891351E-14, 0.1000000000000028644 ) ) ;
#2089 = LINE ( 'NONE', #101, #1307 ) ;
#2090 = VECTOR ( 'NONE', #916, 1000.000000000000114 ) ;
#2091 = AXIS2_PLACEMENT_3D ( 'NONE', #1772, #2004, #507 ) ;
#2092 = DIRECTION ( 'NONE',  ( -0.7071067811865470176, -8.111832512196863736E-17, -0.7071067811865481278 ) ) ;
#2093 = EDGE_CURVE ( 'NONE', #2991, #3033, #1133, .T. ) ;
#2094 = EDGE_LOOP ( 'NONE', ( #571, #3176, #751, #2469 ) ) ;
#2095 = VECTOR ( 'NONE', #3071, 1000.000000000000000 ) ;
#2096 = CIRCLE ( 'NONE', #1464, 1.350000000000036948 ) ;
#2097 = ORIENTED_EDGE ( 'NONE', *, *, #2572, .F. ) ;
#2098 = VECTOR ( 'NONE', #830, 1000.000000000000114 ) ;
#2099 = CARTESIAN_POINT ( 'NONE',  ( 1.523139917828620682, 55.50691563653040816, 0.000000000000000000 ) ) ;
#2100 = ORIENTED_EDGE ( 'NONE', *, *, #184, .F. ) ;
#2101 = VERTEX_POINT ( 'NONE', #2973 ) ;
#2102 = EDGE_CURVE ( 'NONE', #1507, #2601, #2249, .T. ) ;
#2103 = CARTESIAN_POINT ( 'NONE',  ( 1.216796740069738032E-16, -10.86151035807897181, 5.000000000000000000 ) ) ;
#2104 = EDGE_LOOP ( 'NONE', ( #2652, #958, #1177, #2311 ) ) ;
#2105 = DIRECTION ( 'NONE',  ( 0.000000000000000000, 0.000000000000000000, 1.000000000000000000 ) ) ;
#2106 = LINE ( 'NONE', #607, #102 ) ;
#2107 = FACE_OUTER_BOUND ( 'NONE', #1676, .T. ) ;
#2108 = DIRECTION ( 'NONE',  ( 0.6963642403200287490, -0.1227878039689773992, 0.7071067811865370256 ) ) ;
#2109 = LINE ( 'NONE', #890, #779 ) ;
#2110 = VECTOR ( 'NONE', #2691, 1000.000000000000114 ) ;
#2111 = DIRECTION ( 'NONE',  ( -0.1736481776669343557, 0.9848077530122072432, 0.000000000000000000 ) ) ;
#2112 = ORIENTED_EDGE ( 'NONE', *, *, #2672, .T. ) ;
#2113 = AXIS2_PLACEMENT_3D ( 'NONE', #1727, #3159, #3205 ) ;
#2114 = ADVANCED_FACE ( 'NONE', ( #998 ), #3017, .T. ) ;
#2115 = ORIENTED_EDGE ( 'NONE', *, *, #551, .F. ) ;
#2116 = CARTESIAN_POINT ( 'NONE',  ( -7.972455562815539132, 65.18345131845431695, 4.950290411507979549 ) ) ;
#2117 = ORIENTED_EDGE ( 'NONE', *, *, #3186, .F. ) ;
#2118 = ORIENTED_EDGE ( 'NONE', *, *, #1416, .F. ) ;
#2119 = VECTOR ( 'NONE', #1596, 1000.000000000000000 ) ;
#2120 = ADVANCED_FACE ( 'NONE', ( #1997 ), #1960, .F. ) ;
#2121 = DIRECTION ( 'NONE',  ( 1.000000000000000000, 0.000000000000000000, 0.000000000000000000 ) ) ;
#2122 = CARTESIAN_POINT ( 'NONE',  ( 8.998127716406585819, 67.50691563653040816, 12.49137370216533327 ) ) ;
#2123 = ADVANCED_FACE ( 'NONE', ( #486 ), #1922, .T. ) ;
#2124 = FACE_OUTER_BOUND ( 'NONE', #12, .T. ) ;
#2125 = DIRECTION ( 'NONE',  ( -0.000000000000000000, 1.000000000000000000, -0.000000000000000000 ) ) ;
#2126 = PLANE ( 'NONE',  #1407 ) ;
#2127 = PLANE ( 'NONE',  #2623 ) ;
#2128 = ORIENTED_EDGE ( 'NONE', *, *, #10, .F. ) ;
#2129 = ORIENTED_EDGE ( 'NONE', *, *, #2284, .T. ) ;
#2130 = LINE ( 'NONE', #2954, #413 ) ;
#2131 = ORIENTED_EDGE ( 'NONE', *, *, #986, .T. ) ;
#2132 = EDGE_LOOP ( 'NONE', ( #3082, #3128, #94, #430 ) ) ;
#2133 = CIRCLE ( 'NONE', #2081, 19.70000000000002771 ) ;
#2134 = LINE ( 'NONE', #2899, #2248 ) ;
#2135 = DIRECTION ( 'NONE',  ( -1.000000000000000000, 0.000000000000000000, 0.000000000000000000 ) ) ;
#2136 = FACE_OUTER_BOUND ( 'NONE', #550, .T. ) ;
#2137 = CARTESIAN_POINT ( 'NONE',  ( 7.900810092254388017, 65.50691563653040816, 5.299999999999995381 ) ) ;
#2138 = FACE_OUTER_BOUND ( 'NONE', #1173, .T. ) ;
#2139 = EDGE_CURVE ( 'NONE', #111, #2289, #1787, .T. ) ;
#2140 = ORIENTED_EDGE ( 'NONE', *, *, #2925, .T. ) ;
#2141 = LINE ( 'NONE', #629, #278 ) ;
#2142 = CARTESIAN_POINT ( 'NONE',  ( -8.328344660325921467, 65.06293648270430197, 1.000000000000000000 ) ) ;
#2143 = ORIENTED_EDGE ( 'NONE', *, *, #1986, .T. ) ;
#2144 = VECTOR ( 'NONE', #1526, 1000.000000000000000 ) ;
#2145 = ORIENTED_EDGE ( 'NONE', *, *, #1429, .F. ) ;
#2146 = LINE ( 'NONE', #616, #888 ) ;
#2147 = AXIS2_PLACEMENT_3D ( 'NONE', #2489, #2739, #242 ) ;
#2148 = AXIS2_PLACEMENT_3D ( 'NONE', #1410, #706, #2409 ) ;
#2149 = ORIENTED_EDGE ( 'NONE', *, *, #1377, .F. ) ;
#2150 = VECTOR ( 'NONE', #1586, 1000.000000000000000 ) ;
#2151 = DIRECTION ( 'NONE',  ( -0.000000000000000000, -0.7071067811865475727, -0.7071067811865475727 ) ) ;
#2152 = ORIENTED_EDGE ( 'NONE', *, *, #2666, .F. ) ;
#2153 = CARTESIAN_POINT ( 'NONE',  ( -9.348863081143788278, 62.15537243668537570, 4.700000000000006395 ) ) ;
#2154 = EDGE_CURVE ( 'NONE', #977, #1483, #1212, .T. ) ;
#2155 = EDGE_CURVE ( 'NONE', #238, #915, #753, .T. ) ;
#2156 = CARTESIAN_POINT ( 'NONE',  ( -11.14176933295300920, 67.50691563653040816, 4.985959449976879121 ) ) ;
#2157 = LINE ( 'NONE', #670, #2470 ) ;
#2158 = LINE ( 'NONE', #1415, #2871 ) ;
#2159 = VECTOR ( 'NONE', #233, 1000.000000000000000 ) ;
#2160 = DIRECTION ( 'NONE',  ( 0.6963642403200200892, -0.1227878039689755535, -0.7071067811865459074 ) ) ;
#2161 = EDGE_CURVE ( 'NONE', #927, #1923, #2504, .T. ) ;
#2162 = CARTESIAN_POINT ( 'NONE',  ( 6.412382609603893613, 67.50691563653043659, 6.896154877539054873 ) ) ;
#2163 = ORIENTED_EDGE ( 'NONE', *, *, #1068, .T. ) ;
#2164 = ORIENTED_EDGE ( 'NONE', *, *, #1666, .T. ) ;
#2165 = DIRECTION ( 'NONE',  ( 0.000000000000000000, 0.7071067811865638930, -0.7071067811865312525 ) ) ;
#2166 = CIRCLE ( 'NONE', #1064, 1.349999999991788657 ) ;
#2167 = VERTEX_POINT ( 'NONE', #1754 ) ;
#2168 = ORIENTED_EDGE ( 'NONE', *, *, #561, .F. ) ;
#2169 = CARTESIAN_POINT ( 'NONE',  ( 7.900810092254388017, 65.50691563653040816, 5.299999999999995381 ) ) ;
#2170 = DIRECTION ( 'NONE',  ( -1.000000000000000000, 0.000000000000000000, 0.000000000000000000 ) ) ;
#2171 = FACE_OUTER_BOUND ( 'NONE', #2180, .T. ) ;
#2172 = DIRECTION ( 'NONE',  ( -0.000000000000000000, -1.000000000000000000, -0.000000000000000000 ) ) ;
#2173 = FACE_OUTER_BOUND ( 'NONE', #1657, .T. ) ;
#2174 = CARTESIAN_POINT ( 'NONE',  ( -24.11249458400065038, 36.55219646761315033, 19.05471916891726991 ) ) ;
#2175 = PLANE ( 'NONE',  #2341 ) ;
#2176 = PRODUCT_RELATED_PRODUCT_CATEGORY ( 'detail', '', ( #2227 ) ) ;
#2177 = CARTESIAN_POINT ( 'NONE',  ( 1.064071868760901083E-15, -19.45000000000000639, 5.000000000000000888 ) ) ;
#2178 = ORIENTED_EDGE ( 'NONE', *, *, #2811, .T. ) ;
#2179 = CARTESIAN_POINT ( 'NONE',  ( 13.00000000000000178, 67.50691563653040816, 6.982747404330662100 ) ) ;
#2180 = EDGE_LOOP ( 'NONE', ( #2692, #1713, #1961, #2907 ) ) ;
#2181 = EDGE_CURVE ( 'NONE', #2662, #378, #1737, .T. ) ;
#2182 = CARTESIAN_POINT ( 'NONE',  ( -9.136472062616263656, -17.45321971010032769, 5.000000000000000000 ) ) ;
#2183 = ORIENTED_EDGE ( 'NONE', *, *, #2729, .T. ) ;
#2184 = CYLINDRICAL_SURFACE ( 'NONE', #884, 2.000000000000001776 ) ;
#2185 = CARTESIAN_POINT ( 'NONE',  ( 10.87465342905261245, 65.50691563653042238, 4.708307680490106506 ) ) ;
#2186 = CARTESIAN_POINT ( 'NONE',  ( -9.270927449379897212, -17.60851794525410696, 0.000000000000000000 ) ) ;
#2187 = CARTESIAN_POINT ( 'NONE',  ( 11.25530361139723468, 66.84088933341386962, 4.964270035774394962 ) ) ;
#2188 = CARTESIAN_POINT ( 'NONE',  ( -19.69615506024415197, 3.472963553338685561, 0.1000000000000028505 ) ) ;
#2189 = CARTESIAN_POINT ( 'NONE',  ( 0.000000000000000000, 65.20691563653041101, 5.000000000000000000 ) ) ;
#2190 = ADVANCED_FACE ( 'NONE', ( #978 ), #2787, .F. ) ;
#2191 = DIRECTION ( 'NONE',  ( -1.000000000000000000, 0.000000000000000000, 0.000000000000000000 ) ) ;
#2192 = ORIENTED_EDGE ( 'NONE', *, *, #2224, .T. ) ;
#2193 = EDGE_CURVE ( 'NONE', #976, #483, #2501, .T. ) ;
#2194 = LINE ( 'NONE', #1421, #2159 ) ;
#2195 = ORIENTED_EDGE ( 'NONE', *, *, #1964, .F. ) ;
#2196 = EDGE_LOOP ( 'NONE', ( #1762, #234, #2731, #2551 ) ) ;
#2197 = VECTOR ( 'NONE', #2023, 1000.000000000000227 ) ;
#2198 = DIRECTION ( 'NONE',  ( -1.000000000000000000, 0.000000000000000000, 0.000000000000000000 ) ) ;
#2199 = EDGE_CURVE ( 'NONE', #502, #111, #520, .T. ) ;
#2200 = CARTESIAN_POINT ( 'NONE',  ( 13.00000000000000178, 67.50691563653040816, 20.00000000000000000 ) ) ;
#2201 = LOCAL_TIME ( 21, 13, 45.00000000000000000, #260 ) ;
#2202 = ORIENTED_EDGE ( 'NONE', *, *, #3165, .F. ) ;
#2203 = DIRECTION ( 'NONE',  ( 0.6444004775717866451, 0.5407162030609279357, 0.5407162030609279357 ) ) ;
#2204 = LINE ( 'NONE', #1702, #1719 ) ;
#2205 = LINE ( 'NONE', #2225, #953 ) ;
#2206 = DIRECTION ( 'NONE',  ( 0.000000000000000000, -0.000000000000000000, -1.000000000000000000 ) ) ;
#2207 = DIRECTION ( 'NONE',  ( -0.000000000000000000, -0.000000000000000000, 1.000000000000000000 ) ) ;
#2208 = VERTEX_POINT ( 'NONE', #30 ) ;
#2209 = LINE ( 'NONE', #2447, #317 ) ;
#2210 = ORIENTED_EDGE ( 'NONE', *, *, #2264, .F. ) ;
#2211 = EDGE_LOOP ( 'NONE', ( #910, #1342, #1731, #2076 ) ) ;
#2212 = EDGE_CURVE ( 'NONE', #2847, #1738, #962, .T. ) ;
#2213 = VECTOR ( 'NONE', #2160, 1000.000000000000114 ) ;
#2214 = CARTESIAN_POINT ( 'NONE',  ( -7.614291452678433991, 12.89999999999998082, 0.000000000000000000 ) ) ;
#2215 = VERTEX_POINT ( 'NONE', #737 ) ;
#2216 = CARTESIAN_POINT ( 'NONE',  ( -5.928108985557630106, 6.215769899223351658, 4.699999999999991296 ) ) ;
#2217 = VECTOR ( 'NONE', #1199, 1000.000000000000000 ) ;
#2218 = ADVANCED_FACE ( 'NONE', ( #2735 ), #661, .T. ) ;
#2219 = EDGE_LOOP ( 'NONE', ( #1422, #1684, #1634, #816 ) ) ;
#2220 = CARTESIAN_POINT ( 'NONE',  ( 1.064071868760901083E-15, -19.45000000000000639, 20.00100000000000477 ) ) ;
#2221 = DIRECTION ( 'NONE',  ( 1.147186355444782730E-16, -1.000000000000000000, 0.000000000000000000 ) ) ;
#2222 = ORIENTED_EDGE ( 'NONE', *, *, #2666, .T. ) ;
#2223 = B_SPLINE_CURVE_WITH_KNOTS ( 'NONE', 3,
 ( #3170, #1130, #2634, #1245, #485, #2749, #2247, #2185, #1145, #1162 ),
 .UNSPECIFIED., .F., .F.,
 ( 4, 2, 2, 2, 4 ),
 ( 0.001924165438963618309, 0.002820756133251188080, 0.003717346827538757850, 0.004613937521826327187, 0.005510528216113897391 ),
 .UNSPECIFIED. ) ;
#2224 = EDGE_CURVE ( 'NONE', #1355, #1925, #1910, .T. ) ;
#2225 = CARTESIAN_POINT ( 'NONE',  ( 0.09848077530120905032, 55.52428045429710579, 0.000000000000000000 ) ) ;
#2226 = CARTESIAN_POINT ( 'NONE',  ( 11.45548367919647426, 65.50691563653040816, 4.874537809565728352 ) ) ;
#2227 = PRODUCT ( 'eslabon_pantorrilla_flexible_v2', 'eslabon_pantorrilla_flexible_v2', '', ( #2975 ) ) ;
#2228 = ORIENTED_EDGE ( 'NONE', *, *, #2798, .F. ) ;
#2229 = DIRECTION ( 'NONE',  ( -0.8759792377278958764, 0.000000000000000000, -0.4823488105817762550 ) ) ;
#2230 = ORIENTED_EDGE ( 'NONE', *, *, #551, .T. ) ;
#2231 = ORIENTED_EDGE ( 'NONE', *, *, #1387, .T. ) ;
#2232 = AXIS2_PLACEMENT_3D ( 'NONE', #1018, #1235, #2237 ) ;
#2233 = DIRECTION ( 'NONE',  ( -0.000000000000000000, -0.000000000000000000, -1.000000000000000000 ) ) ;
#2234 = ORIENTED_EDGE ( 'NONE', *, *, #1271, .T. ) ;
#2235 = DIRECTION ( 'NONE',  ( 1.000000000000000000, 0.000000000000000000, 0.000000000000000000 ) ) ;
#2236 = ADVANCED_FACE ( 'NONE', ( #1401 ), #936, .F. ) ;
#2237 = DIRECTION ( 'NONE',  ( -0.1736481776669342170, -0.9848077530122073542, 0.000000000000000000 ) ) ;
#2238 = DIRECTION ( 'NONE',  ( -1.000000000000000000, 0.000000000000000000, 0.000000000000000000 ) ) ;
#2239 = ORIENTED_EDGE ( 'NONE', *, *, #3222, .F. ) ;
#2240 = PLANE ( 'NONE',  #1898 ) ;
#2241 = CARTESIAN_POINT ( 'NONE',  ( 0.000000000000000000, 55.80691563653040532, 5.000000000000000000 ) ) ;
#2242 = ADVANCED_FACE ( 'NONE', ( #831 ), #392, .F. ) ;
#2243 = ORIENTED_EDGE ( 'NONE', *, *, #1016, .F. ) ;
#2244 = DIRECTION ( 'NONE',  ( 0.1736481776669344390, -0.9848077530122072432, 0.000000000000000000 ) ) ;
#2245 = ORIENTED_EDGE ( 'NONE', *, *, #360, .F. ) ;
#2246 = VERTEX_POINT ( 'NONE', #320 ) ;
#2247 = CARTESIAN_POINT ( 'NONE',  ( 10.32822968820416243, 65.50691563653040816, 4.464149509823251094 ) ) ;
#2248 = VECTOR ( 'NONE', #653, 1000.000000000000114 ) ;
#2249 = LINE ( 'NONE', #2766, #2499 ) ;
#2250 = ORIENTED_EDGE ( 'NONE', *, *, #695, .F. ) ;
#2251 = APPROVAL_DATE_TIME ( #1717, #2752 ) ;
#2252 = ORIENTED_EDGE ( 'NONE', *, *, #2093, .F. ) ;
#2253 = CIRCLE ( 'NONE', #1777, 1.350000000000036948 ) ;
#2254 = CARTESIAN_POINT ( 'NONE',  ( -6.412382609603891837, 67.50691563653040816, 6.999999999999999112 ) ) ;
#2255 = ADVANCED_FACE ( 'NONE', ( #1296 ), #3145, .F. ) ;
#2256 = PLANE ( 'NONE',  #2091 ) ;
#2257 = AXIS2_PLACEMENT_3D ( 'NONE', #45, #2553, #2399 ) ;
#2258 = EDGE_CURVE ( 'NONE', #2814, #767, #645, .T. ) ;
#2259 = DIRECTION ( 'NONE',  ( 1.000000000000000000, 0.000000000000000000, 0.000000000000000000 ) ) ;
#2260 = VECTOR ( 'NONE', #1976, 1000.000000000000000 ) ;
#2261 = CIRCLE ( 'NONE', #103, 11.26613305142865862 ) ;
#2262 = CARTESIAN_POINT ( 'NONE',  ( -5.505764439316366499, 68.24236315572434819, 5.443644244389474807 ) ) ;
#2263 = DIRECTION ( 'NONE',  ( -0.6963642403200221986, -0.1227878039689764278, 0.7071067811865436870 ) ) ;
#2264 = EDGE_CURVE ( 'NONE', #2012, #1120, #1175, .T. ) ;
#2265 = DIRECTION ( 'NONE',  ( 0.9848077530122074652, -0.1736481776669342447, 0.000000000000000000 ) ) ;
#2266 = ORIENTED_EDGE ( 'NONE', *, *, #489, .T. ) ;
#2267 = CARTESIAN_POINT ( 'NONE',  ( 6.412382609603893613, 67.50691563653040816, 1.000000000000000000 ) ) ;
#2268 = CIRCLE ( 'NONE', #2671, 20.00000000000001776 ) ;
#2269 = PLANE ( 'NONE',  #1100 ) ;
#2270 = DIRECTION ( 'NONE',  ( -1.000000000000000000, 0.000000000000000000, 0.000000000000000000 ) ) ;
#2271 = ORIENTED_EDGE ( 'NONE', *, *, #2407, .T. ) ;
#2272 = DATE_TIME_ROLE ( 'creation_date' ) ;
#2273 = DIRECTION ( 'NONE',  ( -1.000000000000000000, 0.000000000000000000, 0.000000000000000000 ) ) ;
#2274 = VECTOR ( 'NONE', #1218, 1000.000000000000000 ) ;
#2275 = CARTESIAN_POINT ( 'NONE',  ( -9.340222763421058616, 65.50691563653040816, 3.770241655283635751 ) ) ;
#2276 = CARTESIAN_POINT ( 'NONE',  ( 8.239656384468421635, 65.09396579108623371, 4.762721565870110751 ) ) ;
#2277 = CARTESIAN_POINT ( 'NONE',  ( 12.81503231343907068, 65.50691563653040816, 5.957887087929062631 ) ) ;
#2278 = CARTESIAN_POINT ( 'NONE',  ( -7.053738196508254761E-16, 12.99999999999996980, 0.1000000000000167283 ) ) ;
#2279 = ADVANCED_FACE ( 'NONE', ( #1587 ), #2063, .T. ) ;
#2280 = VERTEX_POINT ( 'NONE', #2638 ) ;
#2281 = FACE_OUTER_BOUND ( 'NONE', #876, .T. ) ;
#2282 = CARTESIAN_POINT ( 'NONE',  ( -6.028108985557618205, -6.915364377365790327E-16, 0.000000000000000000 ) ) ;
#2283 = ORIENTED_EDGE ( 'NONE', *, *, #3086, .T. ) ;
#2284 = EDGE_CURVE ( 'NONE', #335, #996, #1379, .T. ) ;
#2285 = PLANE ( 'NONE',  #2232 ) ;
#2286 = CARTESIAN_POINT ( 'NONE',  ( -8.591536611700151482, 65.50691563653040816, 2.838338331191997188 ) ) ;
#2287 = CARTESIAN_POINT ( 'NONE',  ( 1.284247211982853775E-15, 60.50691563653041527, 0.1000000000000028644 ) ) ;
#2288 = CARTESIAN_POINT ( 'NONE',  ( 10.87097247500326169, 1.916845753882200798, 0.000000000000000000 ) ) ;
#2289 = VERTEX_POINT ( 'NONE', #66 ) ;
#2290 = CARTESIAN_POINT ( 'NONE',  ( 11.39343906491944303, 67.50691563653040816, 5.003861814751591197 ) ) ;
#2291 = ORIENTED_EDGE ( 'NONE', *, *, #306, .T. ) ;
#2292 = CARTESIAN_POINT ( 'NONE',  ( 7.220414836435806727, 67.50691563653042238, 3.060417223894518202 ) ) ;
#2293 = EDGE_CURVE ( 'NONE', #2660, #927, #2816, .T. ) ;
#2294 = CARTESIAN_POINT ( 'NONE',  ( -19.40071273434049814, 3.420869100038606447, 5.000000000000000000 ) ) ;
#2295 = DIRECTION ( 'NONE',  ( -1.000000000000000000, 0.000000000000000000, 0.000000000000000000 ) ) ;
#2296 = DIRECTION ( 'NONE',  ( 1.000000000000000000, 5.116593876934453265E-15, 0.000000000000000000 ) ) ;
#2297 = VERTEX_POINT ( 'NONE', #2079 ) ;
#2298 = EDGE_CURVE ( 'NONE', #3062, #2812, #3067, .T. ) ;
#2299 = CARTESIAN_POINT ( 'NONE',  ( -11.14176933295300920, 67.50691563653040816, 4.985959449976879121 ) ) ;
#2300 = FACE_OUTER_BOUND ( 'NONE', #665, .T. ) ;
#2301 = AXIS2_PLACEMENT_3D ( 'NONE', #1453, #3183, #928 ) ;
#2302 = AXIS2_PLACEMENT_3D ( 'NONE', #491, #2527, #3215 ) ;
#2303 = VECTOR ( 'NONE', #2754, 1000.000000000000114 ) ;
#2304 = CARTESIAN_POINT ( 'NONE',  ( -6.412382609603892725, 67.50691563653043659, 6.896140835267109637 ) ) ;
#2305 = LINE ( 'NONE', #1544, #2197 ) ;
#2306 = CIRCLE ( 'NONE', #1144, 2.000000000000001776 ) ;
#2307 = LOCAL_TIME ( 21, 13, 45.00000000000000000, #832 ) ;
#2308 = ORIENTED_EDGE ( 'NONE', *, *, #3213, .T. ) ;
#2309 = DIRECTION ( 'NONE',  ( 0.000000000000000000, 0.000000000000000000, 1.000000000000000000 ) ) ;
#2310 = VECTOR ( 'NONE', #801, 1000.000000000000000 ) ;
#2311 = ORIENTED_EDGE ( 'NONE', *, *, #2433, .F. ) ;
#2312 = VECTOR ( 'NONE', #2632, 1000.000000000000114 ) ;
#2313 = ORIENTED_EDGE ( 'NONE', *, *, #159, .T. ) ;
#2314 = CARTESIAN_POINT ( 'NONE',  ( -8.328344660325921467, 65.06293648270430197, 5.000000000000000000 ) ) ;
#2315 = CARTESIAN_POINT ( 'NONE',  ( -8.591536611700151482, 65.50691563653040816, 2.838338331191997188 ) ) ;
#2316 = EDGE_CURVE ( 'NONE', #3110, #2662, #2920, .T. ) ;
#2317 = CARTESIAN_POINT ( 'NONE',  ( 9.203740142464674534, -17.53084609796560400, 4.900029272337305564 ) ) ;
#2318 = DIRECTION ( 'NONE',  ( -1.000000000000000000, 0.000000000000000000, 0.000000000000000000 ) ) ;
#2319 = CIRCLE ( 'NONE', #1113, 9.493084363469568743 ) ;
#2320 = DIRECTION ( 'NONE',  ( 1.000000000000000000, 5.425952458852515230E-17, 0.000000000000000000 ) ) ;
#2321 = PLANE ( 'NONE',  #637 ) ;
#2322 = CARTESIAN_POINT ( 'NONE',  ( -12.62435140019615787, 67.50691563653042238, 5.808234421902798594 ) ) ;
#2323 = EDGE_CURVE ( 'NONE', #221, #2923, #2386, .T. ) ;
#2324 = DIRECTION ( 'NONE',  ( 0.6444004775717686595, -0.5407162030609387049, -0.5407162030609385939 ) ) ;
#2325 = EDGE_LOOP ( 'NONE', ( #2421, #735, #649, #1865 ) ) ;
#2326 = CARTESIAN_POINT ( 'NONE',  ( 10.03841675305669767, 67.50691563653042238, 4.825628344634424138 ) ) ;
#2327 = ORIENTED_EDGE ( 'NONE', *, *, #2181, .F. ) ;
#2328 = CARTESIAN_POINT ( 'NONE',  ( -20.00000000000001776, -2.775557561562891351E-14, 4.700000000000005507 ) ) ;
#2329 = CARTESIAN_POINT ( 'NONE',  ( 3.783751497839229039, 69.22268002335150072, 5.012040254385872196 ) ) ;
#2330 = ORIENTED_EDGE ( 'NONE', *, *, #3028, .T. ) ;
#2331 = PLANE ( 'NONE',  #775 ) ;
#2332 = FACE_OUTER_BOUND ( 'NONE', #564, .T. ) ;
#2333 = EDGE_CURVE ( 'NONE', #2877, #2342, #3206, .T. ) ;
#2334 = ADVANCED_FACE ( 'NONE', ( #715 ), #2175, .F. ) ;
#2335 = DIRECTION ( 'NONE',  ( -0.5099360191466644210, -0.8602123321464606454, -0.000000000000000000 ) ) ;
#2336 = CARTESIAN_POINT ( 'NONE',  ( -9.018256011247640203, 12.99999999999996980, 0.1000000000000167422 ) ) ;
#2337 = CARTESIAN_POINT ( 'NONE',  ( -13.00000000000187583, 66.92998554113701459, 5.186491514790080970 ) ) ;
#2338 = AXIS2_PLACEMENT_3D ( 'NONE', #1318, #1348, #1604 ) ;
#2339 = FACE_OUTER_BOUND ( 'NONE', #1853, .T. ) ;
#2340 = EDGE_CURVE ( 'NONE', #601, #496, #2584, .T. ) ;
#2341 = AXIS2_PLACEMENT_3D ( 'NONE', #2241, #3219, #1678 ) ;
#2342 = VERTEX_POINT ( 'NONE', #2674 ) ;
#2343 = ORIENTED_EDGE ( 'NONE', *, *, #2613, .T. ) ;
#2344 = LINE ( 'NONE', #877, #1313 ) ;
#2345 = DIRECTION ( 'NONE',  ( -0.5773502691896263972, 0.5773502691896253980, 0.5773502691896253980 ) ) ;
#2346 = ORIENTED_EDGE ( 'NONE', *, *, #2530, .F. ) ;
#2347 = CARTESIAN_POINT ( 'NONE',  ( 6.028108985557635968, 6.215769899223351658, 0.000000000000000000 ) ) ;
#2348 = CARTESIAN_POINT ( 'NONE',  ( 0.000000000000000000, -2.775557561562891351E-14, 5.000000000000000000 ) ) ;
#2349 = DIRECTION ( 'NONE',  ( 0.1736481776669344113, -0.9848077530122072432, 0.000000000000000000 ) ) ;
#2350 = EDGE_CURVE ( 'NONE', #2461, #1574, #972, .T. ) ;
#2351 = FACE_OUTER_BOUND ( 'NONE', #2970, .T. ) ;
#2352 = FACE_OUTER_BOUND ( 'NONE', #1649, .T. ) ;
#2353 = EDGE_CURVE ( 'NONE', #1927, #601, #3116, .T. ) ;
#2354 = CIRCLE ( 'NONE', #354, 2.100000000000004530 ) ;
#2355 = FACE_BOUND ( 'NONE', #1697, .T. ) ;
#2356 = ORIENTED_EDGE ( 'NONE', *, *, #2049, .T. ) ;
#2357 = CONICAL_SURFACE ( 'NONE', #570, 19.70000000000002416, 0.7853981633974482790 ) ;
#2358 = EDGE_LOOP ( 'NONE', ( #2644, #602, #2626, #900 ) ) ;
#2359 = VECTOR ( 'NONE', #2885, 1000.000000000000114 ) ;
#2360 = CARTESIAN_POINT ( 'NONE',  ( 6.228108985557656574, 7.144801648454791049E-16, 5.000000000000000000 ) ) ;
#2361 = PERSON_AND_ORGANIZATION ( #2733, #2775 ) ;
#2362 = EDGE_LOOP ( 'NONE', ( #2570, #2420, #5 ) ) ;
#2363 = FACE_OUTER_BOUND ( 'NONE', #3050, .T. ) ;
#2364 = FACE_OUTER_BOUND ( 'NONE', #588, .T. ) ;
#2365 = CARTESIAN_POINT ( 'NONE',  ( 5.297014666828487428, 39.07581934490391262, 16.53109629162650407 ) ) ;
#2366 = DIRECTION ( 'NONE',  ( 0.000000000000000000, 0.000000000000000000, 1.000000000000000000 ) ) ;
#2367 = CARTESIAN_POINT ( 'NONE',  ( -7.053738196508254761E-16, 12.99999999999996980, 0.1000000000000167422 ) ) ;
#2368 = VECTOR ( 'NONE', #2515, 1000.000000000000114 ) ;
#2369 = PLANE ( 'NONE',  #173 ) ;
#2370 = ORIENTED_EDGE ( 'NONE', *, *, #2967, .F. ) ;
#2371 = VECTOR ( 'NONE', #2070, 1000.000000000000000 ) ;
#2372 = ORIENTED_EDGE ( 'NONE', *, *, #2683, .T. ) ;
#2373 = CARTESIAN_POINT ( 'NONE',  ( 8.507286642121647091, 65.36479415445103314, 2.559478258107512616 ) ) ;
#2374 = PERSON_AND_ORGANIZATION ( #2733, #2775 ) ;
#2375 = VERTEX_POINT ( 'NONE', #1240 ) ;
#2376 = DIRECTION ( 'NONE',  ( -0.000000000000000000, 0.000000000000000000, 1.000000000000000000 ) ) ;
#2377 = ADVANCED_FACE ( 'NONE', ( #456 ), #1446, .F. ) ;
#2378 = PLANE ( 'NONE',  #459 ) ;
#2379 = CARTESIAN_POINT ( 'NONE',  ( -8.998127716406585819, 67.50691563653040816, 14.31790101136282445 ) ) ;
#2380 = CARTESIAN_POINT ( 'NONE',  ( -6.228108985557638810, 6.515769899223360362, 5.000000000000000000 ) ) ;
#2381 = DIRECTION ( 'NONE',  ( -0.000000000000000000, -0.000000000000000000, -1.000000000000000000 ) ) ;
#2382 = FACE_OUTER_BOUND ( 'NONE', #738, .T. ) ;
#2383 = CARTESIAN_POINT ( 'NONE',  ( 6.412382609603895389, 67.50691563653040816, 6.999999999999999112 ) ) ;
#2384 = VERTEX_POINT ( 'NONE', #2444 ) ;
#2385 = ORIENTED_EDGE ( 'NONE', *, *, #1184, .T. ) ;
#2386 = CIRCLE ( 'NONE', #2073, 19.90000000000001634 ) ;
#2387 = CARTESIAN_POINT ( 'NONE',  ( -8.079616179119286201, 65.14804597380909001, 4.875385975249242776 ) ) ;
#2388 = EDGE_CURVE ( 'NONE', #1712, #1564, #1071, .T. ) ;
#2389 = ORIENTED_EDGE ( 'NONE', *, *, #2049, .F. ) ;
#2390 = ORIENTED_EDGE ( 'NONE', *, *, #2736, .T. ) ;
#2391 = EDGE_CURVE ( 'NONE', #1457, #1712, #1970, .T. ) ;
#2392 = DIRECTION ( 'NONE',  ( -0.000000000000000000, -0.000000000000000000, -1.000000000000000000 ) ) ;
#2393 = DIRECTION ( 'NONE',  ( -0.000000000000000000, -0.000000000000000000, 1.000000000000000000 ) ) ;
#2394 = EDGE_CURVE ( 'NONE', #2702, #2601, #1667, .T. ) ;
#2395 = FACE_OUTER_BOUND ( 'NONE', #185, .T. ) ;
#2396 = DIRECTION ( 'NONE',  ( 0.7071067811865368036, 8.659560562354802203E-17, -0.7071067811865583419 ) ) ;
#2397 = DIRECTION ( 'NONE',  ( -0.000000000000000000, -0.000000000000000000, -1.000000000000000000 ) ) ;
#2398 = FACE_BOUND ( 'NONE', #819, .T. ) ;
#2399 = DIRECTION ( 'NONE',  ( 1.000000000000000000, 0.000000000000000000, 0.000000000000000000 ) ) ;
#2400 = ORIENTED_EDGE ( 'NONE', *, *, #983, .F. ) ;
#2401 = AXIS2_PLACEMENT_3D ( 'NONE', #3091, #2397, #871 ) ;
#2402 = EDGE_LOOP ( 'NONE', ( #235, #3016, #106, #1998 ) ) ;
#2403 = CARTESIAN_POINT ( 'NONE',  ( 8.334177561037410698, 65.07277601734359962, 1.323305054115924362 ) ) ;
#2404 = AXIS2_PLACEMENT_3D ( 'NONE', #3089, #2824, #339 ) ;
#2405 = CIRCLE ( 'NONE', #463, 1.350000000000036948 ) ;
#2406 = ORIENTED_EDGE ( 'NONE', *, *, #159, .F. ) ;
#2407 = EDGE_CURVE ( 'NONE', #1507, #601, #1980, .T. ) ;
#2408 = PLANE ( 'NONE',  #2932 ) ;
#2409 = DIRECTION ( 'NONE',  ( 1.000000000000000000, 0.000000000000000000, 0.000000000000000000 ) ) ;
#2410 = DIRECTION ( 'NONE',  ( -0.000000000000000000, -1.000000000000000000, 0.000000000000000000 ) ) ;
#2411 = CARTESIAN_POINT ( 'NONE',  ( -9.315694609020136241, -17.66028159036672562, 0.06666353299038584035 ) ) ;
#2412 = DIRECTION ( 'NONE',  ( 0.1736481776669342170, 0.9848077530122073542, 0.000000000000000000 ) ) ;
#2413 = CARTESIAN_POINT ( 'NONE',  ( 8.150715529804360315, 65.12426511121731210, 4.825434925117565221 ) ) ;
#2414 = CARTESIAN_POINT ( 'NONE',  ( -9.270936995840997952, -17.60849571621803733, 4.800028627545000148 ) ) ;
#2415 = AXIS2_PLACEMENT_3D ( 'NONE', #1340, #874, #104 ) ;
#2416 = AXIS2_PLACEMENT_3D ( 'NONE', #987, #246, #2259 ) ;
#2417 = ORIENTED_EDGE ( 'NONE', *, *, #1166, .T. ) ;
#2418 = CARTESIAN_POINT ( 'NONE',  ( 5.928108985557649646, -16.46655369724533102, 0.09999999999998898659 ) ) ;
#2419 = AXIS2_PLACEMENT_3D ( 'NONE', #3046, #2743, #2022 ) ;
#2420 = ORIENTED_EDGE ( 'NONE', *, *, #2631, .T. ) ;
#2421 = ORIENTED_EDGE ( 'NONE', *, *, #1171, .T. ) ;
#2422 = CARTESIAN_POINT ( 'NONE',  ( 8.490312171314313261, 55.50691563653040816, 4.699999999999978861 ) ) ;
#2423 = CONICAL_SURFACE ( 'NONE', #1424, 9.493084363469568743, 0.7853981633974482790 ) ;
#2424 = DIRECTION ( 'NONE',  ( -1.000000000000000000, 0.000000000000000000, 0.000000000000000000 ) ) ;
#2425 = CARTESIAN_POINT ( 'NONE',  ( -9.018256011247640203, 12.99999999999996980, 4.700000000000005507 ) ) ;
#2426 = FACE_BOUND ( 'NONE', #442, .T. ) ;
#2427 = EDGE_CURVE ( 'NONE', #2486, #2449, #2253, .T. ) ;
#2428 = DIRECTION ( 'NONE',  ( 0.1736481776669342170, 0.9848077530122073542, 0.000000000000000000 ) ) ;
#2429 = ADVANCED_FACE ( 'NONE', ( #1659 ), #1988, .T. ) ;
#2430 = DIRECTION ( 'NONE',  ( -1.000000000000000000, 0.000000000000000000, 0.000000000000000000 ) ) ;
#2431 = CARTESIAN_POINT ( 'NONE',  ( 1.216796740069738032E-16, -10.86151035807897181, 4.700000000000005507 ) ) ;
#2432 = EDGE_LOOP ( 'NONE', ( #1261, #680, #2231, #345 ) ) ;
#2433 = EDGE_CURVE ( 'NONE', #42, #2215, #2354, .T. ) ;
#2434 = AXIS2_PLACEMENT_3D ( 'NONE', #2050, #3041, #572 ) ;
#2435 = CARTESIAN_POINT ( 'NONE',  ( 9.270927449379897212, -17.60851794525410696, 0.000000000000000000 ) ) ;
#2436 = ORIENTED_EDGE ( 'NONE', *, *, #2353, .T. ) ;
#2437 = CYLINDRICAL_SURFACE ( 'NONE', #2301, 20.00000000000001776 ) ;
#2438 = DIRECTION ( 'NONE',  ( 0.7071067811865430208, 0.000000000000000000, 0.7071067811865521247 ) ) ;
#2439 = EDGE_LOOP ( 'NONE', ( #1406, #2861 ) ) ;
#2440 = DIRECTION ( 'NONE',  ( 1.000000000000000000, -5.116593876934453265E-15, 0.000000000000000000 ) ) ;
#2441 = FACE_OUTER_BOUND ( 'NONE', #1628, .T. ) ;
#2442 = FACE_OUTER_BOUND ( 'NONE', #168, .T. ) ;
#2443 = EDGE_CURVE ( 'NONE', #977, #515, #3191, .T. ) ;
#2444 = CARTESIAN_POINT ( 'NONE',  ( -12.99999999999999822, 67.50691563653040816, 6.982747404330663876 ) ) ;
#2445 = LINE ( 'NONE', #679, #3072 ) ;
#2446 = ORIENTED_EDGE ( 'NONE', *, *, #2391, .T. ) ;
#2447 = CARTESIAN_POINT ( 'NONE',  ( -1.523139917828612244, 55.50691563653040816, 0.1000000000000167422 ) ) ;
#2448 = ORIENTED_EDGE ( 'NONE', *, *, #2613, .F. ) ;
#2449 = VERTEX_POINT ( 'NONE', #215 ) ;
#2450 = EDGE_CURVE ( 'NONE', #2943, #927, #2465, .T. ) ;
#2451 = VECTOR ( 'NONE', #427, 1000.000000000000000 ) ;
#2452 = CARTESIAN_POINT ( 'NONE',  ( 0.000000000000000000, -2.775557561562891351E-14, 4.700000000000005507 ) ) ;
#2453 = ORIENTED_EDGE ( 'NONE', *, *, #952, .T. ) ;
#2454 = PLANE ( 'NONE',  #1311 ) ;
#2455 = EDGE_CURVE ( 'NONE', #3147, #1811, #792, .T. ) ;
#2456 = AXIS2_PLACEMENT_3D ( 'NONE', #1286, #1792, #2793 ) ;
#2457 = ORIENTED_EDGE ( 'NONE', *, *, #973, .F. ) ;
#2458 = AXIS2_PLACEMENT_3D ( 'NONE', #1412, #2410, #2916 ) ;
#2459 = FACE_OUTER_BOUND ( 'NONE', #1797, .T. ) ;
#2460 = CARTESIAN_POINT ( 'NONE',  ( 0.000000000000000000, 6.515769899223360362, 5.000000000000000000 ) ) ;
#2461 = VERTEX_POINT ( 'NONE', #761 ) ;
#2462 = CIRCLE ( 'NONE', #684, 20.00000000000001776 ) ;
#2463 = CARTESIAN_POINT ( 'NONE',  ( -15.98542826473333278, 12.99999999999997158, 4.700000000000005507 ) ) ;
#2464 = CARTESIAN_POINT ( 'NONE',  ( 1.284247211982853775E-15, 60.50691563653041527, 5.000000000000000000 ) ) ;
#2465 = B_SPLINE_CURVE_WITH_KNOTS ( 'NONE', 3,
 ( #2226, #2965, #2479, #1485, #57, #1072, #2277, #3047, #2513, #1053 ),
 .UNSPECIFIED., .F., .F.,
 ( 4, 2, 2, 2, 4 ),
 ( 5.485677294651095664E-18, 0.0006692583332584512660, 0.001338516666516896894, 0.002007774999775342739, 0.002677033333033788584 ),
 .UNSPECIFIED. ) ;
#2466 = EDGE_LOOP ( 'NONE', ( #912, #2149, #1486, #1451 ) ) ;
#2467 = LINE ( 'NONE', #218, #63 ) ;
#2468 = ORIENTED_EDGE ( 'NONE', *, *, #2809, .T. ) ;
#2469 = ORIENTED_EDGE ( 'NONE', *, *, #1671, .T. ) ;
#2470 = VECTOR ( 'NONE', #1674, 1000.000000000000000 ) ;
#2471 = CARTESIAN_POINT ( 'NONE',  ( 13.00000000000000178, 66.17232514233559471, 6.898536037118183195 ) ) ;
#2472 = APPLICATION_PROTOCOL_DEFINITION ( 'international standard', 'config_control_design', 1994, #313 ) ;
#2473 = ORIENTED_EDGE ( 'NONE', *, *, #2394, .F. ) ;
#2474 = ADVANCED_FACE ( 'NONE', ( #2006 ), #1006, .T. ) ;
#2475 = CARTESIAN_POINT ( 'NONE',  ( 8.490312171314309708, 55.50691563653040816, 0.1000000000000167422 ) ) ;
#2476 = CARTESIAN_POINT ( 'NONE',  ( -11.45548367919647070, 65.50691563653040816, 4.874537809565711477 ) ) ;
#2477 = ORIENTED_EDGE ( 'NONE', *, *, #1768, .F. ) ;
#2478 = CARTESIAN_POINT ( 'NONE',  ( -3.019710372196382941, 69.50691563653040816, 5.000000000000000000 ) ) ;
#2479 = CARTESIAN_POINT ( 'NONE',  ( 11.88127675663977456, 65.50691563653042238, 5.013174880173127512 ) ) ;
#2480 = DIRECTION ( 'NONE',  ( 1.000000000000000000, 0.000000000000000000, 0.000000000000000000 ) ) ;
#2481 = EDGE_LOOP ( 'NONE', ( #453, #1078, #1863, #2168 ) ) ;
#2482 = ORIENTED_EDGE ( 'NONE', *, *, #2388, .T. ) ;
#2483 = ADVANCED_FACE ( 'NONE', ( #282 ), #517, .T. ) ;
#2484 = DIRECTION ( 'NONE',  ( -1.147186355444782730E-16, 1.000000000000000000, 0.000000000000000000 ) ) ;
#2485 = LINE ( 'NONE', #501, #58 ) ;
#2486 = VERTEX_POINT ( 'NONE', #1274 ) ;
#2487 = EDGE_CURVE ( 'NONE', #366, #2384, #2700, .T. ) ;
#2488 = EDGE_LOOP ( 'NONE', ( #1878, #1979, #3197, #598 ) ) ;
#2489 = CARTESIAN_POINT ( 'NONE',  ( -6.028108985557618205, -6.915364377365790327E-16, 0.000000000000000000 ) ) ;
#2490 = LINE ( 'NONE', #2525, #2734 ) ;
#2491 = FACE_OUTER_BOUND ( 'NONE', #1503, .T. ) ;
#2492 = EDGE_CURVE ( 'NONE', #2587, #208, #1035, .T. ) ;
#2493 = CARTESIAN_POINT ( 'NONE',  ( -6.246334635617968978, 67.65601335108979697, 6.217587909976210803 ) ) ;
#2494 = CARTESIAN_POINT ( 'NONE',  ( 3.523381593646964493E-15, 55.50691563653041527, 4.700000000000005507 ) ) ;
#2495 = ORIENTED_EDGE ( 'NONE', *, *, #604, .T. ) ;
#2496 = PLANE ( 'NONE',  #1054 ) ;
#2497 = VERTEX_POINT ( 'NONE', #312 ) ;
#2498 = ORIENTED_EDGE ( 'NONE', *, *, #2333, .T. ) ;
#2499 = VECTOR ( 'NONE', #2, 1000.000000000000000 ) ;
#2500 = DIRECTION ( 'NONE',  ( 0.8602123321464606454, 0.5099360191466644210, -0.000000000000000000 ) ) ;
#2501 = LINE ( 'NONE', #258, #886 ) ;
#2502 = ORIENTED_EDGE ( 'NONE', *, *, #1952, .F. ) ;
#2503 = PERSON_AND_ORGANIZATION_ROLE ( 'design_owner' ) ;
#2504 = B_SPLINE_CURVE_WITH_KNOTS ( 'NONE', 3,
 ( #3196, #2471, #2015, #1716 ),
 .UNSPECIFIED., .F., .F.,
 ( 4, 4 ),
 ( 0.000000000000000000, 0.002006180529954190109 ),
 .UNSPECIFIED. ) ;
#2505 = AXIS2_PLACEMENT_3D ( 'NONE', #1118, #860, #1132 ) ;
#2506 = LINE ( 'NONE', #505, #1883 ) ;
#2507 = CARTESIAN_POINT ( 'NONE',  ( -7.900810092254384465, 65.20691563653041101, 5.000000000000000000 ) ) ;
#2508 = CARTESIAN_POINT ( 'NONE',  ( 0.000000000000000000, 55.50691563653040816, 4.700000000000005507 ) ) ;
#2509 = AXIS2_PLACEMENT_3D ( 'NONE', #1321, #2591, #2349 ) ;
#2510 = CONICAL_SURFACE ( 'NONE', #1411, 2.100000000000004530, 0.7853981633974330689 ) ;
#2511 = AXIS2_PLACEMENT_3D ( 'NONE', #500, #1491, #2484 ) ;
#2512 = CARTESIAN_POINT ( 'NONE',  ( -4.331901837250543785, 68.95641371719544566, 5.075117039828345611 ) ) ;
#2513 = CARTESIAN_POINT ( 'NONE',  ( 13.00000000000000355, 65.50691563653040816, 6.605683895961463215 ) ) ;
#2514 = ORIENTED_EDGE ( 'NONE', *, *, #992, .T. ) ;
#2515 = DIRECTION ( 'NONE',  ( -0.8759792377278959874, 0.000000000000000000, -0.4823488105817763105 ) ) ;
#2516 = ADVANCED_FACE ( 'NONE', ( #2562 ), #1323, .F. ) ;
#2517 = ORIENTED_EDGE ( 'NONE', *, *, #1647, .T. ) ;
#2518 = DIRECTION ( 'NONE',  ( -0.8759792377278959874, 0.000000000000000000, -0.4823488105817763105 ) ) ;
#2519 = VECTOR ( 'NONE', #1711, 1000.000000000000114 ) ;
#2520 = CARTESIAN_POINT ( 'NONE',  ( -1.403964558569176013, 55.60691563653042380, 0.000000000000000000 ) ) ;
#2521 = CARTESIAN_POINT ( 'NONE',  ( -12.99999999999999822, 65.50691563653040816, 20.00000000000000000 ) ) ;
#2522 = ORIENTED_EDGE ( 'NONE', *, *, #2008, .T. ) ;
#2523 =( NAMED_UNIT ( * ) SI_UNIT ( $, .STERADIAN. ) SOLID_ANGLE_UNIT ( ) );
#2524 = VECTOR ( 'NONE', #133, 1000.000000000000000 ) ;
#2525 = CARTESIAN_POINT ( 'NONE',  ( -19.70000000000002771, -2.775557561562891351E-14, 5.000000000000000000 ) ) ;
#2526 = VECTOR ( 'NONE', #1322, 1000.000000000000000 ) ;
#2527 = DIRECTION ( 'NONE',  ( 0.000000000000000000, 0.000000000000000000, 1.000000000000000000 ) ) ;
#2528 = DIRECTION ( 'NONE',  ( 0.1736481776669342170, 0.9848077530122073542, 0.000000000000000000 ) ) ;
#2529 = CARTESIAN_POINT ( 'NONE',  ( 8.998127716406585819, 67.50691563653040816, 14.31790101136282445 ) ) ;
#2530 = EDGE_CURVE ( 'NONE', #150, #1463, #1747, .T. ) ;
#2531 = CARTESIAN_POINT ( 'NONE',  ( -1.999999999999999112, 60.50691563653041527, 4.700000000000014388 ) ) ;
#2532 = CARTESIAN_POINT ( 'NONE',  ( 9.018256011247654413, 12.99999999999996980, 0.1000000000000153960 ) ) ;
#2533 = EDGE_CURVE ( 'NONE', #2208, #221, #2305, .T. ) ;
#2534 = VERTEX_POINT ( 'NONE', #2494 ) ;
#2535 = LINE ( 'NONE', #11, #2368 ) ;
#2536 = ORIENTED_EDGE ( 'NONE', *, *, #403, .T. ) ;
#2537 = EDGE_CURVE ( 'NONE', #1463, #2662, #2036, .T. ) ;
#2538 = CARTESIAN_POINT ( 'NONE',  ( -0.2954423259036570992, 55.55901008983050104, 5.000000000000000000 ) ) ;
#2539 = CARTESIAN_POINT ( 'NONE',  ( 11.00000000000000178, 0.000000000000000000, 18.00000000000000355 ) ) ;
#2540 = VERTEX_POINT ( 'NONE', #2532 ) ;
#2541 = APPROVAL_STATUS ( 'not_yet_approved' ) ;
#2542 = LINE ( 'NONE', #3010, #650 ) ;
#2543 = CARTESIAN_POINT ( 'NONE',  ( -11.45548367919647070, 65.50691563653040816, 4.874537809565711477 ) ) ;
#2544 = CARTESIAN_POINT ( 'NONE',  ( 19.69615506024414842, 3.472963553338741072, 0.1000000000000037248 ) ) ;
#2545 = DIRECTION ( 'NONE',  ( -0.000000000000000000, -0.000000000000000000, -1.000000000000000000 ) ) ;
#2546 = ORIENTED_EDGE ( 'NONE', *, *, #3222, .T. ) ;
#2547 = EDGE_CURVE ( 'NONE', #297, #3132, #1254, .T. ) ;
#2548 = PLANE ( 'NONE',  #2701 ) ;
#2549 = VERTEX_POINT ( 'NONE', #294 ) ;
#2550 = CARTESIAN_POINT ( 'NONE',  ( 8.980421745723383253, 67.50691563653040816, 4.429857267780105801 ) ) ;
#2551 = ORIENTED_EDGE ( 'NONE', *, *, #1873, .F. ) ;
#2552 = CARTESIAN_POINT ( 'NONE',  ( 1.284247211982853775E-15, 60.50691563653041527, 4.700000000000005507 ) ) ;
#2553 = DIRECTION ( 'NONE',  ( 0.000000000000000000, -0.7071067811865475727, 0.7071067811865475727 ) ) ;
#2554 = ADVANCED_FACE ( 'NONE', ( #1305 ), #1288, .F. ) ;
#2555 = ORIENTED_EDGE ( 'NONE', *, *, #3213, .F. ) ;
#2556 = CARTESIAN_POINT ( 'NONE',  ( 9.018256011247654413, 12.99999999999996980, 4.699999999999977973 ) ) ;
#2557 = ADVANCED_FACE ( 'NONE', ( #2887 ), #563, .T. ) ;
#2558 = CARTESIAN_POINT ( 'NONE',  ( 19.90000000000001634, -2.775557561562891351E-14, 0.000000000000000000 ) ) ;
#2559 = AXIS2_PLACEMENT_3D ( 'NONE', #2288, #2263, #328 ) ;
#2560 = DIRECTION ( 'NONE',  ( -0.000000000000000000, 0.000000000000000000, 1.000000000000000000 ) ) ;
#2561 = DIRECTION ( 'NONE',  ( 1.000000000000000000, 0.000000000000000000, 0.000000000000000000 ) ) ;
#2562 = FACE_OUTER_BOUND ( 'NONE', #364, .T. ) ;
#2563 = AXIS2_PLACEMENT_3D ( 'NONE', #109, #381, #3080 ) ;
#2564 = CARTESIAN_POINT ( 'NONE',  ( -7.053738196508254761E-16, 12.99999999999996980, 0.000000000000000000 ) ) ;
#2565 = ORIENTED_EDGE ( 'NONE', *, *, #230, .T. ) ;
#2566 = EDGE_LOOP ( 'NONE', ( #1616, #1681, #3146, #961 ) ) ;
#2567 = VERTEX_POINT ( 'NONE', #132 ) ;
#2568 = CARTESIAN_POINT ( 'NONE',  ( 6.028108985557638633, -16.56655369724532179, 0.000000000000000000 ) ) ;
#2569 = DIRECTION ( 'NONE',  ( -0.000000000000000000, -0.000000000000000000, -1.000000000000000000 ) ) ;
#2570 = ORIENTED_EDGE ( 'NONE', *, *, #465, .T. ) ;
#2571 = AXIS2_PLACEMENT_3D ( 'NONE', #2040, #1991, #562 ) ;
#2572 = EDGE_CURVE ( 'NONE', #483, #397, #2109, .T. ) ;
#2573 = DIRECTION ( 'NONE',  ( -0.5102736053747356504, 0.6081204024113451290, -0.6081204024113416873 ) ) ;
#2574 = CARTESIAN_POINT ( 'NONE',  ( 13.00000000000000000, 66.92998554113707144, 5.186491514790072088 ) ) ;
#2575 = EDGE_CURVE ( 'NONE', #723, #2012, #2089, .T. ) ;
#2576 = VECTOR ( 'NONE', #1117, 999.9999999999998863 ) ;
#2577 = DIRECTION ( 'NONE',  ( -0.000000000000000000, -0.7071067811865465735, -0.7071067811865485719 ) ) ;
#2578 = DIRECTION ( 'NONE',  ( -0.000000000000000000, -0.000000000000000000, -1.000000000000000000 ) ) ;
#2579 = DIRECTION ( 'NONE',  ( 1.000000000000000000, 0.000000000000000000, 0.000000000000000000 ) ) ;
#2580 = FACE_OUTER_BOUND ( 'NONE', #1110, .T. ) ;
#2581 = ORIENTED_EDGE ( 'NONE', *, *, #338, .F. ) ;
#2582 = ORIENTED_EDGE ( 'NONE', *, *, #747, .F. ) ;
#2583 = DIRECTION ( 'NONE',  ( -0.1736481776669342170, -0.9848077530122073542, 0.000000000000000000 ) ) ;
#2584 = CIRCLE ( 'NONE', #1169, 20.00000000000001776 ) ;
#2585 = CARTESIAN_POINT ( 'NONE',  ( -8.418434956929846891, 65.21491002690521555, 2.105016222442158025 ) ) ;
#2586 = EDGE_CURVE ( 'NONE', #2540, #2549, #1148, .T. ) ;
#2587 = VERTEX_POINT ( 'NONE', #144 ) ;
#2588 = ADVANCED_FACE ( 'NONE', ( #2352 ), #1103, .T. ) ;
#2589 = CARTESIAN_POINT ( 'NONE',  ( -9.492241620786170841, 1.673738305148489758, 4.700000000000005507 ) ) ;
#2590 = DIRECTION ( 'NONE',  ( 0.000000000000000000, 0.000000000000000000, -1.000000000000000000 ) ) ;
#2591 = DIRECTION ( 'NONE',  ( -0.6963642403200328568, -0.1227878039689782735, 0.7071067811865330288 ) ) ;
#2592 = CARTESIAN_POINT ( 'NONE',  ( 11.14176933295301453, 67.50691563653040816, 4.985959449976880009 ) ) ;
#2593 = CYLINDRICAL_SURFACE ( 'NONE', #2401, 1.349999999991788657 ) ;
#2594 = ADVANCED_FACE ( 'NONE', ( #2138 ), #2593, .F. ) ;
#2595 = CARTESIAN_POINT ( 'NONE',  ( -1.350000000000037392, 9.150000000000002132, 0.000000000000000000 ) ) ;
#2596 = ORIENTED_EDGE ( 'NONE', *, *, #1377, .T. ) ;
#2597 = ORIENTED_EDGE ( 'NONE', *, *, #1989, .F. ) ;
#2598 = CARTESIAN_POINT ( 'NONE',  ( 20.00000000000001776, -2.775557561562891351E-14, 0.1000000000000028644 ) ) ;
#2599 = ORIENTED_EDGE ( 'NONE', *, *, #1946, .T. ) ;
#2600 = PERSON_AND_ORGANIZATION ( #2733, #2775 ) ;
#2601 = VERTEX_POINT ( 'NONE', #2844 ) ;
#2602 = DIRECTION ( 'NONE',  ( 1.000000000000000000, 0.000000000000000000, 0.000000000000000000 ) ) ;
#2603 = DIRECTION ( 'NONE',  ( 0.1736481776669344390, -0.9848077530122072432, 0.000000000000000000 ) ) ;
#2604 = DIRECTION ( 'NONE',  ( 3.836727778050435494E-17, -0.7071067811865475727, 0.7071067811865475727 ) ) ;
#2605 = CARTESIAN_POINT ( 'NONE',  ( 1.284247211982853775E-15, 60.50691563653041527, 4.700000000000005507 ) ) ;
#2606 = DIRECTION ( 'NONE',  ( -0.9848077530122073542, -0.1736481776669344668, 0.000000000000000000 ) ) ;
#2607 = CARTESIAN_POINT ( 'NONE',  ( -12.99999999999999822, 67.52009556307487514, 6.983281314061786205 ) ) ;
#2608 = CIRCLE ( 'NONE', #2505, 2.100000000000004530 ) ;
#2609 = DIRECTION ( 'NONE',  ( -1.000000000000000000, 0.000000000000000000, 0.000000000000000000 ) ) ;
#2610 = ORIENTED_EDGE ( 'NONE', *, *, #222, .T. ) ;
#2611 = CC_DESIGN_APPROVAL ( #2752, ( #359 ) ) ;
#2612 = EDGE_LOOP ( 'NONE', ( #2061, #2696, #521, #1029 ) ) ;
#2613 = EDGE_CURVE ( 'NONE', #2215, #42, #2608, .T. ) ;
#2614 = AXIS2_PLACEMENT_3D ( 'NONE', #2552, #319, #1027 ) ;
#2615 = DIRECTION ( 'NONE',  ( -0.000000000000000000, -0.000000000000000000, -1.000000000000000000 ) ) ;
#2616 = COORDINATED_UNIVERSAL_TIME_OFFSET ( 3, 0, .BEHIND. ) ;
#2617 = ORIENTED_EDGE ( 'NONE', *, *, #2963, .T. ) ;
#2618 = DIRECTION ( 'NONE',  ( -1.000000000000000000, 0.000000000000000000, 0.000000000000000000 ) ) ;
#2619 = CARTESIAN_POINT ( 'NONE',  ( -8.574222134432057274, 55.60691563653042380, 0.000000000000000000 ) ) ;
#2620 = DIRECTION ( 'NONE',  ( 0.9848077530122073542, 0.1736481776669344390, 0.000000000000000000 ) ) ;
#2621 = CARTESIAN_POINT ( 'NONE',  ( -1.349999999991787769, -19.45000000000000639, 5.000000000000000888 ) ) ;
#2622 = CARTESIAN_POINT ( 'NONE',  ( 13.00000000000000178, 65.50691563653040816, 18.00000000000000355 ) ) ;
#2623 = AXIS2_PLACEMENT_3D ( 'NONE', #2829, #342, #2111 ) ;
#2624 = FACE_BOUND ( 'NONE', #614, .T. ) ;
#2625 = EDGE_CURVE ( 'NONE', #152, #926, #1872, .T. ) ;
#2626 = ORIENTED_EDGE ( 'NONE', *, *, #1952, .T. ) ;
#2627 = ORIENTED_EDGE ( 'NONE', *, *, #1074, .T. ) ;
#2628 = FACE_OUTER_BOUND ( 'NONE', #1664, .T. ) ;
#2629 = ORIENTED_EDGE ( 'NONE', *, *, #1527, .F. ) ;
#2630 = ORIENTED_EDGE ( 'NONE', *, *, #1855, .F. ) ;
#2631 = EDGE_CURVE ( 'NONE', #1603, #397, #578, .T. ) ;
#2632 = DIRECTION ( 'NONE',  ( -0.6444004775717758760, 0.5407162030609343750, 0.5407162030609344860 ) ) ;
#2633 = DIRECTION ( 'NONE',  ( -1.000000000000000000, -5.425952458852515230E-17, 0.000000000000000000 ) ) ;
#2634 = CARTESIAN_POINT ( 'NONE',  ( 8.931245198935183538, 65.50691563653042238, 3.337905629692153209 ) ) ;
#2635 = DIRECTION ( 'NONE',  ( 0.6963642403200170916, -0.1227878039689753453, -0.7071067811865489050 ) ) ;
#2636 = DIRECTION ( 'NONE',  ( 0.5102736053747304323, 0.6081204024113456841, 0.6081204024113456841 ) ) ;
#2637 = DIRECTION ( 'NONE',  ( 1.000000000000000000, 0.000000000000000000, 0.000000000000000000 ) ) ;
#2638 = CARTESIAN_POINT ( 'NONE',  ( -16.10460362399277656, 12.89999999999995239, 0.000000000000000000 ) ) ;
#2639 = ORIENTED_EDGE ( 'NONE', *, *, #965, .F. ) ;
#2640 = DIRECTION ( 'NONE',  ( 0.000000000000000000, 0.000000000000000000, 1.000000000000000000 ) ) ;
#2641 = ADVANCED_FACE ( 'NONE', ( #341 ), #2126, .T. ) ;
#2642 = EDGE_LOOP ( 'NONE', ( #3006, #726, #188, #1682 ) ) ;
#2643 = CARTESIAN_POINT ( 'NONE',  ( 9.338066964079528631, -17.68616706283100370, 0.1000000000000028644 ) ) ;
#2644 = ORIENTED_EDGE ( 'NONE', *, *, #668, .T. ) ;
#2645 = CARTESIAN_POINT ( 'NONE',  ( -9.492241620786170841, 1.673738305148489758, 0.000000000000000000 ) ) ;
#2646 = DIRECTION ( 'NONE',  ( -0.000000000000000000, -0.000000000000000000, -1.000000000000000000 ) ) ;
#2647 = VECTOR ( 'NONE', #1258, 1000.000000000000000 ) ;
#2648 = EDGE_CURVE ( 'NONE', #762, #3147, #1641, .T. ) ;
#2649 = DIRECTION ( 'NONE',  ( -0.000000000000000000, -0.000000000000000000, -1.000000000000000000 ) ) ;
#2650 = PLANE ( 'NONE',  #1327 ) ;
#2651 = CARTESIAN_POINT ( 'NONE',  ( -12.99999999999999645, 65.50691563653039395, 6.605682423418815397 ) ) ;
#2652 = ORIENTED_EDGE ( 'NONE', *, *, #1563, .F. ) ;
#2653 = CYLINDRICAL_SURFACE ( 'NONE', #590, 20.00000000000001776 ) ;
#2654 = CARTESIAN_POINT ( 'NONE',  ( -9.338066964079528631, -17.68616706283100370, 4.700000000000005507 ) ) ;
#2655 = PLANE ( 'NONE',  #458 ) ;
#2656 = VECTOR ( 'NONE', #2412, 1000.000000000000114 ) ;
#2657 = ORIENTED_EDGE ( 'NONE', *, *, #1031, .F. ) ;
#2658 = CARTESIAN_POINT ( 'NONE',  ( 0.000000000000000000, -2.775557561562891351E-14, 0.1000000000000028644 ) ) ;
#2659 = CIRCLE ( 'NONE', #146, 1.349999999991788657 ) ;
#2660 = VERTEX_POINT ( 'NONE', #2622 ) ;
#2661 = AXIS2_PLACEMENT_3D ( 'NONE', #1886, #822, #1820 ) ;
#2662 = VERTEX_POINT ( 'NONE', #842 ) ;
#2663 = CIRCLE ( 'NONE', #523, 2.000000000000001776 ) ;
#2664 = DIRECTION ( 'NONE',  ( 0.1736481776669342170, 0.9848077530122073542, 0.000000000000000000 ) ) ;
#2665 = VERTEX_POINT ( 'NONE', #376 ) ;
#2666 = EDGE_CURVE ( 'NONE', #1370, #3133, #1088, .T. ) ;
#2667 = CARTESIAN_POINT ( 'NONE',  ( 2.000000000000001776, 60.50691563653041527, 4.700000000000014388 ) ) ;
#2668 = LINE ( 'NONE', #1430, #994 ) ;
#2669 = DIRECTION ( 'NONE',  ( -0.000000000000000000, -0.000000000000000000, 1.000000000000000000 ) ) ;
#2670 = CARTESIAN_POINT ( 'NONE',  ( 11.45548367919647426, 65.50691563653040816, 4.874537809565728352 ) ) ;
#2671 = AXIS2_PLACEMENT_3D ( 'NONE', #2658, #201, #925 ) ;
#2672 = EDGE_CURVE ( 'NONE', #631, #2540, #1890, .T. ) ;
#2673 = LINE ( 'NONE', #2463, #274 ) ;
#2674 = CARTESIAN_POINT ( 'NONE',  ( -16.34295434251159662, 12.69999999999997087, 5.000000000000000000 ) ) ;
#2675 = CARTESIAN_POINT ( 'NONE',  ( -5.928108985557627442, -16.46655369724533102, 0.09999999999998900047 ) ) ;
#2676 = ORIENTED_EDGE ( 'NONE', *, *, #1184, .F. ) ;
#2677 = DIRECTION ( 'NONE',  ( -1.000000000000000000, 0.000000000000000000, -0.000000000000000000 ) ) ;
#2678 = CIRCLE ( 'NONE', #2792, 20.00000000000001776 ) ;
#2679 = VERTEX_POINT ( 'NONE', #596 ) ;
#2680 = CARTESIAN_POINT ( 'NONE',  ( 19.69615506024415907, 3.472963553338690446, 4.700000000000005507 ) ) ;
#2681 = AXIS2_PLACEMENT_3D ( 'NONE', #88, #1119, #2872 ) ;
#2682 = CARTESIAN_POINT ( 'NONE',  ( 1.349999999991789768, -19.45000000000000639, 0.000000000000000000 ) ) ;
#2683 = EDGE_CURVE ( 'NONE', #323, #1483, #2158, .T. ) ;
#2684 = CARTESIAN_POINT ( 'NONE',  ( 1.165613840050348848, 55.80691563653041953, 5.000000000000000000 ) ) ;
#2685 = FACE_OUTER_BOUND ( 'NONE', #1679, .T. ) ;
#2686 = CARTESIAN_POINT ( 'NONE',  ( 2.000000000000001776, 60.50691563653041527, 0.000000000000000000 ) ) ;
#2687 = EDGE_LOOP ( 'NONE', ( #1312, #1233, #1225, #1290 ) ) ;
#2688 = LINE ( 'NONE', #2188, #2213 ) ;
#2689 = EDGE_CURVE ( 'NONE', #2342, #2587, #3172, .T. ) ;
#2690 = DIRECTION ( 'NONE',  ( -0.000000000000000000, -0.000000000000000000, 1.000000000000000000 ) ) ;
#2691 = DIRECTION ( 'NONE',  ( -0.1736481776669342170, -0.9848077530122073542, -0.000000000000000000 ) ) ;
#2692 = ORIENTED_EDGE ( 'NONE', *, *, #1527, .T. ) ;
#2693 = AXIS2_PLACEMENT_3D ( 'NONE', #741, #70, #1334 ) ;
#2694 = CARTESIAN_POINT ( 'NONE',  ( 12.99999999999998401, 67.50691563653042238, 6.856597666227698618 ) ) ;
#2695 = ADVANCED_FACE ( 'NONE', ( #1165, #671, #1675 ), #693, .F. ) ;
#2696 = ORIENTED_EDGE ( 'NONE', *, *, #1211, .T. ) ;
#2697 = ORIENTED_EDGE ( 'NONE', *, *, #53, .T. ) ;
#2698 = CARTESIAN_POINT ( 'NONE',  ( 0.000000000000000000, 55.50691563653040816, 0.1000000000000167422 ) ) ;
#2699 = DIRECTION ( 'NONE',  ( -0.1736481776669344390, 0.9848077530122072432, 0.000000000000000000 ) ) ;
#2700 = B_SPLINE_CURVE_WITH_KNOTS ( 'NONE', 3,
 ( #2778, #1530, #2999, #545, #3013, #811, #2071, #1808, #2808, #560, #2322, #528, #1021, #1514, #39, #1760 ),
 .UNSPECIFIED., .F., .F.,
 ( 4, 2, 2, 2, 2, 2, 2, 4 ),
 ( 0.000000000000000000, 0.0003730756783563374669, 0.0007461513567126749338, 0.001119227035069012563, 0.001492302713425349868, 0.001865378391781687389, 0.002238454070138025127, 0.002984605426850701904 ),
 .UNSPECIFIED. ) ;
#2701 = AXIS2_PLACEMENT_3D ( 'NONE', #497, #2265, #813 ) ;
#2702 = VERTEX_POINT ( 'NONE', #1905 ) ;
#2703 = LINE ( 'NONE', #451, #2274 ) ;
#2704 = FACE_OUTER_BOUND ( 'NONE', #974, .T. ) ;
#2705 = EDGE_LOOP ( 'NONE', ( #3136, #2143, #1060, #547, #797 ) ) ;
#2706 = CARTESIAN_POINT ( 'NONE',  ( 8.061522873489993302, 65.15402417155182491, 4.888044397081938719 ) ) ;
#2707 = DIRECTION ( 'NONE',  ( 0.1736481776669342170, 0.9848077530122073542, 0.000000000000000000 ) ) ;
#2708 = ORIENTED_EDGE ( 'NONE', *, *, #1192, .T. ) ;
#2709 = CARTESIAN_POINT ( 'NONE',  ( -6.412382609603891837, 67.50691563653040816, 1.000000000000000000 ) ) ;
#2710 = ORIENTED_EDGE ( 'NONE', *, *, #1774, .T. ) ;
#2711 = ORIENTED_EDGE ( 'NONE', *, *, #1192, .F. ) ;
#2712 = VECTOR ( 'NONE', #358, 1000.000000000000114 ) ;
#2713 = EDGE_CURVE ( 'NONE', #2923, #599, #1432, .T. ) ;
#2714 = B_SPLINE_SURFACE_WITH_KNOTS ( 'NONE', 1, 1, ( 
 ( #3177, #1680 ),
 ( #1438, #1696 ) ),
 .UNSPECIFIED., .F., .F., .F.,
 ( 2, 2 ),
 ( 2, 2 ),
 ( 0.000000000000000000, 1.000000000000000000 ),
 ( 0.000000000000000000, 1.000000000000000000 ),
 .UNSPECIFIED. ) ;
#2715 = VECTOR ( 'NONE', #2335, 1000.000000000000000 ) ;
#2716 = TOROIDAL_SURFACE ( 'NONE', #2148, 13.49308436346956874, 4.000000000000000000 ) ;
#2717 = CARTESIAN_POINT ( 'NONE',  ( -6.092506429628659070, 9.513227425074628485, -3.386772574925323909 ) ) ;
#2718 = ORIENTED_EDGE ( 'NONE', *, *, #2154, .T. ) ;
#2719 = AXIS2_PLACEMENT_3D ( 'NONE', #1079, #301, #2014 ) ;
#2720 = ORIENTED_EDGE ( 'NONE', *, *, #1933, .T. ) ;
#2721 = VECTOR ( 'NONE', #2802, 1000.000000000000000 ) ;
#2722 = DIRECTION ( 'NONE',  ( 1.000000000000000000, 0.000000000000000000, 0.000000000000000000 ) ) ;
#2723 = LINE ( 'NONE', #770, #97 ) ;
#2724 = EDGE_LOOP ( 'NONE', ( #468, #619, #2676, #1911 ) ) ;
#2725 = DIRECTION ( 'NONE',  ( -1.000000000000000000, 0.000000000000000000, 0.000000000000000000 ) ) ;
#2726 = CARTESIAN_POINT ( 'NONE',  ( -4.987405107466044876E-16, 9.150000000000002132, 5.000000000000000888 ) ) ;
#2727 = ADVANCED_FACE ( 'NONE', ( #2173 ), #1182, .F. ) ;
#2728 = ORIENTED_EDGE ( 'NONE', *, *, #845, .T. ) ;
#2729 = EDGE_CURVE ( 'NONE', #446, #2702, #1201, .T. ) ;
#2730 = DIRECTION ( 'NONE',  ( -0.000000000000000000, -0.000000000000000000, -1.000000000000000000 ) ) ;
#2731 = ORIENTED_EDGE ( 'NONE', *, *, #748, .F. ) ;
#2732 = ORIENTED_EDGE ( 'NONE', *, *, #708, .F. ) ;
#2733 = PERSON ( 'UNSPECIFIED', 'UNSPECIFIED', 'UNSPECIFIED', ('UNSPECIFIED'), ('UNSPECIFIED'), ('UNSPECIFIED') ) ;
#2734 = VECTOR ( 'NONE', #291, 1000.000000000000000 ) ;
#2735 = FACE_OUTER_BOUND ( 'NONE', #2045, .T. ) ;
#2736 = EDGE_CURVE ( 'NONE', #1394, #2943, #895, .T. ) ;
#2737 = VERTEX_POINT ( 'NONE', #1690 ) ;
#2738 = PERSON_AND_ORGANIZATION_ROLE ( 'creator' ) ;
#2739 = DIRECTION ( 'NONE',  ( -0.7071067811865481278, -8.111832512196876062E-17, 0.7071067811865470176 ) ) ;
#2740 = CARTESIAN_POINT ( 'NONE',  ( -12.99999999999999822, 65.50691563653040816, 5.299999999999995381 ) ) ;
#2741 = DIRECTION ( 'NONE',  ( -0.9848077530122074652, 0.1736481776669342447, 0.000000000000000000 ) ) ;
#2742 = ORIENTED_EDGE ( 'NONE', *, *, #2427, .F. ) ;
#2743 = DIRECTION ( 'NONE',  ( -0.9848077530122074652, 0.1736481776669342447, 0.000000000000000000 ) ) ;
#2744 = CARTESIAN_POINT ( 'NONE',  ( -5.928108985557630106, 6.215769899223351658, 0.09999999999998900047 ) ) ;
#2745 = ORIENTED_EDGE ( 'NONE', *, *, #1186, .F. ) ;
#2746 = FACE_OUTER_BOUND ( 'NONE', #1722, .T. ) ;
#2747 = EDGE_LOOP ( 'NONE', ( #2790, #2820, #1221, #1191 ) ) ;
#2748 = ORIENTED_EDGE ( 'NONE', *, *, #1552, .F. ) ;
#2749 = CARTESIAN_POINT ( 'NONE',  ( 10.06725442184117547, 65.50691563653042238, 4.317005940799996999 ) ) ;
#2750 = DIRECTION ( 'NONE',  ( 0.000000000000000000, 1.000000000000000000, -0.000000000000000000 ) ) ;
#2751 = ORIENTED_EDGE ( 'NONE', *, *, #2068, .F. ) ;
#2752 = APPROVAL ( #2018, 'UNSPECIFIED' ) ;
#2753 = ORIENTED_EDGE ( 'NONE', *, *, #2982, .T. ) ;
#2754 = DIRECTION ( 'NONE',  ( 0.6963642403200140940, 0.1227878039689735828, 0.7071067811865522357 ) ) ;
#2755 = LINE ( 'NONE', #1541, #851 ) ;
#2756 = LINE ( 'NONE', #1744, #1560 ) ;
#2757 = FACE_OUTER_BOUND ( 'NONE', #1247, .T. ) ;
#2758 = EDGE_CURVE ( 'NONE', #2814, #2497, #1656, .T. ) ;
#2759 = CARTESIAN_POINT ( 'NONE',  ( -6.403640975977406669, 67.51495065920511252, 6.794505350035053404 ) ) ;
#2760 = DIRECTION ( 'NONE',  ( 1.000000000000000000, 0.000000000000000000, -0.000000000000000000 ) ) ;
#2761 = ORIENTED_EDGE ( 'NONE', *, *, #2859, .T. ) ;
#2762 = CARTESIAN_POINT ( 'NONE',  ( -8.490312171314309708, 55.50691563653040816, 0.000000000000000000 ) ) ;
#2763 = EDGE_LOOP ( 'NONE', ( #2026, #2080, #2017, #2473 ) ) ;
#2764 = EDGE_LOOP ( 'NONE', ( #2610, #1390, #1249, #288 ) ) ;
#2765 = DIRECTION ( 'NONE',  ( -1.000000000000000000, -5.425952458852515230E-17, 0.000000000000000000 ) ) ;
#2766 = CARTESIAN_POINT ( 'NONE',  ( 9.338066964079528631, -17.68616706283100370, 5.000000000000000000 ) ) ;
#2767 = VERTEX_POINT ( 'NONE', #920 ) ;
#2768 = DIRECTION ( 'NONE',  ( -0.6963642403200077657, 0.1227878039689746237, 0.7071067811865582309 ) ) ;
#2769 = EDGE_CURVE ( 'NONE', #892, #253, #3141, .T. ) ;
#2770 = AXIS2_PLACEMENT_3D ( 'NONE', #2431, #989, #171 ) ;
#2771 = EDGE_CURVE ( 'NONE', #150, #2814, #725, .T. ) ;
#2772 = DIRECTION ( 'NONE',  ( -1.000000000000000000, 0.000000000000000000, -0.000000000000000000 ) ) ;
#2773 = VECTOR ( 'NONE', #2233, 1000.000000000000000 ) ;
#2774 = CARTESIAN_POINT ( 'NONE',  ( -9.769885813337429781, 67.50691563653040816, 13.89294048252997094 ) ) ;
#2775 = ORGANIZATION ( 'UNSPECIFIED', 'UNSPECIFIED', '' ) ;
#2776 = CIRCLE ( 'NONE', #678, 9.493084363469568743 ) ;
#2777 = CARTESIAN_POINT ( 'NONE',  ( -4.509695515281515910, 68.86282373520030831, 5.103579357599049793 ) ) ;
#2778 = CARTESIAN_POINT ( 'NONE',  ( -11.14176933295300920, 67.50691563653040816, 4.985959449976879121 ) ) ;
#2779 = EDGE_CURVE ( 'NONE', #1738, #580, #34, .T. ) ;
#2780 = ORIENTED_EDGE ( 'NONE', *, *, #1211, .F. ) ;
#2781 = CARTESIAN_POINT ( 'NONE',  ( 0.000000000000000000, -2.775557561562891351E-14, 5.000000000000000000 ) ) ;
#2782 = ORIENTED_EDGE ( 'NONE', *, *, #1799, .F. ) ;
#2783 = CARTESIAN_POINT ( 'NONE',  ( 9.348863081143786502, 62.15537243668538281, 0.1000000000000035721 ) ) ;
#2784 = AXIS2_PLACEMENT_3D ( 'NONE', #2464, #2938, #1939 ) ;
#2785 = PLANE ( 'NONE',  #3182 ) ;
#2786 = VECTOR ( 'NONE', #2518, 1000.000000000000114 ) ;
#2787 = PLANE ( 'NONE',  #1882 ) ;
#2788 = ORIENTED_EDGE ( 'NONE', *, *, #200, .F. ) ;
#2789 = CARTESIAN_POINT ( 'NONE',  ( 6.412382609603895389, 67.50691563653040816, 5.000000000000000000 ) ) ;
#2790 = ORIENTED_EDGE ( 'NONE', *, *, #1575, .T. ) ;
#2791 = CARTESIAN_POINT ( 'NONE',  ( 1.284247211982853775E-15, 60.50691563653041527, 5.000000000000000000 ) ) ;
#2792 = AXIS2_PLACEMENT_3D ( 'NONE', #2088, #2843, #2561 ) ;
#2793 = DIRECTION ( 'NONE',  ( 1.000000000000000000, 0.000000000000000000, 0.000000000000000000 ) ) ;
#2794 = ADVANCED_FACE ( 'NONE', ( #2441 ), #1966, .F. ) ;
#2795 = FACE_BOUND ( 'NONE', #2987, .T. ) ;
#2796 = DIRECTION ( 'NONE',  ( -0.9848077530122073542, -0.1736481776669344668, 0.000000000000000000 ) ) ;
#2797 = ORIENTED_EDGE ( 'NONE', *, *, #1855, .T. ) ;
#2798 = EDGE_CURVE ( 'NONE', #202, #2101, #2204, .T. ) ;
#2799 = CARTESIAN_POINT ( 'NONE',  ( 16.34295434251162149, 12.69999999999996021, 5.000000000000000000 ) ) ;
#2800 = ORIENTED_EDGE ( 'NONE', *, *, #827, .T. ) ;
#2801 = ADVANCED_FACE ( 'NONE', ( #2704 ), #1460, .F. ) ;
#2802 = DIRECTION ( 'NONE',  ( -0.000000000000000000, -0.000000000000000000, 1.000000000000000000 ) ) ;
#2803 = DIRECTION ( 'NONE',  ( 0.6963642403200157593, 0.1227878039689752759, 0.7071067811865502373 ) ) ;
#2804 = LINE ( 'NONE', #1065, #3003 ) ;
#2805 = CARTESIAN_POINT ( 'NONE',  ( -9.571988491230264628, 65.50691563653042238, 3.969514840000186950 ) ) ;
#2806 = PLANE ( 'NONE',  #3076 ) ;
#2807 = LINE ( 'NONE', #293, #696 ) ;
#2808 = CARTESIAN_POINT ( 'NONE',  ( -12.37829353055360215, 67.50691563653042238, 5.526844538952547126 ) ) ;
#2809 = EDGE_CURVE ( 'NONE', #152, #743, #2723, .T. ) ;
#2810 = CARTESIAN_POINT ( 'NONE',  ( -8.934346048129897966, 12.89999999999995239, 0.000000000000000000 ) ) ;
#2811 = EDGE_CURVE ( 'NONE', #238, #2812, #2756, .T. ) ;
#2812 = VERTEX_POINT ( 'NONE', #1804 ) ;
#2813 = ORIENTED_EDGE ( 'NONE', *, *, #121, .F. ) ;
#2814 = VERTEX_POINT ( 'NONE', #1269 ) ;
#2815 = CARTESIAN_POINT ( 'NONE',  ( -8.998127716406585819, 65.50691563653040816, 14.31790101136282622 ) ) ;
#2816 = LINE ( 'NONE', #567, #1183 ) ;
#2817 = ORIENTED_EDGE ( 'NONE', *, *, #2047, .F. ) ;
#2818 = EDGE_CURVE ( 'NONE', #1925, #271, #22, .T. ) ;
#2819 = CIRCLE ( 'NONE', #1715, 1.350000000000036948 ) ;
#2820 = ORIENTED_EDGE ( 'NONE', *, *, #546, .F. ) ;
#2821 = DIRECTION ( 'NONE',  ( 0.1736481776669344390, -0.9848077530122072432, 0.000000000000000000 ) ) ;
#2822 = LINE ( 'NONE', #2365, #1723 ) ;
#2823 = AXIS2_PLACEMENT_3D ( 'NONE', #1338, #3074, #2579 ) ;
#2824 = DIRECTION ( 'NONE',  ( -3.836727778050423784E-17, 0.7071067811865454633, 0.7071067811865495711 ) ) ;
#2825 = LINE ( 'NONE', #625, #2988 ) ;
#2826 = CARTESIAN_POINT ( 'NONE',  ( 5.928108985557646982, 6.215769899223351658, 0.000000000000000000 ) ) ;
#2827 = AXIS2_PLACEMENT_3D ( 'NONE', #1283, #1789, #2296 ) ;
#2828 = AXIS2_PLACEMENT_3D ( 'NONE', #365, #1138, #864 ) ;
#2829 = CARTESIAN_POINT ( 'NONE',  ( 19.59767428494293640, 3.455598735571996372, 0.000000000000000000 ) ) ;
#2830 = EDGE_LOOP ( 'NONE', ( #1057, #2327, #914, #2346 ) ) ;
#2831 = EDGE_CURVE ( 'NONE', #580, #996, #1714, .T. ) ;
#2832 = DIRECTION ( 'NONE',  ( -0.1736481776669343557, 0.9848077530122072432, 0.000000000000000000 ) ) ;
#2833 = ADVANCED_FACE ( 'NONE', ( #1542 ), #1236, .T. ) ;
#2834 = ORIENTED_EDGE ( 'NONE', *, *, #2388, .F. ) ;
#2835 = CARTESIAN_POINT ( 'NONE',  ( -4.987405107466044876E-16, 9.150000000000002132, 20.00100000000000477 ) ) ;
#2836 = CARTESIAN_POINT ( 'NONE',  ( 3.407795511017206458, 69.37670400108680724, 5.000000000000000000 ) ) ;
#2837 = ORIENTED_EDGE ( 'NONE', *, *, #1089, .T. ) ;
#2838 = ADVANCED_FACE ( 'NONE', ( #2300 ), #457, .F. ) ;
#2839 = CARTESIAN_POINT ( 'NONE',  ( -4.987405107466044876E-16, 9.150000000000002132, 0.000000000000000000 ) ) ;
#2840 = CARTESIAN_POINT ( 'NONE',  ( 11.12580564544761152, 67.60030443828389934, 4.988854209374523840 ) ) ;
#2841 = CONICAL_SURFACE ( 'NONE', #1796, 20.00000000000001776, 0.7853981633974482790 ) ;
#2842 = CARTESIAN_POINT ( 'NONE',  ( -6.412382609603891837, 67.50691563653040816, 1.000000000000000000 ) ) ;
#2843 = DIRECTION ( 'NONE',  ( -0.000000000000000000, -0.000000000000000000, 1.000000000000000000 ) ) ;
#2844 = CARTESIAN_POINT ( 'NONE',  ( 9.338066964079528631, -17.68616706283100370, 0.1000000000000028644 ) ) ;
#2845 = LINE ( 'NONE', #597, #2119 ) ;
#2846 = VERTEX_POINT ( 'NONE', #2774 ) ;
#2847 = VERTEX_POINT ( 'NONE', #557 ) ;
#2848 = CARTESIAN_POINT ( 'NONE',  ( -8.043932898696930067, 65.15988191514756522, 4.900390564044406538 ) ) ;
#2849 = VECTOR ( 'NONE', #677, 1000.000000000000000 ) ;
#2850 = ORIENTED_EDGE ( 'NONE', *, *, #1339, .F. ) ;
#2851 = APPROVAL_STATUS ( 'not_yet_approved' ) ;
#2852 = VERTEX_POINT ( 'NONE', #52 ) ;
#2853 = DIRECTION ( 'NONE',  ( -0.8759792377278958764, 0.000000000000000000, -0.4823488105817762550 ) ) ;
#2854 = CARTESIAN_POINT ( 'NONE',  ( 9.136472062616267209, -17.45321971010031703, 5.000000000000000000 ) ) ;
#2855 = CARTESIAN_POINT ( 'NONE',  ( 0.000000000000000000, -2.775557561562891351E-14, 5.000000000000000000 ) ) ;
#2856 = DIRECTION ( 'NONE',  ( 1.000000000000000000, 5.116593876934453265E-15, 0.000000000000000000 ) ) ;
#2857 = DIRECTION ( 'NONE',  ( -0.000000000000000000, -0.000000000000000000, -1.000000000000000000 ) ) ;
#2858 = CARTESIAN_POINT ( 'NONE',  ( -12.99999999999999822, 66.03704262643900336, 6.886720701994204497 ) ) ;
#2859 = EDGE_CURVE ( 'NONE', #221, #1278, #245, .T. ) ;
#2860 = PLANE ( 'NONE',  #1691 ) ;
#2861 = ORIENTED_EDGE ( 'NONE', *, *, #126, .T. ) ;
#2862 = ORIENTED_EDGE ( 'NONE', *, *, #455, .T. ) ;
#2863 = CARTESIAN_POINT ( 'NONE',  ( -7.936661321525345869, 65.19518473626639832, 4.975185855608010854 ) ) ;
#2864 = EDGE_LOOP ( 'NONE', ( #2112, #943, #2817, #2630 ) ) ;
#2865 = CARTESIAN_POINT ( 'NONE',  ( -7.053738196508254761E-16, 12.99999999999996980, 4.699999999999977973 ) ) ;
#2866 = CARTESIAN_POINT ( 'NONE',  ( -10.99999999999999822, 67.50691563653040816, 18.00000000000000355 ) ) ;
#2867 = ADVANCED_FACE ( 'NONE', ( #1497 ), #2256, .F. ) ;
#2868 = DIRECTION ( 'NONE',  ( -0.000000000000000000, -0.000000000000000000, -1.000000000000000000 ) ) ;
#2869 = DIRECTION ( 'NONE',  ( 0.000000000000000000, 0.000000000000000000, -1.000000000000000000 ) ) ;
#2870 = CARTESIAN_POINT ( 'NONE',  ( 3.956199771728981407, 67.50691563653040816, 7.184735992524829307 ) ) ;
#2871 = VECTOR ( 'NONE', #3188, 1000.000000000000114 ) ;
#2872 = DIRECTION ( 'NONE',  ( 1.000000000000000000, 0.000000000000000000, 0.000000000000000000 ) ) ;
#2873 = ADVANCED_FACE ( 'NONE', ( #2491 ), #7, .F. ) ;
#2874 = ORIENTED_EDGE ( 'NONE', *, *, #1471, .F. ) ;
#2875 = VECTOR ( 'NONE', #1578, 1000.000000000000000 ) ;
#2876 = VECTOR ( 'NONE', #1982, 1000.000000000000000 ) ;
#2877 = VERTEX_POINT ( 'NONE', #1511 ) ;
#2878 = VECTOR ( 'NONE', #2765, 1000.000000000000000 ) ;
#2879 = LINE ( 'NONE', #2099, #1726 ) ;
#2880 = ORIENTED_EDGE ( 'NONE', *, *, #1969, .F. ) ;
#2881 = EDGE_LOOP ( 'NONE', ( #2436, #1014, #1374, #2581 ) ) ;
#2882 = CIRCLE ( 'NONE', #1104, 19.70000000000002771 ) ;
#2883 = CARTESIAN_POINT ( 'NONE',  ( -11.36199568188055942, 66.17474343268601444, 4.921090916849474084 ) ) ;
#2884 = CARTESIAN_POINT ( 'NONE',  ( 5.928108985557646982, 6.215769899223351658, 0.000000000000000000 ) ) ;
#2885 = DIRECTION ( 'NONE',  ( -0.6444004775717622202, 0.5407162030609300452, 0.5407162030609550252 ) ) ;
#2886 = DIRECTION ( 'NONE',  ( 0.6963642403200196451, 0.1227878039689781625, -0.7071067811865460184 ) ) ;
#2887 = FACE_OUTER_BOUND ( 'NONE', #2642, .T. ) ;
#2888 = EDGE_CURVE ( 'NONE', #915, #2852, #1002, .T. ) ;
#2889 = AXIS2_PLACEMENT_3D ( 'NONE', #163, #2172, #905 ) ;
#2890 = DIRECTION ( 'NONE',  ( -0.000000000000000000, -0.000000000000000000, -1.000000000000000000 ) ) ;
#2891 = CARTESIAN_POINT ( 'NONE',  ( 8.490312171314309708, 55.50691563653040816, 0.000000000000000000 ) ) ;
#2892 = EDGE_LOOP ( 'NONE', ( #136, #3001, #795, #1942 ) ) ;
#2893 = CC_DESIGN_DATE_AND_TIME_ASSIGNMENT ( #1588, #618, ( #1570 ) ) ;
#2894 = ORIENTED_EDGE ( 'NONE', *, *, #3165, .T. ) ;
#2895 = CARTESIAN_POINT ( 'NONE',  ( 8.328344660325925020, 65.06293648270431618, 1.162245173182418378 ) ) ;
#2896 = ORIENTED_EDGE ( 'NONE', *, *, #2888, .T. ) ;
#2897 = EDGE_CURVE ( 'NONE', #416, #238, #742, .T. ) ;
#2898 = FACE_OUTER_BOUND ( 'NONE', #1990, .T. ) ;
#2899 = CARTESIAN_POINT ( 'NONE',  ( 7.495116093419036396, 12.99999999999996980, 0.09999999999998868128 ) ) ;
#2900 = CARTESIAN_POINT ( 'NONE',  ( 8.490312171314309708, 55.50691563653040816, 0.1000000000000167422 ) ) ;
#2901 = CARTESIAN_POINT ( 'NONE',  ( 1.284247211982853775E-15, 60.50691563653041527, 5.000000000000000000 ) ) ;
#2902 = DIRECTION ( 'NONE',  ( -1.000000000000000000, 0.000000000000000000, 0.000000000000000000 ) ) ;
#2903 = CARTESIAN_POINT ( 'NONE',  ( -12.42863467479704553, 65.50691563653042238, 5.407093236202269004 ) ) ;
#2904 = UNCERTAINTY_MEASURE_WITH_UNIT (LENGTH_MEASURE( 1.000000000000000082E-05 ), #47, 'distance_accuracy_value', 'NONE');
#2905 = DIRECTION ( 'NONE',  ( -0.000000000000000000, -0.000000000000000000, 1.000000000000000000 ) ) ;
#2906 = CARTESIAN_POINT ( 'NONE',  ( 17.82502032952098858, 3.143032015771519472, 0.000000000000000000 ) ) ;
#2907 = ORIENTED_EDGE ( 'NONE', *, *, #2093, .T. ) ;
#2908 = VECTOR ( 'NONE', #1168, 1000.000000000000114 ) ;
#2909 = EDGE_CURVE ( 'NONE', #1120, #1705, #984, .T. ) ;
#2910 = DIRECTION ( 'NONE',  ( -1.000000000000000000, 0.000000000000000000, 0.000000000000000000 ) ) ;
#2911 = ORIENTED_EDGE ( 'NONE', *, *, #1764, .F. ) ;
#2912 = VERTEX_POINT ( 'NONE', #280 ) ;
#2913 = CARTESIAN_POINT ( 'NONE',  ( 10.96945325030449858, 1.934210571648896870, 0.1000000000000153960 ) ) ;
#2914 = ADVANCED_FACE ( 'NONE', ( #3026 ), #730, .T. ) ;
#2915 = DIRECTION ( 'NONE',  ( -3.836727778050423784E-17, 0.7071067811865454633, 0.7071067811865495711 ) ) ;
#2916 = DIRECTION ( 'NONE',  ( 0.000000000000000000, 0.000000000000000000, 1.000000000000000000 ) ) ;
#2917 = CARTESIAN_POINT ( 'NONE',  ( 19.69615506024414842, 3.472963553338741072, 4.700000000000005507 ) ) ;
#2918 = CARTESIAN_POINT ( 'NONE',  ( -12.26292397192978711, 65.50691563653040816, 5.256845182171998587 ) ) ;
#2919 = DIRECTION ( 'NONE',  ( 1.000000000000000000, 0.000000000000000000, 0.000000000000000000 ) ) ;
#2920 = LINE ( 'NONE', #1224, #658 ) ;
#2921 = DIRECTION ( 'NONE',  ( 0.4823488105817763105, 0.000000000000000000, -0.8759792377278959874 ) ) ;
#2922 = AXIS2_PLACEMENT_3D ( 'NONE', #74, #2760, #745 ) ;
#2923 = VERTEX_POINT ( 'NONE', #2558 ) ;
#2924 = DIRECTION ( 'NONE',  ( 0.4823488105817763105, 0.000000000000000000, -0.8759792377278959874 ) ) ;
#2925 = EDGE_CURVE ( 'NONE', #682, #2297, #2051, .T. ) ;
#2926 = VERTEX_POINT ( 'NONE', #3114 ) ;
#2927 = ADVANCED_FACE ( 'NONE', ( #3087 ), #1906, .T. ) ;
#2928 = CARTESIAN_POINT ( 'NONE',  ( -1.455565291353026308E-17, 57.23454678147344765, 5.000000000000000000 ) ) ;
#2929 = ORIENTED_EDGE ( 'NONE', *, *, #2897, .T. ) ;
#2930 = DIRECTION ( 'NONE',  ( 0.000000000000000000, -1.000000000000000000, 0.000000000000000000 ) ) ;
#2931 = ADVANCED_FACE ( 'NONE', ( #1349 ), #2357, .T. ) ;
#2932 = AXIS2_PLACEMENT_3D ( 'NONE', #2645, #705, #666 ) ;
#2933 = CARTESIAN_POINT ( 'NONE',  ( -7.900810092254384465, 65.50691563653040816, 5.299999999999995381 ) ) ;
#2934 = CARTESIAN_POINT ( 'NONE',  ( 1.284247211982853775E-15, 60.50691563653041527, 1.000000000000000000 ) ) ;
#2935 = CARTESIAN_POINT ( 'NONE',  ( -5.928108985557627442, -16.46655369724533102, 0.000000000000000000 ) ) ;
#2936 = CIRCLE ( 'NONE', #110, 2.000000000000000444 ) ;
#2937 = DIRECTION ( 'NONE',  ( 0.000000000000000000, 0.000000000000000000, 1.000000000000000000 ) ) ;
#2938 = DIRECTION ( 'NONE',  ( -0.000000000000000000, 0.000000000000000000, 1.000000000000000000 ) ) ;
#2939 = ORIENTED_EDGE ( 'NONE', *, *, #3021, .F. ) ;
#2940 = CARTESIAN_POINT ( 'NONE',  ( -12.99999999999999822, 67.50691563653040816, 6.982747404330663876 ) ) ;
#2941 = VECTOR ( 'NONE', #2125, 1000.000000000000000 ) ;
#2942 = EDGE_LOOP ( 'NONE', ( #59, #3162, #1423, #108 ) ) ;
#2943 = VERTEX_POINT ( 'NONE', #3100 ) ;
#2944 = DIRECTION ( 'NONE',  ( 1.000000000000000000, 0.000000000000000000, 0.000000000000000000 ) ) ;
#2945 = PLANE ( 'NONE',  #1880 ) ;
#2946 = ORIENTED_EDGE ( 'NONE', *, *, #1635, .F. ) ;
#2947 = CARTESIAN_POINT ( 'NONE',  ( 0.000000000000000000, -2.775557561562891351E-14, 0.1000000000000028644 ) ) ;
#2948 = CARTESIAN_POINT ( 'NONE',  ( -12.99999999999999822, 65.50691563653040816, 6.831962940475420076 ) ) ;
#2949 = VERTEX_POINT ( 'NONE', #2619 ) ;
#2950 = DIRECTION ( 'NONE',  ( -0.000000000000000000, -0.000000000000000000, 1.000000000000000000 ) ) ;
#2951 = DIRECTION ( 'NONE',  ( -1.000000000000000000, 0.000000000000000000, -0.000000000000000000 ) ) ;
#2952 = EDGE_CURVE ( 'NONE', #531, #1646, #1984, .T. ) ;
#2953 = ORIENTED_EDGE ( 'NONE', *, *, #2689, .T. ) ;
#2954 = CARTESIAN_POINT ( 'NONE',  ( -4.018739323705082356, -14.55718403539278505, 2.009369661852537181 ) ) ;
#2955 = VERTEX_POINT ( 'NONE', #1638 ) ;
#2956 = ORIENTED_EDGE ( 'NONE', *, *, #189, .T. ) ;
#2957 = CARTESIAN_POINT ( 'NONE',  ( 0.000000000000000000, -2.775557561562891351E-14, 0.1000000000000028644 ) ) ;
#2958 = LINE ( 'NONE', #2667, #3179 ) ;
#2959 = EDGE_LOOP ( 'NONE', ( #1386, #1861, #241, #2697 ) ) ;
#2960 = CARTESIAN_POINT ( 'NONE',  ( -9.765968881577684613, 67.50691563653040816, 4.724023993749974615 ) ) ;
#2961 = DIRECTION ( 'NONE',  ( 0.000000000000000000, 0.7071067811865475727, -0.7071067811865475727 ) ) ;
#2962 = ORIENTED_EDGE ( 'NONE', *, *, #2586, .F. ) ;
#2963 = EDGE_CURVE ( 'NONE', #277, #2534, #2106, .T. ) ;
#2964 = DIRECTION ( 'NONE',  ( 0.000000000000000000, 0.000000000000000000, 1.000000000000000000 ) ) ;
#2965 = CARTESIAN_POINT ( 'NONE',  ( 11.67578664169474756, 65.50691563653039395, 4.926334647706693382 ) ) ;
#2966 = ORIENTED_EDGE ( 'NONE', *, *, #593, .T. ) ;
#2967 = EDGE_CURVE ( 'NONE', #1420, #2949, #2822, .T. ) ;
#2968 = CARTESIAN_POINT ( 'NONE',  ( -12.99999999999999822, 66.83863678813098375, 6.955480486318784905 ) ) ;
#2969 = ORIENTED_EDGE ( 'NONE', *, *, #3204, .T. ) ;
#2970 = EDGE_LOOP ( 'NONE', ( #1047, #2389, #172, #1567 ) ) ;
#2971 = VECTOR ( 'NONE', #181, 1000.000000000000114 ) ;
#2972 = VECTOR ( 'NONE', #191, 1000.000000000000000 ) ;
#2973 = CARTESIAN_POINT ( 'NONE',  ( 3.523381593646964493E-15, 55.50691563653041527, 0.09999999999998868128 ) ) ;
#2974 = ORIENTED_EDGE ( 'NONE', *, *, #3086, .F. ) ;
#2975 = MECHANICAL_CONTEXT ( 'NONE', #313, 'mechanical' ) ;
#2976 = VECTOR ( 'NONE', #79, 1000.000000000000114 ) ;
#2977 = ORIENTED_EDGE ( 'NONE', *, *, #561, .T. ) ;
#2978 = PLANE ( 'NONE',  #2693 ) ;
#2979 = CARTESIAN_POINT ( 'NONE',  ( -10.06470726705005170, 65.50691563653040816, 4.315315482484925802 ) ) ;
#2980 = EDGE_LOOP ( 'NONE', ( #1293, #850, #2245, #1022 ) ) ;
#2981 = FACE_OUTER_BOUND ( 'NONE', #534, .T. ) ;
#2982 = EDGE_CURVE ( 'NONE', #2449, #2486, #2096, .T. ) ;
#2983 = DIRECTION ( 'NONE',  ( 1.000000000000000000, 9.769962616701375978E-15, 0.000000000000000000 ) ) ;
#2984 = VECTOR ( 'NONE', #1547, 1000.000000000000000 ) ;
#2985 = CARTESIAN_POINT ( 'NONE',  ( 12.54916439978030951, 67.50691563653040816, 5.710534262637484204 ) ) ;
#2986 = ORIENTED_EDGE ( 'NONE', *, *, #1452, .T. ) ;
#2987 = EDGE_LOOP ( 'NONE', ( #541, #2266, #2953, #999 ) ) ;
#2988 = VECTOR ( 'NONE', #2857, 1000.000000000000000 ) ;
#2989 = CARTESIAN_POINT ( 'NONE',  ( 5.928108985557646982, 6.215769899223351658, 4.699999999999991296 ) ) ;
#2990 = DIRECTION ( 'NONE',  ( -0.6963642403200053232, 0.1227878039689732775, 0.7071067811865608954 ) ) ;
#2991 = VERTEX_POINT ( 'NONE', #1840 ) ;
#2992 = ADVANCED_FACE ( 'NONE', ( #371 ), #1605, .T. ) ;
#2993 = ORIENTED_EDGE ( 'NONE', *, *, #546, .T. ) ;
#2994 = CARTESIAN_POINT ( 'NONE',  ( 9.250382305842563824, 62.13800761891869229, 0.000000000000000000 ) ) ;
#2995 = VECTOR ( 'NONE', #2430, 1000.000000000000000 ) ;
#2996 = LINE ( 'NONE', #2475, #322 ) ;
#2997 = DIRECTION ( 'NONE',  ( -0.5102736053747287670, -0.6081204024113322504, -0.6081204024113603390 ) ) ;
#2998 = FACE_OUTER_BOUND ( 'NONE', #1597, .T. ) ;
#2999 = CARTESIAN_POINT ( 'NONE',  ( -11.39058160308622014, 67.50691563653042238, 5.015528122993009319 ) ) ;
#3000 = DIRECTION ( 'NONE',  ( 1.000000000000000000, 5.425952458852515230E-17, 0.000000000000000000 ) ) ;
#3001 = ORIENTED_EDGE ( 'NONE', *, *, #2631, .F. ) ;
#3002 = ADVANCED_FACE ( 'NONE', ( #2332 ), #2378, .T. ) ;
#3003 = VECTOR ( 'NONE', #2573, 1000.000000000000114 ) ;
#3004 = CARTESIAN_POINT ( 'NONE',  ( 9.270927449379897212, -17.60851794525410696, 0.000000000000000000 ) ) ;
#3005 = DIRECTION ( 'NONE',  ( -0.1736481776669342170, -0.9848077530122073542, 0.000000000000000000 ) ) ;
#3006 = ORIENTED_EDGE ( 'NONE', *, *, #2487, .F. ) ;
#3007 = APPROVAL_ROLE ( '' ) ;
#3008 = ADVANCED_FACE ( 'NONE', ( #96 ), #71, .F. ) ;
#3009 = PLANE ( 'NONE',  #2147 ) ;
#3010 = CARTESIAN_POINT ( 'NONE',  ( 13.00000000000000178, 65.50691563653040816, 18.00000000000000355 ) ) ;
#3011 = CARTESIAN_POINT ( 'NONE',  ( -5.928108985557627442, -16.46655369724533102, 0.000000000000000000 ) ) ;
#3012 = CARTESIAN_POINT ( 'NONE',  ( -5.028190858930063456, 68.56131736594423387, 5.233277234504127406 ) ) ;
#3013 = CARTESIAN_POINT ( 'NONE',  ( -11.74961073822021440, 67.50691563653040816, 5.122620970532245188 ) ) ;
#3014 = ORIENTED_EDGE ( 'NONE', *, *, #641, .F. ) ;
#3015 = CARTESIAN_POINT ( 'NONE',  ( -5.928108985557630106, 6.215769899223351658, 0.000000000000000000 ) ) ;
#3016 = ORIENTED_EDGE ( 'NONE', *, *, #2010, .F. ) ;
#3017 = CONICAL_SURFACE ( 'NONE', #1770, 19.70000000000002771, 0.7853981633974425058 ) ;
#3018 = DIRECTION ( 'NONE',  ( 0.1736481776669344390, -0.9848077530122072432, 0.000000000000000000 ) ) ;
#3019 = DIRECTION ( 'NONE',  ( -0.5102736053747217726, -0.6081204024113370243, 0.6081204024113615603 ) ) ;
#3020 = EDGE_LOOP ( 'NONE', ( #828, #1767, #1940, #3014 ) ) ;
#3021 = EDGE_CURVE ( 'NONE', #450, #1076, #257, .T. ) ;
#3022 = CARTESIAN_POINT ( 'NONE',  ( -7.495116093419020409, 12.99999999999997335, 0.000000000000000000 ) ) ;
#3023 = VECTOR ( 'NONE', #3202, 1000.000000000000000 ) ;
#3024 = ORIENTED_EDGE ( 'NONE', *, *, #398, .T. ) ;
#3025 = CARTESIAN_POINT ( 'NONE',  ( -6.633279287816796987, 67.50691563653040816, 2.095126064647573116 ) ) ;
#3026 = FACE_OUTER_BOUND ( 'NONE', #2763, .T. ) ;
#3027 = APPROVAL_PERSON_ORGANIZATION ( #1540, #2752, #3007 ) ;
#3028 = EDGE_CURVE ( 'NONE', #1157, #202, #1381, .T. ) ;
#3029 = CIRCLE ( 'NONE', #839, 20.00000000000001776 ) ;
#3030 = CARTESIAN_POINT ( 'NONE',  ( -5.925580785731994204, 67.92497249178315144, 5.764487245932442328 ) ) ;
#3031 = CARTESIAN_POINT ( 'NONE',  ( -3.922852352483172211, 4.210513266148891987, 2.105256633074449546 ) ) ;
#3032 = EDGE_CURVE ( 'NONE', #583, #199, #353, .T. ) ;
#3033 = VERTEX_POINT ( 'NONE', #1869 ) ;
#3034 = CARTESIAN_POINT ( 'NONE',  ( 12.98819150003486023, 67.50691563653040816, 6.732458710509264144 ) ) ;
#3035 = ORIENTED_EDGE ( 'NONE', *, *, #1652, .F. ) ;
#3036 = CONICAL_SURFACE ( 'NONE', #1736, 11.26613305142865862, 0.7853981633974511656 ) ;
#3037 = CARTESIAN_POINT ( 'NONE',  ( -7.495116093419020409, 12.69999999999997264, 5.000000000000000000 ) ) ;
#3038 = DIRECTION ( 'NONE',  ( 1.000000000000000000, 0.000000000000000000, 0.000000000000000000 ) ) ;
#3039 = CALENDAR_DATE ( 2026, 15, 8 ) ;
#3040 = ORIENTED_EDGE ( 'NONE', *, *, #1250, .T. ) ;
#3041 = DIRECTION ( 'NONE',  ( 0.9848077530122073542, 0.1736481776669343835, -0.000000000000000000 ) ) ;
#3042 = AXIS2_PLACEMENT_3D ( 'NONE', #2791, #490, #982 ) ;
#3043 = CARTESIAN_POINT ( 'NONE',  ( 8.591536611691298120, 65.50691563653040816, 20.00000000000000000 ) ) ;
#3044 = APPROVAL ( #2851, 'UNSPECIFIED' ) ;
#3045 = DIRECTION ( 'NONE',  ( -0.000000000000000000, -0.000000000000000000, -1.000000000000000000 ) ) ;
#3046 = CARTESIAN_POINT ( 'NONE',  ( -17.72653955421973393, 3.125667198004816072, 0.000000000000000000 ) ) ;
#3047 = CARTESIAN_POINT ( 'NONE',  ( 12.96296247145704328, 65.50691563653042238, 6.385356756947463630 ) ) ;
#3048 = DIRECTION ( 'NONE',  ( 1.147186355444782730E-16, -1.000000000000000000, 0.000000000000000000 ) ) ;
#3049 = EDGE_CURVE ( 'NONE', #2074, #1405, #2306, .T. ) ;
#3050 = EDGE_LOOP ( 'NONE', ( #2708, #1881, #32, #2582 ) ) ;
#3051 = EDGE_LOOP ( 'NONE', ( #3111, #2140, #1784, #1488, #1341, #1137, #1974, #1402, #1081, #154, #472, #295, #2252, #2164 ) ) ;
#3052 = LINE ( 'NONE', #2538, #2976 ) ;
#3053 = CARTESIAN_POINT ( 'NONE',  ( -8.328344660325921467, 65.06293648270431618, 1.324649979211194983 ) ) ;
#3054 = DIRECTION ( 'NONE',  ( 0.1736481776669342170, 0.9848077530122073542, 0.000000000000000000 ) ) ;
#3055 = DIRECTION ( 'NONE',  ( -0.1736481776669344390, 0.9848077530122072432, 0.000000000000000000 ) ) ;
#3056 = CARTESIAN_POINT ( 'NONE',  ( 1.349999999991789768, -19.45000000000000639, 5.000000000000000888 ) ) ;
#3057 = ADVANCED_FACE ( 'NONE', ( #1128 ), #2184, .T. ) ;
#3058 = CARTESIAN_POINT ( 'NONE',  ( -8.490312171314309708, 55.50691563653040816, 0.1000000000000167422 ) ) ;
#3059 = CARTESIAN_POINT ( 'NONE',  ( -12.99999999999999467, 67.59555765941544792, 5.106884843896880355 ) ) ;
#3060 = EDGE_CURVE ( 'NONE', #1613, #1564, #689, .T. ) ;
#3061 = LINE ( 'NONE', #1826, #857 ) ;
#3062 = VERTEX_POINT ( 'NONE', #2900 ) ;
#3063 = CARTESIAN_POINT ( 'NONE',  ( 6.500310535118871691, 67.50691563653040816, 1.701355959494857517 ) ) ;
#3064 = ADVANCED_FACE ( 'NONE', ( #1441 ), #2510, .F. ) ;
#3065 = ORIENTED_EDGE ( 'NONE', *, *, #126, .F. ) ;
#3066 = CARTESIAN_POINT ( 'NONE',  ( 0.000000000000000000, 55.50691563653040816, 0.000000000000000000 ) ) ;
#3067 = LINE ( 'NONE', #2891, #186 ) ;
#3068 = ORIENTED_EDGE ( 'NONE', *, *, #3098, .T. ) ;
#3069 = LINE ( 'NONE', #867, #1773 ) ;
#3070 = DIRECTION ( 'NONE',  ( 0.000000000000000000, 0.000000000000000000, 1.000000000000000000 ) ) ;
#3071 = DIRECTION ( 'NONE',  ( -0.000000000000000000, 1.000000000000000000, -0.000000000000000000 ) ) ;
#3072 = VECTOR ( 'NONE', #1602, 1000.000000000000000 ) ;
#3073 = DIRECTION ( 'NONE',  ( -0.1736481776669342170, -0.9848077530122073542, 0.000000000000000000 ) ) ;
#3074 = DIRECTION ( 'NONE',  ( -0.000000000000000000, 0.000000000000000000, 1.000000000000000000 ) ) ;
#3075 = VECTOR ( 'NONE', #1214, 1000.000000000000000 ) ;
#3076 = AXIS2_PLACEMENT_3D ( 'NONE', #3103, #2620, #1821 ) ;
#3077 = DIRECTION ( 'NONE',  ( -4.706710329875293175E-15, 0.9852557743173915306, -0.1710878697460373743 ) ) ;
#3078 = ORIENTED_EDGE ( 'NONE', *, *, #306, .F. ) ;
#3079 = ORIENTED_EDGE ( 'NONE', *, *, #1964, .T. ) ;
#3080 = DIRECTION ( 'NONE',  ( 0.000000000000000000, 0.000000000000000000, 1.000000000000000000 ) ) ;
#3081 = VERTEX_POINT ( 'NONE', #2216 ) ;
#3082 = ORIENTED_EDGE ( 'NONE', *, *, #2586, .T. ) ;
#3083 = CARTESIAN_POINT ( 'NONE',  ( 15.98542826473334166, 12.99999999999997158, 0.1000000000000167283 ) ) ;
#3084 = ORIENTED_EDGE ( 'NONE', *, *, #589, .F. ) ;
#3085 = FACE_OUTER_BOUND ( 'NONE', #2481, .T. ) ;
#3086 = EDGE_CURVE ( 'NONE', #253, #1170, #2958, .T. ) ;
#3087 = FACE_OUTER_BOUND ( 'NONE', #2942, .T. ) ;
#3088 = AXIS2_PLACEMENT_3D ( 'NONE', #544, #1351, #824 ) ;
#3089 = CARTESIAN_POINT ( 'NONE',  ( -7.053738196508254761E-16, 12.99999999999996980, 4.700000000000005507 ) ) ;
#3090 = LINE ( 'NONE', #1842, #2576 ) ;
#3091 = CARTESIAN_POINT ( 'NONE',  ( 1.064071868760901083E-15, -19.45000000000000639, 20.00100000000000477 ) ) ;
#3092 = CARTESIAN_POINT ( 'NONE',  ( 5.928108985557646982, 6.215769899223351658, 0.09999999999998898659 ) ) ;
#3093 = ORIENTED_EDGE ( 'NONE', *, *, #240, .F. ) ;
#3094 = ORIENTED_EDGE ( 'NONE', *, *, #3101, .T. ) ;
#3095 = CARTESIAN_POINT ( 'NONE',  ( 8.226369619475738304, 65.50691563653039395, 13.89294048252996738 ) ) ;
#3096 = ADVANCED_FACE ( 'NONE', ( #1653 ), #421, .F. ) ;
#3097 = ORIENTED_EDGE ( 'NONE', *, *, #189, .F. ) ;
#3098 = EDGE_CURVE ( 'NONE', #1405, #502, #667, .T. ) ;
#3099 = DIRECTION ( 'NONE',  ( 1.000000000000000000, 0.000000000000000000, 0.000000000000000000 ) ) ;
#3100 = CARTESIAN_POINT ( 'NONE',  ( 11.45548367919647426, 65.50691563653040816, 4.874537809565728352 ) ) ;
#3101 = EDGE_CURVE ( 'NONE', #2280, #977, #1143, .T. ) ;
#3102 = AXIS2_PLACEMENT_3D ( 'NONE', #837, #2105, #2121 ) ;
#3103 = CARTESIAN_POINT ( 'NONE',  ( 17.72653955421974814, 3.125667198004822733, 0.000000000000000000 ) ) ;
#3104 = CARTESIAN_POINT ( 'NONE',  ( 1.064071868760901083E-15, -19.45000000000000639, 0.000000000000000000 ) ) ;
#3105 = DIRECTION ( 'NONE',  ( -0.1736481776669344390, 0.9848077530122072432, 0.000000000000000000 ) ) ;
#3106 = LINE ( 'NONE', #612, #2524 ) ;
#3107 = ORIENTED_EDGE ( 'NONE', *, *, #2547, .T. ) ;
#3108 = ORIENTED_EDGE ( 'NONE', *, *, #1279, .F. ) ;
#3109 = CARTESIAN_POINT ( 'NONE',  ( -7.900810092254384465, 65.20691563653041101, 5.000000000000000000 ) ) ;
#3110 = VERTEX_POINT ( 'NONE', #1915 ) ;
#3111 = ORIENTED_EDGE ( 'NONE', *, *, #36, .F. ) ;
#3112 = EDGE_CURVE ( 'NONE', #552, #1024, #2405, .T. ) ;
#3113 = LINE ( 'NONE', #2913, #1036 ) ;
#3114 = CARTESIAN_POINT ( 'NONE',  ( -19.59767428494293640, 3.455598735571992819, 0.000000000000000000 ) ) ;
#3115 = PLANE ( 'NONE',  #1673 ) ;
#3116 = B_SPLINE_CURVE_WITH_KNOTS ( 'NONE', 3,
 ( #1729, #232, #2414, #2654 ),
 .UNSPECIFIED., .F., .F.,
 ( 4, 4 ),
 ( 0.000000000000000000, 0.0004300057830311281243 ),
 .UNSPECIFIED. ) ;
#3117 = FACE_OUTER_BOUND ( 'NONE', #1306, .T. ) ;
#3118 = CARTESIAN_POINT ( 'NONE',  ( -1.349999999991787769, -19.45000000000000639, 20.00100000000000477 ) ) ;
#3119 = ADVANCED_FACE ( 'NONE', ( #3199 ), #1902, .T. ) ;
#3120 = AXIS2_PLACEMENT_3D ( 'NONE', #436, #406, #424 ) ;
#3121 = ORIENTED_EDGE ( 'NONE', *, *, #222, .F. ) ;
#3122 = VECTOR ( 'NONE', #2207, 1000.000000000000000 ) ;
#3123 = VECTOR ( 'NONE', #2393, 1000.000000000000000 ) ;
#3124 = DIRECTION ( 'NONE',  ( -0.000000000000000000, -0.000000000000000000, -1.000000000000000000 ) ) ;
#3125 = AXIS2_PLACEMENT_3D ( 'NONE', #333, #2569, #2295 ) ;
#3126 = CARTESIAN_POINT ( 'NONE',  ( -10.96945325030448259, 1.934210571648891319, 4.700000000000005507 ) ) ;
#3127 = ADVANCED_FACE ( 'NONE', ( #1931 ), #964, .T. ) ;
#3128 = ORIENTED_EDGE ( 'NONE', *, *, #641, .T. ) ;
#3129 = AXIS2_PLACEMENT_3D ( 'NONE', #1888, #752, #1934 ) ;
#3130 = ORIENTED_EDGE ( 'NONE', *, *, #1575, .F. ) ;
#3131 = CARTESIAN_POINT ( 'NONE',  ( -8.257530979964693429, 65.08798205556989558, 4.750105167764535175 ) ) ;
#3132 = VERTEX_POINT ( 'NONE', #2682 ) ;
#3133 = VERTEX_POINT ( 'NONE', #3184 ) ;
#3134 = VECTOR ( 'NONE', #2664, 1000.000000000000114 ) ;
#3135 = DIRECTION ( 'NONE',  ( 0.000000000000000000, 0.000000000000000000, -1.000000000000000000 ) ) ;
#3136 = ORIENTED_EDGE ( 'NONE', *, *, #269, .F. ) ;
#3137 = DIRECTION ( 'NONE',  ( 0.000000000000000000, 0.000000000000000000, 1.000000000000000000 ) ) ;
#3138 = ORIENTED_EDGE ( 'NONE', *, *, #1396, .F. ) ;
#3139 = DIRECTION ( 'NONE',  ( 0.000000000000000000, -0.000000000000000000, -1.000000000000000000 ) ) ;
#3140 = CARTESIAN_POINT ( 'NONE',  ( -19.69615506024415907, 3.472963553338686893, 4.700000000000005507 ) ) ;
#3141 = LINE ( 'NONE', #2686, #49 ) ;
#3142 = ADVANCED_FACE ( 'NONE', ( #947 ), #2716, .F. ) ;
#3143 = CIRCLE ( 'NONE', #3042, 2.299999999999982503 ) ;
#3144 = CARTESIAN_POINT ( 'NONE',  ( -1.523139917828612244, 55.50691563653042238, 0.000000000000000000 ) ) ;
#3145 = PLANE ( 'NONE',  #2257 ) ;
#3146 = ORIENTED_EDGE ( 'NONE', *, *, #2350, .F. ) ;
#3147 = VERTEX_POINT ( 'NONE', #158 ) ;
#3148 = ADVANCED_FACE ( 'NONE', ( #1699 ), #2945, .T. ) ;
#3149 = DIRECTION ( 'NONE',  ( 1.147186355444782730E-16, -1.000000000000000000, 0.000000000000000000 ) ) ;
#3150 = VERTEX_POINT ( 'NONE', #1455 ) ;
#3151 = ORIENTED_EDGE ( 'NONE', *, *, #589, .T. ) ;
#3152 = B_SPLINE_SURFACE_WITH_KNOTS ( 'NONE', 1, 1, ( 
 ( #931, #1687 ),
 ( #904, #2933 ) ),
 .UNSPECIFIED., .F., .F., .F.,
 ( 2, 2 ),
 ( 2, 2 ),
 ( 0.000000000000000000, 1.000000000000000000 ),
 ( 0.000000000000000000, 1.000000000000000000 ),
 .UNSPECIFIED. ) ;
#3153 = DIRECTION ( 'NONE',  ( -1.147186355444782730E-16, 1.000000000000000000, 0.000000000000000000 ) ) ;
#3154 = CARTESIAN_POINT ( 'NONE',  ( 10.96945325030449858, 1.934210571648896870, 4.699999999999977973 ) ) ;
#3155 = CARTESIAN_POINT ( 'NONE',  ( 0.000000000000000000, -2.775557561562891351E-14, 4.700000000000005507 ) ) ;
#3156 = DIRECTION ( 'NONE',  ( -0.000000000000000000, 1.000000000000000000, -0.000000000000000000 ) ) ;
#3157 = CARTESIAN_POINT ( 'NONE',  ( 11.36199568188054698, 66.17474343268598602, 4.921090916849470531 ) ) ;
#3158 = ADVANCED_FACE ( 'NONE', ( #1962 ), #2454, .T. ) ;
#3159 = DIRECTION ( 'NONE',  ( 0.000000000000000000, -0.000000000000000000, -1.000000000000000000 ) ) ;
#3160 = EDGE_CURVE ( 'NONE', #1532, #2877, #386, .T. ) ;
#3161 = CARTESIAN_POINT ( 'NONE',  ( 1.284247211982853775E-15, 60.50691563653041527, 0.000000000000000000 ) ) ;
#3162 = ORIENTED_EDGE ( 'NONE', *, *, #2736, .F. ) ;
#3163 = DIRECTION ( 'NONE',  ( -0.000000000000000000, -0.000000000000000000, 1.000000000000000000 ) ) ;
#3164 = EDGE_LOOP ( 'NONE', ( #1848, #2597, #3130, #1125 ) ) ;
#3165 = EDGE_CURVE ( 'NONE', #202, #3150, #141, .T. ) ;
#3166 = CARTESIAN_POINT ( 'NONE',  ( -6.228108985557638810, 6.215769899223351658, 5.000000000000000000 ) ) ;
#3167 = VERTEX_POINT ( 'NONE', #1266 ) ;
#3168 = DIRECTION ( 'NONE',  ( -1.000000000000000000, 0.000000000000000000, 0.000000000000000000 ) ) ;
#3169 = CARTESIAN_POINT ( 'NONE',  ( -5.297014666828303575, 39.07581934490345077, 16.53109629162697303 ) ) ;
#3170 = CARTESIAN_POINT ( 'NONE',  ( 8.591536611682244029, 65.50691563653040816, 2.838338331162082895 ) ) ;
#3171 = LINE ( 'NONE', #423, #373 ) ;
#3172 = LINE ( 'NONE', #657, #2656 ) ;
#3173 = CARTESIAN_POINT ( 'NONE',  ( 7.495116093419036396, 12.99999999999997158, 0.09999999999998868128 ) ) ;
#3174 = DIRECTION ( 'NONE',  ( -0.000000000000000000, -0.000000000000000000, -1.000000000000000000 ) ) ;
#3175 = VECTOR ( 'NONE', #1500, 1000.000000000000000 ) ;
#3176 = ORIENTED_EDGE ( 'NONE', *, *, #1140, .T. ) ;
#3177 = CARTESIAN_POINT ( 'NONE',  ( 7.900810092254388017, 65.20691563653041101, 5.000000000000000000 ) ) ;
#3178 = ORIENTED_EDGE ( 'NONE', *, *, #2982, .F. ) ;
#3179 = VECTOR ( 'NONE', #2438, 999.9999999999998863 ) ;
#3180 = ORIENTED_EDGE ( 'NONE', *, *, #835, .T. ) ;
#3181 = CC_DESIGN_PERSON_AND_ORGANIZATION_ASSIGNMENT ( #1248, #2738, ( #628 ) ) ;
#3182 = AXIS2_PLACEMENT_3D ( 'NONE', #1263, #518, #3018 ) ;
#3183 = DIRECTION ( 'NONE',  ( -0.000000000000000000, -0.000000000000000000, -1.000000000000000000 ) ) ;
#3184 = CARTESIAN_POINT ( 'NONE',  ( -1.349999999991787769, -19.45000000000000639, 0.000000000000000000 ) ) ;
#3185 = ORIENTED_EDGE ( 'NONE', *, *, #2394, .T. ) ;
#3186 = EDGE_CURVE ( 'NONE', #1613, #2767, #1565, .T. ) ;
#3187 = FACE_OUTER_BOUND ( 'NONE', #3051, .T. ) ;
#3188 = DIRECTION ( 'NONE',  ( -0.1736481776669342170, -0.9848077530122073542, -0.000000000000000000 ) ) ;
#3189 = CIRCLE ( 'NONE', #2416, 9.393084363469565545 ) ;
#3190 = DIRECTION ( 'NONE',  ( -0.000000000000000000, 0.000000000000000000, 1.000000000000000000 ) ) ;
#3191 = LINE ( 'NONE', #1955, #1458 ) ;
#3192 = ORIENTED_EDGE ( 'NONE', *, *, #1067, .T. ) ;
#3193 = LINE ( 'NONE', #975, #1324 ) ;
#3194 = ORIENTED_EDGE ( 'NONE', *, *, #2952, .T. ) ;
#3195 = ORIENTED_EDGE ( 'NONE', *, *, #2648, .T. ) ;
#3196 = CARTESIAN_POINT ( 'NONE',  ( 13.00000000000000178, 65.50691563653040816, 6.831962940475420076 ) ) ;
#3197 = ORIENTED_EDGE ( 'NONE', *, *, #1490, .F. ) ;
#3198 = EDGE_CURVE ( 'NONE', #335, #750, #1670, .T. ) ;
#3199 = FACE_OUTER_BOUND ( 'NONE', #2724, .T. ) ;
#3200 = ORIENTED_EDGE ( 'NONE', *, *, #2625, .T. ) ;
#3201 = FACE_OUTER_BOUND ( 'NONE', #177, .T. ) ;
#3202 = DIRECTION ( 'NONE',  ( -0.5773502691896255090, -0.5773502691896259531, 0.5773502691896259531 ) ) ;
#3203 = ORIENTED_EDGE ( 'NONE', *, *, #1611, .T. ) ;
#3204 = EDGE_CURVE ( 'NONE', #2567, #966, #2031, .T. ) ;
#3205 = DIRECTION ( 'NONE',  ( 1.000000000000000000, 0.000000000000000000, 0.000000000000000000 ) ) ;
#3206 = LINE ( 'NONE', #1693, #2908 ) ;
#3207 = ORIENTED_EDGE ( 'NONE', *, *, #1434, .F. ) ;
#3208 = DIRECTION ( 'NONE',  ( 1.000000000000000000, 0.000000000000000000, 0.000000000000000000 ) ) ;
#3209 = ORIENTED_EDGE ( 'NONE', *, *, #2298, .F. ) ;
#3210 = ORIENTED_EDGE ( 'NONE', *, *, #771, .F. ) ;
#3211 = CARTESIAN_POINT ( 'NONE',  ( -12.99999999999999822, 67.50691563653040816, 18.00000000000000355 ) ) ;
#3212 = ORIENTED_EDGE ( 'NONE', *, *, #1477, .F. ) ;
#3213 = EDGE_CURVE ( 'NONE', #583, #1454, #1299, .T. ) ;
#3214 = DIRECTION ( 'NONE',  ( 1.000000000000000000, 0.000000000000000000, 0.000000000000000000 ) ) ;
#3215 = DIRECTION ( 'NONE',  ( 1.000000000000000000, 0.000000000000000000, 0.000000000000000000 ) ) ;
#3216 = ORIENTED_EDGE ( 'NONE', *, *, #1663, .T. ) ;
#3217 = CARTESIAN_POINT ( 'NONE',  ( 15.98542826473334166, 12.99999999999997158, 4.699999999999978861 ) ) ;
#3218 = CARTESIAN_POINT ( 'NONE',  ( -5.928108985557627442, -16.46655369724533102, 0.09999999999998898659 ) ) ;
#3219 = DIRECTION ( 'NONE',  ( 0.000000000000000000, 0.7071067811865475727, -0.7071067811865475727 ) ) ;
#3220 = EDGE_LOOP ( 'NONE', ( #3180, #1241, #630, #1504 ) ) ;
#3221 = FACE_OUTER_BOUND ( 'NONE', #707, .T. ) ;
#3222 = EDGE_CURVE ( 'NONE', #1120, #2737, #289, .T. ) ;
#3223 = ORIENTED_EDGE ( 'NONE', *, *, #1873, .T. ) ;
#3224 = VECTOR ( 'NONE', #2381, 1000.000000000000000 ) ;
#3225 = DIRECTION ( 'NONE',  ( 0.000000000000000000, -1.000000000000000000, 0.000000000000000000 ) ) ;
ENDSEC;
END-ISO-10303-21;
