t_s,x_m,v_ms,phi_deg,omega_rads,phi_lineal_deg,normal_N,tangencial_N,energia_J,residuo_J
0,0,0,0.5,0,0.5,10.9842721307953,0.00288774521739783,0.77735944895222,0
0.000355549261943688,-6.08366017957198e-09,-3.42195589721157e-05,0.50000505788753,0.000496548959026971,0.500005058384839,10.9842722972809,0.0028962113126792,0.777359448952135,-7.49393585500489e-17
0.000711098523887377,-2.4332356169478e-08,-6.84296534318583e-05,0.500020230217154,0.000993002285536026,0.500020232206135,10.9842723856004,0.00290473367294619,0.77735944895154,5.88364398160154e-17
0.00106664778583106,-5.47428462806567e-08,-0.000102630977513863,0.500045515143218,0.00148937004378437,0.500045519617939,10.9842723957942,0.0029133124586526,0.777359448949927,-3.39602511029279e-17
0.00142219704777475,-9.73121355829774e-08,-0.000136824225025864,0.500080911025063,0.00198566229413074,0.500080918979412,10.9842723278965,0.00292194783135301,0.777359448946785,-8.67314663139743e-17
0.00177774630971844,-1.52037475720331e-07,-0.000171010089470247,0.5001264164269,0.00248188909334793,0.5001264288547,10.9842721819348,0.00293063995370724,0.777359448941606,1.9258998068891e-17
0.00213329557166213,-2.18916364908849e-07,-0.000205189264046485,0.500182030117811,0.00297806049465861,0.500182048012936,10.9842719579308,0.00293938898948106,0.777359448933881,-3.95958249191907e-17
0.00248884483360582,-2.97946547771818e-07,-0.000239362441672307,0.500247751071638,0.00347418654804248,0.500247775428129,10.9842716558993,0.00294819510355072,0.777359448923103,-9.12945974033128e-17
0.00284439409554951,-3.89126015212591e-07,-0.000273530315000824,0.500323578466898,0.00397027730048476,0.500323610279078,10.9842712758493,0.00295705846190671,0.777359448908762,9.26076236666351e-18
0.0031999433574932,-4.92453004414864e-07,-0.000307693576423239,0.500409511686785,0.00446634279601596,0.500409551949375,10.9842708177831,0.00296597923165445,0.777359448890351,-2.04716571043533e-17
0.00355549261943688,-6.07925998670654e-07,-0.00034185291809367,0.500505550319063,0.00496239307607211,0.500505600027296,10.984270281697,0.00297495758101975,0.777359448867361,-6.59632774582028e-17
0.00391104188138057,-7.35543727307834e-07,-0.000376009031941438,0.500611694156014,0.00545843817967312,0.500611754305751,10.9842696675806,0.00298399367935157,0.777359448839284,-1.39312915429697e-16
0.00426659114332426,-8.75305165677569e-07,-0.000410162609675918,0.500727943194438,0.00595448814349368,0.500728014782285,10.9842689754176,0.00299308769712321,0.777359448805613,-1.47773851878644e-19
0.00462214040526795,-1.02720953499518e-06,-0.000444314342813351,0.500854297635552,0.00645055300225233,0.500854381658973,10.9842682051851,0.00300223980593834,0.777359448765838,1.51140435612704e-18
0.00497768966721164,-1.1912563023112e-06,-0.000478464922684384,0.500990757884976,0.00694664278882114,0.500990855342412,10.9842673568542,0.00301145017853276,0.777359448719452,6.6957236048241e-17
0.00533323892915533,-1.36744518047876e-06,-0.000512615040443119,0.501137324552717,0.00744276753435737,0.5011374364437,10.9842664303893,0.00302071898877653,0.777359448665945,-2.10317805174391e-18
0.00568878819109901,-1.55577612802628e-06,-0.000546765387093165,0.501293998453095,0.00793893726868172,0.501294125778363,10.9842654257488,0.00303004641167999,0.77735944860481,-9.55989173403882e-17
0.0060443374530427,-1.75624934915588e-06,-0.000580916653491687,0.501460780604747,0.00843516202033733,0.501460924366363,10.9842643428846,0.00303943262339473,0.777359448535537,-9.47448984392706e-17
0.00639988671498639,-1.96886529369439e-06,-0.000615069530363733,0.501637672230604,0.00893145181679815,0.501637833432069,10.9842631817426,0.00304887780121701,0.777359448457617,-4.41198223328562e-17
0.00675543597693008,-2.19362465700655e-06,-0.000649224708325218,0.501824674757847,0.00942781668480259,0.50182485440422,10.9842619422619,0.00305838212359316,0.777359448370541,-3.35454277607599e-18
0.00711098523887377,-2.43052838000631e-06,-0.00068338287788523,0.50202178981792,0.00992426665038744,0.502021988915932,10.9842606243758,0.00306794577012019,0.777359448273798,-9.82245110273622e-18
0.00746653450081746,-2.67957764910284e-06,-0.000717544729465503,0.502229019246508,0.0104208117391708,0.502229238804681,10.9842592280109,0.00307756892155048,0.777359448166879,-2.86525293264411e-17
0.00782208376276114,-2.94077389615276e-06,-0.000751710953419021,0.502446365083523,0.0109174619766225,0.502446606112285,10.9842577530877,0.00308725175979627,0.777359448049272,-3.03146063889035e-17
0.00817763302470483,-3.214118798475e-06,-0.000785882240032344,0.502673829573115,0.011414227388098,0.50267409308492,10.9842561995203,0.00309699446793023,0.777359447920467,-5.97577281648504e-17
0.00853318228664852,-3.49961427880504e-06,-0.000820059279549215,0.502911415163669,0.0119111179991816,0.502911702173111,10.9842545672165,0.00310679723019133,0.777359447779952,3.39968460704242e-17
0.00888873154859221,-3.79726250527919e-06,-0.000854242762184354,0.503159124507803,0.012408143835887,0.503159436031739,10.9842528560778,0.00311666023198815,0.777359447627214,-3.67419278580379e-17
0.0092442808105359,-4.10706589144835e-06,-0.000888433378127413,0.503416960462388,0.0129053149247152,0.503417297520054,10.9842510659993,0.00312658365989997,0.77735944746174,4.63033954125026e-17
0.00959983007247959,-4.42902709625258e-06,-0.000922631817569171,0.503684926088561,0.0134026412930348,0.503685289701689,10.9842491968697,0.00313656770168329,0.777359447283017,-7.87608908298047e-17
0.00995537933442327,-4.7631490240274e-06,-0.00095683877071057,0.503963024651738,0.013900132969214,0.503963415844676,10.9842472485715,0.0031466125462741,0.777359447090531,-9.02202173866782e-17
0.010310928596367,-5.10943482451767e-06,-0.000991054927770113,0.504251259621635,0.0143977999827283,0.50425167942147,10.9842452209808,0.00315671838378981,0.777359446883767,-4.52719783232411e-17
0.0106664778583107,-5.46788789287966e-06,-0.00102528097901035,0.504549634672307,0.0148956523645452,0.50455008410898,10.9842431139673,0.00316688540553598,0.777359446662209,-1.14459762753772e-16
0.0110220271202543,-5.83851186969881e-06,-0.00105951761474289,0.504858153682163,0.0153937001471976,0.504858633788591,10.9842409273943,0.00317711380400762,0.77735944642534,-1.0486883309384e-16
0.011377576382198,-6.2213106410119e-06,-0.00109376552534084,0.505176820734005,0.0158919533649652,0.505177332546204,10.9842386611189,0.00318740377289246,0.777359446172643,3.47287900703316e-17
0.0117331256441417,-6.61628833833524e-06,-0.00112802540126296,0.505505640115081,0.016390422054225,0.505506184672281,10.9842363149916,0.00319775550707716,0.777359445903599,-7.99398502637709e-17
0.0120886749060854,-7.02344933868725e-06,-0.00116229793305629,0.505844616317103,0.0168891162534903,0.505845194661877,10.9842338888566,0.00320816920264805,0.77735944561769,-1.12071669577865e-17
0.0124442241680291,-7.44279826462959e-06,-0.00119658381137394,0.506193754036308,0.0173880460036699,0.50619436721469,10.9842313825517,0.00321864505689587,0.777359445314396,-2.9781140758063e-18
0.0127997734299728,-7.87433998431426e-06,-0.00123088372699519,0.506553058173523,0.0178872213483595,0.50655370723513,10.9842287959083,0.003229183268321,0.777359444993194,-5.74600640278685e-17
0.0131553226919165,-8.31807961150926e-06,-0.00126519837082759,0.506922533834183,0.0183866523338736,0.506923219832341,10.9842261287513,0.0032397840366341,0.777359444653563,-5.31116872170599e-18
0.0135108719538602,-8.77402250566793e-06,-0.00129952843392929,0.507302186328425,0.0188863490095698,0.507302910320288,10.9842233808992,0.00325044756276213,0.777359444294979,-1.21891420969877e-16
0.0138664212158038,-9.24217427198543e-06,-0.00133387460752441,0.507692021171146,0.019386321428073,0.507692784217826,10.9842205521642,0.00326117404885239,0.777359443916917,-9.55820242443283e-17
0.0142219704777475,-9.72254076143042e-06,-0.00136823758300627,0.50809204408204,0.0198865796453223,0.508092847248728,10.9842176423516,0.00327196369827356,0.777359443518853,-9.2824258675997e-17
0.0145775197396912,-1.02151280708476e-05,-0.00140261805196288,0.508502260985712,0.0203871337209421,0.508503105341804,10.9842146512608,0.00328281671562255,0.777359443100259,-4.41566026086006e-17
0.0149330690016349,-1.07199425430146e-05,-0.00143701670618749,0.508922678011741,0.0208879937183963,0.508923564630963,10.9842115786843,0.00329373330672744,0.777359442660606,-5.6185225675511e-17
0.0152886182635786,-1.12369907666868e-05,-0.00147143423768466,0.509353301494721,0.0213891697050758,0.509354231455259,10.9842084244083,0.00330471367864921,0.777359442199365,-1.41767678561645e-16
0.0156441675255223,-1.17662795767329e-05,-0.00150587133869689,0.509794137974413,0.0218906717526876,0.509795112359037,10.9842051882124,0.00331575803968908,0.777359441716006,-6.31605825280001e-17
0.015999716787466,-1.23078160541824e-05,-0.00154032870171083,0.510245194195785,0.0223925099373442,0.510246214091979,10.9842018698695,0.00332686659939029,0.777359441209995,-7.64237213739479e-17
0.0163552660494097,-1.2861607526301e-05,-0.00157480701946797,0.510706477109098,0.0228946943397201,0.510707543609186,10.9841984691464,0.00333803956854113,0.7773594406808,-1.03759259637606e-16
0.0167108153113534,-1.34276615667445e-05,-0.00160930698498973,0.511177993870055,0.0233972350454172,0.511179108071334,10.9841949858029,0.00334927715918199,0.777359440127884,-2.45931036607999e-17
0.017066364573297,-1.40059859955976e-05,-0.00164382929158076,0.511659751839846,0.0239001421450126,0.511660914844714,10.9841914195925,0.00336057958460638,0.777359439550712,-8.39691636599831e-17
0.0174219138352407,-1.45965888794933e-05,-0.00167837463284496,0.512151758585265,0.024403425734293,0.512152971501351,10.9841877702618,0.00337194705936546,0.777359438948744,-6.32205092818378e-17
0.0177774630971844,-1.51994785317694e-05,-0.00171294370270705,0.512654021878863,0.024907095914568,0.512655285819161,10.9841840375512,0.00338337979927428,0.777359438321441,-1.30541773067852e-16
0.0181330123591281,-1.58146635125044e-05,-0.00174753719541471,0.51316654969899,0.025411162792702,0.513167865781988,10.9841802211941,0.00339487802141238,0.777359437668262,-2.34991688812271e-17
0.0184885616210718,-1.64421526286882e-05,-0.00178215580555952,0.513689350229953,0.0259156364814192,0.513690719579772,10.9841763209174,0.00340644194412994,0.777359436988662,3.83792613634394e-18
0.0188441108830155,-1.70819549343672e-05,-0.00181680022809392,0.514222431862167,0.0264205270995512,0.514223855608689,10.9841723364414,0.00341807178705269,0.777359436282097,-7.62936637662362e-18
0.0191996601449592,-1.77340797306878e-05,-0.001851471158334,0.514765803192189,0.0269258447720775,0.514767282471196,10.9841682674795,0.00342976777108278,0.77735943554802,-9.86146528312243e-18
0.0195552094069029,-1.83985365661185e-05,-0.00188616929198406,0.515319473022938,0.0274315996304837,0.515321008976246,10.9841641137387,0.00344153011840603,0.777359434785882,-8.26929976827424e-18
0.0199107586688465,-1.90753352365733e-05,-0.00192089532514886,0.515883450363811,0.0279378018129402,0.515885044139406,10.9841598749189,0.00345335905249559,0.777359433995133,-1.39421940755413e-16
0.0202663079307902,-1.97644857854764e-05,-0.00195564995433852,0.516457744430742,0.0284444614643736,0.516459397182921,10.9841555507135,0.0034652547981134,0.77735943317522,-6.73901695854012e-17
0.0206218571927339,-2.04659985040293e-05,-0.0019904338764951,0.517042364646462,0.0289515887368549,0.517044077535968,10.984151140809,0.00347721758131819,0.77735943232559,-4.52684880346465e-17
0.0209774064546776,-2.11798839313026e-05,-0.00202524778900023,0.517637320640582,0.02945919378971,0.517639094834745,10.9841466448853,0.00348924762946779,0.777359431445685,6.58889062567889e-18
0.0213329557166213,-2.19061528543471e-05,-0.0020600923896841,0.518242622249696,0.0299672867896518,0.518244458922574,10.9841420626152,0.0035013451712219,0.777359430534947,-2.98065600182868e-18
0.021688504978565,-2.26448163084816e-05,-0.00209496837685145,0.518858279517658,0.0304758779111588,0.518860179850179,10.9841373936649,0.00351351043654996,0.777359429592815,-6.83934205544198e-17
0.0220440542405087,-2.33958855773566e-05,-0.00212987644928567,0.519484302695637,0.0309849773365352,0.519486267875738,10.9841326376936,0.00352574365673249,0.777359428618728,-5.14795391001234e-17
0.0223996035024524,-2.41593721931329e-05,-0.0021648173062631,0.520120702242283,0.0314945952561201,0.520122733465061,10.9841277943535,0.00353804506436547,0.777359427612119,-7.14976573397639e-17
0.0227551527643961,-2.49352879367624e-05,-0.00219979164757604,0.520767488823993,0.0320047418686222,0.520769587291841,10.9841228632902,0.00355041489336749,0.777359426572422,-2.00109217683113e-17
0.0231107020263397,-2.57236448380358e-05,-0.0022348001735351,0.521424673314952,0.0325154273811555,0.521426840237712,10.984117844142,0.00356285337898046,0.777359425499067,3.5309299633957e-17
0.0234662512882834,-2.65244551758396e-05,-0.0022698435849887,0.522092266797372,0.033026662009523,0.522094503392479,10.9841127365406,0.00357536075777581,0.777359424391484,1.65922835583032e-17
0.0238218005502271,-2.73377314784059e-05,-0.00230492258334171,0.522770280561726,0.0335384559784896,0.522772588054353,10.9841075401103,0.00358793726766025,0.777359423249097,-1.60983045313763e-17
0.0241773498121708,-2.81634865233643e-05,-0.0023400378705579,0.523458726106788,0.0340508195218172,0.523461105730003,10.9841022544687,0.00360058314787664,0.77735942207133,-1.52213825707403e-16
0.0245328990741145,-2.90017333380735e-05,-0.00237519014918357,0.524157615139948,0.0345637628826104,0.524160068134857,10.9840968792262,0.00361329863901148,0.777359420857605,-2.17113668797039e-17
0.0248884483360582,-2.98524851998267e-05,-0.00241038012236145,0.524866959577394,0.0350772963135196,0.524869487193295,10.9840914139862,0.00362608398299936,0.77735941960734,-9.21347912277248e-17
0.0252439975980019,-3.07157556359283e-05,-0.00244560849383476,0.525586771544184,0.0355914300767996,0.525589375038722,10.9840858583448,0.00363893942312424,0.77735941831995,-6.42947240756073e-17
0.0255995468599456,-3.15915584240881e-05,-0.00248087596797353,0.526317063374606,0.0361061744446949,0.526319744013927,10.9840802118913,0.00365186520402803,0.777359416994851,-4.13661311460295e-17
0.0259550961218892,-3.24799075925724e-05,-0.00251618324978375,0.52705784761232,0.036621539699573,0.527060606671223,10.9840744742075,0.00366486157171346,0.777359415631451,-4.9536048472428e-17
0.0263106453838329,-3.33808174203364e-05,-0.00255153104491487,0.527809137010471,0.0371375361340345,0.527811975772569,10.9840686448681,0.00367792877354661,0.77735941422916,1.51478409203284e-17
0.0266661946457766,-3.42943024374509e-05,-0.00258692005968653,0.528570944532085,0.0376541740513027,0.52857386428996,10.9840627234407,0.00369106705826562,0.777359412787383,-1.18500491656028e-16
0.0270217439077203,-3.52203774252005e-05,-0.00262235100109364,0.529343283350154,0.0381714637652992,0.529346285405516,10.9840567094855,0.00370427667598241,0.777359411305523,-6.09108340687713e-17
0.027377293169664,-3.61590574163058e-05,-0.00265782457681901,0.530126166847836,0.0386894156008276,0.530129252511689,10.9840506025555,0.00371755787818679,0.777359409782979,7.34757208083416e-17
0.0277328424316077,-3.71103576953383e-05,-0.00269334149525774,0.530919608618835,0.0392080398939306,0.530922779211635,10.9840444021962,0.00373091091775467,0.777359408219148,-6.63109404227584e-17
0.0280883916935514,-3.80742937987865e-05,-0.00272890246552,0.531723622467458,0.03972734699193,0.531726879319276,10.9840381079459,0.00374433604894886,0.777359406613424,-1.38822214958977e-16
0.0284439409554951,-3.90508815153822e-05,-0.002764508197449,0.532538222408911,0.0402473472536906,0.5325415668596,10.9840317193355,0.00375783352742523,0.777359404965199,-5.10898708571619e-17
0.0287994902174388,-4.00401368864704e-05,-0.00280015940164144,0.53336342266963,0.0407680510499178,0.533366856068992,10.9840252358885,0.00377140361023949,0.777359403273861,-2.8704298838668e-17
0.0291550394793824,-4.10420762060696e-05,-0.00283585678944966,0.534199237687337,0.0412894687631904,0.534202761395292,10.9840186571207,0.00378504655584801,0.777359401538794,-1.43391626837169e-17
0.0295105887413261,-4.20567160212999e-05,-0.00287160107300432,0.535045682111427,0.0418116107882918,0.535049297498178,10.9840119825406,0.00379876262411545,0.77735939975938,-5.36943184989566e-17
0.0298661380032698,-4.30840731326864e-05,-0.00290739296523009,0.535902770803236,0.0423344875324393,0.535906479249447,10.9840052116492,0.00381255207632019,0.777359397934998,-1.46428352449639e-16
0.0302216872652135,-4.41241645942444e-05,-0.00294323317984895,0.53677051883612,0.042858109415333,0.536774321733083,10.9839983439398,0.00382641517515543,0.777359396065023,-8.3390916435333e-17
0.0305772365271572,-4.51770077139905e-05,-0.00297912243140614,0.537648941495914,0.0433824868695349,0.537652840245728,10.9839913788982,0.00384035218473812,0.777359394148829,-5.6161811501092e-17
0.0309327857891009,-4.62426200541716e-05,-0.00301506143528103,0.538538054281134,0.0439076303406283,0.538542050296879,10.9839843160023,0.00385436337061275,0.777359392185783,4.67219469412981e-17
0.0312883350510446,-4.73210194314061e-05,-0.0030510509076932,0.539437872903106,0.0444335502873071,0.539441967609019,10.9839771547228,0.00386844899975344,0.777359390175252,2.89877967956471e-17
0.0316438843129883,-4.84122239172496e-05,-0.00308709156572977,0.540348413286469,0.044960257181775,0.540352608118129,10.9839698945221,0.00388260934057351,0.777359388116596,-1.14345093600586e-16
0.031999433574932,-4.95162518383426e-05,-0.00312318412735171,0.541269691569309,0.0454877615098389,0.541273987973813,10.9839625348552,0.00389684466292767,0.777359386009177,-4.75890373640456e-17
0.0323549828368756,-5.06331217766583e-05,-0.0031593293114048,0.542201724103379,0.0460160737710688,0.542206123539527,10.9839550751692,0.00391115523811587,0.777359383852347,-1.4524502756999e-16
0.0327105320988193,-5.17628525700618e-05,-0.00319552783764538,0.543144527454595,0.0465452044791745,0.543149031393075,10.9839475149033,0.00392554133889243,0.77735938164546,2.15939138501663e-18
0.033066081360763,-5.29054633124027e-05,-0.00323178042674369,0.544098118403122,0.0470751641620556,0.544102728326697,10.9839398534889,0.00394000323946723,0.777359379387863,-3.54143284106941e-17
0.0334216306227067,-5.40609733538927e-05,-0.00326808780030037,0.545062513943707,0.0476059633620422,0.545067231347402,10.9839320903493,0.00395454121551155,0.777359377078901,-1.32965326235849e-16
0.0337771798846504,-5.5229402301611e-05,-0.00330445068086859,0.546037731286128,0.0481376126362193,0.546042557677423,10.9839242249001,0.00396915554416605,0.777359374717914,-8.62926726416139e-18
0.0341327291465941,-5.64107700195754e-05,-0.00334086979195627,0.547023787855259,0.0486701225564598,0.547028724754279,10.9839162565486,0.00398384650404151,0.777359372304239,-6.43397756404894e-17
0.0344882784085378,-5.76050966292512e-05,-0.00337734585804762,0.54802070129152,0.0492035037097396,0.548025750231229,10.9839081846941,0.00399861437522667,0.77735936983721,9.58334400012495e-18
0.0348438276704815,-5.88124025099718e-05,-0.00341387960462068,0.549028489451249,0.0497377666983944,0.54903365197765,10.9839000087279,0.00401345943929453,0.777359367316155,5.5223517371216e-17
0.0351993769324251,-6.00327082990262e-05,-0.00345047175815009,0.550047170406781,0.0502729221401611,0.550052448079108,10.983891728033,0.00402838197930338,0.777359364740399,-5.51187367486627e-17
0.0355549261943688,-6.12660348922803e-05,-0.00348712304613251,0.551076762446997,0.05080898066855,0.551082156837921,10.9838833419844,0.00404338227980608,0.777359362109266,-1.34782039854142e-16
0.0359104754563125,-6.25124034444981e-05,-0.00352383419709929,0.552117284077608,0.0513459529330298,0.552122796773437,10.9838748499486,0.00405846062685473,0.777359359422071,2.4945927624917e-17
0.0362660247182562,-6.3771835369486e-05,-0.00356060594062146,0.55316875402128,0.0518838495991021,0.553174386622163,10.9838662512839,0.00407361730800247,0.777359356678127,-6.40522741293456e-17
0.0366215739801999,-6.50443523407916e-05,-0.00359743900733728,0.554231191218258,0.0524226813487046,0.554236945338393,10.9838575453404,0.00408885261231371,0.777359353876745,-8.26728111670737e-17
0.0369771232421436,-6.63299762919187e-05,-0.00363433412896015,0.555304614826547,0.0529624588803265,0.555310492094388,10.9838487314595,0.00410416683036701,0.777359351017229,2.61458159691517e-17
0.0373326725040873,-6.76287294165848e-05,-0.00367129203828788,0.556389044222146,0.0535031929091458,0.556395046280614,10.9838398089745,0.00411956025425857,0.777359348098879,9.1410207480908e-18
0.037688221766031,-6.89406341694312e-05,-0.00370831346922965,0.55748449899967,0.0540448941674241,0.557490627506368,10.98383077721,0.00413503317761231,0.777359345120992,2.62420600877835e-17
0.0380437710279747,-7.0265713266153e-05,-0.00374539915681035,0.558590998972464,0.0545875734045693,0.558597255599892,10.983821635482,0.00415058589558147,0.77735934208286,2.80602163090648e-17
0.0383993202899183,-7.16039896839105e-05,-0.00378254983718529,0.559708564172969,0.0551312413873535,0.559714950608741,10.983812383098,0.0041662187048542,0.777359338983771,-6.62860852997124e-17
0.038754869551862,-7.29554866619838e-05,-0.00381976624766424,0.560837214853294,0.0556759089002636,0.560843732800357,10.983803019357,0.0041819319036626,0.777359335823009,1.60212443855109e-17
0.0391104188138057,-7.43202277018594e-05,-0.00385704912671382,0.561976971485294,0.0562215867455377,0.561983622662153,10.9837935435489,0.00419772579178364,0.77735933259985,-4.85612723688159e-17
0.0394659680757494,-7.56982365678039e-05,-0.00389439921397779,0.563127854761074,0.0567682857434628,0.563134640902015,10.9837839549553,0.00421360067054692,0.77735932931357,-1.11875185231062e-16
0.0398215173376931,-7.70895372874183e-05,-0.00393181725029655,0.564289885593475,0.05731601673266,0.564296808448792,10.9837742528486,0.0042295568428421,0.777359325963439,-6.18824271813863e-17
0.0401770665996368,-7.8494154151729e-05,-0.00396930397770959,0.565463085116155,0.0578647905701217,0.565470146452382,10.9837644364927,0.00424559461311981,0.777359322548721,1.12793024838751e-17
0.0405326158615805,-7.99121117159044e-05,-0.00400686013948021,0.566647474684216,0.058414618131574,0.566654676284358,10.9837545051422,0.00426171428740123,0.777359319068675,-1.16058680957551e-16
0.0408881651235242,-8.1343434799688e-05,-0.00404448648011005,0.567843075874586,0.0589655103116898,0.567850419538354,10.983744458043,0.00427791617328369,0.777359315522558,-9.02105176600203e-17
0.0412437143854678,-8.27881484875402e-05,-0.0040821837453433,0.569049910486143,0.0595174780241512,0.569057398030189,10.9837342944319,0.00429420057994222,0.777359311909619,-1.39429643461277e-16
0.0415992636474115,-8.42462781294623e-05,-0.00411995268219424,0.570268000540434,0.0600705322020533,0.570275633798595,10.9837240135365,0.0043105678181404,0.777359308229105,-1.18426985078074e-16
0.0419548129093552,-8.57178493412978e-05,-0.00415779403895685,0.571497368281942,0.0606246837980461,0.571505149105482,10.9837136145754,0.00432701820023403,0.777359304480255,-1.88512211669569e-17
0.0423103621712989,-8.7202888004986e-05,-0.00419570856521261,0.572738036178308,0.0611799437844488,0.57274596643616,10.9837030967579,0.00434355204017416,0.777359300662305,-1.36653148869516e-17
0.0426659114332426,-8.87014202694259e-05,-0.00423369701185857,0.573990026921085,0.0617363231536616,0.573998108500104,10.9836924592841,0.00436016965351823,0.777359296774486,-5.90973828508141e-17
0.0430214606951863,-9.02134725506579e-05,-0.00427176013111269,0.575253363425897,0.0622938329182451,0.575261598231109,10.9836817013446,0.00437687135743208,0.777359292816022,-7.04575505113724e-17
0.04337700995713,-9.1739071532292e-05,-0.00430989867652705,0.576528068832817,0.0628524841111144,0.576536458787669,10.9836708221209,0.00439365747069521,0.777359288786133,-7.23391018547998e-17
0.0437325592190737,-9.32782441663216e-05,-0.00434811340301356,0.577814166507071,0.0634122877859156,0.577822713553695,10.9836598207848,0.00441052831371102,0.777359284684036,8.31110580730492e-17
0.0440881084810174,-9.48310176732357e-05,-0.0043864050668468,0.579111680039143,0.0639732550170694,0.579120386138611,10.9836486964986,0.00442748420850789,0.777359280508937,-9.63875848372111e-18
0.044443657742961,-9.63974195426384e-05,-0.00442477442568299,0.580420633245315,0.0645353969000493,0.580429500377901,10.9836374484152,0.0044445254787468,0.777359276260042,-1.2988297334079e-17
0.0447992070049047,-9.79774775339542e-05,-0.00446322223858149,0.581741050168276,0.065098724551697,0.581750080333725,10.9836260756777,0.00446165244972995,0.77735927193655,-1.34897673086332e-17
0.0451547562668484,-9.95712196765241e-05,-0.00450174926600712,0.583072955077215,0.0656632491102575,0.583082150295008,10.9836145774195,0.00447886544840167,0.777359267537652,-1.30183431809049e-16
0.0455103055287921,-0.000101178674270404,-0.00454035626985405,0.584416372468512,0.0662289817357301,0.584425734778139,10.9836029527644,0.00449616480335809,0.777359263062537,5.65426256027768e-18
0.0458658547907358,-0.000102799869886928,-0.00457904401346234,0.585771327066228,0.0667959336101115,0.585780858527464,10.983591200826,0.00451355084485385,0.777359258510386,-1.42726216282652e-16
0.0462214040526795,-0.000104434835368843,-0.00461781326162149,0.587137843822228,0.0673641159374484,0.58714754651541,10.9835793207083,0.00453102390480347,0.777359253880376,-6.42725953398603e-17
0.0465769533146232,-0.000106083599831251,-0.00465666478059782,0.588515947916997,0.06793353994424,0.588525823943303,10.9835673115054,0.00454858431679259,0.777359249171676,-1.24035534328979e-17
0.0469325025765669,-0.000107746192662012,-0.00469559933814598,0.589905664759992,0.0685042168796075,0.589915716241731,10.9835551723009,0.00456623241608267,0.77735924438345,-6.75963526248862e-17
0.0472880518385106,-0.000109422643521989,-0.00473461770351543,0.591307019989856,0.0690761580153897,0.591317249070751,10.9835429021688,0.00458396853961354,0.777359239514859,-6.615930829031e-17
0.0476436011004542,-0.00011111298234606,-0.00477372064747932,0.5927200394753,0.0696493746465678,0.592730448320781,10.9835305001726,0.00460179302601543,0.777359234565053,2.93262923371936e-17
0.0479991503623979,-0.000112817239343369,-0.00481290894234129,0.594144749315321,0.0702238780913652,0.594155340112816,10.9835179653657,0.0046197062156117,0.77735922953318,-4.21948403883546e-17
0.0483546996243416,-0.000114535444997757,-0.00485218336194699,0.595581175839573,0.0707996796914181,0.595591950798812,10.9835052967911,0.00463770845042353,0.77735922441838,1.4304268896757e-17
0.0487102488862853,-0.000116267630068741,-0.00489154468171146,0.597029345609223,0.0713767908121778,0.597040306962538,10.9834924934813,0.00465580007418146,0.777359219219786,8.39788168577316e-18
0.049065798148229,-0.000118013825591663,-0.00493099367862276,0.598489285417083,0.0719552228429638,0.598500435419707,10.9834795544585,0.00467398143232675,0.777359213936528,-1.54600453532855e-17
0.0494213474101727,-0.000119774062878342,-0.00497053113125935,0.599961022288167,0.0725349871972218,0.599972363218549,10.9834664787344,0.00469225287201869,0.777359208567727,-2.86590950725532e-17
0.0497768966721164,-0.000121548373517938,-0.00501015781981382,0.601444583480452,0.0731160953128702,0.601456117640567,10.9834532653098,0.00471061474214455,0.777359203112498,-6.72401752705657e-17
0.0501324459340601,-0.000123336789377065,-0.00504987452609514,0.602939996484969,0.0736985586523359,0.602951726200636,10.983439913175,0.00472906739332049,0.777359197569949,-1.70264898524225e-16
0.0504879951960037,-0.000125139342600652,-0.00508968203355163,0.604447289026557,0.0742823887028917,0.604459216647754,10.9834264213096,0.00474761117790124,0.777359191939184,-7.31451066436715e-17
0.0508435444579474,-0.000126956065612652,-0.00512958112728971,0.605966489064471,0.0748675969769321,0.605978616965665,10.9834127886821,0.00476624644998807,0.777359186219298,-3.89262461240186e-17
0.0511990937198911,-0.00012878699111618,-0.00516957259407681,0.60749762479251,0.0754541950120174,0.607509955372978,10.9833990142503,0.00478497356542992,0.77735918040938,-1.10542564177014e-17
0.0515546429818348,-0.000130632152094545,-0.00520965722236855,0.609040724639907,0.0760421943712732,0.609053260324072,10.9833850969608,0.00480379288183502,0.777359174508512,-8.4212915588529e-17
0.0519101922437785,-0.00013249158181179,-0.00524983580232225,0.610595817271799,0.0766316066435902,0.610608560509561,10.9833710357493,0.00482270475857668,0.777359168515771,-1.16408002638955e-16
0.0522657415057222,-0.000134365313812911,-0.00529010912580228,0.612162931589418,0.0772224434437032,0.612175884856498,10.9833568295402,0.0048417095567954,0.777359162430224,-9.63874789580927e-17
0.0526212907676659,-0.000136253381925016,-0.00533047798640956,0.613742096731094,0.0778147164126257,0.613755262529373,10.9833424772466,0.00486080763941171,0.777359156250934,-6.03605736729663e-17
0.0529768400296096,-0.000138155820257665,-0.00537094317949002,0.615333342072554,0.0784084372177743,0.615346722930424,10.9833279777704,0.00487999937112969,0.777359149976956,-3.7287872645792e-17
0.0533323892915533,-0.000140072663203287,-0.00541150550214449,0.616936697227277,0.0790036175531162,0.616950295699989,10.9833133300019,0.00489928511844117,0.777359143607337,3.46161189719151e-17
0.0536879385534969,-0.000142003945438333,-0.00545216575325771,0.618552192047498,0.0796002691395954,0.618566010717523,10.9832985328202,0.00491866524963844,0.777359137141117,-5.70030409491687e-17
0.0540434878154406,-0.000143949701923475,-0.00549292473350286,0.62017985662438,0.0801984037252002,0.620193898101764,10.9832835850926,0.00493814013481601,0.77735913057733,-7.45695513631572e-17
0.0543990370773843,-0.000145909967904264,-0.00553378324535749,0.621819721288585,0.0807980330851987,0.621833988211315,10.9832684856746,0.00495771014587759,0.777359123915003,-1.76825539277624e-17
0.054754586339328,-0.000147884778912184,-0.00557474209312923,0.62347181661118,0.0813991690225175,0.623486311645555,10.9832532334101,0.00497737565654736,0.777359117153152,6.01312395024972e-17
0.0551101356012717,-0.000149874170764773,-0.00561580208295844,0.625136173403752,0.0820018233677816,0.625150899244755,10.9832378271312,0.004997137042371,0.777359110290791,-1.05425796961329e-16
0.0554656848632154,-0.000151878179566536,-0.00565696402284001,0.626812822719192,0.0826060079796356,0.626827782090867,10.983222265658,0.00501699468072523,0.777359103326922,-7.23694362222234e-18
0.0558212341251591,-0.000153896841709823,-0.00569822872264436,0.628501795852454,0.0832117347450536,0.62851699150829,10.9832065477984,0.00503694895082715,0.777359096260541,-7.76240580500746e-17
0.0561767833871028,-0.00015593019387496,-0.00573959699412008,0.630203124340671,0.0838190155793793,0.630218559063991,10.9831906723485,0.0050570002337352,0.777359089090637,-5.94767477320656e-17
0.0565323326490464,-0.000157978273031371,-0.00578106965092055,0.631916839964131,0.0844278624267183,0.631932516568479,10.9831746380919,0.00507714891236104,0.777359081816191,-2.1657203093194e-17
0.0568878819109901,-0.000160041116438259,-0.00582264750861972,0.633642974746854,0.0850382872601706,0.633658896076398,10.9831584438001,0.00509739537147647,0.777359074436174,-7.52787296982459e-17
0.0572434311729338,-0.000162118761644815,-0.00586433138471648,0.635381560956783,0.085650302081897,0.635397729886709,10.9831420882321,0.00511773999771528,0.777359066949552,-6.85933633433637e-17
0.0575989804348775,-0.000164211246491495,-0.00590612209866455,0.637132631106884,0.086263918923559,0.637149050543811,10.9831255701343,0.00513818317958665,0.777359059355282,-4.82247620607395e-17
0.0579545296968212,-0.000166318609110487,-0.00594802047188285,0.63889621795555,0.0868791498464725,0.638912890837937,10.9831088882407,0.00515872530747969,0.777359051652312,-8.71103506032899e-17
0.0583100789587649,-0.000168440887926091,-0.00599002732776387,0.640672354506932,0.0874960069417323,0.640689283805493,10.9830920412725,0.0051793667736671,0.777359043839582,-8.3258732973447e-17
0.0586656282207086,-0.000170578121656049,-0.00603214349170407,0.642461074012083,0.0881145023306608,0.642478262730214,10.9830750279382,0.00520010797231891,0.777359035916026,-1.12580313689872e-16
0.0590211774826523,-0.000172730349311815,-0.00607436979110973,0.6442624099692,0.0887346481648939,0.644279861143401,10.9830578469334,0.00522094929950497,0.777359027880567,-3.3057790107204e-17
0.059376726744596,-0.000174897610199204,-0.00611670705541116,0.646076396124178,0.0893564566265929,0.646094112824489,10.9830404969406,0.00524189115320133,0.77735901973212,-5.24965609719798e-17
0.0597322760065396,-0.000177079943919634,-0.00615915611609064,0.647903066471682,0.0899799399288555,0.647921051802118,10.9830229766293,0.00526293393330291,0.777359011469592,-8.92542439323498e-17
0.0600878252684833,-0.000179277390370283,-0.00620171780668551,0.649742455255291,0.0906051103157633,0.649760712354286,10.9830052846559,0.00528407804162479,0.777359003091883,-1.4686788975737e-16
0.060443374530427,-0.000181489989745027,-0.00624439296280869,0.651594596968298,0.0912319800626849,0.651613129009153,10.9829874196633,0.0053053238819115,0.777358994597881,1.22712839442283e-17
0.0607989237923707,-0.000183717782535498,-0.00628718242217215,0.653459526354632,0.0918605614766218,0.653478336545971,10.9829693802813,0.0053266718598477,0.777358985986468,-5.61625725072556e-17
0.0611544730543144,-0.000185960809531227,-0.00633008702458931,0.655337278408974,0.0924908668962463,0.655356369995202,10.9829511651259,0.00534812238305919,0.777358977256516,4.42942644876836e-17
0.0615100223162581,-0.000188219111820832,-0.00637310761200107,0.657227888377791,0.0931229086922852,0.657247264639559,10.9829327727997,0.00536967586112479,0.777358968406888,-7.77343311518953e-18
0.0618655715782018,-0.000190492730792861,-0.00641624502849389,0.659131391760056,0.0937566992677867,0.659151056014733,10.9829142018915,0.00539133270558463,0.777358959436438,-7.11051336693279e-17
0.0622211208401455,-0.000192781708135985,-0.0064595001203035,0.661047824307421,0.0943922510581776,0.661067779909572,10.9828954509764,0.00541309332994168,0.777358950344012,-1.18108580099245e-16
0.0625766701020892,-0.000195086085840398,-0.00650287373584481,0.662977222025418,0.0950295765317046,0.662997472367286,10.9828765186154,0.00543495814967563,0.777358941128445,-1.76601075546601e-17
0.0629322193640328,-0.000197405906198409,-0.00654636672572453,0.664919621173978,0.0956686881896208,0.664940169685972,10.9828574033556,0.0054569275822486,0.777358931788564,-1.32567114871521e-16
0.0632877686259765,-0.000199741211804797,-0.00658997994274806,0.66687505826773,0.0963095985662897,0.666895908418922,10.9828381037299,0.00547900204710818,0.777358922323186,-5.15101911049021e-19
0.0636433178879202,-0.000202092045558304,-0.00663371424195119,0.668843570077293,0.0969523202296525,0.668864725375921,10.9828186182569,0.00550118196570226,0.777358912731119,-5.61942833032184e-18
0.0639988671498639,-0.000204458450662001,-0.00667757048060743,0.670825193629594,0.097596865781338,0.670846657623565,10.9827989454411,0.00552346776148227,0.777358903011162,-8.82037642590768e-17
0.0643544164118076,-0.00020684047062391,-0.00672154951824058,0.672819966208397,0.0982432478568491,0.672841742485803,10.982779083772,0.0055458598599089,0.777358893162102,-8.15356032609358e-17
0.0647099656737513,-0.000209238149258438,-0.00676565221665472,0.674827925355547,0.0988914791260065,0.674850017545188,10.9827590317251,0.00556835868846626,0.777358883182719,-5.77602354644548e-17
0.065065514935695,-0.000211651530686594,-0.00680987943993817,0.676849108871153,0.0995415722930074,0.676871520643061,10.9827387877606,0.00559096467666345,0.777358873071782,-3.12288342158452e-17
0.0654210641976387,-0.000214080659336922,-0.00685423205448246,0.678883554814394,0.100193540096708,0.678906289880367,10.9827183503244,0.00561367825604346,0.77735886282805,-6.51282574352647e-17
0.0657766134595824,-0.000216525579946767,-0.0068987109290084,0.680931301504611,0.100847395311008,0.680954363618754,10.9826977178471,0.00563649986019546,0.777358852450271,-7.14552759138991e-17
0.066132162721526,-0.000218986337562427,-0.00694331693456845,0.682992387521433,0.101503150744888,0.683015780480707,10.9826768887443,0.00565942992475566,0.777358841937185,-5.9250907572504e-17
0.0664877119834697,-0.000221462977540393,-0.00698805094457197,0.685066851705857,0.102160819242781,0.685090579350628,10.9826558614164,0.00568246888741926,0.77735883128752,-1.25826214919034e-16
0.0668432612454134,-0.000223955545548377,-0.00703291383480579,0.68715473316112,0.102820413684882,0.687178799375726,10.9826346342487,0.00570561718795015,0.777358820499995,-4.25234891718892e-17
0.0671988105073571,-0.000226464087565493,-0.00707790648343733,0.689256071252865,0.103481946987191,0.68928047996618,10.9826132056106,0.00572887526818214,0.777358809573318,-4.6097862330184e-17
0.0675543597693008,-0.000228988649883751,-0.0071230297710445,0.691370905610427,0.104145432101956,0.691395660796436,10.9825915738565,0.00575224357203326,0.777358798506185,5.87864158800534e-17
0.0679099090312445,-0.000231529279108817,-0.0071682845806306,0.693499276127482,0.104810882017897,0.693524381805867,10.9825697373247,0.0057757225455127,0.777358787297285,-2.1894319378866e-17
0.0682654582931882,-0.000234086022160324,-0.00721367179763004,0.695641222962322,0.105478309760289,0.695666683199048,10.9825476943378,0.00579931263672333,0.777358775945292,-7.68036537010996e-17
0.0686210075551319,-0.000236658926273525,-0.00725919230994093,0.697796786539275,0.106147728391448,0.697822605447191,10.9825254432025,0.00582301429587741,0.777358764448872,6.43342699263322e-17
0.0689765568170755,-0.000239248038999778,-0.00730484700793434,0.699966007549123,0.106819151010864,0.699992189288563,10.9825029822094,0.00584682797530079,0.77735875280668,-5.84590376459396e-17
0.0693321060790192,-0.000241853408207122,-0.00735063678446514,0.7021489269496,0.107492590755368,0.702175475729,10.9824803096329,0.00587075412943793,0.777358741017358,-8.61338274942241e-17
0.0696876553409629,-0.000244475082081919,-0.00739656253490405,0.704345585966805,0.108168060799603,0.704372506043319,10.982457423731,0.00589479321486747,0.77735872907954,-5.85581405007684e-17
0.0700432046029066,-0.000247113109129135,-0.00744262515714256,0.706556026095444,0.1088455743561,0.706583321775575,10.9824343227454,0.00591894569030425,0.777358716991845,-1.11503523055675e-16
0.0703987538648503,-0.000249767538173257,-0.00748882555161045,0.70878028909962,0.109525144675538,0.708807964739854,10.9824110049009,0.00594321201660773,0.777358704752883,-1.61970698965151e-17
0.070754303126794,-0.000252438418359782,-0.00753516462130432,0.711018417014111,0.110206785047166,0.711046477021565,10.9823874684059,0.00596759265679581,0.777358692361253,3.69230132037622e-17
0.0711098523887377,-0.000255125799155383,-0.00758164327179035,0.713270452144523,0.110890508798848,0.713298900977592,10.9823637114518,0.00599208807604581,0.777358679815541,-1.37794155189027e-16
0.0714654016506814,-0.000257829730349187,-0.00762826241122839,0.715536437068379,0.111576329297418,0.715565279237402,10.9823397322129,0.00601669874170624,0.777358667114321,-1.42948138914833e-16
0.0718209509126251,-0.000260550262054004,-0.00767502295039528,0.717816414636185,0.112264259949025,0.717845654704111,10.9823155288463,0.00604142512330804,0.777358654256158,-1.3752215173384e-17
0.0721765001745687,-0.000263287444706506,-0.00772192580268761,0.720110427971578,0.11295431419918,0.720140070554644,10.9822910994921,0.00606626769256558,0.777358641239601,-1.13862721572015e-16
0.0725320494365124,-0.000266041329068795,-0.00776897188415125,0.722418520472682,0.11364650553319,0.722448570241101,10.9822664422727,0.00609122692339121,0.777358628063191,2.61203785109545e-19
0.0728875986984561,-0.000268811966229347,-0.00781616211349883,0.724740735812914,0.114340847476421,0.724771197491568,10.9822415552929,0.00611630329190358,0.777358614725453,-1.08440969555758e-16
0.0732431479603998,-0.000271599407603297,-0.00786349741211449,0.727077117941235,0.115037353594368,0.727107996310379,10.98221643664,0.00614149727642969,0.777358601224904,-8.67113980851332e-17
0.0735986972223435,-0.000274403704934217,-0.007910978704087,0.729427711083677,0.115736037493146,0.729459010979654,10.9821910843833,0.00616680935752129,0.777358587560046,-9.83176552866484e-17
0.0739542464842872,-0.00027722491029476,-0.00795860691622135,0.731792559743894,0.116436912819665,0.731824286059857,10.9821654965741,0.00619224001796026,0.777358573729368,-7.09165629594454e-17
0.0743097957462309,-0.000280063076087175,-0.00800638297804785,0.734171708703616,0.117139993261765,0.734203866390254,10.9821396712454,0.00621778974276286,0.777358559731348,-1.26456725069147e-17
0.0746653450081746,-0.000282918255045156,-0.00805430782185599,0.736565203024227,0.117845292548721,0.736597797090512,10.9821136064121,0.00624345901919661,0.777358545564451,-1.01470523674566e-16
0.0750208942701183,-0.000285790500234206,-0.00810238238270089,0.738973088047087,0.118552824451335,0.73900612356102,10.9820873000705,0.00626924833678302,0.777358531227129,-4.12283757955374e-17
0.0753764435320619,-0.000288679865052527,-0.00815060759841898,0.741395409394292,0.119262602782177,0.741428891483665,10.9820607501983,0.00629515818730524,0.77735851671782,-1.42702499360129e-16
0.0757319927940056,-0.000291586403232728,-0.00819898440965917,0.743832212970149,0.11997464139604,0.743866146823314,10.9820339547545,0.00632118906482363,0.777358502034952,-9.07693211771917e-17
0.0760875420559493,-0.000294510168842042,-0.0082475137598862,0.746283544961359,0.120688954189999,0.746317935828004,10.982006911679,0.0063473414656769,0.777358487176935,-6.76787795185659e-17
0.076443091317893,-0.000297451216283602,-0.00829619659540337,0.748749451838116,0.121405555103744,0.748784305030059,10.9819796188929,0.00637361588849344,0.777358472142171,-1.59179725403948e-16
0.0767986405798367,-0.000300409600297902,-0.00834503386537882,0.75122998035536,0.122124458119974,0.751265301247345,10.9819520742977,0.00640001283420435,0.777358456929044,-2.16342802640589e-17
0.0771541898417804,-0.000303385375962971,-0.00839402652184804,0.753725177552934,0.122845677264435,0.753760971583442,10.9819242757758,0.00642653280604426,0.777358441535928,8.80893089320791e-18
0.0775097391037241,-0.000306378598696008,-0.00844317551974284,0.756235090756985,0.123569226606351,0.756271363429053,10.9818962211898,0.00645317630956583,0.777358425961182,-4.12659628825718e-17
0.0778652883656678,-0.000309389324254527,-0.00849248181691164,0.75875976758095,0.124295120258724,0.758796524463002,10.9818679083827,0.00647994385264979,0.77735841020315,-1.35923377045898e-17
0.0782208376276115,-0.000312417608736615,-0.00854194637412335,0.761299255925775,0.125023372378399,0.761336502652462,10.9818393351775,0.00650683594550638,0.777358394260163,-4.62407991400331e-17
0.0785763868895551,-0.000315463508582828,-0.00859157015510087,0.763853603981553,0.125753997166557,0.763891346254608,10.9818104993773,0.00653385310069238,0.777358378130539,-8.59685501903911e-17
0.0789319361514988,-0.000318527080577007,-0.00864135412653517,0.766422860228218,0.126487008868928,0.766461103817316,10.9817813987648,0.00656099583311783,0.777358361812581,-1.13036546811086e-17
0.0792874854134425,-0.000321608381846744,-0.00869129925809279,0.769007073435952,0.127222421775906,0.769045824179582,10.9817520311024,0.00658826466004945,0.777358345304577,6.25254310674707e-17
0.0796430346753862,-0.000324707469865408,-0.00874140652245138,0.771606292666921,0.127960250223072,0.771645556473278,10.9817223941319,0.00661566010112872,0.777358328604801,-6.31837874257241e-17
0.0799985839373299,-0.000327824402452641,-0.00879167689530783,0.774220567275705,0.128700508591323,0.77426035012358,10.9816924855744,0.00664318267837556,0.777358311711512,-1.68095805964984e-17
0.0803541331992736,-0.000330959237775183,-0.00884211135539217,0.776849946910011,0.129443211307076,0.776890254849701,10.9816623031299,0.00667083291619507,0.777358294622957,-3.48399474282271e-17
0.0807096824612172,-0.000334112034348826,-0.00889271088450133,0.779494481512344,0.130188372842772,0.779535320666575,10.9816318444776,0.00669861134139474,0.777358277337364,-4.09021622317261e-17
0.0810652317231609,-0.000337282851038682,-0.00894347646750328,0.782154221320248,0.130936007716941,0.7821955978851,10.9816011072752,0.00672651848318606,0.777358259852949,1.6429474561418e-17
0.0814207809851046,-0.00034047174706045,-0.00899440909235836,0.784829216867385,0.131686130494518,0.784871137113243,10.981570089159,0.00675455487319518,0.777358242167912,-1.13890356021919e-16
0.0817763302470483,-0.000343678781982115,-0.00904550975014846,0.787519518985005,0.13243875578728,0.78756198925751,10.9815387877437,0.00678272104547776,0.777358224280437,-7.77881177440459e-17
0.082131879508992,-0.000346904015724144,-0.0090967794350796,0.790225178802107,0.133193898253884,0.790268205523127,10.9815072006223,0.00681101753651972,0.777358206188694,-1.27665864601352e-16
0.0824874287709357,-0.000350147508561149,-0.00914821914451013,0.792946247746877,0.133951572600292,0.792989837415483,10.9814753253655,0.0068394448852516,0.777358187890836,-6.01639032105257e-17
0.0828429780328794,-0.000353409321123266,-0.00919982987897393,0.795682777547863,0.134711793580111,0.795726936741329,10.9814431595222,0.0068680036330603,0.777358169385001,-9.67277744446521e-17
0.0831985272948231,-0.00035668951439639,-0.0092516126421837,0.798434820234188,0.135474575994652,0.79847955560899,10.9814107006186,0.00689669432379012,0.777358150669312,3.15108961872809e-17
0.0835540765567668,-0.000359988149724169,-0.00930356844106452,0.801202428137257,0.136239934693425,0.801247746430099,10.9813779461585,0.00692551750376011,0.777358131741874,-7.264811006187e-17
0.0839096258187104,-0.000363305288809023,-0.00935569828577064,0.803985653891632,0.137007884574391,0.804031561920474,10.981344893623,0.00695447372177232,0.777358112600779,-2.72198272764906e-17
0.0842651750806541,-0.000366640993712548,-0.00940800318969167,0.80678455043539,0.13777844058406,0.806831055100492,10.9813115404701,0.0069835635291145,0.7773580932441,-7.28564801668946e-17
0.0846207243425978,-0.000369995326857719,-0.00946048416948929,0.809599171012003,0.138551617718033,0.809646279296991,10.9812778841349,0.00701278747957907,0.777358073669894,-9.02513605299457e-18
0.0849762736045415,-0.000373368351029538,-0.00951314224510766,0.812429569170904,0.139327431021163,0.812477288143834,10.9812439220289,0.00704214612946806,0.777358053876202,-8.2100997753228e-17
0.0853318228664852,-0.000376760129375788,-0.00956597843978533,0.815275798768133,0.140105895587737,0.815324135582584,10.9812096515403,0.00707164003759875,0.777358033861049,7.12195889963256e-17
0.0856873721284289,-0.000380170725409219,-0.00961899378009149,0.818137913968214,0.140887026562007,0.818186875864387,10.9811750700335,0.00710126976532262,0.777358013622441,3.77749165904632e-17
0.0860429213903726,-0.000383600203007914,-0.00967218929593139,0.821015969244474,0.141670839138285,0.821065563550306,10.9811401748489,0.0071310358765274,0.77735799315837,-3.45513209514502e-17
0.0863984706523163,-0.000387048626416501,-0.00972556602056582,0.823910019380081,0.142457348561228,0.823960253512375,10.9811049633028,0.00716093893764704,0.777357972466807,-2.94708173338189e-17
0.08675401991426,-0.000390516060248125,-0.0097791249906435,0.826820119469741,0.143246570126322,0.826871000935312,10.9810694326872,0.00719097951767836,0.777357951545711,-1.52683194456745e-16
0.0871095691762036,-0.000394002569484666,-0.00983286724620391,0.829746324919885,0.144038519179931,0.829797861316713,10.9810335802697,0.0072211581881819,0.777357930393017,-2.44428297589173e-17
0.0874651184381473,-0.000397508219478417,-0.00988679383070436,0.832688691450112,0.144833211119699,0.832740890468523,10.9809974032928,0.0072514755232959,0.777357909006648,-3.83333230609406e-17
0.087820667700091,-0.000401033075953715,-0.00994090579104648,0.835647275094591,0.145630661394944,0.835700144518441,10.9809608989744,0.00728193209974985,0.777357887384507,-1.0888608536954e-18
0.0881762169620347,-0.000404577205007164,-0.00999520417757897,0.838622132202251,0.14643088550671,0.838675679910133,10.980924064507,0.00731252849686522,0.777357865524477,1.75841922267625e-17
0.0885317662239784,-0.000408140673109703,-0.010049690044131,0.841613319438564,0.147233899008256,0.841667553405027,10.9808868970577,0.00734326529657296,0.777357843424426,-4.08608693755474e-18
0.0888873154859221,-0.000411723547107852,-0.0101043644480318,0.844620893786605,0.148039717505361,0.84467582208339,10.9808493937683,0.00737414308342337,0.777357821082204,-2.13877936764079e-17
0.0892428647478658,-0.000415325894224068,-0.0101592284501162,0.847644912547374,0.148848356656397,0.847700543344665,10.9808115517545,0.00740516244458812,0.777357798495638,-8.85045668344705e-17
0.0895984140098095,-0.000418947782059094,-0.0102142831147615,0.850685433341801,0.149659832172896,0.850741774909497,10.9807733681059,0.00743632396988003,0.777357775662542,-4.75007606490739e-17
0.0899539632717532,-0.000422589278592794,-0.010269529509901,0.853742514111471,0.150474159819737,0.853799574820466,10.9807348398862,0.00746762825175922,0.777357752580708,4.30991539386669e-17
0.0903095125336968,-0.000426250452184827,-0.0103249687070339,0.856816213119203,0.15129135541531,0.856874001442689,10.9806959641321,0.00749907588533791,0.77735772924791,-1.85330808859241e-17
0.0906650617956405,-0.000429931371577065,-0.0103806017812635,0.859906588951128,0.152111434832082,0.859965113465913,10.9806567378541,0.00753066746840068,0.777357705661902,-4.87664396305086e-17
0.0910206110575842,-0.000433632105894073,-0.0104364298113046,0.8630137005171,0.152934413996711,0.863072969904943,10.9806171580355,0.00756240360140741,0.777357681820419,-1.61724000619264e-17
0.0913761603195279,-0.000437352724644259,-0.0104924538795011,0.866137607051687,0.153760308890308,0.866197630100652,10.9805772216324,0.00759428488750221,0.777357657721178,-5.99474862925022e-17
0.0917317095814716,-0.000441093297722117,-0.010548675071861,0.869278368116098,0.15458913554897,0.869339153721924,10.9805369255736,0.00762631193253202,0.777357633361875,-8.68596288509027e-17
0.0920872588434153,-0.000444853895408496,-0.0106050944780605,0.872436043598416,0.155420910063832,0.872497600765904,10.9804962667603,0.00765848534504764,0.777357608740186,-7.41045832146738e-17
0.092442808105359,-0.000448634588372265,-0.0106617131914691,0.875610693715029,0.156255648581459,0.875673031559446,10.9804552420657,0.00769080573631705,0.777357583853767,-7.26112641286645e-17
0.0927983573673027,-0.00045243544767222,-0.01071853230918,0.878802379012266,0.157093367304284,0.878865506760775,10.9804138483349,0.00772327372034103,0.777357558700254,-1.54575042544437e-16
0.0931539066292463,-0.000456256544757302,-0.010775552932012,0.882011160366588,0.157934082490661,0.882075087359687,10.9803720823848,0.00775588991385354,0.777357533277265,-2.99087333675493e-17
0.09350945589119,-0.000460097951468719,-0.0108327761645432,0.885237098986418,0.158777810455349,0.8853018346794,10.9803299410037,0.00778865493633917,0.777357507582393,-4.09701366257433e-17
0.0938650051531337,-0.000463959740041444,-0.010890203115133,0.888480256413413,0.159624567569861,0.88854581037785,10.9802874209508,0.00782156941004481,0.777357481613213,-1.24421940171605e-16
0.0942205544150774,-0.000467841983104529,-0.0109478348959269,0.891740694522752,0.160474370262528,0.891807076447994,10.9802445189565,0.00785463395998104,0.777357455367279,-7.17847717303811e-17
0.0945761036770211,-0.00047174475368358,-0.0110056726228946,0.895018475525254,0.161327235019074,0.895085695219948,10.9802012317218,0.00788784921394237,0.777357428842124,3.2187675512137e-17
0.0949316529389648,-0.000475668125201809,-0.0110637174158452,0.898313661968282,0.162183178382851,0.898381729361911,10.9801575559181,0.00792121580251504,0.777357402035258,-4.57630725577817e-17
0.0952872022009085,-0.000479612171480623,-0.0111219703984364,0.901626316736257,0.163042216954967,0.901695241880699,10.9801134881868,0.00795473435908067,0.777357374944172,-4.16460689176522e-17
0.0956427514628522,-0.00048357696674226,-0.011180432698214,0.904956503052918,0.163904367394897,0.905026296124027,10.9800690251396,0.00798840551983784,0.777357347566333,3.28716546170449e-17
0.0959983007247959,-0.000487562585610424,-0.0112391054466216,0.908304284481868,0.164769646420614,0.908374955781072,10.9800241633574,0.00802222992380614,0.777357319899187,-7.69715779828928e-17
0.0963538499867395,-0.00049156910311134,-0.011297989779016,0.91166972492749,0.165638070808836,0.911741284883412,10.9799788993909,0.00805620821283378,0.77735729194016,2.1017428520221e-17
0.0967093992486832,-0.000495596594676286,-0.0113570868347055,0.915052888637111,0.166509657395591,0.915125347807214,10.9799332297596,0.00809034103161818,0.777357263686652,2.43801493208205e-17
0.0970649485106269,-0.000499645136141936,-0.0114163977569546,0.918453840201309,0.167384423076298,0.918527209273557,10.9798871509521,0.00812462902770737,0.777357235136043,-2.18208392706917e-17
0.0974204977725706,-0.000503714803751981,-0.0114759236930078,0.921872644555302,0.168262384806125,0.921946934349844,10.9798406594254,0.00815907285151243,0.777357206285689,-3.6464344862824e-17
0.0977760470345143,-0.00050780567415933,-0.0115356657941233,0.92530936698084,0.16914355960049,0.92538458845172,10.979793751605,0.00819367315632515,0.777357177132925,-4.26057572468913e-17
0.098131596296458,-0.00051191782442635,-0.011595625215575,0.928764073106414,0.170027964535107,0.928840237343298,10.9797464238844,0.00822843059831834,0.777357147675061,7.20147411755606e-18
0.0984871455584017,-0.000516051332027006,-0.0116558031166852,0.932236828909098,0.170915616746466,0.932313947139027,10.9796986726248,0.00826334583656277,0.777357117909385,-1.79524398005813e-16
0.0988426948203454,-0.000520206274848639,-0.0117162006608503,0.93572770071607,0.17180653343223,0.935805784305236,10.979650494155,0.00829841953304099,0.77735708783316,-6.09838311034679e-17
0.0991982440822891,-0.000524382731192252,-0.0117768190155449,0.939236755204874,0.172700731851294,0.939315815660413,10.979601884771,0.00833365235264798,0.777357057443628,-1.70599211840594e-16
0.0995537933442327,-0.000528580779775079,-0.0118376593523593,0.942764059405615,0.173598229324356,0.942844108377434,10.9795528407357,0.00836904496321171,0.777357026738004,-8.13160099693601e-17
0.0999093426061764,-0.000532800499731889,-0.0118987228470194,0.946309680702085,0.174499043234211,0.946390729984704,10.9795033582787,0.00840459803550273,0.77735699571348,-1.59678416051644e-17
0.10026489186812,-0.000537041970615494,-0.0119600106793923,0.949873686832207,0.17540319102585,0.949955748366629,10.9794534335961,0.00844031224323663,0.777356964367225,-7.06527121963757e-17
0.100620441130064,-0.00054130527239958,-0.0120215240335295,0.953456145890461,0.176310690207095,0.953539231766066,10.9794030628498,0.00847618826309681,0.777356932696381,-6.6080428347097e-17
0.100975990392007,-0.000545590485479529,-0.0120832640976772,0.957057126328596,0.177221558348775,0.957141248785058,10.9793522421678,0.00851222677473969,0.777356900698068,-1.62344028736654e-16
0.101331539653951,-0.000549897690673377,-0.0121452320642908,0.96067669695646,0.178135813084934,0.960761868385689,10.9793009676433,0.0085484284608011,0.777356868369379,-5.82127628165254e-17
0.101687088915895,-0.000554226969224617,-0.0122074291300755,0.964314926944399,0.179053472113447,0.964401159892516,10.9792492353349,0.00858479400691862,0.777356835707383,3.65604831023374e-17
0.102042638177839,-0.00055857840280266,-0.0122698564959925,0.967971885823665,0.179974553196121,0.968059192992989,10.9791970412661,0.00862132410173356,0.777356802709121,1.45676961433531e-17
0.102398187439782,-0.000562952073504375,-0.0123325153672809,0.97164764348774,0.180899074159024,0.97173603773881,10.979144381425,0.00865801943690228,0.777356769371612,-8.11199218420707e-17
0.102753736701726,-0.000567348063856615,-0.012395406953495,0.975342270194499,0.181827052893047,0.975431764548127,10.9790912517638,0.008694880707116,0.777356735691846,-5.14127823159679e-17
0.10310928596367,-0.000571766456816481,-0.0124585324685066,0.979055836566456,0.182758507353947,0.979146444205792,10.979037648199,0.00873190861010105,0.77735670166679,-1.29111538084078e-16
0.103464835225613,-0.000576207335773465,-0.0125218931305364,0.982788413592595,0.183693455562819,0.982880147865231,10.9789835666105,0.0087691038466352,0.777356667293381,-1.36337152640631e-16
0.103820384487557,-0.000580670784551529,-0.0125854901621838,0.986540072630158,0.184631915606547,0.98663294705026,10.9789290028418,0.00880646712056353,0.777356632568533,-5.62539991259998e-17
0.104175933749501,-0.000585156887409375,-0.0126493247904297,0.990310885404892,0.185573905637855,0.990404913655348,10.9788739526992,0.00884399913879863,0.77735659748913,-3.80610019683984e-17
0.104531483011444,-0.000589665729043085,-0.0127133982466746,0.994100924013307,0.186519443875881,0.994196119947919,10.978818411952,0.00888170061134109,0.777356562052031,8.90401034153721e-18
0.104887032273388,-0.000594197394587696,-0.0127777117667613,0.997910260924037,0.187468548606517,0.998006638569731,10.9787623763317,0.00891957225129092,0.777356526254066,5.0986724743499e-17
0.105242581535332,-0.000598751969617655,-0.0128422665909799,1.00173896897824,0.188421238182499,1.0018365425373,10.978705841532,0.00895761477484915,0.77735649009204,-4.76790610844709e-17
0.105598130797275,-0.000603329540149793,-0.012907063964111,1.00558712139214,0.189377531024049,1.00568590524449,10.9786488032084,0.00899582890134125,0.777356453562728,-7.38231565179485e-18
0.105953680059219,-0.000607930192644394,-0.01297210513544,1.00945479175797,0.190337445619109,1.00955480046347,10.9785912569777,0.00903421535322389,0.777356416662877,-5.73792823964272e-17
0.106309229321163,-0.000612554014006032,-0.0130373913587687,1.01334205404467,0.191301000523502,1.01344330234546,10.9785331984178,0.00907277485608985,0.777356379389206,-1.11884582002821e-16
0.106664778583107,-0.000617201091586647,-0.0131029238924588,1.01724898260057,0.192268214361609,1.01735148542339,10.9784746230676,0.00911150813869206,0.777356341738408,-3.53327088452923e-17
0.10702032784505,-0.000621871513186148,-0.0131687039994401,1.02117565215386,0.193239105826482,1.02127942461249,10.978415526426,0.00915041593294638,0.777356303707143,-9.78831273847069e-18
0.107375877106994,-0.000626565367053856,-0.0132347329472298,1.02512213781389,0.194213693680152,1.02522719521155,10.9783559039525,0.0091894989739415,0.777356265292044,-1.25559081903294e-16
0.107731426368938,-0.00063128274189136,-0.0133010120079737,1.02908851507357,0.195191996754241,1.02919487290538,10.978295751066,0.00922875799996096,0.777356226489716,-1.9248823726354e-18
0.108086975630881,-0.00063602372685284,-0.0133675424584492,1.0330748598097,0.196174033950022,1.03318253376516,10.9782350631447,0.00926819375248345,0.777356187296731,-1.35671808260563e-16
0.108442524892825,-0.000640788411547168,-0.0134343255800947,1.03708124828476,0.197159824238866,1.03719025425027,10.9781738355263,0.00930780697619821,0.777356147709634,-1.36105065613084e-16
0.108798074154769,-0.000645576886040327,-0.0135013626590439,1.04110775714899,0.198149386662755,1.04121811121042,10.9781120635067,0.00934759841902317,0.77735610772494,-3.73122248430256e-17
0.109153623416712,-0.000650389240855672,-0.013568654986128,1.04515446344062,0.199142740334329,1.04526618188588,10.9780497423405,0.0093875688321046,0.777356067339131,-6.2907866443156e-17
0.109509172678656,-0.000655225566976612,-0.0136362038569129,1.04922144458817,0.200139904437454,1.04933454390984,10.97798686724,0.00942771896983734,0.777356026548662,-6.98374429846434e-17
0.1098647219406,-0.000660085955848498,-0.0137040105717263,1.05330877841211,0.201140898227619,1.05342327531007,10.9779234333752,0.00946804958987827,0.777355985349953,7.00284489142493e-18
0.110220271202543,-0.00066497049937901,-0.0137720764356609,1.05741654312515,0.202145741032013,1.0575324545093,10.9778594358735,0.00950856145314691,0.777355943739396,-1.32713545692277e-16
0.110575820464487,-0.000669879289941275,-0.0138404027586184,1.06154481733496,0.203154452250176,1.06166216032793,10.9777948698191,0.00954925532384926,0.777355901713351,-4.07376260817219e-17
0.110931369726431,-0.000674812420375199,-0.0139089908553278,1.06569368004531,0.204167051354284,1.06581247198522,10.9777297302524,0.00959013196948636,0.777355859268145,2.7382881118837e-17
0.111286918988374,-0.000679769983988188,-0.0139778420453535,1.06986321065668,0.205183557889286,1.06998346909995,10.9776640121705,0.00963119216085761,0.777355816400074,-3.78640668081617e-17
0.111642468250318,-0.000684752074558477,-0.0140469576531423,1.07405348896915,0.206203991473608,1.07417523169329,10.9775977105257,0.00967243667208625,0.777355773105401,-8.67840311603602e-17
0.111998017512262,-0.000689758786335918,-0.0141163390080334,1.07826459518305,0.207228371799311,1.0783878401896,10.9775308202261,0.00971386628062322,0.777355729380358,-5.52083369526144e-17
0.112353566774206,-0.000694790214043304,-0.0141859874442755,1.08249660990016,0.208256718632364,1.08262137541752,10.9774633361346,0.00975548176725542,0.777355685221142,3.07371315899641e-17
0.112709116036149,-0.00069984645287955,-0.0142559043010708,1.08674961412637,0.209289051813305,1.0868759186128,10.9773952530685,0.00979728391612979,0.777355640623917,3.68099343053038e-17
0.113064665298093,-0.000704927598520121,-0.0143260909225804,1.09102368927212,0.210325391257326,1.09115155141871,10.9773265657997,0.00983927351475394,0.777355595584816,-5.43286932368908e-17
0.113420214560037,-0.000710033747119051,-0.0143965486579503,1.09531891715412,0.21136575695469,1.09544835588779,10.9772572690537,0.00988145135401023,0.777355550099935,-1.17883269335275e-16
0.11377576382198,-0.000715164995311725,-0.0144672788613509,1.09963537999771,0.212410168971307,1.09976641448432,10.9771873575093,0.00992381822817631,0.777355504165339,-4.52688288330588e-17
0.114131313083924,-0.000720321440215152,-0.0145382828919784,1.10397316043718,0.213458647448783,1.10410581008459,10.9771168257986,0.00996637493492426,0.777355457777056,-1.5533313703223e-16
0.114486862345868,-0.000725503179430655,-0.0146095621140914,1.10833234151802,0.214511212604977,1.10846662597925,10.977045668506,0.0100091222753402,0.777355410931082,-4.00409414826053e-17
0.114842411607811,-0.000730710311046102,-0.0146811178970418,1.11271300669885,0.215567884734458,1.11284894587527,10.9769738801684,0.0100520610539401,0.777355363623374,2.904475976135e-17
0.115197960869755,-0.000735942933636246,-0.0147529516152771,1.11711523985176,0.216628684208568,1.1172528538963,10.9769014552742,0.0100951920786693,0.777355315849858,-5.21865469132847e-17
0.115553510131699,-0.000741201146265944,-0.0148250646483846,1.12153912526505,0.217693631476087,1.12167843458549,10.9768283882633,0.0101385161609262,0.777355267606423,-5.8989068512684e-17
0.115909059393642,-0.000746485048491791,-0.0148974583811132,1.12598474764464,0.218762747063563,1.12612577290692,10.9767546735266,0.0101820341155732,0.77735521888892,-8.12279185428456e-17
0.116264608655586,-0.000751794740362736,-0.0149701342033798,1.13045219211464,0.219836051575434,1.13059495424618,10.9766803054055,0.0102257467609384,0.777355169693167,-8.82955614547355e-17
0.11662015791753,-0.00075713032242363,-0.015043093510318,1.13494154422036,0.220913565694751,1.13508606441351,10.9766052781913,0.0102696549188418,0.777355120014943,-9.97449058027719e-17
0.116975707179473,-0.000762491895716249,-0.0151163377022906,1.13945288992922,0.221995310183391,1.13959918964467,10.9765295861252,0.0103137594146007,0.777355069849993,-5.77269894212751e-17
0.117331256441417,-0.00076787956178047,-0.0151898681849044,1.14398631563179,0.223081305882282,1.14413441660206,10.9764532233976,0.0103580610770364,0.77735501919402,-1.33038382827549e-16
0.117686805703361,-0.000773293422657791,-0.0152636863690578,1.14854190814478,0.224171573712129,1.14869183237778,10.9763761841476,0.0104025607384996,0.777354968042695,-2.30791067138379e-17
0.118042354965305,-0.000778733580891886,-0.015337793670947,1.15311975471156,0.225266134673517,1.15327152449413,10.9762984624628,0.0104472592348721,0.777354916391647,-3.63453367337348e-17
0.118397904227248,-0.000784200139530514,-0.0154121915120905,1.15771994300379,0.226365009847295,1.15787358090538,10.9762200523785,0.010492157405579,0.777354864236469,-2.90007140480927e-17
0.118753453489192,-0.000789693202128687,-0.0154868813193717,1.16234256112415,0.227468220395224,1.16249809000046,10.9761409478775,0.0105372560936116,0.777354811572715,-6.67885478910016e-17
0.119109002751136,-0.000795212872748977,-0.0155618645250419,1.16698769760664,0.228575787560026,1.16714514060334,10.9760611428899,0.0105825561455262,0.777354758395899,-3.73677055010707e-17
0.119464552013079,-0.000800759255964179,-0.0156371425667541,1.17165544141885,0.229687732665923,1.17181482197537,10.975980631292,0.010628058411463,0.777354704701499,-3.66257046392759e-18
0.119820101275023,-0.000806332456859913,-0.0157127168875991,1.1763458819642,0.230804077119165,1.17650722381756,10.9758994069062,0.0106737637451637,0.777354650484949,-1.07878116162308e-17
0.120175650536967,-0.000811932581034934,-0.0157885889361066,1.18105910908226,0.23192484240808,1.1812224362709,10.9758174635008,0.0107196730039704,0.777354595741646,-1.01790490370391e-16
0.12053119979891,-0.000817559734604421,-0.0158647601662892,1.18579521305153,0.233050050103737,1.1859605499193,10.975734794789,0.0107657870488494,0.777354540466946,7.02698533042168e-18
0.120886749060854,-0.000823214024201942,-0.015941232037668,1.19055428459117,0.234179721860346,1.19072165579125,10.9756513944287,0.0108121067444033,0.777354484656166,-1.24228393143157e-16
0.121242298322798,-0.000828895556979985,-0.0160180060152775,1.1953364148615,0.235313879415345,1.19550584536043,10.9755672560221,0.010858632958872,0.777354428304578,-8.04376368030574e-17
0.121597847584741,-0.00083460444061368,-0.0160950835697154,1.20014169546712,0.236452544590157,1.20031321054891,10.9754823731151,0.0109053665641589,0.777354371407418,-4.11420843140359e-17
0.121953396846685,-0.000840340783302107,-0.0161724661771586,1.20497021845812,0.237595739290443,1.20514384372837,10.9753967391968,0.0109523084358388,0.777354313959875,-6.32013633593796e-17
0.122308946108629,-0.000846104693769318,-0.0162501553193747,1.20982207633097,0.238743485506302,1.20999783772104,10.9753103476991,0.0109994594531612,0.777354255957101,-1.30533706402518e-16
0.122664495370572,-0.000851896281268175,-0.0163281524837734,1.21469736203177,0.239895805313038,1.21487528580306,10.9752231919959,0.0110468204990789,0.777354197394201,-5.78345626055764e-17
0.123020044632516,-0.000857715655581075,-0.0164064591634142,1.21959616895695,0.241052720871299,1.21977628170516,10.9751352654033,0.0110943924602493,0.77735413826624,-1.03400700003121e-16
0.12337559389446,-0.000863562927021732,-0.0164850768570284,1.22451859095479,0.242214254427424,1.22470091961428,10.9750465611783,0.0111421762270454,0.77735407856824,-8.64473355638266e-17
0.123731143156404,-0.00086943820643872,-0.0165640070690658,1.22946472232845,0.243380428314156,1.22964929417669,10.9749570725187,0.0111901726935801,0.777354018295177,-9.98838192061216e-17
0.124086692418347,-0.000875341605215868,-0.0166432513096981,1.23443465783636,0.244551264950703,1.23462150049836,10.9748667925627,0.0112383827577061,0.777353957441986,1.3007037938037e-17
0.124442241680291,-0.00088127323527484,-0.0167228110948515,1.23942849269446,0.245726786843253,1.2396176341473,10.974775714388,0.0112868073210321,0.777353896003556,-8.87250071589935e-17
0.124797790942235,-0.000887233209078154,-0.0168026879462461,1.24444632257874,0.246907016585572,1.24463779115619,10.9746838310116,0.0113354472889436,0.777353833974731,2.92649883276361e-18
0.125153340204178,-0.000893221639629467,-0.0168828833913973,1.24948824362559,0.24809197685905,1.24968206802271,10.9745911353892,0.0113843035706007,0.777353771350311,-9.82549748485516e-17
0.125508889466122,-0.000899238640476899,-0.0169633989636588,1.2545543524346,0.249281690433353,1.2547505617125,10.9744976204147,0.0114333770789611,0.77735370812505,-1.91149925206878e-16
0.125864438728066,-0.000905284325715375,-0.0170442362022526,1.25964474607062,0.250476180166892,1.2598433696612,10.9744032789195,0.0114826687307946,0.777353644293656,-4.8107236239308e-17
0.126219987990009,-0.000911358809987071,-0.017125396652272,1.26475952206414,0.251675469006894,1.26496058977494,10.974308103672,0.0115321794466821,0.777353579850791,-2.22422381619507e-17
0.126575537251953,-0.000917462208485278,-0.017206881864732,1.26989877841467,0.252879579990165,1.27010232043375,10.9742120873773,0.0115819101510431,0.77735351479107,-1.05222667872665e-16
0.126931086513897,-0.000923594636956044,-0.0172886933965895,1.27506261359209,0.254088536243415,1.27526866049301,10.9741152226765,0.0116318617721438,0.77735344910906,-5.74830439324658e-17
0.12728663577584,-0.000929756211699033,-0.017370832810752,1.28025112653749,0.255302360983403,1.2804597092843,10.9740175021459,0.0116820352420998,0.777353382799284,-8.62906344685846e-17
0.127642185037784,-0.000935947049571654,-0.0174533016761309,1.28546441666667,0.256521077517766,1.28567556661907,10.973918918297,0.0117324314969048,0.777353315856212,-1.27497940319559e-16
0.127997734299728,-0.000942167267990019,-0.0175361015676529,1.290702583871,0.257744709245189,1.29091633278943,10.9738194635754,0.011783051476434,0.777353248274269,-9.15591794005063e-17
0.128353283561671,-0.00094841698493055,-0.0176192340662777,1.29596572851883,0.258973279655712,1.29618210856976,10.9737191303605,0.0118338961244515,0.777353180047831,-1.58318081138354e-16
0.128708832823615,-0.000954696318933919,-0.0177027007590499,1.3012539514589,0.260206812331508,1.30147299522006,10.9736179109649,0.0118849663886383,0.777353111171224,-8.81363192606517e-17
0.129064382085559,-0.000961005389105559,-0.0177865032391025,1.30656735402075,0.261445330946969,1.30678909448656,10.9735157976338,0.0119362632205906,0.777353041638723,-1.13301668123577e-16
0.129419931347503,-0.000967344315118126,-0.0178706431056876,1.31190603801692,0.262688859269179,1.31213050860388,10.9734127825443,0.0119877875758355,0.777352971444555,-7.74450694004079e-17
0.129775480609446,-0.000973713217214951,-0.0179551219642201,1.31727010574588,0.263937421158593,1.3174973402981,10.9733088578053,0.0120395404138533,0.777352900582897,-1.22746085485462e-16
0.13013102987139,-0.000980112216210341,-0.0180399414262793,1.32265965999233,0.265191040569079,1.32288969278711,10.9732040154562,0.0120915226980751,0.777352829047873,-9.4592404384624e-17
0.130486579133334,-0.000986541433492887,-0.0181251031096498,1.32807480403008,0.266449741548559,1.32830766978355,10.9730982474667,0.0121437353959039,0.777352756833556,-9.54538368919816e-17
0.130842128395277,-0.000993000991028211,-0.0182106086383564,1.3335156416244,0.267713548239543,1.33375137549727,10.9729915457363,0.0121961794787322,0.777352683933968,-1.02237723766541e-16
0.131197677657221,-0.000999491011359361,-0.0182964596426663,1.33898227703239,0.268982484879192,1.33922091463573,10.9728839020935,0.012248855921939,0.777352610343078,-9.37047138559015e-17
0.131553226919165,-0.00100601161761077,-0.0183826577591385,1.34447481500642,0.270256575800079,1.34471639240756,10.9727753082951,0.0123017657049172,0.777352536054803,-1.50148448362086e-16
0.131908776181108,-0.00101256293349025,-0.0184692046306487,1.34999336079583,0.271535845430585,1.35023791452431,10.972665756026,0.0123549098110834,0.777352461063006,-9.24799042141718e-17
0.132264325443052,-0.00101914508328973,-0.0185561019063954,1.35553802014765,0.272820318295012,1.35578558720123,10.9725552368981,0.0124082892278787,0.777352385361496,-1.17239524295362e-16
0.132619874704996,-0.00102575819188965,-0.0186433512419551,1.3611088993103,0.274110019014439,1.36135951716112,10.9724437424499,0.0124619049467981,0.777352308944028,-1.17027766058549e-16
0.132975423966939,-0.00103240238476013,-0.0187309542992967,1.36670610503471,0.27540497230695,1.36695981163546,10.9723312641458,0.012515757963395,0.777352231804303,-1.06744786078881e-16
0.133330973228883,-0.00103907778796247,-0.0188189127467962,1.37232974457559,0.276705202987892,1.37258657836578,10.9722177933757,0.0125698492772862,0.777352153935967,-1.38865969504659e-16
0.133686522490827,-0.00104578452815343,-0.0189072282592915,1.37797992569514,0.278010735970717,1.37823992560747,10.972103321454,0.0126241798921817,0.77735207533261,-9.05647627204298e-17
0.13404207175277,-0.0010525227325859,-0.0189959025180889,1.38365675666364,0.279321596267095,1.38391996213045,10.9719878396192,0.0126787508158834,0.777351995987764,-7.73578250068407e-17
0.134397621014714,-0.00105929252911125,-0.0190849372109891,1.38936034626149,0.280637808987347,1.38962679722127,10.9718713390331,0.0127335630602979,0.777351915894907,-9.06376075538937e-17
0.134753170276658,-0.00106609404618317,-0.0191743340323372,1.39509080378259,0.281959399341201,1.39536054068659,10.9717538107803,0.0127886176414618,0.77735183504746,5.72246988835533e-17
0.135108719538602,-0.00107292741285806,-0.019264094683023,1.40084823903463,0.283286392637837,1.40112130285357,10.9716352458673,0.0128439155795381,0.777351753438784,-8.30160050944995e-17
0.135464268800545,-0.00107979275879827,-0.0193542208705208,1.40663276234192,0.284618814286505,1.40690919457279,10.9715156352222,0.012899457898836,0.777351671062184,2.628682048509e-17
0.135819818062489,-0.00108669021427529,-0.0194447143089288,1.41244448454818,0.285956689797142,1.41272432722112,10.9713949696936,0.0129552456278305,0.777351587910905,2.76776485844815e-17
0.136175367324433,-0.00109361991017009,-0.0195355767189698,1.41828351701686,0.28730004478041,1.41856681270208,10.9712732400503,0.0130112797991582,0.777351503978135,-8.93721403306957e-17
0.136530916586376,-0.00110058197797716,-0.0196268098280404,1.42414997163461,0.288648904948467,1.42443676344951,10.9711504369802,0.0130675614496431,0.777351419256999,-1.15619997300212e-17
0.13688646584832,-0.00110757654980688,-0.0197184153702406,1.43004396081338,0.290003296115427,1.43033429242965,10.97102655109,0.0131240916203099,0.777351333740565,-1.80892356215628e-17
0.137242015110264,-0.00111460375838619,-0.0198103950863766,1.43596559749098,0.291363244197446,1.43625951314189,10.9709015729045,0.0131808713563809,0.777351247421838,-1.23749819527959e-16
0.137597564372207,-0.00112166373706308,-0.0199027507240182,1.44191499513502,0.292728775213598,1.44221253962274,10.9707754928653,0.0132379017073069,0.777351160293764,-9.83913471530595e-17
0.137953113634151,-0.00112875661980821,-0.0199954840375159,1.4478922677443,0.294099915286172,1.44819348644734,10.970648301331,0.0132951837267723,0.777351072349225,-6.39509875176997e-17
0.138308662896095,-0.00113588254121613,-0.020088596788013,1.45389752984992,0.295476690640872,1.45420246873066,10.9705199885757,0.0133527184726981,0.777350983581043,-2.67747114627084e-17
0.138664212158038,-0.00114304163650998,-0.020182090743503,1.45993089651929,0.296859127607727,1.46023960213163,10.9703905447887,0.0134105070072721,0.777350893981974,-1.31115618037282e-16
0.139019761419982,-0.00115023404154232,-0.0202759676788385,1.46599248335694,0.29824725262123,1.46630500285403,10.9702599600737,0.0134685503969489,0.777350803544714,-3.28191385743151e-17
0.139375310681926,-0.00115745989279732,-0.020370229375754,1.4720824065064,0.299641092220732,1.47239878764847,10.970128224448,0.0135268497124596,0.777350712261893,-3.10810269665493e-17
0.13973085994387,-0.00116471932739507,-0.0204648776229194,1.47820078265397,0.301040673051271,1.47852107381626,10.9699953278419,0.0135854060288391,0.777350620126077,-3.67493714495751e-17
0.140086409205813,-0.00117201248309202,-0.0205599142159422,1.48434772902907,0.30244602186363,1.48467197920992,10.9698612600975,0.0136442204254222,0.777350527129767,-1.89684558208128e-17
0.140441958467757,-0.00117933949828415,-0.0206553409574036,1.49052336340707,0.303857165514922,1.49085162223603,10.9697260109688,0.0137032939858607,0.777350433265399,-8.46355320896497e-17
0.140797507729701,-0.0011867005120106,-0.0207511596569033,1.49672780411241,0.305274130969286,1.4970601218585,10.9695895701199,0.0137626277981457,0.77735033852534,-5.98276311304657e-17
0.141153056991644,-0.00119409566395403,-0.0208473721310591,1.50296117001892,0.306696945297922,1.50329759759901,10.9694519271253,0.0138222229546018,0.777350242901894,-9.58604127066637e-17
0.141508606253588,-0.00120152509444463,-0.0209439802035549,1.50922358055337,0.308125635679846,1.50956416954065,10.9693130714682,0.0138820805519113,0.777350146387296,-5.29632761259169e-17
0.141864155515532,-0.00120898894446298,-0.0210409857051747,1.5155151556979,0.309560229402426,1.51585995833048,10.9691729925402,0.0139422016911296,0.777350048973712,-1.66086220297623e-17
0.142219704777475,-0.00121648735564054,-0.021138390473804,1.52183601599054,0.311000753861447,1.52218508518012,10.9690316796407,0.0140025874776803,0.77734995065324,-5.61989419844283e-17
0.142575254039419,-0.00122402047026438,-0.0212361963544863,1.52818628252924,0.312447236561994,1.52853967186996,10.9688891219754,0.0140632390213847,0.777349851417911,-4.52298653174851e-17
0.142930803301363,-0.00123158843127914,-0.0213344051994459,1.53456607697366,0.313899705118822,1.53492384075102,10.9687453086564,0.0141241574364696,0.777349751259683,2.36135845035554e-17
0.143286352563306,-0.00123919138228805,-0.0214330188680947,1.54097552154605,0.315358187256511,1.54133771474595,10.9686002287006,0.0141853438415662,0.777349650170445,-1.04847432277032e-16
0.14364190182525,-0.00124682946755795,-0.021532039227094,1.54741473903563,0.316822710810416,1.54778141735354,10.9684538710293,0.0142467993597421,0.777349548142015,6.27990227094338e-18
0.143997451087194,-0.00125450283202042,-0.0216314681503646,1.55388385279958,0.318293303726863,1.55425507264985,10.9683062244676,0.0143085251185015,0.777349445166141,-5.84249445698126e-17
0.144353000349137,-0.00126221162127371,-0.0217313075191065,1.56038298676477,0.319769994063481,1.56075880529,10.968157277743,0.0143705222497914,0.777349341234495,2.97291623827314e-17
0.144708549611081,-0.00126995598158756,-0.0218315592218563,1.56691226543189,0.321252809990113,1.56729274051251,10.9680070194848,0.0144327918900312,0.77734923633868,-7.63972896446544e-17
0.145064098873025,-0.00127773605990373,-0.0219322251544909,1.57347181387603,0.32274177978889,1.57385700413992,10.9678554382236,0.014495335180108,0.777349130470223,-2.82807360429266e-17
0.145419648134969,-0.001285552003839,-0.0220333072202591,1.58006175774924,0.324236931854772,1.58045172258154,10.96770252239,0.0145581532653909,0.777349023620578,-4.32325616278595e-18
0.145775197396912,-0.00129340396168935,-0.0221348073298328,1.58668222328419,0.325738294696335,1.58707702283723,10.9675482603139,0.0146212472957556,0.777348915781123,-8.54351311918577e-17
0.146130746658856,-0.00130129208243032,-0.022236727401305,1.59333333729453,0.327245896935794,1.59373303249782,10.9673926402238,0.0146846184255768,0.777348806943163,-4.14741212293596e-17
0.1464862959208,-0.00130921651572091,-0.0223390693602361,1.6000152271783,0.328759767309743,1.60041987974878,10.9672356502458,0.0147482678137506,0.777348697097924,-6.64615931733614e-17
0.146841845182743,-0.00131717741190705,-0.0224418351396927,1.6067280209209,0.33027993466977,1.60713769337321,10.9670772784025,0.0148121966237119,0.777348586236558,-1.03209270557042e-16
0.147197394444687,-0.0013251749220219,-0.022545026680247,1.6134718470955,0.3318064279825,1.61388660275242,10.9669175126126,0.0148764060234267,0.777348474350137,-1.05306524134444e-16
0.147552943706631,-0.0013332091977907,-0.0226486459300329,1.62024683486718,0.333339276330482,1.62066673787024,10.9667563406897,0.0149408971854213,0.777348361429656,2.05761243547015e-17
0.147908492968574,-0.00134128039163319,-0.0227526948447734,1.62705311399507,0.334878508912633,1.62747822931528,10.9665937503414,0.015005671286791,0.777348247466032,-5.32394088667218e-17
0.148264042230518,-0.00134938865666442,-0.0228571753877836,1.63389081483312,0.336424155044347,1.63432120828181,10.9664297291684,0.0150707295091961,0.777348132450102,-1.57158493033563e-16
0.148619591492462,-0.00135753414670005,-0.0229620895300344,1.64076006833472,0.337976244158485,1.64119580657456,10.9662642646639,0.015136073038894,0.777348016372621,-1.18166178339658e-16
0.148975140754405,-0.00136571701625784,-0.0230674392501663,1.64766100605398,0.339534805805628,1.64810215661014,10.9660973442123,0.0152017030667405,0.777347899224266,-1.32633501078762e-16
0.149330690016349,-0.00137393742055928,-0.0231732265345037,1.65459376014725,0.341099869654351,1.65504039141869,10.9659289550882,0.0152676207881914,0.777347780995632,-1.01730351031136e-16
0.149686239278293,-0.00138219551553489,-0.0232794533771173,1.66155846337768,0.342671465492199,1.66201064464862,10.9657590844561,0.0153338274033346,0.777347661677229,-4.74084340578232e-17
0.150041788540237,-0.00139049145782493,-0.0233861217798285,1.66855524911594,0.344249623225799,1.66901305056741,10.9655877193686,0.0154003241168844,0.777347541259486,-2.36796530734412e-17
0.15039733780218,-0.00139882540478219,-0.0234932337522374,1.67558425134261,0.34583437288134,1.67604774406427,10.9654148467663,0.0154671121381922,0.77734741973275,-3.55719956528916e-17
0.150752887064124,-0.00140719751447673,-0.0236007913117784,1.68264560465235,0.347425744605453,1.68311486065435,10.9652404534761,0.0155341926812731,0.77734729708728,-8.02377370275054e-17
0.151108436326068,-0.00141560794569617,-0.0237087964837184,1.68973944425424,0.349023768665235,1.6902145364793,10.9650645262109,0.0156015669647971,0.777347173313253,2.23786104664586e-18
0.151463985588011,-0.00142405685794966,-0.0238172513011999,1.6968659059752,0.350628475448949,1.69734690831082,10.9648870515679,0.0156692362121084,0.777347048400757,-1.07385142987006e-16
0.151819534849955,-0.00143254441147172,-0.023926157805285,1.70402512626337,0.352239895466739,1.70451211355423,10.9647080160283,0.0157372016512445,0.777346922339796,1.01067971266383e-17
0.152175084111899,-0.00144107076722257,-0.0240355180449531,1.71121724218846,0.353858059350643,1.71171029024896,10.964527405956,0.0158054645149267,0.777346795120285,-2.78673839646665e-17
0.152530633373842,-0.00144963608689301,-0.0241453340771552,1.718442391446,0.355482997855474,1.71894157707297,10.9643452075967,0.0158740260405866,0.777346666732052,-1.53905886516106e-17
0.152886182635786,-0.00145824053290725,-0.0242556079668462,1.72570071235988,0.357114741859351,1.72620611334546,10.9641614070765,0.015942887470377,0.777346537164834,-1.00422532160575e-16
0.15324173189773,-0.00146688426842366,-0.0243663417869854,1.73299234388299,0.35875332236376,1.73350403902766,10.9639759904018,0.0160120500511644,0.777346406408281,-1.28806606223067e-16
0.153597281159673,-0.00147556745734018,-0.0244775376185994,1.740317425602,0.36039877049457,1.74083549472783,10.9637889434571,0.0160815150345601,0.777346274451951,-2.46164715131045e-17
0.153952830421617,-0.00148429026429628,-0.0245891975508011,1.74767609773908,0.362051117502356,1.7482006217031,10.963600252005,0.0161512836769228,0.77734614128531,-8.76780744361871e-17
0.154308379683561,-0.00149305285467429,-0.0247013236807985,1.75506850115312,0.363710394762608,1.7555995618609,10.9634099016845,0.016221357239356,0.777346006897733,-1.4586246164898e-16
0.154663928945504,-0.00150185539460512,-0.0248139181139607,1.76249477734472,0.36537663377677,1.76303245776414,10.9632178780104,0.0162917369877403,0.777345871278502,-6.35867633503803e-17
0.155019478207448,-0.00151069805096924,-0.024926982963824,1.76995506845711,0.367049866172394,1.77049945263223,10.9630241663719,0.0163624241927282,0.777345734416805,-3.76624729667152e-17
0.155375027469392,-0.00151958099139919,-0.0250405203521153,1.77744951727836,0.368730123703557,1.77800069034358,10.9628287520317,0.0164334201297499,0.777345596301737,1.48671222902075e-17
0.155730576731336,-0.00152850438428482,-0.0251545324088122,1.78497826724601,0.370417438251823,1.78553631544036,10.9626316201249,0.0165047260790421,0.777345456922294,-1.0138984378634e-17
0.156086125993279,-0.00153746839877377,-0.0252690212721421,1.79254146244749,0.372111841826284,1.7931064731291,10.962432755658,0.0165763433256371,0.777345316267379,-9.09967495235295e-17
0.156441675255223,-0.00154647320477518,-0.0253839890886199,1.80013924762343,0.373813366564207,1.80071130928423,10.9622321435076,0.0166482731593785,0.777345174325798,-5.52688998083431e-17
0.156797224517167,-0.00155551897296416,-0.0254994380130986,1.80777176817157,0.375522044731845,1.80835097045214,10.9620297684197,0.0167205168749425,0.777345031086257,-2.16128926821407e-17
0.15715277377911,-0.00156460587478201,-0.0256153702087645,1.81543917014704,0.377237908724434,1.81602560385168,10.9618256150081,0.0167930757718253,0.777344886537366,-1.06505922787756e-16
0.157508323041054,-0.00157373408244114,-0.0257317878471896,1.82314160026664,0.378960991067054,1.82373535737865,10.9616196677536,0.016865951154367,0.777344740667632,-2.20262447604008e-17
0.157863872302998,-0.00158290376892842,-0.0258486931083691,1.83087920591186,0.380691324415241,1.83148037960897,10.9614119110028,0.0169391443317641,0.777344593465466,-3.11826709202198e-17
0.158219421564941,-0.00159211510800574,-0.0259660881807176,1.83865213512935,0.382428941555022,1.83926081979942,10.9612023289671,0.017012656618058,0.777344444919174,-1.08205070879948e-16
0.158574970826885,-0.0016013682742156,-0.0260839752611327,1.84646053663594,0.384173875403929,1.84707682789281,10.9609909057213,0.0170864893321652,0.777344295016962,-7.91975805682771e-17
0.158930520088829,-0.00161066344288353,-0.026202356555018,1.85430455982067,0.385926159011404,1.85492855452028,10.9607776252024,0.0171606437978799,0.777344143746931,-5.44506659812954e-17
0.159286069350772,-0.00162000079011914,-0.0263212342762868,1.8621843547459,0.387685825558945,1.86281615100251,10.9605624712091,0.0172351213438676,0.777343991097081,-5.63615723103011e-17
0.159641618612716,-0.00162938049282221,-0.0264406106474303,1.87010007215256,0.389452908361197,1.87073976935535,10.9603454273996,0.017309923303697,0.777343837055303,-5.23195310860036e-17
0.15999716787466,-0.00163880272868397,-0.0265604878995268,1.87805186346135,0.391227440866154,1.87869956229109,10.9601264772914,0.0173850510158344,0.777343681609387,-6.71222788722198e-17
0.160352717136603,-0.00164826767618935,-0.026680868272259,1.88603988077481,0.393009456655506,1.88669568322079,10.9599056042595,0.0174605058236449,0.777343524747013,-3.4264176782331e-17
0.160708266398547,-0.0016577755146227,-0.0268017540139786,1.89406427688231,0.394798989445683,1.89472828625957,10.9596827915354,0.0175362890754218,0.777343366455754,-1.14291849638917e-16
0.161063815660491,-0.00166732642406848,-0.0269231473817061,1.90212520526066,0.396596073087916,1.90279752622734,10.9594580222058,0.0176124021243745,0.777343206723075,-9.91367361466433e-17
0.161419364922434,-0.00167692058541466,-0.0270450506411632,1.91022282007731,0.398400741568824,1.91090355865225,10.9592312792116,0.0176888463286393,0.777343045536332,-1.62921705206681e-16
0.161774914184378,-0.00168655818035784,-0.0271674660668289,1.91835727619464,0.400213029011318,1.91904653977532,10.9590025453465,0.0177656230513026,0.777342882882769,-5.49419450907029e-17
0.162130463446322,-0.00169623939140345,-0.0272903959419334,1.92652872917042,0.402032969674592,1.92722662655096,10.9587718032558,0.0178427336603849,0.777342718749521,-7.77271313718436e-17
0.162486012708266,-0.00170596440187057,-0.0274138425585065,1.93473733526192,0.403860597954944,1.93544397665145,10.958539035435,0.0179201795288612,0.777342553123609,3.13402190484091e-18
0.162841561970209,-0.00171573339589588,-0.0275378082174204,1.94298325142947,0.405695948386482,1.9436987484707,10.9583042242289,0.017997962034675,0.777342385991939,-9.9675449101097e-17
0.163197111232153,-0.00172554655843403,-0.0276622952283835,1.95126663533688,0.407539055641128,1.95199110112489,10.9580673518301,0.0180760825607227,0.777342217341308,-5.86722781904109e-17
0.163552660494097,-0.0017354040752634,-0.027787305910001,1.9595876453565,0.409389954529619,1.96032119445782,10.9578284002776,0.0181545424948806,0.777342047158392,-3.81435876807557e-17
0.16390820975604,-0.00174530613298891,-0.0279128425898039,1.96794644057175,0.411248680002006,1.96868918904368,10.9575873514559,0.0182333432300099,0.777341875429754,-2.62139756516261e-17
0.164263759017984,-0.00175525291904297,-0.028038907604247,1.97634318077798,0.413115267147731,1.97709524618811,10.9573441870932,0.0183124861639432,0.777341702141838,-3.90448307366342e-17
0.164619308279928,-0.0017652446216917,-0.028165503298778,1.98477802648807,0.414989751196751,1.98553952793416,10.9570988887606,0.0183919726995168,0.777341527280973,-6.70850094225406e-19
0.164974857541871,-0.00177528143003675,-0.0282926320278504,1.99325113893395,0.416872167519815,1.99402219706397,10.9568514378704,0.0184718042445646,0.777341350833363,-9.88521330763659e-17
0.165330406803815,-0.00178536353401709,-0.0284202961549343,2.00176268006838,0.418762551628719,2.00254341710087,10.9566018156751,0.0185519822119127,0.777341172785098,-9.57689331483602e-17
0.165685956065759,-0.00179549112441534,-0.0285484980525845,2.01031281257045,0.420660939177432,2.01110335231513,10.9563500032656,0.0186325080194101,0.777340993122142,-3.33629337264524e-17
0.166041505327702,-0.00180566439285858,-0.0286772401024417,2.01890169984637,0.422567365962185,2.01970216772505,10.9560959815704,0.0187133830899149,0.777340811830338,-1.21291729915027e-16
0.166397054589646,-0.00181588353182152,-0.0288065246952585,2.02752950603243,0.424481867921982,2.02834002910012,10.9558397313538,0.0187946088512987,0.777340628895407,-3.67646180426257e-17
0.16675260385159,-0.0018261487346322,-0.0289363542309605,2.03619639599989,0.426404481139602,2.03701710296629,10.9555812332149,0.0188761867364711,0.777340444302942,-6.50487422173412e-17
0.167108153113534,-0.00183646019547225,-0.0290667311186394,2.04490253535539,0.428335241841586,2.04573355660658,10.9553204675857,0.0189581181833615,0.777340258038414,-1.18482968661932e-17
0.167463702375477,-0.0018468181093815,-0.029197657776596,2.05364809044508,0.430274186399003,2.05448955806552,10.9550574147303,0.0190404046349333,0.777340070087166,3.09607482880392e-17
0.167819251637421,-0.00185722267226258,-0.0293291366323891,2.06243322835864,0.432221351328262,2.0632852761535,10.9547920547433,0.0191230475391995,0.777339880434411,-1.20498907076397e-16
0.168174800899365,-0.0018676740808812,-0.0294611701228252,2.07125811692965,0.434176773291072,2.07212088044735,10.954524367548,0.0192060483492032,0.777339689065238,-8.32938319011989e-17
0.168530350161308,-0.00187817253287184,-0.0295937606940172,2.08012292474072,0.436140489095431,2.08099654129584,10.9542543328956,0.0192894085230401,0.7773394959646,-7.5643430321598e-17
0.168885899423252,-0.00188871822674124,-0.0297269108014173,2.08902782112646,0.438112535696214,2.08991242982295,10.9539819303632,0.0193731295238642,0.777339301117324,-2.09149375336032e-17
0.169241448685196,-0.00189931136186897,-0.0298606229098108,2.09797297617427,0.440092950195187,2.09886871792888,10.9537071393529,0.0194572128198695,0.777339104508101,1.65340831304039e-17
0.169596997947139,-0.00190995213851401,-0.0299948994933839,2.10695856073003,0.442081769842154,2.10786557829616,10.9534299390899,0.0195416598843187,0.777338906121491,4.53332033370502e-18
0.169952547209083,-0.0019206407578169,-0.0301297430357414,2.11598474640015,0.444079032035299,2.11690318439194,10.953150308621,0.0196264721955379,0.777338705941919,2.90498419590335e-17
0.170308096471027,-0.0019313774218013,-0.0302651560299098,2.12505170555301,0.446084774321366,2.12598171046976,10.9528682268137,0.0197116512369045,0.777338503953672,-2.33814974760077e-17
0.17066364573297,-0.00194216233338067,-0.0304011409784083,2.13415961132489,0.448099034396842,2.13510133157585,10.952583672354,0.0197971984968764,0.777338300140904,-9.55554808456521e-17
0.171019194994914,-0.00195299569635941,-0.0305377003932515,2.14330863762109,0.450121850108088,2.14426222355049,10.9522966237453,0.0198831154689775,0.777338094487628,-9.48202562474354e-17
0.171374744256858,-0.00196387771543572,-0.0306748367959684,2.15249895911852,0.452153259451763,2.15346456303097,10.9520070593069,0.0199694036517944,0.777337886977719,-6.77897408346562e-17
0.171730293518801,-0.0019748085962078,-0.0308125527176677,2.16173075127122,0.45419330057592,2.16270852745751,10.9517149571722,0.0200560645490022,0.77733767759491,-4.29276297668479e-17
0.172085842780745,-0.0019857885451743,-0.0309508506990307,2.17100419031086,0.456242011779992,2.17199429507397,10.9514202952875,0.020143099669342,0.777337466322795,-8.90468796789501e-17
0.172441392042689,-0.00199681776973864,-0.0310897332903472,2.18031945325067,0.458299431515496,2.1813220449322,10.9511230514101,0.0202305105266293,0.777337253144823,-4.08811981662816e-17
0.172796941304633,-0.00200789647821427,-0.0312292030515701,2.18967671789006,0.460365598386939,2.19069195689705,10.9508232031071,0.0203182986397709,0.777337038044298,-2.33747212124297e-17
0.173152490566576,-0.00201902487982484,-0.0313692625523024,2.19907616281498,0.462440551151755,2.20010421164694,10.9505207277534,0.0204064655327392,0.777336821004382,-4.49910020263594e-17
0.17350803982852,-0.00203020318470987,-0.0315099143718507,2.20851796740295,0.464524328721252,2.20955899067941,10.9502156025307,0.0204950127345906,0.777336602008088,9.25637604759499e-18
0.173863589090464,-0.00204143160392881,-0.0316511610992637,2.21800231182669,0.466616970161295,2.21905647631501,10.9499078044252,0.0205839417794712,0.77733638103828,-2.77420230884728e-17
0.174219138352407,-0.00205271034946142,-0.0317930053333206,2.22752937705466,0.468718514692268,2.2285968516982,10.9495973102266,0.0206732542065922,0.777336158077677,-4.9049983909602e-17
0.174574687614351,-0.00206403963421444,-0.0319354496825967,2.23709934485696,0.470829001690208,2.23818030080369,10.9492840965262,0.0207629515602552,0.777335933108843,-9.31228022211378e-17
0.174930236876295,-0.00207541967202431,-0.0320784967654858,2.24671239780782,0.472948470687245,2.24780700843927,10.948968139715,0.0208530353898461,0.777335706114192,-2.03457313930483e-17
0.175285786138238,-0.00208685067765834,-0.0322221492101954,2.2563687192868,0.475076961371681,2.25747716024734,10.9486494159828,0.0209435072498154,0.777335477075987,-5.09575021068187e-17
0.175641335400182,-0.00209833286682179,-0.0323664096548192,2.2660684934851,0.477214513589225,2.26719094271171,10.9483279013158,0.0210343686997064,0.777335245976334,-7.87096895906586e-17
0.175996884662126,-0.00210986645615939,-0.032511280747342,2.27581190540697,0.479361167343176,2.2769485431593,10.9480035714952,0.0211256213041373,0.777335012797184,-3.46944695195361e-17
0.176352433924069,-0.00212145166325773,-0.0326567651456499,2.28559914087203,0.481516962794749,2.28675014976288,10.9476764020956,0.0212172666327915,0.777334777520331,-1.5413627947776e-16
0.176707983186013,-0.00213308870665212,-0.0328028655175999,2.29543038652132,0.483681940264249,2.29659595154763,10.9473463684832,0.0213093062604413,0.777334540127411,-4.95988612594228e-17
0.177063532447957,-0.00214477780582715,-0.032949584541012,2.305305829818,0.485856140231081,2.30648613839203,10.9470134458141,0.0214017417669231,0.777334300599901,-1.2600462123355e-16
0.177419081709901,-0.0021565191812207,-0.0330969249036977,2.31522565905095,0.488039603334356,2.31642090103208,10.9466776090327,0.0214945747371373,0.777334058919115,-3.58633749867471e-17
0.177774630971844,-0.00216831305422986,-0.033244889303519,2.32519006334011,0.490232370373904,2.32640043106696,10.9463388328697,0.0215878067610652,0.777333815066206,-3.02560168759236e-18
0.178130180233788,-0.00218015964721106,-0.0333934804483729,2.33519923263678,0.492434482310187,2.33642492095971,10.9459970918405,0.0216814394337383,0.777333569022163,-1.06963320579273e-16
0.178485729495732,-0.00219205918348559,-0.0335427010562385,2.34525335772856,0.494645980265186,2.34649456404273,10.9456523602435,0.02177547435525,0.777333320767809,2.44047132762909e-17
0.178841278757675,-0.00220401188734432,-0.0336925538552206,2.35535263024361,0.496866905523182,2.35660955452233,10.9453046121584,0.0218699131307608,0.7773330702838,-1.29626534116009e-16
0.179196828019619,-0.00221601798404781,-0.0338430415835329,2.36549724265101,0.499097299530667,2.3667700874796,10.944953821444,0.021964757370467,0.777332817550627,-9.9668672837519e-17
0.179552377281563,-0.00222807769983315,-0.0339941669895597,2.37568738826679,0.501337203897452,2.3769763588769,10.9445999617369,0.0220600086896206,0.777332562548608,2.90396775636664e-17
0.179907926543506,-0.00224019126191715,-0.0341459328318827,2.38592326125692,0.503586660397196,2.3872285655613,10.9442430064492,0.0221556687085226,0.77733230525789,-1.37232889982353e-16
0.18026347580545,-0.00225235889849719,-0.0342983418792685,2.39620505663829,0.505845710967398,2.39752690526587,10.9438829287673,0.0222517390524948,0.77733204565845,-1.56884054358652e-16
0.180619025067394,-0.00226458083875863,-0.03445139691074,2.40653297028528,0.508114397710657,2.40787157661699,10.9435197016493,0.022348221351904,0.777331783730089,4.333420558153e-17
0.180974574329337,-0.00227685731287672,-0.034605100715585,2.4169071989316,0.510392762894917,2.41826277913642,10.9431532978237,0.0224451172421431,0.777331519452435,4.35476578842381e-17
0.181330123591281,-0.0022891885520186,-0.0347594560933564,2.42732794017228,0.512680848953687,2.42870071324383,10.9427836897874,0.0225424283636106,0.777331252804935,-8.92433913227131e-17
0.181685672853225,-0.00230157478835063,-0.0349144658539439,2.43779539247026,0.514978698487279,2.43918558026395,10.9424108498036,0.0226401563617339,0.777330983766862,-7.64802988734853e-17
0.182041222115168,-0.00231401625503923,-0.0350701328175666,2.44830975515724,0.517286354262849,2.44971758242778,10.9420347499003,0.0227383028869394,0.777330712317306,3.58091648781228e-17
0.182396771377112,-0.00232651318625446,-0.0352264598147923,2.45887122843707,0.519603859214894,2.46029692287655,10.9416553618679,0.0228368695946436,0.777330438435176,-7.57586268024246e-17
0.182752320639056,-0.00233906581717661,-0.0353834496866002,2.46948001339166,0.521931256446363,2.47092380566819,10.9412726572577,0.0229358581452691,0.7773301620992,-1.04279920202371e-16
0.183107869901,-0.00235167438399636,-0.0355411052843633,2.48013631198135,0.524268589228553,2.481598435778,10.9408866073798,0.023035270204208,0.777329883287919,-7.90451146377713e-17
0.183463419162943,-0.00236433912392003,-0.0356994294698865,2.49084032704971,0.526615901001912,2.49232101910418,10.9404971833009,0.0231351074418245,0.777329601979688,-7.76695331314303e-17
0.183818968424887,-0.00237706027517496,-0.0358584251154563,2.50159226232835,0.528973235376927,2.5030917624731,10.9401043558429,0.0232353715334601,0.777329318152676,-3.34578014165449e-17
0.184174517686831,-0.00238983807700951,-0.0360180951038173,2.51239232243728,0.531340636133976,2.51391087364005,10.9397080955804,0.0233360641593941,0.777329031784861,-7.5640042189809e-17
0.184530066948774,-0.00240267276969976,-0.0361784423282289,2.52324071289088,0.533718147224394,2.52477856129597,10.9393083728389,0.0234371870048566,0.777328742854031,4.19654003387671e-17
0.184885616210718,-0.00241556459455342,-0.0363394696924961,2.53413764010153,0.536105812771095,2.53569503507143,10.9389051576927,0.02353874176002,0.777328451337781,-8.84031346390368e-17
0.185241165472662,-0.00242851379391029,-0.0365011801109493,2.54508331138029,0.538503677068478,2.54666050553792,10.938498419963,0.0236407301199618,0.77732815721351,-2.01661604082304e-17
0.185596714734605,-0.00244152061114985,-0.0366635765085125,2.55607793494373,0.54091178458368,2.5576751842153,10.9380881292159,0.0237431537846834,0.777327860458425,2.21651581637505e-17
0.185952263996549,-0.00245458529069375,-0.036826661820715,2.56712171991629,0.543330179956904,2.56873928357463,10.9376742547602,0.0238460144590883,0.777327561049531,-4.87281113896454e-17
0.186307813258493,-0.00246770807800723,-0.0369904389936818,2.57821487633184,0.545758908001514,2.5798530170403,10.9372567656452,0.0239493138529513,0.777327258963637,-1.69189749016363e-16
0.186663362520436,-0.00248088921960703,-0.0371549109842053,2.58935761514078,0.548198013705326,2.59101659899782,10.936835630659,0.0240530536809379,0.77732695417735,-2.11012847819991e-17
0.18701891178238,-0.00249412896306246,-0.037320080759739,2.60055014821119,0.550647542230689,2.6022302447954,10.9364108183261,0.0241572356625706,0.777326646667073,-1.12770578465649e-16
0.187374461044324,-0.00250742755699853,-0.0374859512984052,2.61179268833187,0.553107538914851,2.61349417074764,10.9359822969054,0.0242618615222081,0.777326336409008,-1.13963200855383e-16
0.187730010306267,-0.00252078525110316,-0.0376525255890614,2.62308544921886,0.555578049271161,2.62480859414278,10.935550034388,0.0243669329890597,0.777326023379146,-1.2255550307233e-16
0.188085559568211,-0.00253420229612748,-0.0378198066312796,2.63442864551595,0.55805911898896,2.63617373324352,10.9351139984952,0.0244724517971417,0.777325707553275,-8.21621958836671e-17
0.188441108830155,-0.00254767894389061,-0.0379877974353752,2.64582249279915,0.56055079393427,2.64758980729242,10.9346741566761,0.02457841968527,0.77732538890697,-5.78421859021017e-17
0.188796658092099,-0.00256121544728584,-0.0381565010224594,2.65726720758229,0.563053120150791,2.65905703651796,10.9342304761055,0.0246848383970631,0.777325067415595,-2.27546930950395e-17
0.189152207354042,-0.00257481206028048,-0.0383259204244122,2.66876300731722,0.565566143859699,2.67057564213532,10.9337829236821,0.0247917096808941,0.777324743054303,-8.54215786647017e-17
0.189507756615986,-0.00258846903792236,-0.0384960586839291,2.68031011039975,0.568089911460638,2.68214584635311,10.9333314660256,0.0248990352898942,0.777324415798029,-1.15115165663648e-16
0.18986330587793,-0.0026021866363444,-0.0386669188545572,2.69190873617389,0.570624469532444,2.69376787237819,10.9328760694749,0.0250068169819424,0.777324085621493,-1.32069377135891e-17
0.190218855139873,-0.00261596511276485,-0.0388385040006665,2.70355910493233,0.573169864832962,2.70544194441669,10.9324167000861,0.0251150565196177,0.777323752499196,-5.89602693924773e-17
0.190574404401817,-0.00262980472549483,-0.0390108171975122,2.71526143792342,0.575726144300264,2.71716828768189,10.9319533236295,0.0252237556702099,0.777323416405418,-6.44964767357314e-17
0.190929953663761,-0.00264370573394147,-0.0391838615312505,2.72701595735406,0.578293355053069,2.7289471283976,10.9314859055881,0.0253329162056951,0.777323077314216,5.84859309420149e-17
0.191285502925704,-0.00265766839860884,-0.0393576400989174,2.73882288639093,0.580871544390707,2.74077869380005,10.9310144111548,0.0254425399026927,0.777322735199425,2.58649980773573e-17
0.191641052187648,-0.00267169298110622,-0.0395321560084983,2.75068244916792,0.583460759794437,2.75266321214624,10.9305388052304,0.0255526285424788,0.777322390034651,-9.20623169711754e-17
0.191996601449592,-0.00268577974414954,-0.0397074123789237,2.76259487078778,0.586061048927578,2.764600912716,10.9300590524212,0.0256631839109478,0.777322041793274,-2.68949901412185e-17
0.192352150711535,-0.00269992895156398,-0.0398834123400635,2.77456037732465,0.58867245963573,2.77659202581537,10.9295751170365,0.0257742077985787,0.777321690448441,-1.30741229474596e-16
0.192707699973479,-0.00271414086829178,-0.0400601590327947,2.78657919583123,0.591295039948049,2.78863678278459,10.9290869630864,0.0258857020004453,0.777321335973072,-7.1896156562945e-18
0.193063249235423,-0.00272841576039267,-0.0402376556089795,2.79865155433942,0.593928838077141,2.80073541599924,10.9285945542796,0.0259976683161657,0.777320978339847,-2.86026085628832e-17
0.193418798497366,-0.00274275389504821,-0.0404159052314806,2.81077768186457,0.596573902419619,2.81288815887536,10.9280978540207,0.0261101085498817,0.777320617521215,-5.60668048446566e-17
0.19377434775931,-0.00275715554056865,-0.0405949110742178,2.82295780841163,0.599230281557189,2.82509524587641,10.927596825408,0.0262230245102589,0.777320253489384,5.89060592838531e-17
0.194129897021254,-0.00277162096639271,-0.0407746763221348,2.83519216497542,0.601898024256415,2.83735691251411,10.9270914312308,0.0263364180104289,0.777319886216324,-7.77034144493205e-17
0.194485446283198,-0.00278615044309376,-0.0409552041712356,2.8474809835464,0.604577179469599,2.84967339535512,10.9265816339677,0.0264502908679814,0.777319515673762,-9.5924787210655e-17
0.194840995545141,-0.00280074424238517,-0.0411364978286243,2.85982449711554,0.607267796335604,2.8620449320267,10.9260673957831,0.0265646449049504,0.77731914183318,-8.67361737988404e-19
0.195196544807085,-0.00281540263712013,-0.0413185605124674,2.87222293967468,0.60996992417959,2.87447176121766,10.9255486785256,0.0266794819477543,0.777318764665816,-1.50744759556953e-16
0.195552094069029,-0.0028301259012993,-0.0415013954520481,2.8846765462235,0.612683612514164,2.88695412268642,10.9250254437253,0.0267948038271974,0.777318384142659,-1.05438661274215e-17
0.195907643330972,-0.00284491431007444,-0.0416850058877855,2.89718555277306,0.615408911039896,2.89949225726512,10.9244976525909,0.0269106123784405,0.777318000234447,4.26972368051948e-17
0.196263192592916,-0.00285976813974894,-0.041869395071201,2.90975019634662,0.618145869645142,2.91208640686129,10.9239652660078,0.0270269094409446,0.777317612911666,-4.53670846549403e-17
0.19661874185486,-0.00287468766778626,-0.0420545662649836,2.9223707149875,0.620894538407367,2.92473681446671,10.9234282445351,0.027143696858476,0.777317222144548,2.98833223791317e-17
0.196974291116803,-0.00288967317281195,-0.0422405227429874,2.93504734776105,0.623654967593333,2.93744372416002,10.9228865484032,0.0272609764790622,0.777316827903068,-4.32190091007034e-17
0.197329840378747,-0.00290472493461551,-0.0424272677902108,2.94778033475684,0.626427207659156,2.95020738110975,10.9223401375115,0.0273787501549435,0.777316430156942,-4.81114714040443e-17
0.197685389640691,-0.00291984323415882,-0.0426148047028635,2.96056991709633,0.629211309251634,2.96302803158312,10.9217889714252,0.0274970197425762,0.777316028875626,2.74235387003052e-17
0.198040938902634,-0.00293502835357677,-0.0428031367883435,2.97341633693383,0.632007323208158,2.97590592294751,10.9212330093736,0.0276157871025749,0.777315624028312,-5.28074220636221e-17
0.198396488164578,-0.00295028057618101,-0.0429922673652369,2.98631983746022,0.634815300557099,2.98884130367527,10.9206722102465,0.0277350540996762,0.777315215583926,-3.93700913883799e-17
0.198752037426522,-0.00296560018646748,-0.0431821997633763,2.99928066290993,0.63763529251899,3.00183442335167,10.9201065325922,0.0278548226027334,0.777314803511127,-3.61920237702817e-17
0.199107586688465,-0.00298098747011622,-0.0433729373238025,3.01229905856119,0.640467350506243,3.01488553267575,10.9195359346148,0.0279750944846491,0.777314387778305,-1.46028480106641e-16
0.199463135950409,-0.00299644271399707,-0.0435644833987867,3.02537527074146,0.643311526123899,3.027994883467,10.9189603741714,0.028095871622352,0.777313968353577,5.84113920426566e-18
0.199818685212353,-0.00301196620617577,-0.0437568413518738,3.03850954683319,0.646167871170546,3.04116272867188,10.9183798087694,0.0282171558967782,0.777313545204785,-2.22464733266869e-17
0.200174234474297,-0.00302755823591353,-0.0439500145578348,3.05170213527384,0.649036437637966,3.05438932236472,10.9177941955638,0.0283389491927989,0.777313118299495,-9.79712188112214e-17
0.20052978373624,-0.00304321909367442,-0.0441440064027105,3.06495328556292,0.65191727771219,3.06767491975592,10.9172034913547,0.0284612533992081,0.777312687604995,-6.02071018908357e-17
0.200885332998184,-0.00305894907112978,-0.0443388202838332,3.07826324826615,0.654810443774105,3.08101977719691,10.9166076525841,0.0285840704086885,0.777312253088289,-6.74644801829105e-17
0.201240882260128,-0.00307474846115819,-0.0445344596097802,3.09163227501597,0.657715988399148,3.09442415218159,10.9160066353339,0.0287074021177388,0.777311814716101,-5.64462756050266e-17
0.201596431522071,-0.00309061755785403,-0.0447309278004317,3.10506061851955,0.660633964358575,3.10788830335557,10.9154003953222,0.028831250426669,0.777311372454865,-1.58591672780317e-16
0.201951980784015,-0.00310655665653007,-0.044928228286969,3.11854853256139,0.663564424619727,3.12141249051956,10.9147888879014,0.0289556172395487,0.777310926270728,-1.25130483231983e-16
0.202307530045959,-0.00312256605371863,-0.0451263645118386,3.13209627200496,0.666507422345913,3.13499697463199,10.9141720680548,0.0290805044641413,0.777310476129548,1.50162000889242e-17
0.202663079307902,-0.00313864604718045,-0.0453253399288147,3.1457040928009,0.669463010897751,3.14864201781856,10.913549890394,0.0292059140118987,0.777310021996886,-7.10220185613786e-17
0.203018628569846,-0.00315479693590567,-0.0455251580029752,3.15937225198831,0.672431243833107,3.16234788337414,10.9129223091559,0.0293318477978944,0.777309563838011,-7.67073037033494e-18
0.20337417783179,-0.00317101902011679,-0.0457258222106841,3.17310100769798,0.675412174907298,3.17611483576733,10.9122892782002,0.0294583077407694,0.77730910161789,-1.82010439706004e-16
0.203729727093733,-0.00318731260127696,-0.0459273360396491,3.18689061916005,0.678405858074332,3.18994314064924,10.9116507510063,0.0295852957627189,0.777308635301193,1.29291109068896e-17
0.204085276355677,-0.00320367798208975,-0.046129702988878,3.20074134670434,0.681412347486602,3.20383306485462,10.9110066806703,0.0297128137894137,0.777308164852284,-9.97533761322444e-17
0.204440825617621,-0.00322011546650428,-0.0463329265686849,3.21465345176547,0.68443169749546,3.21778487640833,10.9103570199022,0.0298408637499592,0.777307690235222,-4.62751039743969e-17
0.204796374879565,-0.0032366253597221,-0.0465370103007333,3.22862719688928,0.687463962652222,3.23179884453284,10.909701721023,0.0299694475768697,0.777307211413758,-4.51366916932872e-17
0.205151924141508,-0.00325320796819649,-0.0467419577179805,3.24266284573283,0.690509197707734,3.24587523964917,10.9090407359619,0.0300985672059817,0.777306728351332,-1.31202015397902e-16
0.205507473403452,-0.00326986359963951,-0.0469477723647057,3.25676066307121,0.693567457613291,3.26001433338509,10.908374016253,0.0302282245764254,0.77730624101107,-2.69966340948891e-17
0.205863022665396,-0.00328659256302713,-0.047154457796534,3.27092091480239,0.69663879752133,3.27421639858101,10.9077015130325,0.0303584216305829,0.777305749355783,-9.73749076163544e-17
0.206218571927339,-0.00330339516859871,-0.0473620175803759,3.28514386794752,0.699723272784986,3.28848170929131,10.9070231770358,0.0304891603139991,0.777305253347962,-5.83165243525641e-17
0.206574121189283,-0.00332027172786553,-0.0475704552944739,3.29942979065894,0.702820938959284,3.30281054079385,10.9063389585943,0.0306204425753618,0.777304752949776,-1.44110797514058e-16
0.206929670451227,-0.00333722255361395,-0.0477797745284016,3.31377895222342,0.705931851801474,3.3172031695942,10.9056488076326,0.0307522703664418,0.777304248123073,-6.18063000952518e-17
0.20728521971317,-0.00335424795990589,-0.0479899788830107,3.32819162306334,0.709056067270722,3.3316598734279,10.9049526736652,0.0308846456420078,0.777303738829372,-1.04415445473932e-16
0.207640768975114,-0.00337134826208801,-0.0482010719704857,3.34266807474526,0.712193641529442,3.34618093127068,10.9042505057935,0.0310175703598093,0.777303225029862,-1.09185935032868e-16
0.207996318237058,-0.00338852377679301,-0.0484130574143186,3.35720857998162,0.715344630943265,3.36076662334102,10.9035422527028,0.031151046480498,0.777302706685401,-1.98137947021726e-17
0.208351867499001,-0.0034057748219419,-0.0486259388492718,3.37181341263346,0.718509092081024,3.37541723110421,10.9028278626592,0.0312850759675537,0.777302183756512,-1.16077395091729e-16
0.208707416760945,-0.00342310171675276,-0.0488397199214311,3.38648284771866,0.721687081716037,3.39013303728214,10.9021072835065,0.0314196607872608,0.77730165620338,5.53214158510729e-17
0.209062966022889,-0.00344050478174067,-0.0490544042881585,3.4012171614125,0.72487865682578,3.40491432585476,10.9013804626627,0.031554802908616,0.77730112398585,-1.02430000245568e-16
0.209418515284832,-0.00345798433872211,-0.0492699956180769,3.41601663105228,0.728083874592249,3.41976138206624,10.9006473471176,0.0316905043032664,0.777300587063422,-5.53214158510729e-17
0.209774064546776,-0.00347554071082253,-0.0494864975911125,3.43088153514448,0.731302792403039,3.43467449243355,10.8999078834286,0.0318267669454743,0.777300045395252,-3.10149583966635e-17
0.21012961380872,-0.0034931742224755,-0.0497039138984304,3.44581215336473,0.734535467850826,3.44965394474742,10.8991620177186,0.0319635928120147,0.777299498940146,1.46028480106641e-17
0.210485163070664,-0.0035108851994292,-0.0499222482424428,3.46080876656429,0.73778195873411,3.4647000280806,10.898409695672,0.0321009838821265,0.777298947656558,-2.36491598873401e-18
0.210840712332607,-0.0035286739687523,-0.0501415043368338,3.4758716567757,0.741042323057989,3.47981303279468,10.8976508625317,0.0322389421374608,0.777298391502587,-2.3432319452843e-17
0.211196261594551,-0.00354654085883298,-0.0503616859064851,3.49100110721274,0.744316619033573,3.49499325054132,10.8968854630961,0.0323774695619735,0.777297830435975,-3.06016063184034e-17
0.211551810856495,-0.00356448619938721,-0.0505827966875057,3.50619740227846,0.74760490507905,3.51024097427205,10.8961134417154,0.0325165681418863,0.777297264414102,-4.10234997014203e-17
0.211907360118438,-0.00358251032146256,-0.0508048404272324,3.52146082756908,0.750907239820088,3.52555649824335,10.8953347422887,0.0326562398656169,0.777296693393986,-1.54498809579184e-18
0.212262909380382,-0.00360061355743798,-0.0510278208841567,3.53679166987466,0.754223682089338,3.54094011801865,10.8945493082606,0.0327964867236718,0.777296117332278,-3.19839640883224e-18
0.212618458642326,-0.0036187962410331,-0.0512517418279686,3.55219021718797,0.757554290927689,3.55639213047913,10.8937570826177,0.0329373107086126,0.777295536185258,-4.06033713595821e-17
0.212974007904269,-0.00363705870730995,-0.0514766070395294,3.56765675870669,0.760899125584289,3.57191283382701,10.8929580078855,0.0330787138149665,0.777294949908834,4.67562186884374e-18
0.213329557166213,-0.00365540129267439,-0.051702420310812,3.58319158483553,0.764258245516287,3.58750252758914,10.8921520261248,0.0332206980391266,0.77729435845854,-6.33309594003095e-17
0.213685106428157,-0.0036738243348853,-0.0519291854449471,3.59879498719502,0.767631710390114,3.60316151262783,10.8913390789288,0.0333632653793157,0.777293761789528,3.37457926186113e-18
0.2140406556901,-0.00369232817305472,-0.0521569062561699,3.61446725862235,0.771019580081148,3.61889009114261,10.8905191074191,0.0335064178354784,0.777293159856569,7.91603111185979e-17
0.214396204952044,-0.0037109131476513,-0.0523855865697818,3.63020869317537,0.774421914673826,3.63468856667613,10.8896920522427,0.0336501574091947,0.777292552614052,-6.89010480614538e-17
0.214751754213988,-0.00372957960050861,-0.0526152302221882,3.64601958614054,0.777838774462771,3.65055724412382,10.8888578535687,0.0337944861036322,0.777291940015972,-1.12445317813903e-16
0.215107303475931,-0.00374832787482412,-0.0528458410608248,3.66190023403286,0.781270219952195,3.66649642973504,10.8880164510843,0.0339394059234255,0.777291322015939,-6.98090673809104e-17
0.215462852737875,-0.00376715831516499,-0.0530774229441426,3.67785093460193,0.784716311856419,3.68250643112112,10.8871677839919,0.0340849188746029,0.777290698567163,1.89735380184963e-18
0.215818401999819,-0.00378607126747462,-0.0533099797416302,3.6938719868384,0.788177111100713,3.69858755726339,10.8863117910054,0.0342310269645232,0.777290069622459,5.89534931288993e-18
0.216173951261763,-0.00380506707907134,-0.0535435153337249,3.70996369097369,0.791652678820568,3.71474011851429,10.8854484103467,0.0343777322017457,0.77728943513424,-7.50267903359969e-17
0.216529500523706,-0.00382414609865614,-0.0537780336118222,3.72612634848779,0.795143076362582,3.73096442660734,10.8845775797423,0.0345250365959699,0.777288795054515,-7.98921475850256e-17
0.21688504978565,-0.00384330867631721,-0.054013538478274,3.74236026211395,0.798648365284928,3.74726079466325,10.8836992364196,0.0346729421579515,0.777288149334885,-1.32706345912226e-16
0.217240599047594,-0.003862555163529,-0.054250033846296,3.75866573583883,0.802168607356647,3.76362953719163,10.8828133171035,0.0348214508993712,0.77728749792654,-1.58496805090225e-16
0.217596148309537,-0.00388188591316138,-0.0544875236399944,3.77504307491156,0.805703864558793,3.78007097010234,10.881919758013,0.0349705648327811,0.777286840780255,-9.51793982170712e-17
0.217951697571481,-0.00390130127948198,-0.0547260117943362,3.79149258584646,0.809254199084487,3.79658541070957,10.881018494857,0.0351202859714992,0.777286177846389,-2.74167624367272e-17
0.218307246833425,-0.00392080161815654,-0.0549655022550648,3.80801457642452,0.812819673338406,3.81317317773509,10.8801094628318,0.0352706163294836,0.777285509074879,-2.90159606411433e-17
0.218662796095368,-0.00394038728625847,-0.0552059989787339,3.82460935570274,0.816400349938015,3.82983459131985,10.8791925966162,0.0354215579212781,0.777284834415236,-8.71427496135224e-18
0.219018345357312,-0.00396005864226922,-0.055447505932649,3.84127723401519,0.819996291713223,3.84656997302641,10.8782678303689,0.0355731127618864,0.777284153816545,-8.5096318012956e-17
0.219373894619256,-0.00397981604608073,-0.0556900270948011,3.85801852297641,0.823607561706215,3.86337964584441,10.8773350977244,0.0357252828666575,0.777283467227459,-1.2210826967618e-17
0.219729443881199,-0.00399965985900425,-0.0559335664538972,3.87483353549005,0.827234223172584,3.88026393420131,10.8763943317894,0.0358780702512221,0.777282774596195,-1.11686376293163e-16
0.220084993143143,-0.00401959044376928,-0.0561781280092756,3.89172258574882,0.830876339580666,3.89722316396383,10.8754454651393,0.0360314769313503,0.777282075870533,-1.10222703360308e-16
0.220440542405087,-0.00403960816452845,-0.0564237157708637,3.90868598924003,0.834533974611787,3.9142576624458,10.8744884298143,0.0361855049228506,0.77728137099781,-1.14125831181255e-16
0.22079609166703,-0.00405971338686474,-0.0566703337591951,3.92572406275284,0.838207192161138,3.93136775841733,10.8735231573155,0.0363401562414905,0.777280659924917,-3.93565388612238e-17
0.221151640928974,-0.00407990647778977,-0.0569179860053051,3.9428371243777,0.841896056336916,3.94855378210596,10.8725495786019,0.0364954329028429,0.777279942598297,-7.95939919875921e-17
0.221507190190918,-0.00410018780575084,-0.0571666765507137,3.96002549351394,0.845600631460959,3.96581606520668,10.8715676240861,0.0366513369221979,0.77727921896394,-4.71627945031194e-17
0.221862739452862,-0.00412055774063622,-0.0574164094474208,3.9772894908751,0.849320982069284,3.98315494088916,10.8705772236305,0.0368078703144631,0.777278488967377,-1.12079399580689e-17
0.222218288714805,-0.00414101665377341,-0.0576671887577914,3.99462943848874,0.853057172911146,4.00057074379926,10.8695783065438,0.0369650350940045,0.777277752553682,-1.24263121493995e-16
0.222573837976749,-0.00416156491793796,-0.05791901855456,4.01204565970535,0.856809268950016,4.01806381007081,10.8685708015772,0.0371228332745676,0.777277009667464,-1.35335536180503e-16
0.222929387238693,-0.00418220290735648,-0.0581719029207973,4.02953847920188,0.860577335363677,4.03563447733062,10.8675546369204,0.0372812668691547,0.777276260252864,2.9734244580415e-17
0.223284936500636,-0.00420293099770586,-0.0584258459497983,4.0471082229824,0.864361437543422,4.05328308470134,10.8665297401981,0.0374403378898681,0.777275504253551,-8.61805201854415e-17
0.22364048576258,-0.00422374956612296,-0.0586808517450978,4.06475521838782,0.868161641095184,4.0710099728139,10.865496038466,0.0376000483478324,0.777274741612719,-1.17473305388804e-16
0.223996035024524,-0.00424465899120532,-0.0589369244204066,4.08247979409742,0.871978011839197,4.08881548381066,10.8644534582068,0.0377604002530497,0.777273972273086,-9.60467599550596e-17
0.224351584286467,-0.00426565965301239,-0.0591940680995138,4.10028228013144,0.875810615809495,4.10669996135033,10.8634019253266,0.0379213956142512,0.777273196176882,-1.27976513934758e-16
0.224707133548411,-0.00428675193307479,-0.0594522869163033,4.11816300786032,0.879659519255011,4.12466375061999,10.862341365151,0.0380830364388132,0.777272413265855,-9.53013709614758e-17
0.225062682810355,-0.00430793621439327,-0.0597115850146595,4.13612231000484,0.883524788638853,4.14270719833677,10.8612717024211,0.0382453247325912,0.777271623481258,-6.49572626590378e-17
0.225418232072298,-0.00432921288144241,-0.0599719665483921,4.15416052064095,0.88740649063821,4.1608306527555,10.8601928612897,0.0384082624997864,0.777270826763854,-1.02795918478782e-16
0.225773781334242,-0.00435058232017851,-0.0602334356812433,4.17227797520772,0.891304692145246,4.17903446367907,10.8591047653173,0.0385718517428449,0.777270023053903,4.61599074935704e-17
0.226129330596186,-0.00437204491803744,-0.0604959965867678,4.19047501050676,0.895219460266096,4.19731898245971,10.8580073374685,0.0387360944622787,0.777269212291167,1.62765851144386e-17
0.226484879858129,-0.00439360106394086,-0.0607596534482828,4.20875196470918,0.899150862321201,4.21568456200896,10.8569005001075,0.0389009926565437,0.777268394414897,-1.66885819399831e-16
0.226840429120073,-0.00441525114830203,-0.0610244104588577,4.2271091773618,0.903098965845872,4.2341315568061,10.8557841749945,0.0390665483219204,0.777267569363837,-5.66495635123676e-17
0.227195978382017,-0.0044369955630235,-0.061290271821175,4.24554698938647,0.907063838589139,4.2526603228996,10.8546582832819,0.0392327634523247,0.777266737076215,-4.17688886950041e-17
0.227551527643961,-0.00445883470150523,-0.0615572417475061,4.26406574308882,0.91104554851447,4.27127121791909,10.8535227455101,0.0393996400391968,0.777265897489739,-1.58700092997566e-17
0.227907076905904,-0.00448076895864819,-0.0618253244596725,4.28266578216247,0.915044163799902,4.28996460108157,10.8523774816033,0.0395671800713584,0.777265050541597,-3.24311974844727e-17
0.228262626167848,-0.00450279873085258,-0.0620945241889032,4.30134745168904,0.919059752836932,4.30874083319385,10.851222410866,0.0397353855348214,0.777264196168449,7.11643200965173e-17
0.228618175429792,-0.00452492441602728,-0.0623648451758266,4.32011109814797,0.923092384231485,4.32760027666576,10.8500574519787,0.0399042584126812,0.777263334306421,1.96782694306119e-17
0.228973724691735,-0.00454714641359094,-0.0626362916703987,4.33895706941864,0.927142126803561,4.34654329551409,10.8488825229939,0.0400738006849489,0.777262464891108,-2.62512451013053e-17
0.229329273953679,-0.00456946512447196,-0.0629088679317706,4.35788571478202,0.931209049586381,4.3655702553671,10.8476975413321,0.0402440143283661,0.777261587857563,-6.85351298282399e-17
0.229684823215623,-0.00459188095111792,-0.0631825782282853,4.3768973849305,0.935293221827388,4.3846815234776,10.8465024237777,0.0404149013162938,0.777260703140296,-2.72134745293862e-17
0.230040372477566,-0.0046143942974946,-0.0634574268373721,4.39599243196821,0.939394712987456,4.4038774687252,10.845297086475,0.0405864636185213,0.777259810673267,-1.39360636745856e-16
0.23039592173951,-0.00463700556908834,-0.063733418045434,4.415171209415,0.943513592740419,4.42315846162349,10.8440814449244,0.0407587032010924,0.777258910389886,-1.72361040370883e-16
0.230751471001454,-0.00465971517291444,-0.0640105561478394,4.43443407221515,0.947649930973929,4.44252487433183,10.8428554139776,0.0409316220261819,0.777258002223005,-6.56619940711534e-17
0.231107020263397,-0.00468252351751467,-0.064288845448785,4.45378137673667,0.951803797788305,4.46197708065669,10.8416189078345,0.0411052220518845,0.777257086104914,-7.1692868655604e-18
0.231462569525341,-0.00470543101296226,-0.064568290261208,4.47321348077755,0.955975263496502,4.48151545606158,10.8403718400382,0.0412795052320553,0.777256161967339,-6.3222539183061e-17
0.231818118787285,-0.00472843807086842,-0.0648488949067638,4.49273074357286,0.960164398624682,4.5011403776768,10.8391141234714,0.0414544735161665,0.777255229741435,-7.47421872657195e-17
0.232173668049229,-0.00475154510437915,-0.0651306637156632,4.51233352579358,0.964371273910819,4.52085222430076,10.8378456703524,0.0416301288490828,0.777254289357782,-2.60479571939642e-17
0.232529217311172,-0.0047747525281826,-0.0654136010266117,4.532022189555,0.968595960305107,4.54065137641219,10.8365663922305,0.0418064731709139,0.777253340746382,-6.21789945920437e-17
0.232884766573116,-0.00479806075851321,-0.0656977111867616,4.55179709842162,0.9728385289701,4.56053821617758,10.8352761999823,0.0419835084168464,0.777252383836652,-6.49843677133499e-17
0.23324031583506,-0.00482147021314879,-0.0659829985515365,4.57165861740655,0.977099051279279,4.58051312745332,10.8339750038074,0.0421612365169142,0.777251418557422,2.60208521396521e-17
0.233595865097003,-0.00484498131141952,-0.0662694674845926,4.59160711298125,0.981377598817769,4.60057649579947,10.8326627132243,0.0423396593958568,0.77725044483693,-1.10480201376273e-16
0.233951414358947,-0.00486859447420945,-0.0665571223577358,4.61164295307822,0.985674243381982,4.62072870848479,10.831339237066,0.0425187789729247,0.777249462602813,-4.12132350816052e-17
0.234306963620891,-0.00489231012395502,-0.0668459675507513,4.63176650709178,0.989989056978361,4.64097015449072,10.8300044834765,0.042698597161652,0.777248471782111,7.03376159399971e-18
0.234662512882834,-0.00491612868465451,-0.0671360074513733,4.65197814588818,0.994322111824214,4.66130122452549,10.8286583599059,0.0428791158697134,0.777247472301254,-7.15980009655115e-17
0.235018062144778,-0.00494005058186714,-0.0674272464551669,4.67227824180634,0.998673480346865,4.68172231102715,10.8273007731067,0.0430603369987023,0.77724646408606,-5.6730878675304e-17
0.235373611406722,-0.00496407624271388,-0.0677196889653717,4.69266716866072,1.00304323518274,4.70223380817017,10.8259316291294,0.0432422624439143,0.777245447061733,-1.40892072314491e-16
0.235729160668665,-0.00498820609588611,-0.0680133393928723,4.71314530175077,1.00743144917812,4.72283611187864,10.8245508333185,0.0434248940941915,0.777244421152855,-2.6590058280207e-17
0.236084709930609,-0.00501244057164295,-0.068308202156043,4.73371301786014,1.01183819538788,4.74352961982792,10.8231582903082,0.0436082338316792,0.777243386283382,-1.34576594659763e-17
0.236440259192553,-0.00503678010181465,-0.0686042816806148,4.75437069526212,1.01626354707497,4.76431473145432,10.8217539040183,0.0437922835316207,0.77724234237664,-5.69477191098011e-17
0.236795808454496,-0.0050612251198097,-0.0689015823996362,4.77511871372743,1.020707577711,4.78519184796626,10.8203375776498,0.0439770450621847,0.777241289355319,-7.28312809367138e-17
0.23715135771644,-0.00508577606061089,-0.0692001087532848,4.79595745452277,1.02517036097455,4.80616137234563,10.8189092136812,0.0441625202842028,0.777240227141468,-9.48676900924816e-17
0.237506906978384,-0.00511043336078145,-0.0694998651887619,4.81688730041857,1.02965197075122,4.82722370936009,10.8174687138638,0.0443487110509777,0.777239155656492,-7.6422700633072e-17
0.237862456240328,-0.00513519745846969,-0.0698008561602317,4.83790863569466,1.03415248113371,4.8483792655718,10.8160159792177,0.0445356192080858,0.777238074821145,-9.56808417218458e-17
0.238218005502271,-0.00516006879340503,-0.0701030861286108,4.85902184613898,1.0386719664201,4.86962844933941,10.8145509100277,0.0447232465931046,0.777236984555526,-6.51605505663788e-17
0.238573554764215,-0.00518504780690607,-0.070406559561489,4.88022731905703,1.04321050111417,4.89097167083226,10.8130734058389,0.0449115950354292,0.777235884779072,-1.39076033675578e-16
0.238929104026159,-0.00521013494188254,-0.0707112809330342,4.90152544327531,1.04776815992507,4.91240934203664,10.8115833654526,0.0451006663560465,0.777234775410557,-1.62277960166768e-16
0.239284653288102,-0.00523533064283234,-0.0710172547237787,4.92291660914098,1.05234501776561,4.9339418767592,10.8100806869224,0.0452904623672613,0.777233656368083,-1.28749007982654e-17
0.239640202550046,-0.00526063535585055,-0.0713244854205536,4.94440120853228,1.05694114975281,4.95556969064217,10.8085652675496,0.0454809848725131,0.777232527569076,-4.56720165159519e-17
0.23999575181199,-0.00528604952862873,-0.0716329775163564,4.96597963485952,1.06155663120705,4.97729320116714,10.8070370038789,0.0456722356661213,0.777231388930284,-1.24385094238399e-16
0.240351301073933,-0.00531157361045393,-0.0719427355101458,4.98765228306695,1.06619153765063,4.99911282766119,10.8054957916948,0.0458642165330184,0.777230240367765,-2.07895766574095e-17
0.240706850335877,-0.00533720805221749,-0.0722537639067816,5.00941954964264,1.07084594480831,5.02102899131142,10.803941526017,0.0460569292485572,0.777229081796888,-2.58853268680914e-17
0.241062399597821,-0.00536295330641198,-0.0725660672168512,5.03128183261779,1.07551992860599,5.04304211516708,10.802374101096,0.0462503755782299,0.777227913132327,-3.1712913545201e-17
0.241417948859764,-0.00538880982713299,-0.0728796499564835,5.05323953157108,1.08021356516962,5.06515262414889,10.8007934104098,0.0464445572774122,0.77722673428805,-3.67002435386343e-17
0.241773498121708,-0.0054147780700864,-0.0731945166472854,5.07529304763716,1.08492693082567,5.08736094506168,10.7991993466584,0.046639476091154,0.777225545177322,-1.3796472644878e-17
0.242129047383652,-0.00544085849258387,-0.0735106718161265,5.09744278350495,1.08966010209926,5.10966750659594,10.797591801761,0.0468351337538758,0.777224345712694,-8.76035355368288e-17
0.242484596645595,-0.00546705155354735,-0.0738281199949814,5.11968914342443,1.09441315571365,5.13207273934,10.7959706668509,0.0470315319891256,0.777223135805998,-1.49077798716757e-17
0.242840145907539,-0.00549335771351415,-0.0741468657208491,5.14203253321319,1.09918616859032,5.15457707579034,10.7943358322716,0.0472286725093459,0.777221915368345,-5.76524505219167e-17
0.243195695169483,-0.00551977743463178,-0.0744669135355055,5.16447336025438,1.10397921784683,5.17718095035328,10.7926871875729,0.0474265570155545,0.777220684310116,-4.2554935270056e-18
0.243551244431427,-0.00554631118066486,-0.0747882679853744,5.18701203350572,1.10879238079678,5.19988479935967,10.7910246215063,0.0476251871971113,0.777219442540959,-7.9173863645754e-17
0.24390679369337,-0.00557295941699741,-0.0751109336214159,5.20964896350354,1.11362573494934,5.22268906107245,10.7893480220214,0.0478245647314566,0.777218189969779,-5.72187696529225e-17
0.244262342955314,-0.00559972261062828,-0.0754349149988653,5.23238456236151,1.11847935800715,5.2455941756896,10.7876572762612,0.0480246912837853,0.777216926504741,3.24447500116287e-17
0.244617892217258,-0.00562660123017938,-0.0757602166771236,5.25521924378092,1.12335332786651,5.26860058536026,10.7859522705586,0.0482255685068165,0.777215652053254,-1.08881003171857e-16
0.244973441479201,-0.00565359574589518,-0.0760868432196059,5.27815342305219,1.12824772261642,5.29170873418955,10.7842328904316,0.0484271980405013,0.777214366521975,-3.94920641327845e-17
0.245328990741145,-0.0056807066296398,-0.0764147991934837,5.30118751705545,1.13316262053658,5.3149190682441,10.78249902058,0.0486295815116991,0.777213069816796,2.98155597433514e-19
0.245684540003089,-0.00570793435490541,-0.0767440891695844,5.32432194427077,1.13809810009776,5.33823203556796,10.7807505448806,0.0488327205339412,0.777211761842842,-1.14437539305845e-16
0.246040089265032,-0.0057352793968091,-0.0770747177221962,5.34755712477762,1.1430542399602,5.36164808618536,10.7789873463835,0.0490366167071082,0.777210442504464,1.30104260698261e-18
0.246395638526976,-0.0057627422320925,-0.0774066894288231,5.37089348025794,1.14803111897206,5.3851676721095,10.7772093073082,0.0492412716171157,0.777209111705236,-8.17217387510949e-17
0.24675118778892,-0.00579032333912919,-0.0777400088700879,5.39433143400524,1.1530288161696,5.40879124735688,10.775416309039,0.049446686835663,0.777207769347945,-8.59230221694762e-17
0.247106737050863,-0.00581802319791947,-0.0780746806294887,5.4178714109226,1.15804741077516,5.43251926794902,10.7736082321216,0.0496528639198831,0.777206415334588,-9.75781955236954e-18
0.247462286312807,-0.00584584229009294,-0.0784107092931789,5.44151383752847,1.16308698219599,5.45635219192447,10.7717849562588,0.0498598044120411,0.777205049566364,-8.97990449361119e-17
0.247817835574751,-0.00587378109891383,-0.0787480994498594,5.46525914196381,1.16814761002424,5.48029047935077,10.7699463603063,0.0500675098392597,0.777203671943672,-1.607871821796e-16
0.248173384836694,-0.00590184010927466,-0.0790868556904937,5.48910775398949,1.17322937403446,5.50433459232607,10.7680923222694,0.0502759817131492,0.7772022823661,-2.10335221462188e-17
0.248528934098638,-0.00593001980770145,-0.0794269826081168,5.51306010499445,1.17833235418301,5.52848499499399,10.7662227192984,0.0504852215295158,0.777200880732424,4.16875735320676e-17
0.248884483360582,-0.00595832068235639,-0.0797684847977023,5.53711662800046,1.18345663060749,5.55274215355272,10.7643374276847,0.0506952307680596,0.777199466940597,-1.54119338818814e-16
0.249240032622526,-0.00598674322303147,-0.0801113668558502,5.56127775765985,1.18860228362418,5.57710653625761,10.7624363228575,0.0509060108919911,0.777198040887749,2.32561365998141e-17
0.249595581884469,-0.00601528792115559,-0.0804556333806222,5.58554393026534,1.19376939372773,5.60157861343798,10.7605192793793,0.0511175633477463,0.777196602470174,-3.90854883181024e-17
0.249951131146413,-0.00604395526979416,-0.080801288971368,5.60991558375216,1.19895804159011,5.62615885750329,10.758586170942,0.0513298895646511,0.777195151583331,-9.20487644440193e-17
0.250306680408357,-0.00607274576364406,-0.0811483382284082,5.63439315769723,1.20416830805803,5.65084774294792,10.7566368703639,0.0515429909545361,0.777193688121833,5.03882959662638e-17
0.2506622296703,-0.00610165989904134,-0.0814967857528831,5.65897709332953,1.20940027415293,5.67564574636846,10.7546712495848,0.0517568689114482,0.77719221197944,-5.0821976835258e-17
0.251017778932244,-0.00613069817395791,-0.0818466361465337,5.68366783352974,1.21465402106923,5.70055334646737,10.7526891796629,0.0519715248112819,0.777190723049059,-1.12675710775556e-16
0.251373328194188,-0.00615986108799885,-0.0821978940113902,5.70846582283186,1.21992963017208,5.72557102406103,10.7506905307709,0.0521869600114002,0.777189221222732,6.64073830647371e-18
0.251728877456131,-0.00618914914240944,-0.0825505639496304,5.73337150743276,1.22522718299736,5.75069926209583,10.7486751721923,0.0524031758503332,0.777187706391632,-1.79191514057542e-16
0.252084426718075,-0.00621856284006935,-0.0829046505633063,5.75838533518997,1.23054676124928,5.77593854565024,10.7466429723173,0.0526201736473782,0.777186178446057,-2.28224557308199e-17
0.252439975980019,-0.0062481026854929,-0.0832601584540534,5.78350775562618,1.23588844679864,5.80128936194656,10.7445937986399,0.0528379547022322,0.777184637275422,-1.09233368877915e-17
0.252795525241962,-0.00627776918483429,-0.0836170922229458,5.80873921993689,1.24125232168256,5.82675220036454,10.7425275177535,0.0530565202946689,0.777183082768254,-1.06306023012204e-16
0.253151074503906,-0.0063075628458802,-0.0839754564701707,5.83408018098736,1.24663846810161,5.85232755244309,10.7404439953478,0.0532758716841128,0.777181514812187,-4.90601483049691e-17
0.25350662376585,-0.0063374841780528,-0.0843352557947665,5.85953109331958,1.25204696841859,5.87801591189521,10.7383430962052,0.0534960101092831,0.777179933293951,-8.28601510322047e-17
0.253862173027794,-0.00636753369241253,-0.0846964947944592,5.88509241315765,1.25747790515782,5.90381777461871,10.7362246841967,0.0537169367878427,0.777178338099373,-1.44957830461312e-16
0.254217722289737,-0.00639771190165005,-0.0850591780652968,5.9107645984046,1.26293136100201,5.92973363869856,10.7340886222793,0.0539386529159548,0.777176729113363,7.92280737543782e-17
0.254573271551681,-0.00642801932009157,-0.0854233102014173,5.93654810865145,1.26840741879143,5.95576400442432,10.731934772492,0.0541611596679332,0.777175106219911,5.56737815571307e-17
0.254928820813625,-0.00645845646369851,-0.0857888957948472,5.96244340517989,1.27390616152268,5.98190937429764,10.7297629959521,0.0543844581958592,0.77717346930208,-1.51029362627231e-16
0.255284370075568,-0.00648902385006022,-0.0861559394351201,5.98845095096006,1.27942767234551,6.00817025303654,10.7275731528526,0.0546085496291297,0.777171818242002,1.09152053714978e-16
0.255639919337512,-0.00651972199840044,-0.0865244457090627,6.01457121066074,1.28497203456229,6.03454714759393,10.7253651024582,0.0548334350741077,0.777170152920866,-9.71987247633255e-17
0.255995468599456,-0.00655055142957379,-0.086894419200547,6.04080465064917,1.29053933162605,6.06104056716219,10.7231387031025,0.0550591156137029,0.777168473218917,-6.45371343171997e-17
0.256351017861399,-0.0065815126660605,-0.0872658644901071,6.06715173899117,1.29612964713762,6.0876510231807,10.7208938121844,0.0552855923069225,0.777166779015444,8.60856524953491e-17
0.256706567123343,-0.00661260623197259,-0.0876387861547387,6.09361294546078,1.30174306484509,6.11437902935349,10.7186302861649,0.0555128661885113,0.777165070188779,-7.40239033264478e-17
0.257062116385287,-0.00664383265304761,-0.0880131887675955,6.12018874153807,1.30737966864126,6.14122510165198,10.7163479805641,0.0557409382684982,0.777163346616285,-1.01454218290331e-16
0.25741766564723,-0.00667519245664598,-0.0883890768976163,6.14687960041187,1.3130395425611,6.16818975832614,10.7140467499584,0.0559698095317544,0.777161608174353,-2.62919026827735e-18
0.257773214909174,-0.006706686171756,-0.0887664551093331,6.17368599698805,1.31872277078114,6.19527351992011,10.7117264479766,0.0561994809376162,0.777159854738393,-1.67183974997265e-16
0.258128764171118,-0.00673831432898516,-0.0891453279625032,6.20060840788575,1.32442943761627,6.22247690927398,10.7093869272977,0.0564299534193992,0.777158086182831,1.23680362826284e-16
0.258484313433061,-0.00677007746056062,-0.0895257000117639,6.22764731144309,1.33015962751775,6.24980045153865,10.7070280396478,0.0566612278839683,0.777156302381094,-6.08237418764368e-17
0.258839862695005,-0.00680197610033181,-0.0899075758064299,6.25480318772305,1.33591342507222,6.27724467418841,10.7046496357966,0.0568933052113339,0.777154503205612,-2.23887748618257e-16
0.259195411956949,-0.00683401078376058,-0.090290959890071,6.28207651850927,1.34169091499811,6.30481010702308,10.7022515655554,0.057126186254142,0.777152688527809,1.1259439561262e-16
0.259550961218892,-0.00686618204792425,-0.0906758568001996,6.30946778731413,1.34749218214407,6.33249728218581,10.699833677774,0.0573598718372534,0.777150858218089,-9.74697753064468e-17
0.259906510480836,-0.00689849043151523,-0.091062271068036,6.33697747938188,1.35331731148753,6.36030673417236,10.6973958203375,0.0575943627573068,0.777149012145841,-1.78053101776432e-16
0.26026205974278,-0.00693093647483121,-0.0914502072180547,6.36460608168503,1.35916638813086,6.38823899983469,10.6949378401647,0.0578296597821953,0.777147150179421,1.35850532212434e-16
0.260617609004724,-0.00696352071977998,-0.091839669767698,6.39235408293393,1.36503949730023,6.41629461840065,10.6924595832044,0.0580657636506482,0.777145272186152,-1.51869619310907e-16
0.260973158266667,-0.00699624370987552,-0.0922306632270919,6.42022197357694,1.37093672434345,6.44447413147981,10.6899608944333,0.0583026750717562,0.777143378032314,-4.72441096660559e-17
0.261328707528611,-0.00702910599022987,-0.0926231920985843,6.44821024579873,1.37685815472627,6.47277808307021,10.6874416178541,0.0585403947244463,0.777141467583137,5.60803573718127e-17
0.261684256790555,-0.00706210810755815,-0.0930172608764744,6.47631939352994,1.38280387403136,6.50120701957779,10.6849015964922,0.0587789232570562,0.777139540702796,-1.07959431325244e-16
0.262039806052498,-0.0070952506101715,-0.093412874046672,6.50454991244478,1.3887739679555,6.52976148981979,10.6823406723936,0.0590182612868219,0.777137597254401,2.42048135007389e-17
0.262395355314442,-0.00712853404797138,-0.0938100360862369,6.53290229996203,1.39476852230613,6.55844204503536,10.6797586866234,0.0592584093993578,0.777135637099992,1.54986700556803e-16
0.262750904576386,-0.00716195897245373,-0.0942087514631247,6.56137705525352,1.40078762300037,6.58724923890316,10.6771554792625,0.0594993681482155,0.777133660100529,-1.6357900277375e-16
0.263106453838329,-0.00719552593669912,-0.094609024635775,6.58997467923985,1.40683135606143,6.61618362754334,10.6745308894062,0.0597411380543362,0.777131666115891,5.32614317233504e-17
0.263462003100273,-0.00722923549537005,-0.0950108600526712,6.61869567459439,1.41289980761569,6.64524576953231,10.6718847551622,0.0599837196055398,0.777129655004862,-4.60785923306339e-19
0.263817552362217,-0.00726308820471312,-0.0954142621520872,6.6475405457496,1.41899306389145,6.67443622591723,10.669216913648,0.0602271132560609,0.777127626625124,-3.11138918449028e-16
0.26417310162416,-0.0072970846225473,-0.0958192353616071,6.67650979889183,1.42511121121477,6.70375556021803,10.6665272009898,0.0604713194259706,0.777125580833258,1.38506827535023e-16
0.264528650886104,-0.0073312253082641,-0.0962257840977175,6.70560394196798,1.43125433600704,6.73320433844554,10.6638154523204,0.0607163385006757,0.777123517484725,-4.82198916212928e-17
0.264884200148048,-0.00736551082282684,-0.096633912765531,6.73482348468907,1.43742252478334,6.76278312911251,10.6610815017773,0.0609621708304236,0.777121436433867,-3.02980297101074e-16
0.265239749409992,-0.00739994172875838,-0.0970436257582571,6.76416893852522,1.44361586414781,6.79249250323691,10.6583251825014,0.0612088167297031,0.7771193375339,1.598927153873e-16
0.265595298671935,-0.00743451859014337,-0.097454927456827,6.79364081671416,1.4498344407918,6.82233303436232,10.6555463266355,0.0614562764767502,0.777117220636897,-7.48912650644362e-17
0.265950847933879,-0.00746924197262408,-0.0978678222295692,6.82323963426185,1.45607834149147,6.85230529856546,10.6527447653222,0.061704550313014,0.777115085593793,-1.99005308759714e-16
0.266306397195823,-0.00750411244338905,-0.0982823144316615,6.85296590793878,1.46234765310321,6.88240987446206,10.6499203287036,0.0619536384425508,0.77711293225437,9.18319240095222e-17
0.266661946457766,-0.00753913057117623,-0.0986984084047753,6.8828201562892,1.46864246256199,6.91264734322796,10.6470728459194,0.0622035410315254,0.777110760467251,-1.7612864292027e-16
0.26701749571971,-0.0075742969262652,-0.0991161084766945,6.91280289962876,1.47496285687821,6.94301828860349,10.6442021451054,0.0624542582076381,0.777108570079894,-2.48824398585423e-17
0.267373044981654,-0.00760961208046803,-0.0995354189607582,6.94291466004339,1.48130892313337,6.97352329690337,10.6413080533937,0.0627057900595195,0.777106360938583,1.7054500173197e-16
0.267728594243597,-0.0076450766071319,-0.0999563441555287,6.9731559613977,1.4876807484785,7.0041629570363,10.6383903969103,0.0629581366362205,0.77710413288842,-2.02854226472038e-16
0.268084143505541,-0.0076806910811282,-0.100378888344335,7.00352732933035,1.49407842013018,7.03493786050751,10.6354490007751,0.0632112979465995,0.77710188577332,-2.64545330086463e-17
0.268439692767485,-0.00771645607884612,-0.100803055794726,7.03402929125591,1.50050202536663,7.06584860143301,10.6324836891013,0.0634652739587253,0.777099619436003,5.41016884070267e-17
0.268795242029428,-0.00775237217819378,-0.101228850758152,7.06466237637146,1.50695165152604,7.09689577655629,10.6294942849938,0.0637200645993468,0.77709733371798,-3.29055359349351e-16
0.269150791291372,-0.00778843995858475,-0.101656277469425,7.09542711565039,1.51342738600184,7.12807998525037,10.6264806105498,0.0639756697532447,0.777095028459559,1.29074268634399e-16
0.269506340553316,-0.00782466000093462,-0.102085340146205,7.12632404184727,1.51992931623932,7.15940182953599,10.6234424868579,0.0642320892626448,0.777092703499821,6.07153216591882e-17
0.269861889815259,-0.00786103288765962,-0.102516042988665,7.15735368950179,1.52645752973361,7.1908619140947,10.6203797339974,0.0644893229266594,0.777090358676624,-1.50920942409982e-16
0.270217439077203,-0.00789755920266167,-0.10294839017889,7.1885165949322,1.53301211402438,7.22246084627177,10.6172921710389,0.0647473705006117,0.777087993826594,2.39012368924429e-16
0.270572988339147,-0.00793423953132755,-0.103382385880394,7.21981329624245,1.53959315669301,7.2541992360973,10.6141796160438,0.0650062316954576,0.777085608785111,4.18502038579405e-17
0.270928537601091,-0.00797107446052407,-0.103818034237747,7.25124433332306,1.54620074535992,7.28607769629557,10.611041886064,0.06526590617719,0.777083203386307,-2.94198259503942e-16
0.271284086863034,-0.00800806457858334,-0.104255339375938,7.28281024784548,1.55283496767911,7.3180968422901,10.6078787971433,0.0655263935661501,0.77708077746306,2.49745970432036e-16
0.271639636124978,-0.00804521047530333,-0.104694305399917,7.31451158327039,1.5594959113357,7.35025729222628,10.6046901643162,0.0657876934364486,0.777078330846977,-1.51679883930722e-16
0.271995185386922,-0.00808251274193926,-0.105134936394168,7.34634888484538,1.56618366404243,7.38255966697699,10.6014758016093,0.0660498053153301,0.777075863368397,-7.97430697863089e-17
0.272350734648865,-0.00811997197119056,-0.10557723642205,7.37832269960153,1.57289831353433,7.41500459015172,10.5982355220418,0.0663127286824812,0.777073374856376,1.62738746090074e-16
0.272706283910809,-0.00815758875720143,-0.106021209525367,7.41043357636144,1.57963994756645,7.44759268811818,10.5949691376258,0.0665764629694441,0.777070865138683,-3.34964261189397e-16
0.273061833172753,-0.00819536369554869,-0.106466859723867,7.44268206573413,1.58640865390951,7.48032459000552,10.5916764593674,0.066841007558939,0.777068334041791,-4.49943901581484e-18
0.273417382434696,-0.00823329738323116,-0.106914191014578,7.47506872011461,1.59320452034485,7.51320092771806,10.588357297268,0.0671063617841772,0.777065781390869,3.18213337624496e-17
0.27377293169664,-0.0082713904186693,-0.107363207371408,7.50759409369032,1.60002763466223,7.54622233595428,10.5850114603246,0.0673725249282594,0.777063207009772,-3.73832909073002e-16
0.274128480958584,-0.00830964340168974,-0.107813912744547,7.54025874243416,1.60687808465453,7.57938945220892,10.5816387565318,0.0676394962234583,0.777060610721042,1.10968092353891e-16
0.274484030220527,-0.00834805693351772,-0.108266311059827,7.57306322410704,1.61375595811329,7.61270291679127,10.5782389928834,0.0679072748505406,0.777057992345886,7.19368141444132e-17
0.274839579482471,-0.00838663161677459,-0.10872040621833,7.60600809826197,1.62066134282622,7.64616337284036,10.5748119753728,0.0681758599381428,0.77705535170418,-3.02221355580334e-16
0.275195128744415,-0.00842536805546003,-0.109176202095696,7.63909392623607,1.62759432657115,7.67977146632762,10.571357508996,0.068445250562019,0.777052688614458,2.5652223401007e-16
0.275550678006358,-0.00846426685494741,-0.109633702541529,7.67232127115582,1.63455499711222,7.71352784607862,10.567875397753,0.0687154457443748,0.777050002893899,4.93311988480905e-18
0.275906227268302,-0.008503328621978,-0.110092911378965,7.70569069793808,1.64154344219675,7.74743316378429,10.5643654446494,0.0689864444532082,0.777047294358328,-2.61238513460382e-16
0.276261776530246,-0.00854255396464264,-0.110553832403935,7.73920277328246,1.6485597495489,7.78148807400542,10.5608274516994,0.0692582456015379,0.777044562822202,2.75062091159572e-16
0.27661732579219,-0.00858194349237893,-0.111016469384598,7.77285806567819,1.65560400686623,7.81569323419655,10.5572612199278,0.0695308480467416,0.777041808098601,-1.46529923611416e-16
0.276972875054133,-0.00862149781596157,-0.111480826060853,7.80665714540186,1.66267630181586,7.8500493047132,10.553666549372,0.0698042505898567,0.777039029999225,-1.41596803726607e-16
0.277328424316077,-0.00866121754748514,-0.111946906143575,7.84060058451149,1.66977672202808,7.88455694881998,10.550043239086,0.070078451974802,0.777036228334385,3.25314861854276e-16
0.277683973578021,-0.00870110330036172,-0.112414713314078,7.87468895685373,1.67690535509318,7.91921683271438,10.5463910871418,0.0703534508877115,0.77703340291299,-3.03251347644196e-16
0.278039522839964,-0.00874115568930748,-0.112884251223554,7.9089228380584,1.68406228855671,7.95402962553082,10.5427098906334,0.0706292459561938,0.777030553542547,-2.76471553983804e-17
0.278395072101908,-0.00878137533032731,-0.11335552349229,7.94330280553535,1.69124760991332,7.98899599935368,10.53899944568,0.0709058357485543,0.777027680029148,3.02329775797583e-16
0.278750621363852,-0.00882176284071219,-0.113828533709169,7.97782943848059,1.69846140660372,8.02411662923869,10.5352595474289,0.0711832187731205,0.777024782177461,-4.76290014372882e-16
0.279106170625795,-0.00886231883902185,-0.114303285431012,8.01250331786833,1.70570376600898,8.05939219321542,10.5314899900594,0.0714613934774572,0.777021859790727,2.23454067749262e-16
0.279461719887739,-0.00890304394507224,-0.114779782181806,8.04732502645098,1.71297477544474,8.09482337230519,10.527690566787,0.071740358247598,0.777018912670748,5.87637577487143e-17
0.279817269149683,-0.00894393877993133,-0.115258027452223,8.0822951487631,1.72027452215821,8.13041085053881,10.5238610698663,0.0720201114073526,0.77701594061788,-4.67887447536119e-16
0.280172818411626,-0.00898500396589859,-0.11573802469886,8.11741427111201,1.7276030933214,8.16615531495902,10.5200012905963,0.0723006512174832,0.77701294343103,3.90692252855152e-16
0.28052836767357,-0.00902624012649555,-0.116219777343504,8.15268298158055,1.73496057602607,8.20205745564258,10.5161110193245,0.0725819758749483,0.777009920907636,-3.89770681008539e-17
0.280883916935514,-0.00906764788645871,-0.116703288772634,8.18810187002827,1.7423470572802,8.23811796571377,10.5121900454507,0.072864083512182,0.777006872843673,-3.92535396548377e-16
0.281239466197457,-0.00910922787171746,-0.117188562336584,8.22367152808161,1.74976262400067,8.2743375413483,10.5082381574328,0.0731469721962431,0.777003799033638,3.79904441238921e-16
0.281595015459401,-0.00915098070938693,-0.117675601348842,8.25939254913895,1.75720736300875,8.31071688179826,10.5042551427915,0.0734306399280689,0.777000699270541,-1.37856306231532e-16
0.281950564721345,-0.00919290702775713,-0.118164409085514,8.29526552836824,1.7646813610258,8.34725668940131,10.5002407881149,0.073715084641716,0.7769975733459,-3.03251347644196e-16
0.282306113983289,-0.00923500745627109,-0.118654988784431,8.33129106269849,1.77218470466586,8.38395766958778,10.4961948790648,0.0740003042034988,0.776994421049735,4.62032755804698e-16
0.282661663245232,-0.00927728262551884,-0.119147343644493,8.36746975082557,1.77971748043137,8.42082053090641,10.4921172003818,0.0742862964112445,0.776991242170552,-1.56016692620664e-16
0.283017212507176,-0.00931973316722235,-0.11964147682505,8.40380219320643,1.7872797747081,8.4578459850297,10.488007535891,0.0745730589934924,0.776988036495346,-1.08257586922678e-16
0.28337276176912,-0.00936235971421519,-0.120137391444992,8.44028899205307,1.79487167375769,8.49503474676599,10.4838656685089,0.0748605896086312,0.776984803809587,3.28079577394114e-16
0.283728311031063,-0.0094051629004366,-0.12063509058213,8.47693075133769,1.80249326371378,8.53238753408334,10.4796913802486,0.0751488858441501,0.776981543897209,-4.39589770834248e-16
0.284083860293007,-0.00944814336091226,-0.12113457727248,8.51372807678406,1.8101446305758,8.56990506811261,10.4754844522271,0.075437945215795,0.776978256540613,1.9147010366094e-16
0.284439409554951,-0.00949130173173616,-0.121635854509347,8.55068157586436,1.81782586020183,8.60758807316487,10.4712446646722,0.0757277651667116,0.776974941520646,1.32814766129474e-16
0.284794958816894,-0.00953463865006395,-0.122138925242746,8.5877918578028,1.8255370383049,8.64543727675176,10.4669717969285,0.0760183430666876,0.776971598616602,-5.28548559086683e-16
0.285150508078838,-0.00957815475408962,-0.122643792378569,8.6250595335647,1.83327825044561,8.68345340958795,10.4626656274658,0.0763096762112651,0.776968227606215,3.7735656613358e-16
0.285506057340782,-0.00962185068303044,-0.123150458777695,8.66248521585649,1.84104958202563,8.72163720561335,10.4583259338862,0.0766017618208985,0.776964828265644,1.6750923564901e-17
0.285861606602725,-0.00966572707711807,-0.12365892725542,8.70006951912663,1.84885111828373,8.75998940200909,10.4539524929312,0.0768945970401758,0.776961400369472,-5.13478148889135e-16
0.286217155864669,-0.0097097845775724,-0.124169200580518,8.73781305955373,1.85668294428749,8.798510739201,10.4495450804909,0.0771881789368976,0.776957943690696,5.93925950087559e-16
0.286572705126613,-0.00975402382658943,-0.124681281474394,8.77571645504912,1.86454514492756,8.83720196088541,10.4451034716114,0.0774825045012507,0.776954458000717,-3.79470760369927e-18
0.286928254388557,-0.00979844546732859,-0.125195172610481,8.81378032525435,1.8724378049129,8.87606381404052,10.4406274405031,0.077777570644995,0.776950943069337,-3.78982869392308e-16
0.2872838036505,-0.00984305014388603,-0.125710876613231,8.85200529152989,1.88036100876224,8.91509704893258,10.4361167605505,0.0780733742005287,0.776947398664749,5.64869331864948e-16
0.287639352912444,-0.00988783850128401,-0.126228396057316,8.89039197695905,1.88831484079871,8.95430241914343,10.4315712043205,0.0783699119200683,0.776943824553526,-1.97704266152732e-16
0.287994902174388,-0.00993281118545407,-0.126747733466951,8.92894100634192,1.89629938514423,8.9936806815775,10.4269905435715,0.0786671804747978,0.776940220500623,-2.04101058970396e-16
0.288350451436331,-0.00997796884321101,-0.127268891314847,8.96765300618595,1.90431472571091,9.03323259647271,10.4223745492638,0.0789651764539297,0.776936586269358,4.1438207032396e-16
0.288706000698275,-0.010023312122243,-0.127791872021464,9.00652860470993,1.91236094619608,9.07295892742698,10.4177229915687,0.0792638963638882,0.776932921621412,-3.8890331927055e-16
0.289061549960219,-0.0100688416710902,-0.12831667795423,9.04556843183452,1.92043813007559,9.11286044140215,10.4130356398789,0.079563336627417,0.77692922631682,1.32814766129474e-16
0.289417099222162,-0.0101145581391203,-0.128843311426481,9.08477311917567,1.92854636059535,9.15293790874058,10.4083122628193,0.0798634935826447,0.776925500113963,2.84115179299826e-16
0.289772648484106,-0.0101604621765189,-0.129371774696765,9.12414330004734,1.93668572076677,9.19319210318842,10.4035526282571,0.0801643634822675,0.776921742769558,-5.43402128849735e-16
0.29012819774605,-0.0102065544342629,-0.129902069967935,9.16367960944933,1.94485629335871,9.23362380189825,10.3987565033131,0.080465942492613,0.776917954038659,3.51769394862922e-16
0.290483747007993,-0.0102528355640996,-0.130434199386105,9.20338268406383,1.95305816088961,9.27423378545111,10.3939236543733,0.0807682266927205,0.776914133674638,1.88922228555599e-16
0.290839296269937,-0.0102993062185345,-0.130968165039983,9.24325316225586,1.96129140562283,9.3150228378753,10.3890538470997,0.0810712120735133,0.776910281429186,-5.88559149333756e-16
0.291194845531881,-0.0103459670508017,-0.131503968959841,9.28329168405934,1.96955610955757,9.3559917466495,10.384146846443,0.0813748945368241,0.776906397052309,5.34565881143978e-16
0.291550394793824,-0.0103928187148453,-0.132041613116509,9.32349889117657,1.97785235442166,9.39714130272916,10.3792024166548,0.0816792698944969,0.776902480292305,-1.05709711817337e-17
0.291905944055768,-0.010439861865305,-0.132581099420697,9.36387542697547,1.98618022166639,9.43847230056045,10.3742203212991,0.0819843338675334,0.776898530895775,-6.26289384936252e-16
0.292261493317712,-0.0104870971574838,-0.133122429721868,9.4044219364754,1.99453979245682,9.4799855380855,10.3692003232667,0.0822900820850991,0.776894548607609,6.5518337283299e-16
0.292617042579655,-0.010534525247332,-0.13366560580729,9.44513906634866,2.00293114766515,9.52168181677163,10.3641421847871,0.0825965100836403,0.776890533170972,-1.22189584839116e-16
0.292972591841599,-0.0105821467914281,-0.134210629401288,9.48602746491388,2.01135436786473,9.56356194162017,10.3590456674422,0.0829036133059977,0.776886484327308,-3.38542128358599e-16
0.293328141103543,-0.0106299624469471,-0.134757502164071,9.52708778212337,2.01980953332012,9.60562672117632,10.3539105321808,0.0832113871004078,0.77688240181633,5.95931724106658e-16
0.293683690365487,-0.0106779728716452,-0.135306225690831,9.56832066956501,2.028296723981,9.64787696755812,10.3487365393322,0.0835198267196296,0.776878285376005,-4.6447221069279e-16
0.29403923962743,-0.0107261787238362,-0.135856801510909,9.60972678045213,2.03681601947504,9.69031349646148,10.3435234486203,0.0838289273200217,0.776874134742562,2.17382535583344e-17
0.294394788889374,-0.0107745806623608,-0.136409231086581,9.6513067696132,2.04536749909809,9.73293712717599,10.3382710191793,0.0841386839605482,0.776869949650471,4.94721451305136e-16
0.294750338151318,-0.0108231793465717,-0.136963515812231,9.69306129349316,2.05395124180852,9.77574868261101,10.332979009568,0.0844490916019141,0.776865729832442,-6.12899488106056e-16
0.295105887413261,-0.010871975436305,-0.137519657013382,9.7349910101399,2.06256732621873,9.81874898929872,10.3276471777857,0.0847601451056006,0.776861475019427,3.42824726939917e-16
0.295461436675205,-0.0109209695918514,-0.138077655945486,9.77709657919709,2.07121583058582,9.86193887741593,10.3222752812884,0.0850718392328868,0.776857184940595,2.50667542278649e-16
0.295816985937149,-0.0109701624739412,-0.13863751379315,9.81937866190369,2.07989683280609,9.90531918080574,10.3168630770039,0.085384168643987,0.776852859323341,-6.41305585025176e-16
0.296172535199092,-0.0110195547437102,-0.13919923166902,9.86183792107794,2.08861041040525,9.94889073698048,10.3114103213494,0.0856971278970464,0.776848497893277,6.69820102161545e-16
0.296528084461036,-0.0110691470626744,-0.139762810612614,9.90447502111336,2.0973566405298,9.99265438714866,10.3059167702484,0.0860107114471885,0.776844100374216,2.69966340948891e-17
0.29688363372298,-0.0111189400927123,-0.140328251589555,9.94729062797534,2.10613559994125,10.0366109762314,10.3003821791464,0.0863249136456393,0.776839666488178,-7.22078646875346e-16
0.297239182984923,-0.0111689344960278,-0.140895555490335,9.9902854091841,2.11494736500538,10.0807613528673,10.2948063030309,0.0866397287386994,0.77683519595538,7.9959910220806e-16
0.297594732246867,-0.0112191309351273,-0.141464723129206,10.0334600338131,2.12379201168441,10.1251063694427,10.2891888964478,0.086955150866816,0.776830688494222,1.86482773667507e-17
0.297950281508811,-0.011269530072798,-0.142035755243365,10.076815172482,2.13266961553039,10.1696468821029,10.2835297135196,0.0872711740636827,0.776826143821294,-3.99962181429903e-16
0.298305830770755,-0.0113201325720702,-0.142608652491651,10.1203514973403,2.14158025167418,10.214383750761,10.2778285079656,0.0875877922552069,0.776821561651364,1.03443729276842e-15
0.298661380032698,-0.0113709390961957,-0.143183415453487,10.1640696820666,2.15052399481808,10.2593178391291,10.2720850331197,0.0879049992586001,0.776816941697362,-2.84169389408451e-16
0.299016929294642,-0.0114219503086215,-0.143760044627988,10.2079704018584,2.15950091922829,10.3044500147248,10.2662990419501,0.0882227887814492,0.776812283670398,-1.16985414411186e-16
0.299372478556586,-0.0114731668729519,-0.144338540432603,10.2520543334167,2.16851109872377,10.3497811488861,10.2604702870801,0.0885411544206883,0.776807587279734,6.82071586710631e-16
0.299728027818529,-0.0115245894529287,-0.144918903202146,10.2963221549463,2.17755460666952,10.3953121168003,10.2545985208072,0.0888600896617102,0.776802852232785,-6.07695317678125e-16
0.300083577080473,-0.0115762187123989,-0.145501133187762,10.3407745461409,2.18663151596761,10.4410437975081,10.2486834951243,0.0891795878774001,0.776798078235124,2.91975645050346e-16
0.300439126342417,-0.0116280553152785,-0.146085230555564,10.3854121881711,2.1957418990464,10.4869770739241,10.2427249617414,0.0894996423271261,0.77679326499046,4.11454724458249e-16
0.30079467560436,-0.0116800999255331,-0.146671195385734,10.4302357636835,2.20488582785424,10.5331128328626,10.236722672106,0.0898202461558655,0.776788412200642,-8.5868812060852e-16
0.301150224866304,-0.0117323532071394,-0.147259027671341,10.4752459567818,2.21406337384901,10.5794519650399,10.2306763774253,0.0901413923932019,0.77678351956566,7.50267903359969e-16
0.301505774128248,-0.0117848158240524,-0.147848727316998,10.5204434530196,2.22327460798807,10.6259953651016,10.2245858286895,0.0904630739523462,0.77677858678362,1.26743233963555e-16
0.301861323390191,-0.0118374884401836,-0.14844029413801,10.5658289393952,2.23251960072185,10.672743931642,10.2184507766927,0.0907852836292645,0.77677361355076,-7.64362531602281e-16
0.302216872652135,-0.0118903717193591,-0.149033727859036,10.6114031043324,2.24179842198226,10.7196985672084,10.2122709720575,0.0911080141016505,0.776768599561438,9.872744982653e-16
0.302572421914079,-0.0119434663252885,-0.14962902811282,10.6571666376752,2.2511111411735,10.7668601783326,10.2060461652585,0.0914312579279813,0.776763544508117,5.20417042793042e-18
0.302927971176022,-0.0119967729215408,-0.1502261944393,10.7031202306792,2.26045782716495,10.8142296755447,10.1997761066447,0.0917550075466331,0.776758448081377,-5.65519853168439e-16
0.303283520437966,-0.0120502921714994,-0.150825226284191,10.7492645759928,2.26983854827911,10.8618079733806,10.1934605464658,0.0920792552748494,0.776753309969904,1.06381917164278e-15
0.30363906969991,-0.0121040247383339,-0.151426122997769,10.7956003676529,2.27925337228303,10.9095959904157,10.1870992348963,0.0924039933078267,0.776748129860475,-2.16406753628107e-16
0.303994618961854,-0.0121579712849704,-0.152028883833918,10.8421283010731,2.28870236638028,10.9575946492732,10.1806919220599,0.0927292137178115,0.776742907437972,-1.95915332568131e-16
0.304350168223797,-0.0122121324740467,-0.152633507948641,10.8888490730255,2.29818559719871,11.0058048766377,10.1742383580566,0.0930549084530772,0.776737642385367,9.32739128989279e-16
0.304705717485741,-0.0122665089678854,-0.153239994398938,10.9357633816375,2.30770313078252,11.0542276032872,10.1677382929879,0.0933810693370409,0.776732334383715,-5.49473661015654e-16
0.305061266747685,-0.0123211014284586,-0.15384834214173,10.9828719263756,2.31725503258303,11.1028637640981,10.1611914769832,0.0937076880673343,0.776726983112163,2.71267383555873e-16
0.305416816009628,-0.0123759105173438,-0.154458550032339,11.0301754080299,2.32684136744653,11.1517142980654,10.154597660228,0.0940347562148019,0.776721588247931,6.80336863234654e-16
0.305772365271572,-0.0124309368956981,-0.155070616823466,11.0776745287102,2.33646219960703,11.2007801483308,10.1479565929896,0.0943622652226481,0.776716149466318,-9.64723093077602e-16
0.306127914533516,-0.0124861812242165,-0.155684541163946,11.1253699918261,2.34611759267543,11.2500622621864,10.1412680256462,0.0946902064054775,0.776710666440702,6.57893878264204e-16
0.306483463795459,-0.0125416441630899,-0.156300321597254,11.1732625020745,2.35580760962806,11.2995615911012,10.1345317087152,0.0950185709483292,0.776705138842521,3.21682784576449e-16
0.306839013057403,-0.0125973263719791,-0.156917956560546,11.2213527654337,2.3655323127996,11.3492790907442,10.1277473928811,0.0953473499058438,0.776699566341284,-9.64939933512099e-16
0.307194562319347,-0.0126532285099673,-0.15753744438325,11.2696414891414,2.37529176387087,11.3992157209878,10.1209148290255,0.0956765342012809,0.77669394860457,1.05124242644195e-15
0.30755011158129,-0.0127093512355207,-0.158158783285637,11.3181293816844,2.3850860238583,11.4493724459407,10.1140337682571,0.0960061146255988,0.776688285298005,2.08492077768963e-16
0.307905660843234,-0.0127656952064604,-0.158781971377854,11.3668171527905,2.3949151531064,11.4997502339643,10.1071039619402,0.0963360818366254,0.776682576085284,-7.07984018633034e-16
0.308261210105178,-0.0128222610799111,-0.159407006658409,11.4157055134046,2.40477921127485,11.5503500576791,10.1001251617274,0.0966664263580745,0.776676820628158,1.35221694952392e-15
0.308616759367122,-0.0128790495122642,-0.160033887012808,11.4647951756816,2.41467825732866,11.6011728940008,10.0930971195897,0.0969971385786676,0.776671018586419,-9.73613550891983e-17
0.308972308629065,-0.0129360611591452,-0.160662610212536,11.5140868529733,2.42461234952991,11.6522197241507,10.086019587847,0.0973282087513,0.776665169617925,-4.47667077019265e-16
0.309327857891009,-0.0129932966753612,-0.16129317391347,11.5635812598062,2.43458154542448,11.7034915336675,10.0788923192024,0.0976596269920725,0.776659273378574,1.15380795195907e-15
0.309683407152953,-0.0130507567148659,-0.1619255756546,11.6132791118749,2.44458590183304,11.7549893124432,10.0717150667726,0.0979913832794556,0.776653329522308,-5.00467722819309e-16
0.310038956414896,-0.0131084419307215,-0.162559812856913,11.6631811260249,2.45462547484158,11.8067140547289,10.0644875841216,0.0983234674534453,0.776647337701124,1.43656787854329e-16
0.31039450567684,-0.0131663529750455,-0.16319588282175,11.7132880202326,2.46470031978817,11.8586667591538,10.0572096252948,0.0986558692146189,0.776641297565054,9.02273047942437e-16
0.310750054938784,-0.0132244904989784,-0.163833782729651,11.7636005135982,2.47481049125477,11.9108484287576,10.0498809448515,0.098988578123348,0.776635208762172,-8.92515228390067e-16
0.311105604200727,-0.0132828551526381,-0.164473509639076,11.8141193263249,2.48495604305623,11.9632600709938,10.0425012979,0.0993215835989337,0.7766290709386,6.56159154788227e-16
0.311461153462671,-0.0133414475850686,-0.165115060484767,11.8648451797012,2.49513702822756,12.0159026977563,10.0350704401331,0.0996548749187056,0.776622883738493,4.89950961746199e-16
0.311816702724615,-0.0134002684442081,-0.165758432076689,11.9157787960933,2.50535349901627,12.068777325406,10.0275881278619,0.0999884412172743,0.776616646804045,-1.07390225184689e-15
0.312172251986558,-0.0134593183768369,-0.166403621098572,11.9669208989201,2.51560550686979,12.1218849747743,10.0200541180524,0.100322271485651,0.776610359775495,1.17570883584328e-15
0.312527801248502,-0.0135185980285285,-0.167050624106336,12.0182722126391,2.5258931024237,12.1752266711959,10.0124681683625,0.100656354570402,0.77660402229111,2.23020386880268e-16
0.312883350510446,-0.0135781080436165,-0.167699437527061,12.069833462736,2.53621633549394,12.2288034445289,10.0048300371769,0.100990679172925,0.776597633987201,-9.274265383441e-16
0.313238899772389,-0.0136378490651372,-0.168350057657391,12.1216053756983,2.54657525506316,12.2826163291604,9.99713948364611,0.101325233848574,0.776591194498119,1.39851238228905e-15
0.313594449034333,-0.0136978217347837,-0.169002480662041,12.1735886790031,2.55696990927002,12.336666364044,9.98939626772349,0.101660007005868,0.776584703456243,4.22838847269347e-18
0.313949998296277,-0.0137580266928689,-0.169656702572727,12.2257841011035,2.56740034540055,12.3909545927132,9.98160015020253,0.101994986905783,0.776578160491997,-5.37113756249319e-16
0.31430554755822,-0.013818464578266,-0.170312719286502,12.278192371402,2.57786660987433,12.4454820632917,9.97375089275711,0.102330161660897,0.776571565233847,1.43927838397451e-15
0.314661096820164,-0.013879136028364,-0.170970526564334,12.3308142202402,2.58836874823442,12.5002498285323,9.96584825797977,0.102665519234657,0.776564917308285,-4.29452480521508e-16
0.315016646082108,-0.0139400416790268,-0.171630120029969,12.3836503788803,2.59890680513784,12.5552589458243,9.95789200942071,0.103001047440678,0.776558216339858,-4.93311988480905e-17
0.315372195344052,-0.0140011821645309,-0.172291495168197,12.4367015794807,2.60948082434162,12.6105104772114,9.94988191162953,0.103336733941922,0.776551461951148,1.14578485588268e-15
0.315727744605995,-0.0140625581175247,-0.172954647323566,12.4899685550854,2.62009084869372,12.6660054894278,9.94181773019432,0.103672566250025,0.776544653762775,-8.25077853261469e-16
0.316083293867939,-0.0141241701689801,-0.173619571699095,12.5434520396022,2.63073692012207,12.721745053902,9.93369923178299,0.1040085317246,0.776537791393416,6.33174068731535e-16
0.316438843129883,-0.0141860189481308,-0.174286263354528,12.5971527677795,2.64141907962099,12.7777302467832,9.92552618418594,0.104344617572456,0.776530874459784,6.64290671081869e-16
0.316794392391826,-0.0142481050824338,-0.174954717205176,12.6510714751962,2.65213736724291,12.8339621489715,9.91729835635632,0.104680810847001,0.776523902576641,-1.07249278902266e-15
0.31714994165377,-0.014310429197513,-0.175624928020444,12.7052088982353,2.66289182208582,12.8904418461212,9.90901551845357,0.105017098447524,0.77651687535681,1.11781243983256e-15
0.317505490915714,-0.0143729919170996,-0.176296890422146,12.759565774064,2.67368248228057,12.9471704286742,9.90067744188693,0.105353467118493,0.776509792411155,2.69966340948891e-16
0.317861040177657,-0.0144357938629942,-0.176970598883401,12.8141428406217,2.6845093849828,13.0041489918836,9.89228389935703,0.105689903448999,0.776502653348604,-1.01329535040495e-15
0.318216589439601,-0.0144988356550027,-0.177646047727017,12.8689408365905,2.69537256635916,13.0613786358188,9.88383466490151,0.106026393872052,0.776495457776146,1.57447839488345e-15
0.318572138701545,-0.014562117910881,-0.178323231123881,12.9239605013787,2.70627206157575,13.118860465404,9.87532951393923,0.106362924663952,0.776488205298825,1.85615411929518e-16
0.318927687963488,-0.0146256412462933,-0.179002143091858,12.9792025751053,2.71720790478948,13.1765955904347,9.86676822331362,0.106699481943764,0.77648089551976,-5.83626029448947e-16
0.319283237225432,-0.0146894062747449,-0.179682777494077,13.0346677985699,2.72818012913392,13.2345851255875,9.85815057133988,0.107036051672651,0.776473528040138,1.67227343084164e-15
0.319638786487376,-0.0147534136075286,-0.180365128037413,13.0903569132377,2.73918876670854,13.2928301904606,9.84947633784999,0.107372619653312,0.776466102459216,-1.81929124543068e-16
0.31999433574932,-0.0148176638536793,-0.181049188271334,13.1462706612205,2.75023384856939,13.3513319095841,9.84074530423807,0.107709171529491,0.776458618374337,-6.81963166493382e-17
0.320349885011263,-0.0148821576199041,-0.181734951586115,13.2024097852471,2.76131540471472,13.4100914124366,9.83195725350886,0.108045692785347,0.776451075380926,1.25767452008319e-15
0.320705434273207,-0.0149468955105315,-0.182422411211458,13.2587750286491,2.77243346407531,13.4691098334842,9.82311197032356,0.108382168744979,0.77644347307249,-5.80481843148739e-16
0.321060983535151,-0.0150118781274601,-0.183111560215212,13.3153671353383,2.78358805450388,13.5283883121867,9.8142092410473,0.108718584571948,0.776435811040642,5.90456503135606e-16
0.321416532797094,-0.0150771060700869,-0.183802391501571,13.3721868497779,2.79477920276104,13.5879279930219,9.80524885379868,0.109054925268709,0.776428088875085,9.35449634420493e-16
0.321772082059038,-0.0151425799352609,-0.18449489780983,13.4292349169698,2.80600693450661,13.6477300255203,9.79623059849651,0.109391175676221,0.776420306163628,-8.69530142333375e-16
0.322127631320982,-0.0152083003172228,-0.185189071712939,13.4865120824259,2.81727127428748,13.7077955642692,9.78715426690951,0.109727320473474,0.776412462492199,1.08029904466456e-15
0.322483180582925,-0.0152742678075345,-0.185884905615746,13.5440190921436,2.82857224552441,13.7681257689451,9.77801965270657,0.110063344177007,0.776404557444833,3.87277016011822e-16
0.322838729844869,-0.0153404829950353,-0.186582391753847,13.6017566925913,2.83990987050387,13.828721804342,9.76882655150461,0.110399231140584,0.776396590603698,-9.21138165743685e-16
0.323194279106813,-0.0154069464657724,-0.187281522191983,13.6597256306764,2.85128417036458,13.8895848403757,9.75957476092039,0.110734965554748,0.776388561549092,1.43179738898436e-15
0.323549828368756,-0.0154736588029341,-0.187982288822366,13.7179266537236,2.86269516508549,13.9507160521232,9.75026408062127,0.111070531446423,0.776380469859445,2.55438031837585e-16
0.3239053776307,-0.0155406205868044,-0.188684683363559,13.7763605094578,2.87414287347742,14.0121166198435,9.74089431237465,0.111405912678655,0.776372315111341,-6.56809676091719e-16
0.324260926892644,-0.015607832394688,-0.189388697358771,13.8350279459708,2.88562731316899,14.073787728985,9.73146526010126,0.1117410929502,0.776364096879519,1.60526973658204e-15
0.324616476154587,-0.0156752948008466,-0.190094322174276,13.8939297117012,2.89714850059569,14.1357305702295,9.72197672992668,0.112076055795227,0.776355814736871,7.61109925084824e-17
0.324972025416531,-0.0157430083764494,-0.19080154899827,13.9530665554147,2.90870645099087,14.1979463395047,9.71242853023234,0.112410784583095,0.77634746825447,-1.10371781159024e-16
0.325327574678475,-0.0158109736894952,-0.1915103688391,14.0124392261697,2.92030117837159,14.2604362379995,9.70282047171022,0.112745262518014,0.776339057001565,1.53132714841853e-15
0.325683123940418,-0.0158791913047517,-0.192220772523807,14.0720484732998,2.93193269552873,14.3232014722062,9.69315236741482,0.113079472638833,0.776330580545591,-4.34765071166687e-16
0.326038673202362,-0.0159476617837003,-0.192932750696905,14.131895046389,2.94360101401707,14.3862432539291,9.68342403281615,0.113413397818866,0.776322038452188,5.04804531509251e-16
0.326394222464306,-0.0160163856844557,-0.193646293818566,14.1919796952389,2.95530614414129,14.4495628003067,9.67363528585535,0.113747020765616,0.776313430285199,1.1596626436905e-15
0.32674977172625,-0.0160853635617101,-0.194361392163335,14.2523031698522,2.96704809494731,14.5131613338514,9.66378594699722,0.114080324020672,0.776304755606685,-6.02382727032946e-16
0.327105320988193,-0.0161545959666694,-0.195078035818749,14.3128662204031,2.97882687421097,14.577040082454,9.65387583928527,0.114413289959568,0.776296013976945,1.08940634291343e-15
0.327460870250137,-0.0162240834469728,-0.195796214683563,14.3736695972069,2.99064248842485,14.6412002794153,9.6439047883979,0.114745900791594,0.776287204954506,5.84601811404184e-16
0.327816419512081,-0.0162938265466407,-0.19651591846659,14.4347140507032,3.00249494279039,14.7056431634792,9.6338726227017,0.11507813855979,0.776278328096151,-6.61363325216158e-16
0.328171968774024,-0.0163638258060019,-0.197237136685163,14.4960003314223,3.01438424120524,14.7703699788366,9.62377917330843,0.115409985140841,0.776269382956933,1.50227053019591e-15
0.328527518035968,-0.0164340817616149,-0.197959858663449,14.5575291899576,3.02631038625137,14.8353819751654,9.61362427413149,0.115741422244995,0.776260369090164,3.37186875642992e-16
0.328883067297912,-0.0165045949462175,-0.198684073531353,14.6193013769473,3.03827337918726,14.9006804076553,9.60340776194026,0.11607243141614,0.776251286047458,-4.44522890719057e-16
0.329238616559855,-0.0165753658886455,-0.199409770222866,14.6813176430377,3.05027321993455,14.9662665370146,9.59312947641867,0.11640299403175,0.776242133378722,1.79327039329102e-15
0.329594165821799,-0.0166463951137583,-0.20013693747449,14.7435787388589,3.06230990706742,15.0321416295151,9.58278926022184,0.116733091302915,0.776232910632171,2.16623594062604e-16
0.329949715083743,-0.0167176831423854,-0.200865563824139,14.806085415003,3.07438343780436,15.0983069570096,9.5723869590318,0.11706270427449,0.776223617354355,-4.83554168928535e-17
0.330305264345687,-0.0167892304912405,-0.201595637609432,14.8688384219868,3.08649380799474,15.1647637969438,9.56192242161709,0.117391813825112,0.776214253090159,1.62825482263873e-15
0.33066081360763,-0.0168610376728509,-0.20232714696624,14.9318385102293,3.09864101210933,15.2315134324034,9.55139549988961,0.117720400667344,0.77620481738282,-1.19479079407903e-16
0.331016362869574,-0.0169331051954991,-0.203060079827537,14.9950864300265,3.11082504323138,15.2985571521241,9.54080604896191,0.118048445347888,0.776195309773947,4.16333634234434e-16
0.331371912131518,-0.0170054335631331,-0.203794423921665,15.0585829315138,3.12304589304345,15.3658962505127,9.53015392720738,0.118375928247685,0.77618572980353,1.19132134712707e-15
0.331727461393461,-0.0170780232753016,-0.204530166771039,15.122328764646,3.13530355181917,15.433532027691,9.51943899631735,0.118702829582185,0.776176077009955,-3.58654078658205e-16
0.332083010655405,-0.0171508748270872,-0.205267295690888,15.1863246791666,3.14759800841319,15.501465789501,9.50866112135996,0.119029129401607,0.776166350930028,1.04278564949656e-15
0.332438559917349,-0.0172239887090157,-0.206005797787542,15.2505714245729,3.15992925024889,15.5696988475366,9.4978201708407,0.119354807591148,0.77615655109898,8.74083791457814e-16
0.332794109179292,-0.0172973654069965,-0.206745659957296,15.3150697500957,3.17229726331103,15.6382325191805,9.48691601675966,0.119679843871367,0.776146677050487,-4.0766001685455e-16
0.333149658441236,-0.0173710054022458,-0.207486868885,15.379820404665,3.1847020321346,15.7070681276085,9.47594853467209,0.120004217798499,0.776136728316697,1.41640171813506e-15
0.33350520770318,-0.0174449091711979,-0.208229411042443,15.4448241368766,3.19714353979377,15.7762070018299,9.46491760374879,0.120327908764786,0.776126704428226,5.05671893247239e-16
0.333860756965123,-0.0175190771854481,-0.208973272687309,15.510081694973,3.20962176789498,15.8456504767162,9.45382310683387,0.120650895998964,0.776116604914197,-1.28369537222284e-16
0.334216306227067,-0.0175935099116665,-0.209718439861654,15.5755938268031,3.22213669656504,15.9153998930078,9.44266493050657,0.120973158566644,0.776106429302247,1.6304232269837e-15
0.334571855489011,-0.0176682078115138,-0.210464898390413,15.6413612797942,3.23468830444154,15.9854565973602,9.43144296514133,0.121294675370773,0.776096177118544,2.35271871429354e-16
0.334927404750954,-0.0177431713415821,-0.21121263388038,15.7073848009285,3.2472765686657,16.055821942365,9.42015710496643,0.121615425152206,0.776085847887815,2.41126563160776e-16
0.335282954012898,-0.0178184009533037,-0.211961631718645,15.7736651367029,3.25990146487054,16.126497286561,9.40880724812636,0.121935386490186,0.776075441133356,1.47212970980082e-15
0.335638503274842,-0.0178938970928699,-0.212711877071215,15.8402030331022,3.27256296717244,16.1974839944838,9.3973932967417,0.12225453780292,0.776064956377053,1.90385901488455e-16
0.335994052536785,-0.0179696602011685,-0.213463354881984,15.9069992355729,3.28526104816361,16.268783436679,9.38591515696866,0.122572857348244,0.77605439313941,6.04767971812414e-16
0.336349601798729,-0.0180456907136884,-0.214216049871154,15.9740544889824,3.29799567890061,16.3403969897214,9.3743727390617,0.122890323224202,0.776043750939559,1.28955006395426e-15
0.336705151060673,-0.0181219890604432,-0.214969946534007,16.0413695375947,3.31076682889719,16.4123260362633,9.36276595743304,0.123206913369749,0.776033029295287,3.14418630020796e-17
0.337060700322617,-0.0181985556659029,-0.215725029139811,16.1089451250396,3.32357446611598,16.4845719650416,9.3510947307132,0.123522605565505,0.776022227723059,1.05991604382183e-15
0.33741624958456,-0.0182753909488946,-0.216481281730258,16.1767819942731,3.33641855695787,16.5571361709078,9.33935898181353,0.123837377434433,0.776011345738032,7.86046575051991e-16
0.337771798846504,-0.0183524953225341,-0.217238688118411,16.2448808875549,3.3492990662559,16.63002005487,9.3275586379852,0.124151206442688,0.776000382854085,1.77592315853126e-16
0.338127348108448,-0.0184298691941464,-0.21799723188749,16.3132425464123,3.36221595726612,16.703225024098,9.31569363088093,0.124464069900436,0.775989338583839,1.41033018596914e-15
0.338482897370391,-0.018507512965168,-0.218756896389405,16.3818677116035,3.37516919165827,16.7767524919628,9.30376389661672,0.124775944962667,0.775978212438676,4.74446870679657e-16
0.338838446632335,-0.0185854270310829,-0.219517664743821,16.4507571230953,3.38815872951029,16.850603878071,9.29176937583079,0.125086808630162,0.775967003928774,2.93385107874577e-16
0.339193995894279,-0.0186636117813329,-0.220279519836847,16.5199115200227,3.40118452929859,16.9247806082703,9.27971001374591,0.125396637750401,0.775955712563116,1.44133836810223e-15
0.339549545156222,-0.0187420675992235,-0.221042444319702,16.5893316406552,3.41424654789026,16.9992841146972,9.2675857602303,0.125705409018505,0.775944337849523,4.17200995972422e-16
0.339905094418166,-0.0188207948618603,-0.22180642060783,16.659018222373,3.42734474053767,17.0741158358024,9.25539656985658,0.126013098978323,0.775932879294682,7.05381933419069e-16
0.34026064368011,-0.0188997939400528,-0.222571430879557,16.7289720016249,3.44047906086883,17.1492772163602,9.24314240196427,0.126319684023433,0.775921336404162,1.33812232128161e-15
0.340616192942053,-0.0189790651982233,-0.223337457074887,16.7991937138965,3.45364946088095,17.2247697075214,9.23082322071969,0.126625140398223,0.775909708682446,3.89879101225787e-16
0.340971742203997,-0.0190586089943417,-0.224104480894629,16.8696840936843,3.46685589093478,17.3005947668295,9.21843899517511,0.126929444199084,0.775897995632959,1.0547118733939e-15
0.341327291465941,-0.019138425679824,-0.224872483799064,16.9404438744522,3.48009829974564,17.3767538582381,9.20598969933088,0.127232571375519,0.775886196758087,1.07162542728467e-15
0.341682840727885,-0.0192185155994465,-0.22564144700688,17.011473788603,3.49337663437815,17.4532484521641,9.19347531219426,0.127534497731367,0.77587431155921,5.4448633102222e-16
0.342038389989828,-0.0192988790912755,-0.226411351494278,17.0827745674481,3.50669084024018,17.5300800254958,9.18089581783885,0.127835198926091,0.77586233953673,1.3314002678122e-15
0.342393939251772,-0.0193795164865613,-0.227182177993675,17.1543469411645,3.52004086107487,17.6072500616225,9.16825120546583,0.128134650476009,0.775850280190094,8.55218673656566e-16
0.342749488513716,-0.0194604281096612,-0.227953906992802,17.2261916387694,3.53342663895644,17.684760050481,9.15554146946173,0.128432827755662,0.77583813301783,7.3747431772464e-16
0.343105037775659,-0.0195416142779585,-0.228726518733743,17.298309388084,3.54684811428365,17.7626114885616,9.14276660945806,0.12872970599919,0.775825897517567,1.28933322351976e-15
0.343460587037603,-0.0196230753017574,-0.229499993211727,17.3707009156935,3.56030522577318,17.8408058789475,9.12992663039121,0.129025260301697,0.775813573186071,6.07153216591882e-16
0.343816136299547,-0.0197048114842111,-0.230274310174364,17.4433669469224,3.57379791045618,17.9193447313538,9.11702154255924,0.129319465620758,0.775801159519276,1.18134668714021e-15
0.34417168556149,-0.0197868231212318,-0.231049449120619,17.516308205794,3.58732610367146,17.998229562133,9.10405136168145,0.129612296777887,0.775788656012304,1.24032728532342e-15
0.344527234823434,-0.0198691105013871,-0.231825389299736,17.5895254149935,3.60088973906046,18.0774618943237,9.09101610895662,0.12990372846004,0.775776062159509,5.28440138869435e-16
0.344882784085378,-0.0199516739058317,-0.232602109710555,17.6630192958423,3.61448874856407,18.1570432576806,9.07791581111895,0.130193735221255,0.775763377454503,1.51332939235527e-15
0.345238333347321,-0.020034513608209,-0.233379589100465,17.7367905682556,3.62812306241607,18.2369751886829,9.06475050049709,0.130482291484216,0.775750601390177,9.33281230075522e-16
0.345593882609265,-0.0201176298745511,-0.234157805964476,17.8108399507071,3.64179260913966,18.3172592305894,9.05152021507049,0.130769371541911,0.775737733458757,5.75494513155306e-16
0.345949431871209,-0.0202010229632103,-0.234936738544564,17.8851681602028,3.65549731554413,18.3978969334589,9.03822499852479,0.13105494955937,0.775724773151814,1.83338587367299e-15
0.346304981133152,-0.0202846931247548,-0.235716364828666,17.9597759122358,3.66923710671924,18.4788898541658,9.02486490030949,0.131338999575366,0.775711719960304,6.52906548270771e-16
0.346660530395096,-0.0203686406018735,-0.236496662549887,18.0346639207556,3.68301190603293,18.5602395564569,9.01143997569258,0.131621495504196,0.775698573374612,9.46725337014342e-16
0.34701607965704,-0.020452865629305,-0.237277609185851,18.109832898137,3.69682163512789,18.6419476109632,8.99795028581517,0.131902411137545,0.775685332884571,1.71737624121704e-15
0.347371628918983,-0.020537368433727,-0.23805918195777,18.1852835551363,3.71066621391716,18.7240155952267,8.9843958977475,0.132181720146296,0.7756719979795,4.18718879013902e-16
0.347727178180927,-0.0206221492336705,-0.238841357829784,18.2610166008625,3.72454556058283,18.8064450937527,8.97077688454164,0.132459396082466,0.775658568148254,1.61004022614097e-15
0.348082727442871,-0.0207072082394401,-0.239624113508313,18.3370327427424,3.73845959157252,18.8892376980172,8.95709332528534,0.132735412381164,0.775645042879232,1.49403059368503e-15
0.348438276704815,-0.0207925456530018,-0.24040742544121,18.4133326864784,3.75240822159654,18.9723950065049,8.94334530515592,0.133009742362535,0.775631421660438,2.9772191656452e-16
0.348793825966758,-0.0208781616679056,-0.24119126981725,18.4899171360214,3.76639136362722,19.0559186247542,8.92953291547106,0.133282359233836,0.775617703979509,2.22001236838132e-15
0.349149375228702,-0.0209640564691952,-0.241975622565447,18.566786793532,3.78040892889558,19.1398101653628,8.91565625374161,0.133553236091494,0.775603889323738,1.13147338720587e-15
0.349504924490646,-0.0210502302332977,-0.242760459354361,18.6439423593401,3.79446082689017,19.2240712480365,8.90171542372294,0.133822345923188,0.775589977180137,4.04190569902596e-16
0.349860473752589,-0.0211366831279515,-0.243545755591661,18.7213845319196,3.80854696535667,19.3087034996245,8.88771053546402,0.134089661610052,0.77557596703546,2.74216413465034e-15
0.350216023014533,-0.0212234153121066,-0.244331486423472,18.7991140078451,3.82266725029522,19.3937085541273,8.87364170535866,0.134355155928838,0.775561858376226,3.4109000346394e-16
0.350571572276477,-0.0213104269358185,-0.245117626733823,18.8771314817555,3.83682158596079,19.4790880527533,8.85950905619412,0.134618801554143,0.7755476506888,5.40366362766775e-16
0.35092712153842,-0.021397718140177,-0.245904151144262,18.955437646327,3.85100987486292,19.5648436439444,8.8453127171986,0.134880571060723,0.775533343459388,2.8796409701215e-15
0.351282670800364,-0.0214852890572005,-0.246691034013274,19.0340331922286,3.8652320177641,19.6509769833889,8.83105282409026,0.135140436925774,0.775518936174094,-5.85469173142172e-17
0.351638220062308,-0.0215731398097347,-0.247478249435858,19.1129188080885,3.8794879136815,19.737489734083,8.8167295191231,0.135398371531296,0.775504428318976,1.23859256184744e-15
0.351993769324251,-0.0216612705113796,-0.248265771243186,19.1920951804647,3.89377745988668,19.8243835663459,8.80234295113276,0.13565434716651,0.775489819380058,2.60425361831018e-15
0.352349318586195,-0.0217496812663788,-0.249053573002111,19.2715629938005,3.90810055190562,19.9116601578437,8.78789327558282,0.13590833603027,0.775475108843381,-3.0140820395097e-16
0.352704867848139,-0.0218383721695256,-0.249841628014878,19.3513229303937,3.92245708352121,19.9993211936484,8.77338065460801,0.136160310233547,0.775460296195069,2.29330443524134e-15
0.353060417110083,-0.0219273433060851,-0.250629909318809,19.4313756703638,3.9368469467733,20.0873683662459,8.758805257058,0.136410241801962,0.775445380921321,1.90104008923608e-15
0.353415966372026,-0.0220165947516791,-0.251418389685938,19.5117218916087,3.95127003196051,20.1758033755733,8.74416725854069,0.136658102678308,0.775430362508501,-2.26381413614973e-16
0.35377151563397,-0.0221061265722025,-0.252207041622829,19.5923622697765,3.96572622764316,20.2646279290699,8.72946684146264,0.136903864725174,0.775415240443161,3.28621678480356e-15
0.354127064895914,-0.022195938823736,-0.252995837370302,19.6732974782285,3.98021542064398,20.353843741683,8.71470419507068,0.137147499727567,0.775400014212067,1.07162542728467e-15
0.354482614157857,-0.0222860315524311,-0.253784748903211,19.7545281879983,3.99473749605174,20.4434525359165,8.69987951549176,0.137388979395567,0.775384683302282,3.62990887348147e-16
0.354838163419801,-0.0223764047944349,-0.254573747930345,19.8360550677657,4.00929233722433,20.5334560418726,8.68499300577068,0.137628275367062,0.775369247201179,4.09221267982929e-15
0.355193712681745,-0.0224670585757917,-0.255362805894219,19.9178787838154,4.02387982579058,20.6238559972584,8.67004487590912,0.137865359210477,0.77535370539648,-1.11022302462516e-16
0.355549261943688,-0.0225579929123332,-0.256151893971005,20,4.03849984165549,20.7146541474446,8.65503534290176,0.138100202427548,0.775338057376345,4.76615275024628e-16
