ISO-10303-21;
HEADER;
FILE_DESCRIPTION (( 'STEP AP203' ),
    '1' );
FILE_NAME ('Parça 214 - M4x20.step',
    '2026-05-26T12:16:58',
    ( '' ),
    ( '' ),
    'SwSTEP 2.0',
    'SolidWorks 2024',
    '' );
FILE_SCHEMA (( 'CONFIG_CONTROL_DESIGN' ));
ENDSEC;

DATA;
#1 = CARTESIAN_POINT ( 'NONE',  ( -2.496634822799524311, -8.854968590311981913, 1.068736389347415772 ) ) ;
#2 = CARTESIAN_POINT ( 'NONE',  ( -1.758442677127334264, 6.451964867081122712, -0.7295695355068715360 ) ) ;
#3 = CARTESIAN_POINT ( 'NONE',  ( 1.242982926273936251, 0.8894648670811251545, 1.244429921367732561 ) ) ;
#4 =( BOUNDED_CURVE ( )  B_SPLINE_CURVE ( 2, ( #309, #3673, #2968, #695, #1285, #2606, #1626, #2000, #933, #2236, #3950 ),
 .UNSPECIFIED., .F., .F. ) 
 B_SPLINE_CURVE_WITH_KNOTS ( ( 3, 2, 2, 2, 2, 3 ),
 ( 0.5000655544826304588, 0.5059523809523809312, 0.5119047619047618625, 0.5178571428571427937, 0.5238095238095237249, 0.5238750782921541838 ),
 .UNSPECIFIED. ) 
 CURVE ( )  GEOMETRIC_REPRESENTATION_ITEM ( )  RATIONAL_B_SPLINE_CURVE ( ( 0.9983418125108547425, 0.9247178588724069837, 1.000000000000000000, 0.9238795325112867385, 1.000000000000000000, 0.9238795325112867385, 1.000000000000000000, 0.9238795325112867385, 1.000000000000000000, 0.9991616736388797548, 0.9983418125108547425 ) ) 
 REPRESENTATION_ITEM ( '' )  );
#5 = AXIS2_PLACEMENT_3D ( 'NONE', #2455, #3801, #2730 ) ;
#6 = CARTESIAN_POINT ( 'NONE',  ( -1.244429921367731229, -1.360535132918875068, 1.242982926273935806 ) ) ;
#7 = CARTESIAN_POINT ( 'NONE',  ( -2.249999999999998224, -4.769613470544322276, 1.540766712299831859E-15 ) ) ;
#8 = CARTESIAN_POINT ( 'NONE',  ( -1.759290307228591477, -10.42303513291887640, 0.7275231754205363499 ) ) ;
#9 = CARTESIAN_POINT ( 'NONE',  ( -1.796364270545708575, 8.071398324474227337, 1.751708748875781652 ) ) ;
#10 = CARTESIAN_POINT ( 'NONE',  ( -2.250000000000001332, 12.00000000000000000, 0.000000000000000000 ) ) ;
#11 = CARTESIAN_POINT ( 'NONE',  ( -0.7275231754205345736, -10.67303513291887640, -1.759290307228593475 ) ) ;
#12 = VECTOR ( 'NONE', #530, 1000.000000000000000 ) ;
#13 = CARTESIAN_POINT ( 'NONE',  ( -1.244429921367729674, -11.36053513291887462, 1.242982926273935806 ) ) ;
#14 = CARTESIAN_POINT ( 'NONE',  ( -2.249999999999993783, -4.201329582214889946, -5.604086460562884364E-15 ) ) ;
#15 = EDGE_CURVE ( 'NONE', #2644, #2050, #1202, .T. ) ;
#16 = CARTESIAN_POINT ( 'NONE',  ( 2.495787192698267098, -3.616101675525772663, 1.070782749433754732 ) ) ;
#17 = CARTESIAN_POINT ( 'NONE',  ( 0.9529664928947866320, 1.484757608502734971, -2.241192214958859896 ) ) ;
#18 = ORIENTED_EDGE ( 'NONE', *, *, #4042, .T. ) ;
#19 = EDGE_CURVE ( 'NONE', #2452, #2847, #3725, .T. ) ;
#20 = CARTESIAN_POINT ( 'NONE',  ( 2.521098161556404094, -1.479968590311979693, 1.009676665139636276 ) ) ;
#21 = CARTESIAN_POINT ( 'NONE',  ( 1.068736389347417548, 3.395031409688019419, 2.496634822799524756 ) ) ;
#22 = CARTESIAN_POINT ( 'NONE',  ( 0.01898105538776509449, -0.5183383487361260533, 2.249919936250258434 ) ) ;
#23 = CARTESIAN_POINT ( 'NONE',  ( 2.508866492177966201, -6.553601675525772663, 0.03157622219022752225 ) ) ;
#24 = CARTESIAN_POINT ( 'NONE',  ( 2.242057725680492553, 0.7941616512638731695, -0.9509284072362309548 ) ) ;
#25 = CARTESIAN_POINT ( 'NONE',  ( -1.741481676501552107E-15, 10.00000000000000000, -1.500000000000000222 ) ) ;
#26 = ORIENTED_EDGE ( 'NONE', *, *, #3304, .T. ) ;
#27 = LINE ( 'NONE', #2654, #1050 ) ;
#28 = CARTESIAN_POINT ( 'NONE',  ( -1.068736389347413995, -9.104968590311980137, -2.496634822799525200 ) ) ;
#29 = CARTESIAN_POINT ( 'NONE',  ( 1.758442677127334708, 3.951964867081124488, 0.7295695355068725352 ) ) ;
#30 = ADVANCED_FACE ( 'NONE', ( #80 ), #61, .T. ) ;
#31 = CARTESIAN_POINT ( 'NONE',  ( -0.001023180043166642839, -0.2355351329188758169, 1.758866492177963980 ) ) ;
#32 = ORIENTED_EDGE ( 'NONE', *, *, #3191, .T. ) ;
#33 = FACE_OUTER_BOUND ( 'NONE', #940, .T. ) ;
#34 = CARTESIAN_POINT ( 'NONE',  ( -1.576052679364649656, -10.32774239149726547, -1.605788887702079837 ) ) ;
#35 = CARTESIAN_POINT ( 'NONE',  ( 1.758866492177965091, -0.9855351329188765108, 0.001023180043167258016 ) ) ;
#36 = CARTESIAN_POINT ( 'NONE',  ( -1.244429921367729897, -11.36053513291887462, 1.242982926273935806 ) ) ;
#37 = CARTESIAN_POINT ( 'NONE',  ( -0.7275231754205345736, -10.67303513291887640, -1.759290307228593475 ) ) ;
#38 = CARTESIAN_POINT ( 'NONE',  ( 2.664506044235238306E-16, 10.00000000000000000, 0.000000000000000000 ) ) ;
#39 = CARTESIAN_POINT ( 'NONE',  ( 2.495787192698266654, 0.3838983244742276701, 1.070782749433754732 ) ) ;
#40 = CARTESIAN_POINT ( 'NONE',  ( 2.242057725680492553, -1.205838348736126830, -0.9509284072362309548 ) ) ;
#41 = ORIENTED_EDGE ( 'NONE', *, *, #1527, .T. ) ;
#42 = CARTESIAN_POINT ( 'NONE',  ( 2.508866492177965757, -2.417468590311980581, -0.02952986210389084779 ) ) ;
#43 = CARTESIAN_POINT ( 'NONE',  ( -2.508866492177963980, 3.082531409688018975, 0.02952986210389053900 ) ) ;
#44 = CARTESIAN_POINT ( 'NONE',  ( 0.02102667456217300126, -8.452742391497263696, -2.249901748734116858 ) ) ;
#45 = CARTESIAN_POINT ( 'NONE',  ( -2.521945791657661751, -5.991101675525772663, 1.007630305053297537 ) ) ;
#46 = DIRECTION ( 'NONE',  ( -1.000000000000000000, 0.000000000000000000, 0.000000000000000000 ) ) ;
#47 = CARTESIAN_POINT ( 'NONE',  ( 1.604355277028128857, 0.6066616512638749459, 1.577512011070596687 ) ) ;
#48 = VERTEX_POINT ( 'NONE', #1319 ) ;
#49 = CARTESIAN_POINT ( 'NONE',  ( -6.586294785699002062E-16, 11.75000000000000533, 0.000000000000000000 ) ) ;
#50 = CARTESIAN_POINT ( 'NONE',  ( 0.7275231754205379042, 1.826964867081124266, 1.759290307228593475 ) ) ;
#51 = CARTESIAN_POINT ( 'NONE',  ( -1.758866492177963758, 5.514464867081125377, -0.001023180043167473338 ) ) ;
#52 = CARTESIAN_POINT ( 'NONE',  ( -2.249999999999998224, -2.769613470544321387, 1.360897470555578513E-15 ) ) ;
#53 = LINE ( 'NONE', #1356, #2752 ) ;
#54 = EDGE_CURVE ( 'NONE', #2850, #2462, #1525, .T. ) ;
#55 = CARTESIAN_POINT ( 'NONE',  ( 1.244429921367733449, -0.8605351329188763998, -1.242982926273935806 ) ) ;
#56 = CARTESIAN_POINT ( 'NONE',  ( -1.758866492177961982, -8.485535132918876400, -0.001023180043167467483 ) ) ;
#57 = CARTESIAN_POINT ( 'NONE',  ( -1.757636160943576886, -11.49113321021635414, -0.06578381219823406512 ) ) ;
#58 = CARTESIAN_POINT ( 'NONE',  ( 0.9529664928947872982, -5.515242391497264585, -2.241192214958859896 ) ) ;
#59 =( BOUNDED_CURVE ( )  B_SPLINE_CURVE ( 2, ( #486, #1773, #1793, #3675, #3117, #1013, #377, #2022, #4100, #1449, #3975 ),
 .UNSPECIFIED., .F., .F. ) 
 B_SPLINE_CURVE_WITH_KNOTS ( ( 3, 2, 2, 2, 2, 3 ),
 ( 0.8332607202048130102, 0.8333333333333332593, 0.8392857142857141906, 0.8452380952380952328, 0.8511904761904761640, 0.8570702440143368461 ),
 .UNSPECIFIED. ) 
 CURVE ( )  GEOMETRIC_REPRESENTATION_ITEM ( )  RATIONAL_B_SPLINE_CURVE ( ( 0.9981654678299740624, 0.9990714059914850287, 1.000000000000000000, 0.9238795325112867385, 1.000000000000000000, 0.9238795325112867385, 1.000000000000000000, 0.9238795325112867385, 1.000000000000000000, 0.9248081265198017098, 0.9981654678299740624 ) ) 
 REPRESENTATION_ITEM ( '' )  );
#60 = CARTESIAN_POINT ( 'NONE',  ( -1.007630305053296871, -0.2411016755257730237, -2.521945791657662639 ) ) ;
#61 = CYLINDRICAL_SURFACE ( 'NONE', #1837, 2.250000000000000444 ) ;
#62 = EDGE_LOOP ( 'NONE', ( #4139, #946, #1273, #3362 ) ) ;
#63 = CARTESIAN_POINT ( 'NONE',  ( 1.009676665139636276, -2.229968590311981025, -2.521098161556404094 ) ) ;
#64 = CALENDAR_DATE ( 2026, 26, 5 ) ;
#65 = CARTESIAN_POINT ( 'NONE',  ( 1.070782749433754955, -7.366101675525771775, -2.495787192698266654 ) ) ;
#66 = CARTESIAN_POINT ( 'NONE',  ( -6.919358041228402413E-16, 12.00000000000000000, 0.000000000000000000 ) ) ;
#67 = DIRECTION ( 'NONE',  ( -1.000000000000000000, 0.000000000000000000, 0.000000000000000000 ) ) ;
#68 = ADVANCED_FACE ( 'NONE', ( #2377, #338 ), #1986, .F. ) ;
#69 = ORIENTED_EDGE ( 'NONE', *, *, #2662, .T. ) ;
#70 = CARTESIAN_POINT ( 'NONE',  ( 1.750977470052398788, 7.999999999998697042, 0.1664039770339539315 ) ) ;
#71 = CARTESIAN_POINT ( 'NONE',  ( 0.7295695355068718690, 4.201964867081124488, -1.758442677127334708 ) ) ;
#72 = CARTESIAN_POINT ( 'NONE',  ( 1.759290307228594141, 3.076964867081124044, -0.7275231754205366830 ) ) ;
#73 = CARTESIAN_POINT ( 'NONE',  ( -2.249919936250256214, -9.768338348736124388, 0.01898105538776425488 ) ) ;
#74 = CARTESIAN_POINT ( 'NONE',  ( -0.7275231754205346846, -7.673035132918876400, -1.759290307228593475 ) ) ;
#75 = CARTESIAN_POINT ( 'NONE',  ( -2.242057725680490332, -1.705838348736125054, 0.9509284072362306217 ) ) ;
#76 = MANIFOLD_SOLID_BREP ( 'Kes-Süpür1', #2963 ) ;
#77 = CARTESIAN_POINT ( 'NONE',  ( 1.759290307228595918, -7.923035132918875512, -0.7275231754205366830 ) ) ;
#78 = LINE ( 'NONE', #2373, #2612 ) ;
#79 = CARTESIAN_POINT ( 'NONE',  ( 2.521945791657663527, 1.508898324474226893, -1.007630305053297981 ) ) ;
#80 = FACE_OUTER_BOUND ( 'NONE', #2152, .T. ) ;
#81 = EDGE_LOOP ( 'NONE', ( #1648, #3498, #691, #1450 ) ) ;
#82 =( BOUNDED_CURVE ( )  B_SPLINE_CURVE ( 2, ( #3660, #3360, #4271, #1296, #1965, #2976, #1044, #17, #684, #360, #1341 ),
 .UNSPECIFIED., .F., .F. ) 
 B_SPLINE_CURVE_WITH_KNOTS ( ( 3, 2, 2, 2, 2, 3 ),
 ( 0.3332607202048130657, 0.3333333333333332593, 0.3392857142857143016, 0.3452380952380952328, 0.3511904761904761640, 0.3570702440143369016 ),
 .UNSPECIFIED. ) 
 CURVE ( )  GEOMETRIC_REPRESENTATION_ITEM ( )  RATIONAL_B_SPLINE_CURVE ( ( 0.9981654678299756167, 0.9990714059914858058, 1.000000000000000000, 0.9238795325112867385, 1.000000000000000000, 0.9238795325112867385, 1.000000000000000000, 0.9238795325112867385, 1.000000000000000000, 0.9248081265198009326, 0.9981654678299756167 ) ) 
 REPRESENTATION_ITEM ( '' )  );
#83 = CARTESIAN_POINT ( 'NONE',  ( -2.249999999999995559, 7.798670417785110054, 1.048517448617733223E-14 ) ) ;
#84 = DATE_TIME_ROLE ( 'creation_date' ) ;
#85 = CARTESIAN_POINT ( 'NONE',  ( -1.070782749433752956, -6.866101675525771775, 2.495787192698265766 ) ) ;
#86 = CARTESIAN_POINT ( 'NONE',  ( 2.249999999999996003, 6.297962663936918837, 0.01051356683024088842 ) ) ;
#87 = VERTEX_POINT ( 'NONE', #4022 ) ;
#88 = CARTESIAN_POINT ( 'NONE',  ( -0.1350135202488318698, 8.000000000000000000, -2.232841419168125618 ) ) ;
#89 = CARTESIAN_POINT ( 'NONE',  ( 0.7275231754205376822, 4.826964867081125377, 1.759290307228593475 ) ) ;
#90 = EDGE_CURVE ( 'NONE', #3626, #2173, #315, .T. ) ;
#91 = CC_DESIGN_PERSON_AND_ORGANIZATION_ASSIGNMENT ( #365, #766, ( #3481 ) ) ;
#92 = CARTESIAN_POINT ( 'NONE',  ( -0.7275231754205363499, 4.326964867081124488, -1.759290307228593475 ) ) ;
#93 = DIRECTION ( 'NONE',  ( -1.332253022117617181E-16, 1.000000000000000000, -0.000000000000000000 ) ) ;
#94 = CARTESIAN_POINT ( 'NONE',  ( -0.001023180043165577069, -8.235535132918876400, 1.758866492177963980 ) ) ;
#95 = CARTESIAN_POINT ( 'NONE',  ( 2.250000000000001776, -10.26961347054432139, -1.649367009202023179E-15 ) ) ;
#96 = CARTESIAN_POINT ( 'NONE',  ( -0.7295695355068707588, -7.298035132918876400, 1.758442677127334264 ) ) ;
#97 = EDGE_CURVE ( 'NONE', #623, #3835, #2311, .T. ) ;
#98 = CARTESIAN_POINT ( 'NONE',  ( 0.7275231754205394585, -10.17303513291887640, 1.759290307228593475 ) ) ;
#99 = CARTESIAN_POINT ( 'NONE',  ( -2.249999999999986677, 7.860582036649070403, 0.9196868998405841600 ) ) ;
#100 = CARTESIAN_POINT ( 'NONE',  ( 1.753155743969580183, 6.707531409688018975, -1.794917275451909822 ) ) ;
#101 = CARTESIAN_POINT ( 'NONE',  ( -2.242057725680491664, 6.294161651263872059, 0.9509284072362306217 ) ) ;
#102 = CARTESIAN_POINT ( 'NONE',  ( -0.02952986210389002900, 1.832531409688019641, -2.508866492177964425 ) ) ;
#103 = DATE_AND_TIME ( #64, #361 ) ;
#104 = CARTESIAN_POINT ( 'NONE',  ( 1.576052679364651654, 7.172257608502735415, 1.605788887702079837 ) ) ;
#105 = EDGE_CURVE ( 'NONE', #1844, #3316, #3024, .T. ) ;
#106 = VERTEX_POINT ( 'NONE', #2049 ) ;
#107 = CYLINDRICAL_SURFACE ( 'NONE', #2697, 2.250000000000000444 ) ;
#108 = ORIENTED_EDGE ( 'NONE', *, *, #90, .T. ) ;
#109 = CARTESIAN_POINT ( 'NONE',  ( -6.919358041228400441E-16, 12.00000000000000000, 0.000000000000000000 ) ) ;
#110 = CARTESIAN_POINT ( 'NONE',  ( -0.7275231754205363499, 4.326964867081124488, -1.759290307228593475 ) ) ;
#111 = CARTESIAN_POINT ( 'NONE',  ( -0.001023180043166909553, 1.764464867081124266, 1.758866492177963980 ) ) ;
#112 = CARTESIAN_POINT ( 'NONE',  ( 1.750977470052398788, 7.999999999998697042, 0.1664039770339539315 ) ) ;
#113 = CARTESIAN_POINT ( 'NONE',  ( 1.576052679364652986, -3.827742391497264585, 1.605788887702079837 ) ) ;
#114 = EDGE_CURVE ( 'NONE', #188, #371, #82, .T. ) ;
#115 = CARTESIAN_POINT ( 'NONE',  ( 1.758442677127334930, 0.9519648670811252655, 0.7295695355068724242 ) ) ;
#116 = CARTESIAN_POINT ( 'NONE',  ( 1.758866492177966201, -7.985535132918875512, 0.001023180043167258016 ) ) ;
#117 = DIRECTION ( 'NONE',  ( -1.000000000000000000, 0.000000000000000000, 0.000000000000000000 ) ) ;
#118 = CARTESIAN_POINT ( 'NONE',  ( 1.068736389347417326, 7.395031409688018975, 2.496634822799524756 ) ) ;
#119 = CARTESIAN_POINT ( 'NONE',  ( -2.249919936250258434, 6.231661651263872059, 0.01898105538776425488 ) ) ;
#120 = CARTESIAN_POINT ( 'NONE',  ( 2.521098161556404094, 1.520031409688019863, 1.009676665139636276 ) ) ;
#121 = APPROVAL_STATUS ( 'not_yet_approved' ) ;
#122 = ORIENTED_EDGE ( 'NONE', *, *, #1214, .F. ) ;
#123 = CARTESIAN_POINT ( 'NONE',  ( 1.299038105676656674, 12.00000000000000000, -0.7500000000000005551 ) ) ;
#124 = ORIENTED_EDGE ( 'NONE', *, *, #2060, .T. ) ;
#125 = CARTESIAN_POINT ( 'NONE',  ( 1.423163329992201742, 8.000000000000003553, -1.411373137236987763 ) ) ;
#126 = CARTESIAN_POINT ( 'NONE',  ( 1.758442677127334264, 7.951964867081124488, 0.7295695355068725352 ) ) ;
#127 = AXIS2_PLACEMENT_3D ( 'NONE', #1614, #4041, #3338 ) ;
#128 = CARTESIAN_POINT ( 'NONE',  ( -0.7275231754205360168, 2.326964867081124932, -1.759290307228593475 ) ) ;
#129 = LINE ( 'NONE', #415, #1574 ) ;
#130 = CARTESIAN_POINT ( 'NONE',  ( -0.001023180043165710209, -7.235535132918876400, 1.758866492177963980 ) ) ;
#131 = DIRECTION ( 'NONE',  ( -0.7071067811865440200, 0.7071067811865511255, 0.000000000000000000 ) ) ;
#132 = CARTESIAN_POINT ( 'NONE',  ( 1.758442677127334708, 2.951964867081124932, 0.7295695355068724242 ) ) ;
#133 = CARTESIAN_POINT ( 'NONE',  ( 0.7275231754205393475, -9.173035132918876400, 1.759290307228593475 ) ) ;
#134 = CARTESIAN_POINT ( 'NONE',  ( -1.244429921367729897, -10.36053513291887640, 1.242982926273935806 ) ) ;
#135 = FACE_OUTER_BOUND ( 'NONE', #639, .T. ) ;
#136 = CARTESIAN_POINT ( 'NONE',  ( 2.521945791657663083, 4.508898324474227337, -1.007630305053297981 ) ) ;
#137 = DIRECTION ( 'NONE',  ( -1.000000000000000000, 0.000000000000000000, 0.000000000000000000 ) ) ;
#138 = PRODUCT_DEFINITION_SHAPE ( 'NONE', 'NONE',  #3430 ) ;
#139 =( BOUNDED_CURVE ( )  B_SPLINE_CURVE ( 2, ( #1476, #1217, #2809, #2188, #1816, #3497, #2788, #3839, #3818, #1798, #176 ),
 .UNSPECIFIED., .F., .F. ) 
 B_SPLINE_CURVE_WITH_KNOTS ( ( 3, 2, 2, 2, 2, 3 ),
 ( 0.3095893640064399377, 0.3154761904761904656, 0.3214285714285713969, 0.3273809523809523281, 0.3333333333333332593, 0.3333988878159636626 ),
 .UNSPECIFIED. ) 
 CURVE ( )  GEOMETRIC_REPRESENTATION_ITEM ( )  RATIONAL_B_SPLINE_CURVE ( ( 0.9983418125108560748, 0.9247178588724063175, 1.000000000000000000, 0.9238795325112867385, 1.000000000000000000, 0.9238795325112867385, 1.000000000000000000, 0.9238795325112867385, 1.000000000000000000, 0.9991616736388805320, 0.9983418125108562968 ) ) 
 REPRESENTATION_ITEM ( '' )  );
#140 = CARTESIAN_POINT ( 'NONE',  ( 2.249999999999999556, 6.730386529455676836, -1.605248138585507851E-15 ) ) ;
#141 = CARTESIAN_POINT ( 'NONE',  ( -1.009676665139635610, 2.270031409688019863, 2.521098161556403650 ) ) ;
#142 = CARTESIAN_POINT ( 'NONE',  ( 3.250000000000004885, 12.00000000000000000, 0.000000000000000000 ) ) ;
#143 = ADVANCED_FACE ( 'NONE', ( #2669 ), #3702, .T. ) ;
#144 = VECTOR ( 'NONE', #3373, 1000.000000000000000 ) ;
#145 = ORIENTED_EDGE ( 'NONE', *, *, #1724, .T. ) ;
#146 = CARTESIAN_POINT ( 'NONE',  ( 1.299038105676656674, 12.00000000000000000, -0.7500000000000005551 ) ) ;
#147 = CARTESIAN_POINT ( 'NONE',  ( 2.249999999999997335, -1.701329582214890168, 5.529410565873372312E-15 ) ) ;
#148 = ORIENTED_EDGE ( 'NONE', *, *, #19, .T. ) ;
#149 = DIRECTION ( 'NONE',  ( -1.332253022117619153E-16, 1.000000000000000000, -0.000000000000000000 ) ) ;
#150 = LOCAL_TIME ( 15, 16, 58.00000000000000000, #2118 ) ;
#151 = CARTESIAN_POINT ( 'NONE',  ( -1.758866492177964203, 7.514464867081124488, -0.001023180043167467483 ) ) ;
#152 = CARTESIAN_POINT ( 'NONE',  ( 0.7275231754205369050, 7.826964867081124488, 1.759290307228593475 ) ) ;
#153 = CARTESIAN_POINT ( 'NONE',  ( -0.6833390021460223895, 8.000000000000003553, 2.143722885110401766 ) ) ;
#154 = ORIENTED_EDGE ( 'NONE', *, *, #1655, .T. ) ;
#155 = CARTESIAN_POINT ( 'NONE',  ( 0.7275231754205390144, -8.173035132918876400, 1.759290307228593475 ) ) ;
#156 = CARTESIAN_POINT ( 'NONE',  ( -0.9129662964607009323, -10.58083834873612616, 2.257782146820025204 ) ) ;
#157 = CARTESIAN_POINT ( 'NONE',  ( 1.759290307228593697, 4.076964867081124488, -0.7275231754205366830 ) ) ;
#158 = EDGE_LOOP ( 'NONE', ( #1752, #4023, #2405, #392 ) ) ;
#159 = ADVANCED_FACE ( 'NONE', ( #2332 ), #704, .T. ) ;
#160 = CARTESIAN_POINT ( 'NONE',  ( -0.001023180043166104208, -4.235535132918875512, 1.758866492177964203 ) ) ;
#161 = AXIS2_PLACEMENT_3D ( 'NONE', #3189, #4121, #1814 ) ;
#162 = CARTESIAN_POINT ( 'NONE',  ( 1.758866492177965757, -4.985535132918875512, 0.001023180043167258016 ) ) ;
#163 = CARTESIAN_POINT ( 'NONE',  ( -0.02102667456217087449, 4.047257608502735415, 2.249901748734116858 ) ) ;
#164 = CARTESIAN_POINT ( 'NONE',  ( -1.796364270545707909, 3.071398324474228225, 1.751708748875781652 ) ) ;
#165 = DIRECTION ( 'NONE',  ( -1.332253022117619153E-16, 1.000000000000000000, -0.000000000000000000 ) ) ;
#166 = CARTESIAN_POINT ( 'NONE',  ( -1.068736389347415106, -0.1049685903119802755, -2.496634822799525200 ) ) ;
#167 = CARTESIAN_POINT ( 'NONE',  ( 3.499999999999998668, 12.00000000000000000, 4.286263797015736102E-16 ) ) ;
#168 =( BOUNDED_CURVE ( )  B_SPLINE_CURVE ( 2, ( #4117, #938, #4184, #552, #1188, #1829, #1507, #589, #570, #3849, #2181 ),
 .UNSPECIFIED., .F., .F. ) 
 B_SPLINE_CURVE_WITH_KNOTS ( ( 3, 2, 2, 2, 2, 3 ),
 ( 0.7142131011571940524, 0.7142857142857141906, 0.7202380952380952328, 0.7261904761904761640, 0.7321428571428570953, 0.7380226249667178884 ),
 .UNSPECIFIED. ) 
 CURVE ( )  GEOMETRIC_REPRESENTATION_ITEM ( )  RATIONAL_B_SPLINE_CURVE ( ( 0.9981654678299769490, 0.9990714059914864720, 1.000000000000000000, 0.9238795325112867385, 1.000000000000000000, 0.9238795325112867385, 1.000000000000000000, 0.9238795325112867385, 1.000000000000000000, 0.9248081265198017098, 0.9981654678299741734 ) ) 
 REPRESENTATION_ITEM ( '' )  );
#169 = ORIENTED_EDGE ( 'NONE', *, *, #1007, .F. ) ;
#170 = CARTESIAN_POINT ( 'NONE',  ( -2.250000000000001332, 12.00000000000000000, 0.000000000000000000 ) ) ;
#171 = DIRECTION ( 'NONE',  ( 0.8660254037844389297, 0.000000000000000000, -0.4999999999999996114 ) ) ;
#172 = VERTEX_POINT ( 'NONE', #1144 ) ;
#173 = CYLINDRICAL_SURFACE ( 'NONE', #161, 2.250000000000000444 ) ;
#174 = CARTESIAN_POINT ( 'NONE',  ( 1.242982926273935584, 6.889464867081123600, 1.244429921367732561 ) ) ;
#175 = CARTESIAN_POINT ( 'NONE',  ( -0.001023180043167575470, 6.764464867081123600, 1.758866492177963980 ) ) ;
#176 = CARTESIAN_POINT ( 'NONE',  ( -2.249999999999999112, 1.230386529455678168, 1.715545315126795680E-15 ) ) ;
#177 = CARTESIAN_POINT ( 'NONE',  ( 0.001023180043169036541, -5.735535132918875512, -1.758866492177963980 ) ) ;
#178 = CARTESIAN_POINT ( 'NONE',  ( -1.923409208287327383E-16, 8.250000000000000000, 0.000000000000000000 ) ) ;
#179 = CARTESIAN_POINT ( 'NONE',  ( -1.758866492177963314, 2.514464867081124932, -0.001023180043167473338 ) ) ;
#180 = EDGE_LOOP ( 'NONE', ( #2805, #2635, #405 ) ) ;
#181 = CARTESIAN_POINT ( 'NONE',  ( -1.758442677127333154, -3.548035132918875068, -0.7295695355068716470 ) ) ;
#182 = CARTESIAN_POINT ( 'NONE',  ( -1.758866492177962204, -5.485535132918875512, -0.001023180043167473338 ) ) ;
#183 = CARTESIAN_POINT ( 'NONE',  ( -1.050233485736823180, -11.07391040561688200, 1.917707303205419489 ) ) ;
#184 = CARTESIAN_POINT ( 'NONE',  ( -0.02952986210389083044, 7.832531409688019863, -2.508866492177964425 ) ) ;
#185 = CARTESIAN_POINT ( 'NONE',  ( -1.796364270545708131, 4.071398324474227337, 1.751708748875781652 ) ) ;
#186 = FACE_OUTER_BOUND ( 'NONE', #2029, .T. ) ;
#187 = CARTESIAN_POINT ( 'NONE',  ( -1.605788887702078060, -7.077742391497264585, 1.576052679364651876 ) ) ;
#188 = VERTEX_POINT ( 'NONE', #783 ) ;
#189 = DIRECTION ( 'NONE',  ( -1.332253022117620879E-16, 1.000000000000000000, -0.000000000000000000 ) ) ;
#190 =( BOUNDED_CURVE ( )  B_SPLINE_CURVE ( 2, ( #3879, #3500, #1241, #908, #1819, #839, #1556, #4212, #3175, #4174, #198 ),
 .UNSPECIFIED., .F., .F. ) 
 B_SPLINE_CURVE_WITH_KNOTS ( ( 3, 2, 2, 2, 2, 3 ),
 ( 0.8808797678238607931, 0.8809523809523809312, 0.8869047619047618625, 0.8928571428571427937, 0.8988095238095237249, 0.9046892916333846291 ),
 .UNSPECIFIED. ) 
 CURVE ( )  GEOMETRIC_REPRESENTATION_ITEM ( )  RATIONAL_B_SPLINE_CURVE ( ( 0.9981654678299769490, 0.9990714059914864720, 1.000000000000000000, 0.9238795325112867385, 1.000000000000000000, 0.9238795325112867385, 1.000000000000000000, 0.9238795325112867385, 1.000000000000000000, 0.9248081265198002665, 0.9981654678299769490 ) ) 
 REPRESENTATION_ITEM ( '' )  );
#191 = ORIENTED_EDGE ( 'NONE', *, *, #3486, .F. ) ;
#192 = DIRECTION ( 'NONE',  ( -1.000000000000000000, 0.000000000000000000, 0.000000000000000000 ) ) ;
#193 = CARTESIAN_POINT ( 'NONE',  ( -1.242982926273935584, 6.389464867081122712, -1.244429921367732339 ) ) ;
#194 = CARTESIAN_POINT ( 'NONE',  ( -0.6833390021460645780, -11.00000000000000000, 2.143722885110391996 ) ) ;
#195 = CARTESIAN_POINT ( 'NONE',  ( 2.249919936250259767, -2.268338348736125720, -0.01898105538776452897 ) ) ;
#196 = ORIENTED_EDGE ( 'NONE', *, *, #2120, .T. ) ;
#197 = CARTESIAN_POINT ( 'NONE',  ( 1.242982926273937139, -5.110535132918875512, 1.244429921367732339 ) ) ;
#198 = CARTESIAN_POINT ( 'NONE',  ( -2.249999999999992895, -10.20132958221488906, 2.343804785595805608E-15 ) ) ;
#199 = CARTESIAN_POINT ( 'NONE',  ( 0.001023180043168103910, 1.264464867081123822, -1.758866492177963980 ) ) ;
#200 = VERTEX_POINT ( 'NONE', #3485 ) ;
#201 = CARTESIAN_POINT ( 'NONE',  ( -1.244429921367731007, -3.360535132918875068, 1.242982926273935806 ) ) ;
#202 = CARTESIAN_POINT ( 'NONE',  ( -1.244429921367730563, -5.360535132918876400, 1.242982926273935806 ) ) ;
#203 = CARTESIAN_POINT ( 'NONE',  ( -2.249999999999995559, 3.798670417785110498, 1.048517448617733223E-14 ) ) ;
#204 = CARTESIAN_POINT ( 'NONE',  ( -2.495787192698265766, 3.883898324474227337, -1.070782749433753400 ) ) ;
#205 = LINE ( 'NONE', #587, #544 ) ;
#206 = CARTESIAN_POINT ( 'NONE',  ( 2.242057725680492997, -7.205838348736126164, -0.9509284072362309548 ) ) ;
#207 = CARTESIAN_POINT ( 'NONE',  ( -0.9529664928947857439, -3.015242391497263696, 2.241192214958859452 ) ) ;
#208 = EDGE_CURVE ( 'NONE', #1298, #322, #1745, .T. ) ;
#209 = CARTESIAN_POINT ( 'NONE',  ( -2.521098161556401429, -7.979968590311981025, -1.009676665139634943 ) ) ;
#210 = VERTEX_POINT ( 'NONE', #1764 ) ;
#211 = CIRCLE ( 'NONE', #3121, 3.499999999999999556 ) ;
#212 = DIRECTION ( 'NONE',  ( -1.000000000000000000, 0.000000000000000000, 0.000000000000000000 ) ) ;
#213 = ORIENTED_EDGE ( 'NONE', *, *, #2013, .F. ) ;
#214 = CARTESIAN_POINT ( 'NONE',  ( 2.241192214958861673, -1.765242391497264363, 0.9529664928947871871 ) ) ;
#215 = CARTESIAN_POINT ( 'NONE',  ( -1.758442677127334486, 5.451964867081126265, -0.7295695355068716470 ) ) ;
#216 = CIRCLE ( 'NONE', #1854, 3.499999999999999556 ) ;
#217 = CARTESIAN_POINT ( 'NONE',  ( 2.249999999999998224, -10.70132958221488906, -6.313507460113247665E-16 ) ) ;
#218 = CARTESIAN_POINT ( 'NONE',  ( -1.604355277028127524, 3.106661651263873836, -1.577512011070596687 ) ) ;
#219 = CARTESIAN_POINT ( 'NONE',  ( -1.242982926273934474, -2.610535132918876400, -1.244429921367732339 ) ) ;
#220 = ORGANIZATION ( 'UNSPECIFIED', 'UNSPECIFIED', '' ) ;
#221 = CARTESIAN_POINT ( 'NONE',  ( 1.009676665139637608, -12.22996859031198191, -2.521098161556404094 ) ) ;
#222 = CARTESIAN_POINT ( 'NONE',  ( 0.7295695355068718690, 3.201964867081124488, -1.758442677127334486 ) ) ;
#223 = VERTEX_POINT ( 'NONE', #3159 ) ;
#224 = CARTESIAN_POINT ( 'NONE',  ( -0.001023180043165837711, -6.235535132918875512, 1.758866492177964203 ) ) ;
#225 = APPROVAL ( #121, 'UNSPECIFIED' ) ;
#226 = CARTESIAN_POINT ( 'NONE',  ( -0.7275231754205353507, -2.673035132918876400, -1.759290307228593475 ) ) ;
#227 = FACE_OUTER_BOUND ( 'NONE', #3025, .T. ) ;
#228 = CARTESIAN_POINT ( 'NONE',  ( -0.03157622219022750143, 3.196398324474228225, 2.508866492177964425 ) ) ;
#229 = DIRECTION ( 'NONE',  ( -1.332253022117619153E-16, 1.000000000000000000, -0.000000000000000000 ) ) ;
#230 = DIRECTION ( 'NONE',  ( -1.332253022117619153E-16, 1.000000000000000000, -0.000000000000000000 ) ) ;
#231 = EDGE_CURVE ( 'NONE', #2658, #210, #3015, .T. ) ;
#232 = CARTESIAN_POINT ( 'NONE',  ( -2.249999999999999112, 5.231025191032435906, 0.009490696551824209445 ) ) ;
#233 = DIRECTION ( 'NONE',  ( -1.332253022117619153E-16, 1.000000000000000000, -0.000000000000000000 ) ) ;
#234 = CARTESIAN_POINT ( 'NONE',  ( -2.496634822799525644, 6.145031409688018087, 1.068736389347415772 ) ) ;
#235 = ORIENTED_EDGE ( 'NONE', *, *, #3999, .F. ) ;
#236 = CARTESIAN_POINT ( 'NONE',  ( 2.508866492177966201, -7.417468590311981025, -0.02952986210389084779 ) ) ;
#237 = ORIENTED_EDGE ( 'NONE', *, *, #2054, .F. ) ;
#238 = EDGE_CURVE ( 'NONE', #371, #330, #205, .T. ) ;
#239 = CARTESIAN_POINT ( 'NONE',  ( -2.250000000000001332, 12.00000000000000000, 0.000000000000000000 ) ) ;
#240 = CARTESIAN_POINT ( 'NONE',  ( 2.495787192698267987, -10.61610167552577266, 1.070782749433754732 ) ) ;
#241 = CARTESIAN_POINT ( 'NONE',  ( 1.758866492177964203, 6.014464867081126265, 0.001023180043167258016 ) ) ;
#242 = CARTESIAN_POINT ( 'NONE',  ( 2.250000000000000444, 2.730386529455677724, -1.605248138585507851E-15 ) ) ;
#243 = CARTESIAN_POINT ( 'NONE',  ( 0.7275231754205389034, -5.173035132918875512, 1.759290307228593475 ) ) ;
#244 = CARTESIAN_POINT ( 'NONE',  ( -2.496634822799522979, -11.85496859031198014, 1.068736389347415772 ) ) ;
#245 = CARTESIAN_POINT ( 'NONE',  ( 0.9529664928947869651, -2.515242391497265029, -2.241192214958859896 ) ) ;
#246 = CARTESIAN_POINT ( 'NONE',  ( -1.242982926273934252, -4.610535132918875512, -1.244429921367732339 ) ) ;
#247 = CARTESIAN_POINT ( 'NONE',  ( -1.759290307228592587, -2.423035132918875956, 0.7275231754205363499 ) ) ;
#248 = CARTESIAN_POINT ( 'NONE',  ( -2.241192214958859452, 3.734757608502734971, -0.9529664928947859659 ) ) ;
#249 = EDGE_CURVE ( 'NONE', #1771, #2533, #1945, .T. ) ;
#250 = CARTESIAN_POINT ( 'NONE',  ( -1.751708748875782096, 8.821398324474227337, -1.796364270545708131 ) ) ;
#251 = CARTESIAN_POINT ( 'NONE',  ( -1.050731233181794622, -11.38999825633833041, 1.539924122260654338 ) ) ;
#252 = CYLINDRICAL_SURFACE ( 'NONE', #3669, 2.250000000000000444 ) ;
#253 = CARTESIAN_POINT ( 'NONE',  ( -1.605788887702078949, -0.07774239149726470954, 1.576052679364651876 ) ) ;
#254 = ADVANCED_FACE ( 'NONE', ( #2882 ), #2179, .T. ) ;
#255 = CARTESIAN_POINT ( 'NONE',  ( -2.495787192698264434, -4.116101675525771775, -1.070782749433753400 ) ) ;
#256 = CARTESIAN_POINT ( 'NONE',  ( -2.508866492177962204, -7.917468590311980137, 0.02952986210389053900 ) ) ;
#257 = ORIENTED_EDGE ( 'NONE', *, *, #1475, .T. ) ;
#258 = CARTESIAN_POINT ( 'NONE',  ( -2.495787192698263102, -10.11610167552577266, -1.070782749433753400 ) ) ;
#259 = CARTESIAN_POINT ( 'NONE',  ( 2.249999999999999556, 5.731025191032435906, -0.009490696551824287508 ) ) ;
#260 = CARTESIAN_POINT ( 'NONE',  ( 0.7295695355068727572, -3.798035132918875068, -1.758442677127334486 ) ) ;
#261 = CARTESIAN_POINT ( 'NONE',  ( 1.577512011070598463, -8.143338348736126164, -1.604355277028128191 ) ) ;
#262 = CARTESIAN_POINT ( 'NONE',  ( 1.244429921367732561, 6.139464867081122712, -1.242982926273935806 ) ) ;
#263 = CARTESIAN_POINT ( 'NONE',  ( -1.244429921367731451, -1.360535132918875068, 1.242982926273935806 ) ) ;
#264 = CARTESIAN_POINT ( 'NONE',  ( 1.758442677127335596, -2.048035132918875512, 0.7295695355068724242 ) ) ;
#265 = CARTESIAN_POINT ( 'NONE',  ( -1.605788887702077838, -8.077742391497263696, 1.576052679364651876 ) ) ;
#266 = FACE_OUTER_BOUND ( 'NONE', #2443, .T. ) ;
#267 = CARTESIAN_POINT ( 'NONE',  ( -1.690969061576749422, -11.45200737868872665, 0.6237757134715398166 ) ) ;
#268 = CARTESIAN_POINT ( 'NONE',  ( 2.249999999999997335, 5.668417292256406448, 0.9208808658774183531 ) ) ;
#269 = CARTESIAN_POINT ( 'NONE',  ( -2.249999999999984013, -0.1394179633509300131, 0.9196868998405859363 ) ) ;
#270 = CARTESIAN_POINT ( 'NONE',  ( -2.521945791657661751, -3.991101675525772663, 1.007630305053297537 ) ) ;
#271 = ORIENTED_EDGE ( 'NONE', *, *, #3555, .F. ) ;
#272 = CARTESIAN_POINT ( 'NONE',  ( -2.521098161556401873, -4.979968590311980137, -1.009676665139634943 ) ) ;
#273 = ORIENTED_EDGE ( 'NONE', *, *, #1301, .T. ) ;
#274 = DIRECTION ( 'NONE',  ( 0.000000000000000000, 0.000000000000000000, 1.000000000000000000 ) ) ;
#275 = CIRCLE ( 'NONE', #3466, 3.499999999999999556 ) ;
#276 = EDGE_CURVE ( 'NONE', #1876, #1811, #1088, .T. ) ;
#277 = CARTESIAN_POINT ( 'NONE',  ( -1.751708748875779431, -11.17860167552577266, -1.796364270545708131 ) ) ;
#278 = CARTESIAN_POINT ( 'NONE',  ( -2.249999999999999112, 1.230386529455678168, 1.715545315126795680E-15 ) ) ;
#279 = CARTESIAN_POINT ( 'NONE',  ( -2.249999999999998224, -5.769613470544320499, 1.540766712299831859E-15 ) ) ;
#280 = VERTEX_POINT ( 'NONE', #1229 ) ;
#281 = CARTESIAN_POINT ( 'NONE',  ( -6.919358041228400441E-16, 12.00000000000000000, 0.000000000000000000 ) ) ;
#282 = CARTESIAN_POINT ( 'NONE',  ( -3.499999999999999556, 8.250000000000000000, 0.000000000000000000 ) ) ;
#283 = CARTESIAN_POINT ( 'NONE',  ( -1.242982926273936028, 8.389464867081125377, -1.244429921367732339 ) ) ;
#284 = AXIS2_PLACEMENT_3D ( 'NONE', #2363, #3710, #1751 ) ;
#285 = CARTESIAN_POINT ( 'NONE',  ( -1.758442677127333376, -1.548035132918875290, -0.7295695355068716470 ) ) ;
#286 = CARTESIAN_POINT ( 'NONE',  ( 0.7275231754205380152, -0.1730351329188758169, 1.759290307228593475 ) ) ;
#287 = CARTESIAN_POINT ( 'NONE',  ( 2.249999999999999556, 7.730386529455678613, -1.605248138585507851E-15 ) ) ;
#288 = CARTESIAN_POINT ( 'NONE',  ( -0.7295695355068698706, -11.29803513291887640, 1.758442677127334042 ) ) ;
#289 = CARTESIAN_POINT ( 'NONE',  ( -1.007630305053297981, 8.758898324474227337, -2.521945791657662639 ) ) ;
#290 = CARTESIAN_POINT ( 'NONE',  ( 0.3765352886098246588, -11.30999635987382312, 1.907231253794445358 ) ) ;
#291 = CARTESIAN_POINT ( 'NONE',  ( -2.249999999999994671, -0.2020373360630830506, -0.01051356683023896288 ) ) ;
#292 = CARTESIAN_POINT ( 'NONE',  ( -2.249999999999984013, -1.139417963350928931, 0.9196868998405859363 ) ) ;
#293 = CARTESIAN_POINT ( 'NONE',  ( 0.03157622219022875737, -1.303601675525772219, -2.508866492177964425 ) ) ;
#294 = ORIENTED_EDGE ( 'NONE', *, *, #1916, .F. ) ;
#295 = ORIENTED_EDGE ( 'NONE', *, *, #986, .T. ) ;
#296 = VECTOR ( 'NONE', #3838, 1000.000000000000000 ) ;
#297 = CARTESIAN_POINT ( 'NONE',  ( -2.508866492177962648, -6.917468590311981025, 0.02952986210389053900 ) ) ;
#298 = CARTESIAN_POINT ( 'NONE',  ( -2.249999999999999556, 7.231025191032435018, 0.009490696551824027299 ) ) ;
#299 = CARTESIAN_POINT ( 'NONE',  ( 2.521945791657664859, -7.491101675525771775, -1.007630305053297981 ) ) ;
#300 = CARTESIAN_POINT ( 'NONE',  ( 1.577512011070597575, 0.8566616512638733916, -1.604355277028128191 ) ) ;
#301 = CARTESIAN_POINT ( 'NONE',  ( 1.791700766250810428, -11.11183046753386527, -1.176763907623494587 ) ) ;
#302 = ORIENTED_EDGE ( 'NONE', *, *, #1981, .T. ) ;
#303 = CARTESIAN_POINT ( 'NONE',  ( 0.9129662964607027087, 1.919161651263874058, -2.257782146820025648 ) ) ;
#304 = CARTESIAN_POINT ( 'NONE',  ( 2.496634822799527864, -11.35496859031198191, -1.068736389347416216 ) ) ;
#305 = CARTESIAN_POINT ( 'NONE',  ( -0.7275231754205364609, 5.326964867081125377, -1.759290307228593475 ) ) ;
#306 = CARTESIAN_POINT ( 'NONE',  ( -1.244429921367731673, 0.6394648670811249325, 1.242982926273935806 ) ) ;
#307 =( BOUNDED_CURVE ( )  B_SPLINE_CURVE ( 2, ( #781, #3436, #3399, #456, #2798, #2111, #1762, #1062, #3045, #4113, #3458 ),
 .UNSPECIFIED., .F., .F. ) 
 B_SPLINE_CURVE_WITH_KNOTS ( ( 3, 2, 2, 2, 2, 3 ),
 ( 0.1905417449588208412, 0.1964285714285713969, 0.2023809523809523281, 0.2083333333333332593, 0.2142857142857143016, 0.2143512687683446771 ),
 .UNSPECIFIED. ) 
 CURVE ( )  GEOMETRIC_REPRESENTATION_ITEM ( )  RATIONAL_B_SPLINE_CURVE ( ( 0.9983418125108568519, 0.9247178588724059844, 1.000000000000000000, 0.9238795325112867385, 1.000000000000000000, 0.9238795325112867385, 1.000000000000000000, 0.9238795325112867385, 1.000000000000000000, 0.9991616736388808651, 0.9983418125108568519 ) ) 
 REPRESENTATION_ITEM ( '' )  );
#308 = CARTESIAN_POINT ( 'NONE',  ( 0.7295695355068723131, -0.7980351329188762888, -1.758442677127334486 ) ) ;
#309 = CARTESIAN_POINT ( 'NONE',  ( 2.250000000000000888, -2.269613470544320499, -1.605248138585507851E-15 ) ) ;
#310 = CARTESIAN_POINT ( 'NONE',  ( -1.796364270545708353, 7.071398324474226449, 1.751708748875781652 ) ) ;
#311 = CARTESIAN_POINT ( 'NONE',  ( 0.02102667456217233513, -3.452742391497264141, -2.249901748734116858 ) ) ;
#312 = CARTESIAN_POINT ( 'NONE',  ( -1.758847649084996467, -11.48831392359314663, -0.03341482513654649850 ) ) ;
#313 = CARTESIAN_POINT ( 'NONE',  ( 2.249999999999997335, -5.701329582214890834, 5.529410565873372312E-15 ) ) ;
#314 = CARTESIAN_POINT ( 'NONE',  ( 2.521945791657663971, -0.4911016755257732180, -1.007630305053297981 ) ) ;
#315 = LINE ( 'NONE', #3637, #1023 ) ;
#316 = CARTESIAN_POINT ( 'NONE',  ( -1.753155743969579294, -1.792468590311980137, 1.794917275451909822 ) ) ;
#317 = CARTESIAN_POINT ( 'NONE',  ( 1.009676665139635388, 3.770031409688019863, -2.521098161556404094 ) ) ;
#318 = CARTESIAN_POINT ( 'NONE',  ( -6.919358041228400441E-16, 12.00000000000000000, 0.000000000000000000 ) ) ;
#319 = CARTESIAN_POINT ( 'NONE',  ( -2.508866492177962204, -8.053601675525772663, -0.03157622219022782756 ) ) ;
#320 = PLANE ( 'NONE',  #1932 ) ;
#321 = DIRECTION ( 'NONE',  ( -1.000000000000000000, 0.000000000000000000, 0.000000000000000000 ) ) ;
#322 = VERTEX_POINT ( 'NONE', #1850 ) ;
#323 = CARTESIAN_POINT ( 'NONE',  ( 2.249919936250259322, 1.731661651263874280, -0.01898105538776452897 ) ) ;
#324 = CARTESIAN_POINT ( 'NONE',  ( 1.068736389347419102, -8.604968590311980137, 2.496634822799524756 ) ) ;
#325 = CARTESIAN_POINT ( 'NONE',  ( -1.242982926273935584, 5.389464867081125377, -1.244429921367732339 ) ) ;
#326 = CARTESIAN_POINT ( 'NONE',  ( 0.7295695355068723131, 0.2019648670811245716, -1.758442677127334708 ) ) ;
#327 = EDGE_CURVE ( 'NONE', #3329, #1876, #3245, .T. ) ;
#328 = CARTESIAN_POINT ( 'NONE',  ( -0.001023180043166376559, -2.235535132918875956, 1.758866492177963980 ) ) ;
#329 = CYLINDRICAL_SURFACE ( 'NONE', #4019, 2.250000000000000444 ) ;
#330 = VERTEX_POINT ( 'NONE', #1526 ) ;
#331 = CARTESIAN_POINT ( 'NONE',  ( -1.242982926273933364, -9.610535132918874623, -1.244429921367732339 ) ) ;
#332 = CARTESIAN_POINT ( 'NONE',  ( -0.9129662964607013764, -8.580838348736126164, 2.257782146820025204 ) ) ;
#333 = CARTESIAN_POINT ( 'NONE',  ( -1.249999999999991340, -12.00000000000000000, 0.000000000000000000 ) ) ;
#334 = EDGE_CURVE ( 'NONE', #732, #1855, #898, .T. ) ;
#335 = DIRECTION ( 'NONE',  ( -1.332253022117617181E-16, 1.000000000000000000, -0.000000000000000000 ) ) ;
#336 = CARTESIAN_POINT ( 'NONE',  ( -2.249999999999992895, -9.201329582214892611, 2.343804785595805608E-15 ) ) ;
#337 = CARTESIAN_POINT ( 'NONE',  ( 2.521945791657663971, -1.491101675525772441, -1.007630305053297981 ) ) ;
#338 = FACE_OUTER_BOUND ( 'NONE', #1304, .T. ) ;
#339 = VERTEX_POINT ( 'NONE', #1675 ) ;
#340 = CARTESIAN_POINT ( 'NONE',  ( 1.009676665139636276, -3.229968590311981469, -2.521098161556404094 ) ) ;
#341 = CARTESIAN_POINT ( 'NONE',  ( 2.508866492177964869, 2.582531409688018531, -0.02952986210389084779 ) ) ;
#342 = DIRECTION ( 'NONE',  ( -1.332253022117619153E-16, 1.000000000000000000, -0.000000000000000000 ) ) ;
#343 = CARTESIAN_POINT ( 'NONE',  ( 2.521945791657664415, -6.491101675525772663, -1.007630305053297981 ) ) ;
#344 = CARTESIAN_POINT ( 'NONE',  ( -2.249999999999984013, 2.860582036649070847, 0.9196868998405859363 ) ) ;
#345 = CARTESIAN_POINT ( 'NONE',  ( 2.250000000000001332, -5.269613470544320499, -1.605248138585507851E-15 ) ) ;
#346 = VERTEX_POINT ( 'NONE', #2996 ) ;
#347 = CARTESIAN_POINT ( 'NONE',  ( -2.249999999999984901, -10.83158270774359622, -0.9208808658774270128 ) ) ;
#348 = CARTESIAN_POINT ( 'NONE',  ( 1.009676665139637164, -9.229968590311980137, -2.521098161556404094 ) ) ;
#349 = CARTESIAN_POINT ( 'NONE',  ( -0.7275231754205356838, -1.673035132918875290, -1.759290307228593475 ) ) ;
#350 = CARTESIAN_POINT ( 'NONE',  ( 1.759290307228594585, -0.9230351329188763998, -0.7275231754205366830 ) ) ;
#351 = ORIENTED_EDGE ( 'NONE', *, *, #2166, .F. ) ;
#352 = CARTESIAN_POINT ( 'NONE',  ( -0.01898105538776214893, -10.01833834873612616, -2.249919936250258434 ) ) ;
#353 = CARTESIAN_POINT ( 'NONE',  ( 0.001023180043169836032, -11.73553513291887640, -1.758866492177963980 ) ) ;
#354 = CARTESIAN_POINT ( 'NONE',  ( 0.9109131437704461876, -4.890242391497263696, 2.258611282509372931 ) ) ;
#355 = AXIS2_PLACEMENT_3D ( 'NONE', #595, #1236, #2621 ) ;
#356 = CARTESIAN_POINT ( 'NONE',  ( 2.249999999999985789, -0.6394179633509304850, -0.9196868998405862694 ) ) ;
#357 = DIRECTION ( 'NONE',  ( 0.000000000000000000, 1.000000000000000000, 0.000000000000000000 ) ) ;
#358 =( BOUNDED_CURVE ( )  B_SPLINE_CURVE ( 2, ( #95, #2106, #3106, #3453, #4088, #156, #1400, #2087, #2725, #758, #494 ),
 .UNSPECIFIED., .F., .F. ) 
 B_SPLINE_CURVE_WITH_KNOTS ( ( 3, 2, 2, 2, 2, 3 ),
 ( 0.8810179354350112790, 0.8869047619047618625, 0.8928571428571427937, 0.8988095238095237249, 0.9047619047619047672, 0.9048274592445352260 ),
 .UNSPECIFIED. ) 
 CURVE ( )  GEOMETRIC_REPRESENTATION_ITEM ( )  RATIONAL_B_SPLINE_CURVE ( ( 0.9983418125108576291, 0.9247178588724056514, 1.000000000000000000, 0.9238795325112867385, 1.000000000000000000, 0.9238795325112867385, 1.000000000000000000, 0.9238795325112867385, 1.000000000000000000, 0.9991616736388797548, 0.9983418125108547425 ) ) 
 REPRESENTATION_ITEM ( '' )  );
#359 = CARTESIAN_POINT ( 'NONE',  ( -1.070782749433753622, 0.1338983244742273648, 2.495787192698265766 ) ) ;
#360 = CARTESIAN_POINT ( 'NONE',  ( 2.249999999999985345, 1.360582036649069293, -0.9196868998405862694 ) ) ;
#361 = LOCAL_TIME ( 15, 16, 58.00000000000000000, #2075 ) ;
#362 = EDGE_LOOP ( 'NONE', ( #430, #594, #3188, #1994 ) ) ;
#363 = CARTESIAN_POINT ( 'NONE',  ( -1.068736389347414883, -1.104968590311981247, -2.496634822799525200 ) ) ;
#364 = CARTESIAN_POINT ( 'NONE',  ( -0.02952986210389043145, 4.832531409688020752, -2.508866492177964425 ) ) ;
#365 = PERSON_AND_ORGANIZATION ( #3361, #220 ) ;
#366 = VECTOR ( 'NONE', #1454, 1000.000000000000114 ) ;
#367 = CARTESIAN_POINT ( 'NONE',  ( 2.521945791657664415, -5.491101675525772663, -1.007630305053297981 ) ) ;
#368 = EDGE_CURVE ( 'NONE', #3097, #2269, #3327, .T. ) ;
#369 = CARTESIAN_POINT ( 'NONE',  ( 2.249999999999999556, 12.00000000000000000, 2.755455298081544778E-16 ) ) ;
#370 = CARTESIAN_POINT ( 'NONE',  ( -6.919358041228400441E-16, 12.00000000000000000, 0.000000000000000000 ) ) ;
#371 = VERTEX_POINT ( 'NONE', #2285 ) ;
#372 = CARTESIAN_POINT ( 'NONE',  ( 0.9129662964607038189, -6.080838348736125276, -2.257782146820025648 ) ) ;
#373 = CARTESIAN_POINT ( 'NONE',  ( -2.496634822799524311, -9.854968590311980137, 1.068736389347415772 ) ) ;
#374 = CARTESIAN_POINT ( 'NONE',  ( -0.001023180043167169978, 3.764464867081124488, 1.758866492177964203 ) ) ;
#375 = CARTESIAN_POINT ( 'NONE',  ( 1.759290307228594141, 2.076964867081124488, -0.7275231754205366830 ) ) ;
#376 = CARTESIAN_POINT ( 'NONE',  ( 2.250000000000001776, -9.269613470544321387, -1.605248138585507851E-15 ) ) ;
#377 = CARTESIAN_POINT ( 'NONE',  ( -0.02102667456216914324, -8.952742391497265473, 2.249901748734116858 ) ) ;
#378 = CARTESIAN_POINT ( 'NONE',  ( 1.393504166106773079, -11.25159047423952430, 1.437882425337837278 ) ) ;
#379 = CARTESIAN_POINT ( 'NONE',  ( 0.001023180043168503547, -1.735535132918875512, -1.758866492177963980 ) ) ;
#380 = CARTESIAN_POINT ( 'NONE',  ( 1.605788887702080503, 0.4222576085027357484, -1.576052679364651876 ) ) ;
#381 = LINE ( 'NONE', #2930, #1233 ) ;
#382 = CARTESIAN_POINT ( 'NONE',  ( -1.070782749433753844, 2.133898324474227337, 2.495787192698265766 ) ) ;
#383 = CARTESIAN_POINT ( 'NONE',  ( -6.919358041228400441E-16, 12.00000000000000000, 0.000000000000000000 ) ) ;
#384 = VERTEX_POINT ( 'NONE', #333 ) ;
#385 = EDGE_CURVE ( 'NONE', #2462, #2318, #2984, .T. ) ;
#386 = CARTESIAN_POINT ( 'NONE',  ( -2.508866492177963092, -2.917468590311981025, 0.02952986210389053900 ) ) ;
#387 = PERSON_AND_ORGANIZATION_ROLE ( 'design_owner' ) ;
#388 = CARTESIAN_POINT ( 'NONE',  ( 1.007630305053300201, -5.741101675525771775, 2.521945791657662195 ) ) ;
#389 = EDGE_CURVE ( 'NONE', #2736, #2850, #1379, .T. ) ;
#390 = CARTESIAN_POINT ( 'NONE',  ( -2.249999999999986233, -3.831582707743595329, -0.9208808658774270128 ) ) ;
#391 = CARTESIAN_POINT ( 'NONE',  ( -0.9529664928947869651, 5.984757608502738080, 2.241192214958859452 ) ) ;
#392 = ORIENTED_EDGE ( 'NONE', *, *, #389, .F. ) ;
#393 = CARTESIAN_POINT ( 'NONE',  ( -2.241192214958859896, 5.734757608502737192, -0.9529664928947859659 ) ) ;
#394 = CARTESIAN_POINT ( 'NONE',  ( 1.758866492177964869, 3.014464867081123600, 0.001023180043167252161 ) ) ;
#395 = CARTESIAN_POINT ( 'NONE',  ( 0.7275231754205377932, 1.826964867081124266, 1.759290307228593475 ) ) ;
#396 = CARTESIAN_POINT ( 'NONE',  ( 2.372246146747684008E-15, -11.00000000000000000, 0.000000000000000000 ) ) ;
#397 = CARTESIAN_POINT ( 'NONE',  ( -1.759290307228591699, -9.423035132918874623, 0.7275231754205363499 ) ) ;
#398 = DIRECTION ( 'NONE',  ( -1.000000000000000000, 0.000000000000000000, 0.000000000000000000 ) ) ;
#399 = CARTESIAN_POINT ( 'NONE',  ( 2.079154073588308282, -11.17084592641169216, 2.345209673509562783E-12 ) ) ;
#400 = CARTESIAN_POINT ( 'NONE',  ( 0.7275231754205379042, 0.8269648670811252655, 1.759290307228593475 ) ) ;
#401 = CARTESIAN_POINT ( 'NONE',  ( -1.759290307228591921, -8.423035132918876400, 0.7275231754205364609 ) ) ;
#402 = CARTESIAN_POINT ( 'NONE',  ( -1.759290307228591699, -9.423035132918874623, 0.7275231754205363499 ) ) ;
#403 = CARTESIAN_POINT ( 'NONE',  ( -2.250000000000000888, 8.000000000000000000, 0.000000000000000000 ) ) ;
#404 = DIRECTION ( 'NONE',  ( -1.332253022117619153E-16, 1.000000000000000000, -0.000000000000000000 ) ) ;
#405 = ORIENTED_EDGE ( 'NONE', *, *, #1981, .F. ) ;
#406 = CARTESIAN_POINT ( 'NONE',  ( -1.577512011070596687, 6.356661651263872947, 1.604355277028128191 ) ) ;
#407 = CARTESIAN_POINT ( 'NONE',  ( -1.068736389347414661, -4.104968590311980137, -2.496634822799525200 ) ) ;
#408 = CARTESIAN_POINT ( 'NONE',  ( -1.794917275451909378, 3.957531409688019863, -1.753155743969580183 ) ) ;
#409 = CARTESIAN_POINT ( 'NONE',  ( 0.000000000000000000, 0.000000000000000000, 0.000000000000000000 ) ) ;
#410 = CARTESIAN_POINT ( 'NONE',  ( 2.508866492177966201, -4.553601675525772663, 0.03157622219022752225 ) ) ;
#411 = CARTESIAN_POINT ( 'NONE',  ( 0.9109131437704446332, 6.109757608502737192, 2.258611282509372931 ) ) ;
#412 = ORIENTED_EDGE ( 'NONE', *, *, #1493, .F. ) ;
#413 = CARTESIAN_POINT ( 'NONE',  ( -0.7295695355068722021, 4.701964867081124488, 1.758442677127334264 ) ) ;
#414 = CARTESIAN_POINT ( 'NONE',  ( -1.244429921367731673, 2.639464867081124932, 1.242982926273935806 ) ) ;
#415 = CARTESIAN_POINT ( 'NONE',  ( -2.250000000000001332, 12.00000000000000000, 0.000000000000000000 ) ) ;
#416 = CARTESIAN_POINT ( 'NONE',  ( -0.7275231754205346846, -8.673035132918874623, -1.759290307228593475 ) ) ;
#417 = CARTESIAN_POINT ( 'NONE',  ( -2.249999999999998224, -5.769613470544320499, 1.540766712299831859E-15 ) ) ;
#418 = CARTESIAN_POINT ( 'NONE',  ( -1.244429921367731229, -0.3605351329188759557, 1.242982926273935806 ) ) ;
#419 = CARTESIAN_POINT ( 'NONE',  ( -1.244429921367730563, -7.360535132918876400, 1.242982926273935806 ) ) ;
#420 = CARTESIAN_POINT ( 'NONE',  ( 0.7275231754205391255, -7.173035132918874623, 1.759290307228593475 ) ) ;
#421 = EDGE_CURVE ( 'NONE', #3711, #927, #3766, .T. ) ;
#422 = CARTESIAN_POINT ( 'NONE',  ( -1.590345952757923828E-16, 8.000000000000000000, 0.000000000000000000 ) ) ;
#423 = DIRECTION ( 'NONE',  ( -1.332253022117619153E-16, 1.000000000000000000, -0.000000000000000000 ) ) ;
#424 = AXIS2_PLACEMENT_3D ( 'NONE', #2494, #3858, #3793 ) ;
#425 = CARTESIAN_POINT ( 'NONE',  ( 1.605788887702079615, 7.422257608502735415, -1.576052679364651876 ) ) ;
#426 = CARTESIAN_POINT ( 'NONE',  ( -2.521098161556402761, 1.020031409688018975, -1.009676665139634943 ) ) ;
#427 = CARTESIAN_POINT ( 'NONE',  ( 1.009676665139635166, 5.770031409688018087, -2.521098161556404094 ) ) ;
#428 = ORIENTED_EDGE ( 'NONE', *, *, #2115, .T. ) ;
#429 = CARTESIAN_POINT ( 'NONE',  ( -2.242057725680490332, -3.705838348736125276, 0.9509284072362306217 ) ) ;
#430 = ORIENTED_EDGE ( 'NONE', *, *, #1877, .F. ) ;
#431 = CYLINDRICAL_SURFACE ( 'NONE', #498, 2.250000000000000444 ) ;
#432 = CARTESIAN_POINT ( 'NONE',  ( -1.758442677127334042, 2.451964867081124488, -0.7295695355068716470 ) ) ;
#433 = CARTESIAN_POINT ( 'NONE',  ( 1.759290307228593919, 5.076964867081125377, -0.7275231754205366830 ) ) ;
#434 = FACE_OUTER_BOUND ( 'NONE', #2205, .T. ) ;
#435 = CARTESIAN_POINT ( 'NONE',  ( -0.001023180043165843782, -6.235535132918875512, 1.758866492177963980 ) ) ;
#436 = CARTESIAN_POINT ( 'NONE',  ( 2.249901748734118634, -3.702742391497264585, 0.02102667456217082939 ) ) ;
#437 = CARTESIAN_POINT ( 'NONE',  ( 1.759290307228596140, -8.923035132918876400, -0.7275231754205367940 ) ) ;
#438 = CARTESIAN_POINT ( 'NONE',  ( -0.001023180043165577069, -8.235535132918876400, 1.758866492177963980 ) ) ;
#439 = FACE_OUTER_BOUND ( 'NONE', #3752, .T. ) ;
#440 = CARTESIAN_POINT ( 'NONE',  ( 1.751708748875781874, 1.321398324474228447, 1.796364270545708353 ) ) ;
#441 = CARTESIAN_POINT ( 'NONE',  ( -1.576052679364652098, 7.672257608502735415, -1.605788887702079837 ) ) ;
#442 = ORIENTED_EDGE ( 'NONE', *, *, #1937, .T. ) ;
#443 = CARTESIAN_POINT ( 'NONE',  ( 2.521098161556403650, 5.520031409688020752, 1.009676665139636276 ) ) ;
#444 = CARTESIAN_POINT ( 'NONE',  ( 2.249999999999997780, -8.701329582214889058, -2.618747852407189130E-15 ) ) ;
#445 = VERTEX_POINT ( 'NONE', #3433 ) ;
#446 = CARTESIAN_POINT ( 'NONE',  ( -1.577512011070596021, 0.3566616512638747238, 1.604355277028128191 ) ) ;
#447 = ORIENTED_EDGE ( 'NONE', *, *, #15, .F. ) ;
#448 = CARTESIAN_POINT ( 'NONE',  ( 0.9529664928947859659, 5.484757608502736304, -2.241192214958859896 ) ) ;
#449 = CARTESIAN_POINT ( 'NONE',  ( 1.242982926273936028, 3.889464867081124488, 1.244429921367732561 ) ) ;
#450 = CARTESIAN_POINT ( 'NONE',  ( 0.7295695355068716470, 5.201964867081125377, -1.758442677127334486 ) ) ;
#451 = CARTESIAN_POINT ( 'NONE',  ( 1.692578202336735949, 8.000000000000003553, 0.7627742701735595876 ) ) ;
#452 = CARTESIAN_POINT ( 'NONE',  ( -0.001023180043165443929, -9.235535132918876400, 1.758866492177963980 ) ) ;
#453 = FACE_OUTER_BOUND ( 'NONE', #2758, .T. ) ;
#454 = CARTESIAN_POINT ( 'NONE',  ( 0.7275231754205375712, 4.826964867081125377, 1.759290307228593475 ) ) ;
#455 = CARTESIAN_POINT ( 'NONE',  ( -1.759290307228591699, -8.423035132918876400, 0.7275231754205363499 ) ) ;
#456 = CARTESIAN_POINT ( 'NONE',  ( -0.9509284072362305107, 4.044161651263874724, -2.242057725680490776 ) ) ;
#457 = CARTESIAN_POINT ( 'NONE',  ( 2.495787192698266654, 3.383898324474229113, 1.070782749433754732 ) ) ;
#458 = EDGE_CURVE ( 'NONE', #223, #3515, #814, .T. ) ;
#459 = CARTESIAN_POINT ( 'NONE',  ( -1.299038105676659560, 10.00000000000000000, 0.7500000000000002220 ) ) ;
#460 = CARTESIAN_POINT ( 'NONE',  ( -2.508866492177963536, 2.082531409688019863, 0.02952986210389053900 ) ) ;
#461 = CARTESIAN_POINT ( 'NONE',  ( 2.249999999999996003, 2.298670417785110942, -1.036637192644401631E-14 ) ) ;
#462 = ORIENTED_EDGE ( 'NONE', *, *, #1578, .T. ) ;
#463 = CARTESIAN_POINT ( 'NONE',  ( -1.923409208287329356E-16, 8.250000000000000000, 0.000000000000000000 ) ) ;
#464 = DIRECTION ( 'NONE',  ( -1.332253022117619153E-16, 1.000000000000000000, -0.000000000000000000 ) ) ;
#465 = ORIENTED_EDGE ( 'NONE', *, *, #2160, .F. ) ;
#466 = CARTESIAN_POINT ( 'NONE',  ( 2.505471448959446121E-15, -12.00000000000000000, 0.000000000000000000 ) ) ;
#467 = CARTESIAN_POINT ( 'NONE',  ( -1.758866492177963980, 5.514464867081125377, -0.001023180043167467483 ) ) ;
#468 = VECTOR ( 'NONE', #1980, 1000.000000000000000 ) ;
#469 = CARTESIAN_POINT ( 'NONE',  ( 1.759290307228593475, 7.076964867081122712, -0.7275231754205366830 ) ) ;
#470 = CARTESIAN_POINT ( 'NONE',  ( 1.436431564079990730, 8.000000000000000000, 1.308794121782810294 ) ) ;
#471 = AXIS2_PLACEMENT_3D ( 'NONE', #3206, #230, #1528 ) ;
#472 = EDGE_LOOP ( 'NONE', ( #2340, #257 ) ) ;
#473 = CARTESIAN_POINT ( 'NONE',  ( 1.242982926273937361, -7.110535132918875512, 1.244429921367732339 ) ) ;
#474 = CARTESIAN_POINT ( 'NONE',  ( 1.759290307228593919, 2.076964867081124488, -0.7275231754205366830 ) ) ;
#475 = ORIENTED_EDGE ( 'NONE', *, *, #97, .F. ) ;
#476 = CARTESIAN_POINT ( 'NONE',  ( 1.242982926273937139, -6.110535132918875512, 1.244429921367732561 ) ) ;
#477 = CARTESIAN_POINT ( 'NONE',  ( -1.758866492177961982, -7.485535132918875512, -0.001023180043167473338 ) ) ;
#478 = ADVANCED_FACE ( 'NONE', ( #1780 ), #3477, .T. ) ;
#479 = CARTESIAN_POINT ( 'NONE',  ( 2.508866492177964869, 3.446398324474226893, 0.03157622219022752225 ) ) ;
#480 = CARTESIAN_POINT ( 'NONE',  ( -1.576052679364651876, 6.672257608502734527, -1.605788887702079837 ) ) ;
#481 = CARTESIAN_POINT ( 'NONE',  ( -2.249999999999994671, 2.797962663936917949, -0.01051356683023896288 ) ) ;
#482 = AXIS2_PLACEMENT_3D ( 'NONE', #3582, #670, #321 ) ;
#483 = ORIENTED_EDGE ( 'NONE', *, *, #2242, .F. ) ;
#484 = CARTESIAN_POINT ( 'NONE',  ( -2.249919936250256658, -4.768338348736126164, 0.01898105538776425488 ) ) ;
#485 =( BOUNDED_CURVE ( )  B_SPLINE_CURVE ( 2, ( #2325, #3375, #2001, #995, #2305, #354, #679, #1979, #1335, #2661, #3354 ),
 .UNSPECIFIED., .F., .F. ) 
 B_SPLINE_CURVE_WITH_KNOTS ( ( 3, 2, 2, 2, 2, 3 ),
 ( 0.6427845297286226556, 0.6428571428571427937, 0.6488095238095237249, 0.6547619047619046562, 0.6607142857142856984, 0.6665940535381464915 ),
 .UNSPECIFIED. ) 
 CURVE ( )  GEOMETRIC_REPRESENTATION_ITEM ( )  RATIONAL_B_SPLINE_CURVE ( ( 0.9981654678299769490, 0.9990714059914864720, 1.000000000000000000, 0.9238795325112867385, 1.000000000000000000, 0.9238795325112867385, 1.000000000000000000, 0.9238795325112867385, 1.000000000000000000, 0.9248081265198002665, 0.9981654678299769490 ) ) 
 REPRESENTATION_ITEM ( '' )  );
#486 = CARTESIAN_POINT ( 'NONE',  ( 2.249999999999997780, -8.701329582214889058, -2.618747852407189130E-15 ) ) ;
#487 = ORIENTED_EDGE ( 'NONE', *, *, #931, .T. ) ;
#488 = CARTESIAN_POINT ( 'NONE',  ( 1.576052679364652320, 1.172257608502736304, 1.605788887702079837 ) ) ;
#489 = CC_DESIGN_SECURITY_CLASSIFICATION ( #2140, ( #3481 ) ) ;
#490 = CARTESIAN_POINT ( 'NONE',  ( -1.758866492177963758, 6.514464867081123600, -0.001023180043167473338 ) ) ;
#491 = CARTESIAN_POINT ( 'NONE',  ( 2.250000000000000888, 2.731025191032434130, -0.009490696551820264684 ) ) ;
#492 = ORIENTED_EDGE ( 'NONE', *, *, #2166, .T. ) ;
#493 = CARTESIAN_POINT ( 'NONE',  ( 0.001023180043168903401, -4.735535132918875512, -1.758866492177963980 ) ) ;
#494 = CARTESIAN_POINT ( 'NONE',  ( -2.249999999999996891, -10.76961347054432316, 1.403319461532997136E-15 ) ) ;
#495 = CARTESIAN_POINT ( 'NONE',  ( 0.7275231754205377932, 1.826964867081124266, 1.759290307228593475 ) ) ;
#496 = ORIENTED_EDGE ( 'NONE', *, *, #905, .T. ) ;
#497 = CARTESIAN_POINT ( 'NONE',  ( -1.758866492177962426, -5.485535132918875512, -0.001023180043167467483 ) ) ;
#498 = AXIS2_PLACEMENT_3D ( 'NONE', #1395, #3369, #2720 ) ;
#499 = CARTESIAN_POINT ( 'NONE',  ( 1.759290307228595251, -5.923035132918875512, -0.7275231754205366830 ) ) ;
#500 = CARTESIAN_POINT ( 'NONE',  ( -1.775113252944875208, -11.32631316556529200, 0.7486740426810913895 ) ) ;
#501 = CARTESIAN_POINT ( 'NONE',  ( -1.753155743969580405, 7.207531409688018975, 1.794917275451909822 ) ) ;
#502 = CARTESIAN_POINT ( 'NONE',  ( -2.521945791657662639, 5.008898324474228225, 1.007630305053297537 ) ) ;
#503 = CARTESIAN_POINT ( 'NONE',  ( 2.249919936250258434, 7.731661651263873836, -0.01898105538776452897 ) ) ;
#504 = CARTESIAN_POINT ( 'NONE',  ( 2.249999999999999556, 12.00000000000000000, 2.755455298081544778E-16 ) ) ;
#505 = CARTESIAN_POINT ( 'NONE',  ( 0.9129662964607038189, -5.080838348736127053, -2.257782146820025648 ) ) ;
#506 = ADVANCED_FACE ( 'NONE', ( #2393 ), #3777, .T. ) ;
#507 = ORIENTED_EDGE ( 'NONE', *, *, #4250, .F. ) ;
#508 = CARTESIAN_POINT ( 'NONE',  ( 0.01898105538776456019, 3.481661651263873836, 2.249919936250258434 ) ) ;
#509 = ORIENTED_EDGE ( 'NONE', *, *, #3191, .F. ) ;
#510 = CARTESIAN_POINT ( 'NONE',  ( 2.372246146747684008E-15, -11.00000000000000000, 0.000000000000000000 ) ) ;
#511 = ADVANCED_FACE ( 'NONE', ( #777 ), #3128, .T. ) ;
#512 = CARTESIAN_POINT ( 'NONE',  ( 2.508866492177967089, -11.55360167552577266, 0.03157622219022752225 ) ) ;
#513 =( BOUNDED_SURFACE ( )  B_SPLINE_SURFACE ( 1, 2, ( 
 ( #2896, #3217, #3524, #221, #1497, #2496, #3260, #4126, #1517, #244, #2561, #2856, #1156, #928, #2518, #1539, #4192, #304, #3945, #2964, #2320, #2299, #1580, #991, #2989, #3670, #4258, #625, #3969, #948, #2942, #692, #2255, #1996, #1973, #3606, #969, #1281, #2602, #3647, #3325, #373, #3348, #1668, #3013, #2921, #2280, #3628, #1602, #673, #3282, #348, #1645, #28, #1330, #2655, #650, #1, #1929, #1954, #4235, #324, #3989, #1622, #1261, #1306, #2628, #2579, #3921, #2868, #2182, #209, #256, #1831, #876, #2573, #3185, #3599, #921, #1510, #236, #3536, #553, #2554, #3893, #3272, #3914, #941, #297, #1595, #3853, #1532, #1190, #4203, #2846, #2225, #1549, #3575, #1234, #593, #4164, #2204, #2511, #1856, #617, #4185, #1894, #1211, #2888, #3210, #528, #3251, #1917, #2531, #2486, #2246, #3871, #899, #3557, #272, #572, #1167, #1875, #3230, #854, #2935, #1569, #3832, #2912, #4227, #1254, #2161, #3514, #407, #2594, #2359, #3685, #706, #1967, #2313, #4272, #963, #3317, #2954, #2693, #1297, #2009, #340, #665, #4251, #1002, #3639, #386, #2032, #3936, #1682, #3704, #3364, #3619, #2671, #42, #3026, #728, #63, #1636, #641, #3385, #2646, #2978, #3961, #316, #2618, #1365, #3340, #2291, #20, #1616, #983, #1705, #1274, #1946, #363, #4004, #1322, #2271, #4024, #3292, #3980, #1047, #3662, #686, #1988, #1660, #1344, #3005, #1024, #805, #166, #2400, #2460, #3072, #3768, #3806, #3748, #2733, #827, #4096, #765, #2074, #3488, #3050, #3423, #4045, #1067, #1747, #426, #3463, #1788, #2380, #3728, #1726, #2438, #3138, #120, #2419, #2755, #2802, #1125, #102, #1104, #786, #3440, #460, #1767, #3113, #141, #1444, #2779, #2329, #2759, #341, #729, #666, #1637, #3027, #2033, #2381, #1661, #43, #1048, #1706, #2619, #2314, #21, #2955, #3006, #707, #2979, #3705, #317, #1366, #1323, #408, #3962, #3051, #1389, #2647, #2010, #4046, #1068, #3729, #1617, #1947, #984, #3293, #2292, #364, #1683, #3981, #1989, #1345, #2672, #4005, #1026, #2335, #3686, #1446, #443, #747, #1466, #3403, #427, #1425, #830, #1407, #2734, #1105, #234, #1019, #1678, #1699, #661, #3614, #2641, #4076, #2047, #100, #1743, #802, #2799, #2375, #1100, #3090, #3723, #501, #2434, #2112, #118, #2456, #2750, #3483, #1523, #891, #1225, #184, #4133, #3507, #522, #2196 ),
 ( #1825, #2547, #3885, #2607, #353, #3674, #2660, #655, #1608, #2347, #3308, #288, #2926, #3951, #3974, #3353, #1627, #2304, #4264, #2969, #3653, #678, #3633, #1673, #1586, #8, #2585, #3926, #1959, #2324, #1355, #4242, #1978, #2260, #953, #631, #3331, #1035, #331, #1935, #3374, #397, #3395, #1418, #452, #1457, #2790, #3062, #3126, #2044, #2743, #4108, #2724, #416, #1135, #3104, #1717, #1399, #2449, #3795, #94, #155, #1693, #4055, #1059, #2429, #796, #2021, #3038, #74, #1435, #3776, #1077, #4070, #2392, #2105, #130, #4034, #473, #2767, #1378, #2369, #3452, #1779, #3716, #3413, #738, #4087, #1737, #3739, #757, #2066, #435, #1115, #3083, #1094, #2410, #3757, #776, #1757, #177, #1178, #3174, #1800, #1841, #3859, #3819, #2875, #3476, #243, #197, #1863, #3151, #4191, #1538, #1218, #493, #2540, #1496, #3216, #1477, #3878, #907, #2833, #884, #2211, #2895, #3563, #2811, #579, #4125, #260, #4211, #3523, #2189, #1882, #1155, #2470, #838, #4149, #3542, #3237, #1555, #2495, #2149, #1240, #863, #2560, #3499, #3840, #219, #817, #539, #3196, #516, #1516, #2855, #4173, #1818, #2129, #2169, #1197, #2517, #561, #379, #2727, #3085, #1651, #1380, #3677, #2664, #3759, #3397, #3719, #3020, #2371, #35, #3996, #55, #2045, #3064, #4072, #1096, #1358, #1420, #2686, #418, #2413, #1038, #4016, #778, #1401, #2349, #3699, #2088, #1015, #719, #2745, #698, #2024, #2002, #759, #3416, #3355, #3377, #400, #1078, #115, #1695, #1718, #3041, #2394, #199, #4089, #1843, #1498, #2770, #1437, #865, #541, #3778, #495, #1117, #1180, #3153, #474, #2172, #2107, #3454, #2835, #3525, #3861, #179, #1479, #2497, #3198, #2430, #3797, #1458, #132, #2813, #2151, #1781, #222, #2793, #3842, #1820, #798, #4127, #886, #1759, #1518, #4152, #2857, #1137, #1157, #3129, #157, #2451, #4109, #4175, #818, #1199, #2131, #3478, #3434, #2473, #1802, #2519, #454, #3107, #3821, #840, #3501, #517, #3176, #2256, #305, #325, #3946, #2562, #2877, #1623, #603, #1242, #1883, #2542, #2213, #1282, #1262, #262, #2897, #3880, #909, #2965, #2, #4193, #2580, #1930, #1557, #1307, #1603, #2629, #3239, #2943, #3565, #4213, #1581, #3629, #3607, #2191, #3922, #4259, #651, #3902, #1220, #949, #581, #929, #1955, #2233, #3970, #3283, #3586, #1903, #3261, #283, #626, #2603 ) ),
 .UNSPECIFIED., .F., .F., .T. ) 
 B_SPLINE_SURFACE_WITH_KNOTS ( ( 2, 2 ),
 ( 3, 2, 2, 2, 2, 2, 2, 2, 2, 2, 2, 2, 2, 2, 2, 2, 2, 2, 2, 2, 2, 2, 2, 2, 2, 2, 2, 2, 2, 2, 2, 2, 2, 2, 2, 2, 2, 2, 2, 2, 2, 2, 2, 2, 2, 2, 2, 2, 2, 2, 2, 2, 2, 2, 2, 2, 2, 2, 2, 2, 2, 2, 2, 2, 2, 2, 2, 2, 2, 2, 2, 2, 2, 2, 2, 2, 2, 2, 2, 2, 2, 2, 2, 2, 2, 2, 2, 2, 2, 2, 2, 2, 2, 2, 2, 2, 2, 2, 2, 2, 2, 2, 2, 2, 2, 2, 2, 2, 2, 2, 2, 2, 2, 2, 2, 2, 2, 2, 2, 2, 2, 2, 2, 2, 2, 2, 2, 2, 2, 2, 2, 2, 2, 2, 2, 2, 2, 2, 2, 2, 2, 2, 2, 2, 2, 2, 2, 2, 2, 2, 2, 2, 2, 2, 2, 2, 2, 2, 2, 2, 2, 2, 2, 2, 3 ),
 ( 0.000000000000000000, 1.000000000000000000 ),
 ( 0.000000000000000000, 0.005952380952380952051, 0.01190476190476190410, 0.01785714285714285615, 0.02380952380952380820, 0.02976190476190476025, 0.03571428571428571230, 0.04166666666666666435, 0.04761904761904761640, 0.05357142857142856845, 0.05952380952380952051, 0.06547619047619047949, 0.07142857142857142461, 0.07738095238095238360, 0.08333333333333332871, 0.08928571428571428770, 0.09523809523809523281, 0.1011904761904761918, 0.1071428571428571369, 0.1130952380952380959, 0.1190476190476190410, 0.1250000000000000000, 0.1309523809523809590, 0.1369047619047619180, 0.1428571428571428492, 0.1488095238095238082, 0.1547619047619047672, 0.1607142857142857262, 0.1666666666666666574, 0.1726190476190476164, 0.1785714285714285754, 0.1845238095238095344, 0.1904761904761904656, 0.1964285714285714246, 0.2023809523809523836, 0.2083333333333333426, 0.2142857142857142738, 0.2202380952380952328, 0.2261904761904761918, 0.2321428571428571508, 0.2380952380952380820, 0.2440476190476190410, 0.2500000000000000000, 0.2559523809523809312, 0.2619047619047619180, 0.2678571428571428492, 0.2738095238095238360, 0.2797619047619047672, 0.2857142857142856984, 0.2916666666666666852, 0.2976190476190476164, 0.3035714285714285476, 0.3095238095238095344, 0.3154761904761904656, 0.3214285714285714524, 0.3273809523809523836, 0.3333333333333333148, 0.3392857142857143016, 0.3452380952380952328, 0.3511904761904761640, 0.3571428571428571508, 0.3630952380952380820, 0.3690476190476190688, 0.3750000000000000000, 0.3809523809523809312, 0.3869047619047619180, 0.3928571428571428492, 0.3988095238095238360, 0.4047619047619047672, 0.4107142857142856984, 0.4166666666666666852, 0.4226190476190476164, 0.4285714285714285476, 0.4345238095238095344, 0.4404761904761904656, 0.4464285714285714524, 0.4523809523809523836, 0.4583333333333333148, 0.4642857142857143016, 0.4702380952380952328, 0.4761904761904761640, 0.4821428571428571508, 0.4880952380952380820, 0.4940476190476190688, 0.5000000000000000000, 0.5059523809523809312, 0.5119047619047618625, 0.5178571428571429047, 0.5238095238095238360, 0.5297619047619047672, 0.5357142857142856984, 0.5416666666666666297, 0.5476190476190476719, 0.5535714285714286031, 0.5595238095238095344, 0.5654761904761904656, 0.5714285714285713969, 0.5773809523809523281, 0.5833333333333333703, 0.5892857142857143016, 0.5952380952380952328, 0.6011904761904761640, 0.6071428571428570953, 0.6130952380952381375, 0.6190476190476190688, 0.6250000000000000000, 0.6309523809523809312, 0.6369047619047618625, 0.6428571428571429047, 0.6488095238095238360, 0.6547619047619047672, 0.6607142857142856984, 0.6666666666666666297, 0.6726190476190476719, 0.6785714285714286031, 0.6845238095238095344, 0.6904761904761904656, 0.6964285714285713969, 0.7023809523809523281, 0.7083333333333333703, 0.7142857142857143016, 0.7202380952380952328, 0.7261904761904761640, 0.7321428571428570953, 0.7380952380952381375, 0.7440476190476190688, 0.7500000000000000000, 0.7559523809523809312, 0.7619047619047618625, 0.7678571428571429047, 0.7738095238095238360, 0.7797619047619047672, 0.7857142857142856984, 0.7916666666666666297, 0.7976190476190476719, 0.8035714285714286031, 0.8095238095238095344, 0.8154761904761904656, 0.8214285714285713969, 0.8273809523809523281, 0.8333333333333333703, 0.8392857142857143016, 0.8452380952380952328, 0.8511904761904761640, 0.8571428571428570953, 0.8630952380952381375, 0.8690476190476190688, 0.8750000000000000000, 0.8809523809523809312, 0.8869047619047618625, 0.8928571428571429047, 0.8988095238095238360, 0.9047619047619047672, 0.9107142857142856984, 0.9166666666666666297, 0.9226190476190476719, 0.9285714285714286031, 0.9345238095238095344, 0.9404761904761904656, 0.9464285714285713969, 0.9523809523809523281, 0.9583333333333333703, 0.9642857142857143016, 0.9702380952380952328, 0.9761904761904761640 ),
 .UNSPECIFIED. ) 
 GEOMETRIC_REPRESENTATION_ITEM ( )  RATIONAL_B_SPLINE_SURFACE ( (
 ( 1.000000000000000000, 0.9238795325112867385, 1.000000000000000000, 0.9238795325112867385, 1.000000000000000000, 0.9238795325112867385, 1.000000000000000000, 0.9238795325112867385, 1.000000000000000000, 0.9238795325112867385, 1.000000000000000000, 0.9238795325112867385, 1.000000000000000000, 0.9238795325112867385, 1.000000000000000000, 0.9238795325112867385, 1.000000000000000000, 0.9238795325112867385, 1.000000000000000000, 0.9238795325112867385, 1.000000000000000000, 0.9238795325112867385, 1.000000000000000000, 0.9238795325112867385, 1.000000000000000000, 0.9238795325112867385, 1.000000000000000000, 0.9238795325112867385, 1.000000000000000000, 0.9238795325112867385, 1.000000000000000000, 0.9238795325112867385, 1.000000000000000000, 0.9238795325112867385, 1.000000000000000000, 0.9238795325112867385, 1.000000000000000000, 0.9238795325112867385, 1.000000000000000000, 0.9238795325112867385, 1.000000000000000000, 0.9238795325112867385, 1.000000000000000000, 0.9238795325112867385, 1.000000000000000000, 0.9238795325112867385, 1.000000000000000000, 0.9238795325112867385, 1.000000000000000000, 0.9238795325112867385, 1.000000000000000000, 0.9238795325112867385, 1.000000000000000000, 0.9238795325112867385, 1.000000000000000000, 0.9238795325112867385, 1.000000000000000000, 0.9238795325112867385, 1.000000000000000000, 0.9238795325112867385, 1.000000000000000000, 0.9238795325112867385, 1.000000000000000000, 0.9238795325112867385, 1.000000000000000000, 0.9238795325112867385, 1.000000000000000000, 0.9238795325112867385, 1.000000000000000000, 0.9238795325112867385, 1.000000000000000000, 0.9238795325112867385, 1.000000000000000000, 0.9238795325112867385, 1.000000000000000000, 0.9238795325112867385, 1.000000000000000000, 0.9238795325112867385, 1.000000000000000000, 0.9238795325112867385, 1.000000000000000000, 0.9238795325112867385, 1.000000000000000000, 0.9238795325112867385, 1.000000000000000000, 0.9238795325112867385, 1.000000000000000000, 0.9238795325112867385, 1.000000000000000000, 0.9238795325112867385, 1.000000000000000000, 0.9238795325112867385, 1.000000000000000000, 0.9238795325112867385, 1.000000000000000000, 0.9238795325112867385, 1.000000000000000000, 0.9238795325112867385, 1.000000000000000000, 0.9238795325112867385, 1.000000000000000000, 0.9238795325112867385, 1.000000000000000000, 0.9238795325112867385, 1.000000000000000000, 0.9238795325112867385, 1.000000000000000000, 0.9238795325112867385, 1.000000000000000000, 0.9238795325112867385, 1.000000000000000000, 0.9238795325112867385, 1.000000000000000000, 0.9238795325112867385, 1.000000000000000000, 0.9238795325112867385, 1.000000000000000000, 0.9238795325112867385, 1.000000000000000000, 0.9238795325112867385, 1.000000000000000000, 0.9238795325112867385, 1.000000000000000000, 0.9238795325112867385, 1.000000000000000000, 0.9238795325112867385, 1.000000000000000000, 0.9238795325112867385, 1.000000000000000000, 0.9238795325112867385, 1.000000000000000000, 0.9238795325112867385, 1.000000000000000000, 0.9238795325112867385, 1.000000000000000000, 0.9238795325112867385, 1.000000000000000000, 0.9238795325112867385, 1.000000000000000000, 0.9238795325112867385, 1.000000000000000000, 0.9238795325112867385, 1.000000000000000000, 0.9238795325112867385, 1.000000000000000000, 0.9238795325112867385, 1.000000000000000000, 0.9238795325112867385, 1.000000000000000000, 0.9238795325112867385, 1.000000000000000000, 0.9238795325112867385, 1.000000000000000000, 0.9238795325112867385, 1.000000000000000000, 0.9238795325112867385, 1.000000000000000000, 0.9238795325112867385, 1.000000000000000000, 0.9238795325112867385, 1.000000000000000000, 0.9238795325112867385, 1.000000000000000000, 0.9238795325112867385, 1.000000000000000000, 0.9238795325112867385, 1.000000000000000000, 0.9238795325112867385, 1.000000000000000000, 0.9238795325112867385, 1.000000000000000000, 0.9238795325112867385, 1.000000000000000000, 0.9238795325112867385, 1.000000000000000000, 0.9238795325112867385, 1.000000000000000000, 0.9238795325112867385, 1.000000000000000000, 0.9238795325112867385, 1.000000000000000000, 0.9238795325112867385, 1.000000000000000000, 0.9238795325112867385, 1.000000000000000000, 0.9238795325112867385, 1.000000000000000000, 0.9238795325112867385, 1.000000000000000000, 0.9238795325112867385, 1.000000000000000000, 0.9238795325112867385, 1.000000000000000000, 0.9238795325112867385, 1.000000000000000000, 0.9238795325112867385, 1.000000000000000000, 0.9238795325112867385, 1.000000000000000000, 0.9238795325112867385, 1.000000000000000000, 0.9238795325112867385, 1.000000000000000000, 0.9238795325112867385, 1.000000000000000000, 0.9238795325112867385, 1.000000000000000000, 0.9238795325112867385, 1.000000000000000000, 0.9238795325112867385, 1.000000000000000000, 0.9238795325112867385, 1.000000000000000000, 0.9238795325112867385, 1.000000000000000000, 0.9238795325112867385, 1.000000000000000000, 0.9238795325112867385, 1.000000000000000000, 0.9238795325112867385, 1.000000000000000000, 0.9238795325112867385, 1.000000000000000000, 0.9238795325112867385, 1.000000000000000000, 0.9238795325112867385, 1.000000000000000000, 0.9238795325112867385, 1.000000000000000000, 0.9238795325112867385, 1.000000000000000000, 0.9238795325112867385, 1.000000000000000000, 0.9238795325112867385, 1.000000000000000000, 0.9238795325112867385, 1.000000000000000000, 0.9238795325112867385, 1.000000000000000000, 0.9238795325112867385, 1.000000000000000000, 0.9238795325112867385, 1.000000000000000000, 0.9238795325112867385, 1.000000000000000000, 0.9238795325112867385, 1.000000000000000000, 0.9238795325112867385, 1.000000000000000000, 0.9238795325112867385, 1.000000000000000000, 0.9238795325112867385, 1.000000000000000000, 0.9238795325112867385, 1.000000000000000000, 0.9238795325112867385, 1.000000000000000000, 0.9238795325112867385, 1.000000000000000000, 0.9238795325112867385, 1.000000000000000000, 0.9238795325112867385, 1.000000000000000000, 0.9238795325112867385, 1.000000000000000000, 0.9238795325112867385, 1.000000000000000000, 0.9238795325112867385, 1.000000000000000000, 0.9238795325112867385, 1.000000000000000000, 0.9238795325112867385, 1.000000000000000000, 0.9238795325112867385, 1.000000000000000000, 0.9238795325112867385, 1.000000000000000000, 0.9238795325112867385, 1.000000000000000000, 0.9238795325112867385, 1.000000000000000000, 0.9238795325112867385, 1.000000000000000000, 0.9238795325112867385, 1.000000000000000000, 0.9238795325112867385, 1.000000000000000000, 0.9238795325112867385, 1.000000000000000000, 0.9238795325112867385, 1.000000000000000000, 0.9238795325112867385, 1.000000000000000000, 0.9238795325112867385, 1.000000000000000000, 0.9238795325112867385, 1.000000000000000000, 0.9238795325112867385, 1.000000000000000000, 0.9238795325112867385, 1.000000000000000000, 0.9238795325112867385, 1.000000000000000000, 0.9238795325112867385, 1.000000000000000000, 0.9238795325112867385, 1.000000000000000000, 0.9238795325112867385, 1.000000000000000000, 0.9238795325112867385, 1.000000000000000000, 0.9238795325112867385, 1.000000000000000000, 0.9238795325112867385, 1.000000000000000000, 0.9238795325112867385, 1.000000000000000000, 0.9238795325112867385, 1.000000000000000000, 0.9238795325112867385, 1.000000000000000000, 0.9238795325112867385, 1.000000000000000000, 0.9238795325112867385, 1.000000000000000000, 0.9238795325112867385, 1.000000000000000000, 0.9238795325112867385, 1.000000000000000000),
 ( 1.000000000000000000, 0.9238795325112867385, 1.000000000000000000, 0.9238795325112867385, 1.000000000000000000, 0.9238795325112867385, 1.000000000000000000, 0.9238795325112867385, 1.000000000000000000, 0.9238795325112867385, 1.000000000000000000, 0.9238795325112867385, 1.000000000000000000, 0.9238795325112867385, 1.000000000000000000, 0.9238795325112867385, 1.000000000000000000, 0.9238795325112867385, 1.000000000000000000, 0.9238795325112867385, 1.000000000000000000, 0.9238795325112867385, 1.000000000000000000, 0.9238795325112867385, 1.000000000000000000, 0.9238795325112867385, 1.000000000000000000, 0.9238795325112867385, 1.000000000000000000, 0.9238795325112867385, 1.000000000000000000, 0.9238795325112867385, 1.000000000000000000, 0.9238795325112867385, 1.000000000000000000, 0.9238795325112867385, 1.000000000000000000, 0.9238795325112867385, 1.000000000000000000, 0.9238795325112867385, 1.000000000000000000, 0.9238795325112867385, 1.000000000000000000, 0.9238795325112867385, 1.000000000000000000, 0.9238795325112867385, 1.000000000000000000, 0.9238795325112867385, 1.000000000000000000, 0.9238795325112867385, 1.000000000000000000, 0.9238795325112867385, 1.000000000000000000, 0.9238795325112867385, 1.000000000000000000, 0.9238795325112867385, 1.000000000000000000, 0.9238795325112867385, 1.000000000000000000, 0.9238795325112867385, 1.000000000000000000, 0.9238795325112867385, 1.000000000000000000, 0.9238795325112867385, 1.000000000000000000, 0.9238795325112867385, 1.000000000000000000, 0.9238795325112867385, 1.000000000000000000, 0.9238795325112867385, 1.000000000000000000, 0.9238795325112867385, 1.000000000000000000, 0.9238795325112867385, 1.000000000000000000, 0.9238795325112867385, 1.000000000000000000, 0.9238795325112867385, 1.000000000000000000, 0.9238795325112867385, 1.000000000000000000, 0.9238795325112867385, 1.000000000000000000, 0.9238795325112867385, 1.000000000000000000, 0.9238795325112867385, 1.000000000000000000, 0.9238795325112867385, 1.000000000000000000, 0.9238795325112867385, 1.000000000000000000, 0.9238795325112867385, 1.000000000000000000, 0.9238795325112867385, 1.000000000000000000, 0.9238795325112867385, 1.000000000000000000, 0.9238795325112867385, 1.000000000000000000, 0.9238795325112867385, 1.000000000000000000, 0.9238795325112867385, 1.000000000000000000, 0.9238795325112867385, 1.000000000000000000, 0.9238795325112867385, 1.000000000000000000, 0.9238795325112867385, 1.000000000000000000, 0.9238795325112867385, 1.000000000000000000, 0.9238795325112867385, 1.000000000000000000, 0.9238795325112867385, 1.000000000000000000, 0.9238795325112867385, 1.000000000000000000, 0.9238795325112867385, 1.000000000000000000, 0.9238795325112867385, 1.000000000000000000, 0.9238795325112867385, 1.000000000000000000, 0.9238795325112867385, 1.000000000000000000, 0.9238795325112867385, 1.000000000000000000, 0.9238795325112867385, 1.000000000000000000, 0.9238795325112867385, 1.000000000000000000, 0.9238795325112867385, 1.000000000000000000, 0.9238795325112867385, 1.000000000000000000, 0.9238795325112867385, 1.000000000000000000, 0.9238795325112867385, 1.000000000000000000, 0.9238795325112867385, 1.000000000000000000, 0.9238795325112867385, 1.000000000000000000, 0.9238795325112867385, 1.000000000000000000, 0.9238795325112867385, 1.000000000000000000, 0.9238795325112867385, 1.000000000000000000, 0.9238795325112867385, 1.000000000000000000, 0.9238795325112867385, 1.000000000000000000, 0.9238795325112867385, 1.000000000000000000, 0.9238795325112867385, 1.000000000000000000, 0.9238795325112867385, 1.000000000000000000, 0.9238795325112867385, 1.000000000000000000, 0.9238795325112867385, 1.000000000000000000, 0.9238795325112867385, 1.000000000000000000, 0.9238795325112867385, 1.000000000000000000, 0.9238795325112867385, 1.000000000000000000, 0.9238795325112867385, 1.000000000000000000, 0.9238795325112867385, 1.000000000000000000, 0.9238795325112867385, 1.000000000000000000, 0.9238795325112867385, 1.000000000000000000, 0.9238795325112867385, 1.000000000000000000, 0.9238795325112867385, 1.000000000000000000, 0.9238795325112867385, 1.000000000000000000, 0.9238795325112867385, 1.000000000000000000, 0.9238795325112867385, 1.000000000000000000, 0.9238795325112867385, 1.000000000000000000, 0.9238795325112867385, 1.000000000000000000, 0.9238795325112867385, 1.000000000000000000, 0.9238795325112867385, 1.000000000000000000, 0.9238795325112867385, 1.000000000000000000, 0.9238795325112867385, 1.000000000000000000, 0.9238795325112867385, 1.000000000000000000, 0.9238795325112867385, 1.000000000000000000, 0.9238795325112867385, 1.000000000000000000, 0.9238795325112867385, 1.000000000000000000, 0.9238795325112867385, 1.000000000000000000, 0.9238795325112867385, 1.000000000000000000, 0.9238795325112867385, 1.000000000000000000, 0.9238795325112867385, 1.000000000000000000, 0.9238795325112867385, 1.000000000000000000, 0.9238795325112867385, 1.000000000000000000, 0.9238795325112867385, 1.000000000000000000, 0.9238795325112867385, 1.000000000000000000, 0.9238795325112867385, 1.000000000000000000, 0.9238795325112867385, 1.000000000000000000, 0.9238795325112867385, 1.000000000000000000, 0.9238795325112867385, 1.000000000000000000, 0.9238795325112867385, 1.000000000000000000, 0.9238795325112867385, 1.000000000000000000, 0.9238795325112867385, 1.000000000000000000, 0.9238795325112867385, 1.000000000000000000, 0.9238795325112867385, 1.000000000000000000, 0.9238795325112867385, 1.000000000000000000, 0.9238795325112867385, 1.000000000000000000, 0.9238795325112867385, 1.000000000000000000, 0.9238795325112867385, 1.000000000000000000, 0.9238795325112867385, 1.000000000000000000, 0.9238795325112867385, 1.000000000000000000, 0.9238795325112867385, 1.000000000000000000, 0.9238795325112867385, 1.000000000000000000, 0.9238795325112867385, 1.000000000000000000, 0.9238795325112867385, 1.000000000000000000, 0.9238795325112867385, 1.000000000000000000, 0.9238795325112867385, 1.000000000000000000, 0.9238795325112867385, 1.000000000000000000, 0.9238795325112867385, 1.000000000000000000, 0.9238795325112867385, 1.000000000000000000, 0.9238795325112867385, 1.000000000000000000, 0.9238795325112867385, 1.000000000000000000, 0.9238795325112867385, 1.000000000000000000, 0.9238795325112867385, 1.000000000000000000, 0.9238795325112867385, 1.000000000000000000, 0.9238795325112867385, 1.000000000000000000, 0.9238795325112867385, 1.000000000000000000, 0.9238795325112867385, 1.000000000000000000, 0.9238795325112867385, 1.000000000000000000, 0.9238795325112867385, 1.000000000000000000, 0.9238795325112867385, 1.000000000000000000, 0.9238795325112867385, 1.000000000000000000, 0.9238795325112867385, 1.000000000000000000, 0.9238795325112867385, 1.000000000000000000, 0.9238795325112867385, 1.000000000000000000, 0.9238795325112867385, 1.000000000000000000, 0.9238795325112867385, 1.000000000000000000, 0.9238795325112867385, 1.000000000000000000, 0.9238795325112867385, 1.000000000000000000, 0.9238795325112867385, 1.000000000000000000, 0.9238795325112867385, 1.000000000000000000, 0.9238795325112867385, 1.000000000000000000, 0.9238795325112867385, 1.000000000000000000, 0.9238795325112867385, 1.000000000000000000, 0.9238795325112867385, 1.000000000000000000, 0.9238795325112867385, 1.000000000000000000, 0.9238795325112867385, 1.000000000000000000, 0.9238795325112867385, 1.000000000000000000, 0.9238795325112867385, 1.000000000000000000) ) ) 
 REPRESENTATION_ITEM ( '' )  SURFACE ( )  );
#514 = CARTESIAN_POINT ( 'NONE',  ( 1.691060911129108169, 7.943794761912065461, 0.7968729515047193734 ) ) ;
#515 = CARTESIAN_POINT ( 'NONE',  ( -2.249999999999986233, -1.831582707743595106, -0.9208808658774270128 ) ) ;
#516 = CARTESIAN_POINT ( 'NONE',  ( -1.244429921367731007, -2.360535132918875956, 1.242982926273935806 ) ) ;
#517 = CARTESIAN_POINT ( 'NONE',  ( 1.244429921367732561, 5.139464867081125377, -1.242982926273935806 ) ) ;
#518 = ORIENTED_EDGE ( 'NONE', *, *, #2945, .F. ) ;
#519 = CARTESIAN_POINT ( 'NONE',  ( -0.7295695355068707588, -6.298035132918875512, 1.758442677127334264 ) ) ;
#520 = CARTESIAN_POINT ( 'NONE',  ( -0.7295695355068709809, -3.298035132918875068, 1.758442677127334042 ) ) ;
#521 = CARTESIAN_POINT ( 'NONE',  ( -0.9529664928947851887, -8.015242391497263696, 2.241192214958859452 ) ) ;
#522 = CARTESIAN_POINT ( 'NONE',  ( -2.521098161556404094, 8.020031409688019863, -1.009676665139634943 ) ) ;
#523 = CARTESIAN_POINT ( 'NONE',  ( -2.508866492177964425, 6.946398324474226449, -0.03157622219022782756 ) ) ;
#524 = CARTESIAN_POINT ( 'NONE',  ( 0.02102667456217286596, -7.452742391497264585, -2.249901748734116858 ) ) ;
#525 = CARTESIAN_POINT ( 'NONE',  ( 1.758866492177966867, -11.98553513291887640, 0.001023180043167252161 ) ) ;
#526 = CARTESIAN_POINT ( 'NONE',  ( -2.249999999999999556, 3.230386529455678613, 1.715545315126795680E-15 ) ) ;
#527 = CARTESIAN_POINT ( 'NONE',  ( 0.9109131437704458545, -2.890242391497263696, 2.258611282509372931 ) ) ;
#528 = CARTESIAN_POINT ( 'NONE',  ( 1.794917275451911154, -5.542468590311981025, 1.753155743969580405 ) ) ;
#529 = ORIENTED_EDGE ( 'NONE', *, *, #972, .F. ) ;
#530 = DIRECTION ( 'NONE',  ( -1.332253022117619153E-16, 1.000000000000000000, -0.000000000000000000 ) ) ;
#531 = APPROVAL ( #1467, 'UNSPECIFIED' ) ;
#532 = VERTEX_POINT ( 'NONE', #2130 ) ;
#533 = FACE_OUTER_BOUND ( 'NONE', #4043, .T. ) ;
#534 = CARTESIAN_POINT ( 'NONE',  ( -1.244429921367732339, 6.639464867081123600, 1.242982926273935806 ) ) ;
#535 = CARTESIAN_POINT ( 'NONE',  ( 2.249901748734119522, -10.70274239149726547, 0.02102667456217082939 ) ) ;
#536 = EDGE_CURVE ( 'NONE', #2987, #3125, #358, .T. ) ;
#537 = CARTESIAN_POINT ( 'NONE',  ( 1.299038105676656896, 10.00000000000000000, -0.7500000000000005551 ) ) ;
#538 = ORIENTED_EDGE ( 'NONE', *, *, #114, .F. ) ;
#539 = CARTESIAN_POINT ( 'NONE',  ( -1.758866492177962648, -2.485535132918875956, -0.001023180043167473338 ) ) ;
#540 = DIRECTION ( 'NONE',  ( -1.332253022117619153E-16, 1.000000000000000000, -0.000000000000000000 ) ) ;
#541 = CARTESIAN_POINT ( 'NONE',  ( -0.7295695355068716470, 1.701964867081124266, 1.758442677127334042 ) ) ;
#542 = VERTEX_POINT ( 'NONE', #2792 ) ;
#543 = CARTESIAN_POINT ( 'NONE',  ( -1.758442677127333154, -5.548035132918875512, -0.7295695355068716470 ) ) ;
#544 = VECTOR ( 'NONE', #2220, 1000.000000000000000 ) ;
#545 = CARTESIAN_POINT ( 'NONE',  ( 0.001023180043168770261, -3.735535132918875512, -1.758866492177963980 ) ) ;
#546 = CARTESIAN_POINT ( 'NONE',  ( -1.815277735316859875, -11.43472226468136910, 0.2119045283414347502 ) ) ;
#547 = CARTESIAN_POINT ( 'NONE',  ( 0.03157622219022796634, 4.696398324474228225, -2.508866492177964425 ) ) ;
#548 = CARTESIAN_POINT ( 'NONE',  ( -2.249919936250256658, -6.768338348736126164, 0.01898105538776425488 ) ) ;
#549 = CYLINDRICAL_SURFACE ( 'NONE', #471, 2.250000000000000444 ) ;
#550 = ADVANCED_FACE ( 'NONE', ( #453 ), #3937, .T. ) ;
#551 = CARTESIAN_POINT ( 'NONE',  ( 0.9509284072362319540, 5.544161651263877388, 2.242057725680490332 ) ) ;
#552 = CARTESIAN_POINT ( 'NONE',  ( -2.241192214958859008, -6.265242391497265473, -0.9529664928947859659 ) ) ;
#553 = CARTESIAN_POINT ( 'NONE',  ( 1.753155743969581959, -7.292468590311981025, -1.794917275451909822 ) ) ;
#554 = ORIENTED_EDGE ( 'NONE', *, *, #2030, .F. ) ;
#555 = CARTESIAN_POINT ( 'NONE',  ( -2.249999999999999556, 7.230386529455678613, 1.360897470555578513E-15 ) ) ;
#556 = CARTESIAN_POINT ( 'NONE',  ( 2.521945791657664859, -9.491101675525772663, -1.007630305053297981 ) ) ;
#557 = VECTOR ( 'NONE', #342, 1000.000000000000000 ) ;
#558 = ADVANCED_FACE ( 'NONE', ( #3396 ), #2370, .T. ) ;
#559 = CARTESIAN_POINT ( 'NONE',  ( 1.750977470052399010, 7.999999999998697042, 0.1664039770339539315 ) ) ;
#560 = DIRECTION ( 'NONE',  ( -0.8660254037844388186, 0.000000000000000000, -0.4999999999999996669 ) ) ;
#561 = CARTESIAN_POINT ( 'NONE',  ( 0.7295695355068724242, -1.798035132918875290, -1.758442677127334486 ) ) ;
#562 = DIRECTION ( 'NONE',  ( -1.000000000000000000, 0.000000000000000000, 0.000000000000000000 ) ) ;
#563 = CARTESIAN_POINT ( 'NONE',  ( -2.249901748734115525, -2.202742391497265029, -0.02102667456217110348 ) ) ;
#564 = CARTESIAN_POINT ( 'NONE',  ( -0.7275231754205351287, -4.673035132918875512, -1.759290307228593475 ) ) ;
#565 = CARTESIAN_POINT ( 'NONE',  ( -0.7275231754205351287, -5.673035132918875512, -1.759290307228593475 ) ) ;
#566 = CARTESIAN_POINT ( 'NONE',  ( 2.521945791657662639, 7.508898324474227337, -1.007630305053297981 ) ) ;
#567 = CARTESIAN_POINT ( 'NONE',  ( 2.249999999999993783, -7.639417963350931373, -0.9196868998405793860 ) ) ;
#568 = VECTOR ( 'NONE', #3657, 1000.000000000000114 ) ;
#569 = CARTESIAN_POINT ( 'NONE',  ( -2.249999999999995559, 4.798670417785111830, 1.048517448617733223E-14 ) ) ;
#570 = CARTESIAN_POINT ( 'NONE',  ( 1.605788887702081391, -6.577742391497264585, -1.576052679364651876 ) ) ;
#571 = B_SPLINE_CURVE_WITH_KNOTS ( 'NONE', 3,
 ( #690, #1239, #3918, #966, #1642, #4256, #301, #1006, #2598, #3942, #2277, #2577, #2986, #3345, #3625, #926 ),
 .UNSPECIFIED., .F., .F.,
 ( 4, 2, 2, 2, 2, 2, 2, 4 ),
 ( 0.006091824428307471111, 0.006550576447388644155, 0.007009328466469817200, 0.007468080485550990244, 0.007926832504632162421, 0.008385584523713334598, 0.008844336542794508510, 0.009761840580956852864 ),
 .UNSPECIFIED. ) ;
#572 = CARTESIAN_POINT ( 'NONE',  ( -2.508866492177962648, -4.917468590311981025, 0.02952986210389053900 ) ) ;
#573 = ORIENTED_EDGE ( 'NONE', *, *, #2480, .T. ) ;
#574 = CARTESIAN_POINT ( 'NONE',  ( -2.249999999999999112, -0.7689748089675653153, 0.009490696551820184887 ) ) ;
#575 = CARTESIAN_POINT ( 'NONE',  ( 1.796364270545710573, -11.42860167552577266, -1.751708748875781652 ) ) ;
#576 =( BOUNDED_CURVE ( )  B_SPLINE_CURVE ( 2, ( #985, #3318, #2981, #1003, #2034, #2011, #44, #2673, #2360, #1408, #444 ),
 .UNSPECIFIED., .F., .F. ) 
 B_SPLINE_CURVE_WITH_KNOTS ( ( 3, 2, 2, 2, 2, 3 ),
 ( 0.8094511963952892852, 0.8095238095238095344, 0.8154761904761904656, 0.8214285714285713969, 0.8273809523809523281, 0.8332607202048130102 ),
 .UNSPECIFIED. ) 
 CURVE ( )  GEOMETRIC_REPRESENTATION_ITEM ( )  RATIONAL_B_SPLINE_CURVE ( ( 0.9981654678299740624, 0.9990714059914850287, 1.000000000000000000, 0.9238795325112867385, 1.000000000000000000, 0.9238795325112867385, 1.000000000000000000, 0.9238795325112867385, 1.000000000000000000, 0.9248081265198017098, 0.9981654678299740624 ) ) 
 REPRESENTATION_ITEM ( '' )  );
#577 = DIRECTION ( 'NONE',  ( -1.332253022117619153E-16, 1.000000000000000000, -0.000000000000000000 ) ) ;
#578 = CARTESIAN_POINT ( 'NONE',  ( -1.604355277028126858, -1.893338348736125498, -1.577512011070596687 ) ) ;
#579 = CARTESIAN_POINT ( 'NONE',  ( 1.759290307228594807, -3.923035132918875512, -0.7275231754205366830 ) ) ;
#580 = FACE_OUTER_BOUND ( 'NONE', #2448, .T. ) ;
#581 = CARTESIAN_POINT ( 'NONE',  ( 0.7275231754205371271, 7.826964867081124488, 1.759290307228593475 ) ) ;
#582 = CARTESIAN_POINT ( 'NONE',  ( -0.7275231754205353507, -2.673035132918876400, -1.759290307228593475 ) ) ;
#583 = CARTESIAN_POINT ( 'NONE',  ( -1.759290307228592143, -5.423035132918876400, 0.7275231754205363499 ) ) ;
#584 = CARTESIAN_POINT ( 'NONE',  ( 1.576052679364653653, -7.827742391497265473, 1.605788887702079837 ) ) ;
#585 = EDGE_LOOP ( 'NONE', ( #3389, #1915, #108, #1499 ) ) ;
#586 = CARTESIAN_POINT ( 'NONE',  ( 2.250000000000000000, 4.731025191032435906, -0.009490696551824287508 ) ) ;
#587 = CARTESIAN_POINT ( 'NONE',  ( 2.249999999999999556, 12.00000000000000000, 2.755455298081544778E-16 ) ) ;
#588 = CARTESIAN_POINT ( 'NONE',  ( 0.9109131437704462986, -6.890242391497264585, 2.258611282509372931 ) ) ;
#589 = CARTESIAN_POINT ( 'NONE',  ( 0.9529664928947875202, -6.515242391497264585, -2.241192214958859896 ) ) ;
#590 = EDGE_CURVE ( 'NONE', #223, #745, #739, .T. ) ;
#591 = CARTESIAN_POINT ( 'NONE',  ( -1.007630305053296649, -1.241101675525772219, -2.521945791657662639 ) ) ;
#592 = VERTEX_POINT ( 'NONE', #417 ) ;
#593 = CARTESIAN_POINT ( 'NONE',  ( 1.009676665139636498, -6.229968590311980137, -2.521098161556404094 ) ) ;
#594 = ORIENTED_EDGE ( 'NONE', *, *, #327, .T. ) ;
#595 = CARTESIAN_POINT ( 'NONE',  ( 2.250000000000002220, -12.00000000000000000, 0.000000000000000000 ) ) ;
#596 = CARTESIAN_POINT ( 'NONE',  ( -2.495787192698263990, -8.116101675525772663, -1.070782749433753400 ) ) ;
#597 = EDGE_CURVE ( 'NONE', #2269, #2644, #2083, .T. ) ;
#598 = CARTESIAN_POINT ( 'NONE',  ( -0.9509284072362299556, 1.044161651263873614, -2.242057725680490776 ) ) ;
#599 = CARTESIAN_POINT ( 'NONE',  ( -0.9129662964607017095, -5.580838348736127053, 2.257782146820025204 ) ) ;
#600 = ORIENTED_EDGE ( 'NONE', *, *, #1615, .F. ) ;
#601 = CARTESIAN_POINT ( 'NONE',  ( 1.577512011070598241, -6.143338348736127053, -1.604355277028128191 ) ) ;
#602 = CARTESIAN_POINT ( 'NONE',  ( -0.01898105538776241608, -8.018338348736124388, -2.249919936250258434 ) ) ;
#603 = CARTESIAN_POINT ( 'NONE',  ( -0.7295695355068722021, 5.701964867081126265, 1.758442677127334042 ) ) ;
#604 = CARTESIAN_POINT ( 'NONE',  ( -1.759290307228593475, -0.4230351329188759557, 0.7275231754205364609 ) ) ;
#605 =( BOUNDED_CURVE ( )  B_SPLINE_CURVE ( 2, ( #3529, #2524, #3242, #4218, #584, #3906, #2135, #521, #265, #1184, #2501 ),
 .UNSPECIFIED., .F., .F. ) 
 B_SPLINE_CURVE_WITH_KNOTS ( ( 3, 2, 2, 2, 2, 3 ),
 ( 0.7856416725857655603, 0.7857142857142856984, 0.7916666666666666297, 0.7976190476190475609, 0.8035714285714286031, 0.8094511963952892852 ),
 .UNSPECIFIED. ) 
 CURVE ( )  GEOMETRIC_REPRESENTATION_ITEM ( )  RATIONAL_B_SPLINE_CURVE ( ( 0.9981654678299769490, 0.9990714059914864720, 1.000000000000000000, 0.9238795325112867385, 1.000000000000000000, 0.9238795325112867385, 1.000000000000000000, 0.9238795325112867385, 1.000000000000000000, 0.9248081265198017098, 0.9981654678299740624 ) ) 
 REPRESENTATION_ITEM ( '' )  );
#606 = CARTESIAN_POINT ( 'NONE',  ( 0.001023180043168237267, 0.2644648670811245994, -1.758866492177963980 ) ) ;
#607 = CARTESIAN_POINT ( 'NONE',  ( -0.01898105538776308568, -3.018338348736126608, -2.249919936250258434 ) ) ;
#608 = ORIENTED_EDGE ( 'NONE', *, *, #3122, .F. ) ;
#609 = CARTESIAN_POINT ( 'NONE',  ( 0.03157622219022743204, 8.696398324474227337, -2.508866492177964425 ) ) ;
#610 = CARTESIAN_POINT ( 'NONE',  ( -1.577512011070594911, -6.643338348736125276, 1.604355277028128191 ) ) ;
#611 = CARTESIAN_POINT ( 'NONE',  ( 1.758866492177966645, -9.985535132918876400, 0.001023180043167252161 ) ) ;
#612 = AXIS2_PLACEMENT_3D ( 'NONE', #3152, #2412, #1116 ) ;
#613 = CARTESIAN_POINT ( 'NONE',  ( 1.244429921367734782, -10.86053513291887462, -1.242982926273935806 ) ) ;
#614 = CARTESIAN_POINT ( 'NONE',  ( -2.249999999999994671, -0.2013295822148897518, 1.048517448617733223E-14 ) ) ;
#615 = CARTESIAN_POINT ( 'NONE',  ( -2.521945791657661751, -1.991101675525772885, 1.007630305053297537 ) ) ;
#616 = CARTESIAN_POINT ( 'NONE',  ( -2.249999999999993783, -4.201329582214889946, -5.604086460562884364E-15 ) ) ;
#617 = CARTESIAN_POINT ( 'NONE',  ( -2.508866492177962648, -5.917468590311980137, 0.02952986210389053900 ) ) ;
#618 = B_SPLINE_CURVE_WITH_KNOTS ( 'NONE', 3,
 ( #1676, #3021, #2265, #2952 ),
 .UNSPECIFIED., .F., .F.,
 ( 4, 4 ),
 ( 0.002611277598980562588, 0.002679025533731180155 ),
 .UNSPECIFIED. ) ;
#619 = AXIS2_PLACEMENT_3D ( 'NONE', #3911, #233, #1530 ) ;
#620 = CARTESIAN_POINT ( 'NONE',  ( 2.495787192698267543, -7.616101675525772663, 1.070782749433754732 ) ) ;
#621 = CARTESIAN_POINT ( 'NONE',  ( 2.242057725680490776, 5.794161651263872059, -0.9509284072362309548 ) ) ;
#622 = FACE_OUTER_BOUND ( 'NONE', #4107, .T. ) ;
#623 = VERTEX_POINT ( 'NONE', #3585 ) ;
#624 = CARTESIAN_POINT ( 'NONE',  ( -0.9129662964607027087, 2.419161651263875168, 2.257782146820025204 ) ) ;
#625 = CARTESIAN_POINT ( 'NONE',  ( -1.009676665139633833, -10.72996859031198014, 2.521098161556403650 ) ) ;
#626 = CARTESIAN_POINT ( 'NONE',  ( -1.758442677127334708, 8.451964867081125377, -0.7295695355068715360 ) ) ;
#627 = VECTOR ( 'NONE', #1993, 1000.000000000000000 ) ;
#628 = CARTESIAN_POINT ( 'NONE',  ( -1.242982926273934918, 0.3894648670811247104, -1.244429921367732339 ) ) ;
#629 = CARTESIAN_POINT ( 'NONE',  ( 1.242982926273936695, -2.110535132918875956, 1.244429921367732339 ) ) ;
#630 = LINE ( 'NONE', #1906, #2906 ) ;
#631 = CARTESIAN_POINT ( 'NONE',  ( 0.7295695355068736454, -9.798035132918874623, -1.758442677127334486 ) ) ;
#632 = CARTESIAN_POINT ( 'NONE',  ( 2.508866492177964425, 7.446398324474227337, 0.03157622219022752225 ) ) ;
#633 =( BOUNDED_CURVE ( )  B_SPLINE_CURVE ( 2, ( #975, #1226, #934, #1544, #1609, #1587, #3569, #2608, #2548, #586, #2949 ),
 .UNSPECIFIED., .F., .F. ) 
 B_SPLINE_CURVE_WITH_KNOTS ( ( 3, 2, 2, 2, 2, 3 ),
 ( 0.1429226973397731693, 0.1488095238095238360, 0.1547619047619047672, 0.1607142857142856984, 0.1666666666666666297, 0.1667322211492970052 ),
 .UNSPECIFIED. ) 
 CURVE ( )  GEOMETRIC_REPRESENTATION_ITEM ( )  RATIONAL_B_SPLINE_CURVE ( ( 0.9983418125108569630, 0.9247178588724060955, 1.000000000000000000, 0.9238795325112867385, 1.000000000000000000, 0.9238795325112867385, 1.000000000000000000, 0.9238795325112867385, 1.000000000000000000, 0.9991616736388808651, 0.9983418125108568519 ) ) 
 REPRESENTATION_ITEM ( '' )  );
#634 = CARTESIAN_POINT ( 'NONE',  ( -0.02102667456216954223, -5.952742391497264585, 2.249901748734116858 ) ) ;
#635 = DIRECTION ( 'NONE',  ( -1.000000000000000000, 0.000000000000000000, 0.000000000000000000 ) ) ;
#636 = CARTESIAN_POINT ( 'NONE',  ( 0.02102667456217313310, -9.452742391497263696, -2.249901748734116858 ) ) ;
#637 = CARTESIAN_POINT ( 'NONE',  ( 2.495787192698266654, -0.6161016755257715527, 1.070782749433754732 ) ) ;
#638 = AXIS2_PLACEMENT_3D ( 'NONE', #466, #3447, #2017 ) ;
#639 = EDGE_LOOP ( 'NONE', ( #3346, #2738, #3211, #3455 ) ) ;
#640 = ORIENTED_EDGE ( 'NONE', *, *, #2136, .F. ) ;
#641 = CARTESIAN_POINT ( 'NONE',  ( -1.068736389347414661, -2.104968590311980137, -2.496634822799525200 ) ) ;
#642 = CARTESIAN_POINT ( 'NONE',  ( -1.299038105676659560, 12.00000000000000000, -0.7500000000000007772 ) ) ;
#643 = EDGE_CURVE ( 'NONE', #1459, #2593, #1228, .T. ) ;
#644 = CARTESIAN_POINT ( 'NONE',  ( 0.03157622219023008964, -11.30360167552577266, -2.508866492177964425 ) ) ;
#645 = DIRECTION ( 'NONE',  ( -1.332253022117619153E-16, 1.000000000000000000, -0.000000000000000000 ) ) ;
#646 = LINE ( 'NONE', #25, #2203 ) ;
#647 = EDGE_LOOP ( 'NONE', ( #3726, #2487, #2901, #145, #2913, #2700 ) ) ;
#648 = ADVANCED_FACE ( 'NONE', ( #1902 ), #3841, .T. ) ;
#649 = CARTESIAN_POINT ( 'NONE',  ( 2.249999999999994671, 2.668417292256406004, 0.9208808658774217948 ) ) ;
#650 = CARTESIAN_POINT ( 'NONE',  ( -2.508866492177962204, -8.917468590311981913, 0.02952986210389053900 ) ) ;
#651 = CARTESIAN_POINT ( 'NONE',  ( -1.759290307228593697, 7.576964867081123600, 0.7275231754205363499 ) ) ;
#652 = CARTESIAN_POINT ( 'NONE',  ( 1.758442677127335596, -1.048035132918874845, 0.7295695355068725352 ) ) ;
#653 = CARTESIAN_POINT ( 'NONE',  ( -1.758442677127333598, 1.451964867081123822, -0.7295695355068715360 ) ) ;
#654 = CARTESIAN_POINT ( 'NONE',  ( -6.586294785699002062E-16, 11.75000000000000533, 0.000000000000000000 ) ) ;
#655 = CARTESIAN_POINT ( 'NONE',  ( -1.758442677127331821, -11.54803513291887640, -0.7295695355068715360 ) ) ;
#656 = CARTESIAN_POINT ( 'NONE',  ( 2.250000000000001776, -8.269613470544321387, -1.605248138585507851E-15 ) ) ;
#657 = CARTESIAN_POINT ( 'NONE',  ( 1.242982926273937805, -10.11053513291887640, 1.244429921367732561 ) ) ;
#658 = FACE_OUTER_BOUND ( 'NONE', #4263, .T. ) ;
#659 = CARTESIAN_POINT ( 'NONE',  ( 2.249999999999993783, -5.639417963350930485, -0.9196868998405793860 ) ) ;
#660 = EDGE_LOOP ( 'NONE', ( #1413, #1394, #1900, #235 ) ) ;
#661 = CARTESIAN_POINT ( 'NONE',  ( 1.068736389347417326, 6.395031409688018087, 2.496634822799524756 ) ) ;
#662 = CARTESIAN_POINT ( 'NONE',  ( -1.751708748875780763, -2.178601675525773107, -1.796364270545708131 ) ) ;
#663 = CARTESIAN_POINT ( 'NONE',  ( -0.9509284072362297335, -0.9558383487361263864, -2.242057725680490776 ) ) ;
#664 = ORIENTED_EDGE ( 'NONE', *, *, #2120, .F. ) ;
#665 = CARTESIAN_POINT ( 'NONE',  ( -0.02952986210388936633, -3.167468590311981469, -2.508866492177964425 ) ) ;
#666 = CARTESIAN_POINT ( 'NONE',  ( 1.753155743969580849, 2.707531409688018975, -1.794917275451909822 ) ) ;
#667 = CARTESIAN_POINT ( 'NONE',  ( -2.521945791657661751, -6.991101675525771775, 1.007630305053297537 ) ) ;
#668 = CARTESIAN_POINT ( 'NONE',  ( -0.01898105538776361650, 0.9816616512638735026, -2.249919936250258434 ) ) ;
#669 = CC_DESIGN_PERSON_AND_ORGANIZATION_ASSIGNMENT ( #1707, #387, ( #756 ) ) ;
#670 = DIRECTION ( 'NONE',  ( -1.332253022117620879E-16, 1.000000000000000000, -0.000000000000000000 ) ) ;
#671 = ORIENTED_EDGE ( 'NONE', *, *, #385, .T. ) ;
#672 = FACE_OUTER_BOUND ( 'NONE', #3258, .T. ) ;
#673 = CARTESIAN_POINT ( 'NONE',  ( 2.496634822799527420, -9.354968590311980137, -1.068736389347416216 ) ) ;
#674 = CARTESIAN_POINT ( 'NONE',  ( -0.001023180043166636985, -0.2355351329188758169, 1.758866492177964203 ) ) ;
#675 = CARTESIAN_POINT ( 'NONE',  ( 1.758866492177965091, -0.9855351329188765108, 0.001023180043167258016 ) ) ;
#676 = ORIENTED_EDGE ( 'NONE', *, *, #2249, .T. ) ;
#677 = CARTESIAN_POINT ( 'NONE',  ( 1.577512011070598907, -10.14333834873612439, -1.604355277028128191 ) ) ;
#678 = CARTESIAN_POINT ( 'NONE',  ( -0.7275231754205345736, -10.67303513291887640, -1.759290307228593475 ) ) ;
#679 = CARTESIAN_POINT ( 'NONE',  ( -0.02102667456216967407, -4.952742391497264585, 2.249901748734116858 ) ) ;
#680 = CARTESIAN_POINT ( 'NONE',  ( -2.249999999999998668, -1.768974808967564760, 0.009490696551811964032 ) ) ;
#681 = CARTESIAN_POINT ( 'NONE',  ( -1.758866492177961760, -10.48553513291887640, -0.001023180043167467483 ) ) ;
#682 = CARTESIAN_POINT ( 'NONE',  ( -6.919358041228400441E-16, 12.00000000000000000, 0.000000000000000000 ) ) ;
#683 = CARTESIAN_POINT ( 'NONE',  ( -1.796364270545707020, -2.928601675525771775, 1.751708748875781652 ) ) ;
#684 = CARTESIAN_POINT ( 'NONE',  ( 1.605788887702080059, 1.422257608502734971, -1.576052679364651876 ) ) ;
#685 = ORIENTED_EDGE ( 'NONE', *, *, #643, .T. ) ;
#686 = CARTESIAN_POINT ( 'NONE',  ( 1.794917275451910488, -0.5424685903119806918, 1.753155743969580405 ) ) ;
#687 = CALENDAR_DATE ( 2026, 26, 5 ) ;
#688 = CARTESIAN_POINT ( 'NONE',  ( 1.751708748875782762, -4.678601675525772663, 1.796364270545708353 ) ) ;
#689 = CARTESIAN_POINT ( 'NONE',  ( 2.249919936250260211, -5.268338348736126164, -0.01898105538776452897 ) ) ;
#690 = CARTESIAN_POINT ( 'NONE',  ( 2.079154073588308282, -11.17084592641169216, 2.345209673509562783E-12 ) ) ;
#691 = ORIENTED_EDGE ( 'NONE', *, *, #2674, .T. ) ;
#692 = CARTESIAN_POINT ( 'NONE',  ( 2.521098161556404982, -10.47996859031198014, 1.009676665139636276 ) ) ;
#693 = CARTESIAN_POINT ( 'NONE',  ( 1.758866492177964647, 4.014464867081124488, 0.001023180043167252161 ) ) ;
#694 = CARTESIAN_POINT ( 'NONE',  ( -1.759290307228593031, -0.4230351329188759557, 0.7275231754205363499 ) ) ;
#695 = CARTESIAN_POINT ( 'NONE',  ( 0.9509284072362327311, -2.455838348736126164, 2.242057725680490332 ) ) ;
#696 = CARTESIAN_POINT ( 'NONE',  ( -2.249999999999997780, -8.768974808967564982, 0.009490696551811964032 ) ) ;
#697 = CARTESIAN_POINT ( 'NONE',  ( 0.9109131437704461876, -5.890242391497264585, 2.258611282509372931 ) ) ;
#698 = CARTESIAN_POINT ( 'NONE',  ( -1.242982926273934918, 0.3894648670811247104, -1.244429921367732339 ) ) ;
#699 = ADVANCED_FACE ( 'NONE', ( #2190 ), #3197, .T. ) ;
#700 = VECTOR ( 'NONE', #4008, 1000.000000000000000 ) ;
#701 = CARTESIAN_POINT ( 'NONE',  ( -2.249901748734115969, -0.2027423914972648067, -0.02102667456217110348 ) ) ;
#702 = CARTESIAN_POINT ( 'NONE',  ( -1.761279575114237383, -11.48872042488575929, -0.02189604014714795904 ) ) ;
#703 = CARTESIAN_POINT ( 'NONE',  ( -2.521945791657662195, 0.008898324474227239933, 1.007630305053297537 ) ) ;
#704 = CYLINDRICAL_SURFACE ( 'NONE', #885, 2.250000000000000444 ) ;
#705 = ORIENTED_EDGE ( 'NONE', *, *, #3044, .F. ) ;
#706 = CARTESIAN_POINT ( 'NONE',  ( -2.496634822799524756, -3.854968590311980137, 1.068736389347415772 ) ) ;
#707 = CARTESIAN_POINT ( 'NONE',  ( 2.508866492177964869, 3.582531409688019419, -0.02952986210389084779 ) ) ;
#708 = AXIS2_PLACEMENT_3D ( 'NONE', #2600, #1972, #968 ) ;
#709 = CARTESIAN_POINT ( 'NONE',  ( 1.796364270545709685, -5.428601675525772663, -1.751708748875781652 ) ) ;
#710 = CARTESIAN_POINT ( 'NONE',  ( 2.250000000000001776, -5.268974808967565870, -0.009490696551812224241 ) ) ;
#711 = LINE ( 'NONE', #2015, #4079 ) ;
#712 = VERTEX_POINT ( 'NONE', #1198 ) ;
#713 = CARTESIAN_POINT ( 'NONE',  ( -2.249999999999995559, 5.797962663936918837, -0.01051356683023896288 ) ) ;
#714 = CARTESIAN_POINT ( 'NONE',  ( -1.242982926273934918, 1.389464867081123822, -1.244429921367732339 ) ) ;
#715 = CARTESIAN_POINT ( 'NONE',  ( 1.758442677127334708, 1.951964867081124932, 0.7295695355068724242 ) ) ;
#716 = CARTESIAN_POINT ( 'NONE',  ( 0.7733927903060003883, 8.000000000000008882, 1.915360767095696470 ) ) ;
#717 = CARTESIAN_POINT ( 'NONE',  ( 2.249999999999999556, 12.00000000000000000, 2.755455298081544778E-16 ) ) ;
#718 = CARTESIAN_POINT ( 'NONE',  ( -2.241192214958859452, -3.265242391497264141, -0.9529664928947859659 ) ) ;
#719 = CARTESIAN_POINT ( 'NONE',  ( 0.001023180043168237267, 0.2644648670811245994, -1.758866492177963980 ) ) ;
#720 = CARTESIAN_POINT ( 'NONE',  ( 1.758442677127336484, -9.048035132918876400, 0.7295695355068725352 ) ) ;
#721 = CARTESIAN_POINT ( 'NONE',  ( -0.7295695355068703147, -8.298035132918876400, 1.758442677127334042 ) ) ;
#722 = CARTESIAN_POINT ( 'NONE',  ( 2.249999999999996891, -0.7020373360630836057, 0.01051356683023869053 ) ) ;
#723 = CARTESIAN_POINT ( 'NONE',  ( -1.751708748875781207, 2.821398324474228225, -1.796364270545708131 ) ) ;
#724 = DIRECTION ( 'NONE',  ( -1.332253022117619153E-16, 1.000000000000000000, -0.000000000000000000 ) ) ;
#725 = EDGE_LOOP ( 'NONE', ( #1594, #2099, #3684, #1430 ) ) ;
#726 = CARTESIAN_POINT ( 'NONE',  ( -2.249999999999995559, 6.798670417785110942, 1.048517448617733223E-14 ) ) ;
#727 = EDGE_CURVE ( 'NONE', #280, #1298, #190, .T. ) ;
#728 = CARTESIAN_POINT ( 'NONE',  ( 1.753155743969581515, -2.292468590311980581, -1.794917275451909822 ) ) ;
#729 = CARTESIAN_POINT ( 'NONE',  ( 2.496634822799525644, 2.645031409688018531, -1.068736389347416216 ) ) ;
#730 = CARTESIAN_POINT ( 'NONE',  ( 0.03157622219022955534, -7.303601675525772663, -2.508866492177964425 ) ) ;
#731 = FACE_OUTER_BOUND ( 'NONE', #1030, .T. ) ;
#732 = VERTEX_POINT ( 'NONE', #2541 ) ;
#733 = LINE ( 'NONE', #2081, #3761 ) ;
#734 = CARTESIAN_POINT ( 'NONE',  ( -1.244429921367732117, 4.639464867081125377, 1.242982926273935806 ) ) ;
#735 = ADVANCED_FACE ( 'NONE', ( #2876 ), #3564, .T. ) ;
#736 = CARTESIAN_POINT ( 'NONE',  ( -1.242982926273935362, 4.389464867081124488, -1.244429921367732339 ) ) ;
#737 = DIRECTION ( 'NONE',  ( -1.000000000000000000, 0.000000000000000000, 0.000000000000000000 ) ) ;
#738 = CARTESIAN_POINT ( 'NONE',  ( -1.242982926273933808, -6.610535132918875512, -1.244429921367732339 ) ) ;
#739 = LINE ( 'NONE', #1738, #2601 ) ;
#740 = CARTESIAN_POINT ( 'NONE',  ( -1.758442677127333154, -7.548035132918877288, -0.7295695355068716470 ) ) ;
#741 = CARTESIAN_POINT ( 'NONE',  ( 1.244429921367734337, -6.860535132918875512, -1.242982926273935806 ) ) ;
#742 = CARTESIAN_POINT ( 'NONE',  ( -2.249999999999998224, -11.00000000000000000, 0.000000000000000000 ) ) ;
#743 = CARTESIAN_POINT ( 'NONE',  ( -2.508866492177963536, -0.05360167552577281558, -0.03157622219022782756 ) ) ;
#744 = CARTESIAN_POINT ( 'NONE',  ( -2.250000000000001332, 12.00000000000000000, 0.000000000000000000 ) ) ;
#745 = VERTEX_POINT ( 'NONE', #282 ) ;
#746 = CARTESIAN_POINT ( 'NONE',  ( 1.604355277028127968, 6.606661651263872059, 1.577512011070596687 ) ) ;
#747 = CARTESIAN_POINT ( 'NONE',  ( 2.508866492177964425, 5.582531409688021640, -0.02952986210389084779 ) ) ;
#748 = DATE_AND_TIME ( #1069, #2773 ) ;
#749 = ORIENTED_EDGE ( 'NONE', *, *, #2521, .F. ) ;
#750 = CARTESIAN_POINT ( 'NONE',  ( 2.249999999999997335, -5.701329582214890834, 5.529410565873372312E-15 ) ) ;
#751 = VERTEX_POINT ( 'NONE', #1842 ) ;
#752 = FACE_OUTER_BOUND ( 'NONE', #81, .T. ) ;
#753 = CARTESIAN_POINT ( 'NONE',  ( -1.759290307228593475, 2.576964867081124932, 0.7275231754205364609 ) ) ;
#754 = CARTESIAN_POINT ( 'NONE',  ( 1.242982926273936251, 1.889464867081124266, 1.244429921367732339 ) ) ;
#755 = CARTESIAN_POINT ( 'NONE',  ( -2.241192214958859452, -1.265242391497264141, -0.9529664928947859659 ) ) ;
#756 = PRODUCT ( 'Par\X2\00e7\X0\a 214 - M4x20', 'Par\X2\00e7\X0\a 214 - M4x20', '', ( #1083 ) ) ;
#757 = CARTESIAN_POINT ( 'NONE',  ( -1.244429921367730341, -6.360535132918876400, 1.242982926273935806 ) ) ;
#758 = CARTESIAN_POINT ( 'NONE',  ( -2.249999999999997335, -10.76897480896756676, 0.009490696551811964032 ) ) ;
#759 = CARTESIAN_POINT ( 'NONE',  ( -1.759290307228593475, 0.5769648670811248214, 0.7275231754205363499 ) ) ;
#760 = CARTESIAN_POINT ( 'NONE',  ( 1.759290307228595918, -6.923035132918875512, -0.7275231754205367940 ) ) ;
#761 = CARTESIAN_POINT ( 'NONE',  ( -1.758866492177961760, -8.485535132918876400, -0.001023180043167473338 ) ) ;
#762 = PLANE ( 'NONE',  #3948 ) ;
#763 = CONICAL_SURFACE ( 'NONE', #482, 3.499999999999999556, 0.7853981633974430610 ) ;
#764 = CARTESIAN_POINT ( 'NONE',  ( 0.01898105538776415774, 6.481661651263872947, 2.249919936250258434 ) ) ;
#765 = CARTESIAN_POINT ( 'NONE',  ( 2.521098161556404094, 0.5200314096880203074, 1.009676665139636276 ) ) ;
#766 = PERSON_AND_ORGANIZATION_ROLE ( 'design_supplier' ) ;
#767 = ORIENTED_EDGE ( 'NONE', *, *, #1321, .F. ) ;
#768 = DIRECTION ( 'NONE',  ( -1.332253022117619153E-16, 1.000000000000000000, -0.000000000000000000 ) ) ;
#769 = ADVANCED_FACE ( 'NONE', ( #580 ), #513, .F. ) ;
#770 = VERTEX_POINT ( 'NONE', #970 ) ;
#771 = CARTESIAN_POINT ( 'NONE',  ( 0.4561516426153543469, 8.000000000000003553, -2.115375512989386753 ) ) ;
#772 = CARTESIAN_POINT ( 'NONE',  ( -0.7275231754205361279, 2.326964867081124488, -1.759290307228593475 ) ) ;
#773 = CARTESIAN_POINT ( 'NONE',  ( -1.244429921367731895, 3.639464867081124044, 1.242982926273935806 ) ) ;
#774 = EDGE_CURVE ( 'NONE', #1333, #961, #1662, .T. ) ;
#775 = CARTESIAN_POINT ( 'NONE',  ( -0.9109131437704426348, -1.390242391497264141, -2.258611282509372931 ) ) ;
#776 = CARTESIAN_POINT ( 'NONE',  ( 1.244429921367734115, -5.860535132918875512, -1.242982926273935806 ) ) ;
#777 = FACE_OUTER_BOUND ( 'NONE', #1456, .T. ) ;
#778 = CARTESIAN_POINT ( 'NONE',  ( 1.242982926273936473, -0.1105351329188757059, 1.244429921367732339 ) ) ;
#779 = CARTESIAN_POINT ( 'NONE',  ( -1.758866492177962204, -7.485535132918875512, -0.001023180043167467483 ) ) ;
#780 = CARTESIAN_POINT ( 'NONE',  ( 1.242982926273937583, -9.110535132918876400, 1.244429921367732339 ) ) ;
#781 = CARTESIAN_POINT ( 'NONE',  ( -2.249999999999999112, 4.230386529455678613, 1.360897470555578513E-15 ) ) ;
#782 = CARTESIAN_POINT ( 'NONE',  ( 0.03157622219022782756, 5.696398324474229113, -2.508866492177964425 ) ) ;
#783 = CARTESIAN_POINT ( 'NONE',  ( -2.249999999999994671, 1.798670417785110276, 1.048517448617733223E-14 ) ) ;
#784 = ADVANCED_FACE ( 'NONE', ( #825 ), #849, .T. ) ;
#785 = CARTESIAN_POINT ( 'NONE',  ( 0.02102667456217099939, 6.547257608502735415, -2.249901748734116858 ) ) ;
#786 = CARTESIAN_POINT ( 'NONE',  ( -1.794917275451909155, 1.957531409688019863, -1.753155743969580183 ) ) ;
#787 = ORIENTED_EDGE ( 'NONE', *, *, #368, .T. ) ;
#788 = CARTESIAN_POINT ( 'NONE',  ( 2.241192214958859896, 6.234757608502737192, 0.9529664928947871871 ) ) ;
#789 = CARTESIAN_POINT ( 'NONE',  ( -2.249999999999993339, -10.20203733606308383, -0.01051356683024719935 ) ) ;
#790 = ORIENTED_EDGE ( 'NONE', *, *, #2484, .F. ) ;
#791 = CARTESIAN_POINT ( 'NONE',  ( 1.509868968455465810, 8.000000000000001776, -1.288744067997133147 ) ) ;
#792 = CARTESIAN_POINT ( 'NONE',  ( 0.7295695355068717580, 5.201964867081125377, -1.758442677127334708 ) ) ;
#793 = CARTESIAN_POINT ( 'NONE',  ( 0.7275231754205371271, 6.826964867081123600, 1.759290307228593475 ) ) ;
#794 = CARTESIAN_POINT ( 'NONE',  ( 1.645112530820032948, 8.000000000000003553, 0.9084541700051260715 ) ) ;
#795 = ORIENTED_EDGE ( 'NONE', *, *, #2797, .T. ) ;
#796 = CARTESIAN_POINT ( 'NONE',  ( 1.244429921367734337, -7.860535132918875512, -1.242982926273935806 ) ) ;
#797 = CARTESIAN_POINT ( 'NONE',  ( -6.919358041228400441E-16, 12.00000000000000000, 0.000000000000000000 ) ) ;
#798 = CARTESIAN_POINT ( 'NONE',  ( -1.758442677127333820, 3.451964867081124932, -0.7295695355068715360 ) ) ;
#799 = CARTESIAN_POINT ( 'NONE',  ( 1.244429921367734115, -4.860535132918875512, -1.242982926273935806 ) ) ;
#800 = CARTESIAN_POINT ( 'NONE',  ( 0.7275231754205393475, -9.173035132918876400, 1.759290307228593475 ) ) ;
#801 = DIRECTION ( 'NONE',  ( -1.000000000000000000, 0.000000000000000000, 0.000000000000000000 ) ) ;
#802 = CARTESIAN_POINT ( 'NONE',  ( -0.02952986210389069860, 6.832531409688018975, -2.508866492177964425 ) ) ;
#803 = CARTESIAN_POINT ( 'NONE',  ( 1.007630305053298869, 5.258898324474228225, 2.521945791657662195 ) ) ;
#804 = CARTESIAN_POINT ( 'NONE',  ( -2.249999999999999556, 6.231025191032432353, 0.009490696551824027299 ) ) ;
#805 = CARTESIAN_POINT ( 'NONE',  ( -0.02952986210388976532, -0.1674685903119803310, -2.508866492177964425 ) ) ;
#806 = DIRECTION ( 'NONE',  ( -1.332253022117619153E-16, 1.000000000000000000, -0.000000000000000000 ) ) ;
#807 = ADVANCED_FACE ( 'NONE', ( #186 ), #2109, .F. ) ;
#808 = VERTEX_POINT ( 'NONE', #915 ) ;
#809 = CARTESIAN_POINT ( 'NONE',  ( 1.604355277028129301, -4.393338348736126164, 1.577512011070596687 ) ) ;
#810 = DIRECTION ( 'NONE',  ( -1.332253022117619153E-16, 1.000000000000000000, -0.000000000000000000 ) ) ;
#811 = ORIENTED_EDGE ( 'NONE', *, *, #2506, .T. ) ;
#812 = CARTESIAN_POINT ( 'NONE',  ( -1.605788887702078727, -2.077742391497264585, 1.576052679364651876 ) ) ;
#813 = CARTESIAN_POINT ( 'NONE',  ( -1.244429921367732339, 5.639464867081126265, 1.242982926273935806 ) ) ;
#814 = CIRCLE ( 'NONE', #3108, 3.250000000000001776 ) ;
#815 = CARTESIAN_POINT ( 'NONE',  ( 0.001023180043167437776, 6.264464867081122712, -1.758866492177963980 ) ) ;
#816 = ORIENTED_EDGE ( 'NONE', *, *, #3146, .T. ) ;
#817 = CARTESIAN_POINT ( 'NONE',  ( -1.758442677127333154, -2.548035132918876400, -0.7295695355068715360 ) ) ;
#818 = CARTESIAN_POINT ( 'NONE',  ( -0.7275231754205363499, 4.326964867081124488, -1.759290307228593475 ) ) ;
#819 = ORIENTED_EDGE ( 'NONE', *, *, #2115, .F. ) ;
#820 = CARTESIAN_POINT ( 'NONE',  ( 1.244429921367733893, -3.860535132918875512, -1.242982926273935806 ) ) ;
#821 = CARTESIAN_POINT ( 'NONE',  ( -1.758442677127333154, -4.548035132918875512, -0.7295695355068715360 ) ) ;
#822 = CARTESIAN_POINT ( 'NONE',  ( -0.9529664928947867431, 3.984757608502735415, 2.241192214958859452 ) ) ;
#823 = CARTESIAN_POINT ( 'NONE',  ( 2.495787192698265766, 6.383898324474230002, 1.070782749433754732 ) ) ;
#824 = EDGE_CURVE ( 'NONE', #1887, #832, #633, .T. ) ;
#825 = FACE_OUTER_BOUND ( 'NONE', #3967, .T. ) ;
#826 = CARTESIAN_POINT ( 'NONE',  ( -1.576052679364651654, 4.672257608502736304, -1.605788887702079837 ) ) ;
#827 = CARTESIAN_POINT ( 'NONE',  ( 1.068736389347417770, 0.3950314096880201964, 2.496634822799524756 ) ) ;
#828 = LINE ( 'NONE', #369, #1868 ) ;
#829 = ADVANCED_FACE ( 'NONE', ( #266 ), #4243, .T. ) ;
#830 = CARTESIAN_POINT ( 'NONE',  ( -1.068736389347415772, 5.895031409688018087, -2.496634822799525200 ) ) ;
#831 = VECTOR ( 'NONE', #3165, 1000.000000000000000 ) ;
#832 = VERTEX_POINT ( 'NONE', #2284 ) ;
#833 = CARTESIAN_POINT ( 'NONE',  ( -2.249999999999998224, -3.769613470544320499, 1.360897470555578513E-15 ) ) ;
#834 = ORIENTED_EDGE ( 'NONE', *, *, #1710, .F. ) ;
#835 = CARTESIAN_POINT ( 'NONE',  ( 1.576052679364652764, -1.827742391497264585, 1.605788887702079837 ) ) ;
#836 = CARTESIAN_POINT ( 'NONE',  ( 0.001023180043167565062, 5.264464867081125377, -1.758866492177964203 ) ) ;
#837 = CARTESIAN_POINT ( 'NONE',  ( -1.242982926273935806, 7.389464867081123600, -1.244429921367732339 ) ) ;
#838 = CARTESIAN_POINT ( 'NONE',  ( -1.244429921367730785, -3.360535132918875068, 1.242982926273935806 ) ) ;
#839 = CARTESIAN_POINT ( 'NONE',  ( 0.9109131437704468537, -9.890242391497265473, 2.258611282509372931 ) ) ;
#840 = CARTESIAN_POINT ( 'NONE',  ( 1.758866492177964425, 5.014464867081125377, 0.001023180043167258016 ) ) ;
#841 = ORIENTED_EDGE ( 'NONE', *, *, #2726, .T. ) ;
#842 = CARTESIAN_POINT ( 'NONE',  ( 1.244429921367734337, -6.860535132918875512, -1.242982926273935806 ) ) ;
#843 = AXIS2_PLACEMENT_3D ( 'NONE', #3790, #2806, #1491 ) ;
#844 = CARTESIAN_POINT ( 'NONE',  ( -1.244429921367730785, -3.360535132918875068, 1.242982926273935806 ) ) ;
#845 = CARTESIAN_POINT ( 'NONE',  ( -1.684412814112564494, -11.26395727656405654, 1.057484813048396699 ) ) ;
#846 = VERTEX_POINT ( 'NONE', #1563 ) ;
#847 = CARTESIAN_POINT ( 'NONE',  ( -1.007630305053297759, 6.758898324474225561, -2.521945791657662639 ) ) ;
#848 = CARTESIAN_POINT ( 'NONE',  ( -6.919358041228400441E-16, 12.00000000000000000, 0.000000000000000000 ) ) ;
#849 = CYLINDRICAL_SURFACE ( 'NONE', #1631, 2.250000000000000444 ) ;
#850 = CARTESIAN_POINT ( 'NONE',  ( -2.249999999999992895, -7.201329582214888170, 2.343804785595805608E-15 ) ) ;
#851 = CARTESIAN_POINT ( 'NONE',  ( -0.9529664928947869651, 4.984757608502736304, 2.241192214958859452 ) ) ;
#852 = PERSON_AND_ORGANIZATION ( #3361, #220 ) ;
#853 = EDGE_CURVE ( 'NONE', #2593, #751, #3160, .T. ) ;
#854 = CARTESIAN_POINT ( 'NONE',  ( 0.02952986210389191291, -4.667468590311981025, 2.508866492177964425 ) ) ;
#855 =( BOUNDED_CURVE ( )  B_SPLINE_CURVE ( 2, ( #4124, #1881, #2832, #3236, #2447, #2147, #2168, #2874, #1177, #1495, #2210 ),
 .UNSPECIFIED., .F., .F. ) 
 B_SPLINE_CURVE_WITH_KNOTS ( ( 3, 2, 2, 2, 2, 3 ),
 ( 0.7381607925778685964, 0.7440476190476190688, 0.7500000000000000000, 0.7559523809523809312, 0.7619047619047618625, 0.7619703163873923213 ),
 .UNSPECIFIED. ) 
 CURVE ( )  GEOMETRIC_REPRESENTATION_ITEM ( )  RATIONAL_B_SPLINE_CURVE ( ( 0.9983418125108547425, 0.9247178588724069837, 1.000000000000000000, 0.9238795325112867385, 1.000000000000000000, 0.9238795325112867385, 1.000000000000000000, 0.9238795325112867385, 1.000000000000000000, 0.9991616736388797548, 0.9983418125108547425 ) ) 
 REPRESENTATION_ITEM ( '' )  );
#856 = EDGE_LOOP ( 'NONE', ( #1577, #4186, #2489, #1045 ) ) ;
#857 = CARTESIAN_POINT ( 'NONE',  ( 0.9509284072362330642, -4.455838348736127053, 2.242057725680490332 ) ) ;
#858 = EDGE_LOOP ( 'NONE', ( #2231, #1750, #1134, #3186 ) ) ;
#859 = CARTESIAN_POINT ( 'NONE',  ( 2.249901748734118634, -1.702742391497264363, 0.02102667456217082939 ) ) ;
#860 = CARTESIAN_POINT ( 'NONE',  ( 0.7295695355068714250, 7.201964867081122712, -1.758442677127334708 ) ) ;
#861 = CARTESIAN_POINT ( 'NONE',  ( 2.241192214958862117, -10.76524239149726547, 0.9529664928947871871 ) ) ;
#862 = LINE ( 'NONE', #537, #2910 ) ;
#863 = CARTESIAN_POINT ( 'NONE',  ( 1.244429921367733671, -2.860535132918876400, -1.242982926273935806 ) ) ;
#864 = CARTESIAN_POINT ( 'NONE',  ( -6.919358041228400441E-16, 12.00000000000000000, 0.000000000000000000 ) ) ;
#865 = CARTESIAN_POINT ( 'NONE',  ( -1.244429921367731451, 1.639464867081124044, 1.242982926273935806 ) ) ;
#866 = VERTEX_POINT ( 'NONE', #2423 ) ;
#867 = EDGE_CURVE ( 'NONE', #3517, #2593, #2636, .T. ) ;
#868 = CARTESIAN_POINT ( 'NONE',  ( 0.7275231754205385704, -3.173035132918874623, 1.759290307228593475 ) ) ;
#869 = CARTESIAN_POINT ( 'NONE',  ( -1.242982926273934252, -3.610535132918875512, -1.244429921367732339 ) ) ;
#870 = CARTESIAN_POINT ( 'NONE',  ( -1.491690995160527278, -11.18534674949798990, 1.442978718230432778 ) ) ;
#871 = CARTESIAN_POINT ( 'NONE',  ( -0.03157622219022764021, 4.196398324474227337, 2.508866492177964425 ) ) ;
#872 = CARTESIAN_POINT ( 'NONE',  ( -2.242057725680489888, -6.705838348736125276, 0.9509284072362306217 ) ) ;
#873 = CARTESIAN_POINT ( 'NONE',  ( -2.242057725680490776, 5.294161651263875612, 0.9509284072362306217 ) ) ;
#874 = CARTESIAN_POINT ( 'NONE',  ( 2.249901748734117746, 0.2972576085027355819, 0.02102667456217082939 ) ) ;
#875 = EDGE_CURVE ( 'NONE', #3048, #1459, #1108, .T. ) ;
#876 = CARTESIAN_POINT ( 'NONE',  ( -1.753155743969578406, -7.792468590311981025, 1.794917275451909822 ) ) ;
#877 = ORIENTED_EDGE ( 'NONE', *, *, #2998, .T. ) ;
#878 = LINE ( 'NONE', #239, #557 ) ;
#879 = EDGE_CURVE ( 'NONE', #1298, #172, #3897, .T. ) ;
#880 = CARTESIAN_POINT ( 'NONE',  ( 1.758866492177964425, 6.014464867081126265, 0.001023180043167252161 ) ) ;
#881 =( BOUNDED_CURVE ( )  B_SPLINE_CURVE ( 2, ( #726, #3094, #1424, #4095, #480, #2379, #785, #1704, #1443, #2072, #3439 ),
 .UNSPECIFIED., .F., .F. ) 
 B_SPLINE_CURVE_WITH_KNOTS ( ( 3, 2, 2, 2, 2, 3 ),
 ( 0.09516548210957505305, 0.09523809523809523281, 0.1011904761904761640, 0.1071428571428570953, 0.1130952380952380265, 0.1189750059190988890 ),
 .UNSPECIFIED. ) 
 CURVE ( )  GEOMETRIC_REPRESENTATION_ITEM ( )  RATIONAL_B_SPLINE_CURVE ( ( 0.9981654678299758388, 0.9990714059914859169, 1.000000000000000000, 0.9238795325112867385, 1.000000000000000000, 0.9238795325112867385, 1.000000000000000000, 0.9238795325112867385, 1.000000000000000000, 0.9248081265198008216, 0.9981654678299758388 ) ) 
 REPRESENTATION_ITEM ( '' )  );
#882 = CARTESIAN_POINT ( 'NONE',  ( -0.02102667456217074266, 3.047257608502736304, 2.249901748734116858 ) ) ;
#883 = CARTESIAN_POINT ( 'NONE',  ( -0.9509284072362295115, -1.955838348736125498, -2.242057725680490776 ) ) ;
#884 = CARTESIAN_POINT ( 'NONE',  ( -0.001023180043166110062, -4.235535132918875512, 1.758866492177963980 ) ) ;
#885 = AXIS2_PLACEMENT_3D ( 'NONE', #2007, #423, #137 ) ;
#886 = CARTESIAN_POINT ( 'NONE',  ( -1.759290307228593475, 3.576964867081124488, 0.7275231754205363499 ) ) ;
#887 = CARTESIAN_POINT ( 'NONE',  ( 0.7275231754205390144, -6.173035132918876400, 1.759290307228593475 ) ) ;
#888 = CIRCLE ( 'NONE', #1982, 3.250000000000001776 ) ;
#889 = CARTESIAN_POINT ( 'NONE',  ( 1.758866492177965535, -3.985535132918875512, 0.001023180043167258016 ) ) ;
#890 = CARTESIAN_POINT ( 'NONE',  ( -1.641791523787968554, -11.24353021255497609, 1.158264106636642143 ) ) ;
#891 = CARTESIAN_POINT ( 'NONE',  ( 1.753155743969580183, 7.707531409688019863, -1.794917275451909822 ) ) ;
#892 = CARTESIAN_POINT ( 'NONE',  ( -2.249919936250256214, -8.768338348736126164, 0.01898105538776425488 ) ) ;
#893 = CARTESIAN_POINT ( 'NONE',  ( -0.3740049823894954772, -11.34869589524392097, 1.868352597235882095 ) ) ;
#894 = CARTESIAN_POINT ( 'NONE',  ( 2.249999999999997335, -2.701329582214889502, 5.529410565873372312E-15 ) ) ;
#895 = CARTESIAN_POINT ( 'NONE',  ( 0.01898105538776428958, 5.481661651263875612, 2.249919936250258434 ) ) ;
#896 = CARTESIAN_POINT ( 'NONE',  ( 2.241192214958860784, 2.234757608502735859, 0.9529664928947871871 ) ) ;
#897 = AXIS2_PLACEMENT_3D ( 'NONE', #422, #3764, #117 ) ;
#898 = B_SPLINE_CURVE_WITH_KNOTS ( 'NONE', 3,
 ( #1206, #1908, #2526, #3867, #267, #1564, #1248, #3928, #251, #2568, #3267, #1505, #893, #2199, #3182, #3223, #290, #1545, #2156, #2842, #3509, #3848, #378, #3376, #2685, #1312, #4266, #399 ),
 .UNSPECIFIED., .F., .F.,
 ( 4, 2, 2, 2, 2, 2, 2, 2, 2, 2, 2, 2, 2, 4 ),
 ( 6.531696917534801747E-05, 0.0004419736853711059158, 0.0008186304015668636243, 0.001571943833958379258, 0.001948600550154136858, 0.002325257266349895109, 0.002701913982545652709, 0.003078570698741410743, 0.003455227414937168343, 0.003831884131132925943, 0.004208540847328683977, 0.004585197563524441577, 0.005338510995915956778, 0.006091824428307471111 ),
 .UNSPECIFIED. ) ;
#899 = CARTESIAN_POINT ( 'NONE',  ( -1.068736389347414661, -5.104968590311980137, -2.496634822799525200 ) ) ;
#900 = VERTEX_POINT ( 'NONE', #147 ) ;
#901 = CARTESIAN_POINT ( 'NONE',  ( 1.604355277028128191, 3.606661651263874280, 1.577512011070596687 ) ) ;
#902 = CARTESIAN_POINT ( 'NONE',  ( -1.751708748875779653, -9.178601675525772663, -1.796364270545708131 ) ) ;
#903 = VECTOR ( 'NONE', #2595, 1000.000000000000000 ) ;
#904 = CARTESIAN_POINT ( 'NONE',  ( 1.299038105676657340, 10.00000000000000000, 0.7500000000000000000 ) ) ;
#905 = EDGE_CURVE ( 'NONE', #3517, #1070, #59, .T. ) ;
#906 = CYLINDRICAL_SURFACE ( 'NONE', #3054, 2.250000000000000444 ) ;
#907 = CARTESIAN_POINT ( 'NONE',  ( -1.244429921367730785, -4.360535132918876400, 1.242982926273935806 ) ) ;
#908 = CARTESIAN_POINT ( 'NONE',  ( 2.241192214958862117, -9.765242391497265473, 0.9529664928947871871 ) ) ;
#909 = CARTESIAN_POINT ( 'NONE',  ( -0.7275231754205366830, 6.326964867081122712, -1.759290307228593475 ) ) ;
#910 = CARTESIAN_POINT ( 'NONE',  ( -0.7295695355068716470, 0.7019648670811249325, 1.758442677127334264 ) ) ;
#911 =( BOUNDED_CURVE ( )  B_SPLINE_CURVE ( 2, ( #203, #3548, #2545, #248, #3846, #2154, #1245, #2176, #2566, #1807, #1502 ),
 .UNSPECIFIED., .F., .F. ) 
 B_SPLINE_CURVE_WITH_KNOTS ( ( 3, 2, 2, 2, 2, 3 ),
 ( 0.2380226249667178329, 0.2380952380952380265, 0.2440476190476190688, 0.2500000000000000000, 0.2559523809523809312, 0.2618321487762416688 ),
 .UNSPECIFIED. ) 
 CURVE ( )  GEOMETRIC_REPRESENTATION_ITEM ( )  RATIONAL_B_SPLINE_CURVE ( ( 0.9981654678299756167, 0.9990714059914858058, 1.000000000000000000, 0.9238795325112867385, 1.000000000000000000, 0.9238795325112867385, 1.000000000000000000, 0.9238795325112867385, 1.000000000000000000, 0.9248081265198009326, 0.9981654678299756167 ) ) 
 REPRESENTATION_ITEM ( '' )  );
#912 = ADVANCED_FACE ( 'NONE', ( #2348 ), #2783, .T. ) ;
#913 = CARTESIAN_POINT ( 'NONE',  ( -0.001023180043166243202, -3.235535132918875068, 1.758866492177963980 ) ) ;
#914 = CARTESIAN_POINT ( 'NONE',  ( -1.821049779293625992, -11.39032450511329131, 0.4313305363257201042 ) ) ;
#915 = CARTESIAN_POINT ( 'NONE',  ( -1.299038105676659560, 12.00000000000000000, -0.7500000000000007772 ) ) ;
#916 = CARTESIAN_POINT ( 'NONE',  ( 2.249919936250259322, -0.2683383487361258313, -0.01898105538776452897 ) ) ;
#917 = CARTESIAN_POINT ( 'NONE',  ( 2.249901748734118634, -6.702742391497264585, 0.02102667456217082939 ) ) ;
#918 = CARTESIAN_POINT ( 'NONE',  ( 2.249999999999996447, 0.2979626639369173380, 0.01051356683023869053 ) ) ;
#919 = CARTESIAN_POINT ( 'NONE',  ( 2.508866492177965757, -1.553601675525772441, 0.03157622219022752225 ) ) ;
#920 = EDGE_CURVE ( 'NONE', #200, #2383, #3788, .T. ) ;
#921 = CARTESIAN_POINT ( 'NONE',  ( 1.794917275451911376, -7.542468590311981025, 1.753155743969580405 ) ) ;
#922 = ORIENTED_EDGE ( 'NONE', *, *, #458, .F. ) ;
#923 = DIRECTION ( 'NONE',  ( 1.000000000000000000, 1.332253022117619153E-16, 0.000000000000000000 ) ) ;
#924 = CARTESIAN_POINT ( 'NONE',  ( -1.007630305053295539, -9.241101675525772663, -2.521945791657662639 ) ) ;
#925 = CARTESIAN_POINT ( 'NONE',  ( 2.249999999999999556, 5.730386529455679501, -1.605248138585507851E-15 ) ) ;
#926 = CARTESIAN_POINT ( 'NONE',  ( -0.2857141755813892847, -11.00000000000000000, -2.231785699808976453 ) ) ;
#927 = VERTEX_POINT ( 'NONE', #3332 ) ;
#928 = CARTESIAN_POINT ( 'NONE',  ( 1.068736389347419768, -11.60496859031198191, 2.496634822799524756 ) ) ;
#929 = CARTESIAN_POINT ( 'NONE',  ( 1.242982926273935584, 7.889464867081124488, 1.244429921367732339 ) ) ;
#930 = CARTESIAN_POINT ( 'NONE',  ( 1.758866492177965535, -2.985535132918874623, 0.001023180043167252161 ) ) ;
#931 = EDGE_CURVE ( 'NONE', #2050, #1427, #485, .T. ) ;
#932 = CARTESIAN_POINT ( 'NONE',  ( 1.242982926273936473, -1.110535132918874845, 1.244429921367732339 ) ) ;
#933 = CARTESIAN_POINT ( 'NONE',  ( -2.249919936250257102, -2.768338348736126164, 0.01898105538776425488 ) ) ;
#934 = CARTESIAN_POINT ( 'NONE',  ( -1.604355277028127968, 5.106661651263875612, -1.577512011070596687 ) ) ;
#935 = CARTESIAN_POINT ( 'NONE',  ( 2.250000000000001332, -0.2689748089675649267, -0.009490696551820264684 ) ) ;
#936 = CARTESIAN_POINT ( 'NONE',  ( -0.7295695355068700927, -10.29803513291887462, 1.758442677127334264 ) ) ;
#937 = CARTESIAN_POINT ( 'NONE',  ( 1.242982926273937805, -11.11053513291887462, 1.244429921367732339 ) ) ;
#938 = CARTESIAN_POINT ( 'NONE',  ( -2.249999999999994227, -6.202037336063083828, -0.01051356683024700506 ) ) ;
#939 = CARTESIAN_POINT ( 'NONE',  ( -1.070782749433753400, -2.866101675525771775, 2.495787192698265766 ) ) ;
#940 = EDGE_LOOP ( 'NONE', ( #237, #2039, #1488, #465, #302 ) ) ;
#941 = CARTESIAN_POINT ( 'NONE',  ( -2.521098161556401873, -6.979968590311979248, -1.009676665139634943 ) ) ;
#942 = CARTESIAN_POINT ( 'NONE',  ( -2.249999999999999112, 4.230386529455678613, 1.360897470555578513E-15 ) ) ;
#943 = CARTESIAN_POINT ( 'NONE',  ( 2.495787192698267543, -8.616101675525770887, 1.070782749433754732 ) ) ;
#944 = CARTESIAN_POINT ( 'NONE',  ( -6.919358041228400441E-16, 12.00000000000000000, 0.000000000000000000 ) ) ;
#945 = CARTESIAN_POINT ( 'NONE',  ( -1.653198642074912411E-15, 10.00000000000000000, 1.499999999999999778 ) ) ;
#946 = ORIENTED_EDGE ( 'NONE', *, *, #1301, .F. ) ;
#947 = CARTESIAN_POINT ( 'NONE',  ( 1.604355277028128413, 2.606661651263875168, 1.577512011070596687 ) ) ;
#948 = CARTESIAN_POINT ( 'NONE',  ( 1.068736389347419324, -10.60496859031198014, 2.496634822799524756 ) ) ;
#949 = CARTESIAN_POINT ( 'NONE',  ( -0.001023180043167708610, 7.764464867081124488, 1.758866492177963980 ) ) ;
#950 = CARTESIAN_POINT ( 'NONE',  ( 1.759290307228594585, -0.9230351329188763998, -0.7275231754205367940 ) ) ;
#951 = CARTESIAN_POINT ( 'NONE',  ( 0.7295695355068722021, 1.201964867081123822, -1.758442677127334486 ) ) ;
#952 = DIRECTION ( 'NONE',  ( -1.332253022117619153E-16, 1.000000000000000000, -0.000000000000000000 ) ) ;
#953 = CARTESIAN_POINT ( 'NONE',  ( 1.244429921367734782, -9.860535132918876400, -1.242982926273935806 ) ) ;
#954 = CARTESIAN_POINT ( 'NONE',  ( 2.495787192698265766, 7.383898324474226449, 1.070782749433754732 ) ) ;
#955 = CARTESIAN_POINT ( 'NONE',  ( 2.249999999999997780, -5.702037336063084716, 0.01051356683024673271 ) ) ;
#956 = CARTESIAN_POINT ( 'NONE',  ( -1.758442677127332487, -10.54803513291887462, -0.7295695355068716470 ) ) ;
#957 = VECTOR ( 'NONE', #3092, 1000.000000000000000 ) ;
#958 = CARTESIAN_POINT ( 'NONE',  ( 0.9529664928947867431, 0.4847576085027358039, -2.241192214958859896 ) ) ;
#959 = CARTESIAN_POINT ( 'NONE',  ( -1.605788887702078505, -3.077742391497264141, 1.576052679364651876 ) ) ;
#960 = CARTESIAN_POINT ( 'NONE',  ( 2.521945791657664415, -3.491101675525772219, -1.007630305053297981 ) ) ;
#961 = VERTEX_POINT ( 'NONE', #3018 ) ;
#962 = EDGE_CURVE ( 'NONE', #3515, #2465, #53, .T. ) ;
#963 = CARTESIAN_POINT ( 'NONE',  ( 1.068736389347418436, -3.604968590311979693, 2.496634822799524756 ) ) ;
#964 = LINE ( 'NONE', #3254, #1442 ) ;
#965 = CARTESIAN_POINT ( 'NONE',  ( -2.495787192698263990, -9.116101675525770887, -1.070782749433753400 ) ) ;
#966 = CARTESIAN_POINT ( 'NONE',  ( 2.024086135249936635, -11.14164042752755890, -0.6096281548454548505 ) ) ;
#967 = ORIENTED_EDGE ( 'NONE', *, *, #2427, .T. ) ;
#968 = DIRECTION ( 'NONE',  ( -1.000000000000000000, 0.000000000000000000, 0.000000000000000000 ) ) ;
#969 = CARTESIAN_POINT ( 'NONE',  ( -0.02952986210388842958, -10.16746859031198014, -2.508866492177964425 ) ) ;
#970 = CARTESIAN_POINT ( 'NONE',  ( -0.2857141755813892847, -11.00000000000000000, -2.231785699808976453 ) ) ;
#971 = CARTESIAN_POINT ( 'NONE',  ( -0.7295695355068713139, -1.298035132918874845, 1.758442677127334264 ) ) ;
#972 = EDGE_CURVE ( 'NONE', #384, #3115, #2537, .T. ) ;
#973 = CARTESIAN_POINT ( 'NONE',  ( 0.001023180043168103910, 1.264464867081123822, -1.758866492177963980 ) ) ;
#974 = CARTESIAN_POINT ( 'NONE',  ( -2.249999999999996891, -10.76961347054432316, 1.403319461532997136E-15 ) ) ;
#975 = CARTESIAN_POINT ( 'NONE',  ( -2.249999999999999556, 5.230386529455679501, 1.715545315126795680E-15 ) ) ;
#976 = CARTESIAN_POINT ( 'NONE',  ( 1.605788887702080725, -3.577742391497264585, -1.576052679364651876 ) ) ;
#977 = CARTESIAN_POINT ( 'NONE',  ( -2.249999999999999556, 5.230386529455679501, 1.715545315126795680E-15 ) ) ;
#978 = DIRECTION ( 'NONE',  ( -1.332253022117619153E-16, 1.000000000000000000, -0.000000000000000000 ) ) ;
#979 = CARTESIAN_POINT ( 'NONE',  ( -1.751708748875780763, -1.178601675525771997, -1.796364270545708131 ) ) ;
#980 = AXIS2_PLACEMENT_3D ( 'NONE', #109, #1110, #2785 ) ;
#981 = CARTESIAN_POINT ( 'NONE',  ( -2.249999999999999112, -0.7696134705443214985, 1.715545315126795680E-15 ) ) ;
#982 = ORIENTED_EDGE ( 'NONE', *, *, #231, .F. ) ;
#983 = CARTESIAN_POINT ( 'NONE',  ( 2.496634822799526532, -1.354968590311981469, -1.068736389347416216 ) ) ;
#984 = CARTESIAN_POINT ( 'NONE',  ( 2.496634822799525644, 4.645031409688020752, -1.068736389347416216 ) ) ;
#985 = CARTESIAN_POINT ( 'NONE',  ( -2.249999999999992895, -8.201329582214889058, 2.343804785595805608E-15 ) ) ;
#986 = EDGE_CURVE ( 'NONE', #3515, #223, #888, .T. ) ;
#987 = CARTESIAN_POINT ( 'NONE',  ( -0.03157622219022576671, -9.803601675525772663, 2.508866492177964425 ) ) ;
#988 = CARTESIAN_POINT ( 'NONE',  ( 0.9129662964607021536, 5.919161651263872059, -2.257782146820025648 ) ) ;
#989 = CARTESIAN_POINT ( 'NONE',  ( 1.299038105676657118, 12.00000000000000000, 0.7500000000000000000 ) ) ;
#990 = ORIENTED_EDGE ( 'NONE', *, *, #2077, .F. ) ;
#991 = CARTESIAN_POINT ( 'NONE',  ( -2.521098161556400985, -10.97996859031198014, -1.009676665139634943 ) ) ;
#992 = CARTESIAN_POINT ( 'NONE',  ( 1.758442677127335596, -0.04803513291887565040, 0.7295695355068725352 ) ) ;
#993 = CARTESIAN_POINT ( 'NONE',  ( -0.7275231754205356838, -0.6730351329188761778, -1.759290307228593475 ) ) ;
#994 = CARTESIAN_POINT ( 'NONE',  ( 2.242057725680493441, -10.20583834873612439, -0.9509284072362309548 ) ) ;
#995 = CARTESIAN_POINT ( 'NONE',  ( 2.241192214958861673, -4.765242391497264585, 0.9529664928947871871 ) ) ;
#996 = CARTESIAN_POINT ( 'NONE',  ( 1.758866492177966645, -10.98553513291887462, 0.001023180043167252161 ) ) ;
#997 = CARTESIAN_POINT ( 'NONE',  ( 2.249999999999996447, 0.2986704177851107200, -1.076011755298871693E-14 ) ) ;
#998 = CARTESIAN_POINT ( 'NONE',  ( -0.9529664928947859659, -1.015242391497263919, 2.241192214958859452 ) ) ;
#999 = CARTESIAN_POINT ( 'NONE',  ( 1.796364270545709463, -3.428601675525772219, -1.751708748875781652 ) ) ;
#1000 = DIRECTION ( 'NONE',  ( -1.332253022117619153E-16, 1.000000000000000000, -0.000000000000000000 ) ) ;
#1001 = ORIENTED_EDGE ( 'NONE', *, *, #1493, .T. ) ;
#1002 = CARTESIAN_POINT ( 'NONE',  ( -1.794917275451908489, -3.042468590311981025, -1.753155743969580183 ) ) ;
#1003 = CARTESIAN_POINT ( 'NONE',  ( -2.241192214958858564, -8.265242391497263696, -0.9529664928947859659 ) ) ;
#1004 = CARTESIAN_POINT ( 'NONE',  ( -0.03157622219022643978, -4.803601675525772663, 2.508866492177964425 ) ) ;
#1005 = CARTESIAN_POINT ( 'NONE',  ( 1.577512011070598241, -5.143338348736126164, -1.604355277028128191 ) ) ;
#1006 = CARTESIAN_POINT ( 'NONE',  ( 1.618121473004673572, -11.09760393864460681, -1.427475983700603690 ) ) ;
#1007 = EDGE_CURVE ( 'NONE', #339, #1130, #1368, .T. ) ;
#1008 = ORIENTED_EDGE ( 'NONE', *, *, #597, .F. ) ;
#1009 = DIRECTION ( 'NONE',  ( -0.7071067811865495711, 0.7071067811865455743, 0.000000000000000000 ) ) ;
#1010 = CARTESIAN_POINT ( 'NONE',  ( 0.001023180043167698202, 4.264464867081124488, -1.758866492177964203 ) ) ;
#1011 = CARTESIAN_POINT ( 'NONE',  ( -1.758442677127333376, -0.5480351329188760667, -0.7295695355068715360 ) ) ;
#1012 = CARTESIAN_POINT ( 'NONE',  ( 1.249999999999996447, -12.00000000000000000, 2.143131898507864353E-16 ) ) ;
#1013 = CARTESIAN_POINT ( 'NONE',  ( 0.9109131437704464096, -8.890242391497265473, 2.258611282509372931 ) ) ;
#1014 = CARTESIAN_POINT ( 'NONE',  ( 2.241192214958861673, -5.765242391497264585, 0.9529664928947871871 ) ) ;
#1015 = CARTESIAN_POINT ( 'NONE',  ( 0.7295695355068722021, 0.2019648670811245716, -1.758442677127334486 ) ) ;
#1016 = CARTESIAN_POINT ( 'NONE',  ( 0.7275231754205394585, -10.17303513291887640, 1.759290307228593475 ) ) ;
#1017 = CARTESIAN_POINT ( 'NONE',  ( -1.758866492177961538, -10.48553513291887640, -0.001023180043167473338 ) ) ;
#1018 = CARTESIAN_POINT ( 'NONE',  ( -2.249999999999998668, 0.2303865294556791676, 1.360897470555578513E-15 ) ) ;
#1019 = CARTESIAN_POINT ( 'NONE',  ( -1.753155743969580183, 6.207531409688018087, 1.794917275451909822 ) ) ;
#1020 = CARTESIAN_POINT ( 'NONE',  ( 1.796364270545708797, 1.571398324474226893, -1.751708748875781652 ) ) ;
#1021 = DIRECTION ( 'NONE',  ( -1.000000000000000000, 0.000000000000000000, 0.000000000000000000 ) ) ;
#1022 = ORIENTED_EDGE ( 'NONE', *, *, #3856, .T. ) ;
#1023 = VECTOR ( 'NONE', #1000, 1000.000000000000000 ) ;
#1024 = CARTESIAN_POINT ( 'NONE',  ( 1.009676665139636054, -0.2299685903119803865, -2.521098161556404094 ) ) ;
#1025 = VECTOR ( 'NONE', #171, 999.9999999999998863 ) ;
#1026 = CARTESIAN_POINT ( 'NONE',  ( -1.009676665139636054, 5.270031409688020752, 2.521098161556403650 ) ) ;
#1027 = CARTESIAN_POINT ( 'NONE',  ( 2.495787192698267098, -4.616101675525772663, 1.070782749433754732 ) ) ;
#1028 = DIRECTION ( 'NONE',  ( 0.8660254037844387076, 0.000000000000000000, 0.4999999999999998890 ) ) ;
#1029 = CIRCLE ( 'NONE', #897, 2.250000000000000888 ) ;
#1030 = EDGE_LOOP ( 'NONE', ( #4249, #1181, #705, #2270 ) ) ;
#1031 = CARTESIAN_POINT ( 'NONE',  ( 2.242057725680492553, 1.794161651263874502, -0.9509284072362309548 ) ) ;
#1032 = CARTESIAN_POINT ( 'NONE',  ( -1.244429921367732117, 3.639464867081124044, 1.242982926273935806 ) ) ;
#1033 = CARTESIAN_POINT ( 'NONE',  ( 1.242982926273936028, 4.889464867081125377, 1.244429921367732339 ) ) ;
#1034 = CARTESIAN_POINT ( 'NONE',  ( 2.249999999999996003, 5.298670417785111830, -1.076011755298871693E-14 ) ) ;
#1035 = CARTESIAN_POINT ( 'NONE',  ( -0.7275231754205346846, -9.673035132918874623, -1.759290307228593475 ) ) ;
#1036 = DIRECTION ( 'NONE',  ( 1.332253022117619153E-16, -1.000000000000000000, 0.000000000000000000 ) ) ;
#1037 = VECTOR ( 'NONE', #1672, 1000.000000000000000 ) ;
#1038 = CARTESIAN_POINT ( 'NONE',  ( -0.001023180043166642839, -0.2355351329188758169, 1.758866492177963980 ) ) ;
#1039 = EDGE_CURVE ( 'NONE', #1832, #3143, #2389, .T. ) ;
#1040 = VECTOR ( 'NONE', #4172, 1000.000000000000000 ) ;
#1041 = CARTESIAN_POINT ( 'NONE',  ( 1.244429921367734782, -9.860535132918876400, -1.242982926273935806 ) ) ;
#1042 = CARTESIAN_POINT ( 'NONE',  ( -0.9109131437704416356, -9.390242391497265473, -2.258611282509372931 ) ) ;
#1043 = CARTESIAN_POINT ( 'NONE',  ( -1.007630305053297315, 2.758898324474228669, -2.521945791657662639 ) ) ;
#1044 = CARTESIAN_POINT ( 'NONE',  ( 0.02102667456217166553, 1.547257608502734971, -2.249901748734116858 ) ) ;
#1045 = ORIENTED_EDGE ( 'NONE', *, *, #105, .F. ) ;
#1046 =( BOUNDED_CURVE ( )  B_SPLINE_CURVE ( 2, ( #345, #2230, #1327, #3278, #2625, #599, #1899, #2960, #1303, #3257, #279 ),
 .UNSPECIFIED., .F., .F. ) 
 B_SPLINE_CURVE_WITH_KNOTS ( ( 3, 2, 2, 2, 2, 3 ),
 ( 0.6429226973397732525, 0.6488095238095237249, 0.6547619047619046562, 0.6607142857142856984, 0.6666666666666666297, 0.6667322211492969775 ),
 .UNSPECIFIED. ) 
 CURVE ( )  GEOMETRIC_REPRESENTATION_ITEM ( )  RATIONAL_B_SPLINE_CURVE ( ( 0.9983418125108547425, 0.9247178588724069837, 1.000000000000000000, 0.9238795325112867385, 1.000000000000000000, 0.9238795325112867385, 1.000000000000000000, 0.9238795325112867385, 1.000000000000000000, 0.9991616736388811981, 0.9983418125108576291 ) ) 
 REPRESENTATION_ITEM ( '' )  );
#1047 = CARTESIAN_POINT ( 'NONE',  ( 0.02952986210389138208, -0.6674685903119808028, 2.508866492177964425 ) ) ;
#1048 = CARTESIAN_POINT ( 'NONE',  ( -2.496634822799525200, 3.145031409688019419, 1.068736389347415772 ) ) ;
#1049 = SECURITY_CLASSIFICATION_LEVEL ( 'unclassified' ) ;
#1050 = VECTOR ( 'NONE', #1009, 1000.000000000000114 ) ;
#1051 = CARTESIAN_POINT ( 'NONE',  ( 0.03157622219022943044, -6.303601675525772663, -2.508866492177964425 ) ) ;
#1052 = CARTESIAN_POINT ( 'NONE',  ( -0.9109131437704433010, 2.609757608502736304, -2.258611282509372931 ) ) ;
#1053 = LINE ( 'NONE', #123, #3816 ) ;
#1054 = ORIENTED_EDGE ( 'NONE', *, *, #3803, .T. ) ;
#1055 = LINE ( 'NONE', #3119, #2711 ) ;
#1056 = CARTESIAN_POINT ( 'NONE',  ( -1.758442677127333820, 1.451964867081123822, -0.7295695355068716470 ) ) ;
#1057 = CARTESIAN_POINT ( 'NONE',  ( -0.7295695355068717580, 2.701964867081124932, 1.758442677127334042 ) ) ;
#1058 = CARTESIAN_POINT ( 'NONE',  ( 2.249999999999997335, -6.701329582214889946, -2.618747852407189130E-15 ) ) ;
#1059 = CARTESIAN_POINT ( 'NONE',  ( 1.758866492177966201, -7.985535132918875512, 0.001023180043167258016 ) ) ;
#1060 = CARTESIAN_POINT ( 'NONE',  ( -1.590345952757922595E-16, 8.000000000000000000, 0.000000000000000000 ) ) ;
#1061 = CARTESIAN_POINT ( 'NONE',  ( 1.758866492177966423, -9.985535132918876400, 0.001023180043167258016 ) ) ;
#1062 = CARTESIAN_POINT ( 'NONE',  ( 2.242057725680491664, 3.794161651263874280, -0.9509284072362309548 ) ) ;
#1063 = CARTESIAN_POINT ( 'NONE',  ( -1.751708748875780985, 1.821398324474227115, -1.796364270545708131 ) ) ;
#1064 = DIRECTION ( 'NONE',  ( -1.332253022117619153E-16, 1.000000000000000000, -0.000000000000000000 ) ) ;
#1065 = ORIENTED_EDGE ( 'NONE', *, *, #2480, .F. ) ;
#1066 = DIRECTION ( 'NONE',  ( -1.332253022117619153E-16, 1.000000000000000000, -0.000000000000000000 ) ) ;
#1067 = CARTESIAN_POINT ( 'NONE',  ( -1.068736389347415106, 0.8950314096880188641, -2.496634822799525200 ) ) ;
#1068 = CARTESIAN_POINT ( 'NONE',  ( 1.068736389347417548, 4.395031409688019863, 2.496634822799524756 ) ) ;
#1069 = CALENDAR_DATE ( 2026, 26, 5 ) ;
#1070 = VERTEX_POINT ( 'NONE', #2114 ) ;
#1071 = FACE_OUTER_BOUND ( 'NONE', #1470, .T. ) ;
#1072 = ORIENTED_EDGE ( 'NONE', *, *, #920, .T. ) ;
#1073 = CARTESIAN_POINT ( 'NONE',  ( -2.249999999999993783, -2.201329582214890834, -5.604086460562884364E-15 ) ) ;
#1074 = CARTESIAN_POINT ( 'NONE',  ( 0.001023180043168098055, 1.264464867081123822, -1.758866492177964203 ) ) ;
#1075 = CARTESIAN_POINT ( 'NONE',  ( -1.244429921367731451, 1.639464867081124044, 1.242982926273935806 ) ) ;
#1076 = CARTESIAN_POINT ( 'NONE',  ( -2.250000000000001332, 12.00000000000000000, 0.000000000000000000 ) ) ;
#1077 = CARTESIAN_POINT ( 'NONE',  ( -1.758866492177961982, -7.485535132918875512, -0.001023180043167473338 ) ) ;
#1078 = CARTESIAN_POINT ( 'NONE',  ( 1.242982926273936251, 0.8894648670811251545, 1.244429921367732339 ) ) ;
#1079 = CARTESIAN_POINT ( 'NONE',  ( 1.242982926273937361, -7.110535132918875512, 1.244429921367732561 ) ) ;
#1080 = CARTESIAN_POINT ( 'NONE',  ( -1.244429921367730119, -9.360535132918874623, 1.242982926273935806 ) ) ;
#1081 = CARTESIAN_POINT ( 'NONE',  ( 2.249999999999996447, 4.297962663936917060, 0.01051356683023887961 ) ) ;
#1082 = CARTESIAN_POINT ( 'NONE',  ( 1.751708748875782096, 0.3213983244742275036, 1.796364270545708353 ) ) ;
#1083 = MECHANICAL_CONTEXT ( 'NONE', #2931, 'mechanical' ) ;
#1084 = ADVANCED_FACE ( 'NONE', ( #4094 ), #252, .T. ) ;
#1085 = AXIS2_PLACEMENT_3D ( 'NONE', #1801, #1136, #3796 ) ;
#1086 = ORIENTED_EDGE ( 'NONE', *, *, #2374, .T. ) ;
#1087 = CARTESIAN_POINT ( 'NONE',  ( 2.249999999999994671, 0.6684172922564058927, 0.9208808658774217948 ) ) ;
#1088 =( BOUNDED_CURVE ( )  B_SPLINE_CURVE ( 2, ( #2504, #3550, #4158, #4221, #1872, #3531, #610, #872, #548, #2549, #3887 ),
 .UNSPECIFIED., .F., .F. ) 
 B_SPLINE_CURVE_WITH_KNOTS ( ( 3, 2, 2, 2, 2, 3 ),
 ( 0.6905417449588209244, 0.6964285714285713969, 0.7023809523809523281, 0.7083333333333332593, 0.7142857142857141906, 0.7143512687683446494 ),
 .UNSPECIFIED. ) 
 CURVE ( )  GEOMETRIC_REPRESENTATION_ITEM ( )  RATIONAL_B_SPLINE_CURVE ( ( 0.9983418125108547425, 0.9247178588724069837, 1.000000000000000000, 0.9238795325112867385, 1.000000000000000000, 0.9238795325112867385, 1.000000000000000000, 0.9238795325112867385, 1.000000000000000000, 0.9991616736388797548, 0.9983418125108547425 ) ) 
 REPRESENTATION_ITEM ( '' )  );
#1089 = ORIENTED_EDGE ( 'NONE', *, *, #2077, .T. ) ;
#1090 = CARTESIAN_POINT ( 'NONE',  ( -6.919358041228400441E-16, 12.00000000000000000, 0.000000000000000000 ) ) ;
#1091 = CARTESIAN_POINT ( 'NONE',  ( 0.7295695355068722021, 1.201964867081123600, -1.758442677127334708 ) ) ;
#1092 = CARTESIAN_POINT ( 'NONE',  ( 1.758442677127334708, 2.951964867081124932, 0.7295695355068724242 ) ) ;
#1093 = CARTESIAN_POINT ( 'NONE',  ( -1.576052679364650766, -1.327742391497264141, -1.605788887702079837 ) ) ;
#1094 = CARTESIAN_POINT ( 'NONE',  ( 1.758442677127336040, -6.048035132918875512, 0.7295695355068724242 ) ) ;
#1095 = CARTESIAN_POINT ( 'NONE',  ( -0.9529664928947857439, -4.015242391497264585, 2.241192214958859452 ) ) ;
#1096 = CARTESIAN_POINT ( 'NONE',  ( -1.242982926273934696, -0.6105351329188761778, -1.244429921367732339 ) ) ;
#1097 = CARTESIAN_POINT ( 'NONE',  ( -0.001023180043165571214, -8.235535132918876400, 1.758866492177964203 ) ) ;
#1098 = CARTESIAN_POINT ( 'NONE',  ( 0.001023180043169303038, -7.735535132918875512, -1.758866492177963980 ) ) ;
#1099 = CARTESIAN_POINT ( 'NONE',  ( 1.576052679364651876, 4.172257608502735415, 1.605788887702079837 ) ) ;
#1100 = CARTESIAN_POINT ( 'NONE',  ( -2.521098161556404094, 7.020031409688018975, -1.009676665139634943 ) ) ;
#1101 = CARTESIAN_POINT ( 'NONE',  ( 0.03157622219022835491, 1.696398324474226893, -2.508866492177964425 ) ) ;
#1102 = AXIS2_PLACEMENT_3D ( 'NONE', #945, #2652, #4232 ) ;
#1103 = CARTESIAN_POINT ( 'NONE',  ( -2.241192214958859896, 7.734757608502735415, -0.9529664928947859659 ) ) ;
#1104 = CARTESIAN_POINT ( 'NONE',  ( -1.068736389347415550, 1.895031409688020085, -2.496634822799525200 ) ) ;
#1105 = CARTESIAN_POINT ( 'NONE',  ( -2.508866492177964425, 6.082531409688018087, 0.02952986210389053900 ) ) ;
#1106 = VERTEX_POINT ( 'NONE', #2157 ) ;
#1107 = CARTESIAN_POINT ( 'NONE',  ( 0.9509284072362322870, 0.5441616512638749459, 2.242057725680490332 ) ) ;
#1108 = LINE ( 'NONE', #2995, #4202 ) ;
#1109 = EDGE_LOOP ( 'NONE', ( #1235, #447, #1635, #2059 ) ) ;
#1110 = DIRECTION ( 'NONE',  ( -1.332253022117619153E-16, 1.000000000000000000, -0.000000000000000000 ) ) ;
#1111 = AXIS2_PLACEMENT_3D ( 'NONE', #281, #2701, #3735 ) ;
#1112 = CARTESIAN_POINT ( 'NONE',  ( -0.7275231754205366830, 6.326964867081122712, -1.759290307228593475 ) ) ;
#1113 = CARTESIAN_POINT ( 'NONE',  ( 0.7275231754205376822, 3.826964867081124932, 1.759290307228593475 ) ) ;
#1114 = CARTESIAN_POINT ( 'NONE',  ( 0.9509284072362337303, -9.455838348736126164, 2.242057725680490332 ) ) ;
#1115 = CARTESIAN_POINT ( 'NONE',  ( 0.7275231754205390144, -6.173035132918876400, 1.759290307228593475 ) ) ;
#1116 = DIRECTION ( 'NONE',  ( -1.000000000000000000, 0.000000000000000000, 0.000000000000000000 ) ) ;
#1117 = CARTESIAN_POINT ( 'NONE',  ( 1.242982926273936251, 1.889464867081124266, 1.244429921367732339 ) ) ;
#1118 = CARTESIAN_POINT ( 'NONE',  ( -0.7275231754205352397, -3.673035132918875512, -1.759290307228593475 ) ) ;
#1119 = CARTESIAN_POINT ( 'NONE',  ( -1.244429921367730119, -8.360535132918876400, 1.242982926273935806 ) ) ;
#1120 = DIRECTION ( 'NONE',  ( 1.332253022117619153E-16, -1.000000000000000000, 0.000000000000000000 ) ) ;
#1121 = CARTESIAN_POINT ( 'NONE',  ( -1.007630305053297537, 4.758898324474228225, -2.521945791657662639 ) ) ;
#1122 = CARTESIAN_POINT ( 'NONE',  ( -0.01898105538776348120, -0.01833834873612561617, -2.249919936250258434 ) ) ;
#1123 = DIRECTION ( 'NONE',  ( -1.332253022117619153E-16, 1.000000000000000000, -0.000000000000000000 ) ) ;
#1124 = CARTESIAN_POINT ( 'NONE',  ( -1.605788887702079171, 0.9222576085027361925, 1.576052679364651876 ) ) ;
#1125 = CARTESIAN_POINT ( 'NONE',  ( 1.009676665139635610, 1.770031409688020085, -2.521098161556404094 ) ) ;
#1126 = CYLINDRICAL_SURFACE ( 'NONE', #1371, 2.250000000000000444 ) ;
#1127 = ORIENTED_EDGE ( 'NONE', *, *, #1164, .F. ) ;
#1128 = CARTESIAN_POINT ( 'NONE',  ( -2.249999999999999556, 3.230386529455678613, 1.715545315126795680E-15 ) ) ;
#1129 = CARTESIAN_POINT ( 'NONE',  ( -6.919358041228400441E-16, 12.00000000000000000, 0.000000000000000000 ) ) ;
#1130 = VERTEX_POINT ( 'NONE', #3510 ) ;
#1131 = CARTESIAN_POINT ( 'NONE',  ( 1.242982926273935806, 5.889464867081126265, 1.244429921367732561 ) ) ;
#1132 = CARTESIAN_POINT ( 'NONE',  ( 2.249999999999997335, -4.701329582214890834, 5.529410565873372312E-15 ) ) ;
#1133 = CYLINDRICAL_SURFACE ( 'NONE', #424, 2.250000000000000444 ) ;
#1134 = ORIENTED_EDGE ( 'NONE', *, *, #4058, .T. ) ;
#1135 = CARTESIAN_POINT ( 'NONE',  ( -1.242982926273933586, -8.610535132918876400, -1.244429921367732339 ) ) ;
#1136 = DIRECTION ( 'NONE',  ( -1.332253022117619153E-16, 1.000000000000000000, -0.000000000000000000 ) ) ;
#1137 = CARTESIAN_POINT ( 'NONE',  ( 1.242982926273936028, 3.889464867081124488, 1.244429921367732339 ) ) ;
#1138 = ORIENTED_EDGE ( 'NONE', *, *, #385, .F. ) ;
#1139 = CARTESIAN_POINT ( 'NONE',  ( -1.242982926273933808, -6.610535132918875512, -1.244429921367732339 ) ) ;
#1140 = ADVANCED_FACE ( 'NONE', ( #2505 ), #549, .T. ) ;
#1141 = CARTESIAN_POINT ( 'NONE',  ( 0.7275231754205383483, -3.173035132918875068, 1.759290307228593475 ) ) ;
#1142 = DIRECTION ( 'NONE',  ( -1.332253022117619153E-16, 1.000000000000000000, -0.000000000000000000 ) ) ;
#1143 = CARTESIAN_POINT ( 'NONE',  ( -1.751708748875781652, 5.821398324474229113, -1.796364270545708131 ) ) ;
#1144 = CARTESIAN_POINT ( 'NONE',  ( 2.249999999999998224, -10.70132958221488906, -6.313507460113247665E-16 ) ) ;
#1145 = CARTESIAN_POINT ( 'NONE',  ( -0.9129662964607031528, 6.419161651263872059, 2.257782146820025204 ) ) ;
#1146 = DIRECTION ( 'NONE',  ( -1.332253022117619153E-16, 1.000000000000000000, -0.000000000000000000 ) ) ;
#1147 =( BOUNDED_CURVE ( )  B_SPLINE_CURVE ( 2, ( #3269, #1166, #2530, #896, #4224, #3869, #2202, #3553, #1874, #3227, #2885 ),
 .UNSPECIFIED., .F., .F. ) 
 B_SPLINE_CURVE_WITH_KNOTS ( ( 3, 2, 2, 2, 2, 3 ),
 ( 0.3094511963952893407, 0.3095238095238095344, 0.3154761904761904656, 0.3214285714285713969, 0.3273809523809523281, 0.3332607202048130657 ),
 .UNSPECIFIED. ) 
 CURVE ( )  GEOMETRIC_REPRESENTATION_ITEM ( )  RATIONAL_B_SPLINE_CURVE ( ( 0.9981654678299756167, 0.9990714059914858058, 1.000000000000000000, 0.9238795325112867385, 1.000000000000000000, 0.9238795325112867385, 1.000000000000000000, 0.9238795325112867385, 1.000000000000000000, 0.9248081265198009326, 0.9981654678299756167 ) ) 
 REPRESENTATION_ITEM ( '' )  );
#1148 = ORIENTED_EDGE ( 'NONE', *, *, #536, .F. ) ;
#1149 = LINE ( 'NONE', #2464, #831 ) ;
#1150 = ORIENTED_EDGE ( 'NONE', *, *, #15, .T. ) ;
#1151 = CARTESIAN_POINT ( 'NONE',  ( 2.249999999999999556, 12.00000000000000000, 2.755455298081544778E-16 ) ) ;
#1152 = CARTESIAN_POINT ( 'NONE',  ( 0.001023180043167165425, 8.264464867081125377, -1.758866492177964203 ) ) ;
#1153 = CARTESIAN_POINT ( 'NONE',  ( 1.758442677127334042, 6.951964867081123600, 0.7295695355068724242 ) ) ;
#1154 = CARTESIAN_POINT ( 'NONE',  ( 2.242057725680492553, -2.205838348736125720, -0.9509284072362309548 ) ) ;
#1155 = CARTESIAN_POINT ( 'NONE',  ( -1.758866492177962426, -3.485535132918875068, -0.001023180043167473338 ) ) ;
#1156 = CARTESIAN_POINT ( 'NONE',  ( 0.02952986210389284966, -11.66746859031198014, 2.508866492177964425 ) ) ;
#1157 = CARTESIAN_POINT ( 'NONE',  ( 1.758442677127334486, 3.951964867081124488, 0.7295695355068724242 ) ) ;
#1158 = EDGE_LOOP ( 'NONE', ( #2803, #922, #3099, #4241 ) ) ;
#1159 = CARTESIAN_POINT ( 'NONE',  ( 0.001023180043168764189, -3.735535132918875512, -1.758866492177964203 ) ) ;
#1160 = ADVANCED_FACE ( 'NONE', ( #2864 ), #4182, .T. ) ;
#1161 = CARTESIAN_POINT ( 'NONE',  ( 0.001023180043168903401, -4.735535132918875512, -1.758866492177963980 ) ) ;
#1162 = CARTESIAN_POINT ( 'NONE',  ( -0.9509284072362287343, -8.955838348736126164, -2.242057725680490776 ) ) ;
#1163 = CARTESIAN_POINT ( 'NONE',  ( 1.070782749433753400, 6.633898324474225561, -2.495787192698266654 ) ) ;
#1164 = EDGE_CURVE ( 'NONE', #3125, #770, #2245, .T. ) ;
#1165 = CARTESIAN_POINT ( 'NONE',  ( 2.249919936250260211, -7.268338348736126164, -0.01898105538776452897 ) ) ;
#1166 = CARTESIAN_POINT ( 'NONE',  ( 2.249999999999996891, 2.297962663936917505, 0.01051356683023887961 ) ) ;
#1167 = CARTESIAN_POINT ( 'NONE',  ( -2.496634822799524756, -4.854968590311981025, 1.068736389347415772 ) ) ;
#1168 = ORIENTED_EDGE ( 'NONE', *, *, #1039, .F. ) ;
#1169 = ADVANCED_FACE ( 'NONE', ( #672 ), #3277, .T. ) ;
#1170 = CARTESIAN_POINT ( 'NONE',  ( 0.9129662964607021536, 6.919161651263872947, -2.257782146820025648 ) ) ;
#1171 = VERTEX_POINT ( 'NONE', #2627 ) ;
#1172 = CARTESIAN_POINT ( 'NONE',  ( 2.249999999999996447, 1.297962663936918171, 0.01051356683023869053 ) ) ;
#1173 = CARTESIAN_POINT ( 'NONE',  ( -1.759290307228593697, 5.576964867081126265, 0.7275231754205364609 ) ) ;
#1174 =( BOUNDED_CURVE ( )  B_SPLINE_CURVE ( 2, ( #2138, #268, #1250, #551, #895, #1873, #3487, #873, #3161, #232, #2201 ),
 .UNSPECIFIED., .F., .F. ) 
 B_SPLINE_CURVE_WITH_KNOTS ( ( 3, 2, 2, 2, 2, 3 ),
 ( 0.1191131735302494443, 0.1250000000000000000, 0.1309523809523809312, 0.1369047619047618625, 0.1428571428571427937, 0.1429226973397731693 ),
 .UNSPECIFIED. ) 
 CURVE ( )  GEOMETRIC_REPRESENTATION_ITEM ( )  RATIONAL_B_SPLINE_CURVE ( ( 0.9983418125108568519, 0.9247178588724059844, 1.000000000000000000, 0.9238795325112867385, 1.000000000000000000, 0.9238795325112867385, 1.000000000000000000, 0.9238795325112867385, 1.000000000000000000, 0.9991616736388808651, 0.9983418125108569630 ) ) 
 REPRESENTATION_ITEM ( '' )  );
#1175 = LINE ( 'NONE', #2493, #296 ) ;
#1176 = VECTOR ( 'NONE', #1925, 1000.000000000000000 ) ;
#1177 = CARTESIAN_POINT ( 'NONE',  ( -2.249919936250256658, -7.768338348736125276, 0.01898105538776425488 ) ) ;
#1178 = CARTESIAN_POINT ( 'NONE',  ( -0.7275231754205350176, -5.673035132918875512, -1.759290307228593475 ) ) ;
#1179 = CARTESIAN_POINT ( 'NONE',  ( -6.919358041228400441E-16, 12.00000000000000000, 0.000000000000000000 ) ) ;
#1180 = CARTESIAN_POINT ( 'NONE',  ( 1.758442677127334708, 1.951964867081124710, 0.7295695355068724242 ) ) ;
#1181 = ORIENTED_EDGE ( 'NONE', *, *, #2797, .F. ) ;
#1182 = CARTESIAN_POINT ( 'NONE',  ( 1.242982926273937139, -5.110535132918875512, 1.244429921367732561 ) ) ;
#1183 = CARTESIAN_POINT ( 'NONE',  ( 1.758866492177965313, -2.985535132918874623, 0.001023180043167258016 ) ) ;
#1184 = CARTESIAN_POINT ( 'NONE',  ( -2.249999999999976019, -8.139417963350927820, 0.9196868998405924867 ) ) ;
#1185 = ADVANCED_FACE ( 'NONE', ( #1260 ), #3012, .T. ) ;
#1186 = CARTESIAN_POINT ( 'NONE',  ( 1.796364270545708575, 3.571398324474226893, -1.751708748875781652 ) ) ;
#1187 = DIRECTION ( 'NONE',  ( -1.332253022117619153E-16, 1.000000000000000000, -0.000000000000000000 ) ) ;
#1188 = CARTESIAN_POINT ( 'NONE',  ( -1.576052679364650100, -6.327742391497264585, -1.605788887702079837 ) ) ;
#1189 = ORIENTED_EDGE ( 'NONE', *, *, #2297, .T. ) ;
#1190 = CARTESIAN_POINT ( 'NONE',  ( 0.02952986210389218005, -6.667468590311981025, 2.508866492177964425 ) ) ;
#1191 = DESIGN_CONTEXT ( 'detailed design', #3163, 'design' ) ;
#1192 = VERTEX_POINT ( 'NONE', #3988 ) ;
#1193 = CARTESIAN_POINT ( 'NONE',  ( -0.9129662964607018205, -4.580838348736126164, 2.257782146820025204 ) ) ;
#1194 = ORIENTED_EDGE ( 'NONE', *, *, #1210, .F. ) ;
#1195 = CARTESIAN_POINT ( 'NONE',  ( 2.241192214958860784, 3.234757608502736304, 0.9529664928947871871 ) ) ;
#1196 = DIRECTION ( 'NONE',  ( -1.332253022117619153E-16, 1.000000000000000000, -0.000000000000000000 ) ) ;
#1197 = CARTESIAN_POINT ( 'NONE',  ( 1.759290307228594585, -1.923035132918875512, -0.7275231754205366830 ) ) ;
#1198 = CARTESIAN_POINT ( 'NONE',  ( 2.250000000000001332, -7.269613470544320499, -1.605248138585507851E-15 ) ) ;
#1199 = CARTESIAN_POINT ( 'NONE',  ( -1.242982926273935362, 4.389464867081124488, -1.244429921367732339 ) ) ;
#1200 = ORIENTED_EDGE ( 'NONE', *, *, #1846, .F. ) ;
#1201 = CARTESIAN_POINT ( 'NONE',  ( -1.758866492177962204, -6.485535132918876400, -0.001023180043167467483 ) ) ;
#1202 =( BOUNDED_CURVE ( )  B_SPLINE_CURVE ( 2, ( #616, #1914, #1593, #3271, #2592, #3047, #2691, #3958, #2615, #2028, #1701 ),
 .UNSPECIFIED., .F., .F. ) 
 B_SPLINE_CURVE_WITH_KNOTS ( ( 3, 2, 2, 2, 2, 3 ),
 ( 0.6189750059190988196, 0.6190476190476190688, 0.6250000000000000000, 0.6309523809523809312, 0.6369047619047618625, 0.6427845297286226556 ),
 .UNSPECIFIED. ) 
 CURVE ( )  GEOMETRIC_REPRESENTATION_ITEM ( )  RATIONAL_B_SPLINE_CURVE ( ( 0.9981654678299740624, 0.9990714059914850287, 1.000000000000000000, 0.9238795325112867385, 1.000000000000000000, 0.9238795325112867385, 1.000000000000000000, 0.9238795325112867385, 1.000000000000000000, 0.9248081265198002665, 0.9981654678299769490 ) ) 
 REPRESENTATION_ITEM ( '' )  );
#1203 = CARTESIAN_POINT ( 'NONE',  ( 1.758442677127336040, -6.048035132918875512, 0.7295695355068724242 ) ) ;
#1204 = CARTESIAN_POINT ( 'NONE',  ( -1.923409208287329356E-16, 8.250000000000000000, 0.000000000000000000 ) ) ;
#1205 = CARTESIAN_POINT ( 'NONE',  ( 2.495787192698266654, 5.383898324474228225, 1.070782749433754732 ) ) ;
#1206 = CARTESIAN_POINT ( 'NONE',  ( -1.762466662777963489, -11.48753333722203074, 2.602137392542732627E-14 ) ) ;
#1207 = CARTESIAN_POINT ( 'NONE',  ( -6.919358041228400441E-16, 12.00000000000000000, 0.000000000000000000 ) ) ;
#1208 = CARTESIAN_POINT ( 'NONE',  ( -0.2857141755814078810, 8.000000000000000000, -2.231785699808980006 ) ) ;
#1209 = CARTESIAN_POINT ( 'NONE',  ( -2.249999999999995559, 7.798670417785110054, 1.048517448617733223E-14 ) ) ;
#1210 = EDGE_CURVE ( 'NONE', #3789, #330, #2528, .T. ) ;
#1211 = CARTESIAN_POINT ( 'NONE',  ( -1.009676665139634499, -5.729968590311980137, 2.521098161556403650 ) ) ;
#1212 = EDGE_LOOP ( 'NONE', ( #3167, #2312, #1447 ) ) ;
#1213 = CARTESIAN_POINT ( 'NONE',  ( 2.249999999999999556, 12.00000000000000000, 2.755455298081544778E-16 ) ) ;
#1214 = EDGE_CURVE ( 'NONE', #1246, #3789, #4039, .T. ) ;
#1215 = CARTESIAN_POINT ( 'NONE',  ( -1.796364270545706354, -8.928601675525772663, 1.751708748875781652 ) ) ;
#1216 = CARTESIAN_POINT ( 'NONE',  ( -0.7295695355068722021, 5.701964867081126265, 1.758442677127334042 ) ) ;
#1217 = CARTESIAN_POINT ( 'NONE',  ( 2.249999999999994671, 1.668417292256405116, 0.9208808658774217948 ) ) ;
#1218 = CARTESIAN_POINT ( 'NONE',  ( 0.7295695355068728682, -4.798035132918874623, -1.758442677127334486 ) ) ;
#1219 = CARTESIAN_POINT ( 'NONE',  ( 2.250000000000001776, -8.269613470544321387, -1.605248138585507851E-15 ) ) ;
#1220 = CARTESIAN_POINT ( 'NONE',  ( -0.7295695355068723131, 7.701964867081123600, 1.758442677127334042 ) ) ;
#1221 = CARTESIAN_POINT ( 'NONE',  ( 1.242982926273936473, -0.1105351329188757059, 1.244429921367732561 ) ) ;
#1222 = CARTESIAN_POINT ( 'NONE',  ( 1.758442677127336040, -3.048035132918875068, 0.7295695355068724242 ) ) ;
#1223 = CARTESIAN_POINT ( 'NONE',  ( -1.359099198093820737, -11.14942463018329022, 1.615701707175297042 ) ) ;
#1224 = ORIENTED_EDGE ( 'NONE', *, *, #2334, .T. ) ;
#1225 = CARTESIAN_POINT ( 'NONE',  ( 1.009676665139634943, 7.770031409688018975, -2.521098161556404094 ) ) ;
#1226 = CARTESIAN_POINT ( 'NONE',  ( -2.249999999999996891, 5.168417292256405560, -0.9208808658774167988 ) ) ;
#1227 = EDGE_CURVE ( 'NONE', #592, #1876, #2844, .T. ) ;
#1228 =( BOUNDED_CURVE ( )  B_SPLINE_CURVE ( 2, ( #2812, #3860, #2171, #3238, #602, #2472, #261, #2232, #2212, #2150, #1219 ),
 .UNSPECIFIED., .F., .F. ) 
 B_SPLINE_CURVE_WITH_KNOTS ( ( 3, 2, 2, 2, 2, 3 ),
 ( 0.7619703163873923213, 0.7678571428571427937, 0.7738095238095237249, 0.7797619047619047672, 0.7857142857142856984, 0.7857798401969160462 ),
 .UNSPECIFIED. ) 
 CURVE ( )  GEOMETRIC_REPRESENTATION_ITEM ( )  RATIONAL_B_SPLINE_CURVE ( ( 0.9983418125108547425, 0.9247178588724069837, 1.000000000000000000, 0.9238795325112867385, 1.000000000000000000, 0.9238795325112867385, 1.000000000000000000, 0.9238795325112867385, 1.000000000000000000, 0.9991616736388811981, 0.9983418125108576291 ) ) 
 REPRESENTATION_ITEM ( '' )  );
#1229 = CARTESIAN_POINT ( 'NONE',  ( 2.249999999999997780, -9.701329582214890834, 1.405264563702625794E-15 ) ) ;
#1230 = CARTESIAN_POINT ( 'NONE',  ( -2.249999999999998224, -6.769613470544320499, 1.540766712299831859E-15 ) ) ;
#1231 = CARTESIAN_POINT ( 'NONE',  ( 1.576052679364652986, -2.827742391497263696, 1.605788887702079837 ) ) ;
#1232 = CARTESIAN_POINT ( 'NONE',  ( 0.03157622219022889615, -2.303601675525773107, -2.508866492177964425 ) ) ;
#1233 = VECTOR ( 'NONE', #1270, 1000.000000000000000 ) ;
#1234 = CARTESIAN_POINT ( 'NONE',  ( 1.753155743969581959, -6.292468590311980137, -1.794917275451909822 ) ) ;
#1235 = ORIENTED_EDGE ( 'NONE', *, *, #1659, .F. ) ;
#1236 = DIRECTION ( 'NONE',  ( -1.332253022117619153E-16, 1.000000000000000000, 0.000000000000000000 ) ) ;
#1237 = CARTESIAN_POINT ( 'NONE',  ( -1.796364270545706132, -9.928601675525772663, 1.751708748875781652 ) ) ;
#1238 = CARTESIAN_POINT ( 'NONE',  ( -1.604355277028126636, -4.893338348736125276, -1.577512011070596687 ) ) ;
#1239 = CARTESIAN_POINT ( 'NONE',  ( 2.086180549765579428, -11.16381945023459821, -0.1524522679965635841 ) ) ;
#1240 = CARTESIAN_POINT ( 'NONE',  ( 1.759290307228594585, -2.923035132918876400, -0.7275231754205366830 ) ) ;
#1241 = CARTESIAN_POINT ( 'NONE',  ( 2.249901748734119078, -9.702742391497265473, 0.02102667456217082939 ) ) ;
#1242 = CARTESIAN_POINT ( 'NONE',  ( -0.001023180043167442330, 5.764464867081126265, 1.758866492177963980 ) ) ;
#1243 = CARTESIAN_POINT ( 'NONE',  ( -1.758866492177962870, -1.485535132918875290, -0.001023180043167467483 ) ) ;
#1244 = CARTESIAN_POINT ( 'NONE',  ( 1.758442677127335374, -1.048035132918874845, 0.7295695355068724242 ) ) ;
#1245 = CARTESIAN_POINT ( 'NONE',  ( 0.02102667456217140185, 3.547257608502734971, -2.249901748734116858 ) ) ;
#1246 = VERTEX_POINT ( 'NONE', #1667 ) ;
#1247 = CARTESIAN_POINT ( 'NONE',  ( -2.508866492177964425, 7.946398324474227337, -0.03157622219022782756 ) ) ;
#1248 = CARTESIAN_POINT ( 'NONE',  ( -1.415220652905128773, -11.41673367706767550, 1.191983856149306575 ) ) ;
#1249 = EDGE_CURVE ( 'NONE', #3900, #1533, #2355, .T. ) ;
#1250 = CARTESIAN_POINT ( 'NONE',  ( 1.604355277028128191, 5.606661651263875612, 1.577512011070596687 ) ) ;
#1251 = CARTESIAN_POINT ( 'NONE',  ( -2.495787192698264878, -3.116101675525772219, -1.070782749433753400 ) ) ;
#1252 = ORIENTED_EDGE ( 'NONE', *, *, #3932, .F. ) ;
#1253 = ORIENTED_EDGE ( 'NONE', *, *, #2867, .F. ) ;
#1254 = CARTESIAN_POINT ( 'NONE',  ( 1.753155743969581737, -4.292468590311980137, -1.794917275451909822 ) ) ;
#1255 = CARTESIAN_POINT ( 'NONE',  ( -1.577512011070596465, 4.356661651263874724, 1.604355277028128191 ) ) ;
#1256 = CARTESIAN_POINT ( 'NONE',  ( 2.521945791657665303, -10.49110167552577266, -1.007630305053297981 ) ) ;
#1257 = LINE ( 'NONE', #2597, #3830 ) ;
#1258 = DIRECTION ( 'NONE',  ( -1.000000000000000000, 0.000000000000000000, 0.000000000000000000 ) ) ;
#1259 = VERTEX_POINT ( 'NONE', #2279 ) ;
#1260 = FACE_OUTER_BOUND ( 'NONE', #3195, .T. ) ;
#1261 = CARTESIAN_POINT ( 'NONE',  ( 2.508866492177966645, -8.417468590311980137, -0.02952986210389084779 ) ) ;
#1262 = CARTESIAN_POINT ( 'NONE',  ( 1.759290307228593475, 6.076964867081122712, -0.7275231754205366830 ) ) ;
#1263 = CARTESIAN_POINT ( 'NONE',  ( 1.758866492177965313, 0.01446486708112440511, 0.001023180043167252161 ) ) ;
#1264 = CARTESIAN_POINT ( 'NONE',  ( -1.244429921367731007, -2.360535132918875956, 1.242982926273935806 ) ) ;
#1265 = CARTESIAN_POINT ( 'NONE',  ( 0.9129662964607035969, -3.080838348736127053, -2.257782146820025648 ) ) ;
#1266 = CARTESIAN_POINT ( 'NONE',  ( -2.249901748734114637, -7.202742391497263696, -0.02102667456217110348 ) ) ;
#1267 = CARTESIAN_POINT ( 'NONE',  ( -1.758866492177961538, -11.48553513291887462, -0.001023180043167467483 ) ) ;
#1268 = EDGE_CURVE ( 'NONE', #542, #2814, #27, .T. ) ;
#1269 = LINE ( 'NONE', #3594, #568 ) ;
#1270 = DIRECTION ( 'NONE',  ( -1.332253022117619153E-16, 1.000000000000000000, -0.000000000000000000 ) ) ;
#1271 = CARTESIAN_POINT ( 'NONE',  ( 1.751708748875782096, -0.6786016755257716637, 1.796364270545708353 ) ) ;
#1272 = ORIENTED_EDGE ( 'NONE', *, *, #3228, .F. ) ;
#1273 = ORIENTED_EDGE ( 'NONE', *, *, #1360, .F. ) ;
#1274 = CARTESIAN_POINT ( 'NONE',  ( 1.009676665139636054, -1.229968590311981469, -2.521098161556404094 ) ) ;
#1275 = CARTESIAN_POINT ( 'NONE',  ( -1.577512011070596021, -0.6433383487361261643, 1.604355277028128191 ) ) ;
#1276 = CARTESIAN_POINT ( 'NONE',  ( 1.796364270545710129, -8.428601675525770887, -1.751708748875781652 ) ) ;
#1277 = CARTESIAN_POINT ( 'NONE',  ( -2.249999999999999556, 6.230386529455675948, 1.360897470555578513E-15 ) ) ;
#1278 = DIRECTION ( 'NONE',  ( -1.000000000000000000, 0.000000000000000000, 0.000000000000000000 ) ) ;
#1279 = ORIENTED_EDGE ( 'NONE', *, *, #3033, .T. ) ;
#1280 = CARTESIAN_POINT ( 'NONE',  ( 2.249919936250260211, -6.268338348736125276, -0.01898105538776452897 ) ) ;
#1281 = CARTESIAN_POINT ( 'NONE',  ( -1.068736389347413773, -10.10496859031198014, -2.496634822799525200 ) ) ;
#1282 = CARTESIAN_POINT ( 'NONE',  ( 1.758866492177964203, 6.014464867081126265, 0.001023180043167258016 ) ) ;
#1283 = CARTESIAN_POINT ( 'NONE',  ( 1.758442677127336040, -2.048035132918875512, 0.7295695355068725352 ) ) ;
#1284 = CARTESIAN_POINT ( 'NONE',  ( -1.242982926273934918, 0.3894648670811247104, -1.244429921367732339 ) ) ;
#1285 = CARTESIAN_POINT ( 'NONE',  ( 0.01898105538776535817, -2.518338348736126164, 2.249919936250258434 ) ) ;
#1286 =( BOUNDED_CURVE ( )  B_SPLINE_CURVE ( 2, ( #3520, #2853, #4171, #1195, #2515, #3857, #882, #4275, #2624, #344, #2985 ),
 .UNSPECIFIED., .F., .F. ) 
 B_SPLINE_CURVE_WITH_KNOTS ( ( 3, 2, 2, 2, 2, 3 ),
 ( 0.2618321487762416688, 0.2619047619047618625, 0.2678571428571427937, 0.2738095238095238360, 0.2797619047619047672, 0.2856416725857655048 ),
 .UNSPECIFIED. ) 
 CURVE ( )  GEOMETRIC_REPRESENTATION_ITEM ( )  RATIONAL_B_SPLINE_CURVE ( ( 0.9981654678299756167, 0.9990714059914858058, 1.000000000000000000, 0.9238795325112867385, 1.000000000000000000, 0.9238795325112867385, 1.000000000000000000, 0.9238795325112867385, 1.000000000000000000, 0.9248081265198009326, 0.9981654678299756167 ) ) 
 REPRESENTATION_ITEM ( '' )  );
#1287 = ORIENTED_EDGE ( 'NONE', *, *, #54, .T. ) ;
#1288 = DIRECTION ( 'NONE',  ( -1.332253022117619153E-16, 1.000000000000000000, -0.000000000000000000 ) ) ;
#1289 = CARTESIAN_POINT ( 'NONE',  ( 0.9529664928947871871, -3.515242391497264141, -2.241192214958859896 ) ) ;
#1290 = ADVANCED_FACE ( 'NONE', ( #1351 ), #1901, .T. ) ;
#1291 = CC_DESIGN_DATE_AND_TIME_ASSIGNMENT ( #103, #84, ( #3430 ) ) ;
#1292 = CARTESIAN_POINT ( 'NONE',  ( 0.001023180043169563463, -9.735535132918876400, -1.758866492177964203 ) ) ;
#1293 = CARTESIAN_POINT ( 'NONE',  ( 2.249999999999997780, -7.701329582214889946, -2.618747852407189130E-15 ) ) ;
#1294 = EDGE_CURVE ( 'NONE', #3626, #3253, #3296, .T. ) ;
#1295 = CARTESIAN_POINT ( 'NONE',  ( -1.070782749433753400, -1.866101675525772663, 2.495787192698265766 ) ) ;
#1296 = CARTESIAN_POINT ( 'NONE',  ( -2.241192214958859452, 1.734757608502735193, -0.9529664928947859659 ) ) ;
#1297 = CARTESIAN_POINT ( 'NONE',  ( 2.496634822799526532, -3.354968590311981913, -1.068736389347416216 ) ) ;
#1298 = VERTEX_POINT ( 'NONE', #3390 ) ;
#1299 = DIRECTION ( 'NONE',  ( -1.332253022117619153E-16, 1.000000000000000000, -0.000000000000000000 ) ) ;
#1300 = CARTESIAN_POINT ( 'NONE',  ( 0.03157622219022995780, -10.30360167552577266, -2.508866492177964425 ) ) ;
#1301 = EDGE_CURVE ( 'NONE', #346, #3935, #1055, .T. ) ;
#1302 = CARTESIAN_POINT ( 'NONE',  ( -2.249999999999998224, -4.769613470544322276, 1.540766712299831859E-15 ) ) ;
#1303 = CARTESIAN_POINT ( 'NONE',  ( -2.249919936250256658, -5.768338348736125276, 0.01898105538776425488 ) ) ;
#1304 = EDGE_LOOP ( 'NONE', ( #2889, #295 ) ) ;
#1305 = CARTESIAN_POINT ( 'NONE',  ( -0.01898105538776374834, 1.981661651263874502, -2.249919936250258434 ) ) ;
#1306 = CARTESIAN_POINT ( 'NONE',  ( 2.496634822799527420, -8.354968590311981913, -1.068736389347416216 ) ) ;
#1307 = CARTESIAN_POINT ( 'NONE',  ( -0.001023180043167575470, 6.764464867081123600, 1.758866492177963980 ) ) ;
#1308 = CARTESIAN_POINT ( 'NONE',  ( 1.759290307228594807, -2.923035132918876400, -0.7275231754205367940 ) ) ;
#1309 = CARTESIAN_POINT ( 'NONE',  ( -1.242982926273934474, -1.610535132918875290, -1.244429921367732339 ) ) ;
#1310 = DIRECTION ( 'NONE',  ( -0.8660254037844387076, 0.000000000000000000, 0.4999999999999998335 ) ) ;
#1311 = CARTESIAN_POINT ( 'NONE',  ( -0.03157622219022816756, 8.196398324474227337, 2.508866492177964425 ) ) ;
#1312 = CARTESIAN_POINT ( 'NONE',  ( 2.008527697378632570, -11.19502492167209162, 0.5013285685693278371 ) ) ;
#1313 =( BOUNDED_CURVE ( )  B_SPLINE_CURVE ( 2, ( #1984, #3956, #3931, #3000, #2689, #1963, #1591, #58, #3313, #659, #313 ),
 .UNSPECIFIED., .F., .F. ) 
 B_SPLINE_CURVE_WITH_KNOTS ( ( 3, 2, 2, 2, 2, 3 ),
 ( 0.6665940535381464915, 0.6666666666666666297, 0.6726190476190476719, 0.6785714285714286031, 0.6845238095238095344, 0.6904035773476703275 ),
 .UNSPECIFIED. ) 
 CURVE ( )  GEOMETRIC_REPRESENTATION_ITEM ( )  RATIONAL_B_SPLINE_CURVE ( ( 0.9981654678299769490, 0.9990714059914864720, 1.000000000000000000, 0.9238795325112867385, 1.000000000000000000, 0.9238795325112867385, 1.000000000000000000, 0.9238795325112867385, 1.000000000000000000, 0.9248081265198002665, 0.9981654678299769490 ) ) 
 REPRESENTATION_ITEM ( '' )  );
#1314 = EDGE_CURVE ( 'NONE', #1832, #2148, #3071, .T. ) ;
#1315 = CARTESIAN_POINT ( 'NONE',  ( 1.759290307228595918, -10.92303513291887818, -0.7275231754205366830 ) ) ;
#1316 = CARTESIAN_POINT ( 'NONE',  ( 2.249901748734118190, -0.7027423914972652508, 0.02102667456217082939 ) ) ;
#1317 = CARTESIAN_POINT ( 'NONE',  ( -0.03157622219022670346, -2.803601675525771775, 2.508866492177964425 ) ) ;
#1318 = AXIS2_PLACEMENT_3D ( 'NONE', #510, #2165, #192 ) ;
#1319 = CARTESIAN_POINT ( 'NONE',  ( 2.250000000000000888, -3.269613470544320499, -1.605248138585507851E-15 ) ) ;
#1320 = ORIENTED_EDGE ( 'NONE', *, *, #727, .F. ) ;
#1321 = EDGE_CURVE ( 'NONE', #2533, #712, #733, .T. ) ;
#1322 = CARTESIAN_POINT ( 'NONE',  ( -2.521098161556402761, -0.9799685903119810249, -1.009676665139634943 ) ) ;
#1323 = CARTESIAN_POINT ( 'NONE',  ( -1.068736389347415772, 3.895031409688019863, -2.496634822799525200 ) ) ;
#1324 = FACE_OUTER_BOUND ( 'NONE', #472, .T. ) ;
#1325 = CARTESIAN_POINT ( 'NONE',  ( -1.070782749433752956, -5.866101675525772663, 2.495787192698265766 ) ) ;
#1326 = CARTESIAN_POINT ( 'NONE',  ( 2.250000000000000444, 0.7303865294556796117, -1.605248138585507851E-15 ) ) ;
#1327 = CARTESIAN_POINT ( 'NONE',  ( 1.604355277028129301, -5.393338348736126164, 1.577512011070596687 ) ) ;
#1328 = VERTEX_POINT ( 'NONE', #1753 ) ;
#1329 = CARTESIAN_POINT ( 'NONE',  ( 0.9509284072362321760, 2.544161651263874280, 2.242057725680490332 ) ) ;
#1330 = CARTESIAN_POINT ( 'NONE',  ( -1.794917275451907601, -9.042468590311981913, -1.753155743969580183 ) ) ;
#1331 = CARTESIAN_POINT ( 'NONE',  ( 1.244429921367733227, 1.139464867081123600, -1.242982926273935806 ) ) ;
#1332 = CARTESIAN_POINT ( 'NONE',  ( 0.7275231754205383483, -2.173035132918875956, 1.759290307228593475 ) ) ;
#1333 = VERTEX_POINT ( 'NONE', #1073 ) ;
#1334 = CARTESIAN_POINT ( 'NONE',  ( 2.250000000000001332, -3.268974808967564538, -0.009490696551812224241 ) ) ;
#1335 = CARTESIAN_POINT ( 'NONE',  ( -1.605788887702078505, -5.077742391497264585, 1.576052679364651876 ) ) ;
#1336 = CARTESIAN_POINT ( 'NONE',  ( -2.249999999999994227, -3.202037336063081607, -0.01051356683023091897 ) ) ;
#1337 = CARTESIAN_POINT ( 'NONE',  ( -1.759290307228591477, -11.42303513291887640, 0.7275231754205364609 ) ) ;
#1338 = CARTESIAN_POINT ( 'NONE',  ( -1.242982926273933364, -10.61053513291887640, -1.244429921367732339 ) ) ;
#1339 = CARTESIAN_POINT ( 'NONE',  ( 1.605788887702081835, -9.577742391497265473, -1.576052679364651876 ) ) ;
#1340 = CARTESIAN_POINT ( 'NONE',  ( 1.070782749433754066, -0.3661016755257731070, -2.495787192698266654 ) ) ;
#1341 = CARTESIAN_POINT ( 'NONE',  ( 2.249999999999996447, 1.298670417785111386, -1.076011755298871693E-14 ) ) ;
#1342 = ORIENTED_EDGE ( 'NONE', *, *, #2069, .T. ) ;
#1343 =( BOUNDED_CURVE ( )  B_SPLINE_CURVE ( 2, ( #3352, #2947, #4262, #2634, #352, #3973, #677, #994, #1649, #2583, #1958 ),
 .UNSPECIFIED., .F., .T. ) 
 B_SPLINE_CURVE_WITH_KNOTS ( ( 3, 2, 2, 2, 2, 3 ),
 ( 0.8572084116254875541, 0.8630952380952380265, 0.8690476190476190688, 0.8750000000000000000, 0.8809523809523809312, 0.8810179354350112790 ),
 .UNSPECIFIED. ) 
 CURVE ( )  GEOMETRIC_REPRESENTATION_ITEM ( )  RATIONAL_B_SPLINE_CURVE ( ( 0.9983418125108547425, 0.9247178588724069837, 1.000000000000000000, 0.9238795325112867385, 1.000000000000000000, 0.9238795325112867385, 1.000000000000000000, 0.9238795325112867385, 1.000000000000000000, 0.9991616736388811981, 0.9983418125108576291 ) ) 
 REPRESENTATION_ITEM ( '' )  );
#1344 = CARTESIAN_POINT ( 'NONE',  ( 2.496634822799526088, -0.3549685903119804697, -1.068736389347416216 ) ) ;
#1345 = CARTESIAN_POINT ( 'NONE',  ( -2.508866492177963980, 5.082531409688020752, 0.02952986210389053900 ) ) ;
#1346 = CARTESIAN_POINT ( 'NONE',  ( -0.03157622219022616916, -6.803601675525772663, 2.508866492177964425 ) ) ;
#1347 = PLANE ( 'NONE',  #1783 ) ;
#1348 = CARTESIAN_POINT ( 'NONE',  ( -2.242057725680490332, 0.2941616512638746683, 0.9509284072362306217 ) ) ;
#1349 = EDGE_LOOP ( 'NONE', ( #3616, #3522, #3986, #1287 ) ) ;
#1350 = ADVANCED_FACE ( 'NONE', ( #3100 ), #431, .T. ) ;
#1351 = FACE_OUTER_BOUND ( 'NONE', #3307, .T. ) ;
#1352 = CARTESIAN_POINT ( 'NONE',  ( -1.758442677127334042, 3.451964867081124932, -0.7295695355068716470 ) ) ;
#1353 = CARTESIAN_POINT ( 'NONE',  ( -1.759290307228593475, 5.576964867081126265, 0.7275231754205363499 ) ) ;
#1354 = DIRECTION ( 'NONE',  ( 1.332253022117617921E-16, -1.000000000000000000, 0.000000000000000000 ) ) ;
#1355 = CARTESIAN_POINT ( 'NONE',  ( 1.242982926273937805, -10.11053513291887640, 1.244429921367732339 ) ) ;
#1356 = CARTESIAN_POINT ( 'NONE',  ( 3.499999999999999556, 8.250000000000000000, 4.286263797015736102E-16 ) ) ;
#1357 = CARTESIAN_POINT ( 'NONE',  ( -1.605788887702078060, -6.077742391497264585, 1.576052679364651876 ) ) ;
#1358 = CARTESIAN_POINT ( 'NONE',  ( -1.758442677127333376, -0.5480351329188760667, -0.7295695355068715360 ) ) ;
#1359 = CARTESIAN_POINT ( 'NONE',  ( -1.242982926273933586, -8.610535132918876400, -1.244429921367732339 ) ) ;
#1360 = EDGE_CURVE ( 'NONE', #4128, #346, #1431, .T. ) ;
#1361 = FACE_OUTER_BOUND ( 'NONE', #3427, .T. ) ;
#1362 = CARTESIAN_POINT ( 'NONE',  ( 1.007630305053299535, 0.2588983244742274481, 2.521945791657662195 ) ) ;
#1363 = DIRECTION ( 'NONE',  ( -1.332253022117619153E-16, 1.000000000000000000, -0.000000000000000000 ) ) ;
#1364 = ORIENTED_EDGE ( 'NONE', *, *, #2753, .T. ) ;
#1365 = CARTESIAN_POINT ( 'NONE',  ( 0.02952986210389151392, -1.667468590311979915, 2.508866492177964425 ) ) ;
#1366 = CARTESIAN_POINT ( 'NONE',  ( -0.02952986210389029961, 3.832531409688019863, -2.508866492177964425 ) ) ;
#1367 = APPROVAL_ROLE ( '' ) ;
#1368 =( BOUNDED_CURVE ( )  B_SPLINE_CURVE ( 2, ( #1921, #2695, #3074, #3707, #104, #2420, #1749, #1409, #2735, #2076, #3096 ),
 .UNSPECIFIED., .F., .F. ) 
 B_SPLINE_CURVE_WITH_KNOTS ( ( 3, 2, 2, 2, 2, 3 ),
 ( 0.07135595830005121709, 0.07142857142857139685, 0.07738095238095232808, 0.08333333333333325932, 0.08928571428571430157, 0.09516548210957505305 ),
 .UNSPECIFIED. ) 
 CURVE ( )  GEOMETRIC_REPRESENTATION_ITEM ( )  RATIONAL_B_SPLINE_CURVE ( ( 0.9981654678299758388, 0.9990714059914859169, 1.000000000000000000, 0.9238795325112867385, 1.000000000000000000, 0.9238795325112867385, 1.000000000000000000, 0.9238795325112867385, 1.000000000000000000, 0.9248081265198008216, 0.9981654678299758388 ) ) 
 REPRESENTATION_ITEM ( '' )  );
#1369 = CARTESIAN_POINT ( 'NONE',  ( 1.070782749433754955, -6.366101675525771775, -2.495787192698266654 ) ) ;
#1370 = DIRECTION ( 'NONE',  ( -0.8660254037844387076, 0.000000000000000000, 0.4999999999999998335 ) ) ;
#1371 = AXIS2_PLACEMENT_3D ( 'NONE', #3785, #2316, #46 ) ;
#1372 = DIRECTION ( 'NONE',  ( -1.332253022117619153E-16, 1.000000000000000000, -0.000000000000000000 ) ) ;
#1373 = ORIENTED_EDGE ( 'NONE', *, *, #2187, .T. ) ;
#1374 = CARTESIAN_POINT ( 'NONE',  ( 1.708283852412349368, 8.000000000000000000, -0.8790957201843027091 ) ) ;
#1375 = CARTESIAN_POINT ( 'NONE',  ( 0.7295695355068719801, 3.201964867081124488, -1.758442677127334708 ) ) ;
#1376 = CARTESIAN_POINT ( 'NONE',  ( -1.758442677127333820, 3.451964867081124488, -0.7295695355068715360 ) ) ;
#1377 = CARTESIAN_POINT ( 'NONE',  ( 0.9529664928947869651, -1.515242391497264363, -2.241192214958859896 ) ) ;
#1378 = CARTESIAN_POINT ( 'NONE',  ( 1.758866492177965979, -6.985535132918875512, 0.001023180043167258016 ) ) ;
#1379 = LINE ( 'NONE', #10, #468 ) ;
#1380 = CARTESIAN_POINT ( 'NONE',  ( -1.758866492177962648, -1.485535132918875290, -0.001023180043167473338 ) ) ;
#1381 = CARTESIAN_POINT ( 'NONE',  ( 1.758442677127336484, -8.048035132918876400, 0.7295695355068725352 ) ) ;
#1382 = CARTESIAN_POINT ( 'NONE',  ( -0.001023180043165310788, -10.23553513291887640, 1.758866492177963980 ) ) ;
#1383 = CARTESIAN_POINT ( 'NONE',  ( -1.214950895325772384, 7.959675709839056701, 1.974264816095176567 ) ) ;
#1384 = CARTESIAN_POINT ( 'NONE',  ( -2.508866492177963536, 1.946398324474227337, -0.03157622219022782756 ) ) ;
#1385 = CARTESIAN_POINT ( 'NONE',  ( -1.604355277028127080, -0.8933383487361263864, -1.577512011070596687 ) ) ;
#1386 = EDGE_LOOP ( 'NONE', ( #191, #1253, #492, #1480 ) ) ;
#1387 = FACE_OUTER_BOUND ( 'NONE', #3638, .T. ) ;
#1388 = AXIS2_PLACEMENT_3D ( 'NONE', #1090, #3407, #2406 ) ;
#1389 = CARTESIAN_POINT ( 'NONE',  ( -2.496634822799525200, 4.145031409688019863, 1.068736389347415772 ) ) ;
#1390 = COORDINATED_UNIVERSAL_TIME_OFFSET ( 3, 0, .AHEAD. ) ;
#1391 = VECTOR ( 'NONE', #4255, 1000.000000000000000 ) ;
#1392 = CARTESIAN_POINT ( 'NONE',  ( -1.007630305053296205, -7.241101675525771775, -2.521945791657662639 ) ) ;
#1393 = CARTESIAN_POINT ( 'NONE',  ( -2.249919936250257546, 0.2316616512638745851, 0.01898105538776425488 ) ) ;
#1394 = ORIENTED_EDGE ( 'NONE', *, *, #1659, .T. ) ;
#1395 = CARTESIAN_POINT ( 'NONE',  ( -6.919358041228400441E-16, 12.00000000000000000, 0.000000000000000000 ) ) ;
#1396 = CARTESIAN_POINT ( 'NONE',  ( -0.7295695355068718690, 2.701964867081124932, 1.758442677127334264 ) ) ;
#1397 = CARTESIAN_POINT ( 'NONE',  ( 1.244429921367732783, 4.139464867081124488, -1.242982926273935806 ) ) ;
#1398 = DIRECTION ( 'NONE',  ( -1.332253022117619153E-16, 1.000000000000000000, -0.000000000000000000 ) ) ;
#1399 = CARTESIAN_POINT ( 'NONE',  ( -1.759290307228591699, -8.423035132918876400, 0.7275231754205363499 ) ) ;
#1400 = CARTESIAN_POINT ( 'NONE',  ( -1.577512011070594689, -10.64333834873612616, 1.604355277028128191 ) ) ;
#1401 = CARTESIAN_POINT ( 'NONE',  ( 1.758442677127335374, -0.04803513291887565040, 0.7295695355068724242 ) ) ;
#1402 = CARTESIAN_POINT ( 'NONE',  ( -0.001023180043165704354, -7.235535132918876400, 1.758866492177964203 ) ) ;
#1403 = CARTESIAN_POINT ( 'NONE',  ( 0.7295695355068736454, -8.798035132918876400, -1.758442677127334486 ) ) ;
#1404 = DIRECTION ( 'NONE',  ( -1.000000000000000000, -1.332253022117619153E-16, 0.000000000000000000 ) ) ;
#1405 = ADVANCED_FACE ( 'NONE', ( #3078 ), #2386, .T. ) ;
#1406 = LINE ( 'NONE', #2417, #3137 ) ;
#1407 = CARTESIAN_POINT ( 'NONE',  ( -1.794917275451909600, 5.957531409688018087, -1.753155743969580183 ) ) ;
#1408 = CARTESIAN_POINT ( 'NONE',  ( 2.249999999999980016, -8.639417963350927820, -0.9196868998405928197 ) ) ;
#1409 = CARTESIAN_POINT ( 'NONE',  ( -0.9529664928947869651, 6.984757608502735415, 2.241192214958859452 ) ) ;
#1410 = ORIENTED_EDGE ( 'NONE', *, *, #2617, .F. ) ;
#1411 = ADVANCED_FACE ( 'NONE', ( #752 ), #2061, .T. ) ;
#1412 = CARTESIAN_POINT ( 'NONE',  ( 2.249901748734116858, 6.297257608502737192, 0.02102667456217082939 ) ) ;
#1413 = ORIENTED_EDGE ( 'NONE', *, *, #931, .F. ) ;
#1414 = DIRECTION ( 'NONE',  ( -1.332253022117619153E-16, 1.000000000000000000, -0.000000000000000000 ) ) ;
#1415 = CARTESIAN_POINT ( 'NONE',  ( -0.001023180043166903481, 1.764464867081124266, 1.758866492177964203 ) ) ;
#1416 = CARTESIAN_POINT ( 'NONE',  ( 1.244429921367733005, 2.139464867081124488, -1.242982926273935806 ) ) ;
#1417 = CARTESIAN_POINT ( 'NONE',  ( 0.01898105538776629145, -9.518338348736127941, 2.249919936250258434 ) ) ;
#1418 = CARTESIAN_POINT ( 'NONE',  ( -0.7295695355068700927, -9.298035132918872847, 1.758442677127334042 ) ) ;
#1419 = CARTESIAN_POINT ( 'NONE',  ( 0.9109131437704459655, -3.890242391497264585, 2.258611282509372931 ) ) ;
#1420 = CARTESIAN_POINT ( 'NONE',  ( -1.758866492177962870, -0.4855351329188760667, -0.001023180043167473338 ) ) ;
#1421 = CARTESIAN_POINT ( 'NONE',  ( -0.7275231754205346846, -7.673035132918876400, -1.759290307228593475 ) ) ;
#1422 = CARTESIAN_POINT ( 'NONE',  ( -2.249999999999998224, -11.00000000000000000, 0.000000000000000000 ) ) ;
#1423 = CARTESIAN_POINT ( 'NONE',  ( 1.751708748875781652, 2.321398324474227337, 1.796364270545708353 ) ) ;
#1424 = CARTESIAN_POINT ( 'NONE',  ( -2.249901748734116858, 6.797257608502734527, -0.02102667456217110348 ) ) ;
#1425 = CARTESIAN_POINT ( 'NONE',  ( -0.02952986210389056676, 5.832531409688018087, -2.508866492177964425 ) ) ;
#1426 = AXIS2_PLACEMENT_3D ( 'NONE', #864, #3820, #562 ) ;
#1427 = VERTEX_POINT ( 'NONE', #2425 ) ;
#1428 = CARTESIAN_POINT ( 'NONE',  ( -1.577512011070595355, -3.643338348736125276, 1.604355277028128191 ) ) ;
#1429 = DIRECTION ( 'NONE',  ( 1.332253022117619153E-16, -1.000000000000000000, 0.000000000000000000 ) ) ;
#1430 = ORIENTED_EDGE ( 'NONE', *, *, #2753, .F. ) ;
#1431 = LINE ( 'NONE', #1689, #3695 ) ;
#1432 = CARTESIAN_POINT ( 'NONE',  ( 1.759290307228593697, 6.076964867081122712, -0.7275231754205367940 ) ) ;
#1433 = CARTESIAN_POINT ( 'NONE',  ( -1.759290307228593475, 2.576964867081124932, 0.7275231754205363499 ) ) ;
#1434 = CARTESIAN_POINT ( 'NONE',  ( 0.3584742418994324442, 8.000000000000007105, 2.095207779705556828 ) ) ;
#1435 = CARTESIAN_POINT ( 'NONE',  ( -1.242982926273933808, -7.610535132918875512, -1.244429921367732339 ) ) ;
#1436 = CARTESIAN_POINT ( 'NONE',  ( -1.605788887702078505, -4.077742391497264585, 1.576052679364651876 ) ) ;
#1437 = CARTESIAN_POINT ( 'NONE',  ( -1.759290307228593475, 1.576964867081124266, 0.7275231754205363499 ) ) ;
#1438 = AXIS2_PLACEMENT_3D ( 'NONE', #3419, #1142, #801 ) ;
#1439 = CARTESIAN_POINT ( 'NONE',  ( -0.7275231754205346846, -8.673035132918876400, -1.759290307228593475 ) ) ;
#1440 = DIRECTION ( 'NONE',  ( 0.8660254037844389297, 0.000000000000000000, -0.4999999999999996114 ) ) ;
#1441 = CARTESIAN_POINT ( 'NONE',  ( 1.751708748875781430, 4.321398324474227337, 1.796364270545708353 ) ) ;
#1442 = VECTOR ( 'NONE', #1299, 1000.000000000000000 ) ;
#1443 = CARTESIAN_POINT ( 'NONE',  ( 1.605788887702079837, 6.422257608502734527, -1.576052679364651876 ) ) ;
#1444 = CARTESIAN_POINT ( 'NONE',  ( 0.02952986210389098309, 2.332531409688020307, 2.508866492177964425 ) ) ;
#1445 = FACE_OUTER_BOUND ( 'NONE', #585, .T. ) ;
#1446 = CARTESIAN_POINT ( 'NONE',  ( 1.794917275451909600, 5.457531409688021640, 1.753155743969580405 ) ) ;
#1447 = ORIENTED_EDGE ( 'NONE', *, *, #3856, .F. ) ;
#1448 = CARTESIAN_POINT ( 'NONE',  ( -2.242057725680490776, 3.294161651263873836, 0.9509284072362306217 ) ) ;
#1449 = CARTESIAN_POINT ( 'NONE',  ( -2.249999999999976019, -9.139417963350929597, 0.9196868998405924867 ) ) ;
#1450 = ORIENTED_EDGE ( 'NONE', *, *, #3465, .T. ) ;
#1451 = CARTESIAN_POINT ( 'NONE',  ( 2.249999999999996003, 5.298670417785111830, -1.076011755298871693E-14 ) ) ;
#1452 = VECTOR ( 'NONE', #2158, 1000.000000000000114 ) ;
#1453 = CARTESIAN_POINT ( 'NONE',  ( -1.242982926273935584, 5.389464867081125377, -1.244429921367732339 ) ) ;
#1454 = DIRECTION ( 'NONE',  ( -0.7071067811865455743, -0.7071067811865493491, 8.659560562354909439E-17 ) ) ;
#1455 = CARTESIAN_POINT ( 'NONE',  ( 1.246406142002457029, 8.000000000000001776, 1.542779272382320377 ) ) ;
#1456 = EDGE_LOOP ( 'NONE', ( #1702, #2278, #2825, #2043 ) ) ;
#1457 = CARTESIAN_POINT ( 'NONE',  ( 0.7275231754205392365, -9.173035132918876400, 1.759290307228593475 ) ) ;
#1458 = CARTESIAN_POINT ( 'NONE',  ( 1.242982926273936251, 2.889464867081125377, 1.244429921367732339 ) ) ;
#1459 = VERTEX_POINT ( 'NONE', #3693 ) ;
#1460 = CARTESIAN_POINT ( 'NONE',  ( -0.7295695355068708698, -4.298035132918875512, 1.758442677127334264 ) ) ;
#1461 = CARTESIAN_POINT ( 'NONE',  ( -1.758442677127333154, -3.548035132918875512, -0.7295695355068715360 ) ) ;
#1462 = LINE ( 'NONE', #3743, #1639 ) ;
#1463 = CARTESIAN_POINT ( 'NONE',  ( -1.070782749433754288, 4.133898324474227337, 2.495787192698265766 ) ) ;
#1464 = DIRECTION ( 'NONE',  ( -1.000000000000000000, 0.000000000000000000, 0.000000000000000000 ) ) ;
#1465 = DIRECTION ( 'NONE',  ( -1.332253022117619153E-16, 1.000000000000000000, -0.000000000000000000 ) ) ;
#1466 = CARTESIAN_POINT ( 'NONE',  ( 2.496634822799525200, 5.645031409688018087, -1.068736389347416216 ) ) ;
#1467 = APPROVAL_STATUS ( 'not_yet_approved' ) ;
#1468 = ORIENTED_EDGE ( 'NONE', *, *, #3363, .F. ) ;
#1469 = FACE_OUTER_BOUND ( 'NONE', #1987, .T. ) ;
#1470 = EDGE_LOOP ( 'NONE', ( #2977, #3576, #196, #1279 ) ) ;
#1471 = CARTESIAN_POINT ( 'NONE',  ( -2.249999999999993783, -2.201329582214890834, -5.604086460562884364E-15 ) ) ;
#1472 = CARTESIAN_POINT ( 'NONE',  ( 1.242982926273935584, 7.889464867081124488, 1.244429921367732561 ) ) ;
#1473 =( BOUNDED_CURVE ( )  B_SPLINE_CURVE ( 2, ( #4273, #3273, #2206, #1618, #1551, #3600, #2956, #3640, #4205, #298, #4252 ),
 .UNSPECIFIED., .F., .F. ) 
 B_SPLINE_CURVE_WITH_KNOTS ( ( 3, 2, 2, 2, 2, 3 ),
 ( 0.02387507829215421498, 0.02976190476190476719, 0.03571428571428569843, 0.04166666666666662966, 0.04761904761904756089, 0.04768460210167793645 ),
 .UNSPECIFIED. ) 
 CURVE ( )  GEOMETRIC_REPRESENTATION_ITEM ( )  RATIONAL_B_SPLINE_CURVE ( ( 0.9983418125108565189, 0.9247178588724059844, 1.000000000000000000, 0.9238795325112867385, 1.000000000000000000, 0.9238795325112867385, 1.000000000000000000, 0.9238795325112867385, 1.000000000000000000, 0.9991616736388808651, 0.9983418125108568519 ) ) 
 REPRESENTATION_ITEM ( '' )  );
#1474 = CARTESIAN_POINT ( 'NONE',  ( 1.758442677127334264, 5.951964867081126265, 0.7295695355068724242 ) ) ;
#1475 = EDGE_CURVE ( 'NONE', #3115, #384, #3892, .T. ) ;
#1476 = CARTESIAN_POINT ( 'NONE',  ( 2.250000000000000444, 1.730386529455678835, -1.605248138585507851E-15 ) ) ;
#1477 = CARTESIAN_POINT ( 'NONE',  ( -1.758866492177962426, -4.485535132918876400, -0.001023180043167473338 ) ) ;
#1478 = DIRECTION ( 'NONE',  ( -1.332253022117620879E-16, 1.000000000000000000, -0.000000000000000000 ) ) ;
#1479 = CARTESIAN_POINT ( 'NONE',  ( -1.759290307228593475, 2.576964867081124932, 0.7275231754205363499 ) ) ;
#1480 = ORIENTED_EDGE ( 'NONE', *, *, #2843, .T. ) ;
#1481 = CARTESIAN_POINT ( 'NONE',  ( 1.758442677127336040, -6.048035132918875512, 0.7295695355068725352 ) ) ;
#1482 = CARTESIAN_POINT ( 'NONE',  ( -0.7295695355068707588, -5.298035132918876400, 1.758442677127334042 ) ) ;
#1483 = CARTESIAN_POINT ( 'NONE',  ( -0.6833390021460645780, -11.00000000000000000, 2.143722885110391996 ) ) ;
#1484 = CARTESIAN_POINT ( 'NONE',  ( -2.521945791657662639, 6.008898324474229113, 1.007630305053297537 ) ) ;
#1485 = CARTESIAN_POINT ( 'NONE',  ( -2.249999999999993339, 0.1684172922564054486, -0.9208808658774204625 ) ) ;
#1486 = CARTESIAN_POINT ( 'NONE',  ( -2.249999999999976019, -7.139417963350928709, 0.9196868998405924867 ) ) ;
#1487 = CARTESIAN_POINT ( 'NONE',  ( 2.249999999999997335, -2.702037336063081163, 0.01051356683023083570 ) ) ;
#1488 = ORIENTED_EDGE ( 'NONE', *, *, #536, .T. ) ;
#1489 = CARTESIAN_POINT ( 'NONE',  ( -2.249919936250257990, 3.231661651263873836, 0.01898105538776425488 ) ) ;
#1490 = ORIENTED_EDGE ( 'NONE', *, *, #4238, .F. ) ;
#1491 = DIRECTION ( 'NONE',  ( -0.8660254037844388186, 0.000000000000000000, -0.4999999999999996669 ) ) ;
#1492 = CARTESIAN_POINT ( 'NONE',  ( 0.7275231754205372381, 7.826964867081124488, 1.759290307228593475 ) ) ;
#1493 = EDGE_CURVE ( 'NONE', #339, #3143, #4102, .T. ) ;
#1494 = CARTESIAN_POINT ( 'NONE',  ( -0.7275231754205366830, 6.326964867081122712, -1.759290307228593475 ) ) ;
#1495 = CARTESIAN_POINT ( 'NONE',  ( -2.249999999999998224, -7.768974808967563206, 0.009490696551811964032 ) ) ;
#1496 = CARTESIAN_POINT ( 'NONE',  ( -1.242982926273934252, -4.610535132918875512, -1.244429921367732339 ) ) ;
#1497 = CARTESIAN_POINT ( 'NONE',  ( -0.02952986210388816590, -12.16746859031198014, -2.508866492177964425 ) ) ;
#1498 = CARTESIAN_POINT ( 'NONE',  ( -1.758442677127333598, 1.451964867081123822, -0.7295695355068715360 ) ) ;
#1499 = ORIENTED_EDGE ( 'NONE', *, *, #2085, .T. ) ;
#1500 = CARTESIAN_POINT ( 'NONE',  ( -0.7295695355068710919, -3.298035132918875068, 1.758442677127334264 ) ) ;
#1501 = CARTESIAN_POINT ( 'NONE',  ( 0.7295695355068727572, -3.798035132918875068, -1.758442677127334486 ) ) ;
#1502 = CARTESIAN_POINT ( 'NONE',  ( 2.249999999999996447, 3.298670417785110054, -1.076011755298871693E-14 ) ) ;
#1503 = CARTESIAN_POINT ( 'NONE',  ( 1.751708748875781430, 5.321398324474228225, 1.796364270545708353 ) ) ;
#1504 = VECTOR ( 'NONE', #1440, 999.9999999999998863 ) ;
#1505 = CARTESIAN_POINT ( 'NONE',  ( -0.4965115144796087843, -11.35555018302678931, 1.832557518228075333 ) ) ;
#1506 = LINE ( 'NONE', #504, #2917 ) ;
#1507 = CARTESIAN_POINT ( 'NONE',  ( 0.02102667456217273759, -6.452742391497264585, -2.249901748734116858 ) ) ;
#1508 = CIRCLE ( 'NONE', #284, 2.250000000000000888 ) ;
#1509 =( GEOMETRIC_REPRESENTATION_CONTEXT ( 3 ) GLOBAL_UNCERTAINTY_ASSIGNED_CONTEXT ( ( #1918 ) ) GLOBAL_UNIT_ASSIGNED_CONTEXT ( ( #2336, #3007, #2053 ) ) REPRESENTATION_CONTEXT ( 'NONE', 'WORKASPACE' ) );
#1510 = CARTESIAN_POINT ( 'NONE',  ( 2.521098161556404538, -7.479968590311980137, 1.009676665139636276 ) ) ;
#1511 = ORIENTED_EDGE ( 'NONE', *, *, #962, .T. ) ;
#1512 = CARTESIAN_POINT ( 'NONE',  ( 0.7295695355068713139, 8.201964867081123600, -1.758442677127334708 ) ) ;
#1513 = CARTESIAN_POINT ( 'NONE',  ( 1.576052679364654097, -10.82774239149726370, 1.605788887702079837 ) ) ;
#1514 = VECTOR ( 'NONE', #3276, 1000.000000000000000 ) ;
#1515 = LINE ( 'NONE', #3562, #1040 ) ;
#1516 = CARTESIAN_POINT ( 'NONE',  ( -0.7295695355068710919, -2.298035132918875956, 1.758442677127334042 ) ) ;
#1517 = CARTESIAN_POINT ( 'NONE',  ( -2.508866492177961760, -11.91746859031198014, 0.02952986210389053900 ) ) ;
#1518 = CARTESIAN_POINT ( 'NONE',  ( -0.7295695355068718690, 3.701964867081124488, 1.758442677127334042 ) ) ;
#1519 = ORIENTED_EDGE ( 'NONE', *, *, #2388, .F. ) ;
#1520 = CARTESIAN_POINT ( 'NONE',  ( -0.7295695355068707588, -5.298035132918875512, 1.758442677127334264 ) ) ;
#1521 = CARTESIAN_POINT ( 'NONE',  ( 1.242982926273937139, -6.110535132918875512, 1.244429921367732339 ) ) ;
#1522 = CYLINDRICAL_SURFACE ( 'NONE', #2063, 2.250000000000000444 ) ;
#1523 = CARTESIAN_POINT ( 'NONE',  ( 2.496634822799525200, 7.645031409688019863, -1.068736389347416216 ) ) ;
#1524 = CARTESIAN_POINT ( 'NONE',  ( 0.03157622219022809124, 3.696398324474226893, -2.508866492177964425 ) ) ;
#1525 =( BOUNDED_CURVE ( )  B_SPLINE_CURVE ( 2, ( #981, #3382, #1385, #663, #1657, #2289, #2356, #40, #1634, #2712, #3315 ),
 .UNSPECIFIED., .F., .F. ) 
 B_SPLINE_CURVE_WITH_KNOTS ( ( 3, 2, 2, 2, 2, 3 ),
 ( 0.4286369830540588954, 0.4345238095238095344, 0.4404761904761904656, 0.4464285714285713969, 0.4523809523809523281, 0.4524465068635827314 ),
 .UNSPECIFIED. ) 
 CURVE ( )  GEOMETRIC_REPRESENTATION_ITEM ( )  RATIONAL_B_SPLINE_CURVE ( ( 0.9983418125108562968, 0.9247178588724063175, 1.000000000000000000, 0.9238795325112867385, 1.000000000000000000, 0.9238795325112867385, 1.000000000000000000, 0.9238795325112867385, 1.000000000000000000, 0.9991616736388804210, 0.9983418125108560748 ) ) 
 REPRESENTATION_ITEM ( '' )  );
#1526 = CARTESIAN_POINT ( 'NONE',  ( 2.250000000000000444, 1.730386529455678835, -1.605248138585507851E-15 ) ) ;
#1527 = EDGE_CURVE ( 'NONE', #900, #1333, #3744, .T. ) ;
#1528 = DIRECTION ( 'NONE',  ( -1.000000000000000000, 0.000000000000000000, 0.000000000000000000 ) ) ;
#1529 = CARTESIAN_POINT ( 'NONE',  ( 2.079154073588308282, -11.17084592641169216, 2.345209673509562783E-12 ) ) ;
#1530 = DIRECTION ( 'NONE',  ( -1.000000000000000000, 0.000000000000000000, 0.000000000000000000 ) ) ;
#1531 = EDGE_CURVE ( 'NONE', #770, #2814, #3209, .T. ) ;
#1532 = CARTESIAN_POINT ( 'NONE',  ( -1.009676665139634277, -6.729968590311981025, 2.521098161556403650 ) ) ;
#1533 = VERTEX_POINT ( 'NONE', #2444 ) ;
#1534 = CARTESIAN_POINT ( 'NONE',  ( -2.249999999999999112, 3.231025191032435018, 0.009490696551824209445 ) ) ;
#1535 = CARTESIAN_POINT ( 'NONE',  ( 0.03157622219022982596, -9.303601675525772663, -2.508866492177964425 ) ) ;
#1536 = CARTESIAN_POINT ( 'NONE',  ( 1.759290307228593475, 6.076964867081122712, -0.7275231754205366830 ) ) ;
#1537 = CARTESIAN_POINT ( 'NONE',  ( -0.9509284072362301776, 3.044161651263873836, -2.242057725680490776 ) ) ;
#1538 = CARTESIAN_POINT ( 'NONE',  ( 1.244429921367734115, -4.860535132918875512, -1.242982926273935806 ) ) ;
#1539 = CARTESIAN_POINT ( 'NONE',  ( 2.521098161556405426, -11.47996859031198014, 1.009676665139636276 ) ) ;
#1540 = CARTESIAN_POINT ( 'NONE',  ( 1.605788887702080725, -2.577742391497265029, -1.576052679364651876 ) ) ;
#1541 = CARTESIAN_POINT ( 'NONE',  ( -1.759290307228592143, -6.423035132918875512, 0.7275231754205364609 ) ) ;
#1542 = CARTESIAN_POINT ( 'NONE',  ( 1.242982926273937139, -5.110535132918875512, 1.244429921367732339 ) ) ;
#1543 = CARTESIAN_POINT ( 'NONE',  ( 2.372246146747684008E-15, -11.00000000000000000, 0.000000000000000000 ) ) ;
#1544 = CARTESIAN_POINT ( 'NONE',  ( -0.9509284072362306217, 5.044161651263875612, -2.242057725680490776 ) ) ;
#1545 = CARTESIAN_POINT ( 'NONE',  ( 0.6221006861342553984, -11.29680620460523954, 1.855708084262143398 ) ) ;
#1546 = LINE ( 'NONE', #2180, #4090 ) ;
#1547 = CARTESIAN_POINT ( 'NONE',  ( -2.249999999999984013, 4.860582036649070403, 0.9196868998405859363 ) ) ;
#1548 = CARTESIAN_POINT ( 'NONE',  ( -2.508866492177962648, -4.053601675525772663, -0.03157622219022782756 ) ) ;
#1549 = CARTESIAN_POINT ( 'NONE',  ( 2.508866492177966201, -6.417468590311981025, -0.02952986210389084779 ) ) ;
#1550 = EDGE_LOOP ( 'NONE', ( #1813, #529, #1364, #749, #2679, #2183, #2546, #3249 ) ) ;
#1551 = CARTESIAN_POINT ( 'NONE',  ( 0.01898105538776402243, 7.481661651263873836, 2.249919936250258434 ) ) ;
#1552 = CARTESIAN_POINT ( 'NONE',  ( -1.007630305053295539, -10.24110167552577089, -2.521945791657662639 ) ) ;
#1553 = DIRECTION ( 'NONE',  ( -2.891205793294677833E-16, 0.000000000000000000, -1.000000000000000000 ) ) ;
#1554 = DIRECTION ( 'NONE',  ( -1.332253022117619153E-16, 1.000000000000000000, -0.000000000000000000 ) ) ;
#1555 = CARTESIAN_POINT ( 'NONE',  ( 1.242982926273936917, -3.110535132918875068, 1.244429921367732339 ) ) ;
#1556 = CARTESIAN_POINT ( 'NONE',  ( -0.02102667456216900793, -9.952742391497265473, 2.249901748734116858 ) ) ;
#1557 = CARTESIAN_POINT ( 'NONE',  ( -0.7295695355068722021, 6.701964867081123600, 1.758442677127334042 ) ) ;
#1558 = ADVANCED_FACE ( 'NONE', ( #533 ), #3471, .F. ) ;
#1559 = CARTESIAN_POINT ( 'NONE',  ( 1.758866492177965313, -0.9855351329188765108, 0.001023180043167252161 ) ) ;
#1560 = AXIS2_PLACEMENT_3D ( 'NONE', #1179, #540, #1864 ) ;
#1561 = CARTESIAN_POINT ( 'NONE',  ( 1.758442677127334930, 0.9519648670811252655, 0.7295695355068724242 ) ) ;
#1562 = VERTEX_POINT ( 'NONE', #1835 ) ;
#1563 = CARTESIAN_POINT ( 'NONE',  ( 2.249999999999995559, 4.298670417785110054, -1.036637192644401631E-14 ) ) ;
#1564 = CARTESIAN_POINT ( 'NONE',  ( -1.556321349090309170, -11.43048935930882593, 0.9753271228166532358 ) ) ;
#1565 = CARTESIAN_POINT ( 'NONE',  ( -0.9529664928947852998, -7.015242391497264585, 2.241192214958859452 ) ) ;
#1566 = CONICAL_SURFACE ( 'NONE', #2125, 2.250000000000000444, 0.7853981633974509435 ) ;
#1567 = CARTESIAN_POINT ( 'NONE',  ( -0.02102667456217100633, 5.047257608502736304, 2.249901748734116858 ) ) ;
#1568 = CARTESIAN_POINT ( 'NONE',  ( 2.508866492177966201, -3.553601675525772663, 0.03157622219022752225 ) ) ;
#1569 = CARTESIAN_POINT ( 'NONE',  ( 1.794917275451910932, -4.542468590311981025, 1.753155743969580405 ) ) ;
#1570 = VERTEX_POINT ( 'NONE', #3144 ) ;
#1571 = CARTESIAN_POINT ( 'NONE',  ( 2.250000000000000000, 4.730386529455679501, -1.605248138585507851E-15 ) ) ;
#1572 = ADVANCED_FACE ( 'NONE', ( #3814 ), #173, .T. ) ;
#1573 = CARTESIAN_POINT ( 'NONE',  ( -1.070782749433752734, -7.866101675525772663, 2.495787192698265766 ) ) ;
#1574 = VECTOR ( 'NONE', #1398, 1000.000000000000000 ) ;
#1575 = CARTESIAN_POINT ( 'NONE',  ( 2.249919936250259322, 0.7316616512638750569, -0.01898105538776452897 ) ) ;
#1576 = LINE ( 'NONE', #989, #627 ) ;
#1577 = ORIENTED_EDGE ( 'NONE', *, *, #1578, .F. ) ;
#1578 = EDGE_CURVE ( 'NONE', #371, #1844, #4167, .T. ) ;
#1579 = CARTESIAN_POINT ( 'NONE',  ( 2.250000000000001776, -6.268974808967564094, -0.009490696551812224241 ) ) ;
#1580 = CARTESIAN_POINT ( 'NONE',  ( -1.794917275451907379, -11.04246859031198191, -1.753155743969580183 ) ) ;
#1581 = CARTESIAN_POINT ( 'NONE',  ( 0.7295695355068713139, 7.201964867081122712, -1.758442677127334486 ) ) ;
#1582 = CARTESIAN_POINT ( 'NONE',  ( -0.7275231754205357948, -0.6730351329188761778, -1.759290307228593475 ) ) ;
#1583 = CARTESIAN_POINT ( 'NONE',  ( -0.7275231754205359058, 0.3269648670811247659, -1.759290307228593475 ) ) ;
#1584 = DIRECTION ( 'NONE',  ( -1.000000000000000000, 0.000000000000000000, 0.000000000000000000 ) ) ;
#1585 =( BOUNDED_CURVE ( )  B_SPLINE_CURVE ( 2, ( #3930, #2308, #2639, #1983, #4246, #3635, #1590, #958, #380, #1611, #997 ),
 .UNSPECIFIED., .F., .F. ) 
 B_SPLINE_CURVE_WITH_KNOTS ( ( 3, 2, 2, 2, 2, 3 ),
 ( 0.3808797678238607376, 0.3809523809523809312, 0.3869047619047618625, 0.3928571428571427937, 0.3988095238095238360, 0.4046892916333845736 ),
 .UNSPECIFIED. ) 
 CURVE ( )  GEOMETRIC_REPRESENTATION_ITEM ( )  RATIONAL_B_SPLINE_CURVE ( ( 0.9981654678299756167, 0.9990714059914858058, 1.000000000000000000, 0.9238795325112867385, 1.000000000000000000, 0.9238795325112867385, 1.000000000000000000, 0.9238795325112867385, 1.000000000000000000, 0.9248081265198009326, 0.9981654678299756167 ) ) 
 REPRESENTATION_ITEM ( '' )  );
#1586 = CARTESIAN_POINT ( 'NONE',  ( -1.758866492177961538, -10.48553513291887640, -0.001023180043167473338 ) ) ;
#1587 = CARTESIAN_POINT ( 'NONE',  ( 0.9129662964607022646, 4.919161651263875612, -2.257782146820025648 ) ) ;
#1588 = CARTESIAN_POINT ( 'NONE',  ( 0.9529664928947875202, -7.515242391497265473, -2.241192214958859896 ) ) ;
#1589 = AXIS2_PLACEMENT_3D ( 'NONE', #3357, #3612, #3680 ) ;
#1590 = CARTESIAN_POINT ( 'NONE',  ( 0.02102667456217180084, 0.5472576085027358594, -2.249901748734116858 ) ) ;
#1591 = CARTESIAN_POINT ( 'NONE',  ( 0.02102667456217259881, -5.452742391497264585, -2.249901748734116858 ) ) ;
#1592 = CARTESIAN_POINT ( 'NONE',  ( -1.070782749433753622, -0.8661016755257717747, 2.495787192698265766 ) ) ;
#1593 = CARTESIAN_POINT ( 'NONE',  ( -2.249901748734115525, -4.202742391497264585, -0.02102667456217110348 ) ) ;
#1594 = ORIENTED_EDGE ( 'NONE', *, *, #1475, .F. ) ;
#1595 = CARTESIAN_POINT ( 'NONE',  ( -2.496634822799524756, -6.854968590311981025, 1.068736389347415772 ) ) ;
#1596 = CARTESIAN_POINT ( 'NONE',  ( -2.249919936250257546, -0.7683383487361262754, 0.01898105538776425488 ) ) ;
#1597 = CARTESIAN_POINT ( 'NONE',  ( 1.007630305053300868, -9.741101675525772663, 2.521945791657662195 ) ) ;
#1598 = CARTESIAN_POINT ( 'NONE',  ( -1.604355277028127968, 6.106661651263872947, -1.577512011070596687 ) ) ;
#1599 = CYLINDRICAL_SURFACE ( 'NONE', #2342, 2.250000000000000444 ) ;
#1600 = ORIENTED_EDGE ( 'NONE', *, *, #853, .F. ) ;
#1601 = CARTESIAN_POINT ( 'NONE',  ( -2.249999999999999112, -5.831582707743593552, -0.9208808658774133571 ) ) ;
#1602 = CARTESIAN_POINT ( 'NONE',  ( 2.508866492177966645, -9.417468590311981913, -0.02952986210389084779 ) ) ;
#1603 = CARTESIAN_POINT ( 'NONE',  ( 0.7275231754205372381, 6.826964867081123600, 1.759290307228593475 ) ) ;
#1604 = CARTESIAN_POINT ( 'NONE',  ( -1.758866492177963092, -0.4855351329188760667, -0.001023180043167467483 ) ) ;
#1605 = EDGE_CURVE ( 'NONE', #2940, #445, #1725, .T. ) ;
#1606 = CARTESIAN_POINT ( 'NONE',  ( -1.244429921367731229, -0.3605351329188759557, 1.242982926273935806 ) ) ;
#1607 = LINE ( 'NONE', #2994, #1037 ) ;
#1608 = CARTESIAN_POINT ( 'NONE',  ( -1.758866492177961316, -11.48553513291887462, -0.001023180043167473338 ) ) ;
#1609 = CARTESIAN_POINT ( 'NONE',  ( -0.01898105538776414733, 4.981661651263875612, -2.249919936250258434 ) ) ;
#1610 =( BOUNDED_CURVE ( )  B_SPLINE_CURVE ( 2, ( #2900, #1848, #2818, #1162, #3203, #2478, #2217, #3568, #3825, #3506, #2194 ),
 .UNSPECIFIED., .F., .F. ) 
 B_SPLINE_CURVE_WITH_KNOTS ( ( 3, 2, 2, 2, 2, 3 ),
 ( 0.8095893640064399932, 0.8154761904761904656, 0.8214285714285713969, 0.8273809523809523281, 0.8333333333333332593, 0.8333988878159637181 ),
 .UNSPECIFIED. ) 
 CURVE ( )  GEOMETRIC_REPRESENTATION_ITEM ( )  RATIONAL_B_SPLINE_CURVE ( ( 0.9983418125108547425, 0.9247178588724069837, 1.000000000000000000, 0.9238795325112867385, 1.000000000000000000, 0.9238795325112867385, 1.000000000000000000, 0.9238795325112867385, 1.000000000000000000, 0.9991616736388797548, 0.9983418125108547425 ) ) 
 REPRESENTATION_ITEM ( '' )  );
#1611 = CARTESIAN_POINT ( 'NONE',  ( 2.249999999999985789, 0.3605820366490703477, -0.9196868998405862694 ) ) ;
#1612 = CARTESIAN_POINT ( 'NONE',  ( 2.249999999999996891, -0.7013295822148902792, -1.076011755298871693E-14 ) ) ;
#1613 = CARTESIAN_POINT ( 'NONE',  ( -1.070782749433753400, -3.866101675525773107, 2.495787192698265766 ) ) ;
#1614 = CARTESIAN_POINT ( 'NONE',  ( 3.499999999999999556, 8.000000000000000000, 0.000000000000000000 ) ) ;
#1615 = EDGE_CURVE ( 'NONE', #1328, #2173, #3437, .T. ) ;
#1616 = CARTESIAN_POINT ( 'NONE',  ( 2.508866492177965757, -1.417468590311981469, -0.02952986210389084779 ) ) ;
#1617 = CARTESIAN_POINT ( 'NONE',  ( 2.521098161556404094, 4.520031409688020752, 1.009676665139636276 ) ) ;
#1618 = CARTESIAN_POINT ( 'NONE',  ( 0.9509284072362316209, 7.544161651263872947, 2.242057725680490332 ) ) ;
#1619 = CARTESIAN_POINT ( 'NONE',  ( -1.751708748875779653, -10.17860167552577266, -1.796364270545708131 ) ) ;
#1620 = DIRECTION ( 'NONE',  ( 1.000000000000000000, 1.332253022117619153E-16, -2.891205793294677833E-16 ) ) ;
#1621 = ORIENTED_EDGE ( 'NONE', *, *, #3171, .T. ) ;
#1622 = CARTESIAN_POINT ( 'NONE',  ( 2.521098161556404982, -8.479968590311980137, 1.009676665139636276 ) ) ;
#1623 = CARTESIAN_POINT ( 'NONE',  ( -1.244429921367732117, 5.639464867081126265, 1.242982926273935806 ) ) ;
#1624 = CARTESIAN_POINT ( 'NONE',  ( -0.001023180043166770341, 0.7644648670811250435, 1.758866492177964203 ) ) ;
#1625 = CARTESIAN_POINT ( 'NONE',  ( -0.7295695355068715360, 0.7019648670811250435, 1.758442677127334042 ) ) ;
#1626 = CARTESIAN_POINT ( 'NONE',  ( -1.577512011070595577, -2.643338348736126164, 1.604355277028128191 ) ) ;
#1627 = CARTESIAN_POINT ( 'NONE',  ( 1.758866492177966423, -10.98553513291887462, 0.001023180043167258016 ) ) ;
#1628 = CARTESIAN_POINT ( 'NONE',  ( -1.577512011070594689, -8.643338348736127941, 1.604355277028128191 ) ) ;
#1629 = CARTESIAN_POINT ( 'NONE',  ( 2.249999999999994671, -1.331582707743594440, 0.9208808658774217948 ) ) ;
#1630 = CARTESIAN_POINT ( 'NONE',  ( -1.242982926273933142, -11.61053513291887640, -1.244429921367732339 ) ) ;
#1631 = AXIS2_PLACEMENT_3D ( 'NONE', #2822, #4135, #3225 ) ;
#1632 = CARTESIAN_POINT ( 'NONE',  ( -1.576052679364649656, -9.327742391497263696, -1.605788887702079837 ) ) ;
#1633 = CARTESIAN_POINT ( 'NONE',  ( 1.007630305053299757, -1.741101675525772441, 2.521945791657662195 ) ) ;
#1634 = CARTESIAN_POINT ( 'NONE',  ( 2.249919936250259767, -1.268338348736126608, -0.01898105538776452897 ) ) ;
#1635 = ORIENTED_EDGE ( 'NONE', *, *, #3228, .T. ) ;
#1636 = CARTESIAN_POINT ( 'NONE',  ( -0.02952986210388949817, -2.167468590311980581, -2.508866492177964425 ) ) ;
#1637 = CARTESIAN_POINT ( 'NONE',  ( 1.009676665139635610, 2.770031409688018975, -2.521098161556404094 ) ) ;
#1638 = CARTESIAN_POINT ( 'NONE',  ( 2.249999999999997780, 4.668417292256405560, 0.9208808658774183531 ) ) ;
#1639 = VECTOR ( 'NONE', #2070, 1000.000000000000000 ) ;
#1640 = CARTESIAN_POINT ( 'NONE',  ( -1.751708748875780319, -5.178601675525771775, -1.796364270545708131 ) ) ;
#1641 = CARTESIAN_POINT ( 'NONE',  ( -1.604355277028127524, 1.106661651263873614, -1.577512011070596687 ) ) ;
#1642 = CARTESIAN_POINT ( 'NONE',  ( 1.981990776640799368, -11.13419331214598884, -0.7562789025497380635 ) ) ;
#1643 = ORIENTED_EDGE ( 'NONE', *, *, #1846, .T. ) ;
#1644 = CARTESIAN_POINT ( 'NONE',  ( -2.249999999999999112, 2.231025191032435906, 0.009490696551820007945 ) ) ;
#1645 = CARTESIAN_POINT ( 'NONE',  ( -0.02952986210388856489, -9.167468590311981913, -2.508866492177964425 ) ) ;
#1646 = CARTESIAN_POINT ( 'NONE',  ( 1.244429921367733671, -2.860535132918876400, -1.242982926273935806 ) ) ;
#1647 = CARTESIAN_POINT ( 'NONE',  ( 1.758866492177965313, -1.985535132918875734, 0.001023180043167258016 ) ) ;
#1648 = ORIENTED_EDGE ( 'NONE', *, *, #3909, .F. ) ;
#1649 = CARTESIAN_POINT ( 'NONE',  ( 2.249919936250260655, -10.26833834873612439, -0.01898105538776452897 ) ) ;
#1650 = CARTESIAN_POINT ( 'NONE',  ( 0.02102667456217326494, -10.45274239149726547, -2.249901748734116858 ) ) ;
#1651 = CARTESIAN_POINT ( 'NONE',  ( -1.758442677127333154, -1.548035132918875290, -0.7295695355068715360 ) ) ;
#1652 = CARTESIAN_POINT ( 'NONE',  ( -0.001023180043165171577, -11.23553513291887462, 1.758866492177964203 ) ) ;
#1653 = CARTESIAN_POINT ( 'NONE',  ( 1.758442677127336484, -11.04803513291887640, 0.7295695355068724242 ) ) ;
#1654 = CARTESIAN_POINT ( 'NONE',  ( -1.759672346235181761, -11.48991978200387365, -0.04382378486145971364 ) ) ;
#1655 = EDGE_CURVE ( 'NONE', #2452, #339, #3579, .T. ) ;
#1656 = CARTESIAN_POINT ( 'NONE',  ( -2.521945791657662195, 2.008898324474227337, 1.007630305053297537 ) ) ;
#1657 = CARTESIAN_POINT ( 'NONE',  ( -0.01898105538776334936, -1.018338348736126386, -2.249919936250258434 ) ) ;
#1658 = ORIENTED_EDGE ( 'NONE', *, *, #853, .T. ) ;
#1659 = EDGE_CURVE ( 'NONE', #2050, #3368, #1406, .T. ) ;
#1660 = CARTESIAN_POINT ( 'NONE',  ( 2.508866492177965313, -0.4174685903119805808, -0.02952986210389084779 ) ) ;
#1661 = CARTESIAN_POINT ( 'NONE',  ( -2.521098161556403650, 3.020031409688018975, -1.009676665139634943 ) ) ;
#1662 =( BOUNDED_CURVE ( )  B_SPLINE_CURVE ( 2, ( #2922, #4236, #563, #2281, #3302, #1865, #3218, #245, #1540, #3804, #894 ),
 .UNSPECIFIED., .F., .F. ) 
 B_SPLINE_CURVE_WITH_KNOTS ( ( 3, 2, 2, 2, 2, 3 ),
 ( 0.5237369106810035868, 0.5238095238095237249, 0.5297619047619046562, 0.5357142857142856984, 0.5416666666666666297, 0.5475464344905274228 ),
 .UNSPECIFIED. ) 
 CURVE ( )  GEOMETRIC_REPRESENTATION_ITEM ( )  RATIONAL_B_SPLINE_CURVE ( ( 0.9981654678299769490, 0.9990714059914864720, 1.000000000000000000, 0.9238795325112867385, 1.000000000000000000, 0.9238795325112867385, 1.000000000000000000, 0.9238795325112867385, 1.000000000000000000, 0.9248081265198017098, 0.9981654678299741734 ) ) 
 REPRESENTATION_ITEM ( '' )  );
#1663 = CARTESIAN_POINT ( 'NONE',  ( -1.751708748875780097, -6.178601675525771775, -1.796364270545708131 ) ) ;
#1664 = CARTESIAN_POINT ( 'NONE',  ( 2.250000000000001332, -4.269613470544321387, -1.605248138585507851E-15 ) ) ;
#1665 = CARTESIAN_POINT ( 'NONE',  ( 2.249999999999995115, 6.298670417785112718, -1.036637192644401631E-14 ) ) ;
#1666 = EDGE_LOOP ( 'NONE', ( #834, #2364, #32, #2555 ) ) ;
#1667 = CARTESIAN_POINT ( 'NONE',  ( 2.250000000000000444, 2.730386529455677724, -1.605248138585507851E-15 ) ) ;
#1668 = CARTESIAN_POINT ( 'NONE',  ( -1.009676665139634055, -9.729968590311980137, 2.521098161556403650 ) ) ;
#1669 = CARTESIAN_POINT ( 'NONE',  ( -0.7295695355068717580, 1.701964867081124266, 1.758442677127334264 ) ) ;
#1670 = ADVANCED_FACE ( 'NONE', ( #1387 ), #1746, .T. ) ;
#1671 = CARTESIAN_POINT ( 'NONE',  ( 1.758866492177964425, 4.014464867081124488, 0.001023180043167258016 ) ) ;
#1672 = DIRECTION ( 'NONE',  ( 0.000000000000000000, 0.000000000000000000, 1.000000000000000000 ) ) ;
#1673 = CARTESIAN_POINT ( 'NONE',  ( -1.758442677127332043, -10.54803513291887462, -0.7295695355068715360 ) ) ;
#1674 = CARTESIAN_POINT ( 'NONE',  ( 2.249999999999980460, -10.63941796335092960, -0.9196868998405925977 ) ) ;
#1675 = CARTESIAN_POINT ( 'NONE',  ( 2.249999999999995559, 7.298670417785110054, -1.076011755298871693E-14 ) ) ;
#1676 = CARTESIAN_POINT ( 'NONE',  ( -1.772382475105195310, -11.47761752489480358, 1.483478609017135818E-11 ) ) ;
#1677 = FACE_OUTER_BOUND ( 'NONE', #647, .T. ) ;
#1678 = CARTESIAN_POINT ( 'NONE',  ( -1.009676665139636054, 6.270031409688018087, 2.521098161556403650 ) ) ;
#1679 = CARTESIAN_POINT ( 'NONE',  ( 1.796364270545708575, 2.571398324474227781, -1.751708748875781652 ) ) ;
#1680 = DIRECTION ( 'NONE',  ( -1.332253022117619153E-16, 1.000000000000000000, -0.000000000000000000 ) ) ;
#1681 = EDGE_LOOP ( 'NONE', ( #1072, #640, #3943, #124 ) ) ;
#1682 = CARTESIAN_POINT ( 'NONE',  ( -1.009676665139634943, -2.729968590311980581, 2.521098161556403650 ) ) ;
#1683 = CARTESIAN_POINT ( 'NONE',  ( -1.068736389347415772, 4.895031409688020752, -2.496634822799525200 ) ) ;
#1684 = COORDINATED_UNIVERSAL_TIME_OFFSET ( 3, 0, .AHEAD. ) ;
#1685 = CARTESIAN_POINT ( 'NONE',  ( 1.007630305053300424, -6.741101675525772663, 2.521945791657662195 ) ) ;
#1686 = CARTESIAN_POINT ( 'NONE',  ( 0.9129662964607035969, -4.080838348736126164, -2.257782146820025648 ) ) ;
#1687 = CARTESIAN_POINT ( 'NONE',  ( -2.249999999999995559, 5.798670417785111830, 1.048517448617733223E-14 ) ) ;
#1688 = ORIENTED_EDGE ( 'NONE', *, *, #3679, .T. ) ;
#1689 = CARTESIAN_POINT ( 'NONE',  ( 1.299038105676657340, 10.00000000000000000, 0.7500000000000000000 ) ) ;
#1690 = CARTESIAN_POINT ( 'NONE',  ( 0.001023180043167831775, 3.264464867081123600, -1.758866492177964203 ) ) ;
#1691 = CARTESIAN_POINT ( 'NONE',  ( -0.001023180043167042693, 2.764464867081124932, 1.758866492177963980 ) ) ;
#1692 = CARTESIAN_POINT ( 'NONE',  ( -0.3888218806720006304, 7.999999999999989342, 2.198591268420175382 ) ) ;
#1693 = CARTESIAN_POINT ( 'NONE',  ( 1.242982926273937583, -8.110535132918876400, 1.244429921367732339 ) ) ;
#1694 = CARTESIAN_POINT ( 'NONE',  ( -2.249999999999992895, -10.20132958221488906, 2.343804785595805608E-15 ) ) ;
#1695 = CARTESIAN_POINT ( 'NONE',  ( 1.758866492177964869, 1.014464867081125377, 0.001023180043167258016 ) ) ;
#1696 = CARTESIAN_POINT ( 'NONE',  ( 0.7295695355068736454, -8.798035132918876400, -1.758442677127334708 ) ) ;
#1697 = CARTESIAN_POINT ( 'NONE',  ( -1.244429921367730341, -7.360535132918876400, 1.242982926273935806 ) ) ;
#1698 = CARTESIAN_POINT ( 'NONE',  ( -2.249999999999999556, 7.230386529455678613, 1.360897470555578513E-15 ) ) ;
#1699 = CARTESIAN_POINT ( 'NONE',  ( 0.02952986210389044880, 6.332531409688018087, 2.508866492177964425 ) ) ;
#1700 = CARTESIAN_POINT ( 'NONE',  ( -1.796364270545707686, 1.071398324474228225, 1.751708748875781652 ) ) ;
#1701 = CARTESIAN_POINT ( 'NONE',  ( 2.249999999999997335, -4.701329582214890834, 5.529410565873372312E-15 ) ) ;
#1702 = ORIENTED_EDGE ( 'NONE', *, *, #2506, .F. ) ;
#1703 = VECTOR ( 'NONE', #1064, 1000.000000000000000 ) ;
#1704 = CARTESIAN_POINT ( 'NONE',  ( 0.9529664928947859659, 6.484757608502734527, -2.241192214958859896 ) ) ;
#1705 = CARTESIAN_POINT ( 'NONE',  ( 1.753155743969581293, -1.292468590311981247, -1.794917275451909822 ) ) ;
#1706 = CARTESIAN_POINT ( 'NONE',  ( -1.753155743969579961, 3.207531409688018975, 1.794917275451909822 ) ) ;
#1707 = PERSON_AND_ORGANIZATION ( #3361, #220 ) ;
#1708 = CARTESIAN_POINT ( 'NONE',  ( -1.796364270545706576, -6.928601675525772663, 1.751708748875781652 ) ) ;
#1709 = CARTESIAN_POINT ( 'NONE',  ( 1.604355277028129301, -3.393338348736125276, 1.577512011070596687 ) ) ;
#1710 = EDGE_CURVE ( 'NONE', #280, #3032, #2778, .T. ) ;
#1711 = ORIENTED_EDGE ( 'NONE', *, *, #1916, .T. ) ;
#1712 = CARTESIAN_POINT ( 'NONE',  ( -1.576052679364651876, 5.672257608502737192, -1.605788887702079837 ) ) ;
#1713 = CARTESIAN_POINT ( 'NONE',  ( 1.242982926273936028, 4.889464867081125377, 1.244429921367732561 ) ) ;
#1714 = CARTESIAN_POINT ( 'NONE',  ( 0.001023180043167704273, 4.264464867081124488, -1.758866492177963980 ) ) ;
#1715 = EDGE_CURVE ( 'NONE', #1130, #1944, #881, .T. ) ;
#1716 = FACE_OUTER_BOUND ( 'NONE', #1550, .T. ) ;
#1717 = CARTESIAN_POINT ( 'NONE',  ( -1.758866492177961760, -8.485535132918876400, -0.001023180043167473338 ) ) ;
#1718 = CARTESIAN_POINT ( 'NONE',  ( 1.759290307228594141, 1.076964867081123378, -0.7275231754205366830 ) ) ;
#1719 = CARTESIAN_POINT ( 'NONE',  ( 0.7295695355068736454, -7.798035132918876400, -1.758442677127334708 ) ) ;
#1720 = CARTESIAN_POINT ( 'NONE',  ( -0.7295695355068699817, -10.29803513291887640, 1.758442677127334042 ) ) ;
#1721 = FACE_OUTER_BOUND ( 'NONE', #4204, .T. ) ;
#1722 = CARTESIAN_POINT ( 'NONE',  ( -1.007630305053297093, 1.758898324474227115, -2.521945791657662639 ) ) ;
#1723 = CARTESIAN_POINT ( 'NONE',  ( -2.249999999999998668, 0.2303865294556791676, 1.360897470555578513E-15 ) ) ;
#1724 = EDGE_CURVE ( 'NONE', #106, #1106, #2754, .T. ) ;
#1725 = CIRCLE ( 'NONE', #3417, 3.250000000000005773 ) ;
#1726 = CARTESIAN_POINT ( 'NONE',  ( 0.02952986210389111493, 1.332531409688019197, 2.508866492177964425 ) ) ;
#1727 =( BOUNDED_CURVE ( )  B_SPLINE_CURVE ( 2, ( #1612, #722, #1316, #2330, #2640, #2004, #3977, #998, #3358, #292, #2309 ),
 .UNSPECIFIED., .F., .F. ) 
 B_SPLINE_CURVE_WITH_KNOTS ( ( 3, 2, 2, 2, 2, 3 ),
 ( 0.4523083392524321344, 0.4523809523809523281, 0.4583333333333332593, 0.4642857142857143016, 0.4702380952380952328, 0.4761178630619559704 ),
 .UNSPECIFIED. ) 
 CURVE ( )  GEOMETRIC_REPRESENTATION_ITEM ( )  RATIONAL_B_SPLINE_CURVE ( ( 0.9981654678299756167, 0.9990714059914858058, 1.000000000000000000, 0.9238795325112867385, 1.000000000000000000, 0.9238795325112867385, 1.000000000000000000, 0.9238795325112867385, 1.000000000000000000, 0.9248081265198009326, 0.9981654678299756167 ) ) 
 REPRESENTATION_ITEM ( '' )  );
#1728 = ORIENTED_EDGE ( 'NONE', *, *, #1314, .T. ) ;
#1729 = CYLINDRICAL_SURFACE ( 'NONE', #3202, 2.250000000000000444 ) ;
#1730 = ORIENTED_EDGE ( 'NONE', *, *, #2771, .T. ) ;
#1731 = CARTESIAN_POINT ( 'NONE',  ( 0.01823612537073946577, 8.000000000000000000, -2.219239239907784711 ) ) ;
#1732 = CARTESIAN_POINT ( 'NONE',  ( 1.758442677127334930, 2.951964867081124932, 0.7295695355068725352 ) ) ;
#1733 = EDGE_CURVE ( 'NONE', #1817, #846, #2649, .T. ) ;
#1734 = CC_DESIGN_DATE_AND_TIME_ASSIGNMENT ( #748, #1769, ( #2140 ) ) ;
#1735 = CARTESIAN_POINT ( 'NONE',  ( 1.758866492177964425, 5.014464867081125377, 0.001023180043167258016 ) ) ;
#1736 = CARTESIAN_POINT ( 'NONE',  ( -6.919358041228400441E-16, 12.00000000000000000, 0.000000000000000000 ) ) ;
#1737 = CARTESIAN_POINT ( 'NONE',  ( -1.758866492177961982, -6.485535132918876400, -0.001023180043167473338 ) ) ;
#1738 = CARTESIAN_POINT ( 'NONE',  ( -3.499999999999999556, 8.250000000000000000, 0.000000000000000000 ) ) ;
#1739 = CARTESIAN_POINT ( 'NONE',  ( 1.758866492177966423, -7.985535132918875512, 0.001023180043167252161 ) ) ;
#1740 = EDGE_CURVE ( 'NONE', #106, #532, #4199, .T. ) ;
#1741 = CARTESIAN_POINT ( 'NONE',  ( -1.758442677127332932, -6.548035132918874623, -0.7295695355068715360 ) ) ;
#1742 = CARTESIAN_POINT ( 'NONE',  ( 2.249901748734117302, 4.297257608502735415, 0.02102667456217082939 ) ) ;
#1743 = CARTESIAN_POINT ( 'NONE',  ( 1.009676665139634943, 6.770031409688018087, -2.521098161556404094 ) ) ;
#1744 = CARTESIAN_POINT ( 'NONE',  ( 2.495787192698266654, 1.383898324474228225, 1.070782749433754732 ) ) ;
#1745 = LINE ( 'NONE', #3746, #957 ) ;
#1746 = CYLINDRICAL_SURFACE ( 'NONE', #1861, 2.250000000000000444 ) ;
#1747 = CARTESIAN_POINT ( 'NONE',  ( -1.794917275451908933, 0.9575314096880189751, -1.753155743969580183 ) ) ;
#1748 = PERSON_AND_ORGANIZATION ( #3361, #220 ) ;
#1749 = CARTESIAN_POINT ( 'NONE',  ( -0.02102667456217127348, 7.047257608502733639, 2.249901748734116858 ) ) ;
#1750 = ORIENTED_EDGE ( 'NONE', *, *, #3486, .T. ) ;
#1751 = DIRECTION ( 'NONE',  ( -1.000000000000000000, 0.000000000000000000, 0.000000000000000000 ) ) ;
#1752 = ORIENTED_EDGE ( 'NONE', *, *, #2662, .F. ) ;
#1753 = CARTESIAN_POINT ( 'NONE',  ( 2.249999999999999556, 6.730386529455676836, -1.605248138585507851E-15 ) ) ;
#1754 = CARTESIAN_POINT ( 'NONE',  ( -0.001023180043167436258, 5.764464867081126265, 1.758866492177964203 ) ) ;
#1755 = CARTESIAN_POINT ( 'NONE',  ( 0.001023180043167570916, 5.264464867081125377, -1.758866492177963980 ) ) ;
#1756 = CARTESIAN_POINT ( 'NONE',  ( 0.5030326827891594688, 8.000000000000008882, 2.044741591963337601 ) ) ;
#1757 = CARTESIAN_POINT ( 'NONE',  ( 0.7295695355068729793, -5.798035132918875512, -1.758442677127334486 ) ) ;
#1758 = DIRECTION ( 'NONE',  ( -1.332253022117619153E-16, 1.000000000000000000, -0.000000000000000000 ) ) ;
#1759 = CARTESIAN_POINT ( 'NONE',  ( -1.244429921367731895, 3.639464867081124044, 1.242982926273935806 ) ) ;
#1760 = CARTESIAN_POINT ( 'NONE',  ( -1.244429921367730341, -9.360535132918874623, 1.242982926273935806 ) ) ;
#1761 = CARTESIAN_POINT ( 'NONE',  ( 1.242982926273937583, -8.110535132918876400, 1.244429921367732339 ) ) ;
#1762 = CARTESIAN_POINT ( 'NONE',  ( 1.577512011070596909, 3.856661651263874280, -1.604355277028128191 ) ) ;
#1763 = CARTESIAN_POINT ( 'NONE',  ( -2.508866492177963980, 5.946398324474229113, -0.03157622219022782756 ) ) ;
#1764 = CARTESIAN_POINT ( 'NONE',  ( 2.250000000000000444, -0.2696134705443212209, -1.605248138585507851E-15 ) ) ;
#1765 = EDGE_CURVE ( 'NONE', #1811, #712, #2791, .T. ) ;
#1766 = CARTESIAN_POINT ( 'NONE',  ( 2.249999999999985789, 7.360582036649070403, -0.9196868998405843820 ) ) ;
#1767 = CARTESIAN_POINT ( 'NONE',  ( -2.496634822799524756, 2.145031409688019863, 1.068736389347415772 ) ) ;
#1768 = CARTESIAN_POINT ( 'NONE',  ( 1.299038105676657118, 12.00000000000000000, 0.7500000000000000000 ) ) ;
#1769 = DATE_TIME_ROLE ( 'classification_date' ) ;
#1770 = AXIS2_PLACEMENT_3D ( 'NONE', #3901, #4151, #3543 ) ;
#1771 = VERTEX_POINT ( 'NONE', #850 ) ;
#1772 = CARTESIAN_POINT ( 'NONE',  ( -1.577512011070596465, 3.356661651263873836, 1.604355277028128191 ) ) ;
#1773 = CARTESIAN_POINT ( 'NONE',  ( 2.249999999999997780, -8.702037336063080275, 0.01051356683023064488 ) ) ;
#1774 = VERTEX_POINT ( 'NONE', #526 ) ;
#1775 = CARTESIAN_POINT ( 'NONE',  ( 1.244429921367732339, 7.139464867081123600, -1.242982926273935806 ) ) ;
#1776 =( BOUNDED_CURVE ( )  B_SPLINE_CURVE ( 2, ( #2058, #3388, #1709, #4081, #3770, #3056, #1428, #429, #4140, #4187, #4119 ),
 .UNSPECIFIED., .F., .F. ) 
 B_SPLINE_CURVE_WITH_KNOTS ( ( 3, 2, 2, 2, 2, 3 ),
 ( 0.5476846021016781307, 0.5535714285714286031, 0.5595238095238095344, 0.5654761904761904656, 0.5714285714285713969, 0.5714941259112018557 ),
 .UNSPECIFIED. ) 
 CURVE ( )  GEOMETRIC_REPRESENTATION_ITEM ( )  RATIONAL_B_SPLINE_CURVE ( ( 0.9983418125108547425, 0.9247178588724069837, 1.000000000000000000, 0.9238795325112867385, 1.000000000000000000, 0.9238795325112867385, 1.000000000000000000, 0.9238795325112867385, 1.000000000000000000, 0.9991616736388797548, 0.9983418125108547425 ) ) 
 REPRESENTATION_ITEM ( '' )  );
#1777 = CARTESIAN_POINT ( 'NONE',  ( 0.7295695355068713139, 7.201964867081123600, -1.758442677127334486 ) ) ;
#1778 = CARTESIAN_POINT ( 'NONE',  ( 1.517955767529338917, 8.000000000000003553, 1.179755523047943511 ) ) ;
#1779 = CARTESIAN_POINT ( 'NONE',  ( 0.7295695355068732013, -6.798035132918875512, -1.758442677127334486 ) ) ;
#1780 = FACE_OUTER_BOUND ( 'NONE', #4080, .T. ) ;
#1781 = CARTESIAN_POINT ( 'NONE',  ( 1.244429921367733005, 3.139464867081123600, -1.242982926273935806 ) ) ;
#1782 = VERTEX_POINT ( 'NONE', #4223 ) ;
#1783 = AXIS2_PLACEMENT_3D ( 'NONE', #2439, #3162, #1370 ) ;
#1784 = CARTESIAN_POINT ( 'NONE',  ( 0.001023180043168897546, -4.735535132918875512, -1.758866492177964203 ) ) ;
#1785 = CARTESIAN_POINT ( 'NONE',  ( -0.7295695355068700927, -9.298035132918872847, 1.758442677127334042 ) ) ;
#1786 = CARTESIAN_POINT ( 'NONE',  ( -1.299038105676659560, 10.00000000000000000, -0.7500000000000007772 ) ) ;
#1787 = CARTESIAN_POINT ( 'NONE',  ( 1.007630305053299091, 3.258898324474229113, 2.521945791657662195 ) ) ;
#1788 = CARTESIAN_POINT ( 'NONE',  ( -2.496634822799524756, 1.145031409688019197, 1.068736389347415772 ) ) ;
#1789 = CARTESIAN_POINT ( 'NONE',  ( 0.02102667456217153369, 2.547257608502735859, -2.249901748734116858 ) ) ;
#1790 = EDGE_CURVE ( 'NONE', #1192, #808, #3183, .T. ) ;
#1791 = ORIENTED_EDGE ( 'NONE', *, *, #3363, .T. ) ;
#1792 = CARTESIAN_POINT ( 'NONE',  ( -0.9509284072362308438, 7.044161651263872947, -2.242057725680490776 ) ) ;
#1793 = CARTESIAN_POINT ( 'NONE',  ( 2.249901748734119078, -8.702742391497263696, 0.02102667456217082939 ) ) ;
#1794 = ORIENTED_EDGE ( 'NONE', *, *, #3689, .T. ) ;
#1795 = CARTESIAN_POINT ( 'NONE',  ( 2.249999999999997335, -1.701329582214890168, 5.529410565873372312E-15 ) ) ;
#1796 = CARTESIAN_POINT ( 'NONE',  ( -1.242982926273935806, 7.389464867081123600, -1.244429921367732339 ) ) ;
#1797 = CARTESIAN_POINT ( 'NONE',  ( 1.244429921367732561, 6.139464867081122712, -1.242982926273935806 ) ) ;
#1798 = CARTESIAN_POINT ( 'NONE',  ( -2.249999999999999112, 1.231025191032434574, 0.009490696551820184887 ) ) ;
#1799 = ORIENTED_EDGE ( 'NONE', *, *, #875, .F. ) ;
#1800 = CARTESIAN_POINT ( 'NONE',  ( -1.758442677127333154, -5.548035132918875512, -0.7295695355068715360 ) ) ;
#1801 = CARTESIAN_POINT ( 'NONE',  ( -6.919358041228400441E-16, 12.00000000000000000, 0.000000000000000000 ) ) ;
#1802 = CARTESIAN_POINT ( 'NONE',  ( -0.7295695355068722021, 4.701964867081124488, 1.758442677127334042 ) ) ;
#1803 = VERTEX_POINT ( 'NONE', #1852 ) ;
#1804 = EDGE_CURVE ( 'NONE', #961, #4176, #1506, .T. ) ;
#1805 = CARTESIAN_POINT ( 'NONE',  ( 0.7275231754205390144, -5.173035132918875512, 1.759290307228593475 ) ) ;
#1806 = CARTESIAN_POINT ( 'NONE',  ( 0.7275231754205385704, -4.173035132918875512, 1.759290307228593475 ) ) ;
#1807 = CARTESIAN_POINT ( 'NONE',  ( 2.249999999999985345, 3.360582036649069515, -0.9196868998405862694 ) ) ;
#1808 = CARTESIAN_POINT ( 'NONE',  ( 2.521945791657663083, 5.508898324474228225, -1.007630305053297981 ) ) ;
#1809 = CARTESIAN_POINT ( 'NONE',  ( 0.9529664928947860769, 4.484757608502735415, -2.241192214958859896 ) ) ;
#1810 = CARTESIAN_POINT ( 'NONE',  ( -2.249999999999998224, -1.769613470544320499, 1.360897470555578513E-15 ) ) ;
#1811 = VERTEX_POINT ( 'NONE', #1230 ) ;
#1812 = CARTESIAN_POINT ( 'NONE',  ( -0.9129662964607029307, 3.419161651263873836, 2.257782146820025204 ) ) ;
#1813 = ORIENTED_EDGE ( 'NONE', *, *, #1922, .F. ) ;
#1814 = DIRECTION ( 'NONE',  ( -1.000000000000000000, 0.000000000000000000, 0.000000000000000000 ) ) ;
#1815 = CARTESIAN_POINT ( 'NONE',  ( -1.758442677127334486, 6.451964867081122712, -0.7295695355068716470 ) ) ;
#1816 = CARTESIAN_POINT ( 'NONE',  ( 0.01898105538776482734, 1.481661651263874058, 2.249919936250258434 ) ) ;
#1817 = VERTEX_POINT ( 'NONE', #569 ) ;
#1818 = CARTESIAN_POINT ( 'NONE',  ( 1.242982926273936695, -2.110535132918875956, 1.244429921367732339 ) ) ;
#1819 = CARTESIAN_POINT ( 'NONE',  ( 1.576052679364654097, -9.827742391497265473, 1.605788887702079837 ) ) ;
#1820 = CARTESIAN_POINT ( 'NONE',  ( -1.242982926273935140, 3.389464867081124044, -1.244429921367732339 ) ) ;
#1821 = ORIENTED_EDGE ( 'NONE', *, *, #208, .F. ) ;
#1822 = CARTESIAN_POINT ( 'NONE',  ( 1.244429921367734115, -5.860535132918875512, -1.242982926273935806 ) ) ;
#1823 = CARTESIAN_POINT ( 'NONE',  ( -1.758442677127333154, -5.548035132918875512, -0.7295695355068715360 ) ) ;
#1824 = DIRECTION ( 'NONE',  ( -1.332253022117617181E-16, 1.000000000000000000, -0.000000000000000000 ) ) ;
#1825 = CARTESIAN_POINT ( 'NONE',  ( 1.758866492177966645, -11.98553513291887640, 0.001023180043167258016 ) ) ;
#1826 = CARTESIAN_POINT ( 'NONE',  ( 1.007630305053298869, 4.258898324474227337, 2.521945791657662195 ) ) ;
#1827 = CARTESIAN_POINT ( 'NONE',  ( -1.576052679364650100, -7.327742391497264585, -1.605788887702079837 ) ) ;
#1828 = CARTESIAN_POINT ( 'NONE',  ( 1.577512011070598463, -7.143338348736126164, -1.604355277028128191 ) ) ;
#1829 = CARTESIAN_POINT ( 'NONE',  ( -0.9109131437704419687, -6.390242391497264585, -2.258611282509372931 ) ) ;
#1830 = CALENDAR_DATE ( 2026, 26, 5 ) ;
#1831 = CARTESIAN_POINT ( 'NONE',  ( -2.496634822799524311, -7.854968590311981025, 1.068736389347415772 ) ) ;
#1832 = VERTEX_POINT ( 'NONE', #1208 ) ;
#1833 = DIRECTION ( 'NONE',  ( -1.000000000000000000, 0.000000000000000000, 0.000000000000000000 ) ) ;
#1834 = ORIENTED_EDGE ( 'NONE', *, *, #249, .F. ) ;
#1835 = CARTESIAN_POINT ( 'NONE',  ( 2.250000000000001332, -5.269613470544320499, -1.605248138585507851E-15 ) ) ;
#1836 = CARTESIAN_POINT ( 'NONE',  ( 1.758866492177964203, 8.014464867081125377, 0.001023180043167252161 ) ) ;
#1837 = AXIS2_PLACEMENT_3D ( 'NONE', #383, #404, #3002 ) ;
#1838 = CARTESIAN_POINT ( 'NONE',  ( -1.244429921367732117, 6.639464867081123600, 1.242982926273935806 ) ) ;
#1839 = EDGE_CURVE ( 'NONE', #3711, #1562, #1546, .T. ) ;
#1840 = ORIENTED_EDGE ( 'NONE', *, *, #2388, .T. ) ;
#1841 = CARTESIAN_POINT ( 'NONE',  ( -1.758866492177962204, -5.485535132918875512, -0.001023180043167473338 ) ) ;
#1842 = CARTESIAN_POINT ( 'NONE',  ( -2.249999999999997335, -8.769613470544317835, 1.360897470555578513E-15 ) ) ;
#1843 = CARTESIAN_POINT ( 'NONE',  ( -1.242982926273934918, 1.389464867081123822, -1.244429921367732339 ) ) ;
#1844 = VERTEX_POINT ( 'NONE', #2507 ) ;
#1845 = CARTESIAN_POINT ( 'NONE',  ( -0.001023180043165970851, -5.235535132918875512, 1.758866492177964203 ) ) ;
#1846 = EDGE_CURVE ( 'NONE', #1782, #1887, #1174, .T. ) ;
#1847 = CARTESIAN_POINT ( 'NONE',  ( 1.759290307228595251, -4.923035132918875512, -0.7275231754205366830 ) ) ;
#1848 = CARTESIAN_POINT ( 'NONE',  ( -2.249999999999985345, -8.831582707743597993, -0.9208808658774270128 ) ) ;
#1849 = CARTESIAN_POINT ( 'NONE',  ( -1.070782749433754288, 5.133898324474228225, 2.495787192698265766 ) ) ;
#1850 = CARTESIAN_POINT ( 'NONE',  ( -2.249999999999997780, -9.769613470544319611, -2.616588403487160890E-15 ) ) ;
#1851 = CARTESIAN_POINT ( 'NONE',  ( 2.249999999999999556, 7.730386529455678613, -1.605248138585507851E-15 ) ) ;
#1852 = CARTESIAN_POINT ( 'NONE',  ( -2.249999999999995559, 3.798670417785110498, 1.048517448617733223E-14 ) ) ;
#1853 = CARTESIAN_POINT ( 'NONE',  ( 2.249999999999996003, 5.297962663936917949, 0.01051356683023869053 ) ) ;
#1854 = AXIS2_PLACEMENT_3D ( 'NONE', #463, #189, #212 ) ;
#1855 = VERTEX_POINT ( 'NONE', #1529 ) ;
#1856 = CARTESIAN_POINT ( 'NONE',  ( -2.521098161556401873, -5.979968590311980137, -1.009676665139634943 ) ) ;
#1857 = ORIENTED_EDGE ( 'NONE', *, *, #1710, .T. ) ;
#1858 = CARTESIAN_POINT ( 'NONE',  ( 3.499999999999998668, 11.75000000000000533, 4.286263797015736102E-16 ) ) ;
#1859 = CARTESIAN_POINT ( 'NONE',  ( -1.007630305053295316, -11.24110167552577089, -2.521945791657662639 ) ) ;
#1860 = CARTESIAN_POINT ( 'NONE',  ( 0.7295695355068715360, 6.201964867081122712, -1.758442677127334486 ) ) ;
#1861 = AXIS2_PLACEMENT_3D ( 'NONE', #4044, #2732, #1464 ) ;
#1862 = CARTESIAN_POINT ( 'NONE',  ( -0.01898105538776388365, 2.981661651263873392, -2.249919936250258434 ) ) ;
#1863 = CARTESIAN_POINT ( 'NONE',  ( 1.758442677127336040, -5.048035132918875512, 0.7295695355068724242 ) ) ;
#1864 = DIRECTION ( 'NONE',  ( -1.000000000000000000, 0.000000000000000000, 0.000000000000000000 ) ) ;
#1865 = CARTESIAN_POINT ( 'NONE',  ( -0.9109131437704426348, -2.390242391497265473, -2.258611282509372931 ) ) ;
#1866 = CARTESIAN_POINT ( 'NONE',  ( 1.758866492177965757, -3.985535132918875512, 0.001023180043167252161 ) ) ;
#1867 = CC_DESIGN_PERSON_AND_ORGANIZATION_ASSIGNMENT ( #1748, #3073, ( #3430 ) ) ;
#1868 = VECTOR ( 'NONE', #806, 1000.000000000000000 ) ;
#1869 = CARTESIAN_POINT ( 'NONE',  ( -1.758442677127333154, -2.548035132918876400, -0.7295695355068715360 ) ) ;
#1870 = DIRECTION ( 'NONE',  ( -1.000000000000000000, 0.000000000000000000, 0.000000000000000000 ) ) ;
#1871 = CARTESIAN_POINT ( 'NONE',  ( 1.070782749433753400, 7.633898324474228225, -2.495787192698266654 ) ) ;
#1872 = CARTESIAN_POINT ( 'NONE',  ( 0.01898105538776588899, -6.518338348736127053, 2.249919936250258434 ) ) ;
#1873 = CARTESIAN_POINT ( 'NONE',  ( -0.9129662964607031528, 5.419161651263875612, 2.257782146820025204 ) ) ;
#1874 = CARTESIAN_POINT ( 'NONE',  ( -1.605788887702079171, 1.922257608502735415, 1.576052679364651876 ) ) ;
#1875 = CARTESIAN_POINT ( 'NONE',  ( -1.753155743969578850, -4.792468590311981025, 1.794917275451909822 ) ) ;
#1876 = VERTEX_POINT ( 'NONE', #3226 ) ;
#1877 = EDGE_CURVE ( 'NONE', #3329, #1771, #2170, .T. ) ;
#1878 = PLANE ( 'NONE',  #355 ) ;
#1879 = CARTESIAN_POINT ( 'NONE',  ( -0.03157622219022564181, -10.80360167552577266, 2.508866492177964425 ) ) ;
#1880 = FACE_OUTER_BOUND ( 'NONE', #1349, .T. ) ;
#1881 = CARTESIAN_POINT ( 'NONE',  ( 2.249999999999988898, -7.331582707743597105, 0.9208808658774283451 ) ) ;
#1882 = CARTESIAN_POINT ( 'NONE',  ( -1.758442677127333154, -3.548035132918875068, -0.7295695355068715360 ) ) ;
#1883 = CARTESIAN_POINT ( 'NONE',  ( 0.7275231754205374601, 5.826964867081126265, 1.759290307228593475 ) ) ;
#1884 = CARTESIAN_POINT ( 'NONE',  ( -1.758866492177962870, -2.485535132918875956, -0.001023180043167467483 ) ) ;
#1885 = CARTESIAN_POINT ( 'NONE',  ( 1.759290307228595029, -3.923035132918875512, -0.7275231754205366830 ) ) ;
#1886 = LINE ( 'NONE', #2925, #4214 ) ;
#1887 = VERTEX_POINT ( 'NONE', #977 ) ;
#1888 = CARTESIAN_POINT ( 'NONE',  ( 0.03157622219022756388, 7.696398324474227337, -2.508866492177964425 ) ) ;
#1889 = CARTESIAN_POINT ( 'NONE',  ( 2.249999999999997780, -7.701329582214889946, -2.618747852407189130E-15 ) ) ;
#1890 = CARTESIAN_POINT ( 'NONE',  ( -1.759290307228591699, -10.42303513291887640, 0.7275231754205364609 ) ) ;
#1891 = CARTESIAN_POINT ( 'NONE',  ( -0.02102667456216940692, -6.952742391497264585, 2.249901748734116858 ) ) ;
#1892 = CARTESIAN_POINT ( 'NONE',  ( -2.521945791657661751, -0.9911016755257718858, 1.007630305053297537 ) ) ;
#1893 = ADVANCED_FACE ( 'NONE', ( #658 ), #2003, .T. ) ;
#1894 = CARTESIAN_POINT ( 'NONE',  ( -1.753155743969578628, -5.792468590311981025, 1.794917275451909822 ) ) ;
#1895 = ORIENTED_EDGE ( 'NONE', *, *, #1314, .F. ) ;
#1896 = CARTESIAN_POINT ( 'NONE',  ( 2.250000000000000888, -2.269613470544320499, -1.605248138585507851E-15 ) ) ;
#1897 = CARTESIAN_POINT ( 'NONE',  ( -2.521945791657661751, -7.991101675525772663, 1.007630305053297537 ) ) ;
#1898 = CARTESIAN_POINT ( 'NONE',  ( -0.01898105538776428264, 5.981661651263872947, -2.249919936250258434 ) ) ;
#1899 = CARTESIAN_POINT ( 'NONE',  ( -1.577512011070595133, -5.643338348736126164, 1.604355277028128191 ) ) ;
#1900 = ORIENTED_EDGE ( 'NONE', *, *, #4061, .T. ) ;
#1901 = CYLINDRICAL_SURFACE ( 'NONE', #1111, 2.250000000000000444 ) ;
#1902 = FACE_OUTER_BOUND ( 'NONE', #2670, .T. ) ;
#1903 = CARTESIAN_POINT ( 'NONE',  ( 0.001023180043167171496, 8.264464867081125377, -1.758866492177963980 ) ) ;
#1904 = CARTESIAN_POINT ( 'NONE',  ( -1.244429921367731451, -0.3605351329188759557, 1.242982926273935806 ) ) ;
#1905 = CARTESIAN_POINT ( 'NONE',  ( -0.7295695355068713139, -0.2980351329188758447, 1.758442677127334042 ) ) ;
#1906 = CARTESIAN_POINT ( 'NONE',  ( -1.741481676501552107E-15, 10.00000000000000000, -1.500000000000000222 ) ) ;
#1907 = CARTESIAN_POINT ( 'NONE',  ( 1.796364270545707909, 8.571398324474227337, -1.751708748875781652 ) ) ;
#1908 = CARTESIAN_POINT ( 'NONE',  ( -1.769312120350497120, -11.48068787964950133, 0.1262656654718113669 ) ) ;
#1909 = CARTESIAN_POINT ( 'NONE',  ( 0.001023180043169829960, -11.73553513291887640, -1.758866492177964203 ) ) ;
#1910 =( BOUNDED_CURVE ( )  B_SPLINE_CURVE ( 2, ( #1571, #1638, #2914, #4228, #2273, #1948, #1255, #2574, #3963, #3915, #942 ),
 .UNSPECIFIED., .F., .F. ) 
 B_SPLINE_CURVE_WITH_KNOTS ( ( 3, 2, 2, 2, 2, 3 ),
 ( 0.1667322211492970052, 0.1726190476190475609, 0.1785714285714284921, 0.1845238095238095344, 0.1904761904761904656, 0.1905417449588208412 ),
 .UNSPECIFIED. ) 
 CURVE ( )  GEOMETRIC_REPRESENTATION_ITEM ( )  RATIONAL_B_SPLINE_CURVE ( ( 0.9983418125108568519, 0.9247178588724059844, 1.000000000000000000, 0.9238795325112867385, 1.000000000000000000, 0.9238795325112867385, 1.000000000000000000, 0.9238795325112867385, 1.000000000000000000, 0.9991616736388808651, 0.9983418125108568519 ) ) 
 REPRESENTATION_ITEM ( '' )  );
#1911 = CARTESIAN_POINT ( 'NONE',  ( 0.7295695355068737564, -10.79803513291887640, -1.758442677127334486 ) ) ;
#1912 = CARTESIAN_POINT ( 'NONE',  ( 2.249901748734117302, 5.297257608502736304, 0.02102667456217082939 ) ) ;
#1913 = CARTESIAN_POINT ( 'NONE',  ( -2.508866492177963092, -1.053601675525771997, -0.03157622219022782756 ) ) ;
#1914 = CARTESIAN_POINT ( 'NONE',  ( -2.249999999999994227, -4.202037336063081163, -0.01051356683023091897 ) ) ;
#1915 = ORIENTED_EDGE ( 'NONE', *, *, #1294, .F. ) ;
#1916 = EDGE_CURVE ( 'NONE', #1844, #623, #1585, .T. ) ;
#1917 = CARTESIAN_POINT ( 'NONE',  ( 2.508866492177966201, -5.417468590311981025, -0.02952986210389084779 ) ) ;
#1918 = UNCERTAINTY_MEASURE_WITH_UNIT (LENGTH_MEASURE( 1.000000000000000082E-05 ), #2336, 'distance_accuracy_value', 'NONE');
#1919 = AXIS2_PLACEMENT_3D ( 'NONE', #2384, #1372, #67 ) ;
#1920 = CARTESIAN_POINT ( 'NONE',  ( 2.249999999999994671, -0.3315827077435950510, 0.9208808658774217948 ) ) ;
#1921 = CARTESIAN_POINT ( 'NONE',  ( 2.249999999999995559, 7.298670417785110054, -1.076011755298871693E-14 ) ) ;
#1922 = EDGE_CURVE ( 'NONE', #3115, #1855, #1269, .T. ) ;
#1923 = CARTESIAN_POINT ( 'NONE',  ( 2.508866492177966645, -7.553601675525772663, 0.03157622219022752225 ) ) ;
#1924 = CC_DESIGN_APPROVAL ( #531, ( #2140 ) ) ;
#1925 = DIRECTION ( 'NONE',  ( -1.332253022117619153E-16, 1.000000000000000000, -0.000000000000000000 ) ) ;
#1926 = DIRECTION ( 'NONE',  ( 1.000000000000000000, 0.000000000000000000, 0.000000000000000000 ) ) ;
#1927 = ORIENTED_EDGE ( 'NONE', *, *, #2484, .T. ) ;
#1928 = CARTESIAN_POINT ( 'NONE',  ( -2.249999999999993339, 2.168417292256405560, -0.9208808658774204625 ) ) ;
#1929 = CARTESIAN_POINT ( 'NONE',  ( -1.753155743969578184, -8.792468590311981913, 1.794917275451909822 ) ) ;
#1930 = CARTESIAN_POINT ( 'NONE',  ( -1.244429921367732117, 6.639464867081123600, 1.242982926273935806 ) ) ;
#1931 = CARTESIAN_POINT ( 'NONE',  ( -1.758442677127333820, 0.4519648670811248770, -0.7295695355068716470 ) ) ;
#1932 = AXIS2_PLACEMENT_3D ( 'NONE', #2893, #1620, #1553 ) ;
#1933 = CARTESIAN_POINT ( 'NONE',  ( 1.759290307228594807, -1.923035132918875512, -0.7275231754205366830 ) ) ;
#1934 = CARTESIAN_POINT ( 'NONE',  ( -2.249999999999992895, -8.201329582214889058, 2.343804785595805608E-15 ) ) ;
#1935 = CARTESIAN_POINT ( 'NONE',  ( -1.758442677127332043, -9.548035132918874623, -0.7295695355068715360 ) ) ;
#1936 = CARTESIAN_POINT ( 'NONE',  ( -2.495787192698266654, 7.883898324474227337, -1.070782749433753400 ) ) ;
#1937 = EDGE_CURVE ( 'NONE', #542, #1570, #618, .T. ) ;
#1938 = CARTESIAN_POINT ( 'NONE',  ( -0.9529664928947852998, -6.015242391497264585, 2.241192214958859452 ) ) ;
#1939 = CARTESIAN_POINT ( 'NONE',  ( 0.7295695355068736454, -9.798035132918874623, -1.758442677127334708 ) ) ;
#1940 = CARTESIAN_POINT ( 'NONE',  ( 0.02102667456217193268, -0.4527423914972650842, -2.249901748734116858 ) ) ;
#1941 = CARTESIAN_POINT ( 'NONE',  ( 2.249999999999993783, -9.639417963350931373, -0.9196868998405793860 ) ) ;
#1942 = CARTESIAN_POINT ( 'NONE',  ( 1.070782749433754732, -4.366101675525771775, -2.495787192698266654 ) ) ;
#1943 = VERTEX_POINT ( 'NONE', #2240 ) ;
#1944 = VERTEX_POINT ( 'NONE', #2589 ) ;
#1945 =( BOUNDED_CURVE ( )  B_SPLINE_CURVE ( 2, ( #3570, #2239, #1266, #3592, #1827, #2904, #524, #1588, #2587, #567, #1889 ),
 .UNSPECIFIED., .F., .F. ) 
 B_SPLINE_CURVE_WITH_KNOTS ( ( 3, 2, 2, 2, 2, 3 ),
 ( 0.7618321487762416133, 0.7619047619047618625, 0.7678571428571427937, 0.7738095238095237249, 0.7797619047619047672, 0.7856416725857655603 ),
 .UNSPECIFIED. ) 
 CURVE ( )  GEOMETRIC_REPRESENTATION_ITEM ( )  RATIONAL_B_SPLINE_CURVE ( ( 0.9981654678299740624, 0.9990714059914850287, 1.000000000000000000, 0.9238795325112867385, 1.000000000000000000, 0.9238795325112867385, 1.000000000000000000, 0.9238795325112867385, 1.000000000000000000, 0.9248081265198002665, 0.9981654678299769490 ) ) 
 REPRESENTATION_ITEM ( '' )  );
#1946 = CARTESIAN_POINT ( 'NONE',  ( -0.02952986210388963001, -1.167468590311981247, -2.508866492177964425 ) ) ;
#1947 = CARTESIAN_POINT ( 'NONE',  ( 2.508866492177964869, 4.582531409688020752, -0.02952986210389084779 ) ) ;
#1948 = CARTESIAN_POINT ( 'NONE',  ( -0.9129662964607029307, 4.419161651263875612, 2.257782146820025204 ) ) ;
#1949 = CARTESIAN_POINT ( 'NONE',  ( 2.521945791657664859, -8.491101675525770887, -1.007630305053297981 ) ) ;
#1950 = CARTESIAN_POINT ( 'NONE',  ( -2.250000000000001332, 12.00000000000000000, 0.000000000000000000 ) ) ;
#1951 = DIRECTION ( 'NONE',  ( -1.332253022117619153E-16, 1.000000000000000000, -0.000000000000000000 ) ) ;
#1952 = ORIENTED_EDGE ( 'NONE', *, *, #867, .F. ) ;
#1953 = CARTESIAN_POINT ( 'NONE',  ( -1.604355277028127524, 2.106661651263874724, -1.577512011070596687 ) ) ;
#1954 = CARTESIAN_POINT ( 'NONE',  ( -1.009676665139634055, -8.729968590311980137, 2.521098161556403650 ) ) ;
#1955 = CARTESIAN_POINT ( 'NONE',  ( 1.758442677127334042, 7.951964867081124488, 0.7295695355068724242 ) ) ;
#1956 = CARTESIAN_POINT ( 'NONE',  ( -1.242982926273934696, -0.6105351329188761778, -1.244429921367732339 ) ) ;
#1957 = CARTESIAN_POINT ( 'NONE',  ( -1.758866492177963092, 1.514464867081124044, -0.001023180043167473338 ) ) ;
#1958 = CARTESIAN_POINT ( 'NONE',  ( 2.250000000000001776, -10.26961347054432139, -1.649367009202023179E-15 ) ) ;
#1959 = CARTESIAN_POINT ( 'NONE',  ( -0.001023180043165310788, -10.23553513291887640, 1.758866492177963980 ) ) ;
#1960 = CARTESIAN_POINT ( 'NONE',  ( 0.9509284072362336193, -8.455838348736126164, 2.242057725680490332 ) ) ;
#1961 = CARTESIAN_POINT ( 'NONE',  ( -0.7275231754205346846, -9.673035132918874623, -1.759290307228593475 ) ) ;
#1962 = CARTESIAN_POINT ( 'NONE',  ( 1.758866492177966423, -10.98553513291887462, 0.001023180043167258016 ) ) ;
#1963 = CARTESIAN_POINT ( 'NONE',  ( -0.9109131437704420797, -5.390242391497264585, -2.258611282509372931 ) ) ;
#1964 = CARTESIAN_POINT ( 'NONE',  ( 2.521945791657663971, -2.491101675525773551, -1.007630305053297981 ) ) ;
#1965 = CARTESIAN_POINT ( 'NONE',  ( -1.576052679364651432, 1.672257608502735193, -1.605788887702079837 ) ) ;
#1966 = ORIENTED_EDGE ( 'NONE', *, *, #3055, .F. ) ;
#1967 = CARTESIAN_POINT ( 'NONE',  ( -1.753155743969578850, -3.792468590311980137, 1.794917275451909822 ) ) ;
#1968 = FACE_BOUND ( 'NONE', #2599, .T. ) ;
#1969 = CARTESIAN_POINT ( 'NONE',  ( -2.495787192698263990, -7.116101675525771775, -1.070782749433753400 ) ) ;
#1970 = CARTESIAN_POINT ( 'NONE',  ( -2.249999999999995559, 5.798670417785111830, 1.048517448617733223E-14 ) ) ;
#1971 = EDGE_LOOP ( 'NONE', ( #2122, #1189, #2692, #351 ) ) ;
#1972 = DIRECTION ( 'NONE',  ( -1.332253022117619153E-16, 1.000000000000000000, -0.000000000000000000 ) ) ;
#1973 = CARTESIAN_POINT ( 'NONE',  ( 1.753155743969582403, -10.29246859031198014, -1.794917275451909822 ) ) ;
#1974 = CARTESIAN_POINT ( 'NONE',  ( 1.759290307228594807, -1.923035132918875512, -0.7275231754205367940 ) ) ;
#1975 = CARTESIAN_POINT ( 'NONE',  ( -1.759290307228592587, -1.423035132918875068, 0.7275231754205363499 ) ) ;
#1976 = ORIENTED_EDGE ( 'NONE', *, *, #3888, .F. ) ;
#1977 = CARTESIAN_POINT ( 'NONE',  ( -0.9509284072362294005, -2.955838348736127497, -2.242057725680490776 ) ) ;
#1978 = CARTESIAN_POINT ( 'NONE',  ( 1.758866492177966423, -9.985535132918876400, 0.001023180043167258016 ) ) ;
#1979 = CARTESIAN_POINT ( 'NONE',  ( -0.9529664928947855218, -5.015242391497264585, 2.241192214958859452 ) ) ;
#1980 = DIRECTION ( 'NONE',  ( -1.332253022117619153E-16, 1.000000000000000000, -0.000000000000000000 ) ) ;
#1981 = EDGE_CURVE ( 'NONE', #2814, #2933, #3556, .T. ) ;
#1982 = AXIS2_PLACEMENT_3D ( 'NONE', #3039, #1429, #2871 ) ;
#1983 = CARTESIAN_POINT ( 'NONE',  ( -2.241192214958859452, 0.7347576085027359705, -0.9529664928947859659 ) ) ;
#1984 = CARTESIAN_POINT ( 'NONE',  ( -2.249999999999993339, -5.201329582214889058, -5.604086460562884364E-15 ) ) ;
#1985 = CARTESIAN_POINT ( 'NONE',  ( 0.03157622219022823001, 2.696398324474227781, -2.508866492177964425 ) ) ;
#1986 = PLANE ( 'NONE',  #127 ) ;
#1987 = EDGE_LOOP ( 'NONE', ( #169, #1001, #3231, #4219 ) ) ;
#1988 = CARTESIAN_POINT ( 'NONE',  ( 2.521098161556404094, -0.4799685903119806918, 1.009676665139636276 ) ) ;
#1989 = CARTESIAN_POINT ( 'NONE',  ( -2.521098161556403650, 5.020031409688020752, -1.009676665139634943 ) ) ;
#1990 = APPROVAL_DATE_TIME ( #2715, #3298 ) ;
#1991 = CARTESIAN_POINT ( 'NONE',  ( -1.796364270545706798, -4.928601675525772663, 1.751708748875781652 ) ) ;
#1992 = CARTESIAN_POINT ( 'NONE',  ( 2.242057725680492997, -4.205838348736126164, -0.9509284072362309548 ) ) ;
#1993 = DIRECTION ( 'NONE',  ( -2.891205793294677833E-16, 0.000000000000000000, -1.000000000000000000 ) ) ;
#1994 = ORIENTED_EDGE ( 'NONE', *, *, #2716, .F. ) ;
#1995 = CARTESIAN_POINT ( 'NONE',  ( 1.577512011070597131, 1.856661651263874280, -1.604355277028128191 ) ) ;
#1996 = CARTESIAN_POINT ( 'NONE',  ( 2.496634822799527420, -10.35496859031198014, -1.068736389347416216 ) ) ;
#1997 = CARTESIAN_POINT ( 'NONE',  ( -1.242982926273935362, 4.389464867081124488, -1.244429921367732339 ) ) ;
#1998 = CARTESIAN_POINT ( 'NONE',  ( -1.242982926273935584, 5.389464867081125377, -1.244429921367732339 ) ) ;
#1999 = APPROVAL_PERSON_ORGANIZATION ( #3663, #3298, #1367 ) ;
#2000 = CARTESIAN_POINT ( 'NONE',  ( -2.242057725680490332, -2.705838348736127053, 0.9509284072362306217 ) ) ;
#2001 = CARTESIAN_POINT ( 'NONE',  ( 2.249901748734118634, -4.702742391497264585, 0.02102667456217082939 ) ) ;
#2002 = CARTESIAN_POINT ( 'NONE',  ( -1.758866492177963092, 0.5144648670811248214, -0.001023180043167473338 ) ) ;
#2003 = CYLINDRICAL_SURFACE ( 'NONE', #1589, 2.250000000000000444 ) ;
#2004 = CARTESIAN_POINT ( 'NONE',  ( 0.9109131437704455214, -0.8902423914972636965, 2.258611282509372931 ) ) ;
#2005 = CARTESIAN_POINT ( 'NONE',  ( 1.007630305053299313, 1.258898324474228225, 2.521945791657662195 ) ) ;
#2006 = VECTOR ( 'NONE', #645, 1000.000000000000000 ) ;
#2007 = CARTESIAN_POINT ( 'NONE',  ( -6.919358041228400441E-16, 12.00000000000000000, 0.000000000000000000 ) ) ;
#2008 = ORIENTED_EDGE ( 'NONE', *, *, #1765, .T. ) ;
#2009 = CARTESIAN_POINT ( 'NONE',  ( 1.753155743969581515, -3.292468590311981469, -1.794917275451909822 ) ) ;
#2010 = CARTESIAN_POINT ( 'NONE',  ( -1.009676665139635832, 4.270031409688019863, 2.521098161556403650 ) ) ;
#2011 = CARTESIAN_POINT ( 'NONE',  ( -0.9109131437704417467, -8.390242391497265473, -2.258611282509372931 ) ) ;
#2012 = CARTESIAN_POINT ( 'NONE',  ( 1.796364270545709685, -4.428601675525772663, -1.751708748875781652 ) ) ;
#2013 = EDGE_CURVE ( 'NONE', #1259, #4148, #3274, .T. ) ;
#2014 = CARTESIAN_POINT ( 'NONE',  ( 2.249999999999999556, 12.00000000000000000, 2.755455298081544778E-16 ) ) ;
#2015 = CARTESIAN_POINT ( 'NONE',  ( 2.249999999999999556, 12.00000000000000000, 2.755455298081544778E-16 ) ) ;
#2016 = ORIENTED_EDGE ( 'NONE', *, *, #3644, .F. ) ;
#2017 = DIRECTION ( 'NONE',  ( -1.000000000000000000, 0.000000000000000000, 0.000000000000000000 ) ) ;
#2018 = CARTESIAN_POINT ( 'NONE',  ( -1.244429921367731673, 1.639464867081124044, 1.242982926273935806 ) ) ;
#2019 = CARTESIAN_POINT ( 'NONE',  ( 1.242982926273936251, 2.889464867081125377, 1.244429921367732339 ) ) ;
#2020 = CARTESIAN_POINT ( 'NONE',  ( 1.605788887702080725, -1.577742391497264363, -1.576052679364651876 ) ) ;
#2021 = CARTESIAN_POINT ( 'NONE',  ( 0.7295695355068734234, -7.798035132918876400, -1.758442677127334486 ) ) ;
#2022 = CARTESIAN_POINT ( 'NONE',  ( -0.9529664928947851887, -9.015242391497263696, 2.241192214958859452 ) ) ;
#2023 = CARTESIAN_POINT ( 'NONE',  ( 2.249999999999997335, -3.701329582214890390, 5.529410565873372312E-15 ) ) ;
#2024 = CARTESIAN_POINT ( 'NONE',  ( -1.758442677127333598, 0.4519648670811248770, -0.7295695355068715360 ) ) ;
#2025 = CARTESIAN_POINT ( 'NONE',  ( 1.244429921367734559, -8.860535132918876400, -1.242982926273935806 ) ) ;
#2026 = CARTESIAN_POINT ( 'NONE',  ( 0.7295695355068734234, -7.798035132918877288, -1.758442677127334486 ) ) ;
#2027 = LINE ( 'NONE', #4269, #3401 ) ;
#2028 = CARTESIAN_POINT ( 'NONE',  ( 2.249999999999993783, -4.639417963350930485, -0.9196868998405793860 ) ) ;
#2029 = EDGE_LOOP ( 'NONE', ( #841, #154, #4098, #3173, #1688, #2144, #1927, #3383, #1730, #2571, #1342, #1086, #811, #3425, #462, #1711, #573, #2578, #69, #1621, #41, #2810, #3597, #787, #3502, #1150, #487, #2164, #2252, #2244, #2421, #2948, #3118, #3583, #496, #2789, #3130, #4063, #3822, #3526, #442, #3850, #26 ) ) ;
#2030 = EDGE_CURVE ( 'NONE', #1570, #2148, #2195, .T. ) ;
#2031 = CARTESIAN_POINT ( 'NONE',  ( -2.249901748734116858, 4.797257608502736304, -0.02102667456217110348 ) ) ;
#2032 = CARTESIAN_POINT ( 'NONE',  ( -2.496634822799524756, -2.854968590311981025, 1.068736389347415772 ) ) ;
#2033 = CARTESIAN_POINT ( 'NONE',  ( -1.068736389347415550, 2.895031409688018975, -2.496634822799525200 ) ) ;
#2034 = CARTESIAN_POINT ( 'NONE',  ( -1.576052679364650100, -8.327742391497263696, -1.605788887702079837 ) ) ;
#2035 =( BOUNDED_CURVE ( )  B_SPLINE_CURVE ( 2, ( #52, #3632, #2303, #1977, #607, #1265, #3265, #3286, #3651, #1334, #3330 ),
 .UNSPECIFIED., .F., .F. ) 
 B_SPLINE_CURVE_WITH_KNOTS ( ( 3, 2, 2, 2, 2, 3 ),
 ( 0.5238750782921541838, 0.5297619047619046562, 0.5357142857142856984, 0.5416666666666666297, 0.5476190476190476719, 0.5476846021016781307 ),
 .UNSPECIFIED. ) 
 CURVE ( )  GEOMETRIC_REPRESENTATION_ITEM ( )  RATIONAL_B_SPLINE_CURVE ( ( 0.9983418125108547425, 0.9247178588724069837, 1.000000000000000000, 0.9238795325112867385, 1.000000000000000000, 0.9238795325112867385, 1.000000000000000000, 0.9238795325112867385, 1.000000000000000000, 0.9991616736388797548, 0.9983418125108547425 ) ) 
 REPRESENTATION_ITEM ( '' )  );
#2036 = CARTESIAN_POINT ( 'NONE',  ( -1.751708748875780097, -7.178601675525771775, -1.796364270545708131 ) ) ;
#2037 = EDGE_CURVE ( 'NONE', #445, #1533, #2831, .T. ) ;
#2038 = DIRECTION ( 'NONE',  ( -1.332253022117619153E-16, 1.000000000000000000, -0.000000000000000000 ) ) ;
#2039 = ORIENTED_EDGE ( 'NONE', *, *, #3932, .T. ) ;
#2040 = CARTESIAN_POINT ( 'NONE',  ( 1.804680339879464412, 8.000000000000003553, -0.1321933531327802724 ) ) ;
#2041 = CARTESIAN_POINT ( 'NONE',  ( -1.759290307228593475, 3.576964867081124488, 0.7275231754205364609 ) ) ;
#2042 = CARTESIAN_POINT ( 'NONE',  ( 1.242982926273936028, 3.889464867081124488, 1.244429921367732339 ) ) ;
#2043 = ORIENTED_EDGE ( 'NONE', *, *, #4231, .F. ) ;
#2044 = CARTESIAN_POINT ( 'NONE',  ( 1.759290307228595918, -8.923035132918876400, -0.7275231754205366830 ) ) ;
#2045 = CARTESIAN_POINT ( 'NONE',  ( 0.7295695355068723131, -0.7980351329188762888, -1.758442677127334486 ) ) ;
#2046 = CARTESIAN_POINT ( 'NONE',  ( 0.001023180043169169681, -6.735535132918875512, -1.758866492177963980 ) ) ;
#2047 = CARTESIAN_POINT ( 'NONE',  ( 2.496634822799525200, 6.645031409688018087, -1.068736389347416216 ) ) ;
#2048 = CARTESIAN_POINT ( 'NONE',  ( 1.070782749433754066, 0.6338983244742277812, -2.495787192698266654 ) ) ;
#2049 = CARTESIAN_POINT ( 'NONE',  ( -1.299038105676659560, 10.00000000000000000, 0.7500000000000002220 ) ) ;
#2050 = VERTEX_POINT ( 'NONE', #1132 ) ;
#2051 = AXIS2_PLACEMENT_3D ( 'NONE', #4198, #2927, #4181 ) ;
#2052 = CARTESIAN_POINT ( 'NONE',  ( -6.919358041228402413E-16, 12.00000000000000000, 0.000000000000000000 ) ) ;
#2053 =( NAMED_UNIT ( * ) SI_UNIT ( $, .STERADIAN. ) SOLID_ANGLE_UNIT ( ) );
#2054 = EDGE_CURVE ( 'NONE', #172, #2933, #2362, .T. ) ;
#2055 = PRODUCT_RELATED_PRODUCT_CATEGORY ( 'detail', '', ( #756 ) ) ;
#2056 =( BOUNDED_CURVE ( )  B_SPLINE_CURVE ( 2, ( #2651, #390, #2338, #3665, #3464, #1686, #3030, #1992, #3344, #2698, #1664 ),
 .UNSPECIFIED., .F., .F. ) 
 B_SPLINE_CURVE_WITH_KNOTS ( ( 3, 2, 2, 2, 2, 3 ),
 ( 0.5714941259112018557, 0.5773809523809523281, 0.5833333333333332593, 0.5892857142857141906, 0.5952380952380952328, 0.5953036497207255806 ),
 .UNSPECIFIED. ) 
 CURVE ( )  GEOMETRIC_REPRESENTATION_ITEM ( )  RATIONAL_B_SPLINE_CURVE ( ( 0.9983418125108547425, 0.9247178588724069837, 1.000000000000000000, 0.9238795325112867385, 1.000000000000000000, 0.9238795325112867385, 1.000000000000000000, 0.9238795325112867385, 1.000000000000000000, 0.9991616736388811981, 0.9983418125108576291 ) ) 
 REPRESENTATION_ITEM ( '' )  );
#2057 = ORIENTED_EDGE ( 'NONE', *, *, #90, .F. ) ;
#2058 = CARTESIAN_POINT ( 'NONE',  ( 2.250000000000000888, -3.269613470544320499, -1.605248138585507851E-15 ) ) ;
#2059 = ORIENTED_EDGE ( 'NONE', *, *, #2357, .T. ) ;
#2060 = EDGE_CURVE ( 'NONE', #1106, #200, #1175, .T. ) ;
#2061 = CYLINDRICAL_SURFACE ( 'NONE', #1388, 2.250000000000000444 ) ;
#2062 = CARTESIAN_POINT ( 'NONE',  ( 0.7275231754205377932, 2.826964867081125377, 1.759290307228593475 ) ) ;
#2063 = AXIS2_PLACEMENT_3D ( 'NONE', #2861, #4179, #1870 ) ;
#2064 = CARTESIAN_POINT ( 'NONE',  ( 0.7295695355068722021, 2.201964867081124932, -1.758442677127334486 ) ) ;
#2065 = FACE_OUTER_BOUND ( 'NONE', #180, .T. ) ;
#2066 = CARTESIAN_POINT ( 'NONE',  ( -0.7295695355068707588, -6.298035132918875512, 1.758442677127334042 ) ) ;
#2067 = CARTESIAN_POINT ( 'NONE',  ( 2.249999999999997335, -3.701329582214890390, 5.529410565873372312E-15 ) ) ;
#2068 = CARTESIAN_POINT ( 'NONE',  ( 0.7295695355068732013, -6.798035132918874623, -1.758442677127334486 ) ) ;
#2069 = EDGE_CURVE ( 'NONE', #87, #1171, #1286, .T. ) ;
#2070 = DIRECTION ( 'NONE',  ( -1.332253022117619153E-16, 1.000000000000000000, -0.000000000000000000 ) ) ;
#2071 = CARTESIAN_POINT ( 'NONE',  ( 0.03157622219022849369, 0.6963983244742278922, -2.508866492177964425 ) ) ;
#2072 = CARTESIAN_POINT ( 'NONE',  ( 2.249999999999986677, 6.360582036649068627, -0.9196868998405842710 ) ) ;
#2073 = AXIS2_PLACEMENT_3D ( 'NONE', #3627, #2680, #3259 ) ;
#2074 = CARTESIAN_POINT ( 'NONE',  ( 2.508866492177965313, 0.5825314096880203074, -0.02952986210389084779 ) ) ;
#2075 = COORDINATED_UNIVERSAL_TIME_OFFSET ( 3, 0, .AHEAD. ) ;
#2076 = CARTESIAN_POINT ( 'NONE',  ( -2.249999999999986677, 6.860582036649068627, 0.9196868998405841600 ) ) ;
#2077 = EDGE_CURVE ( 'NONE', #3316, #3835, #3554, .T. ) ;
#2078 = ORIENTED_EDGE ( 'NONE', *, *, #2436, .F. ) ;
#2079 = CARTESIAN_POINT ( 'NONE',  ( 2.250000000000000444, 0.7303865294556796117, -1.605248138585507851E-15 ) ) ;
#2080 = VERTEX_POINT ( 'NONE', #3602 ) ;
#2081 = CARTESIAN_POINT ( 'NONE',  ( 2.249999999999999556, 12.00000000000000000, 2.755455298081544778E-16 ) ) ;
#2082 = CARTESIAN_POINT ( 'NONE',  ( 1.244429921367733005, 3.139464867081123600, -1.242982926273935806 ) ) ;
#2083 =( BOUNDED_CURVE ( )  B_SPLINE_CURVE ( 2, ( #2067, #3415, #436, #3084, #113, #1419, #4071, #1095, #1436, #2769, #2834 ),
 .UNSPECIFIED., .F., .F. ) 
 B_SPLINE_CURVE_WITH_KNOTS ( ( 3, 2, 2, 2, 2, 3 ),
 ( 0.5951654821095750947, 0.5952380952380952328, 0.6011904761904761640, 0.6071428571428570953, 0.6130952380952381375, 0.6189750059190988196 ),
 .UNSPECIFIED. ) 
 CURVE ( )  GEOMETRIC_REPRESENTATION_ITEM ( )  RATIONAL_B_SPLINE_CURVE ( ( 0.9981654678299769490, 0.9990714059914864720, 1.000000000000000000, 0.9238795325112867385, 1.000000000000000000, 0.9238795325112867385, 1.000000000000000000, 0.9238795325112867385, 1.000000000000000000, 0.9248081265198017098, 0.9981654678299740624 ) ) 
 REPRESENTATION_ITEM ( '' )  );
#2084 = CARTESIAN_POINT ( 'NONE',  ( 0.7295695355068717580, 4.201964867081124488, -1.758442677127334486 ) ) ;
#2085 = EDGE_CURVE ( 'NONE', #2173, #1782, #2616, .T. ) ;
#2086 = CARTESIAN_POINT ( 'NONE',  ( 1.759668018094829645, 8.000000000000000000, 0.3181032090818155522 ) ) ;
#2087 = CARTESIAN_POINT ( 'NONE',  ( -2.242057725680489000, -10.70583834873612794, 0.9509284072362306217 ) ) ;
#2088 = CARTESIAN_POINT ( 'NONE',  ( 1.244429921367733449, 0.1394648670811245161, -1.242982926273935806 ) ) ;
#2089 = CARTESIAN_POINT ( 'NONE',  ( -1.759290307228592143, -7.423035132918877288, 0.7275231754205364609 ) ) ;
#2090 = CARTESIAN_POINT ( 'NONE',  ( 1.759290307228595918, -8.923035132918876400, -0.7275231754205366830 ) ) ;
#2091 = CARTESIAN_POINT ( 'NONE',  ( -2.249999999999995559, 7.798670417785110054, 1.048517448617733223E-14 ) ) ;
#2092 = CARTESIAN_POINT ( 'NONE',  ( -0.03157622219022790389, 6.196398324474229113, 2.508866492177964425 ) ) ;
#2093 = CARTESIAN_POINT ( 'NONE',  ( -0.9529664928947862990, 0.9847576085027361925, 2.241192214958859452 ) ) ;
#2094 = CARTESIAN_POINT ( 'NONE',  ( 1.605788887702080059, 2.422257608502735859, -1.576052679364651876 ) ) ;
#2095 = CARTESIAN_POINT ( 'NONE',  ( -0.2857141755814078810, 8.000000000000000000, -2.231785699808980006 ) ) ;
#2096 = ORIENTED_EDGE ( 'NONE', *, *, #3371, .T. ) ;
#2097 = CARTESIAN_POINT ( 'NONE',  ( 2.250000000000000444, 0.7303865294556796117, -1.605248138585507851E-15 ) ) ;
#2098 = CARTESIAN_POINT ( 'NONE',  ( -2.241192214958857676, -10.26524239149726370, -0.9529664928947859659 ) ) ;
#2099 = ORIENTED_EDGE ( 'NONE', *, *, #1922, .T. ) ;
#2100 = CARTESIAN_POINT ( 'NONE',  ( 1.788330609723143727, 8.000000000000000000, 0.01807223461493405112 ) ) ;
#2101 = CARTESIAN_POINT ( 'NONE',  ( -0.001023180043167569615, 6.764464867081123600, 1.758866492177964203 ) ) ;
#2102 = CARTESIAN_POINT ( 'NONE',  ( 1.242982926273935584, 6.889464867081123600, 1.244429921367732339 ) ) ;
#2103 = FACE_OUTER_BOUND ( 'NONE', #858, .T. ) ;
#2104 = ORIENTED_EDGE ( 'NONE', *, *, #3465, .F. ) ;
#2105 = CARTESIAN_POINT ( 'NONE',  ( -0.7295695355068705368, -7.298035132918876400, 1.758442677127334042 ) ) ;
#2106 = CARTESIAN_POINT ( 'NONE',  ( 2.250000000000002220, -10.33158270774359266, 0.9208808658774146894 ) ) ;
#2107 = CARTESIAN_POINT ( 'NONE',  ( 0.7295695355068722021, 2.201964867081124044, -1.758442677127334486 ) ) ;
#2108 = CARTESIAN_POINT ( 'NONE',  ( 1.759290307228595251, -5.923035132918875512, -0.7275231754205367940 ) ) ;
#2109 =( BOUNDED_SURFACE ( )  B_SPLINE_SURFACE ( 1, 2, ( 
 ( #525, #3532, #2883, #4245, #1909, #2997, #1630, #2928, #1267, #1337, #36, #2588, #1652, #2905, #3929, #3908, #996, #2307, #2665, #3997, #4222, #11, #3656, #956, #681, #1890, #2950, #936, #3593, #1016, #657, #2610, #611, #4267, #2263, #1939, #1292, #1961, #3311, #3571, #2638, #3333, #1760, #2350, #3065, #133, #3042, #720, #2772, #437, #2025, #1696, #2327, #3678, #3378, #3356, #56, #401, #2687, #2746, #1097, #4017, #3700, #1381, #1739, #4073, #4036, #1719, #3720, #3760, #3086, #740, #779, #2089, #419, #96, #1402, #2728, #1079, #2395, #3741, #760, #842, #2453, #4177, #4111, #1139, #2174, #1201, #1541, #3504, #519, #224, #887, #476, #1481, #3480, #2108, #1822, #4154, #3799, #3200, #3779, #543, #497, #3527, #3456, #1520, #1845, #1805, #1182, #2522, #3219, #3863, #799, #2859, #1784, #564, #246, #3823, #2499, #2192, #3131, #1460, #160, #3155, #3844, #3544, #1866, #2815, #820, #2878, #1159, #1118, #2795, #181, #3178, #2431, #201, #1500, #2133, #868, #4129, #2475, #930, #1308, #1646, #2581, #3566, #582, #4215, #2282, #1884, #2300, #3947, #3240, #3262, #2234, #3587, #1283, #2604, #1974, #2630, #3971, #3326, #349, #2563, #285, #1243, #2944, #263, #971, #3284, #3630, #4260, #652, #1559, #950, #2898, #3903, #3648, #1582, #1956, #2923, #1604, #604, #1904, #3303, #674, #4237, #1221, #992, #1263, #3923, #2257, #326, #3608, #4194, #628, #1931, #3881, #2543, #306, #910, #1624, #2966, #3, #2214, #2703, #3429, #1331, #1091, #1074, #2387, #714, #1056, #3014, #3990, #2018, #1669, #1415, #50, #3736, #3370, #3694, #2990, #4030, #2343, #3409, #772, #2656, #432, #2407, #753, #2321, #1396, #3059, #2062, #3754, #1732, #394, #3671, #2082, #1375, #1690, #2681, #3349, #1352, #3079, #2041, #1032, #3035, #374, #4011, #449, #29, #693, #3391, #2721, #71, #1010, #110, #1997, #2366, #2740, #3713, #734, #413, #4067, #89, #1713, #4052, #3837, #3190, #2786, #792, #836, #3773, #1453, #215, #467, #1173, #813, #2445, #1754, #2807, #1131, #2167, #880, #1432, #3519, #2514, #2491, #1112, #193, #1815, #4144, #4169, #534, #2124, #2101, #2185, #174, #3472, #4103, #3448, #1775, #860, #2145, #3791, #1796, #3120, #151, #3539, #3101, #3147, #3495, #1492, #1472, #126, #1836, #2764, #4122, #1512, #1152, #2467, #3815, #2852, #2829 ),
 ( #512, #4084, #575, #2937, #644, #1859, #277, #3874, #2872, #3964, #3601, #3916, #1879, #4229, #3213, #240, #3233, #1256, #3275, #4274, #1300, #1552, #1619, #258, #2575, #2622, #1237, #2891, #987, #1597, #4207, #2557, #2294, #556, #3896, #2959, #1535, #924, #902, #965, #3623, #4188, #1215, #2536, #4253, #2274, #2228, #943, #3580, #1949, #1276, #2207, #3295, #2596, #3560, #596, #319, #1897, #3255, #1573, #2915, #3939, #2248, #620, #1923, #299, #3983, #65, #730, #1392, #2036, #1969, #2696, #667, #1708, #85, #1346, #1685, #3029, #3319, #23, #343, #3664, #1369, #1051, #4025, #1663, #2650, #2717, #45, #3641, #1325, #3008, #388, #3053, #3690, #3365, #367, #709, #2361, #3708, #2675, #1640, #2982, #3387, #3343, #1991, #4006, #1004, #2315, #688, #1027, #410, #2337, #2012, #1942, #2268, #3248, #2591, #255, #1548, #270, #3933, #1613, #2642, #3978, #4225, #16, #1568, #960, #999, #3912, #2909, #2310, #4270, #1251, #2570, #3659, #683, #939, #1317, #2886, #2243, #2224, #3636, #1964, #3229, #4201, #1232, #2614, #662, #3596, #3615, #615, #3314, #1295, #3891, #1633, #3957, #2552, #919, #337, #2975, #3574, #293, #591, #979, #2932, #1913, #1892, #3270, #1592, #2288, #4248, #1271, #637, #3290, #314, #2953, #1340, #2354, #60, #3001, #3046, #743, #703, #4059, #359, #2731, #1362, #1082, #39, #2398, #3745, #2690, #2048, #2071, #4077, #2710, #3023, #3420, #3765, #1700, #2668, #4001, #2005, #440, #1744, #3337, #79, #1020, #2331, #1101, #1722, #1063, #3359, #1384, #1656, #3682, #382, #4040, #3091, #1423, #2751, #4021, #2416, #1679, #2376, #1985, #1043, #723, #3381, #3724, #3459, #164, #2862, #228, #1787, #3204, #457, #479, #4093, #1186, #3847, #1524, #4180, #3111, #204, #2503, #3135, #185, #1463, #871, #1826, #1441, #3530, #3181, #136, #2776, #2177, #547, #1121, #2137, #2435, #2841, #502, #2113, #1849, #3782, #803, #1503, #1205, #2525, #1808, #3158, #4157, #782, #2800, #1143, #4114, #1763, #1484, #3826, #2457, #2092, #3438, #3802, #823, #3484, #2820, #4134, #1163, #2479, #847, #2155, #3508, #523, #3549, #310, #2197, #3309, #2970, #2238, #954, #632, #566, #4197, #1871, #1888, #2261, #4265, #1936, #1247, #3886, #9, #3907, #1311, #3222, #3244, #3266, #3952, #3591, #1907, #2219, #609, #289, #250, #3610, #3927 ) ),
 .UNSPECIFIED., .F., .F., .T. ) 
 B_SPLINE_SURFACE_WITH_KNOTS ( ( 2, 2 ),
 ( 3, 2, 2, 2, 2, 2, 2, 2, 2, 2, 2, 2, 2, 2, 2, 2, 2, 2, 2, 2, 2, 2, 2, 2, 2, 2, 2, 2, 2, 2, 2, 2, 2, 2, 2, 2, 2, 2, 2, 2, 2, 2, 2, 2, 2, 2, 2, 2, 2, 2, 2, 2, 2, 2, 2, 2, 2, 2, 2, 2, 2, 2, 2, 2, 2, 2, 2, 2, 2, 2, 2, 2, 2, 2, 2, 2, 2, 2, 2, 2, 2, 2, 2, 2, 2, 2, 2, 2, 2, 2, 2, 2, 2, 2, 2, 2, 2, 2, 2, 2, 2, 2, 2, 2, 2, 2, 2, 2, 2, 2, 2, 2, 2, 2, 2, 2, 2, 2, 2, 2, 2, 2, 2, 2, 2, 2, 2, 2, 2, 2, 2, 2, 2, 2, 2, 2, 2, 2, 2, 2, 2, 2, 2, 2, 2, 2, 2, 2, 2, 2, 2, 2, 2, 2, 2, 2, 2, 2, 2, 2, 2, 2, 2, 2, 3 ),
 ( 0.000000000000000000, 1.000000000000000000 ),
 ( 0.000000000000000000, 0.005952380952380952051, 0.01190476190476190410, 0.01785714285714285615, 0.02380952380952380820, 0.02976190476190476025, 0.03571428571428571230, 0.04166666666666666435, 0.04761904761904761640, 0.05357142857142856845, 0.05952380952380952051, 0.06547619047619047949, 0.07142857142857142461, 0.07738095238095238360, 0.08333333333333332871, 0.08928571428571428770, 0.09523809523809523281, 0.1011904761904761918, 0.1071428571428571369, 0.1130952380952380959, 0.1190476190476190410, 0.1250000000000000000, 0.1309523809523809590, 0.1369047619047619180, 0.1428571428571428492, 0.1488095238095238082, 0.1547619047619047672, 0.1607142857142857262, 0.1666666666666666574, 0.1726190476190476164, 0.1785714285714285754, 0.1845238095238095344, 0.1904761904761904656, 0.1964285714285714246, 0.2023809523809523836, 0.2083333333333333426, 0.2142857142857142738, 0.2202380952380952328, 0.2261904761904761918, 0.2321428571428571508, 0.2380952380952380820, 0.2440476190476190410, 0.2500000000000000000, 0.2559523809523809312, 0.2619047619047619180, 0.2678571428571428492, 0.2738095238095238360, 0.2797619047619047672, 0.2857142857142856984, 0.2916666666666666852, 0.2976190476190476164, 0.3035714285714285476, 0.3095238095238095344, 0.3154761904761904656, 0.3214285714285714524, 0.3273809523809523836, 0.3333333333333333148, 0.3392857142857143016, 0.3452380952380952328, 0.3511904761904761640, 0.3571428571428571508, 0.3630952380952380820, 0.3690476190476190688, 0.3750000000000000000, 0.3809523809523809312, 0.3869047619047619180, 0.3928571428571428492, 0.3988095238095238360, 0.4047619047619047672, 0.4107142857142856984, 0.4166666666666666852, 0.4226190476190476164, 0.4285714285714285476, 0.4345238095238095344, 0.4404761904761904656, 0.4464285714285714524, 0.4523809523809523836, 0.4583333333333333148, 0.4642857142857143016, 0.4702380952380952328, 0.4761904761904761640, 0.4821428571428571508, 0.4880952380952380820, 0.4940476190476190688, 0.5000000000000000000, 0.5059523809523809312, 0.5119047619047618625, 0.5178571428571429047, 0.5238095238095238360, 0.5297619047619047672, 0.5357142857142856984, 0.5416666666666666297, 0.5476190476190476719, 0.5535714285714286031, 0.5595238095238095344, 0.5654761904761904656, 0.5714285714285713969, 0.5773809523809523281, 0.5833333333333333703, 0.5892857142857143016, 0.5952380952380952328, 0.6011904761904761640, 0.6071428571428570953, 0.6130952380952381375, 0.6190476190476190688, 0.6250000000000000000, 0.6309523809523809312, 0.6369047619047618625, 0.6428571428571429047, 0.6488095238095238360, 0.6547619047619047672, 0.6607142857142856984, 0.6666666666666666297, 0.6726190476190476719, 0.6785714285714286031, 0.6845238095238095344, 0.6904761904761904656, 0.6964285714285713969, 0.7023809523809523281, 0.7083333333333333703, 0.7142857142857143016, 0.7202380952380952328, 0.7261904761904761640, 0.7321428571428570953, 0.7380952380952381375, 0.7440476190476190688, 0.7500000000000000000, 0.7559523809523809312, 0.7619047619047618625, 0.7678571428571429047, 0.7738095238095238360, 0.7797619047619047672, 0.7857142857142856984, 0.7916666666666666297, 0.7976190476190476719, 0.8035714285714286031, 0.8095238095238095344, 0.8154761904761904656, 0.8214285714285713969, 0.8273809523809523281, 0.8333333333333333703, 0.8392857142857143016, 0.8452380952380952328, 0.8511904761904761640, 0.8571428571428570953, 0.8630952380952381375, 0.8690476190476190688, 0.8750000000000000000, 0.8809523809523809312, 0.8869047619047618625, 0.8928571428571429047, 0.8988095238095238360, 0.9047619047619047672, 0.9107142857142856984, 0.9166666666666666297, 0.9226190476190476719, 0.9285714285714286031, 0.9345238095238095344, 0.9404761904761904656, 0.9464285714285713969, 0.9523809523809523281, 0.9583333333333333703, 0.9642857142857143016, 0.9702380952380952328, 0.9761904761904761640 ),
 .UNSPECIFIED. ) 
 GEOMETRIC_REPRESENTATION_ITEM ( )  RATIONAL_B_SPLINE_SURFACE ( (
 ( 1.000000000000000000, 0.9238795325112867385, 1.000000000000000000, 0.9238795325112867385, 1.000000000000000000, 0.9238795325112867385, 1.000000000000000000, 0.9238795325112867385, 1.000000000000000000, 0.9238795325112867385, 1.000000000000000000, 0.9238795325112867385, 1.000000000000000000, 0.9238795325112867385, 1.000000000000000000, 0.9238795325112867385, 1.000000000000000000, 0.9238795325112867385, 1.000000000000000000, 0.9238795325112867385, 1.000000000000000000, 0.9238795325112867385, 1.000000000000000000, 0.9238795325112867385, 1.000000000000000000, 0.9238795325112867385, 1.000000000000000000, 0.9238795325112867385, 1.000000000000000000, 0.9238795325112867385, 1.000000000000000000, 0.9238795325112867385, 1.000000000000000000, 0.9238795325112867385, 1.000000000000000000, 0.9238795325112867385, 1.000000000000000000, 0.9238795325112867385, 1.000000000000000000, 0.9238795325112867385, 1.000000000000000000, 0.9238795325112867385, 1.000000000000000000, 0.9238795325112867385, 1.000000000000000000, 0.9238795325112867385, 1.000000000000000000, 0.9238795325112867385, 1.000000000000000000, 0.9238795325112867385, 1.000000000000000000, 0.9238795325112867385, 1.000000000000000000, 0.9238795325112867385, 1.000000000000000000, 0.9238795325112867385, 1.000000000000000000, 0.9238795325112867385, 1.000000000000000000, 0.9238795325112867385, 1.000000000000000000, 0.9238795325112867385, 1.000000000000000000, 0.9238795325112867385, 1.000000000000000000, 0.9238795325112867385, 1.000000000000000000, 0.9238795325112867385, 1.000000000000000000, 0.9238795325112867385, 1.000000000000000000, 0.9238795325112867385, 1.000000000000000000, 0.9238795325112867385, 1.000000000000000000, 0.9238795325112867385, 1.000000000000000000, 0.9238795325112867385, 1.000000000000000000, 0.9238795325112867385, 1.000000000000000000, 0.9238795325112867385, 1.000000000000000000, 0.9238795325112867385, 1.000000000000000000, 0.9238795325112867385, 1.000000000000000000, 0.9238795325112867385, 1.000000000000000000, 0.9238795325112867385, 1.000000000000000000, 0.9238795325112867385, 1.000000000000000000, 0.9238795325112867385, 1.000000000000000000, 0.9238795325112867385, 1.000000000000000000, 0.9238795325112867385, 1.000000000000000000, 0.9238795325112867385, 1.000000000000000000, 0.9238795325112867385, 1.000000000000000000, 0.9238795325112867385, 1.000000000000000000, 0.9238795325112867385, 1.000000000000000000, 0.9238795325112867385, 1.000000000000000000, 0.9238795325112867385, 1.000000000000000000, 0.9238795325112867385, 1.000000000000000000, 0.9238795325112867385, 1.000000000000000000, 0.9238795325112867385, 1.000000000000000000, 0.9238795325112867385, 1.000000000000000000, 0.9238795325112867385, 1.000000000000000000, 0.9238795325112867385, 1.000000000000000000, 0.9238795325112867385, 1.000000000000000000, 0.9238795325112867385, 1.000000000000000000, 0.9238795325112867385, 1.000000000000000000, 0.9238795325112867385, 1.000000000000000000, 0.9238795325112867385, 1.000000000000000000, 0.9238795325112867385, 1.000000000000000000, 0.9238795325112867385, 1.000000000000000000, 0.9238795325112867385, 1.000000000000000000, 0.9238795325112867385, 1.000000000000000000, 0.9238795325112867385, 1.000000000000000000, 0.9238795325112867385, 1.000000000000000000, 0.9238795325112867385, 1.000000000000000000, 0.9238795325112867385, 1.000000000000000000, 0.9238795325112867385, 1.000000000000000000, 0.9238795325112867385, 1.000000000000000000, 0.9238795325112867385, 1.000000000000000000, 0.9238795325112867385, 1.000000000000000000, 0.9238795325112867385, 1.000000000000000000, 0.9238795325112867385, 1.000000000000000000, 0.9238795325112867385, 1.000000000000000000, 0.9238795325112867385, 1.000000000000000000, 0.9238795325112867385, 1.000000000000000000, 0.9238795325112867385, 1.000000000000000000, 0.9238795325112867385, 1.000000000000000000, 0.9238795325112867385, 1.000000000000000000, 0.9238795325112867385, 1.000000000000000000, 0.9238795325112867385, 1.000000000000000000, 0.9238795325112867385, 1.000000000000000000, 0.9238795325112867385, 1.000000000000000000, 0.9238795325112867385, 1.000000000000000000, 0.9238795325112867385, 1.000000000000000000, 0.9238795325112867385, 1.000000000000000000, 0.9238795325112867385, 1.000000000000000000, 0.9238795325112867385, 1.000000000000000000, 0.9238795325112867385, 1.000000000000000000, 0.9238795325112867385, 1.000000000000000000, 0.9238795325112867385, 1.000000000000000000, 0.9238795325112867385, 1.000000000000000000, 0.9238795325112867385, 1.000000000000000000, 0.9238795325112867385, 1.000000000000000000, 0.9238795325112867385, 1.000000000000000000, 0.9238795325112867385, 1.000000000000000000, 0.9238795325112867385, 1.000000000000000000, 0.9238795325112867385, 1.000000000000000000, 0.9238795325112867385, 1.000000000000000000, 0.9238795325112867385, 1.000000000000000000, 0.9238795325112867385, 1.000000000000000000, 0.9238795325112867385, 1.000000000000000000, 0.9238795325112867385, 1.000000000000000000, 0.9238795325112867385, 1.000000000000000000, 0.9238795325112867385, 1.000000000000000000, 0.9238795325112867385, 1.000000000000000000, 0.9238795325112867385, 1.000000000000000000, 0.9238795325112867385, 1.000000000000000000, 0.9238795325112867385, 1.000000000000000000, 0.9238795325112867385, 1.000000000000000000, 0.9238795325112867385, 1.000000000000000000, 0.9238795325112867385, 1.000000000000000000, 0.9238795325112867385, 1.000000000000000000, 0.9238795325112867385, 1.000000000000000000, 0.9238795325112867385, 1.000000000000000000, 0.9238795325112867385, 1.000000000000000000, 0.9238795325112867385, 1.000000000000000000, 0.9238795325112867385, 1.000000000000000000, 0.9238795325112867385, 1.000000000000000000, 0.9238795325112867385, 1.000000000000000000, 0.9238795325112867385, 1.000000000000000000, 0.9238795325112867385, 1.000000000000000000, 0.9238795325112867385, 1.000000000000000000, 0.9238795325112867385, 1.000000000000000000, 0.9238795325112867385, 1.000000000000000000, 0.9238795325112867385, 1.000000000000000000, 0.9238795325112867385, 1.000000000000000000, 0.9238795325112867385, 1.000000000000000000, 0.9238795325112867385, 1.000000000000000000, 0.9238795325112867385, 1.000000000000000000, 0.9238795325112867385, 1.000000000000000000, 0.9238795325112867385, 1.000000000000000000, 0.9238795325112867385, 1.000000000000000000, 0.9238795325112867385, 1.000000000000000000, 0.9238795325112867385, 1.000000000000000000, 0.9238795325112867385, 1.000000000000000000, 0.9238795325112867385, 1.000000000000000000, 0.9238795325112867385, 1.000000000000000000, 0.9238795325112867385, 1.000000000000000000, 0.9238795325112867385, 1.000000000000000000, 0.9238795325112867385, 1.000000000000000000, 0.9238795325112867385, 1.000000000000000000, 0.9238795325112867385, 1.000000000000000000, 0.9238795325112867385, 1.000000000000000000, 0.9238795325112867385, 1.000000000000000000, 0.9238795325112867385, 1.000000000000000000, 0.9238795325112867385, 1.000000000000000000, 0.9238795325112867385, 1.000000000000000000, 0.9238795325112867385, 1.000000000000000000, 0.9238795325112867385, 1.000000000000000000, 0.9238795325112867385, 1.000000000000000000, 0.9238795325112867385, 1.000000000000000000, 0.9238795325112867385, 1.000000000000000000, 0.9238795325112867385, 1.000000000000000000, 0.9238795325112867385, 1.000000000000000000, 0.9238795325112867385, 1.000000000000000000, 0.9238795325112867385, 1.000000000000000000),
 ( 1.000000000000000000, 0.9238795325112867385, 1.000000000000000000, 0.9238795325112867385, 1.000000000000000000, 0.9238795325112867385, 1.000000000000000000, 0.9238795325112867385, 1.000000000000000000, 0.9238795325112867385, 1.000000000000000000, 0.9238795325112867385, 1.000000000000000000, 0.9238795325112867385, 1.000000000000000000, 0.9238795325112867385, 1.000000000000000000, 0.9238795325112867385, 1.000000000000000000, 0.9238795325112867385, 1.000000000000000000, 0.9238795325112867385, 1.000000000000000000, 0.9238795325112867385, 1.000000000000000000, 0.9238795325112867385, 1.000000000000000000, 0.9238795325112867385, 1.000000000000000000, 0.9238795325112867385, 1.000000000000000000, 0.9238795325112867385, 1.000000000000000000, 0.9238795325112867385, 1.000000000000000000, 0.9238795325112867385, 1.000000000000000000, 0.9238795325112867385, 1.000000000000000000, 0.9238795325112867385, 1.000000000000000000, 0.9238795325112867385, 1.000000000000000000, 0.9238795325112867385, 1.000000000000000000, 0.9238795325112867385, 1.000000000000000000, 0.9238795325112867385, 1.000000000000000000, 0.9238795325112867385, 1.000000000000000000, 0.9238795325112867385, 1.000000000000000000, 0.9238795325112867385, 1.000000000000000000, 0.9238795325112867385, 1.000000000000000000, 0.9238795325112867385, 1.000000000000000000, 0.9238795325112867385, 1.000000000000000000, 0.9238795325112867385, 1.000000000000000000, 0.9238795325112867385, 1.000000000000000000, 0.9238795325112867385, 1.000000000000000000, 0.9238795325112867385, 1.000000000000000000, 0.9238795325112867385, 1.000000000000000000, 0.9238795325112867385, 1.000000000000000000, 0.9238795325112867385, 1.000000000000000000, 0.9238795325112867385, 1.000000000000000000, 0.9238795325112867385, 1.000000000000000000, 0.9238795325112867385, 1.000000000000000000, 0.9238795325112867385, 1.000000000000000000, 0.9238795325112867385, 1.000000000000000000, 0.9238795325112867385, 1.000000000000000000, 0.9238795325112867385, 1.000000000000000000, 0.9238795325112867385, 1.000000000000000000, 0.9238795325112867385, 1.000000000000000000, 0.9238795325112867385, 1.000000000000000000, 0.9238795325112867385, 1.000000000000000000, 0.9238795325112867385, 1.000000000000000000, 0.9238795325112867385, 1.000000000000000000, 0.9238795325112867385, 1.000000000000000000, 0.9238795325112867385, 1.000000000000000000, 0.9238795325112867385, 1.000000000000000000, 0.9238795325112867385, 1.000000000000000000, 0.9238795325112867385, 1.000000000000000000, 0.9238795325112867385, 1.000000000000000000, 0.9238795325112867385, 1.000000000000000000, 0.9238795325112867385, 1.000000000000000000, 0.9238795325112867385, 1.000000000000000000, 0.9238795325112867385, 1.000000000000000000, 0.9238795325112867385, 1.000000000000000000, 0.9238795325112867385, 1.000000000000000000, 0.9238795325112867385, 1.000000000000000000, 0.9238795325112867385, 1.000000000000000000, 0.9238795325112867385, 1.000000000000000000, 0.9238795325112867385, 1.000000000000000000, 0.9238795325112867385, 1.000000000000000000, 0.9238795325112867385, 1.000000000000000000, 0.9238795325112867385, 1.000000000000000000, 0.9238795325112867385, 1.000000000000000000, 0.9238795325112867385, 1.000000000000000000, 0.9238795325112867385, 1.000000000000000000, 0.9238795325112867385, 1.000000000000000000, 0.9238795325112867385, 1.000000000000000000, 0.9238795325112867385, 1.000000000000000000, 0.9238795325112867385, 1.000000000000000000, 0.9238795325112867385, 1.000000000000000000, 0.9238795325112867385, 1.000000000000000000, 0.9238795325112867385, 1.000000000000000000, 0.9238795325112867385, 1.000000000000000000, 0.9238795325112867385, 1.000000000000000000, 0.9238795325112867385, 1.000000000000000000, 0.9238795325112867385, 1.000000000000000000, 0.9238795325112867385, 1.000000000000000000, 0.9238795325112867385, 1.000000000000000000, 0.9238795325112867385, 1.000000000000000000, 0.9238795325112867385, 1.000000000000000000, 0.9238795325112867385, 1.000000000000000000, 0.9238795325112867385, 1.000000000000000000, 0.9238795325112867385, 1.000000000000000000, 0.9238795325112867385, 1.000000000000000000, 0.9238795325112867385, 1.000000000000000000, 0.9238795325112867385, 1.000000000000000000, 0.9238795325112867385, 1.000000000000000000, 0.9238795325112867385, 1.000000000000000000, 0.9238795325112867385, 1.000000000000000000, 0.9238795325112867385, 1.000000000000000000, 0.9238795325112867385, 1.000000000000000000, 0.9238795325112867385, 1.000000000000000000, 0.9238795325112867385, 1.000000000000000000, 0.9238795325112867385, 1.000000000000000000, 0.9238795325112867385, 1.000000000000000000, 0.9238795325112867385, 1.000000000000000000, 0.9238795325112867385, 1.000000000000000000, 0.9238795325112867385, 1.000000000000000000, 0.9238795325112867385, 1.000000000000000000, 0.9238795325112867385, 1.000000000000000000, 0.9238795325112867385, 1.000000000000000000, 0.9238795325112867385, 1.000000000000000000, 0.9238795325112867385, 1.000000000000000000, 0.9238795325112867385, 1.000000000000000000, 0.9238795325112867385, 1.000000000000000000, 0.9238795325112867385, 1.000000000000000000, 0.9238795325112867385, 1.000000000000000000, 0.9238795325112867385, 1.000000000000000000, 0.9238795325112867385, 1.000000000000000000, 0.9238795325112867385, 1.000000000000000000, 0.9238795325112867385, 1.000000000000000000, 0.9238795325112867385, 1.000000000000000000, 0.9238795325112867385, 1.000000000000000000, 0.9238795325112867385, 1.000000000000000000, 0.9238795325112867385, 1.000000000000000000, 0.9238795325112867385, 1.000000000000000000, 0.9238795325112867385, 1.000000000000000000, 0.9238795325112867385, 1.000000000000000000, 0.9238795325112867385, 1.000000000000000000, 0.9238795325112867385, 1.000000000000000000, 0.9238795325112867385, 1.000000000000000000, 0.9238795325112867385, 1.000000000000000000, 0.9238795325112867385, 1.000000000000000000, 0.9238795325112867385, 1.000000000000000000, 0.9238795325112867385, 1.000000000000000000, 0.9238795325112867385, 1.000000000000000000, 0.9238795325112867385, 1.000000000000000000, 0.9238795325112867385, 1.000000000000000000, 0.9238795325112867385, 1.000000000000000000, 0.9238795325112867385, 1.000000000000000000, 0.9238795325112867385, 1.000000000000000000, 0.9238795325112867385, 1.000000000000000000, 0.9238795325112867385, 1.000000000000000000, 0.9238795325112867385, 1.000000000000000000, 0.9238795325112867385, 1.000000000000000000, 0.9238795325112867385, 1.000000000000000000, 0.9238795325112867385, 1.000000000000000000, 0.9238795325112867385, 1.000000000000000000, 0.9238795325112867385, 1.000000000000000000, 0.9238795325112867385, 1.000000000000000000, 0.9238795325112867385, 1.000000000000000000, 0.9238795325112867385, 1.000000000000000000, 0.9238795325112867385, 1.000000000000000000, 0.9238795325112867385, 1.000000000000000000, 0.9238795325112867385, 1.000000000000000000, 0.9238795325112867385, 1.000000000000000000, 0.9238795325112867385, 1.000000000000000000, 0.9238795325112867385, 1.000000000000000000, 0.9238795325112867385, 1.000000000000000000, 0.9238795325112867385, 1.000000000000000000, 0.9238795325112867385, 1.000000000000000000, 0.9238795325112867385, 1.000000000000000000, 0.9238795325112867385, 1.000000000000000000, 0.9238795325112867385, 1.000000000000000000, 0.9238795325112867385, 1.000000000000000000, 0.9238795325112867385, 1.000000000000000000, 0.9238795325112867385, 1.000000000000000000) ) ) 
 REPRESENTATION_ITEM ( '' )  SURFACE ( )  );
#2110 = CARTESIAN_POINT ( 'NONE',  ( -1.758442677127332932, -7.548035132918877288, -0.7295695355068715360 ) ) ;
#2111 = CARTESIAN_POINT ( 'NONE',  ( 0.9129662964607025977, 3.919161651263874724, -2.257782146820025648 ) ) ;
#2112 = CARTESIAN_POINT ( 'NONE',  ( 0.02952986210389031349, 7.332531409688018975, 2.508866492177964425 ) ) ;
#2113 = CARTESIAN_POINT ( 'NONE',  ( -1.796364270545708131, 5.071398324474228225, 1.751708748875781652 ) ) ;
#2114 = CARTESIAN_POINT ( 'NONE',  ( -2.249999999999992895, -9.201329582214892611, 2.343804785595805608E-15 ) ) ;
#2115 = EDGE_CURVE ( 'NONE', #1817, #1887, #2916, .T. ) ;
#2116 = CARTESIAN_POINT ( 'NONE',  ( 2.249999999999995559, 7.298670417785110054, -1.076011755298871693E-14 ) ) ;
#2117 = DIRECTION ( 'NONE',  ( -1.332253022117619153E-16, 1.000000000000000000, -0.000000000000000000 ) ) ;
#2118 = COORDINATED_UNIVERSAL_TIME_OFFSET ( 3, 0, .AHEAD. ) ;
#2119 = EDGE_LOOP ( 'NONE', ( #3443, #4118, #428, #3884 ) ) ;
#2120 = EDGE_CURVE ( 'NONE', #3097, #3771, #4230, .T. ) ;
#2121 = CARTESIAN_POINT ( 'NONE',  ( 1.605788887702081835, -10.57774239149726370, -1.576052679364651876 ) ) ;
#2122 = ORIENTED_EDGE ( 'NONE', *, *, #2771, .F. ) ;
#2123 = CARTESIAN_POINT ( 'NONE',  ( 2.249901748734117746, 1.297257608502736526, 0.02102667456217082939 ) ) ;
#2124 = CARTESIAN_POINT ( 'NONE',  ( -0.7295695355068723131, 6.701964867081123600, 1.758442677127334264 ) ) ;
#2125 = AXIS2_PLACEMENT_3D ( 'NONE', #1543, #1824, #4132 ) ;
#2126 = CARTESIAN_POINT ( 'NONE',  ( -1.758442677127334486, 7.451964867081124488, -0.7295695355068715360 ) ) ;
#2127 = CARTESIAN_POINT ( 'NONE',  ( 2.249919936250259322, 2.731661651263873392, -0.01898105538776452897 ) ) ;
#2128 = EDGE_LOOP ( 'NONE', ( #3493, #1224 ) ) ;
#2129 = CARTESIAN_POINT ( 'NONE',  ( 1.758442677127335596, -2.048035132918875512, 0.7295695355068724242 ) ) ;
#2130 = CARTESIAN_POINT ( 'NONE',  ( -1.299038105676659560, 12.00000000000000000, 0.7500000000000002220 ) ) ;
#2131 = CARTESIAN_POINT ( 'NONE',  ( -1.758442677127334042, 4.451964867081125377, -0.7295695355068715360 ) ) ;
#2132 = ORIENTED_EDGE ( 'NONE', *, *, #2357, .F. ) ;
#2133 = CARTESIAN_POINT ( 'NONE',  ( -0.001023180043166237348, -3.235535132918875068, 1.758866492177964203 ) ) ;
#2134 = CARTESIAN_POINT ( 'NONE',  ( -1.244429921367730785, -4.360535132918876400, 1.242982926273935806 ) ) ;
#2135 = CARTESIAN_POINT ( 'NONE',  ( -0.02102667456216927855, -7.952742391497263696, 2.249901748734116858 ) ) ;
#2136 = EDGE_CURVE ( 'NONE', #4128, #2383, #3256, .T. ) ;
#2137 = CARTESIAN_POINT ( 'NONE',  ( -1.751708748875781430, 4.821398324474228225, -1.796364270545708131 ) ) ;
#2138 = CARTESIAN_POINT ( 'NONE',  ( 2.249999999999999556, 5.730386529455679501, -1.605248138585507851E-15 ) ) ;
#2139 = LINE ( 'NONE', #3489, #2851 ) ;
#2140 = SECURITY_CLASSIFICATION ( '', '', #1049 ) ;
#2141 = CARTESIAN_POINT ( 'NONE',  ( -0.1528872539460450486, 7.990641919723560527, -2.248790260064609470 ) ) ;
#2142 = ORIENTED_EDGE ( 'NONE', *, *, #3055, .T. ) ;
#2143 = CARTESIAN_POINT ( 'NONE',  ( 2.250000000000000000, 3.730386529455678613, -1.605248138585507851E-15 ) ) ;
#2144 = ORIENTED_EDGE ( 'NONE', *, *, #1294, .T. ) ;
#2145 = CARTESIAN_POINT ( 'NONE',  ( 0.001023180043167298565, 7.264464867081123600, -1.758866492177964203 ) ) ;
#2146 = CARTESIAN_POINT ( 'NONE',  ( -1.758866492177963980, 7.514464867081124488, -0.001023180043167473338 ) ) ;
#2147 = CARTESIAN_POINT ( 'NONE',  ( -0.9129662964607013764, -7.580838348736126164, 2.257782146820025204 ) ) ;
#2148 = VERTEX_POINT ( 'NONE', #2295 ) ;
#2149 = CARTESIAN_POINT ( 'NONE',  ( 1.758866492177965313, -2.985535132918874623, 0.001023180043167258016 ) ) ;
#2150 = CARTESIAN_POINT ( 'NONE',  ( 2.250000000000001776, -8.268974808967564982, -0.009490696551828310332 ) ) ;
#2151 = CARTESIAN_POINT ( 'NONE',  ( 1.759290307228593919, 3.076964867081124044, -0.7275231754205366830 ) ) ;
#2152 = EDGE_LOOP ( 'NONE', ( #3199, #1373, #671, #2358 ) ) ;
#2153 = CARTESIAN_POINT ( 'NONE',  ( -0.001023180043165976922, -5.235535132918875512, 1.758866492177963980 ) ) ;
#2154 = CARTESIAN_POINT ( 'NONE',  ( -0.9109131437704434120, 3.609757608502734971, -2.258611282509372931 ) ) ;
#2155 = CARTESIAN_POINT ( 'NONE',  ( -1.751708748875781652, 6.821398324474226449, -1.796364270545708131 ) ) ;
#2156 = CARTESIAN_POINT ( 'NONE',  ( 0.7441039630177384012, -11.29006318635767059, 1.817543962711174022 ) ) ;
#2157 = CARTESIAN_POINT ( 'NONE',  ( -1.653198642074912411E-15, 10.00000000000000000, 1.499999999999999778 ) ) ;
#2158 = DIRECTION ( 'NONE',  ( -0.8660254037844387076, 0.000000000000000000, 0.4999999999999998335 ) ) ;
#2159 = CARTESIAN_POINT ( 'NONE',  ( 2.241192214958861673, -2.765242391497263696, 0.9529664928947871871 ) ) ;
#2160 = EDGE_CURVE ( 'NONE', #2814, #3125, #2208, .T. ) ;
#2161 = CARTESIAN_POINT ( 'NONE',  ( 1.009676665139636276, -4.229968590311980137, -2.521098161556404094 ) ) ;
#2162 = ORIENTED_EDGE ( 'NONE', *, *, #3740, .T. ) ;
#2163 = CARTESIAN_POINT ( 'NONE',  ( -2.242057725680489888, -4.705838348736126164, 0.9509284072362306217 ) ) ;
#2164 = ORIENTED_EDGE ( 'NONE', *, *, #2564, .T. ) ;
#2165 = DIRECTION ( 'NONE',  ( -1.332253022117617181E-16, 1.000000000000000000, -0.000000000000000000 ) ) ;
#2166 = EDGE_CURVE ( 'NONE', #1803, #866, #1257, .T. ) ;
#2167 = CARTESIAN_POINT ( 'NONE',  ( 1.758442677127334486, 5.951964867081126265, 0.7295695355068725352 ) ) ;
#2168 = CARTESIAN_POINT ( 'NONE',  ( -1.577512011070594911, -7.643338348736126164, 1.604355277028128191 ) ) ;
#2169 = CARTESIAN_POINT ( 'NONE',  ( 1.758866492177965313, -1.985535132918875734, 0.001023180043167258016 ) ) ;
#2170 =( BOUNDED_CURVE ( )  B_SPLINE_CURVE ( 2, ( #2550, #3889, #917, #2222, #3572, #588, #1891, #1565, #187, #1486, #2929 ),
 .UNSPECIFIED., .F., .F. ) 
 B_SPLINE_CURVE_WITH_KNOTS ( ( 3, 2, 2, 2, 2, 3 ),
 ( 0.7380226249667178884, 0.7380952380952381375, 0.7440476190476190688, 0.7500000000000000000, 0.7559523809523809312, 0.7618321487762416133 ),
 .UNSPECIFIED. ) 
 CURVE ( )  GEOMETRIC_REPRESENTATION_ITEM ( )  RATIONAL_B_SPLINE_CURVE ( ( 0.9981654678299741734, 0.9990714059914850287, 1.000000000000000000, 0.9238795325112867385, 1.000000000000000000, 0.9238795325112867385, 1.000000000000000000, 0.9238795325112867385, 1.000000000000000000, 0.9248081265198017098, 0.9981654678299740624 ) ) 
 REPRESENTATION_ITEM ( '' )  );
#2171 = CARTESIAN_POINT ( 'NONE',  ( -1.604355277028126192, -7.893338348736126164, -1.577512011070596687 ) ) ;
#2172 = CARTESIAN_POINT ( 'NONE',  ( 1.244429921367733005, 2.139464867081124488, -1.242982926273935806 ) ) ;
#2173 = VERTEX_POINT ( 'NONE', #1277 ) ;
#2174 = CARTESIAN_POINT ( 'NONE',  ( -1.758442677127333154, -6.548035132918874623, -0.7295695355068716470 ) ) ;
#2175 = CARTESIAN_POINT ( 'NONE',  ( -1.759290307228592365, -3.423035132918875068, 0.7275231754205363499 ) ) ;
#2176 = CARTESIAN_POINT ( 'NONE',  ( 0.9529664928947861879, 3.484757608502734971, -2.241192214958859896 ) ) ;
#2177 = CARTESIAN_POINT ( 'NONE',  ( 1.070782749433753400, 4.633898324474228225, -2.495787192698266654 ) ) ;
#2178 = ADVANCED_FACE ( 'NONE', ( #1880 ), #2576, .T. ) ;
#2179 = CYLINDRICAL_SURFACE ( 'NONE', #2051, 2.250000000000000444 ) ;
#2180 = CARTESIAN_POINT ( 'NONE',  ( 2.249999999999999556, 12.00000000000000000, 2.755455298081544778E-16 ) ) ;
#2181 = CARTESIAN_POINT ( 'NONE',  ( 2.249999999999997335, -6.701329582214889946, -2.618747852407189130E-15 ) ) ;
#2182 = CARTESIAN_POINT ( 'NONE',  ( -1.794917275451907823, -8.042468590311980137, -1.753155743969580183 ) ) ;
#2183 = ORIENTED_EDGE ( 'NONE', *, *, #1268, .T. ) ;
#2184 = CARTESIAN_POINT ( 'NONE',  ( -0.01898105538776441448, 6.981661651263872947, -2.249919936250258434 ) ) ;
#2185 = CARTESIAN_POINT ( 'NONE',  ( 0.7275231754205374601, 6.826964867081123600, 1.759290307228593475 ) ) ;
#2186 = CARTESIAN_POINT ( 'NONE',  ( 1.242982926273935584, 7.889464867081124488, 1.244429921367732339 ) ) ;
#2187 = EDGE_CURVE ( 'NONE', #900, #2462, #2276, .T. ) ;
#2188 = CARTESIAN_POINT ( 'NONE',  ( 0.9509284072362321760, 1.544161651263874280, 2.242057725680490332 ) ) ;
#2189 = CARTESIAN_POINT ( 'NONE',  ( -1.242982926273934252, -3.610535132918875512, -1.244429921367732339 ) ) ;
#2190 = FACE_OUTER_BOUND ( 'NONE', #1971, .T. ) ;
#2191 = CARTESIAN_POINT ( 'NONE',  ( -1.242982926273935806, 7.389464867081123600, -1.244429921367732339 ) ) ;
#2192 = CARTESIAN_POINT ( 'NONE',  ( -1.759290307228592587, -4.423035132918876400, 0.7275231754205364609 ) ) ;
#2193 = CARTESIAN_POINT ( 'NONE',  ( 1.244429921367734115, -4.860535132918875512, -1.242982926273935806 ) ) ;
#2194 = CARTESIAN_POINT ( 'NONE',  ( 2.250000000000001776, -9.269613470544321387, -1.605248138585507851E-15 ) ) ;
#2195 =( BOUNDED_CURVE ( )  B_SPLINE_CURVE ( 2, ( #57, #312, #2569, #2611, #13, #3910, #3955, #2286, #937, #1653, #1962, #1315, #613, #1911, #2999, #37, #1338, #2666, #1017, #2328, #134, #1720, #1382, #98, #3780, #3762, #1061, #3379, #1041, #2774, #3067, #4091, #3721, #3435, #4074, #402, #1080, #1785, #4018, #800, #780, #2396, #3457, #2090, #3132, #1403, #2414, #1439, #1359, #3742, #761, #455, #1119, #721, #438, #2352, #1761, #4037, #116, #77, #3109, #2026, #1098, #1421, #2432, #2110, #477, #2729, #1697, #2688, #4057, #420, #2372, #3043, #2708, #3701, #741, #2068, #2046, #3398, #3418, #1741, #3088, #2748, #2796, #3882, #3567, #2838, #1521, #1203, #4112, #499, #2454, #2476, #2860, #565, #2523, #1823, #182, #583, #202, #1482, #2153, #3845, #1542, #4178, #162, #1847, #2193, #2879, #1161, #3482, #3528, #821, #4131, #4195, #2134, #2544, #3864, #1806, #3505, #4155, #889, #1885, #2216, #1501, #545, #2817, #869, #1461, #3824, #2175, #844, #520, #913, #1141, #3179, #1222, #1183, #3201, #3800, #3156, #2500, #226, #3546, #1869, #3220, #247, #1264, #2565, #328, #1332, #629, #264, #1647, #1933, #3609, #3264, #3285, #2657, #1309, #2605, #4239, #1975, #6, #3905, #2992, #2633, #932, #1244, #675, #350, #3588, #308, #2235, #993, #2946, #1011, #3972, #694, #1606, #1905, #31, #286, #2301, #2258, #3924, #3241, #4261, #2582, #606, #1583, #1284, #3649, #3992, #3328, #2924, #1625, #3305, #2322, #3672, #1561, #2899, #3949, #4216, #951, #973, #2283, #3631, #653, #1957, #2967, #1075, #3016, #111, #395, #754, #715, #4068, #375, #1416, #2064, #2741, #128, #3755, #2367, #2682, #1433, #414, #1057, #1691, #2344, #2019, #1092, #2390, #72, #2704, #3696, #3372, #2765, #4085, #1376, #3410, #2408, #773, #3714, #3036, #1113, #2042, #2426, #1671, #4032, #1397, #2084, #1714, #92, #736, #3060, #2722, #4053, #3393, #4012, #3737, #3431, #1033, #3774, #1735, #433, #3081, #450, #1755, #3102, #1998, #3351, #51, #1353, #4189, #1216, #3473, #3214, #2808, #1474, #241, #1536, #1797, #1860, #815, #1494, #2873, #4123, #490, #2538, #1838, #3148, #175, #793, #2102, #1153, #3449, #469, #2468, #1777, #3540, #3817, #837, #2126, #2146, #3123, #3193, #3496, #2787, #152, #2186, #514, #559 ),
 .UNSPECIFIED., .F., .F. ) 
 B_SPLINE_CURVE_WITH_KNOTS ( ( 3, 2, 2, 2, 2, 2, 2, 2, 2, 2, 2, 2, 2, 2, 2, 2, 2, 2, 2, 2, 2, 2, 2, 2, 2, 2, 2, 2, 2, 2, 2, 2, 2, 2, 2, 2, 2, 2, 2, 2, 2, 2, 2, 2, 2, 2, 2, 2, 2, 2, 2, 2, 2, 2, 2, 2, 2, 2, 2, 2, 2, 2, 2, 2, 2, 2, 2, 2, 2, 2, 2, 2, 2, 2, 2, 2, 2, 2, 2, 2, 2, 2, 2, 2, 2, 2, 2, 2, 2, 2, 2, 2, 2, 2, 2, 2, 2, 2, 2, 2, 2, 2, 2, 2, 2, 2, 2, 2, 2, 2, 2, 2, 2, 2, 2, 2, 2, 2, 2, 2, 2, 2, 2, 2, 2, 2, 2, 2, 2, 2, 2, 2, 2, 2, 2, 2, 2, 2, 2, 2, 2, 2, 2, 2, 2, 2, 2, 2, 2, 2, 2, 2, 2, 2, 2, 2, 2, 3 ),
 ( 0.02352411775473837313, 0.02380952380952380820, 0.02976190476190476025, 0.03571428571428571230, 0.04166666666666666435, 0.04761904761904761640, 0.05357142857142856845, 0.05952380952380952051, 0.06547619047619047949, 0.07142857142857142461, 0.07738095238095238360, 0.08333333333333332871, 0.08928571428571427382, 0.09523809523809523281, 0.1011904761904761918, 0.1071428571428571230, 0.1130952380952380820, 0.1190476190476190410, 0.1250000000000000000, 0.1309523809523809590, 0.1369047619047619180, 0.1428571428571428492, 0.1488095238095238082, 0.1547619047619047672, 0.1607142857142857262, 0.1666666666666666574, 0.1726190476190476164, 0.1785714285714285754, 0.1845238095238095344, 0.1904761904761904656, 0.1964285714285714246, 0.2023809523809523836, 0.2083333333333333426, 0.2142857142857142738, 0.2202380952380952328, 0.2261904761904762196, 0.2321428571428571508, 0.2380952380952380820, 0.2440476190476190410, 0.2500000000000000000, 0.2559523809523809312, 0.2619047619047619180, 0.2678571428571428492, 0.2738095238095238360, 0.2797619047619047672, 0.2857142857142856984, 0.2916666666666666852, 0.2976190476190476719, 0.3035714285714285476, 0.3095238095238095344, 0.3154761904761904656, 0.3214285714285714524, 0.3273809523809523836, 0.3333333333333333148, 0.3392857142857143016, 0.3452380952380952328, 0.3511904761904761640, 0.3571428571428571508, 0.3630952380952380820, 0.3690476190476190688, 0.3750000000000000000, 0.3809523809523809312, 0.3869047619047619180, 0.3928571428571427937, 0.3988095238095238360, 0.4047619047619047672, 0.4107142857142856984, 0.4166666666666666852, 0.4226190476190476164, 0.4285714285714285476, 0.4345238095238095344, 0.4404761904761904656, 0.4464285714285713969, 0.4523809523809523836, 0.4583333333333333148, 0.4642857142857143016, 0.4702380952380952328, 0.4761904761904761640, 0.4821428571428571508, 0.4880952380952380820, 0.4940476190476190688, 0.5000000000000000000, 0.5059523809523809312, 0.5119047619047618625, 0.5178571428571429047, 0.5238095238095238360, 0.5297619047619047672, 0.5357142857142856984, 0.5416666666666666297, 0.5476190476190476719, 0.5535714285714286031, 0.5595238095238095344, 0.5654761904761904656, 0.5714285714285713969, 0.5773809523809523281, 0.5833333333333333703, 0.5892857142857143016, 0.5952380952380952328, 0.6011904761904761640, 0.6071428571428570953, 0.6130952380952381375, 0.6190476190476190688, 0.6250000000000000000, 0.6309523809523809312, 0.6369047619047618625, 0.6428571428571429047, 0.6488095238095238360, 0.6547619047619047672, 0.6607142857142856984, 0.6666666666666666297, 0.6726190476190476719, 0.6785714285714286031, 0.6845238095238095344, 0.6904761904761904656, 0.6964285714285713969, 0.7023809523809523281, 0.7083333333333334814, 0.7142857142857143016, 0.7202380952380952328, 0.7261904761904761640, 0.7321428571428570953, 0.7380952380952381375, 0.7440476190476190688, 0.7500000000000001110, 0.7559523809523809312, 0.7619047619047618625, 0.7678571428571429047, 0.7738095238095238360, 0.7797619047619047672, 0.7857142857142856984, 0.7916666666666665186, 0.7976190476190476719, 0.8035714285714286031, 0.8095238095238095344, 0.8154761904761904656, 0.8214285714285713969, 0.8273809523809523281, 0.8333333333333333703, 0.8392857142857143016, 0.8452380952380952328, 0.8511904761904761640, 0.8571428571428570953, 0.8630952380952381375, 0.8690476190476190688, 0.8750000000000000000, 0.8809523809523809312, 0.8869047619047618625, 0.8928571428571429047, 0.8988095238095237249, 0.9047619047619047672, 0.9107142857142856984, 0.9166666666666666297, 0.9226190476190476719, 0.9285714285714286031, 0.9345238095238095344, 0.9404761904761903546, 0.9464285714285713969, 0.9516548517285048359 ),
 .UNSPECIFIED. ) 
 CURVE ( )  GEOMETRIC_REPRESENTATION_ITEM ( )  RATIONAL_B_SPLINE_CURVE ( ( 0.9930503252925017010, 0.9963501592911847560, 1.000000000000000000, 0.9238795325112867385, 1.000000000000000000, 0.9238795325112867385, 1.000000000000000000, 0.9238795325112867385, 1.000000000000000000, 0.9238795325112867385, 1.000000000000000000, 0.9238795325112867385, 1.000000000000000000, 0.9238795325112867385, 1.000000000000000000, 0.9238795325112867385, 1.000000000000000000, 0.9238795325112867385, 1.000000000000000000, 0.9238795325112867385, 1.000000000000000000, 0.9238795325112867385, 1.000000000000000000, 0.9238795325112867385, 1.000000000000000000, 0.9238795325112867385, 1.000000000000000000, 0.9238795325112867385, 1.000000000000000000, 0.9238795325112867385, 1.000000000000000000, 0.9238795325112867385, 1.000000000000000000, 0.9238795325112867385, 1.000000000000000000, 0.9238795325112867385, 1.000000000000000000, 0.9238795325112867385, 1.000000000000000000, 0.9238795325112867385, 1.000000000000000000, 0.9238795325112867385, 1.000000000000000000, 0.9238795325112867385, 1.000000000000000000, 0.9238795325112867385, 1.000000000000000000, 0.9238795325112867385, 1.000000000000000000, 0.9238795325112867385, 1.000000000000000000, 0.9238795325112867385, 1.000000000000000000, 0.9238795325112867385, 1.000000000000000000, 0.9238795325112867385, 1.000000000000000000, 0.9238795325112867385, 1.000000000000000000, 0.9238795325112867385, 1.000000000000000000, 0.9238795325112867385, 1.000000000000000000, 0.9238795325112867385, 1.000000000000000000, 0.9238795325112867385, 1.000000000000000000, 0.9238795325112867385, 1.000000000000000000, 0.9238795325112867385, 1.000000000000000000, 0.9238795325112867385, 1.000000000000000000, 0.9238795325112867385, 1.000000000000000000, 0.9238795325112867385, 1.000000000000000000, 0.9238795325112867385, 1.000000000000000000, 0.9238795325112867385, 1.000000000000000000, 0.9238795325112867385, 1.000000000000000000, 0.9238795325112867385, 1.000000000000000000, 0.9238795325112867385, 1.000000000000000000, 0.9238795325112867385, 1.000000000000000000, 0.9238795325112867385, 1.000000000000000000, 0.9238795325112867385, 1.000000000000000000, 0.9238795325112867385, 1.000000000000000000, 0.9238795325112867385, 1.000000000000000000, 0.9238795325112867385, 1.000000000000000000, 0.9238795325112867385, 1.000000000000000000, 0.9238795325112867385, 1.000000000000000000, 0.9238795325112867385, 1.000000000000000000, 0.9238795325112867385, 1.000000000000000000, 0.9238795325112867385, 1.000000000000000000, 0.9238795325112867385, 1.000000000000000000, 0.9238795325112867385, 1.000000000000000000, 0.9238795325112867385, 1.000000000000000000, 0.9238795325112867385, 1.000000000000000000, 0.9238795325112867385, 1.000000000000000000, 0.9238795325112867385, 1.000000000000000000, 0.9238795325112867385, 1.000000000000000000, 0.9238795325112867385, 1.000000000000000000, 0.9238795325112867385, 1.000000000000000000, 0.9238795325112867385, 1.000000000000000000, 0.9238795325112867385, 1.000000000000000000, 0.9238795325112867385, 1.000000000000000000, 0.9238795325112867385, 1.000000000000000000, 0.9238795325112867385, 1.000000000000000000, 0.9238795325112867385, 1.000000000000000000, 0.9238795325112867385, 1.000000000000000000, 0.9238795325112867385, 1.000000000000000000, 0.9238795325112867385, 1.000000000000000000, 0.9238795325112867385, 1.000000000000000000, 0.9238795325112867385, 1.000000000000000000, 0.9238795325112867385, 1.000000000000000000, 0.9238795325112867385, 1.000000000000000000, 0.9238795325112867385, 1.000000000000000000, 0.9238795325112867385, 1.000000000000000000, 0.9238795325112867385, 1.000000000000000000, 0.9238795325112867385, 1.000000000000000000, 0.9238795325112867385, 1.000000000000000000, 0.9238795325112867385, 1.000000000000000000, 0.9238795325112867385, 1.000000000000000000, 0.9238795325112867385, 1.000000000000000000, 0.9238795325112867385, 1.000000000000000000, 0.9238795325112867385, 1.000000000000000000, 0.9238795325112867385, 1.000000000000000000, 0.9238795325112867385, 1.000000000000000000, 0.9238795325112867385, 1.000000000000000000, 0.9238795325112867385, 1.000000000000000000, 0.9238795325112867385, 1.000000000000000000, 0.9238795325112867385, 1.000000000000000000, 0.9238795325112867385, 1.000000000000000000, 0.9238795325112867385, 1.000000000000000000, 0.9238795325112867385, 1.000000000000000000, 0.9238795325112867385, 1.000000000000000000, 0.9238795325112867385, 1.000000000000000000, 0.9238795325112867385, 1.000000000000000000, 0.9238795325112867385, 1.000000000000000000, 0.9238795325112867385, 1.000000000000000000, 0.9238795325112867385, 1.000000000000000000, 0.9238795325112867385, 1.000000000000000000, 0.9238795325112867385, 1.000000000000000000, 0.9238795325112867385, 1.000000000000000000, 0.9238795325112867385, 1.000000000000000000, 0.9238795325112867385, 1.000000000000000000, 0.9238795325112867385, 1.000000000000000000, 0.9238795325112867385, 1.000000000000000000, 0.9238795325112867385, 1.000000000000000000, 0.9238795325112867385, 1.000000000000000000, 0.9238795325112867385, 1.000000000000000000, 0.9238795325112867385, 1.000000000000000000, 0.9238795325112867385, 1.000000000000000000, 0.9238795325112867385, 1.000000000000000000, 0.9238795325112867385, 1.000000000000000000, 0.9238795325112867385, 1.000000000000000000, 0.9238795325112867385, 1.000000000000000000, 0.9238795325112867385, 1.000000000000000000, 0.9238795325112867385, 1.000000000000000000, 0.9238795325112867385, 1.000000000000000000, 0.9238795325112867385, 1.000000000000000000, 0.9238795325112867385, 1.000000000000000000, 0.9238795325112867385, 1.000000000000000000, 0.9238795325112867385, 1.000000000000000000, 0.9238795325112867385, 1.000000000000000000, 0.9238795325112867385, 1.000000000000000000, 0.9238795325112867385, 1.000000000000000000, 0.9238795325112867385, 1.000000000000000000, 0.9238795325112867385, 1.000000000000000000, 0.9238795325112867385, 1.000000000000000000, 0.9238795325112867385, 1.000000000000000000, 0.9238795325112867385, 1.000000000000000000, 0.9238795325112867385, 1.000000000000000000, 0.9238795325112867385, 1.000000000000000000, 0.9238795325112867385, 1.000000000000000000, 0.9238795325112867385, 1.000000000000000000, 0.9238795325112867385, 1.000000000000000000, 0.9238795325112867385, 1.000000000000000000, 0.9238795325112867385, 1.000000000000000000, 0.9238795325112867385, 1.000000000000000000, 0.9238795325112867385, 1.000000000000000000, 0.9238795325112867385, 1.000000000000000000, 0.9238795325112867385, 1.000000000000000000, 0.9238795325112867385, 1.000000000000000000, 0.9238795325112867385, 1.000000000000000000, 0.9238795325112867385, 1.000000000000000000, 0.9238795325112867385, 1.000000000000000000, 0.9238795325112867385, 1.000000000000000000, 0.9238795325112867385, 1.000000000000000000, 0.9238795325112867385, 1.000000000000000000, 0.9238795325112867385, 1.000000000000000000, 0.9238795325112867385, 1.000000000000000000, 0.9238795325112867385, 1.000000000000000000, 0.9238795325112867385, 1.000000000000000000, 0.9238795325112867385, 1.000000000000000000, 0.9238795325112867385, 1.000000000000000000, 0.9331650808574580847, 0.9836942968590531855 ) ) 
 REPRESENTATION_ITEM ( '' )  );
#2196 = CARTESIAN_POINT ( 'NONE',  ( -2.508866492177964425, 8.082531409688019863, 0.02952986210389053900 ) ) ;
#2197 = CARTESIAN_POINT ( 'NONE',  ( -1.070782749433754510, 7.133898324474226449, 2.495787192698265766 ) ) ;
#2198 = AXIS2_PLACEMENT_3D ( 'NONE', #66, #1146, #3366 ) ;
#2199 = CARTESIAN_POINT ( 'NONE',  ( -0.1275912268129228422, -11.33557550722774643, 1.914263689530409485 ) ) ;
#2200 = ADVANCED_FACE ( 'NONE', ( #3297 ), #320, .F. ) ;
#2201 = CARTESIAN_POINT ( 'NONE',  ( -2.249999999999999556, 5.230386529455679501, 1.715545315126795680E-15 ) ) ;
#2202 = CARTESIAN_POINT ( 'NONE',  ( -0.02102667456217060388, 2.047257608502735415, 2.249901748734116858 ) ) ;
#2203 = VECTOR ( 'NONE', #1951, 1000.000000000000000 ) ;
#2204 = CARTESIAN_POINT ( 'NONE',  ( -1.068736389347414661, -6.104968590311980137, -2.496634822799525200 ) ) ;
#2205 = EDGE_LOOP ( 'NONE', ( #4142, #676, #3798, #2057 ) ) ;
#2206 = CARTESIAN_POINT ( 'NONE',  ( 1.604355277028127968, 7.606661651263874724, 1.577512011070596687 ) ) ;
#2207 = CARTESIAN_POINT ( 'NONE',  ( 1.070782749433755177, -8.366101675525772663, -2.495787192698266654 ) ) ;
#2208 = LINE ( 'NONE', #3561, #1391 ) ;
#2209 = VECTOR ( 'NONE', #3917, 1000.000000000000000 ) ;
#2210 = CARTESIAN_POINT ( 'NONE',  ( -2.249999999999997780, -7.769613470544320499, 1.360897470555578513E-15 ) ) ;
#2211 = CARTESIAN_POINT ( 'NONE',  ( 0.7275231754205385704, -4.173035132918875512, 1.759290307228593475 ) ) ;
#2212 = CARTESIAN_POINT ( 'NONE',  ( 2.249919936250260655, -8.268338348736126164, -0.01898105538776452897 ) ) ;
#2213 = CARTESIAN_POINT ( 'NONE',  ( 1.758442677127334264, 5.951964867081126265, 0.7295695355068724242 ) ) ;
#2214 = CARTESIAN_POINT ( 'NONE',  ( 1.758442677127335374, 0.9519648670811252655, 0.7295695355068725352 ) ) ;
#2215 = EDGE_CURVE ( 'NONE', #2993, #1562, #3717, .T. ) ;
#2216 = CARTESIAN_POINT ( 'NONE',  ( 1.244429921367733893, -3.860535132918875512, -1.242982926273935806 ) ) ;
#2217 = CARTESIAN_POINT ( 'NONE',  ( 1.577512011070598907, -9.143338348736127941, -1.604355277028128191 ) ) ;
#2218 = ORIENTED_EDGE ( 'NONE', *, *, #2617, .T. ) ;
#2219 = CARTESIAN_POINT ( 'NONE',  ( 1.070782749433753400, 8.633898324474227337, -2.495787192698266654 ) ) ;
#2220 = DIRECTION ( 'NONE',  ( -1.332253022117619153E-16, 1.000000000000000000, -0.000000000000000000 ) ) ;
#2221 =( BOUNDED_CURVE ( )  B_SPLINE_CURVE ( 2, ( #2143, #3492, #901, #4166, #508, #1812, #1772, #1448, #1489, #1534, #1128 ),
 .UNSPECIFIED., .F., .F. ) 
 B_SPLINE_CURVE_WITH_KNOTS ( ( 3, 2, 2, 2, 2, 3 ),
 ( 0.2143512687683446771, 0.2202380952380952328, 0.2261904761904761640, 0.2321428571428570953, 0.2380952380952380265, 0.2381607925778684021 ),
 .UNSPECIFIED. ) 
 CURVE ( )  GEOMETRIC_REPRESENTATION_ITEM ( )  RATIONAL_B_SPLINE_CURVE ( ( 0.9983418125108568519, 0.9247178588724059844, 1.000000000000000000, 0.9238795325112867385, 1.000000000000000000, 0.9238795325112867385, 1.000000000000000000, 0.9238795325112867385, 1.000000000000000000, 0.9991616736388808651, 0.9983418125108569630 ) ) 
 REPRESENTATION_ITEM ( '' )  );
#2222 = CARTESIAN_POINT ( 'NONE',  ( 2.241192214958861673, -6.765242391497264585, 0.9529664928947871871 ) ) ;
#2223 = CARTESIAN_POINT ( 'NONE',  ( -0.02102667456217034020, 0.04725760850273539454, 2.249901748734116858 ) ) ;
#2224 = CARTESIAN_POINT ( 'NONE',  ( 2.495787192698266654, -2.616101675525771775, 1.070782749433754732 ) ) ;
#2225 = CARTESIAN_POINT ( 'NONE',  ( 2.521098161556404538, -6.479968590311980137, 1.009676665139636276 ) ) ;
#2226 = ORIENTED_EDGE ( 'NONE', *, *, #824, .F. ) ;
#2227 = CARTESIAN_POINT ( 'NONE',  ( -2.242057725680490332, -0.7058383487361262754, 0.9509284072362306217 ) ) ;
#2228 = CARTESIAN_POINT ( 'NONE',  ( 1.751708748875783206, -8.678601675525772663, 1.796364270545708353 ) ) ;
#2229 = CARTESIAN_POINT ( 'NONE',  ( 2.250000000000001332, 0.7310251910324359059, -0.009490696551820264684 ) ) ;
#2230 = CARTESIAN_POINT ( 'NONE',  ( 2.249999999999988898, -5.331582707743597105, 0.9208808658774283451 ) ) ;
#2231 = ORIENTED_EDGE ( 'NONE', *, *, #2069, .F. ) ;
#2232 = CARTESIAN_POINT ( 'NONE',  ( 2.242057725680493441, -8.205838348736126164, -0.9509284072362309548 ) ) ;
#2233 = CARTESIAN_POINT ( 'NONE',  ( 1.758866492177963980, 8.014464867081125377, 0.001023180043167258016 ) ) ;
#2234 = CARTESIAN_POINT ( 'NONE',  ( 0.7275231754205383483, -2.173035132918875956, 1.759290307228593475 ) ) ;
#2235 = CARTESIAN_POINT ( 'NONE',  ( 0.001023180043168370407, -0.7355351329188762888, -1.758866492177963980 ) ) ;
#2236 = CARTESIAN_POINT ( 'NONE',  ( -2.249999999999998668, -2.768974808967565870, 0.009490696551811964032 ) ) ;
#2237 = ORIENTED_EDGE ( 'NONE', *, *, #2510, .F. ) ;
#2238 = CARTESIAN_POINT ( 'NONE',  ( 1.751708748875780985, 7.321398324474226449, 1.796364270545708353 ) ) ;
#2239 = CARTESIAN_POINT ( 'NONE',  ( -2.249999999999993339, -7.202037336063080275, -0.01051356683023091897 ) ) ;
#2240 = CARTESIAN_POINT ( 'NONE',  ( 2.249999999999996003, 2.298670417785110942, -1.036637192644401631E-14 ) ) ;
#2241 = CARTESIAN_POINT ( 'NONE',  ( 0.9109131437704448553, 5.109757608502736304, 2.258611282509372931 ) ) ;
#2242 = EDGE_CURVE ( 'NONE', #532, #200, #2139, .T. ) ;
#2243 = CARTESIAN_POINT ( 'NONE',  ( 1.751708748875782540, -2.678601675525771775, 1.796364270545708353 ) ) ;
#2244 = ORIENTED_EDGE ( 'NONE', *, *, #2436, .T. ) ;
#2245 =( BOUNDED_CURVE ( )  B_SPLINE_CURVE ( 2, ( #3605, #347, #3668, #4010, #3301 ),
 .UNSPECIFIED., .F., .F. ) 
 B_SPLINE_CURVE_WITH_KNOTS ( ( 3, 2, 3 ),
 ( 0.9048274592445352260, 0.9107142857142856984, 0.9157517669572388108 ),
 .UNSPECIFIED. ) 
 CURVE ( )  GEOMETRIC_REPRESENTATION_ITEM ( )  RATIONAL_B_SPLINE_CURVE ( ( 0.9983418125108547425, 0.9247178588724069837, 1.000000000000000000, 0.9355794882338915874, 0.9801967286813426661 ) ) 
 REPRESENTATION_ITEM ( '' )  );
#2246 = CARTESIAN_POINT ( 'NONE',  ( 1.009676665139636498, -5.229968590311980137, -2.521098161556404094 ) ) ;
#2247 = CARTESIAN_POINT ( 'NONE',  ( -0.9129662964607021536, -0.5808383487361260533, 2.257782146820025204 ) ) ;
#2248 = CARTESIAN_POINT ( 'NONE',  ( 1.751708748875783206, -7.678601675525772663, 1.796364270545708353 ) ) ;
#2249 = EDGE_CURVE ( 'NONE', #1944, #1328, #828, .T. ) ;
#2250 = CARTESIAN_POINT ( 'NONE',  ( -2.249999999999997335, 6.168417292256406448, -0.9208808658774171318 ) ) ;
#2251 = FACE_OUTER_BOUND ( 'NONE', #1158, .T. ) ;
#2252 = ORIENTED_EDGE ( 'NONE', *, *, #421, .T. ) ;
#2253 = CARTESIAN_POINT ( 'NONE',  ( -2.242057725680490332, 2.294161651263875168, 0.9509284072362306217 ) ) ;
#2254 = AXIS2_PLACEMENT_3D ( 'NONE', #4002, #1363, #1021 ) ;
#2255 = CARTESIAN_POINT ( 'NONE',  ( 2.508866492177966645, -10.41746859031198014, -0.02952986210389084779 ) ) ;
#2256 = CARTESIAN_POINT ( 'NONE',  ( 0.001023180043167570916, 5.264464867081125377, -1.758866492177963980 ) ) ;
#2257 = CARTESIAN_POINT ( 'NONE',  ( 1.244429921367733449, 0.1394648670811245161, -1.242982926273935806 ) ) ;
#2258 = CARTESIAN_POINT ( 'NONE',  ( 1.758442677127335374, -0.04803513291887565040, 0.7295695355068724242 ) ) ;
#2259 = CARTESIAN_POINT ( 'NONE',  ( 2.250000000000001776, -10.26961347054432139, -1.649367009202023179E-15 ) ) ;
#2260 = CARTESIAN_POINT ( 'NONE',  ( 1.759290307228596140, -9.923035132918874623, -0.7275231754205366830 ) ) ;
#2261 = CARTESIAN_POINT ( 'NONE',  ( -1.007630305053297981, 7.758898324474228225, -2.521945791657662639 ) ) ;
#2262 = CARTESIAN_POINT ( 'NONE',  ( -2.249999999999994227, -3.201329582214889058, 1.048517448617733223E-14 ) ) ;
#2263 = CARTESIAN_POINT ( 'NONE',  ( 1.244429921367734782, -9.860535132918876400, -1.242982926273935806 ) ) ;
#2264 = ADVANCED_FACE ( 'NONE', ( #1445 ), #1126, .T. ) ;
#2265 = CARTESIAN_POINT ( 'NONE',  ( -1.763020459102214499, -11.48657040560006593, -0.04392020185077752381 ) ) ;
#2266 = VECTOR ( 'NONE', #2117, 1000.000000000000000 ) ;
#2267 = CARTESIAN_POINT ( 'NONE',  ( -2.241192214958857676, -9.265242391497263696, -0.9529664928947859659 ) ) ;
#2268 = CARTESIAN_POINT ( 'NONE',  ( 0.03157622219022915983, -4.303601675525772663, -2.508866492177964425 ) ) ;
#2269 = VERTEX_POINT ( 'NONE', #3691 ) ;
#2270 = ORIENTED_EDGE ( 'NONE', *, *, #3555, .T. ) ;
#2271 = CARTESIAN_POINT ( 'NONE',  ( -2.508866492177963536, -0.9174685903119810249, 0.02952986210389053900 ) ) ;
#2272 = AXIS2_PLACEMENT_3D ( 'NONE', #1736, #3082, #2766 ) ;
#2273 = CARTESIAN_POINT ( 'NONE',  ( 0.01898105538776442489, 4.481661651263874724, 2.249919936250258434 ) ) ;
#2274 = CARTESIAN_POINT ( 'NONE',  ( 1.007630305053300646, -8.741101675525770887, 2.521945791657662195 ) ) ;
#2275 = CC_DESIGN_APPROVAL ( #225, ( #3430 ) ) ;
#2276 = LINE ( 'NONE', #3624, #2006 ) ;
#2277 = CARTESIAN_POINT ( 'NONE',  ( 1.170042884257772142, -11.06984182787290116, -1.845963836232162203 ) ) ;
#2278 = ORIENTED_EDGE ( 'NONE', *, *, #3909, .T. ) ;
#2279 = CARTESIAN_POINT ( 'NONE',  ( -2.249999999999994671, -0.2013295822148897518, 1.048517448617733223E-14 ) ) ;
#2280 = CARTESIAN_POINT ( 'NONE',  ( 1.794917275451911598, -9.542468590311981913, 1.753155743969580405 ) ) ;
#2281 = CARTESIAN_POINT ( 'NONE',  ( -2.241192214958859452, -2.265242391497265029, -0.9529664928947859659 ) ) ;
#2282 = CARTESIAN_POINT ( 'NONE',  ( -1.758442677127333376, -2.548035132918876400, -0.7295695355068716470 ) ) ;
#2283 = CARTESIAN_POINT ( 'NONE',  ( -0.7275231754205360168, 1.326964867081123822, -1.759290307228593475 ) ) ;
#2284 = CARTESIAN_POINT ( 'NONE',  ( 2.250000000000000000, 4.730386529455679501, -1.605248138585507851E-15 ) ) ;
#2285 = CARTESIAN_POINT ( 'NONE',  ( 2.249999999999996447, 1.298670417785111386, -1.076011755298871693E-14 ) ) ;
#2286 = CARTESIAN_POINT ( 'NONE',  ( 0.7275231754205395696, -11.17303513291887462, 1.759290307228593475 ) ) ;
#2287 = DIRECTION ( 'NONE',  ( -1.000000000000000000, 0.000000000000000000, 0.000000000000000000 ) ) ;
#2288 = CARTESIAN_POINT ( 'NONE',  ( -0.03157622219022696713, -0.8036016755257717747, 2.508866492177964425 ) ) ;
#2289 = CARTESIAN_POINT ( 'NONE',  ( 0.9129662964607032638, -1.080838348736126608, -2.257782146820025648 ) ) ;
#2290 = ORIENTED_EDGE ( 'NONE', *, *, #2983, .T. ) ;
#2291 = CARTESIAN_POINT ( 'NONE',  ( 1.794917275451910488, -1.542468590311979915, 1.753155743969580405 ) ) ;
#2292 = CARTESIAN_POINT ( 'NONE',  ( 1.009676665139635166, 4.770031409688020752, -2.521098161556404094 ) ) ;
#2293 = LINE ( 'NONE', #2936, #903 ) ;
#2294 = CARTESIAN_POINT ( 'NONE',  ( 2.508866492177966645, -9.553601675525772663, 0.03157622219022752225 ) ) ;
#2295 = CARTESIAN_POINT ( 'NONE',  ( 1.750977470052398788, 7.999999999998697042, 0.1664039770339539315 ) ) ;
#2296 = CARTESIAN_POINT ( 'NONE',  ( -6.919358041228400441E-16, 12.00000000000000000, 0.000000000000000000 ) ) ;
#2297 = EDGE_CURVE ( 'NONE', #846, #832, #3984, .T. ) ;
#2298 = CARTESIAN_POINT ( 'NONE',  ( -2.249999999999998224, -5.769613470544320499, 1.540766712299831859E-15 ) ) ;
#2299 = CARTESIAN_POINT ( 'NONE',  ( -1.068736389347413773, -11.10496859031198191, -2.496634822799525200 ) ) ;
#2300 = CARTESIAN_POINT ( 'NONE',  ( -1.759290307228593253, -2.423035132918876400, 0.7275231754205364609 ) ) ;
#2301 = CARTESIAN_POINT ( 'NONE',  ( 1.242982926273936473, -0.1105351329188757059, 1.244429921367732339 ) ) ;
#2302 = ORIENTED_EDGE ( 'NONE', *, *, #3644, .T. ) ;
#2303 = CARTESIAN_POINT ( 'NONE',  ( -1.604355277028126858, -2.893338348736126608, -1.577512011070596687 ) ) ;
#2304 = CARTESIAN_POINT ( 'NONE',  ( 1.759290307228596140, -10.92303513291887462, -0.7275231754205366830 ) ) ;
#2305 = CARTESIAN_POINT ( 'NONE',  ( 1.576052679364653208, -4.827742391497264585, 1.605788887702079837 ) ) ;
#2306 = CARTESIAN_POINT ( 'NONE',  ( -2.249919936250257102, -1.768338348736125498, 0.01898105538776425488 ) ) ;
#2307 = CARTESIAN_POINT ( 'NONE',  ( 1.759290307228596362, -10.92303513291887462, -0.7275231754205367940 ) ) ;
#2308 = CARTESIAN_POINT ( 'NONE',  ( -2.249999999999994671, 0.7979626639369177266, -0.01051356683023896288 ) ) ;
#2309 = CARTESIAN_POINT ( 'NONE',  ( -2.249999999999994227, -1.201329582214889058, 1.048517448617733223E-14 ) ) ;
#2310 = CARTESIAN_POINT ( 'NONE',  ( -1.007630305053296427, -3.241101675525772219, -2.521945791657662639 ) ) ;
#2311 = LINE ( 'NONE', #3683, #4130 ) ;
#2312 = ORIENTED_EDGE ( 'NONE', *, *, #2726, .F. ) ;
#2313 = CARTESIAN_POINT ( 'NONE',  ( -1.009676665139634721, -3.729968590311980137, 2.521098161556403650 ) ) ;
#2314 = CARTESIAN_POINT ( 'NONE',  ( 0.02952986210389085125, 3.332531409688019419, 2.508866492177964425 ) ) ;
#2315 = CARTESIAN_POINT ( 'NONE',  ( 1.007630305053300201, -4.741101675525772663, 2.521945791657662195 ) ) ;
#2316 = DIRECTION ( 'NONE',  ( -1.332253022117619153E-16, 1.000000000000000000, -0.000000000000000000 ) ) ;
#2317 = CARTESIAN_POINT ( 'NONE',  ( -6.919358041228400441E-16, 12.00000000000000000, 0.000000000000000000 ) ) ;
#2318 = VERTEX_POINT ( 'NONE', #1810 ) ;
#2319 = CARTESIAN_POINT ( 'NONE',  ( -1.577512011070596243, 2.356661651263874724, 1.604355277028128191 ) ) ;
#2320 = CARTESIAN_POINT ( 'NONE',  ( -0.02952986210388829774, -11.16746859031198191, -2.508866492177964425 ) ) ;
#2321 = CARTESIAN_POINT ( 'NONE',  ( -1.244429921367731895, 2.639464867081124932, 1.242982926273935806 ) ) ;
#2322 = CARTESIAN_POINT ( 'NONE',  ( 0.7275231754205379042, 0.8269648670811252655, 1.759290307228593475 ) ) ;
#2323 = VECTOR ( 'NONE', #1680, 1000.000000000000000 ) ;
#2324 = CARTESIAN_POINT ( 'NONE',  ( 0.7275231754205393475, -10.17303513291887640, 1.759290307228593475 ) ) ;
#2325 = CARTESIAN_POINT ( 'NONE',  ( 2.249999999999997335, -4.701329582214890834, 5.529410565873372312E-15 ) ) ;
#2326 = CARTESIAN_POINT ( 'NONE',  ( 0.9509284072362325091, -1.455838348736124832, 2.242057725680490332 ) ) ;
#2327 = CARTESIAN_POINT ( 'NONE',  ( 0.001023180043169430323, -8.735535132918876400, -1.758866492177964203 ) ) ;
#2328 = CARTESIAN_POINT ( 'NONE',  ( -1.759290307228591477, -10.42303513291887640, 0.7275231754205363499 ) ) ;
#2329 = CARTESIAN_POINT ( 'NONE',  ( 1.794917275451910044, 2.457531409688020307, 1.753155743969580405 ) ) ;
#2330 = CARTESIAN_POINT ( 'NONE',  ( 2.241192214958861673, -0.7652423914972634744, 0.9529664928947871871 ) ) ;
#2331 = CARTESIAN_POINT ( 'NONE',  ( 1.070782749433753844, 1.633898324474226893, -2.495787192698266654 ) ) ;
#2332 = FACE_OUTER_BOUND ( 'NONE', #1666, .T. ) ;
#2333 = EDGE_LOOP ( 'NONE', ( #2440, #4233, #3057 ) ) ;
#2334 = EDGE_CURVE ( 'NONE', #445, #2940, #3116, .T. ) ;
#2335 = CARTESIAN_POINT ( 'NONE',  ( 0.02952986210389058411, 5.332531409688020752, 2.508866492177964425 ) ) ;
#2336 =( LENGTH_UNIT ( ) NAMED_UNIT ( * ) SI_UNIT ( .MILLI., .METRE. ) );
#2337 = CARTESIAN_POINT ( 'NONE',  ( 2.521945791657664415, -4.491101675525771775, -1.007630305053297981 ) ) ;
#2338 = CARTESIAN_POINT ( 'NONE',  ( -1.604355277028126636, -3.893338348736125720, -1.577512011070596687 ) ) ;
#2339 = DIRECTION ( 'NONE',  ( -1.000000000000000000, 0.000000000000000000, 0.000000000000000000 ) ) ;
#2340 = ORIENTED_EDGE ( 'NONE', *, *, #972, .T. ) ;
#2341 = CARTESIAN_POINT ( 'NONE',  ( 0.8721452911862231927, 8.000000000000005329, -1.933414230921330024 ) ) ;
#2342 = AXIS2_PLACEMENT_3D ( 'NONE', #2317, #3966, #1258 ) ;
#2343 = CARTESIAN_POINT ( 'NONE',  ( 0.7295695355068722021, 2.201964867081124044, -1.758442677127334708 ) ) ;
#2344 = CARTESIAN_POINT ( 'NONE',  ( 0.7275231754205376822, 2.826964867081125377, 1.759290307228593475 ) ) ;
#2345 = APPROVAL_PERSON_ORGANIZATION ( #852, #531, #2509 ) ;
#2346 = CARTESIAN_POINT ( 'NONE',  ( -2.249999999999994227, -1.201329582214889058, 1.048517448617733223E-14 ) ) ;
#2347 = CARTESIAN_POINT ( 'NONE',  ( -1.759290307228591255, -11.42303513291887640, 0.7275231754205363499 ) ) ;
#2348 = FACE_OUTER_BOUND ( 'NONE', #856, .T. ) ;
#2349 = CARTESIAN_POINT ( 'NONE',  ( 1.758866492177965091, 0.01446486708112440511, 0.001023180043167258016 ) ) ;
#2350 = CARTESIAN_POINT ( 'NONE',  ( -0.7295695355068702037, -9.298035132918872847, 1.758442677127334264 ) ) ;
#2351 = ADVANCED_FACE ( 'NONE', ( #731 ), #1347, .F. ) ;
#2352 = CARTESIAN_POINT ( 'NONE',  ( 0.7275231754205391255, -8.173035132918876400, 1.759290307228593475 ) ) ;
#2353 = CARTESIAN_POINT ( 'NONE',  ( 0.9529664928947880753, -9.515242391497263696, -2.241192214958859896 ) ) ;
#2354 = CARTESIAN_POINT ( 'NONE',  ( 0.03157622219022862553, -0.3036016755257730515, -2.508866492177964425 ) ) ;
#2355 = CIRCLE ( 'NONE', #2991, 3.499999999999999556 ) ;
#2356 = CARTESIAN_POINT ( 'NONE',  ( 1.577512011070597575, -1.143338348736126608, -1.604355277028128191 ) ) ;
#2357 = EDGE_CURVE ( 'NONE', #4028, #3368, #2056, .T. ) ;
#2358 = ORIENTED_EDGE ( 'NONE', *, *, #3940, .F. ) ;
#2359 = CARTESIAN_POINT ( 'NONE',  ( -2.521098161556402317, -3.979968590311980137, -1.009676665139634943 ) ) ;
#2360 = CARTESIAN_POINT ( 'NONE',  ( 1.605788887702081391, -8.577742391497263696, -1.576052679364651876 ) ) ;
#2361 = CARTESIAN_POINT ( 'NONE',  ( 1.070782749433754732, -5.366101675525772663, -2.495787192698266654 ) ) ;
#2362 =( BOUNDED_CURVE ( )  B_SPLINE_CURVE ( 2, ( #217, #4146, #535, #861, #1513, #2446, #3170, #3792, #194 ),
 .UNSPECIFIED., .F., .F. ) 
 B_SPLINE_CURVE_WITH_KNOTS ( ( 3, 2, 2, 2, 3 ),
 ( 0.9284988154429083540, 0.9285714285714286031, 0.9345238095238095344, 0.9404761904761904656, 0.9427526509552308642 ),
 .UNSPECIFIED. ) 
 CURVE ( )  GEOMETRIC_REPRESENTATION_ITEM ( )  RATIONAL_B_SPLINE_CURVE ( ( 0.9981654678299741734, 0.9990714059914850287, 1.000000000000000000, 0.9238795325112867385, 1.000000000000000000, 0.9238795325112867385, 1.000000000000000000, 0.9708880803714652341, 0.9640435979360595375 ) ) 
 REPRESENTATION_ITEM ( '' )  );
#2363 = CARTESIAN_POINT ( 'NONE',  ( -1.590345952757923828E-16, 8.000000000000000000, 0.000000000000000000 ) ) ;
#2364 = ORIENTED_EDGE ( 'NONE', *, *, #2631, .F. ) ;
#2365 = CARTESIAN_POINT ( 'NONE',  ( 2.249999999999984901, 5.360582036649071291, -0.9196868998405862694 ) ) ;
#2366 = CARTESIAN_POINT ( 'NONE',  ( -1.758442677127334264, 4.451964867081125377, -0.7295695355068716470 ) ) ;
#2367 = CARTESIAN_POINT ( 'NONE',  ( -1.758442677127333820, 2.451964867081124932, -0.7295695355068715360 ) ) ;
#2368 = CARTESIAN_POINT ( 'NONE',  ( 0.9016057666601553500, 7.999999999999998224, 1.835752959662242390 ) ) ;
#2369 = CARTESIAN_POINT ( 'NONE',  ( 1.759290307228595251, -6.923035132918875512, -0.7275231754205366830 ) ) ;
#2370 = CYLINDRICAL_SURFACE ( 'NONE', #3252, 2.250000000000000444 ) ;
#2371 = CARTESIAN_POINT ( 'NONE',  ( 1.758442677127335374, -1.048035132918874845, 0.7295695355068724242 ) ) ;
#2372 = CARTESIAN_POINT ( 'NONE',  ( 1.242982926273937361, -7.110535132918875512, 1.244429921367732339 ) ) ;
#2373 = CARTESIAN_POINT ( 'NONE',  ( -2.250000000000001332, 12.00000000000000000, 0.000000000000000000 ) ) ;
#2374 = EDGE_CURVE ( 'NONE', #1171, #1943, #3080, .T. ) ;
#2375 = CARTESIAN_POINT ( 'NONE',  ( -1.794917275451909822, 6.957531409688018975, -1.753155743969580183 ) ) ;
#2376 = CARTESIAN_POINT ( 'NONE',  ( 1.070782749433753622, 2.633898324474228669, -2.495787192698266654 ) ) ;
#2377 = FACE_BOUND ( 'NONE', #3810, .T. ) ;
#2378 = ORIENTED_EDGE ( 'NONE', *, *, #2837, .F. ) ;
#2379 = CARTESIAN_POINT ( 'NONE',  ( -0.9109131437704437451, 6.609757608502734527, -2.258611282509372931 ) ) ;
#2380 = CARTESIAN_POINT ( 'NONE',  ( -1.753155743969579516, 1.207531409688019197, 1.794917275451909822 ) ) ;
#2381 = CARTESIAN_POINT ( 'NONE',  ( -1.794917275451909155, 2.957531409688018975, -1.753155743969580183 ) ) ;
#2382 = DIRECTION ( 'NONE',  ( 1.000000000000000000, 0.000000000000000000, 0.000000000000000000 ) ) ;
#2383 = VERTEX_POINT ( 'NONE', #1768 ) ;
#2384 = CARTESIAN_POINT ( 'NONE',  ( -6.919358041228400441E-16, 12.00000000000000000, 0.000000000000000000 ) ) ;
#2385 = ORIENTED_EDGE ( 'NONE', *, *, #1804, .F. ) ;
#2386 = CYLINDRICAL_SURFACE ( 'NONE', #980, 2.250000000000000444 ) ;
#2387 = CARTESIAN_POINT ( 'NONE',  ( -0.7275231754205361279, 1.326964867081123600, -1.759290307228593475 ) ) ;
#2388 = EDGE_CURVE ( 'NONE', #2940, #3900, #3114, .T. ) ;
#2389 =( BOUNDED_CURVE ( )  B_SPLINE_CURVE ( 2, ( #2095, #2141, #3551, #2481, #2821, #2458, #503, #3827, #1851 ),
 .UNSPECIFIED., .F., .F. ) 
 B_SPLINE_CURVE_WITH_KNOTS ( ( 3, 2, 2, 2, 3 ),
 ( 0.01098986219533393260, 0.01190476190476186247, 0.01785714285714279370, 0.02380952380952383596, 0.02387507829215421151 ),
 .UNSPECIFIED. ) 
 CURVE ( )  GEOMETRIC_REPRESENTATION_ITEM ( )  RATIONAL_B_SPLINE_CURVE ( ( 0.9801967286813406677, 0.9883000442773937078, 1.000000000000000000, 0.9238795325112867385, 1.000000000000000000, 0.9238795325112867385, 1.000000000000000000, 0.9991616736388806430, 0.9983418125108565189 ) ) 
 REPRESENTATION_ITEM ( '' )  );
#2390 = CARTESIAN_POINT ( 'NONE',  ( 1.758866492177964647, 3.014464867081123600, 0.001023180043167258016 ) ) ;
#2391 = CARTESIAN_POINT ( 'NONE',  ( -0.9129662964607012654, -9.580838348736124388, 2.257782146820025204 ) ) ;
#2392 = CARTESIAN_POINT ( 'NONE',  ( -1.244429921367730341, -7.360535132918876400, 1.242982926273935806 ) ) ;
#2393 = FACE_OUTER_BOUND ( 'NONE', #2653, .T. ) ;
#2394 = CARTESIAN_POINT ( 'NONE',  ( 0.7295695355068722021, 1.201964867081123600, -1.758442677127334486 ) ) ;
#2395 = CARTESIAN_POINT ( 'NONE',  ( 1.758442677127336262, -7.048035132918875512, 0.7295695355068725352 ) ) ;
#2396 = CARTESIAN_POINT ( 'NONE',  ( 1.758442677127336262, -9.048035132918876400, 0.7295695355068724242 ) ) ;
#2397 = CARTESIAN_POINT ( 'NONE',  ( 0.9109131437704448553, 4.109757608502735415, 2.258611282509372931 ) ) ;
#2398 = CARTESIAN_POINT ( 'NONE',  ( 2.508866492177965313, 0.4463983244742276146, 0.03157622219022752225 ) ) ;
#2399 = CARTESIAN_POINT ( 'NONE',  ( -2.249999999999994671, 0.7986704177851110531, 1.048517448617733223E-14 ) ) ;
#2400 = CARTESIAN_POINT ( 'NONE',  ( -1.794917275451908933, -0.04246859031198021994, -1.753155743969580183 ) ) ;
#2401 = DIRECTION ( 'NONE',  ( 0.000000000000000000, 0.000000000000000000, 1.000000000000000000 ) ) ;
#2402 = ORIENTED_EDGE ( 'NONE', *, *, #105, .T. ) ;
#2403 = VECTOR ( 'NONE', #2780, 1000.000000000000000 ) ;
#2404 = CARTESIAN_POINT ( 'NONE',  ( -2.249999999999998224, -2.769613470544321387, 1.360897470555578513E-15 ) ) ;
#2405 = ORIENTED_EDGE ( 'NONE', *, *, #4105, .T. ) ;
#2406 = DIRECTION ( 'NONE',  ( -1.000000000000000000, 0.000000000000000000, 0.000000000000000000 ) ) ;
#2407 = CARTESIAN_POINT ( 'NONE',  ( -1.758866492177963536, 2.514464867081124932, -0.001023180043167467483 ) ) ;
#2408 = CARTESIAN_POINT ( 'NONE',  ( -1.759290307228593475, 3.576964867081124488, 0.7275231754205363499 ) ) ;
#2409 = CARTESIAN_POINT ( 'NONE',  ( 2.249999999999997335, -1.701329582214890168, 5.529410565873372312E-15 ) ) ;
#2410 = CARTESIAN_POINT ( 'NONE',  ( 1.758866492177965757, -5.985535132918875512, 0.001023180043167258016 ) ) ;
#2411 = CONICAL_SURFACE ( 'NONE', #2839, 3.250000000000005773, 0.7853981633974457255 ) ;
#2412 = DIRECTION ( 'NONE',  ( -1.332253022117619153E-16, 1.000000000000000000, -0.000000000000000000 ) ) ;
#2413 = CARTESIAN_POINT ( 'NONE',  ( -0.7295695355068713139, -0.2980351329188759002, 1.758442677127334042 ) ) ;
#2414 = CARTESIAN_POINT ( 'NONE',  ( 0.001023180043169436178, -8.735535132918876400, -1.758866492177963980 ) ) ;
#2415 = CARTESIAN_POINT ( 'NONE',  ( -0.6833390021460223895, 8.000000000000003553, 2.143722885110401766 ) ) ;
#2416 = CARTESIAN_POINT ( 'NONE',  ( 2.521945791657663527, 2.508898324474228225, -1.007630305053297981 ) ) ;
#2417 = CARTESIAN_POINT ( 'NONE',  ( 2.249999999999999556, 12.00000000000000000, 2.755455298081544778E-16 ) ) ;
#2418 = VECTOR ( 'NONE', #3462, 1000.000000000000000 ) ;
#2419 = CARTESIAN_POINT ( 'NONE',  ( 2.508866492177965313, 1.582531409688019419, -0.02952986210389084779 ) ) ;
#2420 = CARTESIAN_POINT ( 'NONE',  ( 0.9109131437704444112, 7.109757608502734527, 2.258611282509372931 ) ) ;
#2421 = ORIENTED_EDGE ( 'NONE', *, *, #1877, .T. ) ;
#2422 = CARTESIAN_POINT ( 'NONE',  ( 1.576052679364651654, 6.172257608502737192, 1.605788887702079837 ) ) ;
#2423 = CARTESIAN_POINT ( 'NONE',  ( -2.249999999999999112, 4.230386529455678613, 1.360897470555578513E-15 ) ) ;
#2424 = ORIENTED_EDGE ( 'NONE', *, *, #643, .F. ) ;
#2425 = CARTESIAN_POINT ( 'NONE',  ( -2.249999999999993339, -5.201329582214889058, -5.604086460562884364E-15 ) ) ;
#2426 = CARTESIAN_POINT ( 'NONE',  ( 1.758442677127334486, 3.951964867081124488, 0.7295695355068724242 ) ) ;
#2427 = EDGE_CURVE ( 'NONE', #2465, #3900, #3139, .T. ) ;
#2428 = LINE ( 'NONE', #1076, #144 ) ;
#2429 = CARTESIAN_POINT ( 'NONE',  ( 1.759290307228595918, -7.923035132918875512, -0.7275231754205366830 ) ) ;
#2430 = CARTESIAN_POINT ( 'NONE',  ( -0.001023180043167042693, 2.764464867081124932, 1.758866492177963980 ) ) ;
#2431 = CARTESIAN_POINT ( 'NONE',  ( -1.759290307228592587, -3.423035132918875068, 0.7275231754205364609 ) ) ;
#2432 = CARTESIAN_POINT ( 'NONE',  ( -1.242982926273933808, -7.610535132918875512, -1.244429921367732339 ) ) ;
#2433 = DIRECTION ( 'NONE',  ( -0.7071067811865495711, 0.7071067811865455743, 0.000000000000000000 ) ) ;
#2434 = CARTESIAN_POINT ( 'NONE',  ( -1.009676665139636276, 7.270031409688018975, 2.521098161556403650 ) ) ;
#2435 = CARTESIAN_POINT ( 'NONE',  ( -2.495787192698265766, 4.883898324474228225, -1.070782749433753400 ) ) ;
#2436 = EDGE_CURVE ( 'NONE', #927, #3329, #168, .T. ) ;
#2437 = DIRECTION ( 'NONE',  ( -1.332253022117619153E-16, 1.000000000000000000, -0.000000000000000000 ) ) ;
#2438 = CARTESIAN_POINT ( 'NONE',  ( 1.068736389347417770, 1.395031409688019641, 2.496634822799524756 ) ) ;
#2439 = CARTESIAN_POINT ( 'NONE',  ( -1.741481676501552107E-15, 10.00000000000000000, -1.500000000000000222 ) ) ;
#2440 = ORIENTED_EDGE ( 'NONE', *, *, #1531, .T. ) ;
#2441 = CARTESIAN_POINT ( 'NONE',  ( 2.242057725680490776, 6.794161651263874724, -0.9509284072362309548 ) ) ;
#2442 = DIRECTION ( 'NONE',  ( -1.000000000000000000, 0.000000000000000000, 0.000000000000000000 ) ) ;
#2443 = EDGE_LOOP ( 'NONE', ( #3590, #3703, #2290, #877 ) ) ;
#2444 = CARTESIAN_POINT ( 'NONE',  ( -3.500000000000000888, 11.75000000000000533, 0.000000000000000000 ) ) ;
#2445 = CARTESIAN_POINT ( 'NONE',  ( -0.7295695355068722021, 5.701964867081126265, 1.758442677127334264 ) ) ;
#2446 = CARTESIAN_POINT ( 'NONE',  ( 0.9109131437704470757, -10.89024239149726547, 2.258611282509372931 ) ) ;
#2447 = CARTESIAN_POINT ( 'NONE',  ( 0.01898105538776602430, -7.518338348736126164, 2.249919936250258434 ) ) ;
#2448 = EDGE_LOOP ( 'NONE', ( #1728, #554, #3446, #3164, #3604, #1127, #1148, #1966, #3645, #2784, #1600, #2424, #1468, #2781, #2827, #4050, #2016, #2919, #3558, #2132, #1976, #2869, #608, #2719, #1138, #4277, #3467, #982, #3491, #990, #3650, #1194, #122, #2104, #3934, #4226, #1490, #2226, #1200, #2584, #600, #3667, #3808, #1168 ) ) ;
#2449 = CARTESIAN_POINT ( 'NONE',  ( -1.244429921367730119, -8.360535132918876400, 1.242982926273935806 ) ) ;
#2450 = DIRECTION ( 'NONE',  ( 1.332253022117619153E-16, -1.000000000000000000, 0.000000000000000000 ) ) ;
#2451 = CARTESIAN_POINT ( 'NONE',  ( 1.244429921367732783, 4.139464867081124488, -1.242982926273935806 ) ) ;
#2452 = VERTEX_POINT ( 'NONE', #1209 ) ;
#2453 = CARTESIAN_POINT ( 'NONE',  ( 0.7295695355068734234, -6.798035132918875512, -1.758442677127334708 ) ) ;
#2454 = CARTESIAN_POINT ( 'NONE',  ( 1.244429921367734115, -5.860535132918875512, -1.242982926273935806 ) ) ;
#2455 = CARTESIAN_POINT ( 'NONE',  ( -1.299038105676659560, 10.00000000000000000, 0.7500000000000002220 ) ) ;
#2456 = CARTESIAN_POINT ( 'NONE',  ( 1.794917275451909378, 7.457531409688019863, 1.753155743969580405 ) ) ;
#2457 = CARTESIAN_POINT ( 'NONE',  ( -1.070782749433754510, 6.133898324474229113, 2.495787192698265766 ) ) ;
#2458 = CARTESIAN_POINT ( 'NONE',  ( 2.242057725680490776, 7.794161651263873836, -0.9509284072362309548 ) ) ;
#2459 = CARTESIAN_POINT ( 'NONE',  ( -2.249999999999995559, 7.797962663936915284, -0.01051356683024097342 ) ) ;
#2460 = CARTESIAN_POINT ( 'NONE',  ( -2.521098161556402761, 0.02003140968801983557, -1.009676665139634943 ) ) ;
#2461 = CARTESIAN_POINT ( 'NONE',  ( -1.576052679364651432, 2.672257608502735859, -1.605788887702079837 ) ) ;
#2462 = VERTEX_POINT ( 'NONE', #3512 ) ;
#2463 = ORIENTED_EDGE ( 'NONE', *, *, #2564, .F. ) ;
#2464 = CARTESIAN_POINT ( 'NONE',  ( -2.250000000000001332, 12.00000000000000000, 0.000000000000000000 ) ) ;
#2465 = VERTEX_POINT ( 'NONE', #2551 ) ;
#2466 = CARTESIAN_POINT ( 'NONE',  ( -2.249999999999990230, -2.139417963350931373, 0.9196868998405792750 ) ) ;
#2467 = CARTESIAN_POINT ( 'NONE',  ( -0.7275231754205369050, 8.326964867081123600, -1.759290307228593475 ) ) ;
#2468 = CARTESIAN_POINT ( 'NONE',  ( 1.244429921367732339, 7.139464867081123600, -1.242982926273935806 ) ) ;
#2469 = FACE_OUTER_BOUND ( 'NONE', #4082, .T. ) ;
#2470 = CARTESIAN_POINT ( 'NONE',  ( -1.759290307228592365, -3.423035132918875068, 0.7275231754205363499 ) ) ;
#2471 =( BOUNDED_CURVE ( )  B_SPLINE_CURVE ( 2, ( #2415, #1383, #4092, #99, #2091 ),
 .UNSPECIFIED., .F., .F. ) 
 B_SPLINE_CURVE_WITH_KNOTS ( ( 3, 2, 3 ),
 ( 0.03799074619332597214, 0.04166666666666662966, 0.04754643449052738113 ),
 .UNSPECIFIED. ) 
 CURVE ( )  GEOMETRIC_REPRESENTATION_ITEM ( )  RATIONAL_B_SPLINE_CURVE ( ( 0.9640435979360602037, 0.9529914521398199501, 1.000000000000000000, 0.9248081265198008216, 0.9981654678299758388 ) ) 
 REPRESENTATION_ITEM ( '' )  );
#2472 = CARTESIAN_POINT ( 'NONE',  ( 0.9129662964607041520, -8.080838348736126164, -2.257782146820025648 ) ) ;
#2473 = CARTESIAN_POINT ( 'NONE',  ( -1.244429921367731895, 4.639464867081125377, 1.242982926273935806 ) ) ;
#2474 = VERTEX_POINT ( 'NONE', #3595 ) ;
#2475 = CARTESIAN_POINT ( 'NONE',  ( 1.758442677127336040, -3.048035132918875068, 0.7295695355068725352 ) ) ;
#2476 = CARTESIAN_POINT ( 'NONE',  ( 0.7295695355068729793, -5.798035132918875512, -1.758442677127334486 ) ) ;
#2477 = AXIS2_PLACEMENT_3D ( 'NONE', #2296, #4210, #3666 ) ;
#2478 = CARTESIAN_POINT ( 'NONE',  ( 0.9129662964607043740, -9.080838348736126164, -2.257782146820025648 ) ) ;
#2479 = CARTESIAN_POINT ( 'NONE',  ( 0.03157622219022769572, 6.696398324474226449, -2.508866492177964425 ) ) ;
#2480 = EDGE_CURVE ( 'NONE', #623, #1259, #3991, .T. ) ;
#2481 = CARTESIAN_POINT ( 'NONE',  ( 0.9129662964607021536, 7.919161651263873836, -2.257782146820025648 ) ) ;
#2482 = CARTESIAN_POINT ( 'NONE',  ( 2.250000000000001776, -7.268974808967564982, -0.009490696551812224241 ) ) ;
#2483 = CARTESIAN_POINT ( 'NONE',  ( 1.576052679364652542, 0.1722576085027355264, 1.605788887702079837 ) ) ;
#2484 = EDGE_CURVE ( 'NONE', #3253, #1817, #2819, .T. ) ;
#2485 = APPROVAL_DATE_TIME ( #3442, #531 ) ;
#2486 = CARTESIAN_POINT ( 'NONE',  ( 1.753155743969581959, -5.292468590311980137, -1.794917275451909822 ) ) ;
#2487 = ORIENTED_EDGE ( 'NONE', *, *, #3044, .T. ) ;
#2488 = LINE ( 'NONE', #2534, #2620 ) ;
#2489 = ORIENTED_EDGE ( 'NONE', *, *, #3334, .T. ) ;
#2490 = DIRECTION ( 'NONE',  ( -1.332253022117619153E-16, 1.000000000000000000, -0.000000000000000000 ) ) ;
#2491 = CARTESIAN_POINT ( 'NONE',  ( 0.001023180043167431922, 6.264464867081122712, -1.758866492177964203 ) ) ;
#2492 = ADVANCED_FACE ( 'NONE', ( #3208 ), #2508, .T. ) ;
#2493 = CARTESIAN_POINT ( 'NONE',  ( -1.653198642074912411E-15, 10.00000000000000000, 1.499999999999999778 ) ) ;
#2494 = CARTESIAN_POINT ( 'NONE',  ( -6.919358041228400441E-16, 12.00000000000000000, 0.000000000000000000 ) ) ;
#2495 = CARTESIAN_POINT ( 'NONE',  ( 1.758442677127336040, -3.048035132918875068, 0.7295695355068724242 ) ) ;
#2496 = CARTESIAN_POINT ( 'NONE',  ( -1.068736389347413551, -12.10496859031198014, -2.496634822799525200 ) ) ;
#2497 = CARTESIAN_POINT ( 'NONE',  ( -1.244429921367731673, 2.639464867081124932, 1.242982926273935806 ) ) ;
#2498 = ORIENTED_EDGE ( 'NONE', *, *, #2983, .F. ) ;
#2499 = CARTESIAN_POINT ( 'NONE',  ( -1.758866492177962648, -4.485535132918876400, -0.001023180043167467483 ) ) ;
#2500 = CARTESIAN_POINT ( 'NONE',  ( 0.001023180043168636687, -2.735535132918876400, -1.758866492177963980 ) ) ;
#2501 = CARTESIAN_POINT ( 'NONE',  ( -2.249999999999992895, -8.201329582214889058, 2.343804785595805608E-15 ) ) ;
#2502 =( BOUNDED_CURVE ( )  B_SPLINE_CURVE ( 2, ( #2346, #3450, #3124, #755, #1093, #775, #3697, #1377, #2020, #3394, #2409 ),
 .UNSPECIFIED., .F., .F. ) 
 B_SPLINE_CURVE_WITH_KNOTS ( ( 3, 2, 2, 2, 2, 3 ),
 ( 0.4761178630619559704, 0.4761904761904761640, 0.4821428571428570953, 0.4880952380952380820, 0.4940476190476190133, 0.4999273868714798064 ),
 .UNSPECIFIED. ) 
 CURVE ( )  GEOMETRIC_REPRESENTATION_ITEM ( )  RATIONAL_B_SPLINE_CURVE ( ( 0.9981654678299756167, 0.9990714059914858058, 1.000000000000000000, 0.9238795325112867385, 1.000000000000000000, 0.9238795325112867385, 1.000000000000000000, 0.9238795325112867385, 1.000000000000000000, 0.9248081265198009326, 0.9981654678299756167 ) ) 
 REPRESENTATION_ITEM ( '' )  );
#2503 = CARTESIAN_POINT ( 'NONE',  ( -2.508866492177963980, 3.946398324474227337, -0.03157622219022782756 ) ) ;
#2504 = CARTESIAN_POINT ( 'NONE',  ( 2.250000000000001332, -6.269613470544318723, -1.605248138585507851E-15 ) ) ;
#2505 = FACE_OUTER_BOUND ( 'NONE', #4165, .T. ) ;
#2506 = EDGE_CURVE ( 'NONE', #1943, #188, #1147, .T. ) ;
#2507 = CARTESIAN_POINT ( 'NONE',  ( -2.249999999999994671, 0.7986704177851110531, 1.048517448617733223E-14 ) ) ;
#2508 = CYLINDRICAL_SURFACE ( 'NONE', #619, 2.250000000000000444 ) ;
#2509 = APPROVAL_ROLE ( '' ) ;
#2510 = EDGE_CURVE ( 'NONE', #961, #3097, #3392, .T. ) ;
#2511 = CARTESIAN_POINT ( 'NONE',  ( -1.794917275451908045, -6.042468590311980137, -1.753155743969580183 ) ) ;
#2512 = ORIENTED_EDGE ( 'NONE', *, *, #421, .F. ) ;
#2513 = CARTESIAN_POINT ( 'NONE',  ( 2.250000000000001332, -4.269613470544321387, -1.605248138585507851E-15 ) ) ;
#2514 = CARTESIAN_POINT ( 'NONE',  ( 0.7295695355068716470, 6.201964867081122712, -1.758442677127334708 ) ) ;
#2515 = CARTESIAN_POINT ( 'NONE',  ( 1.576052679364652098, 3.172257608502736304, 1.605788887702079837 ) ) ;
#2516 = CARTESIAN_POINT ( 'NONE',  ( -2.249999999999998224, -1.769613470544320499, 1.360897470555578513E-15 ) ) ;
#2517 = CARTESIAN_POINT ( 'NONE',  ( 1.244429921367733671, -1.860535132918875512, -1.242982926273935806 ) ) ;
#2518 = CARTESIAN_POINT ( 'NONE',  ( 1.794917275451911820, -11.54246859031198014, 1.753155743969580405 ) ) ;
#2519 = CARTESIAN_POINT ( 'NONE',  ( -0.001023180043167308973, 4.764464867081125377, 1.758866492177963980 ) ) ;
#2520 = ORIENTED_EDGE ( 'NONE', *, *, #97, .T. ) ;
#2521 = EDGE_CURVE ( 'NONE', #1570, #732, #2887, .T. ) ;
#2522 = CARTESIAN_POINT ( 'NONE',  ( 1.758442677127336040, -5.048035132918875512, 0.7295695355068725352 ) ) ;
#2523 = CARTESIAN_POINT ( 'NONE',  ( -1.242982926273934030, -5.610535132918875512, -1.244429921367732339 ) ) ;
#2524 = CARTESIAN_POINT ( 'NONE',  ( 2.249999999999998224, -7.702037336063084716, 0.01051356683024673271 ) ) ;
#2525 = CARTESIAN_POINT ( 'NONE',  ( 2.508866492177964869, 5.446398324474228225, 0.03157622219022752225 ) ) ;
#2526 = CARTESIAN_POINT ( 'NONE',  ( -1.762902114507737483, -11.47367840015808049, 0.2514999460993282421 ) ) ;
#2527 = DIRECTION ( 'NONE',  ( -1.332253022117619153E-16, 1.000000000000000000, -0.000000000000000000 ) ) ;
#2528 =( BOUNDED_CURVE ( )  B_SPLINE_CURVE ( 2, ( #2962, #1928, #1953, #4278, #1305, #303, #1995, #1031, #323, #2920, #4234 ),
 .UNSPECIFIED., .F., .F. ) 
 B_SPLINE_CURVE_WITH_KNOTS ( ( 3, 2, 2, 2, 2, 3 ),
 ( 0.2857798401969161017, 0.2916666666666666297, 0.2976190476190475609, 0.3035714285714284921, 0.3095238095238095344, 0.3095893640064399377 ),
 .UNSPECIFIED. ) 
 CURVE ( )  GEOMETRIC_REPRESENTATION_ITEM ( )  RATIONAL_B_SPLINE_CURVE ( ( 0.9983418125108560748, 0.9247178588724063175, 1.000000000000000000, 0.9238795325112867385, 1.000000000000000000, 0.9238795325112867385, 1.000000000000000000, 0.9238795325112867385, 1.000000000000000000, 0.9991616736388804210, 0.9983418125108560748 ) ) 
 REPRESENTATION_ITEM ( '' )  );
#2529 = CARTESIAN_POINT ( 'NONE',  ( 2.249999999999985345, 4.360582036649071291, -0.9196868998405859363 ) ) ;
#2530 = CARTESIAN_POINT ( 'NONE',  ( 2.249901748734117746, 2.297257608502735859, 0.02102667456217082939 ) ) ;
#2531 = CARTESIAN_POINT ( 'NONE',  ( 2.496634822799526976, -5.354968590311981025, -1.068736389347416216 ) ) ;
#2532 = VECTOR ( 'NONE', #229, 1000.000000000000000 ) ;
#2533 = VERTEX_POINT ( 'NONE', #1293 ) ;
#2534 = CARTESIAN_POINT ( 'NONE',  ( 2.249999999999999556, 12.00000000000000000, 2.755455298081544778E-16 ) ) ;
#2535 = ADVANCED_FACE ( 'NONE', ( #1677 ), #3658, .T. ) ;
#2536 = CARTESIAN_POINT ( 'NONE',  ( -1.070782749433752734, -8.866101675525770887, 2.495787192698265766 ) ) ;
#2537 = CIRCLE ( 'NONE', #3870, 1.249999999999994005 ) ;
#2538 = CARTESIAN_POINT ( 'NONE',  ( -1.759290307228593475, 6.576964867081123600, 0.7275231754205363499 ) ) ;
#2539 = CARTESIAN_POINT ( 'NONE',  ( 1.577512011070597131, 2.856661651263873392, -1.604355277028128191 ) ) ;
#2540 = CARTESIAN_POINT ( 'NONE',  ( -0.7275231754205351287, -4.673035132918875512, -1.759290307228593475 ) ) ;
#2541 = CARTESIAN_POINT ( 'NONE',  ( -1.762466662777963489, -11.48753333722203074, 2.602137392542732627E-14 ) ) ;
#2542 = CARTESIAN_POINT ( 'NONE',  ( 1.242982926273935806, 5.889464867081126265, 1.244429921367732339 ) ) ;
#2543 = CARTESIAN_POINT ( 'NONE',  ( -1.759290307228593475, 0.5769648670811248214, 0.7275231754205364609 ) ) ;
#2544 = CARTESIAN_POINT ( 'NONE',  ( -0.7295695355068707588, -4.298035132918876400, 1.758442677127334042 ) ) ;
#2545 = CARTESIAN_POINT ( 'NONE',  ( -2.249901748734116858, 3.797257608502735415, -0.02102667456217110348 ) ) ;
#2546 = ORIENTED_EDGE ( 'NONE', *, *, #1531, .F. ) ;
#2547 = CARTESIAN_POINT ( 'NONE',  ( 1.759290307228596362, -11.92303513291887640, -0.7275231754205366830 ) ) ;
#2548 = CARTESIAN_POINT ( 'NONE',  ( 2.249919936250258878, 4.731661651263874724, -0.01898105538776452897 ) ) ;
#2549 = CARTESIAN_POINT ( 'NONE',  ( -2.249999999999998224, -6.768974808967564982, 0.009490696551812142709 ) ) ;
#2550 = CARTESIAN_POINT ( 'NONE',  ( 2.249999999999997335, -6.701329582214889946, -2.618747852407189130E-15 ) ) ;
#2551 = CARTESIAN_POINT ( 'NONE',  ( 3.500000000000000000, 8.250000000000000000, 4.286263797015737088E-16 ) ) ;
#2552 = CARTESIAN_POINT ( 'NONE',  ( 2.495787192698266654, -1.616101675525772441, 1.070782749433754732 ) ) ;
#2553 = VECTOR ( 'NONE', #1554, 1000.000000000000000 ) ;
#2554 = CARTESIAN_POINT ( 'NONE',  ( 1.009676665139636720, -7.229968590311980137, -2.521098161556404094 ) ) ;
#2555 = ORIENTED_EDGE ( 'NONE', *, *, #2958, .T. ) ;
#2556 = CARTESIAN_POINT ( 'NONE',  ( 1.299038105676657340, 10.00000000000000000, 0.7500000000000000000 ) ) ;
#2557 = CARTESIAN_POINT ( 'NONE',  ( 2.495787192698267543, -9.616101675525770887, 1.070782749433754732 ) ) ;
#2558 = CARTESIAN_POINT ( 'NONE',  ( -0.9509284072362292894, -4.955838348736126164, -2.242057725680490776 ) ) ;
#2559 = CYLINDRICAL_SURFACE ( 'NONE', #2477, 2.250000000000000444 ) ;
#2560 = CARTESIAN_POINT ( 'NONE',  ( 0.7295695355068726462, -2.798035132918876400, -1.758442677127334486 ) ) ;
#2561 = CARTESIAN_POINT ( 'NONE',  ( -1.753155743969577740, -11.79246859031198014, 1.794917275451909822 ) ) ;
#2562 = CARTESIAN_POINT ( 'NONE',  ( -1.758866492177963758, 5.514464867081125377, -0.001023180043167473338 ) ) ;
#2563 = CARTESIAN_POINT ( 'NONE',  ( -1.242982926273934474, -1.610535132918875290, -1.244429921367732339 ) ) ;
#2564 = EDGE_CURVE ( 'NONE', #1427, #3711, #1313, .T. ) ;
#2565 = CARTESIAN_POINT ( 'NONE',  ( -0.7295695355068710919, -2.298035132918875956, 1.758442677127334042 ) ) ;
#2566 = CARTESIAN_POINT ( 'NONE',  ( 1.605788887702080059, 3.422257608502734971, -1.576052679364651876 ) ) ;
#2567 = CARTESIAN_POINT ( 'NONE',  ( 0.01898105538776615961, -8.518338348736127941, 2.249919936250258434 ) ) ;
#2568 = CARTESIAN_POINT ( 'NONE',  ( -0.8410032150645826432, -11.37621094770174324, 1.679164954685326672 ) ) ;
#2569 = CARTESIAN_POINT ( 'NONE',  ( -1.758866492177961316, -11.48553513291887462, -0.001023180043167473338 ) ) ;
#2570 = CARTESIAN_POINT ( 'NONE',  ( -2.508866492177963092, -3.053601675525772219, -0.03157622219022782756 ) ) ;
#2571 = ORIENTED_EDGE ( 'NONE', *, *, #2867, .T. ) ;
#2572 = ADVANCED_FACE ( 'NONE', ( #1361 ), #3681, .T. ) ;
#2573 = CARTESIAN_POINT ( 'NONE',  ( -1.009676665139634277, -7.729968590311980137, 2.521098161556403650 ) ) ;
#2574 = CARTESIAN_POINT ( 'NONE',  ( -2.242057725680490776, 4.294161651263875612, 0.9509284072362306217 ) ) ;
#2575 = CARTESIAN_POINT ( 'NONE',  ( -2.508866492177961760, -10.05360167552577266, -0.03157622219022782756 ) ) ;
#2576 = CYLINDRICAL_SURFACE ( 'NONE', #3622, 2.250000000000000444 ) ;
#2577 = CARTESIAN_POINT ( 'NONE',  ( 0.9070957312691180219, -11.05542592740739671, -2.004202054333760863 ) ) ;
#2578 = ORIENTED_EDGE ( 'NONE', *, *, #2013, .T. ) ;
#2579 = CARTESIAN_POINT ( 'NONE',  ( 1.009676665139636720, -8.229968590311980137, -2.521098161556404094 ) ) ;
#2580 = CARTESIAN_POINT ( 'NONE',  ( -1.759290307228593475, 6.576964867081122712, 0.7275231754205363499 ) ) ;
#2581 = CARTESIAN_POINT ( 'NONE',  ( 0.7295695355068727572, -2.798035132918876400, -1.758442677127334708 ) ) ;
#2582 = CARTESIAN_POINT ( 'NONE',  ( 0.7295695355068722021, 0.2019648670811245716, -1.758442677127334486 ) ) ;
#2583 = CARTESIAN_POINT ( 'NONE',  ( 2.250000000000001776, -10.26897480896756321, -0.009490696551828310332 ) ) ;
#2584 = ORIENTED_EDGE ( 'NONE', *, *, #2085, .F. ) ;
#2585 = CARTESIAN_POINT ( 'NONE',  ( -1.244429921367729897, -10.36053513291887640, 1.242982926273935806 ) ) ;
#2586 = DIRECTION ( 'NONE',  ( -1.000000000000000000, 0.000000000000000000, 0.000000000000000000 ) ) ;
#2587 = CARTESIAN_POINT ( 'NONE',  ( 1.605788887702081391, -7.577742391497263696, -1.576052679364651876 ) ) ;
#2588 = CARTESIAN_POINT ( 'NONE',  ( -0.7295695355068699817, -11.29803513291887640, 1.758442677127334264 ) ) ;
#2589 = CARTESIAN_POINT ( 'NONE',  ( 2.249999999999995115, 6.298670417785112718, -1.036637192644401631E-14 ) ) ;
#2590 = LINE ( 'NONE', #3110, #1504 ) ;
#2591 = CARTESIAN_POINT ( 'NONE',  ( -1.751708748875780541, -4.178601675525771775, -1.796364270545708131 ) ) ;
#2592 = CARTESIAN_POINT ( 'NONE',  ( -1.576052679364650544, -4.327742391497264585, -1.605788887702079837 ) ) ;
#2593 = VERTEX_POINT ( 'NONE', #4247 ) ;
#2594 = CARTESIAN_POINT ( 'NONE',  ( -1.794917275451908267, -4.042468590311980137, -1.753155743969580183 ) ) ;
#2595 = DIRECTION ( 'NONE',  ( -1.332253022117619153E-16, 1.000000000000000000, -0.000000000000000000 ) ) ;
#2596 = CARTESIAN_POINT ( 'NONE',  ( -1.007630305053295761, -8.241101675525772663, -2.521945791657662639 ) ) ;
#2597 = CARTESIAN_POINT ( 'NONE',  ( -2.250000000000001332, 12.00000000000000000, 0.000000000000000000 ) ) ;
#2598 = CARTESIAN_POINT ( 'NONE',  ( 1.516283040776015278, -11.09082765546467719, -1.544798293016949486 ) ) ;
#2599 = EDGE_LOOP ( 'NONE', ( #3872, #4110, #3854, #2858, #483, #3168 ) ) ;
#2600 = CARTESIAN_POINT ( 'NONE',  ( -6.919358041228400441E-16, 12.00000000000000000, 0.000000000000000000 ) ) ;
#2601 = VECTOR ( 'NONE', #131, 999.9999999999998863 ) ;
#2602 = CARTESIAN_POINT ( 'NONE',  ( -1.794917275451907379, -10.04246859031198014, -1.753155743969580183 ) ) ;
#2603 = CARTESIAN_POINT ( 'NONE',  ( -1.758866492177964203, 8.514464867081125377, -0.001023180043167473338 ) ) ;
#2604 = CARTESIAN_POINT ( 'NONE',  ( 1.758866492177965535, -1.985535132918875734, 0.001023180043167252161 ) ) ;
#2605 = CARTESIAN_POINT ( 'NONE',  ( -1.758442677127333154, -1.548035132918875290, -0.7295695355068715360 ) ) ;
#2606 = CARTESIAN_POINT ( 'NONE',  ( -0.9129662964607021536, -2.580838348736126164, 2.257782146820025204 ) ) ;
#2607 = CARTESIAN_POINT ( 'NONE',  ( 0.7295695355068738674, -11.79803513291887640, -1.758442677127334486 ) ) ;
#2608 = CARTESIAN_POINT ( 'NONE',  ( 2.242057725680491664, 4.794161651263875612, -0.9509284072362309548 ) ) ;
#2609 = CARTESIAN_POINT ( 'NONE',  ( 1.604355277028128857, -1.393338348736125054, 1.577512011070596687 ) ) ;
#2610 = CARTESIAN_POINT ( 'NONE',  ( 1.758442677127336706, -10.04803513291887462, 0.7295695355068725352 ) ) ;
#2611 = CARTESIAN_POINT ( 'NONE',  ( -1.759290307228591255, -11.42303513291887462, 0.7275231754205363499 ) ) ;
#2612 = VECTOR ( 'NONE', #3068, 1000.000000000000000 ) ;
#2613 = CARTESIAN_POINT ( 'NONE',  ( -1.757636160943576886, -11.49113321021635414, -0.06578381219823406512 ) ) ;
#2614 = CARTESIAN_POINT ( 'NONE',  ( -1.007630305053296649, -2.241101675525772663, -2.521945791657662639 ) ) ;
#2615 = CARTESIAN_POINT ( 'NONE',  ( 1.605788887702080947, -4.577742391497264585, -1.576052679364651876 ) ) ;
#2616 =( BOUNDED_CURVE ( )  B_SPLINE_CURVE ( 2, ( #3581, #2250, #1598, #2938, #1898, #988, #3876, #621, #3235, #259, #925 ),
 .UNSPECIFIED., .F., .F. ) 
 B_SPLINE_CURVE_WITH_KNOTS ( ( 3, 2, 2, 2, 2, 3 ),
 ( 0.09530364972072560836, 0.1011904761904761640, 0.1071428571428570953, 0.1130952380952380265, 0.1190476190476190688, 0.1191131735302494443 ),
 .UNSPECIFIED. ) 
 CURVE ( )  GEOMETRIC_REPRESENTATION_ITEM ( )  RATIONAL_B_SPLINE_CURVE ( ( 0.9983418125108568519, 0.9247178588724059844, 1.000000000000000000, 0.9238795325112867385, 1.000000000000000000, 0.9238795325112867385, 1.000000000000000000, 0.9238795325112867385, 1.000000000000000000, 0.9991616736388808651, 0.9983418125108568519 ) ) 
 REPRESENTATION_ITEM ( '' )  );
#2617 = EDGE_CURVE ( 'NONE', #1259, #2658, #2027, .T. ) ;
#2618 = CARTESIAN_POINT ( 'NONE',  ( -1.009676665139635166, -1.729968590311980137, 2.521098161556403650 ) ) ;
#2619 = CARTESIAN_POINT ( 'NONE',  ( -1.009676665139635832, 3.270031409688019419, 2.521098161556403650 ) ) ;
#2620 = VECTOR ( 'NONE', #3873, 1000.000000000000000 ) ;
#2621 = DIRECTION ( 'NONE',  ( -1.000000000000000000, -1.332253022117619153E-16, 0.000000000000000000 ) ) ;
#2622 = CARTESIAN_POINT ( 'NONE',  ( -2.521945791657660862, -9.991101675525772663, 1.007630305053297537 ) ) ;
#2623 = LOCAL_TIME ( 15, 16, 58.00000000000000000, #2694 ) ;
#2624 = CARTESIAN_POINT ( 'NONE',  ( -1.605788887702079393, 2.922257608502736304, 1.576052679364651876 ) ) ;
#2625 = CARTESIAN_POINT ( 'NONE',  ( 0.01898105538776576062, -5.518338348736126164, 2.249919936250258434 ) ) ;
#2626 = ORIENTED_EDGE ( 'NONE', *, *, #875, .T. ) ;
#2627 = CARTESIAN_POINT ( 'NONE',  ( -2.249999999999994671, 2.798670417785111386, 1.048517448617733223E-14 ) ) ;
#2628 = CARTESIAN_POINT ( 'NONE',  ( 1.753155743969581959, -8.292468590311980137, -1.794917275451909822 ) ) ;
#2629 = CARTESIAN_POINT ( 'NONE',  ( 1.242982926273935584, 6.889464867081123600, 1.244429921367732339 ) ) ;
#2630 = CARTESIAN_POINT ( 'NONE',  ( 1.244429921367733671, -1.860535132918875512, -1.242982926273935806 ) ) ;
#2631 = EDGE_CURVE ( 'NONE', #1070, #280, #3105, .T. ) ;
#2632 = VECTOR ( 'NONE', #2490, 1000.000000000000000 ) ;
#2633 = CARTESIAN_POINT ( 'NONE',  ( 0.7275231754205382373, -1.173035132918874845, 1.759290307228593475 ) ) ;
#2634 = CARTESIAN_POINT ( 'NONE',  ( -0.9509284072362285123, -9.955838348736124388, -2.242057725680490776 ) ) ;
#2635 = ORIENTED_EDGE ( 'NONE', *, *, #2951, .F. ) ;
#2636 = LINE ( 'NONE', #717, #3324 ) ;
#2637 = CARTESIAN_POINT ( 'NONE',  ( -0.9129662964607021536, -1.580838348736124832, 2.257782146820025204 ) ) ;
#2638 = CARTESIAN_POINT ( 'NONE',  ( -1.758866492177961982, -9.485535132918874623, -0.001023180043167467483 ) ) ;
#2639 = CARTESIAN_POINT ( 'NONE',  ( -2.249901748734115969, 0.7972576085027360815, -0.02102667456217110348 ) ) ;
#2640 = CARTESIAN_POINT ( 'NONE',  ( 1.576052679364652542, -0.8277423914972636965, 1.605788887702079837 ) ) ;
#2641 = CARTESIAN_POINT ( 'NONE',  ( 2.521098161556403650, 6.520031409688018087, 1.009676665139636276 ) ) ;
#2642 = CARTESIAN_POINT ( 'NONE',  ( -0.03157622219022657162, -3.803601675525772663, 2.508866492177964425 ) ) ;
#2643 = CARTESIAN_POINT ( 'NONE',  ( -2.250000000000001332, 12.00000000000000000, 0.000000000000000000 ) ) ;
#2644 = VERTEX_POINT ( 'NONE', #14 ) ;
#2645 = CC_DESIGN_PERSON_AND_ORGANIZATION_ASSIGNMENT ( #3730, #3342, ( #3481 ) ) ;
#2646 = CARTESIAN_POINT ( 'NONE',  ( -2.521098161556402317, -1.979968590311980137, -1.009676665139634943 ) ) ;
#2647 = CARTESIAN_POINT ( 'NONE',  ( -1.753155743969579961, 4.207531409688019863, 1.794917275451909822 ) ) ;
#2648 = CARTESIAN_POINT ( 'NONE',  ( 0.9509284072362325091, -0.4558383487361260533, 2.242057725680490332 ) ) ;
#2649 =( BOUNDED_CURVE ( )  B_SPLINE_CURVE ( 2, ( #3136, #2801, #2031, #3384, #826, #3534, #2823, #1809, #2907, #2529, #2865 ),
 .UNSPECIFIED., .F., .F. ) 
 B_SPLINE_CURVE_WITH_KNOTS ( ( 3, 2, 2, 2, 2, 3 ),
 ( 0.1904035773476702720, 0.1904761904761904656, 0.1964285714285713969, 0.2023809523809523281, 0.2083333333333332593, 0.2142131011571941079 ),
 .UNSPECIFIED. ) 
 CURVE ( )  GEOMETRIC_REPRESENTATION_ITEM ( )  RATIONAL_B_SPLINE_CURVE ( ( 0.9981654678299756167, 0.9990714059914858058, 1.000000000000000000, 0.9238795325112867385, 1.000000000000000000, 0.9238795325112867385, 1.000000000000000000, 0.9238795325112867385, 1.000000000000000000, 0.9248081265198009326, 0.9981654678299756167 ) ) 
 REPRESENTATION_ITEM ( '' )  );
#2650 = CARTESIAN_POINT ( 'NONE',  ( -2.495787192698264434, -6.116101675525771775, -1.070782749433753400 ) ) ;
#2651 = CARTESIAN_POINT ( 'NONE',  ( -2.249999999999998224, -3.769613470544320499, 1.360897470555578513E-15 ) ) ;
#2652 = DIRECTION ( 'NONE',  ( 0.4999999999999996114, 6.661265110588092068E-17, 0.8660254037844389297 ) ) ;
#2653 = EDGE_LOOP ( 'NONE', ( #3617, #3077, #1658, #509 ) ) ;
#2654 = CARTESIAN_POINT ( 'NONE',  ( -2.249999999999998224, -11.00000000000000000, 0.000000000000000000 ) ) ;
#2655 = CARTESIAN_POINT ( 'NONE',  ( -2.521098161556401429, -8.979968590311980137, -1.009676665139634943 ) ) ;
#2656 = CARTESIAN_POINT ( 'NONE',  ( -1.242982926273935140, 2.389464867081124932, -1.244429921367732339 ) ) ;
#2657 = CARTESIAN_POINT ( 'NONE',  ( -0.7275231754205354617, -1.673035132918875290, -1.759290307228593475 ) ) ;
#2658 = VERTEX_POINT ( 'NONE', #1018 ) ;
#2659 = DIRECTION ( 'NONE',  ( -1.332253022117619153E-16, 1.000000000000000000, -0.000000000000000000 ) ) ;
#2660 = CARTESIAN_POINT ( 'NONE',  ( -1.242982926273933142, -11.61053513291887640, -1.244429921367732339 ) ) ;
#2661 = CARTESIAN_POINT ( 'NONE',  ( -2.249999999999990230, -5.139417963350931373, 0.9196868998405792750 ) ) ;
#2662 = EDGE_CURVE ( 'NONE', #4148, #2736, #1727, .T. ) ;
#2663 = CARTESIAN_POINT ( 'NONE',  ( 2.250000000000000888, -1.269613470544322054, -1.605248138585507851E-15 ) ) ;
#2664 = CARTESIAN_POINT ( 'NONE',  ( -1.244429921367731229, -1.360535132918875068, 1.242982926273935806 ) ) ;
#2665 = CARTESIAN_POINT ( 'NONE',  ( 1.244429921367734782, -10.86053513291887462, -1.242982926273935806 ) ) ;
#2666 = CARTESIAN_POINT ( 'NONE',  ( -1.758442677127332043, -10.54803513291887640, -0.7295695355068715360 ) ) ;
#2667 = CARTESIAN_POINT ( 'NONE',  ( -1.762466662777963489, -11.48753333722203074, 2.602137392542732627E-14 ) ) ;
#2668 = CARTESIAN_POINT ( 'NONE',  ( -1.070782749433753844, 1.133898324474228225, 2.495787192698265766 ) ) ;
#2669 = FACE_OUTER_BOUND ( 'NONE', #1212, .T. ) ;
#2670 = EDGE_LOOP ( 'NONE', ( #1065, #2520, #2162, #1410 ) ) ;
#2671 = CARTESIAN_POINT ( 'NONE',  ( 2.521098161556404094, -2.479968590311981469, 1.009676665139636276 ) ) ;
#2672 = CARTESIAN_POINT ( 'NONE',  ( -2.496634822799525200, 5.145031409688021640, 1.068736389347415772 ) ) ;
#2673 = CARTESIAN_POINT ( 'NONE',  ( 0.9529664928947880753, -8.515242391497263696, -2.241192214958859896 ) ) ;
#2674 = EDGE_CURVE ( 'NONE', #1171, #1774, #381, .T. ) ;
#2675 = CARTESIAN_POINT ( 'NONE',  ( -1.007630305053296205, -5.241101675525772663, -2.521945791657662639 ) ) ;
#2676 =( BOUNDED_CURVE ( )  B_SPLINE_CURVE ( 2, ( #2513, #3212, #809, #857, #3468, #1193, #2826, #2163, #484, #3855, #3516 ),
 .UNSPECIFIED., .F., .F. ) 
 B_SPLINE_CURVE_WITH_KNOTS ( ( 3, 2, 2, 2, 2, 3 ),
 ( 0.5953036497207255806, 0.6011904761904761640, 0.6071428571428570953, 0.6130952380952381375, 0.6190476190476190688, 0.6191131735302495276 ),
 .UNSPECIFIED. ) 
 CURVE ( )  GEOMETRIC_REPRESENTATION_ITEM ( )  RATIONAL_B_SPLINE_CURVE ( ( 0.9983418125108576291, 0.9247178588724056514, 1.000000000000000000, 0.9238795325112867385, 1.000000000000000000, 0.9238795325112867385, 1.000000000000000000, 0.9238795325112867385, 1.000000000000000000, 0.9991616736388797548, 0.9983418125108547425 ) ) 
 REPRESENTATION_ITEM ( '' )  );
#2677 = CARTESIAN_POINT ( 'NONE',  ( -2.249999999999994671, 2.798670417785111386, 1.048517448617733223E-14 ) ) ;
#2678 = CARTESIAN_POINT ( 'NONE',  ( -2.249999999999998668, 0.2303865294556791676, 1.360897470555578513E-15 ) ) ;
#2679 = ORIENTED_EDGE ( 'NONE', *, *, #1937, .F. ) ;
#2680 = DIRECTION ( 'NONE',  ( 1.332253022117617921E-16, -1.000000000000000000, 0.000000000000000000 ) ) ;
#2681 = CARTESIAN_POINT ( 'NONE',  ( -0.7275231754205362389, 3.326964867081124488, -1.759290307228593475 ) ) ;
#2682 = CARTESIAN_POINT ( 'NONE',  ( -1.758866492177963314, 2.514464867081124932, -0.001023180043167473338 ) ) ;
#2683 = EDGE_CURVE ( 'NONE', #1106, #4128, #2590, .T. ) ;
#2684 = DIRECTION ( 'NONE',  ( 0.7071067811865436870, 0.7071067811865513475, 8.659560562354887252E-17 ) ) ;
#2685 = CARTESIAN_POINT ( 'NONE',  ( 1.805907308288946966, -11.22036568825931191, 0.9595340043561548793 ) ) ;
#2686 = CARTESIAN_POINT ( 'NONE',  ( -1.759290307228593253, -0.4230351329188759557, 0.7275231754205363499 ) ) ;
#2687 = CARTESIAN_POINT ( 'NONE',  ( -1.244429921367730341, -8.360535132918876400, 1.242982926273935806 ) ) ;
#2688 = CARTESIAN_POINT ( 'NONE',  ( -0.7295695355068705368, -7.298035132918877288, 1.758442677127334042 ) ) ;
#2689 = CARTESIAN_POINT ( 'NONE',  ( -1.576052679364650322, -5.327742391497264585, -1.605788887702079837 ) ) ;
#2690 = CARTESIAN_POINT ( 'NONE',  ( 1.796364270545709019, 0.5713983244742277812, -1.751708748875781652 ) ) ;
#2691 = CARTESIAN_POINT ( 'NONE',  ( 0.02102667456217246697, -4.452742391497264585, -2.249901748734116858 ) ) ;
#2692 = ORIENTED_EDGE ( 'NONE', *, *, #4238, .T. ) ;
#2693 = CARTESIAN_POINT ( 'NONE',  ( 2.508866492177965757, -3.417468590311979693, -0.02952986210389084779 ) ) ;
#2694 = COORDINATED_UNIVERSAL_TIME_OFFSET ( 3, 0, .AHEAD. ) ;
#2695 = CARTESIAN_POINT ( 'NONE',  ( 2.249999999999995559, 7.297962663936916172, 0.01051356683024069934 ) ) ;
#2696 = CARTESIAN_POINT ( 'NONE',  ( -2.508866492177962204, -7.053601675525771775, -0.03157622219022782756 ) ) ;
#2697 = AXIS2_PLACEMENT_3D ( 'NONE', #2760, #2038, #2339 ) ;
#2698 = CARTESIAN_POINT ( 'NONE',  ( 2.250000000000001776, -4.268974808967564982, -0.009490696551828310332 ) ) ;
#2699 = CARTESIAN_POINT ( 'NONE',  ( -2.250000000000001332, 12.00000000000000000, 0.000000000000000000 ) ) ;
#2700 = ORIENTED_EDGE ( 'NONE', *, *, #1360, .T. ) ;
#2701 = DIRECTION ( 'NONE',  ( -1.332253022117619153E-16, 1.000000000000000000, -0.000000000000000000 ) ) ;
#2702 = APPROVAL_PERSON_ORGANIZATION ( #3688, #225, #2756 ) ;
#2703 = CARTESIAN_POINT ( 'NONE',  ( 1.758866492177965091, 1.014464867081125377, 0.001023180043167252161 ) ) ;
#2704 = CARTESIAN_POINT ( 'NONE',  ( 1.244429921367733005, 3.139464867081123600, -1.242982926273935806 ) ) ;
#2705 = CARTESIAN_POINT ( 'NONE',  ( -2.249999999999999112, 1.230386529455678168, 1.715545315126795680E-15 ) ) ;
#2706 = CARTESIAN_POINT ( 'NONE',  ( -1.576052679364650544, -3.327742391497264141, -1.605788887702079837 ) ) ;
#2707 = ADVANCED_FACE ( 'NONE', ( #1721 ), #762, .F. ) ;
#2708 = CARTESIAN_POINT ( 'NONE',  ( 1.758866492177965979, -6.985535132918875512, 0.001023180043167258016 ) ) ;
#2709 = CARTESIAN_POINT ( 'NONE',  ( -2.249999999999984013, 3.860582036649069959, 0.9196868998405859363 ) ) ;
#2710 = CARTESIAN_POINT ( 'NONE',  ( -1.751708748875780985, 0.8213983244742280032, -1.796364270545708131 ) ) ;
#2711 = VECTOR ( 'NONE', #1414, 1000.000000000000000 ) ;
#2712 = CARTESIAN_POINT ( 'NONE',  ( 2.250000000000001776, -1.268974808967565870, -0.009490696551820264684 ) ) ;
#2713 = VERTEX_POINT ( 'NONE', #2775 ) ;
#2714 = CARTESIAN_POINT ( 'NONE',  ( 2.249999999999999556, 12.00000000000000000, 2.755455298081544778E-16 ) ) ;
#2715 = DATE_AND_TIME ( #687, #2623 ) ;
#2716 = EDGE_CURVE ( 'NONE', #1771, #1811, #78, .T. ) ;
#2717 = CARTESIAN_POINT ( 'NONE',  ( -2.508866492177962648, -6.053601675525772663, -0.03157622219022782756 ) ) ;
#2718 = DIRECTION ( 'NONE',  ( -0.8660254037844388186, 0.000000000000000000, -0.4999999999999996669 ) ) ;
#2719 = ORIENTED_EDGE ( 'NONE', *, *, #3371, .F. ) ;
#2720 = DIRECTION ( 'NONE',  ( -1.000000000000000000, 0.000000000000000000, 0.000000000000000000 ) ) ;
#2721 = CARTESIAN_POINT ( 'NONE',  ( 1.244429921367732783, 4.139464867081124488, -1.242982926273935806 ) ) ;
#2722 = CARTESIAN_POINT ( 'NONE',  ( -1.758866492177963536, 4.514464867081125377, -0.001023180043167473338 ) ) ;
#2723 = CYLINDRICAL_SURFACE ( 'NONE', #4145, 2.250000000000000444 ) ;
#2724 = CARTESIAN_POINT ( 'NONE',  ( 0.001023180043169436178, -8.735535132918876400, -1.758866492177963980 ) ) ;
#2725 = CARTESIAN_POINT ( 'NONE',  ( -2.249919936250255770, -10.76833834873612794, 0.01898105538776425488 ) ) ;
#2726 = EDGE_CURVE ( 'NONE', #3291, #2452, #2471, .T. ) ;
#2727 = CARTESIAN_POINT ( 'NONE',  ( -0.7275231754205356838, -1.673035132918875290, -1.759290307228593475 ) ) ;
#2728 = CARTESIAN_POINT ( 'NONE',  ( 0.7275231754205390144, -7.173035132918875512, 1.759290307228593475 ) ) ;
#2729 = CARTESIAN_POINT ( 'NONE',  ( -1.759290307228591921, -7.423035132918877288, 0.7275231754205363499 ) ) ;
#2730 = DIRECTION ( 'NONE',  ( 0.8660254037844387076, 0.000000000000000000, 0.4999999999999998890 ) ) ;
#2731 = CARTESIAN_POINT ( 'NONE',  ( -0.03157622219022710591, 0.1963983244742273926, 2.508866492177964425 ) ) ;
#2732 = DIRECTION ( 'NONE',  ( -1.332253022117619153E-16, 1.000000000000000000, -0.000000000000000000 ) ) ;
#2733 = CARTESIAN_POINT ( 'NONE',  ( 0.02952986210389125024, 0.3325314096880200854, 2.508866492177964425 ) ) ;
#2734 = CARTESIAN_POINT ( 'NONE',  ( -2.521098161556404094, 6.020031409688018087, -1.009676665139634943 ) ) ;
#2735 = CARTESIAN_POINT ( 'NONE',  ( -1.605788887702079837, 6.922257608502734527, 1.576052679364651876 ) ) ;
#2736 = VERTEX_POINT ( 'NONE', #3722 ) ;
#2737 = CARTESIAN_POINT ( 'NONE',  ( -0.9129662964607023756, 0.4191616512638747793, 2.257782146820025204 ) ) ;
#2738 = ORIENTED_EDGE ( 'NONE', *, *, #2060, .F. ) ;
#2739 = CARTESIAN_POINT ( 'NONE',  ( 1.782694680702829437, 8.000000000000001776, -0.5875220266611825837 ) ) ;
#2740 = CARTESIAN_POINT ( 'NONE',  ( -1.758866492177963758, 4.514464867081125377, -0.001023180043167467483 ) ) ;
#2741 = CARTESIAN_POINT ( 'NONE',  ( 0.001023180043167970770, 2.264464867081124488, -1.758866492177963980 ) ) ;
#2742 = DIRECTION ( 'NONE',  ( -1.000000000000000000, 0.000000000000000000, 0.000000000000000000 ) ) ;
#2743 = CARTESIAN_POINT ( 'NONE',  ( 1.244429921367734559, -8.860535132918876400, -1.242982926273935806 ) ) ;
#2744 = DIRECTION ( 'NONE',  ( -1.000000000000000000, 0.000000000000000000, 0.000000000000000000 ) ) ;
#2745 = CARTESIAN_POINT ( 'NONE',  ( -0.7275231754205360168, 0.3269648670811247659, -1.759290307228593475 ) ) ;
#2746 = CARTESIAN_POINT ( 'NONE',  ( -0.7295695355068705368, -8.298035132918876400, 1.758442677127334264 ) ) ;
#2747 = AXIS2_PLACEMENT_3D ( 'NONE', #797, #3063, #3758 ) ;
#2748 = CARTESIAN_POINT ( 'NONE',  ( -1.759290307228591921, -6.423035132918876400, 0.7275231754205363499 ) ) ;
#2749 = CARTESIAN_POINT ( 'NONE',  ( 2.249999999999995559, 4.298670417785110054, -1.036637192644401631E-14 ) ) ;
#2750 = CARTESIAN_POINT ( 'NONE',  ( 2.521098161556403650, 7.520031409688019863, 1.009676665139636276 ) ) ;
#2751 = CARTESIAN_POINT ( 'NONE',  ( 2.495787192698266654, 2.383898324474228225, 1.070782749433754732 ) ) ;
#2752 = VECTOR ( 'NONE', #2684, 1000.000000000000000 ) ;
#2753 = EDGE_CURVE ( 'NONE', #384, #732, #3380, .T. ) ;
#2754 = LINE ( 'NONE', #459, #2418 ) ;
#2755 = CARTESIAN_POINT ( 'NONE',  ( 2.496634822799526088, 1.645031409688019863, -1.068736389347416216 ) ) ;
#2756 = APPROVAL_ROLE ( '' ) ;
#2757 = ADVANCED_FACE ( 'NONE', ( #135 ), #3133, .F. ) ;
#2758 = EDGE_LOOP ( 'NONE', ( #4153, #1511, #3075, #3979 ) ) ;
#2759 = CARTESIAN_POINT ( 'NONE',  ( 2.521098161556404094, 2.520031409688020307, 1.009676665139636276 ) ) ;
#2760 = CARTESIAN_POINT ( 'NONE',  ( -6.919358041228400441E-16, 12.00000000000000000, 0.000000000000000000 ) ) ;
#2761 = CARTESIAN_POINT ( 'NONE',  ( -2.249901748734114193, -10.20274239149726370, -0.02102667456217110348 ) ) ;
#2762 = ORIENTED_EDGE ( 'NONE', *, *, #208, .T. ) ;
#2763 = CARTESIAN_POINT ( 'NONE',  ( 0.02102667456217113817, 5.547257608502737192, -2.249901748734116858 ) ) ;
#2764 = CARTESIAN_POINT ( 'NONE',  ( 1.759290307228593475, 8.076964867081123600, -0.7275231754205367940 ) ) ;
#2765 = CARTESIAN_POINT ( 'NONE',  ( -0.7275231754205362389, 3.326964867081124488, -1.759290307228593475 ) ) ;
#2766 = DIRECTION ( 'NONE',  ( -1.000000000000000000, 0.000000000000000000, 0.000000000000000000 ) ) ;
#2767 = CARTESIAN_POINT ( 'NONE',  ( 1.758442677127336040, -7.048035132918875512, 0.7295695355068724242 ) ) ;
#2768 = AXIS2_PLACEMENT_3D ( 'NONE', #318, #3232, #923 ) ;
#2769 = CARTESIAN_POINT ( 'NONE',  ( -2.249999999999977796, -4.139417963350928709, 0.9196868998405924867 ) ) ;
#2770 = CARTESIAN_POINT ( 'NONE',  ( -1.758866492177963092, 1.514464867081124044, -0.001023180043167473338 ) ) ;
#2771 = EDGE_CURVE ( 'NONE', #846, #1803, #3851, .T. ) ;
#2772 = CARTESIAN_POINT ( 'NONE',  ( 1.758866492177966423, -8.985535132918876400, 0.001023180043167252161 ) ) ;
#2773 = LOCAL_TIME ( 15, 16, 58.00000000000000000, #1390 ) ;
#2774 = CARTESIAN_POINT ( 'NONE',  ( 0.7295695355068736454, -9.798035132918876400, -1.758442677127334486 ) ) ;
#2775 = CARTESIAN_POINT ( 'NONE',  ( -1.299038105676659560, 10.00000000000000000, -0.7500000000000007772 ) ) ;
#2776 = CARTESIAN_POINT ( 'NONE',  ( 1.796364270545708353, 4.571398324474228225, -1.751708748875781652 ) ) ;
#2777 = CARTESIAN_POINT ( 'NONE',  ( -1.604355277028127524, 0.1066616512638745018, -1.577512011070596687 ) ) ;
#2778 = LINE ( 'NONE', #2714, #3066 ) ;
#2779 = CARTESIAN_POINT ( 'NONE',  ( 1.068736389347417548, 2.395031409688019863, 2.496634822799524756 ) ) ;
#2780 = DIRECTION ( 'NONE',  ( 0.7071067811865457964, -0.7071067811865492381, 0.000000000000000000 ) ) ;
#2781 = ORIENTED_EDGE ( 'NONE', *, *, #1765, .F. ) ;
#2782 = DIRECTION ( 'NONE',  ( -1.332253022117619153E-16, 1.000000000000000000, -0.000000000000000000 ) ) ;
#2783 = CYLINDRICAL_SURFACE ( 'NONE', #2892, 2.250000000000000444 ) ;
#2784 = ORIENTED_EDGE ( 'NONE', *, *, #2958, .F. ) ;
#2785 = DIRECTION ( 'NONE',  ( -1.000000000000000000, 0.000000000000000000, 0.000000000000000000 ) ) ;
#2786 = CARTESIAN_POINT ( 'NONE',  ( 1.244429921367732561, 5.139464867081125377, -1.242982926273935806 ) ) ;
#2787 = CARTESIAN_POINT ( 'NONE',  ( -0.001023180043167708610, 7.764464867081124488, 1.758866492177963980 ) ) ;
#2788 = CARTESIAN_POINT ( 'NONE',  ( -1.577512011070596021, 1.356661651263873836, 1.604355277028128191 ) ) ;
#2789 = ORIENTED_EDGE ( 'NONE', *, *, #2631, .T. ) ;
#2790 = CARTESIAN_POINT ( 'NONE',  ( 1.242982926273937583, -9.110535132918876400, 1.244429921367732339 ) ) ;
#2791 =( BOUNDED_CURVE ( )  B_SPLINE_CURVE ( 2, ( #2845, #3511, #4136, #3829, #2884, #4183, #1828, #206, #1165, #2482, #3246 ),
 .UNSPECIFIED., .F., .F. ) 
 B_SPLINE_CURVE_WITH_KNOTS ( ( 3, 2, 2, 2, 2, 3 ),
 ( 0.7143512687683446494, 0.7202380952380952328, 0.7261904761904761640, 0.7321428571428570953, 0.7380952380952381375, 0.7381607925778685964 ),
 .UNSPECIFIED. ) 
 CURVE ( )  GEOMETRIC_REPRESENTATION_ITEM ( )  RATIONAL_B_SPLINE_CURVE ( ( 0.9983418125108547425, 0.9247178588724069837, 1.000000000000000000, 0.9238795325112867385, 1.000000000000000000, 0.9238795325112867385, 1.000000000000000000, 0.9238795325112867385, 1.000000000000000000, 0.9991616736388797548, 0.9983418125108547425 ) ) 
 REPRESENTATION_ITEM ( '' )  );
#2792 = CARTESIAN_POINT ( 'NONE',  ( -1.772382475105195310, -11.47761752489480358, 1.483478609017135818E-11 ) ) ;
#2793 = CARTESIAN_POINT ( 'NONE',  ( 0.001023180043167837630, 3.264464867081123600, -1.758866492177963980 ) ) ;
#2794 = ORIENTED_EDGE ( 'NONE', *, *, #1210, .T. ) ;
#2795 = CARTESIAN_POINT ( 'NONE',  ( -1.242982926273934252, -3.610535132918875512, -1.244429921367732339 ) ) ;
#2796 = CARTESIAN_POINT ( 'NONE',  ( -1.244429921367730341, -6.360535132918876400, 1.242982926273935806 ) ) ;
#2797 = EDGE_CURVE ( 'NONE', #2713, #808, #1462, .T. ) ;
#2798 = CARTESIAN_POINT ( 'NONE',  ( -0.01898105538776401549, 3.981661651263874280, -2.249919936250258434 ) ) ;
#2799 = CARTESIAN_POINT ( 'NONE',  ( -1.068736389347415994, 6.895031409688018975, -2.496634822799525200 ) ) ;
#2800 = CARTESIAN_POINT ( 'NONE',  ( -1.007630305053297759, 5.758898324474228225, -2.521945791657662639 ) ) ;
#2801 = CARTESIAN_POINT ( 'NONE',  ( -2.249999999999995559, 4.797962663936917949, -0.01051356683023896288 ) ) ;
#2802 = CARTESIAN_POINT ( 'NONE',  ( 1.753155743969580849, 1.707531409688019641, -1.794917275451909822 ) ) ;
#2803 = ORIENTED_EDGE ( 'NONE', *, *, #962, .F. ) ;
#2804 = DIRECTION ( 'NONE',  ( -1.332253022117619153E-16, 1.000000000000000000, -0.000000000000000000 ) ) ;
#2805 = ORIENTED_EDGE ( 'NONE', *, *, #1268, .F. ) ;
#2806 = DIRECTION ( 'NONE',  ( 0.4999999999999996669, 6.661265110588089603E-17, -0.8660254037844388186 ) ) ;
#2807 = CARTESIAN_POINT ( 'NONE',  ( 0.7275231754205375712, 5.826964867081126265, 1.759290307228593475 ) ) ;
#2808 = CARTESIAN_POINT ( 'NONE',  ( 1.242982926273935806, 5.889464867081126265, 1.244429921367732339 ) ) ;
#2809 = CARTESIAN_POINT ( 'NONE',  ( 1.604355277028128413, 1.606661651263874058, 1.577512011070596687 ) ) ;
#2810 = ORIENTED_EDGE ( 'NONE', *, *, #774, .T. ) ;
#2811 = CARTESIAN_POINT ( 'NONE',  ( 1.758866492177965535, -3.985535132918875512, 0.001023180043167258016 ) ) ;
#2812 = CARTESIAN_POINT ( 'NONE',  ( -2.249999999999997780, -7.769613470544320499, 1.360897470555578513E-15 ) ) ;
#2813 = CARTESIAN_POINT ( 'NONE',  ( 1.758866492177964647, 3.014464867081123600, 0.001023180043167258016 ) ) ;
#2814 = VERTEX_POINT ( 'NONE', #742 ) ;
#2815 = CARTESIAN_POINT ( 'NONE',  ( 1.759290307228595029, -3.923035132918875512, -0.7275231754205367940 ) ) ;
#2816 = ADVANCED_FACE ( 'NONE', ( #439 ), #3781, .T. ) ;
#2817 = CARTESIAN_POINT ( 'NONE',  ( -0.7275231754205353507, -3.673035132918875512, -1.759290307228593475 ) ) ;
#2818 = CARTESIAN_POINT ( 'NONE',  ( -1.604355277028126192, -8.893338348736127941, -1.577512011070596687 ) ) ;
#2819 =( BOUNDED_CURVE ( )  B_SPLINE_CURVE ( 2, ( #4162, #1853, #1912, #2866, #3247, #2241, #1567, #851, #4200, #1547, #2908 ),
 .UNSPECIFIED., .F., .F. ) 
 B_SPLINE_CURVE_WITH_KNOTS ( ( 3, 2, 2, 2, 2, 3 ),
 ( 0.1665940535381464360, 0.1666666666666666297, 0.1726190476190475609, 0.1785714285714284921, 0.1845238095238095344, 0.1904035773476702720 ),
 .UNSPECIFIED. ) 
 CURVE ( )  GEOMETRIC_REPRESENTATION_ITEM ( )  RATIONAL_B_SPLINE_CURVE ( ( 0.9981654678299756167, 0.9990714059914858058, 1.000000000000000000, 0.9238795325112867385, 1.000000000000000000, 0.9238795325112867385, 1.000000000000000000, 0.9238795325112867385, 1.000000000000000000, 0.9248081265198009326, 0.9981654678299756167 ) ) 
 REPRESENTATION_ITEM ( '' )  );
#2820 = CARTESIAN_POINT ( 'NONE',  ( 2.521945791657662639, 6.508898324474225561, -1.007630305053297981 ) ) ;
#2821 = CARTESIAN_POINT ( 'NONE',  ( 1.577512011070596687, 7.856661651263873836, -1.604355277028128191 ) ) ;
#2822 = CARTESIAN_POINT ( 'NONE',  ( -6.919358041228400441E-16, 12.00000000000000000, 0.000000000000000000 ) ) ;
#2823 = CARTESIAN_POINT ( 'NONE',  ( 0.02102667456217127001, 4.547257608502736304, -2.249901748734116858 ) ) ;
#2824 = CARTESIAN_POINT ( 'NONE',  ( 2.249901748734118634, -2.702742391497263696, 0.02102667456217082939 ) ) ;
#2825 = ORIENTED_EDGE ( 'NONE', *, *, #1214, .T. ) ;
#2826 = CARTESIAN_POINT ( 'NONE',  ( -1.577512011070595355, -4.643338348736126164, 1.604355277028128191 ) ) ;
#2827 = ORIENTED_EDGE ( 'NONE', *, *, #276, .F. ) ;
#2828 = CARTESIAN_POINT ( 'NONE',  ( 2.249999999999997335, -1.702037336063082718, 0.01051356683023878420 ) ) ;
#2829 = CARTESIAN_POINT ( 'NONE',  ( -1.758866492177964425, 8.514464867081125377, -0.001023180043167467483 ) ) ;
#2830 = AXIS2_PLACEMENT_3D ( 'NONE', #38, #357, #4000 ) ;
#2831 = LINE ( 'NONE', #4104, #366 ) ;
#2832 = CARTESIAN_POINT ( 'NONE',  ( 1.604355277028129523, -7.393338348736126164, 1.577512011070596687 ) ) ;
#2833 = CARTESIAN_POINT ( 'NONE',  ( -0.7295695355068707588, -4.298035132918875512, 1.758442677127334042 ) ) ;
#2834 = CARTESIAN_POINT ( 'NONE',  ( -2.249999999999993783, -4.201329582214889946, -5.604086460562884364E-15 ) ) ;
#2835 = CARTESIAN_POINT ( 'NONE',  ( -0.7275231754205361279, 2.326964867081124488, -1.759290307228593475 ) ) ;
#2836 = ORIENTED_EDGE ( 'NONE', *, *, #1605, .F. ) ;
#2837 = EDGE_CURVE ( 'NONE', #1832, #2847, #1029, .T. ) ;
#2838 = CARTESIAN_POINT ( 'NONE',  ( 0.7275231754205391255, -6.173035132918876400, 1.759290307228593475 ) ) ;
#2839 = AXIS2_PLACEMENT_3D ( 'NONE', #3899, #3603, #1926 ) ;
#2840 = CARTESIAN_POINT ( 'NONE',  ( -0.6833390021460645780, -11.00000000000000000, 2.143722885110391996 ) ) ;
#2841 = CARTESIAN_POINT ( 'NONE',  ( -2.508866492177963980, 4.946398324474228225, -0.03157622219022782756 ) ) ;
#2842 = CARTESIAN_POINT ( 'NONE',  ( 0.9759901563457444862, -11.27685873815884676, 1.719457502991100784 ) ) ;
#2843 = EDGE_CURVE ( 'NONE', #866, #2474, #307, .T. ) ;
#2844 =( BOUNDED_CURVE ( )  B_SPLINE_CURVE ( 2, ( #2298, #1601, #2941, #4257, #2988, #372, #601, #3646, #1280, #1579, #3584 ),
 .UNSPECIFIED., .F., .F. ) 
 B_SPLINE_CURVE_WITH_KNOTS ( ( 3, 2, 2, 2, 2, 3 ),
 ( 0.6667322211492969775, 0.6726190476190476719, 0.6785714285714286031, 0.6845238095238095344, 0.6904761904761904656, 0.6905417449588209244 ),
 .UNSPECIFIED. ) 
 CURVE ( )  GEOMETRIC_REPRESENTATION_ITEM ( )  RATIONAL_B_SPLINE_CURVE ( ( 0.9983418125108576291, 0.9247178588724056514, 1.000000000000000000, 0.9238795325112867385, 1.000000000000000000, 0.9238795325112867385, 1.000000000000000000, 0.9238795325112867385, 1.000000000000000000, 0.9991616736388797548, 0.9983418125108547425 ) ) 
 REPRESENTATION_ITEM ( '' )  );
#2845 = CARTESIAN_POINT ( 'NONE',  ( -2.249999999999998224, -6.769613470544320499, 1.540766712299831859E-15 ) ) ;
#2846 = CARTESIAN_POINT ( 'NONE',  ( 1.794917275451911154, -6.542468590311981025, 1.753155743969580405 ) ) ;
#2847 = VERTEX_POINT ( 'NONE', #403 ) ;
#2848 = CARTESIAN_POINT ( 'NONE',  ( -6.919358041228400441E-16, 12.00000000000000000, 0.000000000000000000 ) ) ;
#2849 = VERTEX_POINT ( 'NONE', #1698 ) ;
#2850 = VERTEX_POINT ( 'NONE', #4196 ) ;
#2851 = VECTOR ( 'NONE', #1028, 1000.000000000000000 ) ;
#2852 = CARTESIAN_POINT ( 'NONE',  ( -1.758442677127334930, 8.451964867081125377, -0.7295695355068716470 ) ) ;
#2853 = CARTESIAN_POINT ( 'NONE',  ( 2.249999999999996447, 3.297962663936916172, 0.01051356683023869053 ) ) ;
#2854 = CARTESIAN_POINT ( 'NONE',  ( -2.249999999999999556, 3.230386529455678613, 1.715545315126795680E-15 ) ) ;
#2855 = CARTESIAN_POINT ( 'NONE',  ( -0.001023180043166376559, -2.235535132918875956, 1.758866492177963980 ) ) ;
#2856 = CARTESIAN_POINT ( 'NONE',  ( -1.009676665139633611, -11.72996859031198191, 2.521098161556403650 ) ) ;
#2857 = CARTESIAN_POINT ( 'NONE',  ( 0.7275231754205376822, 3.826964867081124932, 1.759290307228593475 ) ) ;
#2858 = ORIENTED_EDGE ( 'NONE', *, *, #920, .F. ) ;
#2859 = CARTESIAN_POINT ( 'NONE',  ( 0.7295695355068729793, -4.798035132918874623, -1.758442677127334708 ) ) ;
#2860 = CARTESIAN_POINT ( 'NONE',  ( 0.001023180043169036541, -5.735535132918875512, -1.758866492177963980 ) ) ;
#2861 = CARTESIAN_POINT ( 'NONE',  ( -6.919358041228400441E-16, 12.00000000000000000, 0.000000000000000000 ) ) ;
#2862 = CARTESIAN_POINT ( 'NONE',  ( -1.070782749433754066, 3.133898324474228669, 2.495787192698265766 ) ) ;
#2863 = CARTESIAN_POINT ( 'NONE',  ( 2.242057725680492553, -0.2058383487361258035, -0.9509284072362309548 ) ) ;
#2864 = FACE_OUTER_BOUND ( 'NONE', #660, .T. ) ;
#2865 = CARTESIAN_POINT ( 'NONE',  ( 2.249999999999995559, 4.298670417785110054, -1.036637192644401631E-14 ) ) ;
#2866 = CARTESIAN_POINT ( 'NONE',  ( 2.241192214958859896, 5.234757608502736304, 0.9529664928947871871 ) ) ;
#2867 = EDGE_CURVE ( 'NONE', #1803, #87, #911, .T. ) ;
#2868 = CARTESIAN_POINT ( 'NONE',  ( -1.068736389347414439, -8.104968590311980137, -2.496634822799525200 ) ) ;
#2869 = ORIENTED_EDGE ( 'NONE', *, *, #3033, .F. ) ;
#2870 = CYLINDRICAL_SURFACE ( 'NONE', #4217, 2.250000000000000444 ) ;
#2871 = DIRECTION ( 'NONE',  ( -1.000000000000000000, 0.000000000000000000, 0.000000000000000000 ) ) ;
#2872 = CARTESIAN_POINT ( 'NONE',  ( -2.508866492177961760, -11.05360167552577266, -0.03157622219022782756 ) ) ;
#2873 = CARTESIAN_POINT ( 'NONE',  ( -1.242982926273935584, 6.389464867081122712, -1.244429921367732339 ) ) ;
#2874 = CARTESIAN_POINT ( 'NONE',  ( -2.242057725680489444, -7.705838348736126164, 0.9509284072362306217 ) ) ;
#2875 = CARTESIAN_POINT ( 'NONE',  ( -0.7295695355068707588, -5.298035132918875512, 1.758442677127334042 ) ) ;
#2876 = FACE_OUTER_BOUND ( 'NONE', #3470, .T. ) ;
#2877 = CARTESIAN_POINT ( 'NONE',  ( -1.759290307228593475, 5.576964867081126265, 0.7275231754205363499 ) ) ;
#2878 = CARTESIAN_POINT ( 'NONE',  ( 0.7295695355068728682, -3.798035132918875068, -1.758442677127334708 ) ) ;
#2879 = CARTESIAN_POINT ( 'NONE',  ( 0.7295695355068728682, -4.798035132918874623, -1.758442677127334486 ) ) ;
#2880 = DIRECTION ( 'NONE',  ( -1.000000000000000000, 0.000000000000000000, 0.000000000000000000 ) ) ;
#2881 = CARTESIAN_POINT ( 'NONE',  ( -6.919358041228400441E-16, 12.00000000000000000, 0.000000000000000000 ) ) ;
#2882 = FACE_OUTER_BOUND ( 'NONE', #3894, .T. ) ;
#2883 = CARTESIAN_POINT ( 'NONE',  ( 1.244429921367735004, -11.86053513291887640, -1.242982926273935806 ) ) ;
#2884 = CARTESIAN_POINT ( 'NONE',  ( -0.01898105538776254791, -7.018338348736126164, -2.249919936250258434 ) ) ;
#2885 = CARTESIAN_POINT ( 'NONE',  ( -2.249999999999994671, 1.798670417785110276, 1.048517448617733223E-14 ) ) ;
#2886 = CARTESIAN_POINT ( 'NONE',  ( 1.007630305053299979, -2.741101675525771775, 2.521945791657662195 ) ) ;
#2887 = B_SPLINE_CURVE_WITH_KNOTS ( 'NONE', 3,
 ( #2613, #1654, #702, #2667 ),
 .UNSPECIFIED., .F., .F.,
 ( 4, 4 ),
 ( 0.000000000000000000, 6.531696917534801747E-05 ),
 .UNSPECIFIED. ) ;
#2888 = CARTESIAN_POINT ( 'NONE',  ( 0.02952986210389204821, -5.667468590311981025, 2.508866492177964425 ) ) ;
#2889 = ORIENTED_EDGE ( 'NONE', *, *, #458, .T. ) ;
#2890 = ADVANCED_FACE ( 'NONE', ( #4156 ), #1566, .T. ) ;
#2891 = CARTESIAN_POINT ( 'NONE',  ( -1.070782749433752512, -9.866101675525772663, 2.495787192698265766 ) ) ;
#2892 = AXIS2_PLACEMENT_3D ( 'NONE', #1129, #810, #2442 ) ;
#2893 = CARTESIAN_POINT ( 'NONE',  ( 1.299038105676657340, 10.00000000000000000, 0.7500000000000000000 ) ) ;
#2894 = PLANE ( 'NONE',  #1102 ) ;
#2895 = CARTESIAN_POINT ( 'NONE',  ( 1.242982926273936917, -4.110535132918875512, 1.244429921367732339 ) ) ;
#2896 = CARTESIAN_POINT ( 'NONE',  ( 2.508866492177967089, -12.41746859031198014, -0.02952986210389084779 ) ) ;
#2897 = CARTESIAN_POINT ( 'NONE',  ( 0.7295695355068715360, 6.201964867081122712, -1.758442677127334486 ) ) ;
#2898 = CARTESIAN_POINT ( 'NONE',  ( 1.244429921367733449, -0.8605351329188763998, -1.242982926273935806 ) ) ;
#2899 = CARTESIAN_POINT ( 'NONE',  ( 1.758866492177964869, 1.014464867081125377, 0.001023180043167258016 ) ) ;
#2900 = CARTESIAN_POINT ( 'NONE',  ( -2.249999999999997335, -8.769613470544317835, 1.360897470555578513E-15 ) ) ;
#2901 = ORIENTED_EDGE ( 'NONE', *, *, #3087, .T. ) ;
#2902 = CARTESIAN_POINT ( 'NONE',  ( 2.250000000000002220, -8.331582707743592664, 0.9208808658774146894 ) ) ;
#2903 = EDGE_CURVE ( 'NONE', #2465, #745, #275, .T. ) ;
#2904 = CARTESIAN_POINT ( 'NONE',  ( -0.9109131437704418577, -7.390242391497265473, -2.258611282509372931 ) ) ;
#2905 = CARTESIAN_POINT ( 'NONE',  ( 0.7275231754205395696, -11.17303513291887462, 1.759290307228593475 ) ) ;
#2906 = VECTOR ( 'NONE', #1310, 1000.000000000000114 ) ;
#2907 = CARTESIAN_POINT ( 'NONE',  ( 1.605788887702079837, 4.422257608502735415, -1.576052679364651876 ) ) ;
#2908 = CARTESIAN_POINT ( 'NONE',  ( -2.249999999999995559, 4.798670417785111830, 1.048517448617733223E-14 ) ) ;
#2909 = CARTESIAN_POINT ( 'NONE',  ( 0.03157622219022902799, -3.303601675525772219, -2.508866492177964425 ) ) ;
#2910 = VECTOR ( 'NONE', #560, 1000.000000000000000 ) ;
#2911 = ORIENTED_EDGE ( 'NONE', *, *, #1321, .T. ) ;
#2912 = CARTESIAN_POINT ( 'NONE',  ( 2.508866492177966201, -4.417468590311981025, -0.02952986210389084779 ) ) ;
#2913 = ORIENTED_EDGE ( 'NONE', *, *, #2683, .T. ) ;
#2914 = CARTESIAN_POINT ( 'NONE',  ( 1.604355277028128191, 4.606661651263874724, 1.577512011070596687 ) ) ;
#2915 = CARTESIAN_POINT ( 'NONE',  ( -0.03157622219022603732, -7.803601675525772663, 2.508866492177964425 ) ) ;
#2916 = LINE ( 'NONE', #1950, #1514 ) ;
#2917 = VECTOR ( 'NONE', #4161, 1000.000000000000000 ) ;
#2918 = CARTESIAN_POINT ( 'NONE',  ( 2.249999999999999556, 12.00000000000000000, 2.755455298081544778E-16 ) ) ;
#2919 = ORIENTED_EDGE ( 'NONE', *, *, #2215, .F. ) ;
#2920 = CARTESIAN_POINT ( 'NONE',  ( 2.250000000000001332, 1.731025191032435240, -0.009490696551820264684 ) ) ;
#2921 = CARTESIAN_POINT ( 'NONE',  ( 1.068736389347419102, -9.604968590311980137, 2.496634822799524756 ) ) ;
#2922 = CARTESIAN_POINT ( 'NONE',  ( -2.249999999999993783, -2.201329582214890834, -5.604086460562884364E-15 ) ) ;
#2923 = CARTESIAN_POINT ( 'NONE',  ( -1.758442677127333598, -0.5480351329188760667, -0.7295695355068716470 ) ) ;
#2924 = CARTESIAN_POINT ( 'NONE',  ( -1.244429921367731451, 0.6394648670811249325, 1.242982926273935806 ) ) ;
#2925 = CARTESIAN_POINT ( 'NONE',  ( -3.500000000000000444, 12.00000000000000000, 0.000000000000000000 ) ) ;
#2926 = CARTESIAN_POINT ( 'NONE',  ( -0.001023180043165177432, -11.23553513291887462, 1.758866492177963980 ) ) ;
#2927 = DIRECTION ( 'NONE',  ( -1.332253022117619153E-16, 1.000000000000000000, -0.000000000000000000 ) ) ;
#2928 = CARTESIAN_POINT ( 'NONE',  ( -1.758442677127332043, -11.54803513291887640, -0.7295695355068716470 ) ) ;
#2929 = CARTESIAN_POINT ( 'NONE',  ( -2.249999999999992895, -7.201329582214888170, 2.343804785595805608E-15 ) ) ;
#2930 = CARTESIAN_POINT ( 'NONE',  ( -2.250000000000001332, 12.00000000000000000, 0.000000000000000000 ) ) ;
#2931 = APPLICATION_CONTEXT ( 'configuration controlled 3d designs of mechanical parts and assemblies' ) ;
#2932 = CARTESIAN_POINT ( 'NONE',  ( -2.495787192698264878, -1.116101675525771997, -1.070782749433753400 ) ) ;
#2933 = VERTEX_POINT ( 'NONE', #2840 ) ;
#2934 =( BOUNDED_CURVE ( )  B_SPLINE_CURVE ( 2, ( #4240, #3306, #3925, #1114, #1417, #2391, #3061, #3715, #73, #4033, #3103 ),
 .UNSPECIFIED., .F., .F. ) 
 B_SPLINE_CURVE_WITH_KNOTS ( ( 3, 2, 2, 2, 2, 3 ),
 ( 0.8333988878159637181, 0.8392857142857141906, 0.8452380952380952328, 0.8511904761904761640, 0.8571428571428570953, 0.8572084116254875541 ),
 .UNSPECIFIED. ) 
 CURVE ( )  GEOMETRIC_REPRESENTATION_ITEM ( )  RATIONAL_B_SPLINE_CURVE ( ( 0.9983418125108547425, 0.9247178588724069837, 1.000000000000000000, 0.9238795325112867385, 1.000000000000000000, 0.9238795325112867385, 1.000000000000000000, 0.9238795325112867385, 1.000000000000000000, 0.9991616736388797548, 0.9983418125108547425 ) ) 
 REPRESENTATION_ITEM ( '' )  );
#2935 = CARTESIAN_POINT ( 'NONE',  ( 1.068736389347418436, -4.604968590311980137, 2.496634822799524756 ) ) ;
#2936 = CARTESIAN_POINT ( 'NONE',  ( 2.249999999999999556, 12.00000000000000000, 2.755455298081544778E-16 ) ) ;
#2937 = CARTESIAN_POINT ( 'NONE',  ( 1.070782749433755621, -11.36610167552577266, -2.495787192698266654 ) ) ;
#2938 = CARTESIAN_POINT ( 'NONE',  ( -0.9509284072362307327, 6.044161651263872059, -2.242057725680490776 ) ) ;
#2939 = FACE_OUTER_BOUND ( 'NONE', #3451, .T. ) ;
#2940 = VERTEX_POINT ( 'NONE', #3180 ) ;
#2941 = CARTESIAN_POINT ( 'NONE',  ( -1.604355277028126414, -5.893338348736124388, -1.577512011070596687 ) ) ;
#2942 = CARTESIAN_POINT ( 'NONE',  ( 1.794917275451911820, -10.54246859031198014, 1.753155743969580405 ) ) ;
#2943 = CARTESIAN_POINT ( 'NONE',  ( 1.758866492177963980, 7.014464867081123600, 0.001023180043167258016 ) ) ;
#2944 = CARTESIAN_POINT ( 'NONE',  ( -1.759290307228593253, -1.423035132918875068, 0.7275231754205364609 ) ) ;
#2945 = EDGE_CURVE ( 'NONE', #2533, #3048, #605, .T. ) ;
#2946 = CARTESIAN_POINT ( 'NONE',  ( -1.242982926273934696, -0.6105351329188761778, -1.244429921367732339 ) ) ;
#2947 = CARTESIAN_POINT ( 'NONE',  ( -2.249999999999985345, -9.831582707743594440, -0.9208808658774270128 ) ) ;
#2948 = ORIENTED_EDGE ( 'NONE', *, *, #249, .T. ) ;
#2949 = CARTESIAN_POINT ( 'NONE',  ( 2.250000000000000000, 4.730386529455679501, -1.605248138585507851E-15 ) ) ;
#2950 = CARTESIAN_POINT ( 'NONE',  ( -1.244429921367730119, -10.36053513291887640, 1.242982926273935806 ) ) ;
#2951 = EDGE_CURVE ( 'NONE', #2933, #542, #3004, .T. ) ;
#2952 = CARTESIAN_POINT ( 'NONE',  ( -1.757636160943576886, -11.49113321021635414, -0.06578381219823406512 ) ) ;
#2953 = CARTESIAN_POINT ( 'NONE',  ( 1.796364270545709019, -0.4286016755257731625, -1.751708748875781652 ) ) ;
#2954 = CARTESIAN_POINT ( 'NONE',  ( 2.521098161556404094, -3.479968590311979693, 1.009676665139636276 ) ) ;
#2955 = CARTESIAN_POINT ( 'NONE',  ( 1.794917275451909822, 3.457531409688019419, 1.753155743969580405 ) ) ;
#2956 = CARTESIAN_POINT ( 'NONE',  ( -1.577512011070596687, 7.356661651263872947, 1.604355277028128191 ) ) ;
#2957 =( BOUNDED_CURVE ( )  B_SPLINE_CURVE ( 2, ( #2516, #515, #578, #883, #4106, #3172, #3541, #1154, #195, #3521, #4190 ),
 .UNSPECIFIED., .F., .F. ) 
 B_SPLINE_CURVE_WITH_KNOTS ( ( 3, 2, 2, 2, 2, 3 ),
 ( 0.4762560306731066229, 0.4821428571428570953, 0.4880952380952380820, 0.4940476190476190133, 0.5000000000000000000, 0.5000655544826304588 ),
 .UNSPECIFIED. ) 
 CURVE ( )  GEOMETRIC_REPRESENTATION_ITEM ( )  RATIONAL_B_SPLINE_CURVE ( ( 0.9983418125108547425, 0.9247178588724069837, 1.000000000000000000, 0.9238795325112867385, 1.000000000000000000, 0.9238795325112867385, 1.000000000000000000, 0.9238795325112867385, 1.000000000000000000, 0.9991616736388797548, 0.9983418125108547425 ) ) 
 REPRESENTATION_ITEM ( '' )  );
#2958 = EDGE_CURVE ( 'NONE', #751, #3032, #1610, .T. ) ;
#2959 = CARTESIAN_POINT ( 'NONE',  ( 1.070782749433755399, -9.366101675525770887, -2.495787192698266654 ) ) ;
#2960 = CARTESIAN_POINT ( 'NONE',  ( -2.242057725680489888, -5.705838348736127053, 0.9509284072362306217 ) ) ;
#2961 = ORIENTED_EDGE ( 'NONE', *, *, #3811, .T. ) ;
#2962 = CARTESIAN_POINT ( 'NONE',  ( -2.249999999999998668, 2.230386529455679501, 1.360897470555578513E-15 ) ) ;
#2963 = CLOSED_SHELL ( 'NONE', ( #2890, #3166, #550, #3634, #2816, #3093, #3411, #506, #784, #558, #1670, #1160, #3545, #2974, #30, #1405, #648, #912, #511, #3224, #699, #254, #3280, #3904, #3490, #3763, #159, #2492, #1893, #1185, #3513, #3731, #3852, #2572, #2178, #1084, #478, #1140, #1411, #1350, #1572, #2264, #1290, #735, #143, #4159, #829, #68, #4115, #1169, #3621, #3234, #1558, #2200, #3618, #2757, #2707, #2351, #2535, #769, #807 ) ) ;
#2964 = CARTESIAN_POINT ( 'NONE',  ( 1.009676665139637386, -11.22996859031198014, -2.521098161556404094 ) ) ;
#2965 = CARTESIAN_POINT ( 'NONE',  ( -1.242982926273935584, 6.389464867081122712, -1.244429921367732339 ) ) ;
#2966 = CARTESIAN_POINT ( 'NONE',  ( 0.7275231754205380152, 0.8269648670811252655, 1.759290307228593475 ) ) ;
#2967 = CARTESIAN_POINT ( 'NONE',  ( -1.759290307228593253, 1.576964867081124266, 0.7275231754205363499 ) ) ;
#2968 = CARTESIAN_POINT ( 'NONE',  ( 1.604355277028129079, -2.393338348736126164, 1.577512011070596687 ) ) ;
#2969 = CARTESIAN_POINT ( 'NONE',  ( 0.7295695355068737564, -10.79803513291887640, -1.758442677127334486 ) ) ;
#2970 = CARTESIAN_POINT ( 'NONE',  ( 1.007630305053298425, 7.258898324474226449, 2.521945791657662195 ) ) ;
#2971 = CARTESIAN_POINT ( 'NONE',  ( -2.249999999999998224, -1.769613470544320499, 1.360897470555578513E-15 ) ) ;
#2972 = CARTESIAN_POINT ( 'NONE',  ( 2.249999999999996891, -0.7013295822148902792, -1.076011755298871693E-14 ) ) ;
#2973 = CARTESIAN_POINT ( 'NONE',  ( 2.249999999999997780, -9.701329582214890834, 1.405264563702625794E-15 ) ) ;
#2974 = ADVANCED_FACE ( 'NONE', ( #227 ), #1522, .T. ) ;
#2975 = CARTESIAN_POINT ( 'NONE',  ( 1.796364270545709241, -1.428601675525772219, -1.751708748875781652 ) ) ;
#2976 = CARTESIAN_POINT ( 'NONE',  ( -0.9109131437704430789, 1.609757608502734749, -2.258611282509372931 ) ) ;
#2977 = ORIENTED_EDGE ( 'NONE', *, *, #3598, .F. ) ;
#2978 = CARTESIAN_POINT ( 'NONE',  ( -2.508866492177963092, -1.917468590311980137, 0.02952986210389053900 ) ) ;
#2979 = CARTESIAN_POINT ( 'NONE',  ( 2.496634822799525644, 3.645031409688019419, -1.068736389347416216 ) ) ;
#2980 = CONICAL_SURFACE ( 'NONE', #3687, 2.250000000000000444, 0.7853981633974509435 ) ;
#2981 = CARTESIAN_POINT ( 'NONE',  ( -2.249901748734114637, -8.202742391497263696, -0.02102667456217110348 ) ) ;
#2982 = CARTESIAN_POINT ( 'NONE',  ( -2.495787192698264434, -5.116101675525771775, -1.070782749433753400 ) ) ;
#2983 = EDGE_CURVE ( 'NONE', #745, #1533, #1886, .T. ) ;
#2984 =( BOUNDED_CURVE ( )  B_SPLINE_CURVE ( 2, ( #2663, #1629, #2609, #2326, #3040, #2637, #3611, #75, #2306, #680, #2971 ),
 .UNSPECIFIED., .F., .F. ) 
 B_SPLINE_CURVE_WITH_KNOTS ( ( 3, 2, 2, 2, 2, 3 ),
 ( 0.4524465068635827314, 0.4583333333333332593, 0.4642857142857143016, 0.4702380952380952328, 0.4761904761904761640, 0.4762560306731066229 ),
 .UNSPECIFIED. ) 
 CURVE ( )  GEOMETRIC_REPRESENTATION_ITEM ( )  RATIONAL_B_SPLINE_CURVE ( ( 0.9983418125108560748, 0.9247178588724063175, 1.000000000000000000, 0.9238795325112867385, 1.000000000000000000, 0.9238795325112867385, 1.000000000000000000, 0.9238795325112867385, 1.000000000000000000, 0.9991616736388797548, 0.9983418125108547425 ) ) 
 REPRESENTATION_ITEM ( '' )  );
#2985 = CARTESIAN_POINT ( 'NONE',  ( -2.249999999999994671, 2.798670417785111386, 1.048517448617733223E-14 ) ) ;
#2986 = CARTESIAN_POINT ( 'NONE',  ( 0.7663622792349796820, -11.04812490035959982, -2.069815909115973351 ) ) ;
#2987 = VERTEX_POINT ( 'NONE', #2259 ) ;
#2988 = CARTESIAN_POINT ( 'NONE',  ( -0.01898105538776268322, -6.018338348736126164, -2.249919936250258434 ) ) ;
#2989 = CARTESIAN_POINT ( 'NONE',  ( -2.508866492177961760, -10.91746859031198191, 0.02952986210389053900 ) ) ;
#2990 = CARTESIAN_POINT ( 'NONE',  ( 1.759290307228594141, 2.076964867081124488, -0.7275231754205367940 ) ) ;
#2991 = AXIS2_PLACEMENT_3D ( 'NONE', #49, #3944, #3323 ) ;
#2992 = CARTESIAN_POINT ( 'NONE',  ( -0.001023180043166509699, -1.235535132918875068, 1.758866492177963980 ) ) ;
#2993 = VERTEX_POINT ( 'NONE', #7 ) ;
#2994 = CARTESIAN_POINT ( 'NONE',  ( -1.299038105676659560, 10.00000000000000000, -0.7500000000000007772 ) ) ;
#2995 = CARTESIAN_POINT ( 'NONE',  ( -2.250000000000001332, 12.00000000000000000, 0.000000000000000000 ) ) ;
#2996 = CARTESIAN_POINT ( 'NONE',  ( 1.299038105676656896, 10.00000000000000000, -0.7500000000000005551 ) ) ;
#2997 = CARTESIAN_POINT ( 'NONE',  ( -0.7275231754205342405, -11.67303513291887640, -1.759290307228593475 ) ) ;
#2998 = EDGE_CURVE ( 'NONE', #1533, #3900, #211, .T. ) ;
#2999 = CARTESIAN_POINT ( 'NONE',  ( 0.001023180043169702675, -10.73553513291887640, -1.758866492177963980 ) ) ;
#3000 = CARTESIAN_POINT ( 'NONE',  ( -2.241192214958859008, -5.265242391497263696, -0.9529664928947859659 ) ) ;
#3001 = CARTESIAN_POINT ( 'NONE',  ( -1.751708748875780763, -0.1786016755257729405, -1.796364270545708131 ) ) ;
#3002 = DIRECTION ( 'NONE',  ( -1.000000000000000000, 0.000000000000000000, 0.000000000000000000 ) ) ;
#3003 = ORIENTED_EDGE ( 'NONE', *, *, #3087, .F. ) ;
#3004 = B_SPLINE_CURVE_WITH_KNOTS ( 'NONE', 3,
 ( #1483, #3865, #183, #1223, #870, #890, #845, #3883, #500, #914, #546, #3221 ),
 .UNSPECIFIED., .F., .F.,
 ( 4, 2, 2, 2, 2, 4 ),
 ( 0.000000000000000000, 0.0006528193997451410806, 0.001305638799490282161, 0.001632048499362852810, 0.001958458199235423025, 0.002611277598980562588 ),
 .UNSPECIFIED. ) ;
#3005 = CARTESIAN_POINT ( 'NONE',  ( 1.753155743969581293, -0.2924685903119804697, -1.794917275451909822 ) ) ;
#3006 = CARTESIAN_POINT ( 'NONE',  ( 2.521098161556404094, 3.520031409688019419, 1.009676665139636276 ) ) ;
#3007 =( NAMED_UNIT ( * ) PLANE_ANGLE_UNIT ( ) SI_UNIT ( $, .RADIAN. ) );
#3008 = CARTESIAN_POINT ( 'NONE',  ( -0.03157622219022630794, -5.803601675525772663, 2.508866492177964425 ) ) ;
#3009 = CARTESIAN_POINT ( 'NONE',  ( 2.242057725680492997, -5.205838348736125276, -0.9509284072362309548 ) ) ;
#3010 = CARTESIAN_POINT ( 'NONE',  ( -2.249999999999984013, 5.860582036649071291, 0.9196868998405859363 ) ) ;
#3011 = ORIENTED_EDGE ( 'NONE', *, *, #238, .F. ) ;
#3012 = CYLINDRICAL_SURFACE ( 'NONE', #708, 2.250000000000000444 ) ;
#3013 = CARTESIAN_POINT ( 'NONE',  ( 0.02952986210389258251, -9.667468590311981913, 2.508866492177964425 ) ) ;
#3014 = CARTESIAN_POINT ( 'NONE',  ( -1.758866492177963314, 1.514464867081124044, -0.001023180043167467483 ) ) ;
#3015 =( BOUNDED_CURVE ( )  B_SPLINE_CURVE ( 2, ( #1723, #1485, #2777, #3400, #1122, #3069, #3783, #2863, #916, #935, #4244 ),
 .UNSPECIFIED., .F., .F. ) 
 B_SPLINE_CURVE_WITH_KNOTS ( ( 3, 2, 2, 2, 2, 3 ),
 ( 0.3810179354350113345, 0.3869047619047618625, 0.3928571428571427937, 0.3988095238095238360, 0.4047619047619047672, 0.4048274592445351705 ),
 .UNSPECIFIED. ) 
 CURVE ( )  GEOMETRIC_REPRESENTATION_ITEM ( )  RATIONAL_B_SPLINE_CURVE ( ( 0.9983418125108560748, 0.9247178588724063175, 1.000000000000000000, 0.9238795325112867385, 1.000000000000000000, 0.9238795325112867385, 1.000000000000000000, 0.9238795325112867385, 1.000000000000000000, 0.9991616736388804210, 0.9983418125108560748 ) ) 
 REPRESENTATION_ITEM ( '' )  );
#3016 = CARTESIAN_POINT ( 'NONE',  ( -0.7295695355068716470, 1.701964867081124488, 1.758442677127334042 ) ) ;
#3017 = CARTESIAN_POINT ( 'NONE',  ( -6.919358041228400441E-16, 12.00000000000000000, 0.000000000000000000 ) ) ;
#3018 = CARTESIAN_POINT ( 'NONE',  ( 2.249999999999997335, -2.701329582214889502, 5.529410565873372312E-15 ) ) ;
#3019 = CARTESIAN_POINT ( 'NONE',  ( 2.249999999999993783, -3.639417963350930485, -0.9196868998405792750 ) ) ;
#3020 = CARTESIAN_POINT ( 'NONE',  ( 1.242982926273936473, -1.110535132918874845, 1.244429921367732339 ) ) ;
#3021 = CARTESIAN_POINT ( 'NONE',  ( -1.767930914243084795, -11.48206908575709662, -0.02199091227122077982 ) ) ;
#3022 = CARTESIAN_POINT ( 'NONE',  ( -2.249999999999994227, -3.201329582214889058, 1.048517448617733223E-14 ) ) ;
#3023 = CARTESIAN_POINT ( 'NONE',  ( -2.495787192698265322, 0.8838983244742281142, -1.070782749433753400 ) ) ;
#3024 = LINE ( 'NONE', #744, #1703 ) ;
#3025 = EDGE_LOOP ( 'NONE', ( #2237, #4120, #3150, #664 ) ) ;
#3026 = CARTESIAN_POINT ( 'NONE',  ( 2.496634822799526532, -2.354968590311981025, -1.068736389347416216 ) ) ;
#3027 = CARTESIAN_POINT ( 'NONE',  ( -0.02952986210389016430, 2.832531409688018975, -2.508866492177964425 ) ) ;
#3028 = APPROVAL_DATE_TIME ( #3052, #225 ) ;
#3029 = CARTESIAN_POINT ( 'NONE',  ( 1.751708748875782984, -6.678601675525772663, 1.796364270545708353 ) ) ;
#3030 = CARTESIAN_POINT ( 'NONE',  ( 1.577512011070598241, -4.143338348736126164, -1.604355277028128191 ) ) ;
#3031 = DIRECTION ( 'NONE',  ( -1.332253022117619153E-16, 1.000000000000000000, -0.000000000000000000 ) ) ;
#3032 = VERTEX_POINT ( 'NONE', #376 ) ;
#3033 = EDGE_CURVE ( 'NONE', #3771, #48, #2035, .T. ) ;
#3034 = CARTESIAN_POINT ( 'NONE',  ( 1.802474533832259640, 8.000000000000000000, -0.4359383586446262115 ) ) ;
#3035 = CARTESIAN_POINT ( 'NONE',  ( -0.7295695355068719801, 3.701964867081124488, 1.758442677127334264 ) ) ;
#3036 = CARTESIAN_POINT ( 'NONE',  ( -0.001023180043167175833, 3.764464867081124488, 1.758866492177963980 ) ) ;
#3037 = CARTESIAN_POINT ( 'NONE',  ( -0.6833390021460223895, 8.000000000000003553, 2.143722885110401766 ) ) ;
#3038 = CARTESIAN_POINT ( 'NONE',  ( 0.001023180043169303038, -7.735535132918875512, -1.758866492177963980 ) ) ;
#3039 = CARTESIAN_POINT ( 'NONE',  ( -1.590345952757922595E-16, 8.000000000000000000, 0.000000000000000000 ) ) ;
#3040 = CARTESIAN_POINT ( 'NONE',  ( 0.01898105538776522633, -1.518338348736125276, 2.249919936250258434 ) ) ;
#3041 = CARTESIAN_POINT ( 'NONE',  ( 1.244429921367733227, 1.139464867081123600, -1.242982926273935806 ) ) ;
#3042 = CARTESIAN_POINT ( 'NONE',  ( 1.242982926273937583, -9.110535132918876400, 1.244429921367732561 ) ) ;
#3043 = CARTESIAN_POINT ( 'NONE',  ( 1.758442677127336040, -7.048035132918874623, 0.7295695355068724242 ) ) ;
#3044 = EDGE_CURVE ( 'NONE', #2080, #2713, #630, .T. ) ;
#3045 = CARTESIAN_POINT ( 'NONE',  ( 2.249919936250258878, 3.731661651263874280, -0.01898105538776452897 ) ) ;
#3046 = CARTESIAN_POINT ( 'NONE',  ( -2.495787192698265322, -0.1161016755257728711, -1.070782749433753400 ) ) ;
#3047 = CARTESIAN_POINT ( 'NONE',  ( -0.9109131437704421907, -4.390242391497264585, -2.258611282509372931 ) ) ;
#3048 = VERTEX_POINT ( 'NONE', #1934 ) ;
#3049 = CARTESIAN_POINT ( 'NONE',  ( 0.9109131437704451884, 1.109757608502736304, 2.258611282509372931 ) ) ;
#3050 = CARTESIAN_POINT ( 'NONE',  ( 1.753155743969581071, 0.7075314096880187531, -1.794917275451909822 ) ) ;
#3051 = CARTESIAN_POINT ( 'NONE',  ( -2.508866492177963980, 4.082531409688019863, 0.02952986210389053900 ) ) ;
#3052 = DATE_AND_TIME ( #3424, #4150 ) ;
#3053 = CARTESIAN_POINT ( 'NONE',  ( 1.751708748875782762, -5.678601675525772663, 1.796364270545708353 ) ) ;
#3054 = AXIS2_PLACEMENT_3D ( 'NONE', #3149, #1196, #1278 ) ;
#3055 = EDGE_CURVE ( 'NONE', #322, #2987, #1343, .T. ) ;
#3056 = CARTESIAN_POINT ( 'NONE',  ( -0.9129662964607018205, -3.580838348736125276, 2.257782146820025204 ) ) ;
#3057 = ORIENTED_EDGE ( 'NONE', *, *, #1164, .T. ) ;
#3058 = CARTESIAN_POINT ( 'NONE',  ( 1.652442140081530786, 8.000000000000001776, -1.022722499139004482 ) ) ;
#3059 = CARTESIAN_POINT ( 'NONE',  ( -0.001023180043167036622, 2.764464867081124932, 1.758866492177964203 ) ) ;
#3060 = CARTESIAN_POINT ( 'NONE',  ( -1.758442677127334042, 4.451964867081124488, -0.7295695355068715360 ) ) ;
#3061 = CARTESIAN_POINT ( 'NONE',  ( -1.577512011070594689, -9.643338348736126164, 1.604355277028128191 ) ) ;
#3062 = CARTESIAN_POINT ( 'NONE',  ( 1.758442677127336262, -9.048035132918876400, 0.7295695355068724242 ) ) ;
#3063 = DIRECTION ( 'NONE',  ( -1.332253022117619153E-16, 1.000000000000000000, -0.000000000000000000 ) ) ;
#3064 = CARTESIAN_POINT ( 'NONE',  ( 0.001023180043168370407, -0.7355351329188762888, -1.758866492177963980 ) ) ;
#3065 = CARTESIAN_POINT ( 'NONE',  ( -0.001023180043165437857, -9.235535132918876400, 1.758866492177964203 ) ) ;
#3066 = VECTOR ( 'NONE', #1066, 1000.000000000000000 ) ;
#3067 = CARTESIAN_POINT ( 'NONE',  ( 0.001023180043169569318, -9.735535132918876400, -1.758866492177963980 ) ) ;
#3068 = DIRECTION ( 'NONE',  ( -1.332253022117619153E-16, 1.000000000000000000, -0.000000000000000000 ) ) ;
#3069 = CARTESIAN_POINT ( 'NONE',  ( 0.9129662964607031528, -0.08083834873612567862, -2.257782146820025648 ) ) ;
#3070 = CARTESIAN_POINT ( 'NONE',  ( -0.02102667456217047551, 1.047257608502736304, 2.249901748734116858 ) ) ;
#3071 = B_SPLINE_CURVE_WITH_KNOTS ( 'NONE', 3,
 ( #3712, #88, #1731, #3772, #771, #2341, #4066, #125, #791, #3058, #1374, #2739, #3034, #2040, #2100, #70 ),
 .UNSPECIFIED., .F., .F.,
 ( 4, 2, 2, 2, 2, 2, 2, 4 ),
 ( 0.002241187493946238465, 0.002691668752685309404, 0.003142150011424380343, 0.004043112528902522221, 0.004493593787641594027, 0.004944075046380664966, 0.005394556305119736772, 0.005845037563858807711 ),
 .UNSPECIFIED. ) ;
#3072 = CARTESIAN_POINT ( 'NONE',  ( -2.508866492177963536, 0.08253140968801989108, 0.02952986210389053900 ) ) ;
#3073 = PERSON_AND_ORGANIZATION_ROLE ( 'creator' ) ;
#3074 = CARTESIAN_POINT ( 'NONE',  ( 2.249901748734116858, 7.297257608502735415, 0.02102667456217082939 ) ) ;
#3075 = ORIENTED_EDGE ( 'NONE', *, *, #3987, .F. ) ;
#3076 = CARTESIAN_POINT ( 'NONE',  ( 0.01898105538776495918, 0.4816616512638748349, 2.249919936250258434 ) ) ;
#3077 = ORIENTED_EDGE ( 'NONE', *, *, #867, .T. ) ;
#3078 = FACE_OUTER_BOUND ( 'NONE', #158, .T. ) ;
#3079 = CARTESIAN_POINT ( 'NONE',  ( -1.758866492177963758, 3.514464867081124044, -0.001023180043167467483 ) ) ;
#3080 =( BOUNDED_CURVE ( )  B_SPLINE_CURVE ( 2, ( #2677, #481, #4007, #4026, #2461, #1052, #1789, #3709, #2094, #3441, #461 ),
 .UNSPECIFIED., .F., .F. ) 
 B_SPLINE_CURVE_WITH_KNOTS ( ( 3, 2, 2, 2, 2, 3 ),
 ( 0.2856416725857655048, 0.2857142857142856984, 0.2916666666666666297, 0.2976190476190475609, 0.3035714285714284921, 0.3094511963952893407 ),
 .UNSPECIFIED. ) 
 CURVE ( )  GEOMETRIC_REPRESENTATION_ITEM ( )  RATIONAL_B_SPLINE_CURVE ( ( 0.9981654678299756167, 0.9990714059914858058, 1.000000000000000000, 0.9238795325112867385, 1.000000000000000000, 0.9238795325112867385, 1.000000000000000000, 0.9238795325112867385, 1.000000000000000000, 0.9248081265198009326, 0.9981654678299756167 ) ) 
 REPRESENTATION_ITEM ( '' )  );
#3081 = CARTESIAN_POINT ( 'NONE',  ( 1.244429921367732561, 5.139464867081125377, -1.242982926273935806 ) ) ;
#3082 = DIRECTION ( 'NONE',  ( -1.332253022117619153E-16, 1.000000000000000000, -0.000000000000000000 ) ) ;
#3083 = CARTESIAN_POINT ( 'NONE',  ( 1.242982926273937139, -6.110535132918875512, 1.244429921367732339 ) ) ;
#3084 = CARTESIAN_POINT ( 'NONE',  ( 2.241192214958861673, -3.765242391497264585, 0.9529664928947871871 ) ) ;
#3085 = CARTESIAN_POINT ( 'NONE',  ( -1.242982926273934474, -1.610535132918875290, -1.244429921367732339 ) ) ;
#3086 = CARTESIAN_POINT ( 'NONE',  ( -1.242982926273933808, -7.610535132918875512, -1.244429921367732339 ) ) ;
#3087 = EDGE_CURVE ( 'NONE', #2713, #106, #1607, .T. ) ;
#3088 = CARTESIAN_POINT ( 'NONE',  ( -1.758866492177961982, -6.485535132918876400, -0.001023180043167473338 ) ) ;
#3089 = CARTESIAN_POINT ( 'NONE',  ( -1.605788887702079837, 3.922257608502735415, 1.576052679364651876 ) ) ;
#3090 = CARTESIAN_POINT ( 'NONE',  ( -2.508866492177964425, 7.082531409688018975, 0.02952986210389053900 ) ) ;
#3091 = CARTESIAN_POINT ( 'NONE',  ( 1.007630305053299313, 2.258898324474227781, 2.521945791657662195 ) ) ;
#3092 = DIRECTION ( 'NONE',  ( -1.332253022117619153E-16, 1.000000000000000000, -0.000000000000000000 ) ) ;
#3093 = ADVANCED_FACE ( 'NONE', ( #33 ), #329, .T. ) ;
#3094 = CARTESIAN_POINT ( 'NONE',  ( -2.249999999999995559, 6.797962663936915284, -0.01051356683024097342 ) ) ;
#3095 = APPLICATION_PROTOCOL_DEFINITION ( 'international standard', 'config_control_design', 1994, #3163 ) ;
#3096 = CARTESIAN_POINT ( 'NONE',  ( -2.249999999999995559, 6.798670417785110942, 1.048517448617733223E-14 ) ) ;
#3097 = VERTEX_POINT ( 'NONE', #3993 ) ;
#3098 = LINE ( 'NONE', #2699, #700 ) ;
#3099 = ORIENTED_EDGE ( 'NONE', *, *, #590, .T. ) ;
#3100 = FACE_OUTER_BOUND ( 'NONE', #1386, .T. ) ;
#3101 = CARTESIAN_POINT ( 'NONE',  ( -1.244429921367732561, 7.639464867081124488, 1.242982926273935806 ) ) ;
#3102 = CARTESIAN_POINT ( 'NONE',  ( -0.7275231754205364609, 5.326964867081125377, -1.759290307228593475 ) ) ;
#3103 = CARTESIAN_POINT ( 'NONE',  ( -2.249999999999997780, -9.769613470544319611, -2.616588403487160890E-15 ) ) ;
#3104 = CARTESIAN_POINT ( 'NONE',  ( -1.758442677127332487, -8.548035132918874623, -0.7295695355068715360 ) ) ;
#3105 =( BOUNDED_CURVE ( )  B_SPLINE_CURVE ( 2, ( #336, #3613, #3336, #2267, #1632, #1042, #636, #2353, #1339, #1941, #2973 ),
 .UNSPECIFIED., .F., .F. ) 
 B_SPLINE_CURVE_WITH_KNOTS ( ( 3, 2, 2, 2, 2, 3 ),
 ( 0.8570702440143368461, 0.8571428571428570953, 0.8630952380952380265, 0.8690476190476190688, 0.8750000000000000000, 0.8808797678238607931 ),
 .UNSPECIFIED. ) 
 CURVE ( )  GEOMETRIC_REPRESENTATION_ITEM ( )  RATIONAL_B_SPLINE_CURVE ( ( 0.9981654678299740624, 0.9990714059914850287, 1.000000000000000000, 0.9238795325112867385, 1.000000000000000000, 0.9238795325112867385, 1.000000000000000000, 0.9238795325112867385, 1.000000000000000000, 0.9248081265198002665, 0.9981654678299769490 ) ) 
 REPRESENTATION_ITEM ( '' )  );
#3106 = CARTESIAN_POINT ( 'NONE',  ( 1.604355277028129967, -10.39333834873612616, 1.577512011070596687 ) ) ;
#3107 = CARTESIAN_POINT ( 'NONE',  ( 1.242982926273936028, 4.889464867081125377, 1.244429921367732339 ) ) ;
#3108 = AXIS2_PLACEMENT_3D ( 'NONE', #1060, #2450, #2744 ) ;
#3109 = CARTESIAN_POINT ( 'NONE',  ( 1.244429921367734337, -7.860535132918875512, -1.242982926273935806 ) ) ;
#3110 = CARTESIAN_POINT ( 'NONE',  ( -1.653198642074912411E-15, 10.00000000000000000, 1.499999999999999778 ) ) ;
#3111 = CARTESIAN_POINT ( 'NONE',  ( -1.751708748875781207, 3.821398324474227337, -1.796364270545708131 ) ) ;
#3112 = CARTESIAN_POINT ( 'NONE',  ( -2.249999999999984013, 0.8605820366490708473, 0.9196868998405859363 ) ) ;
#3113 = CARTESIAN_POINT ( 'NONE',  ( -1.753155743969579738, 2.207531409688019863, 1.794917275451909822 ) ) ;
#3114 = LINE ( 'NONE', #142, #2403 ) ;
#3115 = VERTEX_POINT ( 'NONE', #1012 ) ;
#3116 = CIRCLE ( 'NONE', #2198, 3.250000000000005773 ) ;
#3117 = CARTESIAN_POINT ( 'NONE',  ( 1.576052679364653653, -8.827742391497265473, 1.605788887702079837 ) ) ;
#3118 = ORIENTED_EDGE ( 'NONE', *, *, #2945, .T. ) ;
#3119 = CARTESIAN_POINT ( 'NONE',  ( 1.299038105676656896, 10.00000000000000000, -0.7500000000000005551 ) ) ;
#3120 = CARTESIAN_POINT ( 'NONE',  ( -1.758442677127334708, 7.451964867081123600, -0.7295695355068716470 ) ) ;
#3121 = AXIS2_PLACEMENT_3D ( 'NONE', #654, #1354, #3589 ) ;
#3122 = EDGE_CURVE ( 'NONE', #4176, #3771, #4, .T. ) ;
#3123 = CARTESIAN_POINT ( 'NONE',  ( -1.759290307228593919, 7.576964867081124488, 0.7275231754205363499 ) ) ;
#3124 = CARTESIAN_POINT ( 'NONE',  ( -2.249901748734115525, -1.202742391497263919, -0.02102667456217110348 ) ) ;
#3125 = VERTEX_POINT ( 'NONE', #974 ) ;
#3126 = CARTESIAN_POINT ( 'NONE',  ( 1.758866492177966201, -8.985535132918876400, 0.001023180043167258016 ) ) ;
#3127 = AXIS2_PLACEMENT_3D ( 'NONE', #3738, #93, #737 ) ;
#3128 = CYLINDRICAL_SURFACE ( 'NONE', #2747, 2.250000000000000444 ) ;
#3129 = CARTESIAN_POINT ( 'NONE',  ( 1.758866492177964425, 4.014464867081124488, 0.001023180043167258016 ) ) ;
#3130 = ORIENTED_EDGE ( 'NONE', *, *, #727, .T. ) ;
#3131 = CARTESIAN_POINT ( 'NONE',  ( -1.244429921367731007, -4.360535132918876400, 1.242982926273935806 ) ) ;
#3132 = CARTESIAN_POINT ( 'NONE',  ( 1.244429921367734559, -8.860535132918876400, -1.242982926273935806 ) ) ;
#3133 = PLANE ( 'NONE',  #5 ) ;
#3134 =( BOUNDED_CURVE ( )  B_SPLINE_CURVE ( 2, ( #3559, #1920, #3294, #2648, #22, #2247, #1275, #2227, #1596, #574, #3578 ),
 .UNSPECIFIED., .F., .F. ) 
 B_SPLINE_CURVE_WITH_KNOTS ( ( 3, 2, 2, 2, 2, 3 ),
 ( 0.4048274592445351705, 0.4107142857142856984, 0.4166666666666666297, 0.4226190476190475609, 0.4285714285714284921, 0.4286369830540588954 ),
 .UNSPECIFIED. ) 
 CURVE ( )  GEOMETRIC_REPRESENTATION_ITEM ( )  RATIONAL_B_SPLINE_CURVE ( ( 0.9983418125108560748, 0.9247178588724063175, 1.000000000000000000, 0.9238795325112867385, 1.000000000000000000, 0.9238795325112867385, 1.000000000000000000, 0.9238795325112867385, 1.000000000000000000, 0.9991616736388805320, 0.9983418125108562968 ) ) 
 REPRESENTATION_ITEM ( '' )  );
#3135 = CARTESIAN_POINT ( 'NONE',  ( -2.521945791657662639, 4.008898324474227337, 1.007630305053297537 ) ) ;
#3136 = CARTESIAN_POINT ( 'NONE',  ( -2.249999999999995559, 4.798670417785111830, 1.048517448617733223E-14 ) ) ;
#3137 = VECTOR ( 'NONE', #2437, 1000.000000000000000 ) ;
#3138 = CARTESIAN_POINT ( 'NONE',  ( 1.794917275451910044, 1.457531409688019419, 1.753155743969580405 ) ) ;
#3139 = LINE ( 'NONE', #167, #3263 ) ;
#3140 = ORIENTED_EDGE ( 'NONE', *, *, #879, .F. ) ;
#3141 = CARTESIAN_POINT ( 'NONE',  ( 2.249999999999999556, 6.730386529455676836, -1.605248138585507851E-15 ) ) ;
#3142 = CARTESIAN_POINT ( 'NONE',  ( -1.919649246498436242E-15, 12.00000000000000000, 1.499999999999999778 ) ) ;
#3143 = VERTEX_POINT ( 'NONE', #287 ) ;
#3144 = CARTESIAN_POINT ( 'NONE',  ( -1.757636160943576886, -11.49113321021635414, -0.06578381219823406512 ) ) ;
#3146 = EDGE_CURVE ( 'NONE', #3032, #322, #2934, .T. ) ;
#3145 = ADVANCED_BREP_SHAPE_REPRESENTATION ( 'Par\X2\00e7\X0\a 214 - M4x20', ( #76, #3408 ), #1509 ) ;
#3147 = CARTESIAN_POINT ( 'NONE',  ( -0.7295695355068724242, 7.701964867081123600, 1.758442677127334264 ) ) ;
#3148 = CARTESIAN_POINT ( 'NONE',  ( -0.7295695355068722021, 6.701964867081123600, 1.758442677127334042 ) ) ;
#3149 = CARTESIAN_POINT ( 'NONE',  ( -6.919358041228400441E-16, 12.00000000000000000, 0.000000000000000000 ) ) ;
#3150 = ORIENTED_EDGE ( 'NONE', *, *, #3122, .T. ) ;
#3151 = CARTESIAN_POINT ( 'NONE',  ( 1.758866492177965757, -4.985535132918875512, 0.001023180043167258016 ) ) ;
#3152 = CARTESIAN_POINT ( 'NONE',  ( -6.919358041228400441E-16, 12.00000000000000000, 0.000000000000000000 ) ) ;
#3153 = CARTESIAN_POINT ( 'NONE',  ( 1.758866492177964647, 2.014464867081124488, 0.001023180043167258016 ) ) ;
#3154 = ORIENTED_EDGE ( 'NONE', *, *, #2215, .T. ) ;
#3155 = CARTESIAN_POINT ( 'NONE',  ( 0.7275231754205386814, -4.173035132918875512, 1.759290307228593475 ) ) ;
#3156 = CARTESIAN_POINT ( 'NONE',  ( 0.7295695355068726462, -2.798035132918876400, -1.758442677127334486 ) ) ;
#3157 = DIRECTION ( 'NONE',  ( -1.332253022117620879E-16, 1.000000000000000000, -0.000000000000000000 ) ) ;
#3158 = CARTESIAN_POINT ( 'NONE',  ( 1.796364270545708131, 5.571398324474229113, -1.751708748875781652 ) ) ;
#3159 = CARTESIAN_POINT ( 'NONE',  ( -3.250000000000001776, 8.000000000000000000, 0.000000000000000000 ) ) ;
#3160 =( BOUNDED_CURVE ( )  B_SPLINE_CURVE ( 2, ( #656, #2902, #4220, #1960, #2567, #332, #1628, #3866, #892, #696, #3654 ),
 .UNSPECIFIED., .F., .F. ) 
 B_SPLINE_CURVE_WITH_KNOTS ( ( 3, 2, 2, 2, 2, 3 ),
 ( 0.7857798401969160462, 0.7916666666666666297, 0.7976190476190475609, 0.8035714285714286031, 0.8095238095238095344, 0.8095893640064399932 ),
 .UNSPECIFIED. ) 
 CURVE ( )  GEOMETRIC_REPRESENTATION_ITEM ( )  RATIONAL_B_SPLINE_CURVE ( ( 0.9983418125108576291, 0.9247178588724056514, 1.000000000000000000, 0.9238795325112867385, 1.000000000000000000, 0.9238795325112867385, 1.000000000000000000, 0.9238795325112867385, 1.000000000000000000, 0.9991616736388797548, 0.9983418125108547425 ) ) 
 REPRESENTATION_ITEM ( '' )  );
#3161 = CARTESIAN_POINT ( 'NONE',  ( -2.249919936250257990, 5.231661651263875612, 0.01898105538776425488 ) ) ;
#3162 = DIRECTION ( 'NONE',  ( -0.4999999999999998335, -6.661265110588093301E-17, -0.8660254037844387076 ) ) ;
#3163 = APPLICATION_CONTEXT ( 'configuration controlled 3d designs of mechanical parts and assemblies' ) ;
#3164 = ORIENTED_EDGE ( 'NONE', *, *, #334, .T. ) ;
#3165 = DIRECTION ( 'NONE',  ( -1.332253022117619153E-16, 1.000000000000000000, -0.000000000000000000 ) ) ;
#3166 = ADVANCED_FACE ( 'NONE', ( #1716 ), #3547, .T. ) ;
#3167 = ORIENTED_EDGE ( 'NONE', *, *, #19, .F. ) ;
#3168 = ORIENTED_EDGE ( 'NONE', *, *, #4170, .F. ) ;
#3169 = CARTESIAN_POINT ( 'NONE',  ( 2.249999999999996447, 1.298670417785111386, -1.076011755298871693E-14 ) ) ;
#3170 = CARTESIAN_POINT ( 'NONE',  ( -0.02102667456216887609, -10.95274239149726370, 2.249901748734116858 ) ) ;
#3171 = EDGE_CURVE ( 'NONE', #2736, #900, #2502, .T. ) ;
#3172 = CARTESIAN_POINT ( 'NONE',  ( 0.9129662964607033748, -2.080838348736125720, -2.257782146820025648 ) ) ;
#3173 = ORIENTED_EDGE ( 'NONE', *, *, #1715, .T. ) ;
#3174 = CARTESIAN_POINT ( 'NONE',  ( -1.242982926273934030, -5.610535132918875512, -1.244429921367732339 ) ) ;
#3175 = CARTESIAN_POINT ( 'NONE',  ( -1.605788887702077616, -10.07774239149726370, 1.576052679364651876 ) ) ;
#3176 = CARTESIAN_POINT ( 'NONE',  ( 0.7295695355068716470, 5.201964867081125377, -1.758442677127334486 ) ) ;
#3177 = ORIENTED_EDGE ( 'NONE', *, *, #3304, .F. ) ;
#3178 = CARTESIAN_POINT ( 'NONE',  ( -1.758866492177962648, -3.485535132918875068, -0.001023180043167467483 ) ) ;
#3179 = CARTESIAN_POINT ( 'NONE',  ( 1.242982926273936917, -3.110535132918875068, 1.244429921367732339 ) ) ;
#3180 = CARTESIAN_POINT ( 'NONE',  ( 3.250000000000004885, 12.00000000000000000, 0.000000000000000000 ) ) ;
#3181 = CARTESIAN_POINT ( 'NONE',  ( 2.508866492177964869, 4.446398324474227337, 0.03157622219022752225 ) ) ;
#3182 = CARTESIAN_POINT ( 'NONE',  ( -0.002058419619959262013, -11.32938452222317594, 1.924791870821097151 ) ) ;
#3183 = LINE ( 'NONE', #3552, #1452 ) ;
#3184 = CARTESIAN_POINT ( 'NONE',  ( -0.02102667456216993774, -2.952742391497263696, 2.249901748734116858 ) ) ;
#3185 = CARTESIAN_POINT ( 'NONE',  ( 0.02952986210389231536, -7.667468590311981025, 2.508866492177964425 ) ) ;
#3186 = ORIENTED_EDGE ( 'NONE', *, *, #2674, .F. ) ;
#3187 = CARTESIAN_POINT ( 'NONE',  ( -2.249999999999997780, 7.168417292256405560, -0.9208808658774171318 ) ) ;
#3188 = ORIENTED_EDGE ( 'NONE', *, *, #276, .T. ) ;
#3189 = CARTESIAN_POINT ( 'NONE',  ( -6.919358041228400441E-16, 12.00000000000000000, 0.000000000000000000 ) ) ;
#3190 = CARTESIAN_POINT ( 'NONE',  ( 1.759290307228593919, 5.076964867081125377, -0.7275231754205367940 ) ) ;
#3191 = EDGE_CURVE ( 'NONE', #1070, #751, #129, .T. ) ;
#3192 = VECTOR ( 'NONE', #2433, 1000.000000000000114 ) ;
#3193 = CARTESIAN_POINT ( 'NONE',  ( -1.244429921367732339, 7.639464867081124488, 1.242982926273935806 ) ) ;
#3194 = CARTESIAN_POINT ( 'NONE',  ( -2.249999999999996891, 3.168417292256405116, -0.9208808658774167988 ) ) ;
#3195 = EDGE_LOOP ( 'NONE', ( #3322, #2078, #1794, #4138 ) ) ;
#3196 = CARTESIAN_POINT ( 'NONE',  ( -1.759290307228592587, -2.423035132918876400, 0.7275231754205363499 ) ) ;
#3197 = CYLINDRICAL_SURFACE ( 'NONE', #1426, 2.250000000000000444 ) ;
#3198 = CARTESIAN_POINT ( 'NONE',  ( -0.7295695355068717580, 2.701964867081124932, 1.758442677127334042 ) ) ;
#3199 = ORIENTED_EDGE ( 'NONE', *, *, #1527, .F. ) ;
#3200 = CARTESIAN_POINT ( 'NONE',  ( -0.7275231754205350176, -5.673035132918875512, -1.759290307228593475 ) ) ;
#3201 = CARTESIAN_POINT ( 'NONE',  ( 1.759290307228594807, -2.923035132918876400, -0.7275231754205366830 ) ) ;
#3202 = AXIS2_PLACEMENT_3D ( 'NONE', #370, #3031, #3426 ) ;
#3203 = CARTESIAN_POINT ( 'NONE',  ( -0.01898105538776228077, -9.018338348736127941, -2.249919936250258434 ) ) ;
#3204 = CARTESIAN_POINT ( 'NONE',  ( 1.751708748875781652, 3.321398324474228225, 1.796364270545708353 ) ) ;
#3205 = CARTESIAN_POINT ( 'NONE',  ( 2.249999999999999556, 12.00000000000000000, 2.755455298081544778E-16 ) ) ;
#3206 = CARTESIAN_POINT ( 'NONE',  ( -6.919358041228400441E-16, 12.00000000000000000, 0.000000000000000000 ) ) ;
#3207 = DIRECTION ( 'NONE',  ( -1.332253022117619153E-16, 1.000000000000000000, -0.000000000000000000 ) ) ;
#3208 = FACE_OUTER_BOUND ( 'NONE', #3813, .T. ) ;
#3209 = CIRCLE ( 'NONE', #1318, 2.250000000000000444 ) ;
#3210 = CARTESIAN_POINT ( 'NONE',  ( 1.068736389347418658, -5.604968590311981025, 2.496634822799524756 ) ) ;
#3211 = ORIENTED_EDGE ( 'NONE', *, *, #1724, .F. ) ;
#3212 = CARTESIAN_POINT ( 'NONE',  ( 2.250000000000001776, -4.331582707743594440, 0.9208808658774146894 ) ) ;
#3213 = CARTESIAN_POINT ( 'NONE',  ( 1.751708748875783428, -10.67860167552577266, 1.796364270545708353 ) ) ;
#3214 = CARTESIAN_POINT ( 'NONE',  ( 0.7275231754205373491, 5.826964867081126265, 1.759290307228593475 ) ) ;
#3215 = CARTESIAN_POINT ( 'NONE',  ( 2.242057725680491664, 2.794161651263873392, -0.9509284072362309548 ) ) ;
#3216 = CARTESIAN_POINT ( 'NONE',  ( -1.758442677127333154, -4.548035132918875512, -0.7295695355068715360 ) ) ;
#3217 = CARTESIAN_POINT ( 'NONE',  ( 2.496634822799527864, -12.35496859031198191, -1.068736389347416216 ) ) ;
#3218 = CARTESIAN_POINT ( 'NONE',  ( 0.02102667456217219635, -2.452742391497265029, -2.249901748734116858 ) ) ;
#3219 = CARTESIAN_POINT ( 'NONE',  ( 1.758866492177965979, -4.985535132918875512, 0.001023180043167252161 ) ) ;
#3220 = CARTESIAN_POINT ( 'NONE',  ( -1.758866492177962648, -2.485535132918875956, -0.001023180043167473338 ) ) ;
#3221 = CARTESIAN_POINT ( 'NONE',  ( -1.772382475105195310, -11.47761752489480358, 1.483478609017135818E-11 ) ) ;
#3222 = CARTESIAN_POINT ( 'NONE',  ( 1.007630305053298425, 8.258898324474229113, 2.521945791657662195 ) ) ;
#3223 = CARTESIAN_POINT ( 'NONE',  ( 0.2517317918962308498, -11.31651571158680802, 1.921212317284008542 ) ) ;
#3224 = ADVANCED_FACE ( 'NONE', ( #2103 ), #2723, .T. ) ;
#3225 = DIRECTION ( 'NONE',  ( -1.000000000000000000, 0.000000000000000000, 0.000000000000000000 ) ) ;
#3226 = CARTESIAN_POINT ( 'NONE',  ( 2.250000000000001332, -6.269613470544318723, -1.605248138585507851E-15 ) ) ;
#3227 = CARTESIAN_POINT ( 'NONE',  ( -2.249999999999984013, 1.860582036649070181, 0.9196868998405859363 ) ) ;
#3228 = EDGE_CURVE ( 'NONE', #2644, #4028, #2428, .T. ) ;
#3229 = CARTESIAN_POINT ( 'NONE',  ( 1.796364270545709241, -2.428601675525773107, -1.751708748875781652 ) ) ;
#3230 = CARTESIAN_POINT ( 'NONE',  ( -1.009676665139634721, -4.729968590311981025, 2.521098161556403650 ) ) ;
#3231 = ORIENTED_EDGE ( 'NONE', *, *, #4206, .T. ) ;
#3232 = DIRECTION ( 'NONE',  ( 1.332253022117619153E-16, -1.000000000000000000, 0.000000000000000000 ) ) ;
#3233 = CARTESIAN_POINT ( 'NONE',  ( 2.508866492177967089, -10.55360167552577266, 0.03157622219022752225 ) ) ;
#3234 = ADVANCED_FACE ( 'NONE', ( #2065 ), #2980, .T. ) ;
#3235 = CARTESIAN_POINT ( 'NONE',  ( 2.249919936250258434, 5.731661651263875612, -0.01898105538776452897 ) ) ;
#3236 = CARTESIAN_POINT ( 'NONE',  ( 0.9509284072362335083, -7.455838348736125276, 2.242057725680490332 ) ) ;
#3237 = CARTESIAN_POINT ( 'NONE',  ( 0.7275231754205383483, -3.173035132918874623, 1.759290307228593475 ) ) ;
#3238 = CARTESIAN_POINT ( 'NONE',  ( -0.9509284072362290674, -7.955838348736126164, -2.242057725680490776 ) ) ;
#3239 = CARTESIAN_POINT ( 'NONE',  ( 1.758442677127334042, 6.951964867081123600, 0.7295695355068724242 ) ) ;
#3240 = CARTESIAN_POINT ( 'NONE',  ( -0.7295695355068712029, -2.298035132918875956, 1.758442677127334264 ) ) ;
#3241 = CARTESIAN_POINT ( 'NONE',  ( 1.759290307228594585, 0.07696486708112447450, -0.7275231754205366830 ) ) ;
#3242 = CARTESIAN_POINT ( 'NONE',  ( 2.249901748734119078, -7.702742391497265473, 0.02102667456217082939 ) ) ;
#3243 = ORIENTED_EDGE ( 'NONE', *, *, #1249, .T. ) ;
#3244 = CARTESIAN_POINT ( 'NONE',  ( 1.751708748875780985, 8.321398324474227337, 1.796364270545708353 ) ) ;
#3245 = LINE ( 'NONE', #3205, #2532 ) ;
#3246 = CARTESIAN_POINT ( 'NONE',  ( 2.250000000000001332, -7.269613470544320499, -1.605248138585507851E-15 ) ) ;
#3247 = CARTESIAN_POINT ( 'NONE',  ( 1.576052679364651876, 5.172257608502736304, 1.605788887702079837 ) ) ;
#3248 = CARTESIAN_POINT ( 'NONE',  ( -1.007630305053296205, -4.241101675525771775, -2.521945791657662639 ) ) ;
#3249 = ORIENTED_EDGE ( 'NONE', *, *, #3503, .F. ) ;
#3250 =( BOUNDED_CURVE ( )  B_SPLINE_CURVE ( 2, ( #555, #3187, #3444, #1792, #2184, #1170, #3538, #2441, #3834, #4099, #3141 ),
 .UNSPECIFIED., .F., .F. ) 
 B_SPLINE_CURVE_WITH_KNOTS ( ( 3, 2, 2, 2, 2, 3 ),
 ( 0.04768460210167793645, 0.05357142857142849213, 0.05952380952380953438, 0.06547619047619046562, 0.07142857142857139685, 0.07149412591120177241 ),
 .UNSPECIFIED. ) 
 CURVE ( )  GEOMETRIC_REPRESENTATION_ITEM ( )  RATIONAL_B_SPLINE_CURVE ( ( 0.9983418125108568519, 0.9247178588724059844, 1.000000000000000000, 0.9238795325112867385, 1.000000000000000000, 0.9238795325112867385, 1.000000000000000000, 0.9238795325112867385, 1.000000000000000000, 0.9991616736388808651, 0.9983418125108568519 ) ) 
 REPRESENTATION_ITEM ( '' )  );
#3251 = CARTESIAN_POINT ( 'NONE',  ( 2.521098161556404538, -5.479968590311981025, 1.009676665139636276 ) ) ;
#3252 = AXIS2_PLACEMENT_3D ( 'NONE', #3718, #1758, #4056 ) ;
#3253 = VERTEX_POINT ( 'NONE', #1034 ) ;
#3254 = CARTESIAN_POINT ( 'NONE',  ( -2.250000000000001332, 12.00000000000000000, 0.000000000000000000 ) ) ;
#3255 = CARTESIAN_POINT ( 'NONE',  ( -1.796364270545706354, -7.928601675525772663, 1.751708748875781652 ) ) ;
#3256 = LINE ( 'NONE', #904, #2209 ) ;
#3257 = CARTESIAN_POINT ( 'NONE',  ( -2.249999999999998668, -5.768974808967564094, 0.009490696551828230534 ) ) ;
#3258 = EDGE_LOOP ( 'NONE', ( #3279, #2836, #1840, #3734 ) ) ;
#3259 = DIRECTION ( 'NONE',  ( 1.000000000000000000, 0.000000000000000000, 0.000000000000000000 ) ) ;
#3260 = CARTESIAN_POINT ( 'NONE',  ( -1.794917275451907157, -12.04246859031198014, -1.753155743969580183 ) ) ;
#3261 = CARTESIAN_POINT ( 'NONE',  ( -0.7275231754205369050, 8.326964867081123600, -1.759290307228593475 ) ) ;
#3262 = CARTESIAN_POINT ( 'NONE',  ( -0.001023180043166370488, -2.235535132918875956, 1.758866492177964203 ) ) ;
#3263 = VECTOR ( 'NONE', #1465, 1000.000000000000000 ) ;
#3264 = CARTESIAN_POINT ( 'NONE',  ( 0.7295695355068724242, -1.798035132918875512, -1.758442677127334486 ) ) ;
#3265 = CARTESIAN_POINT ( 'NONE',  ( 1.577512011070597797, -3.143338348736126608, -1.604355277028128191 ) ) ;
#3266 = CARTESIAN_POINT ( 'NONE',  ( 2.495787192698265766, 8.383898324474229113, 1.070782749433754732 ) ) ;
#3267 = CARTESIAN_POINT ( 'NONE',  ( -0.7301713601511049534, -11.36932193489180776, 1.737714131262502848 ) ) ;
#3268 = CARTESIAN_POINT ( 'NONE',  ( -1.576052679364650988, -0.3277423914972649732, -1.605788887702079837 ) ) ;
#3269 = CARTESIAN_POINT ( 'NONE',  ( 2.249999999999996003, 2.298670417785110942, -1.036637192644401631E-14 ) ) ;
#3270 = CARTESIAN_POINT ( 'NONE',  ( -1.796364270545707464, -0.9286016755257718858, 1.751708748875781652 ) ) ;
#3271 = CARTESIAN_POINT ( 'NONE',  ( -2.241192214958859008, -4.265242391497263696, -0.9529664928947859659 ) ) ;
#3272 = CARTESIAN_POINT ( 'NONE',  ( -1.068736389347414439, -7.104968590311979248, -2.496634822799525200 ) ) ;
#3273 = CARTESIAN_POINT ( 'NONE',  ( 2.249999999999996891, 7.668417292256406448, 0.9208808658774189082 ) ) ;
#3274 =( BOUNDED_CURVE ( )  B_SPLINE_CURVE ( 2, ( #3998, #291, #701, #3335, #3268, #4268, #1940, #3288, #3976, #356, #2972 ),
 .UNSPECIFIED., .F., .F. ) 
 B_SPLINE_CURVE_WITH_KNOTS ( ( 3, 2, 2, 2, 2, 3 ),
 ( 0.4284988154429082985, 0.4285714285714284921, 0.4345238095238095344, 0.4404761904761904656, 0.4464285714285713969, 0.4523083392524321344 ),
 .UNSPECIFIED. ) 
 CURVE ( )  GEOMETRIC_REPRESENTATION_ITEM ( )  RATIONAL_B_SPLINE_CURVE ( ( 0.9981654678299756167, 0.9990714059914858058, 1.000000000000000000, 0.9238795325112867385, 1.000000000000000000, 0.9238795325112867385, 1.000000000000000000, 0.9238795325112867385, 1.000000000000000000, 0.9248081265198009326, 0.9981654678299756167 ) ) 
 REPRESENTATION_ITEM ( '' )  );
#3275 = CARTESIAN_POINT ( 'NONE',  ( 1.796364270545710351, -10.42860167552577266, -1.751708748875781652 ) ) ;
#3276 = DIRECTION ( 'NONE',  ( -1.332253022117619153E-16, 1.000000000000000000, -0.000000000000000000 ) ) ;
#3277 = CONICAL_SURFACE ( 'NONE', #2073, 3.250000000000005773, 0.7853981633974457255 ) ;
#3278 = CARTESIAN_POINT ( 'NONE',  ( 0.9509284072362332862, -5.455838348736125276, 2.242057725680490332 ) ) ;
#3279 = ORIENTED_EDGE ( 'NONE', *, *, #2037, .F. ) ;
#3280 = ADVANCED_FACE ( 'NONE', ( #434 ), #4069, .T. ) ;
#3281 = CARTESIAN_POINT ( 'NONE',  ( -2.249919936250257546, 2.231661651263874724, 0.01898105538776425488 ) ) ;
#3282 = CARTESIAN_POINT ( 'NONE',  ( 1.753155743969582181, -9.292468590311981913, -1.794917275451909822 ) ) ;
#3283 = CARTESIAN_POINT ( 'NONE',  ( 1.244429921367732339, 8.139464867081125377, -1.242982926273935806 ) ) ;
#3284 = CARTESIAN_POINT ( 'NONE',  ( -0.001023180043166503628, -1.235535132918875068, 1.758866492177964203 ) ) ;
#3285 = CARTESIAN_POINT ( 'NONE',  ( 0.001023180043168503547, -1.735535132918875512, -1.758866492177963980 ) ) ;
#3286 = CARTESIAN_POINT ( 'NONE',  ( 2.242057725680492553, -3.205838348736127053, -0.9509284072362309548 ) ) ;
#3287 = CARTESIAN_POINT ( 'NONE',  ( 2.249999999999997335, -5.701329582214890834, 5.529410565873372312E-15 ) ) ;
#3288 = CARTESIAN_POINT ( 'NONE',  ( 0.9529664928947867431, -0.5152423914972651398, -2.241192214958859896 ) ) ;
#3289 = CARTESIAN_POINT ( 'NONE',  ( -2.249999999999977796, -3.139417963350928709, 0.9196868998405924867 ) ) ;
#3290 = CARTESIAN_POINT ( 'NONE',  ( 2.508866492177965757, -0.5536016755257732180, 0.03157622219022752225 ) ) ;
#3291 = VERTEX_POINT ( 'NONE', #153 ) ;
#3292 = CARTESIAN_POINT ( 'NONE',  ( -1.753155743969579294, -0.7924685903119809138, 1.794917275451909822 ) ) ;
#3293 = CARTESIAN_POINT ( 'NONE',  ( 1.753155743969580405, 4.707531409688020752, -1.794917275451909822 ) ) ;
#3294 = CARTESIAN_POINT ( 'NONE',  ( 1.604355277028128857, -0.3933383487361259423, 1.577512011070596687 ) ) ;
#3295 = CARTESIAN_POINT ( 'NONE',  ( 0.03157622219022969412, -8.303601675525770887, -2.508866492177964425 ) ) ;
#3296 =( BOUNDED_CURVE ( )  B_SPLINE_CURVE ( 2, ( #3428, #713, #4029, #393, #1712, #3753, #2763, #448, #4051, #2365, #1451 ),
 .UNSPECIFIED., .F., .F. ) 
 B_SPLINE_CURVE_WITH_KNOTS ( ( 3, 2, 2, 2, 2, 3 ),
 ( 0.1427845297286226001, 0.1428571428571427937, 0.1488095238095238360, 0.1547619047619047672, 0.1607142857142856984, 0.1665940535381464360 ),
 .UNSPECIFIED. ) 
 CURVE ( )  GEOMETRIC_REPRESENTATION_ITEM ( )  RATIONAL_B_SPLINE_CURVE ( ( 0.9981654678299756167, 0.9990714059914858058, 1.000000000000000000, 0.9238795325112867385, 1.000000000000000000, 0.9238795325112867385, 1.000000000000000000, 0.9238795325112867385, 1.000000000000000000, 0.9248081265198009326, 0.9981654678299756167 ) ) 
 REPRESENTATION_ITEM ( '' )  );
#3297 = FACE_OUTER_BOUND ( 'NONE', #62, .T. ) ;
#3298 = APPROVAL ( #4062, 'UNSPECIFIED' ) ;
#3299 = FACE_OUTER_BOUND ( 'NONE', #1681, .T. ) ;
#3300 = ORIENTED_EDGE ( 'NONE', *, *, #2837, .T. ) ;
#3301 = CARTESIAN_POINT ( 'NONE',  ( -0.2857141755813892292, -11.00000000000000000, -2.231785699808976453 ) ) ;
#3302 = CARTESIAN_POINT ( 'NONE',  ( -1.576052679364650766, -2.327742391497265029, -1.605788887702079837 ) ) ;
#3303 = CARTESIAN_POINT ( 'NONE',  ( -0.7295695355068714250, -0.2980351329188759002, 1.758442677127334264 ) ) ;
#3304 = EDGE_CURVE ( 'NONE', #2148, #3291, #3875, .T. ) ;
#3305 = CARTESIAN_POINT ( 'NONE',  ( -0.001023180043166776196, 0.7644648670811250435, 1.758866492177963980 ) ) ;
#3306 = CARTESIAN_POINT ( 'NONE',  ( 2.249999999999989342, -9.331582707743596217, 0.9208808658774283451 ) ) ;
#3307 = EDGE_LOOP ( 'NONE', ( #3692, #3919, #4168, #18 ) ) ;
#3308 = CARTESIAN_POINT ( 'NONE',  ( -1.244429921367729674, -11.36053513291887462, 1.242982926273935806 ) ) ;
#3309 = CARTESIAN_POINT ( 'NONE',  ( -0.03157622219022804266, 7.196398324474226449, 2.508866492177964425 ) ) ;
#3310 = CARTESIAN_POINT ( 'NONE',  ( -2.249901748734115525, -3.202742391497264141, -0.02102667456217110348 ) ) ;
#3311 = CARTESIAN_POINT ( 'NONE',  ( -1.242982926273933364, -9.610535132918874623, -1.244429921367732339 ) ) ;
#3312 = CARTESIAN_POINT ( 'NONE',  ( 2.372246146747684008E-15, -11.00000000000000000, 0.000000000000000000 ) ) ;
#3313 = CARTESIAN_POINT ( 'NONE',  ( 1.605788887702080947, -5.577742391497264585, -1.576052679364651876 ) ) ;
#3314 = CARTESIAN_POINT ( 'NONE',  ( -1.796364270545707242, -1.928601675525772663, 1.751708748875781652 ) ) ;
#3315 = CARTESIAN_POINT ( 'NONE',  ( 2.250000000000000888, -1.269613470544322054, -1.605248138585507851E-15 ) ) ;
#3316 = VERTEX_POINT ( 'NONE', #2705 ) ;
#3317 = CARTESIAN_POINT ( 'NONE',  ( 1.794917275451910932, -3.542468590311979693, 1.753155743969580405 ) ) ;
#3318 = CARTESIAN_POINT ( 'NONE',  ( -2.249999999999993339, -8.202037336063080275, -0.01051356683023091897 ) ) ;
#3319 = CARTESIAN_POINT ( 'NONE',  ( 2.495787192698267098, -6.616101675525772663, 1.070782749433754732 ) ) ;
#3320 = CARTESIAN_POINT ( 'NONE',  ( -2.249999999999993783, 1.168417292256404671, -0.9208808658774202405 ) ) ;
#3321 = CARTESIAN_POINT ( 'NONE',  ( 2.249999999999997780, -8.701329582214889058, -2.618747852407189130E-15 ) ) ;
#3322 = ORIENTED_EDGE ( 'NONE', *, *, #327, .F. ) ;
#3323 = DIRECTION ( 'NONE',  ( 1.000000000000000000, 0.000000000000000000, 0.000000000000000000 ) ) ;
#3324 = VECTOR ( 'NONE', #464, 1000.000000000000000 ) ;
#3325 = CARTESIAN_POINT ( 'NONE',  ( -2.508866492177962204, -9.917468590311980137, 0.02952986210389053900 ) ) ;
#3326 = CARTESIAN_POINT ( 'NONE',  ( 0.001023180043168497692, -1.735535132918875512, -1.758866492177964203 ) ) ;
#3327 =( BOUNDED_CURVE ( )  B_SPLINE_CURVE ( 2, ( #2262, #1336, #3310, #718, #2706, #3655, #311, #1289, #976, #3019, #2023 ),
 .UNSPECIFIED., .F., .F. ) 
 B_SPLINE_CURVE_WITH_KNOTS ( ( 3, 2, 2, 2, 2, 3 ),
 ( 0.5713559583000511477, 0.5714285714285713969, 0.5773809523809523281, 0.5833333333333332593, 0.5892857142857141906, 0.5951654821095750947 ),
 .UNSPECIFIED. ) 
 CURVE ( )  GEOMETRIC_REPRESENTATION_ITEM ( )  RATIONAL_B_SPLINE_CURVE ( ( 0.9981654678299740624, 0.9990714059914850287, 1.000000000000000000, 0.9238795325112867385, 1.000000000000000000, 0.9238795325112867385, 1.000000000000000000, 0.9238795325112867385, 1.000000000000000000, 0.9248081265198002665, 0.9981654678299769490 ) ) 
 REPRESENTATION_ITEM ( '' )  );
#3328 = CARTESIAN_POINT ( 'NONE',  ( -1.759290307228593253, 0.5769648670811249325, 0.7275231754205363499 ) ) ;
#3329 = VERTEX_POINT ( 'NONE', #1058 ) ;
#3330 = CARTESIAN_POINT ( 'NONE',  ( 2.250000000000000888, -3.269613470544320499, -1.605248138585507851E-15 ) ) ;
#3331 = CARTESIAN_POINT ( 'NONE',  ( 0.001023180043169569318, -9.735535132918876400, -1.758866492177963980 ) ) ;
#3332 = CARTESIAN_POINT ( 'NONE',  ( -2.249999999999993339, -6.201329582214889946, -5.604086460562884364E-15 ) ) ;
#3333 = CARTESIAN_POINT ( 'NONE',  ( -1.759290307228591921, -9.423035132918874623, 0.7275231754205364609 ) ) ;
#3334 = EDGE_CURVE ( 'NONE', #330, #3316, #139, .T. ) ;
#3335 = CARTESIAN_POINT ( 'NONE',  ( -2.241192214958859452, -0.2652423914972648622, -0.9529664928947859659 ) ) ;
#3336 = CARTESIAN_POINT ( 'NONE',  ( -2.249901748734114637, -9.202742391497265473, -0.02102667456217110348 ) ) ;
#3337 = CARTESIAN_POINT ( 'NONE',  ( 2.508866492177965313, 1.446398324474228447, 0.03157622219022752225 ) ) ;
#3338 = DIRECTION ( 'NONE',  ( -1.000000000000000000, -1.332253022117619153E-16, 0.000000000000000000 ) ) ;
#3339 = ORIENTED_EDGE ( 'NONE', *, *, #1839, .F. ) ;
#3340 = CARTESIAN_POINT ( 'NONE',  ( 1.068736389347417992, -1.604968590311979915, 2.496634822799524756 ) ) ;
#3341 = VECTOR ( 'NONE', #274, 1000.000000000000000 ) ;
#3342 = PERSON_AND_ORGANIZATION_ROLE ( 'creator' ) ;
#3343 = CARTESIAN_POINT ( 'NONE',  ( -2.521945791657661751, -4.991101675525772663, 1.007630305053297537 ) ) ;
#3344 = CARTESIAN_POINT ( 'NONE',  ( 2.249919936250260211, -4.268338348736126164, -0.01898105538776452897 ) ) ;
#3345 = CARTESIAN_POINT ( 'NONE',  ( 0.3339648852732669537, -11.02682531946993905, -2.218953235321538653 ) ) ;
#3346 = ORIENTED_EDGE ( 'NONE', *, *, #2242, .T. ) ;
#3347 = CARTESIAN_POINT ( 'NONE',  ( -2.249999999999998668, 2.230386529455679501, 1.360897470555578513E-15 ) ) ;
#3348 = CARTESIAN_POINT ( 'NONE',  ( -1.753155743969578184, -9.792468590311980137, 1.794917275451909822 ) ) ;
#3349 = CARTESIAN_POINT ( 'NONE',  ( -1.242982926273935140, 3.389464867081124044, -1.244429921367732339 ) ) ;
#3350 = AXIS2_PLACEMENT_3D ( 'NONE', #1207, #2527, #3868 ) ;
#3351 = CARTESIAN_POINT ( 'NONE',  ( -1.758442677127334264, 5.451964867081125377, -0.7295695355068715360 ) ) ;
#3352 = CARTESIAN_POINT ( 'NONE',  ( -2.249999999999997780, -9.769613470544319611, -2.616588403487160890E-15 ) ) ;
#3353 = CARTESIAN_POINT ( 'NONE',  ( 1.758442677127336484, -11.04803513291887640, 0.7295695355068724242 ) ) ;
#3354 = CARTESIAN_POINT ( 'NONE',  ( -2.249999999999993339, -5.201329582214889058, -5.604086460562884364E-15 ) ) ;
#3355 = CARTESIAN_POINT ( 'NONE',  ( -0.7295695355068715360, 0.7019648670811249325, 1.758442677127334042 ) ) ;
#3356 = CARTESIAN_POINT ( 'NONE',  ( -1.758442677127332932, -8.548035132918874623, -0.7295695355068716470 ) ) ;
#3357 = CARTESIAN_POINT ( 'NONE',  ( -6.919358041228400441E-16, 12.00000000000000000, 0.000000000000000000 ) ) ;
#3358 = CARTESIAN_POINT ( 'NONE',  ( -1.605788887702078949, -1.077742391497263919, 1.576052679364651876 ) ) ;
#3359 = CARTESIAN_POINT ( 'NONE',  ( -2.495787192698265322, 1.883898324474227337, -1.070782749433753400 ) ) ;
#3360 = CARTESIAN_POINT ( 'NONE',  ( -2.249999999999994671, 1.797962663936917060, -0.01051356683023896288 ) ) ;
#3361 = PERSON ( 'UNSPECIFIED', 'UNSPECIFIED', 'UNSPECIFIED', ('UNSPECIFIED'), ('UNSPECIFIED'), ('UNSPECIFIED') ) ;
#3362 = ORIENTED_EDGE ( 'NONE', *, *, #2136, .T. ) ;
#3363 = EDGE_CURVE ( 'NONE', #712, #1459, #855, .T. ) ;
#3364 = CARTESIAN_POINT ( 'NONE',  ( 1.068736389347418214, -2.604968590311981469, 2.496634822799524756 ) ) ;
#3365 = CARTESIAN_POINT ( 'NONE',  ( 2.508866492177966201, -5.553601675525772663, 0.03157622219022752225 ) ) ;
#3366 = DIRECTION ( 'NONE',  ( 1.000000000000000000, 0.000000000000000000, 0.000000000000000000 ) ) ;
#3367 = CYLINDRICAL_SURFACE ( 'NONE', #1919, 2.250000000000000444 ) ;
#3368 = VERTEX_POINT ( 'NONE', #4147 ) ;
#3369 = DIRECTION ( 'NONE',  ( -1.332253022117619153E-16, 1.000000000000000000, -0.000000000000000000 ) ) ;
#3370 = CARTESIAN_POINT ( 'NONE',  ( 1.758442677127334930, 1.951964867081124710, 0.7295695355068725352 ) ) ;
#3371 = EDGE_CURVE ( 'NONE', #2318, #4176, #2957, .T. ) ;
#3372 = CARTESIAN_POINT ( 'NONE',  ( 0.001023180043167837630, 3.264464867081123600, -1.758866492177963980 ) ) ;
#3373 = DIRECTION ( 'NONE',  ( -1.332253022117619153E-16, 1.000000000000000000, -0.000000000000000000 ) ) ;
#3374 = CARTESIAN_POINT ( 'NONE',  ( -1.758866492177961760, -9.485535132918874623, -0.001023180043167473338 ) ) ;
#3375 = CARTESIAN_POINT ( 'NONE',  ( 2.249999999999997780, -4.702037336063082940, 0.01051356683024673271 ) ) ;
#3376 = CARTESIAN_POINT ( 'NONE',  ( 1.660167367367765268, -11.23335527960519897, 1.171996855896937806 ) ) ;
#3377 = CARTESIAN_POINT ( 'NONE',  ( -0.001023180043166776196, 0.7644648670811250435, 1.758866492177963980 ) ) ;
#3378 = CARTESIAN_POINT ( 'NONE',  ( -1.242982926273933586, -8.610535132918876400, -1.244429921367732339 ) ) ;
#3379 = CARTESIAN_POINT ( 'NONE',  ( 1.759290307228595918, -9.923035132918876400, -0.7275231754205366830 ) ) ;
#3380 = LINE ( 'NONE', #1422, #3192 ) ;
#3381 = CARTESIAN_POINT ( 'NONE',  ( -2.495787192698265322, 2.883898324474229113, -1.070782749433753400 ) ) ;
#3382 = CARTESIAN_POINT ( 'NONE',  ( -2.249999999999993783, -0.8315827077435954395, -0.9208808658774202405 ) ) ;
#3383 = ORIENTED_EDGE ( 'NONE', *, *, #1733, .T. ) ;
#3384 = CARTESIAN_POINT ( 'NONE',  ( -2.241192214958859452, 4.734757608502736304, -0.9529664928947859659 ) ) ;
#3385 = CARTESIAN_POINT ( 'NONE',  ( -1.794917275451908489, -2.042468590311980137, -1.753155743969580183 ) ) ;
#3386 = APPLICATION_PROTOCOL_DEFINITION ( 'international standard', 'config_control_design', 1994, #2931 ) ;
#3387 = CARTESIAN_POINT ( 'NONE',  ( -2.508866492177962648, -5.053601675525771775, -0.03157622219022782756 ) ) ;
#3388 = CARTESIAN_POINT ( 'NONE',  ( 2.249999999999988454, -3.331582707743594884, 0.9208808658774283451 ) ) ;
#3389 = ORIENTED_EDGE ( 'NONE', *, *, #3811, .F. ) ;
#3390 = CARTESIAN_POINT ( 'NONE',  ( -2.249999999999992895, -10.20132958221488906, 2.343804785595805608E-15 ) ) ;
#3391 = CARTESIAN_POINT ( 'NONE',  ( 1.759290307228593919, 4.076964867081124488, -0.7275231754205367940 ) ) ;
#3392 =( BOUNDED_CURVE ( )  B_SPLINE_CURVE ( 2, ( #3831, #1487, #2824, #2159, #1231, #527, #3184, #207, #959, #3289, #3022 ),
 .UNSPECIFIED., .F., .F. ) 
 B_SPLINE_CURVE_WITH_KNOTS ( ( 3, 2, 2, 2, 2, 3 ),
 ( 0.5475464344905274228, 0.5476190476190476719, 0.5535714285714286031, 0.5595238095238095344, 0.5654761904761904656, 0.5713559583000511477 ),
 .UNSPECIFIED. ) 
 CURVE ( )  GEOMETRIC_REPRESENTATION_ITEM ( )  RATIONAL_B_SPLINE_CURVE ( ( 0.9981654678299741734, 0.9990714059914850287, 1.000000000000000000, 0.9238795325112867385, 1.000000000000000000, 0.9238795325112867385, 1.000000000000000000, 0.9238795325112867385, 1.000000000000000000, 0.9248081265198017098, 0.9981654678299740624 ) ) 
 REPRESENTATION_ITEM ( '' )  );
#3393 = CARTESIAN_POINT ( 'NONE',  ( -1.244429921367731895, 4.639464867081125377, 1.242982926273935806 ) ) ;
#3394 = CARTESIAN_POINT ( 'NONE',  ( 2.249999999999985789, -1.639417963350929597, -0.9196868998405862694 ) ) ;
#3395 = CARTESIAN_POINT ( 'NONE',  ( -1.244429921367730119, -9.360535132918874623, 1.242982926273935806 ) ) ;
#3396 = FACE_OUTER_BOUND ( 'NONE', #362, .T. ) ;
#3397 = CARTESIAN_POINT ( 'NONE',  ( -0.001023180043166509699, -1.235535132918875068, 1.758866492177963980 ) ) ;
#3398 = CARTESIAN_POINT ( 'NONE',  ( -0.7275231754205350176, -6.673035132918874623, -1.759290307228593475 ) ) ;
#3399 = CARTESIAN_POINT ( 'NONE',  ( -1.604355277028127746, 4.106661651263874724, -1.577512011070596687 ) ) ;
#3400 = CARTESIAN_POINT ( 'NONE',  ( -0.9509284072362299556, 0.04416165126387446710, -2.242057725680490776 ) ) ;
#3401 = VECTOR ( 'NONE', #4020, 1000.000000000000000 ) ;
#3402 = CARTESIAN_POINT ( 'NONE',  ( -0.9109131437704439671, 7.609757608502736304, -2.258611282509372931 ) ) ;
#3403 = CARTESIAN_POINT ( 'NONE',  ( 1.753155743969580405, 5.707531409688018087, -1.794917275451909822 ) ) ;
#3404 = ORIENTED_EDGE ( 'NONE', *, *, #4170, .T. ) ;
#3405 = FACE_OUTER_BOUND ( 'NONE', #1109, .T. ) ;
#3406 = ORIENTED_EDGE ( 'NONE', *, *, #3940, .T. ) ;
#3407 = DIRECTION ( 'NONE',  ( -1.332253022117619153E-16, 1.000000000000000000, -0.000000000000000000 ) ) ;
#3408 = AXIS2_PLACEMENT_3D ( 'NONE', #409, #2401, #2382 ) ;
#3409 = CARTESIAN_POINT ( 'NONE',  ( 0.001023180043167964915, 2.264464867081124488, -1.758866492177964203 ) ) ;
#3410 = CARTESIAN_POINT ( 'NONE',  ( -1.758866492177963536, 3.514464867081124044, -0.001023180043167473338 ) ) ;
#3411 = ADVANCED_FACE ( 'NONE', ( #2469 ), #1133, .T. ) ;
#3412 = DIRECTION ( 'NONE',  ( -1.332253022117617181E-16, 1.000000000000000000, -0.000000000000000000 ) ) ;
#3413 = CARTESIAN_POINT ( 'NONE',  ( -0.7275231754205349066, -6.673035132918874623, -1.759290307228593475 ) ) ;
#3414 =( BOUNDED_CURVE ( )  B_SPLINE_CURVE ( 2, ( #2097, #1087, #47, #1107, #3076, #2737, #446, #1348, #1393, #4064, #2678 ),
 .UNSPECIFIED., .F., .F. ) 
 B_SPLINE_CURVE_WITH_KNOTS ( ( 3, 2, 2, 2, 2, 3 ),
 ( 0.3572084116254874986, 0.3630952380952380265, 0.3690476190476190688, 0.3750000000000000000, 0.3809523809523809312, 0.3810179354350113345 ),
 .UNSPECIFIED. ) 
 CURVE ( )  GEOMETRIC_REPRESENTATION_ITEM ( )  RATIONAL_B_SPLINE_CURVE ( ( 0.9983418125108560748, 0.9247178588724063175, 1.000000000000000000, 0.9238795325112867385, 1.000000000000000000, 0.9238795325112867385, 1.000000000000000000, 0.9238795325112867385, 1.000000000000000000, 0.9991616736388804210, 0.9983418125108560748 ) ) 
 REPRESENTATION_ITEM ( '' )  );
#3415 = CARTESIAN_POINT ( 'NONE',  ( 2.249999999999997780, -3.702037336063083384, 0.01051356683024692526 ) ) ;
#3416 = CARTESIAN_POINT ( 'NONE',  ( -1.244429921367731451, 0.6394648670811249325, 1.242982926273935806 ) ) ;
#3417 = AXIS2_PLACEMENT_3D ( 'NONE', #2052, #165, #4060 ) ;
#3418 = CARTESIAN_POINT ( 'NONE',  ( -1.242982926273933808, -6.610535132918875512, -1.244429921367732339 ) ) ;
#3419 = CARTESIAN_POINT ( 'NONE',  ( -6.919358041228400441E-16, 12.00000000000000000, 0.000000000000000000 ) ) ;
#3420 = CARTESIAN_POINT ( 'NONE',  ( -2.508866492177963536, 0.9463983244742281142, -0.03157622219022782756 ) ) ;
#3421 = EDGE_CURVE ( 'NONE', #346, #2080, #862, .T. ) ;
#3422 = CARTESIAN_POINT ( 'NONE',  ( -2.249999999999999556, 6.230386529455675948, 1.360897470555578513E-15 ) ) ;
#3423 = CARTESIAN_POINT ( 'NONE',  ( 1.009676665139635832, 0.7700314096880187531, -2.521098161556404094 ) ) ;
#3424 = CALENDAR_DATE ( 2026, 26, 5 ) ;
#3425 = ORIENTED_EDGE ( 'NONE', *, *, #114, .T. ) ;
#3426 = DIRECTION ( 'NONE',  ( -1.000000000000000000, 0.000000000000000000, 0.000000000000000000 ) ) ;
#3427 = EDGE_LOOP ( 'NONE', ( #2385, #3769, #3406, #2096 ) ) ;
#3428 = CARTESIAN_POINT ( 'NONE',  ( -2.249999999999995559, 5.798670417785111830, 1.048517448617733223E-14 ) ) ;
#3429 = CARTESIAN_POINT ( 'NONE',  ( 1.759290307228594363, 1.076964867081123378, -0.7275231754205367940 ) ) ;
#3430 = PRODUCT_DEFINITION ( 'UNKNOWN', '', #3481, #1191 ) ;
#3431 = CARTESIAN_POINT ( 'NONE',  ( 0.7275231754205374601, 4.826964867081125377, 1.759290307228593475 ) ) ;
#3432 = CARTESIAN_POINT ( 'NONE',  ( 1.749475181616391373, 8.000000000000005329, 0.4676890118473289171 ) ) ;
#3433 = CARTESIAN_POINT ( 'NONE',  ( -3.250000000000006661, 12.00000000000000000, 4.133182947122320618E-16 ) ) ;
#3434 = CARTESIAN_POINT ( 'NONE',  ( -1.759290307228593475, 4.576964867081124488, 0.7275231754205363499 ) ) ;
#3435 = CARTESIAN_POINT ( 'NONE',  ( -1.758442677127332043, -9.548035132918874623, -0.7295695355068715360 ) ) ;
#3436 = CARTESIAN_POINT ( 'NONE',  ( -2.249999999999997335, 4.168417292256405560, -0.9208808658774171318 ) ) ;
#3437 =( BOUNDED_CURVE ( )  B_SPLINE_CURVE ( 2, ( #140, #3747, #746, #4116, #764, #1145, #406, #101, #119, #804, #3422 ),
 .UNSPECIFIED., .F., .F. ) 
 B_SPLINE_CURVE_WITH_KNOTS ( ( 3, 2, 2, 2, 2, 3 ),
 ( 0.07149412591120177241, 0.07738095238095232808, 0.08333333333333325932, 0.08928571428571430157, 0.09523809523809523281, 0.09530364972072560836 ),
 .UNSPECIFIED. ) 
 CURVE ( )  GEOMETRIC_REPRESENTATION_ITEM ( )  RATIONAL_B_SPLINE_CURVE ( ( 0.9983418125108568519, 0.9247178588724059844, 1.000000000000000000, 0.9238795325112867385, 1.000000000000000000, 0.9238795325112867385, 1.000000000000000000, 0.9238795325112867385, 1.000000000000000000, 0.9991616736388808651, 0.9983418125108568519 ) ) 
 REPRESENTATION_ITEM ( '' )  );
#3438 = CARTESIAN_POINT ( 'NONE',  ( 1.007630305053298647, 6.258898324474229113, 2.521945791657662195 ) ) ;
#3439 = CARTESIAN_POINT ( 'NONE',  ( 2.249999999999995115, 6.298670417785112718, -1.036637192644401631E-14 ) ) ;
#3440 = CARTESIAN_POINT ( 'NONE',  ( -2.521098161556402761, 2.020031409688019863, -1.009676665139634943 ) ) ;
#3441 = CARTESIAN_POINT ( 'NONE',  ( 2.249999999999985789, 2.360582036649071291, -0.9196868998405859363 ) ) ;
#3442 = DATE_AND_TIME ( #1830, #150 ) ;
#3443 = ORIENTED_EDGE ( 'NONE', *, *, #2297, .F. ) ;
#3444 = CARTESIAN_POINT ( 'NONE',  ( -1.604355277028128191, 7.106661651263873836, -1.577512011070596687 ) ) ;
#3445 = CARTESIAN_POINT ( 'NONE',  ( 2.249999999999998224, -10.70132958221488906, -6.313507460113247665E-16 ) ) ;
#3446 = ORIENTED_EDGE ( 'NONE', *, *, #2521, .T. ) ;
#3447 = DIRECTION ( 'NONE',  ( 1.332253022117619153E-16, -1.000000000000000000, 0.000000000000000000 ) ) ;
#3448 = CARTESIAN_POINT ( 'NONE',  ( 1.759290307228593475, 7.076964867081122712, -0.7275231754205367940 ) ) ;
#3449 = CARTESIAN_POINT ( 'NONE',  ( 1.758866492177963980, 7.014464867081123600, 0.001023180043167258016 ) ) ;
#3450 = CARTESIAN_POINT ( 'NONE',  ( -2.249999999999994227, -1.202037336063082273, -0.01051356683023896288 ) ) ;
#3451 = EDGE_LOOP ( 'NONE', ( #1008, #3862, #3537, #1272 ) ) ;
#3452 = CARTESIAN_POINT ( 'NONE',  ( 1.244429921367734337, -6.860535132918875512, -1.242982926273935806 ) ) ;
#3453 = CARTESIAN_POINT ( 'NONE',  ( 0.9509284072362338414, -10.45583834873612616, 2.242057725680490332 ) ) ;
#3454 = CARTESIAN_POINT ( 'NONE',  ( 0.001023180043167970770, 2.264464867081124488, -1.758866492177963980 ) ) ;
#3455 = ORIENTED_EDGE ( 'NONE', *, *, #1740, .T. ) ;
#3456 = CARTESIAN_POINT ( 'NONE',  ( -1.244429921367730785, -5.360535132918876400, 1.242982926273935806 ) ) ;
#3457 = CARTESIAN_POINT ( 'NONE',  ( 1.758866492177966201, -8.985535132918876400, 0.001023180043167258016 ) ) ;
#3458 = CARTESIAN_POINT ( 'NONE',  ( 2.250000000000000000, 3.730386529455678613, -1.605248138585507851E-15 ) ) ;
#3459 = CARTESIAN_POINT ( 'NONE',  ( -2.521945791657662195, 3.008898324474228669, 1.007630305053297537 ) ) ;
#3460 = DIRECTION ( 'NONE',  ( -1.000000000000000000, 0.000000000000000000, 0.000000000000000000 ) ) ;
#3461 = AXIS2_PLACEMENT_3D ( 'NONE', #2881, #1288, #2586 ) ;
#3462 = DIRECTION ( 'NONE',  ( 0.8660254037844387076, 0.000000000000000000, 0.4999999999999998890 ) ) ;
#3463 = CARTESIAN_POINT ( 'NONE',  ( -2.508866492177963536, 1.082531409688018975, 0.02952986210389053900 ) ) ;
#3464 = CARTESIAN_POINT ( 'NONE',  ( -0.01898105538776295037, -4.018338348736125276, -2.249919936250258434 ) ) ;
#3465 = EDGE_CURVE ( 'NONE', #1774, #1246, #3828, .T. ) ;
#3466 = AXIS2_PLACEMENT_3D ( 'NONE', #1204, #3157, #2880 ) ;
#3467 = ORIENTED_EDGE ( 'NONE', *, *, #4105, .F. ) ;
#3468 = CARTESIAN_POINT ( 'NONE',  ( 0.01898105538776562184, -4.518338348736126164, 2.249919936250258434 ) ) ;
#3469 = DIRECTION ( 'NONE',  ( -1.332253022117619153E-16, 1.000000000000000000, -0.000000000000000000 ) ) ;
#3470 = EDGE_LOOP ( 'NONE', ( #412, #3794, #148, #2378, #3843 ) ) ;
#3471 = PLANE ( 'NONE',  #843 ) ;
#3472 = CARTESIAN_POINT ( 'NONE',  ( 1.758442677127334264, 6.951964867081123600, 0.7295695355068725352 ) ) ;
#3473 = CARTESIAN_POINT ( 'NONE',  ( -0.001023180043167442330, 5.764464867081126265, 1.758866492177963980 ) ) ;
#3474 = CARTESIAN_POINT ( 'NONE',  ( 0.9129662964607027087, 2.919161651263873392, -2.257782146820025648 ) ) ;
#3475 = ORIENTED_EDGE ( 'NONE', *, *, #2334, .F. ) ;
#3476 = CARTESIAN_POINT ( 'NONE',  ( -0.001023180043165976922, -5.235535132918875512, 1.758866492177963980 ) ) ;
#3477 = CYLINDRICAL_SURFACE ( 'NONE', #612, 2.250000000000000444 ) ;
#3478 = CARTESIAN_POINT ( 'NONE',  ( -1.758866492177963536, 4.514464867081125377, -0.001023180043167473338 ) ) ;
#3479 = ORIENTED_EDGE ( 'NONE', *, *, #2716, .T. ) ;
#3480 = CARTESIAN_POINT ( 'NONE',  ( 1.758866492177965979, -5.985535132918875512, 0.001023180043167252161 ) ) ;
#3481 = PRODUCT_DEFINITION_FORMATION_WITH_SPECIFIED_SOURCE ( 'ANY', '', #756, .NOT_KNOWN. ) ;
#3482 = CARTESIAN_POINT ( 'NONE',  ( -0.7275231754205352397, -4.673035132918875512, -1.759290307228593475 ) ) ;
#3483 = CARTESIAN_POINT ( 'NONE',  ( 2.508866492177964425, 7.582531409688019863, -0.02952986210389084779 ) ) ;
#3484 = CARTESIAN_POINT ( 'NONE',  ( 2.508866492177964425, 6.446398324474229113, 0.03157622219022752225 ) ) ;
#3485 = CARTESIAN_POINT ( 'NONE',  ( -1.919649246498436242E-15, 12.00000000000000000, 1.499999999999999778 ) ) ;
#3486 = EDGE_CURVE ( 'NONE', #87, #2474, #1515, .T. ) ;
#3487 = CARTESIAN_POINT ( 'NONE',  ( -1.577512011070596687, 5.356661651263875612, 1.604355277028128191 ) ) ;
#3488 = CARTESIAN_POINT ( 'NONE',  ( 2.496634822799526088, 0.6450314096880187531, -1.068736389347416216 ) ) ;
#3489 = CARTESIAN_POINT ( 'NONE',  ( -1.299038105676659560, 12.00000000000000000, 0.7500000000000002220 ) ) ;
#3490 = ADVANCED_FACE ( 'NONE', ( #3877 ), #906, .T. ) ;
#3491 = ORIENTED_EDGE ( 'NONE', *, *, #3740, .F. ) ;
#3492 = CARTESIAN_POINT ( 'NONE',  ( 2.249999999999997780, 3.668417292256406004, 0.9208808658774183531 ) ) ;
#3493 = ORIENTED_EDGE ( 'NONE', *, *, #1605, .T. ) ;
#3494 = CARTESIAN_POINT ( 'NONE',  ( 0.9109131437704457435, -1.890242391497264807, 2.258611282509372931 ) ) ;
#3495 = CARTESIAN_POINT ( 'NONE',  ( -0.001023180043167702755, 7.764464867081124488, 1.758866492177964203 ) ) ;
#3496 = CARTESIAN_POINT ( 'NONE',  ( -0.7295695355068723131, 7.701964867081124488, 1.758442677127334042 ) ) ;
#3497 = CARTESIAN_POINT ( 'NONE',  ( -0.9129662964607025977, 1.419161651263874058, 2.257782146820025204 ) ) ;
#3498 = ORIENTED_EDGE ( 'NONE', *, *, #2374, .F. ) ;
#3499 = CARTESIAN_POINT ( 'NONE',  ( 0.001023180043168636687, -2.735535132918876400, -1.758866492177963980 ) ) ;
#3500 = CARTESIAN_POINT ( 'NONE',  ( 2.249999999999998224, -9.702037336063083828, 0.01051356683024673271 ) ) ;
#3501 = CARTESIAN_POINT ( 'NONE',  ( 1.759290307228593697, 5.076964867081125377, -0.7275231754205366830 ) ) ;
#3502 = ORIENTED_EDGE ( 'NONE', *, *, #597, .T. ) ;
#3503 = EDGE_CURVE ( 'NONE', #1855, #770, #571, .T. ) ;
#3504 = CARTESIAN_POINT ( 'NONE',  ( -1.244429921367730563, -6.360535132918876400, 1.242982926273935806 ) ) ;
#3505 = CARTESIAN_POINT ( 'NONE',  ( 1.242982926273936917, -4.110535132918875512, 1.244429921367732339 ) ) ;
#3506 = CARTESIAN_POINT ( 'NONE',  ( 2.250000000000001776, -9.268974808967564982, -0.009490696551812224241 ) ) ;
#3507 = CARTESIAN_POINT ( 'NONE',  ( -1.794917275451910044, 7.957531409688019863, -1.753155743969580183 ) ) ;
#3508 = CARTESIAN_POINT ( 'NONE',  ( -2.495787192698266654, 6.883898324474225561, -1.070782749433753400 ) ) ;
#3509 = CARTESIAN_POINT ( 'NONE',  ( 1.086127994562195109, -11.27038850511167389, 1.659809386960544586 ) ) ;
#3510 = CARTESIAN_POINT ( 'NONE',  ( -2.249999999999995559, 6.798670417785110942, 1.048517448617733223E-14 ) ) ;
#3511 = CARTESIAN_POINT ( 'NONE',  ( -2.249999999999986233, -6.831582707743596217, -0.9208808658774269018 ) ) ;
#3512 = CARTESIAN_POINT ( 'NONE',  ( 2.250000000000000888, -1.269613470544322054, -1.605248138585507851E-15 ) ) ;
#3513 = ADVANCED_FACE ( 'NONE', ( #3985 ), #1599, .T. ) ;
#3514 = CARTESIAN_POINT ( 'NONE',  ( -0.02952986210388923102, -4.167468590311980137, -2.508866492177964425 ) ) ;
#3515 = VERTEX_POINT ( 'NONE', #4276 ) ;
#3516 = CARTESIAN_POINT ( 'NONE',  ( -2.249999999999998224, -4.769613470544322276, 1.540766712299831859E-15 ) ) ;
#3517 = VERTEX_POINT ( 'NONE', #3321 ) ;
#3518 = CARTESIAN_POINT ( 'NONE',  ( -0.9529664928947858549, -2.015242391497265029, 2.241192214958859452 ) ) ;
#3519 = CARTESIAN_POINT ( 'NONE',  ( 1.244429921367732561, 6.139464867081122712, -1.242982926273935806 ) ) ;
#3520 = CARTESIAN_POINT ( 'NONE',  ( 2.249999999999996447, 3.298670417785110054, -1.076011755298871693E-14 ) ) ;
#3521 = CARTESIAN_POINT ( 'NONE',  ( 2.250000000000001332, -2.268974808967565426, -0.009490696551812224241 ) ) ;
#3522 = ORIENTED_EDGE ( 'NONE', *, *, #3171, .F. ) ;
#3523 = CARTESIAN_POINT ( 'NONE',  ( -0.7275231754205352397, -3.673035132918875512, -1.759290307228593475 ) ) ;
#3524 = CARTESIAN_POINT ( 'NONE',  ( 1.753155743969582625, -12.29246859031198014, -1.794917275451909822 ) ) ;
#3525 = CARTESIAN_POINT ( 'NONE',  ( -1.242982926273935140, 2.389464867081124932, -1.244429921367732339 ) ) ;
#3526 = ORIENTED_EDGE ( 'NONE', *, *, #2951, .T. ) ;
#3527 = CARTESIAN_POINT ( 'NONE',  ( -1.759290307228592365, -5.423035132918875512, 0.7275231754205364609 ) ) ;
#3528 = CARTESIAN_POINT ( 'NONE',  ( -1.242982926273934252, -4.610535132918875512, -1.244429921367732339 ) ) ;
#3529 = CARTESIAN_POINT ( 'NONE',  ( 2.249999999999997780, -7.701329582214889946, -2.618747852407189130E-15 ) ) ;
#3530 = CARTESIAN_POINT ( 'NONE',  ( 2.495787192698266654, 4.383898324474227337, 1.070782749433754732 ) ) ;
#3531 = CARTESIAN_POINT ( 'NONE',  ( -0.9129662964607015985, -6.580838348736125276, 2.257782146820025204 ) ) ;
#3532 = CARTESIAN_POINT ( 'NONE',  ( 1.759290307228596362, -11.92303513291887640, -0.7275231754205367940 ) ) ;
#3533 = AXIS2_PLACEMENT_3D ( 'NONE', #178, #1478, #4035 ) ;
#3534 = CARTESIAN_POINT ( 'NONE',  ( -0.9109131437704435230, 4.609757608502736304, -2.258611282509372931 ) ) ;
#3535 = CARTESIAN_POINT ( 'NONE',  ( -0.9529664928947859659, -0.01524239149726465403, 2.241192214958859452 ) ) ;
#3536 = CARTESIAN_POINT ( 'NONE',  ( 2.496634822799526976, -7.354968590311980137, -1.068736389347416216 ) ) ;
#3537 = ORIENTED_EDGE ( 'NONE', *, *, #3888, .T. ) ;
#3538 = CARTESIAN_POINT ( 'NONE',  ( 1.577512011070596687, 6.856661651263874724, -1.604355277028128191 ) ) ;
#3539 = CARTESIAN_POINT ( 'NONE',  ( -1.759290307228593919, 7.576964867081123600, 0.7275231754205364609 ) ) ;
#3540 = CARTESIAN_POINT ( 'NONE',  ( 0.001023180043167304636, 7.264464867081123600, -1.758866492177963980 ) ) ;
#3541 = CARTESIAN_POINT ( 'NONE',  ( 1.577512011070597797, -2.143338348736125720, -1.604355277028128191 ) ) ;
#3542 = CARTESIAN_POINT ( 'NONE',  ( -0.001023180043166243202, -3.235535132918875068, 1.758866492177963980 ) ) ;
#3543 = DIRECTION ( 'NONE',  ( -1.000000000000000000, 0.000000000000000000, 0.000000000000000000 ) ) ;
#3544 = CARTESIAN_POINT ( 'NONE',  ( 1.758442677127336040, -4.048035132918875512, 0.7295695355068725352 ) ) ;
#3545 = ADVANCED_FACE ( 'NONE', ( #2939 ), #2559, .T. ) ;
#3546 = CARTESIAN_POINT ( 'NONE',  ( -1.242982926273934474, -2.610535132918876400, -1.244429921367732339 ) ) ;
#3547 = CONICAL_SURFACE ( 'NONE', #3127, 2.250000000000000444, 0.7853981633974509435 ) ;
#3548 = CARTESIAN_POINT ( 'NONE',  ( -2.249999999999995559, 3.797962663936917060, -0.01051356683023896288 ) ) ;
#3549 = CARTESIAN_POINT ( 'NONE',  ( -2.521945791657663083, 7.008898324474226449, 1.007630305053297537 ) ) ;
#3550 = CARTESIAN_POINT ( 'NONE',  ( 2.249999999999988898, -6.331582707743596217, 0.9208808658774283451 ) ) ;
#3551 = CARTESIAN_POINT ( 'NONE',  ( -0.01898105538776454979, 7.981661651263875612, -2.249919936250258434 ) ) ;
#3552 = CARTESIAN_POINT ( 'NONE',  ( -2.007932280925075740E-15, 12.00000000000000000, -1.500000000000000222 ) ) ;
#3553 = CARTESIAN_POINT ( 'NONE',  ( -0.9529664928947864100, 1.984757608502735859, 2.241192214958859452 ) ) ;
#3554 =( BOUNDED_CURVE ( )  B_SPLINE_CURVE ( 2, ( #278, #3320, #1641, #598, #668, #3898, #300, #24, #1575, #2229, #1326 ),
 .UNSPECIFIED., .F., .F. ) 
 B_SPLINE_CURVE_WITH_KNOTS ( ( 3, 2, 2, 2, 2, 3 ),
 ( 0.3333988878159636626, 0.3392857142857143016, 0.3452380952380952328, 0.3511904761904761640, 0.3571428571428570953, 0.3572084116254874986 ),
 .UNSPECIFIED. ) 
 CURVE ( )  GEOMETRIC_REPRESENTATION_ITEM ( )  RATIONAL_B_SPLINE_CURVE ( ( 0.9983418125108562968, 0.9247178588724063175, 1.000000000000000000, 0.9238795325112867385, 1.000000000000000000, 0.9238795325112867385, 1.000000000000000000, 0.9238795325112867385, 1.000000000000000000, 0.9991616736388804210, 0.9983418125108560748 ) ) 
 REPRESENTATION_ITEM ( '' )  );
#3555 = EDGE_CURVE ( 'NONE', #2080, #1192, #646, .T. ) ;
#3556 = CIRCLE ( 'NONE', #4031, 2.250000000000000444 ) ;
#3557 = CARTESIAN_POINT ( 'NONE',  ( -1.794917275451908267, -5.042468590311980137, -1.753155743969580183 ) ) ;
#3558 = ORIENTED_EDGE ( 'NONE', *, *, #4061, .F. ) ;
#3559 = CARTESIAN_POINT ( 'NONE',  ( 2.250000000000000444, -0.2696134705443212209, -1.605248138585507851E-15 ) ) ;
#3560 = CARTESIAN_POINT ( 'NONE',  ( -1.751708748875779875, -8.178601675525772663, -1.796364270545708131 ) ) ;
#3561 = CARTESIAN_POINT ( 'NONE',  ( -2.250000000000001332, 12.00000000000000000, 0.000000000000000000 ) ) ;
#3562 = CARTESIAN_POINT ( 'NONE',  ( 2.249999999999999556, 12.00000000000000000, 2.755455298081544778E-16 ) ) ;
#3563 = CARTESIAN_POINT ( 'NONE',  ( 1.758442677127336040, -4.048035132918875512, 0.7295695355068724242 ) ) ;
#3564 = CYLINDRICAL_SURFACE ( 'NONE', #1560, 2.250000000000000444 ) ;
#3565 = CARTESIAN_POINT ( 'NONE',  ( 1.759290307228593475, 7.076964867081122712, -0.7275231754205366830 ) ) ;
#3566 = CARTESIAN_POINT ( 'NONE',  ( 0.001023180043168630832, -2.735535132918876400, -1.758866492177964203 ) ) ;
#3567 = CARTESIAN_POINT ( 'NONE',  ( -0.001023180043165843782, -6.235535132918875512, 1.758866492177963980 ) ) ;
#3568 = CARTESIAN_POINT ( 'NONE',  ( 2.242057725680493441, -9.205838348736126164, -0.9509284072362309548 ) ) ;
#3569 = CARTESIAN_POINT ( 'NONE',  ( 1.577512011070596687, 4.856661651263875612, -1.604355277028128191 ) ) ;
#3570 = CARTESIAN_POINT ( 'NONE',  ( -2.249999999999992895, -7.201329582214888170, 2.343804785595805608E-15 ) ) ;
#3571 = CARTESIAN_POINT ( 'NONE',  ( -1.758442677127332487, -9.548035132918874623, -0.7295695355068716470 ) ) ;
#3572 = CARTESIAN_POINT ( 'NONE',  ( 1.576052679364653430, -6.827742391497264585, 1.605788887702079837 ) ) ;
#3573 = CARTESIAN_POINT ( 'NONE',  ( 0.9109131437704454104, 0.1097576085027354570, 2.258611282509372931 ) ) ;
#3574 = CARTESIAN_POINT ( 'NONE',  ( 1.070782749433754288, -1.366101675525772441, -2.495787192698266654 ) ) ;
#3575 = CARTESIAN_POINT ( 'NONE',  ( 2.496634822799526976, -6.354968590311980137, -1.068736389347416216 ) ) ;
#3576 = ORIENTED_EDGE ( 'NONE', *, *, #368, .F. ) ;
#3577 = EDGE_CURVE ( 'NONE', #2383, #3935, #1576, .T. ) ;
#3578 = CARTESIAN_POINT ( 'NONE',  ( -2.249999999999999112, -0.7696134705443214985, 1.715545315126795680E-15 ) ) ;
#3579 =( BOUNDED_CURVE ( )  B_SPLINE_CURVE ( 2, ( #83, #2459, #3767, #1103, #441, #3402, #3784, #3727, #425, #1766, #2116 ),
 .UNSPECIFIED., .F., .F. ) 
 B_SPLINE_CURVE_WITH_KNOTS ( ( 3, 2, 2, 2, 2, 3 ),
 ( 0.04754643449052738113, 0.04761904761904756089, 0.05357142857142849213, 0.05952380952380953438, 0.06547619047619046562, 0.07135595830005121709 ),
 .UNSPECIFIED. ) 
 CURVE ( )  GEOMETRIC_REPRESENTATION_ITEM ( )  RATIONAL_B_SPLINE_CURVE ( ( 0.9981654678299758388, 0.9990714059914859169, 1.000000000000000000, 0.9238795325112867385, 1.000000000000000000, 0.9238795325112867385, 1.000000000000000000, 0.9238795325112867385, 1.000000000000000000, 0.9248081265198008216, 0.9981654678299758388 ) ) 
 REPRESENTATION_ITEM ( '' )  );
#3580 = CARTESIAN_POINT ( 'NONE',  ( 2.508866492177966645, -8.553601675525770887, 0.03157622219022752225 ) ) ;
#3581 = CARTESIAN_POINT ( 'NONE',  ( -2.249999999999999556, 6.230386529455675948, 1.360897470555578513E-15 ) ) ;
#3582 = CARTESIAN_POINT ( 'NONE',  ( -1.923409208287327383E-16, 8.250000000000000000, 0.000000000000000000 ) ) ;
#3583 = ORIENTED_EDGE ( 'NONE', *, *, #4250, .T. ) ;
#3584 = CARTESIAN_POINT ( 'NONE',  ( 2.250000000000001332, -6.269613470544318723, -1.605248138585507851E-15 ) ) ;
#3585 = CARTESIAN_POINT ( 'NONE',  ( 2.249999999999996447, 0.2986704177851107200, -1.076011755298871693E-14 ) ) ;
#3586 = CARTESIAN_POINT ( 'NONE',  ( 0.7295695355068712029, 8.201964867081123600, -1.758442677127334486 ) ) ;
#3587 = CARTESIAN_POINT ( 'NONE',  ( 1.242982926273936695, -2.110535132918875956, 1.244429921367732561 ) ) ;
#3588 = CARTESIAN_POINT ( 'NONE',  ( 1.244429921367733449, -0.8605351329188763998, -1.242982926273935806 ) ) ;
#3589 = DIRECTION ( 'NONE',  ( 1.000000000000000000, 0.000000000000000000, 0.000000000000000000 ) ) ;
#3590 = ORIENTED_EDGE ( 'NONE', *, *, #2427, .F. ) ;
#3591 = CARTESIAN_POINT ( 'NONE',  ( 2.521945791657662639, 8.508898324474229113, -1.007630305053297981 ) ) ;
#3592 = CARTESIAN_POINT ( 'NONE',  ( -2.241192214958858564, -7.265242391497265473, -0.9529664928947859659 ) ) ;
#3593 = CARTESIAN_POINT ( 'NONE',  ( -0.001023180043165304717, -10.23553513291887640, 1.758866492177964203 ) ) ;
#3594 = CARTESIAN_POINT ( 'NONE',  ( 2.250000000000002220, -11.00000000000000000, 2.755455298081544778E-16 ) ) ;
#3595 = CARTESIAN_POINT ( 'NONE',  ( 2.250000000000000000, 3.730386529455678613, -1.605248138585507851E-15 ) ) ;
#3596 = CARTESIAN_POINT ( 'NONE',  ( -2.495787192698264878, -2.116101675525772663, -1.070782749433753400 ) ) ;
#3597 = ORIENTED_EDGE ( 'NONE', *, *, #2510, .T. ) ;
#3598 = EDGE_CURVE ( 'NONE', #2269, #48, #3643, .T. ) ;
#3599 = CARTESIAN_POINT ( 'NONE',  ( 1.068736389347418880, -7.604968590311980137, 2.496634822799524756 ) ) ;
#3600 = CARTESIAN_POINT ( 'NONE',  ( -0.9129662964607033748, 7.419161651263872947, 2.257782146820025204 ) ) ;
#3601 = CARTESIAN_POINT ( 'NONE',  ( -1.796364270545705910, -10.92860167552577266, 1.751708748875781652 ) ) ;
#3602 = CARTESIAN_POINT ( 'NONE',  ( -1.741481676501552107E-15, 10.00000000000000000, -1.500000000000000222 ) ) ;
#3603 = DIRECTION ( 'NONE',  ( 1.332253022117617921E-16, -1.000000000000000000, 0.000000000000000000 ) ) ;
#3604 = ORIENTED_EDGE ( 'NONE', *, *, #3503, .T. ) ;
#3605 = CARTESIAN_POINT ( 'NONE',  ( -2.249999999999996891, -10.76961347054432316, 1.403319461532997136E-15 ) ) ;
#3606 = CARTESIAN_POINT ( 'NONE',  ( 1.009676665139637386, -10.22996859031197836, -2.521098161556404094 ) ) ;
#3607 = CARTESIAN_POINT ( 'NONE',  ( -0.7275231754205367940, 7.326964867081123600, -1.759290307228593475 ) ) ;
#3608 = CARTESIAN_POINT ( 'NONE',  ( 0.001023180043168231195, 0.2644648670811245994, -1.758866492177964203 ) ) ;
#3609 = CARTESIAN_POINT ( 'NONE',  ( 1.244429921367733671, -1.860535132918875512, -1.242982926273935806 ) ) ;
#3610 = CARTESIAN_POINT ( 'NONE',  ( -2.495787192698266654, 8.883898324474229113, -1.070782749433753400 ) ) ;
#3611 = CARTESIAN_POINT ( 'NONE',  ( -1.577512011070596021, -1.643338348736125276, 1.604355277028128191 ) ) ;
#3612 = DIRECTION ( 'NONE',  ( -1.332253022117619153E-16, 1.000000000000000000, -0.000000000000000000 ) ) ;
#3613 = CARTESIAN_POINT ( 'NONE',  ( -2.249999999999993339, -9.202037336063082051, -0.01051356683023091897 ) ) ;
#3614 = CARTESIAN_POINT ( 'NONE',  ( 1.794917275451909378, 6.457531409688018975, 1.753155743969580405 ) ) ;
#3615 = CARTESIAN_POINT ( 'NONE',  ( -2.508866492177963092, -2.053601675525772663, -0.03157622219022782756 ) ) ;
#3616 = ORIENTED_EDGE ( 'NONE', *, *, #2187, .F. ) ;
#3617 = ORIENTED_EDGE ( 'NONE', *, *, #905, .F. ) ;
#3618 = ADVANCED_FACE ( 'NONE', ( #3299 ), #2894, .F. ) ;
#3619 = CARTESIAN_POINT ( 'NONE',  ( 1.794917275451910710, -2.542468590311980581, 1.753155743969580405 ) ) ;
#3620 = PLANE ( 'NONE',  #2768 ) ;
#3621 = ADVANCED_FACE ( 'NONE', ( #2251 ), #763, .T. ) ;
#3622 = AXIS2_PLACEMENT_3D ( 'NONE', #944, #4209, #3941 ) ;
#3623 = CARTESIAN_POINT ( 'NONE',  ( -2.508866492177962204, -9.053601675525772663, -0.03157622219022782756 ) ) ;
#3624 = CARTESIAN_POINT ( 'NONE',  ( 2.249999999999999556, 12.00000000000000000, 2.755455298081544778E-16 ) ) ;
#3625 = CARTESIAN_POINT ( 'NONE',  ( 0.02245612404546741547, -11.01368143946734257, -2.257444697579169102 ) ) ;
#3626 = VERTEX_POINT ( 'NONE', #1970 ) ;
#3627 = CARTESIAN_POINT ( 'NONE',  ( -6.919358041228400441E-16, 12.00000000000000000, 0.000000000000000000 ) ) ;
#3628 = CARTESIAN_POINT ( 'NONE',  ( 2.521098161556404982, -9.479968590311981913, 1.009676665139636276 ) ) ;
#3629 = CARTESIAN_POINT ( 'NONE',  ( 0.001023180043167304636, 7.264464867081123600, -1.758866492177963980 ) ) ;
#3630 = CARTESIAN_POINT ( 'NONE',  ( 0.7275231754205382373, -1.173035132918874845, 1.759290307228593475 ) ) ;
#3631 = CARTESIAN_POINT ( 'NONE',  ( -1.242982926273934918, 1.389464867081123822, -1.244429921367732339 ) ) ;
#3632 = CARTESIAN_POINT ( 'NONE',  ( -2.249999999999986233, -2.831582707743596217, -0.9208808658774270128 ) ) ;
#3633 = CARTESIAN_POINT ( 'NONE',  ( -1.242982926273933364, -10.61053513291887640, -1.244429921367732339 ) ) ;
#3634 = ADVANCED_FACE ( 'NONE', ( #622 ), #2411, .T. ) ;
#3635 = CARTESIAN_POINT ( 'NONE',  ( -0.9109131437704430789, 0.6097576085027358594, -2.258611282509372931 ) ) ;
#3636 = CARTESIAN_POINT ( 'NONE',  ( 2.508866492177965757, -2.553601675525771775, 0.03157622219022752225 ) ) ;
#3637 = CARTESIAN_POINT ( 'NONE',  ( -2.250000000000001332, 12.00000000000000000, 0.000000000000000000 ) ) ;
#3638 = EDGE_LOOP ( 'NONE', ( #2512, #4003, #2302, #4141 ) ) ;
#3639 = CARTESIAN_POINT ( 'NONE',  ( -2.521098161556402317, -2.979968590311981025, -1.009676665139634943 ) ) ;
#3640 = CARTESIAN_POINT ( 'NONE',  ( -2.242057725680491664, 7.294161651263873836, 0.9509284072362306217 ) ) ;
#3641 = CARTESIAN_POINT ( 'NONE',  ( -1.796364270545706576, -5.928601675525772663, 1.751708748875781652 ) ) ;
#3642 = CARTESIAN_POINT ( 'NONE',  ( -2.250000000000001332, 12.00000000000000000, 0.000000000000000000 ) ) ;
#3643 = LINE ( 'NONE', #2918, #2553 ) ;
#3644 = EDGE_CURVE ( 'NONE', #1562, #592, #1046, .T. ) ;
#3645 = ORIENTED_EDGE ( 'NONE', *, *, #3146, .F. ) ;
#3646 = CARTESIAN_POINT ( 'NONE',  ( 2.242057725680492997, -6.205838348736125276, -0.9509284072362309548 ) ) ;
#3647 = CARTESIAN_POINT ( 'NONE',  ( -2.521098161556401429, -9.979968590311980137, -1.009676665139634943 ) ) ;
#3648 = CARTESIAN_POINT ( 'NONE',  ( 0.001023180043168364552, -0.7355351329188762888, -1.758866492177964203 ) ) ;
#3649 = CARTESIAN_POINT ( 'NONE',  ( -1.758442677127333598, 0.4519648670811248214, -0.7295695355068715360 ) ) ;
#3650 = ORIENTED_EDGE ( 'NONE', *, *, #3334, .F. ) ;
#3651 = CARTESIAN_POINT ( 'NONE',  ( 2.249919936250259767, -3.268338348736124832, -0.01898105538776452897 ) ) ;
#3652 = ORIENTED_EDGE ( 'NONE', *, *, #3987, .T. ) ;
#3653 = CARTESIAN_POINT ( 'NONE',  ( 0.001023180043169702675, -10.73553513291887640, -1.758866492177963980 ) ) ;
#3654 = CARTESIAN_POINT ( 'NONE',  ( -2.249999999999997335, -8.769613470544317835, 1.360897470555578513E-15 ) ) ;
#3655 = CARTESIAN_POINT ( 'NONE',  ( -0.9109131437704425238, -3.390242391497264141, -2.258611282509372931 ) ) ;
#3656 = CARTESIAN_POINT ( 'NONE',  ( -1.242982926273933364, -10.61053513291887640, -1.244429921367732339 ) ) ;
#3657 = DIRECTION ( 'NONE',  ( 0.7071067811865492381, 0.7071067811865457964, 8.659560562354957510E-17 ) ) ;
#3658 = PLANE ( 'NONE',  #2830 ) ;
#3659 = CARTESIAN_POINT ( 'NONE',  ( -2.521945791657661751, -2.991101675525772219, 1.007630305053297537 ) ) ;
#3660 = CARTESIAN_POINT ( 'NONE',  ( -2.249999999999994671, 1.798670417785110276, 1.048517448617733223E-14 ) ) ;
#3661 = ORIENTED_EDGE ( 'NONE', *, *, #1740, .F. ) ;
#3662 = CARTESIAN_POINT ( 'NONE',  ( 1.068736389347417992, -0.6049685903119806918, 2.496634822799524756 ) ) ;
#3663 = PERSON_AND_ORGANIZATION ( #3361, #220 ) ;
#3664 = CARTESIAN_POINT ( 'NONE',  ( 1.796364270545709907, -6.428601675525772663, -1.751708748875781652 ) ) ;
#3665 = CARTESIAN_POINT ( 'NONE',  ( -0.9509284072362294005, -3.955838348736125720, -2.242057725680490776 ) ) ;
#3666 = DIRECTION ( 'NONE',  ( -1.000000000000000000, 0.000000000000000000, 0.000000000000000000 ) ) ;
#3667 = ORIENTED_EDGE ( 'NONE', *, *, #4042, .F. ) ;
#3668 = CARTESIAN_POINT ( 'NONE',  ( -1.604355277028125748, -10.89333834873612616, -1.577512011070596687 ) ) ;
#3669 = AXIS2_PLACEMENT_3D ( 'NONE', #848, #1123, #3460 ) ;
#3670 = CARTESIAN_POINT ( 'NONE',  ( -2.496634822799522979, -10.85496859031198014, 1.068736389347415772 ) ) ;
#3671 = CARTESIAN_POINT ( 'NONE',  ( 1.759290307228594141, 3.076964867081124044, -0.7275231754205367940 ) ) ;
#3672 = CARTESIAN_POINT ( 'NONE',  ( 1.242982926273936251, 0.8894648670811251545, 1.244429921367732339 ) ) ;
#3673 = CARTESIAN_POINT ( 'NONE',  ( 2.249999999999988454, -2.331582707743596661, 0.9208808658774283451 ) ) ;
#3674 = CARTESIAN_POINT ( 'NONE',  ( -0.7275231754205342405, -11.67303513291887640, -1.759290307228593475 ) ) ;
#3675 = CARTESIAN_POINT ( 'NONE',  ( 2.241192214958862117, -8.765242391497265473, 0.9529664928947871871 ) ) ;
#3676 = CARTESIAN_POINT ( 'NONE',  ( 1.576052679364653208, -5.827742391497264585, 1.605788887702079837 ) ) ;
#3677 = CARTESIAN_POINT ( 'NONE',  ( -1.759290307228592587, -1.423035132918875068, 0.7275231754205363499 ) ) ;
#3678 = CARTESIAN_POINT ( 'NONE',  ( -0.7275231754205346846, -8.673035132918874623, -1.759290307228593475 ) ) ;
#3679 = EDGE_CURVE ( 'NONE', #1944, #3626, #4254, .T. ) ;
#3680 = DIRECTION ( 'NONE',  ( -1.000000000000000000, 0.000000000000000000, 0.000000000000000000 ) ) ;
#3681 = CYLINDRICAL_SURFACE ( 'NONE', #4208, 2.250000000000000444 ) ;
#3682 = CARTESIAN_POINT ( 'NONE',  ( -1.796364270545707686, 2.071398324474227337, 1.751708748875781652 ) ) ;
#3683 = CARTESIAN_POINT ( 'NONE',  ( 2.249999999999999556, 12.00000000000000000, 2.755455298081544778E-16 ) ) ;
#3684 = ORIENTED_EDGE ( 'NONE', *, *, #334, .F. ) ;
#3685 = CARTESIAN_POINT ( 'NONE',  ( -2.508866492177963092, -3.917468590311980137, 0.02952986210389053900 ) ) ;
#3686 = CARTESIAN_POINT ( 'NONE',  ( 1.068736389347417548, 5.395031409688020752, 2.496634822799524756 ) ) ;
#3687 = AXIS2_PLACEMENT_3D ( 'NONE', #396, #3412, #3775 ) ;
#3688 = PERSON_AND_ORGANIZATION ( #3361, #220 ) ;
#3689 = EDGE_CURVE ( 'NONE', #927, #592, #3098, .T. ) ;
#3690 = CARTESIAN_POINT ( 'NONE',  ( 2.495787192698267098, -5.616101675525771775, 1.070782749433754732 ) ) ;
#3691 = CARTESIAN_POINT ( 'NONE',  ( 2.249999999999997335, -3.701329582214890390, 5.529410565873372312E-15 ) ) ;
#3692 = ORIENTED_EDGE ( 'NONE', *, *, #2249, .F. ) ;
#3693 = CARTESIAN_POINT ( 'NONE',  ( -2.249999999999997780, -7.769613470544320499, 1.360897470555578513E-15 ) ) ;
#3694 = CARTESIAN_POINT ( 'NONE',  ( 1.758866492177964869, 2.014464867081124488, 0.001023180043167252161 ) ) ;
#3695 = VECTOR ( 'NONE', #4083, 1000.000000000000000 ) ;
#3696 = CARTESIAN_POINT ( 'NONE',  ( 0.7295695355068719801, 3.201964867081124044, -1.758442677127334486 ) ) ;
#3697 = CARTESIAN_POINT ( 'NONE',  ( 0.02102667456217206451, -1.452742391497264141, -2.249901748734116858 ) ) ;
#3698 = CARTESIAN_POINT ( 'NONE',  ( -0.9109131437704416356, -10.39024239149726547, -2.258611282509372931 ) ) ;
#3699 = CARTESIAN_POINT ( 'NONE',  ( 1.759290307228594363, 0.07696486708112447450, -0.7275231754205366830 ) ) ;
#3700 = CARTESIAN_POINT ( 'NONE',  ( 1.242982926273937583, -8.110535132918876400, 1.244429921367732561 ) ) ;
#3701 = CARTESIAN_POINT ( 'NONE',  ( 1.759290307228595474, -6.923035132918874623, -0.7275231754205366830 ) ) ;
#3702 = CYLINDRICAL_SURFACE ( 'NONE', #2254, 2.250000000000000444 ) ;
#3703 = ORIENTED_EDGE ( 'NONE', *, *, #2903, .T. ) ;
#3704 = CARTESIAN_POINT ( 'NONE',  ( 0.02952986210389164923, -2.667468590311981025, 2.508866492177964425 ) ) ;
#3705 = CARTESIAN_POINT ( 'NONE',  ( 1.753155743969580627, 3.707531409688019863, -1.794917275451909822 ) ) ;
#3706 = PERSON_AND_ORGANIZATION ( #3361, #220 ) ;
#3707 = CARTESIAN_POINT ( 'NONE',  ( 2.241192214958859452, 7.234757608502734527, 0.9529664928947871871 ) ) ;
#3708 = CARTESIAN_POINT ( 'NONE',  ( 0.03157622219022929166, -5.303601675525772663, -2.508866492177964425 ) ) ;
#3709 = CARTESIAN_POINT ( 'NONE',  ( 0.9529664928947862990, 2.484757608502736304, -2.241192214958859896 ) ) ;
#3710 = DIRECTION ( 'NONE',  ( -1.332253022117619153E-16, 1.000000000000000000, -0.000000000000000000 ) ) ;
#3711 = VERTEX_POINT ( 'NONE', #750 ) ;
#3712 = CARTESIAN_POINT ( 'NONE',  ( -0.2857141755814078810, 8.000000000000000000, -2.231785699808980006 ) ) ;
#3713 = CARTESIAN_POINT ( 'NONE',  ( -1.759290307228593475, 4.576964867081124488, 0.7275231754205364609 ) ) ;
#3714 = CARTESIAN_POINT ( 'NONE',  ( -0.7295695355068719801, 3.701964867081124488, 1.758442677127334042 ) ) ;
#3715 = CARTESIAN_POINT ( 'NONE',  ( -2.242057725680489000, -9.705838348736124388, 0.9509284072362306217 ) ) ;
#3716 = CARTESIAN_POINT ( 'NONE',  ( 0.001023180043169169681, -6.735535132918875512, -1.758866492177963980 ) ) ;
#3717 =( BOUNDED_CURVE ( )  B_SPLINE_CURVE ( 2, ( #1302, #3965, #1238, #2558, #3807, #505, #1005, #3009, #689, #710, #4097 ),
 .UNSPECIFIED., .F., .F. ) 
 B_SPLINE_CURVE_WITH_KNOTS ( ( 3, 2, 2, 2, 2, 3 ),
 ( 0.6191131735302495276, 0.6250000000000000000, 0.6309523809523809312, 0.6369047619047618625, 0.6428571428571427937, 0.6429226973397732525 ),
 .UNSPECIFIED. ) 
 CURVE ( )  GEOMETRIC_REPRESENTATION_ITEM ( )  RATIONAL_B_SPLINE_CURVE ( ( 0.9983418125108547425, 0.9247178588724069837, 1.000000000000000000, 0.9238795325112867385, 1.000000000000000000, 0.9238795325112867385, 1.000000000000000000, 0.9238795325112867385, 1.000000000000000000, 0.9991616736388797548, 0.9983418125108547425 ) ) 
 REPRESENTATION_ITEM ( '' )  );
#3718 = CARTESIAN_POINT ( 'NONE',  ( -6.919358041228400441E-16, 12.00000000000000000, 0.000000000000000000 ) ) ;
#3719 = CARTESIAN_POINT ( 'NONE',  ( 0.7275231754205381263, -1.173035132918874845, 1.759290307228593475 ) ) ;
#3720 = CARTESIAN_POINT ( 'NONE',  ( 0.001023180043169296966, -7.735535132918875512, -1.758866492177964203 ) ) ;
#3721 = CARTESIAN_POINT ( 'NONE',  ( -1.242982926273933364, -9.610535132918874623, -1.244429921367732339 ) ) ;
#3722 = CARTESIAN_POINT ( 'NONE',  ( -2.249999999999994227, -1.201329582214889058, 1.048517448617733223E-14 ) ) ;
#3723 = CARTESIAN_POINT ( 'NONE',  ( -2.496634822799525644, 7.145031409688018975, 1.068736389347415772 ) ) ;
#3724 = CARTESIAN_POINT ( 'NONE',  ( -2.508866492177963536, 2.946398324474228225, -0.03157622219022782756 ) ) ;
#3725 = LINE ( 'NONE', #2643, #2323 ) ;
#3726 = ORIENTED_EDGE ( 'NONE', *, *, #3421, .T. ) ;
#3727 = CARTESIAN_POINT ( 'NONE',  ( 0.9529664928947857439, 7.484757608502736304, -2.241192214958859896 ) ) ;
#3728 = CARTESIAN_POINT ( 'NONE',  ( -1.009676665139635388, 1.270031409688019197, 2.521098161556403650 ) ) ;
#3729 = CARTESIAN_POINT ( 'NONE',  ( 1.794917275451909822, 4.457531409688019863, 1.753155743969580405 ) ) ;
#3730 = PERSON_AND_ORGANIZATION ( #3361, #220 ) ;
#3731 = ADVANCED_FACE ( 'NONE', ( #3405 ), #1729, .T. ) ;
#3732 = EDGE_LOOP ( 'NONE', ( #3960, #213, #2218, #3833 ) ) ;
#3733 = CARTESIAN_POINT ( 'NONE',  ( -0.02102667456217114164, 6.047257608502738080, 2.249901748734116858 ) ) ;
#3734 = ORIENTED_EDGE ( 'NONE', *, *, #2998, .F. ) ;
#3735 = DIRECTION ( 'NONE',  ( -1.000000000000000000, 0.000000000000000000, 0.000000000000000000 ) ) ;
#3736 = CARTESIAN_POINT ( 'NONE',  ( 1.242982926273936251, 1.889464867081124266, 1.244429921367732561 ) ) ;
#3737 = CARTESIAN_POINT ( 'NONE',  ( -0.001023180043167308973, 4.764464867081125377, 1.758866492177963980 ) ) ;
#3738 = CARTESIAN_POINT ( 'NONE',  ( 2.372246146747684008E-15, -11.00000000000000000, 0.000000000000000000 ) ) ;
#3739 = CARTESIAN_POINT ( 'NONE',  ( -1.759290307228591921, -6.423035132918875512, 0.7275231754205363499 ) ) ;
#3740 = EDGE_CURVE ( 'NONE', #3835, #2658, #3414, .T. ) ;
#3741 = CARTESIAN_POINT ( 'NONE',  ( 1.758866492177966201, -6.985535132918875512, 0.001023180043167252161 ) ) ;
#3742 = CARTESIAN_POINT ( 'NONE',  ( -1.758442677127332487, -8.548035132918876400, -0.7295695355068715360 ) ) ;
#3743 = CARTESIAN_POINT ( 'NONE',  ( -1.299038105676659560, 10.00000000000000000, -0.7500000000000007772 ) ) ;
#3744 =( BOUNDED_CURVE ( )  B_SPLINE_CURVE ( 2, ( #1795, #2828, #859, #214, #835, #3494, #3836, #3518, #812, #2466, #1471 ),
 .UNSPECIFIED., .F., .F. ) 
 B_SPLINE_CURVE_WITH_KNOTS ( ( 3, 2, 2, 2, 2, 3 ),
 ( 0.4999273868714798064, 0.5000000000000000000, 0.5059523809523809312, 0.5119047619047618625, 0.5178571428571427937, 0.5237369106810035868 ),
 .UNSPECIFIED. ) 
 CURVE ( )  GEOMETRIC_REPRESENTATION_ITEM ( )  RATIONAL_B_SPLINE_CURVE ( ( 0.9981654678299756167, 0.9990714059914858058, 1.000000000000000000, 0.9238795325112867385, 1.000000000000000000, 0.9238795325112867385, 1.000000000000000000, 0.9238795325112867385, 1.000000000000000000, 0.9248081265198002665, 0.9981654678299769490 ) ) 
 REPRESENTATION_ITEM ( '' )  );
#3745 = CARTESIAN_POINT ( 'NONE',  ( 2.521945791657663527, 0.5088983244742276701, -1.007630305053297981 ) ) ;
#3746 = CARTESIAN_POINT ( 'NONE',  ( -2.250000000000001332, 12.00000000000000000, 0.000000000000000000 ) ) ;
#3747 = CARTESIAN_POINT ( 'NONE',  ( 2.249999999999997335, 6.668417292256404671, 0.9208808658774183531 ) ) ;
#3748 = CARTESIAN_POINT ( 'NONE',  ( -1.009676665139635388, 0.2700314096880200299, 2.521098161556403650 ) ) ;
#3749 = CC_DESIGN_PERSON_AND_ORGANIZATION_ASSIGNMENT ( #3706, #4047, ( #2140 ) ) ;
#3750 = EDGE_LOOP ( 'NONE', ( #3339, #2463, #3786, #3154 ) ) ;
#3751 = CARTESIAN_POINT ( 'NONE',  ( -2.249999999999998668, 2.230386529455679501, 1.360897470555578513E-15 ) ) ;
#3752 = EDGE_LOOP ( 'NONE', ( #3652, #967, #3243, #2498 ) ) ;
#3753 = CARTESIAN_POINT ( 'NONE',  ( -0.9109131437704436340, 5.609757608502737192, -2.258611282509372931 ) ) ;
#3754 = CARTESIAN_POINT ( 'NONE',  ( 1.242982926273936251, 2.889464867081125377, 1.244429921367732561 ) ) ;
#3755 = CARTESIAN_POINT ( 'NONE',  ( -1.242982926273935140, 2.389464867081124932, -1.244429921367732339 ) ) ;
#3756 = CARTESIAN_POINT ( 'NONE',  ( -6.919358041228400441E-16, 12.00000000000000000, 0.000000000000000000 ) ) ;
#3757 = CARTESIAN_POINT ( 'NONE',  ( 1.759290307228595029, -5.923035132918875512, -0.7275231754205366830 ) ) ;
#3758 = DIRECTION ( 'NONE',  ( -1.000000000000000000, 0.000000000000000000, 0.000000000000000000 ) ) ;
#3759 = CARTESIAN_POINT ( 'NONE',  ( -0.7295695355068712029, -1.298035132918874845, 1.758442677127334042 ) ) ;
#3760 = CARTESIAN_POINT ( 'NONE',  ( -0.7275231754205346846, -7.673035132918876400, -1.759290307228593475 ) ) ;
#3761 = VECTOR ( 'NONE', #149, 1000.000000000000000 ) ;
#3762 = CARTESIAN_POINT ( 'NONE',  ( 1.758442677127336484, -10.04803513291887640, 0.7295695355068724242 ) ) ;
#3763 = ADVANCED_FACE ( 'NONE', ( #4027 ), #107, .T. ) ;
#3764 = DIRECTION ( 'NONE',  ( -1.332253022117619153E-16, 1.000000000000000000, -0.000000000000000000 ) ) ;
#3765 = CARTESIAN_POINT ( 'NONE',  ( -2.521945791657662195, 1.008898324474228225, 1.007630305053297537 ) ) ;
#3766 =( BOUNDED_CURVE ( )  B_SPLINE_CURVE ( 2, ( #3287, #955, #3995, #1014, #3676, #697, #634, #1938, #1357, #4015, #3953 ),
 .UNSPECIFIED., .F., .F. ) 
 B_SPLINE_CURVE_WITH_KNOTS ( ( 3, 2, 2, 2, 2, 3 ),
 ( 0.6904035773476703275, 0.6904761904761904656, 0.6964285714285713969, 0.7023809523809523281, 0.7083333333333332593, 0.7142131011571940524 ),
 .UNSPECIFIED. ) 
 CURVE ( )  GEOMETRIC_REPRESENTATION_ITEM ( )  RATIONAL_B_SPLINE_CURVE ( ( 0.9981654678299769490, 0.9990714059914864720, 1.000000000000000000, 0.9238795325112867385, 1.000000000000000000, 0.9238795325112867385, 1.000000000000000000, 0.9238795325112867385, 1.000000000000000000, 0.9248081265198002665, 0.9981654678299769490 ) ) 
 REPRESENTATION_ITEM ( '' )  );
#3767 = CARTESIAN_POINT ( 'NONE',  ( -2.249901748734116858, 7.797257608502734527, -0.02102667456217110348 ) ) ;
#3768 = CARTESIAN_POINT ( 'NONE',  ( -2.496634822799524756, 0.1450314096880199743, 1.068736389347415772 ) ) ;
#3769 = ORIENTED_EDGE ( 'NONE', *, *, #774, .F. ) ;
#3770 = CARTESIAN_POINT ( 'NONE',  ( 0.01898105538776549348, -3.518338348736125276, 2.249919936250258434 ) ) ;
#3771 = VERTEX_POINT ( 'NONE', #2404 ) ;
#3772 = CARTESIAN_POINT ( 'NONE',  ( 0.3130616189148693329, 7.999999999999996447, -2.160263340639492213 ) ) ;
#3773 = CARTESIAN_POINT ( 'NONE',  ( -0.7275231754205364609, 5.326964867081125377, -1.759290307228593475 ) ) ;
#3774 = CARTESIAN_POINT ( 'NONE',  ( 1.758442677127334486, 4.951964867081125377, 0.7295695355068724242 ) ) ;
#3775 = DIRECTION ( 'NONE',  ( -1.000000000000000000, 0.000000000000000000, 0.000000000000000000 ) ) ;
#3776 = CARTESIAN_POINT ( 'NONE',  ( -1.758442677127332932, -7.548035132918877288, -0.7295695355068715360 ) ) ;
#3777 = CYLINDRICAL_SURFACE ( 'NONE', #1085, 2.250000000000000444 ) ;
#3778 = CARTESIAN_POINT ( 'NONE',  ( -0.001023180043166909553, 1.764464867081124266, 1.758866492177963980 ) ) ;
#3779 = CARTESIAN_POINT ( 'NONE',  ( -1.242982926273934030, -5.610535132918875512, -1.244429921367732339 ) ) ;
#3780 = CARTESIAN_POINT ( 'NONE',  ( 1.242982926273937805, -10.11053513291887640, 1.244429921367732339 ) ) ;
#3781 = CYLINDRICAL_SURFACE ( 'NONE', #1438, 3.499999999999999556 ) ;
#3782 = CARTESIAN_POINT ( 'NONE',  ( -0.03157622219022776511, 5.196398324474228225, 2.508866492177964425 ) ) ;
#3783 = CARTESIAN_POINT ( 'NONE',  ( 1.577512011070597575, -0.1433383487361257203, -1.604355277028128191 ) ) ;
#3784 = CARTESIAN_POINT ( 'NONE',  ( 0.02102667456217087449, 7.547257608502735415, -2.249901748734116858 ) ) ;
#3785 = CARTESIAN_POINT ( 'NONE',  ( -6.919358041228400441E-16, 12.00000000000000000, 0.000000000000000000 ) ) ;
#3786 = ORIENTED_EDGE ( 'NONE', *, *, #3999, .T. ) ;
#3787 = LINE ( 'NONE', #1213, #3954 ) ;
#3788 = LINE ( 'NONE', #3142, #1025 ) ;
#3789 = VERTEX_POINT ( 'NONE', #3751 ) ;
#3790 = CARTESIAN_POINT ( 'NONE',  ( 1.299038105676656896, 10.00000000000000000, -0.7500000000000005551 ) ) ;
#3791 = CARTESIAN_POINT ( 'NONE',  ( -0.7275231754205367940, 7.326964867081123600, -1.759290307228593475 ) ) ;
#3792 = CARTESIAN_POINT ( 'NONE',  ( -0.3601857489539746493, -10.97548789687486703, 2.246732104776971717 ) ) ;
#3793 = DIRECTION ( 'NONE',  ( -1.000000000000000000, 0.000000000000000000, 0.000000000000000000 ) ) ;
#3794 = ORIENTED_EDGE ( 'NONE', *, *, #1655, .F. ) ;
#3795 = CARTESIAN_POINT ( 'NONE',  ( -0.7295695355068703147, -8.298035132918876400, 1.758442677127334042 ) ) ;
#3796 = DIRECTION ( 'NONE',  ( -1.000000000000000000, 0.000000000000000000, 0.000000000000000000 ) ) ;
#3797 = CARTESIAN_POINT ( 'NONE',  ( 0.7275231754205376822, 2.826964867081125377, 1.759290307228593475 ) ) ;
#3798 = ORIENTED_EDGE ( 'NONE', *, *, #1615, .T. ) ;
#3799 = CARTESIAN_POINT ( 'NONE',  ( 0.001023180043169030686, -5.735535132918875512, -1.758866492177964203 ) ) ;
#3800 = CARTESIAN_POINT ( 'NONE',  ( 1.244429921367733671, -2.860535132918876400, -1.242982926273935806 ) ) ;
#3801 = DIRECTION ( 'NONE',  ( -0.4999999999999998890, -6.661265110588094533E-17, 0.8660254037844387076 ) ) ;
#3802 = CARTESIAN_POINT ( 'NONE',  ( 1.751708748875781207, 6.321398324474229113, 1.796364270545708353 ) ) ;
#3803 = EDGE_CURVE ( 'NONE', #3935, #1192, #1053, .T. ) ;
#3804 = CARTESIAN_POINT ( 'NONE',  ( 2.249999999999979128, -2.639417963350929597, -0.9196868998405925977 ) ) ;
#3805 = CARTESIAN_POINT ( 'NONE',  ( -1.299038105676659560, 10.00000000000000000, 0.7500000000000002220 ) ) ;
#3806 = CARTESIAN_POINT ( 'NONE',  ( -1.753155743969579516, 0.2075314096880200021, 1.794917275451909822 ) ) ;
#3807 = CARTESIAN_POINT ( 'NONE',  ( -0.01898105538776281853, -5.018338348736125276, -2.249919936250258434 ) ) ;
#3808 = ORIENTED_EDGE ( 'NONE', *, *, #4206, .F. ) ;
#3809 = SHAPE_DEFINITION_REPRESENTATION ( #138, #3145 ) ;
#3810 = EDGE_LOOP ( 'NONE', ( #1895, #3300, #1022, #3177 ) ) ;
#3811 = EDGE_CURVE ( 'NONE', #3253, #1782, #711, .T. ) ;
#3812 = LINE ( 'NONE', #170, #12 ) ;
#3813 = EDGE_LOOP ( 'NONE', ( #1952, #507, #2626, #685 ) ) ;
#3814 = FACE_OUTER_BOUND ( 'NONE', #2119, .T. ) ;
#3815 = CARTESIAN_POINT ( 'NONE',  ( -1.242982926273936028, 8.389464867081125377, -1.244429921367732339 ) ) ;
#3816 = VECTOR ( 'NONE', #2718, 1000.000000000000000 ) ;
#3817 = CARTESIAN_POINT ( 'NONE',  ( -0.7275231754205367940, 7.326964867081123600, -1.759290307228593475 ) ) ;
#3818 = CARTESIAN_POINT ( 'NONE',  ( -2.249919936250257546, 1.231661651263873836, 0.01898105538776425488 ) ) ;
#3819 = CARTESIAN_POINT ( 'NONE',  ( -1.244429921367730563, -5.360535132918876400, 1.242982926273935806 ) ) ;
#3820 = DIRECTION ( 'NONE',  ( -1.332253022117619153E-16, 1.000000000000000000, -0.000000000000000000 ) ) ;
#3821 = CARTESIAN_POINT ( 'NONE',  ( 1.758442677127334486, 4.951964867081125377, 0.7295695355068724242 ) ) ;
#3822 = ORIENTED_EDGE ( 'NONE', *, *, #2054, .T. ) ;
#3823 = CARTESIAN_POINT ( 'NONE',  ( -1.758442677127333154, -4.548035132918875512, -0.7295695355068716470 ) ) ;
#3824 = CARTESIAN_POINT ( 'NONE',  ( -1.758866492177962426, -3.485535132918875068, -0.001023180043167473338 ) ) ;
#3825 = CARTESIAN_POINT ( 'NONE',  ( 2.249919936250260655, -9.268338348736127941, -0.01898105538776452897 ) ) ;
#3826 = CARTESIAN_POINT ( 'NONE',  ( -1.796364270545708353, 6.071398324474229113, 1.751708748875781652 ) ) ;
#3827 = CARTESIAN_POINT ( 'NONE',  ( 2.250000000000000444, 7.731025191032434130, -0.009490696551823786173 ) ) ;
#3828 =( BOUNDED_CURVE ( )  B_SPLINE_CURVE ( 2, ( #2854, #3194, #218, #1537, #1862, #3474, #2539, #3215, #2127, #491, #242 ),
 .UNSPECIFIED., .F., .F. ) 
 B_SPLINE_CURVE_WITH_KNOTS ( ( 3, 2, 2, 2, 2, 3 ),
 ( 0.2381607925778684021, 0.2440476190476190688, 0.2500000000000000000, 0.2559523809523809312, 0.2619047619047618625, 0.2619703163873922658 ),
 .UNSPECIFIED. ) 
 CURVE ( )  GEOMETRIC_REPRESENTATION_ITEM ( )  RATIONAL_B_SPLINE_CURVE ( ( 0.9983418125108569630, 0.9247178588724060955, 1.000000000000000000, 0.9238795325112867385, 1.000000000000000000, 0.9238795325112867385, 1.000000000000000000, 0.9238795325112867385, 1.000000000000000000, 0.9991616736388804210, 0.9983418125108560748 ) ) 
 REPRESENTATION_ITEM ( '' )  );
#3829 = CARTESIAN_POINT ( 'NONE',  ( -0.9509284072362290674, -6.955838348736125276, -2.242057725680490776 ) ) ;
#3830 = VECTOR ( 'NONE', #577, 1000.000000000000000 ) ;
#3831 = CARTESIAN_POINT ( 'NONE',  ( 2.249999999999997335, -2.701329582214889502, 5.529410565873372312E-15 ) ) ;
#3832 = CARTESIAN_POINT ( 'NONE',  ( 2.521098161556404538, -4.479968590311980137, 1.009676665139636276 ) ) ;
#3833 = ORIENTED_EDGE ( 'NONE', *, *, #231, .T. ) ;
#3834 = CARTESIAN_POINT ( 'NONE',  ( 2.249919936250258434, 6.731661651263873836, -0.01898105538776452897 ) ) ;
#3835 = VERTEX_POINT ( 'NONE', #2079 ) ;
#3836 = CARTESIAN_POINT ( 'NONE',  ( -0.02102667456217007305, -1.952742391497264585, 2.249901748734116858 ) ) ;
#3837 = CARTESIAN_POINT ( 'NONE',  ( 1.758866492177964647, 5.014464867081125377, 0.001023180043167252161 ) ) ;
#3838 = DIRECTION ( 'NONE',  ( -1.332253022117619153E-16, 1.000000000000000000, -0.000000000000000000 ) ) ;
#3839 = CARTESIAN_POINT ( 'NONE',  ( -2.242057725680490332, 1.294161651263873836, 0.9509284072362306217 ) ) ;
#3840 = CARTESIAN_POINT ( 'NONE',  ( -0.7275231754205353507, -2.673035132918876400, -1.759290307228593475 ) ) ;
#3841 = CYLINDRICAL_SURFACE ( 'NONE', #1770, 2.250000000000000444 ) ;
#3842 = CARTESIAN_POINT ( 'NONE',  ( -0.7275231754205362389, 3.326964867081124488, -1.759290307228593475 ) ) ;
#3843 = ORIENTED_EDGE ( 'NONE', *, *, #1039, .T. ) ;
#3844 = CARTESIAN_POINT ( 'NONE',  ( 1.242982926273936917, -4.110535132918875512, 1.244429921367732561 ) ) ;
#3845 = CARTESIAN_POINT ( 'NONE',  ( 0.7275231754205389034, -5.173035132918875512, 1.759290307228593475 ) ) ;
#3846 = CARTESIAN_POINT ( 'NONE',  ( -1.576052679364651432, 3.672257608502734971, -1.605788887702079837 ) ) ;
#3847 = CARTESIAN_POINT ( 'NONE',  ( 1.070782749433753622, 3.633898324474226893, -2.495787192698266654 ) ) ;
#3848 = CARTESIAN_POINT ( 'NONE',  ( 1.294827508383804116, -11.25769546981485192, 1.519367834149747853 ) ) ;
#3849 = CARTESIAN_POINT ( 'NONE',  ( 2.249999999999980016, -6.639417963350927820, -0.9196868998405925977 ) ) ;
#3850 = ORIENTED_EDGE ( 'NONE', *, *, #2030, .T. ) ;
#3851 =( BOUNDED_CURVE ( )  B_SPLINE_CURVE ( 2, ( #2749, #1081, #1742, #4075, #1099, #2397, #163, #822, #3089, #2709, #4038 ),
 .UNSPECIFIED., .F., .T. ) 
 B_SPLINE_CURVE_WITH_KNOTS ( ( 3, 2, 2, 2, 2, 3 ),
 ( 0.2142131011571941079, 0.2142857142857143016, 0.2202380952380952328, 0.2261904761904761640, 0.2321428571428570953, 0.2380226249667178329 ),
 .UNSPECIFIED. ) 
 CURVE ( )  GEOMETRIC_REPRESENTATION_ITEM ( )  RATIONAL_B_SPLINE_CURVE ( ( 0.9981654678299756167, 0.9990714059914858058, 1.000000000000000000, 0.9238795325112867385, 1.000000000000000000, 0.9238795325112867385, 1.000000000000000000, 0.9238795325112867385, 1.000000000000000000, 0.9248081265198009326, 0.9981654678299756167 ) ) 
 REPRESENTATION_ITEM ( '' )  );
#3852 = ADVANCED_FACE ( 'NONE', ( #1071 ), #3367, .T. ) ;
#3853 = CARTESIAN_POINT ( 'NONE',  ( -1.753155743969578406, -6.792468590311981025, 1.794917275451909822 ) ) ;
#3854 = ORIENTED_EDGE ( 'NONE', *, *, #3577, .F. ) ;
#3855 = CARTESIAN_POINT ( 'NONE',  ( -2.249999999999998224, -4.768974808967565870, 0.009490696551811964032 ) ) ;
#3856 = EDGE_CURVE ( 'NONE', #2847, #3291, #1508, .T. ) ;
#3857 = CARTESIAN_POINT ( 'NONE',  ( 0.9109131437704449663, 3.109757608502736304, 2.258611282509372931 ) ) ;
#3858 = DIRECTION ( 'NONE',  ( -1.332253022117619153E-16, 1.000000000000000000, -0.000000000000000000 ) ) ;
#3859 = CARTESIAN_POINT ( 'NONE',  ( -1.759290307228592143, -5.423035132918875512, 0.7275231754205363499 ) ) ;
#3860 = CARTESIAN_POINT ( 'NONE',  ( -2.249999999999985345, -7.831582707743596217, -0.9208808658774270128 ) ) ;
#3861 = CARTESIAN_POINT ( 'NONE',  ( -1.758442677127333820, 2.451964867081124488, -0.7295695355068715360 ) ) ;
#3862 = ORIENTED_EDGE ( 'NONE', *, *, #3598, .T. ) ;
#3863 = CARTESIAN_POINT ( 'NONE',  ( 1.759290307228595251, -4.923035132918874623, -0.7275231754205367940 ) ) ;
#3864 = CARTESIAN_POINT ( 'NONE',  ( -0.001023180043166110062, -4.235535132918875512, 1.758866492177963980 ) ) ;
#3865 = CARTESIAN_POINT ( 'NONE',  ( -0.8765848204745794181, -11.03673950133247672, 2.043562419336136582 ) ) ;
#3866 = CARTESIAN_POINT ( 'NONE',  ( -2.242057725680489000, -8.705838348736126164, 0.9509284072362306217 ) ) ;
#3867 = CARTESIAN_POINT ( 'NONE',  ( -1.724009421991657298, -11.45935989996052307, 0.4999411394476727666 ) ) ;
#3868 = DIRECTION ( 'NONE',  ( -1.000000000000000000, 0.000000000000000000, 0.000000000000000000 ) ) ;
#3869 = CARTESIAN_POINT ( 'NONE',  ( 0.9109131437704450773, 2.109757608502735859, 2.258611282509372931 ) ) ;
#3870 = AXIS2_PLACEMENT_3D ( 'NONE', #4014, #1036, #398 ) ;
#3871 = CARTESIAN_POINT ( 'NONE',  ( -0.02952986210388909918, -5.167468590311980137, -2.508866492177964425 ) ) ;
#3872 = ORIENTED_EDGE ( 'NONE', *, *, #1790, .F. ) ;
#3873 = DIRECTION ( 'NONE',  ( -1.332253022117619153E-16, 1.000000000000000000, -0.000000000000000000 ) ) ;
#3874 = CARTESIAN_POINT ( 'NONE',  ( -2.495787192698263102, -11.11610167552577266, -1.070782749433753400 ) ) ;
#3875 = B_SPLINE_CURVE_WITH_KNOTS ( 'NONE', 3,
 ( #112, #2086, #3432, #451, #794, #1778, #470, #1455, #4013, #2368, #716, #1756, #1434, #4086, #1692, #3037 ),
 .UNSPECIFIED., .F., .F.,
 ( 4, 2, 2, 2, 2, 2, 2, 4 ),
 ( 1.467467951704122782E-14, 0.0004493740636652354074, 0.0008987481273157961383, 0.001348122190966357303, 0.001797496254616918468, 0.002246870318267479849, 0.002696244381918041014, 0.003594992509219163343 ),
 .UNSPECIFIED. ) ;
#3876 = CARTESIAN_POINT ( 'NONE',  ( 1.577512011070596687, 5.856661651263872947, -1.604355277028128191 ) ) ;
#3877 = FACE_OUTER_BOUND ( 'NONE', #2333, .T. ) ;
#3878 = CARTESIAN_POINT ( 'NONE',  ( -1.759290307228592365, -4.423035132918876400, 0.7275231754205363499 ) ) ;
#3879 = CARTESIAN_POINT ( 'NONE',  ( 2.249999999999997780, -9.701329582214890834, 1.405264563702625794E-15 ) ) ;
#3880 = CARTESIAN_POINT ( 'NONE',  ( 0.001023180043167437776, 6.264464867081122712, -1.758866492177963980 ) ) ;
#3881 = CARTESIAN_POINT ( 'NONE',  ( -1.758866492177963314, 0.5144648670811248214, -0.001023180043167467483 ) ) ;
#3882 = CARTESIAN_POINT ( 'NONE',  ( -0.7295695355068707588, -6.298035132918877288, 1.758442677127334042 ) ) ;
#3883 = CARTESIAN_POINT ( 'NONE',  ( -1.750908642137597226, -11.30533159471659488, 0.8527655552712851694 ) ) ;
#3884 = ORIENTED_EDGE ( 'NONE', *, *, #824, .T. ) ;
#3885 = CARTESIAN_POINT ( 'NONE',  ( 1.244429921367735004, -11.86053513291887640, -1.242982926273935806 ) ) ;
#3886 = CARTESIAN_POINT ( 'NONE',  ( -2.521945791657663083, 8.008898324474227337, 1.007630305053297537 ) ) ;
#3887 = CARTESIAN_POINT ( 'NONE',  ( -2.249999999999998224, -6.769613470544320499, 1.540766712299831859E-15 ) ) ;
#3888 = EDGE_CURVE ( 'NONE', #48, #4028, #1776, .T. ) ;
#3889 = CARTESIAN_POINT ( 'NONE',  ( 2.249999999999997335, -6.702037336063082051, 0.01051356683023083570 ) ) ;
#3890 = CARTESIAN_POINT ( 'NONE',  ( 2.241192214958861673, 0.2347576085027355819, 0.9529664928947871871 ) ) ;
#3891 = CARTESIAN_POINT ( 'NONE',  ( -0.03157622219022684223, -1.803601675525772663, 2.508866492177964425 ) ) ;
#3892 = CIRCLE ( 'NONE', #638, 1.249999999999994005 ) ;
#3893 = CARTESIAN_POINT ( 'NONE',  ( -0.02952986210388883204, -7.167468590311980137, -2.508866492177964425 ) ) ;
#3894 = EDGE_LOOP ( 'NONE', ( #790, #2961, #1643, #819 ) ) ;
#3895 = FACE_OUTER_BOUND ( 'NONE', #2128, .T. ) ;
#3896 = CARTESIAN_POINT ( 'NONE',  ( 1.796364270545710351, -9.428601675525772663, -1.751708748875781652 ) ) ;
#3897 =( BOUNDED_CURVE ( )  B_SPLINE_CURVE ( 2, ( #1694, #789, #2761, #2098, #34, #3698, #1650, #3994, #2121, #1674, #3445 ),
 .UNSPECIFIED., .F., .F. ) 
 B_SPLINE_CURVE_WITH_KNOTS ( ( 3, 2, 2, 2, 2, 3 ),
 ( 0.9046892916333846291, 0.9047619047619047672, 0.9107142857142856984, 0.9166666666666666297, 0.9226190476190475609, 0.9284988154429083540 ),
 .UNSPECIFIED. ) 
 CURVE ( )  GEOMETRIC_REPRESENTATION_ITEM ( )  RATIONAL_B_SPLINE_CURVE ( ( 0.9981654678299769490, 0.9990714059914864720, 1.000000000000000000, 0.9238795325112867385, 1.000000000000000000, 0.9238795325112867385, 1.000000000000000000, 0.9238795325112867385, 1.000000000000000000, 0.9248081265198017098, 0.9981654678299741734 ) ) 
 REPRESENTATION_ITEM ( '' )  );
#3898 = CARTESIAN_POINT ( 'NONE',  ( 0.9129662964607029307, 0.9191616512638735026, -2.257782146820025648 ) ) ;
#3899 = CARTESIAN_POINT ( 'NONE',  ( -6.919358041228400441E-16, 12.00000000000000000, 0.000000000000000000 ) ) ;
#3900 = VERTEX_POINT ( 'NONE', #1858 ) ;
#3901 = CARTESIAN_POINT ( 'NONE',  ( -6.919358041228400441E-16, 12.00000000000000000, 0.000000000000000000 ) ) ;
#3902 = CARTESIAN_POINT ( 'NONE',  ( -1.244429921367732339, 7.639464867081124488, 1.242982926273935806 ) ) ;
#3903 = CARTESIAN_POINT ( 'NONE',  ( 0.7295695355068724242, -0.7980351329188762888, -1.758442677127334708 ) ) ;
#3904 = ADVANCED_FACE ( 'NONE', ( #1469 ), #2870, .T. ) ;
#3905 = CARTESIAN_POINT ( 'NONE',  ( -0.7295695355068712029, -1.298035132918875068, 1.758442677127334042 ) ) ;
#3906 = CARTESIAN_POINT ( 'NONE',  ( 0.9109131437704462986, -7.890242391497265473, 2.258611282509372931 ) ) ;
#3907 = CARTESIAN_POINT ( 'NONE',  ( -1.070782749433754732, 8.133898324474227337, 2.495787192698265766 ) ) ;
#3908 = CARTESIAN_POINT ( 'NONE',  ( 1.758442677127336706, -11.04803513291887640, 0.7295695355068725352 ) ) ;
#3909 = EDGE_CURVE ( 'NONE', #1943, #1246, #3787, .T. ) ;
#3910 = CARTESIAN_POINT ( 'NONE',  ( -0.7295695355068698706, -11.29803513291887462, 1.758442677127334042 ) ) ;
#3911 = CARTESIAN_POINT ( 'NONE',  ( -6.919358041228400441E-16, 12.00000000000000000, 0.000000000000000000 ) ) ;
#3912 = CARTESIAN_POINT ( 'NONE',  ( 1.070782749433754510, -3.366101675525772219, -2.495787192698266654 ) ) ;
#3913 = ORIENTED_EDGE ( 'NONE', *, *, #4231, .T. ) ;
#3914 = CARTESIAN_POINT ( 'NONE',  ( -1.794917275451907823, -7.042468590311980137, -1.753155743969580183 ) ) ;
#3915 = CARTESIAN_POINT ( 'NONE',  ( -2.249999999999999112, 4.231025191032435018, 0.009490696551824027299 ) ) ;
#3916 = CARTESIAN_POINT ( 'NONE',  ( -1.070782749433752290, -10.86610167552577089, 2.495787192698265766 ) ) ;
#3917 = DIRECTION ( 'NONE',  ( -1.332253022117619153E-16, 1.000000000000000000, -0.000000000000000000 ) ) ;
#3918 = CARTESIAN_POINT ( 'NONE',  ( 2.076411232291826003, -11.15646507179020297, -0.3078895472435603242 ) ) ;
#3919 = ORIENTED_EDGE ( 'NONE', *, *, #1715, .F. ) ;
#3920 = CARTESIAN_POINT ( 'NONE',  ( 2.250000000000000444, 2.730386529455677724, -1.605248138585507851E-15 ) ) ;
#3921 = CARTESIAN_POINT ( 'NONE',  ( -0.02952986210388870020, -8.167468590311980137, -2.508866492177964425 ) ) ;
#3922 = CARTESIAN_POINT ( 'NONE',  ( -1.758442677127334486, 7.451964867081123600, -0.7295695355068715360 ) ) ;
#3923 = CARTESIAN_POINT ( 'NONE',  ( 1.759290307228594585, 0.07696486708112447450, -0.7275231754205367940 ) ) ;
#3924 = CARTESIAN_POINT ( 'NONE',  ( 1.758866492177965091, 0.01446486708112440511, 0.001023180043167258016 ) ) ;
#3925 = CARTESIAN_POINT ( 'NONE',  ( 1.604355277028129967, -9.393338348736127941, 1.577512011070596687 ) ) ;
#3926 = CARTESIAN_POINT ( 'NONE',  ( -0.7295695355068699817, -10.29803513291887462, 1.758442677127334042 ) ) ;
#3927 = CARTESIAN_POINT ( 'NONE',  ( -2.508866492177964425, 8.946398324474229113, -0.03157622219022782756 ) ) ;
#3928 = CARTESIAN_POINT ( 'NONE',  ( -1.149626738179916119, -11.39690873209320543, 1.458769347699316210 ) ) ;
#3929 = CARTESIAN_POINT ( 'NONE',  ( 1.242982926273937805, -11.11053513291887462, 1.244429921367732561 ) ) ;
#3930 = CARTESIAN_POINT ( 'NONE',  ( -2.249999999999994671, 0.7986704177851110531, 1.048517448617733223E-14 ) ) ;
#3931 = CARTESIAN_POINT ( 'NONE',  ( -2.249901748734115081, -5.202742391497263696, -0.02102667456217110348 ) ) ;
#3932 = EDGE_CURVE ( 'NONE', #172, #2987, #2488, .T. ) ;
#3933 = CARTESIAN_POINT ( 'NONE',  ( -1.796364270545707020, -3.928601675525772663, 1.751708748875781652 ) ) ;
#3934 = ORIENTED_EDGE ( 'NONE', *, *, #4058, .F. ) ;
#3935 = VERTEX_POINT ( 'NONE', #146 ) ;
#3936 = CARTESIAN_POINT ( 'NONE',  ( -1.753155743969579072, -2.792468590311981025, 1.794917275451909822 ) ) ;
#3937 = CONICAL_SURFACE ( 'NONE', #3533, 3.499999999999999556, 0.7853981633974430610 ) ;
#3938 = LINE ( 'NONE', #642, #3341 ) ;
#3939 = CARTESIAN_POINT ( 'NONE',  ( 1.007630305053300646, -7.741101675525772663, 2.521945791657662195 ) ) ;
#3940 = EDGE_CURVE ( 'NONE', #1333, #2318, #1149, .T. ) ;
#3941 = DIRECTION ( 'NONE',  ( -1.000000000000000000, 0.000000000000000000, 0.000000000000000000 ) ) ;
#3942 = CARTESIAN_POINT ( 'NONE',  ( 1.291878039792935917, -11.07692486508272900, -1.754080238969518257 ) ) ;
#3943 = ORIENTED_EDGE ( 'NONE', *, *, #2683, .F. ) ;
#3944 = DIRECTION ( 'NONE',  ( 1.332253022117617921E-16, -1.000000000000000000, 0.000000000000000000 ) ) ;
#3945 = CARTESIAN_POINT ( 'NONE',  ( 1.753155743969582403, -11.29246859031198014, -1.794917275451909822 ) ) ;
#3946 = CARTESIAN_POINT ( 'NONE',  ( -1.758442677127334264, 5.451964867081126265, -0.7295695355068715360 ) ) ;
#3947 = CARTESIAN_POINT ( 'NONE',  ( -1.244429921367731229, -2.360535132918875956, 1.242982926273935806 ) ) ;
#3948 = AXIS2_PLACEMENT_3D ( 'NONE', #1786, #1404, #1120 ) ;
#3949 = CARTESIAN_POINT ( 'NONE',  ( 1.759290307228594363, 1.076964867081123600, -0.7275231754205366830 ) ) ;
#3950 = CARTESIAN_POINT ( 'NONE',  ( -2.249999999999998224, -2.769613470544321387, 1.360897470555578513E-15 ) ) ;
#3951 = CARTESIAN_POINT ( 'NONE',  ( 0.7275231754205394585, -11.17303513291887462, 1.759290307228593475 ) ) ;
#3952 = CARTESIAN_POINT ( 'NONE',  ( 2.508866492177964425, 8.446398324474227337, 0.03157622219022752225 ) ) ;
#3953 = CARTESIAN_POINT ( 'NONE',  ( -2.249999999999993339, -6.201329582214889946, -5.604086460562884364E-15 ) ) ;
#3954 = VECTOR ( 'NONE', #2804, 1000.000000000000000 ) ;
#3955 = CARTESIAN_POINT ( 'NONE',  ( -0.001023180043165177432, -11.23553513291887462, 1.758866492177963980 ) ) ;
#3956 = CARTESIAN_POINT ( 'NONE',  ( -2.249999999999994227, -5.202037336063082051, -0.01051356683024700506 ) ) ;
#3957 = CARTESIAN_POINT ( 'NONE',  ( 1.751708748875782318, -1.678601675525772441, 1.796364270545708353 ) ) ;
#3958 = CARTESIAN_POINT ( 'NONE',  ( 0.9529664928947872982, -4.515242391497264585, -2.241192214958859896 ) ) ;
#3959 = CC_DESIGN_APPROVAL ( #3298, ( #3481 ) ) ;
#3960 = ORIENTED_EDGE ( 'NONE', *, *, #4163, .F. ) ;
#3961 = CARTESIAN_POINT ( 'NONE',  ( -2.496634822799524756, -1.854968590311979915, 1.068736389347415772 ) ) ;
#3962 = CARTESIAN_POINT ( 'NONE',  ( -2.521098161556403650, 4.020031409688019863, -1.009676665139634943 ) ) ;
#3963 = CARTESIAN_POINT ( 'NONE',  ( -2.249919936250257990, 4.231661651263874724, 0.01898105538776425488 ) ) ;
#3964 = CARTESIAN_POINT ( 'NONE',  ( -2.521945791657660862, -10.99110167552577089, 1.007630305053297537 ) ) ;
#3965 = CARTESIAN_POINT ( 'NONE',  ( -2.249999999999986233, -4.831582707743594440, -0.9208808658774270128 ) ) ;
#3966 = DIRECTION ( 'NONE',  ( -1.332253022117619153E-16, 1.000000000000000000, -0.000000000000000000 ) ) ;
#3967 = EDGE_LOOP ( 'NONE', ( #518, #2911, #1791, #1799 ) ) ;
#3968 = CARTESIAN_POINT ( 'NONE',  ( 0.01898105538776469203, 2.481661651263874724, 2.249919936250258434 ) ) ;
#3969 = CARTESIAN_POINT ( 'NONE',  ( 0.02952986210389271435, -10.66746859031198014, 2.508866492177964425 ) ) ;
#3970 = CARTESIAN_POINT ( 'NONE',  ( 1.759290307228593475, 8.076964867081123600, -0.7275231754205366830 ) ) ;
#3971 = CARTESIAN_POINT ( 'NONE',  ( 0.7295695355068725352, -1.798035132918875290, -1.758442677127334708 ) ) ;
#3972 = CARTESIAN_POINT ( 'NONE',  ( -1.758866492177962870, -0.4855351329188760667, -0.001023180043167473338 ) ) ;
#3973 = CARTESIAN_POINT ( 'NONE',  ( 0.9129662964607045961, -10.08083834873612439, -2.257782146820025648 ) ) ;
#3974 = CARTESIAN_POINT ( 'NONE',  ( 1.242982926273937805, -11.11053513291887462, 1.244429921367732339 ) ) ;
#3975 = CARTESIAN_POINT ( 'NONE',  ( -2.249999999999992895, -9.201329582214892611, 2.343804785595805608E-15 ) ) ;
#3976 = CARTESIAN_POINT ( 'NONE',  ( 1.605788887702080503, -0.5777423914972651398, -1.576052679364651876 ) ) ;
#3977 = CARTESIAN_POINT ( 'NONE',  ( -0.02102667456217020489, -0.9527423914972638075, 2.249901748734116858 ) ) ;
#3978 = CARTESIAN_POINT ( 'NONE',  ( 1.007630305053299979, -3.741101675525772663, 2.521945791657662195 ) ) ;
#3979 = ORIENTED_EDGE ( 'NONE', *, *, #590, .F. ) ;
#3980 = CARTESIAN_POINT ( 'NONE',  ( -1.009676665139635166, -0.7299685903119809138, 2.521098161556403650 ) ) ;
#3981 = CARTESIAN_POINT ( 'NONE',  ( -1.794917275451909600, 4.957531409688020752, -1.753155743969580183 ) ) ;
#3982 = CARTESIAN_POINT ( 'NONE',  ( 2.249999999999996891, -0.7013295822148902792, -1.076011755298871693E-14 ) ) ;
#3983 = CARTESIAN_POINT ( 'NONE',  ( 1.796364270545709907, -7.428601675525772663, -1.751708748875781652 ) ) ;
#3984 = LINE ( 'NONE', #2014, #2266 ) ;
#3985 = FACE_OUTER_BOUND ( 'NONE', #3750, .T. ) ;
#3986 = ORIENTED_EDGE ( 'NONE', *, *, #389, .T. ) ;
#3987 = EDGE_CURVE ( 'NONE', #745, #2465, #216, .T. ) ;
#3988 = CARTESIAN_POINT ( 'NONE',  ( -1.626303258728256651E-15, 12.00000000000000000, -1.500000000000000444 ) ) ;
#3989 = CARTESIAN_POINT ( 'NONE',  ( 1.794917275451911598, -8.542468590311980137, 1.753155743969580405 ) ) ;
#3990 = CARTESIAN_POINT ( 'NONE',  ( -1.759290307228593475, 1.576964867081124266, 0.7275231754205364609 ) ) ;
#3991 =( BOUNDED_CURVE ( )  B_SPLINE_CURVE ( 2, ( #4137, #918, #874, #3890, #2483, #3573, #2223, #3535, #253, #269, #614 ),
 .UNSPECIFIED., .F., .F. ) 
 B_SPLINE_CURVE_WITH_KNOTS ( ( 3, 2, 2, 2, 2, 3 ),
 ( 0.4046892916333845736, 0.4047619047619047672, 0.4107142857142856984, 0.4166666666666666297, 0.4226190476190475609, 0.4284988154429082985 ),
 .UNSPECIFIED. ) 
 CURVE ( )  GEOMETRIC_REPRESENTATION_ITEM ( )  RATIONAL_B_SPLINE_CURVE ( ( 0.9981654678299756167, 0.9990714059914858058, 1.000000000000000000, 0.9238795325112867385, 1.000000000000000000, 0.9238795325112867385, 1.000000000000000000, 0.9238795325112867385, 1.000000000000000000, 0.9248081265198009326, 0.9981654678299756167 ) ) 
 REPRESENTATION_ITEM ( '' )  );
#3992 = CARTESIAN_POINT ( 'NONE',  ( -1.758866492177963092, 0.5144648670811248214, -0.001023180043167473338 ) ) ;
#3993 = CARTESIAN_POINT ( 'NONE',  ( -2.249999999999994227, -3.201329582214889058, 1.048517448617733223E-14 ) ) ;
#3994 = CARTESIAN_POINT ( 'NONE',  ( 0.9529664928947880753, -10.51524239149726370, -2.241192214958859896 ) ) ;
#3995 = CARTESIAN_POINT ( 'NONE',  ( 2.249901748734118634, -5.702742391497264585, 0.02102667456217082939 ) ) ;
#3996 = CARTESIAN_POINT ( 'NONE',  ( 1.759290307228594363, -0.9230351329188763998, -0.7275231754205366830 ) ) ;
#3997 = CARTESIAN_POINT ( 'NONE',  ( 0.7295695355068738674, -10.79803513291887640, -1.758442677127334708 ) ) ;
#3998 = CARTESIAN_POINT ( 'NONE',  ( -2.249999999999994671, -0.2013295822148897518, 1.048517448617733223E-14 ) ) ;
#3999 = EDGE_CURVE ( 'NONE', #1427, #2993, #3812, .T. ) ;
#4000 = DIRECTION ( 'NONE',  ( 0.000000000000000000, -0.000000000000000000, 1.000000000000000000 ) ) ;
#4001 = CARTESIAN_POINT ( 'NONE',  ( -0.03157622219022723775, 1.196398324474228225, 2.508866492177964425 ) ) ;
#4002 = CARTESIAN_POINT ( 'NONE',  ( -6.919358041228400441E-16, 12.00000000000000000, 0.000000000000000000 ) ) ;
#4003 = ORIENTED_EDGE ( 'NONE', *, *, #1839, .T. ) ;
#4004 = CARTESIAN_POINT ( 'NONE',  ( -1.794917275451908711, -1.042468590311981025, -1.753155743969580183 ) ) ;
#4005 = CARTESIAN_POINT ( 'NONE',  ( -1.753155743969580183, 5.207531409688020752, 1.794917275451909822 ) ) ;
#4006 = CARTESIAN_POINT ( 'NONE',  ( -1.070782749433753400, -4.866101675525772663, 2.495787192698265766 ) ) ;
#4007 = CARTESIAN_POINT ( 'NONE',  ( -2.249901748734115969, 2.797257608502736304, -0.02102667456217110348 ) ) ;
#4008 = DIRECTION ( 'NONE',  ( -1.332253022117619153E-16, 1.000000000000000000, -0.000000000000000000 ) ) ;
#4009 = ORIENTED_EDGE ( 'NONE', *, *, #3421, .F. ) ;
#4010 = CARTESIAN_POINT ( 'NONE',  ( -1.058277670680235705, -10.94557043770365290, -2.132881785286482756 ) ) ;
#4011 = CARTESIAN_POINT ( 'NONE',  ( 0.7275231754205376822, 3.826964867081124932, 1.759290307228593475 ) ) ;
#4012 = CARTESIAN_POINT ( 'NONE',  ( -0.7295695355068722021, 4.701964867081125377, 1.758442677127334042 ) ) ;
#4013 = CARTESIAN_POINT ( 'NONE',  ( 1.139517300880823036, 7.999999999999996447, 1.648245113036335141 ) ) ;
#4014 = CARTESIAN_POINT ( 'NONE',  ( 2.505471448959446121E-15, -12.00000000000000000, 0.000000000000000000 ) ) ;
#4015 = CARTESIAN_POINT ( 'NONE',  ( -2.249999999999989786, -6.139417963350929597, 0.9196868998405792750 ) ) ;
#4016 = CARTESIAN_POINT ( 'NONE',  ( 0.7275231754205380152, -0.1730351329188757892, 1.759290307228593475 ) ) ;
#4017 = CARTESIAN_POINT ( 'NONE',  ( 0.7275231754205391255, -8.173035132918876400, 1.759290307228593475 ) ) ;
#4018 = CARTESIAN_POINT ( 'NONE',  ( -0.001023180043165443929, -9.235535132918876400, 1.758866492177963980 ) ) ;
#4019 = AXIS2_PLACEMENT_3D ( 'NONE', #3017, #2659, #1584 ) ;
#4020 = DIRECTION ( 'NONE',  ( -1.332253022117619153E-16, 1.000000000000000000, -0.000000000000000000 ) ) ;
#4021 = CARTESIAN_POINT ( 'NONE',  ( 2.508866492177965313, 2.446398324474227781, 0.03157622219022752225 ) ) ;
#4022 = CARTESIAN_POINT ( 'NONE',  ( 2.249999999999996447, 3.298670417785110054, -1.076011755298871693E-14 ) ) ;
#4023 = ORIENTED_EDGE ( 'NONE', *, *, #4163, .T. ) ;
#4024 = CARTESIAN_POINT ( 'NONE',  ( -2.496634822799524756, -0.8549685903119809138, 1.068736389347415772 ) ) ;
#4025 = CARTESIAN_POINT ( 'NONE',  ( -1.007630305053296205, -6.241101675525771775, -2.521945791657662639 ) ) ;
#4026 = CARTESIAN_POINT ( 'NONE',  ( -2.241192214958859452, 2.734757608502736304, -0.9529664928947859659 ) ) ;
#4027 = FACE_OUTER_BOUND ( 'NONE', #4101, .T. ) ;
#4028 = VERTEX_POINT ( 'NONE', #833 ) ;
#4029 = CARTESIAN_POINT ( 'NONE',  ( -2.249901748734116858, 5.797257608502737192, -0.02102667456217110348 ) ) ;
#4030 = CARTESIAN_POINT ( 'NONE',  ( 1.244429921367733005, 2.139464867081124488, -1.242982926273935806 ) ) ;
#4031 = AXIS2_PLACEMENT_3D ( 'NONE', #3312, #335, #635 ) ;
#4032 = CARTESIAN_POINT ( 'NONE',  ( 1.759290307228593919, 4.076964867081124488, -0.7275231754205366830 ) ) ;
#4033 = CARTESIAN_POINT ( 'NONE',  ( -2.249999999999997780, -9.768974808967563206, 0.009490696551811964032 ) ) ;
#4034 = CARTESIAN_POINT ( 'NONE',  ( 0.7275231754205390144, -7.173035132918875512, 1.759290307228593475 ) ) ;
#4035 = DIRECTION ( 'NONE',  ( -1.000000000000000000, 0.000000000000000000, 0.000000000000000000 ) ) ;
#4036 = CARTESIAN_POINT ( 'NONE',  ( 1.244429921367734337, -7.860535132918875512, -1.242982926273935806 ) ) ;
#4037 = CARTESIAN_POINT ( 'NONE',  ( 1.758442677127336262, -8.048035132918876400, 0.7295695355068724242 ) ) ;
#4038 = CARTESIAN_POINT ( 'NONE',  ( -2.249999999999995559, 3.798670417785110498, 1.048517448617733223E-14 ) ) ;
#4039 =( BOUNDED_CURVE ( )  B_SPLINE_CURVE ( 2, ( #3920, #649, #947, #1329, #3968, #624, #2319, #2253, #3281, #1644, #3347 ),
 .UNSPECIFIED., .F., .F. ) 
 B_SPLINE_CURVE_WITH_KNOTS ( ( 3, 2, 2, 2, 2, 3 ),
 ( 0.2619703163873922658, 0.2678571428571427937, 0.2738095238095238360, 0.2797619047619047672, 0.2857142857142856984, 0.2857798401969161017 ),
 .UNSPECIFIED. ) 
 CURVE ( )  GEOMETRIC_REPRESENTATION_ITEM ( )  RATIONAL_B_SPLINE_CURVE ( ( 0.9983418125108560748, 0.9247178588724063175, 1.000000000000000000, 0.9238795325112867385, 1.000000000000000000, 0.9238795325112867385, 1.000000000000000000, 0.9238795325112867385, 1.000000000000000000, 0.9991616736388804210, 0.9983418125108560748 ) ) 
 REPRESENTATION_ITEM ( '' )  );
#4040 = CARTESIAN_POINT ( 'NONE',  ( -0.03157622219022736959, 2.196398324474227337, 2.508866492177964425 ) ) ;
#4041 = DIRECTION ( 'NONE',  ( -1.332253022117619153E-16, 1.000000000000000000, 0.000000000000000000 ) ) ;
#4042 = EDGE_CURVE ( 'NONE', #2849, #1328, #3250, .T. ) ;
#4043 = EDGE_LOOP ( 'NONE', ( #1054, #271, #4009, #273 ) ) ;
#4044 = CARTESIAN_POINT ( 'NONE',  ( -6.919358041228400441E-16, 12.00000000000000000, 0.000000000000000000 ) ) ;
#4045 = CARTESIAN_POINT ( 'NONE',  ( -0.02952986210388989716, 0.8325314096880188641, -2.508866492177964425 ) ) ;
#4046 = CARTESIAN_POINT ( 'NONE',  ( 0.02952986210389071595, 4.332531409688019863, 2.508866492177964425 ) ) ;
#4047 = PERSON_AND_ORGANIZATION_ROLE ( 'classification_officer' ) ;
#4048 = ORIENTED_EDGE ( 'NONE', *, *, #1249, .F. ) ;
#4049 = CARTESIAN_POINT ( 'NONE',  ( -1.605788887702079837, 5.922257608502736304, 1.576052679364651876 ) ) ;
#4050 = ORIENTED_EDGE ( 'NONE', *, *, #1227, .F. ) ;
#4051 = CARTESIAN_POINT ( 'NONE',  ( 1.605788887702079837, 5.422257608502736304, -1.576052679364651876 ) ) ;
#4052 = CARTESIAN_POINT ( 'NONE',  ( 1.758442677127334708, 4.951964867081125377, 0.7295695355068725352 ) ) ;
#4053 = CARTESIAN_POINT ( 'NONE',  ( -1.759290307228593475, 4.576964867081124488, 0.7275231754205363499 ) ) ;
#4054 = DIRECTION ( 'NONE',  ( -1.332253022117619153E-16, 1.000000000000000000, -0.000000000000000000 ) ) ;
#4055 = CARTESIAN_POINT ( 'NONE',  ( 1.758442677127336262, -8.048035132918876400, 0.7295695355068724242 ) ) ;
#4056 = DIRECTION ( 'NONE',  ( -1.000000000000000000, 0.000000000000000000, 0.000000000000000000 ) ) ;
#4057 = CARTESIAN_POINT ( 'NONE',  ( -0.001023180043165710209, -7.235535132918876400, 1.758866492177963980 ) ) ;
#4058 = EDGE_CURVE ( 'NONE', #2474, #1774, #2221, .T. ) ;
#4059 = CARTESIAN_POINT ( 'NONE',  ( -1.796364270545707464, 0.07139832447422729544, 1.751708748875781652 ) ) ;
#4060 = DIRECTION ( 'NONE',  ( 1.000000000000000000, 0.000000000000000000, 0.000000000000000000 ) ) ;
#4061 = EDGE_CURVE ( 'NONE', #3368, #2993, #2676, .T. ) ;
#4062 = APPROVAL_STATUS ( 'not_yet_approved' ) ;
#4063 = ORIENTED_EDGE ( 'NONE', *, *, #879, .T. ) ;
#4064 = CARTESIAN_POINT ( 'NONE',  ( -2.249999999999999112, 0.2310251910324355173, 0.009490696551820007945 ) ) ;
#4065 = ORIENTED_EDGE ( 'NONE', *, *, #2037, .T. ) ;
#4066 = CARTESIAN_POINT ( 'NONE',  ( 1.121998235747020844, 8.000000000000003553, -1.751622427661760018 ) ) ;
#4067 = CARTESIAN_POINT ( 'NONE',  ( -0.001023180043167303118, 4.764464867081125377, 1.758866492177964203 ) ) ;
#4068 = CARTESIAN_POINT ( 'NONE',  ( 1.758866492177964647, 2.014464867081124488, 0.001023180043167258016 ) ) ;
#4069 = CYLINDRICAL_SURFACE ( 'NONE', #2272, 2.250000000000000444 ) ;
#4070 = CARTESIAN_POINT ( 'NONE',  ( -1.759290307228591921, -7.423035132918877288, 0.7275231754205363499 ) ) ;
#4071 = CARTESIAN_POINT ( 'NONE',  ( -0.02102667456216980590, -3.952742391497264585, 2.249901748734116858 ) ) ;
#4072 = CARTESIAN_POINT ( 'NONE',  ( -0.7275231754205357948, -0.6730351329188761778, -1.759290307228593475 ) ) ;
#4073 = CARTESIAN_POINT ( 'NONE',  ( 1.759290307228596140, -7.923035132918875512, -0.7275231754205367940 ) ) ;
#4074 = CARTESIAN_POINT ( 'NONE',  ( -1.758866492177961760, -9.485535132918874623, -0.001023180043167473338 ) ) ;
#4075 = CARTESIAN_POINT ( 'NONE',  ( 2.241192214958859896, 4.234757608502735415, 0.9529664928947871871 ) ) ;
#4076 = CARTESIAN_POINT ( 'NONE',  ( 2.508866492177964425, 6.582531409688018975, -0.02952986210389084779 ) ) ;
#4077 = CARTESIAN_POINT ( 'NONE',  ( -1.007630305053297093, 0.7588983244742277812, -2.521945791657662639 ) ) ;
#4078 = EDGE_CURVE ( 'NONE', #1130, #2849, #878, .T. ) ;
#4079 = VECTOR ( 'NONE', #768, 1000.000000000000000 ) ;
#4080 = EDGE_LOOP ( 'NONE', ( #475, #294, #2402, #1089 ) ) ;
#4081 = CARTESIAN_POINT ( 'NONE',  ( 0.9509284072362329532, -3.455838348736124832, 2.242057725680490332 ) ) ;
#4082 = EDGE_LOOP ( 'NONE', ( #1320, #1857, #816, #1821 ) ) ;
#4083 = DIRECTION ( 'NONE',  ( -2.891205793294677833E-16, 0.000000000000000000, -1.000000000000000000 ) ) ;
#4084 = CARTESIAN_POINT ( 'NONE',  ( 2.521945791657665303, -11.49110167552577089, -1.007630305053297981 ) ) ;
#4085 = CARTESIAN_POINT ( 'NONE',  ( -1.242982926273935140, 3.389464867081124044, -1.244429921367732339 ) ) ;
#4086 = CARTESIAN_POINT ( 'NONE',  ( -0.08067785743739817883, 8.000000000000008882, 2.195868472659997739 ) ) ;
#4087 = CARTESIAN_POINT ( 'NONE',  ( -1.758442677127332932, -6.548035132918874623, -0.7295695355068715360 ) ) ;
#4088 = CARTESIAN_POINT ( 'NONE',  ( 0.01898105538776642676, -10.51833834873612616, 2.249919936250258434 ) ) ;
#4089 = CARTESIAN_POINT ( 'NONE',  ( -0.7275231754205361279, 1.326964867081123600, -1.759290307228593475 ) ) ;
#4090 = VECTOR ( 'NONE', #1187, 1000.000000000000000 ) ;
#4091 = CARTESIAN_POINT ( 'NONE',  ( -0.7275231754205346846, -9.673035132918876400, -1.759290307228593475 ) ) ;
#4092 = CARTESIAN_POINT ( 'NONE',  ( -1.605788887702080059, 7.922257608502734527, 1.576052679364651876 ) ) ;
#4093 = CARTESIAN_POINT ( 'NONE',  ( 2.521945791657663083, 3.508898324474226893, -1.007630305053297981 ) ) ;
#4094 = FACE_OUTER_BOUND ( 'NONE', #3732, .T. ) ;
#4095 = CARTESIAN_POINT ( 'NONE',  ( -2.241192214958859896, 6.734757608502734527, -0.9529664928947859659 ) ) ;
#4096 = CARTESIAN_POINT ( 'NONE',  ( 1.794917275451910266, 0.4575314096880201964, 1.753155743969580405 ) ) ;
#4097 = CARTESIAN_POINT ( 'NONE',  ( 2.250000000000001332, -5.269613470544320499, -1.605248138585507851E-15 ) ) ;
#4098 = ORIENTED_EDGE ( 'NONE', *, *, #1007, .T. ) ;
#4099 = CARTESIAN_POINT ( 'NONE',  ( 2.249999999999999556, 6.731025191032433241, -0.009490696551824287508 ) ) ;
#4100 = CARTESIAN_POINT ( 'NONE',  ( -1.605788887702077838, -9.077742391497265473, 1.576052679364651876 ) ) ;
#4101 = EDGE_LOOP ( 'NONE', ( #1252, #3140, #2762, #2142 ) ) ;
#4102 = LINE ( 'NONE', #1151, #2632 ) ;
#4103 = CARTESIAN_POINT ( 'NONE',  ( 1.758866492177964203, 7.014464867081123600, 0.001023180043167252161 ) ) ;
#4104 = CARTESIAN_POINT ( 'NONE',  ( -3.250000000000006661, 12.00000000000000000, 3.980102097228905134E-16 ) ) ;
#4105 = EDGE_CURVE ( 'NONE', #210, #2850, #3134, .T. ) ;
#4106 = CARTESIAN_POINT ( 'NONE',  ( -0.01898105538776321752, -2.018338348736125720, -2.249919936250258434 ) ) ;
#4107 = EDGE_LOOP ( 'NONE', ( #3475, #4065, #4048, #1519 ) ) ;
#4108 = CARTESIAN_POINT ( 'NONE',  ( 0.7295695355068736454, -8.798035132918876400, -1.758442677127334486 ) ) ;
#4109 = CARTESIAN_POINT ( 'NONE',  ( 0.7295695355068717580, 4.201964867081124488, -1.758442677127334486 ) ) ;
#4110 = ORIENTED_EDGE ( 'NONE', *, *, #3803, .F. ) ;
#4111 = CARTESIAN_POINT ( 'NONE',  ( -0.7275231754205349066, -6.673035132918874623, -1.759290307228593475 ) ) ;
#4112 = CARTESIAN_POINT ( 'NONE',  ( 1.758866492177965757, -5.985535132918875512, 0.001023180043167258016 ) ) ;
#4113 = CARTESIAN_POINT ( 'NONE',  ( 2.250000000000000000, 3.731025191032435462, -0.009490696551824287508 ) ) ;
#4114 = CARTESIAN_POINT ( 'NONE',  ( -2.495787192698265766, 5.883898324474229113, -1.070782749433753400 ) ) ;
#4115 = ADVANCED_FACE ( 'NONE', ( #1324 ), #1878, .F. ) ;
#4116 = CARTESIAN_POINT ( 'NONE',  ( 0.9509284072362318430, 6.544161651263871171, 2.242057725680490332 ) ) ;
#4117 = CARTESIAN_POINT ( 'NONE',  ( -2.249999999999993339, -6.201329582214889946, -5.604086460562884364E-15 ) ) ;
#4118 = ORIENTED_EDGE ( 'NONE', *, *, #1733, .F. ) ;
#4119 = CARTESIAN_POINT ( 'NONE',  ( -2.249999999999998224, -3.769613470544320499, 1.360897470555578513E-15 ) ) ;
#4120 = ORIENTED_EDGE ( 'NONE', *, *, #1804, .T. ) ;
#4121 = DIRECTION ( 'NONE',  ( -1.332253022117619153E-16, 1.000000000000000000, -0.000000000000000000 ) ) ;
#4122 = CARTESIAN_POINT ( 'NONE',  ( 1.244429921367732339, 8.139464867081125377, -1.242982926273935806 ) ) ;
#4123 = CARTESIAN_POINT ( 'NONE',  ( -1.758442677127334264, 6.451964867081123600, -0.7295695355068715360 ) ) ;
#4124 = CARTESIAN_POINT ( 'NONE',  ( 2.250000000000001332, -7.269613470544320499, -1.605248138585507851E-15 ) ) ;
#4125 = CARTESIAN_POINT ( 'NONE',  ( 1.244429921367733893, -3.860535132918875512, -1.242982926273935806 ) ) ;
#4126 = CARTESIAN_POINT ( 'NONE',  ( -2.521098161556400985, -11.97996859031198191, -1.009676665139634943 ) ) ;
#4127 = CARTESIAN_POINT ( 'NONE',  ( -1.758866492177963536, 3.514464867081124044, -0.001023180043167473338 ) ) ;
#4128 = VERTEX_POINT ( 'NONE', #2556 ) ;
#4129 = CARTESIAN_POINT ( 'NONE',  ( 1.242982926273936917, -3.110535132918875068, 1.244429921367732561 ) ) ;
#4130 = VECTOR ( 'NONE', #724, 1000.000000000000000 ) ;
#4131 = CARTESIAN_POINT ( 'NONE',  ( -1.758866492177962426, -4.485535132918876400, -0.001023180043167473338 ) ) ;
#4132 = DIRECTION ( 'NONE',  ( -1.000000000000000000, 0.000000000000000000, 0.000000000000000000 ) ) ;
#4133 = CARTESIAN_POINT ( 'NONE',  ( -1.068736389347415994, 7.895031409688018975, -2.496634822799525200 ) ) ;
#4134 = CARTESIAN_POINT ( 'NONE',  ( 1.796364270545708131, 6.571398324474226449, -1.751708748875781652 ) ) ;
#4135 = DIRECTION ( 'NONE',  ( -1.332253022117619153E-16, 1.000000000000000000, -0.000000000000000000 ) ) ;
#4136 = CARTESIAN_POINT ( 'NONE',  ( -1.604355277028126192, -6.893338348736125276, -1.577512011070596687 ) ) ;
#4137 = CARTESIAN_POINT ( 'NONE',  ( 2.249999999999996447, 0.2986704177851107200, -1.076011755298871693E-14 ) ) ;
#4138 = ORIENTED_EDGE ( 'NONE', *, *, #1227, .T. ) ;
#4139 = ORIENTED_EDGE ( 'NONE', *, *, #3577, .T. ) ;
#4140 = CARTESIAN_POINT ( 'NONE',  ( -2.249919936250257102, -3.768338348736125276, 0.01898105538776425488 ) ) ;
#4141 = ORIENTED_EDGE ( 'NONE', *, *, #3689, .F. ) ;
#4142 = ORIENTED_EDGE ( 'NONE', *, *, #3679, .F. ) ;
#4143 = CARTESIAN_POINT ( 'NONE',  ( 2.241192214958861673, 1.234757608502736526, 0.9529664928947871871 ) ) ;
#4144 = CARTESIAN_POINT ( 'NONE',  ( -1.758866492177963980, 6.514464867081123600, -0.001023180043167467483 ) ) ;
#4145 = AXIS2_PLACEMENT_3D ( 'NONE', #3756, #4054, #2742 ) ;
#4146 = CARTESIAN_POINT ( 'NONE',  ( 2.249999999999998224, -10.70203733606308205, 0.01051356683023083570 ) ) ;
#4147 = CARTESIAN_POINT ( 'NONE',  ( 2.250000000000001332, -4.269613470544321387, -1.605248138585507851E-15 ) ) ;
#4148 = VERTEX_POINT ( 'NONE', #3982 ) ;
#4149 = CARTESIAN_POINT ( 'NONE',  ( -0.7295695355068709809, -3.298035132918875068, 1.758442677127334042 ) ) ;
#4150 = LOCAL_TIME ( 15, 16, 58.00000000000000000, #1684 ) ;
#4151 = DIRECTION ( 'NONE',  ( -1.332253022117619153E-16, 1.000000000000000000, -0.000000000000000000 ) ) ;
#4152 = CARTESIAN_POINT ( 'NONE',  ( -0.001023180043167175833, 3.764464867081124488, 1.758866492177963980 ) ) ;
#4153 = ORIENTED_EDGE ( 'NONE', *, *, #986, .F. ) ;
#4154 = CARTESIAN_POINT ( 'NONE',  ( 0.7295695355068730903, -5.798035132918875512, -1.758442677127334708 ) ) ;
#4155 = CARTESIAN_POINT ( 'NONE',  ( 1.758442677127336040, -4.048035132918875512, 0.7295695355068724242 ) ) ;
#4156 = FACE_OUTER_BOUND ( 'NONE', #725, .T. ) ;
#4157 = CARTESIAN_POINT ( 'NONE',  ( 1.070782749433753400, 5.633898324474228225, -2.495787192698266654 ) ) ;
#4158 = CARTESIAN_POINT ( 'NONE',  ( 1.604355277028129301, -6.393338348736126164, 1.577512011070596687 ) ) ;
#4159 = ADVANCED_FACE ( 'NONE', ( #1968, #3895 ), #3620, .F. ) ;
#4160 = VECTOR ( 'NONE', #3207, 1000.000000000000000 ) ;
#4161 = DIRECTION ( 'NONE',  ( -1.332253022117619153E-16, 1.000000000000000000, -0.000000000000000000 ) ) ;
#4162 = CARTESIAN_POINT ( 'NONE',  ( 2.249999999999996003, 5.298670417785111830, -1.076011755298871693E-14 ) ) ;
#4163 = EDGE_CURVE ( 'NONE', #4148, #210, #2293, .T. ) ;
#4164 = CARTESIAN_POINT ( 'NONE',  ( -0.02952986210388896735, -6.167468590311980137, -2.508866492177964425 ) ) ;
#4165 = EDGE_LOOP ( 'NONE', ( #3011, #538, #3913, #2794 ) ) ;
#4166 = CARTESIAN_POINT ( 'NONE',  ( 0.9509284072362321760, 3.544161651263874724, 2.242057725680490332 ) ) ;
#4167 =( BOUNDED_CURVE ( )  B_SPLINE_CURVE ( 2, ( #3169, #1172, #2123, #4143, #488, #3049, #3070, #2093, #1124, #3112, #2399 ),
 .UNSPECIFIED., .F., .T. ) 
 B_SPLINE_CURVE_WITH_KNOTS ( ( 3, 2, 2, 2, 2, 3 ),
 ( 0.3570702440143369016, 0.3571428571428570953, 0.3630952380952380265, 0.3690476190476190688, 0.3750000000000000000, 0.3808797678238607376 ),
 .UNSPECIFIED. ) 
 CURVE ( )  GEOMETRIC_REPRESENTATION_ITEM ( )  RATIONAL_B_SPLINE_CURVE ( ( 0.9981654678299756167, 0.9990714059914858058, 1.000000000000000000, 0.9238795325112867385, 1.000000000000000000, 0.9238795325112867385, 1.000000000000000000, 0.9238795325112867385, 1.000000000000000000, 0.9248081265198009326, 0.9981654678299756167 ) ) 
 REPRESENTATION_ITEM ( '' )  );
#4168 = ORIENTED_EDGE ( 'NONE', *, *, #4078, .T. ) ;
#4169 = CARTESIAN_POINT ( 'NONE',  ( -1.759290307228593697, 6.576964867081122712, 0.7275231754205364609 ) ) ;
#4170 = EDGE_CURVE ( 'NONE', #808, #532, #3938, .T. ) ;
#4171 = CARTESIAN_POINT ( 'NONE',  ( 2.249901748734117746, 3.297257608502734971, 0.02102667456217082939 ) ) ;
#4172 = DIRECTION ( 'NONE',  ( -1.332253022117619153E-16, 1.000000000000000000, -0.000000000000000000 ) ) ;
#4173 = CARTESIAN_POINT ( 'NONE',  ( 0.7275231754205382373, -2.173035132918875956, 1.759290307228593475 ) ) ;
#4174 = CARTESIAN_POINT ( 'NONE',  ( -2.249999999999989342, -10.13941796335092960, 0.9196868998405789419 ) ) ;
#4175 = CARTESIAN_POINT ( 'NONE',  ( 0.001023180043167704273, 4.264464867081124488, -1.758866492177963980 ) ) ;
#4176 = VERTEX_POINT ( 'NONE', #1896 ) ;
#4177 = CARTESIAN_POINT ( 'NONE',  ( 0.001023180043169163826, -6.735535132918875512, -1.758866492177964203 ) ) ;
#4178 = CARTESIAN_POINT ( 'NONE',  ( 1.758442677127336040, -5.048035132918875512, 0.7295695355068724242 ) ) ;
#4179 = DIRECTION ( 'NONE',  ( -1.332253022117619153E-16, 1.000000000000000000, -0.000000000000000000 ) ) ;
#4180 = CARTESIAN_POINT ( 'NONE',  ( -1.007630305053297315, 3.758898324474226893, -2.521945791657662639 ) ) ;
#4181 = DIRECTION ( 'NONE',  ( -1.000000000000000000, 0.000000000000000000, 0.000000000000000000 ) ) ;
#4182 = CYLINDRICAL_SURFACE ( 'NONE', #3350, 2.250000000000000444 ) ;
#4183 = CARTESIAN_POINT ( 'NONE',  ( 0.9129662964607041520, -7.080838348736125276, -2.257782146820025648 ) ) ;
#4184 = CARTESIAN_POINT ( 'NONE',  ( -2.249901748734115081, -6.202742391497264585, -0.02102667456217110348 ) ) ;
#4185 = CARTESIAN_POINT ( 'NONE',  ( -2.496634822799524756, -5.854968590311980137, 1.068736389347415772 ) ) ;
#4186 = ORIENTED_EDGE ( 'NONE', *, *, #238, .T. ) ;
#4187 = CARTESIAN_POINT ( 'NONE',  ( -2.249999999999998668, -3.768974808967564982, 0.009490696551811964032 ) ) ;
#4188 = CARTESIAN_POINT ( 'NONE',  ( -2.521945791657661751, -8.991101675525770887, 1.007630305053297537 ) ) ;
#4189 = CARTESIAN_POINT ( 'NONE',  ( -1.244429921367732117, 5.639464867081126265, 1.242982926273935806 ) ) ;
#4190 = CARTESIAN_POINT ( 'NONE',  ( 2.250000000000000888, -2.269613470544320499, -1.605248138585507851E-15 ) ) ;
#4191 = CARTESIAN_POINT ( 'NONE',  ( 1.759290307228595029, -4.923035132918874623, -0.7275231754205366830 ) ) ;
#4192 = CARTESIAN_POINT ( 'NONE',  ( 2.508866492177967089, -11.41746859031198014, -0.02952986210389084779 ) ) ;
#4193 = CARTESIAN_POINT ( 'NONE',  ( -1.758866492177963758, 6.514464867081123600, -0.001023180043167473338 ) ) ;
#4194 = CARTESIAN_POINT ( 'NONE',  ( -0.7275231754205360168, 0.3269648670811247659, -1.759290307228593475 ) ) ;
#4195 = CARTESIAN_POINT ( 'NONE',  ( -1.759290307228592365, -4.423035132918876400, 0.7275231754205363499 ) ) ;
#4196 = CARTESIAN_POINT ( 'NONE',  ( -2.249999999999999112, -0.7696134705443214985, 1.715545315126795680E-15 ) ) ;
#4197 = CARTESIAN_POINT ( 'NONE',  ( 1.796364270545707909, 7.571398324474227337, -1.751708748875781652 ) ) ;
#4198 = CARTESIAN_POINT ( 'NONE',  ( -6.919358041228400441E-16, 12.00000000000000000, 0.000000000000000000 ) ) ;
#4199 = LINE ( 'NONE', #3805, #4160 ) ;
#4200 = CARTESIAN_POINT ( 'NONE',  ( -1.605788887702079837, 4.922257608502736304, 1.576052679364651876 ) ) ;
#4201 = CARTESIAN_POINT ( 'NONE',  ( 1.070782749433754288, -2.366101675525773107, -2.495787192698266654 ) ) ;
#4202 = VECTOR ( 'NONE', #3469, 1000.000000000000000 ) ;
#4203 = CARTESIAN_POINT ( 'NONE',  ( 1.068736389347418658, -6.604968590311981025, 2.496634822799524756 ) ) ;
#4204 = EDGE_LOOP ( 'NONE', ( #3404, #3661, #3003, #795 ) ) ;
#4205 = CARTESIAN_POINT ( 'NONE',  ( -2.249919936250258434, 7.231661651263874724, 0.01898105538776425488 ) ) ;
#4206 = EDGE_CURVE ( 'NONE', #3143, #2849, #1473, .T. ) ;
#4207 = CARTESIAN_POINT ( 'NONE',  ( 1.751708748875783428, -9.678601675525772663, 1.796364270545708353 ) ) ;
#4208 = AXIS2_PLACEMENT_3D ( 'NONE', #682, #978, #2287 ) ;
#4209 = DIRECTION ( 'NONE',  ( -1.332253022117619153E-16, 1.000000000000000000, -0.000000000000000000 ) ) ;
#4210 = DIRECTION ( 'NONE',  ( -1.332253022117619153E-16, 1.000000000000000000, -0.000000000000000000 ) ) ;
#4211 = CARTESIAN_POINT ( 'NONE',  ( 0.001023180043168770261, -3.735535132918875512, -1.758866492177963980 ) ) ;
#4212 = CARTESIAN_POINT ( 'NONE',  ( -0.9529664928947847446, -10.01524239149726370, 2.241192214958859452 ) ) ;
#4213 = CARTESIAN_POINT ( 'NONE',  ( 1.244429921367732339, 7.139464867081123600, -1.242982926273935806 ) ) ;
#4214 = VECTOR ( 'NONE', #952, 1000.000000000000000 ) ;
#4215 = CARTESIAN_POINT ( 'NONE',  ( -1.242982926273934474, -2.610535132918876400, -1.244429921367732339 ) ) ;
#4216 = CARTESIAN_POINT ( 'NONE',  ( 1.244429921367733227, 1.139464867081123600, -1.242982926273935806 ) ) ;
#4217 = AXIS2_PLACEMENT_3D ( 'NONE', #2848, #2782, #1833 ) ;
#4218 = CARTESIAN_POINT ( 'NONE',  ( 2.241192214958862117, -7.765242391497265473, 0.9529664928947871871 ) ) ;
#4219 = ORIENTED_EDGE ( 'NONE', *, *, #4078, .F. ) ;
#4220 = CARTESIAN_POINT ( 'NONE',  ( 1.604355277028129967, -8.393338348736124388, 1.577512011070596687 ) ) ;
#4221 = CARTESIAN_POINT ( 'NONE',  ( 0.9509284072362332862, -6.455838348736126164, 2.242057725680490332 ) ) ;
#4222 = CARTESIAN_POINT ( 'NONE',  ( 0.001023180043169696820, -10.73553513291887640, -1.758866492177964203 ) ) ;
#4223 = CARTESIAN_POINT ( 'NONE',  ( 2.249999999999999556, 5.730386529455679501, -1.605248138585507851E-15 ) ) ;
#4224 = CARTESIAN_POINT ( 'NONE',  ( 1.576052679364652098, 2.172257608502735415, 1.605788887702079837 ) ) ;
#4225 = CARTESIAN_POINT ( 'NONE',  ( 1.751708748875782540, -3.678601675525772663, 1.796364270545708353 ) ) ;
#4226 = ORIENTED_EDGE ( 'NONE', *, *, #2843, .F. ) ;
#4227 = CARTESIAN_POINT ( 'NONE',  ( 2.496634822799526976, -4.354968590311980137, -1.068736389347416216 ) ) ;
#4228 = CARTESIAN_POINT ( 'NONE',  ( 0.9509284072362320650, 4.544161651263875612, 2.242057725680490332 ) ) ;
#4229 = CARTESIAN_POINT ( 'NONE',  ( 1.007630305053301090, -10.74110167552577089, 2.521945791657662195 ) ) ;
#4230 = LINE ( 'NONE', #3642, #1176 ) ;
#4231 = EDGE_CURVE ( 'NONE', #188, #3789, #964, .T. ) ;
#4232 = DIRECTION ( 'NONE',  ( 0.8660254037844388186, 0.000000000000000000, -0.4999999999999995559 ) ) ;
#4233 = ORIENTED_EDGE ( 'NONE', *, *, #2160, .T. ) ;
#4234 = CARTESIAN_POINT ( 'NONE',  ( 2.250000000000000444, 1.730386529455678835, -1.605248138585507851E-15 ) ) ;
#4235 = CARTESIAN_POINT ( 'NONE',  ( 0.02952986210389245067, -8.667468590311980137, 2.508866492177964425 ) ) ;
#4236 = CARTESIAN_POINT ( 'NONE',  ( -2.249999999999994671, -2.202037336063083828, -0.01051356683024700506 ) ) ;
#4237 = CARTESIAN_POINT ( 'NONE',  ( 0.7275231754205380152, -0.1730351329188757892, 1.759290307228593475 ) ) ;
#4238 = EDGE_CURVE ( 'NONE', #832, #866, #1910, .T. ) ;
#4239 = CARTESIAN_POINT ( 'NONE',  ( -1.758866492177962648, -1.485535132918875290, -0.001023180043167473338 ) ) ;
#4240 = CARTESIAN_POINT ( 'NONE',  ( 2.250000000000001776, -9.269613470544321387, -1.605248138585507851E-15 ) ) ;
#4241 = ORIENTED_EDGE ( 'NONE', *, *, #2903, .F. ) ;
#4242 = CARTESIAN_POINT ( 'NONE',  ( 1.758442677127336484, -10.04803513291887462, 0.7295695355068724242 ) ) ;
#4243 = CYLINDRICAL_SURFACE ( 'NONE', #3461, 3.499999999999999556 ) ;
#4244 = CARTESIAN_POINT ( 'NONE',  ( 2.250000000000000444, -0.2696134705443212209, -1.605248138585507851E-15 ) ) ;
#4245 = CARTESIAN_POINT ( 'NONE',  ( 0.7295695355068739785, -11.79803513291887640, -1.758442677127334708 ) ) ;
#4246 = CARTESIAN_POINT ( 'NONE',  ( -1.576052679364651432, 0.6722576085027359705, -1.605788887702079837 ) ) ;
#4247 = CARTESIAN_POINT ( 'NONE',  ( 2.250000000000001776, -8.269613470544321387, -1.605248138585507851E-15 ) ) ;
#4248 = CARTESIAN_POINT ( 'NONE',  ( 1.007630305053299535, -0.7411016755257716637, 2.521945791657662195 ) ) ;
#4249 = ORIENTED_EDGE ( 'NONE', *, *, #1790, .T. ) ;
#4250 = EDGE_CURVE ( 'NONE', #3048, #3517, #576, .T. ) ;
#4251 = CARTESIAN_POINT ( 'NONE',  ( -1.068736389347414661, -3.104968590311981469, -2.496634822799525200 ) ) ;
#4252 = CARTESIAN_POINT ( 'NONE',  ( -2.249999999999999556, 7.230386529455678613, 1.360897470555578513E-15 ) ) ;
#4253 = CARTESIAN_POINT ( 'NONE',  ( -0.03157622219022590548, -8.803601675525772663, 2.508866492177964425 ) ) ;
#4254 =( BOUNDED_CURVE ( )  B_SPLINE_CURVE ( 2, ( #1665, #86, #1412, #788, #2422, #411, #3733, #391, #4049, #3010, #1687 ),
 .UNSPECIFIED., .F., .F. ) 
 B_SPLINE_CURVE_WITH_KNOTS ( ( 3, 2, 2, 2, 2, 3 ),
 ( 0.1189750059190988890, 0.1190476190476190688, 0.1250000000000000000, 0.1309523809523809312, 0.1369047619047618625, 0.1427845297286226001 ),
 .UNSPECIFIED. ) 
 CURVE ( )  GEOMETRIC_REPRESENTATION_ITEM ( )  RATIONAL_B_SPLINE_CURVE ( ( 0.9981654678299758388, 0.9990714059914859169, 1.000000000000000000, 0.9238795325112867385, 1.000000000000000000, 0.9238795325112867385, 1.000000000000000000, 0.9238795325112867385, 1.000000000000000000, 0.9248081265198009326, 0.9981654678299756167 ) ) 
 REPRESENTATION_ITEM ( '' )  );
#4255 = DIRECTION ( 'NONE',  ( -1.332253022117619153E-16, 1.000000000000000000, -0.000000000000000000 ) ) ;
#4256 = CARTESIAN_POINT ( 'NONE',  ( 1.865491160566537410, -11.11922901124400020, -1.041025942585288133 ) ) ;
#4257 = CARTESIAN_POINT ( 'NONE',  ( -0.9509284072362291784, -5.955838348736125276, -2.242057725680490776 ) ) ;
#4258 = CARTESIAN_POINT ( 'NONE',  ( -1.753155743969577962, -10.79246859031198191, 1.794917275451909822 ) ) ;
#4259 = CARTESIAN_POINT ( 'NONE',  ( -1.758866492177963980, 7.514464867081124488, -0.001023180043167473338 ) ) ;
#4260 = CARTESIAN_POINT ( 'NONE',  ( 1.242982926273936473, -1.110535132918874845, 1.244429921367732561 ) ) ;
#4261 = CARTESIAN_POINT ( 'NONE',  ( 1.244429921367733449, 0.1394648670811245161, -1.242982926273935806 ) ) ;
#4262 = CARTESIAN_POINT ( 'NONE',  ( -1.604355277028125748, -9.893338348736124388, -1.577512011070596687 ) ) ;
#4263 = EDGE_LOOP ( 'NONE', ( #767, #1834, #3479, #2008 ) ) ;
#4264 = CARTESIAN_POINT ( 'NONE',  ( 1.244429921367734782, -10.86053513291887462, -1.242982926273935806 ) ) ;
#4265 = CARTESIAN_POINT ( 'NONE',  ( -1.751708748875781874, 7.821398324474227337, -1.796364270545708131 ) ) ;
#4266 = CARTESIAN_POINT ( 'NONE',  ( 2.067615946960948747, -11.18238405303877414, 0.2503407865391528153 ) ) ;
#4267 = CARTESIAN_POINT ( 'NONE',  ( 1.759290307228596362, -9.923035132918874623, -0.7275231754205367940 ) ) ;
#4268 = CARTESIAN_POINT ( 'NONE',  ( -0.9109131437704428569, -0.3902423914972649732, -2.258611282509372931 ) ) ;
#4269 = CARTESIAN_POINT ( 'NONE',  ( -2.250000000000001332, 12.00000000000000000, 0.000000000000000000 ) ) ;
#4270 = CARTESIAN_POINT ( 'NONE',  ( -1.751708748875780541, -3.178601675525772219, -1.796364270545708131 ) ) ;
#4271 = CARTESIAN_POINT ( 'NONE',  ( -2.249901748734115969, 1.797257608502735193, -0.02102667456217110348 ) ) ;
#4272 = CARTESIAN_POINT ( 'NONE',  ( 0.02952986210389178107, -3.667468590311980137, 2.508866492177964425 ) ) ;
#4273 = CARTESIAN_POINT ( 'NONE',  ( 2.249999999999999556, 7.730386529455678613, -1.605248138585507851E-15 ) ) ;
#4274 = CARTESIAN_POINT ( 'NONE',  ( 1.070782749433755399, -10.36610167552577266, -2.495787192698266654 ) ) ;
#4275 = CARTESIAN_POINT ( 'NONE',  ( -0.9529664928947866320, 2.984757608502736748, 2.241192214958859452 ) ) ;
#4276 = CARTESIAN_POINT ( 'NONE',  ( 3.250000000000001776, 8.000000000000000000, 4.133182947122318153E-16 ) ) ;
#4277 = ORIENTED_EDGE ( 'NONE', *, *, #54, .F. ) ;
#4278 = CARTESIAN_POINT ( 'NONE',  ( -0.9509284072362301776, 2.044161651263874280, -2.242057725680490776 ) ) ;
ENDSEC;
END-ISO-10303-21;
