ISO-10303-21;
HEADER;
FILE_DESCRIPTION (( 'STEP AP203' ),
    '1' );
FILE_NAME ('asml_eslabon_BC_externav4.STEP',
    '2026-10-07T12:52:03',
    ( '' ),
    ( '' ),
    'SwSTEP 2.0',
    'SolidWorks 2026',
    '' );
FILE_SCHEMA (( 'CONFIG_CONTROL_DESIGN' ));
ENDSEC;

DATA;
#1 = CARTESIAN_POINT ( 'NONE',  ( 5.999999999999991118, 24.41421356237307450, 4.000000000000000000 ) ) ;
#2 = CARTESIAN_POINT ( 'NONE',  ( 10.00000000000000711, 0.000000000000000000, 4.000000000000000000 ) ) ;
#3 = ORIENTED_EDGE ( 'NONE', *, *, #769, .F. ) ;
#4 = ORIENTED_EDGE ( 'NONE', *, *, #573, .F. ) ;
#5 = ADVANCED_FACE ( 'NONE', ( #291 ), #1544, .F. ) ;
#6 = ORIENTED_EDGE ( 'NONE', *, *, #704, .T. ) ;
#7 = CARTESIAN_POINT ( 'NONE',  ( 4.292893218813445877, -23.70710678118652481, 4.000000000000000000 ) ) ;
#8 = COORDINATED_UNIVERSAL_TIME_OFFSET ( 3, 0, .BEHIND. ) ;
#9 = FACE_OUTER_BOUND ( 'NONE', #1545, .T. ) ;
#10 = VERTEX_POINT ( 'NONE', #53 ) ;
#11 = VECTOR ( 'NONE', #1350, 1000.000000000000000 ) ;
#12 = EDGE_CURVE ( 'NONE', #796, #190, #19, .T. ) ;
#13 = ORIENTED_EDGE ( 'NONE', *, *, #1219, .T. ) ;
#14 = ADVANCED_FACE ( 'NONE', ( #496 ), #866, .F. ) ;
#15 = CARTESIAN_POINT ( 'NONE',  ( -0.7948965195493101765, 43.96035752951507902, 5.939170544786997574 ) ) ;
#16 = LINE ( 'NONE', #515, #1448 ) ;
#17 = CARTESIAN_POINT ( 'NONE',  ( 4.292893218813447653, 14.29289321881347341, 4.000000000000000000 ) ) ;
#18 = CIRCLE ( 'NONE', #84, 1.000000000000000000 ) ;
#19 = CIRCLE ( 'NONE', #443, 10.00000000000000000 ) ;
#20 = VERTEX_POINT ( 'NONE', #7 ) ;
#21 = CIRCLE ( 'NONE', #350, 2.099999999999999645 ) ;
#22 = ORIENTED_EDGE ( 'NONE', *, *, #1125, .F. ) ;
#23 = UNCERTAINTY_MEASURE_WITH_UNIT (LENGTH_MEASURE( 1.000000000000000082E-05 ), #593, 'distance_accuracy_value', 'NONE');
#24 = VERTEX_POINT ( 'NONE', #768 ) ;
#25 = CARTESIAN_POINT ( 'NONE',  ( -6.000000000000021316, 0.000000000000000000, 4.000000000000000000 ) ) ;
#26 = DIRECTION ( 'NONE',  ( 0.000000000000000000, -0.000000000000000000, -1.000000000000000000 ) ) ;
#27 = ORIENTED_EDGE ( 'NONE', *, *, #751, .T. ) ;
#28 = ORIENTED_EDGE ( 'NONE', *, *, #372, .F. ) ;
#29 = CARTESIAN_POINT ( 'NONE',  ( 1.969451121612025180, 43.68073775496208100, 5.739754687306883874 ) ) ;
#30 = CARTESIAN_POINT ( 'NONE',  ( 4.999999999999991118, 13.58578643762692373, 0.000000000000000000 ) ) ;
#31 = CARTESIAN_POINT ( 'NONE',  ( -6.000000000000021316, -3.585786437627006773, 4.000000000000000000 ) ) ;
#32 = ORIENTED_EDGE ( 'NONE', *, *, #251, .F. ) ;
#33 = ORIENTED_EDGE ( 'NONE', *, *, #1497, .F. ) ;
#34 = CARTESIAN_POINT ( 'NONE',  ( -6.000000000000021316, 9.414213562373191735, 4.000000000000000000 ) ) ;
#35 = EDGE_LOOP ( 'NONE', ( #293, #1429, #32, #659, #756, #987 ) ) ;
#36 = VERTEX_POINT ( 'NONE', #644 ) ;
#37 = CARTESIAN_POINT ( 'NONE',  ( 3.650048451338441691, 42.76588596671410158, 5.185287164647838232 ) ) ;
#38 = CARTESIAN_POINT ( 'NONE',  ( 5.999999999999991118, -24.41421356237307450, 0.000000000000000000 ) ) ;
#39 = FACE_OUTER_BOUND ( 'NONE', #742, .T. ) ;
#40 = AXIS2_PLACEMENT_3D ( 'NONE', #888, #400, #363 ) ;
#41 = ORIENTED_EDGE ( 'NONE', *, *, #1578, .F. ) ;
#42 = ORIENTED_EDGE ( 'NONE', *, *, #130, .T. ) ;
#43 = AXIS2_PLACEMENT_3D ( 'NONE', #706, #1355, #729 ) ;
#44 = CARTESIAN_POINT ( 'NONE',  ( -5.707106781186564781, -4.292893218813558676, 4.000000000000000000 ) ) ;
#45 = LINE ( 'NONE', #439, #737 ) ;
#46 = CARTESIAN_POINT ( 'NONE',  ( -5.707106781186570110, 33.70710678118643955, 4.000000000000000000 ) ) ;
#47 = ORIENTED_EDGE ( 'NONE', *, *, #708, .T. ) ;
#48 = ORIENTED_EDGE ( 'NONE', *, *, #1219, .F. ) ;
#49 = DIRECTION ( 'NONE',  ( 0.000000000000000000, -0.000000000000000000, -1.000000000000000000 ) ) ;
#50 = EDGE_CURVE ( 'NONE', #268, #56, #1382, .T. ) ;
#51 = DIRECTION ( 'NONE',  ( 0.000000000000000000, -1.000000000000000000, 0.000000000000000000 ) ) ;
#52 = CARTESIAN_POINT ( 'NONE',  ( -6.000000000000021316, -9.414213562373191735, 4.000000000000000000 ) ) ;
#53 = CARTESIAN_POINT ( 'NONE',  ( -2.100000000000011191, 54.00000000000000000, 12.65000000000007851 ) ) ;
#54 = AXIS2_PLACEMENT_3D ( 'NONE', #1426, #49, #303 ) ;
#55 = EDGE_CURVE ( 'NONE', #56, #906, #155, .T. ) ;
#56 = VERTEX_POINT ( 'NONE', #1267 ) ;
#57 = DIRECTION ( 'NONE',  ( -0.7071067811865512365, -0.7071067811865439090, 0.000000000000000000 ) ) ;
#58 = DIRECTION ( 'NONE',  ( 1.000000000000000000, 0.000000000000000000, 0.000000000000000000 ) ) ;
#59 = CARTESIAN_POINT ( 'NONE',  ( -1.157291225194249043E-14, 54.00000000000000000, 12.65000000000007851 ) ) ;
#60 = ORIENTED_EDGE ( 'NONE', *, *, #1409, .F. ) ;
#61 = CARTESIAN_POINT ( 'NONE',  ( -6.000000000000021316, 34.41421356237299278, 0.000000000000000000 ) ) ;
#62 = AXIS2_PLACEMENT_3D ( 'NONE', #734, #1233, #104 ) ;
#63 = ORIENTED_EDGE ( 'NONE', *, *, #310, .F. ) ;
#64 = EDGE_CURVE ( 'NONE', #1411, #20, #658, .T. ) ;
#65 = CARTESIAN_POINT ( 'NONE',  ( -6.000000000000021316, -28.58578643762681537, 4.000000000000000000 ) ) ;
#66 = AXIS2_PLACEMENT_3D ( 'NONE', #456, #1470, #202 ) ;
#67 = DIRECTION ( 'NONE',  ( -0.7071067811865439090, -0.7071067811865512365, 0.000000000000000000 ) ) ;
#68 = VECTOR ( 'NONE', #180, 1000.000000000000000 ) ;
#69 = ORIENTED_EDGE ( 'NONE', *, *, #1301, .F. ) ;
#70 = DIRECTION ( 'NONE',  ( 0.7071067811865507924, -0.7071067811865441310, 0.000000000000000000 ) ) ;
#71 = EDGE_CURVE ( 'NONE', #1155, #741, #1243, .T. ) ;
#72 = CIRCLE ( 'NONE', #1422, 1.000000000000000000 ) ;
#73 = EDGE_LOOP ( 'NONE', ( #22, #1187, #301, #60 ) ) ;
#74 = EDGE_CURVE ( 'NONE', #10, #1555, #253, .T. ) ;
#75 = CARTESIAN_POINT ( 'NONE',  ( 5.999999999999991118, 24.41421356237307450, 0.000000000000000000 ) ) ;
#76 = PRODUCT_RELATED_PRODUCT_CATEGORY ( 'detail', '', ( #1317 ) ) ;
#77 = FACE_BOUND ( 'NONE', #257, .T. ) ;
#78 = EDGE_CURVE ( 'NONE', #1487, #755, #1119, .T. ) ;
#79 = LINE ( 'NONE', #362, #120 ) ;
#80 = AXIS2_PLACEMENT_3D ( 'NONE', #1126, #903, #1522 ) ;
#81 = CIRCLE ( 'NONE', #1138, 1.000000000000000000 ) ;
#82 = CARTESIAN_POINT ( 'NONE',  ( 5.999999999999991118, -24.41421356237307450, 0.000000000000000000 ) ) ;
#83 = LINE ( 'NONE', #1068, #1474 ) ;
#84 = AXIS2_PLACEMENT_3D ( 'NONE', #937, #1051, #1440 ) ;
#85 = CARTESIAN_POINT ( 'NONE',  ( 5.999999999999991118, -38.00000000000000000, 0.000000000000000000 ) ) ;
#86 = DIRECTION ( 'NONE',  ( 1.000000000000000000, 0.000000000000000000, -0.000000000000000000 ) ) ;
#87 = CARTESIAN_POINT ( 'NONE',  ( 9.999999999999987566, -54.00000000000000000, 0.000000000000000000 ) ) ;
#88 = VECTOR ( 'NONE', #696, 1000.000000000000000 ) ;
#89 = CARTESIAN_POINT ( 'NONE',  ( -4.292893218813476963, -8.707106781186642053, 0.000000000000000000 ) ) ;
#90 = CARTESIAN_POINT ( 'NONE',  ( 4.585786437626886425, 19.00000000000000000, 0.000000000000000000 ) ) ;
#91 = DIRECTION ( 'NONE',  ( -0.000000000000000000, -0.000000000000000000, -1.000000000000000000 ) ) ;
#92 = DIRECTION ( 'NONE',  ( 0.000000000000000000, -1.000000000000000000, 0.000000000000000000 ) ) ;
#93 = DIRECTION ( 'NONE',  ( 0.000000000000000000, 0.000000000000000000, -1.000000000000000000 ) ) ;
#94 = CYLINDRICAL_SURFACE ( 'NONE', #558, 10.00000000000000000 ) ;
#95 = DIRECTION ( 'NONE',  ( -0.000000000000000000, -0.000000000000000000, -1.000000000000000000 ) ) ;
#96 = CIRCLE ( 'NONE', #469, 1.000000000000000000 ) ;
#97 = CARTESIAN_POINT ( 'NONE',  ( -6.000000000000021316, 0.000000000000000000, 4.000000000000000000 ) ) ;
#98 = PLANE ( 'NONE',  #80 ) ;
#99 = CARTESIAN_POINT ( 'NONE',  ( 2.099999999999987654, 54.00000000000000000, 4.000000000000000000 ) ) ;
#100 = VERTEX_POINT ( 'NONE', #116 ) ;
#101 = VERTEX_POINT ( 'NONE', #907 ) ;
#102 = CARTESIAN_POINT ( 'NONE',  ( -9.999999999999992895, 38.04154401533718755, 14.00000000000000000 ) ) ;
#103 = PERSON_AND_ORGANIZATION ( #779, #1609 ) ;
#104 = DIRECTION ( 'NONE',  ( -0.7071067811865507924, -0.7071067811865441310, 0.000000000000000000 ) ) ;
#105 = DIRECTION ( 'NONE',  ( -1.000000000000000000, 0.000000000000000000, 0.000000000000000000 ) ) ;
#106 = VECTOR ( 'NONE', #265, 1000.000000000000000 ) ;
#107 = CARTESIAN_POINT ( 'NONE',  ( -9.999999999999992895, 38.04154401533718755, 4.000000000000000000 ) ) ;
#108 = PERSON_AND_ORGANIZATION ( #779, #1609 ) ;
#109 = FACE_OUTER_BOUND ( 'NONE', #1488, .T. ) ;
#110 = CARTESIAN_POINT ( 'NONE',  ( 12.49999999999996625, -12.50000000000009415, 4.000000000000000000 ) ) ;
#111 = EDGE_CURVE ( 'NONE', #274, #1513, #368, .T. ) ;
#112 = EDGE_CURVE ( 'NONE', #1240, #156, #1324, .T. ) ;
#113 = VERTEX_POINT ( 'NONE', #381 ) ;
#114 = ORIENTED_EDGE ( 'NONE', *, *, #1611, .F. ) ;
#115 = VERTEX_POINT ( 'NONE', #1278 ) ;
#116 = CARTESIAN_POINT ( 'NONE',  ( -9.999999999999992895, 38.04154401533718755, 4.000000000000000000 ) ) ;
#117 = VECTOR ( 'NONE', #1211, 1000.000000000000000 ) ;
#118 = DIRECTION ( 'NONE',  ( 0.000000000000000000, 0.000000000000000000, -1.000000000000000000 ) ) ;
#119 = EDGE_LOOP ( 'NONE', ( #275, #4, #1133, #791, #1070, #42 ) ) ;
#120 = VECTOR ( 'NONE', #1597, 1000.000000000000000 ) ;
#121 = CARTESIAN_POINT ( 'NONE',  ( 4.087263743630772161, 42.39663216786969713, 4.996947172084134081 ) ) ;
#122 = EDGE_CURVE ( 'NONE', #115, #796, #1501, .T. ) ;
#123 = DIRECTION ( 'NONE',  ( 0.000000000000000000, 0.000000000000000000, 1.000000000000000000 ) ) ;
#124 = CARTESIAN_POINT ( 'NONE',  ( -6.000000000000021316, 28.58578643762681182, 0.000000000000000000 ) ) ;
#125 = DIRECTION ( 'NONE',  ( -0.000000000000000000, -0.000000000000000000, 1.000000000000000000 ) ) ;
#126 = ORIENTED_EDGE ( 'NONE', *, *, #1014, .T. ) ;
#127 = VERTEX_POINT ( 'NONE', #1620 ) ;
#128 = ORIENTED_EDGE ( 'NONE', *, *, #727, .T. ) ;
#129 = DIRECTION ( 'NONE',  ( -0.000000000000000000, -0.000000000000000000, -1.000000000000000000 ) ) ;
#130 = EDGE_CURVE ( 'NONE', #1152, #631, #1516, .T. ) ;
#131 = ADVANCED_FACE ( 'NONE', ( #879 ), #757, .T. ) ;
#132 = CARTESIAN_POINT ( 'NONE',  ( -5.000000000000021316, -3.585786437627006773, 4.000000000000000000 ) ) ;
#133 = ORIENTED_EDGE ( 'NONE', *, *, #828, .T. ) ;
#134 = ORIENTED_EDGE ( 'NONE', *, *, #1218, .F. ) ;
#135 = CARTESIAN_POINT ( 'NONE',  ( -5.779326335717953178, 39.62440090881903387, 4.124200106868197047 ) ) ;
#136 = ADVANCED_FACE ( 'NONE', ( #733 ), #1489, .F. ) ;
#137 = CIRCLE ( 'NONE', #636, 1.000000000000000000 ) ;
#138 = CYLINDRICAL_SURFACE ( 'NONE', #1167, 1.000000000000000000 ) ;
#139 = PLANE ( 'NONE',  #269 ) ;
#140 = VERTEX_POINT ( 'NONE', #477 ) ;
#141 = ORIENTED_EDGE ( 'NONE', *, *, #1199, .F. ) ;
#142 = ORIENTED_EDGE ( 'NONE', *, *, #1179, .T. ) ;
#143 = DIRECTION ( 'NONE',  ( 0.000000000000000000, 0.000000000000000000, -1.000000000000000000 ) ) ;
#144 = DIRECTION ( 'NONE',  ( -0.000000000000000000, -0.000000000000000000, -1.000000000000000000 ) ) ;
#145 = VERTEX_POINT ( 'NONE', #701 ) ;
#146 = VECTOR ( 'NONE', #276, 1000.000000000000000 ) ;
#147 = VERTEX_POINT ( 'NONE', #1202 ) ;
#148 = CARTESIAN_POINT ( 'NONE',  ( 0.4118203030397975528, 43.99953313567880997, 5.968663500127272314 ) ) ;
#149 = LINE ( 'NONE', #282, #302 ) ;
#150 = DIRECTION ( 'NONE',  ( -0.000000000000000000, 0.000000000000000000, -1.000000000000000000 ) ) ;
#151 = CIRCLE ( 'NONE', #175, 2.099999999999999645 ) ;
#152 = VERTEX_POINT ( 'NONE', #75 ) ;
#153 = VECTOR ( 'NONE', #204, 1000.000000000000000 ) ;
#154 = EDGE_LOOP ( 'NONE', ( #1313, #1172, #1001, #780 ) ) ;
#155 = LINE ( 'NONE', #34, #106 ) ;
#156 = VERTEX_POINT ( 'NONE', #1587 ) ;
#157 = ORIENTED_EDGE ( 'NONE', *, *, #1417, .F. ) ;
#158 = CARTESIAN_POINT ( 'NONE',  ( -4.489971056290684714, 41.99821610053626131, 4.811292312164065166 ) ) ;
#159 = CARTESIAN_POINT ( 'NONE',  ( 5.292893218813432554, -18.29289321881345032, 0.000000000000000000 ) ) ;
#160 = CARTESIAN_POINT ( 'NONE',  ( -1.157291225194249043E-14, -54.00000000000000000, 4.000000000000000000 ) ) ;
#161 = EDGE_LOOP ( 'NONE', ( #543, #1492, #1271, #493 ) ) ;
#162 = EDGE_LOOP ( 'NONE', ( #893, #365, #1537, #789 ) ) ;
#163 = CARTESIAN_POINT ( 'NONE',  ( -5.000000000000033751, 5.000000000000082601, 4.000000000000000000 ) ) ;
#164 = CARTESIAN_POINT ( 'NONE',  ( -6.000000000000021316, 0.000000000000000000, 4.000000000000000000 ) ) ;
#165 = CARTESIAN_POINT ( 'NONE',  ( 5.999999999999991118, 0.000000000000000000, 4.000000000000000000 ) ) ;
#166 = ORIENTED_EDGE ( 'NONE', *, *, #55, .F. ) ;
#167 = EDGE_CURVE ( 'NONE', #1411, #1380, #989, .T. ) ;
#168 = ORIENTED_EDGE ( 'NONE', *, *, #209, .F. ) ;
#169 = AXIS2_PLACEMENT_3D ( 'NONE', #224, #86, #1349 ) ;
#170 = DIRECTION ( 'NONE',  ( 1.000000000000000000, 0.000000000000000000, 0.000000000000000000 ) ) ;
#171 = VECTOR ( 'NONE', #288, 1000.000000000000000 ) ;
#172 = CARTESIAN_POINT ( 'NONE',  ( 4.585786437626886425, 19.00000000000000000, 4.000000000000000000 ) ) ;
#173 = CARTESIAN_POINT ( 'NONE',  ( -1.157291225194249043E-14, 54.00000000000000000, 0.000000000000000000 ) ) ;
#174 = EDGE_LOOP ( 'NONE', ( #1266, #811, #538, #166 ) ) ;
#175 = AXIS2_PLACEMENT_3D ( 'NONE', #726, #198, #447 ) ;
#176 = EDGE_CURVE ( 'NONE', #747, #816, #604, .T. ) ;
#177 = VERTEX_POINT ( 'NONE', #1454 ) ;
#178 = ORIENTED_EDGE ( 'NONE', *, *, #1113, .F. ) ;
#179 = DIRECTION ( 'NONE',  ( 0.7071067811865507924, 0.7071067811865441310, 0.000000000000000000 ) ) ;
#180 = DIRECTION ( 'NONE',  ( -0.000000000000000000, -0.000000000000000000, 1.000000000000000000 ) ) ;
#181 = CARTESIAN_POINT ( 'NONE',  ( -6.000000000000021316, -34.41421356237299278, 4.000000000000000000 ) ) ;
#182 = VERTEX_POINT ( 'NONE', #220 ) ;
#183 = DIRECTION ( 'NONE',  ( -0.000000000000000000, 0.000000000000000000, 1.000000000000000000 ) ) ;
#184 = EDGE_CURVE ( 'NONE', #264, #998, #576, .T. ) ;
#185 = ORIENTED_EDGE ( 'NONE', *, *, #563, .F. ) ;
#186 = EDGE_CURVE ( 'NONE', #512, #56, #1543, .T. ) ;
#187 = VERTEX_POINT ( 'NONE', #82 ) ;
#188 = LINE ( 'NONE', #1058, #1589 ) ;
#189 = CYLINDRICAL_SURFACE ( 'NONE', #843, 10.00000000000000000 ) ;
#190 = VERTEX_POINT ( 'NONE', #87 ) ;
#191 = AXIS2_PLACEMENT_3D ( 'NONE', #1391, #861, #1365 ) ;
#192 = CARTESIAN_POINT ( 'NONE',  ( -6.000000000000021316, 34.41421356237299278, 0.000000000000000000 ) ) ;
#193 = ORIENTED_EDGE ( 'NONE', *, *, #71, .T. ) ;
#194 = CARTESIAN_POINT ( 'NONE',  ( 5.292893218813430778, 18.29289321881345032, 4.000000000000000000 ) ) ;
#195 = CIRCLE ( 'NONE', #412, 1.000000000000000000 ) ;
#196 = ORIENTED_EDGE ( 'NONE', *, *, #465, .T. ) ;
#197 = ORIENTED_EDGE ( 'NONE', *, *, #343, .F. ) ;
#198 = DIRECTION ( 'NONE',  ( -0.000000000000000000, 0.000000000000000000, 1.000000000000000000 ) ) ;
#199 = PRODUCT_DEFINITION_FORMATION_WITH_SPECIFIED_SOURCE ( 'ANY', '', #1317, .NOT_KNOWN. ) ;
#200 = CC_DESIGN_PERSON_AND_ORGANIZATION_ASSIGNMENT ( #1376, #626, ( #1344 ) ) ;
#201 = VECTOR ( 'NONE', #547, 1000.000000000000000 ) ;
#202 = DIRECTION ( 'NONE',  ( 1.000000000000000000, 0.000000000000000000, 0.000000000000000000 ) ) ;
#203 = EDGE_LOOP ( 'NONE', ( #947, #384, #1449, #314, #277, #197 ) ) ;
#204 = DIRECTION ( 'NONE',  ( -0.7071067811865512365, 0.7071067811865439090, 0.000000000000000000 ) ) ;
#205 = PLANE ( 'NONE',  #43 ) ;
#206 = CYLINDRICAL_SURFACE ( 'NONE', #561, 1.000000000000000000 ) ;
#207 = VECTOR ( 'NONE', #1398, 1000.000000000000000 ) ;
#208 = CARTESIAN_POINT ( 'NONE',  ( -6.000000000000021316, 9.414213562373191735, 0.000000000000000000 ) ) ;
#209 = EDGE_CURVE ( 'NONE', #977, #101, #195, .T. ) ;
#210 = DIRECTION ( 'NONE',  ( -0.000000000000000000, 0.000000000000000000, -1.000000000000000000 ) ) ;
#211 = FACE_BOUND ( 'NONE', #808, .T. ) ;
#212 = VECTOR ( 'NONE', #1006, 1000.000000000000000 ) ;
#213 = CARTESIAN_POINT ( 'NONE',  ( -5.707106781186564781, -4.292893218813558676, 4.000000000000000000 ) ) ;
#214 = CALENDAR_DATE ( 2026, 7, 10 ) ;
#215 = CARTESIAN_POINT ( 'NONE',  ( 12.49999999999996625, -12.50000000000009415, 4.000000000000000000 ) ) ;
#216 = CIRCLE ( 'NONE', #1143, 10.00000000000000000 ) ;
#217 = CLOSED_SHELL ( 'NONE', ( #1599, #1055, #587, #14, #624, #1300, #454, #890, #1078, #1000, #1424, #869, #1622, #1186, #700, #949, #1456, #1383, #1585, #581, #575, #131, #1066, #1095, #605, #990, #308, #1321, #1525, #710, #673, #5, #803, #136, #584, #551, #651, #1062, #232, #1089, #935, #1327, #1582, #574 ) ) ;
#218 = VECTOR ( 'NONE', #847, 1000.000000000000000 ) ;
#219 = LINE ( 'NONE', #1097, #621 ) ;
#220 = CARTESIAN_POINT ( 'NONE',  ( -5.707106781186564781, 4.292893218813558676, 0.000000000000000000 ) ) ;
#221 = DIRECTION ( 'NONE',  ( 0.7071067811865507924, -0.7071067811865441310, 0.000000000000000000 ) ) ;
#222 = FACE_OUTER_BOUND ( 'NONE', #154, .T. ) ;
#223 = DIRECTION ( 'NONE',  ( 0.000000000000000000, 0.000000000000000000, 1.000000000000000000 ) ) ;
#224 = CARTESIAN_POINT ( 'NONE',  ( -9.999999999999992895, 0.000000000000000000, 4.000000000000000000 ) ) ;
#225 = DIRECTION ( 'NONE',  ( -1.000000000000000000, 0.000000000000000000, 0.000000000000000000 ) ) ;
#226 = ORIENTED_EDGE ( 'NONE', *, *, #1621, .F. ) ;
#227 = CARTESIAN_POINT ( 'NONE',  ( 5.292893218813432554, 19.70710678118655323, 0.000000000000000000 ) ) ;
#228 = COORDINATED_UNIVERSAL_TIME_OFFSET ( 3, 0, .BEHIND. ) ;
#229 = FACE_OUTER_BOUND ( 'NONE', #364, .T. ) ;
#230 = DIRECTION ( 'NONE',  ( -0.000000000000000000, 0.000000000000000000, 1.000000000000000000 ) ) ;
#231 = VECTOR ( 'NONE', #125, 1000.000000000000000 ) ;
#232 = ADVANCED_FACE ( 'NONE', ( #978 ), #206, .F. ) ;
#233 = CARTESIAN_POINT ( 'NONE',  ( -5.000000000000021316, 9.414213562373191735, 0.000000000000000000 ) ) ;
#234 = CYLINDRICAL_SURFACE ( 'NONE', #1056, 1.000000000000000000 ) ;
#235 = LINE ( 'NONE', #353, #1404 ) ;
#236 = ORIENTED_EDGE ( 'NONE', *, *, #1451, .F. ) ;
#237 = VERTEX_POINT ( 'NONE', #227 ) ;
#238 = AXIS2_PLACEMENT_3D ( 'NONE', #247, #1250, #763 ) ;
#239 = ORIENTED_EDGE ( 'NONE', *, *, #752, .T. ) ;
#240 = CARTESIAN_POINT ( 'NONE',  ( -5.000000000000021316, 3.585786437627007217, 4.000000000000000000 ) ) ;
#241 = VECTOR ( 'NONE', #1600, 1000.000000000000000 ) ;
#242 = CARTESIAN_POINT ( 'NONE',  ( -5.707106781186570110, -33.70710678118643955, 0.000000000000000000 ) ) ;
#243 = EDGE_CURVE ( 'NONE', #1015, #926, #845, .T. ) ;
#244 = VERTEX_POINT ( 'NONE', #485 ) ;
#245 = CARTESIAN_POINT ( 'NONE',  ( -2.134736355433822563, 43.61076275534897206, 5.693866891239210304 ) ) ;
#246 = COORDINATED_UNIVERSAL_TIME_OFFSET ( 3, 0, .BEHIND. ) ;
#247 = CARTESIAN_POINT ( 'NONE',  ( -1.157291225194249043E-14, -54.00000000000000000, 4.000000000000000000 ) ) ;
#248 = CARTESIAN_POINT ( 'NONE',  ( -5.707106781186570110, 33.70710678118643955, 0.000000000000000000 ) ) ;
#249 = VERTEX_POINT ( 'NONE', #346 ) ;
#250 = VERTEX_POINT ( 'NONE', #356 ) ;
#251 = EDGE_CURVE ( 'NONE', #24, #617, #1464, .T. ) ;
#252 = ORIENTED_EDGE ( 'NONE', *, *, #1332, .T. ) ;
#253 = LINE ( 'NONE', #520, #1071 ) ;
#254 = EDGE_CURVE ( 'NONE', #674, #268, #839, .T. ) ;
#255 = VECTOR ( 'NONE', #1311, 1000.000000000000000 ) ;
#256 = CARTESIAN_POINT ( 'NONE',  ( 5.292893218813429890, -19.70710678118655323, 4.000000000000000000 ) ) ;
#257 = EDGE_LOOP ( 'NONE', ( #680, #522 ) ) ;
#258 = VECTOR ( 'NONE', #1086, 1000.000000000000000 ) ;
#259 = CARTESIAN_POINT ( 'NONE',  ( 0.8103008580869941468, 43.95824221590622471, 5.937605537026164448 ) ) ;
#260 = DIRECTION ( 'NONE',  ( -0.000000000000000000, 0.000000000000000000, 1.000000000000000000 ) ) ;
#261 = DIRECTION ( 'NONE',  ( -0.000000000000000000, 0.000000000000000000, 1.000000000000000000 ) ) ;
#262 = ORIENTED_EDGE ( 'NONE', *, *, #345, .T. ) ;
#263 = ORIENTED_EDGE ( 'NONE', *, *, #1611, .T. ) ;
#264 = VERTEX_POINT ( 'NONE', #1080 ) ;
#265 = DIRECTION ( 'NONE',  ( 0.000000000000000000, 0.000000000000000000, -1.000000000000000000 ) ) ;
#266 = FACE_OUTER_BOUND ( 'NONE', #119, .T. ) ;
#267 = VERTEX_POINT ( 'NONE', #213 ) ;
#268 = VERTEX_POINT ( 'NONE', #717 ) ;
#269 = AXIS2_PLACEMENT_3D ( 'NONE', #110, #492, #1137 ) ;
#270 = CARTESIAN_POINT ( 'NONE',  ( -5.356999668802187919, 40.73071273222934963, 4.361223751247428559 ) ) ;
#271 = AXIS2_PLACEMENT_3D ( 'NONE', #904, #1230, #640 ) ;
#272 = CARTESIAN_POINT ( 'NONE',  ( -5.000000000000021316, -3.585786437627006773, 4.000000000000000000 ) ) ;
#273 = CYLINDRICAL_SURFACE ( 'NONE', #1189, 1.000000000000000000 ) ;
#274 = VERTEX_POINT ( 'NONE', #724 ) ;
#275 = ORIENTED_EDGE ( 'NONE', *, *, #1546, .F. ) ;
#276 = DIRECTION ( 'NONE',  ( 0.7071067811865507924, -0.7071067811865441310, 0.000000000000000000 ) ) ;
#277 = ORIENTED_EDGE ( 'NONE', *, *, #335, .F. ) ;
#278 = VECTOR ( 'NONE', #620, 1000.000000000000000 ) ;
#279 = ORIENTED_EDGE ( 'NONE', *, *, #111, .F. ) ;
#280 = EDGE_CURVE ( 'NONE', #182, #1532, #713, .T. ) ;
#281 = CARTESIAN_POINT ( 'NONE',  ( -0.3981021470421327590, 44.00045902316018243, 5.969350445833217833 ) ) ;
#282 = CARTESIAN_POINT ( 'NONE',  ( -9.999999999999992895, 0.000000000000000000, 0.000000000000000000 ) ) ;
#283 = DIRECTION ( 'NONE',  ( -0.000000000000000000, 0.000000000000000000, 1.000000000000000000 ) ) ;
#284 = ORIENTED_EDGE ( 'NONE', *, *, #254, .T. ) ;
#285 = AXIS2_PLACEMENT_3D ( 'NONE', #1050, #1174, #58 ) ;
#286 = VECTOR ( 'NONE', #982, 1000.000000000000000 ) ;
#287 = VERTEX_POINT ( 'NONE', #596 ) ;
#288 = DIRECTION ( 'NONE',  ( 0.000000000000000000, 0.000000000000000000, -1.000000000000000000 ) ) ;
#289 = DIRECTION ( 'NONE',  ( 1.000000000000000000, 0.000000000000000000, 0.000000000000000000 ) ) ;
#290 = CARTESIAN_POINT ( 'NONE',  ( 13.99999999999996447, -14.00000000000009770, 0.000000000000000000 ) ) ;
#291 = FACE_OUTER_BOUND ( 'NONE', #1057, .T. ) ;
#292 = EDGE_CURVE ( 'NONE', #100, #998, #304, .T. ) ;
#293 = ORIENTED_EDGE ( 'NONE', *, *, #563, .T. ) ;
#294 = LINE ( 'NONE', #421, #672 ) ;
#295 = EDGE_CURVE ( 'NONE', #411, #1193, #855, .T. ) ;
#296 = EDGE_CURVE ( 'NONE', #182, #411, #607, .T. ) ;
#297 = DIRECTION ( 'NONE',  ( -0.000000000000000000, 0.000000000000000000, 1.000000000000000000 ) ) ;
#298 = CARTESIAN_POINT ( 'NONE',  ( 5.999999999999991118, 13.58578643762692373, 0.000000000000000000 ) ) ;
#299 = EDGE_LOOP ( 'NONE', ( #1041, #405, #876, #506 ) ) ;
#300 = EDGE_CURVE ( 'NONE', #127, #1411, #802, .T. ) ;
#301 = ORIENTED_EDGE ( 'NONE', *, *, #74, .T. ) ;
#302 = VECTOR ( 'NONE', #1534, 1000.000000000000000 ) ;
#303 = DIRECTION ( 'NONE',  ( 1.000000000000000000, -1.387778780781445676E-14, 0.000000000000000000 ) ) ;
#304 = CIRCLE ( 'NONE', #1208, 10.00000000000000000 ) ;
#305 = CARTESIAN_POINT ( 'NONE',  ( -6.000000000000021316, 3.585786437627007217, 4.000000000000000000 ) ) ;
#306 = DIRECTION ( 'NONE',  ( 1.000000000000000000, -3.469446951953614189E-15, 0.000000000000000000 ) ) ;
#307 = ORIENTED_EDGE ( 'NONE', *, *, #12, .T. ) ;
#308 = ADVANCED_FACE ( 'NONE', ( #1247 ), #489, .F. ) ;
#309 = VECTOR ( 'NONE', #1434, 1000.000000000000000 ) ;
#310 = EDGE_CURVE ( 'NONE', #274, #1029, #940, .T. ) ;
#311 = VECTOR ( 'NONE', #928, 1000.000000000000000 ) ;
#312 = FACE_OUTER_BOUND ( 'NONE', #988, .T. ) ;
#313 = EDGE_CURVE ( 'NONE', #1323, #512, #386, .T. ) ;
#314 = ORIENTED_EDGE ( 'NONE', *, *, #828, .F. ) ;
#315 = CARTESIAN_POINT ( 'NONE',  ( 10.00000000000000711, 0.000000000000000000, 12.65000000000007851 ) ) ;
#316 = DIRECTION ( 'NONE',  ( 0.000000000000000000, 0.000000000000000000, -1.000000000000000000 ) ) ;
#317 = CIRCLE ( 'NONE', #1200, 1.000000000000000000 ) ;
#318 = ORIENTED_EDGE ( 'NONE', *, *, #300, .T. ) ;
#319 = CARTESIAN_POINT ( 'NONE',  ( -5.000000000000021316, -9.414213562373191735, 4.000000000000000000 ) ) ;
#320 = ORIENTED_EDGE ( 'NONE', *, *, #542, .T. ) ;
#321 = DIRECTION ( 'NONE',  ( -0.7071067811865512365, -0.7071067811865439090, 0.000000000000000000 ) ) ;
#322 = CIRCLE ( 'NONE', #1445, 2.099999999999999645 ) ;
#323 = VERTEX_POINT ( 'NONE', #1111 ) ;
#324 = CC_DESIGN_PERSON_AND_ORGANIZATION_ASSIGNMENT ( #970, #1215, ( #569 ) ) ;
#325 = CARTESIAN_POINT ( 'NONE',  ( -5.204748896376270421E-16, -38.00000000000000000, 4.000000000000000000 ) ) ;
#326 = AXIS2_PLACEMENT_3D ( 'NONE', #1402, #388, #1024 ) ;
#327 = ORIENTED_EDGE ( 'NONE', *, *, #1524, .F. ) ;
#328 = FACE_BOUND ( 'NONE', #772, .T. ) ;
#329 = APPROVAL_PERSON_ORGANIZATION ( #108, #1182, #490 ) ;
#330 = FACE_BOUND ( 'NONE', #1280, .T. ) ;
#331 = EDGE_CURVE ( 'NONE', #906, #1323, #81, .T. ) ;
#332 = AXIS2_PLACEMENT_3D ( 'NONE', #480, #580, #1340 ) ;
#333 = DIRECTION ( 'NONE',  ( 0.000000000000000000, 0.000000000000000000, 1.000000000000000000 ) ) ;
#334 = CARTESIAN_POINT ( 'NONE',  ( -6.000000000000021316, -38.00000000000000000, 4.000000000000000000 ) ) ;
#335 = EDGE_CURVE ( 'NONE', #816, #1552, #1385, .T. ) ;
#336 = DIRECTION ( 'NONE',  ( -0.000000000000000000, 0.000000000000000000, 1.000000000000000000 ) ) ;
#337 = FACE_OUTER_BOUND ( 'NONE', #174, .T. ) ;
#338 = DIRECTION ( 'NONE',  ( -0.000000000000000000, -0.000000000000000000, -1.000000000000000000 ) ) ;
#339 = AXIS2_PLACEMENT_3D ( 'NONE', #1496, #1274, #502 ) ;
#340 = LINE ( 'NONE', #457, #311 ) ;
#341 = FACE_OUTER_BOUND ( 'NONE', #380, .T. ) ;
#342 = DIRECTION ( 'NONE',  ( -0.000000000000000000, 0.000000000000000000, 1.000000000000000000 ) ) ;
#343 = EDGE_CURVE ( 'NONE', #250, #816, #1236, .T. ) ;
#344 = VECTOR ( 'NONE', #1002, 1000.000000000000000 ) ;
#345 = EDGE_CURVE ( 'NONE', #1193, #505, #453, .T. ) ;
#346 = CARTESIAN_POINT ( 'NONE',  ( 4.292893218813447653, -14.29289321881347341, 4.000000000000000000 ) ) ;
#347 = SECURITY_CLASSIFICATION_LEVEL ( 'unclassified' ) ;
#348 = DIRECTION ( 'NONE',  ( 1.000000000000000000, 0.000000000000000000, 0.000000000000000000 ) ) ;
#349 = CARTESIAN_POINT ( 'NONE',  ( -5.000000000000022204, -34.41421356237299278, 0.000000000000000000 ) ) ;
#350 = AXIS2_PLACEMENT_3D ( 'NONE', #840, #1427, #1450 ) ;
#351 = CARTESIAN_POINT ( 'NONE',  ( -2.100000000000011191, 54.00000000000000000, 0.000000000000000000 ) ) ;
#352 = FACE_OUTER_BOUND ( 'NONE', #495, .T. ) ;
#353 = CARTESIAN_POINT ( 'NONE',  ( 5.999999999999991118, -13.58578643762692373, 4.000000000000000000 ) ) ;
#354 = AXIS2_PLACEMENT_3D ( 'NONE', #97, #1436, #210 ) ;
#355 = EDGE_LOOP ( 'NONE', ( #47, #804, #1253, #6, #1320, #27, #401, #510 ) ) ;
#356 = CARTESIAN_POINT ( 'NONE',  ( 10.00000000000000711, 38.04154401533718755, 4.000000000000000000 ) ) ;
#357 = EDGE_CURVE ( 'NONE', #1029, #1316, #1439, .T. ) ;
#358 = PLANE ( 'NONE',  #62 ) ;
#359 = PLANE ( 'NONE',  #648 ) ;
#360 = CARTESIAN_POINT ( 'NONE',  ( -5.829796077786939534, 39.43279842715016059, 4.095318612623271015 ) ) ;
#361 = PERSON_AND_ORGANIZATION ( #779, #1609 ) ;
#362 = CARTESIAN_POINT ( 'NONE',  ( -6.000000000000021316, -9.414213562373191735, 4.000000000000000000 ) ) ;
#363 = DIRECTION ( 'NONE',  ( 1.000000000000000000, 0.000000000000000000, 0.000000000000000000 ) ) ;
#364 = EDGE_LOOP ( 'NONE', ( #1498, #1246, #327, #649 ) ) ;
#365 = ORIENTED_EDGE ( 'NONE', *, *, #295, .T. ) ;
#366 = EDGE_CURVE ( 'NONE', #1305, #553, #294, .T. ) ;
#367 = ORIENTED_EDGE ( 'NONE', *, *, #647, .F. ) ;
#368 = LINE ( 'NONE', #1017, #1473 ) ;
#369 = PLANE ( 'NONE',  #394 ) ;
#370 = ORIENTED_EDGE ( 'NONE', *, *, #665, .F. ) ;
#371 = DIRECTION ( 'NONE',  ( -1.000000000000000000, 0.000000000000000000, -0.000000000000000000 ) ) ;
#372 = EDGE_CURVE ( 'NONE', #24, #140, #1295, .T. ) ;
#373 = COORDINATED_UNIVERSAL_TIME_OFFSET ( 3, 0, .BEHIND. ) ;
#374 = CARTESIAN_POINT ( 'NONE',  ( -6.000000000000021316, 0.000000000000000000, 0.000000000000000000 ) ) ;
#375 = DIRECTION ( 'NONE',  ( -0.000000000000000000, -0.000000000000000000, 1.000000000000000000 ) ) ;
#376 = ORIENTED_EDGE ( 'NONE', *, *, #1578, .T. ) ;
#377 = EDGE_CURVE ( 'NONE', #156, #182, #438, .T. ) ;
#378 = VERTEX_POINT ( 'NONE', #554 ) ;
#379 = CIRCLE ( 'NONE', #956, 1.000000000000000000 ) ;
#380 = EDGE_LOOP ( 'NONE', ( #878, #1032, #1366, #279 ) ) ;
#381 = CARTESIAN_POINT ( 'NONE',  ( 5.999999999999991118, -38.00000000000000000, 4.000000000000000000 ) ) ;
#382 = VECTOR ( 'NONE', #371, 1000.000000000000000 ) ;
#383 = CARTESIAN_POINT ( 'NONE',  ( 2.099999999999987654, -54.00000000000000000, 4.000000000000000000 ) ) ;
#384 = ORIENTED_EDGE ( 'NONE', *, *, #527, .F. ) ;
#385 = AXIS2_PLACEMENT_3D ( 'NONE', #794, #1291, #440 ) ;
#386 = LINE ( 'NONE', #1282, #212 ) ;
#387 = APPROVAL_STATUS ( 'not_yet_approved' ) ;
#388 = DIRECTION ( 'NONE',  ( 0.000000000000000000, 0.000000000000000000, 1.000000000000000000 ) ) ;
#389 = DIRECTION ( 'NONE',  ( 0.000000000000000000, -1.000000000000000000, 0.000000000000000000 ) ) ;
#390 = VERTEX_POINT ( 'NONE', #1173 ) ;
#391 = ORIENTED_EDGE ( 'NONE', *, *, #770, .T. ) ;
#392 = ORIENTED_EDGE ( 'NONE', *, *, #542, .F. ) ;
#393 = CARTESIAN_POINT ( 'NONE',  ( -6.000000000000021316, 38.00000000000000000, 4.000000000000000000 ) ) ;
#394 = AXIS2_PLACEMENT_3D ( 'NONE', #1610, #570, #1575 ) ;
#395 = CARTESIAN_POINT ( 'NONE',  ( -5.000000000000021316, 3.585786437627007217, 4.000000000000000000 ) ) ;
#396 = ORIENTED_EDGE ( 'NONE', *, *, #1507, .T. ) ;
#397 = ORIENTED_EDGE ( 'NONE', *, *, #122, .F. ) ;
#398 = CARTESIAN_POINT ( 'NONE',  ( 3.495045015118674492, 42.88069838985676085, 5.247997613148871032 ) ) ;
#399 = DIRECTION ( 'NONE',  ( -0.7071067811865512365, 0.7071067811865439090, 0.000000000000000000 ) ) ;
#400 = DIRECTION ( 'NONE',  ( 0.000000000000000000, 0.000000000000000000, 1.000000000000000000 ) ) ;
#401 = ORIENTED_EDGE ( 'NONE', *, *, #296, .F. ) ;
#402 = ORIENTED_EDGE ( 'NONE', *, *, #585, .F. ) ;
#403 = CARTESIAN_POINT ( 'NONE',  ( 13.99999999999996447, -14.00000000000009770, 4.000000000000000000 ) ) ;
#404 = ORIENTED_EDGE ( 'NONE', *, *, #1561, .T. ) ;
#405 = ORIENTED_EDGE ( 'NONE', *, *, #1430, .T. ) ;
#406 = VECTOR ( 'NONE', #316, 1000.000000000000000 ) ;
#407 = CARTESIAN_POINT ( 'NONE',  ( -1.157291225194249043E-14, -54.00000000000000000, 4.000000000000000000 ) ) ;
#408 = DIRECTION ( 'NONE',  ( 0.000000000000000000, 0.000000000000000000, -1.000000000000000000 ) ) ;
#409 = CARTESIAN_POINT ( 'NONE',  ( -6.000000000000021316, 3.585786437627007217, 4.000000000000000000 ) ) ;
#410 = ORIENTED_EDGE ( 'NONE', *, *, #366, .F. ) ;
#411 = VERTEX_POINT ( 'NONE', #539 ) ;
#412 = AXIS2_PLACEMENT_3D ( 'NONE', #1335, #1214, #463 ) ;
#413 = ORIENTED_EDGE ( 'NONE', *, *, #536, .F. ) ;
#414 = DIRECTION ( 'NONE',  ( 0.7071067811865512365, -0.7071067811865439090, 0.000000000000000000 ) ) ;
#415 = FACE_OUTER_BOUND ( 'NONE', #1177, .T. ) ;
#416 = DIRECTION ( 'NONE',  ( 0.000000000000000000, -1.000000000000000000, 0.000000000000000000 ) ) ;
#417 = EDGE_LOOP ( 'NONE', ( #545, #529, #1325, #1122 ) ) ;
#418 = EDGE_CURVE ( 'NONE', #1276, #267, #1064, .T. ) ;
#419 = VECTOR ( 'NONE', #474, 1000.000000000000000 ) ;
#420 = ORIENTED_EDGE ( 'NONE', *, *, #898, .T. ) ;
#421 = CARTESIAN_POINT ( 'NONE',  ( -6.000000000000021316, 0.000000000000000000, 4.000000000000000000 ) ) ;
#422 = VECTOR ( 'NONE', #594, 1000.000000000000000 ) ;
#423 = PLANE ( 'NONE',  #1212 ) ;
#424 = DIRECTION ( 'NONE',  ( 0.000000000000000000, 0.000000000000000000, -1.000000000000000000 ) ) ;
#425 = EDGE_LOOP ( 'NONE', ( #498, #1605, #1128, #865 ) ) ;
#426 = EDGE_CURVE ( 'NONE', #951, #390, #1506, .T. ) ;
#427 = EDGE_LOOP ( 'NONE', ( #178, #697, #670, #33 ) ) ;
#428 = DIRECTION ( 'NONE',  ( -0.7071067811865439090, -0.7071067811865512365, 0.000000000000000000 ) ) ;
#429 = EDGE_CURVE ( 'NONE', #1410, #113, #462, .T. ) ;
#430 = DIRECTION ( 'NONE',  ( 0.000000000000000000, -6.938893903907228378E-16, -1.000000000000000000 ) ) ;
#431 = CARTESIAN_POINT ( 'NONE',  ( 4.999999999999990230, 24.41421356237307450, 4.000000000000000000 ) ) ;
#432 = APPROVAL ( #608, 'UNSPECIFIED' ) ;
#433 = ORIENTED_EDGE ( 'NONE', *, *, #50, .T. ) ;
#434 = CIRCLE ( 'NONE', #1467, 1.000000000000000000 ) ;
#435 = EDGE_CURVE ( 'NONE', #617, #190, #1547, .T. ) ;
#436 = FACE_OUTER_BOUND ( 'NONE', #557, .T. ) ;
#437 = ORIENTED_EDGE ( 'NONE', *, *, #357, .F. ) ;
#438 = LINE ( 'NONE', #814, #171 ) ;
#439 = CARTESIAN_POINT ( 'NONE',  ( -6.000000000000021316, 0.000000000000000000, 0.000000000000000000 ) ) ;
#440 = DIRECTION ( 'NONE',  ( 1.000000000000000000, 0.000000000000000000, 0.000000000000000000 ) ) ;
#441 = ORIENTED_EDGE ( 'NONE', *, *, #418, .T. ) ;
#442 = VECTOR ( 'NONE', #1414, 1000.000000000000000 ) ;
#443 = AXIS2_PLACEMENT_3D ( 'NONE', #678, #1560, #1061 ) ;
#444 = DIRECTION ( 'NONE',  ( -0.000000000000000000, 0.000000000000000000, 1.000000000000000000 ) ) ;
#445 = ORIENTED_EDGE ( 'NONE', *, *, #1289, .T. ) ;
#446 = ORIENTED_EDGE ( 'NONE', *, *, #331, .T. ) ;
#447 = DIRECTION ( 'NONE',  ( 1.000000000000000000, 0.000000000000000000, 0.000000000000000000 ) ) ;
#448 = EDGE_CURVE ( 'NONE', #250, #36, #188, .T. ) ;
#449 = EDGE_LOOP ( 'NONE', ( #307, #185, #1163, #895 ) ) ;
#450 = CARTESIAN_POINT ( 'NONE',  ( -5.000000000000021316, -9.414213562373191735, 4.000000000000000000 ) ) ;
#451 = VERTEX_POINT ( 'NONE', #805 ) ;
#452 = AXIS2_PLACEMENT_3D ( 'NONE', #1262, #654, #1390 ) ;
#453 = CIRCLE ( 'NONE', #1579, 1.000000000000000000 ) ;
#454 = ADVANCED_FACE ( 'NONE', ( #1540 ), #792, .T. ) ;
#455 = CARTESIAN_POINT ( 'NONE',  ( 4.585786437626888201, -19.00000000000000355, 0.000000000000000000 ) ) ;
#456 = CARTESIAN_POINT ( 'NONE',  ( -5.000000000000021316, 9.414213562373191735, 4.000000000000000000 ) ) ;
#457 = CARTESIAN_POINT ( 'NONE',  ( 5.999999999999991118, 24.41421356237307450, 4.000000000000000000 ) ) ;
#458 = EDGE_CURVE ( 'NONE', #747, #637, #1288, .T. ) ;
#459 = CARTESIAN_POINT ( 'NONE',  ( -5.999856172841957935, 38.04154401533718755, 4.000000000000000000 ) ) ;
#460 = AXIS2_PLACEMENT_3D ( 'NONE', #1596, #336, #722 ) ;
#461 = DIRECTION ( 'NONE',  ( -1.000000000000000000, 0.000000000000000000, 0.000000000000000000 ) ) ;
#462 = CIRCLE ( 'NONE', #831, 6.000000000000006217 ) ;
#463 = DIRECTION ( 'NONE',  ( 1.000000000000000000, 0.000000000000000000, 0.000000000000000000 ) ) ;
#464 = DIRECTION ( 'NONE',  ( 0.000000000000000000, 0.000000000000000000, -1.000000000000000000 ) ) ;
#465 = EDGE_CURVE ( 'NONE', #156, #1193, #1048, .T. ) ;
#466 = EDGE_CURVE ( 'NONE', #244, #1323, #681, .T. ) ;
#467 = FACE_OUTER_BOUND ( 'NONE', #1022, .T. ) ;
#468 = CARTESIAN_POINT ( 'NONE',  ( -6.000000000000021316, -28.58578643762681537, 4.000000000000000000 ) ) ;
#469 = AXIS2_PLACEMENT_3D ( 'NONE', #740, #261, #1239 ) ;
#470 = DIRECTION ( 'NONE',  ( 0.000000000000000000, 0.000000000000000000, -1.000000000000000000 ) ) ;
#471 = PERSON_AND_ORGANIZATION ( #779, #1609 ) ;
#472 = AXIS2_PLACEMENT_3D ( 'NONE', #1269, #144, #614 ) ;
#473 = PLANE ( 'NONE',  #1570 ) ;
#474 = DIRECTION ( 'NONE',  ( -0.000000000000000000, -0.000000000000000000, -1.000000000000000000 ) ) ;
#475 = DIRECTION ( 'NONE',  ( 1.000000000000000000, 0.000000000000000000, -0.000000000000000000 ) ) ;
#476 = EDGE_LOOP ( 'NONE', ( #1312, #868 ) ) ;
#477 = CARTESIAN_POINT ( 'NONE',  ( 10.00000000000000711, 47.94999999999999574, 12.65000000000007851 ) ) ;
#478 = LINE ( 'NONE', #1601, #1144 ) ;
#479 = LINE ( 'NONE', #821, #482 ) ;
#480 = CARTESIAN_POINT ( 'NONE',  ( -5.000000000000022204, -34.41421356237299278, 4.000000000000000000 ) ) ;
#481 = FACE_OUTER_BOUND ( 'NONE', #35, .T. ) ;
#482 = VECTOR ( 'NONE', #70, 1000.000000000000000 ) ;
#483 = ORIENTED_EDGE ( 'NONE', *, *, #704, .F. ) ;
#484 = ORIENTED_EDGE ( 'NONE', *, *, #822, .F. ) ;
#485 = CARTESIAN_POINT ( 'NONE',  ( 5.292893218813430778, 18.29289321881345032, 0.000000000000000000 ) ) ;
#486 = DIRECTION ( 'NONE',  ( 1.000000000000000000, 0.000000000000000000, -0.000000000000000000 ) ) ;
#487 = LINE ( 'NONE', #1491, #1027 ) ;
#488 = CC_DESIGN_DATE_AND_TIME_ASSIGNMENT ( #500, #1009, ( #1344 ) ) ;
#489 = CYLINDRICAL_SURFACE ( 'NONE', #1299, 2.099999999999999645 ) ;
#490 = APPROVAL_ROLE ( '' ) ;
#491 = FACE_OUTER_BOUND ( 'NONE', #1606, .T. ) ;
#492 = DIRECTION ( 'NONE',  ( 0.7071067811865439090, -0.7071067811865512365, 0.000000000000000000 ) ) ;
#493 = ORIENTED_EDGE ( 'NONE', *, *, #573, .T. ) ;
#494 = ORIENTED_EDGE ( 'NONE', *, *, #429, .F. ) ;
#495 = EDGE_LOOP ( 'NONE', ( #819, #1259, #909, #376, #743, #397 ) ) ;
#496 = FACE_OUTER_BOUND ( 'NONE', #73, .T. ) ;
#497 = CARTESIAN_POINT ( 'NONE',  ( 5.999999999999991118, 0.000000000000000000, 0.000000000000000000 ) ) ;
#498 = ORIENTED_EDGE ( 'NONE', *, *, #918, .F. ) ;
#499 = CARTESIAN_POINT ( 'NONE',  ( 5.953693031422780280, 38.84316134729682091, 4.024513690204143401 ) ) ;
#500 = DATE_AND_TIME ( #1627, #923 ) ;
#501 = DIRECTION ( 'NONE',  ( -0.7071067811865507924, -0.7071067811865441310, 0.000000000000000000 ) ) ;
#502 = DIRECTION ( 'NONE',  ( 0.7071067811865512365, 0.7071067811865439090, 0.000000000000000000 ) ) ;
#503 = EDGE_CURVE ( 'NONE', #127, #1410, #1183, .T. ) ;
#504 = ORIENTED_EDGE ( 'NONE', *, *, #1337, .T. ) ;
#505 = VERTEX_POINT ( 'NONE', #985 ) ;
#506 = ORIENTED_EDGE ( 'NONE', *, *, #313, .T. ) ;
#507 = CARTESIAN_POINT ( 'NONE',  ( 13.99999999999996447, 14.00000000000009770, 0.000000000000000000 ) ) ;
#508 = AXIS2_PLACEMENT_3D ( 'NONE', #1566, #638, #886 ) ;
#509 = CARTESIAN_POINT ( 'NONE',  ( 2.099999999999987654, 54.00000000000000000, 0.000000000000000000 ) ) ;
#510 = ORIENTED_EDGE ( 'NONE', *, *, #280, .T. ) ;
#511 = CIRCLE ( 'NONE', #1437, 2.099999999999999645 ) ;
#512 = VERTEX_POINT ( 'NONE', #1485 ) ;
#513 = CARTESIAN_POINT ( 'NONE',  ( -3.174876409382016096, 43.09479622660473552, 5.369838690876108878 ) ) ;
#514 = AXIS2_PLACEMENT_3D ( 'NONE', #583, #1558, #430 ) ;
#515 = CARTESIAN_POINT ( 'NONE',  ( -4.292893218813476963, -8.707106781186642053, 0.000000000000000000 ) ) ;
#516 = DIRECTION ( 'NONE',  ( 0.000000000000000000, -1.000000000000000000, 0.000000000000000000 ) ) ;
#517 = ORIENTED_EDGE ( 'NONE', *, *, #1301, .T. ) ;
#518 = EDGE_LOOP ( 'NONE', ( #523, #900, #1562, #445, #410, #953 ) ) ;
#519 = ORIENTED_EDGE ( 'NONE', *, *, #167, .T. ) ;
#520 = CARTESIAN_POINT ( 'NONE',  ( -2.100000000000011191, 54.00000000000000000, 4.000000000000000000 ) ) ;
#521 = CARTESIAN_POINT ( 'NONE',  ( 5.292893218813430778, 18.29289321881345032, 4.000000000000000000 ) ) ;
#522 = ORIENTED_EDGE ( 'NONE', *, *, #1409, .T. ) ;
#523 = ORIENTED_EDGE ( 'NONE', *, *, #834, .F. ) ;
#524 = CARTESIAN_POINT ( 'NONE',  ( 5.669196913808580263, 40.00330637276528023, 4.187347489493084218 ) ) ;
#525 = LINE ( 'NONE', #1010, #671 ) ;
#526 = DIRECTION ( 'NONE',  ( 1.000000000000000000, 0.000000000000000000, 0.000000000000000000 ) ) ;
#527 = EDGE_CURVE ( 'NONE', #998, #140, #958, .T. ) ;
#528 = ORIENTED_EDGE ( 'NONE', *, *, #1105, .F. ) ;
#529 = ORIENTED_EDGE ( 'NONE', *, *, #1341, .T. ) ;
#530 = ORIENTED_EDGE ( 'NONE', *, *, #1199, .T. ) ;
#531 = AXIS2_PLACEMENT_3D ( 'NONE', #431, #1166, #945 ) ;
#532 = CARTESIAN_POINT ( 'NONE',  ( -3.947361375895790836, 42.53474478234457479, 5.061389938606068561 ) ) ;
#533 = LINE ( 'NONE', #1541, #872 ) ;
#534 = LINE ( 'NONE', #298, #406 ) ;
#535 = ORIENTED_EDGE ( 'NONE', *, *, #708, .F. ) ;
#536 = EDGE_CURVE ( 'NONE', #187, #1577, #219, .T. ) ;
#537 = AXIS2_PLACEMENT_3D ( 'NONE', #30, #260, #1377 ) ;
#538 = ORIENTED_EDGE ( 'NONE', *, *, #331, .F. ) ;
#539 = CARTESIAN_POINT ( 'NONE',  ( 4.292893218813447653, 14.29289321881347341, 0.000000000000000000 ) ) ;
#540 = CARTESIAN_POINT ( 'NONE',  ( 5.999856172841956159, 38.04154401533718755, 4.000000000000000000 ) ) ;
#541 = DIRECTION ( 'NONE',  ( -0.000000000000000000, 0.000000000000000000, 1.000000000000000000 ) ) ;
#542 = EDGE_CURVE ( 'NONE', #101, #1305, #79, .T. ) ;
#543 = ORIENTED_EDGE ( 'NONE', *, *, #1049, .T. ) ;
#544 = AXIS2_PLACEMENT_3D ( 'NONE', #1100, #955, #599 ) ;
#545 = ORIENTED_EDGE ( 'NONE', *, *, #1576, .F. ) ;
#546 = CC_DESIGN_SECURITY_CLASSIFICATION ( #569, ( #199 ) ) ;
#547 = DIRECTION ( 'NONE',  ( 0.000000000000000000, -1.000000000000000000, 0.000000000000000000 ) ) ;
#548 = AXIS2_PLACEMENT_3D ( 'NONE', #1586, #1114, #1475 ) ;
#549 = LINE ( 'NONE', #676, #718 ) ;
#550 = PLANE ( 'NONE',  #1512 ) ;
#551 = ADVANCED_FACE ( 'NONE', ( #1591 ), #234, .F. ) ;
#552 = CARTESIAN_POINT ( 'NONE',  ( 4.999999999999990230, 24.41421356237307450, 4.000000000000000000 ) ) ;
#553 = VERTEX_POINT ( 'NONE', #468 ) ;
#554 = CARTESIAN_POINT ( 'NONE',  ( 2.099999999999987654, 54.00000000000000000, 12.65000000000007851 ) ) ;
#555 = FACE_OUTER_BOUND ( 'NONE', #1571, .T. ) ;
#556 = CARTESIAN_POINT ( 'NONE',  ( 5.292893218813432554, 19.70710678118655323, 4.000000000000000000 ) ) ;
#557 = EDGE_LOOP ( 'NONE', ( #370, #664, #774, #656 ) ) ;
#558 = AXIS2_PLACEMENT_3D ( 'NONE', #1099, #1593, #1093 ) ;
#559 = PLANE ( 'NONE',  #1220 ) ;
#560 = ORIENTED_EDGE ( 'NONE', *, *, #1341, .F. ) ;
#561 = AXIS2_PLACEMENT_3D ( 'NONE', #709, #590, #1478 ) ;
#562 = DIRECTION ( 'NONE',  ( -0.000000000000000000, 0.000000000000000000, 1.000000000000000000 ) ) ;
#563 = EDGE_CURVE ( 'NONE', #36, #190, #1364, .T. ) ;
#564 = AXIS2_PLACEMENT_3D ( 'NONE', #960, #1457, #1588 ) ;
#565 = DIRECTION ( 'NONE',  ( 1.000000000000000000, 0.000000000000000000, 0.000000000000000000 ) ) ;
#566 = ORIENTED_EDGE ( 'NONE', *, *, #633, .T. ) ;
#567 = ORIENTED_EDGE ( 'NONE', *, *, #1244, .T. ) ;
#568 = AXIS2_PLACEMENT_3D ( 'NONE', #1249, #123, #1389 ) ;
#569 = SECURITY_CLASSIFICATION ( '', '', #347 ) ;
#570 = DIRECTION ( 'NONE',  ( 1.000000000000000000, 0.000000000000000000, -0.000000000000000000 ) ) ;
#571 = EDGE_LOOP ( 'NONE', ( #854, #1309, #69, #1619 ) ) ;
#572 = ORIENTED_EDGE ( 'NONE', *, *, #1204, .F. ) ;
#573 = EDGE_CURVE ( 'NONE', #747, #761, #1603, .T. ) ;
#574 = ADVANCED_FACE ( 'NONE', ( #1469 ), #1462, .F. ) ;
#575 = ADVANCED_FACE ( 'NONE', ( #109 ), #1205, .T. ) ;
#576 = LINE ( 'NONE', #833, #1275 ) ;
#577 = DIRECTION ( 'NONE',  ( 0.000000000000000000, 0.000000000000000000, -1.000000000000000000 ) ) ;
#578 = VECTOR ( 'NONE', #399, 1000.000000000000000 ) ;
#579 = VECTOR ( 'NONE', #927, 1000.000000000000000 ) ;
#580 = DIRECTION ( 'NONE',  ( 0.000000000000000000, 0.000000000000000000, -1.000000000000000000 ) ) ;
#581 = ADVANCED_FACE ( 'NONE', ( #613 ), #975, .T. ) ;
#582 = CARTESIAN_POINT ( 'NONE',  ( 5.292893218813429890, -19.70710678118655323, 4.000000000000000000 ) ) ;
#583 = CARTESIAN_POINT ( 'NONE',  ( 10.00000000000000711, 38.04154401533718755, 14.00000000000000000 ) ) ;
#584 = ADVANCED_FACE ( 'NONE', ( #337 ), #852, .F. ) ;
#585 = EDGE_CURVE ( 'NONE', #926, #660, #758, .T. ) ;
#586 = CARTESIAN_POINT ( 'NONE',  ( 12.49999999999996625, 12.50000000000009415, 0.000000000000000000 ) ) ;
#587 = ADVANCED_FACE ( 'NONE', ( #330, #1334, #1091, #837, #211, #1213 ), #205, .T. ) ;
#588 = AXIS2_PLACEMENT_3D ( 'NONE', #325, #95, #105 ) ;
#589 = PLANE ( 'NONE',  #169 ) ;
#590 = DIRECTION ( 'NONE',  ( 0.000000000000000000, 0.000000000000000000, -1.000000000000000000 ) ) ;
#591 = FACE_OUTER_BOUND ( 'NONE', #999, .T. ) ;
#592 = CARTESIAN_POINT ( 'NONE',  ( 4.292893218813445877, 23.70710678118652481, 4.000000000000000000 ) ) ;
#593 =( LENGTH_UNIT ( ) NAMED_UNIT ( * ) SI_UNIT ( .MILLI., .METRE. ) );
#594 = DIRECTION ( 'NONE',  ( -0.000000000000000000, -0.000000000000000000, -1.000000000000000000 ) ) ;
#595 = VECTOR ( 'NONE', #389, 1000.000000000000000 ) ;
#596 = CARTESIAN_POINT ( 'NONE',  ( 5.999999999999991118, -13.58578643762692373, 4.000000000000000000 ) ) ;
#597 = SHAPE_DEFINITION_REPRESENTATION ( #1557, #826 ) ;
#598 = CYLINDRICAL_SURFACE ( 'NONE', #653, 1.000000000000000000 ) ;
#599 = DIRECTION ( 'NONE',  ( 1.000000000000000000, 0.000000000000000000, 0.000000000000000000 ) ) ;
#600 = CYLINDRICAL_SURFACE ( 'NONE', #790, 2.099999999999999645 ) ;
#601 = CARTESIAN_POINT ( 'NONE',  ( 9.999999999999987566, -54.00000000000000000, 4.000000000000000000 ) ) ;
#602 = DIRECTION ( 'NONE',  ( -0.000000000000000000, -0.000000000000000000, -1.000000000000000000 ) ) ;
#603 = EDGE_LOOP ( 'NONE', ( #766, #1367, #1079, #48 ) ) ;
#604 = CIRCLE ( 'NONE', #695, 6.000000000000006217 ) ;
#605 = ADVANCED_FACE ( 'NONE', ( #352 ), #589, .F. ) ;
#606 = ORIENTED_EDGE ( 'NONE', *, *, #1430, .F. ) ;
#607 = LINE ( 'NONE', #1607, #1012 ) ;
#608 = APPROVAL_STATUS ( 'not_yet_approved' ) ;
#609 = DIRECTION ( 'NONE',  ( 0.000000000000000000, 0.000000000000000000, 1.000000000000000000 ) ) ;
#610 = DIRECTION ( 'NONE',  ( 1.000000000000000000, 0.000000000000000000, 0.000000000000000000 ) ) ;
#611 = CARTESIAN_POINT ( 'NONE',  ( 5.361084144423681863, 40.72246338214267070, 4.358976600605786622 ) ) ;
#612 = APPROVAL_STATUS ( 'not_yet_approved' ) ;
#613 = FACE_OUTER_BOUND ( 'NONE', #901, .T. ) ;
#614 = DIRECTION ( 'NONE',  ( -1.000000000000000000, 0.000000000000000000, 0.000000000000000000 ) ) ;
#615 = EDGE_LOOP ( 'NONE', ( #1195, #1116, #1423, #1438, #1241, #517 ) ) ;
#616 = LOCAL_TIME ( 9, 52, 3.000000000000000000, #980 ) ;
#617 = VERTEX_POINT ( 'NONE', #723 ) ;
#618 = CC_DESIGN_APPROVAL ( #432, ( #569 ) ) ;
#619 = ORIENTED_EDGE ( 'NONE', *, *, #426, .T. ) ;
#620 = DIRECTION ( 'NONE',  ( -0.000000000000000000, -0.000000000000000000, -1.000000000000000000 ) ) ;
#621 = VECTOR ( 'NONE', #92, 1000.000000000000000 ) ;
#622 = LINE ( 'NONE', #497, #207 ) ;
#623 = ORIENTED_EDGE ( 'NONE', *, *, #243, .F. ) ;
#624 = ADVANCED_FACE ( 'NONE', ( #1229 ), #98, .F. ) ;
#625 = CARTESIAN_POINT ( 'NONE',  ( 3.945943788470960722, 42.52394190535952845, 5.059827831703391787 ) ) ;
#626 = PERSON_AND_ORGANIZATION_ROLE ( 'creator' ) ;
#627 = PLANE ( 'NONE',  #1081 ) ;
#628 = CARTESIAN_POINT ( 'NONE',  ( -9.999999999999992895, 0.000000000000000000, 4.000000000000000000 ) ) ;
#629 = ORIENTED_EDGE ( 'NONE', *, *, #184, .T. ) ;
#630 = ORIENTED_EDGE ( 'NONE', *, *, #458, .T. ) ;
#631 = VERTEX_POINT ( 'NONE', #1495 ) ;
#632 = DIRECTION ( 'NONE',  ( -1.000000000000000000, 0.000000000000000000, 0.000000000000000000 ) ) ;
#633 = EDGE_CURVE ( 'NONE', #1477, #741, #525, .T. ) ;
#634 = FACE_OUTER_BOUND ( 'NONE', #1281, .T. ) ;
#635 = EDGE_LOOP ( 'NONE', ( #1379, #1499, #1021, #642 ) ) ;
#636 = AXIS2_PLACEMENT_3D ( 'NONE', #1020, #1121, #883 ) ;
#637 = VERTEX_POINT ( 'NONE', #1 ) ;
#638 = DIRECTION ( 'NONE',  ( 0.000000000000000000, -0.000000000000000000, -1.000000000000000000 ) ) ;
#639 = CARTESIAN_POINT ( 'NONE',  ( -4.292893218813480516, 29.29289321881336861, 0.000000000000000000 ) ) ;
#640 = DIRECTION ( 'NONE',  ( 1.000000000000000000, 0.000000000000000000, 0.000000000000000000 ) ) ;
#641 = VERTEX_POINT ( 'NONE', #1043 ) ;
#642 = ORIENTED_EDGE ( 'NONE', *, *, #1497, .T. ) ;
#643 = ORIENTED_EDGE ( 'NONE', *, *, #466, .F. ) ;
#644 = CARTESIAN_POINT ( 'NONE',  ( 9.999999999999987566, -54.00000000000000000, 4.000000000000000000 ) ) ;
#645 = CARTESIAN_POINT ( 'NONE',  ( -1.157291225194249043E-14, 54.00000000000000000, 0.000000000000000000 ) ) ;
#646 = ORIENTED_EDGE ( 'NONE', *, *, #300, .F. ) ;
#647 = EDGE_CURVE ( 'NONE', #177, #1598, #533, .T. ) ;
#648 = AXIS2_PLACEMENT_3D ( 'NONE', #1447, #1353, #1234 ) ;
#649 = ORIENTED_EDGE ( 'NONE', *, *, #712, .F. ) ;
#650 = AXIS2_PLACEMENT_3D ( 'NONE', #552, #1052, #1298 ) ;
#651 = ADVANCED_FACE ( 'NONE', ( #491 ), #138, .F. ) ;
#652 = CARTESIAN_POINT ( 'NONE',  ( -5.659512095101005613, 40.00230218815759287, 4.192233339738187681 ) ) ;
#653 = AXIS2_PLACEMENT_3D ( 'NONE', #720, #609, #348 ) ;
#654 = DIRECTION ( 'NONE',  ( 1.000000000000000000, -0.000000000000000000, 0.000000000000000000 ) ) ;
#655 = DIRECTION ( 'NONE',  ( 0.000000000000000000, -1.000000000000000000, 0.000000000000000000 ) ) ;
#656 = ORIENTED_EDGE ( 'NONE', *, *, #769, .T. ) ;
#657 = ORIENTED_EDGE ( 'NONE', *, *, #1005, .T. ) ;
#658 = LINE ( 'NONE', #403, #1101 ) ;
#659 = ORIENTED_EDGE ( 'NONE', *, *, #372, .T. ) ;
#660 = VERTEX_POINT ( 'NONE', #159 ) ;
#661 = DIRECTION ( 'NONE',  ( 1.000000000000000000, 0.000000000000000000, 0.000000000000000000 ) ) ;
#662 = CARTESIAN_POINT ( 'NONE',  ( 4.292893218813445877, 23.70710678118652481, 0.000000000000000000 ) ) ;
#663 = LINE ( 'NONE', #46, #732 ) ;
#664 = ORIENTED_EDGE ( 'NONE', *, *, #957, .T. ) ;
#665 = EDGE_CURVE ( 'NONE', #660, #977, #1510, .T. ) ;
#666 = ORIENTED_EDGE ( 'NONE', *, *, #948, .F. ) ;
#667 = CARTESIAN_POINT ( 'NONE',  ( -6.500000000000037303, 6.500000000000104805, 0.000000000000000000 ) ) ;
#668 = CYLINDRICAL_SURFACE ( 'NONE', #326, 1.000000000000000000 ) ;
#669 = CARTESIAN_POINT ( 'NONE',  ( -5.204748896376270421E-16, -38.00000000000000000, 0.000000000000000000 ) ) ;
#670 = ORIENTED_EDGE ( 'NONE', *, *, #536, .T. ) ;
#671 = VECTOR ( 'NONE', #408, 1000.000000000000000 ) ;
#672 = VECTOR ( 'NONE', #919, 1000.000000000000000 ) ;
#673 = ADVANCED_FACE ( 'NONE', ( #415 ), #668, .F. ) ;
#674 = VERTEX_POINT ( 'NONE', #124 ) ;
#675 = DIRECTION ( 'NONE',  ( -0.000000000000000000, -0.000000000000000000, -1.000000000000000000 ) ) ;
#676 = CARTESIAN_POINT ( 'NONE',  ( -9.999999999999992895, 38.04154401533718755, 4.000000000000000000 ) ) ;
#677 = LINE ( 'NONE', #181, #442 ) ;
#678 = CARTESIAN_POINT ( 'NONE',  ( -1.157291225194249043E-14, -54.00000000000000000, 0.000000000000000000 ) ) ;
#679 = AXIS2_PLACEMENT_3D ( 'NONE', #1590, #183, #950 ) ;
#680 = ORIENTED_EDGE ( 'NONE', *, *, #1206, .T. ) ;
#681 = LINE ( 'NONE', #667, #1554 ) ;
#682 = AXIS2_PLACEMENT_3D ( 'NONE', #1556, #428, #414 ) ;
#683 = DIRECTION ( 'NONE',  ( -1.000000000000000000, 0.000000000000000000, -0.000000000000000000 ) ) ;
#684 = DIRECTION ( 'NONE',  ( -0.000000000000000000, 0.000000000000000000, 1.000000000000000000 ) ) ;
#685 = ORIENTED_EDGE ( 'NONE', *, *, #1176, .T. ) ;
#686 = CARTESIAN_POINT ( 'NONE',  ( -6.000000000000021316, -38.00000000000000000, 0.000000000000000000 ) ) ;
#687 = ORIENTED_EDGE ( 'NONE', *, *, #1054, .T. ) ;
#688 = DIRECTION ( 'NONE',  ( -0.000000000000000000, 0.000000000000000000, 1.000000000000000000 ) ) ;
#689 = VECTOR ( 'NONE', #655, 1000.000000000000000 ) ;
#690 = CARTESIAN_POINT ( 'NONE',  ( -4.292893218813476963, 8.707106781186642053, 0.000000000000000000 ) ) ;
#691 = ORIENTED_EDGE ( 'NONE', *, *, #55, .T. ) ;
#692 = AXIS2_PLACEMENT_3D ( 'NONE', #1011, #1115, #1476 ) ;
#693 = LINE ( 'NONE', #714, #1455 ) ;
#694 = ORIENTED_EDGE ( 'NONE', *, *, #1206, .F. ) ;
#695 = AXIS2_PLACEMENT_3D ( 'NONE', #1358, #969, #1207 ) ;
#696 = DIRECTION ( 'NONE',  ( 0.000000000000000000, 0.000000000000000000, -1.000000000000000000 ) ) ;
#697 = ORIENTED_EDGE ( 'NONE', *, *, #712, .T. ) ;
#698 = ORIENTED_EDGE ( 'NONE', *, *, #957, .F. ) ;
#699 = CIRCLE ( 'NONE', #1310, 1.000000000000000000 ) ;
#700 = ADVANCED_FACE ( 'NONE', ( #787 ), #627, .F. ) ;
#701 = CARTESIAN_POINT ( 'NONE',  ( -6.000000000000021316, -28.58578643762681537, 0.000000000000000000 ) ) ;
#702 = ORIENTED_EDGE ( 'NONE', *, *, #418, .F. ) ;
#703 = LINE ( 'NONE', #305, #68 ) ;
#704 = EDGE_CURVE ( 'NONE', #147, #641, #379, .T. ) ;
#705 = MANIFOLD_SOLID_BREP ( 'Redondeo2', #217 ) ;
#706 = CARTESIAN_POINT ( 'NONE',  ( 0.000000000000000000, 0.000000000000000000, 4.000000000000000000 ) ) ;
#707 = CIRCLE ( 'NONE', #1338, 10.00000000000000000 ) ;
#708 = EDGE_CURVE ( 'NONE', #1532, #323, #1290, .T. ) ;
#709 = CARTESIAN_POINT ( 'NONE',  ( 4.999999999999991118, -13.58578643762692373, 4.000000000000000000 ) ) ;
#710 = ADVANCED_FACE ( 'NONE', ( #1273 ), #887, .F. ) ;
#711 = LINE ( 'NONE', #1564, #153 ) ;
#712 = EDGE_CURVE ( 'NONE', #451, #187, #749, .T. ) ;
#713 = CIRCLE ( 'NONE', #1082, 1.000000000000000000 ) ;
#714 = CARTESIAN_POINT ( 'NONE',  ( 13.99999999999996447, 14.00000000000009770, 4.000000000000000000 ) ) ;
#715 = DIRECTION ( 'NONE',  ( 0.000000000000000000, 0.000000000000000000, 1.000000000000000000 ) ) ;
#716 = AXIS2_PLACEMENT_3D ( 'NONE', #1069, #1428, #306 ) ;
#717 = CARTESIAN_POINT ( 'NONE',  ( -6.000000000000021316, 28.58578643762681182, 4.000000000000000000 ) ) ;
#718 = VECTOR ( 'NONE', #683, 1000.000000000000000 ) ;
#719 = PERSON_AND_ORGANIZATION ( #779, #1609 ) ;
#720 = CARTESIAN_POINT ( 'NONE',  ( 4.999999999999991118, -24.41421356237307450, 4.000000000000000000 ) ) ;
#721 = CARTESIAN_POINT ( 'NONE',  ( -4.292893218813480516, 29.29289321881336861, 4.000000000000000000 ) ) ;
#722 = DIRECTION ( 'NONE',  ( 1.000000000000000000, 0.000000000000000000, 0.000000000000000000 ) ) ;
#723 = CARTESIAN_POINT ( 'NONE',  ( 10.00000000000000711, 54.00000000000000000, 0.000000000000000000 ) ) ;
#724 = CARTESIAN_POINT ( 'NONE',  ( -2.100000000000011191, -54.00000000000000000, 4.000000000000000000 ) ) ;
#725 = DIRECTION ( 'NONE',  ( -0.000000000000000000, 0.000000000000000000, -1.000000000000000000 ) ) ;
#726 = CARTESIAN_POINT ( 'NONE',  ( -1.157291225194249043E-14, 54.00000000000000000, 0.000000000000000000 ) ) ;
#727 = EDGE_CURVE ( 'NONE', #1240, #1168, #1615, .T. ) ;
#728 = PLANE ( 'NONE',  #679 ) ;
#729 = DIRECTION ( 'NONE',  ( 1.000000000000000000, 0.000000000000000000, 0.000000000000000000 ) ) ;
#730 = LINE ( 'NONE', #99, #954 ) ;
#731 = EDGE_LOOP ( 'NONE', ( #1072, #1107, #1381, #630, #1538, #114, #619, #1264, #784, #133, #778, #239 ) ) ;
#732 = VECTOR ( 'NONE', #1315, 1000.000000000000000 ) ;
#733 = FACE_OUTER_BOUND ( 'NONE', #1625, .T. ) ;
#734 = CARTESIAN_POINT ( 'NONE',  ( -5.000000000000033751, 5.000000000000082601, 4.000000000000000000 ) ) ;
#735 = CARTESIAN_POINT ( 'NONE',  ( 5.999999999999991118, -38.00000000000000000, 4.000000000000000000 ) ) ;
#736 = CARTESIAN_POINT ( 'NONE',  ( 2.682334501847652319, 43.38094794448600311, 5.542877301334493190 ) ) ;
#737 = VECTOR ( 'NONE', #51, 1000.000000000000000 ) ;
#738 = APPLICATION_PROTOCOL_DEFINITION ( 'international standard', 'config_control_design', 1994, #961 ) ;
#739 = CARTESIAN_POINT ( 'NONE',  ( 5.999999999999991118, 38.00000000000000000, 4.000000000000000000 ) ) ;
#740 = CARTESIAN_POINT ( 'NONE',  ( -5.000000000000021316, 34.41421356237299278, 0.000000000000000000 ) ) ;
#741 = VERTEX_POINT ( 'NONE', #662 ) ;
#742 = EDGE_LOOP ( 'NONE', ( #765, #922, #263, #566 ) ) ;
#743 = ORIENTED_EDGE ( 'NONE', *, *, #745, .T. ) ;
#744 = CARTESIAN_POINT ( 'NONE',  ( -9.999999999999992895, -54.00000000000000000, 4.000000000000000000 ) ) ;
#745 = EDGE_CURVE ( 'NONE', #1416, #796, #149, .T. ) ;
#746 = FACE_OUTER_BOUND ( 'NONE', #635, .T. ) ;
#747 = VERTEX_POINT ( 'NONE', #873 ) ;
#748 = CARTESIAN_POINT ( 'NONE',  ( -3.653255576420363582, 42.77502658791117796, 5.187831636659685941 ) ) ;
#749 = LINE ( 'NONE', #38, #801 ) ;
#750 = CARTESIAN_POINT ( 'NONE',  ( 5.292893218813432554, 19.70710678118655323, 4.000000000000000000 ) ) ;
#751 = EDGE_CURVE ( 'NONE', #1013, #411, #1235, .T. ) ;
#752 = EDGE_CURVE ( 'NONE', #115, #36, #1373, .T. ) ;
#753 = ORIENTED_EDGE ( 'NONE', *, *, #1342, .T. ) ;
#754 = AXIS2_PLACEMENT_3D ( 'NONE', #319, #223, #836 ) ;
#755 = VERTEX_POINT ( 'NONE', #639 ) ;
#756 = ORIENTED_EDGE ( 'NONE', *, *, #870, .T. ) ;
#757 = PLANE ( 'NONE',  #1415 ) ;
#758 = CIRCLE ( 'NONE', #1252, 1.000000000000000000 ) ;
#759 = APPROVAL_ROLE ( '' ) ;
#760 = CARTESIAN_POINT ( 'NONE',  ( -1.157291225194249043E-14, 54.00000000000000000, 4.000000000000000000 ) ) ;
#761 = VERTEX_POINT ( 'NONE', #1136 ) ;
#762 = CARTESIAN_POINT ( 'NONE',  ( -1.378892239286350296, 43.84278074049897356, 5.854572835692080091 ) ) ;
#763 = DIRECTION ( 'NONE',  ( 1.000000000000000000, 0.000000000000000000, 0.000000000000000000 ) ) ;
#764 = CARTESIAN_POINT ( 'NONE',  ( -4.292893218813484069, -29.29289321881337216, 4.000000000000000000 ) ) ;
#765 = ORIENTED_EDGE ( 'NONE', *, *, #71, .F. ) ;
#766 = ORIENTED_EDGE ( 'NONE', *, *, #345, .F. ) ;
#767 = ORIENTED_EDGE ( 'NONE', *, *, #1546, .T. ) ;
#768 = CARTESIAN_POINT ( 'NONE',  ( 10.00000000000000711, 54.00000000000000000, 12.65000000000007851 ) ) ;
#769 = EDGE_CURVE ( 'NONE', #1518, #977, #16, .T. ) ;
#770 = EDGE_CURVE ( 'NONE', #631, #1528, #45, .T. ) ;
#771 = DIRECTION ( 'NONE',  ( -1.000000000000000000, 0.000000000000000000, 0.000000000000000000 ) ) ;
#772 = EDGE_LOOP ( 'NONE', ( #643, #1573, #1368, #1287, #1040, #446 ) ) ;
#773 = AXIS2_PLACEMENT_3D ( 'NONE', #760, #1132, #771 ) ;
#774 = ORIENTED_EDGE ( 'NONE', *, *, #834, .T. ) ;
#775 = DIRECTION ( 'NONE',  ( 1.000000000000000000, 0.000000000000000000, 0.000000000000000000 ) ) ;
#776 = DIRECTION ( 'NONE',  ( 0.000000000000000000, -1.000000000000000000, 0.000000000000000000 ) ) ;
#777 = CARTESIAN_POINT ( 'NONE',  ( 4.585786437626888201, -19.00000000000000355, 4.000000000000000000 ) ) ;
#778 = ORIENTED_EDGE ( 'NONE', *, *, #1170, .T. ) ;
#779 = PERSON ( 'UNSPECIFIED', 'UNSPECIFIED', 'UNSPECIFIED', ('UNSPECIFIED'), ('UNSPECIFIED'), ('UNSPECIFIED') ) ;
#780 = ORIENTED_EDGE ( 'NONE', *, *, #130, .F. ) ;
#781 = DIRECTION ( 'NONE',  ( 0.000000000000000000, -0.000000000000000000, -1.000000000000000000 ) ) ;
#782 = VECTOR ( 'NONE', #143, 1000.000000000000000 ) ;
#783 = ORIENTED_EDGE ( 'NONE', *, *, #849, .F. ) ;
#784 = ORIENTED_EDGE ( 'NONE', *, *, #889, .F. ) ;
#785 = CARTESIAN_POINT ( 'NONE',  ( -2.667937622182123825, 43.37768165772769180, 5.542035459591225788 ) ) ;
#786 = AXIS2_PLACEMENT_3D ( 'NONE', #172, #1548, #1165 ) ;
#787 = FACE_OUTER_BOUND ( 'NONE', #1139, .T. ) ;
#788 = DIRECTION ( 'NONE',  ( 1.000000000000000000, 0.000000000000000000, 0.000000000000000000 ) ) ;
#789 = ORIENTED_EDGE ( 'NONE', *, *, #377, .T. ) ;
#790 = AXIS2_PLACEMENT_3D ( 'NONE', #967, #1461, #1194 ) ;
#791 = ORIENTED_EDGE ( 'NONE', *, *, #335, .T. ) ;
#792 = PLANE ( 'NONE',  #682 ) ;
#793 = CARTESIAN_POINT ( 'NONE',  ( 4.999999999999991118, -13.58578643762692373, 0.000000000000000000 ) ) ;
#794 = CARTESIAN_POINT ( 'NONE',  ( -5.000000000000020428, 28.58578643762681182, 0.000000000000000000 ) ) ;
#795 = ORIENTED_EDGE ( 'NONE', *, *, #64, .T. ) ;
#796 = VERTEX_POINT ( 'NONE', #1581 ) ;
#797 = DIRECTION ( 'NONE',  ( 1.000000000000000000, -1.734723475976807094E-15, 0.000000000000000000 ) ) ;
#798 = DIRECTION ( 'NONE',  ( 1.000000000000000000, 0.000000000000000000, 0.000000000000000000 ) ) ;
#799 = DIRECTION ( 'NONE',  ( -0.000000000000000000, 0.000000000000000000, 1.000000000000000000 ) ) ;
#800 = ORIENTED_EDGE ( 'NONE', *, *, #1524, .T. ) ;
#801 = VECTOR ( 'NONE', #1149, 1000.000000000000000 ) ;
#802 = CIRCLE ( 'NONE', #508, 1.000000000000000000 ) ;
#803 = ADVANCED_FACE ( 'NONE', ( #1296 ), #1466, .F. ) ;
#804 = ORIENTED_EDGE ( 'NONE', *, *, #862, .T. ) ;
#805 = CARTESIAN_POINT ( 'NONE',  ( 5.999999999999991118, -24.41421356237307450, 4.000000000000000000 ) ) ;
#806 = DIRECTION ( 'NONE',  ( -0.7071067811865507924, 0.7071067811865441310, 0.000000000000000000 ) ) ;
#807 = DIRECTION ( 'NONE',  ( 1.000000000000000000, 0.000000000000000000, 0.000000000000000000 ) ) ;
#808 = EDGE_LOOP ( 'NONE', ( #1372, #687, #1026, #1117, #1399, #1425 ) ) ;
#809 = EDGE_CURVE ( 'NONE', #1152, #390, #83, .T. ) ;
#810 = CARTESIAN_POINT ( 'NONE',  ( -6.000000000000021316, 3.585786437627007217, 0.000000000000000000 ) ) ;
#811 = ORIENTED_EDGE ( 'NONE', *, *, #313, .F. ) ;
#812 = AXIS2_PLACEMENT_3D ( 'NONE', #349, #562, #1073 ) ;
#813 = ORIENTED_EDGE ( 'NONE', *, *, #366, .T. ) ;
#814 = CARTESIAN_POINT ( 'NONE',  ( -5.707106781186564781, 4.292893218813558676, 4.000000000000000000 ) ) ;
#815 = DIRECTION ( 'NONE',  ( -0.000000000000000000, 0.000000000000000000, 1.000000000000000000 ) ) ;
#816 = VERTEX_POINT ( 'NONE', #540 ) ;
#817 = CARTESIAN_POINT ( 'NONE',  ( -4.292893218813476963, -8.707106781186642053, 4.000000000000000000 ) ) ;
#818 = EDGE_CURVE ( 'NONE', #1410, #1598, #1209, .T. ) ;
#819 = ORIENTED_EDGE ( 'NONE', *, *, #1170, .F. ) ;
#820 = AXIS2_PLACEMENT_3D ( 'NONE', #669, #541, #1192 ) ;
#821 = CARTESIAN_POINT ( 'NONE',  ( -5.000000000000033751, -5.000000000000082601, 4.000000000000000000 ) ) ;
#822 = EDGE_CURVE ( 'NONE', #152, #637, #340, .T. ) ;
#823 = ORIENTED_EDGE ( 'NONE', *, *, #862, .F. ) ;
#824 = VECTOR ( 'NONE', #965, 1000.000000000000000 ) ;
#825 = DIRECTION ( 'NONE',  ( -0.000000000000000000, -0.000000000000000000, 1.000000000000000000 ) ) ;
#826 = ADVANCED_BREP_SHAPE_REPRESENTATION ( 'asml_eslabon_BC_externav4', ( #705, #568 ), #1285 ) ;
#827 = CARTESIAN_POINT ( 'NONE',  ( -5.000000000000020428, 28.58578643762681182, 4.000000000000000000 ) ) ;
#828 = EDGE_CURVE ( 'NONE', #1552, #100, #549, .T. ) ;
#829 = FACE_BOUND ( 'NONE', #993, .T. ) ;
#830 = CIRCLE ( 'NONE', #962, 2.099999999999999645 ) ;
#831 = AXIS2_PLACEMENT_3D ( 'NONE', #1314, #688, #170 ) ;
#832 = DIRECTION ( 'NONE',  ( 0.000000000000000000, 0.000000000000000000, -1.000000000000000000 ) ) ;
#833 = CARTESIAN_POINT ( 'NONE',  ( -9.999999999999992895, 0.000000000000000000, 12.65000000000007851 ) ) ;
#834 = EDGE_CURVE ( 'NONE', #1406, #1518, #711, .T. ) ;
#835 = LINE ( 'NONE', #1336, #946 ) ;
#836 = DIRECTION ( 'NONE',  ( 1.000000000000000000, 0.000000000000000000, 0.000000000000000000 ) ) ;
#837 = FACE_BOUND ( 'NONE', #1526, .T. ) ;
#838 = AXIS2_PLACEMENT_3D ( 'NONE', #395, #118, #899 ) ;
#839 = LINE ( 'NONE', #1343, #11 ) ;
#840 = CARTESIAN_POINT ( 'NONE',  ( -1.157291225194249043E-14, 54.00000000000000000, 12.65000000000007851 ) ) ;
#841 = DIRECTION ( 'NONE',  ( 0.7071067811865507924, -0.7071067811865441310, 0.000000000000000000 ) ) ;
#842 = CARTESIAN_POINT ( 'NONE',  ( -6.000000000000021316, 0.000000000000000000, 4.000000000000000000 ) ) ;
#843 = AXIS2_PLACEMENT_3D ( 'NONE', #160, #1542, #1559 ) ;
#844 = AXIS2_PLACEMENT_3D ( 'NONE', #1131, #129, #632 ) ;
#845 = LINE ( 'NONE', #582, #824 ) ;
#846 = CIRCLE ( 'NONE', #1074, 6.000000000000006217 ) ;
#847 = DIRECTION ( 'NONE',  ( -0.7071067811865512365, -0.7071067811865439090, 0.000000000000000000 ) ) ;
#848 = CARTESIAN_POINT ( 'NONE',  ( 4.292893218813445877, -23.70710678118652481, 0.000000000000000000 ) ) ;
#849 = EDGE_CURVE ( 'NONE', #1532, #1240, #703, .T. ) ;
#850 = APPROVAL_PERSON_ORGANIZATION ( #471, #432, #759 ) ;
#851 = DIRECTION ( 'NONE',  ( 1.000000000000000000, 0.000000000000000000, 0.000000000000000000 ) ) ;
#852 = CYLINDRICAL_SURFACE ( 'NONE', #1458, 1.000000000000000000 ) ;
#853 = FACE_OUTER_BOUND ( 'NONE', #299, .T. ) ;
#854 = ORIENTED_EDGE ( 'NONE', *, *, #1289, .F. ) ;
#855 = LINE ( 'NONE', #1098, #241 ) ;
#856 = CARTESIAN_POINT ( 'NONE',  ( 5.292893218813432554, -18.29289321881345032, 4.000000000000000000 ) ) ;
#857 = CYLINDRICAL_SURFACE ( 'NONE', #588, 6.000000000000006217 ) ;
#858 = CARTESIAN_POINT ( 'NONE',  ( -5.952765751501710056, 38.84989085972491552, 4.025042141717452893 ) ) ;
#859 =( NAMED_UNIT ( * ) SI_UNIT ( $, .STERADIAN. ) SOLID_ANGLE_UNIT ( ) );
#860 = CARTESIAN_POINT ( 'NONE',  ( 4.999999999999991118, 13.58578643762692373, 4.000000000000000000 ) ) ;
#861 = DIRECTION ( 'NONE',  ( 0.000000000000000000, -0.000000000000000000, -1.000000000000000000 ) ) ;
#862 = EDGE_CURVE ( 'NONE', #323, #1276, #979, .T. ) ;
#863 = ORIENTED_EDGE ( 'NONE', *, *, #1180, .F. ) ;
#864 = ORIENTED_EDGE ( 'NONE', *, *, #1085, .F. ) ;
#865 = ORIENTED_EDGE ( 'NONE', *, *, #1460, .T. ) ;
#866 = CYLINDRICAL_SURFACE ( 'NONE', #844, 2.099999999999999645 ) ;
#867 = LINE ( 'NONE', #1602, #1112 ) ;
#868 = ORIENTED_EDGE ( 'NONE', *, *, #1417, .T. ) ;
#869 = ADVANCED_FACE ( 'NONE', ( #555 ), #423, .T. ) ;
#870 = EDGE_CURVE ( 'NONE', #140, #250, #1019, .T. ) ;
#871 = CARTESIAN_POINT ( 'NONE',  ( 4.999999999999991118, 13.58578643762692373, 4.000000000000000000 ) ) ;
#872 = VECTOR ( 'NONE', #1283, 1000.000000000000000 ) ;
#873 = CARTESIAN_POINT ( 'NONE',  ( 5.999999999999991118, 38.00000000000000000, 4.000000000000000000 ) ) ;
#874 = LINE ( 'NONE', #1604, #1227 ) ;
#875 = VECTOR ( 'NONE', #1432, 1000.000000000000000 ) ;
#876 = ORIENTED_EDGE ( 'NONE', *, *, #466, .T. ) ;
#877 = ORIENTED_EDGE ( 'NONE', *, *, #64, .F. ) ;
#878 = ORIENTED_EDGE ( 'NONE', *, *, #310, .T. ) ;
#879 = FACE_OUTER_BOUND ( 'NONE', #917, .T. ) ;
#880 = VECTOR ( 'NONE', #1572, 1000.000000000000000 ) ;
#881 = CALENDAR_DATE ( 2026, 7, 10 ) ;
#882 = APPLICATION_CONTEXT ( 'configuration controlled 3d designs of mechanical parts and assemblies' ) ;
#883 = DIRECTION ( 'NONE',  ( 1.000000000000000000, 3.469446951953614189E-15, 0.000000000000000000 ) ) ;
#884 = EDGE_CURVE ( 'NONE', #378, #10, #21, .T. ) ;
#885 = ORIENTED_EDGE ( 'NONE', *, *, #1162, .T. ) ;
#886 = DIRECTION ( 'NONE',  ( 1.000000000000000000, -1.387778780781445676E-14, 0.000000000000000000 ) ) ;
#887 = CYLINDRICAL_SURFACE ( 'NONE', #452, 10.00000000000000000 ) ;
#888 = CARTESIAN_POINT ( 'NONE',  ( -1.157291225194249043E-14, -54.00000000000000000, 4.000000000000000000 ) ) ;
#889 = EDGE_CURVE ( 'NONE', #1552, #1152, #846, .T. ) ;
#890 = ADVANCED_FACE ( 'NONE', ( #829, #328, #1088, #1330, #1433, #1307, #1203, #77 ), #1083, .F. ) ;
#891 = EDGE_LOOP ( 'NONE', ( #1254, #1270 ) ) ;
#892 = CIRCLE ( 'NONE', #460, 6.000000000000006217 ) ;
#893 = ORIENTED_EDGE ( 'NONE', *, *, #296, .T. ) ;
#894 = CC_DESIGN_PERSON_AND_ORGANIZATION_ASSIGNMENT ( #361, #1237, ( #1317 ) ) ;
#895 = ORIENTED_EDGE ( 'NONE', *, *, #122, .T. ) ;
#896 = DIRECTION ( 'NONE',  ( 1.000000000000000000, 0.000000000000000000, -0.000000000000000000 ) ) ;
#897 = VECTOR ( 'NONE', #179, 1000.000000000000000 ) ;
#898 = EDGE_CURVE ( 'NONE', #249, #147, #835, .T. ) ;
#899 = DIRECTION ( 'NONE',  ( -1.000000000000000000, 0.000000000000000000, 0.000000000000000000 ) ) ;
#900 = ORIENTED_EDGE ( 'NONE', *, *, #1459, .T. ) ;
#901 = EDGE_LOOP ( 'NONE', ( #128, #404, #535, #1076 ) ) ;
#902 = CARTESIAN_POINT ( 'NONE',  ( 1.587373457709425173, 43.79978303816474039, 5.823680202609843093 ) ) ;
#903 = DIRECTION ( 'NONE',  ( 1.000000000000000000, 0.000000000000000000, -0.000000000000000000 ) ) ;
#904 = CARTESIAN_POINT ( 'NONE',  ( -1.157291225194249043E-14, 54.00000000000000000, 12.65000000000007851 ) ) ;
#905 = EDGE_LOOP ( 'NONE', ( #1500, #1130, #914, #1277 ) ) ;
#906 = VERTEX_POINT ( 'NONE', #208 ) ;
#907 = CARTESIAN_POINT ( 'NONE',  ( -6.000000000000021316, -9.414213562373191735, 0.000000000000000000 ) ) ;
#908 = CIRCLE ( 'NONE', #191, 1.000000000000000000 ) ;
#909 = ORIENTED_EDGE ( 'NONE', *, *, #184, .F. ) ;
#910 = ORIENTED_EDGE ( 'NONE', *, *, #1304, .F. ) ;
#911 = CARTESIAN_POINT ( 'NONE',  ( 4.737889464685185459, 41.70169368801177257, 4.687717182561391915 ) ) ;
#912 = DIRECTION ( 'NONE',  ( 0.000000000000000000, 0.000000000000000000, 1.000000000000000000 ) ) ;
#913 = CARTESIAN_POINT ( 'NONE',  ( -5.707106781186564781, -4.292893218813558676, 0.000000000000000000 ) ) ;
#914 = ORIENTED_EDGE ( 'NONE', *, *, #1014, .F. ) ;
#915 = AXIS2_PLACEMENT_3D ( 'NONE', #827, #333, #1087 ) ;
#916 = EDGE_LOOP ( 'NONE', ( #1140, #318, #795, #142, #1292, #494 ) ) ;
#917 = EDGE_LOOP ( 'NONE', ( #367, #1435, #1527, #1441 ) ) ;
#918 = EDGE_CURVE ( 'NONE', #1015, #1181, #966, .T. ) ;
#919 = DIRECTION ( 'NONE',  ( 0.000000000000000000, -1.000000000000000000, 0.000000000000000000 ) ) ;
#920 = CARTESIAN_POINT ( 'NONE',  ( 13.99999999999996447, -14.00000000000009770, 4.000000000000000000 ) ) ;
#921 = CYLINDRICAL_SURFACE ( 'NONE', #943, 1.000000000000000000 ) ;
#922 = ORIENTED_EDGE ( 'NONE', *, *, #1218, .T. ) ;
#923 = LOCAL_TIME ( 9, 52, 3.000000000000000000, #246 ) ;
#924 = LOCAL_TIME ( 9, 52, 3.000000000000000000, #228 ) ;
#925 = VECTOR ( 'NONE', #1453, 1000.000000000000000 ) ;
#926 = VERTEX_POINT ( 'NONE', #971 ) ;
#927 = DIRECTION ( 'NONE',  ( -0.000000000000000000, -0.000000000000000000, 1.000000000000000000 ) ) ;
#928 = DIRECTION ( 'NONE',  ( -0.000000000000000000, -0.000000000000000000, 1.000000000000000000 ) ) ;
#929 = LINE ( 'NONE', #290, #309 ) ;
#930 = EDGE_LOOP ( 'NONE', ( #141, #13, #1047, #1302 ) ) ;
#931 = EDGE_CURVE ( 'NONE', #101, #145, #478, .T. ) ;
#932 = ORIENTED_EDGE ( 'NONE', *, *, #1049, .F. ) ;
#933 = DIRECTION ( 'NONE',  ( 0.000000000000000000, -1.000000000000000000, 0.000000000000000000 ) ) ;
#934 = VECTOR ( 'NONE', #991, 1000.000000000000000 ) ;
#935 = ADVANCED_FACE ( 'NONE', ( #229 ), #598, .F. ) ;
#936 = CARTESIAN_POINT ( 'NONE',  ( -5.204748896376239852E-16, 38.00000000000000000, 4.000000000000000000 ) ) ;
#937 = CARTESIAN_POINT ( 'NONE',  ( 4.999999999999991118, -13.58578643762692373, 4.000000000000000000 ) ) ;
#938 = ORIENTED_EDGE ( 'NONE', *, *, #1507, .F. ) ;
#939 = DIRECTION ( 'NONE',  ( 0.7071067811865512365, -0.7071067811865439090, 0.000000000000000000 ) ) ;
#940 = CIRCLE ( 'NONE', #1169, 2.099999999999999645 ) ;
#941 = ORIENTED_EDGE ( 'NONE', *, *, #1332, .F. ) ;
#942 = DIRECTION ( 'NONE',  ( 0.000000000000000000, -1.000000000000000000, 0.000000000000000000 ) ) ;
#943 = AXIS2_PLACEMENT_3D ( 'NONE', #1565, #424, #1421 ) ;
#944 = CARTESIAN_POINT ( 'NONE',  ( -5.000000000000033751, -5.000000000000082601, 4.000000000000000000 ) ) ;
#945 = DIRECTION ( 'NONE',  ( 1.000000000000000000, 0.000000000000000000, 0.000000000000000000 ) ) ;
#946 = VECTOR ( 'NONE', #464, 1000.000000000000000 ) ;
#947 = ORIENTED_EDGE ( 'NONE', *, *, #870, .F. ) ;
#948 = EDGE_CURVE ( 'NONE', #1276, #147, #1109, .T. ) ;
#949 = ADVANCED_FACE ( 'NONE', ( #1352 ), #473, .F. ) ;
#950 = DIRECTION ( 'NONE',  ( 1.000000000000000000, 0.000000000000000000, 0.000000000000000000 ) ) ;
#951 = VERTEX_POINT ( 'NONE', #1225 ) ;
#952 = DIRECTION ( 'NONE',  ( 0.000000000000000000, -0.000000000000000000, -1.000000000000000000 ) ) ;
#953 = ORIENTED_EDGE ( 'NONE', *, *, #1451, .T. ) ;
#954 = VECTOR ( 'NONE', #602, 1000.000000000000000 ) ;
#955 = DIRECTION ( 'NONE',  ( 0.000000000000000000, -0.000000000000000000, -1.000000000000000000 ) ) ;
#956 = AXIS2_PLACEMENT_3D ( 'NONE', #793, #1413, #1035 ) ;
#957 = EDGE_CURVE ( 'NONE', #660, #1406, #1216, .T. ) ;
#958 = LINE ( 'NONE', #964, #258 ) ;
#959 = DIRECTION ( 'NONE',  ( 0.000000000000000000, -1.000000000000000000, 0.000000000000000000 ) ) ;
#960 = CARTESIAN_POINT ( 'NONE',  ( 0.000000000000000000, 0.000000000000000000, 0.000000000000000000 ) ) ;
#961 = APPLICATION_CONTEXT ( 'configuration controlled 3d designs of mechanical parts and assemblies' ) ;
#962 = AXIS2_PLACEMENT_3D ( 'NONE', #1354, #1102, #851 ) ;
#963 = LINE ( 'NONE', #586, #1178 ) ;
#964 = CARTESIAN_POINT ( 'NONE',  ( 0.000000000000000000, 47.94999999999999574, 12.65000000000007851 ) ) ;
#965 = DIRECTION ( 'NONE',  ( 0.000000000000000000, 0.000000000000000000, -1.000000000000000000 ) ) ;
#966 = LINE ( 'NONE', #215, #218 ) ;
#967 = CARTESIAN_POINT ( 'NONE',  ( -1.157291225194249043E-14, -54.00000000000000000, 4.000000000000000000 ) ) ;
#968 = DIRECTION ( 'NONE',  ( -0.000000000000000000, 0.000000000000000000, -1.000000000000000000 ) ) ;
#969 = DIRECTION ( 'NONE',  ( -0.000000000000000000, 0.000000000000000000, 1.000000000000000000 ) ) ;
#970 = PERSON_AND_ORGANIZATION ( #779, #1609 ) ;
#971 = CARTESIAN_POINT ( 'NONE',  ( 5.292893218813429890, -19.70710678118655323, 0.000000000000000000 ) ) ;
#972 = CARTESIAN_POINT ( 'NONE',  ( -2.100000000000011191, -54.00000000000000000, 0.000000000000000000 ) ) ;
#973 = VECTOR ( 'NONE', #338, 1000.000000000000000 ) ;
#974 =( NAMED_UNIT ( * ) PLANE_ANGLE_UNIT ( ) SI_UNIT ( $, .RADIAN. ) );
#975 = PLANE ( 'NONE',  #548 ) ;
#976 = CARTESIAN_POINT ( 'NONE',  ( -6.000000000000021316, 0.000000000000000000, 0.000000000000000000 ) ) ;
#977 = VERTEX_POINT ( 'NONE', #89 ) ;
#978 = FACE_OUTER_BOUND ( 'NONE', #1260, .T. ) ;
#979 = CIRCLE ( 'NONE', #285, 1.000000000000000000 ) ;
#980 = COORDINATED_UNIVERSAL_TIME_OFFSET ( 3, 0, .BEHIND. ) ;
#981 = CARTESIAN_POINT ( 'NONE',  ( -9.999999999999992895, 47.94999999999999574, 12.65000000000007851 ) ) ;
#982 = DIRECTION ( 'NONE',  ( 0.000000000000000000, 0.000000000000000000, -1.000000000000000000 ) ) ;
#983 = CC_DESIGN_APPROVAL ( #1182, ( #1344 ) ) ;
#984 = APPLICATION_PROTOCOL_DEFINITION ( 'international standard', 'config_control_design', 1994, #882 ) ;
#985 = CARTESIAN_POINT ( 'NONE',  ( 5.999999999999991118, 13.58578643762692373, 4.000000000000000000 ) ) ;
#986 = CARTESIAN_POINT ( 'NONE',  ( -6.000000000000021316, 38.00000000000000000, 4.000000000000000000 ) ) ;
#987 = ORIENTED_EDGE ( 'NONE', *, *, #448, .T. ) ;
#988 = EDGE_LOOP ( 'NONE', ( #1106, #28, #504, #629 ) ) ;
#989 = LINE ( 'NONE', #1223, #1196 ) ;
#990 = ADVANCED_FACE ( 'NONE', ( #591 ), #94, .T. ) ;
#991 = DIRECTION ( 'NONE',  ( -0.000000000000000000, -0.000000000000000000, 1.000000000000000000 ) ) ;
#992 = LINE ( 'NONE', #65, #286 ) ;
#993 = EDGE_LOOP ( 'NONE', ( #391, #1156, #193, #753, #932, #767 ) ) ;
#994 = CARTESIAN_POINT ( 'NONE',  ( 4.492238205700516573, 41.99552164572107671, 4.810164688487843065 ) ) ;
#995 = DATE_AND_TIME ( #1614, #1053 ) ;
#996 = DIRECTION ( 'NONE',  ( 0.000000000000000000, -1.000000000000000000, 0.000000000000000000 ) ) ;
#997 = PLANE ( 'NONE',  #1039 ) ;
#998 = VERTEX_POINT ( 'NONE', #981 ) ;
#999 = EDGE_LOOP ( 'NONE', ( #126, #41, #1396, #1147 ) ) ;
#1000 = ADVANCED_FACE ( 'NONE', ( #1480 ), #358, .F. ) ;
#1001 = ORIENTED_EDGE ( 'NONE', *, *, #770, .F. ) ;
#1002 = DIRECTION ( 'NONE',  ( -0.000000000000000000, -0.000000000000000000, -1.000000000000000000 ) ) ;
#1003 = DIRECTION ( 'NONE',  ( -0.000000000000000000, 0.000000000000000000, 1.000000000000000000 ) ) ;
#1004 = VERTEX_POINT ( 'NONE', #509 ) ;
#1005 = EDGE_CURVE ( 'NONE', #267, #1168, #434, .T. ) ;
#1006 = DIRECTION ( 'NONE',  ( -0.000000000000000000, -0.000000000000000000, 1.000000000000000000 ) ) ;
#1007 = CC_DESIGN_PERSON_AND_ORGANIZATION_ASSIGNMENT ( #719, #1351, ( #199 ) ) ;
#1008 = VECTOR ( 'NONE', #996, 1000.000000000000000 ) ;
#1009 = DATE_TIME_ROLE ( 'creation_date' ) ;
#1010 = CARTESIAN_POINT ( 'NONE',  ( 4.292893218813445877, 23.70710678118652481, 4.000000000000000000 ) ) ;
#1011 = CARTESIAN_POINT ( 'NONE',  ( -5.000000000000020428, 28.58578643762681182, 4.000000000000000000 ) ) ;
#1012 = VECTOR ( 'NONE', #1580, 1000.000000000000000 ) ;
#1013 = VERTEX_POINT ( 'NONE', #1503 ) ;
#1014 = EDGE_CURVE ( 'NONE', #617, #1416, #707, .T. ) ;
#1015 = VERTEX_POINT ( 'NONE', #256 ) ;
#1016 = VERTEX_POINT ( 'NONE', #521 ) ;
#1017 = CARTESIAN_POINT ( 'NONE',  ( -2.100000000000011191, -54.00000000000000000, 4.000000000000000000 ) ) ;
#1018 = CIRCLE ( 'NONE', #1568, 1.000000000000000000 ) ;
#1019 = CIRCLE ( 'NONE', #514, 10.00000000000000000 ) ;
#1020 = CARTESIAN_POINT ( 'NONE',  ( 4.585786437626886425, 19.00000000000000000, 4.000000000000000000 ) ) ;
#1021 = ORIENTED_EDGE ( 'NONE', *, *, #429, .T. ) ;
#1022 = EDGE_LOOP ( 'NONE', ( #236, #392, #168, #3 ) ) ;
#1023 = CARTESIAN_POINT ( 'NONE',  ( -5.170548027214879383, 41.06791808951017231, 4.463036972639141453 ) ) ;
#1024 = DIRECTION ( 'NONE',  ( 1.000000000000000000, 0.000000000000000000, 0.000000000000000000 ) ) ;
#1025 = LINE ( 'NONE', #165, #1096 ) ;
#1026 = ORIENTED_EDGE ( 'NONE', *, *, #1452, .T. ) ;
#1027 = VECTOR ( 'NONE', #321, 1000.000000000000000 ) ;
#1028 = EDGE_LOOP ( 'NONE', ( #1519, #560, #1197, #606 ) ) ;
#1029 = VERTEX_POINT ( 'NONE', #383 ) ;
#1030 = DIRECTION ( 'NONE',  ( -0.000000000000000000, -0.000000000000000000, -1.000000000000000000 ) ) ;
#1031 = CARTESIAN_POINT ( 'NONE',  ( 12.49999999999996625, 12.50000000000009415, 4.000000000000000000 ) ) ;
#1032 = ORIENTED_EDGE ( 'NONE', *, *, #357, .T. ) ;
#1033 = ORIENTED_EDGE ( 'NONE', *, *, #647, .T. ) ;
#1034 = CARTESIAN_POINT ( 'NONE',  ( -1.950813840302662250, 43.67744884432105579, 5.739154685673625522 ) ) ;
#1035 = DIRECTION ( 'NONE',  ( 1.000000000000000000, 0.000000000000000000, 0.000000000000000000 ) ) ;
#1036 = FACE_OUTER_BOUND ( 'NONE', #449, .T. ) ;
#1037 = ORIENTED_EDGE ( 'NONE', *, *, #1304, .T. ) ;
#1038 = EDGE_CURVE ( 'NONE', #1118, #1487, #1624, .T. ) ;
#1039 = AXIS2_PLACEMENT_3D ( 'NONE', #2, #1104, #150 ) ;
#1040 = ORIENTED_EDGE ( 'NONE', *, *, #1171, .T. ) ;
#1041 = ORIENTED_EDGE ( 'NONE', *, *, #1452, .F. ) ;
#1042 = CARTESIAN_POINT ( 'NONE',  ( -4.738501918415955139, 41.70044428073817500, 4.687371334047349514 ) ) ;
#1043 = CARTESIAN_POINT ( 'NONE',  ( 5.999999999999991118, -13.58578643762692373, 0.000000000000000000 ) ) ;
#1044 = CARTESIAN_POINT ( 'NONE',  ( 13.99999999999996447, 14.00000000000009770, 4.000000000000000000 ) ) ;
#1045 = ORIENTED_EDGE ( 'NONE', *, *, #931, .F. ) ;
#1046 = AXIS2_PLACEMENT_3D ( 'NONE', #240, #781, #1154 ) ;
#1047 = ORIENTED_EDGE ( 'NONE', *, *, #1151, .T. ) ;
#1048 = LINE ( 'NONE', #163, #897 ) ;
#1049 = EDGE_CURVE ( 'NONE', #761, #152, #622, .T. ) ;
#1050 = CARTESIAN_POINT ( 'NONE',  ( -5.000000000000021316, -3.585786437627006773, 0.000000000000000000 ) ) ;
#1051 = DIRECTION ( 'NONE',  ( 0.000000000000000000, -0.000000000000000000, -1.000000000000000000 ) ) ;
#1052 = DIRECTION ( 'NONE',  ( 0.000000000000000000, 0.000000000000000000, -1.000000000000000000 ) ) ;
#1053 = LOCAL_TIME ( 9, 52, 3.000000000000000000, #373 ) ;
#1054 = EDGE_CURVE ( 'NONE', #1118, #1016, #137, .T. ) ;
#1055 = ADVANCED_FACE ( 'NONE', ( #634 ), #1384, .F. ) ;
#1056 = AXIS2_PLACEMENT_3D ( 'NONE', #860, #715, #1238 ) ;
#1057 = EDGE_LOOP ( 'NONE', ( #572, #484, #1146, #1294 ) ) ;
#1058 = CARTESIAN_POINT ( 'NONE',  ( 10.00000000000000711, 0.000000000000000000, 4.000000000000000000 ) ) ;
#1059 = DIRECTION ( 'NONE',  ( 0.000000000000000000, -1.000000000000000000, 0.000000000000000000 ) ) ;
#1060 = DIRECTION ( 'NONE',  ( -0.000000000000000000, -0.000000000000000000, 1.000000000000000000 ) ) ;
#1061 = DIRECTION ( 'NONE',  ( 1.000000000000000000, 0.000000000000000000, 0.000000000000000000 ) ) ;
#1062 = ADVANCED_FACE ( 'NONE', ( #9 ), #1517, .F. ) ;
#1063 = EDGE_LOOP ( 'NONE', ( #646, #1443, #938, #1405 ) ) ;
#1064 = LINE ( 'NONE', #44, #579 ) ;
#1065 = CIRCLE ( 'NONE', #271, 2.099999999999999645 ) ;
#1066 = ADVANCED_FACE ( 'NONE', ( #266 ), #1145, .F. ) ;
#1067 = EDGE_CURVE ( 'NONE', #10, #378, #1065, .T. ) ;
#1068 = CARTESIAN_POINT ( 'NONE',  ( -6.000000000000021316, 0.000000000000000000, 4.000000000000000000 ) ) ;
#1069 = CARTESIAN_POINT ( 'NONE',  ( -5.000000000000021316, -28.58578643762681537, 4.000000000000000000 ) ) ;
#1070 = ORIENTED_EDGE ( 'NONE', *, *, #889, .T. ) ;
#1071 = VECTOR ( 'NONE', #1030, 1000.000000000000000 ) ;
#1072 = ORIENTED_EDGE ( 'NONE', *, *, #448, .F. ) ;
#1073 = DIRECTION ( 'NONE',  ( 1.000000000000000000, 0.000000000000000000, 0.000000000000000000 ) ) ;
#1074 = AXIS2_PLACEMENT_3D ( 'NONE', #936, #297, #798 ) ;
#1075 = DIRECTION ( 'NONE',  ( -0.7071067811865512365, 0.7071067811865439090, 0.000000000000000000 ) ) ;
#1076 = ORIENTED_EDGE ( 'NONE', *, *, #849, .T. ) ;
#1077 = CARTESIAN_POINT ( 'NONE',  ( -5.707106781186570110, -33.70710678118643955, 4.000000000000000000 ) ) ;
#1078 = ADVANCED_FACE ( 'NONE', ( #853 ), #1150, .F. ) ;
#1079 = ORIENTED_EDGE ( 'NONE', *, *, #751, .F. ) ;
#1080 = CARTESIAN_POINT ( 'NONE',  ( -9.999999999999992895, 54.00000000000000000, 12.65000000000007851 ) ) ;
#1081 = AXIS2_PLACEMENT_3D ( 'NONE', #920, #1420, #501 ) ;
#1082 = AXIS2_PLACEMENT_3D ( 'NONE', #1232, #1328, #1092 ) ;
#1083 = PLANE ( 'NONE',  #564 ) ;
#1084 = CIRCLE ( 'NONE', #385, 1.000000000000000000 ) ;
#1085 = EDGE_CURVE ( 'NONE', #268, #1487, #1408, .T. ) ;
#1086 = DIRECTION ( 'NONE',  ( 1.000000000000000000, -0.000000000000000000, 0.000000000000000000 ) ) ;
#1087 = DIRECTION ( 'NONE',  ( 1.000000000000000000, 0.000000000000000000, 0.000000000000000000 ) ) ;
#1088 = FACE_BOUND ( 'NONE', #355, .T. ) ;
#1089 = ADVANCED_FACE ( 'NONE', ( #1403 ), #273, .F. ) ;
#1090 = CARTESIAN_POINT ( 'NONE',  ( -9.999999999999992895, 54.00000000000000000, 4.000000000000000000 ) ) ;
#1091 = FACE_BOUND ( 'NONE', #518, .T. ) ;
#1092 = DIRECTION ( 'NONE',  ( 1.000000000000000000, 0.000000000000000000, 0.000000000000000000 ) ) ;
#1093 = DIRECTION ( 'NONE',  ( -1.000000000000000000, 0.000000000000000000, 0.000000000000000000 ) ) ;
#1094 = CARTESIAN_POINT ( 'NONE',  ( -9.999999999999992895, 54.00000000000000000, 0.000000000000000000 ) ) ;
#1095 = ADVANCED_FACE ( 'NONE', ( #481 ), #997, .T. ) ;
#1096 = VECTOR ( 'NONE', #416, 1000.000000000000000 ) ;
#1097 = CARTESIAN_POINT ( 'NONE',  ( 5.999999999999991118, 0.000000000000000000, 0.000000000000000000 ) ) ;
#1098 = CARTESIAN_POINT ( 'NONE',  ( 4.292893218813447653, 14.29289321881347519, 4.000000000000000000 ) ) ;
#1099 = CARTESIAN_POINT ( 'NONE',  ( -1.157291225194249043E-14, 54.00000000000000000, 4.000000000000000000 ) ) ;
#1100 = CARTESIAN_POINT ( 'NONE',  ( 4.585786437626888201, -19.00000000000000355, 4.000000000000000000 ) ) ;
#1101 = VECTOR ( 'NONE', #1407, 1000.000000000000000 ) ;
#1102 = DIRECTION ( 'NONE',  ( 0.000000000000000000, 0.000000000000000000, 1.000000000000000000 ) ) ;
#1103 = DIRECTION ( 'NONE',  ( 1.000000000000000000, 0.000000000000000000, 0.000000000000000000 ) ) ;
#1104 = DIRECTION ( 'NONE',  ( 1.000000000000000000, 0.000000000000000000, -0.000000000000000000 ) ) ;
#1105 = EDGE_CURVE ( 'NONE', #641, #287, #235, .T. ) ;
#1106 = ORIENTED_EDGE ( 'NONE', *, *, #527, .T. ) ;
#1107 = ORIENTED_EDGE ( 'NONE', *, *, #343, .T. ) ;
#1108 = CARTESIAN_POINT ( 'NONE',  ( 10.00000000000000711, 54.00000000000000000, 4.000000000000000000 ) ) ;
#1109 = LINE ( 'NONE', #1360, #1348 ) ;
#1110 = DIRECTION ( 'NONE',  ( 1.000000000000000000, 0.000000000000000000, 0.000000000000000000 ) ) ;
#1111 = CARTESIAN_POINT ( 'NONE',  ( -6.000000000000021316, -3.585786437627006773, 0.000000000000000000 ) ) ;
#1112 = VECTOR ( 'NONE', #825, 1000.000000000000000 ) ;
#1113 = EDGE_CURVE ( 'NONE', #451, #113, #874, .T. ) ;
#1114 = DIRECTION ( 'NONE',  ( 1.000000000000000000, 0.000000000000000000, -0.000000000000000000 ) ) ;
#1115 = DIRECTION ( 'NONE',  ( 0.000000000000000000, -0.000000000000000000, -1.000000000000000000 ) ) ;
#1116 = ORIENTED_EDGE ( 'NONE', *, *, #585, .T. ) ;
#1117 = ORIENTED_EDGE ( 'NONE', *, *, #186, .T. ) ;
#1118 = VERTEX_POINT ( 'NONE', #750 ) ;
#1119 = LINE ( 'NONE', #1529, #782 ) ;
#1120 = DATE_TIME_ROLE ( 'classification_date' ) ;
#1121 = DIRECTION ( 'NONE',  ( 0.000000000000000000, -0.000000000000000000, -1.000000000000000000 ) ) ;
#1122 = ORIENTED_EDGE ( 'NONE', *, *, #78, .T. ) ;
#1123 = CC_DESIGN_DATE_AND_TIME_ASSIGNMENT ( #1502, #1120, ( #569 ) ) ;
#1124 = DIRECTION ( 'NONE',  ( 0.000000000000000000, -0.000000000000000000, -1.000000000000000000 ) ) ;
#1125 = EDGE_CURVE ( 'NONE', #378, #1004, #730, .T. ) ;
#1126 = CARTESIAN_POINT ( 'NONE',  ( 5.999999999999991118, 0.000000000000000000, 4.000000000000000000 ) ) ;
#1127 = LINE ( 'NONE', #1251, #231 ) ;
#1128 = ORIENTED_EDGE ( 'NONE', *, *, #1392, .T. ) ;
#1129 = ORIENTED_EDGE ( 'NONE', *, *, #377, .F. ) ;
#1130 = ORIENTED_EDGE ( 'NONE', *, *, #745, .F. ) ;
#1131 = CARTESIAN_POINT ( 'NONE',  ( -1.157291225194249043E-14, 54.00000000000000000, 4.000000000000000000 ) ) ;
#1132 = DIRECTION ( 'NONE',  ( -0.000000000000000000, -0.000000000000000000, -1.000000000000000000 ) ) ;
#1133 = ORIENTED_EDGE ( 'NONE', *, *, #176, .T. ) ;
#1134 = ORIENTED_EDGE ( 'NONE', *, *, #1483, .T. ) ;
#1135 = CARTESIAN_POINT ( 'NONE',  ( 5.790851331333171537, 39.61969831400306674, 4.117573856920303754 ) ) ;
#1136 = CARTESIAN_POINT ( 'NONE',  ( 5.999999999999991118, 38.00000000000000000, 0.000000000000000000 ) ) ;
#1137 = DIRECTION ( 'NONE',  ( 0.7071067811865512365, 0.7071067811865439090, 0.000000000000000000 ) ) ;
#1138 = AXIS2_PLACEMENT_3D ( 'NONE', #233, #1412, #775 ) ;
#1139 = EDGE_LOOP ( 'NONE', ( #252, #885, #877, #519 ) ) ;
#1140 = ORIENTED_EDGE ( 'NONE', *, *, #503, .F. ) ;
#1141 = EDGE_LOOP ( 'NONE', ( #1395, #284, #433, #691 ) ) ;
#1142 = DIRECTION ( 'NONE',  ( 0.000000000000000000, -1.000000000000000000, 0.000000000000000000 ) ) ;
#1143 = AXIS2_PLACEMENT_3D ( 'NONE', #59, #799, #807 ) ;
#1144 = VECTOR ( 'NONE', #1471, 1000.000000000000000 ) ;
#1145 = CYLINDRICAL_SURFACE ( 'NONE', #472, 6.000000000000006217 ) ;
#1146 = ORIENTED_EDGE ( 'NONE', *, *, #1342, .F. ) ;
#1147 = ORIENTED_EDGE ( 'NONE', *, *, #251, .T. ) ;
#1148 = CARTESIAN_POINT ( 'NONE',  ( 5.997050510366706000, 38.44674248217835810, 3.999999999999999112 ) ) ;
#1149 = DIRECTION ( 'NONE',  ( 0.000000000000000000, 0.000000000000000000, -1.000000000000000000 ) ) ;
#1150 = PLANE ( 'NONE',  #339 ) ;
#1151 = EDGE_CURVE ( 'NONE', #1013, #641, #1378, .T. ) ;
#1152 = VERTEX_POINT ( 'NONE', #986 ) ;
#1153 = ORIENTED_EDGE ( 'NONE', *, *, #1176, .F. ) ;
#1154 = DIRECTION ( 'NONE',  ( 1.000000000000000000, 0.000000000000000000, 0.000000000000000000 ) ) ;
#1155 = VERTEX_POINT ( 'NONE', #248 ) ;
#1156 = ORIENTED_EDGE ( 'NONE', *, *, #1180, .T. ) ;
#1157 = DIRECTION ( 'NONE',  ( -1.000000000000000000, 0.000000000000000000, 0.000000000000000000 ) ) ;
#1158 = CARTESIAN_POINT ( 'NONE',  ( -6.500000000000037303, -6.500000000000104805, 0.000000000000000000 ) ) ;
#1159 = CARTESIAN_POINT ( 'NONE',  ( -5.000000000000021316, -28.58578643762681537, 0.000000000000000000 ) ) ;
#1160 = ORIENTED_EDGE ( 'NONE', *, *, #1005, .F. ) ;
#1161 = CIRCLE ( 'NONE', #531, 1.000000000000000000 ) ;
#1162 = EDGE_CURVE ( 'NONE', #1515, #20, #1127, .T. ) ;
#1163 = ORIENTED_EDGE ( 'NONE', *, *, #752, .F. ) ;
#1164 = CARTESIAN_POINT ( 'NONE',  ( -6.000000000000021316, 0.000000000000000000, 4.000000000000000000 ) ) ;
#1165 = DIRECTION ( 'NONE',  ( -1.000000000000000000, 0.000000000000000000, 0.000000000000000000 ) ) ;
#1166 = DIRECTION ( 'NONE',  ( 0.000000000000000000, -0.000000000000000000, -1.000000000000000000 ) ) ;
#1167 = AXIS2_PLACEMENT_3D ( 'NONE', #272, #912, #289 ) ;
#1168 = VERTEX_POINT ( 'NONE', #31 ) ;
#1169 = AXIS2_PLACEMENT_3D ( 'NONE', #1508, #1272, #661 ) ;
#1170 = EDGE_CURVE ( 'NONE', #100, #115, #1616, .T. ) ;
#1171 = EDGE_CURVE ( 'NONE', #674, #906, #1486, .T. ) ;
#1172 = ORIENTED_EDGE ( 'NONE', *, *, #1621, .T. ) ;
#1173 = CARTESIAN_POINT ( 'NONE',  ( -6.000000000000021316, 34.41421356237299278, 4.000000000000000000 ) ) ;
#1174 = DIRECTION ( 'NONE',  ( -0.000000000000000000, 0.000000000000000000, 1.000000000000000000 ) ) ;
#1175 = LINE ( 'NONE', #556, #1346 ) ;
#1176 = EDGE_CURVE ( 'NONE', #1029, #274, #1536, .T. ) ;
#1177 = EDGE_LOOP ( 'NONE', ( #1418, #134, #863, #226 ) ) ;
#1178 = VECTOR ( 'NONE', #1075, 1000.000000000000000 ) ;
#1179 = EDGE_CURVE ( 'NONE', #20, #451, #908, .T. ) ;
#1180 = EDGE_CURVE ( 'NONE', #1528, #1155, #96, .T. ) ;
#1181 = VERTEX_POINT ( 'NONE', #764 ) ;
#1182 = APPROVAL ( #612, 'UNSPECIFIED' ) ;
#1183 = LINE ( 'NONE', #1164, #1612 ) ;
#1184 = DIRECTION ( 'NONE',  ( -0.000000000000000000, -0.000000000000000000, -1.000000000000000000 ) ) ;
#1185 = DIRECTION ( 'NONE',  ( 1.000000000000000000, 0.000000000000000000, 0.000000000000000000 ) ) ;
#1186 = ADVANCED_FACE ( 'NONE', ( #1263 ), #139, .F. ) ;
#1187 = ORIENTED_EDGE ( 'NONE', *, *, #884, .T. ) ;
#1188 = LINE ( 'NONE', #61, #117 ) ;
#1189 = AXIS2_PLACEMENT_3D ( 'NONE', #777, #1356, #225 ) ;
#1190 = ORIENTED_EDGE ( 'NONE', *, *, #1333, .F. ) ;
#1191 = CARTESIAN_POINT ( 'NONE',  ( 10.00000000000000711, 0.000000000000000000, 0.000000000000000000 ) ) ;
#1192 = DIRECTION ( 'NONE',  ( 1.000000000000000000, 0.000000000000000000, 0.000000000000000000 ) ) ;
#1193 = VERTEX_POINT ( 'NONE', #17 ) ;
#1194 = DIRECTION ( 'NONE',  ( -1.000000000000000000, 0.000000000000000000, 0.000000000000000000 ) ) ;
#1195 = ORIENTED_EDGE ( 'NONE', *, *, #1392, .F. ) ;
#1196 = VECTOR ( 'NONE', #470, 1000.000000000000000 ) ;
#1197 = ORIENTED_EDGE ( 'NONE', *, *, #1463, .F. ) ;
#1198 = DIRECTION ( 'NONE',  ( 0.000000000000000000, 0.000000000000000000, 1.000000000000000000 ) ) ;
#1199 = EDGE_CURVE ( 'NONE', #505, #287, #1025, .T. ) ;
#1200 = AXIS2_PLACEMENT_3D ( 'NONE', #90, #230, #1110 ) ;
#1201 = ORIENTED_EDGE ( 'NONE', *, *, #1459, .F. ) ;
#1202 = CARTESIAN_POINT ( 'NONE',  ( 4.292893218813447653, -14.29289321881347341, 0.000000000000000000 ) ) ;
#1203 = FACE_BOUND ( 'NONE', #476, .T. ) ;
#1204 = EDGE_CURVE ( 'NONE', #637, #1477, #1161, .T. ) ;
#1205 = PLANE ( 'NONE',  #1331 ) ;
#1206 = EDGE_CURVE ( 'NONE', #1555, #1004, #322, .T. ) ;
#1207 = DIRECTION ( 'NONE',  ( 1.000000000000000000, 0.000000000000000000, 0.000000000000000000 ) ) ;
#1208 = AXIS2_PLACEMENT_3D ( 'NONE', #102, #1592, #93 ) ;
#1209 = LINE ( 'NONE', #334, #1279 ) ;
#1210 = AXIS2_PLACEMENT_3D ( 'NONE', #1308, #684, #1185 ) ;
#1211 = DIRECTION ( 'NONE',  ( 0.000000000000000000, 0.000000000000000000, -1.000000000000000000 ) ) ;
#1212 = AXIS2_PLACEMENT_3D ( 'NONE', #944, #1345, #806 ) ;
#1213 = FACE_OUTER_BOUND ( 'NONE', #731, .T. ) ;
#1214 = DIRECTION ( 'NONE',  ( -0.000000000000000000, 0.000000000000000000, 1.000000000000000000 ) ) ;
#1215 = PERSON_AND_ORGANIZATION_ROLE ( 'classification_officer' ) ;
#1216 = LINE ( 'NONE', #856, #934 ) ;
#1217 = CARTESIAN_POINT ( 'NONE',  ( -6.000000000000021316, -38.00000000000000000, 4.000000000000000000 ) ) ;
#1218 = EDGE_CURVE ( 'NONE', #1155, #951, #663, .T. ) ;
#1219 = EDGE_CURVE ( 'NONE', #505, #1013, #534, .T. ) ;
#1220 = AXIS2_PLACEMENT_3D ( 'NONE', #1347, #67, #939 ) ;
#1221 = LINE ( 'NONE', #1090, #1388 ) ;
#1222 = CARTESIAN_POINT ( 'NONE',  ( -5.000000000000021316, 9.414213562373191735, 4.000000000000000000 ) ) ;
#1223 = CARTESIAN_POINT ( 'NONE',  ( -5.707106781186570110, -33.70710678118643955, 4.000000000000000000 ) ) ;
#1224 = DATE_AND_TIME ( #214, #616 ) ;
#1225 = CARTESIAN_POINT ( 'NONE',  ( -5.707106781186570110, 33.70710678118643955, 4.000000000000000000 ) ) ;
#1226 = LINE ( 'NONE', #194, #88 ) ;
#1227 = VECTOR ( 'NONE', #516, 1000.000000000000000 ) ;
#1228 = CARTESIAN_POINT ( 'NONE',  ( -6.000000000000021316, -3.585786437627006773, 0.000000000000000000 ) ) ;
#1229 = FACE_OUTER_BOUND ( 'NONE', #161, .T. ) ;
#1230 = DIRECTION ( 'NONE',  ( -0.000000000000000000, 0.000000000000000000, 1.000000000000000000 ) ) ;
#1231 = EDGE_LOOP ( 'NONE', ( #413, #800, #941, #396, #1033, #567 ) ) ;
#1232 = CARTESIAN_POINT ( 'NONE',  ( -5.000000000000021316, 3.585786437627007217, 0.000000000000000000 ) ) ;
#1233 = DIRECTION ( 'NONE',  ( -0.7071067811865442421, 0.7071067811865509034, 0.000000000000000000 ) ) ;
#1234 = DIRECTION ( 'NONE',  ( -0.000000000000000000, 0.000000000000000000, -1.000000000000000000 ) ) ;
#1235 = CIRCLE ( 'NONE', #537, 1.000000000000000000 ) ;
#1236 = LINE ( 'NONE', #107, #382 ) ;
#1237 = PERSON_AND_ORGANIZATION_ROLE ( 'design_owner' ) ;
#1238 = DIRECTION ( 'NONE',  ( 1.000000000000000000, 0.000000000000000000, 0.000000000000000000 ) ) ;
#1239 = DIRECTION ( 'NONE',  ( 1.000000000000000000, 0.000000000000000000, 0.000000000000000000 ) ) ;
#1240 = VERTEX_POINT ( 'NONE', #409 ) ;
#1241 = ORIENTED_EDGE ( 'NONE', *, *, #931, .T. ) ;
#1242 = ORIENTED_EDGE ( 'NONE', *, *, #1465, .T. ) ;
#1243 = LINE ( 'NONE', #507, #146 ) ;
#1244 = EDGE_CURVE ( 'NONE', #1598, #1577, #1319, .T. ) ;
#1245 = DIRECTION ( 'NONE',  ( 1.000000000000000000, 0.000000000000000000, 0.000000000000000000 ) ) ;
#1246 = ORIENTED_EDGE ( 'NONE', *, *, #1162, .F. ) ;
#1247 = FACE_OUTER_BOUND ( 'NONE', #1394, .T. ) ;
#1248 = APPROVAL_PERSON_ORGANIZATION ( #1509, #1583, #1370 ) ;
#1249 = CARTESIAN_POINT ( 'NONE',  ( 0.000000000000000000, 0.000000000000000000, 0.000000000000000000 ) ) ;
#1250 = DIRECTION ( 'NONE',  ( 0.000000000000000000, 0.000000000000000000, 1.000000000000000000 ) ) ;
#1251 = CARTESIAN_POINT ( 'NONE',  ( 4.292893218813445877, -23.70710678118652481, 4.000000000000000000 ) ) ;
#1252 = AXIS2_PLACEMENT_3D ( 'NONE', #455, #342, #1103 ) ;
#1253 = ORIENTED_EDGE ( 'NONE', *, *, #948, .T. ) ;
#1254 = ORIENTED_EDGE ( 'NONE', *, *, #1067, .F. ) ;
#1255 = ORIENTED_EDGE ( 'NONE', *, *, #1125, .T. ) ;
#1256 = CARTESIAN_POINT ( 'NONE',  ( -6.000000000000021316, 0.000000000000000000, 4.000000000000000000 ) ) ;
#1257 = APPROVAL_DATE_TIME ( #1479, #432 ) ;
#1258 = DIRECTION ( 'NONE',  ( -0.7071067811865512365, 0.7071067811865439090, 0.000000000000000000 ) ) ;
#1259 = ORIENTED_EDGE ( 'NONE', *, *, #292, .T. ) ;
#1260 = EDGE_LOOP ( 'NONE', ( #910, #528, #483, #1431 ) ) ;
#1261 = CARTESIAN_POINT ( 'NONE',  ( -1.572772461397140109, 43.79357288761171674, 5.819587271957986196 ) ) ;
#1262 = CARTESIAN_POINT ( 'NONE',  ( 0.000000000000000000, 38.04154401533718755, 14.00000000000000000 ) ) ;
#1263 = FACE_OUTER_BOUND ( 'NONE', #425, .T. ) ;
#1264 = ORIENTED_EDGE ( 'NONE', *, *, #809, .F. ) ;
#1265 = ORIENTED_EDGE ( 'NONE', *, *, #1067, .T. ) ;
#1266 = ORIENTED_EDGE ( 'NONE', *, *, #186, .F. ) ;
#1267 = CARTESIAN_POINT ( 'NONE',  ( -6.000000000000021316, 9.414213562373191735, 4.000000000000000000 ) ) ;
#1268 = VECTOR ( 'NONE', #1258, 1000.000000000000000 ) ;
#1269 = CARTESIAN_POINT ( 'NONE',  ( -5.204748896376239852E-16, 38.00000000000000000, 4.000000000000000000 ) ) ;
#1270 = ORIENTED_EDGE ( 'NONE', *, *, #884, .F. ) ;
#1271 = ORIENTED_EDGE ( 'NONE', *, *, #458, .F. ) ;
#1272 = DIRECTION ( 'NONE',  ( 0.000000000000000000, 0.000000000000000000, 1.000000000000000000 ) ) ;
#1273 = FACE_OUTER_BOUND ( 'NONE', #203, .T. ) ;
#1274 = DIRECTION ( 'NONE',  ( 0.7071067811865439090, -0.7071067811865512365, 0.000000000000000000 ) ) ;
#1275 = VECTOR ( 'NONE', #959, 1000.000000000000000 ) ;
#1276 = VERTEX_POINT ( 'NONE', #913 ) ;
#1277 = ORIENTED_EDGE ( 'NONE', *, *, #435, .T. ) ;
#1278 = CARTESIAN_POINT ( 'NONE',  ( -9.999999999999992895, -54.00000000000000000, 4.000000000000000000 ) ) ;
#1279 = VECTOR ( 'NONE', #1184, 1000.000000000000000 ) ;
#1280 = EDGE_LOOP ( 'NONE', ( #63, #1153 ) ) ;
#1281 = EDGE_LOOP ( 'NONE', ( #1265, #1255, #694, #1400 ) ) ;
#1282 = CARTESIAN_POINT ( 'NONE',  ( -4.292893218813476963, 8.707106781186642053, 4.000000000000000000 ) ) ;
#1283 = DIRECTION ( 'NONE',  ( 0.000000000000000000, -1.000000000000000000, 0.000000000000000000 ) ) ;
#1284 = DIRECTION ( 'NONE',  ( 0.7071067811865442421, 0.7071067811865509034, -0.000000000000000000 ) ) ;
#1285 =( GEOMETRIC_REPRESENTATION_CONTEXT ( 3 ) GLOBAL_UNCERTAINTY_ASSIGNED_CONTEXT ( ( #23 ) ) GLOBAL_UNIT_ASSIGNED_CONTEXT ( ( #593, #974, #859 ) ) REPRESENTATION_CONTEXT ( 'NONE', 'WORKASPACE' ) );
#1286 = ORIENTED_EDGE ( 'NONE', *, *, #78, .F. ) ;
#1287 = ORIENTED_EDGE ( 'NONE', *, *, #1333, .T. ) ;
#1288 = LINE ( 'NONE', #1306, #1393 ) ;
#1289 = EDGE_CURVE ( 'NONE', #1181, #553, #1628, .T. ) ;
#1290 = LINE ( 'NONE', #374, #1505 ) ;
#1291 = DIRECTION ( 'NONE',  ( -0.000000000000000000, 0.000000000000000000, 1.000000000000000000 ) ) ;
#1292 = ORIENTED_EDGE ( 'NONE', *, *, #1113, .T. ) ;
#1293 = EDGE_CURVE ( 'NONE', #177, #127, #677, .T. ) ;
#1294 = ORIENTED_EDGE ( 'NONE', *, *, #633, .F. ) ;
#1295 = LINE ( 'NONE', #315, #875 ) ;
#1296 = FACE_OUTER_BOUND ( 'NONE', #1028, .T. ) ;
#1297 = DIRECTION ( 'NONE',  ( -0.7071067811865507924, 0.7071067811865441310, 0.000000000000000000 ) ) ;
#1298 = DIRECTION ( 'NONE',  ( -1.000000000000000000, 0.000000000000000000, 0.000000000000000000 ) ) ;
#1299 = AXIS2_PLACEMENT_3D ( 'NONE', #407, #1520, #1157 ) ;
#1300 = ADVANCED_FACE ( 'NONE', ( #39 ), #550, .T. ) ;
#1301 = EDGE_CURVE ( 'NONE', #145, #1504, #1018, .T. ) ;
#1302 = ORIENTED_EDGE ( 'NONE', *, *, #1105, .T. ) ;
#1303 = CIRCLE ( 'NONE', #1210, 1.000000000000000000 ) ;
#1304 = EDGE_CURVE ( 'NONE', #287, #249, #18, .T. ) ;
#1305 = VERTEX_POINT ( 'NONE', #52 ) ;
#1306 = CARTESIAN_POINT ( 'NONE',  ( 5.999999999999991118, 0.000000000000000000, 4.000000000000000000 ) ) ;
#1307 = FACE_OUTER_BOUND ( 'NONE', #905, .T. ) ;
#1308 = CARTESIAN_POINT ( 'NONE',  ( 4.999999999999990230, 24.41421356237307450, 0.000000000000000000 ) ) ;
#1309 = ORIENTED_EDGE ( 'NONE', *, *, #1460, .F. ) ;
#1310 = AXIS2_PLACEMENT_3D ( 'NONE', #450, #952, #1361 ) ;
#1311 = DIRECTION ( 'NONE',  ( 0.000000000000000000, 0.000000000000000000, -1.000000000000000000 ) ) ;
#1312 = ORIENTED_EDGE ( 'NONE', *, *, #1550, .T. ) ;
#1313 = ORIENTED_EDGE ( 'NONE', *, *, #809, .T. ) ;
#1314 = CARTESIAN_POINT ( 'NONE',  ( -5.204748896376270421E-16, -38.00000000000000000, 4.000000000000000000 ) ) ;
#1315 = DIRECTION ( 'NONE',  ( -0.000000000000000000, -0.000000000000000000, 1.000000000000000000 ) ) ;
#1316 = VERTEX_POINT ( 'NONE', #1549 ) ;
#1317 = PRODUCT ( 'asml_eslabon_BC_externav4', 'asml_eslabon_BC_externav4', '', ( #1484 ) ) ;
#1318 = FACE_BOUND ( 'NONE', #891, .T. ) ;
#1319 = CIRCLE ( 'NONE', #820, 6.000000000000006217 ) ;
#1320 = ORIENTED_EDGE ( 'NONE', *, *, #1151, .F. ) ;
#1321 = ADVANCED_FACE ( 'NONE', ( #1036 ), #189, .T. ) ;
#1322 = LINE ( 'NONE', #1594, #880 ) ;
#1323 = VERTEX_POINT ( 'NONE', #690 ) ;
#1324 = CIRCLE ( 'NONE', #1046, 1.000000000000000000 ) ;
#1325 = ORIENTED_EDGE ( 'NONE', *, *, #1038, .T. ) ;
#1326 = CARTESIAN_POINT ( 'NONE',  ( 5.292893218813432554, -18.29289321881345032, 4.000000000000000000 ) ) ;
#1327 = ADVANCED_FACE ( 'NONE', ( #1535 ), #921, .F. ) ;
#1328 = DIRECTION ( 'NONE',  ( -0.000000000000000000, 0.000000000000000000, 1.000000000000000000 ) ) ;
#1329 = CIRCLE ( 'NONE', #812, 1.000000000000000000 ) ;
#1330 = FACE_BOUND ( 'NONE', #615, .T. ) ;
#1331 = AXIS2_PLACEMENT_3D ( 'NONE', #842, #475, #968 ) ;
#1332 = EDGE_CURVE ( 'NONE', #1380, #1515, #929, .T. ) ;
#1333 = EDGE_CURVE ( 'NONE', #755, #674, #1084, .T. ) ;
#1334 = FACE_BOUND ( 'NONE', #916, .T. ) ;
#1335 = CARTESIAN_POINT ( 'NONE',  ( -5.000000000000021316, -9.414213562373191735, 0.000000000000000000 ) ) ;
#1336 = CARTESIAN_POINT ( 'NONE',  ( 4.292893218813447653, -14.29289321881347341, 4.000000000000000000 ) ) ;
#1337 = EDGE_CURVE ( 'NONE', #24, #264, #216, .T. ) ;
#1338 = AXIS2_PLACEMENT_3D ( 'NONE', #645, #1003, #1245 ) ;
#1339 = FACE_OUTER_BOUND ( 'NONE', #1141, .T. ) ;
#1340 = DIRECTION ( 'NONE',  ( -1.000000000000000000, 0.000000000000000000, 0.000000000000000000 ) ) ;
#1341 = EDGE_CURVE ( 'NONE', #237, #1118, #1175, .T. ) ;
#1342 = EDGE_CURVE ( 'NONE', #741, #152, #1303, .T. ) ;
#1343 = CARTESIAN_POINT ( 'NONE',  ( -6.000000000000021316, 28.58578643762681182, 4.000000000000000000 ) ) ;
#1344 = PRODUCT_DEFINITION ( 'UNKNOWN', '', #199, #1553 ) ;
#1345 = DIRECTION ( 'NONE',  ( 0.7071067811865442421, 0.7071067811865509034, -0.000000000000000000 ) ) ;
#1346 = VECTOR ( 'NONE', #1060, 1000.000000000000000 ) ;
#1347 = CARTESIAN_POINT ( 'NONE',  ( -6.500000000000037303, -6.500000000000104805, 4.000000000000000000 ) ) ;
#1348 = VECTOR ( 'NONE', #221, 1000.000000000000000 ) ;
#1349 = DIRECTION ( 'NONE',  ( -0.000000000000000000, 0.000000000000000000, -1.000000000000000000 ) ) ;
#1350 = DIRECTION ( 'NONE',  ( -0.000000000000000000, -0.000000000000000000, 1.000000000000000000 ) ) ;
#1351 = PERSON_AND_ORGANIZATION_ROLE ( 'design_supplier' ) ;
#1352 = FACE_OUTER_BOUND ( 'NONE', #427, .T. ) ;
#1353 = DIRECTION ( 'NONE',  ( 1.000000000000000000, 0.000000000000000000, -0.000000000000000000 ) ) ;
#1354 = CARTESIAN_POINT ( 'NONE',  ( -1.157291225194249043E-14, -54.00000000000000000, 0.000000000000000000 ) ) ;
#1355 = DIRECTION ( 'NONE',  ( -0.000000000000000000, 0.000000000000000000, 1.000000000000000000 ) ) ;
#1356 = DIRECTION ( 'NONE',  ( 0.000000000000000000, 0.000000000000000000, -1.000000000000000000 ) ) ;
#1357 = ORIENTED_EDGE ( 'NONE', *, *, #254, .F. ) ;
#1358 = CARTESIAN_POINT ( 'NONE',  ( -5.204748896376239852E-16, 38.00000000000000000, 4.000000000000000000 ) ) ;
#1359 = APPROVAL_DATE_TIME ( #1224, #1583 ) ;
#1360 = CARTESIAN_POINT ( 'NONE',  ( -5.000000000000033751, -5.000000000000082601, 0.000000000000000000 ) ) ;
#1361 = DIRECTION ( 'NONE',  ( 1.000000000000000000, 0.000000000000000000, 0.000000000000000000 ) ) ;
#1362 = CARTESIAN_POINT ( 'NONE',  ( -5.999856172841957935, 38.04154401533718755, 4.000000000000000000 ) ) ;
#1363 = CC_DESIGN_PERSON_AND_ORGANIZATION_ASSIGNMENT ( #103, #1490, ( #199 ) ) ;
#1364 = LINE ( 'NONE', #601, #925 ) ;
#1365 = DIRECTION ( 'NONE',  ( 1.000000000000000000, 3.469446951953614189E-15, 0.000000000000000000 ) ) ;
#1366 = ORIENTED_EDGE ( 'NONE', *, *, #1550, .F. ) ;
#1367 = ORIENTED_EDGE ( 'NONE', *, *, #295, .F. ) ;
#1368 = ORIENTED_EDGE ( 'NONE', *, *, #1576, .T. ) ;
#1369 = DIRECTION ( 'NONE',  ( -0.000000000000000000, -0.000000000000000000, -1.000000000000000000 ) ) ;
#1370 = APPROVAL_ROLE ( '' ) ;
#1371 = CARTESIAN_POINT ( 'NONE',  ( -4.292893218813484069, -29.29289321881337216, 0.000000000000000000 ) ) ;
#1372 = ORIENTED_EDGE ( 'NONE', *, *, #1038, .F. ) ;
#1373 = CIRCLE ( 'NONE', #238, 10.00000000000000000 ) ;
#1374 = VECTOR ( 'NONE', #675, 1000.000000000000000 ) ;
#1375 = CARTESIAN_POINT ( 'NONE',  ( 5.174648674318750530, 41.06155905329494971, 4.460879701521151652 ) ) ;
#1376 = PERSON_AND_ORGANIZATION ( #779, #1609 ) ;
#1377 = DIRECTION ( 'NONE',  ( 1.000000000000000000, 0.000000000000000000, 0.000000000000000000 ) ) ;
#1378 = LINE ( 'NONE', #1523, #689 ) ;
#1379 = ORIENTED_EDGE ( 'NONE', *, *, #1244, .F. ) ;
#1380 = VERTEX_POINT ( 'NONE', #242 ) ;
#1381 = ORIENTED_EDGE ( 'NONE', *, *, #176, .F. ) ;
#1382 = LINE ( 'NONE', #25, #1569 ) ;
#1383 = ADVANCED_FACE ( 'NONE', ( #222 ), #359, .T. ) ;
#1384 = CYLINDRICAL_SURFACE ( 'NONE', #773, 2.099999999999999645 ) ;
#1385 = B_SPLINE_CURVE_WITH_KNOTS ( 'NONE', 3,
 ( #1533, #1148, #499, #1135, #524, #611, #1375, #911, #994, #121, #625, #37, #398, #1387, #736, #29, #902, #259, #148, #281, #15, #762, #1261, #1034, #245, #1626, #785, #1401, #513, #748, #532, #158, #1042, #1023, #270, #1613, #652, #135, #360, #858, #1493, #1362 ),
 .UNSPECIFIED., .F., .F.,
 ( 4, 2, 2, 2, 2, 2, 2, 2, 2, 2, 2, 2, 2, 2, 2, 2, 2, 2, 2, 2, 4 ),
 ( 0.000000000000000000, 0.001196570795672945164, 0.002393141591345890329, 0.003589712387018835493, 0.004786283182691780658, 0.005384568580528252373, 0.005982853978364724087, 0.007179424774037677925, 0.008375995569710631763, 0.009572566365383585602, 0.01076913716105653770, 0.01136742255889301549, 0.01196570795672949154, 0.01256399335456596933, 0.01316227875240244538, 0.01435884954807538881, 0.01555542034374833051, 0.01675199113942127394, 0.01735027653725774652, 0.01794856193509421563, 0.01914513273076713998 ),
 .UNSPECIFIED. ) ;
#1386 = ORIENTED_EDGE ( 'NONE', *, *, #112, .F. ) ;
#1387 = CARTESIAN_POINT ( 'NONE',  ( 3.018293614423980475, 43.19962781157958176, 5.429468224756377914 ) ) ;
#1388 = VECTOR ( 'NONE', #91, 1000.000000000000000 ) ;
#1389 = DIRECTION ( 'NONE',  ( 1.000000000000000000, 0.000000000000000000, 0.000000000000000000 ) ) ;
#1390 = DIRECTION ( 'NONE',  ( 0.000000000000000000, 0.000000000000000000, -1.000000000000000000 ) ) ;
#1391 = CARTESIAN_POINT ( 'NONE',  ( 4.999999999999991118, -24.41421356237307450, 4.000000000000000000 ) ) ;
#1392 = EDGE_CURVE ( 'NONE', #926, #1504, #1322, .T. ) ;
#1393 = VECTOR ( 'NONE', #933, 1000.000000000000000 ) ;
#1394 = EDGE_LOOP ( 'NONE', ( #437, #685, #1446, #157 ) ) ;
#1395 = ORIENTED_EDGE ( 'NONE', *, *, #1171, .F. ) ;
#1396 = ORIENTED_EDGE ( 'NONE', *, *, #1337, .F. ) ;
#1397 = DIRECTION ( 'NONE',  ( -0.000000000000000000, 0.000000000000000000, -1.000000000000000000 ) ) ;
#1398 = DIRECTION ( 'NONE',  ( 0.000000000000000000, -1.000000000000000000, 0.000000000000000000 ) ) ;
#1399 = ORIENTED_EDGE ( 'NONE', *, *, #50, .F. ) ;
#1400 = ORIENTED_EDGE ( 'NONE', *, *, #74, .F. ) ;
#1401 = CARTESIAN_POINT ( 'NONE',  ( -3.008486470478559660, 43.19483977853630563, 5.429406561833473255 ) ) ;
#1402 = CARTESIAN_POINT ( 'NONE',  ( -5.000000000000021316, 34.41421356237299278, 4.000000000000000000 ) ) ;
#1403 = FACE_OUTER_BOUND ( 'NONE', #1574, .T. ) ;
#1404 = VECTOR ( 'NONE', #375, 1000.000000000000000 ) ;
#1405 = ORIENTED_EDGE ( 'NONE', *, *, #167, .F. ) ;
#1406 = VERTEX_POINT ( 'NONE', #1326 ) ;
#1407 = DIRECTION ( 'NONE',  ( 0.7071067811865507924, 0.7071067811865441310, 0.000000000000000000 ) ) ;
#1408 = CIRCLE ( 'NONE', #692, 1.000000000000000000 ) ;
#1409 = EDGE_CURVE ( 'NONE', #1004, #1555, #151, .T. ) ;
#1410 = VERTEX_POINT ( 'NONE', #1217 ) ;
#1411 = VERTEX_POINT ( 'NONE', #1077 ) ;
#1412 = DIRECTION ( 'NONE',  ( -0.000000000000000000, 0.000000000000000000, 1.000000000000000000 ) ) ;
#1413 = DIRECTION ( 'NONE',  ( -0.000000000000000000, 0.000000000000000000, 1.000000000000000000 ) ) ;
#1414 = DIRECTION ( 'NONE',  ( -0.000000000000000000, -0.000000000000000000, 1.000000000000000000 ) ) ;
#1415 = AXIS2_PLACEMENT_3D ( 'NONE', #1256, #896, #1397 ) ;
#1416 = VERTEX_POINT ( 'NONE', #1094 ) ;
#1417 = EDGE_CURVE ( 'NONE', #1316, #1513, #511, .T. ) ;
#1418 = ORIENTED_EDGE ( 'NONE', *, *, #426, .F. ) ;
#1419 = CARTESIAN_POINT ( 'NONE',  ( 2.099999999999987654, -54.00000000000000000, 4.000000000000000000 ) ) ;
#1420 = DIRECTION ( 'NONE',  ( -0.7071067811865442421, 0.7071067811865509034, 0.000000000000000000 ) ) ;
#1421 = DIRECTION ( 'NONE',  ( -1.000000000000000000, 0.000000000000000000, 0.000000000000000000 ) ) ;
#1422 = AXIS2_PLACEMENT_3D ( 'NONE', #1468, #444, #565 ) ;
#1423 = ORIENTED_EDGE ( 'NONE', *, *, #665, .T. ) ;
#1424 = ADVANCED_FACE ( 'NONE', ( #1444 ), #369, .F. ) ;
#1425 = ORIENTED_EDGE ( 'NONE', *, *, #1085, .T. ) ;
#1426 = CARTESIAN_POINT ( 'NONE',  ( -5.000000000000021316, 34.41421356237299278, 4.000000000000000000 ) ) ;
#1427 = DIRECTION ( 'NONE',  ( -0.000000000000000000, 0.000000000000000000, 1.000000000000000000 ) ) ;
#1428 = DIRECTION ( 'NONE',  ( 0.000000000000000000, -0.000000000000000000, -1.000000000000000000 ) ) ;
#1429 = ORIENTED_EDGE ( 'NONE', *, *, #435, .F. ) ;
#1430 = EDGE_CURVE ( 'NONE', #1016, #244, #1226, .T. ) ;
#1431 = ORIENTED_EDGE ( 'NONE', *, *, #898, .F. ) ;
#1432 = DIRECTION ( 'NONE',  ( 0.000000000000000000, -1.000000000000000000, 0.000000000000000000 ) ) ;
#1433 = FACE_BOUND ( 'NONE', #1231, .T. ) ;
#1434 = DIRECTION ( 'NONE',  ( 0.7071067811865507924, 0.7071067811865441310, 0.000000000000000000 ) ) ;
#1435 = ORIENTED_EDGE ( 'NONE', *, *, #1293, .T. ) ;
#1436 = DIRECTION ( 'NONE',  ( 1.000000000000000000, 0.000000000000000000, -0.000000000000000000 ) ) ;
#1437 = AXIS2_PLACEMENT_3D ( 'NONE', #1472, #1198, #610 ) ;
#1438 = ORIENTED_EDGE ( 'NONE', *, *, #209, .T. ) ;
#1439 = LINE ( 'NONE', #1419, #1374 ) ;
#1440 = DIRECTION ( 'NONE',  ( 1.000000000000000000, 0.000000000000000000, 0.000000000000000000 ) ) ;
#1441 = ORIENTED_EDGE ( 'NONE', *, *, #818, .T. ) ;
#1442 = CYLINDRICAL_SURFACE ( 'NONE', #754, 1.000000000000000000 ) ;
#1443 = ORIENTED_EDGE ( 'NONE', *, *, #1293, .F. ) ;
#1444 = FACE_OUTER_BOUND ( 'NONE', #930, .T. ) ;
#1445 = AXIS2_PLACEMENT_3D ( 'NONE', #173, #815, #526 ) ;
#1446 = ORIENTED_EDGE ( 'NONE', *, *, #111, .T. ) ;
#1447 = CARTESIAN_POINT ( 'NONE',  ( -6.000000000000021316, 0.000000000000000000, 4.000000000000000000 ) ) ;
#1448 = VECTOR ( 'NONE', #577, 1000.000000000000000 ) ;
#1449 = ORIENTED_EDGE ( 'NONE', *, *, #292, .F. ) ;
#1450 = DIRECTION ( 'NONE',  ( 1.000000000000000000, 0.000000000000000000, 0.000000000000000000 ) ) ;
#1451 = EDGE_CURVE ( 'NONE', #1305, #1518, #699, .T. ) ;
#1452 = EDGE_CURVE ( 'NONE', #1016, #512, #487, .T. ) ;
#1453 = DIRECTION ( 'NONE',  ( -0.000000000000000000, -0.000000000000000000, -1.000000000000000000 ) ) ;
#1454 = CARTESIAN_POINT ( 'NONE',  ( -6.000000000000021316, -34.41421356237299278, 0.000000000000000000 ) ) ;
#1455 = VECTOR ( 'NONE', #841, 1000.000000000000000 ) ;
#1456 = ADVANCED_FACE ( 'NONE', ( #746 ), #857, .F. ) ;
#1457 = DIRECTION ( 'NONE',  ( -0.000000000000000000, 0.000000000000000000, 1.000000000000000000 ) ) ;
#1458 = AXIS2_PLACEMENT_3D ( 'NONE', #1222, #832, #461 ) ;
#1459 = EDGE_CURVE ( 'NONE', #1406, #1015, #1521, .T. ) ;
#1460 = EDGE_CURVE ( 'NONE', #1504, #1181, #867, .T. ) ;
#1461 = DIRECTION ( 'NONE',  ( -0.000000000000000000, -0.000000000000000000, -1.000000000000000000 ) ) ;
#1462 = CYLINDRICAL_SURFACE ( 'NONE', #332, 1.000000000000000000 ) ;
#1463 = EDGE_CURVE ( 'NONE', #244, #237, #317, .T. ) ;
#1464 = LINE ( 'NONE', #1108, #973 ) ;
#1465 = EDGE_CURVE ( 'NONE', #267, #249, #479, .T. ) ;
#1466 = CYLINDRICAL_SURFACE ( 'NONE', #786, 1.000000000000000000 ) ;
#1467 = AXIS2_PLACEMENT_3D ( 'NONE', #132, #26, #1530 ) ;
#1468 = CARTESIAN_POINT ( 'NONE',  ( 4.999999999999991118, -24.41421356237307450, 0.000000000000000000 ) ) ;
#1469 = FACE_OUTER_BOUND ( 'NONE', #1063, .T. ) ;
#1470 = DIRECTION ( 'NONE',  ( 0.000000000000000000, -0.000000000000000000, -1.000000000000000000 ) ) ;
#1471 = DIRECTION ( 'NONE',  ( 0.000000000000000000, -1.000000000000000000, 0.000000000000000000 ) ) ;
#1472 = CARTESIAN_POINT ( 'NONE',  ( -1.157291225194249043E-14, -54.00000000000000000, 0.000000000000000000 ) ) ;
#1473 = VECTOR ( 'NONE', #1369, 1000.000000000000000 ) ;
#1474 = VECTOR ( 'NONE', #1059, 1000.000000000000000 ) ;
#1475 = DIRECTION ( 'NONE',  ( -0.000000000000000000, 0.000000000000000000, -1.000000000000000000 ) ) ;
#1476 = DIRECTION ( 'NONE',  ( 1.000000000000000000, 0.000000000000000000, 0.000000000000000000 ) ) ;
#1477 = VERTEX_POINT ( 'NONE', #592 ) ;
#1478 = DIRECTION ( 'NONE',  ( -1.000000000000000000, 0.000000000000000000, 0.000000000000000000 ) ) ;
#1479 = DATE_AND_TIME ( #881, #1482 ) ;
#1480 = FACE_OUTER_BOUND ( 'NONE', #162, .T. ) ;
#1481 = LINE ( 'NONE', #735, #419 ) ;
#1482 = LOCAL_TIME ( 9, 52, 3.000000000000000000, #8 ) ;
#1483 = EDGE_CURVE ( 'NONE', #553, #145, #992, .T. ) ;
#1484 = MECHANICAL_CONTEXT ( 'NONE', #882, 'mechanical' ) ;
#1485 = CARTESIAN_POINT ( 'NONE',  ( -4.292893218813476963, 8.707106781186642053, 4.000000000000000000 ) ) ;
#1486 = LINE ( 'NONE', #976, #595 ) ;
#1487 = VERTEX_POINT ( 'NONE', #721 ) ;
#1488 = EDGE_LOOP ( 'NONE', ( #813, #1134, #1045, #320 ) ) ;
#1489 = CYLINDRICAL_SURFACE ( 'NONE', #915, 1.000000000000000000 ) ;
#1490 = PERSON_AND_ORGANIZATION_ROLE ( 'creator' ) ;
#1491 = CARTESIAN_POINT ( 'NONE',  ( -6.500000000000037303, 6.500000000000104805, 4.000000000000000000 ) ) ;
#1492 = ORIENTED_EDGE ( 'NONE', *, *, #822, .T. ) ;
#1493 = CARTESIAN_POINT ( 'NONE',  ( -5.997046621874454253, 38.44730406473217244, 4.000000000000000888 ) ) ;
#1494 = APPROVAL_DATE_TIME ( #995, #1182 ) ;
#1495 = CARTESIAN_POINT ( 'NONE',  ( -6.000000000000021316, 38.00000000000000000, 0.000000000000000000 ) ) ;
#1496 = CARTESIAN_POINT ( 'NONE',  ( -6.500000000000037303, 6.500000000000104805, 4.000000000000000000 ) ) ;
#1497 = EDGE_CURVE ( 'NONE', #113, #1577, #1481, .T. ) ;
#1498 = ORIENTED_EDGE ( 'NONE', *, *, #1179, .F. ) ;
#1499 = ORIENTED_EDGE ( 'NONE', *, *, #818, .F. ) ;
#1500 = ORIENTED_EDGE ( 'NONE', *, *, #12, .F. ) ;
#1501 = LINE ( 'NONE', #744, #278 ) ;
#1502 = DATE_AND_TIME ( #1623, #924 ) ;
#1503 = CARTESIAN_POINT ( 'NONE',  ( 5.999999999999991118, 13.58578643762692373, 0.000000000000000000 ) ) ;
#1504 = VERTEX_POINT ( 'NONE', #1371 ) ;
#1505 = VECTOR ( 'NONE', #776, 1000.000000000000000 ) ;
#1506 = CIRCLE ( 'NONE', #54, 1.000000000000000000 ) ;
#1507 = EDGE_CURVE ( 'NONE', #1380, #177, #1329, .T. ) ;
#1508 = CARTESIAN_POINT ( 'NONE',  ( -1.157291225194249043E-14, -54.00000000000000000, 4.000000000000000000 ) ) ;
#1509 = PERSON_AND_ORGANIZATION ( #779, #1609 ) ;
#1510 = LINE ( 'NONE', #1158, #578 ) ;
#1511 = DIRECTION ( 'NONE',  ( 0.000000000000000000, -1.000000000000000000, 0.000000000000000000 ) ) ;
#1512 = AXIS2_PLACEMENT_3D ( 'NONE', #1044, #1284, #1297 ) ;
#1513 = VERTEX_POINT ( 'NONE', #972 ) ;
#1514 = ORIENTED_EDGE ( 'NONE', *, *, #1465, .F. ) ;
#1515 = VERTEX_POINT ( 'NONE', #848 ) ;
#1516 = LINE ( 'NONE', #393, #344 ) ;
#1517 = CYLINDRICAL_SURFACE ( 'NONE', #838, 1.000000000000000000 ) ;
#1518 = VERTEX_POINT ( 'NONE', #817 ) ;
#1519 = ORIENTED_EDGE ( 'NONE', *, *, #1054, .F. ) ;
#1520 = DIRECTION ( 'NONE',  ( -0.000000000000000000, -0.000000000000000000, -1.000000000000000000 ) ) ;
#1521 = CIRCLE ( 'NONE', #544, 1.000000000000000000 ) ;
#1522 = DIRECTION ( 'NONE',  ( -0.000000000000000000, 0.000000000000000000, -1.000000000000000000 ) ) ;
#1523 = CARTESIAN_POINT ( 'NONE',  ( 5.999999999999991118, 0.000000000000000000, 0.000000000000000000 ) ) ;
#1524 = EDGE_CURVE ( 'NONE', #187, #1515, #72, .T. ) ;
#1525 = ADVANCED_FACE ( 'NONE', ( #1318, #312 ), #728, .T. ) ;
#1526 = EDGE_LOOP ( 'NONE', ( #196, #262, #530, #1037, #1514, #657, #1618, #1617 ) ) ;
#1527 = ORIENTED_EDGE ( 'NONE', *, *, #503, .T. ) ;
#1528 = VERTEX_POINT ( 'NONE', #192 ) ;
#1529 = CARTESIAN_POINT ( 'NONE',  ( -4.292893218813475187, 29.29289321881336505, 0.000000000000000000 ) ) ;
#1530 = DIRECTION ( 'NONE',  ( 1.000000000000000000, 0.000000000000000000, 0.000000000000000000 ) ) ;
#1531 = ORIENTED_EDGE ( 'NONE', *, *, #1561, .F. ) ;
#1532 = VERTEX_POINT ( 'NONE', #810 ) ;
#1533 = CARTESIAN_POINT ( 'NONE',  ( 5.999856172841956159, 38.04154401533718755, 4.000000000000000000 ) ) ;
#1534 = DIRECTION ( 'NONE',  ( 0.000000000000000000, -1.000000000000000000, 0.000000000000000000 ) ) ;
#1535 = FACE_OUTER_BOUND ( 'NONE', #571, .T. ) ;
#1536 = CIRCLE ( 'NONE', #40, 2.099999999999999645 ) ;
#1537 = ORIENTED_EDGE ( 'NONE', *, *, #465, .F. ) ;
#1538 = ORIENTED_EDGE ( 'NONE', *, *, #1204, .T. ) ;
#1539 = ORIENTED_EDGE ( 'NONE', *, *, #280, .F. ) ;
#1540 = FACE_OUTER_BOUND ( 'NONE', #417, .T. ) ;
#1541 = CARTESIAN_POINT ( 'NONE',  ( -6.000000000000021316, 0.000000000000000000, 0.000000000000000000 ) ) ;
#1542 = DIRECTION ( 'NONE',  ( -0.000000000000000000, -0.000000000000000000, -1.000000000000000000 ) ) ;
#1543 = CIRCLE ( 'NONE', #66, 1.000000000000000000 ) ;
#1544 = CYLINDRICAL_SURFACE ( 'NONE', #650, 1.000000000000000000 ) ;
#1545 = EDGE_LOOP ( 'NONE', ( #1386, #783, #1539, #1129 ) ) ;
#1546 = EDGE_CURVE ( 'NONE', #761, #631, #892, .T. ) ;
#1547 = LINE ( 'NONE', #1191, #201 ) ;
#1548 = DIRECTION ( 'NONE',  ( 0.000000000000000000, 0.000000000000000000, -1.000000000000000000 ) ) ;
#1549 = CARTESIAN_POINT ( 'NONE',  ( 2.099999999999987654, -54.00000000000000000, 0.000000000000000000 ) ) ;
#1550 = EDGE_CURVE ( 'NONE', #1513, #1316, #830, .T. ) ;
#1551 = CC_DESIGN_APPROVAL ( #1583, ( #199 ) ) ;
#1552 = VERTEX_POINT ( 'NONE', #459 ) ;
#1553 = DESIGN_CONTEXT ( 'detailed design', #961, 'design' ) ;
#1554 = VECTOR ( 'NONE', #57, 1000.000000000000000 ) ;
#1555 = VERTEX_POINT ( 'NONE', #351 ) ;
#1556 = CARTESIAN_POINT ( 'NONE',  ( 12.49999999999996625, 12.50000000000009415, 4.000000000000000000 ) ) ;
#1557 = PRODUCT_DEFINITION_SHAPE ( 'NONE', 'NONE',  #1344 ) ;
#1558 = DIRECTION ( 'NONE',  ( -1.000000000000000000, -0.000000000000000000, 0.000000000000000000 ) ) ;
#1559 = DIRECTION ( 'NONE',  ( -1.000000000000000000, 0.000000000000000000, 0.000000000000000000 ) ) ;
#1560 = DIRECTION ( 'NONE',  ( 0.000000000000000000, 0.000000000000000000, 1.000000000000000000 ) ) ;
#1561 = EDGE_CURVE ( 'NONE', #1168, #323, #1567, .T. ) ;
#1562 = ORIENTED_EDGE ( 'NONE', *, *, #918, .T. ) ;
#1563 = DIRECTION ( 'NONE',  ( 0.000000000000000000, -1.000000000000000000, 0.000000000000000000 ) ) ;
#1564 = CARTESIAN_POINT ( 'NONE',  ( -6.500000000000037303, -6.500000000000104805, 4.000000000000000000 ) ) ;
#1565 = CARTESIAN_POINT ( 'NONE',  ( -5.000000000000021316, -28.58578643762681537, 4.000000000000000000 ) ) ;
#1566 = CARTESIAN_POINT ( 'NONE',  ( -5.000000000000022204, -34.41421356237299278, 4.000000000000000000 ) ) ;
#1567 = LINE ( 'NONE', #1228, #255 ) ;
#1568 = AXIS2_PLACEMENT_3D ( 'NONE', #1159, #283, #788 ) ;
#1569 = VECTOR ( 'NONE', #1142, 1000.000000000000000 ) ;
#1570 = AXIS2_PLACEMENT_3D ( 'NONE', #1608, #486, #725 ) ;
#1571 = EDGE_LOOP ( 'NONE', ( #666, #441, #1242, #420 ) ) ;
#1572 = DIRECTION ( 'NONE',  ( -0.7071067811865512365, -0.7071067811865439090, 0.000000000000000000 ) ) ;
#1573 = ORIENTED_EDGE ( 'NONE', *, *, #1463, .T. ) ;
#1574 = EDGE_LOOP ( 'NONE', ( #1201, #698, #402, #623 ) ) ;
#1575 = DIRECTION ( 'NONE',  ( -0.000000000000000000, 0.000000000000000000, -1.000000000000000000 ) ) ;
#1576 = EDGE_CURVE ( 'NONE', #237, #755, #963, .T. ) ;
#1577 = VERTEX_POINT ( 'NONE', #85 ) ;
#1578 = EDGE_CURVE ( 'NONE', #264, #1416, #1221, .T. ) ;
#1579 = AXIS2_PLACEMENT_3D ( 'NONE', #871, #1124, #797 ) ;
#1580 = DIRECTION ( 'NONE',  ( 0.7071067811865507924, 0.7071067811865441310, 0.000000000000000000 ) ) ;
#1581 = CARTESIAN_POINT ( 'NONE',  ( -9.999999999999992895, -54.00000000000000000, 0.000000000000000000 ) ) ;
#1582 = ADVANCED_FACE ( 'NONE', ( #467 ), #1442, .F. ) ;
#1583 = APPROVAL ( #387, 'UNSPECIFIED' ) ;
#1584 = PLANE ( 'NONE',  #354 ) ;
#1585 = ADVANCED_FACE ( 'NONE', ( #1339 ), #1584, .T. ) ;
#1586 = CARTESIAN_POINT ( 'NONE',  ( -6.000000000000021316, 0.000000000000000000, 4.000000000000000000 ) ) ;
#1587 = CARTESIAN_POINT ( 'NONE',  ( -5.707106781186564781, 4.292893218813558676, 4.000000000000000000 ) ) ;
#1588 = DIRECTION ( 'NONE',  ( 1.000000000000000000, 0.000000000000000000, 0.000000000000000000 ) ) ;
#1589 = VECTOR ( 'NONE', #942, 1000.000000000000000 ) ;
#1590 = CARTESIAN_POINT ( 'NONE',  ( 0.000000000000000000, 0.000000000000000000, 12.65000000000007851 ) ) ;
#1591 = FACE_OUTER_BOUND ( 'NONE', #603, .T. ) ;
#1592 = DIRECTION ( 'NONE',  ( 1.000000000000000000, 0.000000000000000000, -0.000000000000000000 ) ) ;
#1593 = DIRECTION ( 'NONE',  ( -0.000000000000000000, -0.000000000000000000, -1.000000000000000000 ) ) ;
#1594 = CARTESIAN_POINT ( 'NONE',  ( 12.49999999999996625, -12.50000000000009415, 0.000000000000000000 ) ) ;
#1595 = VECTOR ( 'NONE', #1511, 1000.000000000000000 ) ;
#1596 = CARTESIAN_POINT ( 'NONE',  ( -5.204748896376239852E-16, 38.00000000000000000, 0.000000000000000000 ) ) ;
#1597 = DIRECTION ( 'NONE',  ( -0.000000000000000000, -0.000000000000000000, 1.000000000000000000 ) ) ;
#1598 = VERTEX_POINT ( 'NONE', #686 ) ;
#1599 = ADVANCED_FACE ( 'NONE', ( #341 ), #600, .F. ) ;
#1600 = DIRECTION ( 'NONE',  ( -0.000000000000000000, -0.000000000000000000, 1.000000000000000000 ) ) ;
#1601 = CARTESIAN_POINT ( 'NONE',  ( -6.000000000000021316, 0.000000000000000000, 0.000000000000000000 ) ) ;
#1602 = CARTESIAN_POINT ( 'NONE',  ( -4.292893218813484069, -29.29289321881337216, 4.000000000000000000 ) ) ;
#1603 = LINE ( 'NONE', #739, #422 ) ;
#1604 = CARTESIAN_POINT ( 'NONE',  ( 5.999999999999991118, 0.000000000000000000, 4.000000000000000000 ) ) ;
#1605 = ORIENTED_EDGE ( 'NONE', *, *, #243, .T. ) ;
#1606 = EDGE_LOOP ( 'NONE', ( #1160, #702, #823, #1531 ) ) ;
#1607 = CARTESIAN_POINT ( 'NONE',  ( -5.000000000000033751, 5.000000000000082601, 0.000000000000000000 ) ) ;
#1608 = CARTESIAN_POINT ( 'NONE',  ( 5.999999999999991118, 0.000000000000000000, 4.000000000000000000 ) ) ;
#1609 = ORGANIZATION ( 'UNSPECIFIED', 'UNSPECIFIED', '' ) ;
#1610 = CARTESIAN_POINT ( 'NONE',  ( 5.999999999999991118, 0.000000000000000000, 4.000000000000000000 ) ) ;
#1611 = EDGE_CURVE ( 'NONE', #951, #1477, #693, .T. ) ;
#1612 = VECTOR ( 'NONE', #1563, 1000.000000000000000 ) ;
#1613 = CARTESIAN_POINT ( 'NONE',  ( -5.589684417767473157, 40.18951763618020578, 4.231652221868860586 ) ) ;
#1614 = CALENDAR_DATE ( 2026, 7, 10 ) ;
#1615 = LINE ( 'NONE', #164, #1008 ) ;
#1616 = LINE ( 'NONE', #628, #1595 ) ;
#1617 = ORIENTED_EDGE ( 'NONE', *, *, #112, .T. ) ;
#1618 = ORIENTED_EDGE ( 'NONE', *, *, #727, .F. ) ;
#1619 = ORIENTED_EDGE ( 'NONE', *, *, #1483, .F. ) ;
#1620 = CARTESIAN_POINT ( 'NONE',  ( -6.000000000000021316, -34.41421356237299278, 4.000000000000000000 ) ) ;
#1621 = EDGE_CURVE ( 'NONE', #390, #1528, #1188, .T. ) ;
#1622 = ADVANCED_FACE ( 'NONE', ( #436 ), #559, .T. ) ;
#1623 = CALENDAR_DATE ( 2026, 7, 10 ) ;
#1624 = LINE ( 'NONE', #1031, #1268 ) ;
#1625 = EDGE_LOOP ( 'NONE', ( #864, #1357, #1190, #1286 ) ) ;
#1626 = CARTESIAN_POINT ( 'NONE',  ( -2.493299254940454013, 43.46088059101602141, 5.595308710365369365 ) ) ;
#1627 = CALENDAR_DATE ( 2026, 7, 10 ) ;
#1628 = CIRCLE ( 'NONE', #716, 1.000000000000000000 ) ;
ENDSEC;
END-ISO-10303-21;
