ISO-10303-21;
HEADER;
FILE_DESCRIPTION (( 'STEP AP203' ),
    '1' );
FILE_NAME ('cabeza_v31.STEP',
    '2026-10-07T18:09:45',
    ( '' ),
    ( '' ),
    'SwSTEP 2.0',
    'SolidWorks 2026',
    '' );
FILE_SCHEMA (( 'CONFIG_CONTROL_DESIGN' ));
ENDSEC;

DATA;
#1 = LINE ( 'NONE', #2227, #840 ) ;
#2 = DIRECTION ( 'NONE',  ( -0.000000000000000000, 3.489217355721594252E-17, -1.000000000000000000 ) ) ;
#3 = ADVANCED_FACE ( 'NONE', ( #1142 ), #1302, .F. ) ;
#4 = EDGE_LOOP ( 'NONE', ( #6016, #5476, #615, #4468 ) ) ;
#5 = EDGE_LOOP ( 'NONE', ( #5065, #402, #1591, #329 ) ) ;
#6 = ORIENTED_EDGE ( 'NONE', *, *, #7147, .T. ) ;
#7 = EDGE_CURVE ( 'NONE', #7057, #1376, #4478, .T. ) ;
#8 = DIRECTION ( 'NONE',  ( 0.000000000000000000, 1.000000000000000000, 0.000000000000000000 ) ) ;
#9 = EDGE_CURVE ( 'NONE', #5380, #589, #1737, .T. ) ;
#10 = ORIENTED_EDGE ( 'NONE', *, *, #2604, .F. ) ;
#11 = ORIENTED_EDGE ( 'NONE', *, *, #5416, .T. ) ;
#12 = DIRECTION ( 'NONE',  ( 0.000000000000000000, 0.000000000000000000, 1.000000000000000000 ) ) ;
#13 = CARTESIAN_POINT ( 'NONE',  ( 87.00000000000000000, 79.33012701892225493, 2.768000560260221065E-15 ) ) ;
#14 = VECTOR ( 'NONE', #3458, 1000.000000000000000 ) ;
#15 = ADVANCED_FACE ( 'NONE', ( #5557 ), #3942, .F. ) ;
#16 = VECTOR ( 'NONE', #5225, 1000.000000000000000 ) ;
#17 = CARTESIAN_POINT ( 'NONE',  ( 87.00000000000000000, 36.89488223348482165, 1.287342634263795411E-15 ) ) ;
#18 = CARTESIAN_POINT ( 'NONE',  ( 28.49999999999999645, 36.89488223348482165, 3.000000000000019096 ) ) ;
#19 = VERTEX_POINT ( 'NONE', #5596 ) ;
#20 = ORIENTED_EDGE ( 'NONE', *, *, #2584, .T. ) ;
#21 = CIRCLE ( 'NONE', #3040, 4.499999999999995559 ) ;
#22 = EDGE_LOOP ( 'NONE', ( #6695, #3444, #5425, #4897 ) ) ;
#23 = VERTEX_POINT ( 'NONE', #3359 ) ;
#24 = LINE ( 'NONE', #4870, #2687 ) ;
#25 = CARTESIAN_POINT ( 'NONE',  ( 104.2499999999999858, 15.67725984076612988, 5.470136712655833730E-16 ) ) ;
#26 = CARTESIAN_POINT ( 'NONE',  ( 131.2500000000000000, 62.44263164512573638, 2.178759140731031568E-15 ) ) ;
#27 = CARTESIAN_POINT ( 'NONE',  ( 112.4999999999999858, 104.4764486738543354, -3.995172996297875034 ) ) ;
#28 = DIRECTION ( 'NONE',  ( 0.8660254037844395958, 0.4999999999999982236, 1.744608677860790347E-17 ) ) ;
#29 = ADVANCED_FACE ( 'NONE', ( #2252, #663, #2854, #2891, #64, #2352, #4703, #1928 ), #5744, .F. ) ;
#30 = LINE ( 'NONE', #2250, #6678 ) ;
#31 = CARTESIAN_POINT ( 'NONE',  ( 35.99999999999997868, 83.66025403784443881, 3.000000000000019096 ) ) ;
#32 = DIRECTION ( 'NONE',  ( -0.4999999999999996669, -0.8660254037844388186, -3.021750869380465486E-17 ) ) ;
#33 = ORIENTED_EDGE ( 'NONE', *, *, #6642, .F. ) ;
#34 = DIRECTION ( 'NONE',  ( -0.000000000000000000, 3.489217355721594252E-17, -1.000000000000000000 ) ) ;
#35 = CARTESIAN_POINT ( 'NONE',  ( -0.001000000000001000089, 17.99486378953767840, -1.560805633135799024E-15 ) ) ;
#36 = AXIS2_PLACEMENT_3D ( 'NONE', #3073, #885, #347 ) ;
#37 = EDGE_LOOP ( 'NONE', ( #2224, #6187, #151, #3843 ) ) ;
#38 = VERTEX_POINT ( 'NONE', #1959 ) ;
#39 = VECTOR ( 'NONE', #6433, 1000.000000000000000 ) ;
#40 = ORIENTED_EDGE ( 'NONE', *, *, #3748, .F. ) ;
#41 = ADVANCED_FACE ( 'NONE', ( #2435 ), #888, .F. ) ;
#42 = LINE ( 'NONE', #5540, #6628 ) ;
#43 = VECTOR ( 'NONE', #2424, 1000.000000000000114 ) ;
#44 = ORIENTED_EDGE ( 'NONE', *, *, #4049, .T. ) ;
#45 = AXIS2_PLACEMENT_3D ( 'NONE', #1295, #6172, #2431 ) ;
#46 = ORIENTED_EDGE ( 'NONE', *, *, #1730, .T. ) ;
#47 = EDGE_CURVE ( 'NONE', #4038, #3365, #4228, .T. ) ;
#48 = CARTESIAN_POINT ( 'NONE',  ( 115.5473520826014777, -7.299752097158190622, 3.000000000000019096 ) ) ;
#49 = ORIENTED_EDGE ( 'NONE', *, *, #6757, .T. ) ;
#50 = DIRECTION ( 'NONE',  ( -0.8660254037844385966, 0.4999999999999998890, 0.000000000000000000 ) ) ;
#51 = FACE_OUTER_BOUND ( 'NONE', #1727, .T. ) ;
#52 = APPROVAL ( #2038, 'UNSPECIFIED' ) ;
#53 = AXIS2_PLACEMENT_3D ( 'NONE', #1296, #6820, #6444 ) ;
#54 = DIRECTION ( 'NONE',  ( 0.000000000000000000, 0.000000000000000000, 1.000000000000000000 ) ) ;
#55 = FACE_OUTER_BOUND ( 'NONE', #823, .T. ) ;
#56 = ORIENTED_EDGE ( 'NONE', *, *, #6688, .T. ) ;
#57 = EDGE_LOOP ( 'NONE', ( #2413, #1867, #3697, #2765 ) ) ;
#58 = EDGE_CURVE ( 'NONE', #4667, #2580, #3661, .T. ) ;
#59 = EDGE_CURVE ( 'NONE', #1380, #1706, #4774, .T. ) ;
#60 = VERTEX_POINT ( 'NONE', #4157 ) ;
#61 = DIRECTION ( 'NONE',  ( 0.8660254037844378194, 0.5000000000000014433, 1.744608677860803597E-17 ) ) ;
#62 = FACE_BOUND ( 'NONE', #6634, .T. ) ;
#63 = LINE ( 'NONE', #3324, #288 ) ;
#64 = FACE_BOUND ( 'NONE', #2681, .T. ) ;
#65 = CARTESIAN_POINT ( 'NONE',  ( 28.49999999999999645, 70.66987298107780191, 10.00000000000000178 ) ) ;
#66 = EDGE_CURVE ( 'NONE', #922, #1479, #2544, .T. ) ;
#67 = ORIENTED_EDGE ( 'NONE', *, *, #2140, .T. ) ;
#68 = EDGE_CURVE ( 'NONE', #3783, #2491, #6930, .T. ) ;
#69 = PLANE ( 'NONE',  #4219 ) ;
#70 = DIRECTION ( 'NONE',  ( 1.000000000000000000, 0.000000000000000000, -0.000000000000000000 ) ) ;
#71 = DIRECTION ( 'NONE',  ( 0.000000000000000000, 0.000000000000000000, 1.000000000000000000 ) ) ;
#72 = PLANE ( 'NONE',  #4253 ) ;
#73 = DIRECTION ( 'NONE',  ( -0.8660254037844399289, -0.4999999999999978351, 0.000000000000000000 ) ) ;
#74 = VERTEX_POINT ( 'NONE', #242 ) ;
#75 = EDGE_CURVE ( 'NONE', #74, #4072, #6823, .T. ) ;
#76 = ORIENTED_EDGE ( 'NONE', *, *, #5869, .T. ) ;
#77 = CARTESIAN_POINT ( 'NONE',  ( 9.000000000000007105, 36.89488223348482165, 10.00000000000000178 ) ) ;
#78 = ORIENTED_EDGE ( 'NONE', *, *, #5167, .F. ) ;
#79 = EDGE_LOOP ( 'NONE', ( #4244, #1951, #5090, #2066, #254 ) ) ;
#80 = ORIENTED_EDGE ( 'NONE', *, *, #801, .T. ) ;
#81 = ORIENTED_EDGE ( 'NONE', *, *, #6621, .T. ) ;
#82 = CARTESIAN_POINT ( 'NONE',  ( 74.99999999999998579, 83.66025403784443881, 10.00000000000000355 ) ) ;
#83 = CARTESIAN_POINT ( 'NONE',  ( 45.75000000000000000, 66.77275866404791316, 3.000000000000019096 ) ) ;
#84 = EDGE_CURVE ( 'NONE', #6533, #1333, #3111, .T. ) ;
#85 = VECTOR ( 'NONE', #3673, 1000.000000000000000 ) ;
#86 = CARTESIAN_POINT ( 'NONE',  ( 150.0000000000000000, 33.49486378953767485, 29.81121421188651510 ) ) ;
#87 = ORIENTED_EDGE ( 'NONE', *, *, #4883, .T. ) ;
#88 = DIRECTION ( 'NONE',  ( 0.8660254037844388186, 0.4999999999999996669, 0.000000000000000000 ) ) ;
#89 = ORIENTED_EDGE ( 'NONE', *, *, #3653, .F. ) ;
#90 = ORIENTED_EDGE ( 'NONE', *, *, #4225, .T. ) ;
#91 = CARTESIAN_POINT ( 'NONE',  ( 106.5000000000000000, 79.33012701892225493, 2.768000560260221065E-15 ) ) ;
#92 = CALENDAR_DATE ( 2026, 7, 10 ) ;
#93 = DIRECTION ( 'NONE',  ( 1.000000000000000000, 0.000000000000000000, 0.000000000000000000 ) ) ;
#94 = CARTESIAN_POINT ( 'NONE',  ( 26.24999999999999645, 15.67725984076617074, 5.470136712655848522E-16 ) ) ;
#95 = EDGE_CURVE ( 'NONE', #1522, #3632, #2510, .T. ) ;
#96 = DIRECTION ( 'NONE',  ( -0.8660254037844390407, -0.4999999999999992228, -1.744608677860794661E-17 ) ) ;
#97 = EDGE_CURVE ( 'NONE', #4133, #6923, #4125, .T. ) ;
#98 = CARTESIAN_POINT ( 'NONE',  ( 33.74999999999997158, 53.78237760728132599, 10.00000000000000178 ) ) ;
#99 = ORIENTED_EDGE ( 'NONE', *, *, #6999, .F. ) ;
#100 = VECTOR ( 'NONE', #2310, 1000.000000000000000 ) ;
#101 = DIRECTION ( 'NONE',  ( -0.000000000000000000, 3.489217355721594252E-17, -1.000000000000000000 ) ) ;
#102 = DIRECTION ( 'NONE',  ( 0.000000000000000000, 1.000000000000000000, 0.000000000000000000 ) ) ;
#103 = CARTESIAN_POINT ( 'NONE',  ( 16.49999999999998579, 32.56475521456263067, 10.00000000000000178 ) ) ;
#104 = DIRECTION ( 'NONE',  ( 1.000000000000000000, -0.000000000000000000, -1.437389243825479109E-16 ) ) ;
#105 = EDGE_CURVE ( 'NONE', #540, #471, #6965, .T. ) ;
#106 = VECTOR ( 'NONE', #6846, 1000.000000000000000 ) ;
#107 = ORIENTED_EDGE ( 'NONE', *, *, #586, .F. ) ;
#108 = VERTEX_POINT ( 'NONE', #6319 ) ;
#109 = ORIENTED_EDGE ( 'NONE', *, *, #1570, .T. ) ;
#110 = EDGE_CURVE ( 'NONE', #4645, #5610, #2576, .T. ) ;
#111 = CARTESIAN_POINT ( 'NONE',  ( 131.2500000000000000, 53.78237760728131178, 1.876584053792983922E-15 ) ) ;
#112 = DIRECTION ( 'NONE',  ( 0.4999999999999999445, -0.8660254037844387076, -3.021750869380466102E-17 ) ) ;
#113 = ORIENTED_EDGE ( 'NONE', *, *, #3196, .T. ) ;
#114 = ORIENTED_EDGE ( 'NONE', *, *, #2954, .T. ) ;
#115 = VERTEX_POINT ( 'NONE', #4194 ) ;
#116 = ORIENTED_EDGE ( 'NONE', *, *, #4662, .F. ) ;
#117 = CARTESIAN_POINT ( 'NONE',  ( 9.000000000000007105, 45.55513627132928889, 1.589517721201843845E-15 ) ) ;
#118 = DIRECTION ( 'NONE',  ( -1.000000000000000000, -0.000000000000000000, 1.880926496205912652E-16 ) ) ;
#119 = FACE_OUTER_BOUND ( 'NONE', #4127, .T. ) ;
#120 = DIRECTION ( 'NONE',  ( -0.5000000000000015543, 0.8660254037844378194, 3.021750869380462404E-17 ) ) ;
#121 = VERTEX_POINT ( 'NONE', #2032 ) ;
#122 = DIRECTION ( 'NONE',  ( 0.000000000000000000, 0.000000000000000000, -1.000000000000000000 ) ) ;
#123 = ORIENTED_EDGE ( 'NONE', *, *, #4167, .T. ) ;
#124 = ORIENTED_EDGE ( 'NONE', *, *, #5680, .F. ) ;
#125 = EDGE_CURVE ( 'NONE', #1380, #5178, #5242, .T. ) ;
#126 = DIRECTION ( 'NONE',  ( -0.000000000000000000, 1.000000000000000000, 3.489217355721594868E-17 ) ) ;
#127 = EDGE_CURVE ( 'NONE', #2598, #1412, #6422, .T. ) ;
#128 = AXIS2_PLACEMENT_3D ( 'NONE', #1176, #93, #2312 ) ;
#129 = FACE_BOUND ( 'NONE', #855, .T. ) ;
#130 = DIRECTION ( 'NONE',  ( -0.000000000000000000, 3.489217355721594252E-17, -1.000000000000000000 ) ) ;
#131 = VECTOR ( 'NONE', #7001, 1000.000000000000000 ) ;
#132 = EDGE_LOOP ( 'NONE', ( #7049, #1775, #3554, #2882 ) ) ;
#133 = VECTOR ( 'NONE', #5285, 1000.000000000000000 ) ;
#134 = DIRECTION ( 'NONE',  ( 0.000000000000000000, 0.000000000000000000, 1.000000000000000000 ) ) ;
#135 = EDGE_LOOP ( 'NONE', ( #1305, #20, #6382, #5840 ) ) ;
#136 = VECTOR ( 'NONE', #5922, 1000.000000000000000 ) ;
#137 = EDGE_CURVE ( 'NONE', #5365, #6361, #3620, .T. ) ;
#138 = LINE ( 'NONE', #2826, #152 ) ;
#139 = CARTESIAN_POINT ( 'NONE',  ( 37.50000000000000711, 104.4764486738543354, -3.995172996297861712 ) ) ;
#140 = CARTESIAN_POINT ( 'NONE',  ( 62.99999999999998579, 36.89488223348483587, 10.00000000000000178 ) ) ;
#141 = VERTEX_POINT ( 'NONE', #3694 ) ;
#142 = VERTEX_POINT ( 'NONE', #2971 ) ;
#143 = ADVANCED_FACE ( 'NONE', ( #4627 ), #1888, .T. ) ;
#144 = DIRECTION ( 'NONE',  ( 0.5000000000000013323, 0.8660254037844379305, 3.021750869380462404E-17 ) ) ;
#145 = EDGE_CURVE ( 'NONE', #1995, #5603, #4806, .T. ) ;
#146 = VECTOR ( 'NONE', #1586, 1000.000000000000000 ) ;
#147 = CARTESIAN_POINT ( 'NONE',  ( 35.99999999999992184, 49.88526329025141592, 1.740605264670865696E-15 ) ) ;
#148 = FACE_OUTER_BOUND ( 'NONE', #6138, .T. ) ;
#149 = CARTESIAN_POINT ( 'NONE',  ( 116.2499999999999858, 28.66764089753271705, 1.000276301672653165E-15 ) ) ;
#150 = DIRECTION ( 'NONE',  ( 0.8660254037844387076, -0.4999999999999999445, 0.000000000000000000 ) ) ;
#151 = ORIENTED_EDGE ( 'NONE', *, *, #4448, .F. ) ;
#152 = VECTOR ( 'NONE', #1111, 1000.000000000000000 ) ;
#153 = VECTOR ( 'NONE', #494, 1000.000000000000000 ) ;
#154 = ORIENTED_EDGE ( 'NONE', *, *, #5811, .F. ) ;
#155 = ORIENTED_EDGE ( 'NONE', *, *, #2586, .F. ) ;
#156 = EDGE_CURVE ( 'NONE', #4886, #5551, #3812, .T. ) ;
#157 = ORIENTED_EDGE ( 'NONE', *, *, #5361, .T. ) ;
#158 = CARTESIAN_POINT ( 'NONE',  ( 141.0000000000000000, 70.66987298107788718, 2.465825473322174997E-15 ) ) ;
#159 = CC_DESIGN_APPROVAL ( #3243, ( #1077 ) ) ;
#160 = LINE ( 'NONE', #3253, #1165 ) ;
#161 = LINE ( 'NONE', #1285, #2764 ) ;
#162 = AXIS2_PLACEMENT_3D ( 'NONE', #2146, #2723, #6574 ) ;
#163 = VECTOR ( 'NONE', #5151, 1000.000000000000000 ) ;
#164 = LINE ( 'NONE', #6436, #5478 ) ;
#165 = ORIENTED_EDGE ( 'NONE', *, *, #4382, .T. ) ;
#166 = CARTESIAN_POINT ( 'NONE',  ( -90.42235208260144930, -40.42522379191296267, 3.000000000000019096 ) ) ;
#167 = EDGE_LOOP ( 'NONE', ( #1016, #4859, #4808, #5034 ) ) ;
#168 = VECTOR ( 'NONE', #2561, 1000.000000000000000 ) ;
#169 = ORIENTED_EDGE ( 'NONE', *, *, #5698, .T. ) ;
#170 = PLANE ( 'NONE',  #2439 ) ;
#171 = CARTESIAN_POINT ( 'NONE',  ( 38.25000000000002132, 28.66764089753274902, 1.000276301672654546E-15 ) ) ;
#172 = CARTESIAN_POINT ( 'NONE',  ( 28.49999999999999645, 70.66987298107780191, 2.465825473322171841E-15 ) ) ;
#173 = EDGE_LOOP ( 'NONE', ( #3353, #428, #863, #3954 ) ) ;
#174 = DIRECTION ( 'NONE',  ( -0.000000000000000000, 3.489217355721594252E-17, -1.000000000000000000 ) ) ;
#175 = ORIENTED_EDGE ( 'NONE', *, *, #1061, .T. ) ;
#176 = CARTESIAN_POINT ( 'NONE',  ( 150.0000000000000000, 49.99999999999999289, 90.00000000000001421 ) ) ;
#177 = EDGE_LOOP ( 'NONE', ( #3873, #6410, #3814, #532 ) ) ;
#178 = DIRECTION ( 'NONE',  ( -0.000000000000000000, 3.489217355721594252E-17, -1.000000000000000000 ) ) ;
#179 = CARTESIAN_POINT ( 'NONE',  ( -80.67235208260150614, -57.31271916570959490, 3.000000000000019096 ) ) ;
#180 = PLANE ( 'NONE',  #3066 ) ;
#181 = EDGE_LOOP ( 'NONE', ( #6331, #3407, #6881, #3662 ) ) ;
#182 = EDGE_CURVE ( 'NONE', #5208, #2545, #1059, .T. ) ;
#183 = VECTOR ( 'NONE', #4040, 999.9999999999998863 ) ;
#184 = ORIENTED_EDGE ( 'NONE', *, *, #5958, .T. ) ;
#185 = CARTESIAN_POINT ( 'NONE',  ( 33.74999999999997158, 62.44263164512573638, 10.00000000000000178 ) ) ;
#186 = LINE ( 'NONE', #2410, #3528 ) ;
#187 = CARTESIAN_POINT ( 'NONE',  ( 87.00000000000000000, 79.33012701892225493, 3.000000000000019096 ) ) ;
#188 = EDGE_CURVE ( 'NONE', #1340, #1749, #4938, .T. ) ;
#189 = VERTEX_POINT ( 'NONE', #3828 ) ;
#190 = EDGE_LOOP ( 'NONE', ( #5825, #2813, #7030, #389, #5103, #3014 ) ) ;
#191 = ORIENTED_EDGE ( 'NONE', *, *, #1219, .F. ) ;
#192 = DIRECTION ( 'NONE',  ( 0.000000000000000000, 0.000000000000000000, 1.000000000000000000 ) ) ;
#193 = LINE ( 'NONE', #5227, #3866 ) ;
#194 = LINE ( 'NONE', #4076, #4368 ) ;
#195 = CARTESIAN_POINT ( 'NONE',  ( 147.0000000000000284, 49.99999999999999289, 90.00000000000001421 ) ) ;
#196 = EDGE_CURVE ( 'NONE', #6260, #6704, #1588, .T. ) ;
#197 = FACE_OUTER_BOUND ( 'NONE', #806, .T. ) ;
#198 = VERTEX_POINT ( 'NONE', #4364 ) ;
#199 = CARTESIAN_POINT ( 'NONE',  ( 74.99999999999992895, 66.33974596215564645, 2.314737929853150582E-15 ) ) ;
#200 = ORIENTED_EDGE ( 'NONE', *, *, #6738, .F. ) ;
#201 = VERTEX_POINT ( 'NONE', #6565 ) ;
#202 = LINE ( 'NONE', #3033, #5417 ) ;
#203 = FACE_BOUND ( 'NONE', #1413, .T. ) ;
#204 = VECTOR ( 'NONE', #4156, 1000.000000000000000 ) ;
#205 = CARTESIAN_POINT ( 'NONE',  ( 62.99999999999998579, 79.33012701892224072, 2.768000560260220670E-15 ) ) ;
#206 = ADVANCED_FACE ( 'NONE', ( #2097 ), #7040, .F. ) ;
#207 = ORIENTED_EDGE ( 'NONE', *, *, #879, .T. ) ;
#208 = CARTESIAN_POINT ( 'NONE',  ( 103.1723520826017619, -28.73388084082326088, 3.000000000000019096 ) ) ;
#209 = DIRECTION ( 'NONE',  ( -0.000000000000000000, 3.489217355721594252E-17, -1.000000000000000000 ) ) ;
#210 = VECTOR ( 'NONE', #5500, 1000.000000000000000 ) ;
#211 = ORIENTED_EDGE ( 'NONE', *, *, #5511, .T. ) ;
#212 = CARTESIAN_POINT ( 'NONE',  ( 141.0000000000000000, 45.55513627132918941, 10.00000000000000178 ) ) ;
#213 = DIRECTION ( 'NONE',  ( 0.000000000000000000, 1.224646799147352961E-16, -1.000000000000000000 ) ) ;
#214 = DIRECTION ( 'NONE',  ( 1.000000000000000000, -0.000000000000000000, -0.000000000000000000 ) ) ;
#215 = DIRECTION ( 'NONE',  ( -0.8660254037844388186, -0.4999999999999996669, 0.000000000000000000 ) ) ;
#216 = ORIENTED_EDGE ( 'NONE', *, *, #1875, .T. ) ;
#217 = LINE ( 'NONE', #1738, #4612 ) ;
#218 = VERTEX_POINT ( 'NONE', #5445 ) ;
#219 = AXIS2_PLACEMENT_3D ( 'NONE', #5559, #6706, #5161 ) ;
#220 = EDGE_CURVE ( 'NONE', #3287, #2513, #2136, .T. ) ;
#221 = VECTOR ( 'NONE', #2648, 1000.000000000000000 ) ;
#222 = CARTESIAN_POINT ( 'NONE',  ( -88.17235208260149193, -44.32233810894312143, 3.000000000000019096 ) ) ;
#223 = CARTESIAN_POINT ( 'NONE',  ( 37.50000000000000711, 101.4800689266309348, -9.852509501688617277 ) ) ;
#224 = ORIENTED_EDGE ( 'NONE', *, *, #6556, .T. ) ;
#225 = ORIENTED_EDGE ( 'NONE', *, *, #7039, .T. ) ;
#226 = ORIENTED_EDGE ( 'NONE', *, *, #6220, .F. ) ;
#227 = ADVANCED_FACE ( 'NONE', ( #4332 ), #6531, .F. ) ;
#228 = DIRECTION ( 'NONE',  ( 1.000000000000000000, -0.000000000000000000, -0.000000000000000000 ) ) ;
#229 = LINE ( 'NONE', #5267, #4765 ) ;
#230 = ADVANCED_FACE ( 'NONE', ( #954 ), #4904, .F. ) ;
#231 = CARTESIAN_POINT ( 'NONE',  ( 48.00000000000000000, 36.89488223348482165, 3.000000000000019096 ) ) ;
#232 = CARTESIAN_POINT ( 'NONE',  ( 23.99999999999999289, 45.55513627132918941, 10.00000000000000178 ) ) ;
#233 = CARTESIAN_POINT ( 'NONE',  ( 147.0000000000000284, 80.00000000000000000, 90.00000000000001421 ) ) ;
#234 = ORIENTED_EDGE ( 'NONE', *, *, #3884, .F. ) ;
#235 = CARTESIAN_POINT ( 'NONE',  ( 116.2499999999999858, 62.44263164512570086, 2.178759140731030384E-15 ) ) ;
#236 = EDGE_LOOP ( 'NONE', ( #2309, #4352, #5075, #948 ) ) ;
#237 = DIRECTION ( 'NONE',  ( 0.8660254037844388186, 0.4999999999999996114, 1.744608677860794044E-17 ) ) ;
#238 = EDGE_CURVE ( 'NONE', #3579, #3043, #6796, .T. ) ;
#239 = FACE_OUTER_BOUND ( 'NONE', #1454, .T. ) ;
#240 = PLANE ( 'NONE',  #6598 ) ;
#241 = DIRECTION ( 'NONE',  ( -0.8660254037844384856, 0.5000000000000002220, 0.000000000000000000 ) ) ;
#242 = CARTESIAN_POINT ( 'NONE',  ( 92.24999999999997158, 28.66764089753272060, 1.000276301672653362E-15 ) ) ;
#243 = ORIENTED_EDGE ( 'NONE', *, *, #5458, .F. ) ;
#244 = VERTEX_POINT ( 'NONE', #6596 ) ;
#245 = ORIENTED_EDGE ( 'NONE', *, *, #4928, .F. ) ;
#246 = EDGE_CURVE ( 'NONE', #2298, #4333, #989, .T. ) ;
#247 = LINE ( 'NONE', #2975, #1419 ) ;
#248 = CARTESIAN_POINT ( 'NONE',  ( 23.99999999999999289, 70.66987298107788718, 2.465825473322174997E-15 ) ) ;
#249 = LINE ( 'NONE', #1347, #3264 ) ;
#250 = CARTESIAN_POINT ( 'NONE',  ( 141.0000000000000000, 70.66987298107788718, 3.000000000000019096 ) ) ;
#251 = CIRCLE ( 'NONE', #2691, 30.00000000000000000 ) ;
#252 = AXIS2_PLACEMENT_3D ( 'NONE', #2618, #4812, #3736 ) ;
#253 = ORIENTED_EDGE ( 'NONE', *, *, #4077, .F. ) ;
#254 = ORIENTED_EDGE ( 'NONE', *, *, #2409, .F. ) ;
#255 = ORIENTED_EDGE ( 'NONE', *, *, #534, .F. ) ;
#256 = VECTOR ( 'NONE', #1516, 1000.000000000000000 ) ;
#257 = CARTESIAN_POINT ( 'NONE',  ( 28.49999999999999645, 45.55513627132927468, 1.589517721201844240E-15 ) ) ;
#258 = DIRECTION ( 'NONE',  ( -1.602468905319637155E-15, -1.000000000000000000, 0.000000000000000000 ) ) ;
#259 = CARTESIAN_POINT ( 'NONE',  ( 72.74999999999998579, 53.78237760728132599, 10.00000000000000178 ) ) ;
#260 = CARTESIAN_POINT ( 'NONE',  ( 53.24999999999997868, 28.66764089753274192, 1.000276301672654151E-15 ) ) ;
#261 = CARTESIAN_POINT ( 'NONE',  ( 150.0000000000000000, -1.714505518806294283E-14, 140.0000000000000000 ) ) ;
#262 = EDGE_CURVE ( 'NONE', #2547, #6841, #1661, .T. ) ;
#263 = EDGE_LOOP ( 'NONE', ( #4177, #3255, #2933, #2490 ) ) ;
#264 = VECTOR ( 'NONE', #683, 1000.000000000000000 ) ;
#265 = ORIENTED_EDGE ( 'NONE', *, *, #1605, .F. ) ;
#266 = VERTEX_POINT ( 'NONE', #2064 ) ;
#267 = DIRECTION ( 'NONE',  ( 0.000000000000000000, 1.224646799147352961E-16, -1.000000000000000000 ) ) ;
#268 = CARTESIAN_POINT ( 'NONE',  ( 126.0000000000000000, 45.55513627132927468, 1.589517721201844240E-15 ) ) ;
#269 = DIRECTION ( 'NONE',  ( 0.8660254037844387076, -0.4999999999999998335, -1.744608677860798667E-17 ) ) ;
#270 = DIRECTION ( 'NONE',  ( 1.000000000000000000, 0.000000000000000000, -0.000000000000000000 ) ) ;
#271 = EDGE_CURVE ( 'NONE', #6729, #4987, #7113, .T. ) ;
#272 = ORIENTED_EDGE ( 'NONE', *, *, #1035, .T. ) ;
#273 = CARTESIAN_POINT ( 'NONE',  ( 82.49999999999998579, 45.55513627132918941, 3.000000000000019096 ) ) ;
#274 = ORIENTED_EDGE ( 'NONE', *, *, #2670, .F. ) ;
#275 = LINE ( 'NONE', #5739, #666 ) ;
#276 = DIRECTION ( 'NONE',  ( -0.000000000000000000, 3.489217355721594252E-17, -1.000000000000000000 ) ) ;
#277 = VECTOR ( 'NONE', #3084, 1000.000000000000000 ) ;
#278 = CYLINDRICAL_SURFACE ( 'NONE', #4641, 30.00000000000000000 ) ;
#279 = LOCAL_TIME ( 15, 9, 45.00000000000000000, #4910 ) ;
#280 = VERTEX_POINT ( 'NONE', #386 ) ;
#281 = PLANE ( 'NONE',  #6558 ) ;
#282 = EDGE_CURVE ( 'NONE', #772, #3346, #2612, .T. ) ;
#283 = DIRECTION ( 'NONE',  ( 0.000000000000000000, 1.000000000000000000, 0.000000000000000000 ) ) ;
#284 = EDGE_CURVE ( 'NONE', #266, #5255, #418, .T. ) ;
#285 = ORIENTED_EDGE ( 'NONE', *, *, #5954, .T. ) ;
#286 = VERTEX_POINT ( 'NONE', #3764 ) ;
#287 = VERTEX_POINT ( 'NONE', #5411 ) ;
#288 = VECTOR ( 'NONE', #6101, 1000.000000000000000 ) ;
#289 = CARTESIAN_POINT ( 'NONE',  ( 55.49999999999997868, 32.56475521456263067, 10.00000000000000178 ) ) ;
#290 = CARTESIAN_POINT ( 'NONE',  ( 28.49999999999999645, -202.2374841615668686, 3.000000000000019096 ) ) ;
#291 = AXIS2_PLACEMENT_3D ( 'NONE', #3157, #3226, #1039 ) ;
#292 = CARTESIAN_POINT ( 'NONE',  ( 9.000000000000007105, 79.33012701892225493, 2.768000560260221065E-15 ) ) ;
#293 = ORIENTED_EDGE ( 'NONE', *, *, #4560, .F. ) ;
#294 = EDGE_LOOP ( 'NONE', ( #1851, #3038, #4502, #5431, #211 ) ) ;
#295 = EDGE_CURVE ( 'NONE', #4395, #1379, #2678, .T. ) ;
#296 = VERTEX_POINT ( 'NONE', #18 ) ;
#297 = DIRECTION ( 'NONE',  ( -0.000000000000000000, 3.489217355721594252E-17, -1.000000000000000000 ) ) ;
#298 = DIRECTION ( 'NONE',  ( 1.000000000000000000, -0.000000000000000000, -0.000000000000000000 ) ) ;
#299 = DIRECTION ( 'NONE',  ( 0.000000000000000000, 0.000000000000000000, -1.000000000000000000 ) ) ;
#300 = CIRCLE ( 'NONE', #519, 2.500000000000002220 ) ;
#301 = DIRECTION ( 'NONE',  ( 1.000000000000000000, -0.000000000000000000, -0.000000000000000000 ) ) ;
#302 = EDGE_CURVE ( 'NONE', #816, #6559, #5006, .T. ) ;
#303 = VERTEX_POINT ( 'NONE', #1724 ) ;
#304 = ORIENTED_EDGE ( 'NONE', *, *, #4359, .T. ) ;
#305 = CARTESIAN_POINT ( 'NONE',  ( -6.968463054065929601E-16, 85.06340628446157837, 8.710728321080063452 ) ) ;
#306 = DIRECTION ( 'NONE',  ( -0.8660254037844387076, -0.4999999999999997780, 0.000000000000000000 ) ) ;
#307 = CARTESIAN_POINT ( 'NONE',  ( 18.74999999999998934, 62.44263164512570086, 2.178759140731030384E-15 ) ) ;
#308 = DIRECTION ( 'NONE',  ( -0.8660254037844383745, -0.5000000000000004441, 0.000000000000000000 ) ) ;
#309 = LINE ( 'NONE', #6448, #4679 ) ;
#310 = ORIENTED_EDGE ( 'NONE', *, *, #6963, .T. ) ;
#311 = LINE ( 'NONE', #883, #826 ) ;
#312 = CARTESIAN_POINT ( 'NONE',  ( 150.0010000000000048, 38.99486378953769616, -1.812316931598655017E-14 ) ) ;
#313 = EDGE_CURVE ( 'NONE', #3231, #6842, #5584, .T. ) ;
#314 = LINE ( 'NONE', #2540, #968 ) ;
#315 = LINE ( 'NONE', #2927, #1301 ) ;
#316 = FACE_OUTER_BOUND ( 'NONE', #2996, .T. ) ;
#317 = CARTESIAN_POINT ( 'NONE',  ( -93.04735208260146351, -35.87859042204455307, 3.000000000000019096 ) ) ;
#318 = EDGE_LOOP ( 'NONE', ( #2344, #4942, #1843, #1945 ) ) ;
#319 = EDGE_LOOP ( 'NONE', ( #3829, #7006, #5470, #4402 ) ) ;
#320 = VECTOR ( 'NONE', #1166, 1000.000000000000000 ) ;
#321 = ORIENTED_EDGE ( 'NONE', *, *, #1866, .T. ) ;
#322 = LINE ( 'NONE', #290, #4418 ) ;
#323 = ADVANCED_FACE ( 'NONE', ( #4537 ), #3969, .F. ) ;
#324 = DIRECTION ( 'NONE',  ( 1.403311819926406463E-16, 0.6658621660496463202, 0.7460747789757224968 ) ) ;
#325 = EDGE_CURVE ( 'NONE', #6164, #4776, #217, .T. ) ;
#326 = ORIENTED_EDGE ( 'NONE', *, *, #6826, .T. ) ;
#327 = LINE ( 'NONE', #2553, #4599 ) ;
#328 = VECTOR ( 'NONE', #4452, 1000.000000000000114 ) ;
#329 = ORIENTED_EDGE ( 'NONE', *, *, #4994, .F. ) ;
#330 = ORIENTED_EDGE ( 'NONE', *, *, #1743, .T. ) ;
#331 = CARTESIAN_POINT ( 'NONE',  ( 116.2500000000000000, 53.78237760728131889, 1.876584053792984316E-15 ) ) ;
#332 = CARTESIAN_POINT ( 'NONE',  ( 57.75000000000000711, 53.78237760728131889, 10.00000000000000178 ) ) ;
#333 = ADVANCED_FACE ( 'NONE', ( #744 ), #3943, .F. ) ;
#334 = LINE ( 'NONE', #830, #6514 ) ;
#335 = ORIENTED_EDGE ( 'NONE', *, *, #2481, .T. ) ;
#336 = AXIS2_PLACEMENT_3D ( 'NONE', #5699, #736, #2964 ) ;
#337 = EDGE_LOOP ( 'NONE', ( #1571, #4791, #3021, #3453, #6305, #5934 ) ) ;
#338 = EDGE_CURVE ( 'NONE', #5528, #1667, #2318, .T. ) ;
#339 = CARTESIAN_POINT ( 'NONE',  ( 74.99999999999998579, 83.66025403784443881, 3.000000000000019096 ) ) ;
#340 = PLANE ( 'NONE',  #4986 ) ;
#341 = CARTESIAN_POINT ( 'NONE',  ( 147.0000000000000000, 23.49486378953767840, 31.51121421188651084 ) ) ;
#342 = AXIS2_PLACEMENT_3D ( 'NONE', #378, #2602, #4799 ) ;
#343 = DIRECTION ( 'NONE',  ( -0.000000000000000000, 3.489217355721594252E-17, -1.000000000000000000 ) ) ;
#344 = ORIENTED_EDGE ( 'NONE', *, *, #2650, .T. ) ;
#345 = CARTESIAN_POINT ( 'NONE',  ( 86.99999999999998579, 45.55513627132926047, 1.589517721201843648E-15 ) ) ;
#346 = CARTESIAN_POINT ( 'NONE',  ( 37.50000000000000711, 101.4800689266309348, -9.852509501688617277 ) ) ;
#347 = DIRECTION ( 'NONE',  ( 0.8660254037844378194, -0.5000000000000015543, 0.000000000000000000 ) ) ;
#348 = DIRECTION ( 'NONE',  ( 0.4999999999999992228, -0.8660254037844391517, -3.021750869380466718E-17 ) ) ;
#349 = CARTESIAN_POINT ( 'NONE',  ( 123.7499999999999858, 15.67725984076611567, 10.00000000000000000 ) ) ;
#350 = DIRECTION ( 'NONE',  ( 0.000000000000000000, -1.000000000000000000, 0.000000000000000000 ) ) ;
#351 = ADVANCED_FACE ( 'NONE', ( #1265, #6671 ), #5597, .T. ) ;
#352 = VERTEX_POINT ( 'NONE', #2823 ) ;
#353 = MANIFOLD_SOLID_BREP ( 'Redondeo1', #6188 ) ;
#354 = VERTEX_POINT ( 'NONE', #1223 ) ;
#355 = APPLICATION_PROTOCOL_DEFINITION ( 'international standard', 'config_control_design', 1994, #2928 ) ;
#356 = DIRECTION ( 'NONE',  ( 0.000000000000000000, 1.000000000000000000, 0.000000000000000000 ) ) ;
#357 = CARTESIAN_POINT ( 'NONE',  ( 150.0010000000000048, 85.06340628446157837, 10.81072832108001514 ) ) ;
#358 = ORIENTED_EDGE ( 'NONE', *, *, #2548, .F. ) ;
#359 = EDGE_CURVE ( 'NONE', #1322, #7148, #5020, .T. ) ;
#360 = ORIENTED_EDGE ( 'NONE', *, *, #3703, .F. ) ;
#361 = LINE ( 'NONE', #466, #2603 ) ;
#362 = LINE ( 'NONE', #2690, #4143 ) ;
#363 = AXIS2_PLACEMENT_3D ( 'NONE', #4855, #2632, #4825 ) ;
#364 = LINE ( 'NONE', #3744, #6713 ) ;
#365 = DIRECTION ( 'NONE',  ( -3.318315740031390775E-16, 0.000000000000000000, -1.000000000000000000 ) ) ;
#366 = ADVANCED_FACE ( 'NONE', ( #1304 ), #4479, .F. ) ;
#367 = VECTOR ( 'NONE', #6857, 1000.000000000000000 ) ;
#368 = EDGE_LOOP ( 'NONE', ( #1239, #3425, #5625, #5589 ) ) ;
#369 = EDGE_CURVE ( 'NONE', #2552, #6792, #5668, .T. ) ;
#370 = AXIS2_PLACEMENT_3D ( 'NONE', #3148, #996, #6501 ) ;
#371 = ORIENTED_EDGE ( 'NONE', *, *, #2709, .F. ) ;
#372 = VECTOR ( 'NONE', #7038, 1000.000000000000000 ) ;
#373 = EDGE_LOOP ( 'NONE', ( #5807, #5924, #1716, #1764, #6567, #6949 ) ) ;
#374 = CARTESIAN_POINT ( 'NONE',  ( 23.99999999999999289, 79.33012701892224072, 10.00000000000000355 ) ) ;
#375 = LINE ( 'NONE', #5763, #2907 ) ;
#376 = FACE_BOUND ( 'NONE', #2656, .T. ) ;
#377 = CARTESIAN_POINT ( 'NONE',  ( 37.50000000000000711, 100.0000000000000000, 1.639121762966653288E-14 ) ) ;
#378 = CARTESIAN_POINT ( 'NONE',  ( 82.49999999999998579, 79.33012701892224072, 10.00000000000000355 ) ) ;
#379 = ADVANCED_FACE ( 'NONE', ( #6177 ), #1853, .T. ) ;
#380 = CARTESIAN_POINT ( 'NONE',  ( 16.49999999999993250, 49.88526329025141592, 10.00000000000000178 ) ) ;
#381 = LINE ( 'NONE', #4186, #2118 ) ;
#382 = VECTOR ( 'NONE', #5831, 1000.000000000000000 ) ;
#383 = DIRECTION ( 'NONE',  ( 0.000000000000000000, 0.000000000000000000, -1.000000000000000000 ) ) ;
#384 = PLANE ( 'NONE',  #2913 ) ;
#385 = FACE_OUTER_BOUND ( 'NONE', #5058, .T. ) ;
#386 = CARTESIAN_POINT ( 'NONE',  ( 28.49999999999999645, 45.55513627132927468, 3.000000000000019096 ) ) ;
#387 = VECTOR ( 'NONE', #4095, 1000.000000000000000 ) ;
#388 = ORIENTED_EDGE ( 'NONE', *, *, #2759, .F. ) ;
#389 = ORIENTED_EDGE ( 'NONE', *, *, #1242, .F. ) ;
#390 = VERTEX_POINT ( 'NONE', #6750 ) ;
#391 = FACE_OUTER_BOUND ( 'NONE', #6265, .T. ) ;
#392 = PLANE ( 'NONE',  #4643 ) ;
#393 = CARTESIAN_POINT ( 'NONE',  ( 65.25000000000000000, 15.67725984076614942, 10.00000000000000000 ) ) ;
#394 = AXIS2_PLACEMENT_3D ( 'NONE', #1482, #3690, #5886 ) ;
#395 = ORIENTED_EDGE ( 'NONE', *, *, #608, .F. ) ;
#396 = VECTOR ( 'NONE', #1856, 1000.000000000000114 ) ;
#397 = LINE ( 'NONE', #4817, #4665 ) ;
#398 = CARTESIAN_POINT ( 'NONE',  ( 84.74999999999998579, 32.99776791645491159, 1.151363845141676593E-15 ) ) ;
#399 = CARTESIAN_POINT ( 'NONE',  ( 77.24999999999998579, 62.44263164512570086, 10.00000000000000178 ) ) ;
#400 = EDGE_CURVE ( 'NONE', #1930, #5769, #1816, .T. ) ;
#401 = CARTESIAN_POINT ( 'NONE',  ( 84.74999999999997158, 15.67725984076613699, 10.00000000000000000 ) ) ;
#402 = ORIENTED_EDGE ( 'NONE', *, *, #1434, .T. ) ;
#403 = ORIENTED_EDGE ( 'NONE', *, *, #5758, .T. ) ;
#404 = CARTESIAN_POINT ( 'NONE',  ( 77.25000000000001421, 28.66764089753273836, 10.00000000000000178 ) ) ;
#405 = CARTESIAN_POINT ( 'NONE',  ( 150.0000000000000000, 100.0000000000000000, 3.489217355721594350E-15 ) ) ;
#406 = FACE_BOUND ( 'NONE', #2556, .T. ) ;
#407 = EDGE_CURVE ( 'NONE', #7013, #6730, #5884, .T. ) ;
#408 = PLANE ( 'NONE',  #6784 ) ;
#409 = LINE ( 'NONE', #2199, #2560 ) ;
#410 = AXIS2_PLACEMENT_3D ( 'NONE', #1284, #5421, #5302 ) ;
#411 = LINE ( 'NONE', #380, #507 ) ;
#412 = EDGE_LOOP ( 'NONE', ( #1533, #165, #6518, #3732 ) ) ;
#413 = DIRECTION ( 'NONE',  ( 0.8660254037844387076, -0.4999999999999998890, -1.744608677860796818E-17 ) ) ;
#414 = DIRECTION ( 'NONE',  ( 0.8660254037844390407, 0.4999999999999991673, 0.000000000000000000 ) ) ;
#415 = CARTESIAN_POINT ( 'NONE',  ( 16.49999999999993250, 49.88526329025141592, 1.740605264670865696E-15 ) ) ;
#416 = EDGE_CURVE ( 'NONE', #5610, #3912, #4093, .T. ) ;
#417 = CARTESIAN_POINT ( 'NONE',  ( 106.5000000000000000, 79.33012701892225493, 10.00000000000000355 ) ) ;
#418 = LINE ( 'NONE', #2643, #1135 ) ;
#419 = ORIENTED_EDGE ( 'NONE', *, *, #302, .T. ) ;
#420 = ORIENTED_EDGE ( 'NONE', *, *, #4620, .F. ) ;
#421 = ORIENTED_EDGE ( 'NONE', *, *, #4524, .T. ) ;
#422 = VERTEX_POINT ( 'NONE', #4022 ) ;
#423 = PLANE ( 'NONE',  #4550 ) ;
#424 = CARTESIAN_POINT ( 'NONE',  ( 45.75000000000000000, 49.45225058835914922, 3.000000000000019096 ) ) ;
#425 = CARTESIAN_POINT ( 'NONE',  ( 150.0000000000000000, 33.49486378953767485, 79.31121421188650800 ) ) ;
#426 = CARTESIAN_POINT ( 'NONE',  ( 37.50000000000000711, 101.4800689266309348, -7.352509501688614613 ) ) ;
#427 = ADVANCED_FACE ( 'NONE', ( #5626 ), #2892, .F. ) ;
#428 = ORIENTED_EDGE ( 'NONE', *, *, #3961, .T. ) ;
#429 = ORIENTED_EDGE ( 'NONE', *, *, #262, .T. ) ;
#430 = FACE_OUTER_BOUND ( 'NONE', #1878, .T. ) ;
#431 = DIRECTION ( 'NONE',  ( -0.8660254037844383745, 0.5000000000000004441, 0.000000000000000000 ) ) ;
#432 = CARTESIAN_POINT ( 'NONE',  ( 126.0000000000000000, 45.55513627132927468, 3.000000000000019096 ) ) ;
#433 = AXIS2_PLACEMENT_3D ( 'NONE', #35, #3848, #6043 ) ;
#434 = CARTESIAN_POINT ( 'NONE',  ( -102.7973520826014635, -18.99109504824800254, 3.000000000000019096 ) ) ;
#435 = ORIENTED_EDGE ( 'NONE', *, *, #465, .F. ) ;
#436 = EDGE_CURVE ( 'NONE', #6257, #1115, #6791, .T. ) ;
#437 = EDGE_CURVE ( 'NONE', #7125, #3775, #3139, .T. ) ;
#438 = ORIENTED_EDGE ( 'NONE', *, *, #6719, .F. ) ;
#439 = CARTESIAN_POINT ( 'NONE',  ( 9.000000000000007105, 45.55513627132927468, 10.00000000000000178 ) ) ;
#440 = CARTESIAN_POINT ( 'NONE',  ( 96.75000000000000000, 28.66764089753272771, 10.00000000000000178 ) ) ;
#441 = DIRECTION ( 'NONE',  ( 1.000000000000000000, -0.000000000000000000, -1.437389243825479109E-16 ) ) ;
#442 = CARTESIAN_POINT ( 'NONE',  ( 150.0000000000000000, 33.49486378953767485, 81.01121421188651084 ) ) ;
#443 = CARTESIAN_POINT ( 'NONE',  ( 141.0000000000000000, 79.33012701892224072, 2.768000560260220670E-15 ) ) ;
#444 = EDGE_CURVE ( 'NONE', #6792, #1018, #4833, .T. ) ;
#445 = EDGE_LOOP ( 'NONE', ( #3032, #4809, #3670, #2213 ) ) ;
#446 = CARTESIAN_POINT ( 'NONE',  ( 82.49999999999998579, 45.55513627132918941, 1.589517721201841282E-15 ) ) ;
#447 = CARTESIAN_POINT ( 'NONE',  ( 26.24999999999999645, 49.45225058835914922, 1.725496510323961677E-15 ) ) ;
#448 = EDGE_CURVE ( 'NONE', #5795, #189, #4738, .T. ) ;
#449 = VECTOR ( 'NONE', #61, 999.9999999999998863 ) ;
#450 = CARTESIAN_POINT ( 'NONE',  ( 126.0000000000000000, 36.89488223348482165, 10.00000000000000178 ) ) ;
#451 = DIRECTION ( 'NONE',  ( 1.000000000000000000, 0.000000000000000000, -3.318315740031391761E-16 ) ) ;
#452 = ORIENTED_EDGE ( 'NONE', *, *, #3890, .T. ) ;
#453 = ORIENTED_EDGE ( 'NONE', *, *, #5317, .T. ) ;
#454 = PLANE ( 'NONE',  #489 ) ;
#455 = ORIENTED_EDGE ( 'NONE', *, *, #1118, .T. ) ;
#456 = ADVANCED_FACE ( 'NONE', ( #4290 ), #6964, .F. ) ;
#457 = ORIENTED_EDGE ( 'NONE', *, *, #6675, .F. ) ;
#458 = CARTESIAN_POINT ( 'NONE',  ( 84.74999999999998579, 49.45225058835914922, 10.00000000000000178 ) ) ;
#459 = LINE ( 'NONE', #1594, #3512 ) ;
#460 = LINE ( 'NONE', #4911, #5441 ) ;
#461 = DIRECTION ( 'NONE',  ( -1.000000000000000000, -3.204937810639276281E-15, -1.118272463289092942E-31 ) ) ;
#462 = PLANE ( 'NONE',  #162 ) ;
#463 = VERTEX_POINT ( 'NONE', #2575 ) ;
#464 = ORIENTED_EDGE ( 'NONE', *, *, #137, .F. ) ;
#465 = EDGE_CURVE ( 'NONE', #303, #957, #919, .T. ) ;
#466 = CARTESIAN_POINT ( 'NONE',  ( -85.54735208260152035, -48.86897147881133208, 3.000000000000019096 ) ) ;
#467 = DIRECTION ( 'NONE',  ( 0.5000000000000004441, 0.8660254037844383745, 3.021750869380464253E-17 ) ) ;
#468 = DIRECTION ( 'NONE',  ( 0.000000000000000000, 0.000000000000000000, -1.000000000000000000 ) ) ;
#469 = LINE ( 'NONE', #937, #5701 ) ;
#470 = ORIENTED_EDGE ( 'NONE', *, *, #5542, .T. ) ;
#471 = VERTEX_POINT ( 'NONE', #2030 ) ;
#472 = ORIENTED_EDGE ( 'NONE', *, *, #1169, .F. ) ;
#473 = AXIS2_PLACEMENT_3D ( 'NONE', #4680, #1316, #1939 ) ;
#474 = CARTESIAN_POINT ( 'NONE',  ( 150.0010000000000332, 30.00000000000000000, 77.93913278898531871 ) ) ;
#475 = LINE ( 'NONE', #1582, #1293 ) ;
#476 = FACE_OUTER_BOUND ( 'NONE', #22, .T. ) ;
#477 = DIRECTION ( 'NONE',  ( -1.000000000000000000, 1.602468905319638141E-15, 5.591362316445464709E-32 ) ) ;
#478 = LINE ( 'NONE', #3788, #2778 ) ;
#479 = AXIS2_PLACEMENT_3D ( 'NONE', #5070, #6237, #1402 ) ;
#480 = DIRECTION ( 'NONE',  ( 1.000000000000000000, -0.000000000000000000, -0.000000000000000000 ) ) ;
#481 = CARTESIAN_POINT ( 'NONE',  ( 67.50000000000000000, 70.66987298107780191, 2.465825473322171841E-15 ) ) ;
#482 = AXIS2_PLACEMENT_3D ( 'NONE', #1193, #1679, #1110 ) ;
#483 = ADVANCED_FACE ( 'NONE', ( #385 ), #4227, .F. ) ;
#484 = CARTESIAN_POINT ( 'NONE',  ( 62.99999999999998579, 70.66987298107788718, 2.465825473322174997E-15 ) ) ;
#485 = CARTESIAN_POINT ( 'NONE',  ( 38.24999999999999289, 62.44263164512570086, 10.00000000000000178 ) ) ;
#486 = ORIENTED_EDGE ( 'NONE', *, *, #4862, .F. ) ;
#487 = EDGE_LOOP ( 'NONE', ( #5264, #5388, #6250, #4617 ) ) ;
#488 = ORIENTED_EDGE ( 'NONE', *, *, #3127, .T. ) ;
#489 = AXIS2_PLACEMENT_3D ( 'NONE', #4687, #3639, #5838 ) ;
#490 = DIRECTION ( 'NONE',  ( -0.000000000000000000, 1.000000000000000000, 3.489217355721594868E-17 ) ) ;
#491 = DIRECTION ( 'NONE',  ( -0.000000000000000000, 1.000000000000000000, -0.000000000000000000 ) ) ;
#492 = DIRECTION ( 'NONE',  ( -0.000000000000000000, 3.489217355721594252E-17, -1.000000000000000000 ) ) ;
#493 = CARTESIAN_POINT ( 'NONE',  ( 55.49999999999997868, 83.66025403784443881, 10.00000000000000355 ) ) ;
#494 = DIRECTION ( 'NONE',  ( -0.000000000000000000, 3.489217355721594252E-17, -1.000000000000000000 ) ) ;
#495 = EDGE_CURVE ( 'NONE', #6129, #1829, #4330, .T. ) ;
#496 = CIRCLE ( 'NONE', #1320, 4.499999999999996447 ) ;
#497 = ORIENTED_EDGE ( 'NONE', *, *, #4389, .F. ) ;
#498 = VECTOR ( 'NONE', #3158, 1000.000000000000000 ) ;
#499 = ORIENTED_EDGE ( 'NONE', *, *, #2670, .T. ) ;
#500 = LINE ( 'NONE', #5938, #6615 ) ;
#501 = CARTESIAN_POINT ( 'NONE',  ( 53.24999999999997868, 53.78237760728132599, 10.00000000000000178 ) ) ;
#502 = FACE_OUTER_BOUND ( 'NONE', #4073, .T. ) ;
#503 = EDGE_CURVE ( 'NONE', #6186, #1803, #6490, .T. ) ;
#504 = AXIS2_PLACEMENT_3D ( 'NONE', #3175, #348, #414 ) ;
#505 = VECTOR ( 'NONE', #6407, 1000.000000000000000 ) ;
#506 = CARTESIAN_POINT ( 'NONE',  ( 72.74999999999998579, 20.00738685968832087, 3.000000000000019096 ) ) ;
#507 = VECTOR ( 'NONE', #6415, 1000.000000000000000 ) ;
#508 = EDGE_LOOP ( 'NONE', ( #3547, #2921, #154, #5697 ) ) ;
#509 = ORIENTED_EDGE ( 'NONE', *, *, #5324, .F. ) ;
#510 = VECTOR ( 'NONE', #819, 1000.000000000000114 ) ;
#511 = CARTESIAN_POINT ( 'NONE',  ( 150.0010000000000332, 17.99486378953768551, 74.56121421188649379 ) ) ;
#512 = AXIS2_PLACEMENT_3D ( 'NONE', #758, #2983, #829 ) ;
#513 = FACE_OUTER_BOUND ( 'NONE', #4280, .T. ) ;
#514 = EDGE_CURVE ( 'NONE', #2187, #4458, #3762, .T. ) ;
#515 = LINE ( 'NONE', #3313, #914 ) ;
#516 = ORIENTED_EDGE ( 'NONE', *, *, #6757, .F. ) ;
#517 = DIRECTION ( 'NONE',  ( 0.000000000000000000, 0.000000000000000000, -1.000000000000000000 ) ) ;
#518 = LINE ( 'NONE', #2172, #3381 ) ;
#519 = AXIS2_PLACEMENT_3D ( 'NONE', #2665, #4854, #4387 ) ;
#520 = CARTESIAN_POINT ( 'NONE',  ( 131.2500000000000000, 53.78237760728131178, 3.000000000000019096 ) ) ;
#521 = DIRECTION ( 'NONE',  ( 0.8660254037844383745, 0.5000000000000003331, 0.000000000000000000 ) ) ;
#522 = ORIENTED_EDGE ( 'NONE', *, *, #6719, .T. ) ;
#523 = ORIENTED_EDGE ( 'NONE', *, *, #792, .T. ) ;
#524 = EDGE_CURVE ( 'NONE', #287, #5347, #7002, .T. ) ;
#525 = DIRECTION ( 'NONE',  ( -0.8660254037844385966, 0.4999999999999998890, 0.000000000000000000 ) ) ;
#526 = FACE_OUTER_BOUND ( 'NONE', #5878, .T. ) ;
#527 = DIRECTION ( 'NONE',  ( 0.8660254037844383745, -0.5000000000000003331, -1.744608677860795893E-17 ) ) ;
#528 = CARTESIAN_POINT ( 'NONE',  ( 133.4999999999999147, 49.88526329025141592, 1.740605264670865696E-15 ) ) ;
#529 = LINE ( 'NONE', #6775, #3459 ) ;
#530 = CARTESIAN_POINT ( 'NONE',  ( 150.0010000000000048, 38.99486378953768906, 34.56121421188648668 ) ) ;
#531 = CARTESIAN_POINT ( 'NONE',  ( 110.6723520826015914, -15.74349978405650852, 3.000000000000019096 ) ) ;
#532 = ORIENTED_EDGE ( 'NONE', *, *, #1637, .F. ) ;
#533 = ORIENTED_EDGE ( 'NONE', *, *, #5507, .T. ) ;
#534 = EDGE_CURVE ( 'NONE', #6113, #1930, #2063, .T. ) ;
#535 = CARTESIAN_POINT ( 'NONE',  ( 72.74999999999998579, 20.00738685968832087, 6.981012147346066042E-16 ) ) ;
#536 = LINE ( 'NONE', #4416, #2649 ) ;
#537 = EDGE_CURVE ( 'NONE', #3845, #4307, #5410, .T. ) ;
#538 = CARTESIAN_POINT ( 'NONE',  ( 18.75000000000000355, 28.66764089753276679, 10.00000000000000178 ) ) ;
#539 = ORIENTED_EDGE ( 'NONE', *, *, #1030, .T. ) ;
#540 = VERTEX_POINT ( 'NONE', #1587 ) ;
#541 = VERTEX_POINT ( 'NONE', #3213 ) ;
#542 = EDGE_CURVE ( 'NONE', #4001, #1646, #1520, .T. ) ;
#543 = VECTOR ( 'NONE', #1013, 1000.000000000000000 ) ;
#544 = DIRECTION ( 'NONE',  ( -0.000000000000000000, 3.489217355721594252E-17, -1.000000000000000000 ) ) ;
#545 = AXIS2_PLACEMENT_3D ( 'NONE', #3981, #631, #1705 ) ;
#546 = EDGE_LOOP ( 'NONE', ( #1698, #6329, #5282, #923 ) ) ;
#547 = ORIENTED_EDGE ( 'NONE', *, *, #4968, .F. ) ;
#548 = ADVANCED_FACE ( 'NONE', ( #953 ), #3179, .F. ) ;
#549 = FACE_OUTER_BOUND ( 'NONE', #1108, .T. ) ;
#550 = CARTESIAN_POINT ( 'NONE',  ( 147.0000000000000000, -202.2374841615668686, 3.000000000000019096 ) ) ;
#551 = AXIS2_PLACEMENT_3D ( 'NONE', #2211, #6457, #4401 ) ;
#552 = CARTESIAN_POINT ( 'NONE',  ( 77.25000000000001421, 28.66764089753273836, 3.000000000000019096 ) ) ;
#553 = DIRECTION ( 'NONE',  ( -0.5000000000000021094, -0.8660254037844374864, -3.021750869380461172E-17 ) ) ;
#554 = VERTEX_POINT ( 'NONE', #5443 ) ;
#555 = VERTEX_POINT ( 'NONE', #484 ) ;
#556 = VECTOR ( 'NONE', #2386, 1000.000000000000000 ) ;
#557 = ORIENTED_EDGE ( 'NONE', *, *, #770, .T. ) ;
#558 = DIRECTION ( 'NONE',  ( 0.000000000000000000, 0.000000000000000000, -1.000000000000000000 ) ) ;
#559 = VECTOR ( 'NONE', #2392, 1000.000000000000000 ) ;
#560 = CARTESIAN_POINT ( 'NONE',  ( 127.5473520826011509, 13.48485759366860393, 3.000000000000019096 ) ) ;
#561 = LINE ( 'NONE', #684, #5730 ) ;
#562 = FACE_OUTER_BOUND ( 'NONE', #4421, .T. ) ;
#563 = EDGE_CURVE ( 'NONE', #6993, #856, #5378, .T. ) ;
#564 = ORIENTED_EDGE ( 'NONE', *, *, #6507, .F. ) ;
#565 = AXIS2_PLACEMENT_3D ( 'NONE', #3135, #6379, #1983 ) ;
#566 = ORIENTED_EDGE ( 'NONE', *, *, #1477, .T. ) ;
#567 = FACE_OUTER_BOUND ( 'NONE', #7132, .T. ) ;
#568 = DIRECTION ( 'NONE',  ( 0.8660254037844387076, 0.4999999999999997780, 0.000000000000000000 ) ) ;
#569 = CARTESIAN_POINT ( 'NONE',  ( 9.000000000000007105, 70.66987298107780191, 2.465825473322171841E-15 ) ) ;
#570 = EDGE_LOOP ( 'NONE', ( #1204, #1841, #5152, #6897 ) ) ;
#571 = EDGE_CURVE ( 'NONE', #4023, #3162, #4193, .T. ) ;
#572 = PRODUCT_DEFINITION ( 'UNKNOWN', '', #7083, #6455 ) ;
#573 = ORIENTED_EDGE ( 'NONE', *, *, #2800, .T. ) ;
#574 = EDGE_LOOP ( 'NONE', ( #234, #4459, #6476, #6363, #2214, #2520 ) ) ;
#575 = PLANE ( 'NONE',  #3402 ) ;
#576 = EDGE_CURVE ( 'NONE', #6467, #5577, #2006, .T. ) ;
#577 = EDGE_CURVE ( 'NONE', #665, #5177, #4466, .T. ) ;
#578 = ORIENTED_EDGE ( 'NONE', *, *, #2017, .F. ) ;
#579 = ORIENTED_EDGE ( 'NONE', *, *, #400, .T. ) ;
#580 = DIRECTION ( 'NONE',  ( 0.8660254037844383745, -0.5000000000000004441, 0.000000000000000000 ) ) ;
#581 = ORIENTED_EDGE ( 'NONE', *, *, #2630, .F. ) ;
#582 = LINE ( 'NONE', #447, #4312 ) ;
#583 = AXIS2_PLACEMENT_3D ( 'NONE', #3826, #2167, #2296 ) ;
#584 = VECTOR ( 'NONE', #1933, 1000.000000000000000 ) ;
#585 = LINE ( 'NONE', #685, #4031 ) ;
#586 = EDGE_CURVE ( 'NONE', #3611, #19, #1306, .T. ) ;
#587 = ADVANCED_FACE ( 'NONE', ( #2710 ), #6660, .F. ) ;
#588 = DIRECTION ( 'NONE',  ( -0.000000000000000000, 3.489217355721594252E-17, -1.000000000000000000 ) ) ;
#589 = VERTEX_POINT ( 'NONE', #2746 ) ;
#590 = ORIENTED_EDGE ( 'NONE', *, *, #4105, .F. ) ;
#591 = VECTOR ( 'NONE', #1431, 1000.000000000000000 ) ;
#592 = VERTEX_POINT ( 'NONE', #520 ) ;
#593 = DIRECTION ( 'NONE',  ( 0.4999999999999998335, -0.8660254037844388186, -3.021750869380465486E-17 ) ) ;
#594 = APPROVAL_DATE_TIME ( #5012, #52 ) ;
#595 = FACE_OUTER_BOUND ( 'NONE', #5818, .T. ) ;
#596 = EDGE_CURVE ( 'NONE', #1749, #2225, #1697, .T. ) ;
#597 = FACE_OUTER_BOUND ( 'NONE', #6356, .T. ) ;
#598 = ORIENTED_EDGE ( 'NONE', *, *, #2899, .T. ) ;
#599 = VERTEX_POINT ( 'NONE', #4937 ) ;
#600 = DIRECTION ( 'NONE',  ( -0.000000000000000000, -1.000000000000000000, -0.000000000000000000 ) ) ;
#601 = DIRECTION ( 'NONE',  ( 0.8660254037844385966, 0.4999999999999998890, 0.000000000000000000 ) ) ;
#602 = LINE ( 'NONE', #980, #5260 ) ;
#603 = VECTOR ( 'NONE', #4899, 1000.000000000000000 ) ;
#604 = EDGE_LOOP ( 'NONE', ( #1656, #4885, #3367, #1054 ) ) ;
#605 = VECTOR ( 'NONE', #6537, 1000.000000000000000 ) ;
#606 = ORIENTED_EDGE ( 'NONE', *, *, #898, .T. ) ;
#607 = PLANE ( 'NONE',  #482 ) ;
#608 = EDGE_CURVE ( 'NONE', #4072, #5778, #4902, .T. ) ;
#609 = DIRECTION ( 'NONE',  ( -1.000000000000000000, -0.000000000000000000, -0.000000000000000000 ) ) ;
#610 = AXIS2_PLACEMENT_3D ( 'NONE', #2459, #4655, #1726 ) ;
#611 = ORIENTED_EDGE ( 'NONE', *, *, #1825, .F. ) ;
#612 = CIRCLE ( 'NONE', #3178, 20.00000000000000355 ) ;
#613 = ORIENTED_EDGE ( 'NONE', *, *, #756, .T. ) ;
#614 = VERTEX_POINT ( 'NONE', #3934 ) ;
#615 = ORIENTED_EDGE ( 'NONE', *, *, #3868, .F. ) ;
#616 = CARTESIAN_POINT ( 'NONE',  ( 43.49999999999998579, 45.55513627132918941, 1.589517721201841282E-15 ) ) ;
#617 = EDGE_CURVE ( 'NONE', #4195, #3483, #2811, .T. ) ;
#618 = AXIS2_PLACEMENT_3D ( 'NONE', #3272, #3894, #2667 ) ;
#619 = EDGE_CURVE ( 'NONE', #3871, #6974, #3968, .T. ) ;
#620 = LINE ( 'NONE', #2875, #1493 ) ;
#621 = CARTESIAN_POINT ( 'NONE',  ( 111.7499999999999574, 28.66764089753270994, 10.00000000000000178 ) ) ;
#622 = CARTESIAN_POINT ( 'NONE',  ( 33.74999999999997158, 53.78237760728132599, 10.00000000000000178 ) ) ;
#623 = VERTEX_POINT ( 'NONE', #6125 ) ;
#624 = DIRECTION ( 'NONE',  ( 0.8660254037844387076, -0.4999999999999998335, -1.744608677860798667E-17 ) ) ;
#625 = EDGE_LOOP ( 'NONE', ( #613, #6290, #3590, #2918, #5102, #4997 ) ) ;
#626 = EDGE_LOOP ( 'NONE', ( #579, #330, #4050, #6969 ) ) ;
#627 = CARTESIAN_POINT ( 'NONE',  ( 82.49999999999998579, -202.2374841615668686, 3.000000000000019096 ) ) ;
#628 = EDGE_CURVE ( 'NONE', #5032, #4635, #5548, .T. ) ;
#629 = FACE_OUTER_BOUND ( 'NONE', #6266, .T. ) ;
#630 = CARTESIAN_POINT ( 'NONE',  ( 0.000000000000000000, 49.99999999999999289, 90.00000000000001421 ) ) ;
#631 = DIRECTION ( 'NONE',  ( -0.5000000000000015543, -0.8660254037844378194, -3.021750869380462404E-17 ) ) ;
#632 = ORIENTED_EDGE ( 'NONE', *, *, #3627, .T. ) ;
#633 = CARTESIAN_POINT ( 'NONE',  ( 33.74999999999997158, 20.00738685968834218, 10.00000000000000000 ) ) ;
#634 = EDGE_LOOP ( 'NONE', ( #3250, #5113, #2511, #3629 ) ) ;
#635 = DIRECTION ( 'NONE',  ( -0.000000000000000000, -1.000000000000000000, -3.489217355721593635E-17 ) ) ;
#636 = ADVANCED_FACE ( 'NONE', ( #4431 ), #1167, .F. ) ;
#637 = CARTESIAN_POINT ( 'NONE',  ( 65.25000000000000000, 66.77275866404791316, 3.000000000000019096 ) ) ;
#638 = LINE ( 'NONE', #5054, #2914 ) ;
#639 = DIRECTION ( 'NONE',  ( 0.000000000000000000, 0.000000000000000000, 1.000000000000000000 ) ) ;
#640 = EDGE_LOOP ( 'NONE', ( #5585, #5566, #5826, #2760 ) ) ;
#641 = ORIENTED_EDGE ( 'NONE', *, *, #1495, .F. ) ;
#642 = CARTESIAN_POINT ( 'NONE',  ( 101.9999999999999858, 79.33012701892224072, 2.768000560260220670E-15 ) ) ;
#643 = ORIENTED_EDGE ( 'NONE', *, *, #4822, .T. ) ;
#644 = ADVANCED_FACE ( 'NONE', ( #1131 ), #1097, .F. ) ;
#645 = ORIENTED_EDGE ( 'NONE', *, *, #7039, .F. ) ;
#646 = ORIENTED_EDGE ( 'NONE', *, *, #820, .F. ) ;
#647 = LINE ( 'NONE', #48, #4203 ) ;
#648 = ORIENTED_EDGE ( 'NONE', *, *, #110, .F. ) ;
#649 = CARTESIAN_POINT ( 'NONE',  ( 57.74999999999999289, 20.00738685968836350, 3.000000000000019096 ) ) ;
#650 = DIRECTION ( 'NONE',  ( -0.000000000000000000, 3.489217355721594252E-17, -1.000000000000000000 ) ) ;
#651 = LINE ( 'NONE', #6732, #3688 ) ;
#652 = VECTOR ( 'NONE', #2, 1000.000000000000000 ) ;
#653 = CARTESIAN_POINT ( 'NONE',  ( 37.50000000000000711, 104.4764486738543354, -3.995172996297862600 ) ) ;
#654 = EDGE_CURVE ( 'NONE', #4461, #1470, #6690, .T. ) ;
#655 = ORIENTED_EDGE ( 'NONE', *, *, #6115, .F. ) ;
#656 = DIRECTION ( 'NONE',  ( 1.000000000000000000, 0.000000000000000000, 0.000000000000000000 ) ) ;
#657 = EDGE_LOOP ( 'NONE', ( #890, #2963, #3185, #6758, #2319, #1006 ) ) ;
#658 = ORIENTED_EDGE ( 'NONE', *, *, #5941, .F. ) ;
#659 = CARTESIAN_POINT ( 'NONE',  ( 77.24999999999998579, 62.44263164512570086, 2.178759140731030384E-15 ) ) ;
#660 = DIRECTION ( 'NONE',  ( 1.000000000000000000, -0.000000000000000000, -0.000000000000000000 ) ) ;
#661 = LINE ( 'NONE', #6786, #2369 ) ;
#662 = ADVANCED_FACE ( 'NONE', ( #3420 ), #2173, .F. ) ;
#663 = FACE_BOUND ( 'NONE', #4579, .T. ) ;
#664 = EDGE_CURVE ( 'NONE', #1953, #2580, #5518, .T. ) ;
#665 = VERTEX_POINT ( 'NONE', #4400 ) ;
#666 = VECTOR ( 'NONE', #5308, 1000.000000000000000 ) ;
#667 = VECTOR ( 'NONE', #4291, 1000.000000000000114 ) ;
#668 = LINE ( 'NONE', #3948, #2020 ) ;
#669 = CARTESIAN_POINT ( 'NONE',  ( 84.74999999999998579, 49.45225058835914922, 1.725496510323961677E-15 ) ) ;
#670 = DIRECTION ( 'NONE',  ( -0.000000000000000000, 3.489217355721594252E-17, -1.000000000000000000 ) ) ;
#671 = VECTOR ( 'NONE', #8, 1000.000000000000000 ) ;
#672 = EDGE_CURVE ( 'NONE', #4395, #4760, #6595, .T. ) ;
#673 = ORIENTED_EDGE ( 'NONE', *, *, #3846, .F. ) ;
#674 = ORIENTED_EDGE ( 'NONE', *, *, #6009, .T. ) ;
#675 = CARTESIAN_POINT ( 'NONE',  ( 123.7500000000000426, 49.45225058835912080, 10.00000000000000178 ) ) ;
#676 = DIRECTION ( 'NONE',  ( 0.000000000000000000, -1.000000000000000000, 0.000000000000000000 ) ) ;
#677 = CARTESIAN_POINT ( 'NONE',  ( 147.0000000000000284, 20.24512143266962738, 105.6988552916603652 ) ) ;
#678 = EDGE_LOOP ( 'NONE', ( #4713, #7160, #1389, #3905 ) ) ;
#679 = ORIENTED_EDGE ( 'NONE', *, *, #2865, .T. ) ;
#680 = EDGE_LOOP ( 'NONE', ( #2036, #5123, #7051, #76, #2973, #7012 ) ) ;
#681 = PLANE ( 'NONE',  #2353 ) ;
#682 = EDGE_LOOP ( 'NONE', ( #3465, #4790, #2803, #5042 ) ) ;
#683 = DIRECTION ( 'NONE',  ( -0.8660254037844387076, -0.4999999999999998890, -1.744608677860796818E-17 ) ) ;
#684 = CARTESIAN_POINT ( 'NONE',  ( 96.75000000000000000, 53.78237760728131889, 1.876584053792984316E-15 ) ) ;
#685 = CARTESIAN_POINT ( 'NONE',  ( 43.49999999999998579, 36.89488223348483587, 10.00000000000000178 ) ) ;
#686 = CARTESIAN_POINT ( 'NONE',  ( 122.6723520826013640, 5.041109906770035565, 3.000000000000019096 ) ) ;
#687 = LINE ( 'NONE', #5327, #505 ) ;
#688 = ORIENTED_EDGE ( 'NONE', *, *, #2364, .F. ) ;
#689 = CARTESIAN_POINT ( 'NONE',  ( -75.79735208260146351, -65.75646685260755930, 3.000000000000019096 ) ) ;
#690 = ORIENTED_EDGE ( 'NONE', *, *, #2623, .T. ) ;
#691 = ORIENTED_EDGE ( 'NONE', *, *, #3383, .T. ) ;
#692 = LINE ( 'NONE', #627, #100 ) ;
#693 = AXIS2_PLACEMENT_3D ( 'NONE', #3940, #2924, #1259 ) ;
#694 = FACE_BOUND ( 'NONE', #6082, .T. ) ;
#695 = DIRECTION ( 'NONE',  ( 0.8660254037844383745, -0.5000000000000003331, 0.000000000000000000 ) ) ;
#696 = EDGE_CURVE ( 'NONE', #6373, #142, #1660, .T. ) ;
#697 = DIRECTION ( 'NONE',  ( -0.8660254037844390407, -0.4999999999999992228, -1.744608677860794661E-17 ) ) ;
#698 = CARTESIAN_POINT ( 'NONE',  ( 120.4223520826014493, 1.143995589740126606, 3.000000000000019096 ) ) ;
#699 = FACE_OUTER_BOUND ( 'NONE', #3316, .T. ) ;
#700 = VECTOR ( 'NONE', #1573, 1000.000000000000114 ) ;
#701 = ORIENTED_EDGE ( 'NONE', *, *, #3344, .T. ) ;
#702 = VECTOR ( 'NONE', #5505, 1000.000000000000000 ) ;
#703 = DIRECTION ( 'NONE',  ( -1.000000000000000000, -0.000000000000000000, -0.000000000000000000 ) ) ;
#704 = ORIENTED_EDGE ( 'NONE', *, *, #2557, .F. ) ;
#705 = VECTOR ( 'NONE', #3284, 1000.000000000000114 ) ;
#706 = LINE ( 'NONE', #212, #2950 ) ;
#707 = CARTESIAN_POINT ( 'NONE',  ( 123.7500000000000284, 32.99776791645489737, 3.000000000000019096 ) ) ;
#708 = CARTESIAN_POINT ( 'NONE',  ( 28.49999999999999645, 70.66987298107780191, 3.000000000000019096 ) ) ;
#709 = EDGE_CURVE ( 'NONE', #2093, #6423, #6093, .T. ) ;
#710 = DIRECTION ( 'NONE',  ( -1.602468905319638141E-15, 1.000000000000000000, 0.000000000000000000 ) ) ;
#711 = ORIENTED_EDGE ( 'NONE', *, *, #2375, .T. ) ;
#712 = ORIENTED_EDGE ( 'NONE', *, *, #5043, .T. ) ;
#713 = CARTESIAN_POINT ( 'NONE',  ( 65.25000000000000000, 66.77275866404791316, 10.00000000000000178 ) ) ;
#714 = AXIS2_PLACEMENT_3D ( 'NONE', #6449, #5342, #383 ) ;
#715 = CARTESIAN_POINT ( 'NONE',  ( 28.49999999999999645, 79.33012701892225493, 3.000000000000019096 ) ) ;
#716 = ADVANCED_FACE ( 'NONE', ( #55 ), #1802, .F. ) ;
#717 = DIRECTION ( 'NONE',  ( 0.8660254037844395958, 0.4999999999999982236, 0.000000000000000000 ) ) ;
#718 = CARTESIAN_POINT ( 'NONE',  ( 131.2500000000000000, -202.2374841615668686, 3.000000000000019096 ) ) ;
#719 = AXIS2_PLACEMENT_3D ( 'NONE', #1184, #1228, #4955 ) ;
#720 = VECTOR ( 'NONE', #5940, 1000.000000000000000 ) ;
#721 = ORIENTED_EDGE ( 'NONE', *, *, #2592, .T. ) ;
#722 = ORIENTED_EDGE ( 'NONE', *, *, #6998, .F. ) ;
#723 = ORIENTED_EDGE ( 'NONE', *, *, #6119, .F. ) ;
#724 = EDGE_CURVE ( 'NONE', #2240, #733, #2995, .T. ) ;
#725 = DIRECTION ( 'NONE',  ( 0.000000000000000000, -1.000000000000000000, 0.000000000000000000 ) ) ;
#726 = DIRECTION ( 'NONE',  ( -0.8660254037844393737, 0.4999999999999985012, 0.000000000000000000 ) ) ;
#727 = CARTESIAN_POINT ( 'NONE',  ( 18.74999999999998934, 20.00738685968838482, 6.981012147346087736E-16 ) ) ;
#728 = DIRECTION ( 'NONE',  ( 0.8660254037844387076, -0.4999999999999998890, -1.744608677860796818E-17 ) ) ;
#729 = VECTOR ( 'NONE', #6927, 1000.000000000000000 ) ;
#730 = LINE ( 'NONE', #2959, #163 ) ;
#731 = ORIENTED_EDGE ( 'NONE', *, *, #966, .T. ) ;
#732 = CARTESIAN_POINT ( 'NONE',  ( 130.1723520826014067, 18.03149096353665115, 3.000000000000019096 ) ) ;
#733 = VERTEX_POINT ( 'NONE', #1468 ) ;
#734 = VECTOR ( 'NONE', #6303, 1000.000000000000000 ) ;
#735 = EDGE_LOOP ( 'NONE', ( #573, #4437 ) ) ;
#736 = DIRECTION ( 'NONE',  ( -0.4999999999999996669, -0.8660254037844388186, -3.021750869380465486E-17 ) ) ;
#737 = VECTOR ( 'NONE', #7011, 1000.000000000000000 ) ;
#738 = FACE_BOUND ( 'NONE', #1487, .T. ) ;
#739 = CARTESIAN_POINT ( 'NONE',  ( 53.24999999999997868, 20.00738685968833508, 6.981012147346070972E-16 ) ) ;
#740 = CARTESIAN_POINT ( 'NONE',  ( 87.00000000000000000, 70.66987298107780191, 10.00000000000000178 ) ) ;
#741 = ORIENTED_EDGE ( 'NONE', *, *, #924, .T. ) ;
#742 = CARTESIAN_POINT ( 'NONE',  ( 62.99999999999998579, 45.55513627132918941, 3.000000000000019096 ) ) ;
#743 = ORIENTED_EDGE ( 'NONE', *, *, #2639, .F. ) ;
#744 = FACE_OUTER_BOUND ( 'NONE', #5872, .T. ) ;
#745 = EDGE_CURVE ( 'NONE', #5044, #6118, #1874, .T. ) ;
#746 = ORIENTED_EDGE ( 'NONE', *, *, #7158, .T. ) ;
#747 = CARTESIAN_POINT ( 'NONE',  ( 53.24999999999997868, 62.44263164512573638, 10.00000000000000178 ) ) ;
#748 = DIRECTION ( 'NONE',  ( -0.8660254037844379305, 0.5000000000000011102, 0.000000000000000000 ) ) ;
#749 = LINE ( 'NONE', #3047, #3496 ) ;
#750 = CARTESIAN_POINT ( 'NONE',  ( 109.4999999999999858, 98.48368917940753420, -10.70984600707937773 ) ) ;
#751 = ORIENTED_EDGE ( 'NONE', *, *, #761, .F. ) ;
#752 = CIRCLE ( 'NONE', #410, 4.499999999999997335 ) ;
#753 = DIRECTION ( 'NONE',  ( -0.000000000000000000, 3.489217355721594252E-17, -1.000000000000000000 ) ) ;
#754 = ADVANCED_FACE ( 'NONE', ( #197 ), #4243, .F. ) ;
#755 = ORIENTED_EDGE ( 'NONE', *, *, #617, .F. ) ;
#756 = EDGE_CURVE ( 'NONE', #2378, #6257, #905, .T. ) ;
#757 = DIRECTION ( 'NONE',  ( 0.000000000000000000, -1.000000000000000000, -1.796801581883919789E-15 ) ) ;
#758 = CARTESIAN_POINT ( 'NONE',  ( 150.0010000000000048, 80.00000000000000000, 29.90841738390767546 ) ) ;
#759 = DIRECTION ( 'NONE',  ( -0.000000000000000000, 3.489217355721594252E-17, -1.000000000000000000 ) ) ;
#760 = DIRECTION ( 'NONE',  ( -0.000000000000000000, -1.000000000000000000, -3.489217355721593635E-17 ) ) ;
#761 = EDGE_CURVE ( 'NONE', #2086, #422, #6736, .T. ) ;
#762 = ORIENTED_EDGE ( 'NONE', *, *, #2291, .F. ) ;
#763 = VERTEX_POINT ( 'NONE', #233 ) ;
#764 = LINE ( 'NONE', #3645, #1220 ) ;
#765 = DIRECTION ( 'NONE',  ( 0.000000000000000000, 0.000000000000000000, -1.000000000000000000 ) ) ;
#766 = CARTESIAN_POINT ( 'NONE',  ( 113.9999999999999716, 83.66025403784443881, 2.919088103729244296E-15 ) ) ;
#767 = LINE ( 'NONE', #5765, #5315 ) ;
#768 = PLANE ( 'NONE',  #3613 ) ;
#769 = CARTESIAN_POINT ( 'NONE',  ( 131.2500000000000000, 28.66764089753271350, 3.000000000000019096 ) ) ;
#770 = EDGE_CURVE ( 'NONE', #1677, #2120, #6984, .T. ) ;
#771 = PLANE ( 'NONE',  #610 ) ;
#772 = VERTEX_POINT ( 'NONE', #3714 ) ;
#773 = DIRECTION ( 'NONE',  ( 0.000000000000000000, 1.734723475976807094E-16, -1.000000000000000000 ) ) ;
#774 = VECTOR ( 'NONE', #5775, 1000.000000000000000 ) ;
#775 = CARTESIAN_POINT ( 'NONE',  ( 26.24999999999998224, 66.77275866404791316, 2.329846684200054010E-15 ) ) ;
#776 = CARTESIAN_POINT ( 'NONE',  ( 147.0000000000000284, 0.000000000000000000, 74.56121421188652221 ) ) ;
#777 = VERTEX_POINT ( 'NONE', #4652 ) ;
#778 = DIRECTION ( 'NONE',  ( 0.8660254037844387076, -0.4999999999999997780, 0.000000000000000000 ) ) ;
#779 = CARTESIAN_POINT ( 'NONE',  ( 96.75000000000000000, 53.78237760728131889, 10.00000000000000178 ) ) ;
#780 = VERTEX_POINT ( 'NONE', #6778 ) ;
#781 = EDGE_LOOP ( 'NONE', ( #7114, #955 ) ) ;
#782 = CARTESIAN_POINT ( 'NONE',  ( 6.968463054065929601E-16, 85.06340628446157837, 12.91072832108006807 ) ) ;
#783 = DIRECTION ( 'NONE',  ( 0.000000000000000000, 0.000000000000000000, -1.000000000000000000 ) ) ;
#784 = DIRECTION ( 'NONE',  ( -0.000000000000000000, 3.489217355721594252E-17, -1.000000000000000000 ) ) ;
#785 = EDGE_CURVE ( 'NONE', #2672, #6423, #5654, .T. ) ;
#786 = VERTEX_POINT ( 'NONE', #6200 ) ;
#787 = VERTEX_POINT ( 'NONE', #1251 ) ;
#788 = VERTEX_POINT ( 'NONE', #3500 ) ;
#789 = CARTESIAN_POINT ( 'NONE',  ( 112.4999999999999858, 100.0000000000000000, 3.947533604548819500E-15 ) ) ;
#790 = LINE ( 'NONE', #5214, #6173 ) ;
#791 = VECTOR ( 'NONE', #1669, 1000.000000000000000 ) ;
#792 = EDGE_CURVE ( 'NONE', #2259, #5603, #687, .T. ) ;
#793 = PLANE ( 'NONE',  #1084 ) ;
#794 = CARTESIAN_POINT ( 'NONE',  ( 23.99999999999999289, 79.33012701892224072, 2.768000560260220670E-15 ) ) ;
#795 = ORIENTED_EDGE ( 'NONE', *, *, #1095, .F. ) ;
#796 = EDGE_LOOP ( 'NONE', ( #2564, #6008, #107, #5383 ) ) ;
#797 = CARTESIAN_POINT ( 'NONE',  ( 131.2500000000000000, 20.00738685968829600, 3.000000000000019096 ) ) ;
#798 = LINE ( 'NONE', #3025, #6943 ) ;
#799 = EDGE_CURVE ( 'NONE', #2580, #3520, #164, .T. ) ;
#800 = CARTESIAN_POINT ( 'NONE',  ( 147.0000000000000284, 30.00000000000000000, 77.93913278898531871 ) ) ;
#801 = EDGE_CURVE ( 'NONE', #2833, #4939, #5692, .T. ) ;
#802 = CARTESIAN_POINT ( 'NONE',  ( 48.00000000000000000, 45.55513627132926047, 1.589517721201843451E-15 ) ) ;
#803 = DIRECTION ( 'NONE',  ( -0.8660254037844383745, 0.5000000000000003331, 0.000000000000000000 ) ) ;
#804 = EDGE_LOOP ( 'NONE', ( #1350, #2241, #3504, #3782 ) ) ;
#805 = DIRECTION ( 'NONE',  ( 0.8660254037844387076, -0.4999999999999998335, -1.744608677860798667E-17 ) ) ;
#806 = EDGE_LOOP ( 'NONE', ( #1822, #5162, #1007, #1919 ) ) ;
#807 = CYLINDRICAL_SURFACE ( 'NONE', #5996, 2.100000000000000977 ) ;
#808 = LINE ( 'NONE', #5239, #3877 ) ;
#809 = EDGE_CURVE ( 'NONE', #6996, #2306, #850, .T. ) ;
#810 = ORIENTED_EDGE ( 'NONE', *, *, #313, .F. ) ;
#811 = LINE ( 'NONE', #6788, #774 ) ;
#812 = DIRECTION ( 'NONE',  ( 0.8660254037844388186, 0.4999999999999996114, 1.744608677860794044E-17 ) ) ;
#813 = ORIENTED_EDGE ( 'NONE', *, *, #4304, .T. ) ;
#814 = ORIENTED_EDGE ( 'NONE', *, *, #2847, .T. ) ;
#815 = CIRCLE ( 'NONE', #1750, 1.699999999999993072 ) ;
#816 = VERTEX_POINT ( 'NONE', #653 ) ;
#817 = CARTESIAN_POINT ( 'NONE',  ( 150.0000000000000000, 0.000000000000000000, 0.000000000000000000 ) ) ;
#818 = DIRECTION ( 'NONE',  ( 0.8660254037844388186, 0.4999999999999996114, 1.744608677860794044E-17 ) ) ;
#819 = DIRECTION ( 'NONE',  ( -0.8660254037844390407, -0.4999999999999991673, 0.000000000000000000 ) ) ;
#820 = EDGE_CURVE ( 'NONE', #2671, #1405, #5071, .T. ) ;
#821 = VECTOR ( 'NONE', #1873, 1000.000000000000000 ) ;
#822 = AXIS2_PLACEMENT_3D ( 'NONE', #3988, #3515, #5712 ) ;
#823 = EDGE_LOOP ( 'NONE', ( #2460, #175, #5057, #4292 ) ) ;
#824 = ORIENTED_EDGE ( 'NONE', *, *, #238, .T. ) ;
#825 = ORIENTED_EDGE ( 'NONE', *, *, #125, .T. ) ;
#826 = VECTOR ( 'NONE', #5275, 1000.000000000000000 ) ;
#827 = DIRECTION ( 'NONE',  ( -1.130013531886300531E-16, 1.734723475976807094E-16, -1.000000000000000000 ) ) ;
#828 = CARTESIAN_POINT ( 'NONE',  ( 53.24999999999997868, 20.00738685968833508, 10.00000000000000000 ) ) ;
#829 = DIRECTION ( 'NONE',  ( 0.000000000000000000, -0.000000000000000000, 1.000000000000000000 ) ) ;
#830 = CARTESIAN_POINT ( 'NONE',  ( 18.75000000000000355, 53.78237760728131889, 1.876584053792984316E-15 ) ) ;
#831 = ORIENTED_EDGE ( 'NONE', *, *, #1256, .F. ) ;
#832 = VECTOR ( 'NONE', #971, 1000.000000000000000 ) ;
#833 = VERTEX_POINT ( 'NONE', #4789 ) ;
#834 = EDGE_CURVE ( 'NONE', #1524, #2130, #3675, .T. ) ;
#835 = EDGE_LOOP ( 'NONE', ( #4775, #155, #5771, #2262, #2119, #3695 ) ) ;
#836 = CARTESIAN_POINT ( 'NONE',  ( 62.99999999999998579, 70.66987298107788718, 3.000000000000019096 ) ) ;
#837 = CARTESIAN_POINT ( 'NONE',  ( 45.75000000000000000, 49.45225058835914922, 1.725496510323961677E-15 ) ) ;
#838 = DIRECTION ( 'NONE',  ( -0.000000000000000000, 3.489217355721594252E-17, -1.000000000000000000 ) ) ;
#839 = CARTESIAN_POINT ( 'NONE',  ( 3.000000000000006661, 17.99486378953768195, 34.56121421188649379 ) ) ;
#840 = VECTOR ( 'NONE', #5600, 1000.000000000000114 ) ;
#841 = LINE ( 'NONE', #232, #4296 ) ;
#842 = LINE ( 'NONE', #2534, #3654 ) ;
#843 = VERTEX_POINT ( 'NONE', #5736 ) ;
#844 = EDGE_CURVE ( 'NONE', #3490, #3464, #2385, .T. ) ;
#845 = EDGE_CURVE ( 'NONE', #6653, #244, #730, .T. ) ;
#846 = CARTESIAN_POINT ( 'NONE',  ( 65.25000000000000000, 32.99776791645491159, 10.00000000000000178 ) ) ;
#847 = LINE ( 'NONE', #6962, #729 ) ;
#848 = VECTOR ( 'NONE', #491, 1000.000000000000000 ) ;
#849 = DIRECTION ( 'NONE',  ( 0.000000000000000000, 0.000000000000000000, 1.000000000000000000 ) ) ;
#850 = CIRCLE ( 'NONE', #6162, 2.100000000000002753 ) ;
#851 = VERTEX_POINT ( 'NONE', #6275 ) ;
#852 = PLANE ( 'NONE',  #2988 ) ;
#853 = VECTOR ( 'NONE', #3684, 1000.000000000000000 ) ;
#854 = CARTESIAN_POINT ( 'NONE',  ( 3.000000000000030198, -1.714505518806294283E-14, 140.0000000000000000 ) ) ;
#855 = EDGE_LOOP ( 'NONE', ( #4318, #5936, #3009, #388, #457, #2507 ) ) ;
#856 = VERTEX_POINT ( 'NONE', #769 ) ;
#857 = EDGE_CURVE ( 'NONE', #2148, #19, #5393, .T. ) ;
#858 = ORIENTED_EDGE ( 'NONE', *, *, #6308, .F. ) ;
#859 = AXIS2_PLACEMENT_3D ( 'NONE', #3751, #5564, #2829 ) ;
#860 = DIRECTION ( 'NONE',  ( 0.000000000000000000, 0.000000000000000000, -1.000000000000000000 ) ) ;
#861 = DIRECTION ( 'NONE',  ( 0.8660254037844387076, -0.4999999999999997780, 0.000000000000000000 ) ) ;
#862 = FACE_OUTER_BOUND ( 'NONE', #5067, .T. ) ;
#863 = ORIENTED_EDGE ( 'NONE', *, *, #2430, .F. ) ;
#864 = ORIENTED_EDGE ( 'NONE', *, *, #75, .T. ) ;
#865 = ORIENTED_EDGE ( 'NONE', *, *, #3358, .F. ) ;
#866 = ADVANCED_FACE ( 'NONE', ( #5907 ), #2696, .F. ) ;
#867 = CARTESIAN_POINT ( 'NONE',  ( 3.000000000000002665, 38.99486378953769616, -1.511857395904744132E-15 ) ) ;
#868 = FACE_OUTER_BOUND ( 'NONE', #3078, .T. ) ;
#869 = DIRECTION ( 'NONE',  ( 0.8660254037844387076, -0.4999999999999999445, 0.000000000000000000 ) ) ;
#870 = LINE ( 'NONE', #6263, #1199 ) ;
#871 = VECTOR ( 'NONE', #726, 1000.000000000000114 ) ;
#872 = ORIENTED_EDGE ( 'NONE', *, *, #7099, .T. ) ;
#873 = VECTOR ( 'NONE', #4021, 999.9999999999998863 ) ;
#874 = VERTEX_POINT ( 'NONE', #1040 ) ;
#875 = ORIENTED_EDGE ( 'NONE', *, *, #1267, .T. ) ;
#876 = CARTESIAN_POINT ( 'NONE',  ( 26.24999999999999645, 32.99776791645488316, 3.000000000000019096 ) ) ;
#877 = DIRECTION ( 'NONE',  ( 0.000000000000000000, 1.000000000000000000, 0.000000000000000000 ) ) ;
#878 = DIRECTION ( 'NONE',  ( -0.8660254037844377084, -0.5000000000000016653, 0.000000000000000000 ) ) ;
#879 = EDGE_CURVE ( 'NONE', #6315, #6608, #2081, .T. ) ;
#880 = VERTEX_POINT ( 'NONE', #5973 ) ;
#881 = DIRECTION ( 'NONE',  ( -3.318315740031391761E-16, -8.673617379884035472E-17, -1.000000000000000000 ) ) ;
#882 = VERTEX_POINT ( 'NONE', #1576 ) ;
#883 = CARTESIAN_POINT ( 'NONE',  ( 131.2500000000000000, 53.78237760728131178, 10.00000000000000178 ) ) ;
#884 = CARTESIAN_POINT ( 'NONE',  ( 26.24999999999999645, 15.67725984076617074, 5.470136712655848522E-16 ) ) ;
#885 = DIRECTION ( 'NONE',  ( -0.5000000000000015543, -0.8660254037844378194, -3.021750869380462404E-17 ) ) ;
#886 = EDGE_CURVE ( 'NONE', #5683, #2545, #469, .T. ) ;
#887 = DIRECTION ( 'NONE',  ( 1.000000000000000000, -0.000000000000000000, -0.000000000000000000 ) ) ;
#888 = PLANE ( 'NONE',  #6882 ) ;
#889 = ORIENTED_EDGE ( 'NONE', *, *, #3664, .F. ) ;
#890 = ORIENTED_EDGE ( 'NONE', *, *, #5409, .F. ) ;
#891 = VECTOR ( 'NONE', #838, 1000.000000000000000 ) ;
#892 = ORIENTED_EDGE ( 'NONE', *, *, #1387, .T. ) ;
#893 = CARTESIAN_POINT ( 'NONE',  ( 67.50000000000000000, 36.89488223348482165, 10.00000000000000178 ) ) ;
#894 = CARTESIAN_POINT ( 'NONE',  ( 26.24999999999999645, 15.67725984076617074, 10.00000000000000000 ) ) ;
#895 = CARTESIAN_POINT ( 'NONE',  ( 84.74999999999998579, 32.99776791645491159, 10.00000000000000178 ) ) ;
#896 = EDGE_CURVE ( 'NONE', #3397, #4877, #3229, .T. ) ;
#897 = AXIS2_PLACEMENT_3D ( 'NONE', #6380, #1984, #2496 ) ;
#898 = EDGE_CURVE ( 'NONE', #6884, #3870, #2362, .T. ) ;
#899 = VECTOR ( 'NONE', #5199, 999.9999999999998863 ) ;
#900 = ORIENTED_EDGE ( 'NONE', *, *, #6182, .F. ) ;
#901 = ORIENTED_EDGE ( 'NONE', *, *, #1434, .F. ) ;
#902 = CARTESIAN_POINT ( 'NONE',  ( 106.5000000000000000, 45.55513627132927468, 1.589517721201844240E-15 ) ) ;
#903 = DIRECTION ( 'NONE',  ( -0.5000000000000015543, 0.8660254037844378194, 3.021750869380462404E-17 ) ) ;
#904 = EDGE_CURVE ( 'NONE', #3642, #2225, #7093, .T. ) ;
#905 = LINE ( 'NONE', #3129, #1082 ) ;
#906 = AXIS2_PLACEMENT_3D ( 'NONE', #5083, #5124, #4591 ) ;
#907 = ORIENTED_EDGE ( 'NONE', *, *, #6282, .T. ) ;
#908 = ORIENTED_EDGE ( 'NONE', *, *, #3107, .T. ) ;
#909 = DIRECTION ( 'NONE',  ( -0.4999999999999982792, 0.8660254037844397068, 3.021750869380468567E-17 ) ) ;
#910 = LINE ( 'NONE', #6886, #6697 ) ;
#911 = CARTESIAN_POINT ( 'NONE',  ( 126.0000000000000000, 70.66987298107780191, 2.465825473322171841E-15 ) ) ;
#912 = CARTESIAN_POINT ( 'NONE',  ( 67.50000000000000000, 79.33012701892225493, 10.00000000000000355 ) ) ;
#913 = CARTESIAN_POINT ( 'NONE',  ( 55.49999999999997868, 32.56475521456263067, 1.136255090794772180E-15 ) ) ;
#914 = VECTOR ( 'NONE', #5982, 1000.000000000000114 ) ;
#915 = ORIENTED_EDGE ( 'NONE', *, *, #196, .T. ) ;
#916 = DIRECTION ( 'NONE',  ( -0.4999999999999996669, -0.8660254037844388186, -3.021750869380465486E-17 ) ) ;
#917 = ORIENTED_EDGE ( 'NONE', *, *, #5174, .T. ) ;
#918 = DIRECTION ( 'NONE',  ( 0.8660254037844383745, -0.5000000000000004441, 0.000000000000000000 ) ) ;
#919 = LINE ( 'NONE', #4805, #3265 ) ;
#920 = CARTESIAN_POINT ( 'NONE',  ( 77.24999999999998579, 20.00738685968835640, 10.00000000000000000 ) ) ;
#921 = ORIENTED_EDGE ( 'NONE', *, *, #4302, .F. ) ;
#922 = VERTEX_POINT ( 'NONE', #975 ) ;
#923 = ORIENTED_EDGE ( 'NONE', *, *, #5728, .F. ) ;
#924 = EDGE_CURVE ( 'NONE', #5779, #3277, #7019, .T. ) ;
#925 = LINE ( 'NONE', #3147, #1071 ) ;
#926 = LINE ( 'NONE', #4163, #4868 ) ;
#927 = CARTESIAN_POINT ( 'NONE',  ( 133.4999999999999147, 49.88526329025141592, 10.00000000000000178 ) ) ;
#928 = LINE ( 'NONE', #1531, #3442 ) ;
#929 = ORIENTED_EDGE ( 'NONE', *, *, #182, .T. ) ;
#930 = ORIENTED_EDGE ( 'NONE', *, *, #4277, .T. ) ;
#931 = EDGE_CURVE ( 'NONE', #6458, #1171, #4349, .T. ) ;
#932 = CARTESIAN_POINT ( 'NONE',  ( 16.49999999999993250, 66.33974596215564645, 10.00000000000000178 ) ) ;
#933 = LINE ( 'NONE', #4209, #6904 ) ;
#934 = VECTOR ( 'NONE', #150, 999.9999999999998863 ) ;
#935 = CARTESIAN_POINT ( 'NONE',  ( 150.0000000000000000, 33.49486378953767485, 29.81121421188651510 ) ) ;
#936 = VECTOR ( 'NONE', #1364, 1000.000000000000114 ) ;
#937 = CARTESIAN_POINT ( 'NONE',  ( 57.75000000000000711, 53.78237760728131889, 10.00000000000000178 ) ) ;
#938 = AXIS2_PLACEMENT_3D ( 'NONE', #5631, #70, #2894 ) ;
#939 = EDGE_LOOP ( 'NONE', ( #2301, #3004, #6549, #5960 ) ) ;
#940 = EDGE_CURVE ( 'NONE', #5646, #354, #6617, .T. ) ;
#941 = VERTEX_POINT ( 'NONE', #3813 ) ;
#942 = DIRECTION ( 'NONE',  ( 1.000000000000000000, 0.000000000000000000, 0.000000000000000000 ) ) ;
#943 = CARTESIAN_POINT ( 'NONE',  ( 16.49999999999993250, 66.33974596215564645, 2.314737929853150582E-15 ) ) ;
#944 = FACE_BOUND ( 'NONE', #6075, .T. ) ;
#945 = DIRECTION ( 'NONE',  ( 0.000000000000000000, 0.000000000000000000, 1.000000000000000000 ) ) ;
#946 = CARTESIAN_POINT ( 'NONE',  ( 87.00000000000000000, -202.2374841615668686, 3.000000000000019096 ) ) ;
#947 = CARTESIAN_POINT ( 'NONE',  ( 0.000000000000000000, 17.99486378953767840, 2.332656241709963978E-14 ) ) ;
#948 = ORIENTED_EDGE ( 'NONE', *, *, #724, .F. ) ;
#949 = EDGE_CURVE ( 'NONE', #599, #787, #2661, .T. ) ;
#950 = ORIENTED_EDGE ( 'NONE', *, *, #2695, .F. ) ;
#951 = CIRCLE ( 'NONE', #5574, 2.100000000000000977 ) ;
#952 = CARTESIAN_POINT ( 'NONE',  ( 72.74999999999998579, 62.44263164512573638, 2.178759140731031568E-15 ) ) ;
#953 = FACE_OUTER_BOUND ( 'NONE', #5635, .T. ) ;
#954 = FACE_OUTER_BOUND ( 'NONE', #546, .T. ) ;
#955 = ORIENTED_EDGE ( 'NONE', *, *, #2639, .T. ) ;
#956 = LINE ( 'NONE', #4705, #6385 ) ;
#957 = VERTEX_POINT ( 'NONE', #506 ) ;
#958 = ORIENTED_EDGE ( 'NONE', *, *, #1678, .F. ) ;
#959 = CARTESIAN_POINT ( 'NONE',  ( 126.0000000000000000, 70.66987298107780191, 3.000000000000019096 ) ) ;
#960 = DIRECTION ( 'NONE',  ( -0.8660254037844378194, -0.5000000000000015543, 0.000000000000000000 ) ) ;
#961 = CARTESIAN_POINT ( 'NONE',  ( 131.2500000000000000, 28.66764089753271350, 1.000276301672653165E-15 ) ) ;
#962 = CARTESIAN_POINT ( 'NONE',  ( 16.49999999999998579, 83.66025403784443881, 3.000000000000019096 ) ) ;
#963 = CARTESIAN_POINT ( 'NONE',  ( 55.49999999999997868, 83.66025403784443881, 10.00000000000000355 ) ) ;
#964 = LOCAL_TIME ( 15, 9, 45.00000000000000000, #4946 ) ;
#965 = VECTOR ( 'NONE', #624, 1000.000000000000114 ) ;
#966 = EDGE_CURVE ( 'NONE', #2007, #1667, #5362, .T. ) ;
#967 = ORIENTED_EDGE ( 'NONE', *, *, #949, .T. ) ;
#968 = VECTOR ( 'NONE', #4734, 1000.000000000000000 ) ;
#969 = ORIENTED_EDGE ( 'NONE', *, *, #5935, .F. ) ;
#970 = AXIS2_PLACEMENT_3D ( 'NONE', #4222, #916, #6995 ) ;
#971 = DIRECTION ( 'NONE',  ( -0.000000000000000000, 1.000000000000000000, 3.489217355721594868E-17 ) ) ;
#972 = FACE_OUTER_BOUND ( 'NONE', #634, .T. ) ;
#973 = DIRECTION ( 'NONE',  ( 0.8660254037844395958, 0.4999999999999982792, 0.000000000000000000 ) ) ;
#974 = ADVANCED_FACE ( 'NONE', ( #2074 ), #2477, .F. ) ;
#975 = CARTESIAN_POINT ( 'NONE',  ( 48.00000000000000000, 70.66987298107780191, 3.000000000000019096 ) ) ;
#976 = EDGE_CURVE ( 'NONE', #2098, #6186, #1967, .T. ) ;
#977 = ORIENTED_EDGE ( 'NONE', *, *, #3076, .T. ) ;
#978 = EDGE_LOOP ( 'NONE', ( #3235, #3830, #6986, #3994, #5240, #1369, #3920, #3182 ) ) ;
#979 = LINE ( 'NONE', #2161, #4122 ) ;
#980 = CARTESIAN_POINT ( 'NONE',  ( 150.0000000000000000, 49.99999999999999289, 120.0000000000000142 ) ) ;
#981 = CARTESIAN_POINT ( 'NONE',  ( 53.24999999999997868, 62.44263164512573638, 2.178759140731031568E-15 ) ) ;
#982 = DIRECTION ( 'NONE',  ( 0.5000000000000004441, 0.8660254037844384856, 3.021750869380464253E-17 ) ) ;
#983 = CARTESIAN_POINT ( 'NONE',  ( 106.5000000000000000, 70.66987298107780191, 2.465825473322171841E-15 ) ) ;
#984 = EDGE_CURVE ( 'NONE', #1189, #1687, #4444, .T. ) ;
#985 = AXIS2_PLACEMENT_3D ( 'NONE', #5472, #909, #3201 ) ;
#986 = CARTESIAN_POINT ( 'NONE',  ( 150.0000000000000000, -1.714505518806294283E-14, 140.0000000000000000 ) ) ;
#987 = EDGE_CURVE ( 'NONE', #6781, #882, #2941, .T. ) ;
#988 = DIRECTION ( 'NONE',  ( -1.954618001100627820E-16, 1.734723475976807094E-16, -1.000000000000000000 ) ) ;
#989 = LINE ( 'NONE', #5923, #1497 ) ;
#990 = ORIENTED_EDGE ( 'NONE', *, *, #1445, .T. ) ;
#991 = ORIENTED_EDGE ( 'NONE', *, *, #4310, .F. ) ;
#992 = VERTEX_POINT ( 'NONE', #3296 ) ;
#993 = DIRECTION ( 'NONE',  ( 0.000000000000000000, 0.000000000000000000, -1.000000000000000000 ) ) ;
#994 = CARTESIAN_POINT ( 'NONE',  ( 104.2500000000000000, 66.77275866404791316, 2.329846684200054404E-15 ) ) ;
#995 = CARTESIAN_POINT ( 'NONE',  ( 111.7499999999999574, 28.66764089753270994, 1.000276301672652968E-15 ) ) ;
#996 = DIRECTION ( 'NONE',  ( 1.000000000000000000, -0.000000000000000000, -0.000000000000000000 ) ) ;
#997 = CARTESIAN_POINT ( 'NONE',  ( 65.25000000000000000, 49.45225058835914922, 3.000000000000019096 ) ) ;
#998 = VERTEX_POINT ( 'NONE', #1811 ) ;
#999 = ORIENTED_EDGE ( 'NONE', *, *, #2839, .F. ) ;
#1000 = CARTESIAN_POINT ( 'NONE',  ( 3.000000000000002665, 49.99999999999999289, 90.00000000000001421 ) ) ;
#1001 = DIRECTION ( 'NONE',  ( -0.8660254037844383745, -0.5000000000000004441, 0.000000000000000000 ) ) ;
#1002 = LINE ( 'NONE', #2692, #5949 ) ;
#1003 = VECTOR ( 'NONE', #4510, 1000.000000000000000 ) ;
#1004 = EDGE_CURVE ( 'NONE', #2943, #4744, #1770, .T. ) ;
#1005 = DIRECTION ( 'NONE',  ( -0.000000000000000000, 3.489217355721594252E-17, -1.000000000000000000 ) ) ;
#1006 = ORIENTED_EDGE ( 'NONE', *, *, #5003, .F. ) ;
#1007 = ORIENTED_EDGE ( 'NONE', *, *, #6369, .F. ) ;
#1008 = EDGE_CURVE ( 'NONE', #6575, #5779, #3176, .T. ) ;
#1009 = CARTESIAN_POINT ( 'NONE',  ( 139.9223520826014919, 34.91898633733323010, 3.000000000000019096 ) ) ;
#1010 = CARTESIAN_POINT ( 'NONE',  ( 147.0000000000000000, 33.49486378953767485, 27.56121421188651155 ) ) ;
#1011 = FACE_BOUND ( 'NONE', #2979, .T. ) ;
#1012 = EDGE_CURVE ( 'NONE', #4704, #6842, #1553, .T. ) ;
#1013 = DIRECTION ( 'NONE',  ( 1.000000000000000000, -0.000000000000000000, -1.437389243825479109E-16 ) ) ;
#1014 = CARTESIAN_POINT ( 'NONE',  ( 87.00000000000000000, 79.33012701892225493, 10.00000000000000355 ) ) ;
#1015 = VECTOR ( 'NONE', #3939, 1000.000000000000000 ) ;
#1016 = ORIENTED_EDGE ( 'NONE', *, *, #6321, .T. ) ;
#1017 = AXIS2_PLACEMENT_3D ( 'NONE', #4091, #3245, #451 ) ;
#1018 = VERTEX_POINT ( 'NONE', #911 ) ;
#1019 = LINE ( 'NONE', #2171, #3151 ) ;
#1020 = CARTESIAN_POINT ( 'NONE',  ( 101.9999999999999858, 45.55513627132918941, 10.00000000000000178 ) ) ;
#1021 = EDGE_CURVE ( 'NONE', #4003, #4001, #6970, .T. ) ;
#1022 = AXIS2_PLACEMENT_3D ( 'NONE', #912, #6343, #308 ) ;
#1023 = DIRECTION ( 'NONE',  ( 0.8660254037844383745, 0.5000000000000004441, 0.000000000000000000 ) ) ;
#1024 = DIRECTION ( 'NONE',  ( -2.209540906293937818E-16, 0.7460747789757224968, -0.6658621660496464312 ) ) ;
#1025 = ORIENTED_EDGE ( 'NONE', *, *, #1242, .T. ) ;
#1026 = ORIENTED_EDGE ( 'NONE', *, *, #156, .T. ) ;
#1027 = ORIENTED_EDGE ( 'NONE', *, *, #2497, .F. ) ;
#1028 = VERTEX_POINT ( 'NONE', #766 ) ;
#1029 = CARTESIAN_POINT ( 'NONE',  ( 101.9999999999999858, 79.33012701892224072, 10.00000000000000355 ) ) ;
#1030 = EDGE_CURVE ( 'NONE', #4000, #1213, #1326, .T. ) ;
#1031 = LINE ( 'NONE', #5997, #3036 ) ;
#1032 = LINE ( 'NONE', #3254, #2258 ) ;
#1033 = ORIENTED_EDGE ( 'NONE', *, *, #6556, .F. ) ;
#1034 = ORIENTED_EDGE ( 'NONE', *, *, #3003, .T. ) ;
#1035 = EDGE_CURVE ( 'NONE', #5992, #6841, #193, .T. ) ;
#1036 = CARTESIAN_POINT ( 'NONE',  ( 139.9223520826014067, 34.91898633733317325, 3.000000000000019096 ) ) ;
#1037 = CARTESIAN_POINT ( 'NONE',  ( 67.50000000000000000, 45.55513627132927468, 10.00000000000000178 ) ) ;
#1038 = CARTESIAN_POINT ( 'NONE',  ( 131.2500000000000000, 20.00738685968829600, 10.00000000000000000 ) ) ;
#1039 = DIRECTION ( 'NONE',  ( 0.000000000000000000, 0.000000000000000000, -1.000000000000000000 ) ) ;
#1040 = CARTESIAN_POINT ( 'NONE',  ( 147.0000000000000284, 100.0000000000000000, 90.00000000000001421 ) ) ;
#1041 = ORIENTED_EDGE ( 'NONE', *, *, #5096, .T. ) ;
#1042 = EDGE_LOOP ( 'NONE', ( #6614, #2215 ) ) ;
#1043 = VECTOR ( 'NONE', #2016, 1000.000000000000000 ) ;
#1044 = LINE ( 'NONE', #5368, #5847 ) ;
#1045 = FACE_BOUND ( 'NONE', #4519, .T. ) ;
#1046 = CARTESIAN_POINT ( 'NONE',  ( 150.0000000000000000, 49.99999999999999289, 29.90841738390767546 ) ) ;
#1047 = DIRECTION ( 'NONE',  ( 0.000000000000000000, 1.000000000000000000, -3.304235192336773540E-16 ) ) ;
#1048 = VECTOR ( 'NONE', #1672, 1000.000000000000000 ) ;
#1049 = VECTOR ( 'NONE', #2219, 1000.000000000000000 ) ;
#1050 = ADVANCED_FACE ( 'NONE', ( #5733 ), #6845, .F. ) ;
#1051 = ORIENTED_EDGE ( 'NONE', *, *, #3903, .T. ) ;
#1052 = VECTOR ( 'NONE', #1449, 1000.000000000000114 ) ;
#1053 = ORIENTED_EDGE ( 'NONE', *, *, #4288, .F. ) ;
#1054 = ORIENTED_EDGE ( 'NONE', *, *, #1578, .F. ) ;
#1055 = CARTESIAN_POINT ( 'NONE',  ( 150.0000000000000000, 38.99486378953768906, 34.56121421188651510 ) ) ;
#1056 = DIRECTION ( 'NONE',  ( 0.5000000000000004441, 0.8660254037844384856, 3.021750869380464253E-17 ) ) ;
#1057 = DIRECTION ( 'NONE',  ( -0.8660254037844388186, -0.4999999999999996669, 0.000000000000000000 ) ) ;
#1058 = EDGE_CURVE ( 'NONE', #6533, #2638, #5764, .T. ) ;
#1059 = LINE ( 'NONE', #3727, #667 ) ;
#1060 = ORIENTED_EDGE ( 'NONE', *, *, #1559, .T. ) ;
#1061 = EDGE_CURVE ( 'NONE', #4176, #3539, #5268, .T. ) ;
#1062 = ORIENTED_EDGE ( 'NONE', *, *, #68, .F. ) ;
#1063 = VECTOR ( 'NONE', #827, 1000.000000000000000 ) ;
#1064 = ORIENTED_EDGE ( 'NONE', *, *, #2766, .F. ) ;
#1065 = CARTESIAN_POINT ( 'NONE',  ( 82.49999999999998579, 45.55513627132918941, 10.00000000000000178 ) ) ;
#1066 = DIRECTION ( 'NONE',  ( -0.8660254037844383745, -0.5000000000000003331, -1.744608677860798050E-17 ) ) ;
#1067 = PERSON_AND_ORGANIZATION ( #7025, #3754 ) ;
#1068 = LINE ( 'NONE', #1103, #6485 ) ;
#1069 = DIRECTION ( 'NONE',  ( 0.8660254037844387076, -0.4999999999999998890, -1.744608677860796818E-17 ) ) ;
#1070 = PLANE ( 'NONE',  #5887 ) ;
#1071 = VECTOR ( 'NONE', #6499, 1000.000000000000000 ) ;
#1072 = LINE ( 'NONE', #1221, #1119 ) ;
#1073 = ORIENTED_EDGE ( 'NONE', *, *, #6878, .T. ) ;
#1074 = ADVANCED_FACE ( 'NONE', ( #4250 ), #7027, .F. ) ;
#1075 = VECTOR ( 'NONE', #5183, 1000.000000000000000 ) ;
#1076 = ORIENTED_EDGE ( 'NONE', *, *, #1300, .F. ) ;
#1077 = SECURITY_CLASSIFICATION ( '', '', #6035 ) ;
#1078 = CARTESIAN_POINT ( 'NONE',  ( 94.49999999999997158, 83.66025403784443881, 10.00000000000000355 ) ) ;
#1079 = CARTESIAN_POINT ( 'NONE',  ( 16.49999999999998579, 83.66025403784443881, 2.919088103729243901E-15 ) ) ;
#1080 = DIRECTION ( 'NONE',  ( 1.000000000000000000, -0.000000000000000000, -0.000000000000000000 ) ) ;
#1081 = VECTOR ( 'NONE', #5120, 999.9999999999998863 ) ;
#1082 = VECTOR ( 'NONE', #2458, 1000.000000000000000 ) ;
#1083 = ADVANCED_FACE ( 'NONE', ( #513 ), #7104, .F. ) ;
#1084 = AXIS2_PLACEMENT_3D ( 'NONE', #5722, #1357, #6944 ) ;
#1085 = ORIENTED_EDGE ( 'NONE', *, *, #5885, .F. ) ;
#1086 = EDGE_LOOP ( 'NONE', ( #872, #4117, #7074, #3938 ) ) ;
#1087 = VECTOR ( 'NONE', #4517, 1000.000000000000000 ) ;
#1088 = DIRECTION ( 'NONE',  ( 0.000000000000000000, 0.000000000000000000, -1.000000000000000000 ) ) ;
#1089 = CARTESIAN_POINT ( 'NONE',  ( 23.99999999999999289, 45.55513627132918941, 10.00000000000000178 ) ) ;
#1090 = DIRECTION ( 'NONE',  ( -0.000000000000000000, 3.489217355721594252E-17, -1.000000000000000000 ) ) ;
#1091 = EDGE_LOOP ( 'NONE', ( #2767, #6933, #1027, #4698 ) ) ;
#1092 = CARTESIAN_POINT ( 'NONE',  ( 147.0000000000000284, 17.99486378953768195, 34.56121421188652221 ) ) ;
#1093 = CARTESIAN_POINT ( 'NONE',  ( 144.7973520826014067, 43.36273402423149292, 3.000000000000019096 ) ) ;
#1094 = EDGE_CURVE ( 'NONE', #7127, #2547, #4798, .T. ) ;
#1095 = EDGE_CURVE ( 'NONE', #843, #286, #6523, .T. ) ;
#1096 = AXIS2_PLACEMENT_3D ( 'NONE', #5911, #5875, #4824 ) ;
#1097 = PLANE ( 'NONE',  #4215 ) ;
#1098 = ORIENTED_EDGE ( 'NONE', *, *, #3616, .F. ) ;
#1099 = ORIENTED_EDGE ( 'NONE', *, *, #745, .F. ) ;
#1100 = EDGE_LOOP ( 'NONE', ( #5598, #157, #3583, #3962 ) ) ;
#1101 = CARTESIAN_POINT ( 'NONE',  ( 94.49999999999991473, 49.88526329025141592, 1.740605264670865696E-15 ) ) ;
#1102 = DIRECTION ( 'NONE',  ( 0.4999999999999999445, -0.8660254037844387076, -3.021750869380466102E-17 ) ) ;
#1103 = CARTESIAN_POINT ( 'NONE',  ( 109.4999999999999858, 100.0000000000000000, 4.511811553410593542E-15 ) ) ;
#1104 = ADVANCED_FACE ( 'NONE', ( #2165 ), #408, .F. ) ;
#1105 = DIRECTION ( 'NONE',  ( -0.000000000000000000, 3.489217355721594252E-17, -1.000000000000000000 ) ) ;
#1106 = CC_DESIGN_DATE_AND_TIME_ASSIGNMENT ( #1216, #2279, ( #572 ) ) ;
#1107 = CARTESIAN_POINT ( 'NONE',  ( 111.7499999999999574, 20.00738685968830310, 6.981012147346058153E-16 ) ) ;
#1108 = EDGE_LOOP ( 'NONE', ( #2528, #2425, #921, #3798 ) ) ;
#1109 = ORIENTED_EDGE ( 'NONE', *, *, #1387, .F. ) ;
#1110 = DIRECTION ( 'NONE',  ( -0.8660254037844383745, 0.5000000000000003331, 0.000000000000000000 ) ) ;
#1111 = DIRECTION ( 'NONE',  ( -0.000000000000000000, 3.489217355721594252E-17, -1.000000000000000000 ) ) ;
#1112 = DIRECTION ( 'NONE',  ( 0.8660254037844383745, 0.5000000000000003331, 0.000000000000000000 ) ) ;
#1113 = EDGE_CURVE ( 'NONE', #4588, #6729, #4357, .T. ) ;
#1114 = ADVANCED_FACE ( 'NONE', ( #3273 ), #2741, .F. ) ;
#1115 = VERTEX_POINT ( 'NONE', #4931 ) ;
#1116 = ORIENTED_EDGE ( 'NONE', *, *, #3232, .F. ) ;
#1117 = ORIENTED_EDGE ( 'NONE', *, *, #3107, .F. ) ;
#1118 = EDGE_CURVE ( 'NONE', #4667, #3705, #3720, .T. ) ;
#1119 = VECTOR ( 'NONE', #3431, 1000.000000000000000 ) ;
#1120 = EDGE_CURVE ( 'NONE', #4538, #3715, #4892, .T. ) ;
#1121 = CARTESIAN_POINT ( 'NONE',  ( 9.000000000000007105, 70.66987298107780191, 3.000000000000019096 ) ) ;
#1122 = CARTESIAN_POINT ( 'NONE',  ( 121.4999999999999858, 36.89488223348483587, 10.00000000000000178 ) ) ;
#1123 = CIRCLE ( 'NONE', #1248, 2.250000000000001776 ) ;
#1124 = EDGE_LOOP ( 'NONE', ( #4666, #2297, #5538, #6936 ) ) ;
#1125 = ORIENTED_EDGE ( 'NONE', *, *, #2650, .F. ) ;
#1126 = DIRECTION ( 'NONE',  ( -0.8660254037844378194, -0.5000000000000015543, 0.000000000000000000 ) ) ;
#1127 = ORIENTED_EDGE ( 'NONE', *, *, #4090, .F. ) ;
#1128 = PLANE ( 'NONE',  #6847 ) ;
#1129 = EDGE_CURVE ( 'NONE', #2391, #3287, #3752, .T. ) ;
#1130 = LINE ( 'NONE', #1721, #3145 ) ;
#1131 = FACE_OUTER_BOUND ( 'NONE', #135, .T. ) ;
#1132 = ORIENTED_EDGE ( 'NONE', *, *, #3664, .T. ) ;
#1133 = ORIENTED_EDGE ( 'NONE', *, *, #5031, .F. ) ;
#1134 = ORIENTED_EDGE ( 'NONE', *, *, #6482, .T. ) ;
#1135 = VECTOR ( 'NONE', #4834, 1000.000000000000114 ) ;
#1136 = EDGE_LOOP ( 'NONE', ( #1255, #813, #6375, #6085 ) ) ;
#1137 = CARTESIAN_POINT ( 'NONE',  ( 48.00000000000000000, 70.66987298107780191, 10.00000000000000178 ) ) ;
#1138 = AXIS2_PLACEMENT_3D ( 'NONE', #6384, #5156, #918 ) ;
#1139 = CARTESIAN_POINT ( 'NONE',  ( 92.24999999999995737, 20.00738685968831732, 6.981012147346063084E-16 ) ) ;
#1140 = CARTESIAN_POINT ( 'NONE',  ( 45.75000000000000000, 49.45225058835914922, 10.00000000000000178 ) ) ;
#1141 = PLANE ( 'NONE',  #2190 ) ;
#1142 = FACE_OUTER_BOUND ( 'NONE', #7004, .T. ) ;
#1143 = DIRECTION ( 'NONE',  ( 0.000000000000000000, -1.734723475976807094E-16, 1.000000000000000000 ) ) ;
#1144 = ADVANCED_FACE ( 'NONE', ( #6587 ), #6554, .F. ) ;
#1145 = ORIENTED_EDGE ( 'NONE', *, *, #6497, .T. ) ;
#1146 = CYLINDRICAL_SURFACE ( 'NONE', #2494, 2.500000000000002220 ) ;
#1147 = LINE ( 'NONE', #1741, #2361 ) ;
#1148 = FACE_OUTER_BOUND ( 'NONE', #4238, .T. ) ;
#1149 = CARTESIAN_POINT ( 'NONE',  ( 18.75000000000000355, 28.66764089753276679, 1.000276301672655137E-15 ) ) ;
#1150 = DIRECTION ( 'NONE',  ( 0.000000000000000000, 1.000000000000000000, 3.489217355721594868E-17 ) ) ;
#1151 = ORIENTED_EDGE ( 'NONE', *, *, #2094, .T. ) ;
#1152 = ADVANCED_FACE ( 'NONE', ( #1615 ), #2090, .F. ) ;
#1153 = ORIENTED_EDGE ( 'NONE', *, *, #5833, .T. ) ;
#1154 = VERTEX_POINT ( 'NONE', #442 ) ;
#1155 = LINE ( 'NONE', #6584, #6414 ) ;
#1156 = DIRECTION ( 'NONE',  ( -0.000000000000000000, 3.489217355721594252E-17, -1.000000000000000000 ) ) ;
#1157 = CARTESIAN_POINT ( 'NONE',  ( -93.04735208260130719, -35.87859042204421911, 3.000000000000019096 ) ) ;
#1158 = ORIENTED_EDGE ( 'NONE', *, *, #4608, .F. ) ;
#1159 = ADVANCED_FACE ( 'NONE', ( #3856 ), #6052, .F. ) ;
#1160 = EDGE_LOOP ( 'NONE', ( #80, #1060, #3022, #4455 ) ) ;
#1161 = ORIENTED_EDGE ( 'NONE', *, *, #654, .F. ) ;
#1162 = FACE_OUTER_BOUND ( 'NONE', #368, .T. ) ;
#1163 = DIRECTION ( 'NONE',  ( -1.000000000000000000, -0.000000000000000000, -0.000000000000000000 ) ) ;
#1164 = VECTOR ( 'NONE', #2541, 1000.000000000000114 ) ;
#1165 = VECTOR ( 'NONE', #527, 1000.000000000000114 ) ;
#1166 = DIRECTION ( 'NONE',  ( -0.8660254037844374864, 0.5000000000000021094, 0.000000000000000000 ) ) ;
#1167 = CYLINDRICAL_SURFACE ( 'NONE', #5128, 2.250000000000001776 ) ;
#1168 = ORIENTED_EDGE ( 'NONE', *, *, #3003, .F. ) ;
#1169 = EDGE_CURVE ( 'NONE', #4307, #5610, #1548, .T. ) ;
#1170 = FACE_OUTER_BOUND ( 'NONE', #4, .T. ) ;
#1171 = VERTEX_POINT ( 'NONE', #2668 ) ;
#1172 = VECTOR ( 'NONE', #6487, 1000.000000000000000 ) ;
#1173 = ORIENTED_EDGE ( 'NONE', *, *, #2126, .T. ) ;
#1174 = CARTESIAN_POINT ( 'NONE',  ( -90.42235208260152035, -40.42522379191304793, 3.000000000000019096 ) ) ;
#1175 = CALENDAR_DATE ( 2026, 7, 10 ) ;
#1176 = CARTESIAN_POINT ( 'NONE',  ( 62.99999999999998579, 79.33012701892224072, 10.00000000000000355 ) ) ;
#1177 = CARTESIAN_POINT ( 'NONE',  ( 141.0000000000000000, 36.89488223348483587, 1.287342634263795608E-15 ) ) ;
#1178 = CARTESIAN_POINT ( 'NONE',  ( 65.25000000000000000, 15.67725984076614942, 5.470136712655840633E-16 ) ) ;
#1179 = ORIENTED_EDGE ( 'NONE', *, *, #6631, .T. ) ;
#1180 = VECTOR ( 'NONE', #7086, 1000.000000000000114 ) ;
#1181 = CARTESIAN_POINT ( 'NONE',  ( 133.4999999999999147, 66.33974596215564645, 10.00000000000000178 ) ) ;
#1182 = ORIENTED_EDGE ( 'NONE', *, *, #1605, .T. ) ;
#1183 = FACE_OUTER_BOUND ( 'NONE', #2479, .T. ) ;
#1184 = CARTESIAN_POINT ( 'NONE',  ( 126.0000000000000000, 79.33012701892225493, 10.00000000000000355 ) ) ;
#1185 = CARTESIAN_POINT ( 'NONE',  ( 104.2500000000000000, 32.99776791645489737, 1.151363845141676199E-15 ) ) ;
#1186 = DIRECTION ( 'NONE',  ( 0.000000000000000000, -1.000000000000000000, -3.489217355721594252E-17 ) ) ;
#1187 = VECTOR ( 'NONE', #3915, 1000.000000000000000 ) ;
#1188 = EDGE_CURVE ( 'NONE', #3310, #2672, #4856, .T. ) ;
#1189 = VERTEX_POINT ( 'NONE', #3787 ) ;
#1190 = VECTOR ( 'NONE', #209, 1000.000000000000000 ) ;
#1191 = ORIENTED_EDGE ( 'NONE', *, *, #4310, .T. ) ;
#1192 = ORIENTED_EDGE ( 'NONE', *, *, #4677, .T. ) ;
#1193 = CARTESIAN_POINT ( 'NONE',  ( 35.99999999999997868, 83.66025403784443881, 10.00000000000000355 ) ) ;
#1194 = VECTOR ( 'NONE', #6210, 1000.000000000000000 ) ;
#1195 = VECTOR ( 'NONE', #2342, 1000.000000000000000 ) ;
#1196 = ADVANCED_FACE ( 'NONE', ( #3338, #2798 ), #4673, .T. ) ;
#1197 = DIRECTION ( 'NONE',  ( -0.8660254037844387076, 0.4999999999999997780, 0.000000000000000000 ) ) ;
#1198 = CC_DESIGN_DATE_AND_TIME_ASSIGNMENT ( #4407, #1634, ( #1077 ) ) ;
#1199 = VECTOR ( 'NONE', #3526, 1000.000000000000000 ) ;
#1200 = EDGE_LOOP ( 'NONE', ( #1728, #2751, #755, #5323 ) ) ;
#1201 = VECTOR ( 'NONE', #1780, 1000.000000000000000 ) ;
#1202 = ORIENTED_EDGE ( 'NONE', *, *, #6115, .T. ) ;
#1203 = EDGE_LOOP ( 'NONE', ( #113, #3336, #2473, #3567 ) ) ;
#1204 = ORIENTED_EDGE ( 'NONE', *, *, #3868, .T. ) ;
#1205 = LINE ( 'NONE', #3415, #1315 ) ;
#1206 = CIRCLE ( 'NONE', #6870, 1.699999999999989742 ) ;
#1207 = EDGE_CURVE ( 'NONE', #6257, #4176, #928, .T. ) ;
#1208 = EDGE_CURVE ( 'NONE', #5686, #3609, #5651, .T. ) ;
#1209 = CARTESIAN_POINT ( 'NONE',  ( 67.50000000000000000, 36.89488223348482165, 1.287342634263795411E-15 ) ) ;
#1210 = DIRECTION ( 'NONE',  ( 0.000000000000000000, 0.000000000000000000, 1.000000000000000000 ) ) ;
#1211 = ORIENTED_EDGE ( 'NONE', *, *, #2364, .T. ) ;
#1212 = DIRECTION ( 'NONE',  ( -1.000000000000000000, 1.602468905319638141E-15, 5.591362316445464709E-32 ) ) ;
#1213 = VERTEX_POINT ( 'NONE', #727 ) ;
#1214 = EDGE_LOOP ( 'NONE', ( #825, #6679, #6126, #6516, #598, #5209 ) ) ;
#1215 = DIRECTION ( 'NONE',  ( -0.8660254037844387076, -0.4999999999999998335, -1.744608677860796201E-17 ) ) ;
#1216 = DATE_AND_TIME ( #1175, #3053 ) ;
#1217 = FACE_BOUND ( 'NONE', #6718, .T. ) ;
#1218 = CARTESIAN_POINT ( 'NONE',  ( 104.2500000000000000, 66.77275866404791316, 3.000000000000019096 ) ) ;
#1219 = EDGE_CURVE ( 'NONE', #1340, #3642, #1327, .T. ) ;
#1220 = VECTOR ( 'NONE', #5798, 1000.000000000000000 ) ;
#1221 = CARTESIAN_POINT ( 'NONE',  ( 62.99999999999998579, 79.33012701892224072, 10.00000000000000355 ) ) ;
#1222 = CARTESIAN_POINT ( 'NONE',  ( 120.4223520826014777, 1.143995589740098850, 3.000000000000019096 ) ) ;
#1223 = CARTESIAN_POINT ( 'NONE',  ( 147.0000000000000284, 33.49486378953767485, 77.61121421188651937 ) ) ;
#1224 = VERTEX_POINT ( 'NONE', #1209 ) ;
#1225 = CARTESIAN_POINT ( 'NONE',  ( 150.0000000000000000, 33.49486378953767485, 27.56121421188651155 ) ) ;
#1226 = FACE_OUTER_BOUND ( 'NONE', #3565, .T. ) ;
#1227 = CARTESIAN_POINT ( 'NONE',  ( 87.00000000000000000, 36.89488223348482165, 10.00000000000000178 ) ) ;
#1228 = DIRECTION ( 'NONE',  ( -0.5000000000000004441, 0.8660254037844383745, 3.021750869380464253E-17 ) ) ;
#1229 = CARTESIAN_POINT ( 'NONE',  ( 40.50000000000000711, 86.48368917940751999, 3.017603892716205135E-15 ) ) ;
#1230 = LINE ( 'NONE', #5782, #510 ) ;
#1231 = EDGE_CURVE ( 'NONE', #6003, #6896, #6124, .T. ) ;
#1232 = ORIENTED_EDGE ( 'NONE', *, *, #7088, .F. ) ;
#1233 = VERTEX_POINT ( 'NONE', #83 ) ;
#1234 = VERTEX_POINT ( 'NONE', #6689 ) ;
#1235 = LINE ( 'NONE', #3560, #2231 ) ;
#1236 = CARTESIAN_POINT ( 'NONE',  ( 38.24999999999999289, 20.00738685968837771, 3.000000000000019096 ) ) ;
#1237 = CARTESIAN_POINT ( 'NONE',  ( 150.0000000000000000, 0.000000000000000000, 74.56121421188652221 ) ) ;
#1238 = CARTESIAN_POINT ( 'NONE',  ( 135.0473520826014635, 26.47523865043491398, 3.000000000000019096 ) ) ;
#1239 = ORIENTED_EDGE ( 'NONE', *, *, #5506, .T. ) ;
#1240 = AXIS2_PLACEMENT_3D ( 'NONE', #2601, #982, #6481 ) ;
#1241 = ORIENTED_EDGE ( 'NONE', *, *, #2092, .F. ) ;
#1242 = EDGE_CURVE ( 'NONE', #4405, #4023, #2810, .T. ) ;
#1243 = LINE ( 'NONE', #6624, #1900 ) ;
#1244 = EDGE_LOOP ( 'NONE', ( #5221, #2664, #6320, #191 ) ) ;
#1245 = DIRECTION ( 'NONE',  ( -0.000000000000000000, 3.489217355721594252E-17, -1.000000000000000000 ) ) ;
#1246 = DIRECTION ( 'NONE',  ( -0.8660254037844393737, 0.4999999999999985012, 1.744608677860792196E-17 ) ) ;
#1247 = CARTESIAN_POINT ( 'NONE',  ( 101.9999999999999858, 36.89488223348483587, 10.00000000000000178 ) ) ;
#1248 = AXIS2_PLACEMENT_3D ( 'NONE', #6702, #4476, #1771 ) ;
#1249 = LINE ( 'NONE', #5037, #5520 ) ;
#1250 = VECTOR ( 'NONE', #3401, 1000.000000000000114 ) ;
#1251 = CARTESIAN_POINT ( 'NONE',  ( 92.24999999999995737, 20.00738685968831732, 3.000000000000019096 ) ) ;
#1252 = DIRECTION ( 'NONE',  ( 1.130013531886300531E-16, 8.673617379884035472E-17, 1.000000000000000000 ) ) ;
#1253 = ORIENTED_EDGE ( 'NONE', *, *, #6872, .T. ) ;
#1254 = DIRECTION ( 'NONE',  ( -1.602468905319638141E-15, -1.000000000000000000, 0.000000000000000000 ) ) ;
#1255 = ORIENTED_EDGE ( 'NONE', *, *, #407, .F. ) ;
#1256 = EDGE_CURVE ( 'NONE', #5795, #6914, #6811, .T. ) ;
#1257 = EDGE_LOOP ( 'NONE', ( #2554, #4954, #4905, #6661 ) ) ;
#1258 = CARTESIAN_POINT ( 'NONE',  ( 147.0000000000000284, 38.99486378953768906, 74.56121421188652221 ) ) ;
#1259 = DIRECTION ( 'NONE',  ( 0.000000000000000000, 1.000000000000000000, 3.489217355721594252E-17 ) ) ;
#1260 = CARTESIAN_POINT ( 'NONE',  ( 72.74999999999998579, 20.00738685968832087, 6.981012147346066042E-16 ) ) ;
#1261 = CARTESIAN_POINT ( 'NONE',  ( 53.24999999999997868, -202.2374841615668686, 3.000000000000019096 ) ) ;
#1262 = DIRECTION ( 'NONE',  ( -0.000000000000000000, 3.489217355721594252E-17, -1.000000000000000000 ) ) ;
#1263 = CARTESIAN_POINT ( 'NONE',  ( 53.24999999999997868, 28.66764089753274192, 10.00000000000000178 ) ) ;
#1264 = ORIENTED_EDGE ( 'NONE', *, *, #2839, .T. ) ;
#1265 = FACE_OUTER_BOUND ( 'NONE', #1257, .T. ) ;
#1266 = ORIENTED_EDGE ( 'NONE', *, *, #3825, .F. ) ;
#1267 = EDGE_CURVE ( 'NONE', #1367, #5530, #1249, .T. ) ;
#1268 = AXIS2_PLACEMENT_3D ( 'NONE', #6667, #1809, #2925 ) ;
#1269 = DIRECTION ( 'NONE',  ( 0.000000000000000000, 0.000000000000000000, -1.000000000000000000 ) ) ;
#1270 = CARTESIAN_POINT ( 'NONE',  ( 101.9999999999999858, 70.66987298107788718, 2.465825473322174997E-15 ) ) ;
#1271 = DIRECTION ( 'NONE',  ( 0.8660254037844378194, 0.5000000000000014433, 1.744608677860803597E-17 ) ) ;
#1272 = DIRECTION ( 'NONE',  ( -0.8660254037844393737, 0.4999999999999989453, 1.744608677860793428E-17 ) ) ;
#1273 = VECTOR ( 'NONE', #544, 1000.000000000000000 ) ;
#1274 = VERTEX_POINT ( 'NONE', #3382 ) ;
#1275 = EDGE_LOOP ( 'NONE', ( #917, #1590, #4853, #3585 ) ) ;
#1276 = EDGE_CURVE ( 'NONE', #5136, #5459, #620, .T. ) ;
#1277 = CARTESIAN_POINT ( 'NONE',  ( 16.49999999999998579, 32.56475521456263067, 10.00000000000000178 ) ) ;
#1278 = LINE ( 'NONE', #1157, #5942 ) ;
#1279 = LINE ( 'NONE', #5791, #5218 ) ;
#1280 = ORIENTED_EDGE ( 'NONE', *, *, #5011, .F. ) ;
#1281 = ORIENTED_EDGE ( 'NONE', *, *, #3132, .T. ) ;
#1282 = ORIENTED_EDGE ( 'NONE', *, *, #5751, .T. ) ;
#1283 = LINE ( 'NONE', #616, #1773 ) ;
#1284 = CARTESIAN_POINT ( 'NONE',  ( 37.50000000000000711, 101.4800689266309348, -7.352509501688614613 ) ) ;
#1285 = CARTESIAN_POINT ( 'NONE',  ( 57.74999999999964473, -202.2374841615669538, 3.000000000000019096 ) ) ;
#1286 = EDGE_CURVE ( 'NONE', #7150, #6129, #5871, .T. ) ;
#1287 = CARTESIAN_POINT ( 'NONE',  ( 77.25000000000083844, -202.2374841615666128, 3.000000000000019096 ) ) ;
#1288 = DIRECTION ( 'NONE',  ( -0.4999999999999985567, -0.8660254037844394848, -3.021750869380467951E-17 ) ) ;
#1289 = ORIENTED_EDGE ( 'NONE', *, *, #4788, .T. ) ;
#1290 = ORIENTED_EDGE ( 'NONE', *, *, #1801, .F. ) ;
#1291 = FACE_OUTER_BOUND ( 'NONE', #2108, .T. ) ;
#1292 = AXIS2_PLACEMENT_3D ( 'NONE', #3998, #3488, #1319 ) ;
#1293 = VECTOR ( 'NONE', #4889, 1000.000000000000000 ) ;
#1294 = FACE_BOUND ( 'NONE', #574, .T. ) ;
#1295 = CARTESIAN_POINT ( 'NONE',  ( 72.74999999999998579, 20.00738685968832087, 10.00000000000000000 ) ) ;
#1296 = CARTESIAN_POINT ( 'NONE',  ( 48.00000000000000000, 70.66987298107780191, 10.00000000000000178 ) ) ;
#1297 = CARTESIAN_POINT ( 'NONE',  ( 96.74999999999998579, 62.44263164512570086, 2.178759140731030384E-15 ) ) ;
#1298 = EDGE_CURVE ( 'NONE', #4298, #7042, #5547, .T. ) ;
#1299 = DIRECTION ( 'NONE',  ( 0.8660254037844387076, -0.4999999999999998335, -1.744608677860796201E-17 ) ) ;
#1300 = EDGE_CURVE ( 'NONE', #1515, #4906, #4464, .T. ) ;
#1301 = VECTOR ( 'NONE', #4123, 1000.000000000000114 ) ;
#1302 = PLANE ( 'NONE',  #3418 ) ;
#1303 = VECTOR ( 'NONE', #1383, 1000.000000000000114 ) ;
#1304 = FACE_OUTER_BOUND ( 'NONE', #3124, .T. ) ;
#1305 = ORIENTED_EDGE ( 'NONE', *, *, #3846, .T. ) ;
#1306 = CIRCLE ( 'NONE', #3852, 50.00000000000000000 ) ;
#1307 = CARTESIAN_POINT ( 'NONE',  ( 150.0000000000000000, 49.99999999999999289, 140.0000000000000000 ) ) ;
#1308 = DIRECTION ( 'NONE',  ( 0.5000000000000012212, 0.8660254037844380415, 3.021750869380463637E-17 ) ) ;
#1309 = LINE ( 'NONE', #5748, #6705 ) ;
#1310 = FACE_OUTER_BOUND ( 'NONE', #6025, .T. ) ;
#1311 = ADVANCED_FACE ( 'NONE', ( #3419 ), #3967, .F. ) ;
#1312 = VERTEX_POINT ( 'NONE', #4534 ) ;
#1313 = EDGE_LOOP ( 'NONE', ( #4426, #2308, #6672, #3424, #6204, #6086 ) ) ;
#1314 = CARTESIAN_POINT ( 'NONE',  ( 94.49999999999997158, 83.66025403784443881, 3.000000000000019096 ) ) ;
#1315 = VECTOR ( 'NONE', #5648, 1000.000000000000000 ) ;
#1316 = DIRECTION ( 'NONE',  ( 1.000000000000000000, 0.000000000000000000, -1.880926496205912652E-16 ) ) ;
#1317 = EDGE_CURVE ( 'NONE', #4270, #1515, #651, .T. ) ;
#1318 = FACE_OUTER_BOUND ( 'NONE', #1124, .T. ) ;
#1319 = DIRECTION ( 'NONE',  ( 0.000000000000000000, 0.000000000000000000, 1.000000000000000000 ) ) ;
#1320 = AXIS2_PLACEMENT_3D ( 'NONE', #4061, #5164, #1858 ) ;
#1321 = ORIENTED_EDGE ( 'NONE', *, *, #2888, .F. ) ;
#1322 = VERTEX_POINT ( 'NONE', #6658 ) ;
#1323 = ORIENTED_EDGE ( 'NONE', *, *, #4530, .T. ) ;
#1324 = LINE ( 'NONE', #4691, #871 ) ;
#1325 = LINE ( 'NONE', #6310, #3256 ) ;
#1326 = LINE ( 'NONE', #4649, #2021 ) ;
#1327 = LINE ( 'NONE', #2915, #7134 ) ;
#1328 = CARTESIAN_POINT ( 'NONE',  ( 53.24999999999997868, 20.00738685968833508, 10.00000000000000000 ) ) ;
#1329 = VECTOR ( 'NONE', #2350, 1000.000000000000000 ) ;
#1330 = CARTESIAN_POINT ( 'NONE',  ( 18.74999999999998934, 62.44263164512570086, 10.00000000000000178 ) ) ;
#1331 = ORIENTED_EDGE ( 'NONE', *, *, #5910, .F. ) ;
#1332 = DIRECTION ( 'NONE',  ( 1.000000000000000000, 0.000000000000000000, 0.000000000000000000 ) ) ;
#1333 = VERTEX_POINT ( 'NONE', #4010 ) ;
#1334 = VECTOR ( 'NONE', #3463, 1000.000000000000114 ) ;
#1335 = EDGE_CURVE ( 'NONE', #6608, #5044, #161, .T. ) ;
#1336 = FACE_OUTER_BOUND ( 'NONE', #3740, .T. ) ;
#1337 = CARTESIAN_POINT ( 'NONE',  ( 65.25000000000000000, 66.77275866404791316, 2.329846684200054010E-15 ) ) ;
#1338 = LINE ( 'NONE', #4054, #1329 ) ;
#1339 = DIRECTION ( 'NONE',  ( -1.000000000000000000, -0.000000000000000000, 1.954618001100628066E-16 ) ) ;
#1340 = VERTEX_POINT ( 'NONE', #6199 ) ;
#1341 = LINE ( 'NONE', #2434, #1956 ) ;
#1342 = DIRECTION ( 'NONE',  ( 0.000000000000000000, 1.000000000000000000, -3.304235192336773540E-16 ) ) ;
#1343 = ORIENTED_EDGE ( 'NONE', *, *, #2986, .F. ) ;
#1344 = ORIENTED_EDGE ( 'NONE', *, *, #6109, .F. ) ;
#1345 = EDGE_CURVE ( 'NONE', #6267, #4023, #585, .T. ) ;
#1346 = CARTESIAN_POINT ( 'NONE',  ( 53.24999999999997868, 53.78237760728132599, 10.00000000000000178 ) ) ;
#1347 = CARTESIAN_POINT ( 'NONE',  ( 111.7499999999999716, 53.78237760728132599, 10.00000000000000178 ) ) ;
#1348 = DIRECTION ( 'NONE',  ( -0.4999999999999980016, 0.8660254037844398178, 3.021750869380469184E-17 ) ) ;
#1349 = EDGE_LOOP ( 'NONE', ( #499, #2075, #810, #5299 ) ) ;
#1350 = ORIENTED_EDGE ( 'NONE', *, *, #940, .F. ) ;
#1351 = VECTOR ( 'NONE', #2956, 1000.000000000000000 ) ;
#1352 = ORIENTED_EDGE ( 'NONE', *, *, #5709, .T. ) ;
#1353 = ADVANCED_FACE ( 'NONE', ( #4042 ), #3933, .F. ) ;
#1354 = CARTESIAN_POINT ( 'NONE',  ( 131.2500000000000000, 28.66764089753271350, 10.00000000000000178 ) ) ;
#1355 = EDGE_CURVE ( 'NONE', #2700, #4898, #194, .T. ) ;
#1356 = DIRECTION ( 'NONE',  ( -0.000000000000000000, 3.489217355721594252E-17, -1.000000000000000000 ) ) ;
#1357 = DIRECTION ( 'NONE',  ( 0.5000000000000004441, -0.8660254037844384856, -3.021750869380464253E-17 ) ) ;
#1358 = DIRECTION ( 'NONE',  ( 0.000000000000000000, -1.000000000000000000, 0.000000000000000000 ) ) ;
#1359 = VERTEX_POINT ( 'NONE', #3606 ) ;
#1360 = EDGE_CURVE ( 'NONE', #2793, #189, #6955, .T. ) ;
#1361 = EDGE_CURVE ( 'NONE', #6730, #6996, #5845, .T. ) ;
#1362 = EDGE_LOOP ( 'NONE', ( #3707, #4151, #5366, #969 ) ) ;
#1363 = CARTESIAN_POINT ( 'NONE',  ( 33.74999999999997158, 53.78237760728132599, 1.876584053792984316E-15 ) ) ;
#1364 = DIRECTION ( 'NONE',  ( -0.8660254037844393737, 0.4999999999999985012, 1.744608677860792196E-17 ) ) ;
#1365 = CARTESIAN_POINT ( 'NONE',  ( 133.4999999999999716, 32.56475521456263067, 1.136255090794772180E-15 ) ) ;
#1366 = CARTESIAN_POINT ( 'NONE',  ( 132.4223520826013498, 21.92860528056658609, 3.000000000000019096 ) ) ;
#1367 = VERTEX_POINT ( 'NONE', #913 ) ;
#1368 = CARTESIAN_POINT ( 'NONE',  ( 147.0000000000000000, 100.0000000000000000, 3.000000000000019096 ) ) ;
#1369 = ORIENTED_EDGE ( 'NONE', *, *, #6009, .F. ) ;
#1370 = ADVANCED_FACE ( 'NONE', ( #5229 ), #4694, .F. ) ;
#1371 = DIRECTION ( 'NONE',  ( 0.000000000000000000, 0.000000000000000000, -1.000000000000000000 ) ) ;
#1372 = PLANE ( 'NONE',  #36 ) ;
#1373 = VECTOR ( 'NONE', #6353, 999.9999999999998863 ) ;
#1374 = DIRECTION ( 'NONE',  ( 0.000000000000000000, -1.000000000000000000, 0.000000000000000000 ) ) ;
#1375 = DIRECTION ( 'NONE',  ( -0.000000000000000000, 1.000000000000000000, 0.000000000000000000 ) ) ;
#1376 = VERTEX_POINT ( 'NONE', #4166 ) ;
#1377 = LINE ( 'NONE', #2508, #899 ) ;
#1378 = CARTESIAN_POINT ( 'NONE',  ( 150.0000000000000000, 1.141983802888053159E-14, 34.56121421188652931 ) ) ;
#1379 = VERTEX_POINT ( 'NONE', #6362 ) ;
#1380 = VERTEX_POINT ( 'NONE', #3630 ) ;
#1381 = ORIENTED_EDGE ( 'NONE', *, *, #5758, .F. ) ;
#1382 = LINE ( 'NONE', #289, #2488 ) ;
#1383 = DIRECTION ( 'NONE',  ( 0.000000000000000000, 0.7460747789757224968, -0.6658621660496464312 ) ) ;
#1384 = LINE ( 'NONE', #4027, #1201 ) ;
#1385 = CARTESIAN_POINT ( 'NONE',  ( 38.25000000000000711, 53.78237760728131889, 10.00000000000000178 ) ) ;
#1386 = ORIENTED_EDGE ( 'NONE', *, *, #3258, .T. ) ;
#1387 = EDGE_CURVE ( 'NONE', #3152, #2552, #327, .T. ) ;
#1388 = EDGE_LOOP ( 'NONE', ( #6506, #4161, #3914, #1280 ) ) ;
#1389 = ORIENTED_EDGE ( 'NONE', *, *, #2106, .F. ) ;
#1390 = CARTESIAN_POINT ( 'NONE',  ( 121.4999999999999858, 45.55513627132918941, 1.589517721201841282E-15 ) ) ;
#1391 = DIRECTION ( 'NONE',  ( 1.000000000000000000, 0.000000000000000000, -0.000000000000000000 ) ) ;
#1392 = VECTOR ( 'NONE', #126, 1000.000000000000000 ) ;
#1393 = LINE ( 'NONE', #3637, #2031 ) ;
#1394 = DIRECTION ( 'NONE',  ( 1.000000000000000000, 0.000000000000000000, -0.000000000000000000 ) ) ;
#1395 = ADVANCED_FACE ( 'NONE', ( #597 ), #5018, .F. ) ;
#1396 = EDGE_CURVE ( 'NONE', #2377, #5901, #3911, .T. ) ;
#1397 = ORIENTED_EDGE ( 'NONE', *, *, #3017, .F. ) ;
#1398 = ORIENTED_EDGE ( 'NONE', *, *, #2314, .T. ) ;
#1399 = ORIENTED_EDGE ( 'NONE', *, *, #5043, .F. ) ;
#1400 = CARTESIAN_POINT ( 'NONE',  ( 28.49999999999999645, 70.66987298107780191, 10.00000000000000178 ) ) ;
#1401 = DIRECTION ( 'NONE',  ( -1.000000000000000000, -0.000000000000000000, 3.318315740031391761E-16 ) ) ;
#1402 = DIRECTION ( 'NONE',  ( 0.000000000000000000, 0.000000000000000000, 1.000000000000000000 ) ) ;
#1403 = EDGE_CURVE ( 'NONE', #6974, #1470, #1639, .T. ) ;
#1404 = CARTESIAN_POINT ( 'NONE',  ( 57.75000000000000711, 28.66764089753274902, 1.000276301672654151E-15 ) ) ;
#1405 = VERTEX_POINT ( 'NONE', #31 ) ;
#1406 = FACE_OUTER_BOUND ( 'NONE', #978, .T. ) ;
#1407 = DIRECTION ( 'NONE',  ( 0.000000000000000000, 0.000000000000000000, -1.000000000000000000 ) ) ;
#1408 = EDGE_CURVE ( 'NONE', #992, #2298, #3842, .T. ) ;
#1409 = ORIENTED_EDGE ( 'NONE', *, *, #1886, .F. ) ;
#1410 = LINE ( 'NONE', #2467, #4033 ) ;
#1411 = CARTESIAN_POINT ( 'NONE',  ( 96.75000000000041211, -202.2374841615667265, 3.000000000000019096 ) ) ;
#1412 = VERTEX_POINT ( 'NONE', #3325 ) ;
#1413 = EDGE_LOOP ( 'NONE', ( #2292, #2629, #4511, #1560, #7084, #2317 ) ) ;
#1414 = CIRCLE ( 'NONE', #473, 2.500000000000001332 ) ;
#1415 = ORIENTED_EDGE ( 'NONE', *, *, #4192, .F. ) ;
#1416 = DIRECTION ( 'NONE',  ( 0.8660254037844395958, 0.4999999999999982792, 1.744608677860791887E-17 ) ) ;
#1417 = DIRECTION ( 'NONE',  ( -1.000000000000000000, -0.000000000000000000, -0.000000000000000000 ) ) ;
#1418 = DIRECTION ( 'NONE',  ( -0.000000000000000000, 3.489217355721594252E-17, -1.000000000000000000 ) ) ;
#1419 = VECTOR ( 'NONE', #1777, 1000.000000000000000 ) ;
#1420 = VECTOR ( 'NONE', #4594, 1000.000000000000114 ) ;
#1421 = ORIENTED_EDGE ( 'NONE', *, *, #1219, .T. ) ;
#1422 = ORIENTED_EDGE ( 'NONE', *, *, #4973, .T. ) ;
#1423 = VECTOR ( 'NONE', #4259, 1000.000000000000000 ) ;
#1424 = VERTEX_POINT ( 'NONE', #2282 ) ;
#1425 = FACE_OUTER_BOUND ( 'NONE', #5252, .T. ) ;
#1426 = EDGE_CURVE ( 'NONE', #1322, #3412, #1123, .T. ) ;
#1427 = CARTESIAN_POINT ( 'NONE',  ( 37.50000000000000711, 101.4800689266309348, -7.352509501688614613 ) ) ;
#1428 = ADVANCED_FACE ( 'NONE', ( #5624 ), #1736, .F. ) ;
#1429 = ADVANCED_FACE ( 'NONE', ( #6073 ), #1141, .F. ) ;
#1430 = CARTESIAN_POINT ( 'NONE',  ( 106.5000000000000000, 45.55513627132927468, 10.00000000000000178 ) ) ;
#1431 = DIRECTION ( 'NONE',  ( -0.000000000000000000, 3.489217355721594252E-17, -1.000000000000000000 ) ) ;
#1432 = EDGE_LOOP ( 'NONE', ( #990, #2290, #2863, #6392 ) ) ;
#1433 = EDGE_LOOP ( 'NONE', ( #4869, #6340, #4674, #2837, #2139, #2526 ) ) ;
#1434 = EDGE_CURVE ( 'NONE', #6833, #5271, #7159, .T. ) ;
#1435 = CARTESIAN_POINT ( 'NONE',  ( 150.0000000000000000, 0.000000000000000000, 0.000000000000000000 ) ) ;
#1436 = DIRECTION ( 'NONE',  ( 0.000000000000000000, 8.673617379884035472E-17, 1.000000000000000000 ) ) ;
#1437 = DIRECTION ( 'NONE',  ( -0.8660254037844378194, 0.5000000000000014433, 1.744608677860802673E-17 ) ) ;
#1438 = PLANE ( 'NONE',  #342 ) ;
#1439 = VECTOR ( 'NONE', #4810, 1000.000000000000000 ) ;
#1440 = VECTOR ( 'NONE', #4884, 1000.000000000000000 ) ;
#1441 = LINE ( 'NONE', #3136, #3647 ) ;
#1442 = ORIENTED_EDGE ( 'NONE', *, *, #4875, .T. ) ;
#1443 = CARTESIAN_POINT ( 'NONE',  ( 150.0000000000000000, 85.06340628446157837, 10.81072832108004000 ) ) ;
#1444 = EDGE_CURVE ( 'NONE', #280, #5380, #2889, .T. ) ;
#1445 = EDGE_CURVE ( 'NONE', #992, #3472, #1072, .T. ) ;
#1446 = DIRECTION ( 'NONE',  ( 1.000000000000000000, 0.000000000000000000, -1.954618001100627820E-16 ) ) ;
#1447 = VECTOR ( 'NONE', #2786, 1000.000000000000000 ) ;
#1448 = VECTOR ( 'NONE', #6163, 1000.000000000000000 ) ;
#1449 = DIRECTION ( 'NONE',  ( -0.8660254037844383745, -0.5000000000000003331, -1.744608677860798050E-17 ) ) ;
#1450 = VECTOR ( 'NONE', #3093, 1000.000000000000114 ) ;
#1451 = DIRECTION ( 'NONE',  ( 0.8660254037844388186, 0.4999999999999996669, 0.000000000000000000 ) ) ;
#1452 = ORIENTED_EDGE ( 'NONE', *, *, #6633, .T. ) ;
#1453 = FACE_OUTER_BOUND ( 'NONE', #2049, .T. ) ;
#1454 = EDGE_LOOP ( 'NONE', ( #4512, #4571, #4992, #435 ) ) ;
#1455 = EDGE_LOOP ( 'NONE', ( #2849, #99 ) ) ;
#1456 = AXIS2_PLACEMENT_3D ( 'NONE', #357, #6464, #2654 ) ;
#1457 = EDGE_CURVE ( 'NONE', #788, #4645, #5081, .T. ) ;
#1458 = PLANE ( 'NONE',  #6279 ) ;
#1459 = CYLINDRICAL_SURFACE ( 'NONE', #370, 1.699999999999996625 ) ;
#1460 = VECTOR ( 'NONE', #6942, 1000.000000000000000 ) ;
#1461 = FACE_OUTER_BOUND ( 'NONE', #5829, .T. ) ;
#1462 = VERTEX_POINT ( 'NONE', #1674 ) ;
#1463 = ORIENTED_EDGE ( 'NONE', *, *, #3721, .T. ) ;
#1464 = VERTEX_POINT ( 'NONE', #3882 ) ;
#1465 = DIRECTION ( 'NONE',  ( -0.000000000000000000, 3.489217355721594252E-17, -1.000000000000000000 ) ) ;
#1466 = CARTESIAN_POINT ( 'NONE',  ( 150.0000000000000000, 49.99999999999999289, 140.0000000000000000 ) ) ;
#1467 = AXIS2_PLACEMENT_3D ( 'NONE', #374, #942, #7023 ) ;
#1468 = CARTESIAN_POINT ( 'NONE',  ( 77.24999999999998579, 62.44263164512570086, 3.000000000000019096 ) ) ;
#1469 = EDGE_LOOP ( 'NONE', ( #5510, #711, #606, #2953 ) ) ;
#1470 = VERTEX_POINT ( 'NONE', #1107 ) ;
#1471 = EDGE_LOOP ( 'NONE', ( #3937, #658, #2662, #6097 ) ) ;
#1472 = CARTESIAN_POINT ( 'NONE',  ( 37.50000000000000711, 101.4800689266309348, -11.85250950168861195 ) ) ;
#1473 = DIRECTION ( 'NONE',  ( -0.5000000000000004441, 0.8660254037844383745, 3.021750869380464253E-17 ) ) ;
#1474 = DIRECTION ( 'NONE',  ( 0.8660254037844383745, 0.5000000000000003331, 0.000000000000000000 ) ) ;
#1475 = LINE ( 'NONE', #1365, #3711 ) ;
#1476 = CARTESIAN_POINT ( 'NONE',  ( 123.7499999999999858, 15.67725984076611567, 5.470136712655828800E-16 ) ) ;
#1477 = EDGE_CURVE ( 'NONE', #6923, #1618, #3545, .T. ) ;
#1478 = DIRECTION ( 'NONE',  ( -0.4999999999999988343, -0.8660254037844393737, -3.021750869380467951E-17 ) ) ;
#1479 = VERTEX_POINT ( 'NONE', #1850 ) ;
#1480 = DIRECTION ( 'NONE',  ( 0.000000000000000000, -1.000000000000000000, -3.489217355721595484E-17 ) ) ;
#1481 = DIRECTION ( 'NONE',  ( 0.000000000000000000, 0.000000000000000000, -1.000000000000000000 ) ) ;
#1482 = CARTESIAN_POINT ( 'NONE',  ( 45.75000000000000000, 49.45225058835914922, 10.00000000000000178 ) ) ;
#1483 = CARTESIAN_POINT ( 'NONE',  ( 130.1723520826015204, 18.03149096353651260, 3.000000000000019096 ) ) ;
#1484 = DIRECTION ( 'NONE',  ( -0.8660254037844393737, 0.4999999999999985012, 0.000000000000000000 ) ) ;
#1485 = EDGE_CURVE ( 'NONE', #6440, #23, #5743, .T. ) ;
#1486 = DIRECTION ( 'NONE',  ( 0.8660254037844388186, 0.4999999999999996114, 1.744608677860794044E-17 ) ) ;
#1487 = EDGE_LOOP ( 'NONE', ( #1699, #6015, #4213, #33, #243, #6242 ) ) ;
#1488 = ORIENTED_EDGE ( 'NONE', *, *, #495, .F. ) ;
#1489 = VECTOR ( 'NONE', #1511, 1000.000000000000000 ) ;
#1490 = ORIENTED_EDGE ( 'NONE', *, *, #6308, .T. ) ;
#1491 = CARTESIAN_POINT ( 'NONE',  ( 133.4999999999999716, 83.66025403784443881, 10.00000000000000355 ) ) ;
#1492 = DIRECTION ( 'NONE',  ( 0.000000000000000000, -1.000000000000000000, 0.000000000000000000 ) ) ;
#1493 = VECTOR ( 'NONE', #1722, 1000.000000000000000 ) ;
#1494 = ORIENTED_EDGE ( 'NONE', *, *, #857, .F. ) ;
#1495 = EDGE_CURVE ( 'NONE', #777, #2906, #1410, .T. ) ;
#1496 = ORIENTED_EDGE ( 'NONE', *, *, #7, .F. ) ;
#1497 = VECTOR ( 'NONE', #3214, 999.9999999999998863 ) ;
#1498 = CARTESIAN_POINT ( 'NONE',  ( 133.4999999999999147, 66.33974596215564645, 2.314737929853150582E-15 ) ) ;
#1499 = CARTESIAN_POINT ( 'NONE',  ( 0.000000000000000000, 38.99486378953769616, 3.165189861605833194E-14 ) ) ;
#1500 = CARTESIAN_POINT ( 'NONE',  ( -68.67235208260147772, -78.09732885653551193, 3.000000000000019096 ) ) ;
#1501 = EDGE_CURVE ( 'NONE', #1224, #218, #811, .T. ) ;
#1502 = DIRECTION ( 'NONE',  ( -0.000000000000000000, 3.489217355721594252E-17, -1.000000000000000000 ) ) ;
#1503 = VECTOR ( 'NONE', #3983, 1000.000000000000000 ) ;
#1504 = ORIENTED_EDGE ( 'NONE', *, *, #5287, .F. ) ;
#1505 = AXIS2_PLACEMENT_3D ( 'NONE', #1563, #5962, #993 ) ;
#1506 = ORIENTED_EDGE ( 'NONE', *, *, #338, .F. ) ;
#1507 = CARTESIAN_POINT ( 'NONE',  ( 147.0000000000000000, 49.99999999999999289, 29.90841738390767546 ) ) ;
#1508 = FACE_OUTER_BOUND ( 'NONE', #5414, .T. ) ;
#1509 = FACE_BOUND ( 'NONE', #3376, .T. ) ;
#1510 = FACE_OUTER_BOUND ( 'NONE', #1863, .T. ) ;
#1511 = DIRECTION ( 'NONE',  ( 1.602468905319638141E-15, 1.000000000000000000, 0.000000000000000000 ) ) ;
#1512 = LINE ( 'NONE', #3099, #5064 ) ;
#1513 = VECTOR ( 'NONE', #5185, 1000.000000000000114 ) ;
#1514 = LINE ( 'NONE', #3723, #5263 ) ;
#1515 = VERTEX_POINT ( 'NONE', #5159 ) ;
#1516 = DIRECTION ( 'NONE',  ( 0.8660254037844378194, 0.5000000000000015543, 0.000000000000000000 ) ) ;
#1517 = DIRECTION ( 'NONE',  ( 0.4999999999999999445, -0.8660254037844387076, -3.021750869380466102E-17 ) ) ;
#1518 = EDGE_CURVE ( 'NONE', #2671, #3676, #3473, .T. ) ;
#1519 = DIRECTION ( 'NONE',  ( -0.000000000000000000, 3.489217355721594252E-17, -1.000000000000000000 ) ) ;
#1520 = LINE ( 'NONE', #6530, #5453 ) ;
#1521 = CARTESIAN_POINT ( 'NONE',  ( 77.25000000000001421, 28.66764089753273836, 10.00000000000000178 ) ) ;
#1522 = VERTEX_POINT ( 'NONE', #3618 ) ;
#1523 = EDGE_LOOP ( 'NONE', ( #4654, #824 ) ) ;
#1524 = VERTEX_POINT ( 'NONE', #3580 ) ;
#1525 = CARTESIAN_POINT ( 'NONE',  ( 38.25000000000000711, 53.78237760728131889, 3.000000000000019096 ) ) ;
#1526 = CARTESIAN_POINT ( 'NONE',  ( 77.24999999999998579, 62.44263164512570086, 10.00000000000000178 ) ) ;
#1527 = FACE_OUTER_BOUND ( 'NONE', #1469, .T. ) ;
#1528 = EDGE_CURVE ( 'NONE', #5380, #2688, #1341, .T. ) ;
#1529 = FACE_OUTER_BOUND ( 'NONE', #3766, .T. ) ;
#1530 = EDGE_CURVE ( 'NONE', #4229, #7148, #4828, .T. ) ;
#1531 = CARTESIAN_POINT ( 'NONE',  ( 18.74999999999998934, 62.44263164512570086, 10.00000000000000178 ) ) ;
#1532 = ORIENTED_EDGE ( 'NONE', *, *, #2899, .F. ) ;
#1533 = ORIENTED_EDGE ( 'NONE', *, *, #3952, .T. ) ;
#1534 = DIRECTION ( 'NONE',  ( 1.000000000000000000, -0.000000000000000000, -0.000000000000000000 ) ) ;
#1535 = CARTESIAN_POINT ( 'NONE',  ( 147.0000000000000284, 17.99486378953768551, 74.56121421188652221 ) ) ;
#1536 = VECTOR ( 'NONE', #3617, 1000.000000000000000 ) ;
#1537 = ADVANCED_FACE ( 'NONE', ( #5279 ), #281, .F. ) ;
#1538 = LINE ( 'NONE', #3307, #3405 ) ;
#1539 = VECTOR ( 'NONE', #1859, 1000.000000000000114 ) ;
#1540 = DIRECTION ( 'NONE',  ( 0.8660254037844388186, 0.4999999999999996669, 0.000000000000000000 ) ) ;
#1541 = VECTOR ( 'NONE', #5262, 1000.000000000000114 ) ;
#1542 = EDGE_LOOP ( 'NONE', ( #3755, #1422, #6851, #1504 ) ) ;
#1543 = ORIENTED_EDGE ( 'NONE', *, *, #4129, .T. ) ;
#1544 = ORIENTED_EDGE ( 'NONE', *, *, #2557, .T. ) ;
#1545 = EDGE_CURVE ( 'NONE', #2578, #4886, #6246, .T. ) ;
#1546 = LINE ( 'NONE', #511, #6185 ) ;
#1547 = CARTESIAN_POINT ( 'NONE',  ( 104.2500000000000000, 49.45225058835914922, 3.000000000000019096 ) ) ;
#1548 = LINE ( 'NONE', #5950, #2186 ) ;
#1549 = CARTESIAN_POINT ( 'NONE',  ( 37.50000000000000711, 100.0000000000000000, 3.489217355721594350E-15 ) ) ;
#1550 = FACE_BOUND ( 'NONE', #6910, .T. ) ;
#1551 = DIRECTION ( 'NONE',  ( 0.000000000000000000, 1.000000000000000000, 0.000000000000000000 ) ) ;
#1552 = VECTOR ( 'NONE', #1623, 1000.000000000000114 ) ;
#1553 = LINE ( 'NONE', #2018, #1075 ) ;
#1554 = CARTESIAN_POINT ( 'NONE',  ( 48.00000000000000000, 36.89488223348482165, 10.00000000000000178 ) ) ;
#1555 = VECTOR ( 'NONE', #350, 1000.000000000000000 ) ;
#1556 = CARTESIAN_POINT ( 'NONE',  ( 104.2500000000000000, 49.45225058835914922, 10.00000000000000178 ) ) ;
#1557 = DIRECTION ( 'NONE',  ( -0.000000000000000000, 3.489217355721594252E-17, -1.000000000000000000 ) ) ;
#1558 = VECTOR ( 'NONE', #5822, 1000.000000000000000 ) ;
#1559 = EDGE_CURVE ( 'NONE', #4939, #1749, #1377, .T. ) ;
#1560 = ORIENTED_EDGE ( 'NONE', *, *, #6526, .F. ) ;
#1561 = ORIENTED_EDGE ( 'NONE', *, *, #987, .F. ) ;
#1562 = VERTEX_POINT ( 'NONE', #5815 ) ;
#1563 = CARTESIAN_POINT ( 'NONE',  ( 150.0000000000000000, 33.49486378953767485, 79.31121421188650800 ) ) ;
#1564 = DIRECTION ( 'NONE',  ( -0.000000000000000000, 3.489217355721594252E-17, -1.000000000000000000 ) ) ;
#1565 = LINE ( 'NONE', #3625, #6372 ) ;
#1566 = FACE_OUTER_BOUND ( 'NONE', #1471, .T. ) ;
#1567 = AXIS2_PLACEMENT_3D ( 'NONE', #1122, #3447, #3895 ) ;
#1568 = ORIENTED_EDGE ( 'NONE', *, *, #1094, .T. ) ;
#1569 = AXIS2_PLACEMENT_3D ( 'NONE', #6602, #2216, #5995 ) ;
#1570 = EDGE_CURVE ( 'NONE', #108, #6168, #6894, .T. ) ;
#1571 = ORIENTED_EDGE ( 'NONE', *, *, #1559, .F. ) ;
#1572 = VECTOR ( 'NONE', #1156, 1000.000000000000000 ) ;
#1573 = DIRECTION ( 'NONE',  ( 0.8660254037844383745, 0.5000000000000004441, 0.000000000000000000 ) ) ;
#1574 = PLANE ( 'NONE',  #5238 ) ;
#1575 = CARTESIAN_POINT ( 'NONE',  ( 123.7499999999999858, 15.67725984076611567, 10.00000000000000000 ) ) ;
#1576 = CARTESIAN_POINT ( 'NONE',  ( 150.0000000000000000, 33.49486378953767485, 32.06121421188651510 ) ) ;
#1577 = ADVANCED_FACE ( 'NONE', ( #316 ), #852, .F. ) ;
#1578 = EDGE_CURVE ( 'NONE', #5746, #777, #1814, .T. ) ;
#1579 = ORIENTED_EDGE ( 'NONE', *, *, #7110, .T. ) ;
#1580 = ORIENTED_EDGE ( 'NONE', *, *, #6378, .T. ) ;
#1581 = CARTESIAN_POINT ( 'NONE',  ( 57.75000000000000711, 53.78237760728131889, 1.876584053792984316E-15 ) ) ;
#1582 = CARTESIAN_POINT ( 'NONE',  ( 23.99999999999999289, -202.2374841615668686, 3.000000000000019096 ) ) ;
#1583 = DIRECTION ( 'NONE',  ( -0.8660254037844383745, 0.5000000000000004441, 0.000000000000000000 ) ) ;
#1584 = CARTESIAN_POINT ( 'NONE',  ( 109.4999999999999858, 100.0000000000000000, 3.489217355721594350E-15 ) ) ;
#1585 = ADVANCED_FACE ( 'NONE', ( #699 ), #4661, .F. ) ;
#1586 = DIRECTION ( 'NONE',  ( -0.000000000000000000, 3.489217355721594252E-17, -1.000000000000000000 ) ) ;
#1587 = CARTESIAN_POINT ( 'NONE',  ( 3.000000000000008438, 49.99999999999999289, 140.0000000000000000 ) ) ;
#1588 = LINE ( 'NONE', #5346, #1620 ) ;
#1589 = EDGE_CURVE ( 'NONE', #541, #4964, #4626, .T. ) ;
#1590 = ORIENTED_EDGE ( 'NONE', *, *, #3691, .T. ) ;
#1591 = ORIENTED_EDGE ( 'NONE', *, *, #3952, .F. ) ;
#1592 = ORIENTED_EDGE ( 'NONE', *, *, #6774, .F. ) ;
#1593 = LINE ( 'NONE', #6067, #4682 ) ;
#1594 = CARTESIAN_POINT ( 'NONE',  ( 16.49999999999998579, 32.56475521456263067, 1.136255090794772180E-15 ) ) ;
#1595 = CARTESIAN_POINT ( 'NONE',  ( 113.9999999999999147, 66.33974596215564645, 2.314737929853150582E-15 ) ) ;
#1596 = LINE ( 'NONE', #1247, #2115 ) ;
#1597 = CARTESIAN_POINT ( 'NONE',  ( 112.4999999999999858, 86.48368917940753420, -2.033859505912648061E-14 ) ) ;
#1598 = CARTESIAN_POINT ( 'NONE',  ( 55.49999999999992184, 49.88526329025141592, 10.00000000000000178 ) ) ;
#1599 = CARTESIAN_POINT ( 'NONE',  ( 116.2500000000000000, 53.78237760728131889, 10.00000000000000178 ) ) ;
#1600 = ORIENTED_EDGE ( 'NONE', *, *, #5935, .T. ) ;
#1601 = VECTOR ( 'NONE', #1583, 1000.000000000000114 ) ;
#1602 = VERTEX_POINT ( 'NONE', #6286 ) ;
#1603 = LINE ( 'NONE', #5866, #1180 ) ;
#1604 = CARTESIAN_POINT ( 'NONE',  ( 96.74999999999998579, 62.44263164512570086, 10.00000000000000178 ) ) ;
#1605 = EDGE_CURVE ( 'NONE', #6148, #874, #7140, .T. ) ;
#1606 = VECTOR ( 'NONE', #1299, 1000.000000000000114 ) ;
#1607 = DIRECTION ( 'NONE',  ( -0.8660254037844387076, -0.4999999999999998890, -1.744608677860796818E-17 ) ) ;
#1608 = DIRECTION ( 'NONE',  ( 0.000000000000000000, 0.000000000000000000, -1.000000000000000000 ) ) ;
#1609 = ORIENTED_EDGE ( 'NONE', *, *, #1730, .F. ) ;
#1610 = VERTEX_POINT ( 'NONE', #742 ) ;
#1611 = DIRECTION ( 'NONE',  ( -0.000000000000000000, 3.489217355721594252E-17, -1.000000000000000000 ) ) ;
#1612 = CARTESIAN_POINT ( 'NONE',  ( 113.9999999999999147, 66.33974596215564645, 10.00000000000000178 ) ) ;
#1613 = FACE_BOUND ( 'NONE', #625, .T. ) ;
#1614 = ADVANCED_FACE ( 'NONE', ( #2970 ), #1885, .T. ) ;
#1615 = FACE_OUTER_BOUND ( 'NONE', #1200, .T. ) ;
#1616 = DIRECTION ( 'NONE',  ( -0.000000000000000000, 3.489217355721594252E-17, -1.000000000000000000 ) ) ;
#1617 = EDGE_CURVE ( 'NONE', #6749, #7020, #6366, .T. ) ;
#1618 = VERTEX_POINT ( 'NONE', #6470 ) ;
#1619 = VECTOR ( 'NONE', #7154, 1000.000000000000114 ) ;
#1620 = VECTOR ( 'NONE', #6491, 1000.000000000000000 ) ;
#1621 = ORIENTED_EDGE ( 'NONE', *, *, #2126, .F. ) ;
#1622 = CARTESIAN_POINT ( 'NONE',  ( 112.4999999999999858, 101.4800689266309348, -7.352509501688626159 ) ) ;
#1623 = DIRECTION ( 'NONE',  ( -0.8660254037844383745, -0.5000000000000003331, -1.744608677860798050E-17 ) ) ;
#1624 = DIRECTION ( 'NONE',  ( 0.8660254037844378194, 0.5000000000000014433, 1.744608677860803597E-17 ) ) ;
#1625 = ADVANCED_FACE ( 'NONE', ( #868 ), #5939, .F. ) ;
#1626 = VECTOR ( 'NONE', #3240, 1000.000000000000114 ) ;
#1627 = DIRECTION ( 'NONE',  ( -0.4999999999999996669, 0.8660254037844388186, 3.021750869380465486E-17 ) ) ;
#1628 = DIRECTION ( 'NONE',  ( 0.000000000000000000, 0.000000000000000000, 1.000000000000000000 ) ) ;
#1629 = VERTEX_POINT ( 'NONE', #1535 ) ;
#1630 = ORIENTED_EDGE ( 'NONE', *, *, #756, .F. ) ;
#1631 = EDGE_LOOP ( 'NONE', ( #3501, #3087, #419, #2415 ) ) ;
#1632 = ORIENTED_EDGE ( 'NONE', *, *, #4796, .T. ) ;
#1633 = CARTESIAN_POINT ( 'NONE',  ( 131.2500000000000000, 53.78237760728131178, 1.876584053792983922E-15 ) ) ;
#1634 = DATE_TIME_ROLE ( 'classification_date' ) ;
#1635 = LINE ( 'NONE', #2720, #5220 ) ;
#1636 = LINE ( 'NONE', #6669, #1447 ) ;
#1637 = EDGE_CURVE ( 'NONE', #5179, #4270, #3225, .T. ) ;
#1638 = LINE ( 'NONE', #6271, #6571 ) ;
#1639 = LINE ( 'NONE', #3300, #210 ) ;
#1640 = ORIENTED_EDGE ( 'NONE', *, *, #5143, .T. ) ;
#1641 = ORIENTED_EDGE ( 'NONE', *, *, #416, .F. ) ;
#1642 = FACE_OUTER_BOUND ( 'NONE', #6212, .T. ) ;
#1643 = DIRECTION ( 'NONE',  ( 0.4999999999999999445, -0.8660254037844387076, -3.021750869380466102E-17 ) ) ;
#1644 = CARTESIAN_POINT ( 'NONE',  ( 109.4999999999999858, 101.4800689266309348, -7.352509501688625271 ) ) ;
#1645 = ORIENTED_EDGE ( 'NONE', *, *, #5958, .F. ) ;
#1646 = VERTEX_POINT ( 'NONE', #2591 ) ;
#1647 = ADVANCED_FACE ( 'NONE', ( #6980 ), #5428, .F. ) ;
#1648 = ADVANCED_FACE ( 'NONE', ( #972 ), #5359, .F. ) ;
#1649 = VECTOR ( 'NONE', #2123, 1000.000000000000000 ) ;
#1650 = DIRECTION ( 'NONE',  ( 1.000000000000000000, 0.000000000000000000, -0.000000000000000000 ) ) ;
#1651 = DIRECTION ( 'NONE',  ( -1.000000000000000000, -0.000000000000000000, -0.000000000000000000 ) ) ;
#1652 = VECTOR ( 'NONE', #4603, 1000.000000000000000 ) ;
#1653 = VECTOR ( 'NONE', #3699, 1000.000000000000000 ) ;
#1654 = VECTOR ( 'NONE', #5038, 1000.000000000000000 ) ;
#1655 = EDGE_CURVE ( 'NONE', #540, #3611, #4881, .T. ) ;
#1656 = ORIENTED_EDGE ( 'NONE', *, *, #6738, .T. ) ;
#1657 = DIRECTION ( 'NONE',  ( 1.000000000000000000, 0.000000000000000000, -0.000000000000000000 ) ) ;
#1658 = DIRECTION ( 'NONE',  ( -0.8660254037844387076, 0.4999999999999997780, 0.000000000000000000 ) ) ;
#1659 = DIRECTION ( 'NONE',  ( 0.000000000000000000, 0.000000000000000000, -1.000000000000000000 ) ) ;
#1660 = LINE ( 'NONE', #3867, #1787 ) ;
#1661 = LINE ( 'NONE', #3869, #5526 ) ;
#1662 = ORIENTED_EDGE ( 'NONE', *, *, #7088, .T. ) ;
#1663 = EDGE_CURVE ( 'NONE', #2427, #1772, #2622, .T. ) ;
#1664 = ADVANCED_FACE ( 'NONE', ( #4309 ), #5391, .F. ) ;
#1665 = ORIENTED_EDGE ( 'NONE', *, *, #9, .T. ) ;
#1666 = AXIS2_PLACEMENT_3D ( 'NONE', #1020, #3317, #1694 ) ;
#1667 = VERTEX_POINT ( 'NONE', #2045 ) ;
#1668 = DIRECTION ( 'NONE',  ( 0.4999999999999999445, 0.8660254037844387076, 3.021750869380466102E-17 ) ) ;
#1669 = DIRECTION ( 'NONE',  ( -0.8660254037844388186, 0.4999999999999996114, 1.744608677860794044E-17 ) ) ;
#1670 = CARTESIAN_POINT ( 'NONE',  ( 74.99999999999992895, 49.88526329025141592, 1.740605264670865696E-15 ) ) ;
#1671 = PLANE ( 'NONE',  #2947 ) ;
#1672 = DIRECTION ( 'NONE',  ( -1.000000000000000000, -0.000000000000000000, 3.318315740031391761E-16 ) ) ;
#1673 = VECTOR ( 'NONE', #4708, 1000.000000000000000 ) ;
#1674 = CARTESIAN_POINT ( 'NONE',  ( 23.99999999999999289, 36.89488223348483587, 1.287342634263795608E-15 ) ) ;
#1675 = VERTEX_POINT ( 'NONE', #3126 ) ;
#1676 = AXIS2_PLACEMENT_3D ( 'NONE', #3267, #5430, #3745 ) ;
#1677 = VERTEX_POINT ( 'NONE', #5904 ) ;
#1678 = EDGE_CURVE ( 'NONE', #198, #5490, #933, .T. ) ;
#1679 = DIRECTION ( 'NONE',  ( 0.5000000000000004441, 0.8660254037844384856, 3.021750869380464253E-17 ) ) ;
#1680 = DIRECTION ( 'NONE',  ( 0.8660254037844387076, -0.4999999999999997780, 0.000000000000000000 ) ) ;
#1681 = FACE_OUTER_BOUND ( 'NONE', #6663, .T. ) ;
#1682 = CYLINDRICAL_SURFACE ( 'NONE', #7066, 2.500000000000002220 ) ;
#1683 = AXIS2_PLACEMENT_3D ( 'NONE', #630, #5046, #2315 ) ;
#1684 = EDGE_LOOP ( 'NONE', ( #6352, #335, #2212, #2150 ) ) ;
#1685 = VECTOR ( 'NONE', #1975, 1000.000000000000000 ) ;
#1686 = ORIENTED_EDGE ( 'NONE', *, *, #2731, .F. ) ;
#1687 = VERTEX_POINT ( 'NONE', #6510 ) ;
#1688 = AXIS2_PLACEMENT_3D ( 'NONE', #1821, #104, #6223 ) ;
#1689 = CARTESIAN_POINT ( 'NONE',  ( 84.74999999999997158, 15.67725984076613699, 3.000000000000019096 ) ) ;
#1690 = ORIENTED_EDGE ( 'NONE', *, *, #6198, .T. ) ;
#1691 = VERTEX_POINT ( 'NONE', #5326 ) ;
#1692 = ORIENTED_EDGE ( 'NONE', *, *, #3573, .F. ) ;
#1693 = DIRECTION ( 'NONE',  ( -1.000000000000000000, 0.000000000000000000, 3.318315740031391761E-16 ) ) ;
#1694 = DIRECTION ( 'NONE',  ( -0.8660254037844385966, 0.4999999999999998890, 0.000000000000000000 ) ) ;
#1695 = ADVANCED_FACE ( 'NONE', ( #3743 ), #3777, .F. ) ;
#1696 = VECTOR ( 'NONE', #6441, 1000.000000000000000 ) ;
#1697 = LINE ( 'NONE', #5583, #6374 ) ;
#1698 = ORIENTED_EDGE ( 'NONE', *, *, #617, .T. ) ;
#1699 = ORIENTED_EDGE ( 'NONE', *, *, #1501, .F. ) ;
#1700 = ORIENTED_EDGE ( 'NONE', *, *, #2772, .F. ) ;
#1701 = LINE ( 'NONE', #6243, #4154 ) ;
#1702 = CARTESIAN_POINT ( 'NONE',  ( 113.9999999999999147, 49.88526329025141592, 10.00000000000000178 ) ) ;
#1703 = DIRECTION ( 'NONE',  ( 0.4999999999999998335, -0.8660254037844388186, -3.021750869380465486E-17 ) ) ;
#1704 = EDGE_CURVE ( 'NONE', #201, #6535, #362, .T. ) ;
#1705 = DIRECTION ( 'NONE',  ( 0.8660254037844378194, -0.5000000000000015543, 0.000000000000000000 ) ) ;
#1706 = VERTEX_POINT ( 'NONE', #6941 ) ;
#1707 = ORIENTED_EDGE ( 'NONE', *, *, #5234, .T. ) ;
#1708 = CARTESIAN_POINT ( 'NONE',  ( 38.25000000000041211, -202.2374841615668117, 3.000000000000019096 ) ) ;
#1709 = CARTESIAN_POINT ( 'NONE',  ( 2.775557561562891351E-14, 38.99486378953768195, 74.56121421188655063 ) ) ;
#1710 = EDGE_CURVE ( 'NONE', #5945, #786, #3156, .T. ) ;
#1711 = EDGE_LOOP ( 'NONE', ( #6809, #5289, #4725, #3411, #2024, #1592 ) ) ;
#1712 = ORIENTED_EDGE ( 'NONE', *, *, #1518, .T. ) ;
#1713 = VECTOR ( 'NONE', #5665, 1000.000000000000114 ) ;
#1714 = EDGE_CURVE ( 'NONE', #2285, #2578, #6434, .T. ) ;
#1715 = PLANE ( 'NONE',  #3173 ) ;
#1716 = ORIENTED_EDGE ( 'NONE', *, *, #3656, .T. ) ;
#1717 = EDGE_LOOP ( 'NONE', ( #3807, #1988 ) ) ;
#1718 = ORIENTED_EDGE ( 'NONE', *, *, #325, .T. ) ;
#1719 = DIRECTION ( 'NONE',  ( -0.8660254037844387076, -0.4999999999999997780, 0.000000000000000000 ) ) ;
#1720 = FACE_BOUND ( 'NONE', #735, .T. ) ;
#1721 = CARTESIAN_POINT ( 'NONE',  ( 112.4999999999999858, 104.4764486738543354, -3.995172996297874146 ) ) ;
#1722 = DIRECTION ( 'NONE',  ( -0.8660254037844387076, -0.4999999999999998890, -1.744608677860796818E-17 ) ) ;
#1723 = DIRECTION ( 'NONE',  ( 0.000000000000000000, 0.000000000000000000, -1.000000000000000000 ) ) ;
#1724 = CARTESIAN_POINT ( 'NONE',  ( 72.74999999999998579, 28.66764089753273126, 3.000000000000019096 ) ) ;
#1725 = VERTEX_POINT ( 'NONE', #2079 ) ;
#1726 = DIRECTION ( 'NONE',  ( -0.8660254037844383745, -0.5000000000000004441, 0.000000000000000000 ) ) ;
#1727 = EDGE_LOOP ( 'NONE', ( #5604, #2644, #3208, #2518 ) ) ;
#1728 = ORIENTED_EDGE ( 'NONE', *, *, #4919, .T. ) ;
#1729 = EDGE_CURVE ( 'NONE', #2906, #1234, #7087, .T. ) ;
#1730 = EDGE_CURVE ( 'NONE', #5178, #5753, #6646, .T. ) ;
#1731 = CARTESIAN_POINT ( 'NONE',  ( 28.49999999999999645, 45.55513627132927468, 10.00000000000000178 ) ) ;
#1732 = VECTOR ( 'NONE', #6553, 999.9999999999998863 ) ;
#1733 = CARTESIAN_POINT ( 'NONE',  ( 82.49999999999998579, 70.66987298107788718, 2.465825473322174997E-15 ) ) ;
#1734 = LINE ( 'NONE', #4508, #5310 ) ;
#1735 = LINE ( 'NONE', #1597, #3399 ) ;
#1736 = CYLINDRICAL_SURFACE ( 'NONE', #3106, 1.699999999999996625 ) ;
#1737 = LINE ( 'NONE', #1222, #873 ) ;
#1738 = CARTESIAN_POINT ( 'NONE',  ( 53.24999999999997868, 28.66764089753274192, 1.000276301672654151E-15 ) ) ;
#1739 = ORIENTED_EDGE ( 'NONE', *, *, #7050, .F. ) ;
#1740 = EDGE_CURVE ( 'NONE', #5394, #6459, #6079, .T. ) ;
#1741 = CARTESIAN_POINT ( 'NONE',  ( 126.0000000000000000, 36.89488223348482165, 1.287342634263795411E-15 ) ) ;
#1742 = FACE_OUTER_BOUND ( 'NONE', #3927, .T. ) ;
#1743 = EDGE_CURVE ( 'NONE', #5769, #3676, #6108, .T. ) ;
#1744 = CARTESIAN_POINT ( 'NONE',  ( 53.24999999999997868, 62.44263164512573638, 3.000000000000019096 ) ) ;
#1745 = EDGE_LOOP ( 'NONE', ( #2390, #6737, #4433, #3114 ) ) ;
#1746 = ORIENTED_EDGE ( 'NONE', *, *, #3076, .F. ) ;
#1747 = EDGE_CURVE ( 'NONE', #244, #3310, #5024, .T. ) ;
#1748 = DIRECTION ( 'NONE',  ( 0.8660254037844383745, -0.5000000000000004441, 0.000000000000000000 ) ) ;
#1749 = VERTEX_POINT ( 'NONE', #2861 ) ;
#1750 = AXIS2_PLACEMENT_3D ( 'NONE', #6244, #4543, #2429 ) ;
#1751 = ORIENTED_EDGE ( 'NONE', *, *, #4530, .F. ) ;
#1752 = EDGE_LOOP ( 'NONE', ( #1754, #4731, #5959, #4231 ) ) ;
#1753 = ADVANCED_FACE ( 'NONE', ( #5462 ), #72, .F. ) ;
#1754 = ORIENTED_EDGE ( 'NONE', *, *, #654, .T. ) ;
#1755 = CARTESIAN_POINT ( 'NONE',  ( -95.29735208260142088, -31.98147610501472826, 3.000000000000019096 ) ) ;
#1756 = VECTOR ( 'NONE', #5723, 1000.000000000000000 ) ;
#1757 = AXIS2_PLACEMENT_3D ( 'NONE', #425, #4301, #1965 ) ;
#1758 = DIRECTION ( 'NONE',  ( -0.8660254037844388186, 0.4999999999999996669, 0.000000000000000000 ) ) ;
#1759 = CARTESIAN_POINT ( 'NONE',  ( 111.7499999999999574, 20.00738685968830310, 10.00000000000000000 ) ) ;
#1760 = ORIENTED_EDGE ( 'NONE', *, *, #1936, .F. ) ;
#1761 = PLANE ( 'NONE',  #6287 ) ;
#1762 = VERTEX_POINT ( 'NONE', #1185 ) ;
#1763 = VECTOR ( 'NONE', #3863, 1000.000000000000000 ) ;
#1764 = ORIENTED_EDGE ( 'NONE', *, *, #834, .T. ) ;
#1765 = CARTESIAN_POINT ( 'NONE',  ( 38.25000000000000711, 28.66764089753275613, 10.00000000000000178 ) ) ;
#1766 = APPROVAL_ROLE ( '' ) ;
#1767 = FACE_BOUND ( 'NONE', #2775, .T. ) ;
#1768 = DIRECTION ( 'NONE',  ( -0.8660254037844387076, -0.4999999999999998890, -1.744608677860796818E-17 ) ) ;
#1769 = CARTESIAN_POINT ( 'NONE',  ( 37.50000000000000711, 101.4800689266309348, -4.852509501688611948 ) ) ;
#1770 = LINE ( 'NONE', #1261, #6727 ) ;
#1771 = DIRECTION ( 'NONE',  ( 0.000000000000000000, 0.000000000000000000, -1.000000000000000000 ) ) ;
#1772 = VERTEX_POINT ( 'NONE', #1709 ) ;
#1773 = VECTOR ( 'NONE', #4716, 1000.000000000000000 ) ;
#1774 = DIRECTION ( 'NONE',  ( 0.000000000000000000, -1.000000000000000000, 0.000000000000000000 ) ) ;
#1775 = ORIENTED_EDGE ( 'NONE', *, *, #220, .T. ) ;
#1776 = CARTESIAN_POINT ( 'NONE',  ( -66.04735208260149193, -82.64396222640408496, 3.000000000000019096 ) ) ;
#1777 = DIRECTION ( 'NONE',  ( 1.000000000000000000, -0.000000000000000000, -0.000000000000000000 ) ) ;
#1778 = PLANE ( 'NONE',  #4207 ) ;
#1779 = DIRECTION ( 'NONE',  ( -0.4999999999999996669, -0.8660254037844388186, -3.021750869380465486E-17 ) ) ;
#1780 = DIRECTION ( 'NONE',  ( -4.618879118719709503E-16, -0.000000000000000000, -1.000000000000000000 ) ) ;
#1781 = VECTOR ( 'NONE', #1465, 1000.000000000000000 ) ;
#1782 = ADVANCED_FACE ( 'NONE', ( #1148 ), #3888, .F. ) ;
#1783 = APPROVAL ( #6572, 'UNSPECIFIED' ) ;
#1784 = ORIENTED_EDGE ( 'NONE', *, *, #295, .T. ) ;
#1785 = ORIENTED_EDGE ( 'NONE', *, *, #5484, .T. ) ;
#1786 = VECTOR ( 'NONE', #1069, 1000.000000000000000 ) ;
#1787 = VECTOR ( 'NONE', #4975, 1000.000000000000000 ) ;
#1788 = LINE ( 'NONE', #5641, #6295 ) ;
#1789 = CARTESIAN_POINT ( 'NONE',  ( 112.4999999999999858, 98.48368917940753420, -10.70984600707937773 ) ) ;
#1790 = ADVANCED_FACE ( 'NONE', ( #5562 ), #6142, .F. ) ;
#1791 = AXIS2_PLACEMENT_3D ( 'NONE', #77, #6682, #1748 ) ;
#1792 = ORIENTED_EDGE ( 'NONE', *, *, #3656, .F. ) ;
#1793 = VECTOR ( 'NONE', #6296, 1000.000000000000000 ) ;
#1794 = ORIENTED_EDGE ( 'NONE', *, *, #6517, .F. ) ;
#1795 = EDGE_LOOP ( 'NONE', ( #5355, #4844, #6685, #4414, #3669, #3052 ) ) ;
#1796 = ORIENTED_EDGE ( 'NONE', *, *, #3153, .T. ) ;
#1797 = CARTESIAN_POINT ( 'NONE',  ( 26.24999999999999645, 32.99776791645494001, 10.00000000000000178 ) ) ;
#1798 = VECTOR ( 'NONE', #2624, 1000.000000000000000 ) ;
#1799 = DIRECTION ( 'NONE',  ( -0.8660254037844387076, -0.4999999999999999445, 0.000000000000000000 ) ) ;
#1800 = FACE_OUTER_BOUND ( 'NONE', #2872, .T. ) ;
#1801 = EDGE_CURVE ( 'NONE', #2130, #5136, #536, .T. ) ;
#1802 = PLANE ( 'NONE',  #6735 ) ;
#1803 = VERTEX_POINT ( 'NONE', #5601 ) ;
#1804 = PLANE ( 'NONE',  #2260 ) ;
#1805 = ORIENTED_EDGE ( 'NONE', *, *, #4252, .F. ) ;
#1806 = ORIENTED_EDGE ( 'NONE', *, *, #1286, .T. ) ;
#1807 = PLANE ( 'NONE',  #5534 ) ;
#1808 = FACE_BOUND ( 'NONE', #1960, .T. ) ;
#1809 = DIRECTION ( 'NONE',  ( 1.000000000000000000, 0.000000000000000000, 0.000000000000000000 ) ) ;
#1810 = CARTESIAN_POINT ( 'NONE',  ( 96.75000000000000000, 28.66764089753272771, 10.00000000000000178 ) ) ;
#1811 = CARTESIAN_POINT ( 'NONE',  ( 147.0000000000000284, 2.999999999999985789, 140.0000000000000000 ) ) ;
#1812 = VECTOR ( 'NONE', #5762, 1000.000000000000000 ) ;
#1813 = ADVANCED_FACE ( 'NONE', ( #2228 ), #2730, .F. ) ;
#1814 = LINE ( 'NONE', #2543, #1713 ) ;
#1815 = VERTEX_POINT ( 'NONE', #2189 ) ;
#1816 = LINE ( 'NONE', #65, #2083 ) ;
#1817 = EDGE_LOOP ( 'NONE', ( #4499, #67, #3919, #2546 ) ) ;
#1818 = CARTESIAN_POINT ( 'NONE',  ( 55.49999999999997868, 83.66025403784443881, 3.000000000000019096 ) ) ;
#1819 = PLANE ( 'NONE',  #4541 ) ;
#1820 = CARTESIAN_POINT ( 'NONE',  ( 113.9999999999999147, 66.33974596215564645, 10.00000000000000178 ) ) ;
#1821 = CARTESIAN_POINT ( 'NONE',  ( 40.50000000000000711, 101.4800689266309348, -7.352509501688614613 ) ) ;
#1822 = ORIENTED_EDGE ( 'NONE', *, *, #1345, .T. ) ;
#1823 = CARTESIAN_POINT ( 'NONE',  ( 38.24999999999999289, 20.00738685968837771, 6.981012147346085764E-16 ) ) ;
#1824 = CARTESIAN_POINT ( 'NONE',  ( 106.4999999999999858, 45.55513627132926047, 1.589517721201843845E-15 ) ) ;
#1825 = EDGE_CURVE ( 'NONE', #2491, #3340, #2827, .T. ) ;
#1826 = LINE ( 'NONE', #642, #5257 ) ;
#1827 = CARTESIAN_POINT ( 'NONE',  ( 150.0000000000000000, 33.49486378953767485, 32.06121421188651510 ) ) ;
#1828 = VECTOR ( 'NONE', #5474, 1000.000000000000000 ) ;
#1829 = VERTEX_POINT ( 'NONE', #6545 ) ;
#1830 = ORIENTED_EDGE ( 'NONE', *, *, #3641, .T. ) ;
#1831 = VERTEX_POINT ( 'NONE', #4381 ) ;
#1832 = DIRECTION ( 'NONE',  ( -0.000000000000000000, 3.489217355721594252E-17, -1.000000000000000000 ) ) ;
#1833 = ADVANCED_FACE ( 'NONE', ( #1742 ), #6579, .F. ) ;
#1834 = CARTESIAN_POINT ( 'NONE',  ( 144.7973520826014635, 43.36273402423149292, 3.000000000000019096 ) ) ;
#1835 = EDGE_CURVE ( 'NONE', #2513, #60, #3949, .T. ) ;
#1836 = VECTOR ( 'NONE', #3028, 1000.000000000000000 ) ;
#1837 = CARTESIAN_POINT ( 'NONE',  ( 43.49999999999998579, 36.89488223348483587, 1.287342634263795608E-15 ) ) ;
#1838 = DIRECTION ( 'NONE',  ( -0.8660254037844388186, 0.4999999999999996669, 0.000000000000000000 ) ) ;
#1839 = DIRECTION ( 'NONE',  ( -0.000000000000000000, 3.489217355721594252E-17, -1.000000000000000000 ) ) ;
#1840 = DIRECTION ( 'NONE',  ( 0.8660254037844385966, 0.4999999999999998890, 0.000000000000000000 ) ) ;
#1841 = ORIENTED_EDGE ( 'NONE', *, *, #2695, .T. ) ;
#1842 = LINE ( 'NONE', #6780, #5008 ) ;
#1843 = ORIENTED_EDGE ( 'NONE', *, *, #3171, .F. ) ;
#1844 = AXIS2_PLACEMENT_3D ( 'NONE', #485, #2711, #5379 ) ;
#1845 = ORIENTED_EDGE ( 'NONE', *, *, #6547, .T. ) ;
#1846 = DIRECTION ( 'NONE',  ( -0.000000000000000000, 3.489217355721594252E-17, -1.000000000000000000 ) ) ;
#1847 = EDGE_CURVE ( 'NONE', #2098, #554, #6612, .T. ) ;
#1848 = LINE ( 'NONE', #4658, #5013 ) ;
#1849 = CARTESIAN_POINT ( 'NONE',  ( 147.0000000000000284, -1.714505518806294283E-14, 140.0000000000000000 ) ) ;
#1850 = CARTESIAN_POINT ( 'NONE',  ( 48.00000000000000000, 79.33012701892225493, 3.000000000000019096 ) ) ;
#1851 = ORIENTED_EDGE ( 'NONE', *, *, #6924, .T. ) ;
#1852 = VECTOR ( 'NONE', #1484, 1000.000000000000114 ) ;
#1853 = CYLINDRICAL_SURFACE ( 'NONE', #3007, 50.00000000000000000 ) ;
#1854 = EDGE_LOOP ( 'NONE', ( #5647, #5413, #673, #3995 ) ) ;
#1855 = AXIS2_PLACEMENT_3D ( 'NONE', #312, #6892, #773 ) ;
#1856 = DIRECTION ( 'NONE',  ( -0.8660254037844390407, -0.4999999999999991673, 0.000000000000000000 ) ) ;
#1857 = ADVANCED_FACE ( 'NONE', ( #4956 ), #1682, .F. ) ;
#1858 = DIRECTION ( 'NONE',  ( 0.000000000000000000, 0.000000000000000000, -1.000000000000000000 ) ) ;
#1859 = DIRECTION ( 'NONE',  ( 0.8660254037844384856, -0.5000000000000002220, 0.000000000000000000 ) ) ;
#1860 = PLANE ( 'NONE',  #6061 ) ;
#1861 = VECTOR ( 'NONE', #2669, 1000.000000000000000 ) ;
#1862 = ORIENTED_EDGE ( 'NONE', *, *, #1030, .F. ) ;
#1863 = EDGE_LOOP ( 'NONE', ( #3276, #3853, #5796, #3790 ) ) ;
#1864 = PLANE ( 'NONE',  #2373 ) ;
#1865 = DIRECTION ( 'NONE',  ( 0.8660254037844395958, 0.4999999999999982236, 1.744608677860792504E-17 ) ) ;
#1866 = EDGE_CURVE ( 'NONE', #7127, #5992, #638, .T. ) ;
#1867 = ORIENTED_EDGE ( 'NONE', *, *, #7071, .F. ) ;
#1868 = ORIENTED_EDGE ( 'NONE', *, *, #1035, .F. ) ;
#1869 = ORIENTED_EDGE ( 'NONE', *, *, #1317, .T. ) ;
#1870 = PLANE ( 'NONE',  #6076 ) ;
#1871 = LINE ( 'NONE', #405, #1649 ) ;
#1872 = DIRECTION ( 'NONE',  ( 1.602468905319637155E-15, 1.000000000000000000, 0.000000000000000000 ) ) ;
#1873 = DIRECTION ( 'NONE',  ( -0.8660254037844388186, 0.4999999999999996669, 0.000000000000000000 ) ) ;
#1874 = LINE ( 'NONE', #5111, #5254 ) ;
#1875 = EDGE_CURVE ( 'NONE', #6168, #3490, #2359, .T. ) ;
#1876 = EDGE_LOOP ( 'NONE', ( #5874, #1202, #4582, #3410 ) ) ;
#1877 = LINE ( 'NONE', #4080, #3759 ) ;
#1878 = EDGE_LOOP ( 'NONE', ( #6728, #4644, #2022, #1344 ) ) ;
#1879 = CYLINDRICAL_SURFACE ( 'NONE', #6451, 2.500000000000002220 ) ;
#1880 = VECTOR ( 'NONE', #5176, 1000.000000000000000 ) ;
#1881 = AXIS2_PLACEMENT_3D ( 'NONE', #440, #2289, #6144 ) ;
#1882 = FACE_BOUND ( 'NONE', #6203, .T. ) ;
#1883 = CARTESIAN_POINT ( 'NONE',  ( 18.74999999999998934, 28.66764089753276323, 1.000276301672654546E-15 ) ) ;
#1884 = ORIENTED_EDGE ( 'NONE', *, *, #5954, .F. ) ;
#1885 = CYLINDRICAL_SURFACE ( 'NONE', #5169, 4.499999999999997335 ) ;
#1886 = EDGE_CURVE ( 'NONE', #5247, #1312, #6829, .T. ) ;
#1887 = VECTOR ( 'NONE', #480, 1000.000000000000000 ) ;
#1888 = PLANE ( 'NONE',  #1017 ) ;
#1889 = EDGE_CURVE ( 'NONE', #2645, #1562, #5132, .T. ) ;
#1890 = DIRECTION ( 'NONE',  ( 2.065146995210483709E-16, 0.000000000000000000, 1.000000000000000000 ) ) ;
#1891 = ORIENTED_EDGE ( 'NONE', *, *, #3117, .T. ) ;
#1892 = FACE_OUTER_BOUND ( 'NONE', #6194, .T. ) ;
#1893 = LINE ( 'NONE', #5249, #2251 ) ;
#1894 = CARTESIAN_POINT ( 'NONE',  ( 115.5473520826015772, -7.299752097158163089, 3.000000000000019096 ) ) ;
#1895 = CARTESIAN_POINT ( 'NONE',  ( 77.25000000000001421, 53.78237760728131889, 10.00000000000000178 ) ) ;
#1896 = VERTEX_POINT ( 'NONE', #6222 ) ;
#1897 = EDGE_CURVE ( 'NONE', #7041, #3143, #6325, .T. ) ;
#1898 = EDGE_CURVE ( 'NONE', #623, #5909, #5205, .T. ) ;
#1899 = ORIENTED_EDGE ( 'NONE', *, *, #3834, .T. ) ;
#1900 = VECTOR ( 'NONE', #3377, 1000.000000000000000 ) ;
#1901 = FACE_OUTER_BOUND ( 'NONE', #6532, .T. ) ;
#1902 = LINE ( 'NONE', #6803, #5371 ) ;
#1903 = FACE_OUTER_BOUND ( 'NONE', #3557, .T. ) ;
#1904 = EDGE_CURVE ( 'NONE', #772, #2700, #2897, .T. ) ;
#1905 = ORIENTED_EDGE ( 'NONE', *, *, #3142, .T. ) ;
#1906 = ORIENTED_EDGE ( 'NONE', *, *, #3909, .F. ) ;
#1907 = EDGE_LOOP ( 'NONE', ( #81, #2597, #5607, #3591 ) ) ;
#1908 = ORIENTED_EDGE ( 'NONE', *, *, #6547, .F. ) ;
#1909 = CC_DESIGN_APPROVAL ( #1783, ( #7083 ) ) ;
#1910 = CARTESIAN_POINT ( 'NONE',  ( -0.001000000000001000089, 85.06340628446157837, 12.91072832108004143 ) ) ;
#1911 = LINE ( 'NONE', #4692, #3489 ) ;
#1912 = VECTOR ( 'NONE', #3487, 1000.000000000000114 ) ;
#1913 = CARTESIAN_POINT ( 'NONE',  ( 55.49999999999992184, 66.33974596215564645, 3.000000000000019096 ) ) ;
#1914 = CARTESIAN_POINT ( 'NONE',  ( 65.25000000000000000, 32.99776791645491159, 3.000000000000019096 ) ) ;
#1915 = AXIS2_PLACEMENT_3D ( 'NONE', #3799, #5415, #7151 ) ;
#1916 = CARTESIAN_POINT ( 'NONE',  ( 87.00000000000000000, 36.89488223348482165, 10.00000000000000178 ) ) ;
#1917 = ORIENTED_EDGE ( 'NONE', *, *, #2366, .F. ) ;
#1918 = CARTESIAN_POINT ( 'NONE',  ( 150.0000000000000000, 23.49486378953767840, 29.81121421188651510 ) ) ;
#1919 = ORIENTED_EDGE ( 'NONE', *, *, #3834, .F. ) ;
#1920 = AXIS2_PLACEMENT_3D ( 'NONE', #963, #7047, #2105 ) ;
#1921 = FACE_OUTER_BOUND ( 'NONE', #1136, .T. ) ;
#1922 = LINE ( 'NONE', #5237, #4527 ) ;
#1923 = CARTESIAN_POINT ( 'NONE',  ( 72.74999999999998579, 53.78237760728132599, 1.876584053792984316E-15 ) ) ;
#1924 = EDGE_CURVE ( 'NONE', #5753, #2969, #5086, .T. ) ;
#1925 = CARTESIAN_POINT ( 'NONE',  ( -90.42235208260144930, -40.42522379191299109, 3.000000000000019096 ) ) ;
#1926 = CARTESIAN_POINT ( 'NONE',  ( 87.00000000000000000, 45.55513627132927468, 10.00000000000000178 ) ) ;
#1927 = ORIENTED_EDGE ( 'NONE', *, *, #4875, .F. ) ;
#1928 = FACE_BOUND ( 'NONE', #1042, .T. ) ;
#1929 = ORIENTED_EDGE ( 'NONE', *, *, #2232, .F. ) ;
#1930 = VERTEX_POINT ( 'NONE', #708 ) ;
#1931 = EDGE_LOOP ( 'NONE', ( #3631, #360 ) ) ;
#1932 = CARTESIAN_POINT ( 'NONE',  ( 113.9999999999999147, 66.33974596215564645, 2.314737929853150582E-15 ) ) ;
#1933 = DIRECTION ( 'NONE',  ( 1.602468905319637155E-15, 1.000000000000000000, 0.000000000000000000 ) ) ;
#1934 = EDGE_CURVE ( 'NONE', #3230, #3921, #249, .T. ) ;
#1935 = FACE_OUTER_BOUND ( 'NONE', #445, .T. ) ;
#1936 = EDGE_CURVE ( 'NONE', #5676, #287, #2475, .T. ) ;
#1937 = ORIENTED_EDGE ( 'NONE', *, *, #5397, .F. ) ;
#1938 = ORIENTED_EDGE ( 'NONE', *, *, #628, .T. ) ;
#1939 = DIRECTION ( 'NONE',  ( 0.000000000000000000, 0.000000000000000000, -1.000000000000000000 ) ) ;
#1940 = EDGE_CURVE ( 'NONE', #141, #3928, #5671, .T. ) ;
#1941 = FACE_OUTER_BOUND ( 'NONE', #3892, .T. ) ;
#1942 = DIRECTION ( 'NONE',  ( 1.000000000000000000, -0.000000000000000000, -1.437389243825479109E-16 ) ) ;
#1943 = DIRECTION ( 'NONE',  ( -0.4999999999999996669, 0.8660254037844388186, 3.021750869380465486E-17 ) ) ;
#1944 = EDGE_LOOP ( 'NONE', ( #3984, #1145, #547, #958 ) ) ;
#1945 = ORIENTED_EDGE ( 'NONE', *, *, #4427, .F. ) ;
#1946 = EDGE_CURVE ( 'NONE', #816, #4538, #3587, .T. ) ;
#1947 = DIRECTION ( 'NONE',  ( -1.000000000000000000, 0.000000000000000000, 0.000000000000000000 ) ) ;
#1948 = CARTESIAN_POINT ( 'NONE',  ( 45.75000000000000000, 66.77275866404791316, 10.00000000000000178 ) ) ;
#1949 = LINE ( 'NONE', #6887, #4965 ) ;
#1950 = DIRECTION ( 'NONE',  ( -1.000000000000000000, -1.602468905319638141E-15, -5.591362316445464709E-32 ) ) ;
#1951 = ORIENTED_EDGE ( 'NONE', *, *, #3308, .F. ) ;
#1952 = DIRECTION ( 'NONE',  ( 0.4999999999999998335, -0.8660254037844388186, -3.021750869380465486E-17 ) ) ;
#1953 = VERTEX_POINT ( 'NONE', #2977 ) ;
#1954 = DIRECTION ( 'NONE',  ( -0.4999999999999976685, 0.8660254037844400399, 3.021750869380470416E-17 ) ) ;
#1955 = CARTESIAN_POINT ( 'NONE',  ( 43.49999999999998579, 36.89488223348483587, 3.000000000000019096 ) ) ;
#1956 = VECTOR ( 'NONE', #174, 1000.000000000000000 ) ;
#1957 = CARTESIAN_POINT ( 'NONE',  ( 23.99999999999999289, 36.89488223348483587, 3.000000000000019096 ) ) ;
#1958 = DIRECTION ( 'NONE',  ( 0.8660254037844388186, -0.4999999999999996669, 0.000000000000000000 ) ) ;
#1959 = CARTESIAN_POINT ( 'NONE',  ( 43.49999999999998579, 79.33012701892224072, 2.768000560260220670E-15 ) ) ;
#1960 = EDGE_LOOP ( 'NONE', ( #1241, #688, #3897, #5841, #5908, #3334 ) ) ;
#1961 = EDGE_CURVE ( 'NONE', #6260, #5348, #4671, .T. ) ;
#1962 = ORIENTED_EDGE ( 'NONE', *, *, #4522, .T. ) ;
#1963 = ORIENTED_EDGE ( 'NONE', *, *, #2565, .F. ) ;
#1964 = CARTESIAN_POINT ( 'NONE',  ( 57.74999999999999289, 20.00738685968836350, 10.00000000000000000 ) ) ;
#1965 = DIRECTION ( 'NONE',  ( 0.000000000000000000, 0.000000000000000000, -1.000000000000000000 ) ) ;
#1966 = CARTESIAN_POINT ( 'NONE',  ( 147.0000000000000000, -202.2374841615668686, 3.000000000000019096 ) ) ;
#1967 = LINE ( 'NONE', #2221, #153 ) ;
#1968 = VERTEX_POINT ( 'NONE', #6795 ) ;
#1969 = ORIENTED_EDGE ( 'NONE', *, *, #5196, .F. ) ;
#1970 = ADVANCED_FACE ( 'NONE', ( #6755 ), #6253, .F. ) ;
#1971 = ORIENTED_EDGE ( 'NONE', *, *, #3211, .T. ) ;
#1972 = CARTESIAN_POINT ( 'NONE',  ( 116.2499999999999716, 20.00738685968833508, 6.981012147346070972E-16 ) ) ;
#1973 = DIRECTION ( 'NONE',  ( -0.8660254037844387076, 0.4999999999999997780, 0.000000000000000000 ) ) ;
#1974 = VECTOR ( 'NONE', #878, 999.9999999999998863 ) ;
#1975 = DIRECTION ( 'NONE',  ( -0.8660254037844378194, 0.5000000000000015543, 0.000000000000000000 ) ) ;
#1976 = EDGE_CURVE ( 'NONE', #1359, #2688, #1309, .T. ) ;
#1977 = ORIENTED_EDGE ( 'NONE', *, *, #1300, .T. ) ;
#1978 = ADVANCED_FACE ( 'NONE', ( #4633 ), #3012, .F. ) ;
#1979 = EDGE_LOOP ( 'NONE', ( #3600, #2177, #2952, #4059 ) ) ;
#1980 = ORIENTED_EDGE ( 'NONE', *, *, #5235, .T. ) ;
#1981 = DIRECTION ( 'NONE',  ( -0.8660254037844387076, -0.4999999999999998335, -1.744608677860794044E-17 ) ) ;
#1982 = LINE ( 'NONE', #5876, #16 ) ;
#1983 = DIRECTION ( 'NONE',  ( 0.8660254037844378194, -0.5000000000000015543, 0.000000000000000000 ) ) ;
#1984 = DIRECTION ( 'NONE',  ( -0.5000000000000015543, 0.8660254037844378194, 3.021750869380462404E-17 ) ) ;
#1985 = ORIENTED_EDGE ( 'NONE', *, *, #3909, .T. ) ;
#1986 = EDGE_CURVE ( 'NONE', #786, #74, #749, .T. ) ;
#1987 = CARTESIAN_POINT ( 'NONE',  ( 121.4999999999999858, 79.33012701892228336, 3.000000000000019096 ) ) ;
#1988 = ORIENTED_EDGE ( 'NONE', *, *, #940, .T. ) ;
#1989 = FACE_OUTER_BOUND ( 'NONE', #2519, .T. ) ;
#1990 = FACE_BOUND ( 'NONE', #2908, .T. ) ;
#1991 = DIRECTION ( 'NONE',  ( -0.000000000000000000, 1.000000000000000000, 3.489217355721594868E-17 ) ) ;
#1992 = CARTESIAN_POINT ( 'NONE',  ( 94.49999999999991473, 49.88526329025141592, 10.00000000000000178 ) ) ;
#1993 = DIRECTION ( 'NONE',  ( 0.8660254037844379305, -0.5000000000000013323, 0.000000000000000000 ) ) ;
#1994 = CARTESIAN_POINT ( 'NONE',  ( 38.24999999999999289, 20.00738685968837771, 10.00000000000000000 ) ) ;
#1995 = VERTEX_POINT ( 'NONE', #1229 ) ;
#1996 = ORIENTED_EDGE ( 'NONE', *, *, #1946, .T. ) ;
#1997 = AXIS2_PLACEMENT_3D ( 'NONE', #4075, #6412, #1436 ) ;
#1998 = ORIENTED_EDGE ( 'NONE', *, *, #6707, .T. ) ;
#1999 = DIRECTION ( 'NONE',  ( 0.8660254037844383745, -0.5000000000000003331, 0.000000000000000000 ) ) ;
#2000 = LINE ( 'NONE', #2755, #2029 ) ;
#2001 = VECTOR ( 'NONE', #6804, 1000.000000000000000 ) ;
#2002 = VECTOR ( 'NONE', #6901, 1000.000000000000000 ) ;
#2003 = ORIENTED_EDGE ( 'NONE', *, *, #3196, .F. ) ;
#2004 = DIRECTION ( 'NONE',  ( -0.8660254037844387076, -0.4999999999999999445, 0.000000000000000000 ) ) ;
#2005 = ORIENTED_EDGE ( 'NONE', *, *, #2092, .T. ) ;
#2006 = CIRCLE ( 'NONE', #5097, 1.699999999999989742 ) ;
#2007 = VERTEX_POINT ( 'NONE', #5165 ) ;
#2008 = CARTESIAN_POINT ( 'NONE',  ( 72.74999999999998579, 62.44263164512573638, 2.178759140731031568E-15 ) ) ;
#2009 = CARTESIAN_POINT ( 'NONE',  ( 101.9999999999999858, 70.66987298107788718, 10.00000000000000178 ) ) ;
#2010 = ADVANCED_FACE ( 'NONE', ( #6293 ), #4131, .F. ) ;
#2011 = ORIENTED_EDGE ( 'NONE', *, *, #4486, .T. ) ;
#2012 = VECTOR ( 'NONE', #1245, 1000.000000000000000 ) ;
#2013 = ORIENTED_EDGE ( 'NONE', *, *, #6119, .T. ) ;
#2014 = ORIENTED_EDGE ( 'NONE', *, *, #6979, .F. ) ;
#2015 = DIRECTION ( 'NONE',  ( -0.000000000000000000, 3.489217355721594252E-17, -1.000000000000000000 ) ) ;
#2016 = DIRECTION ( 'NONE',  ( -0.000000000000000000, 3.489217355721594252E-17, -1.000000000000000000 ) ) ;
#2017 = EDGE_CURVE ( 'NONE', #880, #7022, #6359, .T. ) ;
#2018 = CARTESIAN_POINT ( 'NONE',  ( 33.74999999999997158, 62.44263164512573638, 2.178759140731031568E-15 ) ) ;
#2019 = CARTESIAN_POINT ( 'NONE',  ( 26.24999999999999645, 66.77275866404791316, 2.329846684200054404E-15 ) ) ;
#2020 = VECTOR ( 'NONE', #3362, 1000.000000000000000 ) ;
#2021 = VECTOR ( 'NONE', #1437, 999.9999999999998863 ) ;
#2022 = ORIENTED_EDGE ( 'NONE', *, *, #1740, .F. ) ;
#2023 = PLANE ( 'NONE',  #970 ) ;
#2024 = ORIENTED_EDGE ( 'NONE', *, *, #2284, .F. ) ;
#2025 = LINE ( 'NONE', #2536, #4305 ) ;
#2026 = DIRECTION ( 'NONE',  ( 0.000000000000000000, 0.000000000000000000, 1.000000000000000000 ) ) ;
#2027 = FACE_OUTER_BOUND ( 'NONE', #640, .T. ) ;
#2028 = EDGE_CURVE ( 'NONE', #4487, #3715, #6395, .T. ) ;
#2029 = VECTOR ( 'NONE', #2220, 1000.000000000000000 ) ;
#2030 = CARTESIAN_POINT ( 'NONE',  ( 3.000000000000015543, 2.999999999999985789, 140.0000000000000000 ) ) ;
#2031 = VECTOR ( 'NONE', #759, 1000.000000000000000 ) ;
#2032 = CARTESIAN_POINT ( 'NONE',  ( 106.5000000000000000, 45.55513627132927468, 3.000000000000019096 ) ) ;
#2033 = EDGE_LOOP ( 'NONE', ( #2275, #6065, #5480, #1033 ) ) ;
#2034 = EDGE_LOOP ( 'NONE', ( #49, #6760, #566, #5283, #2812, #6393 ) ) ;
#2035 = EDGE_CURVE ( 'NONE', #3796, #141, #1565, .T. ) ;
#2036 = ORIENTED_EDGE ( 'NONE', *, *, #1188, .T. ) ;
#2037 = DIRECTION ( 'NONE',  ( -0.000000000000000000, 3.489217355721594252E-17, -1.000000000000000000 ) ) ;
#2038 = APPROVAL_STATUS ( 'not_yet_approved' ) ;
#2039 = LINE ( 'NONE', #4235, #1653 ) ;
#2040 = LINE ( 'NONE', #5352, #5716 ) ;
#2041 = ADVANCED_FACE ( 'NONE', ( #3667 ), #5861, .F. ) ;
#2042 = EDGE_LOOP ( 'NONE', ( #2587, #1352, #5072, #2750 ) ) ;
#2043 = EDGE_CURVE ( 'NONE', #1464, #266, #5823, .T. ) ;
#2044 = LINE ( 'NONE', #6404, #5817 ) ;
#2045 = CARTESIAN_POINT ( 'NONE',  ( 33.74999999999997158, 20.00738685968834218, 6.981012147346073931E-16 ) ) ;
#2046 = VECTOR ( 'NONE', #5266, 1000.000000000000000 ) ;
#2047 = DIRECTION ( 'NONE',  ( -0.000000000000000000, 3.489217355721594252E-17, -1.000000000000000000 ) ) ;
#2048 = ORIENTED_EDGE ( 'NONE', *, *, #3416, .T. ) ;
#2049 = EDGE_LOOP ( 'NONE', ( #1191, #864, #4835, #2900 ) ) ;
#2050 = EDGE_CURVE ( 'NONE', #1115, #5084, #926, .T. ) ;
#2051 = EDGE_LOOP ( 'NONE', ( #6, #746, #1133, #6875 ) ) ;
#2052 = PLANE ( 'NONE',  #3893 ) ;
#2053 = FACE_OUTER_BOUND ( 'NONE', #5537, .T. ) ;
#2054 = FACE_BOUND ( 'NONE', #4165, .T. ) ;
#2055 = CARTESIAN_POINT ( 'NONE',  ( 48.00000000000000000, 45.55513627132927468, 3.000000000000019096 ) ) ;
#2056 = DIRECTION ( 'NONE',  ( -0.000000000000000000, 0.000000000000000000, -1.000000000000000000 ) ) ;
#2057 = CARTESIAN_POINT ( 'NONE',  ( 150.0000000000000000, 80.00000000000000000, 29.90841738390767546 ) ) ;
#2058 = LINE ( 'NONE', #3574, #4108 ) ;
#2059 = EDGE_CURVE ( 'NONE', #108, #4000, #6428, .T. ) ;
#2060 = LINE ( 'NONE', #4287, #1172 ) ;
#2061 = EDGE_CURVE ( 'NONE', #6543, #4635, #6934, .T. ) ;
#2062 = LINE ( 'NONE', #6351, #6622 ) ;
#2063 = LINE ( 'NONE', #5956, #6034 ) ;
#2064 = CARTESIAN_POINT ( 'NONE',  ( 133.4999999999999716, 83.66025403784445302, 2.919088103729243901E-15 ) ) ;
#2065 = ORIENTED_EDGE ( 'NONE', *, *, #3416, .F. ) ;
#2066 = ORIENTED_EDGE ( 'NONE', *, *, #4210, .F. ) ;
#2067 = ADVANCED_FACE ( 'NONE', ( #3770 ), #1459, .F. ) ;
#2068 = VERTEX_POINT ( 'NONE', #5319 ) ;
#2069 = DIRECTION ( 'NONE',  ( 1.000000000000000000, 0.000000000000000000, -1.880926496205912652E-16 ) ) ;
#2070 = AXIS2_PLACEMENT_3D ( 'NONE', #3091, #467, #431 ) ;
#2071 = PLANE ( 'NONE',  #6503 ) ;
#2072 = CARTESIAN_POINT ( 'NONE',  ( 123.7500000000000284, 32.99776791645491159, 1.151363845141676593E-15 ) ) ;
#2073 = PLANE ( 'NONE',  #4800 ) ;
#2074 = FACE_OUTER_BOUND ( 'NONE', #2838, .T. ) ;
#2075 = ORIENTED_EDGE ( 'NONE', *, *, #1012, .T. ) ;
#2076 = EDGE_LOOP ( 'NONE', ( #265, #4592, #1026, #225 ) ) ;
#2077 = EDGE_CURVE ( 'NONE', #1930, #2671, #322, .T. ) ;
#2078 = LINE ( 'NONE', #6509, #4092 ) ;
#2079 = CARTESIAN_POINT ( 'NONE',  ( 104.2499999999999858, 15.67725984076612988, 3.000000000000019096 ) ) ;
#2080 = DIRECTION ( 'NONE',  ( 0.000000000000000000, -1.000000000000000000, -3.489217355721593635E-17 ) ) ;
#2081 = LINE ( 'NONE', #6474, #1440 ) ;
#2082 = VERTEX_POINT ( 'NONE', #961 ) ;
#2083 = VECTOR ( 'NONE', #6216, 1000.000000000000000 ) ;
#2084 = ORIENTED_EDGE ( 'NONE', *, *, #2497, .T. ) ;
#2085 = CIRCLE ( 'NONE', #6111, 1.699999999999993072 ) ;
#2086 = VERTEX_POINT ( 'NONE', #2550 ) ;
#2087 = DIRECTION ( 'NONE',  ( 1.000000000000000000, -0.000000000000000000, -1.437389243825479109E-16 ) ) ;
#2088 = LINE ( 'NONE', #3950, #4413 ) ;
#2089 = CARTESIAN_POINT ( 'NONE',  ( 45.75000000000000000, 49.45225058835914922, 1.725496510323961677E-15 ) ) ;
#2090 = PLANE ( 'NONE',  #2758 ) ;
#2091 = CARTESIAN_POINT ( 'NONE',  ( 150.0000000000000000, 20.24512143266962738, 105.6988552916603652 ) ) ;
#2092 = EDGE_CURVE ( 'NONE', #2266, #2735, #2653, .T. ) ;
#2093 = VERTEX_POINT ( 'NONE', #4746 ) ;
#2094 = EDGE_CURVE ( 'NONE', #1464, #1815, #6463, .T. ) ;
#2095 = DIRECTION ( 'NONE',  ( -0.4999999999999985567, -0.8660254037844394848, -3.021750869380467951E-17 ) ) ;
#2096 = ADVANCED_FACE ( 'NONE', ( #4200 ), #392, .F. ) ;
#2097 = FACE_OUTER_BOUND ( 'NONE', #3906, .T. ) ;
#2098 = VERTEX_POINT ( 'NONE', #6972 ) ;
#2099 = ORIENTED_EDGE ( 'NONE', *, *, #5821, .T. ) ;
#2100 = ORIENTED_EDGE ( 'NONE', *, *, #1495, .T. ) ;
#2101 = CARTESIAN_POINT ( 'NONE',  ( 123.7500000000000000, 66.77275866404791316, 10.00000000000000178 ) ) ;
#2102 = DIRECTION ( 'NONE',  ( -0.5000000000000015543, 0.8660254037844378194, 3.021750869380462404E-17 ) ) ;
#2103 = DIRECTION ( 'NONE',  ( -0.000000000000000000, 3.489217355721594252E-17, -1.000000000000000000 ) ) ;
#2104 = CARTESIAN_POINT ( 'NONE',  ( 150.0010000000000332, 23.78646939829782880, 112.4109611569782317 ) ) ;
#2105 = DIRECTION ( 'NONE',  ( -0.8660254037844383745, 0.5000000000000003331, 0.000000000000000000 ) ) ;
#2106 = EDGE_CURVE ( 'NONE', #5126, #5541, #2039, .T. ) ;
#2107 = ADVANCED_FACE ( 'NONE', ( #1527 ), #7010, .F. ) ;
#2108 = EDGE_LOOP ( 'NONE', ( #5567, #2406, #3513, #6039, #1905 ) ) ;
#2109 = VECTOR ( 'NONE', #2902, 1000.000000000000000 ) ;
#2110 = VERTEX_POINT ( 'NONE', #2072 ) ;
#2111 = LINE ( 'NONE', #5325, #39 ) ;
#2112 = DIRECTION ( 'NONE',  ( 0.4999999999999977796, -0.8660254037844399289, -3.021750869380469800E-17 ) ) ;
#2113 = VECTOR ( 'NONE', #1375, 1000.000000000000000 ) ;
#2114 = CARTESIAN_POINT ( 'NONE',  ( 45.75000000000000000, 66.77275866404791316, 2.329846684200054404E-15 ) ) ;
#2115 = VECTOR ( 'NONE', #3293, 1000.000000000000000 ) ;
#2116 = ADVANCED_FACE ( 'NONE', ( #5930 ), #3189, .F. ) ;
#2117 = DIRECTION ( 'NONE',  ( 0.4999999999999998335, -0.8660254037844388186, -3.021750869380465486E-17 ) ) ;
#2118 = VECTOR ( 'NONE', #1551, 1000.000000000000000 ) ;
#2119 = ORIENTED_EDGE ( 'NONE', *, *, #924, .F. ) ;
#2120 = VERTEX_POINT ( 'NONE', #6573 ) ;
#2121 = EDGE_LOOP ( 'NONE', ( #2628, #4029, #4815, #4961 ) ) ;
#2122 = LINE ( 'NONE', #4321, #3666 ) ;
#2123 = DIRECTION ( 'NONE',  ( -1.000000000000000000, -0.000000000000000000, -0.000000000000000000 ) ) ;
#2124 = LINE ( 'NONE', #1598, #6226 ) ;
#2125 = CARTESIAN_POINT ( 'NONE',  ( 127.5473520826015914, 13.48485759366826997, 3.000000000000019096 ) ) ;
#2126 = EDGE_CURVE ( 'NONE', #1412, #2645, #1635, .T. ) ;
#2127 = CARTESIAN_POINT ( 'NONE',  ( 74.99999999999998579, 32.56475521456263067, 1.136255090794772180E-15 ) ) ;
#2128 = AXIS2_PLACEMENT_3D ( 'NONE', #3930, #2237, #3791 ) ;
#2129 = ORIENTED_EDGE ( 'NONE', *, *, #1021, .T. ) ;
#2130 = VERTEX_POINT ( 'NONE', #2683 ) ;
#2131 = DIRECTION ( 'NONE',  ( -0.8660254037844383745, 0.5000000000000003331, 0.000000000000000000 ) ) ;
#2132 = DIRECTION ( 'NONE',  ( -0.000000000000000000, 1.000000000000000000, 1.541976423090495140E-16 ) ) ;
#2133 = LOCAL_TIME ( 15, 9, 45.00000000000000000, #3698 ) ;
#2134 = VECTOR ( 'NONE', #5816, 1000.000000000000000 ) ;
#2135 = CARTESIAN_POINT ( 'NONE',  ( 147.0000000000000000, 38.99486378953769616, -2.196854951215644365E-14 ) ) ;
#2136 = LINE ( 'NONE', #7145, #3693 ) ;
#2137 = VERTEX_POINT ( 'NONE', #2247 ) ;
#2138 = ORIENTED_EDGE ( 'NONE', *, *, #5297, .F. ) ;
#2139 = ORIENTED_EDGE ( 'NONE', *, *, #3733, .T. ) ;
#2140 = EDGE_CURVE ( 'NONE', #4341, #3472, #1031, .T. ) ;
#2141 = PLANE ( 'NONE',  #1569 ) ;
#2142 = CARTESIAN_POINT ( 'NONE',  ( 116.2499999999999716, 20.00738685968833508, 6.981012147346070972E-16 ) ) ;
#2143 = VECTOR ( 'NONE', #1105, 1000.000000000000000 ) ;
#2144 = DIRECTION ( 'NONE',  ( 0.000000000000000000, 1.000000000000000000, 0.000000000000000000 ) ) ;
#2145 = AXIS2_PLACEMENT_3D ( 'NONE', #5870, #3460, #5189 ) ;
#2146 = CARTESIAN_POINT ( 'NONE',  ( 106.5000000000000000, 70.66987298107780191, 10.00000000000000178 ) ) ;
#2147 = VECTOR ( 'NONE', #6240, 1000.000000000000000 ) ;
#2148 = VERTEX_POINT ( 'NONE', #4373 ) ;
#2149 = VECTOR ( 'NONE', #2862, 1000.000000000000000 ) ;
#2150 = ORIENTED_EDGE ( 'NONE', *, *, #792, .F. ) ;
#2151 = EDGE_CURVE ( 'NONE', #2712, #2007, #2912, .T. ) ;
#2152 = VECTOR ( 'NONE', #3561, 1000.000000000000000 ) ;
#2153 = LINE ( 'NONE', #6077, #2706 ) ;
#2154 = DIRECTION ( 'NONE',  ( 0.8660254037844379305, -0.5000000000000013323, -1.744608677860801440E-17 ) ) ;
#2155 = DIRECTION ( 'NONE',  ( 0.000000000000000000, -1.224646799147352961E-16, 1.000000000000000000 ) ) ;
#2156 = ADVANCED_FACE ( 'NONE', ( #4442 ), #6036, .F. ) ;
#2157 = DIRECTION ( 'NONE',  ( 0.8660254037844387076, -0.4999999999999998890, -1.744608677860796818E-17 ) ) ;
#2158 = ORIENTED_EDGE ( 'NONE', *, *, #1129, .F. ) ;
#2159 = EDGE_CURVE ( 'NONE', #4487, #7041, #1068, .T. ) ;
#2160 = ORIENTED_EDGE ( 'NONE', *, *, #5680, .T. ) ;
#2161 = CARTESIAN_POINT ( 'NONE',  ( 72.74999999999998579, 62.44263164512573638, 10.00000000000000178 ) ) ;
#2162 = PLANE ( 'NONE',  #363 ) ;
#2163 = AXIS2_PLACEMENT_3D ( 'NONE', #1400, #1947, #192 ) ;
#2164 = DIRECTION ( 'NONE',  ( -2.209540906293937818E-16, 0.7460747789757224968, -0.6658621660496464312 ) ) ;
#2165 = FACE_OUTER_BOUND ( 'NONE', #6680, .T. ) ;
#2166 = DIRECTION ( 'NONE',  ( 0.8660254037844397068, 0.4999999999999979461, 0.000000000000000000 ) ) ;
#2167 = DIRECTION ( 'NONE',  ( -1.000000000000000000, -0.000000000000000000, 1.954618001100627820E-16 ) ) ;
#2168 = EDGE_LOOP ( 'NONE', ( #2846, #533, #5412, #2955, #5210, #7075 ) ) ;
#2169 = EDGE_CURVE ( 'NONE', #3462, #1412, #2785, .T. ) ;
#2170 = ORIENTED_EDGE ( 'NONE', *, *, #84, .T. ) ;
#2171 = CARTESIAN_POINT ( 'NONE',  ( -100.1723520826014351, -23.53772841811643701, 3.000000000000019096 ) ) ;
#2172 = CARTESIAN_POINT ( 'NONE',  ( 108.0473520826018756, -20.29013315392514016, 3.000000000000019096 ) ) ;
#2173 = PLANE ( 'NONE',  #6401 ) ;
#2174 = DIRECTION ( 'NONE',  ( -0.000000000000000000, 3.489217355721594252E-17, -1.000000000000000000 ) ) ;
#2175 = ORIENTED_EDGE ( 'NONE', *, *, #5751, .F. ) ;
#2176 = VERTEX_POINT ( 'NONE', #6539 ) ;
#2177 = ORIENTED_EDGE ( 'NONE', *, *, #2017, .T. ) ;
#2178 = DIRECTION ( 'NONE',  ( 0.8660254037844397068, 0.4999999999999978906, 1.744608677860790347E-17 ) ) ;
#2179 = LINE ( 'NONE', #6570, #5059 ) ;
#2180 = PLANE ( 'NONE',  #2311 ) ;
#2181 = DIRECTION ( 'NONE',  ( 0.000000000000000000, -1.000000000000000000, 0.000000000000000000 ) ) ;
#2182 = LINE ( 'NONE', #493, #6400 ) ;
#2183 = FACE_OUTER_BOUND ( 'NONE', #2334, .T. ) ;
#2184 = EDGE_CURVE ( 'NONE', #2120, #4740, #160, .T. ) ;
#2185 = ORIENTED_EDGE ( 'NONE', *, *, #3556, .F. ) ;
#2186 = VECTOR ( 'NONE', #5402, 1000.000000000000000 ) ;
#2187 = VERTEX_POINT ( 'NONE', #4007 ) ;
#2188 = CARTESIAN_POINT ( 'NONE',  ( 3.000000000000002665, 85.06340628446157837, 10.81072832108006310 ) ) ;
#2189 = CARTESIAN_POINT ( 'NONE',  ( 141.0000000000000000, 79.33012701892232599, 3.000000000000019096 ) ) ;
#2190 = AXIS2_PLACEMENT_3D ( 'NONE', #5047, #6134, #6175 ) ;
#2191 = AXIS2_PLACEMENT_3D ( 'NONE', #4754, #903, #3709 ) ;
#2192 = FACE_BOUND ( 'NONE', #781, .T. ) ;
#2193 = EDGE_CURVE ( 'NONE', #244, #4569, #1596, .T. ) ;
#2194 = EDGE_LOOP ( 'NONE', ( #3749, #2293, #124, #3058 ) ) ;
#2195 = EDGE_LOOP ( 'NONE', ( #915, #4295, #4366, #4978 ) ) ;
#2196 = CARTESIAN_POINT ( 'NONE',  ( 16.49999999999997158, 83.66025403784443881, 2.919088103729243901E-15 ) ) ;
#2197 = FACE_BOUND ( 'NONE', #1313, .T. ) ;
#2198 = CARTESIAN_POINT ( 'NONE',  ( 116.2499999999999858, 28.66764089753271705, 10.00000000000000178 ) ) ;
#2199 = CARTESIAN_POINT ( 'NONE',  ( 150.0000000000000000, 100.0000000000000000, 3.489217355721594350E-15 ) ) ;
#2200 = EDGE_CURVE ( 'NONE', #5394, #2391, #5454, .T. ) ;
#2201 = EDGE_CURVE ( 'NONE', #4270, #880, #5106, .T. ) ;
#2202 = VECTOR ( 'NONE', #695, 1000.000000000000114 ) ;
#2203 = VERTEX_POINT ( 'NONE', #1670 ) ;
#2204 = EDGE_LOOP ( 'NONE', ( #5423, #3592, #5745, #5451 ) ) ;
#2205 = DIRECTION ( 'NONE',  ( -0.000000000000000000, 3.489217355721594252E-17, -1.000000000000000000 ) ) ;
#2206 = FACE_OUTER_BOUND ( 'NONE', #6121, .T. ) ;
#2207 = VECTOR ( 'NONE', #5844, 1000.000000000000000 ) ;
#2208 = CARTESIAN_POINT ( 'NONE',  ( 37.50000000000000711, 101.4800689266309348, -7.352509501688614613 ) ) ;
#2209 = EDGE_CURVE ( 'NONE', #1706, #5753, #561, .T. ) ;
#2210 = DIRECTION ( 'NONE',  ( -0.8660254037844374864, 0.5000000000000021094, 1.744608677860804213E-17 ) ) ;
#2211 = CARTESIAN_POINT ( 'NONE',  ( 147.0000000000000000, 33.49486378953767485, 29.81121421188651510 ) ) ;
#2212 = ORIENTED_EDGE ( 'NONE', *, *, #4216, .F. ) ;
#2213 = ORIENTED_EDGE ( 'NONE', *, *, #1444, .F. ) ;
#2214 = ORIENTED_EDGE ( 'NONE', *, *, #3961, .F. ) ;
#2215 = ORIENTED_EDGE ( 'NONE', *, *, #6282, .F. ) ;
#2216 = DIRECTION ( 'NONE',  ( 0.4999999999999998335, 0.8660254037844388186, 3.021750869380465486E-17 ) ) ;
#2217 = LINE ( 'NONE', #6605, #6720 ) ;
#2218 = APPROVAL_DATE_TIME ( #6698, #1783 ) ;
#2219 = DIRECTION ( 'NONE',  ( 0.8660254037844383745, -0.5000000000000004441, -1.744608677860797742E-17 ) ) ;
#2220 = DIRECTION ( 'NONE',  ( 0.000000000000000000, 1.000000000000000000, 0.000000000000000000 ) ) ;
#2221 = CARTESIAN_POINT ( 'NONE',  ( 94.49999999999991473, 66.33974596215564645, 10.00000000000000178 ) ) ;
#2222 = DIRECTION ( 'NONE',  ( -0.8660254037844387076, -0.4999999999999997780, 0.000000000000000000 ) ) ;
#2223 = DIRECTION ( 'NONE',  ( 0.000000000000000000, -8.673617379884035472E-17, -1.000000000000000000 ) ) ;
#2224 = ORIENTED_EDGE ( 'NONE', *, *, #3476, .T. ) ;
#2225 = VERTEX_POINT ( 'NONE', #26 ) ;
#2226 = DIRECTION ( 'NONE',  ( -0.000000000000000000, 3.489217355721594252E-17, -1.000000000000000000 ) ) ;
#2227 = CARTESIAN_POINT ( 'NONE',  ( 149.6723520826015488, 51.80648171112958522, 3.000000000000019096 ) ) ;
#2228 = FACE_OUTER_BOUND ( 'NONE', #2042, .T. ) ;
#2229 = ORIENTED_EDGE ( 'NONE', *, *, #2276, .F. ) ;
#2230 = ORIENTED_EDGE ( 'NONE', *, *, #4320, .F. ) ;
#2231 = VECTOR ( 'NONE', #298, 1000.000000000000000 ) ;
#2232 = EDGE_CURVE ( 'NONE', #3472, #555, #3803, .T. ) ;
#2233 = LINE ( 'NONE', #2091, #3128 ) ;
#2234 = AXIS2_PLACEMENT_3D ( 'NONE', #2673, #7068, #2131 ) ;
#2235 = VERTEX_POINT ( 'NONE', #4408 ) ;
#2236 = EDGE_LOOP ( 'NONE', ( #1323, #5754, #5891, #1707, #1051, #4927 ) ) ;
#2237 = DIRECTION ( 'NONE',  ( 1.072399862389174615E-16, 0.6658621660496468753, 0.7460747789757220527 ) ) ;
#2238 = EDGE_CURVE ( 'NONE', #5084, #3231, #4980, .T. ) ;
#2239 = DIRECTION ( 'NONE',  ( -0.8660254037844383745, 0.5000000000000004441, 1.744608677860799899E-17 ) ) ;
#2240 = VERTEX_POINT ( 'NONE', #2754 ) ;
#2241 = ORIENTED_EDGE ( 'NONE', *, *, #5609, .T. ) ;
#2242 = CIRCLE ( 'NONE', #2482, 50.00000000000000000 ) ;
#2243 = ORIENTED_EDGE ( 'NONE', *, *, #5137, .F. ) ;
#2244 = FACE_OUTER_BOUND ( 'NONE', #1542, .T. ) ;
#2245 = EDGE_CURVE ( 'NONE', #3775, #5032, #4948, .T. ) ;
#2246 = CALENDAR_DATE ( 2026, 7, 10 ) ;
#2247 = CARTESIAN_POINT ( 'NONE',  ( 84.75000000000000000, 32.99776791645491159, 3.000000000000019096 ) ) ;
#2248 = CARTESIAN_POINT ( 'NONE',  ( 147.0000000000000284, 23.49486378953767840, 77.06121421188650800 ) ) ;
#2249 = CARTESIAN_POINT ( 'NONE',  ( 55.49999999999997868, 32.56475521456263067, 10.00000000000000178 ) ) ;
#2250 = CARTESIAN_POINT ( 'NONE',  ( 92.24999999999997158, 62.44263164512573638, 10.00000000000000178 ) ) ;
#2251 = VECTOR ( 'NONE', #6828, 1000.000000000000000 ) ;
#2252 = FACE_BOUND ( 'NONE', #3146, .T. ) ;
#2253 = EDGE_LOOP ( 'NONE', ( #4377, #4768, #6338, #1109 ) ) ;
#2254 = EDGE_CURVE ( 'NONE', #4906, #2187, #6197, .T. ) ;
#2255 = DIRECTION ( 'NONE',  ( 0.000000000000000000, 0.000000000000000000, 1.000000000000000000 ) ) ;
#2256 = LINE ( 'NONE', #2287, #4098 ) ;
#2257 = DIRECTION ( 'NONE',  ( 0.000000000000000000, 0.000000000000000000, 1.000000000000000000 ) ) ;
#2258 = VECTOR ( 'NONE', #3941, 1000.000000000000000 ) ;
#2259 = VERTEX_POINT ( 'NONE', #4574 ) ;
#2260 = AXIS2_PLACEMENT_3D ( 'NONE', #2307, #4500, #6693 ) ;
#2261 = EDGE_LOOP ( 'NONE', ( #421, #6525, #5738, #3386 ) ) ;
#2262 = ORIENTED_EDGE ( 'NONE', *, *, #3258, .F. ) ;
#2263 = FACE_OUTER_BOUND ( 'NONE', #682, .T. ) ;
#2264 = ORIENTED_EDGE ( 'NONE', *, *, #295, .F. ) ;
#2265 = EDGE_CURVE ( 'NONE', #1968, #1424, #6772, .T. ) ;
#2266 = VERTEX_POINT ( 'NONE', #6235 ) ;
#2267 = ORIENTED_EDGE ( 'NONE', *, *, #4427, .T. ) ;
#2268 = CARTESIAN_POINT ( 'NONE',  ( 45.75000000000000000, 15.67725984076615653, 10.00000000000000000 ) ) ;
#2269 = DIRECTION ( 'NONE',  ( -0.8660254037844383745, 0.5000000000000004441, 1.744608677860799899E-17 ) ) ;
#2270 = DIRECTION ( 'NONE',  ( -0.000000000000000000, 3.489217355721594252E-17, -1.000000000000000000 ) ) ;
#2271 = VECTOR ( 'NONE', #4074, 1000.000000000000000 ) ;
#2272 = CARTESIAN_POINT ( 'NONE',  ( 38.24999999999999289, 20.00738685968837771, 10.00000000000000000 ) ) ;
#2273 = EDGE_CURVE ( 'NONE', #2259, #6495, #752, .T. ) ;
#2274 = ORIENTED_EDGE ( 'NONE', *, *, #4951, .F. ) ;
#2275 = ORIENTED_EDGE ( 'NONE', *, *, #4302, .T. ) ;
#2276 = EDGE_CURVE ( 'NONE', #6361, #1610, #4646, .T. ) ;
#2277 = VERTEX_POINT ( 'NONE', #6269 ) ;
#2278 = CARTESIAN_POINT ( 'NONE',  ( 96.74999999999997158, 20.00738685968834218, 10.00000000000000000 ) ) ;
#2279 = DATE_TIME_ROLE ( 'creation_date' ) ;
#2280 = FACE_BOUND ( 'NONE', #3016, .T. ) ;
#2281 = DIRECTION ( 'NONE',  ( 0.8660254037844387076, 0.4999999999999997780, 0.000000000000000000 ) ) ;
#2282 = CARTESIAN_POINT ( 'NONE',  ( 141.0000000000000000, 45.55513627132918941, 3.000000000000019096 ) ) ;
#2283 = VERTEX_POINT ( 'NONE', #6341 ) ;
#2284 = EDGE_CURVE ( 'NONE', #38, #5136, #6810, .T. ) ;
#2285 = VERTEX_POINT ( 'NONE', #1435 ) ;
#2286 = DIRECTION ( 'NONE',  ( 0.000000000000000000, 0.000000000000000000, -1.000000000000000000 ) ) ;
#2287 = CARTESIAN_POINT ( 'NONE',  ( 147.0000000000000000, 49.99999999999999289, 29.90841738390767546 ) ) ;
#2288 = CARTESIAN_POINT ( 'NONE',  ( -75.79735208260150614, -65.75646685260788615, 3.000000000000019096 ) ) ;
#2289 = DIRECTION ( 'NONE',  ( -1.000000000000000000, 3.204937810639274309E-15, 1.118272463289092504E-31 ) ) ;
#2290 = ORIENTED_EDGE ( 'NONE', *, *, #2232, .T. ) ;
#2291 = EDGE_CURVE ( 'NONE', #1522, #2378, #1324, .T. ) ;
#2292 = ORIENTED_EDGE ( 'NONE', *, *, #4137, .F. ) ;
#2293 = ORIENTED_EDGE ( 'NONE', *, *, #6541, .T. ) ;
#2294 = AXIS2_PLACEMENT_3D ( 'NONE', #332, #3635, #7053 ) ;
#2295 = CARTESIAN_POINT ( 'NONE',  ( -70.92235208260150614, -74.20021453950597845, 3.000000000000019096 ) ) ;
#2296 = DIRECTION ( 'NONE',  ( 0.000000000000000000, 0.000000000000000000, -1.000000000000000000 ) ) ;
#2297 = ORIENTED_EDGE ( 'NONE', *, *, #1169, .T. ) ;
#2298 = VERTEX_POINT ( 'NONE', #836 ) ;
#2299 = EDGE_LOOP ( 'NONE', ( #4491, #6155, #5201, #5145 ) ) ;
#2300 = FACE_OUTER_BOUND ( 'NONE', #3774, .T. ) ;
#2301 = ORIENTED_EDGE ( 'NONE', *, *, #7071, .T. ) ;
#2302 = LINE ( 'NONE', #2380, #4998 ) ;
#2303 = DIRECTION ( 'NONE',  ( 1.000000000000000000, 0.000000000000000000, -0.000000000000000000 ) ) ;
#2304 = AXIS2_PLACEMENT_3D ( 'NONE', #6855, #6316, #1371 ) ;
#2305 = CARTESIAN_POINT ( 'NONE',  ( 28.49999999999999645, 45.55513627132927468, 10.00000000000000178 ) ) ;
#2306 = VERTEX_POINT ( 'NONE', #305 ) ;
#2307 = CARTESIAN_POINT ( 'NONE',  ( 26.24999999999999645, 49.45225058835914922, 10.00000000000000178 ) ) ;
#2308 = ORIENTED_EDGE ( 'NONE', *, *, #2791, .T. ) ;
#2309 = ORIENTED_EDGE ( 'NONE', *, *, #3170, .T. ) ;
#2310 = DIRECTION ( 'NONE',  ( 0.000000000000000000, -1.000000000000000000, 0.000000000000000000 ) ) ;
#2311 = AXIS2_PLACEMENT_3D ( 'NONE', #6500, #1102, #5494 ) ;
#2312 = DIRECTION ( 'NONE',  ( 0.000000000000000000, 0.000000000000000000, -1.000000000000000000 ) ) ;
#2313 = CARTESIAN_POINT ( 'NONE',  ( 126.0000000000000000, 79.33012701892225493, 2.768000560260221065E-15 ) ) ;
#2314 = EDGE_CURVE ( 'NONE', #6568, #1762, #6952, .T. ) ;
#2315 = DIRECTION ( 'NONE',  ( 0.000000000000000000, 0.000000000000000000, 1.000000000000000000 ) ) ;
#2316 = CARTESIAN_POINT ( 'NONE',  ( -97.92235208260146351, -27.43484273514629024, 3.000000000000019096 ) ) ;
#2317 = ORIENTED_EDGE ( 'NONE', *, *, #284, .F. ) ;
#2318 = LINE ( 'NONE', #633, #1503 ) ;
#2319 = ORIENTED_EDGE ( 'NONE', *, *, #4174, .F. ) ;
#2320 = PLANE ( 'NONE',  #6854 ) ;
#2321 = CARTESIAN_POINT ( 'NONE',  ( 96.74999999999998579, 62.44263164512570086, 2.178759140731030384E-15 ) ) ;
#2322 = EDGE_CURVE ( 'NONE', #6842, #3632, #5731, .T. ) ;
#2323 = CARTESIAN_POINT ( 'NONE',  ( 35.99999999999997868, 32.56475521456263067, 1.136255090794772180E-15 ) ) ;
#2324 = ORIENTED_EDGE ( 'NONE', *, *, #3395, .F. ) ;
#2325 = VERTEX_POINT ( 'NONE', #4179 ) ;
#2326 = PRODUCT_DEFINITION_SHAPE ( 'NONE', 'NONE',  #572 ) ;
#2327 = EDGE_LOOP ( 'NONE', ( #6893, #4109, #701, #3223, #7146, #5725 ) ) ;
#2328 = EDGE_CURVE ( 'NONE', #3412, #4229, #764, .T. ) ;
#2329 = DIRECTION ( 'NONE',  ( 0.8660254037844382635, -0.5000000000000006661, 0.000000000000000000 ) ) ;
#2330 = LINE ( 'NONE', #4639, #4188 ) ;
#2331 = ORIENTED_EDGE ( 'NONE', *, *, #4701, .T. ) ;
#2332 = VECTOR ( 'NONE', #6090, 1000.000000000000000 ) ;
#2333 = ORIENTED_EDGE ( 'NONE', *, *, #2254, .T. ) ;
#2334 = EDGE_LOOP ( 'NONE', ( #4081, #5144, #6323, #2834 ) ) ;
#2335 = EDGE_LOOP ( 'NONE', ( #4245, #6117, #991, #116 ) ) ;
#2336 = CARTESIAN_POINT ( 'NONE',  ( 74.99999999999992895, 49.88526329025141592, 10.00000000000000178 ) ) ;
#2337 = EDGE_CURVE ( 'NONE', #5178, #3572, #5842, .T. ) ;
#2338 = VECTOR ( 'NONE', #3479, 1000.000000000000000 ) ;
#2339 = CARTESIAN_POINT ( 'NONE',  ( 150.0000000000000000, 49.99999999999999289, 90.00000000000001421 ) ) ;
#2340 = PLANE ( 'NONE',  #4523 ) ;
#2341 = VECTOR ( 'NONE', #588, 1000.000000000000000 ) ;
#2342 = DIRECTION ( 'NONE',  ( -3.204937810639276281E-15, 1.000000000000000000, 0.000000000000000000 ) ) ;
#2343 = CARTESIAN_POINT ( 'NONE',  ( 37.50000000000000711, 104.4764486738543354, -3.995172996297862600 ) ) ;
#2344 = ORIENTED_EDGE ( 'NONE', *, *, #5629, .T. ) ;
#2345 = CARTESIAN_POINT ( 'NONE',  ( 72.74999999999998579, 28.66764089753273126, 1.000276301672653757E-15 ) ) ;
#2346 = EDGE_LOOP ( 'NONE', ( #5543, #6779, #1151, #5000, #892, #2499 ) ) ;
#2347 = ORIENTED_EDGE ( 'NONE', *, *, #3507, .F. ) ;
#2348 = CARTESIAN_POINT ( 'NONE',  ( 150.0000000000000000, 38.99486378953768195, 74.56121421188652221 ) ) ;
#2349 = LINE ( 'NONE', #3902, #2332 ) ;
#2350 = DIRECTION ( 'NONE',  ( -0.000000000000000000, 3.489217355721594252E-17, -1.000000000000000000 ) ) ;
#2351 = DIRECTION ( 'NONE',  ( 0.000000000000000000, 0.000000000000000000, -1.000000000000000000 ) ) ;
#2352 = FACE_OUTER_BOUND ( 'NONE', #5655, .T. ) ;
#2353 = AXIS2_PLACEMENT_3D ( 'NONE', #4570, #6769, #580 ) ;
#2354 = DIRECTION ( 'NONE',  ( 0.5000000000000004441, -0.8660254037844384856, -3.021750869380464253E-17 ) ) ;
#2355 = EDGE_CURVE ( 'NONE', #7150, #763, #6843, .T. ) ;
#2356 = VERTEX_POINT ( 'NONE', #339 ) ;
#2357 = DIRECTION ( 'NONE',  ( 1.000000000000000000, 0.000000000000000000, 0.000000000000000000 ) ) ;
#2358 = LINE ( 'NONE', #2402, #3396 ) ;
#2359 = LINE ( 'NONE', #2441, #584 ) ;
#2360 = CARTESIAN_POINT ( 'NONE',  ( 123.7500000000000426, 49.45225058835912080, 1.725496510323960691E-15 ) ) ;
#2361 = VECTOR ( 'NONE', #6141, 1000.000000000000000 ) ;
#2362 = CIRCLE ( 'NONE', #1676, 2.100000000000000977 ) ;
#2363 = VERTEX_POINT ( 'NONE', #5180 ) ;
#2364 = EDGE_CURVE ( 'NONE', #2545, #2266, #6885, .T. ) ;
#2365 = ORIENTED_EDGE ( 'NONE', *, *, #4710, .T. ) ;
#2366 = EDGE_CURVE ( 'NONE', #6535, #1562, #4727, .T. ) ;
#2367 = DIRECTION ( 'NONE',  ( -0.8660254037844379305, 0.5000000000000013323, 0.000000000000000000 ) ) ;
#2368 = DIRECTION ( 'NONE',  ( -0.8660254037844383745, 0.5000000000000004441, 1.744608677860799899E-17 ) ) ;
#2369 = VECTOR ( 'NONE', #130, 1000.000000000000000 ) ;
#2370 = VECTOR ( 'NONE', #4012, 1000.000000000000000 ) ;
#2371 = LINE ( 'NONE', #3997, #5893 ) ;
#2372 = DIRECTION ( 'NONE',  ( 0.8660254037844385966, 0.4999999999999998890, 0.000000000000000000 ) ) ;
#2373 = AXIS2_PLACEMENT_3D ( 'NONE', #5261, #2984, #5298 ) ;
#2374 = ORIENTED_EDGE ( 'NONE', *, *, #84, .F. ) ;
#2375 = EDGE_CURVE ( 'NONE', #1691, #6884, #6411, .T. ) ;
#2376 = VECTOR ( 'NONE', #670, 1000.000000000000000 ) ;
#2377 = VERTEX_POINT ( 'NONE', #876 ) ;
#2378 = VERTEX_POINT ( 'NONE', #3097 ) ;
#2379 = ORIENTED_EDGE ( 'NONE', *, *, #3703, .T. ) ;
#2380 = CARTESIAN_POINT ( 'NONE',  ( 3.000000000000000000, 3.000000000000002665, 3.000000000000019096 ) ) ;
#2381 = AXIS2_PLACEMENT_3D ( 'NONE', #2249, #4624, #1474 ) ;
#2382 = DIRECTION ( 'NONE',  ( -1.602468905319637943E-15, 1.000000000000000000, 3.489217355721594252E-17 ) ) ;
#2383 = CARTESIAN_POINT ( 'NONE',  ( 112.4999999999999858, 101.4800689266309348, -4.852509501688624383 ) ) ;
#2384 = DIRECTION ( 'NONE',  ( 0.000000000000000000, -1.000000000000000000, -3.489217355721596717E-17 ) ) ;
#2385 = LINE ( 'NONE', #4578, #3986 ) ;
#2386 = DIRECTION ( 'NONE',  ( 1.000000000000000000, -0.000000000000000000, -1.437389243825479109E-16 ) ) ;
#2387 = EDGE_LOOP ( 'NONE', ( #6104, #5628, #4865, #6300 ) ) ;
#2388 = ADVANCED_FACE ( 'NONE', ( #6916 ), #4609, .F. ) ;
#2389 = LINE ( 'NONE', #4580, #965 ) ;
#2390 = ORIENTED_EDGE ( 'NONE', *, *, #2848, .T. ) ;
#2391 = VERTEX_POINT ( 'NONE', #2454 ) ;
#2392 = DIRECTION ( 'NONE',  ( -0.000000000000000000, 3.489217355721594252E-17, -1.000000000000000000 ) ) ;
#2393 = FACE_BOUND ( 'NONE', #835, .T. ) ;
#2394 = CARTESIAN_POINT ( 'NONE',  ( 117.7973520826015772, -3.402637780128281442, 3.000000000000019096 ) ) ;
#2395 = VECTOR ( 'NONE', #6478, 1000.000000000000000 ) ;
#2396 = DIRECTION ( 'NONE',  ( -0.000000000000000000, 3.489217355721594252E-17, -1.000000000000000000 ) ) ;
#2397 = DIRECTION ( 'NONE',  ( -0.5000000000000021094, -0.8660254037844374864, -3.021750869380461172E-17 ) ) ;
#2398 = ORIENTED_EDGE ( 'NONE', *, *, #4037, .T. ) ;
#2399 = DIRECTION ( 'NONE',  ( 0.000000000000000000, 0.000000000000000000, -1.000000000000000000 ) ) ;
#2400 = ORIENTED_EDGE ( 'NONE', *, *, #1256, .T. ) ;
#2401 = PLANE ( 'NONE',  #3849 ) ;
#2402 = CARTESIAN_POINT ( 'NONE',  ( 123.7500000000000284, 32.99776791645491159, 1.151363845141676593E-15 ) ) ;
#2403 = DIRECTION ( 'NONE',  ( 0.8660254037844388186, 0.4999999999999996669, 0.000000000000000000 ) ) ;
#2404 = LINE ( 'NONE', #2939, #7098 ) ;
#2405 = ADVANCED_FACE ( 'NONE', ( #3494 ), #1870, .F. ) ;
#2406 = ORIENTED_EDGE ( 'NONE', *, *, #5720, .T. ) ;
#2407 = VERTEX_POINT ( 'NONE', #6376 ) ;
#2408 = LINE ( 'NONE', #828, #2109 ) ;
#2409 = EDGE_CURVE ( 'NONE', #4538, #4185, #3062, .T. ) ;
#2410 = CARTESIAN_POINT ( 'NONE',  ( 53.24999999999997868, 53.78237760728132599, 1.876584053792984316E-15 ) ) ;
#2411 = CARTESIAN_POINT ( 'NONE',  ( 154.5473520826015772, 60.25022939802790489, 3.000000000000019096 ) ) ;
#2412 = VERTEX_POINT ( 'NONE', #797 ) ;
#2413 = ORIENTED_EDGE ( 'NONE', *, *, #5496, .F. ) ;
#2414 = VERTEX_POINT ( 'NONE', #2416 ) ;
#2415 = ORIENTED_EDGE ( 'NONE', *, *, #3142, .F. ) ;
#2416 = CARTESIAN_POINT ( 'NONE',  ( 28.49999999999999645, 36.89488223348482165, 1.287342634263795411E-15 ) ) ;
#2417 = EDGE_CURVE ( 'NONE', #3676, #3216, #3024, .T. ) ;
#2418 = AXIS2_PLACEMENT_3D ( 'NONE', #6236, #3497, #5690 ) ;
#2419 = ADVANCED_FACE ( 'NONE', ( #7060 ), #4281, .T. ) ;
#2420 = DIRECTION ( 'NONE',  ( 0.8660254037844383745, 0.5000000000000003331, 0.000000000000000000 ) ) ;
#2421 = LINE ( 'NONE', #686, #821 ) ;
#2422 = DIRECTION ( 'NONE',  ( -0.8660254037844378194, -0.5000000000000015543, 0.000000000000000000 ) ) ;
#2423 = EDGE_LOOP ( 'NONE', ( #7106, #5675, #3963, #1792 ) ) ;
#2424 = DIRECTION ( 'NONE',  ( -0.8660254037844390407, -0.4999999999999991673, 0.000000000000000000 ) ) ;
#2425 = ORIENTED_EDGE ( 'NONE', *, *, #3221, .F. ) ;
#2426 = VECTOR ( 'NONE', #1557, 1000.000000000000000 ) ;
#2427 = VERTEX_POINT ( 'NONE', #6551 ) ;
#2428 = DIRECTION ( 'NONE',  ( 1.000000000000000000, -0.000000000000000000, 0.000000000000000000 ) ) ;
#2429 = DIRECTION ( 'NONE',  ( 0.000000000000000000, 0.000000000000000000, -1.000000000000000000 ) ) ;
#2430 = EDGE_CURVE ( 'NONE', #4629, #1602, #1044, .T. ) ;
#2431 = DIRECTION ( 'NONE',  ( -0.000000000000000000, 0.000000000000000000, -1.000000000000000000 ) ) ;
#2432 = EDGE_CURVE ( 'NONE', #1379, #3858, #1546, .T. ) ;
#2433 = EDGE_LOOP ( 'NONE', ( #3623, #557, #6408, #1085 ) ) ;
#2434 = CARTESIAN_POINT ( 'NONE',  ( 35.99999999999992184, 49.88526329025141592, 10.00000000000000178 ) ) ;
#2435 = FACE_OUTER_BOUND ( 'NONE', #37, .T. ) ;
#2436 = VECTOR ( 'NONE', #6691, 1000.000000000000000 ) ;
#2437 = CARTESIAN_POINT ( 'NONE',  ( 150.0010000000000332, 49.99999999999999289, 90.00000000000001421 ) ) ;
#2438 = ORIENTED_EDGE ( 'NONE', *, *, #1940, .F. ) ;
#2439 = AXIS2_PLACEMENT_3D ( 'NONE', #5620, #4542, #6742 ) ;
#2440 = FACE_OUTER_BOUND ( 'NONE', #5027, .T. ) ;
#2441 = CARTESIAN_POINT ( 'NONE',  ( 18.74999999999963052, -202.2374841615668970, 3.000000000000019096 ) ) ;
#2442 = LINE ( 'NONE', #4634, #4558 ) ;
#2443 = ADVANCED_FACE ( 'NONE', ( #5977 ), #3678, .F. ) ;
#2444 = ORIENTED_EDGE ( 'NONE', *, *, #6482, .F. ) ;
#2445 = EDGE_LOOP ( 'NONE', ( #2805, #4520 ) ) ;
#2446 = LINE ( 'NONE', #6837, #2152 ) ;
#2447 = DIRECTION ( 'NONE',  ( -0.8660254037844387076, -0.4999999999999998335, -1.744608677860794044E-17 ) ) ;
#2448 = LINE ( 'NONE', #223, #1756 ) ;
#2449 = ORIENTED_EDGE ( 'NONE', *, *, #1924, .T. ) ;
#2450 = EDGE_LOOP ( 'NONE', ( #2160, #1025, #6431, #3622 ) ) ;
#2451 = ORIENTED_EDGE ( 'NONE', *, *, #3160, .T. ) ;
#2452 = EDGE_CURVE ( 'NONE', #874, #5171, #3750, .T. ) ;
#2453 = ORIENTED_EDGE ( 'NONE', *, *, #3756, .T. ) ;
#2454 = CARTESIAN_POINT ( 'NONE',  ( 9.000000000000007105, 79.33012701892225493, 3.000000000000019096 ) ) ;
#2455 = CARTESIAN_POINT ( 'NONE',  ( 53.24999999999997868, 62.44263164512573638, 2.178759140731031568E-15 ) ) ;
#2456 = CARTESIAN_POINT ( 'NONE',  ( 150.0010000000000332, 38.99486378953768195, 74.56121421188649379 ) ) ;
#2457 = CARTESIAN_POINT ( 'NONE',  ( 96.75000000000000000, 53.78237760728131889, 10.00000000000000178 ) ) ;
#2458 = DIRECTION ( 'NONE',  ( -1.602468905319638141E-15, 1.000000000000000000, 0.000000000000000000 ) ) ;
#2459 = CARTESIAN_POINT ( 'NONE',  ( 87.00000000000000000, 79.33012701892225493, 10.00000000000000355 ) ) ;
#2460 = ORIENTED_EDGE ( 'NONE', *, *, #1207, .T. ) ;
#2461 = EDGE_CURVE ( 'NONE', #6314, #5945, #2631, .T. ) ;
#2462 = DIRECTION ( 'NONE',  ( 0.000000000000000000, -1.000000000000000000, -3.489217355721596717E-17 ) ) ;
#2463 = CIRCLE ( 'NONE', #1292, 7.589038843021770120 ) ;
#2464 = VECTOR ( 'NONE', #5781, 1000.000000000000000 ) ;
#2465 = FACE_OUTER_BOUND ( 'NONE', #4488, .T. ) ;
#2466 = DIRECTION ( 'NONE',  ( -0.4999999999999996669, 0.8660254037844388186, 3.021750869380465486E-17 ) ) ;
#2467 = CARTESIAN_POINT ( 'NONE',  ( 108.0473520826015630, -20.29013315392485950, 3.000000000000019096 ) ) ;
#2468 = VECTOR ( 'NONE', #3686, 1000.000000000000114 ) ;
#2469 = DIRECTION ( 'NONE',  ( -1.602468905319633408E-15, -1.000000000000000000, -3.489217355721594252E-17 ) ) ;
#2470 = VERTEX_POINT ( 'NONE', #1507 ) ;
#2471 = ORIENTED_EDGE ( 'NONE', *, *, #6906, .F. ) ;
#2472 = ADVANCED_FACE ( 'NONE', ( #3717 ), #5947, .F. ) ;
#2473 = ORIENTED_EDGE ( 'NONE', *, *, #5096, .F. ) ;
#2474 = DIRECTION ( 'NONE',  ( -0.8660254037844387076, -0.4999999999999998890, -1.744608677860796818E-17 ) ) ;
#2475 = LINE ( 'NONE', #1894, #1539 ) ;
#2476 = DIRECTION ( 'NONE',  ( -0.000000000000000000, 3.489217355721594252E-17, -1.000000000000000000 ) ) ;
#2477 = PLANE ( 'NONE',  #6394 ) ;
#2478 = VECTOR ( 'NONE', #1519, 1000.000000000000000 ) ;
#2479 = EDGE_LOOP ( 'NONE', ( #5396, #4432, #4030, #4528 ) ) ;
#2480 = ORIENTED_EDGE ( 'NONE', *, *, #503, .F. ) ;
#2481 = EDGE_CURVE ( 'NONE', #6495, #2407, #3133, .T. ) ;
#2482 = AXIS2_PLACEMENT_3D ( 'NONE', #1000, #4345, #5390 ) ;
#2483 = CARTESIAN_POINT ( 'NONE',  ( 57.75000000000000711, 28.66764089753274547, 10.00000000000000178 ) ) ;
#2484 = DIRECTION ( 'NONE',  ( 0.4999999999999998335, -0.8660254037844388186, -3.021750869380465486E-17 ) ) ;
#2485 = VECTOR ( 'NONE', #6389, 1000.000000000000000 ) ;
#2486 = LINE ( 'NONE', #4683, #1685 ) ;
#2487 = DIRECTION ( 'NONE',  ( -1.000000000000000000, -0.000000000000000000, -0.000000000000000000 ) ) ;
#2488 = VECTOR ( 'NONE', #5747, 1000.000000000000000 ) ;
#2489 = ORIENTED_EDGE ( 'NONE', *, *, #5709, .F. ) ;
#2490 = ORIENTED_EDGE ( 'NONE', *, *, #5078, .F. ) ;
#2491 = VERTEX_POINT ( 'NONE', #4929 ) ;
#2492 = CARTESIAN_POINT ( 'NONE',  ( 43.49999999999998579, 79.33012701892224072, 2.768000560260220670E-15 ) ) ;
#2493 = LINE ( 'NONE', #1948, #6022 ) ;
#2494 = AXIS2_PLACEMENT_3D ( 'NONE', #5203, #4198, #4858 ) ;
#2495 = LINE ( 'NONE', #4148, #2207 ) ;
#2496 = DIRECTION ( 'NONE',  ( -0.8660254037844378194, -0.5000000000000015543, 0.000000000000000000 ) ) ;
#2497 = EDGE_CURVE ( 'NONE', #1618, #6298, #979, .T. ) ;
#2498 = FACE_OUTER_BOUND ( 'NONE', #1876, .T. ) ;
#2499 = ORIENTED_EDGE ( 'NONE', *, *, #5078, .T. ) ;
#2500 = FACE_OUTER_BOUND ( 'NONE', #1745, .T. ) ;
#2501 = ORIENTED_EDGE ( 'NONE', *, *, #3451, .T. ) ;
#2502 = CIRCLE ( 'NONE', #2728, 2.250000000000001776 ) ;
#2503 = PLANE ( 'NONE',  #2877 ) ;
#2504 = DIRECTION ( 'NONE',  ( 0.000000000000000000, 0.000000000000000000, -1.000000000000000000 ) ) ;
#2505 = LINE ( 'NONE', #776, #2113 ) ;
#2506 = ADVANCED_FACE ( 'NONE', ( #3270 ), #6010, .F. ) ;
#2507 = ORIENTED_EDGE ( 'NONE', *, *, #7055, .F. ) ;
#2508 = CARTESIAN_POINT ( 'NONE',  ( 116.2499999999999858, 62.44263164512570086, 2.178759140731030384E-15 ) ) ;
#2509 = EDGE_CURVE ( 'NONE', #6278, #5208, #2701, .T. ) ;
#2510 = LINE ( 'NONE', #6354, #1190 ) ;
#2511 = ORIENTED_EDGE ( 'NONE', *, *, #448, .F. ) ;
#2512 = ORIENTED_EDGE ( 'NONE', *, *, #3094, .F. ) ;
#2513 = VERTEX_POINT ( 'NONE', #2196 ) ;
#2514 = FACE_OUTER_BOUND ( 'NONE', #1388, .T. ) ;
#2515 = CARTESIAN_POINT ( 'NONE',  ( 121.4999999999999858, 70.66987298107788718, 2.465825473322174997E-15 ) ) ;
#2516 = FACE_OUTER_BOUND ( 'NONE', #3896, .T. ) ;
#2517 = ADVANCED_FACE ( 'NONE', ( #7135 ), #2052, .F. ) ;
#2518 = ORIENTED_EDGE ( 'NONE', *, *, #5869, .F. ) ;
#2519 = EDGE_LOOP ( 'NONE', ( #1830, #5894, #4742, #1099 ) ) ;
#2520 = ORIENTED_EDGE ( 'NONE', *, *, #5143, .F. ) ;
#2521 = CARTESIAN_POINT ( 'NONE',  ( 104.2500000000000000, 49.45225058835914922, 10.00000000000000178 ) ) ;
#2522 = PLANE ( 'NONE',  #3844 ) ;
#2523 = EDGE_CURVE ( 'NONE', #4569, #2093, #4888, .T. ) ;
#2524 = LINE ( 'NONE', #1430, #168 ) ;
#2525 = CARTESIAN_POINT ( 'NONE',  ( 43.49999999999998579, 45.55513627132918941, 10.00000000000000178 ) ) ;
#2526 = ORIENTED_EDGE ( 'NONE', *, *, #6773, .T. ) ;
#2527 = ORIENTED_EDGE ( 'NONE', *, *, #1113, .T. ) ;
#2528 = ORIENTED_EDGE ( 'NONE', *, *, #2432, .T. ) ;
#2529 = CARTESIAN_POINT ( 'NONE',  ( -88.17235208260156298, -44.32233810894345538, 3.000000000000019096 ) ) ;
#2530 = DIRECTION ( 'NONE',  ( 0.000000000000000000, -1.000000000000000000, -3.489217355721593635E-17 ) ) ;
#2531 = FACE_OUTER_BOUND ( 'NONE', #412, .T. ) ;
#2532 = EDGE_CURVE ( 'NONE', #3503, #3975, #300, .T. ) ;
#2533 = VECTOR ( 'NONE', #6991, 1000.000000000000114 ) ;
#2534 = CARTESIAN_POINT ( 'NONE',  ( 141.0000000000000000, 45.55513627132918941, 1.589517721201841282E-15 ) ) ;
#2535 = ORIENTED_EDGE ( 'NONE', *, *, #5194, .F. ) ;
#2536 = CARTESIAN_POINT ( 'NONE',  ( 16.49999999999998579, 83.66025403784443881, 10.00000000000000355 ) ) ;
#2537 = PLANE ( 'NONE',  #5424 ) ;
#2538 = EDGE_CURVE ( 'NONE', #2378, #115, #2122, .T. ) ;
#2539 = VECTOR ( 'NONE', #2155, 1000.000000000000000 ) ;
#2540 = CARTESIAN_POINT ( 'NONE',  ( 141.0000000000000000, -202.2374841615668686, 3.000000000000019096 ) ) ;
#2541 = DIRECTION ( 'NONE',  ( 0.8660254037844387076, -0.4999999999999997780, 0.000000000000000000 ) ) ;
#2542 = ORIENTED_EDGE ( 'NONE', *, *, #1710, .T. ) ;
#2543 = CARTESIAN_POINT ( 'NONE',  ( -95.29735208260152035, -31.98147610501478511, 3.000000000000019096 ) ) ;
#2544 = LINE ( 'NONE', #5160, #2134 ) ;
#2545 = VERTEX_POINT ( 'NONE', #1581 ) ;
#2546 = ORIENTED_EDGE ( 'NONE', *, *, #4129, .F. ) ;
#2547 = VERTEX_POINT ( 'NONE', #3784 ) ;
#2548 = EDGE_CURVE ( 'NONE', #3462, #201, #5433, .T. ) ;
#2549 = APPLICATION_PROTOCOL_DEFINITION ( 'international standard', 'config_control_design', 1994, #5036 ) ;
#2550 = CARTESIAN_POINT ( 'NONE',  ( 150.0000000000000000, 23.78646939829782880, 120.0000000000000000 ) ) ;
#2551 = CARTESIAN_POINT ( 'NONE',  ( 67.50000000000000000, 36.89488223348482165, 10.00000000000000178 ) ) ;
#2552 = VERTEX_POINT ( 'NONE', #5539 ) ;
#2553 = CARTESIAN_POINT ( 'NONE',  ( -80.67235208260144930, -57.31271916570953806, 3.000000000000019096 ) ) ;
#2554 = ORIENTED_EDGE ( 'NONE', *, *, #2772, .T. ) ;
#2555 = CIRCLE ( 'NONE', #2663, 4.499999999999997335 ) ;
#2556 = EDGE_LOOP ( 'NONE', ( #1632, #3599, #2501, #4128, #5549, #4237 ) ) ;
#2557 = EDGE_CURVE ( 'NONE', #3154, #5746, #1155, .T. ) ;
#2558 = CARTESIAN_POINT ( 'NONE',  ( 82.49999999999998579, 36.89488223348483587, 1.287342634263795608E-15 ) ) ;
#2559 = DIRECTION ( 'NONE',  ( 0.8660254037844399289, 0.4999999999999977796, 0.000000000000000000 ) ) ;
#2560 = VECTOR ( 'NONE', #1651, 1000.000000000000000 ) ;
#2561 = DIRECTION ( 'NONE',  ( -0.000000000000000000, 3.489217355721594252E-17, -1.000000000000000000 ) ) ;
#2562 = LINE ( 'NONE', #4376, #5341 ) ;
#2563 = ORIENTED_EDGE ( 'NONE', *, *, #6026, .T. ) ;
#2564 = ORIENTED_EDGE ( 'NONE', *, *, #6688, .F. ) ;
#2565 = EDGE_CURVE ( 'NONE', #6923, #2735, #5212, .T. ) ;
#2566 = ORIENTED_EDGE ( 'NONE', *, *, #6105, .T. ) ;
#2567 = CARTESIAN_POINT ( 'NONE',  ( 121.4999999999999858, 36.89488223348483587, 10.00000000000000178 ) ) ;
#2568 = CARTESIAN_POINT ( 'NONE',  ( 82.49999999999998579, 36.89488223348483587, 10.00000000000000178 ) ) ;
#2569 = FACE_OUTER_BOUND ( 'NONE', #1086, .T. ) ;
#2570 = FACE_OUTER_BOUND ( 'NONE', #2844, .T. ) ;
#2571 = EDGE_LOOP ( 'NONE', ( #4495, #3432, #4264, #5777 ) ) ;
#2572 = ADVANCED_FACE ( 'NONE', ( #5895 ), #5638, .F. ) ;
#2573 = PLANE ( 'NONE',  #3342 ) ;
#2574 = CARTESIAN_POINT ( 'NONE',  ( 28.49999999999999645, 79.33012701892225493, 2.768000560260221065E-15 ) ) ;
#2575 = CARTESIAN_POINT ( 'NONE',  ( 106.5000000000000000, 79.33012701892225493, 2.768000560260221065E-15 ) ) ;
#2576 = LINE ( 'NONE', #1378, #5576 ) ;
#2577 = VERTEX_POINT ( 'NONE', #1314 ) ;
#2578 = VERTEX_POINT ( 'NONE', #5172 ) ;
#2579 = VECTOR ( 'NONE', #5732, 1000.000000000000114 ) ;
#2580 = VERTEX_POINT ( 'NONE', #1823 ) ;
#2581 = PERSON_AND_ORGANIZATION_ROLE ( 'design_owner' ) ;
#2582 = CARTESIAN_POINT ( 'NONE',  ( 33.74999999999997158, 20.00738685968834218, 10.00000000000000000 ) ) ;
#2583 = LINE ( 'NONE', #3771, #5135 ) ;
#2584 = EDGE_CURVE ( 'NONE', #2414, #1359, #3559, .T. ) ;
#2585 = VECTOR ( 'NONE', #1680, 1000.000000000000114 ) ;
#2586 = EDGE_CURVE ( 'NONE', #614, #1234, #4032, .T. ) ;
#2587 = ORIENTED_EDGE ( 'NONE', *, *, #1617, .T. ) ;
#2588 = VECTOR ( 'NONE', #4278, 1000.000000000000000 ) ;
#2589 = ORIENTED_EDGE ( 'NONE', *, *, #1335, .T. ) ;
#2590 = CARTESIAN_POINT ( 'NONE',  ( 18.75000000000000355, 53.78237760728131889, 10.00000000000000178 ) ) ;
#2591 = CARTESIAN_POINT ( 'NONE',  ( 150.0000000000000000, 49.99999999999999289, 77.93913278898531871 ) ) ;
#2592 = EDGE_CURVE ( 'NONE', #777, #614, #4066, .T. ) ;
#2593 = CARTESIAN_POINT ( 'NONE',  ( -112.5473520826015204, -2.103599674451700707, 3.000000000000019096 ) ) ;
#2594 = EDGE_CURVE ( 'NONE', #5347, #5718, #2408, .T. ) ;
#2595 = ORIENTED_EDGE ( 'NONE', *, *, #127, .F. ) ;
#2596 = VECTOR ( 'NONE', #4005, 1000.000000000000000 ) ;
#2597 = ORIENTED_EDGE ( 'NONE', *, *, #2184, .T. ) ;
#2598 = VERTEX_POINT ( 'NONE', #1824 ) ;
#2599 = DIRECTION ( 'NONE',  ( 0.000000000000000000, 0.000000000000000000, 1.000000000000000000 ) ) ;
#2600 = DIRECTION ( 'NONE',  ( 1.000000000000000000, 0.000000000000000000, -0.000000000000000000 ) ) ;
#2601 = CARTESIAN_POINT ( 'NONE',  ( 74.99999999999998579, 83.66025403784443881, 10.00000000000000355 ) ) ;
#2602 = DIRECTION ( 'NONE',  ( 1.000000000000000000, 0.000000000000000000, 0.000000000000000000 ) ) ;
#2603 = VECTOR ( 'NONE', #2689, 1000.000000000000114 ) ;
#2604 = EDGE_CURVE ( 'NONE', #3351, #6003, #4171, .T. ) ;
#2605 = VECTOR ( 'NONE', #6006, 1000.000000000000000 ) ;
#2606 = PLANE ( 'NONE',  #4331 ) ;
#2607 = LINE ( 'NONE', #6997, #256 ) ;
#2608 = VECTOR ( 'NONE', #4374, 1000.000000000000000 ) ;
#2609 = ADVANCED_FACE ( 'NONE', ( #1901 ), #4600, .F. ) ;
#2610 = DIRECTION ( 'NONE',  ( -0.5000000000000004441, 0.8660254037844383745, 3.021750869380464253E-17 ) ) ;
#2611 = VECTOR ( 'NONE', #3387, 1000.000000000000114 ) ;
#2612 = LINE ( 'NONE', #7003, #3704 ) ;
#2613 = VERTEX_POINT ( 'NONE', #6761 ) ;
#2614 = ORIENTED_EDGE ( 'NONE', *, *, #6956, .T. ) ;
#2615 = ORIENTED_EDGE ( 'NONE', *, *, #2461, .T. ) ;
#2616 = VECTOR ( 'NONE', #4282, 1000.000000000000000 ) ;
#2617 = DIRECTION ( 'NONE',  ( 1.000000000000000000, 0.000000000000000000, 0.000000000000000000 ) ) ;
#2618 = CARTESIAN_POINT ( 'NONE',  ( -0.001000000000001000089, 85.06340628446157837, 10.81072832108004000 ) ) ;
#2619 = DIRECTION ( 'NONE',  ( -0.4999999999999992228, 0.8660254037844391517, 3.021750869380466718E-17 ) ) ;
#2620 = EDGE_LOOP ( 'NONE', ( #1906, #438, #395, #6770, #3422, #4625 ) ) ;
#2621 = DIRECTION ( 'NONE',  ( -0.4999999999999996669, -0.8660254037844388186, -3.021750869380465486E-17 ) ) ;
#2622 = LINE ( 'NONE', #1499, #3800 ) ;
#2623 = EDGE_CURVE ( 'NONE', #296, #280, #5140, .T. ) ;
#2624 = DIRECTION ( 'NONE',  ( 0.000000000000000000, -1.000000000000000000, 0.000000000000000000 ) ) ;
#2625 = VECTOR ( 'NONE', #2015, 1000.000000000000000 ) ;
#2626 = CARTESIAN_POINT ( 'NONE',  ( 23.99999999999999289, 45.55513627132918941, 1.589517721201841282E-15 ) ) ;
#2627 = ORIENTED_EDGE ( 'NONE', *, *, #3524, .F. ) ;
#2628 = ORIENTED_EDGE ( 'NONE', *, *, #6981, .T. ) ;
#2629 = ORIENTED_EDGE ( 'NONE', *, *, #5049, .F. ) ;
#2630 = EDGE_CURVE ( 'NONE', #998, #851, #5213, .T. ) ;
#2631 = LINE ( 'NONE', #404, #2395 ) ;
#2632 = DIRECTION ( 'NONE',  ( -0.5000000000000004441, 0.8660254037844383745, 3.021750869380464253E-17 ) ) ;
#2633 = FACE_BOUND ( 'NONE', #2346, .T. ) ;
#2634 = DIRECTION ( 'NONE',  ( -0.8660254037844370423, 0.5000000000000027756, 0.000000000000000000 ) ) ;
#2635 = FACE_OUTER_BOUND ( 'NONE', #2194, .T. ) ;
#2636 = CARTESIAN_POINT ( 'NONE',  ( 133.4999999999999716, 32.56475521456263067, 1.136255090794772180E-15 ) ) ;
#2637 = ORIENTED_EDGE ( 'NONE', *, *, #6021, .T. ) ;
#2638 = VERTEX_POINT ( 'NONE', #4563 ) ;
#2639 = EDGE_CURVE ( 'NONE', #2325, #3609, #1414, .T. ) ;
#2640 = EDGE_CURVE ( 'NONE', #1379, #5316, #3523, .T. ) ;
#2641 = PLANE ( 'NONE',  #394 ) ;
#2642 = DIRECTION ( 'NONE',  ( -0.8660254037844388186, 0.4999999999999996114, 1.744608677860794044E-17 ) ) ;
#2643 = CARTESIAN_POINT ( 'NONE',  ( 133.4999999999999716, 83.66025403784443881, 2.919088103729243901E-15 ) ) ;
#2644 = ORIENTED_EDGE ( 'NONE', *, *, #3427, .T. ) ;
#2645 = VERTEX_POINT ( 'NONE', #1390 ) ;
#2646 = ORIENTED_EDGE ( 'NONE', *, *, #1276, .T. ) ;
#2647 = ADVANCED_FACE ( 'NONE', ( #5721 ), #6225, .F. ) ;
#2648 = DIRECTION ( 'NONE',  ( 1.000000000000000000, -0.000000000000000000, -0.000000000000000000 ) ) ;
#2649 = VECTOR ( 'NONE', #4921, 1000.000000000000000 ) ;
#2650 = EDGE_CURVE ( 'NONE', #2187, #463, #4637, .T. ) ;
#2651 = DIRECTION ( 'NONE',  ( 0.8660254037844387076, -0.4999999999999998335, -1.744608677860798667E-17 ) ) ;
#2652 = DIRECTION ( 'NONE',  ( 0.000000000000000000, 0.000000000000000000, -1.000000000000000000 ) ) ;
#2653 = LINE ( 'NONE', #4779, #6137 ) ;
#2654 = DIRECTION ( 'NONE',  ( 0.000000000000000000, 0.000000000000000000, 1.000000000000000000 ) ) ;
#2655 = CARTESIAN_POINT ( 'NONE',  ( 142.1723520826012077, 38.81610065436338886, 3.000000000000019096 ) ) ;
#2656 = EDGE_LOOP ( 'NONE', ( #6865, #690, #3621, #1665, #4279, #1899 ) ) ;
#2657 = EDGE_LOOP ( 'NONE', ( #2438, #3685, #5301, #6853, #1127, #5759 ) ) ;
#2658 = DIRECTION ( 'NONE',  ( -1.000000000000000000, -1.602468905319638141E-15, -5.591362316445464709E-32 ) ) ;
#2659 = DIRECTION ( 'NONE',  ( 0.000000000000000000, 1.000000000000000000, 0.000000000000000000 ) ) ;
#2660 = FACE_OUTER_BOUND ( 'NONE', #6798, .T. ) ;
#2661 = LINE ( 'NONE', #5467, #3282 ) ;
#2662 = ORIENTED_EDGE ( 'NONE', *, *, #1231, .F. ) ;
#2663 = AXIS2_PLACEMENT_3D ( 'NONE', #5400, #441, #7062 ) ;
#2664 = ORIENTED_EDGE ( 'NONE', *, *, #596, .T. ) ;
#2665 = CARTESIAN_POINT ( 'NONE',  ( 37.50000000000000711, 101.4800689266309348, -7.352509501688614613 ) ) ;
#2666 = CARTESIAN_POINT ( 'NONE',  ( 35.99999999999997868, 83.66025403784443881, 10.00000000000000355 ) ) ;
#2667 = DIRECTION ( 'NONE',  ( 0.000000000000000000, 0.000000000000000000, -1.000000000000000000 ) ) ;
#2668 = CARTESIAN_POINT ( 'NONE',  ( 94.49999999999997158, 83.66025403784443881, 2.919088103729243901E-15 ) ) ;
#2669 = DIRECTION ( 'NONE',  ( -0.000000000000000000, 3.489217355721594252E-17, -1.000000000000000000 ) ) ;
#2670 = EDGE_CURVE ( 'NONE', #5084, #4704, #6301, .T. ) ;
#2671 = VERTEX_POINT ( 'NONE', #715 ) ;
#2672 = VERTEX_POINT ( 'NONE', #3055 ) ;
#2673 = CARTESIAN_POINT ( 'NONE',  ( 16.49999999999998579, 83.66025403784443881, 10.00000000000000355 ) ) ;
#2674 = DIRECTION ( 'NONE',  ( -0.8660254037844393737, 0.4999999999999985012, 1.744608677860792196E-17 ) ) ;
#2675 = CYLINDRICAL_SURFACE ( 'NONE', #2814, 4.499999999999997335 ) ;
#2676 = DIRECTION ( 'NONE',  ( -0.8660254037844383745, -0.5000000000000004441, 0.000000000000000000 ) ) ;
#2677 = EDGE_CURVE ( 'NONE', #354, #6859, #1235, .T. ) ;
#2678 = LINE ( 'NONE', #4864, #7149 ) ;
#2679 = ORIENTED_EDGE ( 'NONE', *, *, #105, .T. ) ;
#2680 = ADVANCED_FACE ( 'NONE', ( #5786 ), #2522, .F. ) ;
#2681 = EDGE_LOOP ( 'NONE', ( #1641, #648, #5082, #1331 ) ) ;
#2682 = LINE ( 'NONE', #1137, #559 ) ;
#2683 = CARTESIAN_POINT ( 'NONE',  ( 43.49999999999998579, 70.66987298107788718, 3.000000000000019096 ) ) ;
#2684 = FACE_OUTER_BOUND ( 'NONE', #5479, .T. ) ;
#2685 = ORIENTED_EDGE ( 'NONE', *, *, #1678, .T. ) ;
#2686 = EDGE_CURVE ( 'NONE', #1189, #4636, #5639, .T. ) ;
#2687 = VECTOR ( 'NONE', #2178, 1000.000000000000227 ) ;
#2688 = VERTEX_POINT ( 'NONE', #147 ) ;
#2689 = DIRECTION ( 'NONE',  ( -0.8660254037844383745, -0.5000000000000003331, 0.000000000000000000 ) ) ;
#2690 = CARTESIAN_POINT ( 'NONE',  ( 121.4999999999999858, -202.2374841615668686, 3.000000000000019096 ) ) ;
#2691 = AXIS2_PLACEMENT_3D ( 'NONE', #195, #6812, #3029 ) ;
#2692 = CARTESIAN_POINT ( 'NONE',  ( 150.0010000000000048, 49.99999999999999289, 29.90841738390767546 ) ) ;
#2693 = VECTOR ( 'NONE', #2103, 1000.000000000000000 ) ;
#2694 = CARTESIAN_POINT ( 'NONE',  ( 57.75000000000000711, 53.78237760728131889, 3.000000000000019096 ) ) ;
#2695 = EDGE_CURVE ( 'NONE', #3520, #6164, #24, .T. ) ;
#2696 = PLANE ( 'NONE',  #5471 ) ;
#2697 = AXIS2_PLACEMENT_3D ( 'NONE', #986, #5406, #1657 ) ;
#2698 = ORIENTED_EDGE ( 'NONE', *, *, #1396, .T. ) ;
#2699 = ORIENTED_EDGE ( 'NONE', *, *, #844, .F. ) ;
#2700 = VERTEX_POINT ( 'NONE', #4841 ) ;
#2701 = LINE ( 'NONE', #2738, #5028 ) ;
#2702 = FACE_OUTER_BOUND ( 'NONE', #5313, .T. ) ;
#2703 = DIRECTION ( 'NONE',  ( 0.000000000000000000, 0.000000000000000000, -1.000000000000000000 ) ) ;
#2704 = DIRECTION ( 'NONE',  ( -0.000000000000000000, 3.489217355721594252E-17, -1.000000000000000000 ) ) ;
#2705 = CARTESIAN_POINT ( 'NONE',  ( 101.9999999999999858, 45.55513627132918941, 10.00000000000000178 ) ) ;
#2706 = VECTOR ( 'NONE', #3259, 1000.000000000000000 ) ;
#2707 = FACE_BOUND ( 'NONE', #4048, .T. ) ;
#2708 = VECTOR ( 'NONE', #5670, 1000.000000000000000 ) ;
#2709 = EDGE_CURVE ( 'NONE', #3921, #1896, #460, .T. ) ;
#2710 = FACE_OUTER_BOUND ( 'NONE', #3665, .T. ) ;
#2711 = DIRECTION ( 'NONE',  ( -0.5000000000000015543, 0.8660254037844378194, 3.021750869380462404E-17 ) ) ;
#2712 = VERTEX_POINT ( 'NONE', #6785 ) ;
#2713 = ORIENTED_EDGE ( 'NONE', *, *, #1403, .T. ) ;
#2714 = ADVANCED_FACE ( 'NONE', ( #3978, #1294, #1808, #3506, #5700, #5014, #694, #738, #1882, #62, #2280, #4622, #2886, #2393, #1767, #4584, #129, #5740, #2851, #6171, #4053, #1217, #2965, #6208, #5157, #203, #6666 ), #5660, .T. ) ;
#2715 = ORIENTED_EDGE ( 'NONE', *, *, #514, .F. ) ;
#2716 = VERTEX_POINT ( 'NONE', #1733 ) ;
#2717 = FACE_OUTER_BOUND ( 'NONE', #2121, .T. ) ;
#2718 = PERSON_AND_ORGANIZATION ( #7025, #3754 ) ;
#2719 = VECTOR ( 'NONE', #5497, 1000.000000000000000 ) ;
#2720 = CARTESIAN_POINT ( 'NONE',  ( 121.4999999999999858, 45.55513627132918941, 1.589517721201841282E-15 ) ) ;
#2721 = VECTOR ( 'NONE', #2239, 1000.000000000000000 ) ;
#2722 = ADVANCED_FACE ( 'NONE', ( #629, #4083, #2817 ), #3428, .F. ) ;
#2723 = DIRECTION ( 'NONE',  ( -1.000000000000000000, 0.000000000000000000, 0.000000000000000000 ) ) ;
#2724 = CIRCLE ( 'NONE', #5714, 2.500000000000001332 ) ;
#2725 = ORIENTED_EDGE ( 'NONE', *, *, #1004, .T. ) ;
#2726 = CIRCLE ( 'NONE', #1688, 4.499999999999997335 ) ;
#2727 = ORIENTED_EDGE ( 'NONE', *, *, #3701, .F. ) ;
#2728 = AXIS2_PLACEMENT_3D ( 'NONE', #935, #1080, #6471 ) ;
#2729 = DIRECTION ( 'NONE',  ( 0.8660254037844387076, -0.4999999999999998335, -1.744608677860798667E-17 ) ) ;
#2730 = PLANE ( 'NONE',  #6659 ) ;
#2731 = EDGE_CURVE ( 'NONE', #6859, #1154, #815, .T. ) ;
#2732 = EDGE_CURVE ( 'NONE', #5637, #4645, #6281, .T. ) ;
#2733 = PLANE ( 'NONE',  #5017 ) ;
#2734 = DIRECTION ( 'NONE',  ( -5.962354970878714754E-31, -1.000000000000000000, -1.796801581883919789E-15 ) ) ;
#2735 = VERTEX_POINT ( 'NONE', #1337 ) ;
#2736 = ORIENTED_EDGE ( 'NONE', *, *, #2151, .T. ) ;
#2737 = ADVANCED_FACE ( 'NONE', ( #3541 ), #5622, .F. ) ;
#2738 = CARTESIAN_POINT ( 'NONE',  ( 72.74999999999998579, 53.78237760728132599, 1.876584053792984316E-15 ) ) ;
#2739 = AXIS2_PLACEMENT_3D ( 'NONE', #474, #3164, #4246 ) ;
#2740 = CARTESIAN_POINT ( 'NONE',  ( -105.0473520826014493, -15.09398073121817596, 3.000000000000019096 ) ) ;
#2741 = PLANE ( 'NONE',  #1240 ) ;
#2742 = CARTESIAN_POINT ( 'NONE',  ( 113.9999999999999716, 83.66025403784443881, 3.000000000000019096 ) ) ;
#2743 = EDGE_LOOP ( 'NONE', ( #3492, #4317, #5693, #6951 ) ) ;
#2744 = CYLINDRICAL_SURFACE ( 'NONE', #7070, 4.499999999999996447 ) ;
#2745 = DIRECTION ( 'NONE',  ( -0.8660254037844383745, 0.5000000000000003331, 0.000000000000000000 ) ) ;
#2746 = CARTESIAN_POINT ( 'NONE',  ( 43.49999999999998579, 45.55513627132918941, 3.000000000000019096 ) ) ;
#2747 = CARTESIAN_POINT ( 'NONE',  ( 123.7500000000000000, 66.77275866404791316, 10.00000000000000178 ) ) ;
#2748 = ORIENTED_EDGE ( 'NONE', *, *, #7014, .T. ) ;
#2749 = ORIENTED_EDGE ( 'NONE', *, *, #2954, .F. ) ;
#2750 = ORIENTED_EDGE ( 'NONE', *, *, #3461, .F. ) ;
#2751 = ORIENTED_EDGE ( 'NONE', *, *, #5983, .T. ) ;
#2752 = CARTESIAN_POINT ( 'NONE',  ( 0.000000000000000000, 1.141983802888053159E-14, 34.56121421188655063 ) ) ;
#2753 = PERSON_AND_ORGANIZATION_ROLE ( 'creator' ) ;
#2754 = CARTESIAN_POINT ( 'NONE',  ( 77.25000000000001421, 53.78237760728131889, 3.000000000000019096 ) ) ;
#2755 = CARTESIAN_POINT ( 'NONE',  ( 48.00000000000000000, -202.2374841615668686, 3.000000000000019096 ) ) ;
#2756 = CARTESIAN_POINT ( 'NONE',  ( 121.4999999999999858, 70.66987298107788718, 3.000000000000019096 ) ) ;
#2757 = EDGE_LOOP ( 'NONE', ( #6821, #2713, #1161, #6136 ) ) ;
#2758 = AXIS2_PLACEMENT_3D ( 'NONE', #7063, #1650, #2056 ) ;
#2759 = EDGE_CURVE ( 'NONE', #2082, #2793, #4507, .T. ) ;
#2760 = ORIENTED_EDGE ( 'NONE', *, *, #437, .F. ) ;
#2761 = CARTESIAN_POINT ( 'NONE',  ( 121.4999999999999858, 79.33012701892224072, 10.00000000000000355 ) ) ;
#2762 = DIRECTION ( 'NONE',  ( -1.000000000000000000, -0.000000000000000000, 0.000000000000000000 ) ) ;
#2763 = CARTESIAN_POINT ( 'NONE',  ( 28.49999999999999645, 70.66987298107780191, 2.465825473322171841E-15 ) ) ;
#2764 = VECTOR ( 'NONE', #1872, 1000.000000000000000 ) ;
#2765 = ORIENTED_EDGE ( 'NONE', *, *, #2159, .F. ) ;
#2766 = EDGE_CURVE ( 'NONE', #3310, #2093, #2349, .T. ) ;
#2767 = ORIENTED_EDGE ( 'NONE', *, *, #2565, .T. ) ;
#2768 = EDGE_LOOP ( 'NONE', ( #6898, #4058, #6087, #5048 ) ) ;
#2769 = FACE_OUTER_BOUND ( 'NONE', #4807, .T. ) ;
#2770 = EDGE_LOOP ( 'NONE', ( #5961, #1891, #4064, #2987 ) ) ;
#2771 = VECTOR ( 'NONE', #2642, 1000.000000000000000 ) ;
#2772 = EDGE_CURVE ( 'NONE', #5389, #3351, #1130, .T. ) ;
#2773 = VECTOR ( 'NONE', #1215, 1000.000000000000114 ) ;
#2774 = ORIENTED_EDGE ( 'NONE', *, *, #4503, .F. ) ;
#2775 = EDGE_LOOP ( 'NONE', ( #5707, #4212, #4145, #722, #1645, #6799 ) ) ;
#2776 = LINE ( 'NONE', #6527, #1887 ) ;
#2777 = LINE ( 'NONE', #1093, #6045 ) ;
#2778 = VECTOR ( 'NONE', #5373, 1000.000000000000000 ) ;
#2779 = DIRECTION ( 'NONE',  ( -1.000000000000000000, -0.000000000000000000, 3.318315740031391761E-16 ) ) ;
#2780 = EDGE_CURVE ( 'NONE', #4197, #390, #1911, .T. ) ;
#2781 = EDGE_LOOP ( 'NONE', ( #2243, #6692 ) ) ;
#2782 = ORIENTED_EDGE ( 'NONE', *, *, #2797, .F. ) ;
#2783 = ORIENTED_EDGE ( 'NONE', *, *, #6956, .F. ) ;
#2784 = FACE_OUTER_BOUND ( 'NONE', #678, .T. ) ;
#2785 = LINE ( 'NONE', #1702, #4297 ) ;
#2786 = DIRECTION ( 'NONE',  ( 0.8660254037844378194, 0.5000000000000015543, 0.000000000000000000 ) ) ;
#2787 = ORIENTED_EDGE ( 'NONE', *, *, #3780, .T. ) ;
#2788 = ORIENTED_EDGE ( 'NONE', *, *, #4566, .T. ) ;
#2789 = DIRECTION ( 'NONE',  ( -1.000000000000000000, -0.000000000000000000, 1.880926496205912652E-16 ) ) ;
#2790 = DIRECTION ( 'NONE',  ( -1.000000000000000000, -0.000000000000000000, 1.880926496205912652E-16 ) ) ;
#2791 = EDGE_CURVE ( 'NONE', #6001, #2577, #3679, .T. ) ;
#2792 = ORIENTED_EDGE ( 'NONE', *, *, #5087, .T. ) ;
#2793 = VERTEX_POINT ( 'NONE', #4147 ) ;
#2794 = ORIENTED_EDGE ( 'NONE', *, *, #47, .F. ) ;
#2795 = VECTOR ( 'NONE', #1262, 1000.000000000000000 ) ;
#2796 = AXIS2_PLACEMENT_3D ( 'NONE', #6132, #3468, #3393 ) ;
#2797 = EDGE_CURVE ( 'NONE', #4046, #941, #1982, .T. ) ;
#2798 = FACE_OUTER_BOUND ( 'NONE', #79, .T. ) ;
#2799 = FACE_OUTER_BOUND ( 'NONE', #3398, .T. ) ;
#2800 = EDGE_CURVE ( 'NONE', #5784, #4351, #5215, .T. ) ;
#2801 = VECTOR ( 'NONE', #6925, 1000.000000000000000 ) ;
#2802 = VERTEX_POINT ( 'NONE', #2455 ) ;
#2803 = ORIENTED_EDGE ( 'NONE', *, *, #6861, .F. ) ;
#2804 = FACE_OUTER_BOUND ( 'NONE', #1979, .T. ) ;
#2805 = ORIENTED_EDGE ( 'NONE', *, *, #6417, .T. ) ;
#2806 = CARTESIAN_POINT ( 'NONE',  ( 92.24999999999997158, -202.2374841615668686, 3.000000000000019096 ) ) ;
#2807 = CARTESIAN_POINT ( 'NONE',  ( 150.0000000000000000, 99.99999999999998579, 90.00000000000001421 ) ) ;
#2808 = CARTESIAN_POINT ( 'NONE',  ( 104.2500000000000000, 49.45225058835914922, 1.725496510323961677E-15 ) ) ;
#2809 = EDGE_CURVE ( 'NONE', #1312, #3757, #6342, .T. ) ;
#2810 = LINE ( 'NONE', #1837, #6550 ) ;
#2811 = LINE ( 'NONE', #4498, #2341 ) ;
#2812 = ORIENTED_EDGE ( 'NONE', *, *, #4983, .T. ) ;
#2813 = ORIENTED_EDGE ( 'NONE', *, *, #4750, .F. ) ;
#2814 = AXIS2_PLACEMENT_3D ( 'NONE', #2208, #7036, #1659 ) ;
#2815 = ORIENTED_EDGE ( 'NONE', *, *, #1924, .F. ) ;
#2816 = CARTESIAN_POINT ( 'NONE',  ( 2.775557561562891351E-14, 17.99486378953768551, 74.56121421188655063 ) ) ;
#2817 = FACE_BOUND ( 'NONE', #3361, .T. ) ;
#2818 = CARTESIAN_POINT ( 'NONE',  ( 9.000000000000007105, 45.55513627132927468, 3.000000000000019096 ) ) ;
#2819 = FACE_OUTER_BOUND ( 'NONE', #4916, .T. ) ;
#2820 = ADVANCED_FACE ( 'NONE', ( #6270 ), #4180, .F. ) ;
#2821 = VECTOR ( 'NONE', #34, 1000.000000000000000 ) ;
#2822 = ORIENTED_EDGE ( 'NONE', *, *, #2094, .F. ) ;
#2823 = CARTESIAN_POINT ( 'NONE',  ( 40.50000000000000711, 101.4800689266309348, -4.852509501688611948 ) ) ;
#2824 = ORIENTED_EDGE ( 'NONE', *, *, #542, .T. ) ;
#2825 = FACE_OUTER_BOUND ( 'NONE', #2195, .T. ) ;
#2826 = CARTESIAN_POINT ( 'NONE',  ( 126.0000000000000000, 70.66987298107780191, 10.00000000000000178 ) ) ;
#2827 = LINE ( 'NONE', #6674, #3566 ) ;
#2828 = VECTOR ( 'NONE', #6827, 1000.000000000000000 ) ;
#2829 = DIRECTION ( 'NONE',  ( 0.000000000000000000, 0.8844474253139080755, -0.4666398524082561172 ) ) ;
#2830 = AXIS2_PLACEMENT_3D ( 'NONE', #1065, #1668, #525 ) ;
#2831 = ORIENTED_EDGE ( 'NONE', *, *, #3918, .F. ) ;
#2832 = VECTOR ( 'NONE', #3263, 1000.000000000000000 ) ;
#2833 = VERTEX_POINT ( 'NONE', #4112 ) ;
#2834 = ORIENTED_EDGE ( 'NONE', *, *, #3451, .F. ) ;
#2835 = PLANE ( 'NONE',  #1791 ) ;
#2836 = ORIENTED_EDGE ( 'NONE', *, *, #5246, .F. ) ;
#2837 = ORIENTED_EDGE ( 'NONE', *, *, #2276, .T. ) ;
#2838 = EDGE_LOOP ( 'NONE', ( #6233, #1938, #4230, #2783 ) ) ;
#2839 = EDGE_CURVE ( 'NONE', #1815, #5255, #910, .T. ) ;
#2840 = ORIENTED_EDGE ( 'NONE', *, *, #1113, .F. ) ;
#2841 = DIRECTION ( 'NONE',  ( -1.000000000000000000, 0.000000000000000000, 0.000000000000000000 ) ) ;
#2842 = DIRECTION ( 'NONE',  ( -0.000000000000000000, -1.000000000000000000, -3.489217355721593635E-17 ) ) ;
#2843 = DIRECTION ( 'NONE',  ( -0.000000000000000000, 3.489217355721594252E-17, -1.000000000000000000 ) ) ;
#2844 = EDGE_LOOP ( 'NONE', ( #4977, #5502, #4782, #1232 ) ) ;
#2845 = CARTESIAN_POINT ( 'NONE',  ( 65.25000000000000000, 49.45225058835914922, 10.00000000000000178 ) ) ;
#2846 = ORIENTED_EDGE ( 'NONE', *, *, #724, .T. ) ;
#2847 = EDGE_CURVE ( 'NONE', #2547, #121, #1325, .T. ) ;
#2848 = EDGE_CURVE ( 'NONE', #4333, #4046, #6953, .T. ) ;
#2849 = ORIENTED_EDGE ( 'NONE', *, *, #5864, .F. ) ;
#2850 = LINE ( 'NONE', #91, #4492 ) ;
#2851 = FACE_BOUND ( 'NONE', #3191, .T. ) ;
#2852 = CARTESIAN_POINT ( 'NONE',  ( 112.4999999999999858, 101.4800689266309348, -7.352509501688626159 ) ) ;
#2853 = CARTESIAN_POINT ( 'NONE',  ( 150.0000000000000000, 23.49486378953767840, 29.81121421188651510 ) ) ;
#2854 = FACE_BOUND ( 'NONE', #2781, .T. ) ;
#2855 = DIRECTION ( 'NONE',  ( 1.000000000000000000, -0.000000000000000000, -0.000000000000000000 ) ) ;
#2856 = ORIENTED_EDGE ( 'NONE', *, *, #4788, .F. ) ;
#2857 = EDGE_CURVE ( 'NONE', #6704, #4038, #4218, .T. ) ;
#2858 = CARTESIAN_POINT ( 'NONE',  ( 16.49999999999993250, 49.88526329025141592, 3.000000000000019096 ) ) ;
#2859 = DIRECTION ( 'NONE',  ( 0.8660254037844383745, -0.5000000000000004441, 0.000000000000000000 ) ) ;
#2860 = CARTESIAN_POINT ( 'NONE',  ( 72.74999999999998579, 28.66764089753273126, 10.00000000000000178 ) ) ;
#2861 = CARTESIAN_POINT ( 'NONE',  ( 123.7500000000000000, 66.77275866404791316, 2.329846684200053615E-15 ) ) ;
#2862 = DIRECTION ( 'NONE',  ( 0.8660254037844388186, 0.4999999999999996669, 0.000000000000000000 ) ) ;
#2863 = ORIENTED_EDGE ( 'NONE', *, *, #6321, .F. ) ;
#2864 = EDGE_LOOP ( 'NONE', ( #1806, #3121, #2566, #6241 ) ) ;
#2865 = EDGE_CURVE ( 'NONE', #1233, #5349, #2493, .T. ) ;
#2866 = ORIENTED_EDGE ( 'NONE', *, *, #2523, .T. ) ;
#2867 = VECTOR ( 'NONE', #4818, 1000.000000000000114 ) ;
#2868 = CARTESIAN_POINT ( 'NONE',  ( 38.24999999999999289, 62.44263164512570086, 2.178759140731030384E-15 ) ) ;
#2869 = LINE ( 'NONE', #261, #6255 ) ;
#2870 = ORIENTED_EDGE ( 'NONE', *, *, #966, .F. ) ;
#2871 = ORIENTED_EDGE ( 'NONE', *, *, #4503, .T. ) ;
#2872 = EDGE_LOOP ( 'NONE', ( #4597, #4424, #5695, #3096 ) ) ;
#2873 = EDGE_LOOP ( 'NONE', ( #1041, #741, #4367, #4969 ) ) ;
#2874 = CARTESIAN_POINT ( 'NONE',  ( 150.0000000000000000, 49.99999999999999289, 140.0000000000000000 ) ) ;
#2875 = CARTESIAN_POINT ( 'NONE',  ( 43.49999999999998579, 70.66987298107788718, 2.465825473322174997E-15 ) ) ;
#2876 = ADVANCED_FACE ( 'NONE', ( #5181 ), #5799, .T. ) ;
#2877 = AXIS2_PLACEMENT_3D ( 'NONE', #5276, #3072, #6280 ) ;
#2878 = CARTESIAN_POINT ( 'NONE',  ( 43.49999999999998579, -202.2374841615668686, 3.000000000000019096 ) ) ;
#2879 = ORIENTED_EDGE ( 'NONE', *, *, #3232, .T. ) ;
#2880 = VECTOR ( 'NONE', #1451, 1000.000000000000000 ) ;
#2881 = LINE ( 'NONE', #5191, #2147 ) ;
#2882 = ORIENTED_EDGE ( 'NONE', *, *, #4226, .F. ) ;
#2883 = VERTEX_POINT ( 'NONE', #5333 ) ;
#2884 = CARTESIAN_POINT ( 'NONE',  ( 45.75000000000000000, 15.67725984076615653, 5.470136712655843591E-16 ) ) ;
#2885 = VECTOR ( 'NONE', #3065, 1000.000000000000000 ) ;
#2886 = FACE_BOUND ( 'NONE', #337, .T. ) ;
#2887 = PLANE ( 'NONE',  #1683 ) ;
#2888 = EDGE_CURVE ( 'NONE', #3051, #1380, #229, .T. ) ;
#2889 = LINE ( 'NONE', #2316, #1003 ) ;
#2890 = EDGE_CURVE ( 'NONE', #4206, #5032, #3098, .T. ) ;
#2891 = FACE_BOUND ( 'NONE', #5859, .T. ) ;
#2892 = PLANE ( 'NONE',  #906 ) ;
#2893 = ORIENTED_EDGE ( 'NONE', *, *, #4450, .T. ) ;
#2894 = DIRECTION ( 'NONE',  ( -0.000000000000000000, 0.000000000000000000, -1.000000000000000000 ) ) ;
#2895 = CARTESIAN_POINT ( 'NONE',  ( 67.50000000000000000, 70.66987298107780191, 10.00000000000000178 ) ) ;
#2896 = PLANE ( 'NONE',  #719 ) ;
#2897 = LINE ( 'NONE', #179, #6030 ) ;
#2898 = DIRECTION ( 'NONE',  ( 0.4999999999999999445, 0.8660254037844387076, 3.021750869380466102E-17 ) ) ;
#2899 = EDGE_CURVE ( 'NONE', #3230, #3051, #375, .T. ) ;
#2900 = ORIENTED_EDGE ( 'NONE', *, *, #949, .F. ) ;
#2901 = ORIENTED_EDGE ( 'NONE', *, *, #1501, .T. ) ;
#2902 = DIRECTION ( 'NONE',  ( -0.000000000000000000, 3.489217355721594252E-17, -1.000000000000000000 ) ) ;
#2903 = EDGE_CURVE ( 'NONE', #4581, #880, #798, .T. ) ;
#2904 = DIRECTION ( 'NONE',  ( 0.4999999999999998335, 0.8660254037844388186, 3.021750869380465486E-17 ) ) ;
#2905 = CARTESIAN_POINT ( 'NONE',  ( 112.4999999999999858, 86.48368917940753420, -2.033859505912648061E-14 ) ) ;
#2906 = VERTEX_POINT ( 'NONE', #5303 ) ;
#2907 = VECTOR ( 'NONE', #306, 1000.000000000000114 ) ;
#2908 = EDGE_LOOP ( 'NONE', ( #7005, #2129, #5892, #6921, #5926, #6346, #2535, #6439 ) ) ;
#2909 = ORIENTED_EDGE ( 'NONE', *, *, #1457, .T. ) ;
#2910 = ORIENTED_EDGE ( 'NONE', *, *, #3564, .T. ) ;
#2911 = CARTESIAN_POINT ( 'NONE',  ( 23.99999999999999289, 70.66987298107788718, 3.000000000000019096 ) ) ;
#2912 = LINE ( 'NONE', #7081, #1049 ) ;
#2913 = AXIS2_PLACEMENT_3D ( 'NONE', #6529, #6453, #4289 ) ;
#2914 = VECTOR ( 'NONE', #6869, 1000.000000000000000 ) ;
#2915 = CARTESIAN_POINT ( 'NONE',  ( 149.6723520826010656, 51.80648171113008971, 3.000000000000019096 ) ) ;
#2916 = AXIS2_PLACEMENT_3D ( 'NONE', #450, #3794, #3244 ) ;
#2917 = DIRECTION ( 'NONE',  ( 0.000000000000000000, -1.000000000000000000, 0.000000000000000000 ) ) ;
#2918 = ORIENTED_EDGE ( 'NONE', *, *, #2238, .T. ) ;
#2919 = FACE_OUTER_BOUND ( 'NONE', #173, .T. ) ;
#2920 = ORIENTED_EDGE ( 'NONE', *, *, #770, .F. ) ;
#2921 = ORIENTED_EDGE ( 'NONE', *, *, #503, .T. ) ;
#2922 = ADVANCED_FACE ( 'NONE', ( #4728 ), #340, .F. ) ;
#2923 = DIRECTION ( 'NONE',  ( 0.8660254037844383745, 0.5000000000000004441, 1.744608677860797742E-17 ) ) ;
#2924 = DIRECTION ( 'NONE',  ( 0.000000000000000000, 3.489217355721594252E-17, -1.000000000000000000 ) ) ;
#2925 = DIRECTION ( 'NONE',  ( 0.000000000000000000, 0.000000000000000000, -1.000000000000000000 ) ) ;
#2926 = LINE ( 'NONE', #2394, #3292 ) ;
#2927 = CARTESIAN_POINT ( 'NONE',  ( -66.04735208260149193, -82.64396222640445444, 3.000000000000019096 ) ) ;
#2928 = APPLICATION_CONTEXT ( 'configuration controlled 3d designs of mechanical parts and assemblies' ) ;
#2929 = DIRECTION ( 'NONE',  ( 0.8660254037844374864, -0.5000000000000021094, 0.000000000000000000 ) ) ;
#2930 = ORIENTED_EDGE ( 'NONE', *, *, #4359, .F. ) ;
#2931 = CIRCLE ( 'NONE', #714, 2.250000000000001776 ) ;
#2932 = CARTESIAN_POINT ( 'NONE',  ( 94.49999999999997158, 32.56475521456263067, 10.00000000000000178 ) ) ;
#2933 = ORIENTED_EDGE ( 'NONE', *, *, #6826, .F. ) ;
#2934 = EDGE_CURVE ( 'NONE', #4538, #3368, #1871, .T. ) ;
#2935 = DIRECTION ( 'NONE',  ( -0.000000000000000000, 3.489217355721594252E-17, -1.000000000000000000 ) ) ;
#2936 = CARTESIAN_POINT ( 'NONE',  ( 45.75000000000000000, 32.99776791645492580, 1.151363845141677185E-15 ) ) ;
#2937 = DIRECTION ( 'NONE',  ( -1.000000000000000000, -0.000000000000000000, -0.000000000000000000 ) ) ;
#2938 = DIRECTION ( 'NONE',  ( 3.204937810639274309E-15, 1.000000000000000000, 3.489217355721592403E-17 ) ) ;
#2939 = CARTESIAN_POINT ( 'NONE',  ( 150.0010000000000048, 80.00000000000000000, 29.90841738390767546 ) ) ;
#2940 = VECTOR ( 'NONE', #2474, 1000.000000000000000 ) ;
#2941 = CIRCLE ( 'NONE', #4787, 2.250000000000001776 ) ;
#2942 = ORIENTED_EDGE ( 'NONE', *, *, #4136, .F. ) ;
#2943 = VERTEX_POINT ( 'NONE', #1744 ) ;
#2944 = EDGE_CURVE ( 'NONE', #1028, #4581, #4485, .T. ) ;
#2945 = ADVANCED_FACE ( 'NONE', ( #1508 ), #2162, .F. ) ;
#2946 = DIRECTION ( 'NONE',  ( -0.000000000000000000, 3.489217355721594252E-17, -1.000000000000000000 ) ) ;
#2947 = AXIS2_PLACEMENT_3D ( 'NONE', #3295, #1703, #2281 ) ;
#2948 = LINE ( 'NONE', #4996, #5830 ) ;
#2949 = CARTESIAN_POINT ( 'NONE',  ( 113.9999999999999716, 32.56475521456263067, 1.136255090794772180E-15 ) ) ;
#2950 = VECTOR ( 'NONE', #2935, 1000.000000000000000 ) ;
#2951 = AXIS2_PLACEMENT_3D ( 'NONE', #393, #4813, #4236 ) ;
#2952 = ORIENTED_EDGE ( 'NONE', *, *, #3026, .F. ) ;
#2953 = ORIENTED_EDGE ( 'NONE', *, *, #5952, .F. ) ;
#2954 = EDGE_CURVE ( 'NONE', #2943, #2802, #2088, .T. ) ;
#2955 = ORIENTED_EDGE ( 'NONE', *, *, #5618, .T. ) ;
#2956 = DIRECTION ( 'NONE',  ( 0.000000000000000000, -1.000000000000000000, -3.489217355721593635E-17 ) ) ;
#2957 = CARTESIAN_POINT ( 'NONE',  ( 112.4999999999999858, 86.48368917940753420, -2.033859505912648061E-14 ) ) ;
#2958 = PLANE ( 'NONE',  #3730 ) ;
#2959 = CARTESIAN_POINT ( 'NONE',  ( 101.9999999999999858, -202.2374841615668686, 3.000000000000019096 ) ) ;
#2960 = ORIENTED_EDGE ( 'NONE', *, *, #1426, .T. ) ;
#2961 = CARTESIAN_POINT ( 'NONE',  ( 92.24999999999997158, 62.44263164512573638, 10.00000000000000178 ) ) ;
#2962 = ORIENTED_EDGE ( 'NONE', *, *, #5989, .T. ) ;
#2963 = ORIENTED_EDGE ( 'NONE', *, *, #628, .F. ) ;
#2964 = DIRECTION ( 'NONE',  ( 0.8660254037844388186, -0.4999999999999996669, 0.000000000000000000 ) ) ;
#2965 = FACE_BOUND ( 'NONE', #6515, .T. ) ;
#2966 = LINE ( 'NONE', #2313, #4959 ) ;
#2967 = CARTESIAN_POINT ( 'NONE',  ( 43.49999999999998579, 79.33012701892224072, 10.00000000000000355 ) ) ;
#2968 = VECTOR ( 'NONE', #2181, 1000.000000000000000 ) ;
#2969 = VERTEX_POINT ( 'NONE', #5399 ) ;
#2970 = FACE_OUTER_BOUND ( 'NONE', #1684, .T. ) ;
#2971 = CARTESIAN_POINT ( 'NONE',  ( 62.99999999999998579, 36.89488223348483587, 1.287342634263795608E-15 ) ) ;
#2972 = DIRECTION ( 'NONE',  ( 0.8660254037844383745, 0.5000000000000003331, 0.000000000000000000 ) ) ;
#2973 = ORIENTED_EDGE ( 'NONE', *, *, #845, .T. ) ;
#2974 = CARTESIAN_POINT ( 'NONE',  ( 74.99999999999998579, 32.56475521456263067, 1.136255090794772180E-15 ) ) ;
#2975 = CARTESIAN_POINT ( 'NONE',  ( 150.0000000000000000, 23.49486378953767840, 28.11121421188651937 ) ) ;
#2976 = DIRECTION ( 'NONE',  ( -0.8660254037844388186, -0.4999999999999996669, 0.000000000000000000 ) ) ;
#2977 = CARTESIAN_POINT ( 'NONE',  ( 45.75000000000000000, 15.67725984076615653, 5.470136712655843591E-16 ) ) ;
#2978 = CARTESIAN_POINT ( 'NONE',  ( 35.99999999999992184, 49.88526329025141592, 10.00000000000000178 ) ) ;
#2979 = EDGE_LOOP ( 'NONE', ( #2100, #470, #4993, #6297, #1544, #7097 ) ) ;
#2980 = EDGE_CURVE ( 'NONE', #2412, #5795, #4322, .T. ) ;
#2981 = ORIENTED_EDGE ( 'NONE', *, *, #4610, .F. ) ;
#2982 = CARTESIAN_POINT ( 'NONE',  ( 43.49999999999998579, 70.66987298107788718, 10.00000000000000178 ) ) ;
#2983 = DIRECTION ( 'NONE',  ( -0.000000000000000000, 1.000000000000000000, 0.000000000000000000 ) ) ;
#2984 = DIRECTION ( 'NONE',  ( 0.000000000000000000, 1.000000000000000000, 1.734723475976807094E-16 ) ) ;
#2985 = CARTESIAN_POINT ( 'NONE',  ( 111.7499999999999716, 62.44263164512576481, 3.000000000000019096 ) ) ;
#2986 = EDGE_CURVE ( 'NONE', #6145, #6533, #475, .T. ) ;
#2987 = ORIENTED_EDGE ( 'NONE', *, *, #984, .F. ) ;
#2988 = AXIS2_PLACEMENT_3D ( 'NONE', #1263, #4020, #241 ) ;
#2989 = VERTEX_POINT ( 'NONE', #943 ) ;
#2990 = CARTESIAN_POINT ( 'NONE',  ( 125.2973520826014777, 9.587743276638388323, 3.000000000000019096 ) ) ;
#2991 = CARTESIAN_POINT ( 'NONE',  ( 28.49999999999999645, 79.33012701892225493, 10.00000000000000355 ) ) ;
#2992 = LINE ( 'NONE', #6312, #1513 ) ;
#2993 = DIRECTION ( 'NONE',  ( 1.000000000000000000, 0.000000000000000000, -0.000000000000000000 ) ) ;
#2994 = ADVANCED_FACE ( 'NONE', ( #2702 ), #3785, .F. ) ;
#2995 = LINE ( 'NONE', #1287, #1195 ) ;
#2996 = EDGE_LOOP ( 'NONE', ( #6566, #1718, #4963, #1760 ) ) ;
#2997 = DIRECTION ( 'NONE',  ( 0.8660254037844393737, -0.4999999999999985012, 0.000000000000000000 ) ) ;
#2998 = ORIENTED_EDGE ( 'NONE', *, *, #4677, .F. ) ;
#2999 = CARTESIAN_POINT ( 'NONE',  ( 74.99999999999992895, 49.88526329025141592, 1.740605264670865696E-15 ) ) ;
#3000 = FACE_BOUND ( 'NONE', #1275, .T. ) ;
#3001 = PLANE ( 'NONE',  #618 ) ;
#3002 = CARTESIAN_POINT ( 'NONE',  ( 82.49999999999998579, 70.66987298107788718, 10.00000000000000178 ) ) ;
#3003 = EDGE_CURVE ( 'NONE', #4588, #5778, #6442, .T. ) ;
#3004 = ORIENTED_EDGE ( 'NONE', *, *, #3408, .F. ) ;
#3005 = DIRECTION ( 'NONE',  ( -0.4999999999999996669, -0.8660254037844388186, -3.021750869380465486E-17 ) ) ;
#3006 = DIRECTION ( 'NONE',  ( -0.000000000000000000, 3.489217355721594252E-17, -1.000000000000000000 ) ) ;
#3007 = AXIS2_PLACEMENT_3D ( 'NONE', #176, #703, #134 ) ;
#3008 = ORIENTED_EDGE ( 'NONE', *, *, #664, .T. ) ;
#3009 = ORIENTED_EDGE ( 'NONE', *, *, #1360, .F. ) ;
#3010 = VECTOR ( 'NONE', #6130, 1000.000000000000114 ) ;
#3011 = LINE ( 'NONE', #248, #2940 ) ;
#3012 = PLANE ( 'NONE',  #822 ) ;
#3013 = LINE ( 'NONE', #5206, #6406 ) ;
#3014 = ORIENTED_EDGE ( 'NONE', *, *, #1976, .F. ) ;
#3015 = ORIENTED_EDGE ( 'NONE', *, *, #4758, .F. ) ;
#3016 = EDGE_LOOP ( 'NONE', ( #2920, #4094, #5617, #3301, #2836, #6218 ) ) ;
#3017 = EDGE_CURVE ( 'NONE', #1405, #3216, #6677, .T. ) ;
#3018 = CARTESIAN_POINT ( 'NONE',  ( 74.99999999999992895, 66.33974596215564645, 10.00000000000000178 ) ) ;
#3019 = DIRECTION ( 'NONE',  ( -0.000000000000000000, 0.000000000000000000, -1.000000000000000000 ) ) ;
#3020 = DIRECTION ( 'NONE',  ( 1.000000000000000000, -0.000000000000000000, -1.437389243825479109E-16 ) ) ;
#3021 = ORIENTED_EDGE ( 'NONE', *, *, #3117, .F. ) ;
#3022 = ORIENTED_EDGE ( 'NONE', *, *, #188, .F. ) ;
#3023 = ADVANCED_FACE ( 'NONE', ( #4247 ), #7101, .T. ) ;
#3024 = LINE ( 'NONE', #3601, #2046 ) ;
#3025 = CARTESIAN_POINT ( 'NONE',  ( 121.4999999999999858, 79.33012701892224072, 2.768000560260220670E-15 ) ) ;
#3026 = EDGE_CURVE ( 'NONE', #1515, #7022, #7061, .T. ) ;
#3027 = CARTESIAN_POINT ( 'NONE',  ( 150.0010000000000048, 85.06340628446157837, 8.710728321080013714 ) ) ;
#3028 = DIRECTION ( 'NONE',  ( -1.000000000000000000, -0.000000000000000000, 3.318315740031391761E-16 ) ) ;
#3029 = DIRECTION ( 'NONE',  ( 0.000000000000000000, 0.000000000000000000, 1.000000000000000000 ) ) ;
#3030 = VECTOR ( 'NONE', #6801, 1000.000000000000000 ) ;
#3031 = DIRECTION ( 'NONE',  ( -0.000000000000000000, 3.489217355721594252E-17, -1.000000000000000000 ) ) ;
#3032 = ORIENTED_EDGE ( 'NONE', *, *, #3917, .T. ) ;
#3033 = CARTESIAN_POINT ( 'NONE',  ( 92.24999999999997158, 62.44263164512573638, 2.178759140731031568E-15 ) ) ;
#3034 = AXIS2_PLACEMENT_3D ( 'NONE', #5062, #112, #2372 ) ;
#3035 = EDGE_CURVE ( 'NONE', #471, #998, #3718, .T. ) ;
#3036 = VECTOR ( 'NONE', #6638, 1000.000000000000114 ) ;
#3037 = CARTESIAN_POINT ( 'NONE',  ( 109.4999999999999858, 101.4800689266309348, -4.852509501688624383 ) ) ;
#3038 = ORIENTED_EDGE ( 'NONE', *, *, #586, .T. ) ;
#3039 = DIRECTION ( 'NONE',  ( -0.000000000000000000, 3.489217355721594252E-17, -1.000000000000000000 ) ) ;
#3040 = AXIS2_PLACEMENT_3D ( 'NONE', #3899, #6561, #517 ) ;
#3041 = DIRECTION ( 'NONE',  ( 0.8660254037844378194, 0.5000000000000015543, 0.000000000000000000 ) ) ;
#3042 = ORIENTED_EDGE ( 'NONE', *, *, #5839, .T. ) ;
#3043 = VERTEX_POINT ( 'NONE', #1010 ) ;
#3044 = ORIENTED_EDGE ( 'NONE', *, *, #3450, .F. ) ;
#3045 = EDGE_CURVE ( 'NONE', #3368, #2363, #5978, .T. ) ;
#3046 = CARTESIAN_POINT ( 'NONE',  ( 109.4999999999999858, 86.48368917940753420, -1.977431711026470815E-14 ) ) ;
#3047 = CARTESIAN_POINT ( 'NONE',  ( 92.24999999999997158, 28.66764089753272060, 1.000276301672653362E-15 ) ) ;
#3048 = DIRECTION ( 'NONE',  ( -1.000000000000000000, -0.000000000000000000, 1.954618001100628066E-16 ) ) ;
#3049 = VECTOR ( 'NONE', #1163, 1000.000000000000000 ) ;
#3050 = ORIENTED_EDGE ( 'NONE', *, *, #2732, .F. ) ;
#3051 = VERTEX_POINT ( 'NONE', #1547 ) ;
#3052 = ORIENTED_EDGE ( 'NONE', *, *, #4365, .F. ) ;
#3053 = LOCAL_TIME ( 15, 9, 45.00000000000000000, #4506 ) ;
#3054 = LINE ( 'NONE', #5035, #3161 ) ;
#3055 = CARTESIAN_POINT ( 'NONE',  ( 87.00000000000000000, 36.89488223348482165, 3.000000000000019096 ) ) ;
#3056 = CARTESIAN_POINT ( 'NONE',  ( 0.000000000000000000, 17.99486378953768195, 34.56121421188654352 ) ) ;
#3057 = CARTESIAN_POINT ( 'NONE',  ( 104.2500000000000000, 32.99776791645489737, 1.151363845141676199E-15 ) ) ;
#3058 = ORIENTED_EDGE ( 'NONE', *, *, #9, .F. ) ;
#3059 = ORIENTED_EDGE ( 'NONE', *, *, #563, .F. ) ;
#3060 = CIRCLE ( 'NONE', #7090, 2.500000000000002220 ) ;
#3061 = VECTOR ( 'NONE', #4116, 1000.000000000000000 ) ;
#3062 = LINE ( 'NONE', #5688, #1812 ) ;
#3063 = DIRECTION ( 'NONE',  ( -0.8660254037844383745, -0.5000000000000004441, 0.000000000000000000 ) ) ;
#3064 = VECTOR ( 'NONE', #2447, 1000.000000000000114 ) ;
#3065 = DIRECTION ( 'NONE',  ( -0.000000000000000000, 3.489217355721594252E-17, -1.000000000000000000 ) ) ;
#3066 = AXIS2_PLACEMENT_3D ( 'NONE', #5166, #2898, #6797 ) ;
#3067 = EDGE_CURVE ( 'NONE', #6129, #2086, #602, .T. ) ;
#3068 = LINE ( 'NONE', #5338, #4900 ) ;
#3069 = ORIENTED_EDGE ( 'NONE', *, *, #1120, .T. ) ;
#3070 = AXIS2_PLACEMENT_3D ( 'NONE', #259, #2484, #4719 ) ;
#3071 = CARTESIAN_POINT ( 'NONE',  ( 35.99999999999992184, 66.33974596215564645, 2.314737929853150582E-15 ) ) ;
#3072 = DIRECTION ( 'NONE',  ( -1.000000000000000000, 0.000000000000000000, 0.000000000000000000 ) ) ;
#3073 = CARTESIAN_POINT ( 'NONE',  ( 96.74999999999997158, 20.00738685968834218, 10.00000000000000000 ) ) ;
#3074 = ORIENTED_EDGE ( 'NONE', *, *, #7007, .T. ) ;
#3075 = CARTESIAN_POINT ( 'NONE',  ( 28.49999999999999645, 79.33012701892225493, 10.00000000000000355 ) ) ;
#3076 = EDGE_CURVE ( 'NONE', #1213, #3464, #3819, .T. ) ;
#3077 = CARTESIAN_POINT ( 'NONE',  ( 123.7500000000000284, 32.99776791645491159, 10.00000000000000178 ) ) ;
#3078 = EDGE_LOOP ( 'NONE', ( #3328, #1211, #3199, #516 ) ) ;
#3079 = EDGE_LOOP ( 'NONE', ( #6694, #6903, #6504, #4706 ) ) ;
#3080 = ORIENTED_EDGE ( 'NONE', *, *, #3067, .F. ) ;
#3081 = PLANE ( 'NONE',  #5696 ) ;
#3082 = VECTOR ( 'NONE', #6988, 1000.000000000000114 ) ;
#3083 = CARTESIAN_POINT ( 'NONE',  ( 38.24999999999999289, 62.44263164512570086, 10.00000000000000178 ) ) ;
#3084 = DIRECTION ( 'NONE',  ( -0.000000000000000000, 3.489217355721594252E-17, -1.000000000000000000 ) ) ;
#3085 = VECTOR ( 'NONE', #5019, 1000.000000000000000 ) ;
#3086 = ORIENTED_EDGE ( 'NONE', *, *, #6787, .T. ) ;
#3087 = ORIENTED_EDGE ( 'NONE', *, *, #3308, .T. ) ;
#3088 = ADVANCED_FACE ( 'NONE', ( #2053 ), #5912, .F. ) ;
#3089 = ORIENTED_EDGE ( 'NONE', *, *, #125, .F. ) ;
#3090 = CARTESIAN_POINT ( 'NONE',  ( 87.00000000000000000, 70.66987298107780191, 2.465825473322171841E-15 ) ) ;
#3091 = CARTESIAN_POINT ( 'NONE',  ( 33.74999999999997158, 28.66764089753274902, 10.00000000000000178 ) ) ;
#3092 = LINE ( 'NONE', #5295, #1460 ) ;
#3093 = DIRECTION ( 'NONE',  ( 0.8660254037844383745, 0.5000000000000004441, 0.000000000000000000 ) ) ;
#3094 = EDGE_CURVE ( 'NONE', #5552, #3598, #3403, .T. ) ;
#3095 = EDGE_LOOP ( 'NONE', ( #4529, #4970, #3434, #4598 ) ) ;
#3096 = ORIENTED_EDGE ( 'NONE', *, *, #6026, .F. ) ;
#3097 = CARTESIAN_POINT ( 'NONE',  ( 18.75000000000000355, 53.78237760728131889, 3.000000000000019096 ) ) ;
#3098 = LINE ( 'NONE', #837, #936 ) ;
#3099 = CARTESIAN_POINT ( 'NONE',  ( 57.74999999999999289, 20.00738685968836350, 6.981012147346080833E-16 ) ) ;
#3100 = VECTOR ( 'NONE', #118, 1000.000000000000000 ) ;
#3101 = ORIENTED_EDGE ( 'NONE', *, *, #4271, .F. ) ;
#3102 = PLANE ( 'NONE',  #512 ) ;
#3103 = ORIENTED_EDGE ( 'NONE', *, *, #799, .F. ) ;
#3104 = CARTESIAN_POINT ( 'NONE',  ( 82.49999999999998579, 45.55513627132918941, 1.589517721201841282E-15 ) ) ;
#3105 = CARTESIAN_POINT ( 'NONE',  ( 77.24999999999998579, 62.44263164512570086, 2.178759140731030384E-15 ) ) ;
#3106 = AXIS2_PLACEMENT_3D ( 'NONE', #2853, #5527, #2351 ) ;
#3107 = EDGE_CURVE ( 'NONE', #1687, #2833, #6989, .T. ) ;
#3108 = VECTOR ( 'NONE', #5832, 1000.000000000000000 ) ;
#3109 = CARTESIAN_POINT ( 'NONE',  ( 147.0000000000000284, 23.49486378953767840, 79.31121421188650800 ) ) ;
#3110 = DIRECTION ( 'NONE',  ( 0.8660254037844393737, -0.4999999999999985012, 0.000000000000000000 ) ) ;
#3111 = LINE ( 'NONE', #5312, #6156 ) ;
#3112 = ORIENTED_EDGE ( 'NONE', *, *, #6330, .F. ) ;
#3113 = ORIENTED_EDGE ( 'NONE', *, *, #5666, .F. ) ;
#3114 = ORIENTED_EDGE ( 'NONE', *, *, #6041, .F. ) ;
#3115 = LINE ( 'NONE', #893, #1439 ) ;
#3116 = DIRECTION ( 'NONE',  ( -0.8660254037844378194, 0.5000000000000014433, 1.744608677860802673E-17 ) ) ;
#3117 = EDGE_CURVE ( 'NONE', #4636, #6635, #6254, .T. ) ;
#3118 = FACE_OUTER_BOUND ( 'NONE', #5, .T. ) ;
#3119 = ADVANCED_FACE ( 'NONE', ( #1310 ), #180, .F. ) ;
#3120 = AXIS2_PLACEMENT_3D ( 'NONE', #3421, #5614, #1840 ) ;
#3121 = ORIENTED_EDGE ( 'NONE', *, *, #495, .T. ) ;
#3122 = VECTOR ( 'NONE', #2164, 1000.000000000000114 ) ;
#3123 = CARTESIAN_POINT ( 'NONE',  ( 55.49999999999992184, 49.88526329025140882, 3.000000000000019096 ) ) ;
#3124 = EDGE_LOOP ( 'NONE', ( #2792, #2824, #4836, #6985 ) ) ;
#3125 = LINE ( 'NONE', #4239, #6725 ) ;
#3126 = CARTESIAN_POINT ( 'NONE',  ( 3.000000000000000000, 3.000000000000002665, 3.000000000000019096 ) ) ;
#3127 = EDGE_CURVE ( 'NONE', #2277, #4263, #6714, .T. ) ;
#3128 = VECTOR ( 'NONE', #4966, 1000.000000000000000 ) ;
#3129 = CARTESIAN_POINT ( 'NONE',  ( 18.75000000000041211, -202.2374841615668402, 3.000000000000019096 ) ) ;
#3130 = EDGE_LOOP ( 'NONE', ( #2527, #1980, #1580, #4223, #967, #6147 ) ) ;
#3131 = ORIENTED_EDGE ( 'NONE', *, *, #59, .F. ) ;
#3132 = EDGE_CURVE ( 'NONE', #5528, #108, #1230, .T. ) ;
#3133 = LINE ( 'NONE', #1472, #3543 ) ;
#3134 = CARTESIAN_POINT ( 'NONE',  ( 55.49999999999992184, 66.33974596215564645, 10.00000000000000178 ) ) ;
#3135 = CARTESIAN_POINT ( 'NONE',  ( 57.74999999999999289, 20.00738685968836350, 10.00000000000000000 ) ) ;
#3136 = CARTESIAN_POINT ( 'NONE',  ( 147.0000000000000284, 49.99999999999999289, 90.00000000000001421 ) ) ;
#3137 = ORIENTED_EDGE ( 'NONE', *, *, #3298, .T. ) ;
#3138 = LINE ( 'NONE', #4831, #6261 ) ;
#3139 = LINE ( 'NONE', #4863, #1852 ) ;
#3140 = DIRECTION ( 'NONE',  ( -3.204937810639276281E-15, -1.000000000000000000, 0.000000000000000000 ) ) ;
#3141 = VERTEX_POINT ( 'NONE', #5715 ) ;
#3142 = EDGE_CURVE ( 'NONE', #2407, #6559, #2726, .T. ) ;
#3143 = VERTEX_POINT ( 'NONE', #750 ) ;
#3144 = VECTOR ( 'NONE', #5142, 1000.000000000000114 ) ;
#3145 = VECTOR ( 'NONE', #3932, 1000.000000000000114 ) ;
#3146 = EDGE_LOOP ( 'NONE', ( #1415, #5975, #6890, #1884, #3080, #3406, #6064, #795 ) ) ;
#3147 = CARTESIAN_POINT ( 'NONE',  ( 82.49999999999998579, 79.33012701892224072, 10.00000000000000355 ) ) ;
#3148 = CARTESIAN_POINT ( 'NONE',  ( 150.0000000000000000, 23.49486378953767840, 29.81121421188651510 ) ) ;
#3149 = LINE ( 'NONE', #6502, #6291 ) ;
#3150 = EDGE_CURVE ( 'NONE', #4749, #6278, #5134, .T. ) ;
#3151 = VECTOR ( 'NONE', #1719, 1000.000000000000114 ) ;
#3152 = VERTEX_POINT ( 'NONE', #250 ) ;
#3153 = EDGE_CURVE ( 'NONE', #286, #2176, #2404, .T. ) ;
#3154 = VERTEX_POINT ( 'NONE', #4595 ) ;
#3155 = DIRECTION ( 'NONE',  ( -0.000000000000000000, 3.489217355721594252E-17, -1.000000000000000000 ) ) ;
#3156 = LINE ( 'NONE', #398, #2867 ) ;
#3157 = CARTESIAN_POINT ( 'NONE',  ( -0.001000000000001000089, 85.06340628446157837, 10.81072832108004000 ) ) ;
#3158 = DIRECTION ( 'NONE',  ( -0.000000000000000000, -1.000000000000000000, -3.489217355721594252E-17 ) ) ;
#3159 = ADVANCED_FACE ( 'NONE', ( #1935 ), #1860, .F. ) ;
#3160 = EDGE_CURVE ( 'NONE', #142, #1367, #2442, .T. ) ;
#3161 = VECTOR ( 'NONE', #1832, 1000.000000000000000 ) ;
#3162 = VERTEX_POINT ( 'NONE', #2323 ) ;
#3163 = EDGE_LOOP ( 'NONE', ( #4404, #4101, #7133, #5509 ) ) ;
#3164 = DIRECTION ( 'NONE',  ( -1.000000000000000000, 0.000000000000000000, 1.954618001100628559E-16 ) ) ;
#3165 = DIRECTION ( 'NONE',  ( -0.000000000000000000, 3.489217355721594252E-17, -1.000000000000000000 ) ) ;
#3166 = FACE_BOUND ( 'NONE', #1433, .T. ) ;
#3167 = CARTESIAN_POINT ( 'NONE',  ( 141.0000000000000000, 70.66987298107788718, 10.00000000000000178 ) ) ;
#3168 = DIRECTION ( 'NONE',  ( -0.000000000000000000, 3.489217355721594252E-17, -1.000000000000000000 ) ) ;
#3169 = VECTOR ( 'NONE', #3155, 1000.000000000000000 ) ;
#3170 = EDGE_CURVE ( 'NONE', #2240, #5909, #6830, .T. ) ;
#3171 = EDGE_CURVE ( 'NONE', #2412, #2793, #6326, .T. ) ;
#3172 = DIRECTION ( 'NONE',  ( 0.8660254037844387076, 0.4999999999999997780, 0.000000000000000000 ) ) ;
#3173 = AXIS2_PLACEMENT_3D ( 'NONE', #3924, #6227, #6116 ) ;
#3174 = FACE_OUTER_BOUND ( 'NONE', #1631, .T. ) ;
#3175 = CARTESIAN_POINT ( 'NONE',  ( 26.24999999999999645, 15.67725984076617074, 10.00000000000000000 ) ) ;
#3176 = LINE ( 'NONE', #415, #4545 ) ;
#3177 = LINE ( 'NONE', #1554, #4781 ) ;
#3178 = AXIS2_PLACEMENT_3D ( 'NONE', #6133, #4085, #5661 ) ;
#3179 = PLANE ( 'NONE',  #2916 ) ;
#3180 = AXIS2_PLACEMENT_3D ( 'NONE', #6793, #5710, #3946 ) ;
#3181 = DIRECTION ( 'NONE',  ( -0.000000000000000000, 3.489217355721594252E-17, -1.000000000000000000 ) ) ;
#3182 = ORIENTED_EDGE ( 'NONE', *, *, #6610, .T. ) ;
#3183 = EDGE_CURVE ( 'NONE', #763, #2176, #1384, .T. ) ;
#3184 = VERTEX_POINT ( 'NONE', #3588 ) ;
#3185 = ORIENTED_EDGE ( 'NONE', *, *, #2890, .F. ) ;
#3186 = ORIENTED_EDGE ( 'NONE', *, *, #1267, .F. ) ;
#3187 = LINE ( 'NONE', #4944, #848 ) ;
#3188 = CARTESIAN_POINT ( 'NONE',  ( 150.0000000000000000, 23.49486378953767840, 81.56121421188652221 ) ) ;
#3189 = CYLINDRICAL_SURFACE ( 'NONE', #4189, 2.250000000000001776 ) ;
#3190 = CYLINDRICAL_SURFACE ( 'NONE', #4214, 7.589038843021770120 ) ;
#3191 = EDGE_LOOP ( 'NONE', ( #5974, #2471, #2230, #5717, #78, #2794 ) ) ;
#3192 = ORIENTED_EDGE ( 'NONE', *, *, #6808, .F. ) ;
#3193 = CARTESIAN_POINT ( 'NONE',  ( 150.0000000000000000, 100.0000000000000000, 3.489217355721594350E-15 ) ) ;
#3194 = DIRECTION ( 'NONE',  ( 3.318315740031391761E-16, -1.734723475976807094E-16, 1.000000000000000000 ) ) ;
#3195 = CARTESIAN_POINT ( 'NONE',  ( 53.24999999999997868, 20.00738685968833508, 3.000000000000019096 ) ) ;
#3196 = EDGE_CURVE ( 'NONE', #3397, #6575, #3990, .T. ) ;
#3197 = VECTOR ( 'NONE', #1981, 1000.000000000000114 ) ;
#3198 = CARTESIAN_POINT ( 'NONE',  ( 147.0000000000000284, 33.49486378953767485, 79.31121421188650800 ) ) ;
#3199 = ORIENTED_EDGE ( 'NONE', *, *, #4232, .F. ) ;
#3200 = ORIENTED_EDGE ( 'NONE', *, *, #4489, .T. ) ;
#3201 = DIRECTION ( 'NONE',  ( -0.8660254037844395958, -0.4999999999999982236, 0.000000000000000000 ) ) ;
#3202 = CARTESIAN_POINT ( 'NONE',  ( 113.9999999999999716, 83.66025403784443881, 2.919088103729243901E-15 ) ) ;
#3203 = CARTESIAN_POINT ( 'NONE',  ( 37.50000000000000711, 86.48368917940753420, -7.894911034008763282E-15 ) ) ;
#3204 = ADVANCED_FACE ( 'NONE', ( #6184 ), #3441, .F. ) ;
#3205 = CARTESIAN_POINT ( 'NONE',  ( 9.000000000000007105, 70.66987298107780191, 10.00000000000000178 ) ) ;
#3206 = DIRECTION ( 'NONE',  ( -0.000000000000000000, 3.489217355721594252E-17, -1.000000000000000000 ) ) ;
#3207 = ADVANCED_FACE ( 'NONE', ( #3552 ), #3482, .F. ) ;
#3208 = ORIENTED_EDGE ( 'NONE', *, *, #4465, .F. ) ;
#3209 = LINE ( 'NONE', #6891, #3373 ) ;
#3210 = PLANE ( 'NONE',  #3275 ) ;
#3211 = EDGE_CURVE ( 'NONE', #1524, #38, #3013, .T. ) ;
#3212 = DIRECTION ( 'NONE',  ( -0.8660254037844390407, 0.4999999999999991673, 0.000000000000000000 ) ) ;
#3213 = CARTESIAN_POINT ( 'NONE',  ( 65.25000000000000000, 32.99776791645491159, 1.151363845141676593E-15 ) ) ;
#3214 = DIRECTION ( 'NONE',  ( -0.8660254037844387076, -0.4999999999999999445, 0.000000000000000000 ) ) ;
#3215 = ORIENTED_EDGE ( 'NONE', *, *, #4037, .F. ) ;
#3216 = VERTEX_POINT ( 'NONE', #4201 ) ;
#3217 = FACE_OUTER_BOUND ( 'NONE', #5619, .T. ) ;
#3218 = CARTESIAN_POINT ( 'NONE',  ( 0.000000000000000000, 85.06340628446157837, 10.81072832108006487 ) ) ;
#3219 = CARTESIAN_POINT ( 'NONE',  ( 159.4223520826015772, 68.69397708492621746, 3.000000000000019096 ) ) ;
#3220 = FACE_OUTER_BOUND ( 'NONE', #1752, .T. ) ;
#3221 = EDGE_CURVE ( 'NONE', #1772, #3858, #4711, .T. ) ;
#3222 = ORIENTED_EDGE ( 'NONE', *, *, #6592, .T. ) ;
#3223 = ORIENTED_EDGE ( 'NONE', *, *, #2265, .T. ) ;
#3224 = CARTESIAN_POINT ( 'NONE',  ( 77.24999999999998579, 20.00738685968835640, 3.000000000000019096 ) ) ;
#3225 = LINE ( 'NONE', #4849, #85 ) ;
#3226 = DIRECTION ( 'NONE',  ( 1.000000000000000000, -0.000000000000000000, -0.000000000000000000 ) ) ;
#3227 = AXIS2_PLACEMENT_3D ( 'NONE', #6636, #593, #4470 ) ;
#3228 = FACE_OUTER_BOUND ( 'NONE', #2261, .T. ) ;
#3229 = LINE ( 'NONE', #434, #6050 ) ;
#3230 = VERTEX_POINT ( 'NONE', #6396 ) ;
#3231 = VERTEX_POINT ( 'NONE', #6973 ) ;
#3232 = EDGE_CURVE ( 'NONE', #5551, #6683, #2583, .T. ) ;
#3233 = ADVANCED_FACE ( 'NONE', ( #3118 ), #4780, .F. ) ;
#3234 = VECTOR ( 'NONE', #5915, 1000.000000000000000 ) ;
#3235 = ORIENTED_EDGE ( 'NONE', *, *, #5821, .F. ) ;
#3236 = DIRECTION ( 'NONE',  ( -1.000000000000000000, -0.000000000000000000, 0.000000000000000000 ) ) ;
#3237 = CARTESIAN_POINT ( 'NONE',  ( 0.000000000000000000, 100.0000000000000000, 3.489217355721594350E-15 ) ) ;
#3238 = FACE_BOUND ( 'NONE', #5568, .T. ) ;
#3239 = CARTESIAN_POINT ( 'NONE',  ( 9.000000000000007105, 79.33012701892225493, 10.00000000000000355 ) ) ;
#3240 = DIRECTION ( 'NONE',  ( -0.8660254037844383745, -0.5000000000000003331, -1.744608677860798050E-17 ) ) ;
#3241 = EDGE_CURVE ( 'NONE', #851, #5171, #5862, .T. ) ;
#3242 = DIRECTION ( 'NONE',  ( -0.8660254037844374864, 0.5000000000000021094, 0.000000000000000000 ) ) ;
#3243 = APPROVAL ( #4440, 'UNSPECIFIED' ) ;
#3244 = DIRECTION ( 'NONE',  ( 0.8660254037844383745, -0.5000000000000004441, 0.000000000000000000 ) ) ;
#3245 = DIRECTION ( 'NONE',  ( 3.318315740031391761E-16, 3.304235192336773540E-16, 1.000000000000000000 ) ) ;
#3246 = VERTEX_POINT ( 'NONE', #4747 ) ;
#3247 = ADVANCED_FACE ( 'NONE', ( #862 ), #2073, .F. ) ;
#3248 = ORIENTED_EDGE ( 'NONE', *, *, #1355, .T. ) ;
#3249 = ADVANCED_FACE ( 'NONE', ( #1461 ), #4268, .F. ) ;
#3250 = ORIENTED_EDGE ( 'NONE', *, *, #3171, .T. ) ;
#3251 = CARTESIAN_POINT ( 'NONE',  ( -0.001000000000001000089, 17.99486378953768551, 74.56121421188652221 ) ) ;
#3252 = DIRECTION ( 'NONE',  ( -0.000000000000000000, 0.000000000000000000, -1.000000000000000000 ) ) ;
#3253 = CARTESIAN_POINT ( 'NONE',  ( 74.99999999999998579, 83.66025403784443881, 2.919088103729243901E-15 ) ) ;
#3254 = CARTESIAN_POINT ( 'NONE',  ( -73.54735208260149193, -69.65358116963766122, 3.000000000000019096 ) ) ;
#3255 = ORIENTED_EDGE ( 'NONE', *, *, #444, .T. ) ;
#3256 = VECTOR ( 'NONE', #877, 1000.000000000000000 ) ;
#3257 = EDGE_LOOP ( 'NONE', ( #4403, #643, #5643, #1630 ) ) ;
#3258 = EDGE_CURVE ( 'NONE', #3277, #1462, #2040, .T. ) ;
#3259 = DIRECTION ( 'NONE',  ( 0.000000000000000000, -1.000000000000000000, 0.000000000000000000 ) ) ;
#3260 = CARTESIAN_POINT ( 'NONE',  ( 116.2499999999999858, 28.66764089753271705, 3.000000000000019096 ) ) ;
#3261 = DIRECTION ( 'NONE',  ( -0.000000000000000000, 0.000000000000000000, -1.000000000000000000 ) ) ;
#3262 = AXIS2_PLACEMENT_3D ( 'NONE', #1227, #5599, #2859 ) ;
#3263 = DIRECTION ( 'NONE',  ( -0.8660254037844388186, 0.4999999999999996669, 0.000000000000000000 ) ) ;
#3264 = VECTOR ( 'NONE', #5633, 1000.000000000000000 ) ;
#3265 = VECTOR ( 'NONE', #7072, 1000.000000000000000 ) ;
#3266 = DIRECTION ( 'NONE',  ( -0.8660254037844388186, -0.4999999999999996669, 0.000000000000000000 ) ) ;
#3267 = CARTESIAN_POINT ( 'NONE',  ( 150.0000000000000000, 85.06340628446157837, 10.81072832108004000 ) ) ;
#3268 = ORIENTED_EDGE ( 'NONE', *, *, #4182, .F. ) ;
#3269 = VERTEX_POINT ( 'NONE', #7046 ) ;
#3270 = FACE_OUTER_BOUND ( 'NONE', #1100, .T. ) ;
#3271 = PLANE ( 'NONE',  #5640 ) ;
#3272 = CARTESIAN_POINT ( 'NONE',  ( 101.9999999999999858, 79.33012701892224072, 10.00000000000000355 ) ) ;
#3273 = FACE_OUTER_BOUND ( 'NONE', #1907, .T. ) ;
#3274 = CARTESIAN_POINT ( 'NONE',  ( 126.0000000000000000, 45.55513627132927468, 10.00000000000000178 ) ) ;
#3275 = AXIS2_PLACEMENT_3D ( 'NONE', #6627, #5987, #1658 ) ;
#3276 = ORIENTED_EDGE ( 'NONE', *, *, #3748, .T. ) ;
#3277 = VERTEX_POINT ( 'NONE', #4164 ) ;
#3278 = ORIENTED_EDGE ( 'NONE', *, *, #4365, .T. ) ;
#3279 = LINE ( 'NONE', #2806, #1763 ) ;
#3280 = CARTESIAN_POINT ( 'NONE',  ( 53.24999999999997868, 53.78237760728132599, 1.876584053792984316E-15 ) ) ;
#3281 = VECTOR ( 'NONE', #5896, 1000.000000000000114 ) ;
#3282 = VECTOR ( 'NONE', #4851, 1000.000000000000000 ) ;
#3283 = ADVANCED_FACE ( 'NONE', ( #1529 ), #3190, .F. ) ;
#3284 = DIRECTION ( 'NONE',  ( -0.8660254037844387076, -0.4999999999999998335, -1.744608677860796201E-17 ) ) ;
#3285 = DIRECTION ( 'NONE',  ( -1.000000000000000000, -0.000000000000000000, 0.000000000000000000 ) ) ;
#3286 = EDGE_LOOP ( 'NONE', ( #6056, #1796, #5040, #509 ) ) ;
#3287 = VERTEX_POINT ( 'NONE', #292 ) ;
#3288 = VERTEX_POINT ( 'NONE', #962 ) ;
#3289 = ORIENTED_EDGE ( 'NONE', *, *, #4587, .F. ) ;
#3290 = LINE ( 'NONE', #3251, #3760 ) ;
#3291 = APPROVAL_ROLE ( '' ) ;
#3292 = VECTOR ( 'NONE', #6283, 1000.000000000000114 ) ;
#3293 = DIRECTION ( 'NONE',  ( -0.000000000000000000, 3.489217355721594252E-17, -1.000000000000000000 ) ) ;
#3294 = VECTOR ( 'NONE', #2210, 1000.000000000000000 ) ;
#3295 = CARTESIAN_POINT ( 'NONE',  ( 92.24999999999997158, 53.78237760728132599, 10.00000000000000178 ) ) ;
#3296 = CARTESIAN_POINT ( 'NONE',  ( 63.00000000000000000, 79.33012701892229757, 3.000000000000019096 ) ) ;
#3297 = DIRECTION ( 'NONE',  ( -0.000000000000000000, 3.489217355721594252E-17, -1.000000000000000000 ) ) ;
#3298 = EDGE_CURVE ( 'NONE', #5901, #2007, #3737, .T. ) ;
#3299 = AXIS2_PLACEMENT_3D ( 'NONE', #5175, #1942, #299 ) ;
#3300 = CARTESIAN_POINT ( 'NONE',  ( 111.7499999999999574, 20.00738685968830310, 6.981012147346058153E-16 ) ) ;
#3301 = ORIENTED_EDGE ( 'NONE', *, *, #4167, .F. ) ;
#3302 = VECTOR ( 'NONE', #3517, 1000.000000000000000 ) ;
#3303 = ORIENTED_EDGE ( 'NONE', *, *, #3298, .F. ) ;
#3304 = LINE ( 'NONE', #2761, #4770 ) ;
#3305 = CARTESIAN_POINT ( 'NONE',  ( 33.74999999999997158, 53.78237760728132599, 1.876584053792984316E-15 ) ) ;
#3306 = CARTESIAN_POINT ( 'NONE',  ( 142.1723520826013498, 38.81610065436311174, 3.000000000000019096 ) ) ;
#3307 = CARTESIAN_POINT ( 'NONE',  ( 112.4999999999999858, 100.0000000000000000, 3.947533604548819500E-15 ) ) ;
#3308 = EDGE_CURVE ( 'NONE', #6495, #816, #5477, .T. ) ;
#3309 = EDGE_LOOP ( 'NONE', ( #1452, #11, #3131, #1321 ) ) ;
#3310 = VERTEX_POINT ( 'NONE', #5899 ) ;
#3311 = VECTOR ( 'NONE', #2037, 1000.000000000000000 ) ;
#3312 = EDGE_CURVE ( 'NONE', #1968, #3365, #3626, .T. ) ;
#3313 = CARTESIAN_POINT ( 'NONE',  ( 122.6723520826015914, 5.041109906770008031, 3.000000000000019096 ) ) ;
#3314 = ORIENTED_EDGE ( 'NONE', *, *, #4434, .F. ) ;
#3315 = ORIENTED_EDGE ( 'NONE', *, *, #761, .T. ) ;
#3316 = EDGE_LOOP ( 'NONE', ( #3970, #1579, #1399, #831 ) ) ;
#3317 = DIRECTION ( 'NONE',  ( 0.4999999999999999445, 0.8660254037844387076, 3.021750869380466102E-17 ) ) ;
#3318 = CARTESIAN_POINT ( 'NONE',  ( 38.24999999999999289, 20.00738685968837771, 6.981012147346085764E-16 ) ) ;
#3319 = ORIENTED_EDGE ( 'NONE', *, *, #1094, .F. ) ;
#3320 = EDGE_LOOP ( 'NONE', ( #4334, #6178 ) ) ;
#3321 = ORIENTED_EDGE ( 'NONE', *, *, #262, .F. ) ;
#3322 = EDGE_CURVE ( 'NONE', #1687, #6635, #3149, .T. ) ;
#3323 = DIRECTION ( 'NONE',  ( 0.000000000000000000, -1.000000000000000000, -1.796801581883919789E-15 ) ) ;
#3324 = CARTESIAN_POINT ( 'NONE',  ( 141.0000000000000000, -202.2374841615668686, 3.000000000000019096 ) ) ;
#3325 = CARTESIAN_POINT ( 'NONE',  ( 113.9999999999999147, 49.88526329025141592, 1.740605264670865696E-15 ) ) ;
#3326 = EDGE_LOOP ( 'NONE', ( #5657, #929, #3898, #590 ) ) ;
#3328 = ORIENTED_EDGE ( 'NONE', *, *, #886, .T. ) ;
#3327 = VECTOR ( 'NONE', #6213, 1000.000000000000000 ) ;
#3329 = ADVANCED_FACE ( 'NONE', ( #1566 ), #5965, .F. ) ;
#3330 = CARTESIAN_POINT ( 'NONE',  ( 112.4999999999999858, 101.4800689266309348, -7.352509501688626159 ) ) ;
#3331 = DIRECTION ( 'NONE',  ( -0.000000000000000000, 3.489217355721594252E-17, -1.000000000000000000 ) ) ;
#3332 = ADVANCED_FACE ( 'NONE', ( #2516 ), #6902, .F. ) ;
#3333 = VECTOR ( 'NONE', #5595, 1000.000000000000114 ) ;
#3334 = ORIENTED_EDGE ( 'NONE', *, *, #6762, .F. ) ;
#3335 = ORIENTED_EDGE ( 'NONE', *, *, #664, .F. ) ;
#3336 = ORIENTED_EDGE ( 'NONE', *, *, #1008, .T. ) ;
#3337 = EDGE_CURVE ( 'NONE', #4286, #5365, #2000, .T. ) ;
#3338 = FACE_BOUND ( 'NONE', #2445, .T. ) ;
#3339 = DIRECTION ( 'NONE',  ( -0.8660254037844387076, -0.4999999999999997780, 0.000000000000000000 ) ) ;
#3340 = VERTEX_POINT ( 'NONE', #6639 ) ;
#3341 = AXIS2_PLACEMENT_3D ( 'NONE', #2932, #2354, #2972 ) ;
#3342 = AXIS2_PLACEMENT_3D ( 'NONE', #3540, #6960, #2026 ) ;
#3343 = VERTEX_POINT ( 'NONE', #997 ) ;
#3344 = EDGE_CURVE ( 'NONE', #5348, #1968, #1032, .T. ) ;
#3345 = CARTESIAN_POINT ( 'NONE',  ( 18.74999999999998934, 62.44263164512570086, 3.000000000000019096 ) ) ;
#3346 = VERTEX_POINT ( 'NONE', #3357 ) ;
#3347 = DIRECTION ( 'NONE',  ( 0.000000000000000000, 1.000000000000000000, 0.000000000000000000 ) ) ;
#3348 = FACE_BOUND ( 'NONE', #1717, .T. ) ;
#3349 = DIRECTION ( 'NONE',  ( -1.000000000000000000, -0.000000000000000000, 0.000000000000000000 ) ) ;
#3350 = VERTEX_POINT ( 'NONE', #6607 ) ;
#3351 = VERTEX_POINT ( 'NONE', #3879 ) ;
#3352 = EDGE_LOOP ( 'NONE', ( #4751, #4159, #4568, #1289 ) ) ;
#3353 = ORIENTED_EDGE ( 'NONE', *, *, #4252, .T. ) ;
#3354 = FACE_OUTER_BOUND ( 'NONE', #6492, .T. ) ;
#3355 = CALENDAR_DATE ( 2026, 7, 10 ) ;
#3356 = FACE_OUTER_BOUND ( 'NONE', #177, .T. ) ;
#3357 = CARTESIAN_POINT ( 'NONE',  ( 82.49999999999998579, 36.89488223348483587, 1.287342634263795608E-15 ) ) ;
#3358 = EDGE_CURVE ( 'NONE', #5446, #4341, #2182, .T. ) ;
#3359 = CARTESIAN_POINT ( 'NONE',  ( 74.99999999999992895, 66.33974596215564645, 3.000000000000019096 ) ) ;
#3360 = CARTESIAN_POINT ( 'NONE',  ( 3.000000000000002665, 85.06340628446157837, 10.81072832108006310 ) ) ;
#3361 = EDGE_LOOP ( 'NONE', ( #1998, #4852 ) ) ;
#3362 = DIRECTION ( 'NONE',  ( -0.000000000000000000, 1.000000000000000000, 3.489217355721594868E-17 ) ) ;
#3363 = DIRECTION ( 'NONE',  ( 1.000000000000000000, 0.000000000000000000, -0.000000000000000000 ) ) ;
#3364 = CARTESIAN_POINT ( 'NONE',  ( 150.0000000000000000, 2.999999999999982681, 140.0000000000000000 ) ) ;
#3365 = VERTEX_POINT ( 'NONE', #528 ) ;
#3366 = ADVANCED_FACE ( 'NONE', ( #3220 ), #5422, .F. ) ;
#3367 = ORIENTED_EDGE ( 'NONE', *, *, #2592, .F. ) ;
#3368 = VERTEX_POINT ( 'NONE', #4949 ) ;
#3369 = VECTOR ( 'NONE', #1838, 1000.000000000000000 ) ;
#3370 = LINE ( 'NONE', #3725, #6488 ) ;
#3371 = CARTESIAN_POINT ( 'NONE',  ( 92.24999999999997158, 53.78237760728132599, 3.000000000000019096 ) ) ;
#3372 = ADVANCED_FACE ( 'NONE', ( #562 ), #462, .F. ) ;
#3373 = VECTOR ( 'NONE', #3655, 1000.000000000000000 ) ;
#3374 = EDGE_CURVE ( 'NONE', #7125, #4206, #4473, .T. ) ;
#3375 = ORIENTED_EDGE ( 'NONE', *, *, #2028, .F. ) ;
#3376 = EDGE_LOOP ( 'NONE', ( #908, #1785, #1421, #1600, #304, #4158 ) ) ;
#3377 = DIRECTION ( 'NONE',  ( -0.8660254037844388186, 0.4999999999999996114, 1.744608677860794044E-17 ) ) ;
#3378 = ORIENTED_EDGE ( 'NONE', *, *, #1485, .F. ) ;
#3379 = CARTESIAN_POINT ( 'NONE',  ( 67.50000000000000000, 45.55513627132927468, 3.000000000000019096 ) ) ;
#3380 = PLANE ( 'NONE',  #3966 ) ;
#3381 = VECTOR ( 'NONE', #3242, 1000.000000000000000 ) ;
#3382 = CARTESIAN_POINT ( 'NONE',  ( 101.9999999999999858, 79.33012701892224072, 2.768000560260220670E-15 ) ) ;
#3383 = EDGE_CURVE ( 'NONE', #6543, #1233, #1636, .T. ) ;
#3384 = ADVANCED_FACE ( 'NONE', ( #2684 ), #7156, .F. ) ;
#3385 = DIRECTION ( 'NONE',  ( 0.8660254037844394848, -0.4999999999999984457, -1.744608677860793736E-17 ) ) ;
#3386 = ORIENTED_EDGE ( 'NONE', *, *, #3344, .F. ) ;
#3387 = DIRECTION ( 'NONE',  ( -0.8660254037844387076, -0.4999999999999997780, 0.000000000000000000 ) ) ;
#3388 = ORIENTED_EDGE ( 'NONE', *, *, #2903, .F. ) ;
#3389 = CIRCLE ( 'NONE', #3518, 2.100000000000000977 ) ;
#3390 = VERTEX_POINT ( 'NONE', #5554 ) ;
#3391 = LINE ( 'NONE', #1174, #3010 ) ;
#3392 = PERSON_AND_ORGANIZATION ( #7025, #3754 ) ;
#3393 = DIRECTION ( 'NONE',  ( 1.130013531886300531E-16, 0.000000000000000000, 1.000000000000000000 ) ) ;
#3394 = LINE ( 'NONE', #1260, #6975 ) ;
#3395 = EDGE_CURVE ( 'NONE', #201, #2645, #4340, .T. ) ;
#3396 = VECTOR ( 'NONE', #1416, 1000.000000000000114 ) ;
#3397 = VERTEX_POINT ( 'NONE', #2818 ) ;
#3398 = EDGE_LOOP ( 'NONE', ( #3454, #4454, #1917, #5278 ) ) ;
#3399 = VECTOR ( 'NONE', #3804, 1000.000000000000000 ) ;
#3400 = CARTESIAN_POINT ( 'NONE',  ( 3.000000000000002665, 1.141983802888054264E-14, 34.56121421188655063 ) ) ;
#3401 = DIRECTION ( 'NONE',  ( 0.8660254037844383745, -0.5000000000000003331, -1.744608677860795893E-17 ) ) ;
#3402 = AXIS2_PLACEMENT_3D ( 'NONE', #5681, #2904, #1197 ) ;
#3403 = LINE ( 'NONE', #5602, #2149 ) ;
#3404 = AXIS2_PLACEMENT_3D ( 'NONE', #4874, #3910, #6071 ) ;
#3405 = VECTOR ( 'NONE', #6546, 1000.000000000000000 ) ;
#3406 = ORIENTED_EDGE ( 'NONE', *, *, #1286, .F. ) ;
#3407 = ORIENTED_EDGE ( 'NONE', *, *, #3691, .F. ) ;
#3408 = EDGE_CURVE ( 'NONE', #5389, #7116, #6540, .T. ) ;
#3409 = DIRECTION ( 'NONE',  ( 0.8660254037844400399, 0.4999999999999976130, 1.744608677860788806E-17 ) ) ;
#3410 = ORIENTED_EDGE ( 'NONE', *, *, #5536, .F. ) ;
#3411 = ORIENTED_EDGE ( 'NONE', *, *, #1276, .F. ) ;
#3412 = VERTEX_POINT ( 'NONE', #2248 ) ;
#3413 = DIRECTION ( 'NONE',  ( -0.5000000000000015543, 0.8660254037844378194, 3.021750869380462404E-17 ) ) ;
#3414 = ORIENTED_EDGE ( 'NONE', *, *, #3241, .F. ) ;
#3415 = CARTESIAN_POINT ( 'NONE',  ( 94.49999999999991473, 49.88526329025141592, 1.740605264670865696E-15 ) ) ;
#3416 = EDGE_CURVE ( 'NONE', #6914, #6724, #4443, .T. ) ;
#3417 = EDGE_CURVE ( 'NONE', #1424, #4195, #63, .T. ) ;
#3418 = AXIS2_PLACEMENT_3D ( 'NONE', #98, #6670, #3475 ) ;
#3419 = FACE_OUTER_BOUND ( 'NONE', #319, .T. ) ;
#3420 = FACE_OUTER_BOUND ( 'NONE', #1203, .T. ) ;
#3421 = CARTESIAN_POINT ( 'NONE',  ( 82.49999999999998579, 70.66987298107788718, 10.00000000000000178 ) ) ;
#3422 = ORIENTED_EDGE ( 'NONE', *, *, #1986, .F. ) ;
#3423 = FACE_OUTER_BOUND ( 'NONE', #1349, .T. ) ;
#3424 = ORIENTED_EDGE ( 'NONE', *, *, #5270, .T. ) ;
#3425 = ORIENTED_EDGE ( 'NONE', *, *, #1835, .T. ) ;
#3426 = DIRECTION ( 'NONE',  ( 3.204937810639275887E-15, 1.000000000000000000, 3.489217355721593019E-17 ) ) ;
#3427 = EDGE_CURVE ( 'NONE', #3757, #2068, #6037, .T. ) ;
#3428 = PLANE ( 'NONE',  #2796 ) ;
#3429 = CARTESIAN_POINT ( 'NONE',  ( 113.9999999999999005, 49.88526329025138040, 3.000000000000019096 ) ) ;
#3430 = DIRECTION ( 'NONE',  ( -1.880926496205912652E-16, 0.000000000000000000, -1.000000000000000000 ) ) ;
#3431 = DIRECTION ( 'NONE',  ( -0.000000000000000000, 3.489217355721594252E-17, -1.000000000000000000 ) ) ;
#3432 = ORIENTED_EDGE ( 'NONE', *, *, #4389, .T. ) ;
#3433 = CARTESIAN_POINT ( 'NONE',  ( 150.0000000000000000, 38.99486378953769616, 6.764530565822896497E-15 ) ) ;
#3434 = ORIENTED_EDGE ( 'NONE', *, *, #4893, .T. ) ;
#3435 = CARTESIAN_POINT ( 'NONE',  ( 109.4999999999999858, 101.4800689266309348, -7.352509501688625271 ) ) ;
#3436 = PLANE ( 'NONE',  #938 ) ;
#3437 = ADVANCED_FACE ( 'NONE', ( #595 ), #1671, .F. ) ;
#3438 = FACE_OUTER_BOUND ( 'NONE', #1944, .T. ) ;
#3439 = DIRECTION ( 'NONE',  ( 0.000000000000000000, 0.000000000000000000, -1.000000000000000000 ) ) ;
#3440 = CARTESIAN_POINT ( 'NONE',  ( 96.75000000000000000, 28.66764089753272771, 1.000276301672653560E-15 ) ) ;
#3441 = PLANE ( 'NONE',  #3992 ) ;
#3442 = VECTOR ( 'NONE', #2270, 1000.000000000000000 ) ;
#3443 = EDGE_LOOP ( 'NONE', ( #3137, #731, #1506, #3015 ) ) ;
#3444 = ORIENTED_EDGE ( 'NONE', *, *, #5196, .T. ) ;
#3445 = ORIENTED_EDGE ( 'NONE', *, *, #4758, .T. ) ;
#3446 = VECTOR ( 'NONE', #7129, 1000.000000000000000 ) ;
#3447 = DIRECTION ( 'NONE',  ( 1.000000000000000000, 0.000000000000000000, -0.000000000000000000 ) ) ;
#3448 = LINE ( 'NONE', #149, #7065 ) ;
#3449 = ORIENTED_EDGE ( 'NONE', *, *, #6466, .T. ) ;
#3450 = EDGE_CURVE ( 'NONE', #6003, #7041, #1735, .T. ) ;
#3451 = EDGE_CURVE ( 'NONE', #1376, #6568, #5999, .T. ) ;
#3452 = EDGE_LOOP ( 'NONE', ( #1561, #2138 ) ) ;
#3453 = ORIENTED_EDGE ( 'NONE', *, *, #4640, .F. ) ;
#3454 = ORIENTED_EDGE ( 'NONE', *, *, #3395, .T. ) ;
#3455 = DIRECTION ( 'NONE',  ( -0.000000000000000000, -1.000000000000000000, -3.489217355721593635E-17 ) ) ;
#3456 = CARTESIAN_POINT ( 'NONE',  ( 62.99999999999998579, 79.33012701892224072, 2.768000560260220670E-15 ) ) ;
#3457 = CARTESIAN_POINT ( 'NONE',  ( 113.9999999999999716, 32.56475521456263067, 10.00000000000000178 ) ) ;
#3458 = DIRECTION ( 'NONE',  ( 1.130013531886300531E-16, -1.224646799147352961E-16, 1.000000000000000000 ) ) ;
#3459 = VECTOR ( 'NONE', #4915, 1000.000000000000000 ) ;
#3460 = DIRECTION ( 'NONE',  ( 0.5000000000000004441, -0.8660254037844384856, -3.021750869380464253E-17 ) ) ;
#3461 = EDGE_CURVE ( 'NONE', #6749, #2098, #4546, .T. ) ;
#3462 = VERTEX_POINT ( 'NONE', #3429 ) ;
#3463 = DIRECTION ( 'NONE',  ( 0.8660254037844387076, -0.4999999999999997780, 0.000000000000000000 ) ) ;
#3464 = VERTEX_POINT ( 'NONE', #1883 ) ;
#3465 = ORIENTED_EDGE ( 'NONE', *, *, #4653, .T. ) ;
#3466 = LINE ( 'NONE', #1765, #3584 ) ;
#3467 = VECTOR ( 'NONE', #269, 1000.000000000000114 ) ;
#3468 = DIRECTION ( 'NONE',  ( -1.000000000000000000, 0.000000000000000000, 1.130013531886300531E-16 ) ) ;
#3469 = LINE ( 'NONE', #94, #5253 ) ;
#3470 = FACE_OUTER_BOUND ( 'NONE', #3163, .T. ) ;
#3471 = LINE ( 'NONE', #4055, #1536 ) ;
#3472 = VERTEX_POINT ( 'NONE', #205 ) ;
#3473 = LINE ( 'NONE', #3075, #4724 ) ;
#3474 = EDGE_CURVE ( 'NONE', #1646, #833, #612, .T. ) ;
#3475 = DIRECTION ( 'NONE',  ( 0.8660254037844387076, 0.4999999999999997780, 0.000000000000000000 ) ) ;
#3476 = EDGE_CURVE ( 'NONE', #6724, #3805, #1338, .T. ) ;
#3477 = CARTESIAN_POINT ( 'NONE',  ( 150.0000000000000000, 23.49486378953767840, 81.56121421188652221 ) ) ;
#3478 = ORIENTED_EDGE ( 'NONE', *, *, #1335, .F. ) ;
#3479 = DIRECTION ( 'NONE',  ( 6.458517586811652735E-32, -1.000000000000000000, 3.304235192336773540E-16 ) ) ;
#3480 = LINE ( 'NONE', #6900, #6048 ) ;
#3481 = DIRECTION ( 'NONE',  ( 0.8660254037844388186, -0.4999999999999996669, 0.000000000000000000 ) ) ;
#3482 = PLANE ( 'NONE',  #6743 ) ;
#3483 = VERTEX_POINT ( 'NONE', #1177 ) ;
#3484 = ADVANCED_FACE ( 'NONE', ( #2465 ), #4018, .F. ) ;
#3485 = ORIENTED_EDGE ( 'NONE', *, *, #3780, .F. ) ;
#3486 = DIRECTION ( 'NONE',  ( -1.954618001100627820E-16, 1.224646799147352961E-16, -1.000000000000000000 ) ) ;
#3487 = DIRECTION ( 'NONE',  ( -0.8660254037844377084, -0.5000000000000016653, -1.744608677860802056E-17 ) ) ;
#3488 = DIRECTION ( 'NONE',  ( 1.000000000000000000, 0.000000000000000000, -0.000000000000000000 ) ) ;
#3489 = VECTOR ( 'NONE', #5843, 1000.000000000000000 ) ;
#3490 = VERTEX_POINT ( 'NONE', #6701 ) ;
#3491 = ORIENTED_EDGE ( 'NONE', *, *, #2375, .F. ) ;
#3492 = ORIENTED_EDGE ( 'NONE', *, *, #2061, .T. ) ;
#3493 = DIRECTION ( 'NONE',  ( -0.5000000000000027756, -0.8660254037844370423, -3.021750869380459939E-17 ) ) ;
#3494 = FACE_OUTER_BOUND ( 'NONE', #4393, .T. ) ;
#3495 = VECTOR ( 'NONE', #2396, 1000.000000000000000 ) ;
#3496 = VECTOR ( 'NONE', #4515, 999.9999999999998863 ) ;
#3497 = DIRECTION ( 'NONE',  ( 0.5000000000000006661, 0.8660254037844382635, 3.021750869380463637E-17 ) ) ;
#3498 = FACE_OUTER_BOUND ( 'NONE', #2387, .T. ) ;
#3499 = VECTOR ( 'NONE', #988, 1000.000000000000000 ) ;
#3500 = CARTESIAN_POINT ( 'NONE',  ( 150.0000000000000000, 17.99486378953768551, 74.56121421188652221 ) ) ;
#3501 = ORIENTED_EDGE ( 'NONE', *, *, #2481, .F. ) ;
#3502 = CARTESIAN_POINT ( 'NONE',  ( 67.50000000000000000, 79.33012701892225493, 10.00000000000000355 ) ) ;
#3503 = VERTEX_POINT ( 'NONE', #1769 ) ;
#3504 = ORIENTED_EDGE ( 'NONE', *, *, #3789, .T. ) ;
#3505 = PLANE ( 'NONE',  #336 ) ;
#3506 = FACE_BOUND ( 'NONE', #657, .T. ) ;
#3507 = EDGE_CURVE ( 'NONE', #1376, #3928, #6744, .T. ) ;
#3508 = DIRECTION ( 'NONE',  ( 0.8660254037844395958, 0.4999999999999982236, 0.000000000000000000 ) ) ;
#3509 = LINE ( 'NONE', #1926, #131 ) ;
#3510 = DIRECTION ( 'NONE',  ( 0.000000000000000000, 0.000000000000000000, -1.000000000000000000 ) ) ;
#3511 = CARTESIAN_POINT ( 'NONE',  ( 35.99999999999992184, 66.33974596215564645, 10.00000000000000178 ) ) ;
#3512 = VECTOR ( 'NONE', #1066, 1000.000000000000114 ) ;
#3513 = ORIENTED_EDGE ( 'NONE', *, *, #145, .T. ) ;
#3514 = CARTESIAN_POINT ( 'NONE',  ( 113.9999999999999147, 49.88526329025141592, 10.00000000000000178 ) ) ;
#3515 = DIRECTION ( 'NONE',  ( -0.4999999999999996669, 0.8660254037844388186, 3.021750869380465486E-17 ) ) ;
#3516 = EDGE_CURVE ( 'NONE', #4776, #5718, #5623, .T. ) ;
#3517 = DIRECTION ( 'NONE',  ( -0.000000000000000000, 3.489217355721594252E-17, -1.000000000000000000 ) ) ;
#3518 = AXIS2_PLACEMENT_3D ( 'NONE', #6221, #6754, #860 ) ;
#3519 = AXIS2_PLACEMENT_3D ( 'NONE', #3198, #6548, #1608 ) ;
#3520 = VERTEX_POINT ( 'NONE', #171 ) ;
#3521 = LINE ( 'NONE', #6299, #3628 ) ;
#3522 = ORIENTED_EDGE ( 'NONE', *, *, #1485, .T. ) ;
#3523 = LINE ( 'NONE', #4138, #7059 ) ;
#3524 = EDGE_CURVE ( 'NONE', #2283, #4286, #2926, .T. ) ;
#3525 = AXIS2_PLACEMENT_3D ( 'NONE', #3109, #1446, #5854 ) ;
#3526 = DIRECTION ( 'NONE',  ( -0.8660254037844387076, -0.4999999999999998890, -1.744608677860796818E-17 ) ) ;
#3527 = LINE ( 'NONE', #794, #1880 ) ;
#3528 = VECTOR ( 'NONE', #5571, 1000.000000000000114 ) ;
#3529 = ORIENTED_EDGE ( 'NONE', *, *, #2106, .T. ) ;
#3530 = ORIENTED_EDGE ( 'NONE', *, *, #576, .T. ) ;
#3531 = ORIENTED_EDGE ( 'NONE', *, *, #110, .T. ) ;
#3532 = EDGE_CURVE ( 'NONE', #287, #4776, #661, .T. ) ;
#3533 = DIRECTION ( 'NONE',  ( -0.000000000000000000, 3.489217355721594252E-17, -1.000000000000000000 ) ) ;
#3534 = DIRECTION ( 'NONE',  ( -0.000000000000000000, 3.489217355721594252E-17, -1.000000000000000000 ) ) ;
#3535 = DIRECTION ( 'NONE',  ( -0.8660254037844383745, 0.5000000000000004441, 1.744608677860799899E-17 ) ) ;
#3536 = DIRECTION ( 'NONE',  ( 1.602468905319638141E-15, -1.000000000000000000, 0.000000000000000000 ) ) ;
#3537 = CARTESIAN_POINT ( 'NONE',  ( 0.000000000000000000, 85.06340628446157837, 10.81072832108006487 ) ) ;
#3538 = LINE ( 'NONE', #3502, #6167 ) ;
#3539 = VERTEX_POINT ( 'NONE', #775 ) ;
#3540 = CARTESIAN_POINT ( 'NONE',  ( 67.50000000000000000, 45.55513627132927468, 10.00000000000000178 ) ) ;
#3541 = FACE_OUTER_BOUND ( 'NONE', #1432, .T. ) ;
#3542 = CARTESIAN_POINT ( 'NONE',  ( 147.0000000000000000, 33.49486378953767485, 32.06121421188651510 ) ) ;
#3543 = VECTOR ( 'NONE', #2087, 1000.000000000000000 ) ;
#3544 = LINE ( 'NONE', #698, #1164 ) ;
#3545 = LINE ( 'NONE', #4089, #6328 ) ;
#3546 = CARTESIAN_POINT ( 'NONE',  ( 113.9999999999999147, 49.88526329025141592, 1.740605264670865696E-15 ) ) ;
#3547 = ORIENTED_EDGE ( 'NONE', *, *, #976, .T. ) ;
#3548 = EDGE_CURVE ( 'NONE', #5686, #3716, #4792, .T. ) ;
#3549 = ORIENTED_EDGE ( 'NONE', *, *, #619, .F. ) ;
#3550 = LINE ( 'NONE', #1346, #5580 ) ;
#3551 = CARTESIAN_POINT ( 'NONE',  ( 109.4999999999999858, 86.48368917940753420, -1.977431711026470815E-14 ) ) ;
#3552 = FACE_OUTER_BOUND ( 'NONE', #2571, .T. ) ;
#3553 = ORIENTED_EDGE ( 'NONE', *, *, #6182, .T. ) ;
#3554 = ORIENTED_EDGE ( 'NONE', *, *, #5506, .F. ) ;
#3555 = CARTESIAN_POINT ( 'NONE',  ( 62.99999999999998579, 36.89488223348483587, 3.000000000000019096 ) ) ;
#3556 = EDGE_CURVE ( 'NONE', #4964, #6833, #3394, .T. ) ;
#3557 = EDGE_LOOP ( 'NONE', ( #6654, #1442, #4823, #5968 ) ) ;
#3558 = ADVANCED_FACE ( 'NONE', ( #239 ), #4585, .F. ) ;
#3559 = LINE ( 'NONE', #257, #5147 ) ;
#3560 = CARTESIAN_POINT ( 'NONE',  ( 150.0000000000000000, 33.49486378953767485, 77.61121421188651937 ) ) ;
#3561 = DIRECTION ( 'NONE',  ( -0.000000000000000000, 1.000000000000000000, 5.294131499750479183E-16 ) ) ;
#3562 = CARTESIAN_POINT ( 'NONE',  ( 72.74999999999998579, 53.78237760728132599, 3.000000000000019096 ) ) ;
#3563 = CARTESIAN_POINT ( 'NONE',  ( 77.25000000000000000, 28.66764089753272415, 1.000276301672653362E-15 ) ) ;
#3564 = EDGE_CURVE ( 'NONE', #1667, #4000, #3469, .T. ) ;
#3565 = EDGE_LOOP ( 'NONE', ( #3953, #1386, #200, #704 ) ) ;
#3566 = VECTOR ( 'NONE', #3331, 1000.000000000000000 ) ;
#3567 = ORIENTED_EDGE ( 'NONE', *, *, #896, .F. ) ;
#3568 = CARTESIAN_POINT ( 'NONE',  ( 150.0010000000000332, 80.00000000000000000, 90.00000000000001421 ) ) ;
#3569 = DIRECTION ( 'NONE',  ( -0.000000000000000000, 1.000000000000000000, 3.489217355721594868E-17 ) ) ;
#3570 = CARTESIAN_POINT ( 'NONE',  ( 23.99999999999999289, 79.33012701892224072, 10.00000000000000355 ) ) ;
#3571 = DIRECTION ( 'NONE',  ( -0.000000000000000000, 0.000000000000000000, -1.000000000000000000 ) ) ;
#3572 = VERTEX_POINT ( 'NONE', #1218 ) ;
#3573 = EDGE_CURVE ( 'NONE', #1618, #4749, #1848, .T. ) ;
#3574 = CARTESIAN_POINT ( 'NONE',  ( 84.74999999999998579, 66.77275866404791316, 2.329846684200054404E-15 ) ) ;
#3575 = ORIENTED_EDGE ( 'NONE', *, *, #1936, .T. ) ;
#3576 = CARTESIAN_POINT ( 'NONE',  ( 126.0000000000000000, 45.55513627132927468, 1.589517721201843648E-15 ) ) ;
#3577 = ADVANCED_BREP_SHAPE_REPRESENTATION ( 'cabeza_v31', ( #353, #5937 ), #4316 ) ;
#3578 = LINE ( 'NONE', #3002, #3495 ) ;
#3579 = VERTEX_POINT ( 'NONE', #3542 ) ;
#3580 = CARTESIAN_POINT ( 'NONE',  ( 43.49999999999998579, 79.33012701892225493, 3.000000000000019096 ) ) ;
#3581 = CARTESIAN_POINT ( 'NONE',  ( 150.0000000000000000, 49.99999999999999289, 90.00000000000001421 ) ) ;
#3582 = ORIENTED_EDGE ( 'NONE', *, *, #1889, .F. ) ;
#3583 = ORIENTED_EDGE ( 'NONE', *, *, #6557, .F. ) ;
#3584 = VECTOR ( 'NONE', #4583, 1000.000000000000000 ) ;
#3585 = ORIENTED_EDGE ( 'NONE', *, *, #3221, .T. ) ;
#3586 = LINE ( 'NONE', #5131, #1558 ) ;
#3587 = LINE ( 'NONE', #139, #1420 ) ;
#3588 = CARTESIAN_POINT ( 'NONE',  ( 67.50000000000000000, 70.66987298107780191, 2.465825473322171841E-15 ) ) ;
#3589 = DIRECTION ( 'NONE',  ( -1.000000000000000000, -1.602468905319638141E-15, -5.591362316445464709E-32 ) ) ;
#3590 = ORIENTED_EDGE ( 'NONE', *, *, #2050, .T. ) ;
#3591 = ORIENTED_EDGE ( 'NONE', *, *, #5408, .F. ) ;
#3592 = ORIENTED_EDGE ( 'NONE', *, *, #4577, .T. ) ;
#3593 = DIRECTION ( 'NONE',  ( 0.8660254037844385966, 0.4999999999999998890, 0.000000000000000000 ) ) ;
#3594 = ADVANCED_FACE ( 'NONE', ( #3000, #5195, #5592 ), #2887, .T. ) ;
#3595 = FACE_OUTER_BOUND ( 'NONE', #5606, .T. ) ;
#3596 = PLANE ( 'NONE',  #3034 ) ;
#3597 = PRODUCT_RELATED_PRODUCT_CATEGORY ( 'detail', '', ( #4398 ) ) ;
#3598 = VERTEX_POINT ( 'NONE', #4509 ) ;
#3599 = ORIENTED_EDGE ( 'NONE', *, *, #7, .T. ) ;
#3600 = ORIENTED_EDGE ( 'NONE', *, *, #2201, .T. ) ;
#3601 = CARTESIAN_POINT ( 'NONE',  ( 28.49999999999999645, 79.33012701892225493, 2.768000560260221065E-15 ) ) ;
#3602 = DIRECTION ( 'NONE',  ( -0.000000000000000000, 3.489217355721594252E-17, -1.000000000000000000 ) ) ;
#3603 = EDGE_CURVE ( 'NONE', #5573, #296, #5079, .T. ) ;
#3604 = DIRECTION ( 'NONE',  ( 1.000000000000000000, 0.000000000000000000, 0.000000000000000000 ) ) ;
#3605 = LINE ( 'NONE', #4729, #1974 ) ;
#3606 = CARTESIAN_POINT ( 'NONE',  ( 28.49999999999999645, 45.55513627132928889, 1.589517721201844634E-15 ) ) ;
#3607 = CARTESIAN_POINT ( 'NONE',  ( 150.0000000000000000, 49.99999999999999289, 120.0000000000000142 ) ) ;
#3608 = AXIS2_PLACEMENT_3D ( 'NONE', #2483, #6262, #258 ) ;
#3609 = VERTEX_POINT ( 'NONE', #3037 ) ;
#3610 = LINE ( 'NONE', #3651, #4685 ) ;
#3611 = VERTEX_POINT ( 'NONE', #3615 ) ;
#3612 = DIRECTION ( 'NONE',  ( 0.000000000000000000, 0.000000000000000000, 1.000000000000000000 ) ) ;
#3613 = AXIS2_PLACEMENT_3D ( 'NONE', #6849, #6777, #270 ) ;
#3614 = FACE_OUTER_BOUND ( 'NONE', #487, .T. ) ;
#3615 = CARTESIAN_POINT ( 'NONE',  ( 0.000000000000000000, 49.99999999999999289, 140.0000000000000000 ) ) ;
#3616 = EDGE_CURVE ( 'NONE', #1815, #3152, #314, .T. ) ;
#3617 = DIRECTION ( 'NONE',  ( -1.000000000000000000, -0.000000000000000000, 1.880926496205912652E-16 ) ) ;
#3618 = CARTESIAN_POINT ( 'NONE',  ( 26.24999999999999645, 49.45225058835914922, 3.000000000000019096 ) ) ;
#3619 = AXIS2_PLACEMENT_3D ( 'NONE', #6019, #5986, #50 ) ;
#3620 = LINE ( 'NONE', #317, #2880 ) ;
#3621 = ORIENTED_EDGE ( 'NONE', *, *, #1444, .T. ) ;
#3622 = ORIENTED_EDGE ( 'NONE', *, *, #4664, .F. ) ;
#3623 = ORIENTED_EDGE ( 'NONE', *, *, #4968, .T. ) ;
#3624 = FACE_OUTER_BOUND ( 'NONE', #6569, .T. ) ;
#3625 = CARTESIAN_POINT ( 'NONE',  ( 96.74999999999997158, 20.00738685968834218, 6.981012147346073931E-16 ) ) ;
#3626 = LINE ( 'NONE', #927, #277 ) ;
#3627 = EDGE_CURVE ( 'NONE', #5365, #4298, #808, .T. ) ;
#3628 = VECTOR ( 'NONE', #753, 1000.000000000000000 ) ;
#3629 = ORIENTED_EDGE ( 'NONE', *, *, #2980, .F. ) ;
#3630 = CARTESIAN_POINT ( 'NONE',  ( 96.75000000000000000, 53.78237760728131889, 3.000000000000019096 ) ) ;
#3631 = ORIENTED_EDGE ( 'NONE', *, *, #3548, .F. ) ;
#3632 = VERTEX_POINT ( 'NONE', #7000 ) ;
#3633 = CIRCLE ( 'NONE', #5114, 7.589038843021770120 ) ;
#3634 = LINE ( 'NONE', #1797, #5689 ) ;
#3635 = DIRECTION ( 'NONE',  ( -1.000000000000000000, -1.602468905319638141E-15, -5.591362316445464709E-32 ) ) ;
#3636 = VECTOR ( 'NONE', #2157, 1000.000000000000000 ) ;
#3637 = CARTESIAN_POINT ( 'NONE',  ( 94.49999999999997158, 83.66025403784443881, 10.00000000000000355 ) ) ;
#3638 = CC_DESIGN_SECURITY_CLASSIFICATION ( #1077, ( #7083 ) ) ;
#3639 = DIRECTION ( 'NONE',  ( 1.000000000000000000, -1.602468905319633408E-15, -5.591362316445449382E-32 ) ) ;
#3640 = ORIENTED_EDGE ( 'NONE', *, *, #6378, .F. ) ;
#3641 = EDGE_CURVE ( 'NONE', #5044, #5177, #847, .T. ) ;
#3642 = VERTEX_POINT ( 'NONE', #4153 ) ;
#3643 = AXIS2_PLACEMENT_3D ( 'NONE', #426, #3700, #4303 ) ;
#3644 = VECTOR ( 'NONE', #2047, 1000.000000000000000 ) ;
#3645 = CARTESIAN_POINT ( 'NONE',  ( 150.0000000000000000, 23.49486378953767840, 77.06121421188650800 ) ) ;
#3646 = DIRECTION ( 'NONE',  ( -0.8660254037844393737, 0.4999999999999985012, 0.000000000000000000 ) ) ;
#3647 = VECTOR ( 'NONE', #6348, 1000.000000000000000 ) ;
#3648 = DIRECTION ( 'NONE',  ( -0.8660254037844383745, -0.5000000000000003331, 0.000000000000000000 ) ) ;
#3649 = VECTOR ( 'NONE', #1186, 1000.000000000000000 ) ;
#3650 = ORIENTED_EDGE ( 'NONE', *, *, #5317, .F. ) ;
#3651 = CARTESIAN_POINT ( 'NONE',  ( 133.4999999999999716, 32.56475521456263067, 10.00000000000000178 ) ) ;
#3652 = ORIENTED_EDGE ( 'NONE', *, *, #5466, .T. ) ;
#3653 = EDGE_CURVE ( 'NONE', #5530, #4298, #2062, .T. ) ;
#3654 = VECTOR ( 'NONE', #5918, 1000.000000000000000 ) ;
#3655 = DIRECTION ( 'NONE',  ( 0.000000000000000000, -1.000000000000000000, 0.000000000000000000 ) ) ;
#3656 = EDGE_CURVE ( 'NONE', #1405, #1524, #4190, .T. ) ;
#3657 = PLANE ( 'NONE',  #1855 ) ;
#3658 = DIRECTION ( 'NONE',  ( 0.8660254037844383745, -0.5000000000000003331, 0.000000000000000000 ) ) ;
#3659 = FACE_OUTER_BOUND ( 'NONE', #6018, .T. ) ;
#3660 = CARTESIAN_POINT ( 'NONE',  ( 135.0473520826018898, 26.47523865043477542, 3.000000000000019096 ) ) ;
#3661 = LINE ( 'NONE', #1994, #6534 ) ;
#3662 = ORIENTED_EDGE ( 'NONE', *, *, #6912, .F. ) ;
#3663 = ORIENTED_EDGE ( 'NONE', *, *, #4566, .F. ) ;
#3664 = EDGE_CURVE ( 'NONE', #3412, #1322, #3985, .T. ) ;
#3665 = EDGE_LOOP ( 'NONE', ( #3677, #3008, #5860, #6874 ) ) ;
#3666 = VECTOR ( 'NONE', #6520, 1000.000000000000000 ) ;
#3667 = FACE_OUTER_BOUND ( 'NONE', #804, .T. ) ;
#3668 = DIRECTION ( 'NONE',  ( -0.5000000000000004441, -0.8660254037844383745, -3.021750869380464253E-17 ) ) ;
#3669 = ORIENTED_EDGE ( 'NONE', *, *, #1012, .F. ) ;
#3670 = ORIENTED_EDGE ( 'NONE', *, *, #1528, .F. ) ;
#3671 = ADVANCED_FACE ( 'NONE', ( #3659 ), #5309, .F. ) ;
#3672 = FACE_OUTER_BOUND ( 'NONE', #3257, .T. ) ;
#3673 = DIRECTION ( 'NONE',  ( 0.000000000000000000, -1.000000000000000000, 0.000000000000000000 ) ) ;
#3674 = CARTESIAN_POINT ( 'NONE',  ( 40.50000000000000711, 104.4764486738543354, -3.995172996297861712 ) ) ;
#3675 = LINE ( 'NONE', #2878, #4551 ) ;
#3676 = VERTEX_POINT ( 'NONE', #2574 ) ;
#3677 = ORIENTED_EDGE ( 'NONE', *, *, #5652, .T. ) ;
#3678 = PLANE ( 'NONE',  #1467 ) ;
#3679 = LINE ( 'NONE', #4647, #2579 ) ;
#3680 = LINE ( 'NONE', #4764, #106 ) ;
#3681 = ADVANCED_FACE ( 'NONE', ( #2027 ), #2641, .F. ) ;
#3682 = ADVANCED_FACE ( 'NONE', ( #6498 ), #5384, .F. ) ;
#3683 = AXIS2_PLACEMENT_3D ( 'NONE', #3205, #5914, #945 ) ;
#3684 = DIRECTION ( 'NONE',  ( 0.000000000000000000, 1.000000000000000000, 3.489217355721594868E-17 ) ) ;
#3685 = ORIENTED_EDGE ( 'NONE', *, *, #2035, .F. ) ;
#3686 = DIRECTION ( 'NONE',  ( 0.000000000000000000, -0.7460747789757220527, 0.6658621660496468753 ) ) ;
#3687 = CARTESIAN_POINT ( 'NONE',  ( 96.75000000000000000, 28.66764089753273126, 1.000276301672653560E-15 ) ) ;
#3688 = VECTOR ( 'NONE', #1799, 999.9999999999998863 ) ;
#3689 = DIRECTION ( 'NONE',  ( 0.8660254037844385966, 0.4999999999999998890, 0.000000000000000000 ) ) ;
#3690 = DIRECTION ( 'NONE',  ( -0.4999999999999985567, -0.8660254037844394848, -3.021750869380467951E-17 ) ) ;
#3691 = EDGE_CURVE ( 'NONE', #4760, #2427, #5522, .T. ) ;
#3692 = CARTESIAN_POINT ( 'NONE',  ( -93.04735208260149193, -35.87859042204483018, 3.000000000000019096 ) ) ;
#3693 = VECTOR ( 'NONE', #5957, 1000.000000000000000 ) ;
#3694 = CARTESIAN_POINT ( 'NONE',  ( 96.74999999999997158, 20.00738685968834218, 6.981012147346073931E-16 ) ) ;
#3695 = ORIENTED_EDGE ( 'NONE', *, *, #1008, .F. ) ;
#3696 = ORIENTED_EDGE ( 'NONE', *, *, #6592, .F. ) ;
#3697 = ORIENTED_EDGE ( 'NONE', *, *, #1897, .F. ) ;
#3698 = COORDINATED_UNIVERSAL_TIME_OFFSET ( 3, 0, .BEHIND. ) ;
#3699 = DIRECTION ( 'NONE',  ( -0.000000000000000000, 3.489217355721594252E-17, -1.000000000000000000 ) ) ;
#3700 = DIRECTION ( 'NONE',  ( 1.000000000000000000, -0.000000000000000000, -1.437389243825479109E-16 ) ) ;
#3701 = EDGE_CURVE ( 'NONE', #6568, #3871, #5452, .T. ) ;
#3702 = DIRECTION ( 'NONE',  ( -1.437389243825479109E-16, 0.000000000000000000, -1.000000000000000000 ) ) ;
#3703 = EDGE_CURVE ( 'NONE', #3716, #5686, #3060, .T. ) ;
#3704 = VECTOR ( 'NONE', #3181, 1000.000000000000000 ) ;
#3705 = VERTEX_POINT ( 'NONE', #3767 ) ;
#3706 = VECTOR ( 'NONE', #1088, 1000.000000000000000 ) ;
#3707 = ORIENTED_EDGE ( 'NONE', *, *, #904, .T. ) ;
#3708 = LINE ( 'NONE', #932, #3169 ) ;
#3709 = DIRECTION ( 'NONE',  ( -0.8660254037844378194, -0.5000000000000015543, 0.000000000000000000 ) ) ;
#3710 = CARTESIAN_POINT ( 'NONE',  ( 141.0000000000000000, 79.33012701892224072, 2.768000560260220670E-15 ) ) ;
#3711 = VECTOR ( 'NONE', #4650, 1000.000000000000114 ) ;
#3712 = ADVANCED_FACE ( 'NONE', ( #2784 ), #7078, .F. ) ;
#3713 = ADVANCED_FACE ( 'NONE', ( #3217 ), #2141, .F. ) ;
#3714 = CARTESIAN_POINT ( 'NONE',  ( 82.49999999999998579, 36.89488223348483587, 3.000000000000019096 ) ) ;
#3715 = VERTEX_POINT ( 'NONE', #4265 ) ;
#3716 = VERTEX_POINT ( 'NONE', #7043 ) ;
#3717 = FACE_OUTER_BOUND ( 'NONE', #6708, .T. ) ;
#3718 = LINE ( 'NONE', #3364, #5485 ) ;
#3719 = FACE_BOUND ( 'NONE', #5587, .T. ) ;
#3720 = LINE ( 'NONE', #5981, #1489 ) ;
#3721 = EDGE_CURVE ( 'NONE', #1675, #3246, #3187, .T. ) ;
#3722 = DIRECTION ( 'NONE',  ( -0.8660254037844385966, 0.4999999999999998890, 0.000000000000000000 ) ) ;
#3723 = CARTESIAN_POINT ( 'NONE',  ( 62.99999999999998579, 45.55513627132918941, 10.00000000000000178 ) ) ;
#3724 = ORIENTED_EDGE ( 'NONE', *, *, #4008, .T. ) ;
#3725 = CARTESIAN_POINT ( 'NONE',  ( 144.7973520826015204, 43.36273402423132239, 3.000000000000019096 ) ) ;
#3726 = DIRECTION ( 'NONE',  ( 1.000000000000000000, -0.000000000000000000, -1.954618001100628559E-16 ) ) ;
#3727 = CARTESIAN_POINT ( 'NONE',  ( 65.25000000000000000, 49.45225058835914922, 1.725496510323961677E-15 ) ) ;
#3728 = VERTEX_POINT ( 'NONE', #1633 ) ;
#3729 = ORIENTED_EDGE ( 'NONE', *, *, #4759, .T. ) ;
#3730 = AXIS2_PLACEMENT_3D ( 'NONE', #6313, #5150, #803 ) ;
#3731 = VECTOR ( 'NONE', #2938, 1000.000000000000000 ) ;
#3732 = ORIENTED_EDGE ( 'NONE', *, *, #879, .F. ) ;
#3733 = EDGE_CURVE ( 'NONE', #1610, #6373, #1593, .T. ) ;
#3734 = DIRECTION ( 'NONE',  ( -1.096449564749676896E-31, 1.000000000000000000, -3.304235192336773540E-16 ) ) ;
#3735 = CARTESIAN_POINT ( 'NONE',  ( 67.50000000000000000, 70.66987298107780191, 10.00000000000000178 ) ) ;
#3736 = DIRECTION ( 'NONE',  ( 0.000000000000000000, 0.000000000000000000, -1.000000000000000000 ) ) ;
#3737 = LINE ( 'NONE', #6360, #5708 ) ;
#3738 = VECTOR ( 'NONE', #6122, 1000.000000000000000 ) ;
#3739 = ORIENTED_EDGE ( 'NONE', *, *, #6998, .T. ) ;
#3740 = EDGE_LOOP ( 'NONE', ( #6055, #2901, #5514, #4385 ) ) ;
#3741 = ADVANCED_FACE ( 'NONE', ( #2717 ), #423, .F. ) ;
#3742 = LINE ( 'NONE', #6978, #1781 ) ;
#3743 = FACE_OUTER_BOUND ( 'NONE', #132, .T. ) ;
#3744 = CARTESIAN_POINT ( 'NONE',  ( -0.001000000000001000089, 38.99486378953768195, 74.56121421188652221 ) ) ;
#3745 = DIRECTION ( 'NONE',  ( 0.000000000000000000, 0.000000000000000000, -1.000000000000000000 ) ) ;
#3746 = AXIS2_PLACEMENT_3D ( 'NONE', #5685, #3413, #1126 ) ;
#3747 = ORIENTED_EDGE ( 'NONE', *, *, #6198, .F. ) ;
#3748 = EDGE_CURVE ( 'NONE', #2235, #1274, #4406, .T. ) ;
#3749 = ORIENTED_EDGE ( 'NONE', *, *, #1528, .T. ) ;
#3750 = LINE ( 'NONE', #5332, #1696 ) ;
#3751 = CARTESIAN_POINT ( 'NONE',  ( 150.0010000000000332, 20.24512143266962738, 105.6988552916603652 ) ) ;
#3752 = LINE ( 'NONE', #3239, #5296 ) ;
#3753 = CARTESIAN_POINT ( 'NONE',  ( 43.49999999999998579, 45.55513627132918941, 10.00000000000000178 ) ) ;
#3754 = ORGANIZATION ( 'UNSPECIFIED', 'UNSPECIFIED', '' ) ;
#3755 = ORIENTED_EDGE ( 'NONE', *, *, #4726, .T. ) ;
#3756 = EDGE_CURVE ( 'NONE', #1629, #788, #3290, .T. ) ;
#3757 = VERTEX_POINT ( 'NONE', #1101 ) ;
#3758 = PLANE ( 'NONE',  #2697 ) ;
#3759 = VECTOR ( 'NONE', #3936, 1000.000000000000000 ) ;
#3760 = VECTOR ( 'NONE', #4370, 1000.000000000000000 ) ;
#3761 = CARTESIAN_POINT ( 'NONE',  ( 132.4223520826013214, 21.92860528056675307, 3.000000000000019096 ) ) ;
#3762 = LINE ( 'NONE', #3692, #4191 ) ;
#3763 = AXIS2_PLACEMENT_3D ( 'NONE', #4184, #1478, #6852 ) ;
#3764 = CARTESIAN_POINT ( 'NONE',  ( 150.0000000000000000, 80.00000000000000000, 29.90841738390767546 ) ) ;
#3765 = ORIENTED_EDGE ( 'NONE', *, *, #5003, .T. ) ;
#3766 = EDGE_LOOP ( 'NONE', ( #285, #6939, #1253, #751 ) ) ;
#3767 = CARTESIAN_POINT ( 'NONE',  ( 38.25000000000000711, 28.66764089753275613, 3.000000000000019096 ) ) ;
#3768 = LINE ( 'NONE', #3735, #3865 ) ;
#3769 = DIRECTION ( 'NONE',  ( -1.000000000000000000, -0.000000000000000000, 0.000000000000000000 ) ) ;
#3770 = FACE_OUTER_BOUND ( 'NONE', #6883, .T. ) ;
#3771 = CARTESIAN_POINT ( 'NONE',  ( 150.0000000000000000, 99.99999999999998579, 90.00000000000001421 ) ) ;
#3772 = CARTESIAN_POINT ( 'NONE',  ( 150.0000000000000000, 33.49486378953767485, 29.81121421188651510 ) ) ;
#3773 = ADVANCED_FACE ( 'NONE', ( #4909 ), #4840, .F. ) ;
#3774 = EDGE_LOOP ( 'NONE', ( #310, #875, #3112, #2627 ) ) ;
#3775 = VERTEX_POINT ( 'NONE', #1525 ) ;
#3776 = CARTESIAN_POINT ( 'NONE',  ( 126.0000000000000000, 36.89488223348482165, 1.287342634263795411E-15 ) ) ;
#3777 = PLANE ( 'NONE',  #5984 ) ;
#3778 = EDGE_CURVE ( 'NONE', #3503, #352, #2179, .T. ) ;
#3779 = CARTESIAN_POINT ( 'NONE',  ( 131.2500000000000000, 62.44263164512573638, 10.00000000000000178 ) ) ;
#3780 = EDGE_CURVE ( 'NONE', #4351, #6467, #4299, .T. ) ;
#3781 = EDGE_LOOP ( 'NONE', ( #1153, #5202, #5729, #1409 ) ) ;
#3782 = ORIENTED_EDGE ( 'NONE', *, *, #2677, .F. ) ;
#3783 = VERTEX_POINT ( 'NONE', #959 ) ;
#3784 = CARTESIAN_POINT ( 'NONE',  ( 106.5000000000000000, 36.89488223348482165, 3.000000000000019096 ) ) ;
#3785 = PLANE ( 'NONE',  #1881 ) ;
#3786 = FACE_BOUND ( 'NONE', #2034, .T. ) ;
#3787 = CARTESIAN_POINT ( 'NONE',  ( 123.7500000000000426, 49.45225058835912080, 3.000000000000019096 ) ) ;
#3788 = CARTESIAN_POINT ( 'NONE',  ( 18.74999999999998934, 20.00738685968838482, 10.00000000000000000 ) ) ;
#3789 = EDGE_CURVE ( 'NONE', #1154, #6859, #4272, .T. ) ;
#3790 = ORIENTED_EDGE ( 'NONE', *, *, #5270, .F. ) ;
#3791 = DIRECTION ( 'NONE',  ( 0.000000000000000000, -0.7460747789757220527, 0.6658621660496468753 ) ) ;
#3792 = CARTESIAN_POINT ( 'NONE',  ( 37.50000000000000711, 86.48368917940753420, -7.894911034008763282E-15 ) ) ;
#3793 = EDGE_CURVE ( 'NONE', #922, #941, #2682, .T. ) ;
#3794 = DIRECTION ( 'NONE',  ( -0.5000000000000004441, -0.8660254037844383745, -3.021750869380464253E-17 ) ) ;
#3795 = CARTESIAN_POINT ( 'NONE',  ( 133.4999999999999716, 32.56475521456263067, 10.00000000000000178 ) ) ;
#3796 = VERTEX_POINT ( 'NONE', #25 ) ;
#3797 = ORIENTED_EDGE ( 'NONE', *, *, #6080, .F. ) ;
#3798 = ORIENTED_EDGE ( 'NONE', *, *, #2640, .F. ) ;
#3799 = CARTESIAN_POINT ( 'NONE',  ( 150.0010000000000048, 49.99999999999999289, 29.90841738390767546 ) ) ;
#3800 = VECTOR ( 'NONE', #3194, 1000.000000000000000 ) ;
#3801 = CARTESIAN_POINT ( 'NONE',  ( 43.49999999999998579, 36.89488223348483587, 10.00000000000000178 ) ) ;
#3802 = DIRECTION ( 'NONE',  ( 0.000000000000000000, 0.000000000000000000, 1.000000000000000000 ) ) ;
#3803 = LINE ( 'NONE', #3456, #5503 ) ;
#3804 = DIRECTION ( 'NONE',  ( -1.000000000000000000, -0.000000000000000000, 1.880926496205912652E-16 ) ) ;
#3805 = VERTEX_POINT ( 'NONE', #6169 ) ;
#3806 = CARTESIAN_POINT ( 'NONE',  ( -78.42235208260146351, -61.20983348273922786, 3.000000000000019096 ) ) ;
#3807 = ORIENTED_EDGE ( 'NONE', *, *, #4077, .T. ) ;
#3808 = DIRECTION ( 'NONE',  ( -0.8660254037844388186, 0.4999999999999996114, 1.744608677860794044E-17 ) ) ;
#3809 = CARTESIAN_POINT ( 'NONE',  ( 9.000000000000007105, 70.66987298107780191, 10.00000000000000178 ) ) ;
#3810 = VECTOR ( 'NONE', #4947, 999.9999999999998863 ) ;
#3811 = PLANE ( 'NONE',  #6143 ) ;
#3812 = CIRCLE ( 'NONE', #5060, 50.00000000000000000 ) ;
#3813 = CARTESIAN_POINT ( 'NONE',  ( 48.00000000000000000, 70.66987298107780191, 2.465825473322171841E-15 ) ) ;
#3814 = ORIENTED_EDGE ( 'NONE', *, *, #2201, .F. ) ;
#3815 = ORIENTED_EDGE ( 'NONE', *, *, #1120, .F. ) ;
#3816 = VECTOR ( 'NONE', #2166, 1000.000000000000114 ) ;
#3817 = ADVANCED_FACE ( 'NONE', ( #2244 ), #1807, .F. ) ;
#3818 = DIRECTION ( 'NONE',  ( -1.000000000000000000, -0.000000000000000000, 3.318315740031391761E-16 ) ) ;
#3819 = LINE ( 'NONE', #1149, #6982 ) ;
#3820 = CARTESIAN_POINT ( 'NONE',  ( 150.0000000000000000, 49.99999999999999289, 90.00000000000001421 ) ) ;
#3821 = DIRECTION ( 'NONE',  ( 0.8660254037844385966, 0.4999999999999998890, 0.000000000000000000 ) ) ;
#3822 = PLANE ( 'NONE',  #4386 ) ;
#3823 = DIRECTION ( 'NONE',  ( -1.000000000000000000, -0.000000000000000000, 1.880926496205912652E-16 ) ) ;
#3824 = FACE_OUTER_BOUND ( 'NONE', #6391, .T. ) ;
#3825 = EDGE_CURVE ( 'NONE', #5718, #1953, #3908, .T. ) ;
#3826 = CARTESIAN_POINT ( 'NONE',  ( 147.0000000000000000, 85.06340628446157837, 10.81072832108004000 ) ) ;
#3827 = DIRECTION ( 'NONE',  ( 1.000000000000000000, -0.000000000000000000, -0.000000000000000000 ) ) ;
#3828 = CARTESIAN_POINT ( 'NONE',  ( 123.7499999999999858, 15.67725984076611567, 5.470136712655828800E-16 ) ) ;
#3829 = ORIENTED_EDGE ( 'NONE', *, *, #2366, .T. ) ;
#3830 = ORIENTED_EDGE ( 'NONE', *, *, #3035, .F. ) ;
#3831 = EDGE_LOOP ( 'NONE', ( #2400, #2048, #4420, #5030, #2267, #6864 ) ) ;
#3832 = EDGE_LOOP ( 'NONE', ( #6231, #253, #7096, #6166 ) ) ;
#3833 = DIRECTION ( 'NONE',  ( 1.000000000000000000, -0.000000000000000000, -1.437389243825479109E-16 ) ) ;
#3834 = EDGE_CURVE ( 'NONE', #6267, #5573, #3391, .T. ) ;
#3835 = DIRECTION ( 'NONE',  ( -0.8660254037844387076, -0.4999999999999998335, -1.744608677860794044E-17 ) ) ;
#3836 = DIRECTION ( 'NONE',  ( 1.000000000000000000, -0.000000000000000000, -3.318315740031391761E-16 ) ) ;
#3837 = CARTESIAN_POINT ( 'NONE',  ( 77.25000000000001421, 53.78237760728131889, 10.00000000000000178 ) ) ;
#3838 = DIRECTION ( 'NONE',  ( -0.000000000000000000, 3.489217355721594252E-17, -1.000000000000000000 ) ) ;
#3839 = DIRECTION ( 'NONE',  ( 0.000000000000000000, 0.000000000000000000, -1.000000000000000000 ) ) ;
#3840 = DIRECTION ( 'NONE',  ( -0.8660254037844395958, -0.4999999999999982236, 0.000000000000000000 ) ) ;
#3841 = PLANE ( 'NONE',  #4867 ) ;
#3842 = LINE ( 'NONE', #6102, #4256 ) ;
#3843 = ORIENTED_EDGE ( 'NONE', *, *, #5340, .F. ) ;
#3844 = AXIS2_PLACEMENT_3D ( 'NONE', #4717, #6908, #1973 ) ;
#3845 = VERTEX_POINT ( 'NONE', #1258 ) ;
#3846 = EDGE_CURVE ( 'NONE', #296, #2414, #5553, .T. ) ;
#3847 = DIRECTION ( 'NONE',  ( 0.000000000000000000, 0.000000000000000000, -1.000000000000000000 ) ) ;
#3848 = DIRECTION ( 'NONE',  ( 0.000000000000000000, -1.000000000000000000, 8.673617379884035472E-17 ) ) ;
#3849 = AXIS2_PLACEMENT_3D ( 'NONE', #2895, #6753, #2255 ) ;
#3850 = CYLINDRICAL_SURFACE ( 'NONE', #291, 2.100000000000000977 ) ;
#3851 = AXIS2_PLACEMENT_3D ( 'NONE', #5250, #214, #783 ) ;
#3852 = AXIS2_PLACEMENT_3D ( 'NONE', #3904, #3349, #6063 ) ;
#3853 = ORIENTED_EDGE ( 'NONE', *, *, #4631, .T. ) ;
#3854 = ORIENTED_EDGE ( 'NONE', *, *, #5952, .T. ) ;
#3855 = FACE_BOUND ( 'NONE', #4110, .T. ) ;
#3856 = FACE_OUTER_BOUND ( 'NONE', #2873, .T. ) ;
#3857 = DIRECTION ( 'NONE',  ( 0.000000000000000000, -1.000000000000000000, 0.000000000000000000 ) ) ;
#3858 = VERTEX_POINT ( 'NONE', #2816 ) ;
#3859 = VECTOR ( 'NONE', #5258, 1000.000000000000114 ) ;
#3860 = EDGE_CURVE ( 'NONE', #6423, #5519, #6099, .T. ) ;
#3861 = EDGE_LOOP ( 'NONE', ( #429, #4168, #6814, #5026 ) ) ;
#3862 = ORIENTED_EDGE ( 'NONE', *, *, #3860, .T. ) ;
#3863 = DIRECTION ( 'NONE',  ( 0.000000000000000000, -1.000000000000000000, 0.000000000000000000 ) ) ;
#3864 = DIRECTION ( 'NONE',  ( -1.954618001100627820E-16, 0.000000000000000000, -1.000000000000000000 ) ) ;
#3865 = VECTOR ( 'NONE', #4266, 1000.000000000000000 ) ;
#3866 = VECTOR ( 'NONE', #3535, 1000.000000000000000 ) ;
#3867 = CARTESIAN_POINT ( 'NONE',  ( 62.99999999999998579, 36.89488223348483587, 10.00000000000000178 ) ) ;
#3868 = EDGE_CURVE ( 'NONE', #3705, #3520, #3466, .T. ) ;
#3869 = CARTESIAN_POINT ( 'NONE',  ( 106.5000000000000000, 36.89488223348482165, 10.00000000000000178 ) ) ;
#3870 = VERTEX_POINT ( 'NONE', #5659 ) ;
#3871 = VERTEX_POINT ( 'NONE', #5116 ) ;
#3872 = ADVANCED_FACE ( 'NONE', ( #3354 ), #5590, .F. ) ;
#3873 = ORIENTED_EDGE ( 'NONE', *, *, #6206, .T. ) ;
#3874 = ORIENTED_EDGE ( 'NONE', *, *, #2461, .F. ) ;
#3875 = DIRECTION ( 'NONE',  ( -0.000000000000000000, 3.489217355721594252E-17, -1.000000000000000000 ) ) ;
#3876 = APPROVAL_DATE_TIME ( #7118, #3243 ) ;
#3877 = VECTOR ( 'NONE', #276, 1000.000000000000000 ) ;
#3878 = CARTESIAN_POINT ( 'NONE',  ( 106.5000000000000000, -202.2374841615668686, 3.000000000000019096 ) ) ;
#3879 = CARTESIAN_POINT ( 'NONE',  ( 112.4999999999999858, 100.0000000000000000, 3.489217355721594350E-15 ) ) ;
#3880 = VECTOR ( 'NONE', #609, 1000.000000000000000 ) ;
#3881 = LINE ( 'NONE', #3057, #4984 ) ;
#3882 = CARTESIAN_POINT ( 'NONE',  ( 133.4999999999999716, 83.66025403784443881, 3.000000000000019096 ) ) ;
#3883 = ORIENTED_EDGE ( 'NONE', *, *, #2709, .T. ) ;
#3884 = EDGE_CURVE ( 'NONE', #4002, #4263, #5010, .T. ) ;
#3885 = VECTOR ( 'NONE', #784, 1000.000000000000000 ) ;
#3886 = ORIENTED_EDGE ( 'NONE', *, *, #3067, .T. ) ;
#3887 = DIRECTION ( 'NONE',  ( -1.000000000000000000, 0.000000000000000000, 1.954618001100627820E-16 ) ) ;
#3888 = PLANE ( 'NONE',  #7018 ) ;
#3889 = LINE ( 'NONE', #569, #4648 ) ;
#3890 = EDGE_CURVE ( 'NONE', #7057, #141, #5076, .T. ) ;
#3891 = ORIENTED_EDGE ( 'NONE', *, *, #1570, .F. ) ;
#3892 = EDGE_LOOP ( 'NONE', ( #5115, #6040, #2981, #6276 ) ) ;
#3893 = AXIS2_PLACEMENT_3D ( 'NONE', #439, #3236, #2599 ) ;
#3894 = DIRECTION ( 'NONE',  ( 1.000000000000000000, 0.000000000000000000, 0.000000000000000000 ) ) ;
#3895 = DIRECTION ( 'NONE',  ( -0.000000000000000000, 0.000000000000000000, -1.000000000000000000 ) ) ;
#3896 = EDGE_LOOP ( 'NONE', ( #3248, #6751, #4917, #1751 ) ) ;
#3897 = ORIENTED_EDGE ( 'NONE', *, *, #182, .F. ) ;
#3898 = ORIENTED_EDGE ( 'NONE', *, *, #886, .F. ) ;
#3899 = CARTESIAN_POINT ( 'NONE',  ( 112.4999999999999858, 101.4800689266309348, -7.352509501688626159 ) ) ;
#3900 = FACE_OUTER_BOUND ( 'NONE', #6398, .T. ) ;
#3901 = LINE ( 'NONE', #2808, #3959 ) ;
#3902 = CARTESIAN_POINT ( 'NONE',  ( 94.49999999999997158, 32.56475521456263067, 10.00000000000000178 ) ) ;
#3903 = EDGE_CURVE ( 'NONE', #5126, #772, #692, .T. ) ;
#3904 = CARTESIAN_POINT ( 'NONE',  ( 0.000000000000000000, 49.99999999999999289, 90.00000000000001421 ) ) ;
#3905 = ORIENTED_EDGE ( 'NONE', *, *, #5234, .F. ) ;
#3906 = EDGE_LOOP ( 'NONE', ( #6589, #1985, #3874, #5636 ) ) ;
#3907 = ORIENTED_EDGE ( 'NONE', *, *, #2523, .F. ) ;
#3908 = LINE ( 'NONE', #2884, #2773 ) ;
#3909 = EDGE_CURVE ( 'NONE', #4987, #5945, #1701, .T. ) ;
#3910 = DIRECTION ( 'NONE',  ( 0.5000000000000016653, -0.8660254037844377084, -3.021750869380462404E-17 ) ) ;
#3911 = LINE ( 'NONE', #531, #3333 ) ;
#3912 = VERTEX_POINT ( 'NONE', #2348 ) ;
#3914 = ORIENTED_EDGE ( 'NONE', *, *, #2169, .F. ) ;
#3913 = VECTOR ( 'NONE', #3916, 1000.000000000000000 ) ;
#3915 = DIRECTION ( 'NONE',  ( 3.733830479875486994E-32, -1.000000000000000000, 3.304235192336773540E-16 ) ) ;
#3916 = DIRECTION ( 'NONE',  ( 0.000000000000000000, 1.000000000000000000, 3.489217355721594868E-17 ) ) ;
#3917 = EDGE_CURVE ( 'NONE', #280, #1359, #6664, .T. ) ;
#3918 = EDGE_CURVE ( 'NONE', #463, #1028, #2850, .T. ) ;
#3919 = ORIENTED_EDGE ( 'NONE', *, *, #1445, .F. ) ;
#3920 = ORIENTED_EDGE ( 'NONE', *, *, #1545, .T. ) ;
#3921 = VERTEX_POINT ( 'NONE', #4505 ) ;
#3922 = ADVANCED_FACE ( 'NONE', ( #3976, #1291 ), #170, .F. ) ;
#3923 = ADVANCED_FACE ( 'NONE', ( #6205 ), #3505, .F. ) ;
#3924 = CARTESIAN_POINT ( 'NONE',  ( 112.4999999999999858, 104.4764486738543354, -3.995172996297874146 ) ) ;
#3925 = EDGE_LOOP ( 'NONE', ( #46, #2449, #4821, #6031 ) ) ;
#3926 = CIRCLE ( 'NONE', #5768, 1.699999999999996625 ) ;
#3927 = EDGE_LOOP ( 'NONE', ( #6582, #2453, #2909, #3050 ) ) ;
#3928 = VERTEX_POINT ( 'NONE', #3687 ) ;
#3929 = LINE ( 'NONE', #2268, #3738 ) ;
#3930 = CARTESIAN_POINT ( 'NONE',  ( 37.50000000000000711, 104.4764486738543354, -3.995172996297861712 ) ) ;
#3931 = ADVANCED_FACE ( 'NONE', ( #5809 ), #1879, .F. ) ;
#3932 = DIRECTION ( 'NONE',  ( 0.000000000000000000, -0.7460747789757220527, 0.6658621660496468753 ) ) ;
#3933 = PLANE ( 'NONE',  #2418 ) ;
#3934 = CARTESIAN_POINT ( 'NONE',  ( 16.49999999999998579, 32.56475521456263067, 1.136255090794772180E-15 ) ) ;
#3935 = ORIENTED_EDGE ( 'NONE', *, *, #5288, .T. ) ;
#3936 = DIRECTION ( 'NONE',  ( -0.000000000000000000, 3.489217355721594252E-17, -1.000000000000000000 ) ) ;
#3937 = ORIENTED_EDGE ( 'NONE', *, *, #1897, .T. ) ;
#3938 = ORIENTED_EDGE ( 'NONE', *, *, #6229, .F. ) ;
#3939 = DIRECTION ( 'NONE',  ( -0.000000000000000000, 3.489217355721594252E-17, -1.000000000000000000 ) ) ;
#3940 = CARTESIAN_POINT ( 'NONE',  ( 150.0000000000000000, 100.0000000000000000, 3.489217355721594350E-15 ) ) ;
#3941 = DIRECTION ( 'NONE',  ( 0.8660254037844388186, 0.4999999999999996669, 0.000000000000000000 ) ) ;
#3942 = PLANE ( 'NONE',  #5852 ) ;
#3943 = PLANE ( 'NONE',  #3341 ) ;
#3944 = ADVANCED_FACE ( 'NONE', ( #1921 ), #807, .F. ) ;
#3945 = ORIENTED_EDGE ( 'NONE', *, *, #542, .F. ) ;
#3946 = DIRECTION ( 'NONE',  ( 0.000000000000000000, 0.000000000000000000, 1.000000000000000000 ) ) ;
#3947 = CARTESIAN_POINT ( 'NONE',  ( 147.0000000000000000, 1.141983802888054106E-14, 34.56121421188652931 ) ) ;
#3948 = CARTESIAN_POINT ( 'NONE',  ( 9.000000000000007105, 45.55513627132927468, 1.589517721201844240E-15 ) ) ;
#3949 = LINE ( 'NONE', #1079, #1250 ) ;
#3950 = CARTESIAN_POINT ( 'NONE',  ( 53.24999999999997868, 62.44263164512573638, 10.00000000000000178 ) ) ;
#3951 = VECTOR ( 'NONE', #6836, 1000.000000000000000 ) ;
#3952 = EDGE_CURVE ( 'NONE', #6315, #5271, #275, .T. ) ;
#3953 = ORIENTED_EDGE ( 'NONE', *, *, #6083, .T. ) ;
#3954 = ORIENTED_EDGE ( 'NONE', *, *, #5618, .F. ) ;
#3955 = ADVANCED_FACE ( 'NONE', ( #4619 ), #2503, .F. ) ;
#3956 = VECTOR ( 'NONE', #4035, 1000.000000000000000 ) ;
#3957 = VECTOR ( 'NONE', #2403, 1000.000000000000000 ) ;
#3958 = CARTESIAN_POINT ( 'NONE',  ( 150.0000000000000000, 17.99486378953768195, 34.56121421188652221 ) ) ;
#3959 = VECTOR ( 'NONE', #1246, 1000.000000000000114 ) ;
#3960 = ORIENTED_EDGE ( 'NONE', *, *, #6642, .T. ) ;
#3961 = EDGE_CURVE ( 'NONE', #5793, #1602, #202, .T. ) ;
#3962 = ORIENTED_EDGE ( 'NONE', *, *, #4701, .F. ) ;
#3963 = ORIENTED_EDGE ( 'NONE', *, *, #3211, .F. ) ;
#3964 = ORIENTED_EDGE ( 'NONE', *, *, #6981, .F. ) ;
#3965 = DIRECTION ( 'NONE',  ( 0.8660254037844383745, -0.5000000000000004441, 0.000000000000000000 ) ) ;
#3966 = AXIS2_PLACEMENT_3D ( 'NONE', #5579, #6687, #3965 ) ;
#3967 = PLANE ( 'NONE',  #7139 ) ;
#3968 = LINE ( 'NONE', #621, #4772 ) ;
#3969 = PLANE ( 'NONE',  #3120 ) ;
#3970 = ORIENTED_EDGE ( 'NONE', *, *, #448, .T. ) ;
#3971 = ADVANCED_FACE ( 'NONE', ( #4699 ), #5882, .F. ) ;
#3972 = DIRECTION ( 'NONE',  ( -0.000000000000000000, 3.489217355721594252E-17, -1.000000000000000000 ) ) ;
#3973 = ORIENTED_EDGE ( 'NONE', *, *, #5416, .F. ) ;
#3974 = AXIS2_PLACEMENT_3D ( 'NONE', #5085, #6611, #71 ) ;
#3975 = VERTEX_POINT ( 'NONE', #346 ) ;
#3976 = FACE_BOUND ( 'NONE', #4642, .T. ) ;
#3977 = PERSON_AND_ORGANIZATION_ROLE ( 'creator' ) ;
#3978 = FACE_BOUND ( 'NONE', #6643, .T. ) ;
#3979 = LINE ( 'NONE', #981, #4845 ) ;
#3980 = DIRECTION ( 'NONE',  ( -0.000000000000000000, -1.000000000000000000, -3.489217355721594252E-17 ) ) ;
#3981 = CARTESIAN_POINT ( 'NONE',  ( 18.74999999999998934, 20.00738685968838482, 10.00000000000000000 ) ) ;
#3982 = ORIENTED_EDGE ( 'NONE', *, *, #302, .F. ) ;
#3983 = DIRECTION ( 'NONE',  ( -0.000000000000000000, 3.489217355721594252E-17, -1.000000000000000000 ) ) ;
#3984 = ORIENTED_EDGE ( 'NONE', *, *, #7089, .T. ) ;
#3985 = CIRCLE ( 'NONE', #3525, 2.250000000000001776 ) ;
#3986 = VECTOR ( 'NONE', #1839, 1000.000000000000000 ) ;
#3987 = CARTESIAN_POINT ( 'NONE',  ( 106.5000000000000000, 45.55513627132927468, 10.00000000000000178 ) ) ;
#3988 = CARTESIAN_POINT ( 'NONE',  ( 74.99999999999992895, 49.88526329025141592, 10.00000000000000178 ) ) ;
#3989 = AXIS2_PLACEMENT_3D ( 'NONE', #2961, #1332, #122 ) ;
#3990 = LINE ( 'NONE', #4097, #3885 ) ;
#3991 = ADVANCED_FACE ( 'NONE', ( #4224 ), #3657, .T. ) ;
#3992 = AXIS2_PLACEMENT_3D ( 'NONE', #5634, #1348, #5088 ) ;
#3993 = VECTOR ( 'NONE', #2080, 1000.000000000000000 ) ;
#3994 = ORIENTED_EDGE ( 'NONE', *, *, #1655, .T. ) ;
#3995 = ORIENTED_EDGE ( 'NONE', *, *, #3603, .F. ) ;
#3996 = ADVANCED_FACE ( 'NONE', ( #1989 ), #2537, .F. ) ;
#3997 = CARTESIAN_POINT ( 'NONE',  ( 65.25000000000000000, 32.99776791645491159, 1.151363845141676593E-15 ) ) ;
#3998 = CARTESIAN_POINT ( 'NONE',  ( 150.0000000000000000, 23.78646939829782880, 112.4109611569782317 ) ) ;
#3999 = ADVANCED_FACE ( 'NONE', ( #4733 ), #5193, .F. ) ;
#4000 = VERTEX_POINT ( 'NONE', #884 ) ;
#4001 = VERTEX_POINT ( 'NONE', #5851 ) ;
#4002 = VERTEX_POINT ( 'NONE', #3105 ) ;
#4003 = VERTEX_POINT ( 'NONE', #6926 ) ;
#4004 = VECTOR ( 'NONE', #6606, 1000.000000000000000 ) ;
#4005 = DIRECTION ( 'NONE',  ( -0.000000000000000000, 3.489217355721594252E-17, -1.000000000000000000 ) ) ;
#4006 = LINE ( 'NONE', #5649, #5226 ) ;
#4007 = CARTESIAN_POINT ( 'NONE',  ( 106.5000000000000000, 79.33012701892225493, 3.000000000000019096 ) ) ;
#4008 = EDGE_CURVE ( 'NONE', #3870, #6884, #7152, .T. ) ;
#4009 = ADVANCED_FACE ( 'NONE', ( #1336 ), #2573, .F. ) ;
#4010 = CARTESIAN_POINT ( 'NONE',  ( 16.49999999999993250, 66.33974596215564645, 3.000000000000019096 ) ) ;
#4011 = CARTESIAN_POINT ( 'NONE',  ( 3.000000000000000000, 3.000000000000002665, 3.000000000000044409 ) ) ;
#4012 = DIRECTION ( 'NONE',  ( 0.8660254037844383745, 0.5000000000000004441, 1.744608677860797742E-17 ) ) ;
#4013 = ORIENTED_EDGE ( 'NONE', *, *, #4893, .F. ) ;
#4014 = LINE ( 'NONE', #199, #4103 ) ;
#4015 = ORIENTED_EDGE ( 'NONE', *, *, #4232, .T. ) ;
#4016 = DIRECTION ( 'NONE',  ( -0.4999999999999996669, -0.8660254037844388186, -3.021750869380465486E-17 ) ) ;
#4017 = CARTESIAN_POINT ( 'NONE',  ( 74.99999999999992895, 66.33974596215564645, 2.314737929853150582E-15 ) ) ;
#4018 = PLANE ( 'NONE',  #4441 ) ;
#4019 = EDGE_CURVE ( 'NONE', #218, #2203, #6419, .T. ) ;
#4020 = DIRECTION ( 'NONE',  ( 0.5000000000000003331, 0.8660254037844385966, 3.021750869380464870E-17 ) ) ;
#4021 = DIRECTION ( 'NONE',  ( 0.8660254037844387076, -0.4999999999999999445, 0.000000000000000000 ) ) ;
#4022 = CARTESIAN_POINT ( 'NONE',  ( 147.0000000000000284, 23.78646939829781459, 120.0000000000000000 ) ) ;
#4023 = VERTEX_POINT ( 'NONE', #4657 ) ;
#4024 = PLANE ( 'NONE',  #3180 ) ;
#4025 = DIRECTION ( 'NONE',  ( -0.4999999999999996669, 0.8660254037844388186, 3.021750869380465486E-17 ) ) ;
#4026 = DIRECTION ( 'NONE',  ( -0.000000000000000000, -1.000000000000000000, -3.489217355721593635E-17 ) ) ;
#4027 = CARTESIAN_POINT ( 'NONE',  ( 147.0000000000000000, 80.00000000000000000, 29.90841738390767546 ) ) ;
#4028 = AXIS2_PLACEMENT_3D ( 'NONE', #3167, #5436, #3821 ) ;
#4029 = ORIENTED_EDGE ( 'NONE', *, *, #1898, .T. ) ;
#4030 = ORIENTED_EDGE ( 'NONE', *, *, #785, .F. ) ;
#4031 = VECTOR ( 'NONE', #6776, 1000.000000000000000 ) ;
#4032 = LINE ( 'NONE', #5755, #6994 ) ;
#4033 = VECTOR ( 'NONE', #4702, 1000.000000000000114 ) ;
#4034 = DIRECTION ( 'NONE',  ( 0.000000000000000000, -1.000000000000000000, -3.489217355721593635E-17 ) ) ;
#4035 = DIRECTION ( 'NONE',  ( 1.000000000000000000, -0.000000000000000000, -0.000000000000000000 ) ) ;
#4036 = ORIENTED_EDGE ( 'NONE', *, *, #6858, .F. ) ;
#4037 = EDGE_CURVE ( 'NONE', #352, #5168, #6913, .T. ) ;
#4038 = VERTEX_POINT ( 'NONE', #3576 ) ;
#4039 = LINE ( 'NONE', #2874, #3049 ) ;
#4040 = DIRECTION ( 'NONE',  ( 0.8660254037844387076, -0.4999999999999999445, 0.000000000000000000 ) ) ;
#4041 = AXIS2_PLACEMENT_3D ( 'NONE', #2437, #1774, #2399 ) ;
#4042 = FACE_OUTER_BOUND ( 'NONE', #2335, .T. ) ;
#4043 = FACE_OUTER_BOUND ( 'NONE', #3079, .T. ) ;
#4044 = AXIS2_PLACEMENT_3D ( 'NONE', #4912, #3769, #3802 ) ;
#4045 = DIRECTION ( 'NONE',  ( 0.8660254037844399289, 0.4999999999999976130, 0.000000000000000000 ) ) ;
#4046 = VERTEX_POINT ( 'NONE', #5772 ) ;
#4047 = PLANE ( 'NONE',  #3989 ) ;
#4048 = EDGE_LOOP ( 'NONE', ( #4531, #900, #5658, #6715 ) ) ;
#4049 = EDGE_CURVE ( 'NONE', #7022, #7021, #5988, .T. ) ;
#4050 = ORIENTED_EDGE ( 'NONE', *, *, #1518, .F. ) ;
#4051 = DIRECTION ( 'NONE',  ( -0.000000000000000000, 3.489217355721594252E-17, -1.000000000000000000 ) ) ;
#4052 = VECTOR ( 'NONE', #6524, 1000.000000000000000 ) ;
#4053 = FACE_BOUND ( 'NONE', #6402, .T. ) ;
#4054 = CARTESIAN_POINT ( 'NONE',  ( 116.2499999999999858, 28.66764089753271705, 10.00000000000000178 ) ) ;
#4055 = CARTESIAN_POINT ( 'NONE',  ( 112.4999999999999858, 101.4800689266309348, -9.852509501688627935 ) ) ;
#4056 = EDGE_LOOP ( 'NONE', ( #5858, #5902, #5432, #1117 ) ) ;
#4057 = CARTESIAN_POINT ( 'NONE',  ( 150.0000000000000000, 23.49486378953767840, 79.31121421188650800 ) ) ;
#4058 = ORIENTED_EDGE ( 'NONE', *, *, #5167, .T. ) ;
#4059 = ORIENTED_EDGE ( 'NONE', *, *, #1317, .F. ) ;
#4060 = ADVANCED_FACE ( 'NONE', ( #526 ), #7080, .F. ) ;
#4061 = CARTESIAN_POINT ( 'NONE',  ( 109.4999999999999858, 101.4800689266309348, -7.352509501688625271 ) ) ;
#4062 = DIRECTION ( 'NONE',  ( -0.8660254037844383745, -0.5000000000000003331, 0.000000000000000000 ) ) ;
#4063 = DIRECTION ( 'NONE',  ( -0.4999999999999996669, 0.8660254037844388186, 3.021750869380465486E-17 ) ) ;
#4064 = ORIENTED_EDGE ( 'NONE', *, *, #3322, .F. ) ;
#4065 = ORIENTED_EDGE ( 'NONE', *, *, #2209, .F. ) ;
#4066 = LINE ( 'NONE', #1277, #4811 ) ;
#4067 = DIRECTION ( 'NONE',  ( -0.000000000000000000, 3.489217355721594252E-17, -1.000000000000000000 ) ) ;
#4068 = LINE ( 'NONE', #6304, #5556 ) ;
#4069 = VECTOR ( 'NONE', #3212, 1000.000000000000114 ) ;
#4070 = VECTOR ( 'NONE', #3569, 1000.000000000000000 ) ;
#4071 = ORIENTED_EDGE ( 'NONE', *, *, #2409, .T. ) ;
#4072 = VERTEX_POINT ( 'NONE', #1139 ) ;
#4073 = EDGE_LOOP ( 'NONE', ( #2893, #977, #2699, #4335 ) ) ;
#4074 = DIRECTION ( 'NONE',  ( -1.000000000000000000, -0.000000000000000000, 1.954618001100628066E-16 ) ) ;
#4075 = CARTESIAN_POINT ( 'NONE',  ( 150.0010000000000048, 17.99486378953767840, -2.644850551494523918E-14 ) ) ;
#4076 = CARTESIAN_POINT ( 'NONE',  ( 74.99999999999998579, 32.56475521456263067, 10.00000000000000178 ) ) ;
#4077 = EDGE_CURVE ( 'NONE', #354, #5646, #2085, .T. ) ;
#4078 = DIRECTION ( 'NONE',  ( 1.000000000000000000, 0.000000000000000000, 0.000000000000000000 ) ) ;
#4079 = DIRECTION ( 'NONE',  ( 0.8660254037844383745, 0.5000000000000004441, 0.000000000000000000 ) ) ;
#4080 = CARTESIAN_POINT ( 'NONE',  ( 111.7499999999999716, 62.44263164512573638, 10.00000000000000178 ) ) ;
#4081 = ORIENTED_EDGE ( 'NONE', *, *, #3507, .T. ) ;
#4082 = DIRECTION ( 'NONE',  ( -1.000000000000000000, -0.000000000000000000, 3.318315740031391761E-16 ) ) ;
#4083 = FACE_BOUND ( 'NONE', #5146, .T. ) ;
#4084 = DIRECTION ( 'NONE',  ( 0.000000000000000000, 0.000000000000000000, -1.000000000000000000 ) ) ;
#4085 = DIRECTION ( 'NONE',  ( 1.000000000000000000, 0.000000000000000000, -0.000000000000000000 ) ) ;
#4086 = DIRECTION ( 'NONE',  ( 1.130013531886300531E-16, 0.000000000000000000, 1.000000000000000000 ) ) ;
#4087 = ADVANCED_FACE ( 'NONE', ( #4300 ), #2180, .F. ) ;
#4088 = ORIENTED_EDGE ( 'NONE', *, *, #3427, .F. ) ;
#4089 = CARTESIAN_POINT ( 'NONE',  ( 135.0473520826014067, 26.47523865043491398, 3.000000000000019096 ) ) ;
#4090 = EDGE_CURVE ( 'NONE', #1762, #6974, #4338, .T. ) ;
#4091 = CARTESIAN_POINT ( 'NONE',  ( 150.0010000000000048, 1.141983802888053159E-14, 34.56121421188650089 ) ) ;
#4092 = VECTOR ( 'NONE', #3808, 1000.000000000000000 ) ;
#4093 = LINE ( 'NONE', #3433, #5533 ) ;
#4094 = ORIENTED_EDGE ( 'NONE', *, *, #6497, .F. ) ;
#4095 = DIRECTION ( 'NONE',  ( 0.000000000000000000, -1.000000000000000000, -3.489217355721594252E-17 ) ) ;
#4096 = CARTESIAN_POINT ( 'NONE',  ( 126.0000000000000000, -202.2374841615668686, 3.000000000000019096 ) ) ;
#4097 = CARTESIAN_POINT ( 'NONE',  ( 9.000000000000007105, 45.55513627132927468, 10.00000000000000178 ) ) ;
#4098 = VECTOR ( 'NONE', #600, 1000.000000000000000 ) ;
#4099 = EDGE_CURVE ( 'NONE', #2306, #6996, #4383, .T. ) ;
#4100 = ORIENTED_EDGE ( 'NONE', *, *, #1934, .T. ) ;
#4101 = ORIENTED_EDGE ( 'NONE', *, *, #4928, .T. ) ;
#4102 = ORIENTED_EDGE ( 'NONE', *, *, #4741, .F. ) ;
#4103 = VECTOR ( 'NONE', #5694, 1000.000000000000000 ) ;
#4104 = AXIS2_PLACEMENT_3D ( 'NONE', #5251, #324, #5824 ) ;
#4105 = EDGE_CURVE ( 'NONE', #3343, #5683, #5523, .T. ) ;
#4106 = LINE ( 'NONE', #6909, #3064 ) ;
#4107 = CARTESIAN_POINT ( 'NONE',  ( 101.9999999999999858, 36.89488223348483587, 10.00000000000000178 ) ) ;
#4108 = VECTOR ( 'NONE', #805, 1000.000000000000114 ) ;
#4109 = ORIENTED_EDGE ( 'NONE', *, *, #1961, .T. ) ;
#4110 = EDGE_LOOP ( 'NONE', ( #109, #216, #2331, #2698, #3445, #1281 ) ) ;
#4111 = DIRECTION ( 'NONE',  ( 0.000000000000000000, -1.000000000000000000, -1.224646799147352961E-16 ) ) ;
#4112 = CARTESIAN_POINT ( 'NONE',  ( 116.2499999999999858, 62.44263164512570086, 3.000000000000019096 ) ) ;
#4113 = DIRECTION ( 'NONE',  ( 0.000000000000000000, 0.000000000000000000, -1.000000000000000000 ) ) ;
#4114 = LINE ( 'NONE', #3027, #6576 ) ;
#4115 = PLANE ( 'NONE',  #6484 ) ;
#4116 = DIRECTION ( 'NONE',  ( -1.000000000000000000, -0.000000000000000000, 1.954618001100628066E-16 ) ) ;
#4117 = ORIENTED_EDGE ( 'NONE', *, *, #5246, .T. ) ;
#4118 = CARTESIAN_POINT ( 'NONE',  ( 43.49999999999998579, 70.66987298107788718, 2.465825473322174997E-15 ) ) ;
#4119 = ORIENTED_EDGE ( 'NONE', *, *, #1545, .F. ) ;
#4120 = CARTESIAN_POINT ( 'NONE',  ( 150.0010000000000332, 49.99999999999999289, 120.0000000000000142 ) ) ;
#4121 = CARTESIAN_POINT ( 'NONE',  ( 112.9223520826015630, -11.84638546702657180, 3.000000000000019096 ) ) ;
#4122 = VECTOR ( 'NONE', #4353, 1000.000000000000000 ) ;
#4123 = DIRECTION ( 'NONE',  ( -0.8660254037844383745, -0.5000000000000003331, 0.000000000000000000 ) ) ;
#4124 = CARTESIAN_POINT ( 'NONE',  ( -95.29735208260144930, -31.98147610501472826, 3.000000000000019096 ) ) ;
#4125 = LINE ( 'NONE', #6863, #4669 ) ;
#4126 = ORIENTED_EDGE ( 'NONE', *, *, #2732, .T. ) ;
#4127 = EDGE_LOOP ( 'NONE', ( #4590, #3278, #274, #4940 ) ) ;
#4128 = ORIENTED_EDGE ( 'NONE', *, *, #3701, .T. ) ;
#4129 = EDGE_CURVE ( 'NONE', #5446, #992, #5420, .T. ) ;
#4130 = CARTESIAN_POINT ( 'NONE',  ( 55.49999999999992184, 49.88526329025141592, 1.740605264670865696E-15 ) ) ;
#4131 = CYLINDRICAL_SURFACE ( 'NONE', #3851, 2.250000000000001776 ) ;
#4132 = CARTESIAN_POINT ( 'NONE',  ( 72.74999999999998579, 53.78237760728132599, 10.00000000000000178 ) ) ;
#4133 = VERTEX_POINT ( 'NONE', #5118 ) ;
#4134 = ORIENTED_EDGE ( 'NONE', *, *, #3789, .F. ) ;
#4135 = ORIENTED_EDGE ( 'NONE', *, *, #246, .T. ) ;
#4136 = EDGE_CURVE ( 'NONE', #4351, #5784, #3926, .T. ) ;
#4137 = EDGE_CURVE ( 'NONE', #3340, #266, #2966, .T. ) ;
#4138 = CARTESIAN_POINT ( 'NONE',  ( 3.000000000000002665, 0.000000000000000000, 74.56121421188655063 ) ) ;
#4139 = DIRECTION ( 'NONE',  ( -1.000000000000000000, -0.000000000000000000, -0.000000000000000000 ) ) ;
#4140 = FACE_OUTER_BOUND ( 'NONE', #2204, .T. ) ;
#4141 = LINE ( 'NONE', #1237, #2001 ) ;
#4142 = VERTEX_POINT ( 'NONE', #4017 ) ;
#4143 = VECTOR ( 'NONE', #6405, 1000.000000000000000 ) ;
#4144 = ADVANCED_FACE ( 'NONE', ( #3356 ), #6700, .F. ) ;
#4145 = ORIENTED_EDGE ( 'NONE', *, *, #6247, .F. ) ;
#4146 = CARTESIAN_POINT ( 'NONE',  ( 150.0000000000000000, 3.000000000000000000, 3.673940397442059375E-16 ) ) ;
#4147 = CARTESIAN_POINT ( 'NONE',  ( 131.2500000000000000, 20.00738685968829600, 6.981012147346056181E-16 ) ) ;
#4148 = CARTESIAN_POINT ( 'NONE',  ( 62.99999999999998579, 36.89488223348483587, 1.287342634263795608E-15 ) ) ;
#4149 = LINE ( 'NONE', #1366, #3369 ) ;
#4150 = PLANE ( 'NONE',  #3763 ) ;
#4151 = ORIENTED_EDGE ( 'NONE', *, *, #5447, .T. ) ;
#4152 = DIRECTION ( 'NONE',  ( -0.8660254037844399289, -0.4999999999999976130, 0.000000000000000000 ) ) ;
#4153 = CARTESIAN_POINT ( 'NONE',  ( 131.2500000000000000, 62.44263164512583586, 3.000000000000019096 ) ) ;
#4154 = VECTOR ( 'NONE', #3426, 1000.000000000000000 ) ;
#4155 = AXIS2_PLACEMENT_3D ( 'NONE', #1521, #4261, #3140 ) ;
#4156 = DIRECTION ( 'NONE',  ( 0.000000000000000000, 1.000000000000000000, 0.000000000000000000 ) ) ;
#4157 = CARTESIAN_POINT ( 'NONE',  ( 23.99999999999999289, 79.33012701892224072, 2.768000560260220670E-15 ) ) ;
#4158 = ORIENTED_EDGE ( 'NONE', *, *, #984, .T. ) ;
#4159 = ORIENTED_EDGE ( 'NONE', *, *, #6417, .F. ) ;
#4160 = VECTOR ( 'NONE', #4251, 1000.000000000000000 ) ;
#4161 = ORIENTED_EDGE ( 'NONE', *, *, #127, .T. ) ;
#4162 = CARTESIAN_POINT ( 'NONE',  ( 111.7499999999999574, 28.66764089753270994, 1.000276301672652968E-15 ) ) ;
#4163 = CARTESIAN_POINT ( 'NONE',  ( 125.2973520826014209, 9.587743276638359902, 3.000000000000019096 ) ) ;
#4164 = CARTESIAN_POINT ( 'NONE',  ( 23.99999999999999289, 45.55513627132918941, 1.589517721201841282E-15 ) ) ;
#4165 = EDGE_LOOP ( 'NONE', ( #4501, #1690, #1543, #6832, #4135, #5066 ) ) ;
#4166 = CARTESIAN_POINT ( 'NONE',  ( 96.75000000000000000, 28.66764089753272771, 3.000000000000019096 ) ) ;
#4167 = EDGE_CURVE ( 'NONE', #2716, #4142, #1734, .T. ) ;
#4168 = ORIENTED_EDGE ( 'NONE', *, *, #6668, .T. ) ;
#4169 = ORIENTED_EDGE ( 'NONE', *, *, #4832, .F. ) ;
#4170 = LINE ( 'NONE', #2558, #7077 ) ;
#4171 = LINE ( 'NONE', #789, #4861 ) ;
#4172 = CARTESIAN_POINT ( 'NONE',  ( 111.7499999999999574, 20.00738685968830310, 10.00000000000000000 ) ) ;
#4173 = LINE ( 'NONE', #222, #1450 ) ;
#4174 = EDGE_CURVE ( 'NONE', #2802, #6493, #3979, .T. ) ;
#4175 = ADVANCED_FACE ( 'NONE', ( #6012, #5435, #3786, #1045, #376, #1613, #3166, #6585, #4795, #2197, #4355, #2054, #1509, #1011, #3719, #4930, #5979, #3855, #5913, #6990, #7136, #944, #3238, #5370, #406, #2633, #476 ), #3271, .F. ) ;
#4176 = VERTEX_POINT ( 'NONE', #7026 ) ;
#4177 = ORIENTED_EDGE ( 'NONE', *, *, #369, .T. ) ;
#4178 = ORIENTED_EDGE ( 'NONE', *, *, #5297, .T. ) ;
#4179 = CARTESIAN_POINT ( 'NONE',  ( 109.4999999999999858, 101.4800689266309348, -9.852509501688626159 ) ) ;
#4180 = PLANE ( 'NONE',  #6368 ) ;
#4181 = CARTESIAN_POINT ( 'NONE',  ( 43.49999999999998579, 45.55513627132918941, 1.589517721201841282E-15 ) ) ;
#4182 = EDGE_CURVE ( 'NONE', #2130, #6113, #5473, .T. ) ;
#4183 = AXIS2_PLACEMENT_3D ( 'NONE', #4763, #6917, #765 ) ;
#4184 = CARTESIAN_POINT ( 'NONE',  ( 123.7500000000000426, 49.45225058835912080, 10.00000000000000178 ) ) ;
#4185 = VERTEX_POINT ( 'NONE', #6480 ) ;
#4186 = CARTESIAN_POINT ( 'NONE',  ( 87.00000000000000000, -202.2374841615668686, 3.000000000000019096 ) ) ;
#4187 = DIRECTION ( 'NONE',  ( 0.000000000000000000, -1.000000000000000000, -5.294131499750479183E-16 ) ) ;
#4188 = VECTOR ( 'NONE', #6764, 1000.000000000000000 ) ;
#4189 = AXIS2_PLACEMENT_3D ( 'NONE', #5386, #4842, #7045 ) ;
#4190 = LINE ( 'NONE', #6386, #6161 ) ;
#4191 = VECTOR ( 'NONE', #1023, 1000.000000000000114 ) ;
#4192 = EDGE_CURVE ( 'NONE', #1646, #843, #6051, .T. ) ;
#4193 = LINE ( 'NONE', #6388, #1052 ) ;
#4194 = CARTESIAN_POINT ( 'NONE',  ( 18.75000000000000355, 53.78237760728131889, 1.876584053792984316E-15 ) ) ;
#4195 = VERTEX_POINT ( 'NONE', #7102 ) ;
#4196 = ORIENTED_EDGE ( 'NONE', *, *, #3150, .F. ) ;
#4197 = VERTEX_POINT ( 'NONE', #6443 ) ;
#4198 = DIRECTION ( 'NONE',  ( 1.000000000000000000, -0.000000000000000000, -1.437389243825479109E-16 ) ) ;
#4199 = DIRECTION ( 'NONE',  ( 0.000000000000000000, 0.000000000000000000, 1.000000000000000000 ) ) ;
#4200 = FACE_OUTER_BOUND ( 'NONE', #3443, .T. ) ;
#4201 = CARTESIAN_POINT ( 'NONE',  ( 35.99999999999996447, 83.66025403784443881, 2.919088103729244296E-15 ) ) ;
#4202 = CARTESIAN_POINT ( 'NONE',  ( 37.50000000000000711, 101.4800689266309348, -7.352509501688614613 ) ) ;
#4203 = VECTOR ( 'NONE', #6120, 999.9999999999998863 ) ;
#4204 = ORIENTED_EDGE ( 'NONE', *, *, #2200, .F. ) ;
#4205 = ORIENTED_EDGE ( 'NONE', *, *, #2791, .F. ) ;
#4206 = VERTEX_POINT ( 'NONE', #2089 ) ;
#4207 = AXIS2_PLACEMENT_3D ( 'NONE', #3987, #2762, #4415 ) ;
#4208 = CARTESIAN_POINT ( 'NONE',  ( 40.50000000000000711, 104.4764486738543354, -3.995172996297862600 ) ) ;
#4209 = CARTESIAN_POINT ( 'NONE',  ( 67.50000000000000000, -202.2374841615668686, 3.000000000000019096 ) ) ;
#4210 = EDGE_CURVE ( 'NONE', #4185, #2259, #4283, .T. ) ;
#4211 = VECTOR ( 'NONE', #7048, 1000.000000000000114 ) ;
#4212 = ORIENTED_EDGE ( 'NONE', *, *, #5698, .F. ) ;
#4213 = ORIENTED_EDGE ( 'NONE', *, *, #4577, .F. ) ;
#4214 = AXIS2_PLACEMENT_3D ( 'NONE', #2104, #3048, #6429 ) ;
#4215 = AXIS2_PLACEMENT_3D ( 'NONE', #2305, #7112, #1210 ) ;
#4216 = EDGE_CURVE ( 'NONE', #5603, #2407, #2555, .T. ) ;
#4217 = CARTESIAN_POINT ( 'NONE',  ( 104.2500000000000000, 32.99776791645489737, 10.00000000000000178 ) ) ;
#4218 = LINE ( 'NONE', #268, #4070 ) ;
#4219 = AXIS2_PLACEMENT_3D ( 'NONE', #747, #2357, #2286 ) ;
#4220 = DIRECTION ( 'NONE',  ( -1.000000000000000000, -0.000000000000000000, 3.318315740031391761E-16 ) ) ;
#4221 = VECTOR ( 'NONE', #3165, 1000.000000000000000 ) ;
#4222 = CARTESIAN_POINT ( 'NONE',  ( 55.49999999999992184, 66.33974596215564645, 10.00000000000000178 ) ) ;
#4223 = ORIENTED_EDGE ( 'NONE', *, *, #4662, .T. ) ;
#4224 = FACE_OUTER_BOUND ( 'NONE', #2033, .T. ) ;
#4225 = EDGE_CURVE ( 'NONE', #6361, #7042, #2124, .T. ) ;
#4226 = EDGE_CURVE ( 'NONE', #2391, #3288, #1638, .T. ) ;
#4227 = PLANE ( 'NONE',  #5343 ) ;
#4228 = LINE ( 'NONE', #6288, #4700 ) ;
#4229 = VERTEX_POINT ( 'NONE', #4375 ) ;
#4230 = ORIENTED_EDGE ( 'NONE', *, *, #2061, .F. ) ;
#4231 = ORIENTED_EDGE ( 'NONE', *, *, #4847, .F. ) ;
#4232 = EDGE_CURVE ( 'NONE', #4133, #2266, #529, .T. ) ;
#4233 = APPROVAL_ROLE ( '' ) ;
#4234 = AXIS2_PLACEMENT_3D ( 'NONE', #1354, #144, #2367 ) ;
#4235 = CARTESIAN_POINT ( 'NONE',  ( 82.49999999999998579, 45.55513627132918941, 10.00000000000000178 ) ) ;
#4236 = DIRECTION ( 'NONE',  ( 0.8660254037844390407, 0.4999999999999991673, 0.000000000000000000 ) ) ;
#4237 = ORIENTED_EDGE ( 'NONE', *, *, #4847, .T. ) ;
#4238 = EDGE_LOOP ( 'NONE', ( #4783, #2365, #6096, #3696 ) ) ;
#4239 = CARTESIAN_POINT ( 'NONE',  ( 65.25000000000000000, 66.77275866404791316, 2.329846684200054404E-15 ) ) ;
#4240 = CARTESIAN_POINT ( 'NONE',  ( 9.000000000000007105, 79.33012701892225493, 10.00000000000000355 ) ) ;
#4241 = DIRECTION ( 'NONE',  ( -1.602468905319637155E-15, -1.000000000000000000, 0.000000000000000000 ) ) ;
#4242 = LINE ( 'NONE', #2525, #591 ) ;
#4243 = PLANE ( 'NONE',  #2145 ) ;
#4244 = ORIENTED_EDGE ( 'NONE', *, *, #1946, .F. ) ;
#4245 = ORIENTED_EDGE ( 'NONE', *, *, #4504, .T. ) ;
#4246 = DIRECTION ( 'NONE',  ( 0.000000000000000000, 0.000000000000000000, 1.000000000000000000 ) ) ;
#4247 = FACE_OUTER_BOUND ( 'NONE', #796, .T. ) ;
#4248 = CARTESIAN_POINT ( 'NONE',  ( 3.000000000000000000, -202.2374841615668686, 3.000000000000019096 ) ) ;
#4249 = PLANE ( 'NONE',  #53 ) ;
#4250 = FACE_OUTER_BOUND ( 'NONE', #2253, .T. ) ;
#4251 = DIRECTION ( 'NONE',  ( 0.000000000000000000, 0.000000000000000000, 1.000000000000000000 ) ) ;
#4252 = EDGE_CURVE ( 'NONE', #2613, #5793, #30, .T. ) ;
#4253 = AXIS2_PLACEMENT_3D ( 'NONE', #1038, #3363, #3261 ) ;
#4254 = DIRECTION ( 'NONE',  ( -0.8660254037844388186, 0.4999999999999996669, 0.000000000000000000 ) ) ;
#4255 = CARTESIAN_POINT ( 'NONE',  ( 109.4999999999999858, 104.4764486738543354, -3.995172996297873258 ) ) ;
#4256 = VECTOR ( 'NONE', #6038, 1000.000000000000000 ) ;
#4257 = DIRECTION ( 'NONE',  ( -0.8660254037844383745, 0.5000000000000004441, 0.000000000000000000 ) ) ;
#4258 = CARTESIAN_POINT ( 'NONE',  ( 65.25000000000000000, 15.67725984076614942, 3.000000000000019096 ) ) ;
#4259 = DIRECTION ( 'NONE',  ( 0.000000000000000000, -1.000000000000000000, 0.000000000000000000 ) ) ;
#4260 = ADVANCED_FACE ( 'NONE', ( #2183 ), #1070, .F. ) ;
#4261 = DIRECTION ( 'NONE',  ( -1.000000000000000000, 3.204937810639276281E-15, 1.118272463289092942E-31 ) ) ;
#4262 = ORIENTED_EDGE ( 'NONE', *, *, #2059, .T. ) ;
#4263 = VERTEX_POINT ( 'NONE', #5498 ) ;
#4264 = ORIENTED_EDGE ( 'NONE', *, *, #696, .F. ) ;
#4265 = CARTESIAN_POINT ( 'NONE',  ( 40.50000000000000711, 100.0000000000000000, 3.489217355721594350E-15 ) ) ;
#4266 = DIRECTION ( 'NONE',  ( -0.000000000000000000, 3.489217355721594252E-17, -1.000000000000000000 ) ) ;
#4267 = DIRECTION ( 'NONE',  ( -0.000000000000000000, 3.489217355721594252E-17, -1.000000000000000000 ) ) ;
#4268 = CYLINDRICAL_SURFACE ( 'NONE', #1456, 2.100000000000000977 ) ;
#4269 = VECTOR ( 'NONE', #2855, 1000.000000000000000 ) ;
#4270 = VERTEX_POINT ( 'NONE', #2756 ) ;
#4271 = EDGE_CURVE ( 'NONE', #4629, #1831, #4950, .T. ) ;
#4272 = CIRCLE ( 'NONE', #1505, 1.699999999999993072 ) ;
#4273 = ORIENTED_EDGE ( 'NONE', *, *, #4382, .F. ) ;
#4274 = CYLINDRICAL_SURFACE ( 'NONE', #4430, 1.699999999999993072 ) ;
#4275 = CARTESIAN_POINT ( 'NONE',  ( 9.000000000000007105, 36.89488223348482165, 10.00000000000000178 ) ) ;
#4276 = CARTESIAN_POINT ( 'NONE',  ( 137.2973520826013498, 30.37235296746484892, 3.000000000000019096 ) ) ;
#4277 = EDGE_CURVE ( 'NONE', #6535, #7127, #767, .T. ) ;
#4278 = DIRECTION ( 'NONE',  ( -1.000000000000000000, -0.000000000000000000, -0.000000000000000000 ) ) ;
#4279 = ORIENTED_EDGE ( 'NONE', *, *, #4664, .T. ) ;
#4280 = EDGE_LOOP ( 'NONE', ( #488, #1640, #1805, #226 ) ) ;
#4281 = CYLINDRICAL_SURFACE ( 'NONE', #2739, 20.00000000000000355 ) ;
#4282 = DIRECTION ( 'NONE',  ( -0.000000000000000000, 3.489217355721594252E-17, -1.000000000000000000 ) ) ;
#4283 = LINE ( 'NONE', #3203, #3122 ) ;
#4284 = DIRECTION ( 'NONE',  ( -0.8660254037844385966, 0.4999999999999998890, 0.000000000000000000 ) ) ;
#4285 = PLANE ( 'NONE',  #6230 ) ;
#4286 = VERTEX_POINT ( 'NONE', #231 ) ;
#4287 = CARTESIAN_POINT ( 'NONE',  ( 9.000000000000007105, -202.2374841615668686, 3.000000000000019096 ) ) ;
#4288 = EDGE_CURVE ( 'NONE', #3269, #6260, #2992, .T. ) ;
#4289 = DIRECTION ( 'NONE',  ( -0.8660254037844385966, 0.4999999999999998890, 0.000000000000000000 ) ) ;
#4290 = FACE_OUTER_BOUND ( 'NONE', #3309, .T. ) ;
#4291 = DIRECTION ( 'NONE',  ( -0.8660254037844393737, 0.4999999999999985012, 1.744608677860792196E-17 ) ) ;
#4292 = ORIENTED_EDGE ( 'NONE', *, *, #436, .F. ) ;
#4293 = EDGE_LOOP ( 'NONE', ( #632, #4830, #5863, #464 ) ) ;
#4294 = DIRECTION ( 'NONE',  ( -3.204937810639275887E-15, 1.000000000000000000, 3.489217355721594252E-17 ) ) ;
#4295 = ORIENTED_EDGE ( 'NONE', *, *, #2857, .T. ) ;
#4296 = VECTOR ( 'NONE', #5691, 1000.000000000000000 ) ;
#4297 = VECTOR ( 'NONE', #492, 1000.000000000000000 ) ;
#4298 = VERTEX_POINT ( 'NONE', #802 ) ;
#4299 = LINE ( 'NONE', #5928, #221 ) ;
#4300 = FACE_OUTER_BOUND ( 'NONE', #167, .T. ) ;
#4301 = DIRECTION ( 'NONE',  ( 1.000000000000000000, -0.000000000000000000, -0.000000000000000000 ) ) ;
#4302 = EDGE_CURVE ( 'NONE', #5316, #1772, #5335, .T. ) ;
#4303 = DIRECTION ( 'NONE',  ( 0.000000000000000000, 0.000000000000000000, -1.000000000000000000 ) ) ;
#4304 = EDGE_CURVE ( 'NONE', #7013, #2306, #4114, .T. ) ;
#4305 = VECTOR ( 'NONE', #4803, 1000.000000000000000 ) ;
#4306 = EDGE_LOOP ( 'NONE', ( #4748, #1868, #564, #3582, #1621, #2595 ) ) ;
#4307 = VERTEX_POINT ( 'NONE', #6413 ) ;
#4308 = DIRECTION ( 'NONE',  ( 1.602468905319638141E-15, -1.000000000000000000, 0.000000000000000000 ) ) ;
#4309 = FACE_OUTER_BOUND ( 'NONE', #5953, .T. ) ;
#4310 = EDGE_CURVE ( 'NONE', #599, #74, #1949, .T. ) ;
#4311 = FACE_OUTER_BOUND ( 'NONE', #1817, .T. ) ;
#4312 = VECTOR ( 'NONE', #2674, 1000.000000000000114 ) ;
#4313 = CARTESIAN_POINT ( 'NONE',  ( 53.24999999999997868, 20.00738685968833508, 6.981012147346070972E-16 ) ) ;
#4314 = CARTESIAN_POINT ( 'NONE',  ( 87.00000000000000000, 79.33012701892225493, 2.768000560260221065E-15 ) ) ;
#4315 = EDGE_LOOP ( 'NONE', ( #5382, #4887, #5198, #762 ) ) ;
#4316 =( GEOMETRIC_REPRESENTATION_CONTEXT ( 3 ) GLOBAL_UNCERTAINTY_ASSIGNED_CONTEXT ( ( #6092 ) ) GLOBAL_UNIT_ASSIGNED_CONTEXT ( ( #4337, #7044, #5419 ) ) REPRESENTATION_CONTEXT ( 'NONE', 'WORKASPACE' ) );
#4317 = ORIENTED_EDGE ( 'NONE', *, *, #5409, .T. ) ;
#4318 = ORIENTED_EDGE ( 'NONE', *, *, #5943, .F. ) ;
#4319 = VECTOR ( 'NONE', #2469, 1000.000000000000000 ) ;
#4320 = EDGE_CURVE ( 'NONE', #3483, #5051, #1475, .T. ) ;
#4321 = CARTESIAN_POINT ( 'NONE',  ( 18.75000000000000355, 53.78237760728131889, 10.00000000000000178 ) ) ;
#4322 = LINE ( 'NONE', #7024, #5917 ) ;
#4323 = DIRECTION ( 'NONE',  ( 0.8660254037844378194, 0.5000000000000014433, 1.744608677860803597E-17 ) ) ;
#4324 = LINE ( 'NONE', #4391, #3234 ) ;
#4325 = VECTOR ( 'NONE', #4914, 1000.000000000000000 ) ;
#4326 = LINE ( 'NONE', #3674, #1541 ) ;
#4327 = DIRECTION ( 'NONE',  ( 0.000000000000000000, -1.541976423090495140E-16, 1.000000000000000000 ) ) ;
#4328 = VECTOR ( 'NONE', #3339, 1000.000000000000114 ) ;
#4329 = AXIS2_PLACEMENT_3D ( 'NONE', #5948, #6552, #639 ) ;
#4330 = LINE ( 'NONE', #5311, #136 ) ;
#4331 = AXIS2_PLACEMENT_3D ( 'NONE', #5770, #1952, #3172 ) ;
#4332 = FACE_OUTER_BOUND ( 'NONE', #2743, .T. ) ;
#4333 = VERTEX_POINT ( 'NONE', #1913 ) ;
#4334 = ORIENTED_EDGE ( 'NONE', *, *, #809, .T. ) ;
#4335 = ORIENTED_EDGE ( 'NONE', *, *, #1875, .F. ) ;
#4336 = CARTESIAN_POINT ( 'NONE',  ( 130.1723520826017761, 18.03149096353648417, 3.000000000000019096 ) ) ;
#4337 =( LENGTH_UNIT ( ) NAMED_UNIT ( * ) SI_UNIT ( .MILLI., .METRE. ) );
#4338 = LINE ( 'NONE', #995, #3810 ) ;
#4339 = DIRECTION ( 'NONE',  ( 3.204937810639276281E-15, -1.000000000000000000, 0.000000000000000000 ) ) ;
#4340 = LINE ( 'NONE', #4409, #2143 ) ;
#4341 = VERTEX_POINT ( 'NONE', #5802 ) ;
#4342 = EDGE_CURVE ( 'NONE', #6145, #60, #5304, .T. ) ;
#4343 = ORIENTED_EDGE ( 'NONE', *, *, #672, .T. ) ;
#4344 = VECTOR ( 'NONE', #2144, 1000.000000000000000 ) ;
#4345 = DIRECTION ( 'NONE',  ( 1.000000000000000000, -0.000000000000000000, -1.130013531886300531E-16 ) ) ;
#4346 = DIRECTION ( 'NONE',  ( 0.4999999999999998335, -0.8660254037844388186, -3.021750869380465486E-17 ) ) ;
#4347 = CARTESIAN_POINT ( 'NONE',  ( 147.0000000000000000, 33.49486378953767485, 29.81121421188651510 ) ) ;
#4348 = CARTESIAN_POINT ( 'NONE',  ( 101.9999999999999858, 70.66987298107788718, 2.465825473322174997E-15 ) ) ;
#4349 = LINE ( 'NONE', #4314, #2605 ) ;
#4350 = EDGE_CURVE ( 'NONE', #1725, #3796, #3680, .T. ) ;
#4351 = VERTEX_POINT ( 'NONE', #341 ) ;
#4352 = ORIENTED_EDGE ( 'NONE', *, *, #6387, .T. ) ;
#4353 = DIRECTION ( 'NONE',  ( -0.000000000000000000, 3.489217355721594252E-17, -1.000000000000000000 ) ) ;
#4354 = DIRECTION ( 'NONE',  ( -0.000000000000000000, 3.489217355721594252E-17, -1.000000000000000000 ) ) ;
#4355 = FACE_BOUND ( 'NONE', #6475, .T. ) ;
#4356 = CARTESIAN_POINT ( 'NONE',  ( 112.4999999999999858, 104.4764486738543354, -3.995172996297875034 ) ) ;
#4357 = LINE ( 'NONE', #4390, #4720 ) ;
#4358 = LINE ( 'NONE', #946, #671 ) ;
#4359 = EDGE_CURVE ( 'NONE', #592, #1189, #3605, .T. ) ;
#4360 = ORIENTED_EDGE ( 'NONE', *, *, #1589, .F. ) ;
#4361 = PLANE ( 'NONE',  #5464 ) ;
#4362 = AXIS2_PLACEMENT_3D ( 'NONE', #6918, #3604, #4113 ) ;
#4363 = CARTESIAN_POINT ( 'NONE',  ( 38.25000000000000711, 53.78237760728131889, 1.876584053792984316E-15 ) ) ;
#4364 = CARTESIAN_POINT ( 'NONE',  ( 67.50000000000000000, 70.66987298107780191, 3.000000000000019096 ) ) ;
#4365 = EDGE_CURVE ( 'NONE', #3539, #4704, #5228, .T. ) ;
#4366 = ORIENTED_EDGE ( 'NONE', *, *, #4524, .F. ) ;
#4367 = ORIENTED_EDGE ( 'NONE', *, *, #6083, .F. ) ;
#4368 = VECTOR ( 'NONE', #6273, 1000.000000000000000 ) ;
#4369 = ORIENTED_EDGE ( 'NONE', *, *, #2986, .T. ) ;
#4370 = DIRECTION ( 'NONE',  ( 1.000000000000000000, -0.000000000000000000, -0.000000000000000000 ) ) ;
#4371 = AXIS2_PLACEMENT_3D ( 'NONE', #1575, #2112, #2559 ) ;
#4372 = PERSON_AND_ORGANIZATION ( #7025, #3754 ) ;
#4373 = CARTESIAN_POINT ( 'NONE',  ( 3.000000000000002665, 100.0000000000000000, 90.00000000000001421 ) ) ;
#4374 = DIRECTION ( 'NONE',  ( -0.000000000000000000, 3.489217355721594252E-17, -1.000000000000000000 ) ) ;
#4375 = CARTESIAN_POINT ( 'NONE',  ( 150.0000000000000000, 23.49486378953767840, 77.06121421188650800 ) ) ;
#4376 = CARTESIAN_POINT ( 'NONE',  ( -102.7973520826015204, -18.99109504824825123, 3.000000000000019096 ) ) ;
#4377 = ORIENTED_EDGE ( 'NONE', *, *, #6347, .T. ) ;
#4378 = ORIENTED_EDGE ( 'NONE', *, *, #196, .F. ) ;
#4379 = CARTESIAN_POINT ( 'NONE',  ( -107.6723520826015204, -10.54734736134999018, 3.000000000000019096 ) ) ;
#4380 = LINE ( 'NONE', #2860, #2821 ) ;
#4381 = CARTESIAN_POINT ( 'NONE',  ( 84.74999999999998579, 49.45225058835914922, 3.000000000000019096 ) ) ;
#4382 = EDGE_CURVE ( 'NONE', #5271, #665, #1512, .T. ) ;
#4383 = CIRCLE ( 'NONE', #4735, 2.100000000000002753 ) ;
#4384 = CARTESIAN_POINT ( 'NONE',  ( 133.4999999999999147, 49.88526329025141592, 10.00000000000000178 ) ) ;
#4385 = ORIENTED_EDGE ( 'NONE', *, *, #5570, .F. ) ;
#4386 = AXIS2_PLACEMENT_3D ( 'NONE', #6014, #4827, #1047 ) ;
#4387 = DIRECTION ( 'NONE',  ( 0.000000000000000000, 0.000000000000000000, -1.000000000000000000 ) ) ;
#4388 = DIRECTION ( 'NONE',  ( 0.000000000000000000, -1.000000000000000000, -3.489217355721596717E-17 ) ) ;
#4389 = EDGE_CURVE ( 'NONE', #3390, #142, #2495, .T. ) ;
#4390 = CARTESIAN_POINT ( 'NONE',  ( 117.7973520826020888, -3.402637780128670020, 3.000000000000019096 ) ) ;
#4391 = CARTESIAN_POINT ( 'NONE',  ( 26.24999999999999645, 66.77275866404791316, 10.00000000000000178 ) ) ;
#4392 = ADVANCED_FACE ( 'NONE', ( #5877 ), #6954, .F. ) ;
#4393 = EDGE_LOOP ( 'NONE', ( #6103, #6426, #5535, #5381 ) ) ;
#4394 = ORIENTED_EDGE ( 'NONE', *, *, #4174, .T. ) ;
#4395 = VERTEX_POINT ( 'NONE', #839 ) ;
#4396 = CARTESIAN_POINT ( 'NONE',  ( 35.99999999999997868, 32.56475521456263067, 3.000000000000019096 ) ) ;
#4397 = CARTESIAN_POINT ( 'NONE',  ( 37.50000000000000711, 101.4800689266309348, -11.85250950168861195 ) ) ;
#4398 = PRODUCT ( 'cabeza_v31', 'cabeza_v31', '', ( #4745 ) ) ;
#4399 = ADVANCED_FACE ( 'NONE', ( #2531 ), #6919, .F. ) ;
#4400 = CARTESIAN_POINT ( 'NONE',  ( 57.74999999999999289, 20.00738685968836350, 6.981012147346080833E-16 ) ) ;
#4401 = DIRECTION ( 'NONE',  ( 0.000000000000000000, 0.000000000000000000, -1.000000000000000000 ) ) ;
#4402 = ORIENTED_EDGE ( 'NONE', *, *, #4277, .F. ) ;
#4403 = ORIENTED_EDGE ( 'NONE', *, *, #2538, .T. ) ;
#4404 = ORIENTED_EDGE ( 'NONE', *, *, #3793, .T. ) ;
#4405 = VERTEX_POINT ( 'NONE', #4181 ) ;
#4406 = LINE ( 'NONE', #1029, #6867 ) ;
#4407 = DATE_AND_TIME ( #7153, #6619 ) ;
#4408 = CARTESIAN_POINT ( 'NONE',  ( 101.9999999999999858, 79.33012701892224072, 3.000000000000019096 ) ) ;
#4409 = CARTESIAN_POINT ( 'NONE',  ( 121.4999999999999858, 45.55513627132918941, 10.00000000000000178 ) ) ;
#4410 = ADVANCED_FACE ( 'NONE', ( #2569 ), #1438, .F. ) ;
#4411 = CARTESIAN_POINT ( 'NONE',  ( 33.74999999999997158, 28.66764089753274902, 3.000000000000019096 ) ) ;
#4412 = ORIENTED_EDGE ( 'NONE', *, *, #1396, .F. ) ;
#4413 = VECTOR ( 'NONE', #4354, 1000.000000000000000 ) ;
#4414 = ORIENTED_EDGE ( 'NONE', *, *, #2322, .F. ) ;
#4415 = DIRECTION ( 'NONE',  ( 0.000000000000000000, 0.000000000000000000, 1.000000000000000000 ) ) ;
#4416 = CARTESIAN_POINT ( 'NONE',  ( 43.49999999999998579, 70.66987298107788718, 10.00000000000000178 ) ) ;
#4417 = VECTOR ( 'NONE', #5888, 1000.000000000000114 ) ;
#4418 = VECTOR ( 'NONE', #356, 1000.000000000000000 ) ;
#4419 = VECTOR ( 'NONE', #1993, 1000.000000000000000 ) ;
#4420 = ORIENTED_EDGE ( 'NONE', *, *, #5340, .T. ) ;
#4421 = EDGE_LOOP ( 'NONE', ( #6967, #2871, #1125, #5684 ) ) ;
#4422 = EDGE_CURVE ( 'NONE', #286, #7150, #6992, .T. ) ;
#4423 = LINE ( 'NONE', #443, #6002 ) ;
#4424 = ORIENTED_EDGE ( 'NONE', *, *, #2944, .T. ) ;
#4425 = VECTOR ( 'NONE', #5687, 1000.000000000000000 ) ;
#4426 = ORIENTED_EDGE ( 'NONE', *, *, #5529, .T. ) ;
#4427 = EDGE_CURVE ( 'NONE', #856, #2412, #6446, .T. ) ;
#4428 = CARTESIAN_POINT ( 'NONE',  ( 9.000000000000007105, 70.66987298107780191, 2.465825473322171841E-15 ) ) ;
#4429 = CC_DESIGN_PERSON_AND_ORGANIZATION_ASSIGNMENT ( #1067, #6665, ( #1077 ) ) ;
#4430 = AXIS2_PLACEMENT_3D ( 'NONE', #6469, #1534, #3439 ) ;
#4431 = FACE_OUTER_BOUND ( 'NONE', #3095, .T. ) ;
#4432 = ORIENTED_EDGE ( 'NONE', *, *, #709, .T. ) ;
#4433 = ORIENTED_EDGE ( 'NONE', *, *, #3793, .F. ) ;
#4434 = EDGE_CURVE ( 'NONE', #2672, #5247, #4358, .T. ) ;
#4435 = ADVANCED_FACE ( 'NONE', ( #2635 ), #4285, .F. ) ;
#4436 = ORIENTED_EDGE ( 'NONE', *, *, #2800, .F. ) ;
#4437 = ORIENTED_EDGE ( 'NONE', *, *, #4136, .T. ) ;
#4438 = CARTESIAN_POINT ( 'NONE',  ( 87.00000000000000000, 45.55513627132927468, 1.589517721201844240E-15 ) ) ;
#4439 = CARTESIAN_POINT ( 'NONE',  ( 141.0000000000000000, 70.66987298107788718, 10.00000000000000178 ) ) ;
#4440 = APPROVAL_STATUS ( 'not_yet_approved' ) ;
#4441 = AXIS2_PLACEMENT_3D ( 'NONE', #2967, #5741, #4623 ) ;
#4442 = FACE_OUTER_BOUND ( 'NONE', #236, .T. ) ;
#4443 = LINE ( 'NONE', #5016, #4325 ) ;
#4444 = LINE ( 'NONE', #2655, #4211 ) ;
#4445 = CARTESIAN_POINT ( 'NONE',  ( 104.2500000000000000, 32.99776791645489737, 10.00000000000000178 ) ) ;
#4446 = VECTOR ( 'NONE', #101, 1000.000000000000000 ) ;
#4447 = ORIENTED_EDGE ( 'NONE', *, *, #2043, .T. ) ;
#4448 = EDGE_CURVE ( 'NONE', #6993, #2110, #6555, .T. ) ;
#4449 = ORIENTED_EDGE ( 'NONE', *, *, #5885, .T. ) ;
#4450 = EDGE_CURVE ( 'NONE', #6168, #1213, #478, .T. ) ;
#4451 = CARTESIAN_POINT ( 'NONE',  ( 147.0000000000000284, 23.78646939829782880, 112.4109611569782317 ) ) ;
#4452 = DIRECTION ( 'NONE',  ( -0.8660254037844383745, -0.5000000000000003331, 0.000000000000000000 ) ) ;
#4453 = ORIENTED_EDGE ( 'NONE', *, *, #1801, .T. ) ;
#4454 = ORIENTED_EDGE ( 'NONE', *, *, #1889, .T. ) ;
#4455 = ORIENTED_EDGE ( 'NONE', *, *, #5484, .F. ) ;
#4456 = VECTOR ( 'NONE', #5224, 1000.000000000000000 ) ;
#4457 = LINE ( 'NONE', #6651, #3880 ) ;
#4458 = VERTEX_POINT ( 'NONE', #2742 ) ;
#4459 = ORIENTED_EDGE ( 'NONE', *, *, #6387, .F. ) ;
#4460 = CARTESIAN_POINT ( 'NONE',  ( 67.50000000000000000, 36.89488223348482165, 3.000000000000019096 ) ) ;
#4461 = VERTEX_POINT ( 'NONE', #6588 ) ;
#4462 = FACE_OUTER_BOUND ( 'NONE', #5223, .T. ) ;
#4463 = LINE ( 'NONE', #6656, #146 ) ;
#4464 = LINE ( 'NONE', #4575, #4941 ) ;
#4465 = EDGE_CURVE ( 'NONE', #6653, #2068, #4857, .T. ) ;
#4466 = LINE ( 'NONE', #6023, #6950 ) ;
#4467 = ORIENTED_EDGE ( 'NONE', *, *, #5811, .T. ) ;
#4468 = ORIENTED_EDGE ( 'NONE', *, *, #1118, .F. ) ;
#4469 = ORIENTED_EDGE ( 'NONE', *, *, #4008, .F. ) ;
#4470 = DIRECTION ( 'NONE',  ( 0.8660254037844387076, 0.4999999999999997780, 0.000000000000000000 ) ) ;
#4471 = COORDINATED_UNIVERSAL_TIME_OFFSET ( 3, 0, .BEHIND. ) ;
#4472 = DIRECTION ( 'NONE',  ( 1.000000000000000000, 0.000000000000000000, -1.954618001100627820E-16 ) ) ;
#4473 = LINE ( 'NONE', #1140, #2608 ) ;
#4474 = PLANE ( 'NONE',  #2381 ) ;
#4475 = ADVANCED_FACE ( 'NONE', ( #2769 ), #3822, .F. ) ;
#4476 = DIRECTION ( 'NONE',  ( 1.000000000000000000, 0.000000000000000000, -1.954618001100627820E-16 ) ) ;
#4477 = EDGE_CURVE ( 'NONE', #1115, #3539, #4324, .T. ) ;
#4478 = LINE ( 'NONE', #6214, #3085 ) ;
#4479 = PLANE ( 'NONE',  #4041 ) ;
#4481 = ORIENTED_EDGE ( 'NONE', *, *, #4049, .F. ) ;
#4480 = AXIS2_PLACEMENT_3D ( 'NONE', #4057, #5241, #6748 ) ;
#4482 = LINE ( 'NONE', #3947, #2338 ) ;
#4483 = PLANE ( 'NONE',  #3974 ) ;
#4484 = DIRECTION ( 'NONE',  ( 0.5000000000000004441, -0.8660254037844384856, -3.021750869380464253E-17 ) ) ;
#4485 = LINE ( 'NONE', #3202, #6593 ) ;
#4486 = EDGE_CURVE ( 'NONE', #4197, #833, #2233, .T. ) ;
#4487 = VERTEX_POINT ( 'NONE', #1584 ) ;
#4488 = EDGE_LOOP ( 'NONE', ( #1971, #6968, #1290, #5448 ) ) ;
#4489 = EDGE_CURVE ( 'NONE', #5255, #5274, #4423, .T. ) ;
#4490 = DIRECTION ( 'NONE',  ( -0.000000000000000000, 3.489217355721594252E-17, -1.000000000000000000 ) ) ;
#4491 = ORIENTED_EDGE ( 'NONE', *, *, #5787, .T. ) ;
#4492 = VECTOR ( 'NONE', #2923, 1000.000000000000000 ) ;
#4493 = EDGE_LOOP ( 'NONE', ( #4453, #2646, #2444, #3268 ) ) ;
#4494 = ORIENTED_EDGE ( 'NONE', *, *, #4448, .T. ) ;
#4495 = ORIENTED_EDGE ( 'NONE', *, *, #5153, .T. ) ;
#4496 = LINE ( 'NONE', #2008, #5108 ) ;
#4497 = DIRECTION ( 'NONE',  ( 0.8660254037844388186, 0.4999999999999996114, 1.744608677860794044E-17 ) ) ;
#4498 = CARTESIAN_POINT ( 'NONE',  ( 141.0000000000000000, 36.89488223348483587, 10.00000000000000178 ) ) ;
#4499 = ORIENTED_EDGE ( 'NONE', *, *, #3358, .T. ) ;
#4500 = DIRECTION ( 'NONE',  ( -0.4999999999999985567, -0.8660254037844394848, -3.021750869380467951E-17 ) ) ;
#4501 = ORIENTED_EDGE ( 'NONE', *, *, #66, .T. ) ;
#4502 = ORIENTED_EDGE ( 'NONE', *, *, #6987, .T. ) ;
#4503 = EDGE_CURVE ( 'NONE', #7021, #463, #6483, .T. ) ;
#4504 = EDGE_CURVE ( 'NONE', #2137, #786, #7028, .T. ) ;
#4505 = CARTESIAN_POINT ( 'NONE',  ( 111.7499999999999716, 53.78237760728132599, 1.876584053792984316E-15 ) ) ;
#4506 = COORDINATED_UNIVERSAL_TIME_OFFSET ( 3, 0, .BEHIND. ) ;
#4507 = LINE ( 'NONE', #6699, #5674 ) ;
#4508 = CARTESIAN_POINT ( 'NONE',  ( 82.49999999999998579, 70.66987298107788718, 2.465825473322174997E-15 ) ) ;
#4509 = CARTESIAN_POINT ( 'NONE',  ( 74.99999999999994316, 49.88526329025139461, 3.000000000000019096 ) ) ;
#4510 = DIRECTION ( 'NONE',  ( 0.8660254037844388186, 0.4999999999999996669, 0.000000000000000000 ) ) ;
#4511 = ORIENTED_EDGE ( 'NONE', *, *, #444, .F. ) ;
#4512 = ORIENTED_EDGE ( 'NONE', *, *, #6861, .T. ) ;
#4513 = EDGE_CURVE ( 'NONE', #5676, #6164, #5512, .T. ) ;
#4514 = DIRECTION ( 'NONE',  ( 0.5000000000000004441, 0.8660254037844384856, 3.021750869380464253E-17 ) ) ;
#4515 = DIRECTION ( 'NONE',  ( 0.8660254037844382635, -0.5000000000000007772, -1.744608677860799899E-17 ) ) ;
#4516 = CC_DESIGN_PERSON_AND_ORGANIZATION_ASSIGNMENT ( #6100, #2753, ( #7083 ) ) ;
#4517 = DIRECTION ( 'NONE',  ( -0.000000000000000000, 3.489217355721594252E-17, -1.000000000000000000 ) ) ;
#4518 = VECTOR ( 'NONE', #5095, 1000.000000000000000 ) ;
#4519 = EDGE_LOOP ( 'NONE', ( #2614, #691, #6224, #2725, #3222, #6632 ) ) ;
#4520 = ORIENTED_EDGE ( 'NONE', *, *, #2532, .T. ) ;
#4521 = ORIENTED_EDGE ( 'NONE', *, *, #2200, .T. ) ;
#4522 = EDGE_CURVE ( 'NONE', #3705, #5676, #7105, .T. ) ;
#4523 = AXIS2_PLACEMENT_3D ( 'NONE', #6733, #6710, #6180 ) ;
#4524 = EDGE_CURVE ( 'NONE', #5348, #4038, #7138, .T. ) ;
#4525 = LINE ( 'NONE', #6150, #6403 ) ;
#4526 = LINE ( 'NONE', #1789, #1652 ) ;
#4527 = VECTOR ( 'NONE', #1624, 999.9999999999998863 ) ;
#4528 = ORIENTED_EDGE ( 'NONE', *, *, #1188, .F. ) ;
#4529 = ORIENTED_EDGE ( 'NONE', *, *, #6021, .F. ) ;
#4530 = EDGE_CURVE ( 'NONE', #2700, #6248, #515, .T. ) ;
#4531 = ORIENTED_EDGE ( 'NONE', *, *, #5056, .F. ) ;
#4532 = FACE_OUTER_BOUND ( 'NONE', #4690, .T. ) ;
#4533 = CIRCLE ( 'NONE', #6272, 2.500000000000002220 ) ;
#4534 = CARTESIAN_POINT ( 'NONE',  ( 94.49999999999992895, 49.88526329025140882, 3.000000000000019096 ) ) ;
#4535 = CARTESIAN_POINT ( 'NONE',  ( 147.0000000000000284, 49.99999999999999289, 140.0000000000000000 ) ) ;
#4536 = CARTESIAN_POINT ( 'NONE',  ( 150.0010000000000332, 23.78646939829782880, 120.0000000000000000 ) ) ;
#4537 = FACE_OUTER_BOUND ( 'NONE', #5489, .T. ) ;
#4538 = VERTEX_POINT ( 'NONE', #1549 ) ;
#4539 = CARTESIAN_POINT ( 'NONE',  ( 77.24999999999998579, 20.00738685968835640, 6.981012147346078861E-16 ) ) ;
#4540 = EDGE_LOOP ( 'NONE', ( #7031, #184, #6416, #1343 ) ) ;
#4541 = AXIS2_PLACEMENT_3D ( 'NONE', #4593, #1308, #748 ) ;
#4542 = DIRECTION ( 'NONE',  ( -1.000000000000000000, 0.000000000000000000, 1.437389243825479109E-16 ) ) ;
#4543 = DIRECTION ( 'NONE',  ( 1.000000000000000000, -0.000000000000000000, -0.000000000000000000 ) ) ;
#4544 = CARTESIAN_POINT ( 'NONE',  ( 147.0000000000000000, 23.49486378953767840, 29.81121421188651510 ) ) ;
#4545 = VECTOR ( 'NONE', #7034, 1000.000000000000000 ) ;
#4546 = LINE ( 'NONE', #1925, #1081 ) ;
#4547 = CARTESIAN_POINT ( 'NONE',  ( 150.0000000000000000, 17.99486378953767840, -1.560805633135799024E-15 ) ) ;
#4548 = EDGE_LOOP ( 'NONE', ( #6840, #44, #5457, #1076 ) ) ;
#4549 = ORIENTED_EDGE ( 'NONE', *, *, #2043, .F. ) ;
#4550 = AXIS2_PLACEMENT_3D ( 'NONE', #458, #4979, #6536 ) ;
#4551 = VECTOR ( 'NONE', #2917, 1000.000000000000000 ) ;
#4552 = DIRECTION ( 'NONE',  ( -0.000000000000000000, 3.489217355721594252E-17, -1.000000000000000000 ) ) ;
#4553 = CARTESIAN_POINT ( 'NONE',  ( 18.74999999999998934, 20.00738685968838482, 3.000000000000019096 ) ) ;
#4554 = CARTESIAN_POINT ( 'NONE',  ( 96.74999999999997158, 20.00738685968834218, 3.000000000000019096 ) ) ;
#4555 = CARTESIAN_POINT ( 'NONE',  ( 121.4999999999999858, 36.89488223348483587, 1.287342634263795608E-15 ) ) ;
#4556 = VECTOR ( 'NONE', #5232, 1000.000000000000000 ) ;
#4557 = CARTESIAN_POINT ( 'NONE',  ( 116.2500000000004263, -202.2374841615666696, 3.000000000000019096 ) ) ;
#4558 = VECTOR ( 'NONE', #4672, 1000.000000000000114 ) ;
#4559 = ORIENTED_EDGE ( 'NONE', *, *, #6557, .T. ) ;
#4560 = EDGE_CURVE ( 'NONE', #6683, #3351, #409, .T. ) ;
#4561 = VECTOR ( 'NONE', #869, 999.9999999999998863 ) ;
#4562 = ORIENTED_EDGE ( 'NONE', *, *, #4090, .T. ) ;
#4563 = CARTESIAN_POINT ( 'NONE',  ( 23.99999999999999289, 70.66987298107788718, 2.465825473322174997E-15 ) ) ;
#4564 = PLANE ( 'NONE',  #1567 ) ;
#4565 = LINE ( 'NONE', #1827, #3956 ) ;
#4566 = EDGE_CURVE ( 'NONE', #6001, #6458, #5403, .T. ) ;
#4567 = ORIENTED_EDGE ( 'NONE', *, *, #3860, .F. ) ;
#4568 = ORIENTED_EDGE ( 'NONE', *, *, #5972, .T. ) ;
#4569 = VERTEX_POINT ( 'NONE', #6053 ) ;
#4570 = CARTESIAN_POINT ( 'NONE',  ( 48.00000000000000000, 36.89488223348482165, 10.00000000000000178 ) ) ;
#4571 = ORIENTED_EDGE ( 'NONE', *, *, #3556, .T. ) ;
#4572 = VECTOR ( 'NONE', #6309, 999.9999999999998863 ) ;
#4573 = CARTESIAN_POINT ( 'NONE',  ( 121.4999999999999858, 36.89488223348483587, 3.000000000000019096 ) ) ;
#4574 = CARTESIAN_POINT ( 'NONE',  ( 37.50000000000000711, 98.48368917940753420, -10.70984600707936529 ) ) ;
#4575 = CARTESIAN_POINT ( 'NONE',  ( 147.0473520826013498, 47.25984834126140299, 3.000000000000019096 ) ) ;
#4576 = LINE ( 'NONE', #6274, #6703 ) ;
#4577 = EDGE_CURVE ( 'NONE', #3346, #4898, #6618, .T. ) ;
#4578 = CARTESIAN_POINT ( 'NONE',  ( 18.75000000000000355, 28.66764089753276679, 10.00000000000000178 ) ) ;
#4579 = EDGE_LOOP ( 'NONE', ( #1686, #4134 ) ) ;
#4580 = CARTESIAN_POINT ( 'NONE',  ( 45.75000000000000000, 66.77275866404791316, 2.329846684200054404E-15 ) ) ;
#4581 = VERTEX_POINT ( 'NONE', #6190 ) ;
#4582 = ORIENTED_EDGE ( 'NONE', *, *, #1934, .F. ) ;
#4583 = DIRECTION ( 'NONE',  ( -0.000000000000000000, 3.489217355721594252E-17, -1.000000000000000000 ) ) ;
#4584 = FACE_BOUND ( 'NONE', #1711, .T. ) ;
#4585 = PLANE ( 'NONE',  #45 ) ;
#4586 = DIRECTION ( 'NONE',  ( -0.8660254037844388186, -0.4999999999999996669, 0.000000000000000000 ) ) ;
#4587 = EDGE_CURVE ( 'NONE', #5177, #541, #2371, .T. ) ;
#4588 = VERTEX_POINT ( 'NONE', #1689 ) ;
#4589 = DIRECTION ( 'NONE',  ( -1.000000000000000000, -0.000000000000000000, 1.954618001100627820E-16 ) ) ;
#4590 = ORIENTED_EDGE ( 'NONE', *, *, #4477, .T. ) ;
#4591 = DIRECTION ( 'NONE',  ( 0.000000000000000000, 0.000000000000000000, -1.000000000000000000 ) ) ;
#4592 = ORIENTED_EDGE ( 'NONE', *, *, #6610, .F. ) ;
#4593 = CARTESIAN_POINT ( 'NONE',  ( 111.7499999999999574, 28.66764089753270994, 10.00000000000000178 ) ) ;
#4594 = DIRECTION ( 'NONE',  ( 2.209540906293939790E-16, -0.7460747789757220527, 0.6658621660496468753 ) ) ;
#4595 = CARTESIAN_POINT ( 'NONE',  ( 23.99999999999999289, 45.55513627132918941, 3.000000000000019096 ) ) ;
#4596 = AXIS2_PLACEMENT_3D ( 'NONE', #4202, #5321, #3702 ) ;
#4597 = ORIENTED_EDGE ( 'NONE', *, *, #5397, .T. ) ;
#4598 = ORIENTED_EDGE ( 'NONE', *, *, #987, .T. ) ;
#4599 = VECTOR ( 'NONE', #2004, 999.9999999999998863 ) ;
#4600 = PLANE ( 'NONE',  #3608 ) ;
#4601 = ADVANCED_FACE ( 'NONE', ( #2799 ), #4564, .F. ) ;
#4602 = FACE_OUTER_BOUND ( 'NONE', #4688, .T. ) ;
#4603 = DIRECTION ( 'NONE',  ( -1.000000000000000000, -0.000000000000000000, 1.880926496205912652E-16 ) ) ;
#4604 = AXIS2_PLACEMENT_3D ( 'NONE', #3795, #5488, #521 ) ;
#4605 = EDGE_LOOP ( 'NONE', ( #6609, #5339, #4714, #4777 ) ) ;
#4606 = EDGE_LOOP ( 'NONE', ( #6597, #3375, #5985, #3044, #10, #293, #2748, #1192, #4668, #5667, #4071, #1490 ) ) ;
#4607 = ORIENTED_EDGE ( 'NONE', *, *, #6174, .T. ) ;
#4608 = EDGE_CURVE ( 'NONE', #1171, #1274, #6763, .T. ) ;
#4609 = PLANE ( 'NONE',  #2163 ) ;
#4610 = EDGE_CURVE ( 'NONE', #3343, #5208, #1788, .T. ) ;
#4611 = DIRECTION ( 'NONE',  ( 0.000000000000000000, -1.734723475976806700E-15, -1.000000000000000000 ) ) ;
#4612 = VECTOR ( 'NONE', #5706, 1000.000000000000114 ) ;
#4613 = PLANE ( 'NONE',  #5916 ) ;
#4614 = VECTOR ( 'NONE', #4051, 1000.000000000000000 ) ;
#4615 = CARTESIAN_POINT ( 'NONE',  ( 116.2499999999999858, 62.44263164512570086, 10.00000000000000178 ) ) ;
#4616 = DIRECTION ( 'NONE',  ( 0.000000000000000000, 0.000000000000000000, -1.000000000000000000 ) ) ;
#4617 = ORIENTED_EDGE ( 'NONE', *, *, #4796, .F. ) ;
#4618 = ORIENTED_EDGE ( 'NONE', *, *, #6979, .T. ) ;
#4619 = FACE_OUTER_BOUND ( 'NONE', #6364, .T. ) ;
#4620 = EDGE_CURVE ( 'NONE', #787, #4588, #6084, .T. ) ;
#4621 = VECTOR ( 'NONE', #3857, 1000.000000000000000 ) ;
#4622 = FACE_BOUND ( 'NONE', #6767, .T. ) ;
#4623 = DIRECTION ( 'NONE',  ( 0.000000000000000000, 0.000000000000000000, -1.000000000000000000 ) ) ;
#4624 = DIRECTION ( 'NONE',  ( 0.5000000000000004441, -0.8660254037844384856, -3.021750869380464253E-17 ) ) ;
#4625 = ORIENTED_EDGE ( 'NONE', *, *, #1710, .F. ) ;
#4626 = LINE ( 'NONE', #6822, #1606 ) ;
#4627 = FACE_OUTER_BOUND ( 'NONE', #181, .T. ) ;
#4628 = DIRECTION ( 'NONE',  ( -0.000000000000000000, 3.489217355721594252E-17, -1.000000000000000000 ) ) ;
#4629 = VERTEX_POINT ( 'NONE', #3371 ) ;
#4630 = LINE ( 'NONE', #6251, #5133 ) ;
#4631 = EDGE_CURVE ( 'NONE', #1274, #7020, #1826, .T. ) ;
#4632 = CARTESIAN_POINT ( 'NONE',  ( -80.67235208260149193, -57.31271916570943148, 3.000000000000019096 ) ) ;
#4633 = FACE_OUTER_BOUND ( 'NONE', #5919, .T. ) ;
#4634 = CARTESIAN_POINT ( 'NONE',  ( 55.49999999999997868, 32.56475521456263067, 1.136255090794772180E-15 ) ) ;
#4635 = VERTEX_POINT ( 'NONE', #2868 ) ;
#4636 = VERTEX_POINT ( 'NONE', #5029 ) ;
#4637 = LINE ( 'NONE', #5679, #3951 ) ;
#4638 = CARTESIAN_POINT ( 'NONE',  ( 53.24999999999997868, 53.78237760728132599, 3.000000000000019096 ) ) ;
#4639 = CARTESIAN_POINT ( 'NONE',  ( -0.001000000000001000089, 85.06340628446157837, 8.710728321080038583 ) ) ;
#4640 = EDGE_CURVE ( 'NONE', #3728, #4636, #5061, .T. ) ;
#4641 = AXIS2_PLACEMENT_3D ( 'NONE', #5813, #1339, #849 ) ;
#4642 = EDGE_LOOP ( 'NONE', ( #2856, #3215 ) ) ;
#4643 = AXIS2_PLACEMENT_3D ( 'NONE', #2582, #5964, #5897 ) ;
#4644 = ORIENTED_EDGE ( 'NONE', *, *, #6247, .T. ) ;
#4645 = VERTEX_POINT ( 'NONE', #3958 ) ;
#4646 = LINE ( 'NONE', #2990, #4572 ) ;
#4647 = CARTESIAN_POINT ( 'NONE',  ( -97.92235208260150614, -27.43484273514654248, 3.000000000000019096 ) ) ;
#4648 = VECTOR ( 'NONE', #1150, 1000.000000000000000 ) ;
#4649 = CARTESIAN_POINT ( 'NONE',  ( 18.74999999999998934, 20.00738685968838482, 6.981012147346087736E-16 ) ) ;
#4650 = DIRECTION ( 'NONE',  ( -0.8660254037844383745, -0.5000000000000003331, -1.744608677860798050E-17 ) ) ;
#4651 = FACE_OUTER_BOUND ( 'NONE', #2299, .T. ) ;
#4652 = CARTESIAN_POINT ( 'NONE',  ( 16.49999999999998579, 32.56475521456263067, 3.000000000000019096 ) ) ;
#4653 = EDGE_CURVE ( 'NONE', #6118, #541, #2948, .T. ) ;
#4654 = ORIENTED_EDGE ( 'NONE', *, *, #5277, .T. ) ;
#4655 = DIRECTION ( 'NONE',  ( -0.5000000000000004441, 0.8660254037844383745, 3.021750869380464253E-17 ) ) ;
#4656 = EDGE_LOOP ( 'NONE', ( #5395, #3945, #6399, #2014 ) ) ;
#4657 = CARTESIAN_POINT ( 'NONE',  ( 43.49999999999998579, 36.89488223348483587, 1.287342634263795608E-15 ) ) ;
#4658 = CARTESIAN_POINT ( 'NONE',  ( 72.74999999999998579, -202.2374841615668686, 3.000000000000019096 ) ) ;
#4659 = LINE ( 'NONE', #1849, #367 ) ;
#4660 = ORIENTED_EDGE ( 'NONE', *, *, #5153, .F. ) ;
#4661 = PLANE ( 'NONE',  #5404 ) ;
#4662 = EDGE_CURVE ( 'NONE', #2137, #599, #42, .T. ) ;
#4663 = CARTESIAN_POINT ( 'NONE',  ( 126.0000000000000000, -202.2374841615668686, 3.000000000000019096 ) ) ;
#4664 = EDGE_CURVE ( 'NONE', #589, #6267, #4525, .T. ) ;
#4665 = VECTOR ( 'NONE', #2154, 1000.000000000000000 ) ;
#4666 = ORIENTED_EDGE ( 'NONE', *, *, #537, .T. ) ;
#4667 = VERTEX_POINT ( 'NONE', #1236 ) ;
#4668 = ORIENTED_EDGE ( 'NONE', *, *, #3045, .F. ) ;
#4669 = VECTOR ( 'NONE', #3041, 1000.000000000000000 ) ;
#4670 = CARTESIAN_POINT ( 'NONE',  ( 106.5000000000000000, 70.66987298107780191, 2.465825473322171841E-15 ) ) ;
#4671 = LINE ( 'NONE', #4096, #2464 ) ;
#4672 = DIRECTION ( 'NONE',  ( -0.8660254037844383745, -0.5000000000000003331, -1.744608677860798050E-17 ) ) ;
#4673 = PLANE ( 'NONE',  #4596 ) ;
#4674 = ORIENTED_EDGE ( 'NONE', *, *, #137, .T. ) ;
#4675 = ADVANCED_FACE ( 'NONE', ( #2263 ), #575, .F. ) ;
#4676 = ORIENTED_EDGE ( 'NONE', *, *, #3548, .T. ) ;
#4677 = EDGE_CURVE ( 'NONE', #2285, #2363, #4457, .T. ) ;
#4678 = ORIENTED_EDGE ( 'NONE', *, *, #6675, .T. ) ;
#4679 = VECTOR ( 'NONE', #3031, 1000.000000000000000 ) ;
#4680 = CARTESIAN_POINT ( 'NONE',  ( 109.4999999999999858, 101.4800689266309348, -7.352509501688625271 ) ) ;
#4681 = CARTESIAN_POINT ( 'NONE',  ( 65.25000000000000000, 49.45225058835914922, 1.725496510323961677E-15 ) ) ;
#4682 = VECTOR ( 'NONE', #6461, 1000.000000000000000 ) ;
#4683 = CARTESIAN_POINT ( 'NONE',  ( 122.6723520826018614, 5.041109906769869475, 3.000000000000019096 ) ) ;
#4684 = LINE ( 'NONE', #677, #5336 ) ;
#4685 = VECTOR ( 'NONE', #5848, 1000.000000000000000 ) ;
#4686 = ADVANCED_FACE ( 'NONE', ( #148 ), #1715, .F. ) ;
#4687 = CARTESIAN_POINT ( 'NONE',  ( 92.24999999999995737, 20.00738685968831732, 10.00000000000000000 ) ) ;
#4688 = EDGE_LOOP ( 'NONE', ( #721, #5669, #4976, #641 ) ) ;
#4689 = EDGE_LOOP ( 'NONE', ( #114, #4394, #1739, #6430 ) ) ;
#4690 = EDGE_LOOP ( 'NONE', ( #1034, #522, #4943, #2840 ) ) ;
#4691 = CARTESIAN_POINT ( 'NONE',  ( 117.7973520826012219, -3.402637780127920841, 3.000000000000019096 ) ) ;
#4692 = CARTESIAN_POINT ( 'NONE',  ( 150.0010000000000332, 20.24512143266962738, 105.6988552916603652 ) ) ;
#4693 = DIRECTION ( 'NONE',  ( -0.000000000000000000, 3.489217355721594252E-17, -1.000000000000000000 ) ) ;
#4694 = PLANE ( 'NONE',  #897 ) ;
#4695 = PLANE ( 'NONE',  #479 ) ;
#4696 = ORIENTED_EDGE ( 'NONE', *, *, #3127, .F. ) ;
#4697 = LINE ( 'NONE', #947, #5594 ) ;
#4698 = ORIENTED_EDGE ( 'NONE', *, *, #1477, .F. ) ;
#4699 = FACE_OUTER_BOUND ( 'NONE', #5814, .T. ) ;
#4700 = VECTOR ( 'NONE', #812, 1000.000000000000000 ) ;
#4701 = EDGE_CURVE ( 'NONE', #3490, #2377, #1278, .T. ) ;
#4702 = DIRECTION ( 'NONE',  ( -0.8660254037844383745, 0.5000000000000004441, 0.000000000000000000 ) ) ;
#4703 = FACE_BOUND ( 'NONE', #3452, .T. ) ;
#4704 = VERTEX_POINT ( 'NONE', #5141 ) ;
#4705 = CARTESIAN_POINT ( 'NONE',  ( 77.25000000000001421, 53.78237760728131889, 1.876584053792984316E-15 ) ) ;
#4706 = ORIENTED_EDGE ( 'NONE', *, *, #3337, .F. ) ;
#4707 = EDGE_LOOP ( 'NONE', ( #5281, #889, #6322, #7076 ) ) ;
#4708 = DIRECTION ( 'NONE',  ( -1.602468905319638141E-15, 1.000000000000000000, 0.000000000000000000 ) ) ;
#4709 = CARTESIAN_POINT ( 'NONE',  ( 150.0000000000000000, 100.0000000000000000, 3.489217355721594350E-15 ) ) ;
#4710 = EDGE_CURVE ( 'NONE', #6493, #4206, #186, .T. ) ;
#4711 = LINE ( 'NONE', #5320, #5835 ) ;
#4712 = ADVANCED_FACE ( 'NONE', ( #4602 ), #2835, .F. ) ;
#4713 = ORIENTED_EDGE ( 'NONE', *, *, #6517, .T. ) ;
#4714 = ORIENTED_EDGE ( 'NONE', *, *, #3183, .T. ) ;
#4715 = ORIENTED_EDGE ( 'NONE', *, *, #6676, .T. ) ;
#4716 = DIRECTION ( 'NONE',  ( 0.8660254037844387076, -0.4999999999999998890, -1.744608677860796818E-17 ) ) ;
#4717 = CARTESIAN_POINT ( 'NONE',  ( 65.25000000000000000, 66.77275866404791316, 10.00000000000000178 ) ) ;
#4718 = ADVANCED_FACE ( 'NONE', ( #4140 ), #793, .F. ) ;
#4719 = DIRECTION ( 'NONE',  ( 0.8660254037844387076, 0.4999999999999997780, 0.000000000000000000 ) ) ;
#4720 = VECTOR ( 'NONE', #2634, 1000.000000000000000 ) ;
#4721 = LINE ( 'NONE', #3018, #5588 ) ;
#4722 = ORIENTED_EDGE ( 'NONE', *, *, #4631, .F. ) ;
#4723 = ORIENTED_EDGE ( 'NONE', *, *, #3778, .T. ) ;
#4724 = VECTOR ( 'NONE', #3039, 1000.000000000000000 ) ;
#4725 = ORIENTED_EDGE ( 'NONE', *, *, #6681, .F. ) ;
#4726 = EDGE_CURVE ( 'NONE', #23, #4142, #4721, .T. ) ;
#4727 = LINE ( 'NONE', #2567, #2625 ) ;
#4728 = FACE_OUTER_BOUND ( 'NONE', #6049, .T. ) ;
#4729 = CARTESIAN_POINT ( 'NONE',  ( -75.79735208260147772, -65.75646685260841195, 3.000000000000019096 ) ) ;
#4730 = CARTESIAN_POINT ( 'NONE',  ( 126.0000000000000000, 70.66987298107780191, 2.465825473322171841E-15 ) ) ;
#4731 = ORIENTED_EDGE ( 'NONE', *, *, #5925, .T. ) ;
#4732 = CARTESIAN_POINT ( 'NONE',  ( 67.50000000000000000, 79.33012701892225493, 3.000000000000019096 ) ) ;
#4733 = FACE_OUTER_BOUND ( 'NONE', #1854, .T. ) ;
#4734 = DIRECTION ( 'NONE',  ( 0.000000000000000000, -1.000000000000000000, 0.000000000000000000 ) ) ;
#4735 = AXIS2_PLACEMENT_3D ( 'NONE', #3218, #3836, #6538 ) ;
#4736 = CARTESIAN_POINT ( 'NONE',  ( 16.49999999999993250, 49.88526329025141592, 1.740605264670865696E-15 ) ) ;
#4737 = VECTOR ( 'NONE', #2174, 1000.000000000000000 ) ;
#4738 = LINE ( 'NONE', #349, #6800 ) ;
#4739 = DIRECTION ( 'NONE',  ( -0.8660254037844387076, -0.4999999999999999445, 0.000000000000000000 ) ) ;
#4740 = VERTEX_POINT ( 'NONE', #6335 ) ;
#4741 = EDGE_CURVE ( 'NONE', #2577, #1171, #1393, .T. ) ;
#4742 = ORIENTED_EDGE ( 'NONE', *, *, #4653, .F. ) ;
#4743 = VECTOR ( 'NONE', #1090, 1000.000000000000000 ) ;
#4744 = VERTEX_POINT ( 'NONE', #4638 ) ;
#4745 = MECHANICAL_CONTEXT ( 'NONE', #5036, 'mechanical' ) ;
#4746 = CARTESIAN_POINT ( 'NONE',  ( 94.49999999999997158, 32.56475521456263067, 1.136255090794772180E-15 ) ) ;
#4747 = CARTESIAN_POINT ( 'NONE',  ( 3.000000000000000000, 100.0000000000000000, 3.000000000000019096 ) ) ;
#4748 = ORIENTED_EDGE ( 'NONE', *, *, #6668, .F. ) ;
#4749 = VERTEX_POINT ( 'NONE', #3562 ) ;
#4750 = EDGE_CURVE ( 'NONE', #3162, #2414, #1902, .T. ) ;
#4751 = ORIENTED_EDGE ( 'NONE', *, *, #3778, .F. ) ;
#4752 = CC_DESIGN_PERSON_AND_ORGANIZATION_ASSIGNMENT ( #4372, #3977, ( #572 ) ) ;
#4753 = DIRECTION ( 'NONE',  ( 0.000000000000000000, -1.000000000000000000, -3.489217355721596717E-17 ) ) ;
#4754 = CARTESIAN_POINT ( 'NONE',  ( 116.2499999999999858, 62.44263164512570086, 10.00000000000000178 ) ) ;
#4755 = PLANE ( 'NONE',  #3070 ) ;
#4756 = DIRECTION ( 'NONE',  ( 0.000000000000000000, 0.7460747789757224968, -0.6658621660496463202 ) ) ;
#4757 = DIRECTION ( 'NONE',  ( 0.8660254037844383745, 0.5000000000000004441, 0.000000000000000000 ) ) ;
#4758 = EDGE_CURVE ( 'NONE', #5901, #5528, #5756, .T. ) ;
#4759 = EDGE_CURVE ( 'NONE', #1602, #623, #4106, .T. ) ;
#4760 = VERTEX_POINT ( 'NONE', #3056 ) ;
#4761 = ORIENTED_EDGE ( 'NONE', *, *, #400, .F. ) ;
#4762 = CARTESIAN_POINT ( 'NONE',  ( 57.75000000000000711, 53.78237760728131889, 1.876584053792984316E-15 ) ) ;
#4763 = CARTESIAN_POINT ( 'NONE',  ( 147.0000000000000000, 23.49486378953767840, 29.81121421188651510 ) ) ;
#4764 = CARTESIAN_POINT ( 'NONE',  ( 104.2499999999999858, 15.67725984076612988, 10.00000000000000000 ) ) ;
#4765 = VECTOR ( 'NONE', #3646, 1000.000000000000114 ) ;
#4766 = ADVANCED_FACE ( 'NONE', ( #1318 ), #1864, .F. ) ;
#4767 = CARTESIAN_POINT ( 'NONE',  ( 96.74999999999998579, 62.44263164512570086, 3.000000000000019096 ) ) ;
#4768 = ORIENTED_EDGE ( 'NONE', *, *, #6526, .T. ) ;
#4769 = CARTESIAN_POINT ( 'NONE',  ( 37.50000000000000711, 101.4800689266309348, -7.352509501688614613 ) ) ;
#4770 = VECTOR ( 'NONE', #2226, 1000.000000000000000 ) ;
#4771 = VECTOR ( 'NONE', #1999, 1000.000000000000114 ) ;
#4772 = VECTOR ( 'NONE', #2843, 1000.000000000000000 ) ;
#4773 = DIRECTION ( 'NONE',  ( 0.8660254037844378194, 0.5000000000000015543, 0.000000000000000000 ) ) ;
#4774 = LINE ( 'NONE', #779, #6505 ) ;
#4775 = ORIENTED_EDGE ( 'NONE', *, *, #6878, .F. ) ;
#4776 = VERTEX_POINT ( 'NONE', #260 ) ;
#4777 = ORIENTED_EDGE ( 'NONE', *, *, #3153, .F. ) ;
#4778 = LINE ( 'NONE', #2142, #605 ) ;
#4779 = CARTESIAN_POINT ( 'NONE',  ( 57.74999999999999289, 62.44263164512570086, 2.178759140731030384E-15 ) ) ;
#4780 = PLANE ( 'NONE',  #2951 ) ;
#4781 = VECTOR ( 'NONE', #650, 1000.000000000000000 ) ;
#4782 = ORIENTED_EDGE ( 'NONE', *, *, #5652, .F. ) ;
#4783 = ORIENTED_EDGE ( 'NONE', *, *, #7050, .T. ) ;
#4784 = VECTOR ( 'NONE', #102, 1000.000000000000000 ) ;
#4785 = DIRECTION ( 'NONE',  ( -0.000000000000000000, 3.489217355721594252E-17, -1.000000000000000000 ) ) ;
#4786 = DIRECTION ( 'NONE',  ( -0.000000000000000000, 3.489217355721594252E-17, -1.000000000000000000 ) ) ;
#4787 = AXIS2_PLACEMENT_3D ( 'NONE', #3772, #7122, #3839 ) ;
#4788 = EDGE_CURVE ( 'NONE', #5168, #352, #4797, .T. ) ;
#4789 = CARTESIAN_POINT ( 'NONE',  ( 150.0000000000000000, 39.33279704816512634, 95.62808129526348466 ) ) ;
#4790 = ORIENTED_EDGE ( 'NONE', *, *, #1589, .T. ) ;
#4791 = ORIENTED_EDGE ( 'NONE', *, *, #6332, .F. ) ;
#4792 = CIRCLE ( 'NONE', #6057, 2.500000000000002220 ) ;
#4793 = CARTESIAN_POINT ( 'NONE',  ( 94.49999999999997158, 32.56475521456263067, 1.136255090794772180E-15 ) ) ;
#4794 = DIRECTION ( 'NONE',  ( -0.000000000000000000, 0.000000000000000000, -1.000000000000000000 ) ) ;
#4795 = FACE_BOUND ( 'NONE', #6095, .T. ) ;
#4796 = EDGE_CURVE ( 'NONE', #1725, #7057, #2486, .T. ) ;
#4797 = CIRCLE ( 'NONE', #3299, 2.500000000000002220 ) ;
#4798 = LINE ( 'NONE', #6013, #2533 ) ;
#4799 = DIRECTION ( 'NONE',  ( 0.000000000000000000, 0.000000000000000000, -1.000000000000000000 ) ) ;
#4800 = AXIS2_PLACEMENT_3D ( 'NONE', #895, #2619, #5286 ) ;
#4801 = DIRECTION ( 'NONE',  ( 1.000000000000000000, -0.000000000000000000, -0.000000000000000000 ) ) ;
#4802 = ORIENTED_EDGE ( 'NONE', *, *, #1208, .F. ) ;
#4803 = DIRECTION ( 'NONE',  ( -0.000000000000000000, 3.489217355721594252E-17, -1.000000000000000000 ) ) ;
#4804 = ADVANCED_FACE ( 'NONE', ( #3595 ), #6838, .T. ) ;
#4805 = CARTESIAN_POINT ( 'NONE',  ( 72.74999999999998579, -202.2374841615668686, 3.000000000000019096 ) ) ;
#4806 = LINE ( 'NONE', #6024, #6915 ) ;
#4807 = EDGE_LOOP ( 'NONE', ( #3553, #4126, #3531, #472 ) ) ;
#4808 = ORIENTED_EDGE ( 'NONE', *, *, #2848, .F. ) ;
#4809 = ORIENTED_EDGE ( 'NONE', *, *, #1976, .T. ) ;
#4810 = DIRECTION ( 'NONE',  ( -0.000000000000000000, 3.489217355721594252E-17, -1.000000000000000000 ) ) ;
#4811 = VECTOR ( 'NONE', #2946, 1000.000000000000000 ) ;
#4812 = DIRECTION ( 'NONE',  ( 1.000000000000000000, -0.000000000000000000, -0.000000000000000000 ) ) ;
#4813 = DIRECTION ( 'NONE',  ( 0.4999999999999992228, -0.8660254037844391517, -3.021750869380466718E-17 ) ) ;
#4814 = EDGE_CURVE ( 'NONE', #2491, #1464, #4173, .T. ) ;
#4815 = ORIENTED_EDGE ( 'NONE', *, *, #3170, .F. ) ;
#4816 = ORIENTED_EDGE ( 'NONE', *, *, #745, .T. ) ;
#4817 = CARTESIAN_POINT ( 'NONE',  ( 131.2500000000000000, 28.66764089753271350, 1.000276301672653165E-15 ) ) ;
#4818 = DIRECTION ( 'NONE',  ( 0.8660254037844390407, 0.4999999999999992228, 1.744608677860794661E-17 ) ) ;
#4819 = LINE ( 'NONE', #5392, #1798 ) ;
#4820 = CARTESIAN_POINT ( 'NONE',  ( 150.0000000000000000, 100.0000000000000000, 90.00000000000001421 ) ) ;
#4821 = ORIENTED_EDGE ( 'NONE', *, *, #7147, .F. ) ;
#4822 = EDGE_CURVE ( 'NONE', #115, #4176, #334, .T. ) ;
#4823 = ORIENTED_EDGE ( 'NONE', *, *, #2193, .F. ) ;
#4824 = DIRECTION ( 'NONE',  ( 0.000000000000000000, 0.000000000000000000, -1.000000000000000000 ) ) ;
#4825 = DIRECTION ( 'NONE',  ( -0.8660254037844383745, -0.5000000000000004441, 0.000000000000000000 ) ) ;
#4826 = DIRECTION ( 'NONE',  ( -0.8660254037844387076, 0.4999999999999997780, 0.000000000000000000 ) ) ;
#4827 = DIRECTION ( 'NONE',  ( 0.000000000000000000, -3.304235192336773540E-16, -1.000000000000000000 ) ) ;
#4828 = CIRCLE ( 'NONE', #4480, 2.250000000000001776 ) ;
#4829 = EDGE_CURVE ( 'NONE', #121, #2598, #2524, .T. ) ;
#4830 = ORIENTED_EDGE ( 'NONE', *, *, #1298, .T. ) ;
#4831 = CARTESIAN_POINT ( 'NONE',  ( 0.000000000000000000, 0.000000000000000000, 0.000000000000000000 ) ) ;
#4832 = EDGE_CURVE ( 'NONE', #555, #4046, #870, .T. ) ;
#4833 = LINE ( 'NONE', #6421, #2771 ) ;
#4834 = DIRECTION ( 'NONE',  ( 0.8660254037844383745, -0.5000000000000003331, -1.744608677860795893E-17 ) ) ;
#4835 = ORIENTED_EDGE ( 'NONE', *, *, #4908, .F. ) ;
#4836 = ORIENTED_EDGE ( 'NONE', *, *, #4192, .T. ) ;
#4837 = DIRECTION ( 'NONE',  ( 0.8660254037844390407, 0.4999999999999991673, 0.000000000000000000 ) ) ;
#4838 = ORIENTED_EDGE ( 'NONE', *, *, #5182, .T. ) ;
#4839 = ADVANCED_FACE ( 'NONE', ( #2825 ), #4024, .F. ) ;
#4840 = PLANE ( 'NONE',  #5591 ) ;
#4841 = CARTESIAN_POINT ( 'NONE',  ( 74.99999999999998579, 32.56475521456263067, 3.000000000000019096 ) ) ;
#4842 = DIRECTION ( 'NONE',  ( 1.000000000000000000, -0.000000000000000000, -0.000000000000000000 ) ) ;
#4843 = DIRECTION ( 'NONE',  ( -0.000000000000000000, -1.000000000000000000, -3.489217355721593635E-17 ) ) ;
#4844 = ORIENTED_EDGE ( 'NONE', *, *, #4822, .F. ) ;
#4845 = VECTOR ( 'NONE', #4388, 1000.000000000000000 ) ;
#4846 = EDGE_LOOP ( 'NONE', ( #1712, #6355, #1397, #646 ) ) ;
#4847 = EDGE_CURVE ( 'NONE', #4461, #1725, #6139, .T. ) ;
#4848 = DIRECTION ( 'NONE',  ( -1.602468905319638141E-15, 1.000000000000000000, 0.000000000000000000 ) ) ;
#4849 = CARTESIAN_POINT ( 'NONE',  ( 121.4999999999999858, -202.2374841615668686, 3.000000000000019096 ) ) ;
#4850 = ADVANCED_FACE ( 'NONE', ( #6752 ), #69, .F. ) ;
#4851 = DIRECTION ( 'NONE',  ( -1.602468905319633408E-15, -1.000000000000000000, 0.000000000000000000 ) ) ;
#4852 = ORIENTED_EDGE ( 'NONE', *, *, #407, .T. ) ;
#4853 = ORIENTED_EDGE ( 'NONE', *, *, #1663, .T. ) ;
#4854 = DIRECTION ( 'NONE',  ( 1.000000000000000000, -0.000000000000000000, -1.437389243825479109E-16 ) ) ;
#4855 = CARTESIAN_POINT ( 'NONE',  ( 48.00000000000000000, 79.33012701892225493, 10.00000000000000355 ) ) ;
#4856 = LINE ( 'NONE', #2125, #1601 ) ;
#4857 = LINE ( 'NONE', #2705, #1273 ) ;
#4858 = DIRECTION ( 'NONE',  ( 0.000000000000000000, 0.000000000000000000, -1.000000000000000000 ) ) ;
#4859 = ORIENTED_EDGE ( 'NONE', *, *, #4832, .T. ) ;
#4860 = DIRECTION ( 'NONE',  ( 0.8660254037844387076, -0.4999999999999997780, 0.000000000000000000 ) ) ;
#4861 = VECTOR ( 'NONE', #757, 1000.000000000000000 ) ;
#4862 = EDGE_CURVE ( 'NONE', #3609, #2325, #2724, .T. ) ;
#4863 = CARTESIAN_POINT ( 'NONE',  ( 122.6723520826012077, 5.041109906770369520, 3.000000000000019096 ) ) ;
#4864 = CARTESIAN_POINT ( 'NONE',  ( 3.000000000000002665, 17.99486378953767840, -9.837193594863434130E-15 ) ) ;
#4865 = ORIENTED_EDGE ( 'NONE', *, *, #2594, .F. ) ;
#4866 = ORIENTED_EDGE ( 'NONE', *, *, #5972, .F. ) ;
#4867 = AXIS2_PLACEMENT_3D ( 'NONE', #1599, #5456, #7124 ) ;
#4868 = VECTOR ( 'NONE', #861, 1000.000000000000114 ) ;
#4869 = ORIENTED_EDGE ( 'NONE', *, *, #3524, .T. ) ;
#4870 = CARTESIAN_POINT ( 'NONE',  ( 45.75000000000000000, 32.99776791645492580, 1.151363845141677185E-15 ) ) ;
#4871 = CARTESIAN_POINT ( 'NONE',  ( 112.4999999999999858, 101.4800689266309348, -7.352509501688626159 ) ) ;
#4872 = CARTESIAN_POINT ( 'NONE',  ( 104.2500000000000000, 66.77275866404791316, 10.00000000000000178 ) ) ;
#4873 = CARTESIAN_POINT ( 'NONE',  ( 9.000000000000007105, -202.2374841615668686, 3.000000000000019096 ) ) ;
#4874 = CARTESIAN_POINT ( 'NONE',  ( 131.2500000000000000, 53.78237760728131178, 10.00000000000000178 ) ) ;
#4875 = EDGE_CURVE ( 'NONE', #2068, #4569, #4630, .T. ) ;
#4876 = VECTOR ( 'NONE', #3347, 1000.000000000000000 ) ;
#4877 = VERTEX_POINT ( 'NONE', #2858 ) ;
#4878 = ORIENTED_EDGE ( 'NONE', *, *, #5174, .F. ) ;
#4879 = LINE ( 'NONE', #1036, #2585 ) ;
#4880 = DIRECTION ( 'NONE',  ( 2.065146995210483709E-16, 0.000000000000000000, 1.000000000000000000 ) ) ;
#4881 = LINE ( 'NONE', #1466, #3108 ) ;
#4882 = AXIS2_PLACEMENT_3D ( 'NONE', #4935, #1056, #2745 ) ;
#4883 = EDGE_CURVE ( 'NONE', #1479, #780, #6179, .T. ) ;
#4884 = DIRECTION ( 'NONE',  ( -0.8660254037844378194, 0.5000000000000015543, 0.000000000000000000 ) ) ;
#4885 = ORIENTED_EDGE ( 'NONE', *, *, #6337, .T. ) ;
#4886 = VERTEX_POINT ( 'NONE', #1307 ) ;
#4887 = ORIENTED_EDGE ( 'NONE', *, *, #6447, .T. ) ;
#4888 = LINE ( 'NONE', #4793, #3082 ) ;
#4889 = DIRECTION ( 'NONE',  ( 0.000000000000000000, -1.000000000000000000, 0.000000000000000000 ) ) ;
#4890 = DIRECTION ( 'NONE',  ( -1.000000000000000000, 0.000000000000000000, -0.000000000000000000 ) ) ;
#4891 = CARTESIAN_POINT ( 'NONE',  ( 35.99999999999990763, 49.88526329025138040, 3.000000000000019096 ) ) ;
#4892 = LINE ( 'NONE', #377, #543 ) ;
#4893 = EDGE_CURVE ( 'NONE', #3043, #6781, #5630, .T. ) ;
#4894 = CARTESIAN_POINT ( 'NONE',  ( 84.74999999999998579, 32.99776791645491159, 10.00000000000000178 ) ) ;
#4895 = AXIS2_PLACEMENT_3D ( 'NONE', #2551, #3668, #6935 ) ;
#4897 = ORIENTED_EDGE ( 'NONE', *, *, #6583, .F. ) ;
#4896 = VECTOR ( 'NONE', #2779, 1000.000000000000000 ) ;
#4898 = VERTEX_POINT ( 'NONE', #2974 ) ;
#4899 = DIRECTION ( 'NONE',  ( 0.000000000000000000, 1.000000000000000000, 3.489217355721594868E-17 ) ) ;
#4900 = VECTOR ( 'NONE', #4254, 1000.000000000000000 ) ;
#4901 = VECTOR ( 'NONE', #710, 1000.000000000000000 ) ;
#4902 = LINE ( 'NONE', #5486, #705 ) ;
#4903 = AXIS2_PLACEMENT_3D ( 'NONE', #4347, #5429, #468 ) ;
#4904 = PLANE ( 'NONE',  #4604 ) ;
#4905 = ORIENTED_EDGE ( 'NONE', *, *, #1231, .T. ) ;
#4906 = VERTEX_POINT ( 'NONE', #5163 ) ;
#4907 = ORIENTED_EDGE ( 'NONE', *, *, #2944, .F. ) ;
#4908 = EDGE_CURVE ( 'NONE', #787, #4072, #5052, .T. ) ;
#4909 = FACE_OUTER_BOUND ( 'NONE', #1244, .T. ) ;
#4910 = COORDINATED_UNIVERSAL_TIME_OFFSET ( 3, 0, .BEHIND. ) ;
#4911 = CARTESIAN_POINT ( 'NONE',  ( 111.7499999999999716, 53.78237760728132599, 1.876584053792984316E-15 ) ) ;
#4912 = CARTESIAN_POINT ( 'NONE',  ( 87.00000000000000000, 45.55513627132927468, 10.00000000000000178 ) ) ;
#4913 = CARTESIAN_POINT ( 'NONE',  ( 121.4999999999999858, 70.66987298107788718, 10.00000000000000178 ) ) ;
#4914 = DIRECTION ( 'NONE',  ( 1.602468905319638141E-15, 1.000000000000000000, 0.000000000000000000 ) ) ;
#4915 = DIRECTION ( 'NONE',  ( -0.000000000000000000, 3.489217355721594252E-17, -1.000000000000000000 ) ) ;
#4916 = EDGE_LOOP ( 'NONE', ( #6620, #2451, #7085, #5783 ) ) ;
#4917 = ORIENTED_EDGE ( 'NONE', *, *, #7131, .F. ) ;
#4918 = VECTOR ( 'NONE', #5650, 1000.000000000000000 ) ;
#4919 = EDGE_CURVE ( 'NONE', #1424, #2883, #706, .T. ) ;
#4920 = CARTESIAN_POINT ( 'NONE',  ( 150.0000000000000000, 33.49486378953767485, 27.56121421188651155 ) ) ;
#4921 = DIRECTION ( 'NONE',  ( -0.000000000000000000, 3.489217355721594252E-17, -1.000000000000000000 ) ) ;
#4922 = ADVANCED_FACE ( 'NONE', ( #1892 ), #1146, .F. ) ;
#4923 = CARTESIAN_POINT ( 'NONE',  ( 3.000000000000002665, 38.99486378953768195, 74.56121421188655063 ) ) ;
#4924 = AXIS2_PLACEMENT_3D ( 'NONE', #3581, #5890, #5857 ) ;
#4925 = LINE ( 'NONE', #5465, #5093 ) ;
#4926 = ORIENTED_EDGE ( 'NONE', *, *, #5572, .F. ) ;
#4927 = ORIENTED_EDGE ( 'NONE', *, *, #1904, .T. ) ;
#4928 = EDGE_CURVE ( 'NONE', #941, #780, #2881, .T. ) ;
#4929 = CARTESIAN_POINT ( 'NONE',  ( 126.0000000000000000, 79.33012701892225493, 3.000000000000019096 ) ) ;
#4930 = FACE_BOUND ( 'NONE', #373, .T. ) ;
#4931 = CARTESIAN_POINT ( 'NONE',  ( 26.24999999999999645, 66.77275866404791316, 3.000000000000019096 ) ) ;
#4932 = CARTESIAN_POINT ( 'NONE',  ( -88.17235208260132140, -44.32233810894239667, 3.000000000000019096 ) ) ;
#4933 = ADVANCED_FACE ( 'NONE', ( #6739 ), #6127, .F. ) ;
#4934 = CARTESIAN_POINT ( 'NONE',  ( 131.2500000000000000, 28.66764089753271350, 10.00000000000000178 ) ) ;
#4935 = CARTESIAN_POINT ( 'NONE',  ( 133.4999999999999716, 83.66025403784443881, 10.00000000000000355 ) ) ;
#4936 = VECTOR ( 'NONE', #4323, 999.9999999999998863 ) ;
#4937 = CARTESIAN_POINT ( 'NONE',  ( 92.24999999999997158, 28.66764089753272060, 3.000000000000019096 ) ) ;
#4938 = LINE ( 'NONE', #2747, #4737 ) ;
#4939 = VERTEX_POINT ( 'NONE', #235 ) ;
#4940 = ORIENTED_EDGE ( 'NONE', *, *, #2050, .F. ) ;
#4941 = VECTOR ( 'NONE', #1758, 1000.000000000000000 ) ;
#4942 = ORIENTED_EDGE ( 'NONE', *, *, #2759, .T. ) ;
#4943 = ORIENTED_EDGE ( 'NONE', *, *, #271, .F. ) ;
#4944 = CARTESIAN_POINT ( 'NONE',  ( 3.000000000000000000, -202.2374841615668686, 3.000000000000019096 ) ) ;
#4945 = LINE ( 'NONE', #4439, #6496 ) ;
#4946 = COORDINATED_UNIVERSAL_TIME_OFFSET ( 3, 0, .BEHIND. ) ;
#4947 = DIRECTION ( 'NONE',  ( 0.8660254037844380415, -0.5000000000000012212, -1.744608677860802673E-17 ) ) ;
#4948 = LINE ( 'NONE', #7155, #4918 ) ;
#4949 = CARTESIAN_POINT ( 'NONE',  ( 0.000000000000000000, 100.0000000000000000, 3.489217355721594350E-15 ) ) ;
#4950 = LINE ( 'NONE', #7157, #5644 ) ;
#4951 = EDGE_CURVE ( 'NONE', #1233, #2943, #5656, .T. ) ;
#4952 = ADVANCED_FACE ( 'NONE', ( #2919 ), #4047, .F. ) ;
#4953 = EDGE_LOOP ( 'NONE', ( #4343, #4878, #5328, #2264 ) ) ;
#4954 = ORIENTED_EDGE ( 'NONE', *, *, #2604, .T. ) ;
#4955 = DIRECTION ( 'NONE',  ( -0.8660254037844383745, -0.5000000000000004441, 0.000000000000000000 ) ) ;
#4956 = FACE_OUTER_BOUND ( 'NONE', #6652, .T. ) ;
#4957 = DIRECTION ( 'NONE',  ( -1.000000000000000000, 1.602468905319637155E-15, 5.591362316445462519E-32 ) ) ;
#4958 = VECTOR ( 'NONE', #4773, 1000.000000000000000 ) ;
#4959 = VECTOR ( 'NONE', #5015, 1000.000000000000000 ) ;
#4960 = CARTESIAN_POINT ( 'NONE',  ( 112.4999999999999858, 101.4800689266309348, -4.852509501688624383 ) ) ;
#4961 = ORIENTED_EDGE ( 'NONE', *, *, #5856, .F. ) ;
#4962 = ADVANCED_FACE ( 'NONE', ( #5154 ), #1804, .F. ) ;
#4963 = ORIENTED_EDGE ( 'NONE', *, *, #3532, .F. ) ;
#4964 = VERTEX_POINT ( 'NONE', #2345 ) ;
#4965 = VECTOR ( 'NONE', #4693, 1000.000000000000000 ) ;
#4966 = DIRECTION ( 'NONE',  ( 0.000000000000000000, 0.8844474253139080755, -0.4666398524082561172 ) ) ;
#4967 = EDGE_CURVE ( 'NONE', #957, #6833, #6815, .T. ) ;
#4968 = EDGE_CURVE ( 'NONE', #5490, #1677, #3538, .T. ) ;
#4969 = ORIENTED_EDGE ( 'NONE', *, *, #6249, .F. ) ;
#4970 = ORIENTED_EDGE ( 'NONE', *, *, #5277, .F. ) ;
#4971 = CARTESIAN_POINT ( 'NONE',  ( 67.50000000000000000, -202.2374841615668686, 3.000000000000019096 ) ) ;
#4972 = PLANE ( 'NONE',  #2128 ) ;
#4973 = EDGE_CURVE ( 'NONE', #4142, #3184, #4014, .T. ) ;
#4974 = ADVANCED_FACE ( 'NONE', ( #1170 ), #1761, .F. ) ;
#4975 = DIRECTION ( 'NONE',  ( -0.000000000000000000, 3.489217355721594252E-17, -1.000000000000000000 ) ) ;
#4976 = ORIENTED_EDGE ( 'NONE', *, *, #1729, .F. ) ;
#4977 = ORIENTED_EDGE ( 'NONE', *, *, #2594, .T. ) ;
#4978 = ORIENTED_EDGE ( 'NONE', *, *, #1961, .F. ) ;
#4979 = DIRECTION ( 'NONE',  ( -0.4999999999999992228, -0.8660254037844391517, -3.021750869380466718E-17 ) ) ;
#4980 = LINE ( 'NONE', #7120, #2968 ) ;
#4981 = DIRECTION ( 'NONE',  ( 0.4999999999999992228, -0.8660254037844391517, -3.021750869380466718E-17 ) ) ;
#4982 = LINE ( 'NONE', #5080, #5487 ) ;
#4983 = EDGE_CURVE ( 'NONE', #4749, #3343, #5041, .T. ) ;
#4984 = VECTOR ( 'NONE', #1865, 1000.000000000000114 ) ;
#4985 = EDGE_LOOP ( 'NONE', ( #2942, #2787, #3530, #5063 ) ) ;
#4986 = AXIS2_PLACEMENT_3D ( 'NONE', #2568, #2600, #4794 ) ;
#4987 = VERTEX_POINT ( 'NONE', #4539 ) ;
#4988 = LINE ( 'NONE', #5808, #5921 ) ;
#4989 = DIRECTION ( 'NONE',  ( 0.000000000000000000, 0.000000000000000000, 1.000000000000000000 ) ) ;
#4990 = CARTESIAN_POINT ( 'NONE',  ( 101.9999999999999858, 70.66987298107788718, 10.00000000000000178 ) ) ;
#4991 = AXIS2_PLACEMENT_3D ( 'NONE', #7108, #6655, #1693 ) ;
#4992 = ORIENTED_EDGE ( 'NONE', *, *, #4967, .F. ) ;
#4993 = ORIENTED_EDGE ( 'NONE', *, *, #896, .T. ) ;
#4994 = EDGE_CURVE ( 'NONE', #957, #6315, #5586, .T. ) ;
#4995 = DIRECTION ( 'NONE',  ( 0.000000000000000000, -1.000000000000000000, 0.000000000000000000 ) ) ;
#4996 = CARTESIAN_POINT ( 'NONE',  ( 65.25000000000000000, 32.99776791645491159, 10.00000000000000178 ) ) ;
#4997 = ORIENTED_EDGE ( 'NONE', *, *, #2291, .T. ) ;
#4998 = VECTOR ( 'NONE', #2841, 1000.000000000000000 ) ;
#4999 = ORIENTED_EDGE ( 'NONE', *, *, #3476, .F. ) ;
#5000 = ORIENTED_EDGE ( 'NONE', *, *, #3616, .T. ) ;
#5001 = CARTESIAN_POINT ( 'NONE',  ( 147.0000000000000284, 33.49486378953767485, 81.01121421188651084 ) ) ;
#5002 = CARTESIAN_POINT ( 'NONE',  ( 3.000000000000006661, 38.99486378953768906, 34.56121421188648668 ) ) ;
#5003 = EDGE_CURVE ( 'NONE', #5349, #2802, #2389, .T. ) ;
#5004 = CARTESIAN_POINT ( 'NONE',  ( 127.5473520826020177, 13.48485759366804793, 3.000000000000019096 ) ) ;
#5005 = DIRECTION ( 'NONE',  ( 1.602468905319637155E-15, 1.000000000000000000, 3.489217355721593635E-17 ) ) ;
#5006 = LINE ( 'NONE', #2343, #556 ) ;
#5007 = EDGE_LOOP ( 'NONE', ( #5993, #2637, #4178, #4013 ) ) ;
#5008 = VECTOR ( 'NONE', #88, 1000.000000000000000 ) ;
#5009 = ORIENTED_EDGE ( 'NONE', *, *, #4560, .T. ) ;
#5010 = LINE ( 'NONE', #659, #449 ) ;
#5011 = EDGE_CURVE ( 'NONE', #121, #3462, #1842, .T. ) ;
#5012 = DATE_AND_TIME ( #2246, #2133 ) ;
#5013 = VECTOR ( 'NONE', #6819, 1000.000000000000000 ) ;
#5014 = FACE_BOUND ( 'NONE', #1795, .T. ) ;
#5015 = DIRECTION ( 'NONE',  ( 0.8660254037844383745, 0.5000000000000004441, 1.744608677860797742E-17 ) ) ;
#5016 = CARTESIAN_POINT ( 'NONE',  ( 116.2499999999996163, -202.2374841615670675, 3.000000000000019096 ) ) ;
#5017 = AXIS2_PLACEMENT_3D ( 'NONE', #538, #4957, #4241 ) ;
#5018 = PLANE ( 'NONE',  #545 ) ;
#5019 = DIRECTION ( 'NONE',  ( 3.204937810639274309E-15, 1.000000000000000000, 0.000000000000000000 ) ) ;
#5020 = LINE ( 'NONE', #3477, #4269 ) ;
#5021 = ORIENTED_EDGE ( 'NONE', *, *, #2328, .F. ) ;
#5022 = ADVANCED_FACE ( 'NONE', ( #3423 ), #5616, .F. ) ;
#5023 = CARTESIAN_POINT ( 'NONE',  ( 150.0000000000000000, 33.49486378953767485, 77.61121421188651937 ) ) ;
#5024 = LINE ( 'NONE', #2288, #328 ) ;
#5025 = DIRECTION ( 'NONE',  ( 1.602468905319637155E-15, 1.000000000000000000, 3.489217355721593635E-17 ) ) ;
#5026 = ORIENTED_EDGE ( 'NONE', *, *, #2847, .F. ) ;
#5027 = EDGE_LOOP ( 'NONE', ( #1398, #4562, #3549, #2727 ) ) ;
#5028 = VECTOR ( 'NONE', #5398, 1000.000000000000114 ) ;
#5029 = CARTESIAN_POINT ( 'NONE',  ( 123.7500000000000426, 49.45225058835912080, 1.725496510323960691E-15 ) ) ;
#5030 = ORIENTED_EDGE ( 'NONE', *, *, #563, .T. ) ;
#5031 = EDGE_CURVE ( 'NONE', #5927, #6938, #1877, .T. ) ;
#5032 = VERTEX_POINT ( 'NONE', #6277 ) ;
#5033 = EDGE_LOOP ( 'NONE', ( #2788, #5544, #4102, #4205 ) ) ;
#5034 = ORIENTED_EDGE ( 'NONE', *, *, #246, .F. ) ;
#5035 = CARTESIAN_POINT ( 'NONE',  ( 106.5000000000000000, 70.66987298107780191, 10.00000000000000178 ) ) ;
#5036 = APPLICATION_CONTEXT ( 'configuration controlled 3d designs of mechanical parts and assemblies' ) ;
#5037 = CARTESIAN_POINT ( 'NONE',  ( 48.00000000000000000, 36.89488223348482165, 1.287342634263795411E-15 ) ) ;
#5038 = DIRECTION ( 'NONE',  ( -1.602468905319637943E-15, 1.000000000000000000, 3.489217355721594252E-17 ) ) ;
#5039 = ADVANCED_FACE ( 'NONE', ( #5737 ), #771, .F. ) ;
#5040 = ORIENTED_EDGE ( 'NONE', *, *, #6848, .T. ) ;
#5041 = LINE ( 'NONE', #166, #2611 ) ;
#5042 = ORIENTED_EDGE ( 'NONE', *, *, #5774, .F. ) ;
#5043 = EDGE_CURVE ( 'NONE', #6914, #6641, #309, .T. ) ;
#5044 = VERTEX_POINT ( 'NONE', #6958 ) ;
#5045 = CARTESIAN_POINT ( 'NONE',  ( 74.99999999999992895, 66.33974596215564645, 10.00000000000000178 ) ) ;
#5046 = DIRECTION ( 'NONE',  ( -1.000000000000000000, -0.000000000000000000, 0.000000000000000000 ) ) ;
#5047 = CARTESIAN_POINT ( 'NONE',  ( 141.0000000000000000, 79.33012701892224072, 10.00000000000000355 ) ) ;
#5048 = ORIENTED_EDGE ( 'NONE', *, *, #2265, .F. ) ;
#5049 = EDGE_CURVE ( 'NONE', #1018, #3340, #6889, .T. ) ;
#5051 = VERTEX_POINT ( 'NONE', #2636 ) ;
#5050 = VECTOR ( 'NONE', #96, 1000.000000000000114 ) ;
#5052 = LINE ( 'NONE', #6709, #6060 ) ;
#5053 = CARTESIAN_POINT ( 'NONE',  ( 0.000000000000000000, -1.714505518806294283E-14, 140.0000000000000000 ) ) ;
#5054 = CARTESIAN_POINT ( 'NONE',  ( 113.9999999999999716, 32.56475521456263067, 10.00000000000000178 ) ) ;
#5055 = DIRECTION ( 'NONE',  ( -1.000000000000000000, -0.000000000000000000, 1.954618001100628066E-16 ) ) ;
#5056 = EDGE_CURVE ( 'NONE', #5637, #1629, #5879, .T. ) ;
#5057 = ORIENTED_EDGE ( 'NONE', *, *, #4477, .F. ) ;
#5058 = EDGE_LOOP ( 'NONE', ( #344, #5292, #1937, #2715 ) ) ;
#5059 = VECTOR ( 'NONE', #3833, 1000.000000000000000 ) ;
#5060 = AXIS2_PLACEMENT_3D ( 'NONE', #7073, #3285, #1628 ) ;
#5061 = LINE ( 'NONE', #111, #1912 ) ;
#5062 = CARTESIAN_POINT ( 'NONE',  ( 23.99999999999999289, 70.66987298107788718, 10.00000000000000178 ) ) ;
#5063 = ORIENTED_EDGE ( 'NONE', *, *, #6174, .F. ) ;
#5064 = VECTOR ( 'NONE', #5269, 999.9999999999998863 ) ;
#5065 = ORIENTED_EDGE ( 'NONE', *, *, #4967, .T. ) ;
#5066 = ORIENTED_EDGE ( 'NONE', *, *, #6041, .T. ) ;
#5067 = EDGE_LOOP ( 'NONE', ( #2615, #2542, #5491, #3640 ) ) ;
#5068 = PLANE ( 'NONE',  #6961 ) ;
#5069 = DIRECTION ( 'NONE',  ( 0.8660254037844394848, -0.4999999999999983902, 0.000000000000000000 ) ) ;
#5070 = CARTESIAN_POINT ( 'NONE',  ( 48.00000000000000000, 45.55513627132927468, 10.00000000000000178 ) ) ;
#5071 = LINE ( 'NONE', #2593, #5828 ) ;
#5072 = ORIENTED_EDGE ( 'NONE', *, *, #976, .F. ) ;
#5073 = CARTESIAN_POINT ( 'NONE',  ( 33.74999999999997158, 62.44263164512573638, 10.00000000000000178 ) ) ;
#5074 = ORIENTED_EDGE ( 'NONE', *, *, #6707, .F. ) ;
#5075 = ORIENTED_EDGE ( 'NONE', *, *, #5288, .F. ) ;
#5076 = LINE ( 'NONE', #2278, #4614 ) ;
#5077 = DIRECTION ( 'NONE',  ( -0.000000000000000000, -1.000000000000000000, -3.489217355721594252E-17 ) ) ;
#5078 = EDGE_CURVE ( 'NONE', #2552, #3783, #3068, .T. ) ;
#5079 = LINE ( 'NONE', #4121, #6519 ) ;
#5080 = CARTESIAN_POINT ( 'NONE',  ( 26.24999999999999645, 32.99776791645494001, 1.151363845141677580E-15 ) ) ;
#5081 = LINE ( 'NONE', #4547, #6091 ) ;
#5082 = ORIENTED_EDGE ( 'NONE', *, *, #1457, .F. ) ;
#5083 = CARTESIAN_POINT ( 'NONE',  ( 131.2500000000000000, 62.44263164512573638, 10.00000000000000178 ) ) ;
#5084 = VERTEX_POINT ( 'NONE', #6381 ) ;
#5085 = CARTESIAN_POINT ( 'NONE',  ( 87.00000000000000000, 70.66987298107780191, 10.00000000000000178 ) ) ;
#5086 = LINE ( 'NONE', #2321, #6948 ) ;
#5087 = EDGE_CURVE ( 'NONE', #2470, #4001, #1441, .T. ) ;
#5088 = DIRECTION ( 'NONE',  ( -0.8660254037844397068, -0.4999999999999979461, 0.000000000000000000 ) ) ;
#5089 = VECTOR ( 'NONE', #6377, 1000.000000000000000 ) ;
#5090 = ORIENTED_EDGE ( 'NONE', *, *, #2273, .F. ) ;
#5091 = ORIENTED_EDGE ( 'NONE', *, *, #145, .F. ) ;
#5092 = EDGE_LOOP ( 'NONE', ( #6768, #3739, #3192, #2374 ) ) ;
#5093 = VECTOR ( 'NONE', #2734, 1000.000000000000000 ) ;
#5094 = VECTOR ( 'NONE', #4026, 1000.000000000000000 ) ;
#5095 = DIRECTION ( 'NONE',  ( -0.000000000000000000, 3.489217355721594252E-17, -1.000000000000000000 ) ) ;
#5096 = EDGE_CURVE ( 'NONE', #4877, #5779, #411, .T. ) ;
#5097 = AXIS2_PLACEMENT_3D ( 'NONE', #5855, #887, #1723 ) ;
#5098 = CARTESIAN_POINT ( 'NONE',  ( 94.49999999999997158, 83.66025403784443881, 2.919088103729243901E-15 ) ) ;
#5099 = DIRECTION ( 'NONE',  ( -0.8660254037844390407, -0.4999999999999992228, -1.744608677860793428E-17 ) ) ;
#5100 = EDGE_LOOP ( 'NONE', ( #3113, #3982, #1996, #3069 ) ) ;
#5101 = ORIENTED_EDGE ( 'NONE', *, *, #6906, .T. ) ;
#5102 = ORIENTED_EDGE ( 'NONE', *, *, #5572, .T. ) ;
#5103 = ORIENTED_EDGE ( 'NONE', *, *, #6541, .F. ) ;
#5104 = LINE ( 'NONE', #158, #264 ) ;
#5105 = ADVANCED_FACE ( 'NONE', ( #5306 ), #4150, .F. ) ;
#5106 = LINE ( 'NONE', #4913, #4004 ) ;
#5107 = DIRECTION ( 'NONE',  ( 0.8660254037844383745, 0.5000000000000004441, 0.000000000000000000 ) ) ;
#5108 = VECTOR ( 'NONE', #4753, 1000.000000000000000 ) ;
#5109 = DIRECTION ( 'NONE',  ( 0.000000000000000000, 0.7460747789757224968, -0.6658621660496464312 ) ) ;
#5110 = LINE ( 'NONE', #5230, #5792 ) ;
#5111 = CARTESIAN_POINT ( 'NONE',  ( -83.29735208260133561, -52.76608579584055292, 3.000000000000019096 ) ) ;
#5112 = DIRECTION ( 'NONE',  ( -0.000000000000000000, 3.489217355721594252E-17, -1.000000000000000000 ) ) ;
#5113 = ORIENTED_EDGE ( 'NONE', *, *, #1360, .T. ) ;
#5114 = AXIS2_PLACEMENT_3D ( 'NONE', #4451, #3887, #3847 ) ;
#5115 = ORIENTED_EDGE ( 'NONE', *, *, #3150, .T. ) ;
#5116 = CARTESIAN_POINT ( 'NONE',  ( 111.7499999999999574, 28.66764089753270994, 3.000000000000019096 ) ) ;
#5117 = CARTESIAN_POINT ( 'NONE',  ( -0.001000000000001000089, 17.99486378953768195, 34.56121421188652221 ) ) ;
#5118 = CARTESIAN_POINT ( 'NONE',  ( 57.74999999999999289, 62.44263164512570086, 3.000000000000019096 ) ) ;
#5119 = AXIS2_PLACEMENT_3D ( 'NONE', #800, #6311, #4611 ) ;
#5120 = DIRECTION ( 'NONE',  ( -0.8660254037844387076, -0.4999999999999999445, 0.000000000000000000 ) ) ;
#5121 = LINE ( 'NONE', #5197, #6831 ) ;
#5122 = CARTESIAN_POINT ( 'NONE',  ( 147.0000000000000284, 49.99999999999999289, 90.00000000000001421 ) ) ;
#5123 = ORIENTED_EDGE ( 'NONE', *, *, #4434, .T. ) ;
#5124 = DIRECTION ( 'NONE',  ( 1.000000000000000000, 0.000000000000000000, 0.000000000000000000 ) ) ;
#5125 = ADVANCED_FACE ( 'NONE', ( #2570 ), #2606, .F. ) ;
#5126 = VERTEX_POINT ( 'NONE', #273 ) ;
#5127 = VECTOR ( 'NONE', #5702, 1000.000000000000000 ) ;
#5128 = AXIS2_PLACEMENT_3D ( 'NONE', #86, #3827, #7144 ) ;
#5129 = CARTESIAN_POINT ( 'NONE',  ( 48.00000000000000000, 79.33012701892225493, 10.00000000000000355 ) ) ;
#5130 = CARTESIAN_POINT ( 'NONE',  ( 94.49999999999991473, 66.33974596215564645, 2.314737929853150582E-15 ) ) ;
#5131 = CARTESIAN_POINT ( 'NONE',  ( 0.000000000000000000, 99.99999999999998579, 90.00000000000001421 ) ) ;
#5132 = LINE ( 'NONE', #4555, #5094 ) ;
#5133 = VECTOR ( 'NONE', #635, 1000.000000000000000 ) ;
#5134 = LINE ( 'NONE', #4132, #2376 ) ;
#5135 = VECTOR ( 'NONE', #5931, 1000.000000000000000 ) ;
#5136 = VERTEX_POINT ( 'NONE', #4118 ) ;
#5137 = EDGE_CURVE ( 'NONE', #5577, #6467, #1206, .T. ) ;
#5138 = ORIENTED_EDGE ( 'NONE', *, *, #4304, .F. ) ;
#5139 = ADVANCED_FACE ( 'NONE', ( #2500 ), #2023, .F. ) ;
#5140 = LINE ( 'NONE', #6876, #3030 ) ;
#5141 = CARTESIAN_POINT ( 'NONE',  ( 33.74999999999997158, 62.44263164512573638, 2.178759140731031568E-15 ) ) ;
#5142 = DIRECTION ( 'NONE',  ( 0.8660254037844383745, -0.5000000000000003331, 0.000000000000000000 ) ) ;
#5143 = EDGE_CURVE ( 'NONE', #4263, #5793, #2058, .T. ) ;
#5144 = ORIENTED_EDGE ( 'NONE', *, *, #5905, .T. ) ;
#5145 = ORIENTED_EDGE ( 'NONE', *, *, #3756, .F. ) ;
#5146 = EDGE_LOOP ( 'NONE', ( #6157, #1784, #5880, #224 ) ) ;
#5147 = VECTOR ( 'NONE', #490, 1000.000000000000000 ) ;
#5148 = DIRECTION ( 'NONE',  ( 0.8660254037844378194, 0.5000000000000015543, 0.000000000000000000 ) ) ;
#5149 = DIRECTION ( 'NONE',  ( -0.8660254037844383745, 0.5000000000000004441, 1.744608677860799899E-17 ) ) ;
#5150 = DIRECTION ( 'NONE',  ( 0.5000000000000004441, 0.8660254037844384856, 3.021750869380464253E-17 ) ) ;
#5151 = DIRECTION ( 'NONE',  ( 0.000000000000000000, -1.000000000000000000, 0.000000000000000000 ) ) ;
#5152 = ORIENTED_EDGE ( 'NONE', *, *, #4513, .F. ) ;
#5153 = EDGE_CURVE ( 'NONE', #1610, #3390, #1514, .T. ) ;
#5154 = FACE_OUTER_BOUND ( 'NONE', #4315, .T. ) ;
#5155 = ORIENTED_EDGE ( 'NONE', *, *, #1729, .T. ) ;
#5156 = DIRECTION ( 'NONE',  ( -0.5000000000000004441, -0.8660254037844383745, -3.021750869380464253E-17 ) ) ;
#5157 = FACE_BOUND ( 'NONE', #2657, .T. ) ;
#5158 = DIRECTION ( 'NONE',  ( 1.000000000000000000, 0.000000000000000000, -1.880926496205912652E-16 ) ) ;
#5159 = CARTESIAN_POINT ( 'NONE',  ( 113.9999999999999147, 66.33974596215564645, 3.000000000000019096 ) ) ;
#5160 = CARTESIAN_POINT ( 'NONE',  ( 48.00000000000000000, -202.2374841615668686, 3.000000000000019096 ) ) ;
#5161 = DIRECTION ( 'NONE',  ( -1.880926496205912652E-16, 0.000000000000000000, -1.000000000000000000 ) ) ;
#5162 = ORIENTED_EDGE ( 'NONE', *, *, #571, .T. ) ;
#5163 = CARTESIAN_POINT ( 'NONE',  ( 106.5000000000000000, 70.66987298107780191, 3.000000000000019096 ) ) ;
#5164 = DIRECTION ( 'NONE',  ( 1.000000000000000000, 0.000000000000000000, -1.880926496205912652E-16 ) ) ;
#5165 = CARTESIAN_POINT ( 'NONE',  ( 33.74999999999997158, 28.66764089753274902, 1.000276301672654546E-15 ) ) ;
#5166 = CARTESIAN_POINT ( 'NONE',  ( 121.4999999999999858, 45.55513627132918941, 10.00000000000000178 ) ) ;
#5167 = EDGE_CURVE ( 'NONE', #3365, #2883, #842, .T. ) ;
#5168 = VERTEX_POINT ( 'NONE', #6922 ) ;
#5169 = AXIS2_PLACEMENT_3D ( 'NONE', #1427, #5294, #5867 ) ;
#5170 = LINE ( 'NONE', #3806, #5933 ) ;
#5171 = VERTEX_POINT ( 'NONE', #1368 ) ;
#5172 = CARTESIAN_POINT ( 'NONE',  ( 150.0000000000000000, -1.714505518806294283E-14, 140.0000000000000000 ) ) ;
#5173 = DIRECTION ( 'NONE',  ( 0.4999999999999999445, -0.8660254037844387076, -3.021750869380466102E-17 ) ) ;
#5174 = EDGE_CURVE ( 'NONE', #3858, #4760, #4697, .T. ) ;
#5175 = CARTESIAN_POINT ( 'NONE',  ( 40.50000000000000711, 101.4800689266309348, -7.352509501688614613 ) ) ;
#5176 = DIRECTION ( 'NONE',  ( 0.000000000000000000, -1.000000000000000000, -3.489217355721593635E-17 ) ) ;
#5177 = VERTEX_POINT ( 'NONE', #1404 ) ;
#5178 = VERTEX_POINT ( 'NONE', #4767 ) ;
#5179 = VERTEX_POINT ( 'NONE', #1987 ) ;
#5180 = CARTESIAN_POINT ( 'NONE',  ( 0.000000000000000000, 0.000000000000000000, 0.000000000000000000 ) ) ;
#5181 = FACE_OUTER_BOUND ( 'NONE', #4953, .T. ) ;
#5182 = EDGE_CURVE ( 'NONE', #3269, #5051, #3610, .T. ) ;
#5183 = DIRECTION ( 'NONE',  ( 0.000000000000000000, -1.000000000000000000, -3.489217355721596717E-17 ) ) ;
#5184 = ADVANCED_FACE ( 'NONE', ( #5806 ), #3102, .F. ) ;
#5185 = DIRECTION ( 'NONE',  ( -0.8660254037844383745, 0.5000000000000004441, 0.000000000000000000 ) ) ;
#5186 = DIRECTION ( 'NONE',  ( -0.8660254037844399289, -0.4999999999999977796, -1.744608677860789114E-17 ) ) ;
#5187 = CARTESIAN_POINT ( 'NONE',  ( 111.7499999999999716, 62.44263164512573638, 10.00000000000000178 ) ) ;
#5188 = AXIS2_PLACEMENT_3D ( 'NONE', #1443, #2428, #1407 ) ;
#5189 = DIRECTION ( 'NONE',  ( 0.8660254037844383745, 0.5000000000000003331, 0.000000000000000000 ) ) ;
#5190 = EDGE_LOOP ( 'NONE', ( #4494, #4678, #6623, #3059 ) ) ;
#5191 = CARTESIAN_POINT ( 'NONE',  ( 48.00000000000000000, 70.66987298107780191, 2.465825473322171841E-15 ) ) ;
#5192 = ORIENTED_EDGE ( 'NONE', *, *, #5833, .F. ) ;
#5193 = PLANE ( 'NONE',  #1138 ) ;
#5194 = EDGE_CURVE ( 'NONE', #422, #1829, #2446, .T. ) ;
#5195 = FACE_OUTER_BOUND ( 'NONE', #294, .T. ) ;
#5196 = EDGE_CURVE ( 'NONE', #5171, #3246, #790, .T. ) ;
#5197 = CARTESIAN_POINT ( 'NONE',  ( 3.000000000000000000, 100.0000000000000000, 3.000000000000019096 ) ) ;
#5198 = ORIENTED_EDGE ( 'NONE', *, *, #2538, .F. ) ;
#5199 = DIRECTION ( 'NONE',  ( 0.8660254037844378194, 0.5000000000000014433, 1.744608677860803597E-17 ) ) ;
#5200 = DIRECTION ( 'NONE',  ( -0.4999999999999982792, 0.8660254037844395958, 3.021750869380468567E-17 ) ) ;
#5201 = ORIENTED_EDGE ( 'NONE', *, *, #5910, .T. ) ;
#5202 = ORIENTED_EDGE ( 'NONE', *, *, #6657, .T. ) ;
#5203 = CARTESIAN_POINT ( 'NONE',  ( 37.50000000000000711, 101.4800689266309348, -7.352509501688614613 ) ) ;
#5204 = CARTESIAN_POINT ( 'NONE',  ( 84.74999999999998579, 49.45225058835914922, 10.00000000000000178 ) ) ;
#5205 = LINE ( 'NONE', #669, #6599 ) ;
#5206 = CARTESIAN_POINT ( 'NONE',  ( 43.49999999999998579, 79.33012701892224072, 10.00000000000000355 ) ) ;
#5207 = ADVANCED_FACE ( 'NONE', ( #1941 ), #4755, .F. ) ;
#5208 = VERTEX_POINT ( 'NONE', #4681 ) ;
#5209 = ORIENTED_EDGE ( 'NONE', *, *, #2888, .T. ) ;
#5210 = ORIENTED_EDGE ( 'NONE', *, *, #4271, .T. ) ;
#5211 = FACE_BOUND ( 'NONE', #1523, .T. ) ;
#5212 = LINE ( 'NONE', #713, #3311 ) ;
#5213 = LINE ( 'NONE', #5259, #6131 ) ;
#5214 = CARTESIAN_POINT ( 'NONE',  ( 3.000000000000000000, 100.0000000000000000, 3.000000000000019096 ) ) ;
#5215 = CIRCLE ( 'NONE', #4183, 1.699999999999996625 ) ;
#5216 = CARTESIAN_POINT ( 'NONE',  ( 33.74999999999997158, -202.2374841615668686, 3.000000000000019096 ) ) ;
#5217 = PLANE ( 'NONE',  #6028 ) ;
#5218 = VECTOR ( 'NONE', #760, 1000.000000000000000 ) ;
#5219 = ORIENTED_EDGE ( 'NONE', *, *, #1740, .T. ) ;
#5220 = VECTOR ( 'NONE', #6070, 1000.000000000000000 ) ;
#5221 = ORIENTED_EDGE ( 'NONE', *, *, #188, .T. ) ;
#5222 = ADVANCED_FACE ( 'NONE', ( #6877 ), #6334, .F. ) ;
#5223 = EDGE_LOOP ( 'NONE', ( #90, #2013, #4660, #2229 ) ) ;
#5224 = DIRECTION ( 'NONE',  ( -1.602468905319637943E-15, 1.000000000000000000, 3.489217355721594252E-17 ) ) ;
#5225 = DIRECTION ( 'NONE',  ( -0.8660254037844388186, 0.4999999999999996114, 1.744608677860794044E-17 ) ) ;
#5226 = VECTOR ( 'NONE', #725, 1000.000000000000000 ) ;
#5227 = CARTESIAN_POINT ( 'NONE',  ( 106.5000000000000000, 36.89488223348482165, 1.287342634263795411E-15 ) ) ;
#5228 = LINE ( 'NONE', #2019, #3467 ) ;
#5229 = FACE_OUTER_BOUND ( 'NONE', #3925, .T. ) ;
#5230 = CARTESIAN_POINT ( 'NONE',  ( 111.7499999999999716, 62.44263164512573638, 2.178759140731031568E-15 ) ) ;
#5231 = ORIENTED_EDGE ( 'NONE', *, *, #2780, .F. ) ;
#5232 = DIRECTION ( 'NONE',  ( 1.954618001100627820E-16, 8.673617379884035472E-17, 1.000000000000000000 ) ) ;
#5233 = ORIENTED_EDGE ( 'NONE', *, *, #3641, .F. ) ;
#5234 = EDGE_CURVE ( 'NONE', #3598, #5126, #6367, .T. ) ;
#5235 = EDGE_CURVE ( 'NONE', #6729, #6314, #3092, .T. ) ;
#5236 = CARTESIAN_POINT ( 'NONE',  ( 150.0010000000000048, 85.06340628446157837, 10.81072832108001514 ) ) ;
#5237 = CARTESIAN_POINT ( 'NONE',  ( 38.24999999999999289, 62.44263164512570086, 2.178759140731030384E-15 ) ) ;
#5238 = AXIS2_PLACEMENT_3D ( 'NONE', #6544, #2621, #6004 ) ;
#5239 = CARTESIAN_POINT ( 'NONE',  ( 48.00000000000000000, 45.55513627132927468, 10.00000000000000178 ) ) ;
#5240 = ORIENTED_EDGE ( 'NONE', *, *, #6924, .F. ) ;
#5241 = DIRECTION ( 'NONE',  ( 1.000000000000000000, -0.000000000000000000, -0.000000000000000000 ) ) ;
#5242 = LINE ( 'NONE', #1411, #2485 ) ;
#5243 = APPROVAL_PERSON_ORGANIZATION ( #6971, #52, #4233 ) ;
#5244 = ORIENTED_EDGE ( 'NONE', *, *, #282, .F. ) ;
#5245 = EDGE_LOOP ( 'NONE', ( #6648, #6747, #1168, #420 ) ) ;
#5246 = EDGE_CURVE ( 'NONE', #4740, #2716, #6580, .T. ) ;
#5247 = VERTEX_POINT ( 'NONE', #5971 ) ;
#5248 = VECTOR ( 'NONE', #283, 1000.000000000000000 ) ;
#5249 = CARTESIAN_POINT ( 'NONE',  ( 150.0010000000000332, 39.33279704816512634, 95.62808129526348466 ) ) ;
#5250 = CARTESIAN_POINT ( 'NONE',  ( 150.0000000000000000, 33.49486378953767485, 29.81121421188651510 ) ) ;
#5251 = CARTESIAN_POINT ( 'NONE',  ( 112.4999999999999858, 86.48368917940753420, -2.033859505912648061E-14 ) ) ;
#5252 = EDGE_LOOP ( 'NONE', ( #321, #272, #3321, #3319 ) ) ;
#5253 = VECTOR ( 'NONE', #697, 1000.000000000000114 ) ;
#5254 = VECTOR ( 'NONE', #4045, 1000.000000000000114 ) ;
#5255 = VERTEX_POINT ( 'NONE', #3710 ) ;
#5256 = ADVANCED_FACE ( 'NONE', ( #2660 ), #3850, .F. ) ;
#5257 = VECTOR ( 'NONE', #4034, 1000.000000000000000 ) ;
#5258 = DIRECTION ( 'NONE',  ( -0.8660254037844387076, -0.4999999999999997780, 0.000000000000000000 ) ) ;
#5259 = CARTESIAN_POINT ( 'NONE',  ( 147.0000000000000000, 3.000000000000002665, 3.000000000000044409 ) ) ;
#5260 = VECTOR ( 'NONE', #5434, 1000.000000000000000 ) ;
#5261 = CARTESIAN_POINT ( 'NONE',  ( -0.001000000000001000089, 38.99486378953769616, 6.764530565822896497E-15 ) ) ;
#5262 = DIRECTION ( 'NONE',  ( 2.209540906293939790E-16, -0.7460747789757220527, 0.6658621660496468753 ) ) ;
#5263 = VECTOR ( 'NONE', #343, 1000.000000000000000 ) ;
#5264 = ORIENTED_EDGE ( 'NONE', *, *, #4350, .T. ) ;
#5265 = ORIENTED_EDGE ( 'NONE', *, *, #6999, .T. ) ;
#5266 = DIRECTION ( 'NONE',  ( 0.8660254037844383745, 0.5000000000000004441, 1.744608677860797742E-17 ) ) ;
#5267 = CARTESIAN_POINT ( 'NONE',  ( 137.2973520826010940, 30.37235296746512603, 3.000000000000019096 ) ) ;
#5268 = LINE ( 'NONE', #307, #4936 ) ;
#5269 = DIRECTION ( 'NONE',  ( -0.8660254037844378194, 0.5000000000000014433, 1.744608677860802673E-17 ) ) ;
#5270 = EDGE_CURVE ( 'NONE', #2235, #6749, #4819, .T. ) ;
#5271 = VERTEX_POINT ( 'NONE', #5360 ) ;
#5272 = VECTOR ( 'NONE', #5524, 1000.000000000000000 ) ;
#5273 = CARTESIAN_POINT ( 'NONE',  ( 147.0000000000000000, 17.99486378953767840, -3.029388571111513898E-14 ) ) ;
#5274 = VERTEX_POINT ( 'NONE', #7054 ) ;
#5275 = DIRECTION ( 'NONE',  ( -0.000000000000000000, 3.489217355721594252E-17, -1.000000000000000000 ) ) ;
#5276 = CARTESIAN_POINT ( 'NONE',  ( 126.0000000000000000, 70.66987298107780191, 10.00000000000000178 ) ) ;
#5277 = EDGE_CURVE ( 'NONE', #3043, #3579, #6522, .T. ) ;
#5278 = ORIENTED_EDGE ( 'NONE', *, *, #1704, .F. ) ;
#5279 = FACE_OUTER_BOUND ( 'NONE', #263, .T. ) ;
#5280 = CARTESIAN_POINT ( 'NONE',  ( 92.24999999999995737, 20.00738685968831732, 6.981012147346063084E-16 ) ) ;
#5281 = ORIENTED_EDGE ( 'NONE', *, *, #359, .F. ) ;
#5282 = ORIENTED_EDGE ( 'NONE', *, *, #5182, .F. ) ;
#5283 = ORIENTED_EDGE ( 'NONE', *, *, #3573, .T. ) ;
#5284 = CARTESIAN_POINT ( 'NONE',  ( 150.0000000000000000, 100.0000000000000000, 3.489217355721594350E-15 ) ) ;
#5285 = DIRECTION ( 'NONE',  ( -0.000000000000000000, 3.489217355721594252E-17, -1.000000000000000000 ) ) ;
#5286 = DIRECTION ( 'NONE',  ( -0.8660254037844390407, -0.4999999999999991673, 0.000000000000000000 ) ) ;
#5287 = EDGE_CURVE ( 'NONE', #23, #198, #7017, .T. ) ;
#5288 = EDGE_CURVE ( 'NONE', #733, #4002, #5463, .T. ) ;
#5289 = ORIENTED_EDGE ( 'NONE', *, *, #1743, .F. ) ;
#5290 = ORIENTED_EDGE ( 'NONE', *, *, #514, .T. ) ;
#5291 = DIRECTION ( 'NONE',  ( -0.000000000000000000, 3.489217355721594252E-17, -1.000000000000000000 ) ) ;
#5292 = ORIENTED_EDGE ( 'NONE', *, *, #3918, .T. ) ;
#5293 = CARTESIAN_POINT ( 'NONE',  ( 104.2499999999999858, 32.99776791645488316, 3.000000000000019096 ) ) ;
#5294 = DIRECTION ( 'NONE',  ( 1.000000000000000000, -0.000000000000000000, -1.437389243825479109E-16 ) ) ;
#5295 = CARTESIAN_POINT ( 'NONE',  ( 77.24999999999927525, -202.2374841615671244, 3.000000000000019096 ) ) ;
#5296 = VECTOR ( 'NONE', #2704, 1000.000000000000000 ) ;
#5297 = EDGE_CURVE ( 'NONE', #882, #6781, #2502, .T. ) ;
#5298 = DIRECTION ( 'NONE',  ( 0.000000000000000000, -1.734723475976807094E-16, 1.000000000000000000 ) ) ;
#5299 = ORIENTED_EDGE ( 'NONE', *, *, #2238, .F. ) ;
#5300 = VECTOR ( 'NONE', #4786, 1000.000000000000000 ) ;
#5301 = ORIENTED_EDGE ( 'NONE', *, *, #5925, .F. ) ;
#5302 = DIRECTION ( 'NONE',  ( 0.000000000000000000, 0.000000000000000000, -1.000000000000000000 ) ) ;
#5303 = CARTESIAN_POINT ( 'NONE',  ( 9.000000000000007105, 36.89488223348482165, 3.000000000000019096 ) ) ;
#5304 = LINE ( 'NONE', #3570, #2885 ) ;
#5305 = ORIENTED_EDGE ( 'NONE', *, *, #5507, .F. ) ;
#5306 = FACE_OUTER_BOUND ( 'NONE', #2770, .T. ) ;
#5307 = ORIENTED_EDGE ( 'NONE', *, *, #465, .T. ) ;
#5308 = DIRECTION ( 'NONE',  ( -0.000000000000000000, 3.489217355721594252E-17, -1.000000000000000000 ) ) ;
#5309 = PLANE ( 'NONE',  #504 ) ;
#5310 = VECTOR ( 'NONE', #1768, 1000.000000000000000 ) ;
#5311 = CARTESIAN_POINT ( 'NONE',  ( 150.0010000000000332, 49.99999999999999289, 120.0000000000000142 ) ) ;
#5312 = CARTESIAN_POINT ( 'NONE',  ( -109.9223520826014493, -6.650233044319886488, 3.000000000000019096 ) ) ;
#5313 = EDGE_LOOP ( 'NONE', ( #452, #7058, #2347, #1496 ) ) ;
#5314 = ORIENTED_EDGE ( 'NONE', *, *, #4726, .F. ) ;
#5315 = VECTOR ( 'NONE', #3648, 1000.000000000000114 ) ;
#5316 = VERTEX_POINT ( 'NONE', #4923 ) ;
#5317 = EDGE_CURVE ( 'NONE', #3351, #4487, #1538, .T. ) ;
#5318 = PERSON_AND_ORGANIZATION ( #7025, #3754 ) ;
#5319 = CARTESIAN_POINT ( 'NONE',  ( 101.9999999999999858, 45.55513627132918941, 1.589517721201841282E-15 ) ) ;
#5320 = CARTESIAN_POINT ( 'NONE',  ( 2.775557561562891351E-14, 0.000000000000000000, 74.56121421188655063 ) ) ;
#5321 = DIRECTION ( 'NONE',  ( -1.000000000000000000, 0.000000000000000000, 1.437389243825479109E-16 ) ) ;
#5322 = ORIENTED_EDGE ( 'NONE', *, *, #359, .T. ) ;
#5323 = ORIENTED_EDGE ( 'NONE', *, *, #3417, .F. ) ;
#5324 = EDGE_CURVE ( 'NONE', #843, #2470, #1002, .T. ) ;
#5325 = CARTESIAN_POINT ( 'NONE',  ( 48.00000000000000000, 79.33012701892225493, 2.768000560260221065E-15 ) ) ;
#5326 = CARTESIAN_POINT ( 'NONE',  ( 147.0000000000000000, 85.06340628446157837, 12.91072832108004143 ) ) ;
#5327 = CARTESIAN_POINT ( 'NONE',  ( 37.50000000000000711, 98.48368917940753420, -10.70984600707936529 ) ) ;
#5328 = ORIENTED_EDGE ( 'NONE', *, *, #2432, .F. ) ;
#5329 = ORIENTED_EDGE ( 'NONE', *, *, #5542, .F. ) ;
#5330 = ADVANCED_FACE ( 'NONE', ( #502 ), #2733, .F. ) ;
#5331 = VERTEX_POINT ( 'NONE', #6435 ) ;
#5332 = CARTESIAN_POINT ( 'NONE',  ( 147.0000000000000000, 100.0000000000000000, 3.000000000000019096 ) ) ;
#5333 = CARTESIAN_POINT ( 'NONE',  ( 141.0000000000000000, 45.55513627132918941, 1.589517721201841282E-15 ) ) ;
#5334 = CARTESIAN_POINT ( 'NONE',  ( 84.74999999999998579, 66.77275866404791316, 10.00000000000000178 ) ) ;
#5335 = LINE ( 'NONE', #2456, #6805 ) ;
#5336 = VECTOR ( 'NONE', #6880, 1000.000000000000000 ) ;
#5337 = AXIS2_PLACEMENT_3D ( 'NONE', #2982, #5173, #3593 ) ;
#5338 = CARTESIAN_POINT ( 'NONE',  ( 151.9223520826013214, 55.70359602815969424, 3.000000000000019096 ) ) ;
#5339 = ORIENTED_EDGE ( 'NONE', *, *, #2355, .T. ) ;
#5340 = EDGE_CURVE ( 'NONE', #6724, #6993, #5906, .T. ) ;
#5341 = VECTOR ( 'NONE', #4757, 1000.000000000000114 ) ;
#5342 = DIRECTION ( 'NONE',  ( 1.000000000000000000, -0.000000000000000000, -0.000000000000000000 ) ) ;
#5343 = AXIS2_PLACEMENT_3D ( 'NONE', #417, #2610, #2676 ) ;
#5344 = FACE_OUTER_BOUND ( 'NONE', #2768, .T. ) ;
#5345 = DIRECTION ( 'NONE',  ( -0.000000000000000000, 3.489217355721594252E-17, -1.000000000000000000 ) ) ;
#5346 = CARTESIAN_POINT ( 'NONE',  ( 126.0000000000000000, 36.89488223348482165, 10.00000000000000178 ) ) ;
#5347 = VERTEX_POINT ( 'NONE', #3195 ) ;
#5348 = VERTEX_POINT ( 'NONE', #432 ) ;
#5349 = VERTEX_POINT ( 'NONE', #2114 ) ;
#5350 = CARTESIAN_POINT ( 'NONE',  ( 0.000000000000000000, 0.000000000000000000, 0.000000000000000000 ) ) ;
#5351 = DIRECTION ( 'NONE',  ( 0.8660254037844378194, 0.5000000000000014433, 1.744608677860803597E-17 ) ) ;
#5352 = CARTESIAN_POINT ( 'NONE',  ( 23.99999999999999289, 36.89488223348483587, 1.287342634263795608E-15 ) ) ;
#5353 = VECTOR ( 'NONE', #4785, 1000.000000000000000 ) ;
#5354 = ADVANCED_FACE ( 'NONE', ( #4311 ), #5932, .F. ) ;
#5355 = ORIENTED_EDGE ( 'NONE', *, *, #1061, .F. ) ;
#5356 = ORIENTED_EDGE ( 'NONE', *, *, #785, .T. ) ;
#5357 = AXIS2_PLACEMENT_3D ( 'NONE', #3330, #2789, #4989 ) ;
#5358 = FACE_OUTER_BOUND ( 'NONE', #3832, .T. ) ;
#5359 = PLANE ( 'NONE',  #4371 ) ;
#5360 = CARTESIAN_POINT ( 'NONE',  ( 65.25000000000000000, 15.67725984076614942, 5.470136712655840633E-16 ) ) ;
#5361 = EDGE_CURVE ( 'NONE', #3464, #2712, #4982, .T. ) ;
#5362 = LINE ( 'NONE', #7056, #498 ) ;
#5363 = ADVANCED_FACE ( 'NONE', ( #2819 ), #4474, .F. ) ;
#5364 = ORIENTED_EDGE ( 'NONE', *, *, #4640, .T. ) ;
#5365 = VERTEX_POINT ( 'NONE', #2055 ) ;
#5366 = ORIENTED_EDGE ( 'NONE', *, *, #5466, .F. ) ;
#5367 = VECTOR ( 'NONE', #3734, 1000.000000000000000 ) ;
#5368 = CARTESIAN_POINT ( 'NONE',  ( 92.24999999999997158, 53.78237760728132599, 10.00000000000000178 ) ) ;
#5369 = DIRECTION ( 'NONE',  ( 0.8660254037844383745, -0.5000000000000003331, -1.744608677860795893E-17 ) ) ;
#5370 = FACE_BOUND ( 'NONE', #3130, .T. ) ;
#5371 = VECTOR ( 'NONE', #5836, 1000.000000000000000 ) ;
#5372 = DIRECTION ( 'NONE',  ( -1.602468905319638141E-15, -1.000000000000000000, 0.000000000000000000 ) ) ;
#5373 = DIRECTION ( 'NONE',  ( -0.000000000000000000, 3.489217355721594252E-17, -1.000000000000000000 ) ) ;
#5374 = ADVANCED_FACE ( 'NONE', ( #3470 ), #4249, .F. ) ;
#5375 = DIRECTION ( 'NONE',  ( 0.000000000000000000, 0.000000000000000000, -1.000000000000000000 ) ) ;
#5376 = CARTESIAN_POINT ( 'NONE',  ( -93.04735208260160562, -35.87859042204513571, 3.000000000000019096 ) ) ;
#5377 = ADVANCED_FACE ( 'NONE', ( #1510 ), #3001, .F. ) ;
#5378 = LINE ( 'NONE', #3660, #4419 ) ;
#5379 = DIRECTION ( 'NONE',  ( -0.8660254037844378194, -0.5000000000000015543, 0.000000000000000000 ) ) ;
#5380 = VERTEX_POINT ( 'NONE', #4891 ) ;
#5381 = ORIENTED_EDGE ( 'NONE', *, *, #6080, .T. ) ;
#5382 = ORIENTED_EDGE ( 'NONE', *, *, #95, .T. ) ;
#5383 = ORIENTED_EDGE ( 'NONE', *, *, #1655, .F. ) ;
#5384 = PLANE ( 'NONE',  #1915 ) ;
#5385 = LINE ( 'NONE', #994, #5469 ) ;
#5386 = CARTESIAN_POINT ( 'NONE',  ( 150.0000000000000000, 23.49486378953767840, 79.31121421188650800 ) ) ;
#5387 = DIRECTION ( 'NONE',  ( -0.000000000000000000, 3.489217355721594252E-17, -1.000000000000000000 ) ) ;
#5388 = ORIENTED_EDGE ( 'NONE', *, *, #2035, .T. ) ;
#5389 = VERTEX_POINT ( 'NONE', #4356 ) ;
#5390 = DIRECTION ( 'NONE',  ( 1.127570259384924611E-16, 0.000000000000000000, 1.000000000000000000 ) ) ;
#5391 = PLANE ( 'NONE',  #2070 ) ;
#5392 = CARTESIAN_POINT ( 'NONE',  ( 101.9999999999999858, -202.2374841615668686, 3.000000000000019096 ) ) ;
#5393 = LINE ( 'NONE', #4820, #2588 ) ;
#5394 = VERTEX_POINT ( 'NONE', #1121 ) ;
#5395 = ORIENTED_EDGE ( 'NONE', *, *, #3474, .F. ) ;
#5396 = ORIENTED_EDGE ( 'NONE', *, *, #2766, .T. ) ;
#5397 = EDGE_CURVE ( 'NONE', #4458, #1028, #6586, .T. ) ;
#5398 = DIRECTION ( 'NONE',  ( -0.8660254037844387076, -0.4999999999999998335, -1.744608677860794044E-17 ) ) ;
#5399 = CARTESIAN_POINT ( 'NONE',  ( 104.2500000000000000, 66.77275866404791316, 2.329846684200054010E-15 ) ) ;
#5400 = CARTESIAN_POINT ( 'NONE',  ( 40.50000000000000711, 101.4800689266309348, -7.352509501688614613 ) ) ;
#5401 = CC_DESIGN_PERSON_AND_ORGANIZATION_ASSIGNMENT ( #5318, #2581, ( #4398 ) ) ;
#5402 = DIRECTION ( 'NONE',  ( 1.000000000000000000, -0.000000000000000000, -0.000000000000000000 ) ) ;
#5403 = LINE ( 'NONE', #1014, #1861 ) ;
#5404 = AXIS2_PLACEMENT_3D ( 'NONE', #5704, #2397, #2929 ) ;
#5405 = ORIENTED_EDGE ( 'NONE', *, *, #4994, .T. ) ;
#5406 = DIRECTION ( 'NONE',  ( 0.000000000000000000, 0.000000000000000000, 1.000000000000000000 ) ) ;
#5407 = FACE_BOUND ( 'NONE', #1455, .T. ) ;
#5408 = EDGE_CURVE ( 'NONE', #2356, #3141, #3370, .T. ) ;
#5409 = EDGE_CURVE ( 'NONE', #4635, #5349, #1922, .T. ) ;
#5410 = LINE ( 'NONE', #2135, #3499 ) ;
#5411 = CARTESIAN_POINT ( 'NONE',  ( 53.24999999999997868, 28.66764089753274192, 3.000000000000019096 ) ) ;
#5412 = ORIENTED_EDGE ( 'NONE', *, *, #6220, .T. ) ;
#5413 = ORIENTED_EDGE ( 'NONE', *, *, #4750, .T. ) ;
#5414 = EDGE_LOOP ( 'NONE', ( #87, #3086, #865, #3747 ) ) ;
#5415 = DIRECTION ( 'NONE',  ( -1.954618001100628066E-16, 0.000000000000000000, -1.000000000000000000 ) ) ;
#5416 = EDGE_CURVE ( 'NONE', #1896, #1706, #3901, .T. ) ;
#5417 = VECTOR ( 'NONE', #2462, 1000.000000000000000 ) ;
#5418 = DIRECTION ( 'NONE',  ( -1.602468905319637943E-15, 1.000000000000000000, 3.489217355721594252E-17 ) ) ;
#5419 =( NAMED_UNIT ( * ) SI_UNIT ( $, .STERADIAN. ) SOLID_ANGLE_UNIT ( ) );
#5420 = LINE ( 'NONE', #6209, #2202 ) ;
#5421 = DIRECTION ( 'NONE',  ( 1.000000000000000000, -0.000000000000000000, -1.437389243825479109E-16 ) ) ;
#5422 = PLANE ( 'NONE',  #5827 ) ;
#5423 = ORIENTED_EDGE ( 'NONE', *, *, #282, .T. ) ;
#5424 = AXIS2_PLACEMENT_3D ( 'NONE', #846, #1954, #4152 ) ;
#5425 = ORIENTED_EDGE ( 'NONE', *, *, #3721, .F. ) ;
#5426 = EDGE_CURVE ( 'NONE', #3871, #4461, #4006, .T. ) ;
#5427 = CARTESIAN_POINT ( 'NONE',  ( 3.000000000000003109, 85.06340628446157837, 12.91072832108006452 ) ) ;
#5428 = PLANE ( 'NONE',  #2191 ) ;
#5429 = DIRECTION ( 'NONE',  ( 1.000000000000000000, 0.000000000000000000, -1.954618001100627820E-16 ) ) ;
#5430 = DIRECTION ( 'NONE',  ( 1.000000000000000000, -0.000000000000000000, 0.000000000000000000 ) ) ;
#5431 = ORIENTED_EDGE ( 'NONE', *, *, #3045, .T. ) ;
#5432 = ORIENTED_EDGE ( 'NONE', *, *, #801, .F. ) ;
#5433 = LINE ( 'NONE', #1009, #7111 ) ;
#5434 = DIRECTION ( 'NONE',  ( 0.000000000000000000, -1.000000000000000000, -5.294131499750479183E-16 ) ) ;
#5435 = FACE_BOUND ( 'NONE', #2168, .T. ) ;
#5436 = DIRECTION ( 'NONE',  ( 0.4999999999999999445, -0.8660254037844387076, -3.021750869380466102E-17 ) ) ;
#5437 = CARTESIAN_POINT ( 'NONE',  ( 123.7500000000000284, 32.99776791645491159, 10.00000000000000178 ) ) ;
#5438 = ADVANCED_FACE ( 'NONE', ( #6268 ), #607, .F. ) ;
#5439 = PLANE ( 'NONE',  #3619 ) ;
#5440 = LINE ( 'NONE', #481, #603 ) ;
#5441 = VECTOR ( 'NONE', #3835, 1000.000000000000114 ) ;
#5442 = CARTESIAN_POINT ( 'NONE',  ( 62.99999999999998579, 70.66987298107788718, 10.00000000000000178 ) ) ;
#5443 = CARTESIAN_POINT ( 'NONE',  ( 87.00000000000000000, 70.66987298107780191, 3.000000000000019096 ) ) ;
#5444 = ADVANCED_FACE ( 'NONE', ( #1226 ), #3436, .F. ) ;
#5445 = CARTESIAN_POINT ( 'NONE',  ( 67.50000000000000000, 45.55513627132926047, 1.589517721201843845E-15 ) ) ;
#5446 = VERTEX_POINT ( 'NONE', #1818 ) ;
#5447 = EDGE_CURVE ( 'NONE', #2225, #3728, #4988, .T. ) ;
#5448 = ORIENTED_EDGE ( 'NONE', *, *, #834, .F. ) ;
#5449 = VECTOR ( 'NONE', #1358, 1000.000000000000000 ) ;
#5450 = AXIS2_PLACEMENT_3D ( 'NONE', #1820, #1779, #3481 ) ;
#5451 = ORIENTED_EDGE ( 'NONE', *, *, #1904, .F. ) ;
#5452 = LINE ( 'NONE', #4336, #5946 ) ;
#5453 = VECTOR ( 'NONE', #3726, 1000.000000000000000 ) ;
#5454 = LINE ( 'NONE', #4873, #5272 ) ;
#5455 = CARTESIAN_POINT ( 'NONE',  ( 104.2499999999999858, 15.67725984076612988, 10.00000000000000000 ) ) ;
#5456 = DIRECTION ( 'NONE',  ( -1.000000000000000000, -1.602468905319638141E-15, -5.591362316445464709E-32 ) ) ;
#5457 = ORIENTED_EDGE ( 'NONE', *, *, #6603, .F. ) ;
#5458 = EDGE_CURVE ( 'NONE', #2203, #5541, #5850, .T. ) ;
#5459 = VERTEX_POINT ( 'NONE', #3071 ) ;
#5460 = FACE_OUTER_BOUND ( 'NONE', #5976, .T. ) ;
#5461 = CARTESIAN_POINT ( 'NONE',  ( 101.9999999999999858, 70.66987298107788718, 3.000000000000019096 ) ) ;
#5462 = FACE_OUTER_BOUND ( 'NONE', #318, .T. ) ;
#5463 = LINE ( 'NONE', #399, #5837 ) ;
#5464 = AXIS2_PLACEMENT_3D ( 'NONE', #550, #6089, #3864 ) ;
#5465 = CARTESIAN_POINT ( 'NONE',  ( 40.50000000000000711, 100.0000000000000000, 1.596000085651889137E-14 ) ) ;
#5466 = EDGE_CURVE ( 'NONE', #592, #3728, #311, .T. ) ;
#5467 = CARTESIAN_POINT ( 'NONE',  ( 92.24999999999960210, -202.2374841615670107, 3.000000000000019096 ) ) ;
#5468 = ORIENTED_EDGE ( 'NONE', *, *, #1825, .T. ) ;
#5469 = VECTOR ( 'NONE', #2651, 1000.000000000000114 ) ;
#5470 = ORIENTED_EDGE ( 'NONE', *, *, #1866, .F. ) ;
#5471 = AXIS2_PLACEMENT_3D ( 'NONE', #401, #2117, #6513 ) ;
#5472 = CARTESIAN_POINT ( 'NONE',  ( 26.24999999999999645, 32.99776791645494001, 10.00000000000000178 ) ) ;
#5473 = LINE ( 'NONE', #2740, #1732 ) ;
#5474 = DIRECTION ( 'NONE',  ( 0.000000000000000000, 1.000000000000000000, 0.000000000000000000 ) ) ;
#5475 = DIRECTION ( 'NONE',  ( 0.4999999999999999445, 0.8660254037844387076, 3.021750869380466102E-17 ) ) ;
#5476 = ORIENTED_EDGE ( 'NONE', *, *, #799, .T. ) ;
#5477 = CIRCLE ( 'NONE', #3643, 4.499999999999997335 ) ;
#5479 = EDGE_LOOP ( 'NONE', ( #3652, #5364, #5967, #2930 ) ) ;
#5478 = VECTOR ( 'NONE', #6813, 1000.000000000000000 ) ;
#5480 = ORIENTED_EDGE ( 'NONE', *, *, #5900, .F. ) ;
#5481 = LINE ( 'NONE', #4934, #6835 ) ;
#5482 = LINE ( 'NONE', #2336, #382 ) ;
#5483 = VECTOR ( 'NONE', #6721, 1000.000000000000114 ) ;
#5484 = EDGE_CURVE ( 'NONE', #2833, #1340, #2607, .T. ) ;
#5485 = VECTOR ( 'NONE', #6479, 1000.000000000000000 ) ;
#5486 = CARTESIAN_POINT ( 'NONE',  ( 84.74999999999997158, 15.67725984076613699, 5.470136712655835703E-16 ) ) ;
#5487 = VECTOR ( 'NONE', #28, 1000.000000000000114 ) ;
#5488 = DIRECTION ( 'NONE',  ( 0.5000000000000004441, -0.8660254037844384856, -3.021750869380464253E-17 ) ) ;
#5489 = EDGE_LOOP ( 'NONE', ( #6577, #123, #5314, #3378 ) ) ;
#5490 = VERTEX_POINT ( 'NONE', #4732 ) ;
#5491 = ORIENTED_EDGE ( 'NONE', *, *, #4504, .F. ) ;
#5492 = DIRECTION ( 'NONE',  ( -0.8660254037844394848, 0.4999999999999983902, 0.000000000000000000 ) ) ;
#5493 = PERSON_AND_ORGANIZATION_ROLE ( 'design_supplier' ) ;
#5494 = DIRECTION ( 'NONE',  ( 0.8660254037844385966, 0.4999999999999998890, 0.000000000000000000 ) ) ;
#5495 = DIRECTION ( 'NONE',  ( 0.000000000000000000, -1.000000000000000000, -3.489217355721593635E-17 ) ) ;
#5496 = EDGE_CURVE ( 'NONE', #7116, #4487, #5955, .T. ) ;
#5497 = DIRECTION ( 'NONE',  ( -1.000000000000000000, -0.000000000000000000, 1.880926496205912652E-16 ) ) ;
#5498 = CARTESIAN_POINT ( 'NONE',  ( 84.74999999999998579, 66.77275866404791316, 2.329846684200054404E-15 ) ) ;
#5499 = LINE ( 'NONE', #530, #1048 ) ;
#5500 = DIRECTION ( 'NONE',  ( -0.000000000000000000, -1.000000000000000000, -3.489217355721594252E-17 ) ) ;
#5501 = ORIENTED_EDGE ( 'NONE', *, *, #6787, .F. ) ;
#5502 = ORIENTED_EDGE ( 'NONE', *, *, #3825, .T. ) ;
#5503 = VECTOR ( 'NONE', #5495, 1000.000000000000000 ) ;
#5504 = CARTESIAN_POINT ( 'NONE',  ( 111.7499999999999716, 62.44263164512573638, 2.178759140731031568E-15 ) ) ;
#5505 = DIRECTION ( 'NONE',  ( -0.8660254037844388186, 0.4999999999999996669, 0.000000000000000000 ) ) ;
#5506 = EDGE_CURVE ( 'NONE', #3288, #2513, #2025, .T. ) ;
#5507 = EDGE_CURVE ( 'NONE', #733, #2277, #5881, .T. ) ;
#5508 = DIRECTION ( 'NONE',  ( -1.000000000000000000, -0.000000000000000000, 1.954618001100628066E-16 ) ) ;
#5509 = ORIENTED_EDGE ( 'NONE', *, *, #66, .F. ) ;
#5510 = ORIENTED_EDGE ( 'NONE', *, *, #5864, .T. ) ;
#5511 = EDGE_CURVE ( 'NONE', #2363, #3350, #3138, .T. ) ;
#5512 = LINE ( 'NONE', #7064, #6920 ) ;
#5513 = ORIENTED_EDGE ( 'NONE', *, *, #2193, .T. ) ;
#5514 = ORIENTED_EDGE ( 'NONE', *, *, #6676, .F. ) ;
#5515 = CARTESIAN_POINT ( 'NONE',  ( 147.0000000000000000, 85.06340628446157837, 8.710728321080038583 ) ) ;
#5516 = FACE_OUTER_BOUND ( 'NONE', #5100, .T. ) ;
#5517 = LINE ( 'NONE', #3792, #6613 ) ;
#5518 = LINE ( 'NONE', #3318, #3294 ) ;
#5519 = VERTEX_POINT ( 'NONE', #345 ) ;
#5520 = VECTOR ( 'NONE', #5149, 1000.000000000000000 ) ;
#5521 = ORIENTED_EDGE ( 'NONE', *, *, #3516, .F. ) ;
#5522 = LINE ( 'NONE', #2752, #5367 ) ;
#5523 = LINE ( 'NONE', #560, #1619 ) ;
#5524 = DIRECTION ( 'NONE',  ( 0.000000000000000000, 1.000000000000000000, 0.000000000000000000 ) ) ;
#5525 = DIRECTION ( 'NONE',  ( 0.8660254037844390407, 0.4999999999999991673, 0.000000000000000000 ) ) ;
#5526 = VECTOR ( 'NONE', #5991, 1000.000000000000000 ) ;
#5527 = DIRECTION ( 'NONE',  ( 1.000000000000000000, -0.000000000000000000, -0.000000000000000000 ) ) ;
#5528 = VERTEX_POINT ( 'NONE', #6383 ) ;
#5529 = EDGE_CURVE ( 'NONE', #554, #6001, #381, .T. ) ;
#5530 = VERTEX_POINT ( 'NONE', #7032 ) ;
#5531 = FACE_OUTER_BOUND ( 'NONE', #3861, .T. ) ;
#5532 = CARTESIAN_POINT ( 'NONE',  ( 112.4999999999999858, 101.4800689266309348, -7.352509501688626159 ) ) ;
#5533 = VECTOR ( 'NONE', #1143, 1000.000000000000000 ) ;
#5534 = AXIS2_PLACEMENT_3D ( 'NONE', #5045, #4016, #6783 ) ;
#5535 = ORIENTED_EDGE ( 'NONE', *, *, #6583, .T. ) ;
#5536 = EDGE_CURVE ( 'NONE', #5927, #3230, #3209, .T. ) ;
#5537 = EDGE_LOOP ( 'NONE', ( #2011, #4618, #2962, #5231 ) ) ;
#5538 = ORIENTED_EDGE ( 'NONE', *, *, #416, .T. ) ;
#5539 = CARTESIAN_POINT ( 'NONE',  ( 133.4999999999999147, 66.33974596215564645, 3.000000000000019096 ) ) ;
#5540 = CARTESIAN_POINT ( 'NONE',  ( 125.2973520826016482, 9.587743276638278189, 3.000000000000019096 ) ) ;
#5541 = VERTEX_POINT ( 'NONE', #446 ) ;
#5542 = EDGE_CURVE ( 'NONE', #2906, #3397, #2060, .T. ) ;
#5543 = ORIENTED_EDGE ( 'NONE', *, *, #68, .T. ) ;
#5544 = ORIENTED_EDGE ( 'NONE', *, *, #931, .T. ) ;
#5545 = CARTESIAN_POINT ( 'NONE',  ( 150.0000000000000000, 100.0000000000000000, 90.00000000000001421 ) ) ;
#5546 = CARTESIAN_POINT ( 'NONE',  ( 87.00000000000000000, 36.89488223348482165, 1.287342634263795411E-15 ) ) ;
#5547 = LINE ( 'NONE', #5582, #6215 ) ;
#5548 = LINE ( 'NONE', #4363, #1654 ) ;
#5549 = ORIENTED_EDGE ( 'NONE', *, *, #5426, .T. ) ;
#5550 = ADVANCED_FACE ( 'NONE', ( #1406 ), #3758, .T. ) ;
#5551 = VERTEX_POINT ( 'NONE', #5545 ) ;
#5552 = VERTEX_POINT ( 'NONE', #3379 ) ;
#5553 = LINE ( 'NONE', #6696, #6339 ) ;
#5554 = CARTESIAN_POINT ( 'NONE',  ( 62.99999999999998579, 45.55513627132918941, 1.589517721201841282E-15 ) ) ;
#5555 = ADVANCED_FACE ( 'NONE', ( #549 ), #6590, .T. ) ;
#5556 = VECTOR ( 'NONE', #5099, 1000.000000000000114 ) ;
#5557 = FACE_OUTER_BOUND ( 'NONE', #6649, .T. ) ;
#5558 = AXIS2_PLACEMENT_3D ( 'NONE', #3837, #461, #4339 ) ;
#5559 = CARTESIAN_POINT ( 'NONE',  ( 112.4999999999999858, 101.4800689266309348, -7.352509501688626159 ) ) ;
#5560 = ORIENTED_EDGE ( 'NONE', *, *, #3160, .F. ) ;
#5561 = LINE ( 'NONE', #3400, #1187 ) ;
#5562 = FACE_OUTER_BOUND ( 'NONE', #604, .T. ) ;
#5563 = VECTOR ( 'NONE', #1607, 1000.000000000000000 ) ;
#5564 = DIRECTION ( 'NONE',  ( -1.728756858545668051E-16, -0.4666398524082561172, -0.8844474253139080755 ) ) ;
#5565 = ADVANCED_FACE ( 'NONE', ( #4462 ), #5439, .F. ) ;
#5566 = ORIENTED_EDGE ( 'NONE', *, *, #2890, .T. ) ;
#5567 = ORIENTED_EDGE ( 'NONE', *, *, #5666, .T. ) ;
#5568 = EDGE_LOOP ( 'NONE', ( #207, #2589, #4816, #6560, #5307, #5405 ) ) ;
#5569 = AXIS2_PLACEMENT_3D ( 'NONE', #2590, #2658, #4308 ) ;
#5570 = EDGE_CURVE ( 'NONE', #6248, #5552, #6626, .T. ) ;
#5571 = DIRECTION ( 'NONE',  ( -0.8660254037844387076, -0.4999999999999998335, -1.744608677860794044E-17 ) ) ;
#5572 = EDGE_CURVE ( 'NONE', #3231, #1522, #1019, .T. ) ;
#5573 = VERTEX_POINT ( 'NONE', #4396 ) ;
#5574 = AXIS2_PLACEMENT_3D ( 'NONE', #2188, #7128, #4880 ) ;
#5575 = ORIENTED_EDGE ( 'NONE', *, *, #3564, .F. ) ;
#5576 = VECTOR ( 'NONE', #1342, 1000.000000000000000 ) ;
#5577 = VERTEX_POINT ( 'NONE', #6058 ) ;
#5578 = PLANE ( 'NONE',  #2234 ) ;
#5579 = CARTESIAN_POINT ( 'NONE',  ( 106.5000000000000000, 36.89488223348482165, 10.00000000000000178 ) ) ;
#5580 = VECTOR ( 'NONE', #178, 1000.000000000000000 ) ;
#5581 = EDGE_CURVE ( 'NONE', #6896, #5389, #21, .T. ) ;
#5582 = CARTESIAN_POINT ( 'NONE',  ( 55.49999999999992184, 49.88526329025141592, 1.740605264670865696E-15 ) ) ;
#5583 = CARTESIAN_POINT ( 'NONE',  ( 123.7500000000000000, 66.77275866404791316, 2.329846684200054404E-15 ) ) ;
#5584 = LINE ( 'NONE', #622, #2436 ) ;
#5585 = ORIENTED_EDGE ( 'NONE', *, *, #3374, .T. ) ;
#5586 = LINE ( 'NONE', #689, #43 ) ;
#5587 = EDGE_LOOP ( 'NONE', ( #4521, #5873, #3042, #4369, #2170, #5750 ) ) ;
#5588 = VECTOR ( 'NONE', #4067, 1000.000000000000000 ) ;
#5589 = ORIENTED_EDGE ( 'NONE', *, *, #5839, .F. ) ;
#5590 = PLANE ( 'NONE',  #3227 ) ;
#5591 = AXIS2_PLACEMENT_3D ( 'NONE', #2101, #7117, #5492 ) ;
#5592 = FACE_BOUND ( 'NONE', #3320, .T. ) ;
#5593 = ADVANCED_FACE ( 'NONE', ( #7142 ), #2744, .T. ) ;
#5594 = VECTOR ( 'NONE', #881, 1000.000000000000000 ) ;
#5595 = DIRECTION ( 'NONE',  ( 0.8660254037844383745, -0.5000000000000004441, 0.000000000000000000 ) ) ;
#5596 = CARTESIAN_POINT ( 'NONE',  ( 0.000000000000000000, 100.0000000000000000, 90.00000000000001421 ) ) ;
#5597 = PLANE ( 'NONE',  #219 ) ;
#5598 = ORIENTED_EDGE ( 'NONE', *, *, #844, .T. ) ;
#5599 = DIRECTION ( 'NONE',  ( -0.5000000000000004441, -0.8660254037844383745, -3.021750869380464253E-17 ) ) ;
#5600 = DIRECTION ( 'NONE',  ( 0.8660254037844383745, -0.5000000000000003331, 0.000000000000000000 ) ) ;
#5601 = CARTESIAN_POINT ( 'NONE',  ( 87.00000000000000000, 70.66987298107780191, 2.465825473322171841E-15 ) ) ;
#5602 = CARTESIAN_POINT ( 'NONE',  ( -88.17235208260147772, -44.32233810894284431, 3.000000000000019096 ) ) ;
#5603 = VERTEX_POINT ( 'NONE', #6088 ) ;
#5604 = ORIENTED_EDGE ( 'NONE', *, *, #2809, .T. ) ;
#5605 = DIRECTION ( 'NONE',  ( -0.000000000000000000, 3.489217355721594252E-17, -1.000000000000000000 ) ) ;
#5606 = EDGE_LOOP ( 'NONE', ( #5091, #858, #6957, #523 ) ) ;
#5607 = ORIENTED_EDGE ( 'NONE', *, *, #7099, .F. ) ;
#5608 = ORIENTED_EDGE ( 'NONE', *, *, #4019, .T. ) ;
#5609 = EDGE_CURVE ( 'NONE', #5646, #1154, #2776, .T. ) ;
#5610 = VERTEX_POINT ( 'NONE', #1055 ) ;
#5611 = LINE ( 'NONE', #867, #1063 ) ;
#5612 = DIRECTION ( 'NONE',  ( 0.5000000000000004441, -0.8660254037844384856, -3.021750869380464253E-17 ) ) ;
#5613 = DIRECTION ( 'NONE',  ( 0.8660254037844374864, -0.5000000000000021094, 0.000000000000000000 ) ) ;
#5614 = DIRECTION ( 'NONE',  ( 0.4999999999999999445, -0.8660254037844387076, -3.021750869380466102E-17 ) ) ;
#5615 = ORIENTED_EDGE ( 'NONE', *, *, #1298, .F. ) ;
#5616 = PLANE ( 'NONE',  #6862 ) ;
#5617 = ORIENTED_EDGE ( 'NONE', *, *, #4973, .F. ) ;
#5618 = EDGE_CURVE ( 'NONE', #2613, #4629, #3279, .T. ) ;
#5619 = EDGE_LOOP ( 'NONE', ( #679, #3765, #2749, #2274 ) ) ;
#5620 = CARTESIAN_POINT ( 'NONE',  ( 40.50000000000000711, 101.4800689266309348, -7.352509501688614613 ) ) ;
#5621 = AXIS2_PLACEMENT_3D ( 'NONE', #5334, #7137, #4826 ) ;
#5622 = PLANE ( 'NONE',  #128 ) ;
#5623 = LINE ( 'NONE', #739, #5127 ) ;
#5624 = FACE_OUTER_BOUND ( 'NONE', #4985, .T. ) ;
#5625 = ORIENTED_EDGE ( 'NONE', *, *, #4342, .F. ) ;
#5626 = FACE_OUTER_BOUND ( 'NONE', #1362, .T. ) ;
#5628 = ORIENTED_EDGE ( 'NONE', *, *, #3516, .T. ) ;
#5627 = AXIS2_PLACEMENT_3D ( 'NONE', #5122, #4589, #3510 ) ;
#5629 = EDGE_CURVE ( 'NONE', #856, #2082, #5481, .T. ) ;
#5630 = LINE ( 'NONE', #1225, #2828 ) ;
#5631 = CARTESIAN_POINT ( 'NONE',  ( 23.99999999999999289, 36.89488223348483587, 10.00000000000000178 ) ) ;
#5632 = CARTESIAN_POINT ( 'NONE',  ( 106.5000000000000000, 36.89488223348482165, 1.287342634263795411E-15 ) ) ;
#5633 = DIRECTION ( 'NONE',  ( -0.000000000000000000, 3.489217355721594252E-17, -1.000000000000000000 ) ) ;
#5634 = CARTESIAN_POINT ( 'NONE',  ( 45.75000000000000000, 32.99776791645492580, 10.00000000000000178 ) ) ;
#5635 = EDGE_LOOP ( 'NONE', ( #4838, #5101, #4378, #1053 ) ) ;
#5636 = ORIENTED_EDGE ( 'NONE', *, *, #5235, .F. ) ;
#5637 = VERTEX_POINT ( 'NONE', #1092 ) ;
#5638 = PLANE ( 'NONE',  #4234 ) ;
#5639 = LINE ( 'NONE', #675, #4518 ) ;
#5640 = AXIS2_PLACEMENT_3D ( 'NONE', #4248, #2703, #4890 ) ;
#5641 = CARTESIAN_POINT ( 'NONE',  ( 65.25000000000000000, 49.45225058835914922, 10.00000000000000178 ) ) ;
#5642 = CARTESIAN_POINT ( 'NONE',  ( 55.49999999999992184, 49.88526329025141592, 10.00000000000000178 ) ) ;
#5643 = ORIENTED_EDGE ( 'NONE', *, *, #1207, .F. ) ;
#5644 = VECTOR ( 'NONE', #2222, 1000.000000000000114 ) ;
#5645 = VERTEX_POINT ( 'NONE', #5515 ) ;
#5646 = VERTEX_POINT ( 'NONE', #5001 ) ;
#5647 = ORIENTED_EDGE ( 'NONE', *, *, #6369, .T. ) ;
#5648 = DIRECTION ( 'NONE',  ( 0.8660254037844388186, 0.4999999999999996114, 1.744608677860794044E-17 ) ) ;
#5649 = CARTESIAN_POINT ( 'NONE',  ( 111.7499999999999574, -202.2374841615668686, 3.000000000000019096 ) ) ;
#5650 = DIRECTION ( 'NONE',  ( -0.000000000000000000, 3.489217355721594252E-17, -1.000000000000000000 ) ) ;
#5651 = LINE ( 'NONE', #2383, #3100 ) ;
#5652 = EDGE_CURVE ( 'NONE', #5331, #1953, #3929, .T. ) ;
#5653 = FACE_OUTER_BOUND ( 'NONE', #6866, .T. ) ;
#5654 = LINE ( 'NONE', #1916, #3644 ) ;
#5655 = EDGE_LOOP ( 'NONE', ( #4119, #6686, #6201, #1116, #6460 ) ) ;
#5656 = LINE ( 'NONE', #732, #1334 ) ;
#5657 = ORIENTED_EDGE ( 'NONE', *, *, #4610, .T. ) ;
#5658 = ORIENTED_EDGE ( 'NONE', *, *, #537, .F. ) ;
#5659 = CARTESIAN_POINT ( 'NONE',  ( 150.0000000000000000, 85.06340628446157837, 8.710728321080038583 ) ) ;
#5660 = PLANE ( 'NONE',  #693 ) ;
#5661 = DIRECTION ( 'NONE',  ( 0.000000000000000000, -5.377642775528101204E-15, 1.000000000000000000 ) ) ;
#5662 = CARTESIAN_POINT ( 'NONE',  ( 84.74999999999997158, 15.67725984076613699, 5.470136712655835703E-16 ) ) ;
#5663 = ADVANCED_FACE ( 'NONE', ( #1162 ), #5578, .F. ) ;
#5664 = ORIENTED_EDGE ( 'NONE', *, *, #2548, .T. ) ;
#5665 = DIRECTION ( 'NONE',  ( -0.8660254037844383745, -0.5000000000000003331, 0.000000000000000000 ) ) ;
#5666 = EDGE_CURVE ( 'NONE', #6559, #3715, #4326, .T. ) ;
#5667 = ORIENTED_EDGE ( 'NONE', *, *, #2934, .F. ) ;
#5668 = LINE ( 'NONE', #1181, #6110 ) ;
#5669 = ORIENTED_EDGE ( 'NONE', *, *, #2586, .T. ) ;
#5670 = DIRECTION ( 'NONE',  ( -0.000000000000000000, 3.489217355721594252E-17, -1.000000000000000000 ) ) ;
#5671 = LINE ( 'NONE', #3440, #3731 ) ;
#5672 = DIRECTION ( 'NONE',  ( 1.000000000000000000, 0.000000000000000000, -0.000000000000000000 ) ) ;
#5673 = EDGE_CURVE ( 'NONE', #3845, #3912, #364, .T. ) ;
#5674 = VECTOR ( 'NONE', #5077, 1000.000000000000000 ) ;
#5675 = ORIENTED_EDGE ( 'NONE', *, *, #6774, .T. ) ;
#5676 = VERTEX_POINT ( 'NONE', #6983 ) ;
#5677 = AXIS2_PLACEMENT_3D ( 'NONE', #1644, #6745, #3430 ) ;
#5678 = VECTOR ( 'NONE', #4267, 1000.000000000000000 ) ;
#5679 = CARTESIAN_POINT ( 'NONE',  ( 106.5000000000000000, 79.33012701892225493, 10.00000000000000355 ) ) ;
#5680 = EDGE_CURVE ( 'NONE', #589, #4405, #4242, .T. ) ;
#5681 = CARTESIAN_POINT ( 'NONE',  ( 72.74999999999998579, 28.66764089753273126, 10.00000000000000178 ) ) ;
#5682 = DIRECTION ( 'NONE',  ( 1.602468905319637943E-15, 1.000000000000000000, 3.489217355721593019E-17 ) ) ;
#5683 = VERTEX_POINT ( 'NONE', #2694 ) ;
#5684 = ORIENTED_EDGE ( 'NONE', *, *, #2254, .F. ) ;
#5685 = CARTESIAN_POINT ( 'NONE',  ( 57.74999999999999289, 62.44263164512570086, 10.00000000000000178 ) ) ;
#5686 = VERTEX_POINT ( 'NONE', #4960 ) ;
#5687 = DIRECTION ( 'NONE',  ( 0.000000000000000000, 1.000000000000000000, 3.489217355721594868E-17 ) ) ;
#5688 = CARTESIAN_POINT ( 'NONE',  ( 37.50000000000000711, 100.0000000000000000, 1.639121762966653288E-14 ) ) ;
#5689 = VECTOR ( 'NONE', #297, 1000.000000000000000 ) ;
#5690 = DIRECTION ( 'NONE',  ( -0.8660254037844382635, 0.5000000000000006661, 0.000000000000000000 ) ) ;
#5691 = DIRECTION ( 'NONE',  ( -0.000000000000000000, 3.489217355721594252E-17, -1.000000000000000000 ) ) ;
#5692 = LINE ( 'NONE', #4615, #7092 ) ;
#5693 = ORIENTED_EDGE ( 'NONE', *, *, #2865, .F. ) ;
#5694 = DIRECTION ( 'NONE',  ( -0.8660254037844388186, 0.4999999999999996114, 1.744608677860794044E-17 ) ) ;
#5695 = ORIENTED_EDGE ( 'NONE', *, *, #6206, .F. ) ;
#5696 = AXIS2_PLACEMENT_3D ( 'NONE', #817, #6252, #213 ) ;
#5697 = ORIENTED_EDGE ( 'NONE', *, *, #1847, .F. ) ;
#5698 = EDGE_CURVE ( 'NONE', #6459, #3287, #3889, .T. ) ;
#5699 = CARTESIAN_POINT ( 'NONE',  ( 94.49999999999991473, 66.33974596215564645, 10.00000000000000178 ) ) ;
#5700 = FACE_BOUND ( 'NONE', #190, .T. ) ;
#5701 = VECTOR ( 'NONE', #1005, 1000.000000000000000 ) ;
#5702 = DIRECTION ( 'NONE',  ( -0.000000000000000000, -1.000000000000000000, -3.489217355721594252E-17 ) ) ;
#5703 = CARTESIAN_POINT ( 'NONE',  ( 123.7499999999999858, 15.67725984076611567, 3.000000000000019096 ) ) ;
#5704 = CARTESIAN_POINT ( 'NONE',  ( 116.2499999999999716, 20.00738685968833508, 10.00000000000000000 ) ) ;
#5705 = DIRECTION ( 'NONE',  ( 0.8660254037844388186, -0.4999999999999996669, 0.000000000000000000 ) ) ;
#5706 = DIRECTION ( 'NONE',  ( 0.8660254037844384856, -0.5000000000000002220, -1.744608677860798050E-17 ) ) ;
#5707 = ORIENTED_EDGE ( 'NONE', *, *, #220, .F. ) ;
#5708 = VECTOR ( 'NONE', #5387, 1000.000000000000000 ) ;
#5709 = EDGE_CURVE ( 'NONE', #7020, #6186, #7091, .T. ) ;
#5710 = DIRECTION ( 'NONE',  ( -1.000000000000000000, -0.000000000000000000, 0.000000000000000000 ) ) ;
#5711 = LINE ( 'NONE', #4632, #3281 ) ;
#5712 = DIRECTION ( 'NONE',  ( -0.8660254037844388186, -0.4999999999999996669, 0.000000000000000000 ) ) ;
#5713 = CC_DESIGN_PERSON_AND_ORGANIZATION_ASSIGNMENT ( #3392, #5493, ( #7083 ) ) ;
#5714 = AXIS2_PLACEMENT_3D ( 'NONE', #3435, #6219, #1269 ) ;
#5715 = CARTESIAN_POINT ( 'NONE',  ( 82.49999999999998579, 79.33012701892224072, 3.000000000000019096 ) ) ;
#5716 = VECTOR ( 'NONE', #4843, 1000.000000000000000 ) ;
#5717 = ORIENTED_EDGE ( 'NONE', *, *, #5983, .F. ) ;
#5718 = VERTEX_POINT ( 'NONE', #4313 ) ;
#5719 = ADVANCED_FACE ( 'NONE', ( #3228 ), #3811, .F. ) ;
#5720 = EDGE_CURVE ( 'NONE', #3715, #1995, #4925, .T. ) ;
#5721 = FACE_OUTER_BOUND ( 'NONE', #4493, .T. ) ;
#5722 = CARTESIAN_POINT ( 'NONE',  ( 74.99999999999998579, 32.56475521456263067, 10.00000000000000178 ) ) ;
#5723 = DIRECTION ( 'NONE',  ( 1.000000000000000000, -0.000000000000000000, -1.437389243825479109E-16 ) ) ;
#5724 = EDGE_LOOP ( 'NONE', ( #1568, #814, #7095, #5664, #6477, #930 ) ) ;
#5725 = ORIENTED_EDGE ( 'NONE', *, *, #5728, .T. ) ;
#5726 = ORIENTED_EDGE ( 'NONE', *, *, #709, .F. ) ;
#5727 = ADVANCED_FACE ( 'NONE', ( #7130, #2192 ), #6581, .F. ) ;
#5728 = EDGE_CURVE ( 'NONE', #4195, #3269, #315, .T. ) ;
#5729 = ORIENTED_EDGE ( 'NONE', *, *, #2809, .F. ) ;
#5730 = VECTOR ( 'NONE', #2382, 1000.000000000000000 ) ;
#5731 = LINE ( 'NONE', #1363, #3197 ) ;
#5732 = DIRECTION ( 'NONE',  ( 0.8660254037844383745, 0.5000000000000004441, 0.000000000000000000 ) ) ;
#5733 = FACE_OUTER_BOUND ( 'NONE', #6789, .T. ) ;
#5734 = CARTESIAN_POINT ( 'NONE',  ( 131.2500000000000000, -202.2374841615668686, 3.000000000000019096 ) ) ;
#5735 = CARTESIAN_POINT ( 'NONE',  ( 23.99999999999999289, 79.33012701892228336, 3.000000000000019096 ) ) ;
#5736 = CARTESIAN_POINT ( 'NONE',  ( 150.0000000000000000, 49.99999999999999289, 29.90841738390767546 ) ) ;
#5737 = FACE_OUTER_BOUND ( 'NONE', #5033, .T. ) ;
#5738 = ORIENTED_EDGE ( 'NONE', *, *, #3312, .F. ) ;
#5739 = CARTESIAN_POINT ( 'NONE',  ( 65.25000000000000000, 15.67725984076614942, 10.00000000000000000 ) ) ;
#5740 = FACE_BOUND ( 'NONE', #6306, .T. ) ;
#5741 = DIRECTION ( 'NONE',  ( 1.000000000000000000, 0.000000000000000000, 0.000000000000000000 ) ) ;
#5742 = CARTESIAN_POINT ( 'NONE',  ( 147.0000000000000000, 23.49486378953767840, 28.11121421188651937 ) ) ;
#5743 = LINE ( 'NONE', #4124, #1373 ) ;
#5744 = PLANE ( 'NONE',  #4924 ) ;
#5745 = ORIENTED_EDGE ( 'NONE', *, *, #1355, .F. ) ;
#5746 = VERTEX_POINT ( 'NONE', #1957 ) ;
#5747 = DIRECTION ( 'NONE',  ( -0.000000000000000000, 3.489217355721594252E-17, -1.000000000000000000 ) ) ;
#5748 = CARTESIAN_POINT ( 'NONE',  ( 35.99999999999992184, 49.88526329025141592, 1.740605264670865696E-15 ) ) ;
#5749 = DIRECTION ( 'NONE',  ( -0.000000000000000000, 0.000000000000000000, -1.000000000000000000 ) ) ;
#5750 = ORIENTED_EDGE ( 'NONE', *, *, #6109, .T. ) ;
#5751 = EDGE_CURVE ( 'NONE', #3246, #2148, #5121, .T. ) ;
#5752 = AXIS2_PLACEMENT_3D ( 'NONE', #103, #4484, #1112 ) ;
#5753 = VERTEX_POINT ( 'NONE', #1297 ) ;
#5754 = ORIENTED_EDGE ( 'NONE', *, *, #5570, .T. ) ;
#5755 = CARTESIAN_POINT ( 'NONE',  ( 9.000000000000007105, 36.89488223348482165, 1.287342634263795411E-15 ) ) ;
#5756 = LINE ( 'NONE', #5216, #734 ) ;
#5757 = PLANE ( 'NONE',  #6947 ) ;
#5758 = EDGE_CURVE ( 'NONE', #3716, #2325, #3471, .T. ) ;
#5759 = ORIENTED_EDGE ( 'NONE', *, *, #5905, .F. ) ;
#5760 = PLANE ( 'NONE',  #5812 ) ;
#5761 = ORIENTED_EDGE ( 'NONE', *, *, #5529, .F. ) ;
#5762 = DIRECTION ( 'NONE',  ( -5.962354970878714754E-31, -1.000000000000000000, -1.796801581883919789E-15 ) ) ;
#5763 = CARTESIAN_POINT ( 'NONE',  ( -80.67235208260144930, -57.31271916570951674, 3.000000000000019096 ) ) ;
#5764 = LINE ( 'NONE', #5801, #891 ) ;
#5765 = CARTESIAN_POINT ( 'NONE',  ( -70.92235208260150614, -74.20021453950617740, 3.000000000000019096 ) ) ;
#5766 = LINE ( 'NONE', #4011, #14 ) ;
#5767 = ADVANCED_FACE ( 'NONE', ( #6284 ), #278, .F. ) ;
#5768 = AXIS2_PLACEMENT_3D ( 'NONE', #4544, #4472, #4084 ) ;
#5769 = VERTEX_POINT ( 'NONE', #172 ) ;
#5770 = CARTESIAN_POINT ( 'NONE',  ( 45.75000000000000000, 15.67725984076615653, 10.00000000000000000 ) ) ;
#5771 = ORIENTED_EDGE ( 'NONE', *, *, #6337, .F. ) ;
#5772 = CARTESIAN_POINT ( 'NONE',  ( 55.49999999999992184, 66.33974596215564645, 2.314737929853150582E-15 ) ) ;
#5773 = FACE_OUTER_BOUND ( 'NONE', #3781, .T. ) ;
#5774 = EDGE_CURVE ( 'NONE', #6118, #303, #3544, .T. ) ;
#5775 = DIRECTION ( 'NONE',  ( -0.000000000000000000, 1.000000000000000000, 3.489217355721594868E-17 ) ) ;
#5776 = DIRECTION ( 'NONE',  ( -0.8660254037844395958, -0.4999999999999982792, 0.000000000000000000 ) ) ;
#5777 = ORIENTED_EDGE ( 'NONE', *, *, #3733, .F. ) ;
#5778 = VERTEX_POINT ( 'NONE', #5662 ) ;
#5779 = VERTEX_POINT ( 'NONE', #4736 ) ;
#5780 = PLANE ( 'NONE',  #6508 ) ;
#5781 = DIRECTION ( 'NONE',  ( 0.000000000000000000, 1.000000000000000000, 0.000000000000000000 ) ) ;
#5782 = CARTESIAN_POINT ( 'NONE',  ( -85.54735208260146351, -48.86897147881097681, 3.000000000000019096 ) ) ;
#5783 = ORIENTED_EDGE ( 'NONE', *, *, #6773, .F. ) ;
#5784 = VERTEX_POINT ( 'NONE', #5742 ) ;
#5785 = ORIENTED_EDGE ( 'NONE', *, *, #1208, .T. ) ;
#5786 = FACE_OUTER_BOUND ( 'NONE', #1091, .T. ) ;
#5787 = EDGE_CURVE ( 'NONE', #1629, #3845, #2505, .T. ) ;
#5788 = DIRECTION ( 'NONE',  ( -0.000000000000000000, 0.000000000000000000, -1.000000000000000000 ) ) ;
#5789 = VECTOR ( 'NONE', #1356, 1000.000000000000000 ) ;
#5790 = DIRECTION ( 'NONE',  ( -1.072399862389175231E-16, -0.6658621660496463202, -0.7460747789757224968 ) ) ;
#5791 = CARTESIAN_POINT ( 'NONE',  ( 141.0000000000000000, 36.89488223348483587, 1.287342634263795608E-15 ) ) ;
#5792 = VECTOR ( 'NONE', #2384, 1000.000000000000000 ) ;
#5793 = VERTEX_POINT ( 'NONE', #6928 ) ;
#5794 = VECTOR ( 'NONE', #1417, 1000.000000000000000 ) ;
#5795 = VERTEX_POINT ( 'NONE', #5703 ) ;
#5796 = ORIENTED_EDGE ( 'NONE', *, *, #1617, .F. ) ;
#5797 = EDGE_CURVE ( 'NONE', #6440, #2716, #3578, .T. ) ;
#5798 = DIRECTION ( 'NONE',  ( 1.000000000000000000, -0.000000000000000000, -0.000000000000000000 ) ) ;
#5799 = PLANE ( 'NONE',  #1997 ) ;
#5800 = VECTOR ( 'NONE', #413, 1000.000000000000000 ) ;
#5801 = CARTESIAN_POINT ( 'NONE',  ( 23.99999999999999289, 70.66987298107788718, 10.00000000000000178 ) ) ;
#5802 = CARTESIAN_POINT ( 'NONE',  ( 55.49999999999997868, 83.66025403784443881, 2.919088103729243113E-15 ) ) ;
#5803 = CARTESIAN_POINT ( 'NONE',  ( 150.0010000000000048, 85.06340628446157837, 12.91072832108001656 ) ) ;
#5804 = PLANE ( 'NONE',  #6371 ) ;
#5805 = ORIENTED_EDGE ( 'NONE', *, *, #7158, .F. ) ;
#5806 = FACE_OUTER_BOUND ( 'NONE', #4605, .T. ) ;
#5807 = ORIENTED_EDGE ( 'NONE', *, *, #2077, .T. ) ;
#5808 = CARTESIAN_POINT ( 'NONE',  ( 131.2500000000000000, 62.44263164512573638, 2.178759140731031568E-15 ) ) ;
#5809 = FACE_OUTER_BOUND ( 'NONE', #3352, .T. ) ;
#5810 = ADVANCED_FACE ( 'NONE', ( #5773 ), #240, .F. ) ;
#5811 = EDGE_CURVE ( 'NONE', #554, #1803, #6211, .T. ) ;
#5812 = AXIS2_PLACEMENT_3D ( 'NONE', #5883, #1517, #3689 ) ;
#5813 = CARTESIAN_POINT ( 'NONE',  ( 150.0010000000000332, 49.99999999999999289, 90.00000000000001421 ) ) ;
#5814 = EDGE_LOOP ( 'NONE', ( #3886, #3315, #6740, #1488 ) ) ;
#5815 = CARTESIAN_POINT ( 'NONE',  ( 121.4999999999999858, 36.89488223348483587, 1.287342634263795608E-15 ) ) ;
#5816 = DIRECTION ( 'NONE',  ( 0.000000000000000000, 1.000000000000000000, 0.000000000000000000 ) ) ;
#5817 = VECTOR ( 'NONE', #7052, 1000.000000000000114 ) ;
#5818 = EDGE_LOOP ( 'NONE', ( #5820, #3729, #3964, #3101 ) ) ;
#5819 = ORIENTED_EDGE ( 'NONE', *, *, #5943, .T. ) ;
#5820 = ORIENTED_EDGE ( 'NONE', *, *, #2430, .T. ) ;
#5821 = EDGE_CURVE ( 'NONE', #998, #6148, #4659, .T. ) ;
#5822 = DIRECTION ( 'NONE',  ( 0.000000000000000000, 1.541976423090495140E-16, -1.000000000000000000 ) ) ;
#5823 = LINE ( 'NONE', #1491, #133 ) ;
#5824 = DIRECTION ( 'NONE',  ( 0.000000000000000000, -0.7460747789757224968, 0.6658621660496463202 ) ) ;
#5825 = ORIENTED_EDGE ( 'NONE', *, *, #2584, .F. ) ;
#5826 = ORIENTED_EDGE ( 'NONE', *, *, #2245, .F. ) ;
#5827 = AXIS2_PLACEMENT_3D ( 'NONE', #5455, #4981, #5525 ) ;
#5828 = VECTOR ( 'NONE', #4079, 1000.000000000000114 ) ;
#5829 = EDGE_LOOP ( 'NONE', ( #5138, #5074, #6007, #6616 ) ) ;
#5830 = VECTOR ( 'NONE', #4490, 1000.000000000000000 ) ;
#5831 = DIRECTION ( 'NONE',  ( -0.000000000000000000, 3.489217355721594252E-17, -1.000000000000000000 ) ) ;
#5832 = DIRECTION ( 'NONE',  ( -1.000000000000000000, -0.000000000000000000, -0.000000000000000000 ) ) ;
#5833 = EDGE_CURVE ( 'NONE', #5247, #5519, #3509, .T. ) ;
#5834 = CARTESIAN_POINT ( 'NONE',  ( 130.1723520826014635, 18.03149096353665115, 3.000000000000019096 ) ) ;
#5835 = VECTOR ( 'NONE', #1492, 1000.000000000000000 ) ;
#5836 = DIRECTION ( 'NONE',  ( -0.8660254037844383745, 0.5000000000000004441, 1.744608677860799899E-17 ) ) ;
#5837 = VECTOR ( 'NONE', #6044, 1000.000000000000000 ) ;
#5838 = DIRECTION ( 'NONE',  ( 1.602468905319633408E-15, 1.000000000000000000, 0.000000000000000000 ) ) ;
#5839 = EDGE_CURVE ( 'NONE', #3288, #6145, #7037, .T. ) ;
#5840 = ORIENTED_EDGE ( 'NONE', *, *, #2623, .F. ) ;
#5841 = ORIENTED_EDGE ( 'NONE', *, *, #2509, .F. ) ;
#5842 = LINE ( 'NONE', #2529, #6759 ) ;
#5843 = DIRECTION ( 'NONE',  ( -1.000000000000000000, -0.000000000000000000, 1.954618001100628066E-16 ) ) ;
#5844 = DIRECTION ( 'NONE',  ( -0.000000000000000000, -1.000000000000000000, -3.489217355721593635E-17 ) ) ;
#5845 = LINE ( 'NONE', #5803, #1836 ) ;
#5846 = ADVANCED_FACE ( 'NONE', ( #5344 ), #384, .F. ) ;
#5847 = VECTOR ( 'NONE', #1611, 1000.000000000000000 ) ;
#5848 = DIRECTION ( 'NONE',  ( -0.000000000000000000, 3.489217355721594252E-17, -1.000000000000000000 ) ) ;
#5849 = ORIENTED_EDGE ( 'NONE', *, *, #2140, .F. ) ;
#5850 = LINE ( 'NONE', #3104, #5800 ) ;
#5851 = CARTESIAN_POINT ( 'NONE',  ( 147.0000000000000284, 49.99999999999999289, 77.93913278898531871 ) ) ;
#5852 = AXIS2_PLACEMENT_3D ( 'NONE', #3511, #32, #5705 ) ;
#5853 = CARTESIAN_POINT ( 'NONE',  ( 126.0000000000000000, 36.89488223348482165, 3.000000000000019096 ) ) ;
#5854 = DIRECTION ( 'NONE',  ( 0.000000000000000000, 0.000000000000000000, -1.000000000000000000 ) ) ;
#5855 = CARTESIAN_POINT ( 'NONE',  ( 150.0000000000000000, 23.49486378953767840, 29.81121421188651510 ) ) ;
#5856 = EDGE_CURVE ( 'NONE', #1831, #2240, #6489, .T. ) ;
#5857 = DIRECTION ( 'NONE',  ( 0.000000000000000000, 0.000000000000000000, 1.000000000000000000 ) ) ;
#5858 = ORIENTED_EDGE ( 'NONE', *, *, #3322, .T. ) ;
#5859 = EDGE_LOOP ( 'NONE', ( #4469, #6176 ) ) ;
#5860 = ORIENTED_EDGE ( 'NONE', *, *, #58, .F. ) ;
#5861 = CYLINDRICAL_SURFACE ( 'NONE', #1757, 1.699999999999993072 ) ;
#5862 = LINE ( 'NONE', #1966, #737 ) ;
#5863 = ORIENTED_EDGE ( 'NONE', *, *, #4225, .F. ) ;
#5864 = EDGE_CURVE ( 'NONE', #5645, #1691, #6135, .T. ) ;
#5865 = ORIENTED_EDGE ( 'NONE', *, *, #325, .F. ) ;
#5866 = CARTESIAN_POINT ( 'NONE',  ( 77.24999999999998579, 20.00738685968835640, 6.981012147346078861E-16 ) ) ;
#5867 = DIRECTION ( 'NONE',  ( 0.000000000000000000, 0.000000000000000000, -1.000000000000000000 ) ) ;
#5868 = VECTOR ( 'NONE', #5109, 1000.000000000000114 ) ;
#5869 = EDGE_CURVE ( 'NONE', #1312, #6653, #6723, .T. ) ;
#5870 = CARTESIAN_POINT ( 'NONE',  ( 35.99999999999997868, 32.56475521456263067, 10.00000000000000178 ) ) ;
#5871 = CIRCLE ( 'NONE', #6438, 30.00000000000000000 ) ;
#5872 = EDGE_LOOP ( 'NONE', ( #5513, #2866, #1064, #6468 ) ) ;
#5873 = ORIENTED_EDGE ( 'NONE', *, *, #4226, .T. ) ;
#5874 = ORIENTED_EDGE ( 'NONE', *, *, #5031, .T. ) ;
#5875 = DIRECTION ( 'NONE',  ( 1.000000000000000000, -0.000000000000000000, -0.000000000000000000 ) ) ;
#5876 = CARTESIAN_POINT ( 'NONE',  ( 55.49999999999992184, 66.33974596215564645, 2.314737929853150582E-15 ) ) ;
#5877 = FACE_OUTER_BOUND ( 'NONE', #2433, .T. ) ;
#5878 = EDGE_LOOP ( 'NONE', ( #5356, #3862, #5192, #3314 ) ) ;
#5879 = LINE ( 'NONE', #5273, #4556 ) ;
#5880 = ORIENTED_EDGE ( 'NONE', *, *, #2640, .T. ) ;
#5881 = LINE ( 'NONE', #5376, #2801 ) ;
#5882 = PLANE ( 'NONE',  #7035 ) ;
#5883 = CARTESIAN_POINT ( 'NONE',  ( 121.4999999999999858, 70.66987298107788718, 10.00000000000000178 ) ) ;
#5884 = CIRCLE ( 'NONE', #7033, 2.100000000000000977 ) ;
#5885 = EDGE_CURVE ( 'NONE', #5490, #2356, #2562, .T. ) ;
#5886 = DIRECTION ( 'NONE',  ( 0.8660254037844393737, -0.4999999999999985012, 0.000000000000000000 ) ) ;
#5887 = AXIS2_PLACEMENT_3D ( 'NONE', #4445, #6640, #3840 ) ;
#5888 = DIRECTION ( 'NONE',  ( 0.8660254037844383745, -0.5000000000000003331, 0.000000000000000000 ) ) ;
#5889 = CARTESIAN_POINT ( 'NONE',  ( 53.24999999999997868, -202.2374841615668686, 3.000000000000019096 ) ) ;
#5890 = DIRECTION ( 'NONE',  ( -1.000000000000000000, -0.000000000000000000, 0.000000000000000000 ) ) ;
#5891 = ORIENTED_EDGE ( 'NONE', *, *, #3094, .T. ) ;
#5892 = ORIENTED_EDGE ( 'NONE', *, *, #5087, .F. ) ;
#5893 = VECTOR ( 'NONE', #3409, 1000.000000000000227 ) ;
#5894 = ORIENTED_EDGE ( 'NONE', *, *, #4587, .T. ) ;
#5895 = FACE_OUTER_BOUND ( 'NONE', #5190, .T. ) ;
#5896 = DIRECTION ( 'NONE',  ( -0.8660254037844387076, -0.4999999999999997780, 0.000000000000000000 ) ) ;
#5897 = DIRECTION ( 'NONE',  ( -0.000000000000000000, 0.000000000000000000, -1.000000000000000000 ) ) ;
#5898 = ADVANCED_FACE ( 'NONE', ( #5966 ), #3841, .F. ) ;
#5899 = CARTESIAN_POINT ( 'NONE',  ( 94.49999999999997158, 32.56475521456263067, 3.000000000000019096 ) ) ;
#5900 = EDGE_CURVE ( 'NONE', #6437, #2427, #5499, .T. ) ;
#5901 = VERTEX_POINT ( 'NONE', #4411 ) ;
#5902 = ORIENTED_EDGE ( 'NONE', *, *, #6332, .T. ) ;
#5903 = PLANE ( 'NONE',  #5569 ) ;
#5904 = CARTESIAN_POINT ( 'NONE',  ( 67.50000000000000000, 79.33012701892225493, 2.768000560260221065E-15 ) ) ;
#5905 = EDGE_CURVE ( 'NONE', #3928, #1762, #3881, .T. ) ;
#5906 = LINE ( 'NONE', #1500, #6746 ) ;
#5907 = FACE_OUTER_BOUND ( 'NONE', #5245, .T. ) ;
#5908 = ORIENTED_EDGE ( 'NONE', *, *, #6631, .F. ) ;
#5909 = VERTEX_POINT ( 'NONE', #6722 ) ;
#5910 = EDGE_CURVE ( 'NONE', #3912, #788, #4141, .T. ) ;
#5911 = CARTESIAN_POINT ( 'NONE',  ( 150.0000000000000000, 23.49486378953767840, 79.31121421188650800 ) ) ;
#5912 = PLANE ( 'NONE',  #859 ) ;
#5913 = FACE_BOUND ( 'NONE', #2327, .T. ) ;
#5914 = DIRECTION ( 'NONE',  ( -1.000000000000000000, 0.000000000000000000, 0.000000000000000000 ) ) ;
#5915 = DIRECTION ( 'NONE',  ( -0.000000000000000000, 3.489217355721594252E-17, -1.000000000000000000 ) ) ;
#5916 = AXIS2_PLACEMENT_3D ( 'NONE', #2457, #1950, #3536 ) ;
#5917 = VECTOR ( 'NONE', #73, 999.9999999999998863 ) ;
#5918 = DIRECTION ( 'NONE',  ( 0.8660254037844387076, -0.4999999999999998890, -1.744608677860796818E-17 ) ) ;
#5919 = EDGE_LOOP ( 'NONE', ( #4715, #5608, #1794, #2512 ) ) ;
#5920 = DIRECTION ( 'NONE',  ( 0.000000000000000000, -1.224646799147352961E-16, 1.000000000000000000 ) ) ;
#5921 = VECTOR ( 'NONE', #1480, 1000.000000000000000 ) ;
#5922 = DIRECTION ( 'NONE',  ( -1.000000000000000000, -0.000000000000000000, 1.954618001100628066E-16 ) ) ;
#5923 = CARTESIAN_POINT ( 'NONE',  ( -100.1723520826014493, -23.53772841811646543, 3.000000000000019096 ) ) ;
#5924 = ORIENTED_EDGE ( 'NONE', *, *, #820, .T. ) ;
#5925 = EDGE_CURVE ( 'NONE', #1470, #3796, #4068, .T. ) ;
#5926 = ORIENTED_EDGE ( 'NONE', *, *, #3183, .F. ) ;
#5927 = VERTEX_POINT ( 'NONE', #2985 ) ;
#5928 = CARTESIAN_POINT ( 'NONE',  ( 150.0000000000000000, 23.49486378953767840, 31.51121421188651084 ) ) ;
#5929 = CARTESIAN_POINT ( 'NONE',  ( 109.4999999999999858, 104.4764486738543354, -3.995172996297874146 ) ) ;
#5930 = FACE_OUTER_BOUND ( 'NONE', #4707, .T. ) ;
#5931 = DIRECTION ( 'NONE',  ( 0.000000000000000000, 1.541976423090495140E-16, -1.000000000000000000 ) ) ;
#5932 = PLANE ( 'NONE',  #1920 ) ;
#5933 = VECTOR ( 'NONE', #4837, 1000.000000000000114 ) ;
#5934 = ORIENTED_EDGE ( 'NONE', *, *, #596, .F. ) ;
#5935 = EDGE_CURVE ( 'NONE', #3642, #592, #6264, .T. ) ;
#5936 = ORIENTED_EDGE ( 'NONE', *, *, #7110, .F. ) ;
#5937 = AXIS2_PLACEMENT_3D ( 'NONE', #5350, #4199, #2617 ) ;
#5938 = CARTESIAN_POINT ( 'NONE',  ( 57.75000000000041922, -202.2374841615667833, 3.000000000000019096 ) ) ;
#5939 = PLANE ( 'NONE',  #2294 ) ;
#5940 = DIRECTION ( 'NONE',  ( -0.000000000000000000, 3.489217355721594252E-17, -1.000000000000000000 ) ) ;
#5941 = EDGE_CURVE ( 'NONE', #6896, #3143, #4526, .T. ) ;
#5942 = VECTOR ( 'NONE', #717, 1000.000000000000114 ) ;
#5943 = EDGE_CURVE ( 'NONE', #6641, #3805, #3448, .T. ) ;
#5944 = ORIENTED_EDGE ( 'NONE', *, *, #4741, .T. ) ;
#5945 = VERTEX_POINT ( 'NONE', #3563 ) ;
#5946 = VECTOR ( 'NONE', #6033, 1000.000000000000114 ) ;
#5947 = CYLINDRICAL_SURFACE ( 'NONE', #1096, 2.250000000000001776 ) ;
#5948 = CARTESIAN_POINT ( 'NONE',  ( 150.0000000000000000, 49.99999999999999289, 90.00000000000001421 ) ) ;
#5949 = VECTOR ( 'NONE', #5508, 1000.000000000000000 ) ;
#5950 = CARTESIAN_POINT ( 'NONE',  ( -0.001000000000001000089, 38.99486378953768906, 34.56121421188651510 ) ) ;
#5951 = DIRECTION ( 'NONE',  ( 0.000000000000000000, -1.000000000000000000, -3.489217355721593635E-17 ) ) ;
#5952 = EDGE_CURVE ( 'NONE', #5645, #3870, #2330, .T. ) ;
#5953 = EDGE_LOOP ( 'NONE', ( #4559, #2736, #3303, #4412 ) ) ;
#5954 = EDGE_CURVE ( 'NONE', #2086, #4197, #2463, .T. ) ;
#5955 = LINE ( 'NONE', #4255, #2468 ) ;
#5956 = CARTESIAN_POINT ( 'NONE',  ( 127.5473520826013782, 13.48485759366832504, 3.000000000000019096 ) ) ;
#5957 = DIRECTION ( 'NONE',  ( 0.8660254037844383745, 0.5000000000000004441, 1.744608677860797742E-17 ) ) ;
#5958 = EDGE_CURVE ( 'NONE', #60, #2638, #3527, .T. ) ;
#5959 = ORIENTED_EDGE ( 'NONE', *, *, #4350, .F. ) ;
#5960 = ORIENTED_EDGE ( 'NONE', *, *, #5941, .T. ) ;
#5961 = ORIENTED_EDGE ( 'NONE', *, *, #2686, .T. ) ;
#5962 = DIRECTION ( 'NONE',  ( 1.000000000000000000, -0.000000000000000000, -0.000000000000000000 ) ) ;
#5963 = FACE_OUTER_BOUND ( 'NONE', #2450, .T. ) ;
#5964 = DIRECTION ( 'NONE',  ( 1.000000000000000000, 0.000000000000000000, -0.000000000000000000 ) ) ;
#5965 = PLANE ( 'NONE',  #4104 ) ;
#5966 = FACE_OUTER_BOUND ( 'NONE', #4056, .T. ) ;
#5967 = ORIENTED_EDGE ( 'NONE', *, *, #2686, .F. ) ;
#5968 = ORIENTED_EDGE ( 'NONE', *, *, #845, .F. ) ;
#5969 = LINE ( 'NONE', #902, #832 ) ;
#5970 = DIRECTION ( 'NONE',  ( -0.5000000000000004441, 0.8660254037844383745, 3.021750869380464253E-17 ) ) ;
#5971 = CARTESIAN_POINT ( 'NONE',  ( 87.00000000000000000, 45.55513627132927468, 3.000000000000019096 ) ) ;
#5972 = EDGE_CURVE ( 'NONE', #3975, #5168, #2448, .T. ) ;
#5973 = CARTESIAN_POINT ( 'NONE',  ( 121.4999999999999858, 70.66987298107788718, 2.465825473322174997E-15 ) ) ;
#5974 = ORIENTED_EDGE ( 'NONE', *, *, #2857, .F. ) ;
#5975 = ORIENTED_EDGE ( 'NONE', *, *, #3474, .T. ) ;
#5976 = EDGE_LOOP ( 'NONE', ( #4015, #2005, #1963, #6112 ) ) ;
#5977 = FACE_OUTER_BOUND ( 'NONE', #4540, .T. ) ;
#5978 = LINE ( 'NONE', #3237, #3649 ) ;
#5979 = FACE_BOUND ( 'NONE', #3831, .T. ) ;
#5980 = ADVANCED_FACE ( 'NONE', ( #6839 ), #5217, .F. ) ;
#5981 = CARTESIAN_POINT ( 'NONE',  ( 38.24999999999963762, -202.2374841615669254, 3.000000000000019096 ) ) ;
#5982 = DIRECTION ( 'NONE',  ( -0.8660254037844383745, 0.5000000000000004441, 0.000000000000000000 ) ) ;
#5983 = EDGE_CURVE ( 'NONE', #2883, #3483, #1279, .T. ) ;
#5984 = AXIS2_PLACEMENT_3D ( 'NONE', #4240, #5970, #1001 ) ;
#5985 = ORIENTED_EDGE ( 'NONE', *, *, #2159, .T. ) ;
#5986 = DIRECTION ( 'NONE',  ( 0.4999999999999999445, 0.8660254037844387076, 3.021750869380466102E-17 ) ) ;
#5987 = DIRECTION ( 'NONE',  ( 0.4999999999999998335, 0.8660254037844388186, 3.021750869380465486E-17 ) ) ;
#5988 = LINE ( 'NONE', #1595, #791 ) ;
#5989 = EDGE_CURVE ( 'NONE', #4003, #390, #4684, .T. ) ;
#5990 = CARTESIAN_POINT ( 'NONE',  ( -107.6723520826016909, -10.54734736135026729, 3.000000000000019096 ) ) ;
#5991 = DIRECTION ( 'NONE',  ( -0.000000000000000000, 3.489217355721594252E-17, -1.000000000000000000 ) ) ;
#5992 = VERTEX_POINT ( 'NONE', #2949 ) ;
#5993 = ORIENTED_EDGE ( 'NONE', *, *, #238, .F. ) ;
#5994 = ORIENTED_EDGE ( 'NONE', *, *, #4814, .F. ) ;
#5995 = DIRECTION ( 'NONE',  ( -0.8660254037844387076, 0.4999999999999997780, 0.000000000000000000 ) ) ;
#5996 = AXIS2_PLACEMENT_3D ( 'NONE', #5236, #4082, #3612 ) ;
#5997 = CARTESIAN_POINT ( 'NONE',  ( 55.49999999999997868, 83.66025403784443881, 2.919088103729243901E-15 ) ) ;
#5998 = VECTOR ( 'NONE', #1486, 1000.000000000000000 ) ;
#5999 = LINE ( 'NONE', #6245, #6734 ) ;
#6000 = ADVANCED_FACE ( 'NONE', ( #1903 ), #5757, .F. ) ;
#6001 = VERTEX_POINT ( 'NONE', #187 ) ;
#6002 = VECTOR ( 'NONE', #5951, 1000.000000000000000 ) ;
#6003 = VERTEX_POINT ( 'NONE', #2905 ) ;
#6004 = DIRECTION ( 'NONE',  ( 0.8660254037844388186, -0.4999999999999996669, 0.000000000000000000 ) ) ;
#6005 = DIRECTION ( 'NONE',  ( -0.000000000000000000, 3.489217355721594252E-17, -1.000000000000000000 ) ) ;
#6006 = DIRECTION ( 'NONE',  ( 0.8660254037844383745, 0.5000000000000004441, 1.744608677860797742E-17 ) ) ;
#6007 = ORIENTED_EDGE ( 'NONE', *, *, #1361, .T. ) ;
#6008 = ORIENTED_EDGE ( 'NONE', *, *, #857, .T. ) ;
#6009 = EDGE_CURVE ( 'NONE', #2578, #3350, #2869, .T. ) ;
#6010 = PLANE ( 'NONE',  #985 ) ;
#6011 = CARTESIAN_POINT ( 'NONE',  ( 84.74999999999997158, 15.67725984076613699, 10.00000000000000000 ) ) ;
#6012 = FACE_BOUND ( 'NONE', #1214, .T. ) ;
#6013 = CARTESIAN_POINT ( 'NONE',  ( 132.4223520826016056, 21.92860528056658609, 3.000000000000019096 ) ) ;
#6014 = CARTESIAN_POINT ( 'NONE',  ( -0.001000000000001000089, 1.141983802888053159E-14, 34.56121421188652931 ) ) ;
#6015 = ORIENTED_EDGE ( 'NONE', *, *, #6472, .F. ) ;
#6016 = ORIENTED_EDGE ( 'NONE', *, *, #58, .T. ) ;
#6017 = ADVANCED_FACE ( 'NONE', ( #6336 ), #3596, .F. ) ;
#6018 = EDGE_LOOP ( 'NONE', ( #6285, #2910, #6094, #6717 ) ) ;
#6019 = CARTESIAN_POINT ( 'NONE',  ( 62.99999999999998579, 45.55513627132918941, 10.00000000000000178 ) ) ;
#6020 = PLANE ( 'NONE',  #4882 ) ;
#6021 = EDGE_CURVE ( 'NONE', #3579, #882, #4565, .T. ) ;
#6022 = VECTOR ( 'NONE', #3602, 1000.000000000000000 ) ;
#6023 = CARTESIAN_POINT ( 'NONE',  ( 57.75000000000000711, 28.66764089753274547, 1.000276301672654348E-15 ) ) ;
#6024 = CARTESIAN_POINT ( 'NONE',  ( 40.50000000000000711, 86.48368917940753420, -8.326127807156407952E-15 ) ) ;
#6025 = EDGE_LOOP ( 'NONE', ( #6806, #1173, #2324, #358 ) ) ;
#6026 = EDGE_CURVE ( 'NONE', #4458, #5179, #6228, .T. ) ;
#6027 = ORIENTED_EDGE ( 'NONE', *, *, #2209, .T. ) ;
#6028 = AXIS2_PLACEMENT_3D ( 'NONE', #5642, #1943, #6191 ) ;
#6029 = ADVANCED_FACE ( 'NONE', ( #1800 ), #2958, .F. ) ;
#6030 = VECTOR ( 'NONE', #4062, 1000.000000000000114 ) ;
#6031 = ORIENTED_EDGE ( 'NONE', *, *, #2337, .F. ) ;
#6032 = ORIENTED_EDGE ( 'NONE', *, *, #2322, .T. ) ;
#6033 = DIRECTION ( 'NONE',  ( 0.8660254037844379305, -0.5000000000000011102, 0.000000000000000000 ) ) ;
#6034 = VECTOR ( 'NONE', #6456, 1000.000000000000000 ) ;
#6035 = SECURITY_CLASSIFICATION_LEVEL ( 'unclassified' ) ;
#6036 = PLANE ( 'NONE',  #5558 ) ;
#6037 = LINE ( 'NONE', #7121, #1786 ) ;
#6038 = DIRECTION ( 'NONE',  ( 0.000000000000000000, -1.000000000000000000, 0.000000000000000000 ) ) ;
#6039 = ORIENTED_EDGE ( 'NONE', *, *, #4216, .T. ) ;
#6040 = ORIENTED_EDGE ( 'NONE', *, *, #2509, .T. ) ;
#6041 = EDGE_CURVE ( 'NONE', #4333, #922, #4149, .T. ) ;
#6042 = FACE_OUTER_BOUND ( 'NONE', #6959, .T. ) ;
#6043 = DIRECTION ( 'NONE',  ( 0.000000000000000000, -8.673617379884035472E-17, -1.000000000000000000 ) ) ;
#6044 = DIRECTION ( 'NONE',  ( -0.000000000000000000, 3.489217355721594252E-17, -1.000000000000000000 ) ) ;
#6045 = VECTOR ( 'NONE', #4860, 1000.000000000000114 ) ;
#6046 = DIRECTION ( 'NONE',  ( -0.4999999999999996669, 0.8660254037844388186, 3.021750869380465486E-17 ) ) ;
#6047 = ORIENTED_EDGE ( 'NONE', *, *, #577, .F. ) ;
#6048 = VECTOR ( 'NONE', #2937, 1000.000000000000000 ) ;
#6049 = EDGE_LOOP ( 'NONE', ( #3529, #3960, #5244, #6289 ) ) ;
#6050 = VECTOR ( 'NONE', #1540, 1000.000000000000000 ) ;
#6051 = LINE ( 'NONE', #3820, #3706 ) ;
#6052 = PLANE ( 'NONE',  #6207 ) ;
#6053 = CARTESIAN_POINT ( 'NONE',  ( 101.9999999999999858, 36.89488223348483587, 1.287342634263795608E-15 ) ) ;
#6054 = APPROVAL_PERSON_ORGANIZATION ( #2718, #1783, #3291 ) ;
#6055 = ORIENTED_EDGE ( 'NONE', *, *, #7131, .T. ) ;
#6056 = ORIENTED_EDGE ( 'NONE', *, *, #1095, .T. ) ;
#6057 = AXIS2_PLACEMENT_3D ( 'NONE', #2852, #5158, #6856 ) ;
#6058 = CARTESIAN_POINT ( 'NONE',  ( 150.0000000000000000, 23.49486378953767840, 28.11121421188652292 ) ) ;
#6059 = LINE ( 'NONE', #6528, #6149 ) ;
#6060 = VECTOR ( 'NONE', #4552, 1000.000000000000000 ) ;
#6061 = AXIS2_PLACEMENT_3D ( 'NONE', #2978, #4063, #215 ) ;
#6062 = ADVANCED_FACE ( 'NONE', ( #3498 ), #4115, .F. ) ;
#6063 = DIRECTION ( 'NONE',  ( 0.000000000000000000, 0.000000000000000000, 1.000000000000000000 ) ) ;
#6064 = ORIENTED_EDGE ( 'NONE', *, *, #4422, .F. ) ;
#6065 = ORIENTED_EDGE ( 'NONE', *, *, #1663, .F. ) ;
#6066 = ORIENTED_EDGE ( 'NONE', *, *, #284, .T. ) ;
#6067 = CARTESIAN_POINT ( 'NONE',  ( 62.99999999999998579, -202.2374841615668686, 3.000000000000019096 ) ) ;
#6068 = SHAPE_DEFINITION_REPRESENTATION ( #2326, #3577 ) ;
#6069 = DIRECTION ( 'NONE',  ( 1.000000000000000000, 0.000000000000000000, -1.954618001100627820E-16 ) ) ;
#6070 = DIRECTION ( 'NONE',  ( 0.8660254037844387076, -0.4999999999999998890, -1.744608677860796818E-17 ) ) ;
#6071 = DIRECTION ( 'NONE',  ( 0.8660254037844377084, 0.5000000000000016653, 0.000000000000000000 ) ) ;
#6072 = ADVANCED_FACE ( 'NONE', ( #2498 ), #5804, .F. ) ;
#6073 = FACE_OUTER_BOUND ( 'NONE', #6873, .T. ) ;
#6074 = ORIENTED_EDGE ( 'NONE', *, *, #2151, .F. ) ;
#6075 = EDGE_LOOP ( 'NONE', ( #3449, #455, #1962, #3575, #6816, #1662 ) ) ;
#6076 = AXIS2_PLACEMENT_3D ( 'NONE', #4146, #4111, #267 ) ;
#6077 = CARTESIAN_POINT ( 'NONE',  ( 82.49999999999998579, -202.2374841615668686, 3.000000000000019096 ) ) ;
#6078 = CYLINDRICAL_SURFACE ( 'NONE', #5357, 2.500000000000002220 ) ;
#6079 = LINE ( 'NONE', #3809, #6217 ) ;
#6080 = EDGE_CURVE ( 'NONE', #1675, #471, #5766, .T. ) ;
#6081 = ORIENTED_EDGE ( 'NONE', *, *, #1426, .F. ) ;
#6082 = EDGE_LOOP ( 'NONE', ( #89, #3186, #5560, #497, #723, #5615 ) ) ;
#6083 = EDGE_CURVE ( 'NONE', #3154, #3277, #841, .T. ) ;
#6084 = LINE ( 'NONE', #2295, #4328 ) ;
#6085 = ORIENTED_EDGE ( 'NONE', *, *, #1361, .F. ) ;
#6086 = ORIENTED_EDGE ( 'NONE', *, *, #1847, .T. ) ;
#6087 = ORIENTED_EDGE ( 'NONE', *, *, #4919, .F. ) ;
#6088 = CARTESIAN_POINT ( 'NONE',  ( 40.50000000000000711, 98.48368917940753420, -10.70984600707936529 ) ) ;
#6089 = DIRECTION ( 'NONE',  ( 1.000000000000000000, 0.000000000000000000, -1.954618001100627820E-16 ) ) ;
#6090 = DIRECTION ( 'NONE',  ( -0.000000000000000000, 3.489217355721594252E-17, -1.000000000000000000 ) ) ;
#6091 = VECTOR ( 'NONE', #2223, 1000.000000000000000 ) ;
#6092 = UNCERTAINTY_MEASURE_WITH_UNIT (LENGTH_MEASURE( 1.000000000000000082E-05 ), #4337, 'distance_accuracy_value', 'NONE');
#6093 = LINE ( 'NONE', #17, #2721 ) ;
#6094 = ORIENTED_EDGE ( 'NONE', *, *, #2059, .F. ) ;
#6095 = EDGE_LOOP ( 'NONE', ( #2333, #5290, #2563, #6807, #1869, #1977 ) ) ;
#6096 = ORIENTED_EDGE ( 'NONE', *, *, #3374, .F. ) ;
#6097 = ORIENTED_EDGE ( 'NONE', *, *, #3450, .T. ) ;
#6098 = ADVANCED_FACE ( 'NONE', ( #5653 ), #4613, .F. ) ;
#6099 = LINE ( 'NONE', #4438, #1392 ) ;
#6100 = PERSON_AND_ORGANIZATION ( #7025, #3754 ) ;
#6101 = DIRECTION ( 'NONE',  ( 0.000000000000000000, -1.000000000000000000, 0.000000000000000000 ) ) ;
#6102 = CARTESIAN_POINT ( 'NONE',  ( 62.99999999999998579, -202.2374841615668686, 3.000000000000019096 ) ) ;
#6103 = ORIENTED_EDGE ( 'NONE', *, *, #3035, .T. ) ;
#6104 = ORIENTED_EDGE ( 'NONE', *, *, #3532, .T. ) ;
#6105 = EDGE_CURVE ( 'NONE', #1829, #763, #251, .T. ) ;
#6106 = LINE ( 'NONE', #4379, #700 ) ;
#6107 = CARTESIAN_POINT ( 'NONE',  ( 116.2499999999999716, 20.00738685968833508, 3.000000000000019096 ) ) ;
#6108 = LINE ( 'NONE', #2763, #3913 ) ;
#6109 = EDGE_CURVE ( 'NONE', #1333, #5394, #2421, .T. ) ;
#6110 = VECTOR ( 'NONE', #4628, 1000.000000000000000 ) ;
#6111 = AXIS2_PLACEMENT_3D ( 'NONE', #7119, #6069, #2652 ) ;
#6112 = ORIENTED_EDGE ( 'NONE', *, *, #97, .F. ) ;
#6113 = VERTEX_POINT ( 'NONE', #6888 ) ;
#6114 = ORIENTED_EDGE ( 'NONE', *, *, #313, .T. ) ;
#6115 = EDGE_CURVE ( 'NONE', #6938, #3921, #5110, .T. ) ;
#6116 = DIRECTION ( 'NONE',  ( 0.000000000000000000, 0.7460747789757220527, -0.6658621660496468753 ) ) ;
#6117 = ORIENTED_EDGE ( 'NONE', *, *, #1986, .T. ) ;
#6118 = VERTEX_POINT ( 'NONE', #1914 ) ;
#6119 = EDGE_CURVE ( 'NONE', #7042, #3390, #4576, .T. ) ;
#6120 = DIRECTION ( 'NONE',  ( 0.8660254037844387076, -0.4999999999999999445, 0.000000000000000000 ) ) ;
#6121 = EDGE_LOOP ( 'NONE', ( #2099, #1182, #6662, #3414, #581 ) ) ;
#6122 = DIRECTION ( 'NONE',  ( -0.000000000000000000, 3.489217355721594252E-17, -1.000000000000000000 ) ) ;
#6123 = FACE_OUTER_BOUND ( 'NONE', #2051, .T. ) ;
#6124 = LINE ( 'NONE', #2957, #5868 ) ;
#6125 = CARTESIAN_POINT ( 'NONE',  ( 84.74999999999998579, 49.45225058835914922, 1.725496510323961677E-15 ) ) ;
#6126 = ORIENTED_EDGE ( 'NONE', *, *, #6454, .T. ) ;
#6127 = PLANE ( 'NONE',  #6741 ) ;
#6128 = ORIENTED_EDGE ( 'NONE', *, *, #6681, .T. ) ;
#6129 = VERTEX_POINT ( 'NONE', #3607 ) ;
#6130 = DIRECTION ( 'NONE',  ( -0.8660254037844383745, -0.5000000000000003331, 0.000000000000000000 ) ) ;
#6131 = VECTOR ( 'NONE', #3486, 1000.000000000000000 ) ;
#6132 = CARTESIAN_POINT ( 'NONE',  ( 3.000000000000000000, -202.2374841615668686, 3.000000000000019096 ) ) ;
#6133 = CARTESIAN_POINT ( 'NONE',  ( 150.0000000000000000, 30.00000000000000000, 77.93913278898531871 ) ) ;
#6134 = DIRECTION ( 'NONE',  ( 1.000000000000000000, 0.000000000000000000, 0.000000000000000000 ) ) ;
#6135 = CIRCLE ( 'NONE', #583, 2.100000000000000977 ) ;
#6136 = ORIENTED_EDGE ( 'NONE', *, *, #5426, .F. ) ;
#6137 = VECTOR ( 'NONE', #5351, 999.9999999999998863 ) ;
#6138 = EDGE_LOOP ( 'NONE', ( #6932, #3650, #1700, #7107 ) ) ;
#6139 = LINE ( 'NONE', #1776, #396 ) ;
#6140 = PLANE ( 'NONE',  #3262 ) ;
#6141 = DIRECTION ( 'NONE',  ( -0.8660254037844383745, 0.5000000000000004441, 1.744608677860799899E-17 ) ) ;
#6142 = PLANE ( 'NONE',  #5752 ) ;
#6143 = AXIS2_PLACEMENT_3D ( 'NONE', #4384, #6046, #3266 ) ;
#6144 = DIRECTION ( 'NONE',  ( -3.204937810639274309E-15, -1.000000000000000000, 0.000000000000000000 ) ) ;
#6145 = VERTEX_POINT ( 'NONE', #5735 ) ;
#6146 = ADVANCED_FACE ( 'NONE', ( #4651 ), #768, .F. ) ;
#6147 = ORIENTED_EDGE ( 'NONE', *, *, #4620, .T. ) ;
#6148 = VERTEX_POINT ( 'NONE', #4535 ) ;
#6149 = VECTOR ( 'NONE', #2269, 1000.000000000000000 ) ;
#6150 = CARTESIAN_POINT ( 'NONE',  ( 43.49999999999998579, -202.2374841615668686, 3.000000000000019096 ) ) ;
#6151 = ADVANCED_FACE ( 'NONE', ( #4043 ), #4695, .F. ) ;
#6152 = ORIENTED_EDGE ( 'NONE', *, *, #59, .T. ) ;
#6153 = CC_DESIGN_APPROVAL ( #52, ( #572 ) ) ;
#6154 = ORIENTED_EDGE ( 'NONE', *, *, #2934, .T. ) ;
#6155 = ORIENTED_EDGE ( 'NONE', *, *, #5673, .T. ) ;
#6156 = VECTOR ( 'NONE', #4739, 999.9999999999998863 ) ;
#6157 = ORIENTED_EDGE ( 'NONE', *, *, #6912, .T. ) ;
#6158 = CARTESIAN_POINT ( 'NONE',  ( 101.9999999999999858, 45.55513627132918941, 3.000000000000019096 ) ) ;
#6159 = APPROVAL_PERSON_ORGANIZATION ( #6637, #3243, #1766 ) ;
#6160 = ADVANCED_FACE ( 'NONE', ( #119 ), #2340, .F. ) ;
#6161 = VECTOR ( 'NONE', #6420, 1000.000000000000114 ) ;
#6162 = AXIS2_PLACEMENT_3D ( 'NONE', #3537, #6238, #365 ) ;
#6163 = DIRECTION ( 'NONE',  ( -0.000000000000000000, 3.489217355721594252E-17, -1.000000000000000000 ) ) ;
#6164 = VERTEX_POINT ( 'NONE', #2936 ) ;
#6165 = CARTESIAN_POINT ( 'NONE',  ( 38.25000000000000711, 28.66764089753275613, 10.00000000000000178 ) ) ;
#6166 = ORIENTED_EDGE ( 'NONE', *, *, #2731, .T. ) ;
#6167 = VECTOR ( 'NONE', #3972, 1000.000000000000000 ) ;
#6168 = VERTEX_POINT ( 'NONE', #4553 ) ;
#6169 = CARTESIAN_POINT ( 'NONE',  ( 116.2499999999999716, 28.66764089753271705, 1.000276301672652771E-15 ) ) ;
#6170 = VECTOR ( 'NONE', #1272, 999.9999999999998863 ) ;
#6171 = FACE_BOUND ( 'NONE', #4306, .T. ) ;
#6172 = DIRECTION ( 'NONE',  ( 1.000000000000000000, 0.000000000000000000, -0.000000000000000000 ) ) ;
#6173 = VECTOR ( 'NONE', #4139, 1000.000000000000000 ) ;
#6174 = EDGE_CURVE ( 'NONE', #5784, #5577, #247, .T. ) ;
#6175 = DIRECTION ( 'NONE',  ( 0.000000000000000000, 0.000000000000000000, -1.000000000000000000 ) ) ;
#6176 = ORIENTED_EDGE ( 'NONE', *, *, #898, .F. ) ;
#6177 = FACE_OUTER_BOUND ( 'NONE', #2076, .T. ) ;
#6178 = ORIENTED_EDGE ( 'NONE', *, *, #4099, .T. ) ;
#6179 = LINE ( 'NONE', #5129, #4446 ) ;
#6180 = DIRECTION ( 'NONE',  ( -0.8660254037844387076, 0.4999999999999997780, 0.000000000000000000 ) ) ;
#6181 = CARTESIAN_POINT ( 'NONE',  ( 112.4999999999999858, 98.48368917940753420, -10.70984600707937773 ) ) ;
#6182 = EDGE_CURVE ( 'NONE', #4307, #5637, #4482, .T. ) ;
#6183 = CARTESIAN_POINT ( 'NONE',  ( -83.29735208260149193, -52.76608579584110714, 3.000000000000019096 ) ) ;
#6184 = FACE_OUTER_BOUND ( 'NONE', #570, .T. ) ;
#6185 = VECTOR ( 'NONE', #3818, 1000.000000000000000 ) ;
#6186 = VERTEX_POINT ( 'NONE', #5130 ) ;
#6187 = ORIENTED_EDGE ( 'NONE', *, *, #7055, .T. ) ;
#6188 = CLOSED_SHELL ( 'NONE', ( #2472, #2010, #2041, #1428, #3944, #2107, #4922, #1614, #6946, #29, #3594, #2722, #2714, #379, #5550, #7008, #6473, #3023, #2405, #6418, #4175, #351, #5727, #4686, #3329, #5593, #1857, #6425, #6302, #4804, #1196, #3922, #3931, #4475, #1833, #6146, #4766, #5256, #143, #3991, #5555, #2876, #3249, #6834, #3955, #1537, #1074, #1429, #6511, #2994, #6294, #3366, #5222, #7082, #4260, #206, #6563, #866, #6409, #1353, #3247, #2609, #4399, #3233, #3558, #4675, #3996, #4974, #587, #5125, #6062, #1577, #3204, #4060, #6189, #333, #6000, #6432, #5810, #6945, #6647, #1311, #4601, #3119, #7029, #4839, #548, #230, #1152, #5846, #5719, #5330, #1395, #3671, #2096, #1664, #2506, #1104, #1585, #1648, #1753, #2572, #41, #2820, #2388, #15, #2647, #3484, #5438, #1695, #1144, #6726, #6017, #2443, #5663, #2517, #4712, #1790, #5444, #1159, #662, #1647, #5898, #5105, #3384, #427, #3773, #2945, #5374, #5139, #4087, #2737, #5354, #4392, #6196, #3817, #323, #4410, #1114, #5039, #6899, #3923, #1813, #5377, #6937, #483, #3372, #1970, #6259, #4144, #6029, #4009, #3332, #4718, #2922, #3712, #1978, #6151, #6258, #5363, #3207, #5565, #5980, #716, #6716, #4962, #3, #5022, #6160, #644, #3999, #754, #7126, #4435, #3159, #227, #974, #3681, #1782, #4850, #3713, #6239, #1625, #4933, #5207, #1050, #2680, #7141, #2156, #3741, #3437, #4952, #1083, #1370, #6098, #456, #3872, #6072, #6465, #2067, #6817, #636, #2116, #3283, #3088, #366, #3682, #5184, #5767, #3971, #2419 ) ) ;
#6189 = ADVANCED_FACE ( 'NONE', ( #1183 ), #6140, .F. ) ;
#6190 = CARTESIAN_POINT ( 'NONE',  ( 121.4999999999999858, 79.33012701892224072, 2.768000560260220670E-15 ) ) ;
#6191 = DIRECTION ( 'NONE',  ( -0.8660254037844388186, -0.4999999999999996669, 0.000000000000000000 ) ) ;
#6192 = ORIENTED_EDGE ( 'NONE', *, *, #5408, .T. ) ;
#6193 = ORIENTED_EDGE ( 'NONE', *, *, #6633, .F. ) ;
#6194 = EDGE_LOOP ( 'NONE', ( #6911, #4723, #2398, #4866 ) ) ;
#6195 = CARTESIAN_POINT ( 'NONE',  ( 77.24999999999998579, 20.00738685968835640, 10.00000000000000000 ) ) ;
#6196 = ADVANCED_FACE ( 'NONE', ( #3438 ), #2401, .F. ) ;
#6197 = LINE ( 'NONE', #3878, #4344 ) ;
#6198 = EDGE_CURVE ( 'NONE', #1479, #5446, #6106, .T. ) ;
#6199 = CARTESIAN_POINT ( 'NONE',  ( 123.7500000000000000, 66.77275866404791316, 3.000000000000019096 ) ) ;
#6200 = CARTESIAN_POINT ( 'NONE',  ( 84.74999999999998579, 32.99776791645491159, 1.151363845141676593E-15 ) ) ;
#6201 = ORIENTED_EDGE ( 'NONE', *, *, #7014, .F. ) ;
#6202 = CARTESIAN_POINT ( 'NONE',  ( 72.74999999999998579, 20.00738685968832087, 10.00000000000000000 ) ) ;
#6203 = EDGE_LOOP ( 'NONE', ( #2831, #2774, #4481, #578, #3388, #4907 ) ) ;
#6204 = ORIENTED_EDGE ( 'NONE', *, *, #3461, .T. ) ;
#6205 = FACE_OUTER_BOUND ( 'NONE', #508, .T. ) ;
#6206 = EDGE_CURVE ( 'NONE', #5179, #4581, #3304, .T. ) ;
#6207 = AXIS2_PLACEMENT_3D ( 'NONE', #1089, #6445, #4284 ) ;
#6208 = FACE_BOUND ( 'NONE', #2620, .T. ) ;
#6209 = CARTESIAN_POINT ( 'NONE',  ( 139.9223520826015488, 34.91898633733308799, 3.000000000000019096 ) ) ;
#6210 = DIRECTION ( 'NONE',  ( -0.000000000000000000, 3.489217355721594252E-17, -1.000000000000000000 ) ) ;
#6211 = LINE ( 'NONE', #740, #2795 ) ;
#6212 = EDGE_LOOP ( 'NONE', ( #5944, #6327, #40, #4036 ) ) ;
#6213 = DIRECTION ( 'NONE',  ( -0.8660254037844378194, 0.5000000000000015543, 0.000000000000000000 ) ) ;
#6214 = CARTESIAN_POINT ( 'NONE',  ( 96.74999999999926104, -202.2374841615671812, 3.000000000000019096 ) ) ;
#6215 = VECTOR ( 'NONE', #4497, 1000.000000000000000 ) ;
#6216 = DIRECTION ( 'NONE',  ( -0.000000000000000000, 3.489217355721594252E-17, -1.000000000000000000 ) ) ;
#6218 = ORIENTED_EDGE ( 'NONE', *, *, #2184, .F. ) ;
#6217 = VECTOR ( 'NONE', #6005, 1000.000000000000000 ) ;
#6219 = DIRECTION ( 'NONE',  ( 1.000000000000000000, 0.000000000000000000, -1.880926496205912652E-16 ) ) ;
#6220 = EDGE_CURVE ( 'NONE', #2277, #2613, #4879, .T. ) ;
#6221 = CARTESIAN_POINT ( 'NONE',  ( 147.0000000000000000, 85.06340628446157837, 10.81072832108004000 ) ) ;
#6222 = CARTESIAN_POINT ( 'NONE',  ( 104.2500000000000000, 49.45225058835914922, 1.725496510323961677E-15 ) ) ;
#6223 = DIRECTION ( 'NONE',  ( 0.000000000000000000, 0.000000000000000000, -1.000000000000000000 ) ) ;
#6224 = ORIENTED_EDGE ( 'NONE', *, *, #4951, .T. ) ;
#6225 = PLANE ( 'NONE',  #5337 ) ;
#6226 = VECTOR ( 'NONE', #3297, 1000.000000000000000 ) ;
#6227 = DIRECTION ( 'NONE',  ( -1.403311819926405723E-16, -0.6658621660496468753, -0.7460747789757220527 ) ) ;
#6228 = LINE ( 'NONE', #2411, #3144 ) ;
#6229 = EDGE_CURVE ( 'NONE', #3141, #6440, #2153, .T. ) ;
#6230 = AXIS2_PLACEMENT_3D ( 'NONE', #3753, #5475, #3722 ) ;
#6231 = ORIENTED_EDGE ( 'NONE', *, *, #5609, .F. ) ;
#6232 = PLANE ( 'NONE',  #3746 ) ;
#6233 = ORIENTED_EDGE ( 'NONE', *, *, #2245, .T. ) ;
#6234 = CARTESIAN_POINT ( 'NONE',  ( 38.24999999999999289, 62.44263164512570086, 3.000000000000019096 ) ) ;
#6235 = CARTESIAN_POINT ( 'NONE',  ( 57.74999999999999289, 62.44263164512570086, 2.178759140731030384E-15 ) ) ;
#6236 = CARTESIAN_POINT ( 'NONE',  ( 92.24999999999997158, 28.66764089753272060, 10.00000000000000178 ) ) ;
#6237 = DIRECTION ( 'NONE',  ( -1.000000000000000000, -0.000000000000000000, 0.000000000000000000 ) ) ;
#6238 = DIRECTION ( 'NONE',  ( 1.000000000000000000, -0.000000000000000000, -3.318315740031391761E-16 ) ) ;
#6239 = ADVANCED_FACE ( 'NONE', ( #5460 ), #6232, .F. ) ;
#6240 = DIRECTION ( 'NONE',  ( 0.000000000000000000, 1.000000000000000000, 3.489217355721594868E-17 ) ) ;
#6241 = ORIENTED_EDGE ( 'NONE', *, *, #2355, .F. ) ;
#6242 = ORIENTED_EDGE ( 'NONE', *, *, #4019, .F. ) ;
#6243 = CARTESIAN_POINT ( 'NONE',  ( 77.25000000000001421, 28.66764089753273836, 1.000276301672653954E-15 ) ) ;
#6244 = CARTESIAN_POINT ( 'NONE',  ( 150.0000000000000000, 33.49486378953767485, 79.31121421188650800 ) ) ;
#6245 = CARTESIAN_POINT ( 'NONE',  ( -73.54735208260143509, -69.65358116963723489, 3.000000000000019096 ) ) ;
#6246 = LINE ( 'NONE', #6318, #204 ) ;
#6247 = EDGE_CURVE ( 'NONE', #2989, #6459, #1243, .T. ) ;
#6248 = VERTEX_POINT ( 'NONE', #4460 ) ;
#6249 = EDGE_CURVE ( 'NONE', #4877, #3154, #647, .T. ) ;
#6250 = ORIENTED_EDGE ( 'NONE', *, *, #3890, .F. ) ;
#6251 = CARTESIAN_POINT ( 'NONE',  ( 101.9999999999999858, 36.89488223348483587, 1.287342634263795608E-15 ) ) ;
#6252 = DIRECTION ( 'NONE',  ( 0.000000000000000000, -1.000000000000000000, -1.224646799147352961E-16 ) ) ;
#6253 = PLANE ( 'NONE',  #5450 ) ;
#6254 = LINE ( 'NONE', #2360, #6170 ) ;
#6255 = VECTOR ( 'NONE', #2487, 1000.000000000000000 ) ;
#6256 = VECTOR ( 'NONE', #660, 1000.000000000000000 ) ;
#6257 = VERTEX_POINT ( 'NONE', #3345 ) ;
#6258 = ADVANCED_FACE ( 'NONE', ( #2300 ), #681, .F. ) ;
#6259 = ADVANCED_FACE ( 'NONE', ( #2804 ), #5760, .F. ) ;
#6260 = VERTEX_POINT ( 'NONE', #5853 ) ;
#6261 = VECTOR ( 'NONE', #5920, 1000.000000000000000 ) ;
#6262 = DIRECTION ( 'NONE',  ( -1.000000000000000000, 1.602468905319637155E-15, 5.591362316445462519E-32 ) ) ;
#6263 = CARTESIAN_POINT ( 'NONE',  ( 62.99999999999998579, 70.66987298107788718, 2.465825473322174997E-15 ) ) ;
#6264 = LINE ( 'NONE', #718, #5449 ) ;
#6265 = EDGE_LOOP ( 'NONE', ( #3935, #6357, #4696, #5305 ) ) ;
#6266 = EDGE_LOOP ( 'NONE', ( #2679, #3797, #1463, #1282, #56 ) ) ;
#6267 = VERTEX_POINT ( 'NONE', #1955 ) ;
#6268 = FACE_OUTER_BOUND ( 'NONE', #2423, .T. ) ;
#6269 = CARTESIAN_POINT ( 'NONE',  ( 84.74999999999998579, 66.77275866404791316, 3.000000000000019096 ) ) ;
#6270 = FACE_OUTER_BOUND ( 'NONE', #4846, .T. ) ;
#6271 = CARTESIAN_POINT ( 'NONE',  ( -117.4223520826015488, 6.340148012446588766, 3.000000000000019096 ) ) ;
#6272 = AXIS2_PLACEMENT_3D ( 'NONE', #6766, #3020, #2504 ) ;
#6273 = DIRECTION ( 'NONE',  ( -0.000000000000000000, 3.489217355721594252E-17, -1.000000000000000000 ) ) ;
#6274 = CARTESIAN_POINT ( 'NONE',  ( 62.99999999999998579, 45.55513627132918941, 1.589517721201841282E-15 ) ) ;
#6275 = CARTESIAN_POINT ( 'NONE',  ( 147.0000000000000000, 3.000000000000002665, 3.000000000000019096 ) ) ;
#6276 = ORIENTED_EDGE ( 'NONE', *, *, #4983, .F. ) ;
#6277 = CARTESIAN_POINT ( 'NONE',  ( 38.25000000000000711, 53.78237760728131889, 1.876584053792984316E-15 ) ) ;
#6278 = VERTEX_POINT ( 'NONE', #1923 ) ;
#6279 = AXIS2_PLACEMENT_3D ( 'NONE', #1526, #2102, #960 ) ;
#6280 = DIRECTION ( 'NONE',  ( 0.000000000000000000, 0.000000000000000000, 1.000000000000000000 ) ) ;
#6281 = LINE ( 'NONE', #5117, #6256 ) ;
#6282 = EDGE_CURVE ( 'NONE', #7148, #4229, #2931, .T. ) ;
#6283 = DIRECTION ( 'NONE',  ( -0.8660254037844383745, 0.5000000000000004441, 0.000000000000000000 ) ) ;
#6284 = FACE_OUTER_BOUND ( 'NONE', #2864, .T. ) ;
#6285 = ORIENTED_EDGE ( 'NONE', *, *, #338, .T. ) ;
#6286 = CARTESIAN_POINT ( 'NONE',  ( 92.24999999999997158, 53.78237760728132599, 1.876584053792984316E-15 ) ) ;
#6287 = AXIS2_PLACEMENT_3D ( 'NONE', #6165, #1212, #1254 ) ;
#6288 = CARTESIAN_POINT ( 'NONE',  ( 133.4999999999999147, 49.88526329025141592, 1.740605264670865696E-15 ) ) ;
#6289 = ORIENTED_EDGE ( 'NONE', *, *, #3903, .F. ) ;
#6290 = ORIENTED_EDGE ( 'NONE', *, *, #436, .T. ) ;
#6291 = VECTOR ( 'NONE', #1418, 1000.000000000000000 ) ;
#6292 = CARTESIAN_POINT ( 'NONE',  ( 3.000000000000002220, 85.06340628446157837, 8.710728321080063452 ) ) ;
#6293 = FACE_OUTER_BOUND ( 'NONE', #5007, .T. ) ;
#6294 = ADVANCED_FACE ( 'NONE', ( #3614 ), #1372, .F. ) ;
#6295 = VECTOR ( 'NONE', #5605, 1000.000000000000000 ) ;
#6296 = DIRECTION ( 'NONE',  ( -0.000000000000000000, 3.489217355721594252E-17, -1.000000000000000000 ) ) ;
#6297 = ORIENTED_EDGE ( 'NONE', *, *, #6249, .T. ) ;
#6298 = VERTEX_POINT ( 'NONE', #952 ) ;
#6299 = CARTESIAN_POINT ( 'NONE',  ( 35.99999999999997868, 32.56475521456263067, 10.00000000000000178 ) ) ;
#6300 = ORIENTED_EDGE ( 'NONE', *, *, #524, .F. ) ;
#6301 = LINE ( 'NONE', #185, #5789 ) ;
#6302 = ADVANCED_FACE ( 'NONE', ( #3174 ), #2675, .T. ) ;
#6303 = DIRECTION ( 'NONE',  ( 0.000000000000000000, -1.000000000000000000, 0.000000000000000000 ) ) ;
#6304 = CARTESIAN_POINT ( 'NONE',  ( 104.2499999999999858, 15.67725984076612988, 5.470136712655833730E-16 ) ) ;
#6305 = ORIENTED_EDGE ( 'NONE', *, *, #5447, .F. ) ;
#6306 = EDGE_LOOP ( 'NONE', ( #1746, #1862, #5575, #2870, #6074, #6486 ) ) ;
#6307 = VECTOR ( 'NONE', #3533, 1000.000000000000000 ) ;
#6308 = EDGE_CURVE ( 'NONE', #4185, #1995, #5517, .T. ) ;
#6309 = DIRECTION ( 'NONE',  ( 0.8660254037844387076, -0.4999999999999999445, 0.000000000000000000 ) ) ;
#6310 = CARTESIAN_POINT ( 'NONE',  ( 106.5000000000000000, -202.2374841615668686, 3.000000000000019096 ) ) ;
#6311 = DIRECTION ( 'NONE',  ( -1.000000000000000000, -0.000000000000000000, 1.954618001100627820E-16 ) ) ;
#6312 = CARTESIAN_POINT ( 'NONE',  ( 137.2973520826016056, 30.37235296746484892, 3.000000000000019096 ) ) ;
#6313 = CARTESIAN_POINT ( 'NONE',  ( 113.9999999999999716, 83.66025403784443881, 10.00000000000000355 ) ) ;
#6314 = VERTEX_POINT ( 'NONE', #552 ) ;
#6315 = VERTEX_POINT ( 'NONE', #4258 ) ;
#6316 = DIRECTION ( 'NONE',  ( 1.000000000000000000, -0.000000000000000000, -1.437389243825479109E-16 ) ) ;
#6317 = ORIENTED_EDGE ( 'NONE', *, *, #95, .F. ) ;
#6318 = CARTESIAN_POINT ( 'NONE',  ( 150.0000000000000000, -1.714505518806294283E-14, 140.0000000000000000 ) ) ;
#6319 = CARTESIAN_POINT ( 'NONE',  ( 26.24999999999999645, 15.67725984076617074, 3.000000000000019096 ) ) ;
#6320 = ORIENTED_EDGE ( 'NONE', *, *, #904, .F. ) ;
#6321 = EDGE_CURVE ( 'NONE', #2298, #555, #6452, .T. ) ;
#6322 = ORIENTED_EDGE ( 'NONE', *, *, #2328, .T. ) ;
#6323 = ORIENTED_EDGE ( 'NONE', *, *, #2314, .F. ) ;
#6324 = LINE ( 'NONE', #5204, #2708 ) ;
#6325 = LINE ( 'NONE', #3551, #1303 ) ;
#6326 = LINE ( 'NONE', #6871, #1793 ) ;
#6327 = ORIENTED_EDGE ( 'NONE', *, *, #4608, .T. ) ;
#6328 = VECTOR ( 'NONE', #778, 1000.000000000000114 ) ;
#6329 = ORIENTED_EDGE ( 'NONE', *, *, #4320, .T. ) ;
#6330 = EDGE_CURVE ( 'NONE', #4286, #5530, #3177, .T. ) ;
#6331 = ORIENTED_EDGE ( 'NONE', *, *, #5900, .T. ) ;
#6332 = EDGE_CURVE ( 'NONE', #6635, #4939, #2217, .T. ) ;
#6333 = DIRECTION ( 'NONE',  ( 0.000000000000000000, 1.000000000000000000, 0.000000000000000000 ) ) ;
#6334 = PLANE ( 'NONE',  #7103 ) ;
#6335 = CARTESIAN_POINT ( 'NONE',  ( 82.49999999999998579, 79.33012701892224072, 2.768000560260220670E-15 ) ) ;
#6336 = FACE_OUTER_BOUND ( 'NONE', #5092, .T. ) ;
#6337 = EDGE_CURVE ( 'NONE', #1462, #614, #459, .T. ) ;
#6338 = ORIENTED_EDGE ( 'NONE', *, *, #369, .F. ) ;
#6339 = VECTOR ( 'NONE', #1846, 1000.000000000000000 ) ;
#6340 = ORIENTED_EDGE ( 'NONE', *, *, #3337, .T. ) ;
#6341 = CARTESIAN_POINT ( 'NONE',  ( 55.49999999999997868, 32.56475521456263067, 3.000000000000019096 ) ) ;
#6342 = LINE ( 'NONE', #6844, #1043 ) ;
#6343 = DIRECTION ( 'NONE',  ( -0.5000000000000004441, 0.8660254037844383745, 3.021750869380464253E-17 ) ) ;
#6344 = DIRECTION ( 'NONE',  ( 0.000000000000000000, 0.000000000000000000, -1.000000000000000000 ) ) ;
#6345 = VECTOR ( 'NONE', #3168, 1000.000000000000000 ) ;
#6346 = ORIENTED_EDGE ( 'NONE', *, *, #6105, .F. ) ;
#6347 = EDGE_CURVE ( 'NONE', #3152, #5274, #4945, .T. ) ;
#6348 = DIRECTION ( 'NONE',  ( 4.618879118719709503E-16, -0.000000000000000000, 1.000000000000000000 ) ) ;
#6349 = ORIENTED_EDGE ( 'NONE', *, *, #6347, .F. ) ;
#6350 = DIRECTION ( 'NONE',  ( 1.000000000000000000, -0.000000000000000000, -1.437389243825479109E-16 ) ) ;
#6351 = CARTESIAN_POINT ( 'NONE',  ( 48.00000000000000000, 45.55513627132927468, 1.589517721201844240E-15 ) ) ;
#6352 = ORIENTED_EDGE ( 'NONE', *, *, #2273, .T. ) ;
#6353 = DIRECTION ( 'NONE',  ( -0.8660254037844387076, -0.4999999999999999445, 0.000000000000000000 ) ) ;
#6354 = CARTESIAN_POINT ( 'NONE',  ( 26.24999999999999645, 49.45225058835914922, 10.00000000000000178 ) ) ;
#6355 = ORIENTED_EDGE ( 'NONE', *, *, #2417, .T. ) ;
#6356 = EDGE_LOOP ( 'NONE', ( #4262, #539, #6625, #3891 ) ) ;
#6357 = ORIENTED_EDGE ( 'NONE', *, *, #3884, .T. ) ;
#6358 = LINE ( 'NONE', #5284, #387 ) ;
#6359 = LINE ( 'NONE', #2515, #2002 ) ;
#6360 = CARTESIAN_POINT ( 'NONE',  ( 33.74999999999997158, 28.66764089753274902, 10.00000000000000178 ) ) ;
#6361 = VERTEX_POINT ( 'NONE', #3123 ) ;
#6362 = CARTESIAN_POINT ( 'NONE',  ( 3.000000000000008438, 17.99486378953769261, 74.56121421188655063 ) ) ;
#6363 = ORIENTED_EDGE ( 'NONE', *, *, #4759, .F. ) ;
#6364 = EDGE_LOOP ( 'NONE', ( #326, #6765, #611, #1062 ) ) ;
#6365 = LINE ( 'NONE', #1755, #3859 ) ;
#6366 = LINE ( 'NONE', #2009, #5300 ) ;
#6367 = LINE ( 'NONE', #5834, #4561 ) ;
#6368 = AXIS2_PLACEMENT_3D ( 'NONE', #2991, #1473, #3063 ) ;
#6369 = EDGE_CURVE ( 'NONE', #5573, #3162, #3521, .T. ) ;
#6370 = DIRECTION ( 'NONE',  ( -1.602468905319637943E-15, 1.000000000000000000, 3.489217355721594252E-17 ) ) ;
#6371 = AXIS2_PLACEMENT_3D ( 'NONE', #5187, #4078, #6344 ) ;
#6372 = VECTOR ( 'NONE', #3116, 999.9999999999998863 ) ;
#6373 = VERTEX_POINT ( 'NONE', #3555 ) ;
#6374 = VECTOR ( 'NONE', #3385, 1000.000000000000114 ) ;
#6375 = ORIENTED_EDGE ( 'NONE', *, *, #809, .F. ) ;
#6376 = CARTESIAN_POINT ( 'NONE',  ( 40.50000000000000711, 101.4800689266309348, -11.85250950168861195 ) ) ;
#6377 = DIRECTION ( 'NONE',  ( -0.000000000000000000, 3.489217355721594252E-17, -1.000000000000000000 ) ) ;
#6378 = EDGE_CURVE ( 'NONE', #6314, #2137, #5170, .T. ) ;
#6379 = DIRECTION ( 'NONE',  ( -0.5000000000000015543, -0.8660254037844378194, -3.021750869380462404E-17 ) ) ;
#6380 = CARTESIAN_POINT ( 'NONE',  ( 96.74999999999998579, 62.44263164512570086, 10.00000000000000178 ) ) ;
#6381 = CARTESIAN_POINT ( 'NONE',  ( 33.74999999999997158, 62.44263164512572217, 3.000000000000019096 ) ) ;
#6382 = ORIENTED_EDGE ( 'NONE', *, *, #3917, .F. ) ;
#6383 = CARTESIAN_POINT ( 'NONE',  ( 33.74999999999997158, 20.00738685968834218, 3.000000000000019096 ) ) ;
#6384 = CARTESIAN_POINT ( 'NONE',  ( 28.49999999999999645, 36.89488223348482165, 10.00000000000000178 ) ) ;
#6385 = VECTOR ( 'NONE', #4294, 1000.000000000000000 ) ;
#6386 = CARTESIAN_POINT ( 'NONE',  ( 135.0473520826015204, 26.47523865043477542, 3.000000000000019096 ) ) ;
#6387 = EDGE_CURVE ( 'NONE', #5909, #4002, #956, .T. ) ;
#6388 = CARTESIAN_POINT ( 'NONE',  ( 35.99999999999997868, 32.56475521456263067, 1.136255090794772180E-15 ) ) ;
#6389 = DIRECTION ( 'NONE',  ( -1.602468905319638141E-15, 1.000000000000000000, 0.000000000000000000 ) ) ;
#6390 = VECTOR ( 'NONE', #6868, 1000.000000000000000 ) ;
#6391 = EDGE_LOOP ( 'NONE', ( #4447, #6066, #999, #2822 ) ) ;
#6392 = ORIENTED_EDGE ( 'NONE', *, *, #1408, .F. ) ;
#6393 = ORIENTED_EDGE ( 'NONE', *, *, #4105, .T. ) ;
#6394 = AXIS2_PLACEMENT_3D ( 'NONE', #1385, #3589, #6397 ) ;
#6395 = LINE ( 'NONE', #4709, #5794 ) ;
#6396 = CARTESIAN_POINT ( 'NONE',  ( 111.7499999999999716, 53.78237760728132599, 3.000000000000019096 ) ) ;
#6397 = DIRECTION ( 'NONE',  ( 1.602468905319638141E-15, -1.000000000000000000, 0.000000000000000000 ) ) ;
#6398 = EDGE_LOOP ( 'NONE', ( #2175, #1969, #7067, #645, #2879, #5009, #453, #6600, #3815, #6154, #6601, #1494 ) ) ;
#6399 = ORIENTED_EDGE ( 'NONE', *, *, #1021, .F. ) ;
#6400 = VECTOR ( 'NONE', #3838, 1000.000000000000000 ) ;
#6401 = AXIS2_PLACEMENT_3D ( 'NONE', #6564, #1627, #1057 ) ;
#6402 = EDGE_LOOP ( 'NONE', ( #4567, #5726, #3907, #1927, #4088, #6424 ) ) ;
#6403 = VECTOR ( 'NONE', #676, 1000.000000000000000 ) ;
#6404 = CARTESIAN_POINT ( 'NONE',  ( 35.99999999999997868, 83.66025403784443881, 2.919088103729243901E-15 ) ) ;
#6405 = DIRECTION ( 'NONE',  ( 0.000000000000000000, -1.000000000000000000, 0.000000000000000000 ) ) ;
#6406 = VECTOR ( 'NONE', #2476, 1000.000000000000000 ) ;
#6407 = DIRECTION ( 'NONE',  ( 1.000000000000000000, -0.000000000000000000, -1.437389243825479109E-16 ) ) ;
#6408 = ORIENTED_EDGE ( 'NONE', *, *, #6621, .F. ) ;
#6409 = ADVANCED_FACE ( 'NONE', ( #1453 ), #454, .F. ) ;
#6410 = ORIENTED_EDGE ( 'NONE', *, *, #2903, .T. ) ;
#6411 = LINE ( 'NONE', #1910, #6644 ) ;
#6412 = DIRECTION ( 'NONE',  ( -2.878180107467903577E-32, 1.000000000000000000, -8.673617379884035472E-17 ) ) ;
#6413 = CARTESIAN_POINT ( 'NONE',  ( 147.0000000000000000, 38.99486378953768906, 34.56121421188651510 ) ) ;
#6414 = VECTOR ( 'NONE', #4995, 1000.000000000000000 ) ;
#6415 = DIRECTION ( 'NONE',  ( -0.000000000000000000, 3.489217355721594252E-17, -1.000000000000000000 ) ) ;
#6416 = ORIENTED_EDGE ( 'NONE', *, *, #1058, .F. ) ;
#6417 = EDGE_CURVE ( 'NONE', #3975, #3503, #4533, .T. ) ;
#6418 = ADVANCED_FACE ( 'NONE', ( #1990, #1550, #5211, #3348, #1720, #5407, #2707, #2206 ), #4361, .F. ) ;
#6419 = LINE ( 'NONE', #2999, #6802 ) ;
#6420 = DIRECTION ( 'NONE',  ( 0.8660254037844383745, -0.5000000000000003331, 0.000000000000000000 ) ) ;
#6421 = CARTESIAN_POINT ( 'NONE',  ( 133.4999999999999147, 66.33974596215564645, 2.314737929853150582E-15 ) ) ;
#6422 = LINE ( 'NONE', #3546, #5998 ) ;
#6423 = VERTEX_POINT ( 'NONE', #5546 ) ;
#6424 = ORIENTED_EDGE ( 'NONE', *, *, #6657, .F. ) ;
#6425 = ADVANCED_FACE ( 'NONE', ( #5516 ), #4972, .T. ) ;
#6426 = ORIENTED_EDGE ( 'NONE', *, *, #2630, .T. ) ;
#6427 = CARTESIAN_POINT ( 'NONE',  ( 113.9999999999999716, 32.56475521456263067, 3.000000000000019096 ) ) ;
#6428 = LINE ( 'NONE', #894, #5678 ) ;
#6429 = DIRECTION ( 'NONE',  ( 0.000000000000000000, 0.000000000000000000, 1.000000000000000000 ) ) ;
#6430 = ORIENTED_EDGE ( 'NONE', *, *, #1004, .F. ) ;
#6431 = ORIENTED_EDGE ( 'NONE', *, *, #1345, .F. ) ;
#6432 = ADVANCED_FACE ( 'NONE', ( #51 ), #7143, .F. ) ;
#6433 = DIRECTION ( 'NONE',  ( 0.8660254037844383745, 0.5000000000000004441, 1.744608677860797742E-17 ) ) ;
#6434 = LINE ( 'NONE', #7016, #2539 ) ;
#6435 = CARTESIAN_POINT ( 'NONE',  ( 45.75000000000000000, 15.67725984076615653, 3.000000000000019096 ) ) ;
#6436 = CARTESIAN_POINT ( 'NONE',  ( 38.25000000000000711, 28.66764089753275613, 1.000276301672654743E-15 ) ) ;
#6437 = VERTEX_POINT ( 'NONE', #5002 ) ;
#6438 = AXIS2_PLACEMENT_3D ( 'NONE', #2339, #2303, #54 ) ;
#6439 = ORIENTED_EDGE ( 'NONE', *, *, #6872, .F. ) ;
#6440 = VERTEX_POINT ( 'NONE', #6591 ) ;
#6441 = DIRECTION ( 'NONE',  ( -1.954618001100627820E-16, -0.000000000000000000, -1.000000000000000000 ) ) ;
#6442 = LINE ( 'NONE', #6011, #4221 ) ;
#6443 = CARTESIAN_POINT ( 'NONE',  ( 150.0000000000000000, 20.24512143266962738, 105.6988552916603652 ) ) ;
#6444 = DIRECTION ( 'NONE',  ( 0.000000000000000000, 0.000000000000000000, 1.000000000000000000 ) ) ;
#6445 = DIRECTION ( 'NONE',  ( 0.4999999999999999445, 0.8660254037844387076, 3.021750869380466102E-17 ) ) ;
#6446 = LINE ( 'NONE', #5734, #4621 ) ;
#6447 = EDGE_CURVE ( 'NONE', #3632, #115, #582, .T. ) ;
#6448 = CARTESIAN_POINT ( 'NONE',  ( 116.2499999999999716, 20.00738685968833508, 10.00000000000000000 ) ) ;
#6449 = CARTESIAN_POINT ( 'NONE',  ( 150.0000000000000000, 23.49486378953767840, 79.31121421188650800 ) ) ;
#6450 = AXIS2_PLACEMENT_3D ( 'NONE', #1556, #2095, #3110 ) ;
#6451 = AXIS2_PLACEMENT_3D ( 'NONE', #4769, #6350, #1481 ) ;
#6452 = LINE ( 'NONE', #5442, #2478 ) ;
#6453 = DIRECTION ( 'NONE',  ( 0.4999999999999999445, 0.8660254037844387076, 3.021750869380466102E-17 ) ) ;
#6454 = EDGE_CURVE ( 'NONE', #3572, #5927, #2777, .T. ) ;
#6455 = DESIGN_CONTEXT ( 'detailed design', #2928, 'design' ) ;
#6456 = DIRECTION ( 'NONE',  ( -0.8660254037844388186, 0.4999999999999996669, 0.000000000000000000 ) ) ;
#6457 = DIRECTION ( 'NONE',  ( 1.000000000000000000, 0.000000000000000000, -1.954618001100627820E-16 ) ) ;
#6458 = VERTEX_POINT ( 'NONE', #13 ) ;
#6459 = VERTEX_POINT ( 'NONE', #4428 ) ;
#6460 = ORIENTED_EDGE ( 'NONE', *, *, #156, .F. ) ;
#6461 = DIRECTION ( 'NONE',  ( 0.000000000000000000, -1.000000000000000000, 0.000000000000000000 ) ) ;
#6462 = LINE ( 'NONE', #4872, #6966 ) ;
#6463 = LINE ( 'NONE', #3219, #4771 ) ;
#6464 = DIRECTION ( 'NONE',  ( -1.000000000000000000, -0.000000000000000000, 3.318315740031391761E-16 ) ) ;
#6465 = ADVANCED_FACE ( 'NONE', ( #6123 ), #3210, .F. ) ;
#6466 = EDGE_CURVE ( 'NONE', #5331, #4667, #518, .T. ) ;
#6467 = VERTEX_POINT ( 'NONE', #7069 ) ;
#6468 = ORIENTED_EDGE ( 'NONE', *, *, #1747, .F. ) ;
#6469 = CARTESIAN_POINT ( 'NONE',  ( 150.0000000000000000, 33.49486378953767485, 79.31121421188650800 ) ) ;
#6470 = CARTESIAN_POINT ( 'NONE',  ( 72.74999999999998579, 62.44263164512571507, 3.000000000000019096 ) ) ;
#6471 = DIRECTION ( 'NONE',  ( 0.000000000000000000, 0.000000000000000000, -1.000000000000000000 ) ) ;
#6472 = EDGE_CURVE ( 'NONE', #4898, #1224, #6059, .T. ) ;
#6473 = ADVANCED_FACE ( 'NONE', ( #3900 ), #1128, .T. ) ;
#6474 = CARTESIAN_POINT ( 'NONE',  ( 112.9223520826018330, -11.84638546702668194, 3.000000000000019096 ) ) ;
#6475 = EDGE_LOOP ( 'NONE', ( #2685, #4449, #6192, #7115, #3522, #6931 ) ) ;
#6476 = ORIENTED_EDGE ( 'NONE', *, *, #1898, .F. ) ;
#6477 = ORIENTED_EDGE ( 'NONE', *, *, #1704, .T. ) ;
#6478 = DIRECTION ( 'NONE',  ( -0.000000000000000000, 3.489217355721594252E-17, -1.000000000000000000 ) ) ;
#6479 = DIRECTION ( 'NONE',  ( 1.000000000000000000, 0.000000000000000000, 0.000000000000000000 ) ) ;
#6480 = CARTESIAN_POINT ( 'NONE',  ( 37.50000000000000711, 86.48368917940753420, -7.894911034008763282E-15 ) ) ;
#6481 = DIRECTION ( 'NONE',  ( -0.8660254037844383745, 0.5000000000000003331, 0.000000000000000000 ) ) ;
#6482 = EDGE_CURVE ( 'NONE', #6113, #5459, #4463, .T. ) ;
#6483 = LINE ( 'NONE', #983, #4052 ) ;
#6484 = AXIS2_PLACEMENT_3D ( 'NONE', #1328, #2993, #3571 ) ;
#6485 = VECTOR ( 'NONE', #3323, 1000.000000000000000 ) ;
#6486 = ORIENTED_EDGE ( 'NONE', *, *, #5361, .F. ) ;
#6487 = DIRECTION ( 'NONE',  ( 0.000000000000000000, 1.000000000000000000, 0.000000000000000000 ) ) ;
#6488 = VECTOR ( 'NONE', #3658, 1000.000000000000114 ) ;
#6489 = LINE ( 'NONE', #3761, #4069 ) ;
#6490 = LINE ( 'NONE', #6929, #372 ) ;
#6491 = DIRECTION ( 'NONE',  ( -0.000000000000000000, 3.489217355721594252E-17, -1.000000000000000000 ) ) ;
#6492 = EDGE_LOOP ( 'NONE', ( #4100, #3883, #6193, #1532 ) ) ;
#6493 = VERTEX_POINT ( 'NONE', #3280 ) ;
#6494 = ORIENTED_EDGE ( 'NONE', *, *, #577, .T. ) ;
#6495 = VERTEX_POINT ( 'NONE', #4397 ) ;
#6496 = VECTOR ( 'NONE', #5291, 1000.000000000000000 ) ;
#6497 = EDGE_CURVE ( 'NONE', #3184, #1677, #5440, .T. ) ;
#6498 = FACE_OUTER_BOUND ( 'NONE', #3286, .T. ) ;
#6499 = DIRECTION ( 'NONE',  ( -0.000000000000000000, 3.489217355721594252E-17, -1.000000000000000000 ) ) ;
#6500 = CARTESIAN_POINT ( 'NONE',  ( 62.99999999999998579, 70.66987298107788718, 10.00000000000000178 ) ) ;
#6501 = DIRECTION ( 'NONE',  ( 0.000000000000000000, 0.000000000000000000, -1.000000000000000000 ) ) ;
#6502 = CARTESIAN_POINT ( 'NONE',  ( 116.2500000000000000, 53.78237760728131889, 10.00000000000000178 ) ) ;
#6503 = AXIS2_PLACEMENT_3D ( 'NONE', #3801, #7009, #3252 ) ;
#6504 = ORIENTED_EDGE ( 'NONE', *, *, #3627, .F. ) ;
#6505 = VECTOR ( 'NONE', #3006, 1000.000000000000000 ) ;
#6506 = ORIENTED_EDGE ( 'NONE', *, *, #4829, .T. ) ;
#6507 = EDGE_CURVE ( 'NONE', #1562, #5992, #7109, .T. ) ;
#6508 = AXIS2_PLACEMENT_3D ( 'NONE', #3514, #4025, #2976 ) ;
#6509 = CARTESIAN_POINT ( 'NONE',  ( 35.99999999999992184, 66.33974596215564645, 2.314737929853150582E-15 ) ) ;
#6510 = CARTESIAN_POINT ( 'NONE',  ( 116.2500000000000000, 53.78237760728131889, 3.000000000000019096 ) ) ;
#6511 = ADVANCED_FACE ( 'NONE', ( #3824 ), #6020, .F. ) ;
#6512 = CARTESIAN_POINT ( 'NONE',  ( 82.49999999999998579, 79.33012701892224072, 2.768000560260220670E-15 ) ) ;
#6513 = DIRECTION ( 'NONE',  ( 0.8660254037844387076, 0.4999999999999997780, 0.000000000000000000 ) ) ;
#6514 = VECTOR ( 'NONE', #6370, 1000.000000000000000 ) ;
#6515 = EDGE_LOOP ( 'NONE', ( #6047, #4273, #901, #2185, #4360, #3289 ) ) ;
#6516 = ORIENTED_EDGE ( 'NONE', *, *, #5536, .T. ) ;
#6517 = EDGE_CURVE ( 'NONE', #3598, #2203, #5482, .T. ) ;
#6518 = ORIENTED_EDGE ( 'NONE', *, *, #7007, .F. ) ;
#6519 = VECTOR ( 'NONE', #4257, 1000.000000000000114 ) ;
#6520 = DIRECTION ( 'NONE',  ( -0.000000000000000000, 3.489217355721594252E-17, -1.000000000000000000 ) ) ;
#6521 = DIRECTION ( 'NONE',  ( -0.000000000000000000, 3.489217355721594252E-17, -1.000000000000000000 ) ) ;
#6522 = CIRCLE ( 'NONE', #4903, 2.250000000000001776 ) ;
#6523 = LINE ( 'NONE', #1046, #1828 ) ;
#6524 = DIRECTION ( 'NONE',  ( 0.000000000000000000, 1.000000000000000000, 3.489217355721594868E-17 ) ) ;
#6525 = ORIENTED_EDGE ( 'NONE', *, *, #47, .T. ) ;
#6526 = EDGE_CURVE ( 'NONE', #5274, #6792, #5104, .T. ) ;
#6527 = CARTESIAN_POINT ( 'NONE',  ( 150.0000000000000000, 33.49486378953767485, 81.01121421188651084 ) ) ;
#6528 = CARTESIAN_POINT ( 'NONE',  ( 67.50000000000000000, 36.89488223348482165, 1.287342634263795411E-15 ) ) ;
#6529 = CARTESIAN_POINT ( 'NONE',  ( 141.0000000000000000, 45.55513627132918941, 10.00000000000000178 ) ) ;
#6530 = CARTESIAN_POINT ( 'NONE',  ( 150.0010000000000332, 49.99999999999999289, 77.93913278898531871 ) ) ;
#6531 = PLANE ( 'NONE',  #1844 ) ;
#6532 = EDGE_LOOP ( 'NONE', ( #3074, #6494, #5233, #3478 ) ) ;
#6533 = VERTEX_POINT ( 'NONE', #2911 ) ;
#6534 = VECTOR ( 'NONE', #6895, 1000.000000000000000 ) ;
#6535 = VERTEX_POINT ( 'NONE', #4573 ) ;
#6536 = DIRECTION ( 'NONE',  ( 0.8660254037844390407, -0.4999999999999991673, 0.000000000000000000 ) ) ;
#6537 = DIRECTION ( 'NONE',  ( -0.8660254037844374864, 0.5000000000000021094, 1.744608677860804213E-17 ) ) ;
#6538 = DIRECTION ( 'NONE',  ( -3.318315740031390775E-16, 0.000000000000000000, -1.000000000000000000 ) ) ;
#6539 = CARTESIAN_POINT ( 'NONE',  ( 147.0000000000000000, 80.00000000000000000, 29.90841738390767546 ) ) ;
#6540 = LINE ( 'NONE', #27, #2719 ) ;
#6541 = EDGE_CURVE ( 'NONE', #2688, #4405, #1283, .T. ) ;
#6542 = EDGE_LOOP ( 'NONE', ( #5155, #1073, #2003, #5329 ) ) ;
#6543 = VERTEX_POINT ( 'NONE', #6234 ) ;
#6544 = CARTESIAN_POINT ( 'NONE',  ( 16.49999999999993250, 66.33974596215564645, 10.00000000000000178 ) ) ;
#6545 = CARTESIAN_POINT ( 'NONE',  ( 147.0000000000000284, 49.99999999999999289, 120.0000000000000142 ) ) ;
#6546 = DIRECTION ( 'NONE',  ( -1.000000000000000000, -0.000000000000000000, 1.880926496205912652E-16 ) ) ;
#6547 = EDGE_CURVE ( 'NONE', #1803, #6458, #6907, .T. ) ;
#6548 = DIRECTION ( 'NONE',  ( 1.000000000000000000, 0.000000000000000000, -1.954618001100627820E-16 ) ) ;
#6549 = ORIENTED_EDGE ( 'NONE', *, *, #5581, .F. ) ;
#6550 = VECTOR ( 'NONE', #2842, 1000.000000000000000 ) ;
#6551 = CARTESIAN_POINT ( 'NONE',  ( 0.000000000000000000, 38.99486378953768906, 34.56121421188653642 ) ) ;
#6552 = DIRECTION ( 'NONE',  ( -1.000000000000000000, -0.000000000000000000, -0.000000000000000000 ) ) ;
#6553 = DIRECTION ( 'NONE',  ( -0.8660254037844387076, -0.4999999999999999445, 0.000000000000000000 ) ) ;
#6554 = PLANE ( 'NONE',  #3683 ) ;
#6555 = LINE ( 'NONE', #5437, #7161 ) ;
#6556 = EDGE_CURVE ( 'NONE', #5316, #6437, #5611, .T. ) ;
#6557 = EDGE_CURVE ( 'NONE', #2377, #2712, #3634, .T. ) ;
#6558 = AXIS2_PLACEMENT_3D ( 'NONE', #6860, #3005, #1958 ) ;
#6559 = VERTEX_POINT ( 'NONE', #4208 ) ;
#6560 = ORIENTED_EDGE ( 'NONE', *, *, #5774, .T. ) ;
#6561 = DIRECTION ( 'NONE',  ( 1.000000000000000000, 0.000000000000000000, -1.880926496205912652E-16 ) ) ;
#6562 = CARTESIAN_POINT ( 'NONE',  ( 113.9999999999999716, 32.56475521456263067, 1.136255090794772180E-15 ) ) ;
#6563 = ADVANCED_FACE ( 'NONE', ( #4532 ), #5068, .F. ) ;
#6564 = CARTESIAN_POINT ( 'NONE',  ( 16.49999999999993250, 49.88526329025141592, 10.00000000000000178 ) ) ;
#6565 = CARTESIAN_POINT ( 'NONE',  ( 121.4999999999999858, 45.55513627132918941, 3.000000000000019096 ) ) ;
#6566 = ORIENTED_EDGE ( 'NONE', *, *, #4513, .T. ) ;
#6567 = ORIENTED_EDGE ( 'NONE', *, *, #4182, .T. ) ;
#6568 = VERTEX_POINT ( 'NONE', #5293 ) ;
#6569 = EDGE_LOOP ( 'NONE', ( #6825, #2998, #6976, #674 ) ) ;
#6570 = CARTESIAN_POINT ( 'NONE',  ( 37.50000000000000711, 101.4800689266309348, -4.852509501688611948 ) ) ;
#6571 = VECTOR ( 'NONE', #5107, 1000.000000000000114 ) ;
#6572 = APPROVAL_STATUS ( 'not_yet_approved' ) ;
#6573 = CARTESIAN_POINT ( 'NONE',  ( 74.99999999999998579, 83.66025403784443881, 2.919088103729243507E-15 ) ) ;
#6574 = DIRECTION ( 'NONE',  ( 0.000000000000000000, 0.000000000000000000, 1.000000000000000000 ) ) ;
#6575 = VERTEX_POINT ( 'NONE', #117 ) ;
#6576 = VECTOR ( 'NONE', #1401, 1000.000000000000000 ) ;
#6577 = ORIENTED_EDGE ( 'NONE', *, *, #5797, .T. ) ;
#6578 = LINE ( 'NONE', #5053, #4784 ) ;
#6579 = PLANE ( 'NONE',  #433 ) ;
#6580 = LINE ( 'NONE', #6512, #3993 ) ;
#6581 = PLANE ( 'NONE',  #5677 ) ;
#6582 = ORIENTED_EDGE ( 'NONE', *, *, #5056, .T. ) ;
#6583 = EDGE_CURVE ( 'NONE', #851, #1675, #2302, .T. ) ;
#6584 = CARTESIAN_POINT ( 'NONE',  ( 23.99999999999999289, -202.2374841615668686, 3.000000000000019096 ) ) ;
#6585 = FACE_BOUND ( 'NONE', #2236, .T. ) ;
#6586 = LINE ( 'NONE', #6650, #1572 ) ;
#6587 = FACE_OUTER_BOUND ( 'NONE', #6782, .T. ) ;
#6588 = CARTESIAN_POINT ( 'NONE',  ( 111.7499999999999574, 20.00738685968830310, 3.000000000000019096 ) ) ;
#6589 = ORIENTED_EDGE ( 'NONE', *, *, #271, .T. ) ;
#6590 = PLANE ( 'NONE',  #4991 ) ;
#6591 = CARTESIAN_POINT ( 'NONE',  ( 82.49999999999998579, 70.66987298107788718, 3.000000000000019096 ) ) ;
#6592 = EDGE_CURVE ( 'NONE', #4744, #7125, #6365, .T. ) ;
#6593 = VECTOR ( 'NONE', #5369, 1000.000000000000114 ) ;
#6594 = DIRECTION ( 'NONE',  ( 1.000000000000000000, -0.000000000000000000, -1.437389243825479109E-16 ) ) ;
#6595 = LINE ( 'NONE', #6630, #4896 ) ;
#6596 = CARTESIAN_POINT ( 'NONE',  ( 101.9999999999999858, 36.89488223348483587, 3.000000000000019096 ) ) ;
#6597 = ORIENTED_EDGE ( 'NONE', *, *, #5720, .F. ) ;
#6598 = AXIS2_PLACEMENT_3D ( 'NONE', #1992, #2466, #4586 ) ;
#6599 = VECTOR ( 'NONE', #6712, 1000.000000000000114 ) ;
#6600 = ORIENTED_EDGE ( 'NONE', *, *, #2028, .T. ) ;
#6601 = ORIENTED_EDGE ( 'NONE', *, *, #6987, .F. ) ;
#6602 = CARTESIAN_POINT ( 'NONE',  ( 45.75000000000000000, 66.77275866404791316, 10.00000000000000178 ) ) ;
#6603 = EDGE_CURVE ( 'NONE', #4906, #7021, #3054, .T. ) ;
#6604 = AXIS2_PLACEMENT_3D ( 'NONE', #2272, #553, #5613 ) ;
#6605 = CARTESIAN_POINT ( 'NONE',  ( 116.2500000000000000, 53.78237760728131889, 1.876584053792984316E-15 ) ) ;
#6606 = DIRECTION ( 'NONE',  ( -0.000000000000000000, 3.489217355721594252E-17, -1.000000000000000000 ) ) ;
#6607 = CARTESIAN_POINT ( 'NONE',  ( 0.000000000000000000, -1.714505518806294283E-14, 140.0000000000000000 ) ) ;
#6608 = VERTEX_POINT ( 'NONE', #649 ) ;
#6609 = ORIENTED_EDGE ( 'NONE', *, *, #4422, .T. ) ;
#6610 = EDGE_CURVE ( 'NONE', #4886, #6148, #4039, .T. ) ;
#6611 = DIRECTION ( 'NONE',  ( -1.000000000000000000, 0.000000000000000000, 0.000000000000000000 ) ) ;
#6612 = LINE ( 'NONE', #3306, #702 ) ;
#6613 = VECTOR ( 'NONE', #6594, 1000.000000000000000 ) ;
#6614 = ORIENTED_EDGE ( 'NONE', *, *, #1530, .F. ) ;
#6615 = VECTOR ( 'NONE', #4848, 1000.000000000000000 ) ;
#6616 = ORIENTED_EDGE ( 'NONE', *, *, #4099, .F. ) ;
#6617 = CIRCLE ( 'NONE', #3519, 1.699999999999993072 ) ;
#6618 = LINE ( 'NONE', #2127, #1626 ) ;
#6619 = LOCAL_TIME ( 15, 9, 45.00000000000000000, #4471 ) ;
#6620 = ORIENTED_EDGE ( 'NONE', *, *, #696, .T. ) ;
#6621 = EDGE_CURVE ( 'NONE', #2356, #2120, #6940, .T. ) ;
#6622 = VECTOR ( 'NONE', #1991, 1000.000000000000000 ) ;
#6623 = ORIENTED_EDGE ( 'NONE', *, *, #5629, .F. ) ;
#6624 = CARTESIAN_POINT ( 'NONE',  ( 16.49999999999993250, 66.33974596215564645, 2.314737929853150582E-15 ) ) ;
#6625 = ORIENTED_EDGE ( 'NONE', *, *, #4450, .F. ) ;
#6626 = LINE ( 'NONE', #4971, #4876 ) ;
#6627 = CARTESIAN_POINT ( 'NONE',  ( 104.2500000000000000, 66.77275866404791316, 10.00000000000000178 ) ) ;
#6628 = VECTOR ( 'NONE', #2329, 1000.000000000000114 ) ;
#6629 = VECTOR ( 'NONE', #6521, 1000.000000000000000 ) ;
#6630 = CARTESIAN_POINT ( 'NONE',  ( 150.0010000000000048, 17.99486378953768195, 34.56121421188649379 ) ) ;
#6631 = EDGE_CURVE ( 'NONE', #6298, #6278, #4496, .T. ) ;
#6632 = ORIENTED_EDGE ( 'NONE', *, *, #437, .T. ) ;
#6633 = EDGE_CURVE ( 'NONE', #3051, #1896, #6731, .T. ) ;
#6634 = EDGE_LOOP ( 'NONE', ( #6905, #1908, #2480, #2489, #4722, #1158 ) ) ;
#6635 = VERTEX_POINT ( 'NONE', #331 ) ;
#6636 = CARTESIAN_POINT ( 'NONE',  ( 111.7499999999999716, 53.78237760728132599, 10.00000000000000178 ) ) ;
#6637 = PERSON_AND_ORGANIZATION ( #7025, #3754 ) ;
#6638 = DIRECTION ( 'NONE',  ( 0.8660254037844383745, -0.5000000000000003331, -1.744608677860795893E-17 ) ) ;
#6639 = CARTESIAN_POINT ( 'NONE',  ( 126.0000000000000000, 79.33012701892225493, 2.768000560260221065E-15 ) ) ;
#6640 = DIRECTION ( 'NONE',  ( -0.4999999999999982792, 0.8660254037844397068, 3.021750869380468567E-17 ) ) ;
#6641 = VERTEX_POINT ( 'NONE', #1972 ) ;
#6642 = EDGE_CURVE ( 'NONE', #5541, #3346, #4170, .T. ) ;
#6643 = EDGE_LOOP ( 'NONE', ( #2815, #4065, #3973, #371, #655, #5805 ) ) ;
#6644 = VECTOR ( 'NONE', #228, 1000.000000000000000 ) ;
#6645 = LINE ( 'NONE', #1708, #1673 ) ;
#6646 = LINE ( 'NONE', #1604, #3446 ) ;
#6647 = ADVANCED_FACE ( 'NONE', ( #1425 ), #3380, .F. ) ;
#6648 = ORIENTED_EDGE ( 'NONE', *, *, #4908, .T. ) ;
#6649 = EDGE_LOOP ( 'NONE', ( #1134, #6128, #4761, #255 ) ) ;
#6650 = CARTESIAN_POINT ( 'NONE',  ( 113.9999999999999716, 83.66025403784443881, 10.00000000000000355 ) ) ;
#6651 = CARTESIAN_POINT ( 'NONE',  ( 150.0000000000000000, 0.000000000000000000, 0.000000000000000000 ) ) ;
#6652 = EDGE_LOOP ( 'NONE', ( #1381, #2379, #5785, #743 ) ) ;
#6653 = VERTEX_POINT ( 'NONE', #6158 ) ;
#6654 = ORIENTED_EDGE ( 'NONE', *, *, #4465, .T. ) ;
#6655 = DIRECTION ( 'NONE',  ( -3.318315740031391761E-16, 0.000000000000000000, -1.000000000000000000 ) ) ;
#6656 = CARTESIAN_POINT ( 'NONE',  ( 35.99999999999992184, 66.33974596215564645, 10.00000000000000178 ) ) ;
#6657 = EDGE_CURVE ( 'NONE', #5519, #3757, #1205, .T. ) ;
#6658 = CARTESIAN_POINT ( 'NONE',  ( 147.0000000000000284, 23.49486378953767840, 81.56121421188652221 ) ) ;
#6659 = AXIS2_PLACEMENT_3D ( 'NONE', #4990, #1643, #601 ) ;
#6660 = PLANE ( 'NONE',  #6604 ) ;
#6661 = ORIENTED_EDGE ( 'NONE', *, *, #5581, .T. ) ;
#6662 = ORIENTED_EDGE ( 'NONE', *, *, #2452, .T. ) ;
#6663 = EDGE_LOOP ( 'NONE', ( #4676, #403, #486, #4802 ) ) ;
#6664 = LINE ( 'NONE', #1731, #1015 ) ;
#6665 = PERSON_AND_ORGANIZATION_ROLE ( 'classification_officer' ) ;
#6666 = FACE_OUTER_BOUND ( 'NONE', #4606, .T. ) ;
#6667 = CARTESIAN_POINT ( 'NONE',  ( 121.4999999999999858, 79.33012701892224072, 10.00000000000000355 ) ) ;
#6668 = EDGE_CURVE ( 'NONE', #6841, #2598, #5969, .T. ) ;
#6669 = CARTESIAN_POINT ( 'NONE',  ( -102.7973520826016625, -18.99109504824858519, 3.000000000000019096 ) ) ;
#6670 = DIRECTION ( 'NONE',  ( 0.4999999999999998335, -0.8660254037844388186, -3.021750869380465486E-17 ) ) ;
#6671 = FACE_BOUND ( 'NONE', #1931, .T. ) ;
#6672 = ORIENTED_EDGE ( 'NONE', *, *, #6858, .T. ) ;
#6673 = CARTESIAN_POINT ( 'NONE',  ( 150.0000000000000000, 85.06340628446157837, 12.91072832108004143 ) ) ;
#6674 = CARTESIAN_POINT ( 'NONE',  ( 126.0000000000000000, 79.33012701892225493, 10.00000000000000355 ) ) ;
#6675 = EDGE_CURVE ( 'NONE', #2110, #2082, #397, .T. ) ;
#6676 = EDGE_CURVE ( 'NONE', #5552, #218, #7015, .T. ) ;
#6677 = LINE ( 'NONE', #2666, #2616 ) ;
#6678 = VECTOR ( 'NONE', #7123, 1000.000000000000000 ) ;
#6679 = ORIENTED_EDGE ( 'NONE', *, *, #2337, .T. ) ;
#6680 = EDGE_LOOP ( 'NONE', ( #712, #5819, #4999, #2065 ) ) ;
#6681 = EDGE_CURVE ( 'NONE', #5459, #5769, #2078, .T. ) ;
#6682 = DIRECTION ( 'NONE',  ( -0.5000000000000004441, -0.8660254037844383745, -3.021750869380464253E-17 ) ) ;
#6683 = VERTEX_POINT ( 'NONE', #3193 ) ;
#6684 = ORIENTED_EDGE ( 'NONE', *, *, #4137, .T. ) ;
#6685 = ORIENTED_EDGE ( 'NONE', *, *, #6447, .F. ) ;
#6686 = ORIENTED_EDGE ( 'NONE', *, *, #1714, .F. ) ;
#6687 = DIRECTION ( 'NONE',  ( -0.5000000000000004441, -0.8660254037844383745, -3.021750869380464253E-17 ) ) ;
#6688 = EDGE_CURVE ( 'NONE', #2148, #540, #2242, .T. ) ;
#6689 = CARTESIAN_POINT ( 'NONE',  ( 9.000000000000007105, 36.89488223348482165, 1.287342634263795411E-15 ) ) ;
#6690 = LINE ( 'NONE', #1759, #1448 ) ;
#6691 = DIRECTION ( 'NONE',  ( -0.000000000000000000, 3.489217355721594252E-17, -1.000000000000000000 ) ) ;
#6692 = ORIENTED_EDGE ( 'NONE', *, *, #576, .F. ) ;
#6693 = DIRECTION ( 'NONE',  ( 0.8660254037844393737, -0.4999999999999985012, 0.000000000000000000 ) ) ;
#6694 = ORIENTED_EDGE ( 'NONE', *, *, #6330, .T. ) ;
#6695 = ORIENTED_EDGE ( 'NONE', *, *, #3241, .T. ) ;
#6696 = CARTESIAN_POINT ( 'NONE',  ( 28.49999999999999645, 36.89488223348482165, 10.00000000000000178 ) ) ;
#6697 = VECTOR ( 'NONE', #3534, 1000.000000000000000 ) ;
#6698 = DATE_AND_TIME ( #92, #964 ) ;
#6699 = CARTESIAN_POINT ( 'NONE',  ( 131.2500000000000000, 20.00738685968829600, 6.981012147346056181E-16 ) ) ;
#6700 = PLANE ( 'NONE',  #1268 ) ;
#6701 = CARTESIAN_POINT ( 'NONE',  ( 18.75000000000000355, 28.66764089753276679, 3.000000000000019096 ) ) ;
#6702 = CARTESIAN_POINT ( 'NONE',  ( 147.0000000000000284, 23.49486378953767840, 79.31121421188650800 ) ) ;
#6703 = VECTOR ( 'NONE', #728, 1000.000000000000000 ) ;
#6704 = VERTEX_POINT ( 'NONE', #3776 ) ;
#6705 = VECTOR ( 'NONE', #818, 1000.000000000000000 ) ;
#6706 = DIRECTION ( 'NONE',  ( 1.000000000000000000, 0.000000000000000000, -1.880926496205912652E-16 ) ) ;
#6707 = EDGE_CURVE ( 'NONE', #6730, #7013, #951, .T. ) ;
#6708 = EDGE_LOOP ( 'NONE', ( #6081, #5322, #907, #5021 ) ) ;
#6709 = CARTESIAN_POINT ( 'NONE',  ( 92.24999999999995737, 20.00738685968831732, 10.00000000000000000 ) ) ;
#6710 = DIRECTION ( 'NONE',  ( 0.4999999999999998335, 0.8660254037844388186, 3.021750869380465486E-17 ) ) ;
#6711 = DIRECTION ( 'NONE',  ( -0.8660254037844383745, 0.5000000000000003331, 0.000000000000000000 ) ) ;
#6712 = DIRECTION ( 'NONE',  ( -0.8660254037844390407, 0.4999999999999992228, 1.744608677860794661E-17 ) ) ;
#6713 = VECTOR ( 'NONE', #301, 1000.000000000000000 ) ;
#6714 = LINE ( 'NONE', #6756, #3302 ) ;
#6715 = ORIENTED_EDGE ( 'NONE', *, *, #5787, .F. ) ;
#6716 = ADVANCED_FACE ( 'NONE', ( #3672 ), #5903, .F. ) ;
#6717 = ORIENTED_EDGE ( 'NONE', *, *, #3132, .F. ) ;
#6718 = EDGE_LOOP ( 'NONE', ( #3103, #3335, #1266, #5521, #5865, #950 ) ) ;
#6719 = EDGE_CURVE ( 'NONE', #5778, #4987, #1603, .T. ) ;
#6720 = VECTOR ( 'NONE', #5418, 1000.000000000000000 ) ;
#6721 = DIRECTION ( 'NONE',  ( 0.8660254037844383745, -0.5000000000000003331, -1.744608677860795893E-17 ) ) ;
#6722 = CARTESIAN_POINT ( 'NONE',  ( 77.25000000000001421, 53.78237760728131889, 1.876584053792984316E-15 ) ) ;
#6723 = LINE ( 'NONE', #1238, #934 ) ;
#6724 = VERTEX_POINT ( 'NONE', #3260 ) ;
#6725 = VECTOR ( 'NONE', #2729, 1000.000000000000114 ) ;
#6726 = ADVANCED_FACE ( 'NONE', ( #430 ), #1574, .F. ) ;
#6727 = VECTOR ( 'NONE', #1374, 1000.000000000000000 ) ;
#6728 = ORIENTED_EDGE ( 'NONE', *, *, #6808, .T. ) ;
#6729 = VERTEX_POINT ( 'NONE', #3224 ) ;
#6730 = VERTEX_POINT ( 'NONE', #5427 ) ;
#6731 = LINE ( 'NONE', #2521, #2012 ) ;
#6732 = CARTESIAN_POINT ( 'NONE',  ( -85.54735208260144930, -48.86897147881128234, 3.000000000000019096 ) ) ;
#6733 = CARTESIAN_POINT ( 'NONE',  ( 26.24999999999999645, 66.77275866404791316, 10.00000000000000178 ) ) ;
#6734 = VECTOR ( 'NONE', #3508, 1000.000000000000114 ) ;
#6735 = AXIS2_PLACEMENT_3D ( 'NONE', #1330, #120, #2422 ) ;
#6736 = LINE ( 'NONE', #4536, #3061 ) ;
#6737 = ORIENTED_EDGE ( 'NONE', *, *, #2797, .T. ) ;
#6738 = EDGE_CURVE ( 'NONE', #5746, #1462, #3742, .T. ) ;
#6739 = FACE_OUTER_BOUND ( 'NONE', #3326, .T. ) ;
#6740 = ORIENTED_EDGE ( 'NONE', *, *, #5194, .T. ) ;
#6741 = AXIS2_PLACEMENT_3D ( 'NONE', #2845, #1288, #2997 ) ;
#6742 = DIRECTION ( 'NONE',  ( -1.437389243825479109E-16, 0.000000000000000000, -1.000000000000000000 ) ) ;
#6743 = AXIS2_PLACEMENT_3D ( 'NONE', #140, #5672, #5749 ) ;
#6744 = LINE ( 'NONE', #1810, #1194 ) ;
#6745 = DIRECTION ( 'NONE',  ( 1.000000000000000000, 0.000000000000000000, -1.880926496205912652E-16 ) ) ;
#6746 = VECTOR ( 'NONE', #973, 1000.000000000000114 ) ;
#6747 = ORIENTED_EDGE ( 'NONE', *, *, #608, .T. ) ;
#6748 = DIRECTION ( 'NONE',  ( 0.000000000000000000, 0.000000000000000000, -1.000000000000000000 ) ) ;
#6749 = VERTEX_POINT ( 'NONE', #5461 ) ;
#6750 = CARTESIAN_POINT ( 'NONE',  ( 147.0000000000000284, 20.24512143266962738, 105.6988552916603652 ) ) ;
#6751 = ORIENTED_EDGE ( 'NONE', *, *, #6472, .T. ) ;
#6752 = FACE_OUTER_BOUND ( 'NONE', #4689, .T. ) ;
#6753 = DIRECTION ( 'NONE',  ( -1.000000000000000000, 0.000000000000000000, 0.000000000000000000 ) ) ;
#6754 = DIRECTION ( 'NONE',  ( -1.000000000000000000, -0.000000000000000000, 1.954618001100627820E-16 ) ) ;
#6755 = FACE_OUTER_BOUND ( 'NONE', #4548, .T. ) ;
#6756 = CARTESIAN_POINT ( 'NONE',  ( 84.74999999999998579, 66.77275866404791316, 10.00000000000000178 ) ) ;
#6757 = EDGE_CURVE ( 'NONE', #5683, #4133, #500, .T. ) ;
#6758 = ORIENTED_EDGE ( 'NONE', *, *, #4710, .F. ) ;
#6759 = VECTOR ( 'NONE', #5148, 1000.000000000000000 ) ;
#6760 = ORIENTED_EDGE ( 'NONE', *, *, #97, .T. ) ;
#6761 = CARTESIAN_POINT ( 'NONE',  ( 92.24999999999997158, 62.44263164512570796, 3.000000000000019096 ) ) ;
#6762 = EDGE_CURVE ( 'NONE', #2735, #6298, #3125, .T. ) ;
#6763 = LINE ( 'NONE', #5098, #5483 ) ;
#6764 = DIRECTION ( 'NONE',  ( 1.000000000000000000, -0.000000000000000000, -0.000000000000000000 ) ) ;
#6765 = ORIENTED_EDGE ( 'NONE', *, *, #5049, .T. ) ;
#6766 = CARTESIAN_POINT ( 'NONE',  ( 37.50000000000000711, 101.4800689266309348, -7.352509501688614613 ) ) ;
#6767 = EDGE_LOOP ( 'NONE', ( #5501, #245, #2782, #4169, #1929, #5849 ) ) ;
#6768 = ORIENTED_EDGE ( 'NONE', *, *, #1058, .T. ) ;
#6769 = DIRECTION ( 'NONE',  ( -0.5000000000000004441, -0.8660254037844383745, -3.021750869380464253E-17 ) ) ;
#6770 = ORIENTED_EDGE ( 'NONE', *, *, #75, .F. ) ;
#6771 = DIRECTION ( 'NONE',  ( 0.8660254037844370423, -0.5000000000000027756, 0.000000000000000000 ) ) ;
#6772 = LINE ( 'NONE', #1834, #183 ) ;
#6773 = EDGE_CURVE ( 'NONE', #6373, #2283, #361, .T. ) ;
#6774 = EDGE_CURVE ( 'NONE', #3216, #38, #2044, .T. ) ;
#6775 = CARTESIAN_POINT ( 'NONE',  ( 57.74999999999999289, 62.44263164512570086, 10.00000000000000178 ) ) ;
#6776 = DIRECTION ( 'NONE',  ( -0.000000000000000000, 3.489217355721594252E-17, -1.000000000000000000 ) ) ;
#6777 = DIRECTION ( 'NONE',  ( 0.000000000000000000, 0.000000000000000000, 1.000000000000000000 ) ) ;
#6778 = CARTESIAN_POINT ( 'NONE',  ( 48.00000000000000000, 79.33012701892225493, 2.768000560260221065E-15 ) ) ;
#6779 = ORIENTED_EDGE ( 'NONE', *, *, #4814, .T. ) ;
#6780 = CARTESIAN_POINT ( 'NONE',  ( -78.42235208260147772, -61.20983348273939839, 3.000000000000019096 ) ) ;
#6781 = VERTEX_POINT ( 'NONE', #4920 ) ;
#6782 = EDGE_LOOP ( 'NONE', ( #5219, #169, #2158, #4204 ) ) ;
#6783 = DIRECTION ( 'NONE',  ( 0.8660254037844388186, -0.4999999999999996669, 0.000000000000000000 ) ) ;
#6784 = AXIS2_PLACEMENT_3D ( 'NONE', #2198, #477, #5372 ) ;
#6785 = CARTESIAN_POINT ( 'NONE',  ( 26.24999999999999645, 32.99776791645494001, 1.151363845141677580E-15 ) ) ;
#6786 = CARTESIAN_POINT ( 'NONE',  ( 53.24999999999997868, 28.66764089753274192, 10.00000000000000178 ) ) ;
#6787 = EDGE_CURVE ( 'NONE', #780, #4341, #2111, .T. ) ;
#6788 = CARTESIAN_POINT ( 'NONE',  ( 67.50000000000000000, 45.55513627132927468, 1.589517721201844240E-15 ) ) ;
#6789 = EDGE_LOOP ( 'NONE', ( #2084, #1179, #4196, #1692 ) ) ;
#6790 = VECTOR ( 'NONE', #5186, 1000.000000000000114 ) ;
#6791 = LINE ( 'NONE', #5990, #4958 ) ;
#6792 = VERTEX_POINT ( 'NONE', #1498 ) ;
#6793 = CARTESIAN_POINT ( 'NONE',  ( 126.0000000000000000, 45.55513627132927468, 10.00000000000000178 ) ) ;
#6794 = LINE ( 'NONE', #1964, #6390 ) ;
#6795 = CARTESIAN_POINT ( 'NONE',  ( 133.4999999999998863, 49.88526329025138040, 3.000000000000019096 ) ) ;
#6796 = CIRCLE ( 'NONE', #551, 2.250000000000001776 ) ;
#6797 = DIRECTION ( 'NONE',  ( -0.8660254037844385966, 0.4999999999999998890, 0.000000000000000000 ) ) ;
#6798 = EDGE_LOOP ( 'NONE', ( #3491, #5265, #3854, #3724 ) ) ;
#6799 = ORIENTED_EDGE ( 'NONE', *, *, #1835, .F. ) ;
#6800 = VECTOR ( 'NONE', #5345, 1000.000000000000000 ) ;
#6801 = DIRECTION ( 'NONE',  ( 0.000000000000000000, 1.000000000000000000, 0.000000000000000000 ) ) ;
#6802 = VECTOR ( 'NONE', #237, 1000.000000000000000 ) ;
#6803 = CARTESIAN_POINT ( 'NONE',  ( 28.49999999999999645, 36.89488223348482165, 1.287342634263795411E-15 ) ) ;
#6804 = DIRECTION ( 'NONE',  ( 0.000000000000000000, -1.000000000000000000, 0.000000000000000000 ) ) ;
#6805 = VECTOR ( 'NONE', #4220, 1000.000000000000000 ) ;
#6806 = ORIENTED_EDGE ( 'NONE', *, *, #2169, .T. ) ;
#6807 = ORIENTED_EDGE ( 'NONE', *, *, #1637, .T. ) ;
#6808 = EDGE_CURVE ( 'NONE', #1333, #2989, #3708, .T. ) ;
#6809 = ORIENTED_EDGE ( 'NONE', *, *, #2417, .F. ) ;
#6810 = LINE ( 'NONE', #2492, #1351 ) ;
#6811 = LINE ( 'NONE', #5004, #320 ) ;
#6812 = DIRECTION ( 'NONE',  ( -1.000000000000000000, 0.000000000000000000, 1.954618001100627820E-16 ) ) ;
#6813 = DIRECTION ( 'NONE',  ( 1.602468905319637943E-15, 1.000000000000000000, 3.489217355721594252E-17 ) ) ;
#6814 = ORIENTED_EDGE ( 'NONE', *, *, #4829, .F. ) ;
#6815 = LINE ( 'NONE', #6202, #6977 ) ;
#6816 = ORIENTED_EDGE ( 'NONE', *, *, #524, .T. ) ;
#6817 = ADVANCED_FACE ( 'NONE', ( #5358 ), #4274, .F. ) ;
#6818 = DIRECTION ( 'NONE',  ( 1.954618001100628066E-16, -5.294131499750479183E-16, 1.000000000000000000 ) ) ;
#6819 = DIRECTION ( 'NONE',  ( 0.000000000000000000, -1.000000000000000000, 0.000000000000000000 ) ) ;
#6820 = DIRECTION ( 'NONE',  ( -1.000000000000000000, 0.000000000000000000, 0.000000000000000000 ) ) ;
#6821 = ORIENTED_EDGE ( 'NONE', *, *, #619, .T. ) ;
#6822 = CARTESIAN_POINT ( 'NONE',  ( 72.74999999999998579, 28.66764089753273126, 1.000276301672653757E-15 ) ) ;
#6823 = LINE ( 'NONE', #5280, #4319 ) ;
#6824 = DIRECTION ( 'NONE',  ( -1.000000000000000000, 0.000000000000000000, 1.130013531886300531E-16 ) ) ;
#6825 = ORIENTED_EDGE ( 'NONE', *, *, #5511, .F. ) ;
#6826 = EDGE_CURVE ( 'NONE', #3783, #1018, #138, .T. ) ;
#6827 = DIRECTION ( 'NONE',  ( 1.000000000000000000, -0.000000000000000000, -0.000000000000000000 ) ) ;
#6828 = DIRECTION ( 'NONE',  ( -1.000000000000000000, -1.232595164407830672E-32, 1.954618001100628066E-16 ) ) ;
#6829 = LINE ( 'NONE', #6183, #3957 ) ;
#6830 = LINE ( 'NONE', #1895, #1087 ) ;
#6831 = VECTOR ( 'NONE', #4086, 1000.000000000000000 ) ;
#6832 = ORIENTED_EDGE ( 'NONE', *, *, #1408, .T. ) ;
#6833 = VERTEX_POINT ( 'NONE', #535 ) ;
#6834 = ADVANCED_FACE ( 'NONE', ( #567 ), #2896, .F. ) ;
#6835 = VECTOR ( 'NONE', #2205, 1000.000000000000000 ) ;
#6836 = DIRECTION ( 'NONE',  ( -0.000000000000000000, 3.489217355721594252E-17, -1.000000000000000000 ) ) ;
#6837 = CARTESIAN_POINT ( 'NONE',  ( 147.0000000000000284, 49.99999999999999289, 120.0000000000000142 ) ) ;
#6838 = PLANE ( 'NONE',  #7094 ) ;
#6839 = FACE_OUTER_BOUND ( 'NONE', #4293, .T. ) ;
#6840 = ORIENTED_EDGE ( 'NONE', *, *, #3026, .T. ) ;
#6841 = VERTEX_POINT ( 'NONE', #5632 ) ;
#6842 = VERTEX_POINT ( 'NONE', #3305 ) ;
#6843 = LINE ( 'NONE', #3568, #2271 ) ;
#6844 = CARTESIAN_POINT ( 'NONE',  ( 94.49999999999991473, 49.88526329025141592, 10.00000000000000178 ) ) ;
#6845 = PLANE ( 'NONE',  #4362 ) ;
#6846 = DIRECTION ( 'NONE',  ( -0.000000000000000000, 3.489217355721594252E-17, -1.000000000000000000 ) ) ;
#6847 = AXIS2_PLACEMENT_3D ( 'NONE', #2807, #2132, #4327 ) ;
#6848 = EDGE_CURVE ( 'NONE', #2176, #2470, #2256, .T. ) ;
#6849 = CARTESIAN_POINT ( 'NONE',  ( -0.001000000000001000089, 0.000000000000000000, 74.56121421188652221 ) ) ;
#6850 = CARTESIAN_POINT ( 'NONE',  ( 67.50000000000000000, 79.33012701892225493, 2.768000560260221065E-15 ) ) ;
#6851 = ORIENTED_EDGE ( 'NONE', *, *, #7089, .F. ) ;
#6852 = DIRECTION ( 'NONE',  ( 0.8660254037844392627, -0.4999999999999987788, 0.000000000000000000 ) ) ;
#6853 = ORIENTED_EDGE ( 'NONE', *, *, #1403, .F. ) ;
#6854 = AXIS2_PLACEMENT_3D ( 'NONE', #1078, #4514, #6711 ) ;
#6855 = CARTESIAN_POINT ( 'NONE',  ( 40.50000000000000711, 101.4800689266309348, -7.352509501688614613 ) ) ;
#6856 = DIRECTION ( 'NONE',  ( 0.000000000000000000, 0.000000000000000000, -1.000000000000000000 ) ) ;
#6857 = DIRECTION ( 'NONE',  ( -0.000000000000000000, 1.000000000000000000, 0.000000000000000000 ) ) ;
#6858 = EDGE_CURVE ( 'NONE', #2577, #2235, #1, .T. ) ;
#6859 = VERTEX_POINT ( 'NONE', #5023 ) ;
#6860 = CARTESIAN_POINT ( 'NONE',  ( 133.4999999999999147, 66.33974596215564645, 10.00000000000000178 ) ) ;
#6861 = EDGE_CURVE ( 'NONE', #303, #4964, #4380, .T. ) ;
#6862 = AXIS2_PLACEMENT_3D ( 'NONE', #5073, #656, #4616 ) ;
#6863 = CARTESIAN_POINT ( 'NONE',  ( -97.92235208260161983, -27.43484273514687644, 3.000000000000019096 ) ) ;
#6864 = ORIENTED_EDGE ( 'NONE', *, *, #2980, .T. ) ;
#6865 = ORIENTED_EDGE ( 'NONE', *, *, #3603, .T. ) ;
#6866 = EDGE_LOOP ( 'NONE', ( #6152, #6027, #1609, #3089 ) ) ;
#6867 = VECTOR ( 'NONE', #3875, 1000.000000000000000 ) ;
#6868 = DIRECTION ( 'NONE',  ( -0.000000000000000000, 3.489217355721594252E-17, -1.000000000000000000 ) ) ;
#6869 = DIRECTION ( 'NONE',  ( -0.000000000000000000, 3.489217355721594252E-17, -1.000000000000000000 ) ) ;
#6870 = AXIS2_PLACEMENT_3D ( 'NONE', #1918, #4801, #5375 ) ;
#6871 = CARTESIAN_POINT ( 'NONE',  ( 131.2500000000000000, 20.00738685968829600, 10.00000000000000000 ) ) ;
#6872 = EDGE_CURVE ( 'NONE', #390, #422, #3633, .T. ) ;
#6873 = EDGE_LOOP ( 'NONE', ( #1264, #3200, #6349, #1098 ) ) ;
#6874 = ORIENTED_EDGE ( 'NONE', *, *, #6466, .F. ) ;
#6875 = ORIENTED_EDGE ( 'NONE', *, *, #6454, .F. ) ;
#6876 = CARTESIAN_POINT ( 'NONE',  ( 28.49999999999999645, -202.2374841615668686, 3.000000000000019096 ) ) ;
#6877 = FACE_OUTER_BOUND ( 'NONE', #2757, .T. ) ;
#6878 = EDGE_CURVE ( 'NONE', #1234, #6575, #668, .T. ) ;
#6879 = CARTESIAN_POINT ( 'NONE',  ( 37.50000000000000711, 86.48368917940753420, -7.894911034008763282E-15 ) ) ;
#6880 = DIRECTION ( 'NONE',  ( -0.000000000000000000, -0.8844474253139080755, 0.4666398524082561172 ) ) ;
#6881 = ORIENTED_EDGE ( 'NONE', *, *, #672, .F. ) ;
#6882 = AXIS2_PLACEMENT_3D ( 'NONE', #3077, #5200, #5776 ) ;
#6883 = EDGE_LOOP ( 'NONE', ( #3485, #4436, #4607, #7162 ) ) ;
#6884 = VERTEX_POINT ( 'NONE', #6673 ) ;
#6885 = LINE ( 'NONE', #4762, #4456 ) ;
#6886 = CARTESIAN_POINT ( 'NONE',  ( 141.0000000000000000, 79.33012701892224072, 10.00000000000000355 ) ) ;
#6887 = CARTESIAN_POINT ( 'NONE',  ( 92.24999999999997158, 28.66764089753272060, 10.00000000000000178 ) ) ;
#6888 = CARTESIAN_POINT ( 'NONE',  ( 35.99999999999992184, 66.33974596215564645, 3.000000000000019096 ) ) ;
#6889 = LINE ( 'NONE', #4730, #853 ) ;
#6890 = ORIENTED_EDGE ( 'NONE', *, *, #4486, .F. ) ;
#6891 = CARTESIAN_POINT ( 'NONE',  ( 111.7499999999999716, -202.2374841615668686, 3.000000000000019096 ) ) ;
#6892 = DIRECTION ( 'NONE',  ( -5.756360214935807155E-32, -1.000000000000000000, -1.734723475976807094E-16 ) ) ;
#6893 = ORIENTED_EDGE ( 'NONE', *, *, #4288, .T. ) ;
#6894 = LINE ( 'NONE', #208, #3327 ) ;
#6895 = DIRECTION ( 'NONE',  ( -0.000000000000000000, 3.489217355721594252E-17, -1.000000000000000000 ) ) ;
#6896 = VERTEX_POINT ( 'NONE', #6181 ) ;
#6897 = ORIENTED_EDGE ( 'NONE', *, *, #4522, .F. ) ;
#6898 = ORIENTED_EDGE ( 'NONE', *, *, #3312, .T. ) ;
#6899 = ADVANCED_FACE ( 'NONE', ( #6042 ), #4483, .F. ) ;
#6900 = CARTESIAN_POINT ( 'NONE',  ( 150.0000000000000000, 100.0000000000000000, 90.00000000000001421 ) ) ;
#6901 = DIRECTION ( 'NONE',  ( -0.8660254037844387076, -0.4999999999999998890, -1.744608677860796818E-17 ) ) ;
#6902 = PLANE ( 'NONE',  #4895 ) ;
#6903 = ORIENTED_EDGE ( 'NONE', *, *, #3653, .T. ) ;
#6904 = VECTOR ( 'NONE', #2659, 1000.000000000000000 ) ;
#6905 = ORIENTED_EDGE ( 'NONE', *, *, #931, .F. ) ;
#6906 = EDGE_CURVE ( 'NONE', #5051, #6704, #1147, .T. ) ;
#6907 = LINE ( 'NONE', #3090, #4425 ) ;
#6908 = DIRECTION ( 'NONE',  ( 0.4999999999999998335, 0.8660254037844388186, 3.021750869380465486E-17 ) ) ;
#6909 = CARTESIAN_POINT ( 'NONE',  ( 92.24999999999997158, 53.78237760728132599, 1.876584053792984316E-15 ) ) ;
#6910 = EDGE_LOOP ( 'NONE', ( #1132, #2960 ) ) ;
#6911 = ORIENTED_EDGE ( 'NONE', *, *, #2532, .F. ) ;
#6912 = EDGE_CURVE ( 'NONE', #6437, #4395, #5561, .T. ) ;
#6913 = CIRCLE ( 'NONE', #2304, 2.500000000000002220 ) ;
#6914 = VERTEX_POINT ( 'NONE', #6107 ) ;
#6915 = VECTOR ( 'NONE', #1024, 1000.000000000000114 ) ;
#6916 = FACE_OUTER_BOUND ( 'NONE', #626, .T. ) ;
#6917 = DIRECTION ( 'NONE',  ( 1.000000000000000000, 0.000000000000000000, -1.954618001100627820E-16 ) ) ;
#6918 = CARTESIAN_POINT ( 'NONE',  ( 72.74999999999998579, 62.44263164512573638, 10.00000000000000178 ) ) ;
#6919 = PLANE ( 'NONE',  #565 ) ;
#6920 = VECTOR ( 'NONE', #3206, 1000.000000000000000 ) ;
#6921 = ORIENTED_EDGE ( 'NONE', *, *, #6848, .F. ) ;
#6922 = CARTESIAN_POINT ( 'NONE',  ( 40.50000000000000711, 101.4800689266309348, -9.852509501688617277 ) ) ;
#6923 = VERTEX_POINT ( 'NONE', #637 ) ;
#6924 = EDGE_CURVE ( 'NONE', #3350, #3611, #6578, .T. ) ;
#6925 = DIRECTION ( 'NONE',  ( 0.8660254037844378194, 0.5000000000000015543, 0.000000000000000000 ) ) ;
#6926 = CARTESIAN_POINT ( 'NONE',  ( 147.0000000000000284, 39.33279704816512634, 95.62808129526348466 ) ) ;
#6927 = DIRECTION ( 'NONE',  ( -0.000000000000000000, 3.489217355721594252E-17, -1.000000000000000000 ) ) ;
#6928 = CARTESIAN_POINT ( 'NONE',  ( 92.24999999999997158, 62.44263164512573638, 2.178759140731031568E-15 ) ) ;
#6929 = CARTESIAN_POINT ( 'NONE',  ( 94.49999999999991473, 66.33974596215564645, 2.314737929853150582E-15 ) ) ;
#6930 = LINE ( 'NONE', #4663, #5248 ) ;
#6931 = ORIENTED_EDGE ( 'NONE', *, *, #5287, .T. ) ;
#6932 = ORIENTED_EDGE ( 'NONE', *, *, #5496, .T. ) ;
#6933 = ORIENTED_EDGE ( 'NONE', *, *, #6762, .T. ) ;
#6934 = LINE ( 'NONE', #3083, #2693 ) ;
#6935 = DIRECTION ( 'NONE',  ( 0.8660254037844383745, -0.5000000000000004441, 0.000000000000000000 ) ) ;
#6936 = ORIENTED_EDGE ( 'NONE', *, *, #5673, .F. ) ;
#6937 = ADVANCED_FACE ( 'NONE', ( #1642 ), #2320, .F. ) ;
#6938 = VERTEX_POINT ( 'NONE', #5504 ) ;
#6939 = ORIENTED_EDGE ( 'NONE', *, *, #2780, .T. ) ;
#6940 = LINE ( 'NONE', #82, #2596 ) ;
#6941 = CARTESIAN_POINT ( 'NONE',  ( 96.75000000000000000, 53.78237760728131889, 1.876584053792984316E-15 ) ) ;
#6942 = DIRECTION ( 'NONE',  ( 3.204937810639276281E-15, 1.000000000000000000, 0.000000000000000000 ) ) ;
#6943 = VECTOR ( 'NONE', #2530, 1000.000000000000000 ) ;
#6944 = DIRECTION ( 'NONE',  ( 0.8660254037844383745, 0.5000000000000003331, 0.000000000000000000 ) ) ;
#6945 = ADVANCED_FACE ( 'NONE', ( #5531 ), #1778, .F. ) ;
#6946 = ADVANCED_FACE ( 'NONE', ( #1681 ), #6078, .F. ) ;
#6947 = AXIS2_PLACEMENT_3D ( 'NONE', #4107, #1394, #3019 ) ;
#6948 = VECTOR ( 'NONE', #1271, 999.9999999999998863 ) ;
#6949 = ORIENTED_EDGE ( 'NONE', *, *, #534, .T. ) ;
#6950 = VECTOR ( 'NONE', #5005, 1000.000000000000000 ) ;
#6951 = ORIENTED_EDGE ( 'NONE', *, *, #3383, .F. ) ;
#6952 = LINE ( 'NONE', #4217, #6307 ) ;
#6953 = LINE ( 'NONE', #3134, #5089 ) ;
#6954 = PLANE ( 'NONE',  #1022 ) ;
#6955 = LINE ( 'NONE', #1476, #6790 ) ;
#6956 = EDGE_CURVE ( 'NONE', #3775, #6543, #6645, .T. ) ;
#6957 = ORIENTED_EDGE ( 'NONE', *, *, #4210, .T. ) ;
#6958 = CARTESIAN_POINT ( 'NONE',  ( 57.75000000000000711, 28.66764089753274547, 3.000000000000019096 ) ) ;
#6959 = EDGE_LOOP ( 'NONE', ( #4467, #1845, #3663, #5761 ) ) ;
#6960 = DIRECTION ( 'NONE',  ( -1.000000000000000000, -0.000000000000000000, 0.000000000000000000 ) ) ;
#6961 = AXIS2_PLACEMENT_3D ( 'NONE', #6195, #3493, #6771 ) ;
#6962 = CARTESIAN_POINT ( 'NONE',  ( 57.75000000000000711, 28.66764089753274547, 10.00000000000000178 ) ) ;
#6963 = EDGE_CURVE ( 'NONE', #2283, #1367, #1382, .T. ) ;
#6964 = PLANE ( 'NONE',  #6450 ) ;
#6965 = LINE ( 'NONE', #854, #1555 ) ;
#6966 = VECTOR ( 'NONE', #1564, 1000.000000000000000 ) ;
#6967 = ORIENTED_EDGE ( 'NONE', *, *, #6603, .T. ) ;
#6968 = ORIENTED_EDGE ( 'NONE', *, *, #2284, .T. ) ;
#6969 = ORIENTED_EDGE ( 'NONE', *, *, #2077, .F. ) ;
#6970 = CIRCLE ( 'NONE', #5119, 20.00000000000000355 ) ;
#6971 = PERSON_AND_ORGANIZATION ( #7025, #3754 ) ;
#6972 = CARTESIAN_POINT ( 'NONE',  ( 94.49999999999991473, 66.33974596215564645, 3.000000000000019096 ) ) ;
#6973 = CARTESIAN_POINT ( 'NONE',  ( 33.74999999999997158, 53.78237760728132599, 3.000000000000019096 ) ) ;
#6974 = VERTEX_POINT ( 'NONE', #4162 ) ;
#6975 = VECTOR ( 'NONE', #3980, 1000.000000000000000 ) ;
#6976 = ORIENTED_EDGE ( 'NONE', *, *, #1714, .T. ) ;
#6977 = VECTOR ( 'NONE', #5112, 1000.000000000000000 ) ;
#6978 = CARTESIAN_POINT ( 'NONE',  ( 23.99999999999999289, 36.89488223348483587, 10.00000000000000178 ) ) ;
#6979 = EDGE_CURVE ( 'NONE', #833, #4003, #1893, .T. ) ;
#6980 = FACE_OUTER_BOUND ( 'NONE', #1160, .T. ) ;
#6981 = EDGE_CURVE ( 'NONE', #1831, #623, #6324, .T. ) ;
#6982 = VECTOR ( 'NONE', #5025, 1000.000000000000000 ) ;
#6983 = CARTESIAN_POINT ( 'NONE',  ( 45.74999999999998579, 32.99776791645489737, 3.000000000000019096 ) ) ;
#6984 = LINE ( 'NONE', #6850, #2370 ) ;
#6985 = ORIENTED_EDGE ( 'NONE', *, *, #5324, .T. ) ;
#6986 = ORIENTED_EDGE ( 'NONE', *, *, #105, .F. ) ;
#6987 = EDGE_CURVE ( 'NONE', #19, #3368, #3586, .T. ) ;
#6988 = DIRECTION ( 'NONE',  ( -0.8660254037844383745, -0.5000000000000003331, -1.744608677860798050E-17 ) ) ;
#6989 = LINE ( 'NONE', #4557, #4901 ) ;
#6990 = FACE_BOUND ( 'NONE', #5724, .T. ) ;
#6991 = DIRECTION ( 'NONE',  ( -0.8660254037844383745, 0.5000000000000004441, 0.000000000000000000 ) ) ;
#6992 = LINE ( 'NONE', #2057, #4160 ) ;
#6993 = VERTEX_POINT ( 'NONE', #707 ) ;
#6994 = VECTOR ( 'NONE', #2368, 1000.000000000000000 ) ;
#6995 = DIRECTION ( 'NONE',  ( 0.8660254037844388186, -0.4999999999999996669, 0.000000000000000000 ) ) ;
#6996 = VERTEX_POINT ( 'NONE', #782 ) ;
#6997 = CARTESIAN_POINT ( 'NONE',  ( -83.29735208260153456, -52.76608579584174663, 3.000000000000019096 ) ) ;
#6998 = EDGE_CURVE ( 'NONE', #2638, #2989, #3011, .T. ) ;
#6999 = EDGE_CURVE ( 'NONE', #1691, #5645, #3389, .T. ) ;
#7000 = CARTESIAN_POINT ( 'NONE',  ( 26.24999999999999645, 49.45225058835914922, 1.725496510323961677E-15 ) ) ;
#7001 = DIRECTION ( 'NONE',  ( -0.000000000000000000, 3.489217355721594252E-17, -1.000000000000000000 ) ) ;
#7002 = LINE ( 'NONE', #5889, #1423 ) ;
#7003 = CARTESIAN_POINT ( 'NONE',  ( 82.49999999999998579, 36.89488223348483587, 10.00000000000000178 ) ) ;
#7004 = EDGE_LOOP ( 'NONE', ( #6114, #6032, #6317, #4926 ) ) ;
#7005 = ORIENTED_EDGE ( 'NONE', *, *, #5989, .F. ) ;
#7006 = ORIENTED_EDGE ( 'NONE', *, *, #6507, .T. ) ;
#7007 = EDGE_CURVE ( 'NONE', #6608, #665, #6794, .T. ) ;
#7008 = ADVANCED_FACE ( 'NONE', ( #3624 ), #3081, .T. ) ;
#7009 = DIRECTION ( 'NONE',  ( 1.000000000000000000, 0.000000000000000000, -0.000000000000000000 ) ) ;
#7010 = CYLINDRICAL_SURFACE ( 'NONE', #252, 2.100000000000000977 ) ;
#7011 = DIRECTION ( 'NONE',  ( -0.000000000000000000, 1.000000000000000000, -0.000000000000000000 ) ) ;
#7012 = ORIENTED_EDGE ( 'NONE', *, *, #1747, .T. ) ;
#7013 = VERTEX_POINT ( 'NONE', #6292 ) ;
#7014 = EDGE_CURVE ( 'NONE', #6683, #2285, #6358, .T. ) ;
#7015 = LINE ( 'NONE', #1037, #5353 ) ;
#7016 = CARTESIAN_POINT ( 'NONE',  ( 150.0000000000000000, 0.000000000000000000, 0.000000000000000000 ) ) ;
#7017 = LINE ( 'NONE', #4276, #2832 ) ;
#7018 = AXIS2_PLACEMENT_3D ( 'NONE', #501, #4346, #568 ) ;
#7019 = LINE ( 'NONE', #2626, #3636 ) ;
#7020 = VERTEX_POINT ( 'NONE', #1270 ) ;
#7021 = VERTEX_POINT ( 'NONE', #4670 ) ;
#7022 = VERTEX_POINT ( 'NONE', #1932 ) ;
#7023 = DIRECTION ( 'NONE',  ( 0.000000000000000000, 0.000000000000000000, -1.000000000000000000 ) ) ;
#7024 = CARTESIAN_POINT ( 'NONE',  ( -61.17235208260149193, -91.08770991330196409, 3.000000000000019096 ) ) ;
#7025 = PERSON ( 'UNSPECIFIED', 'UNSPECIFIED', 'UNSPECIFIED', ('UNSPECIFIED'), ('UNSPECIFIED'), ('UNSPECIFIED') ) ;
#7026 = CARTESIAN_POINT ( 'NONE',  ( 18.74999999999998934, 62.44263164512570086, 2.178759140731030384E-15 ) ) ;
#7027 = PLANE ( 'NONE',  #4028 ) ;
#7028 = LINE ( 'NONE', #4894, #6345 ) ;
#7029 = ADVANCED_FACE ( 'NONE', ( #2514 ), #5780, .F. ) ;
#7030 = ORIENTED_EDGE ( 'NONE', *, *, #571, .F. ) ;
#7031 = ORIENTED_EDGE ( 'NONE', *, *, #4342, .T. ) ;
#7032 = CARTESIAN_POINT ( 'NONE',  ( 48.00000000000000000, 36.89488223348482165, 1.287342634263795411E-15 ) ) ;
#7033 = AXIS2_PLACEMENT_3D ( 'NONE', #3360, #6824, #1890 ) ;
#7034 = DIRECTION ( 'NONE',  ( 0.8660254037844388186, 0.4999999999999996114, 1.744608677860794044E-17 ) ) ;
#7035 = AXIS2_PLACEMENT_3D ( 'NONE', #4120, #6818, #4187 ) ;
#7036 = DIRECTION ( 'NONE',  ( 1.000000000000000000, -0.000000000000000000, -1.437389243825479109E-16 ) ) ;
#7037 = LINE ( 'NONE', #1483, #4417 ) ;
#7038 = DIRECTION ( 'NONE',  ( -0.8660254037844388186, 0.4999999999999996114, 1.744608677860794044E-17 ) ) ;
#7039 = EDGE_CURVE ( 'NONE', #5551, #874, #3480, .T. ) ;
#7040 = PLANE ( 'NONE',  #4155 ) ;
#7041 = VERTEX_POINT ( 'NONE', #3046 ) ;
#7042 = VERTEX_POINT ( 'NONE', #4130 ) ;
#7043 = CARTESIAN_POINT ( 'NONE',  ( 112.4999999999999858, 101.4800689266309348, -9.852509501688627935 ) ) ;
#7044 =( NAMED_UNIT ( * ) PLANE_ANGLE_UNIT ( ) SI_UNIT ( $, .RADIAN. ) );
#7045 = DIRECTION ( 'NONE',  ( 0.000000000000000000, 0.000000000000000000, -1.000000000000000000 ) ) ;
#7046 = CARTESIAN_POINT ( 'NONE',  ( 133.4999999999999716, 32.56475521456263067, 3.000000000000019096 ) ) ;
#7048 = DIRECTION ( 'NONE',  ( -0.8660254037844392627, 0.4999999999999987788, 0.000000000000000000 ) ) ;
#7047 = DIRECTION ( 'NONE',  ( 0.5000000000000004441, 0.8660254037844384856, 3.021750869380464253E-17 ) ) ;
#7049 = ORIENTED_EDGE ( 'NONE', *, *, #1129, .T. ) ;
#7050 = EDGE_CURVE ( 'NONE', #4744, #6493, #3550, .T. ) ;
#7051 = ORIENTED_EDGE ( 'NONE', *, *, #1886, .T. ) ;
#7052 = DIRECTION ( 'NONE',  ( 0.8660254037844383745, -0.5000000000000003331, -1.744608677860795893E-17 ) ) ;
#7053 = DIRECTION ( 'NONE',  ( 1.602468905319638141E-15, -1.000000000000000000, 0.000000000000000000 ) ) ;
#7054 = CARTESIAN_POINT ( 'NONE',  ( 141.0000000000000000, 70.66987298107788718, 2.465825473322174997E-15 ) ) ;
#7055 = EDGE_CURVE ( 'NONE', #3805, #2110, #2358, .T. ) ;
#7056 = CARTESIAN_POINT ( 'NONE',  ( 33.74999999999997158, 20.00738685968834218, 6.981012147346073931E-16 ) ) ;
#7057 = VERTEX_POINT ( 'NONE', #4554 ) ;
#7058 = ORIENTED_EDGE ( 'NONE', *, *, #1940, .T. ) ;
#7059 = VECTOR ( 'NONE', #6333, 1000.000000000000000 ) ;
#7060 = FACE_OUTER_BOUND ( 'NONE', #4656, .T. ) ;
#7061 = LINE ( 'NONE', #1612, #6629 ) ;
#7062 = DIRECTION ( 'NONE',  ( 0.000000000000000000, 0.000000000000000000, -1.000000000000000000 ) ) ;
#7063 = CARTESIAN_POINT ( 'NONE',  ( 141.0000000000000000, 36.89488223348483587, 10.00000000000000178 ) ) ;
#7064 = CARTESIAN_POINT ( 'NONE',  ( 45.75000000000000000, 32.99776791645492580, 10.00000000000000178 ) ) ;
#7065 = VECTOR ( 'NONE', #5682, 1000.000000000000000 ) ;
#7066 = AXIS2_PLACEMENT_3D ( 'NONE', #5532, #2790, #2257 ) ;
#7067 = ORIENTED_EDGE ( 'NONE', *, *, #2452, .F. ) ;
#7068 = DIRECTION ( 'NONE',  ( 0.5000000000000004441, 0.8660254037844384856, 3.021750869380464253E-17 ) ) ;
#7069 = CARTESIAN_POINT ( 'NONE',  ( 150.0000000000000000, 23.49486378953767840, 31.51121421188650373 ) ) ;
#7070 = AXIS2_PLACEMENT_3D ( 'NONE', #1622, #3823, #12 ) ;
#7071 = EDGE_CURVE ( 'NONE', #3143, #7116, #496, .T. ) ;
#7072 = DIRECTION ( 'NONE',  ( 0.000000000000000000, -1.000000000000000000, 0.000000000000000000 ) ) ;
#7073 = CARTESIAN_POINT ( 'NONE',  ( 150.0000000000000000, 49.99999999999999289, 90.00000000000001421 ) ) ;
#7074 = ORIENTED_EDGE ( 'NONE', *, *, #5797, .F. ) ;
#7075 = ORIENTED_EDGE ( 'NONE', *, *, #5856, .T. ) ;
#7076 = ORIENTED_EDGE ( 'NONE', *, *, #1530, .T. ) ;
#7077 = VECTOR ( 'NONE', #3455, 1000.000000000000000 ) ;
#7078 = PLANE ( 'NONE',  #2830 ) ;
#7079 = CARTESIAN_POINT ( 'NONE',  ( 150.0000000000000000, 80.00000000000000000, 90.00000000000001421 ) ) ;
#7080 = PLANE ( 'NONE',  #4044 ) ;
#7081 = CARTESIAN_POINT ( 'NONE',  ( 33.74999999999997158, 28.66764089753274902, 1.000276301672654546E-15 ) ) ;
#7082 = ADVANCED_FACE ( 'NONE', ( #2440 ), #1819, .F. ) ;
#7083 = PRODUCT_DEFINITION_FORMATION_WITH_SPECIFIED_SOURCE ( 'ANY', '', #4398, .NOT_KNOWN. ) ;
#7084 = ORIENTED_EDGE ( 'NONE', *, *, #4489, .F. ) ;
#7085 = ORIENTED_EDGE ( 'NONE', *, *, #6963, .F. ) ;
#7086 = DIRECTION ( 'NONE',  ( -0.8660254037844370423, 0.5000000000000027756, 1.744608677860807295E-17 ) ) ;
#7087 = LINE ( 'NONE', #4275, #652 ) ;
#7088 = EDGE_CURVE ( 'NONE', #5347, #5331, #5711, .T. ) ;
#7089 = EDGE_CURVE ( 'NONE', #198, #3184, #3768, .T. ) ;
#7090 = AXIS2_PLACEMENT_3D ( 'NONE', #4871, #2069, #558 ) ;
#7091 = LINE ( 'NONE', #4348, #5563 ) ;
#7092 = VECTOR ( 'NONE', #1502, 1000.000000000000000 ) ;
#7093 = LINE ( 'NONE', #3779, #720 ) ;
#7094 = AXIS2_PLACEMENT_3D ( 'NONE', #6879, #5790, #4756 ) ;
#7095 = ORIENTED_EDGE ( 'NONE', *, *, #5011, .T. ) ;
#7096 = ORIENTED_EDGE ( 'NONE', *, *, #2677, .T. ) ;
#7097 = ORIENTED_EDGE ( 'NONE', *, *, #1578, .T. ) ;
#7098 = VECTOR ( 'NONE', #5055, 1000.000000000000000 ) ;
#7099 = EDGE_CURVE ( 'NONE', #3141, #4740, #925, .T. ) ;
#7100 = DIRECTION ( 'NONE',  ( 0.8660254037844387076, -0.4999999999999999445, 0.000000000000000000 ) ) ;
#7101 = CYLINDRICAL_SURFACE ( 'NONE', #4329, 50.00000000000000000 ) ;
#7102 = CARTESIAN_POINT ( 'NONE',  ( 141.0000000000000000, 36.89488223348483587, 3.000000000000019096 ) ) ;
#7103 = AXIS2_PLACEMENT_3D ( 'NONE', #4172, #1391, #5788 ) ;
#7104 = PLANE ( 'NONE',  #5621 ) ;
#7105 = LINE ( 'NONE', #4932, #3816 ) ;
#7106 = ORIENTED_EDGE ( 'NONE', *, *, #3017, .T. ) ;
#7107 = ORIENTED_EDGE ( 'NONE', *, *, #3408, .T. ) ;
#7108 = CARTESIAN_POINT ( 'NONE',  ( 150.0010000000000332, 0.000000000000000000, 74.56121421188649379 ) ) ;
#7109 = LINE ( 'NONE', #6562, #1552 ) ;
#7110 = EDGE_CURVE ( 'NONE', #189, #6641, #4778, .T. ) ;
#7111 = VECTOR ( 'NONE', #7100, 999.9999999999998863 ) ;
#7112 = DIRECTION ( 'NONE',  ( -1.000000000000000000, -0.000000000000000000, 0.000000000000000000 ) ) ;
#7113 = LINE ( 'NONE', #920, #2426 ) ;
#7114 = ORIENTED_EDGE ( 'NONE', *, *, #4862, .T. ) ;
#7115 = ORIENTED_EDGE ( 'NONE', *, *, #6229, .T. ) ;
#7116 = VERTEX_POINT ( 'NONE', #5929 ) ;
#7117 = DIRECTION ( 'NONE',  ( 0.4999999999999984457, 0.8660254037844395958, 3.021750869380468567E-17 ) ) ;
#7118 = DATE_AND_TIME ( #3355, #279 ) ;
#7119 = CARTESIAN_POINT ( 'NONE',  ( 147.0000000000000284, 33.49486378953767485, 79.31121421188650800 ) ) ;
#7120 = CARTESIAN_POINT ( 'NONE',  ( 33.74999999999997158, -202.2374841615668686, 3.000000000000019096 ) ) ;
#7121 = CARTESIAN_POINT ( 'NONE',  ( 101.9999999999999858, 45.55513627132918941, 1.589517721201841282E-15 ) ) ;
#7122 = DIRECTION ( 'NONE',  ( 1.000000000000000000, -0.000000000000000000, -0.000000000000000000 ) ) ;
#7123 = DIRECTION ( 'NONE',  ( -0.000000000000000000, 3.489217355721594252E-17, -1.000000000000000000 ) ) ;
#7124 = DIRECTION ( 'NONE',  ( 1.602468905319638141E-15, -1.000000000000000000, 0.000000000000000000 ) ) ;
#7125 = VERTEX_POINT ( 'NONE', #424 ) ;
#7126 = ADVANCED_FACE ( 'NONE', ( #5963 ), #2071, .F. ) ;
#7127 = VERTEX_POINT ( 'NONE', #6427 ) ;
#7128 = DIRECTION ( 'NONE',  ( -1.000000000000000000, 0.000000000000000000, 1.130013531886300531E-16 ) ) ;
#7129 = DIRECTION ( 'NONE',  ( -0.000000000000000000, 3.489217355721594252E-17, -1.000000000000000000 ) ) ;
#7130 = FACE_OUTER_BOUND ( 'NONE', #57, .T. ) ;
#7131 = EDGE_CURVE ( 'NONE', #6248, #1224, #3115, .T. ) ;
#7132 = EDGE_LOOP ( 'NONE', ( #5468, #6684, #4549, #5994 ) ) ;
#7133 = ORIENTED_EDGE ( 'NONE', *, *, #4883, .F. ) ;
#7134 = VECTOR ( 'NONE', #5069, 1000.000000000000114 ) ;
#7135 = FACE_OUTER_BOUND ( 'NONE', #6542, .T. ) ;
#7136 = FACE_BOUND ( 'NONE', #680, .T. ) ;
#7137 = DIRECTION ( 'NONE',  ( 0.4999999999999998335, 0.8660254037844388186, 3.021750869380465486E-17 ) ) ;
#7138 = LINE ( 'NONE', #3274, #4743 ) ;
#7139 = AXIS2_PLACEMENT_3D ( 'NONE', #3457, #5612, #2420 ) ;
#7140 = CIRCLE ( 'NONE', #5627, 50.00000000000000000 ) ;
#7141 = ADVANCED_FACE ( 'NONE', ( #391 ), #1458, .F. ) ;
#7142 = FACE_OUTER_BOUND ( 'NONE', #939, .T. ) ;
#7143 = PLANE ( 'NONE',  #1666 ) ;
#7144 = DIRECTION ( 'NONE',  ( 0.000000000000000000, 0.000000000000000000, -1.000000000000000000 ) ) ;
#7145 = CARTESIAN_POINT ( 'NONE',  ( 9.000000000000007105, 79.33012701892225493, 2.768000560260221065E-15 ) ) ;
#7146 = ORIENTED_EDGE ( 'NONE', *, *, #3417, .T. ) ;
#7147 = EDGE_CURVE ( 'NONE', #3572, #2969, #6462, .T. ) ;
#7148 = VERTEX_POINT ( 'NONE', #3188 ) ;
#7149 = VECTOR ( 'NONE', #1252, 1000.000000000000000 ) ;
#7150 = VERTEX_POINT ( 'NONE', #7079 ) ;
#7151 = DIRECTION ( 'NONE',  ( -1.000000000000000000, 0.000000000000000000, 1.954618001100628066E-16 ) ) ;
#7152 = CIRCLE ( 'NONE', #5188, 2.100000000000000977 ) ;
#7153 = CALENDAR_DATE ( 2026, 7, 10 ) ;
#7154 = DIRECTION ( 'NONE',  ( -0.8660254037844393737, 0.4999999999999985012, 0.000000000000000000 ) ) ;
#7155 = CARTESIAN_POINT ( 'NONE',  ( 38.25000000000000711, 53.78237760728131889, 10.00000000000000178 ) ) ;
#7156 = PLANE ( 'NONE',  #3404 ) ;
#7157 = CARTESIAN_POINT ( 'NONE',  ( -85.54735208260144930, -48.86897147881125392, 3.000000000000019096 ) ) ;
#7158 = EDGE_CURVE ( 'NONE', #2969, #6938, #5385, .T. ) ;
#7159 = LINE ( 'NONE', #1178, #5050 ) ;
#7160 = ORIENTED_EDGE ( 'NONE', *, *, #5458, .T. ) ;
#7161 = VECTOR ( 'NONE', #1616, 1000.000000000000000 ) ;
#7162 = ORIENTED_EDGE ( 'NONE', *, *, #5137, .T. ) ;
ENDSEC;
END-ISO-10303-21;
