ISO-10303-21;
HEADER;
FILE_DESCRIPTION (( 'STEP AP203' ),
    '1' );
FILE_NAME ('eslabon_AD_v2.STEP',
    '2026-10-07T16:28:18',
    ( '' ),
    ( '' ),
    'SwSTEP 2.0',
    'SolidWorks 2026',
    '' );
FILE_SCHEMA (( 'CONFIG_CONTROL_DESIGN' ));
ENDSEC;

DATA;
#1 = EDGE_LOOP ( 'NONE', ( #2187, #354, #954, #907 ) ) ;
#2 = CARTESIAN_POINT ( 'NONE',  ( -4.650000000000003020, 101.0408702444035356, 0.000000000000000000 ) ) ;
#3 = EDGE_CURVE ( 'NONE', #2042, #1611, #1638, .T. ) ;
#4 = ORIENTED_EDGE ( 'NONE', *, *, #762, .T. ) ;
#5 = CARTESIAN_POINT ( 'NONE',  ( -1.460351472855927223E-15, 112.0000000000000000, 0.000000000000000000 ) ) ;
#6 = AXIS2_PLACEMENT_3D ( 'NONE', #607, #440, #451 ) ;
#7 = ORIENTED_EDGE ( 'NONE', *, *, #1282, .T. ) ;
#8 = CYLINDRICAL_SURFACE ( 'NONE', #469, 2.750000000000000000 ) ;
#9 = DIRECTION ( 'NONE',  ( -1.000000000000000000, 0.000000000000000000, 0.000000000000000000 ) ) ;
#10 = AXIS2_PLACEMENT_3D ( 'NONE', #550, #1759, #596 ) ;
#11 = VECTOR ( 'NONE', #1368, 1000.000000000000000 ) ;
#12 = CARTESIAN_POINT ( 'NONE',  ( -24.90015137032919412, 109.7678571428571388, 5.000000000000000000 ) ) ;
#13 = LINE ( 'NONE', #1021, #1786 ) ;
#14 = ORGANIZATION ( 'UNSPECIFIED', 'UNSPECIFIED', '' ) ;
#15 = ORIENTED_EDGE ( 'NONE', *, *, #902, .F. ) ;
#16 = CARTESIAN_POINT ( 'NONE',  ( 3.650000000000003908, 83.15500000000001535, 1.000000000000011324 ) ) ;
#17 = AXIS2_PLACEMENT_3D ( 'NONE', #1007, #1366, #501 ) ;
#18 = VERTEX_POINT ( 'NONE', #2212 ) ;
#19 = DIRECTION ( 'NONE',  ( -0.000000000000000000, -0.000000000000000000, 1.000000000000000000 ) ) ;
#20 = ORIENTED_EDGE ( 'NONE', *, *, #2109, .T. ) ;
#21 = CARTESIAN_POINT ( 'NONE',  ( -2.715956134393992638, 88.34637254901963388, 7.000000000000000000 ) ) ;
#22 = DIRECTION ( 'NONE',  ( -0.000000000000000000, -0.000000000000000000, 1.000000000000000000 ) ) ;
#23 = DIRECTION ( 'NONE',  ( -0.000000000000000000, -0.000000000000000000, -1.000000000000000000 ) ) ;
#24 = CARTESIAN_POINT ( 'NONE',  ( -1.700000000000005729, 91.91500000000002046, 6.000000000000000000 ) ) ;
#25 = ADVANCED_FACE ( 'NONE', ( #1417 ), #78, .F. ) ;
#26 = EDGE_LOOP ( 'NONE', ( #1963, #2211, #297, #1621 ) ) ;
#27 = FACE_OUTER_BOUND ( 'NONE', #864, .T. ) ;
#28 = ADVANCED_FACE ( 'NONE', ( #752 ), #1051, .T. ) ;
#29 = ADVANCED_FACE ( 'NONE', ( #1612 ), #203, .F. ) ;
#30 = EDGE_LOOP ( 'NONE', ( #1513, #1915, #1578, #7 ) ) ;
#31 = LINE ( 'NONE', #206, #461 ) ;
#32 = FACE_OUTER_BOUND ( 'NONE', #148, .T. ) ;
#33 = VECTOR ( 'NONE', #1268, 1000.000000000000000 ) ;
#34 = EDGE_CURVE ( 'NONE', #1283, #1395, #887, .T. ) ;
#35 = DIRECTION ( 'NONE',  ( 1.000000000000000000, 1.153742152750288058E-16, 0.000000000000000000 ) ) ;
#36 = DIRECTION ( 'NONE',  ( 1.000000000000000000, 0.000000000000000000, 0.000000000000000000 ) ) ;
#37 = DIRECTION ( 'NONE',  ( -0.000000000000000000, -0.000000000000000000, 1.000000000000000000 ) ) ;
#38 = VERTEX_POINT ( 'NONE', #1774 ) ;
#39 = DIRECTION ( 'NONE',  ( 0.000000000000000000, 0.000000000000000000, 1.000000000000000000 ) ) ;
#40 = CIRCLE ( 'NONE', #2102, 2.750000000000000000 ) ;
#41 = VERTEX_POINT ( 'NONE', #1453 ) ;
#42 = DIRECTION ( 'NONE',  ( -0.000000000000000000, -0.000000000000000000, -1.000000000000000000 ) ) ;
#43 = VECTOR ( 'NONE', #2013, 1000.000000000000000 ) ;
#44 = EDGE_LOOP ( 'NONE', ( #652, #115 ) ) ;
#45 = EDGE_CURVE ( 'NONE', #524, #1817, #1651, .T. ) ;
#46 = CARTESIAN_POINT ( 'NONE',  ( -1.460351472855927223E-15, 112.0000000000000000, 5.000000000000000000 ) ) ;
#47 = CARTESIAN_POINT ( 'NONE',  ( 3.999999999999999112, 112.0000000000000000, 4.500000000000000888 ) ) ;
#48 = CIRCLE ( 'NONE', #1466, 4.000000000000000888 ) ;
#49 = CARTESIAN_POINT ( 'NONE',  ( 1.699999999999994849, 91.91500000000002046, 6.000000000000000000 ) ) ;
#50 = DIRECTION ( 'NONE',  ( 1.000000000000000000, 0.000000000000000000, 0.000000000000000000 ) ) ;
#51 = CIRCLE ( 'NONE', #953, 9.180419162538115074 ) ;
#52 = LINE ( 'NONE', #16, #33 ) ;
#53 = CIRCLE ( 'NONE', #349, 8.999999999999998224 ) ;
#54 = ORIENTED_EDGE ( 'NONE', *, *, #441, .F. ) ;
#55 = CARTESIAN_POINT ( 'NONE',  ( -1.700000000000005951, 87.91500000000002046, 5.000000000000000000 ) ) ;
#56 = VECTOR ( 'NONE', #1661, 1000.000000000000000 ) ;
#57 = EDGE_LOOP ( 'NONE', ( #1225, #984 ) ) ;
#58 = DIRECTION ( 'NONE',  ( 0.000000000000000000, 0.000000000000000000, 1.000000000000000000 ) ) ;
#59 = VECTOR ( 'NONE', #1185, 1000.000000000000000 ) ;
#60 = EDGE_CURVE ( 'NONE', #2246, #1893, #1083, .T. ) ;
#61 = CARTESIAN_POINT ( 'NONE',  ( 1.699999999999994182, 87.91500000000002046, 6.000000000000000000 ) ) ;
#62 = CARTESIAN_POINT ( 'NONE',  ( -13.89999999999998614, 64.76808374630067533, 6.000000000000000000 ) ) ;
#63 = FACE_OUTER_BOUND ( 'NONE', #537, .T. ) ;
#64 = ORIENTED_EDGE ( 'NONE', *, *, #648, .F. ) ;
#65 = DIRECTION ( 'NONE',  ( -0.000000000000000000, -0.000000000000000000, 1.000000000000000000 ) ) ;
#66 = FACE_BOUND ( 'NONE', #1701, .T. ) ;
#67 = ORIENTED_EDGE ( 'NONE', *, *, #60, .T. ) ;
#68 = DIRECTION ( 'NONE',  ( -0.000000000000000000, -0.000000000000000000, 1.000000000000000000 ) ) ;
#69 = APPROVAL_PERSON_ORGANIZATION ( #811, #1405, #1818 ) ;
#70 = LINE ( 'NONE', #756, #1474 ) ;
#71 = DIRECTION ( 'NONE',  ( -0.000000000000000000, -0.000000000000000000, -1.000000000000000000 ) ) ;
#72 = EDGE_CURVE ( 'NONE', #921, #1958, #2118, .T. ) ;
#73 = FACE_OUTER_BOUND ( 'NONE', #553, .T. ) ;
#74 = ORIENTED_EDGE ( 'NONE', *, *, #339, .T. ) ;
#75 = DIRECTION ( 'NONE',  ( -1.000000000000000000, 0.000000000000000000, 0.000000000000000000 ) ) ;
#76 = EDGE_CURVE ( 'NONE', #991, #781, #1073, .T. ) ;
#77 = FACE_OUTER_BOUND ( 'NONE', #602, .T. ) ;
#78 = CONICAL_SURFACE ( 'NONE', #1925, 4.650000000000014566, 0.7853981633974430610 ) ;
#79 = ORIENTED_EDGE ( 'NONE', *, *, #1214, .F. ) ;
#80 = PERSON_AND_ORGANIZATION ( #712, #14 ) ;
#81 = FACE_OUTER_BOUND ( 'NONE', #865, .T. ) ;
#82 = VECTOR ( 'NONE', #1886, 1000.000000000000000 ) ;
#83 = LINE ( 'NONE', #1087, #1678 ) ;
#84 = EDGE_CURVE ( 'NONE', #2235, #716, #1248, .T. ) ;
#85 = DIRECTION ( 'NONE',  ( -1.000000000000000000, 0.000000000000000000, 0.000000000000000000 ) ) ;
#86 = VERTEX_POINT ( 'NONE', #1059 ) ;
#87 = CARTESIAN_POINT ( 'NONE',  ( -1.460351472855927223E-15, 112.0000000000000000, 7.000000000000000000 ) ) ;
#88 = AXIS2_PLACEMENT_3D ( 'NONE', #723, #1967, #1289 ) ;
#89 = LINE ( 'NONE', #774, #1496 ) ;
#90 = EDGE_LOOP ( 'NONE', ( #643, #2063, #1487, #1906, #1561, #1445 ) ) ;
#91 = APPROVAL_PERSON_ORGANIZATION ( #1671, #2168, #116 ) ;
#92 = APPROVAL_STATUS ( 'not_yet_approved' ) ;
#93 = AXIS2_PLACEMENT_3D ( 'NONE', #861, #369, #1253 ) ;
#94 = ADVANCED_BREP_SHAPE_REPRESENTATION ( 'eslabon_AD_v2', ( #540, #773 ), #1977 ) ;
#95 = DIRECTION ( 'NONE',  ( 0.7071067811865430208, 0.000000000000000000, -0.7071067811865521247 ) ) ;
#96 = DIRECTION ( 'NONE',  ( 1.000000000000000000, 0.000000000000000000, 0.000000000000000000 ) ) ;
#97 = ORIENTED_EDGE ( 'NONE', *, *, #371, .T. ) ;
#98 = CARTESIAN_POINT ( 'NONE',  ( 2.031615389693745666, 8.000000000000000000, 0.000000000000000000 ) ) ;
#99 = DIRECTION ( 'NONE',  ( -0.000000000000000000, 0.000000000000000000, 1.000000000000000000 ) ) ;
#100 = ADVANCED_FACE ( 'NONE', ( #27 ), #911, .T. ) ;
#101 = ORIENTED_EDGE ( 'NONE', *, *, #707, .T. ) ;
#102 = VERTEX_POINT ( 'NONE', #55 ) ;
#103 = EDGE_CURVE ( 'NONE', #1089, #1589, #51, .T. ) ;
#104 = EDGE_CURVE ( 'NONE', #1153, #1880, #381, .T. ) ;
#105 = DIRECTION ( 'NONE',  ( 1.000000000000000000, 0.000000000000000000, 0.000000000000000000 ) ) ;
#106 = AXIS2_PLACEMENT_3D ( 'NONE', #290, #975, #1673 ) ;
#107 = DIRECTION ( 'NONE',  ( 0.000000000000000000, 0.000000000000000000, -1.000000000000000000 ) ) ;
#108 = DIRECTION ( 'NONE',  ( -0.000000000000000000, -0.000000000000000000, -1.000000000000000000 ) ) ;
#109 = ADVANCED_FACE ( 'NONE', ( #554, #66, #717, #190 ), #875, .T. ) ;
#110 = CARTESIAN_POINT ( 'NONE',  ( 6.784704058787334624, 84.86449619345098938, 7.000000000000000000 ) ) ;
#111 = AXIS2_PLACEMENT_3D ( 'NONE', #2232, #2208, #326 ) ;
#112 = ORIENTED_EDGE ( 'NONE', *, *, #396, .F. ) ;
#113 = DIRECTION ( 'NONE',  ( -0.000000000000000000, -0.000000000000000000, 1.000000000000000000 ) ) ;
#114 = ORIENTED_EDGE ( 'NONE', *, *, #1380, .F. ) ;
#115 = ORIENTED_EDGE ( 'NONE', *, *, #788, .F. ) ;
#116 = APPROVAL_ROLE ( '' ) ;
#117 = FACE_BOUND ( 'NONE', #2045, .T. ) ;
#118 = FACE_OUTER_BOUND ( 'NONE', #513, .T. ) ;
#119 = AXIS2_PLACEMENT_3D ( 'NONE', #2035, #1158, #1483 ) ;
#120 = LINE ( 'NONE', #2218, #11 ) ;
#121 = EDGE_LOOP ( 'NONE', ( #1162, #771 ) ) ;
#122 = CARTESIAN_POINT ( 'NONE',  ( 1.699999999999994182, 87.91500000000002046, 6.000000000000000000 ) ) ;
#123 = CIRCLE ( 'NONE', #1392, 7.504999999999999893 ) ;
#124 = CIRCLE ( 'NONE', #384, 1.600000000000012967 ) ;
#125 = CARTESIAN_POINT ( 'NONE',  ( -25.00000000000000000, 112.0000000000000000, 5.000000000000000000 ) ) ;
#126 = VERTEX_POINT ( 'NONE', #1444 ) ;
#127 = PERSON_AND_ORGANIZATION_ROLE ( 'creator' ) ;
#128 = VECTOR ( 'NONE', #890, 1000.000000000000000 ) ;
#129 = DIRECTION ( 'NONE',  ( 1.000000000000000000, 0.000000000000000000, 0.000000000000000000 ) ) ;
#130 = CARTESIAN_POINT ( 'NONE',  ( 2.000000000000000000, 2.449293598294706414E-16, 5.000000000000000000 ) ) ;
#131 = AXIS2_PLACEMENT_3D ( 'NONE', #61, #107, #1493 ) ;
#132 = APPROVAL ( #1829, 'UNSPECIFIED' ) ;
#133 = CYLINDRICAL_SURFACE ( 'NONE', #232, 1.699999999999999956 ) ;
#134 = EDGE_CURVE ( 'NONE', #1690, #1989, #733, .T. ) ;
#135 = DIRECTION ( 'NONE',  ( -1.000000000000000000, 0.000000000000000000, 0.000000000000000000 ) ) ;
#136 = CARTESIAN_POINT ( 'NONE',  ( -3.649999999999980815, -7.080159478733237447E-16, 1.000000000000011324 ) ) ;
#137 = ORIENTED_EDGE ( 'NONE', *, *, #1479, .T. ) ;
#138 = ORIENTED_EDGE ( 'NONE', *, *, #1243, .T. ) ;
#139 = ORIENTED_EDGE ( 'NONE', *, *, #104, .T. ) ;
#140 = FACE_BOUND ( 'NONE', #121, .T. ) ;
#141 = CARTESIAN_POINT ( 'NONE',  ( 0.000000000000000000, 0.000000000000000000, 0.000000000000000000 ) ) ;
#142 = CARTESIAN_POINT ( 'NONE',  ( -2.715956134393992194, 91.48362745098042126, 6.000000000000000000 ) ) ;
#143 = EDGE_CURVE ( 'NONE', #1589, #198, #557, .T. ) ;
#144 = CARTESIAN_POINT ( 'NONE',  ( -6.011178813614782541E-15, 87.91500000000002046, 7.000000000000000000 ) ) ;
#145 = PLANE ( 'NONE',  #815 ) ;
#146 = ORIENTED_EDGE ( 'NONE', *, *, #2154, .F. ) ;
#147 = ORIENTED_EDGE ( 'NONE', *, *, #1846, .F. ) ;
#148 = EDGE_LOOP ( 'NONE', ( #374, #137, #2156, #1755 ) ) ;
#149 = CARTESIAN_POINT ( 'NONE',  ( 24.90015137032918346, 109.7678571428571388, 5.000000000000000000 ) ) ;
#150 = CARTESIAN_POINT ( 'NONE',  ( 3.650000000000007905, 1.770039869683322181E-16, 5.000000000000000000 ) ) ;
#151 = CIRCLE ( 'NONE', #1016, 25.00000000000000000 ) ;
#152 = CARTESIAN_POINT ( 'NONE',  ( -3.650000000000000355, 101.0408702444035356, 1.000000000000011324 ) ) ;
#153 = FACE_OUTER_BOUND ( 'NONE', #2200, .T. ) ;
#154 = DIRECTION ( 'NONE',  ( -1.939769720200896903E-16, 1.000000000000000000, -0.000000000000000000 ) ) ;
#155 = ADVANCED_FACE ( 'NONE', ( #1260, #1950, #2131, #1987, #77, #1635 ), #1845, .F. ) ;
#156 = ORIENTED_EDGE ( 'NONE', *, *, #474, .F. ) ;
#157 = ORIENTED_EDGE ( 'NONE', *, *, #668, .T. ) ;
#158 = VECTOR ( 'NONE', #375, 1000.000000000000000 ) ;
#159 = ORIENTED_EDGE ( 'NONE', *, *, #1779, .T. ) ;
#160 = CYLINDRICAL_SURFACE ( 'NONE', #106, 6.000000000000000000 ) ;
#161 = DIRECTION ( 'NONE',  ( -1.000000000000000000, 0.000000000000000000, 0.000000000000000000 ) ) ;
#162 = CIRCLE ( 'NONE', #738, 4.650000000000014566 ) ;
#163 = DIRECTION ( 'NONE',  ( 0.000000000000000000, -0.000000000000000000, 1.000000000000000000 ) ) ;
#164 = AXIS2_PLACEMENT_3D ( 'NONE', #391, #704, #891 ) ;
#165 = ORIENTED_EDGE ( 'NONE', *, *, #271, .F. ) ;
#166 = DIRECTION ( 'NONE',  ( -0.000000000000000000, -0.000000000000000000, 1.000000000000000000 ) ) ;
#167 = CIRCLE ( 'NONE', #1727, 2.750000000000000000 ) ;
#168 = DIRECTION ( 'NONE',  ( 4.849424300502242259E-17, -1.000000000000000000, 0.000000000000000000 ) ) ;
#169 = VERTEX_POINT ( 'NONE', #122 ) ;
#170 = ORIENTED_EDGE ( 'NONE', *, *, #798, .F. ) ;
#171 = VECTOR ( 'NONE', #630, 1000.000000000000000 ) ;
#172 = EDGE_CURVE ( 'NONE', #1052, #923, #2009, .T. ) ;
#173 = EDGE_CURVE ( 'NONE', #1976, #783, #2153, .T. ) ;
#174 = ORIENTED_EDGE ( 'NONE', *, *, #946, .T. ) ;
#175 = DIRECTION ( 'NONE',  ( -0.000000000000000000, 0.000000000000000000, 1.000000000000000000 ) ) ;
#176 = DIRECTION ( 'NONE',  ( -0.000000000000000000, 0.000000000000000000, 1.000000000000000000 ) ) ;
#177 = DIRECTION ( 'NONE',  ( 0.000000000000000000, 0.000000000000000000, -1.000000000000000000 ) ) ;
#178 = ADVANCED_FACE ( 'NONE', ( #1155 ), #959, .T. ) ;
#179 = CIRCLE ( 'NONE', #2242, 9.000000000000003553 ) ;
#180 = LINE ( 'NONE', #2050, #1198 ) ;
#181 = ORIENTED_EDGE ( 'NONE', *, *, #1434, .F. ) ;
#182 = EDGE_LOOP ( 'NONE', ( #1491, #1226, #1902, #1156 ) ) ;
#183 = ADVANCED_FACE ( 'NONE', ( #1677 ), #1837, .F. ) ;
#184 = ORIENTED_EDGE ( 'NONE', *, *, #2238, .F. ) ;
#185 = CARTESIAN_POINT ( 'NONE',  ( 1.799999999999997158, 112.0000000000000000, 5.500000000000000000 ) ) ;
#186 = DIRECTION ( 'NONE',  ( -0.9960060548131671743, 0.08928571428571473179, 0.000000000000000000 ) ) ;
#187 = FACE_OUTER_BOUND ( 'NONE', #743, .T. ) ;
#188 = CARTESIAN_POINT ( 'NONE',  ( -3.649999999999996803, 83.15500000000001535, 1.000000000000011324 ) ) ;
#189 = ORIENTED_EDGE ( 'NONE', *, *, #881, .T. ) ;
#190 = FACE_OUTER_BOUND ( 'NONE', #1848, .T. ) ;
#191 = CIRCLE ( 'NONE', #2184, 10.00000000000000000 ) ;
#192 = ORIENTED_EDGE ( 'NONE', *, *, #509, .T. ) ;
#193 = CARTESIAN_POINT ( 'NONE',  ( -1.700000000000005285, 91.91500000000002046, 5.000000000000000000 ) ) ;
#194 = LINE ( 'NONE', #1529, #956 ) ;
#195 = AXIS2_PLACEMENT_3D ( 'NONE', #770, #1078, #942 ) ;
#196 = FACE_OUTER_BOUND ( 'NONE', #1895, .T. ) ;
#197 = AXIS2_PLACEMENT_3D ( 'NONE', #879, #1778, #2121 ) ;
#198 = VERTEX_POINT ( 'NONE', #465 ) ;
#199 = EDGE_CURVE ( 'NONE', #1179, #971, #151, .T. ) ;
#200 = CARTESIAN_POINT ( 'NONE',  ( -1.460351472855927223E-15, 112.0000000000000000, 4.500000000000000888 ) ) ;
#201 = CIRCLE ( 'NONE', #810, 4.000000000000000888 ) ;
#202 = ORIENTED_EDGE ( 'NONE', *, *, #45, .T. ) ;
#203 = CYLINDRICAL_SURFACE ( 'NONE', #2115, 6.000000000000000000 ) ;
#204 = EDGE_CURVE ( 'NONE', #86, #923, #1511, .T. ) ;
#205 = ORIENTED_EDGE ( 'NONE', *, *, #546, .F. ) ;
#206 = CARTESIAN_POINT ( 'NONE',  ( -9.180419162538116851, 112.0000000000000000, 7.000000000000000000 ) ) ;
#207 = DIRECTION ( 'NONE',  ( -0.000000000000000000, -0.000000000000000000, -1.000000000000000000 ) ) ;
#208 = DIRECTION ( 'NONE',  ( 1.000000000000000000, 0.000000000000000000, 0.000000000000000000 ) ) ;
#209 = CARTESIAN_POINT ( 'NONE',  ( 3.650000000000003908, 83.15500000000001535, 5.000000000000000000 ) ) ;
#210 = CARTESIAN_POINT ( 'NONE',  ( 2.031615389693745666, 8.000000000000000000, 5.000000000000000000 ) ) ;
#211 = VERTEX_POINT ( 'NONE', #969 ) ;
#212 = CARTESIAN_POINT ( 'NONE',  ( 12.59216025946302331, 89.91500000000002046, 7.000000000000000000 ) ) ;
#213 = ADVANCED_FACE ( 'NONE', ( #1118 ), #612, .T. ) ;
#214 = ORIENTED_EDGE ( 'NONE', *, *, #368, .T. ) ;
#215 = DIRECTION ( 'NONE',  ( 0.000000000000000000, 0.000000000000000000, -1.000000000000000000 ) ) ;
#216 = VERTEX_POINT ( 'NONE', #2188 ) ;
#217 = CARTESIAN_POINT ( 'NONE',  ( -13.65000000000000036, 101.0408702444035356, 1.000000000000011324 ) ) ;
#218 = CIRCLE ( 'NONE', #111, 1.699999999999999956 ) ;
#219 = DIRECTION ( 'NONE',  ( 0.7071067811865420216, 8.659560562354866298E-17, -0.7071067811865531239 ) ) ;
#220 = DIRECTION ( 'NONE',  ( -0.000000000000000000, -0.000000000000000000, -1.000000000000000000 ) ) ;
#221 = CARTESIAN_POINT ( 'NONE',  ( -13.89999999999998614, 64.76808374630067533, 0.000000000000000000 ) ) ;
#222 = CARTESIAN_POINT ( 'NONE',  ( -2.031615389693728346, 8.000000000000000000, 0.000000000000000000 ) ) ;
#223 = ORIENTED_EDGE ( 'NONE', *, *, #1852, .T. ) ;
#224 = CARTESIAN_POINT ( 'NONE',  ( 5.107675155262756438E-15, 83.15500000000001535, 0.000000000000000000 ) ) ;
#225 = EDGE_CURVE ( 'NONE', #38, #783, #40, .T. ) ;
#226 = CIRCLE ( 'NONE', #1498, 1.799999999999998712 ) ;
#227 = ORIENTED_EDGE ( 'NONE', *, *, #740, .F. ) ;
#228 =( NAMED_UNIT ( * ) PLANE_ANGLE_UNIT ( ) SI_UNIT ( $, .RADIAN. ) );
#229 = CARTESIAN_POINT ( 'NONE',  ( -1.460351472855927223E-15, 112.0000000000000000, 4.500000000000000888 ) ) ;
#230 = CIRCLE ( 'NONE', #88, 25.00000000000000000 ) ;
#231 = DIRECTION ( 'NONE',  ( -0.000000000000000000, 0.000000000000000000, 1.000000000000000000 ) ) ;
#232 = AXIS2_PLACEMENT_3D ( 'NONE', #494, #1183, #647 ) ;
#233 = CARTESIAN_POINT ( 'NONE',  ( -12.59216025946303397, 89.91500000000002046, 7.000000000000000000 ) ) ;
#234 = ORIENTED_EDGE ( 'NONE', *, *, #1208, .T. ) ;
#235 = CARTESIAN_POINT ( 'NONE',  ( -5.521320093955841160E-15, 91.91500000000002046, 6.000000000000000000 ) ) ;
#236 = AXIS2_PLACEMENT_3D ( 'NONE', #1570, #848, #837 ) ;
#237 = ORIENTED_EDGE ( 'NONE', *, *, #2209, .F. ) ;
#238 = DIRECTION ( 'NONE',  ( -0.000000000000000000, -0.000000000000000000, -1.000000000000000000 ) ) ;
#239 = ORIENTED_EDGE ( 'NONE', *, *, #371, .F. ) ;
#240 = ADVANCED_FACE ( 'NONE', ( #424, #2197 ), #2166, .F. ) ;
#241 = CARTESIAN_POINT ( 'NONE',  ( 17.10000000000001208, 64.76808374630067533, 6.000000000000000000 ) ) ;
#242 = AXIS2_PLACEMENT_3D ( 'NONE', #1867, #1722, #807 ) ;
#243 = FACE_BOUND ( 'NONE', #1327, .T. ) ;
#244 = DIRECTION ( 'NONE',  ( 0.5513857505396380088, 0.4426892297106763130, 0.7071067811865532349 ) ) ;
#245 = DIRECTION ( 'NONE',  ( -0.000000000000000000, -0.000000000000000000, -1.000000000000000000 ) ) ;
#246 = VERTEX_POINT ( 'NONE', #1801 ) ;
#247 = DIRECTION ( 'NONE',  ( 1.000000000000000000, 0.000000000000000000, 0.000000000000000000 ) ) ;
#248 = ORIENTED_EDGE ( 'NONE', *, *, #946, .F. ) ;
#249 = DIRECTION ( 'NONE',  ( 0.000000000000000000, 0.000000000000000000, 1.000000000000000000 ) ) ;
#250 = ORIENTED_EDGE ( 'NONE', *, *, #1492, .T. ) ;
#251 = ORIENTED_EDGE ( 'NONE', *, *, #1836, .T. ) ;
#252 = EDGE_CURVE ( 'NONE', #169, #2037, #334, .T. ) ;
#253 = APPROVAL_DATE_TIME ( #950, #132 ) ;
#254 = LINE ( 'NONE', #1133, #1033 ) ;
#255 = DIRECTION ( 'NONE',  ( 0.000000000000000000, 0.000000000000000000, -1.000000000000000000 ) ) ;
#256 = DIRECTION ( 'NONE',  ( 1.000000000000000000, 0.000000000000000000, 0.000000000000000000 ) ) ;
#257 = VERTEX_POINT ( 'NONE', #603 ) ;
#258 = CYLINDRICAL_SURFACE ( 'NONE', #1333, 9.180419162538115074 ) ;
#259 = CARTESIAN_POINT ( 'NONE',  ( -5.852227934875750215, 107.3014413701369989, 5.000000000000000000 ) ) ;
#260 = AXIS2_PLACEMENT_3D ( 'NONE', #685, #1184, #135 ) ;
#261 = ORIENTED_EDGE ( 'NONE', *, *, #664, .F. ) ;
#262 = ORIENTED_EDGE ( 'NONE', *, *, #1620, .T. ) ;
#263 = SHAPE_DEFINITION_REPRESENTATION ( #395, #94 ) ;
#264 = DIRECTION ( 'NONE',  ( -1.000000000000000000, 0.000000000000000000, 0.000000000000000000 ) ) ;
#265 = VECTOR ( 'NONE', #1066, 1000.000000000000000 ) ;
#266 = CYLINDRICAL_SURFACE ( 'NONE', #119, 2.750000000000000000 ) ;
#267 = ORIENTED_EDGE ( 'NONE', *, *, #1802, .F. ) ;
#268 = CARTESIAN_POINT ( 'NONE',  ( -9.143753071610786876, 111.1803197176305247, 5.000000000000000000 ) ) ;
#269 = EDGE_CURVE ( 'NONE', #41, #1884, #1295, .T. ) ;
#270 = AXIS2_PLACEMENT_3D ( 'NONE', #1281, #1973, #1743 ) ;
#271 = EDGE_CURVE ( 'NONE', #620, #1318, #89, .T. ) ;
#272 = EDGE_CURVE ( 'NONE', #1788, #543, #1658, .T. ) ;
#273 = CARTESIAN_POINT ( 'NONE',  ( -5.521320093955841160E-15, 91.91500000000002046, 7.000000000000000000 ) ) ;
#274 = CIRCLE ( 'NONE', #1541, 1.700000000000000400 ) ;
#275 = ORIENTED_EDGE ( 'NONE', *, *, #1836, .F. ) ;
#276 = ORIENTED_EDGE ( 'NONE', *, *, #826, .F. ) ;
#277 = EDGE_CURVE ( 'NONE', #2062, #781, #1419, .T. ) ;
#278 = AXIS2_PLACEMENT_3D ( 'NONE', #583, #207, #901 ) ;
#279 = PERSON_AND_ORGANIZATION ( #712, #14 ) ;
#280 = AXIS2_PLACEMENT_3D ( 'NONE', #882, #403, #714 ) ;
#281 = LINE ( 'NONE', #2169, #56 ) ;
#282 = DIRECTION ( 'NONE',  ( -0.08928571428571445423, 0.9960060548131671743, 0.000000000000000000 ) ) ;
#283 = ORIENTED_EDGE ( 'NONE', *, *, #287, .F. ) ;
#284 = AXIS2_PLACEMENT_3D ( 'NONE', #2150, #1675, #1301 ) ;
#285 = CARTESIAN_POINT ( 'NONE',  ( -3.649999999999980815, -7.080159478733237447E-16, 5.000000000000000000 ) ) ;
#286 = CARTESIAN_POINT ( 'NONE',  ( -14.94009082219750439, -1.339285714285715079, 5.000000000000000000 ) ) ;
#287 = EDGE_CURVE ( 'NONE', #957, #362, #180, .T. ) ;
#288 = VERTEX_POINT ( 'NONE', #1173 ) ;
#289 = DATE_TIME_ROLE ( 'creation_date' ) ;
#290 = CARTESIAN_POINT ( 'NONE',  ( -2.031615389693729234, 14.00000000000000000, -0.001000000000000132727 ) ) ;
#291 = CARTESIAN_POINT ( 'NONE',  ( -5.521320093955841160E-15, 91.91500000000002046, 7.000000000000000000 ) ) ;
#292 = LOCAL_TIME ( 13, 28, 18.00000000000000000, #2010 ) ;
#293 = DIRECTION ( 'NONE',  ( 0.000000000000000000, 0.000000000000000000, 1.000000000000000000 ) ) ;
#294 = CARTESIAN_POINT ( 'NONE',  ( -1.460351472855927223E-15, 112.0000000000000000, 5.000000000000000000 ) ) ;
#295 = CARTESIAN_POINT ( 'NONE',  ( -24.90015137032919412, 109.7678571428571388, 0.000000000000000000 ) ) ;
#296 = ORIENTED_EDGE ( 'NONE', *, *, #445, .F. ) ;
#297 = ORIENTED_EDGE ( 'NONE', *, *, #2126, .T. ) ;
#298 = MECHANICAL_CONTEXT ( 'NONE', #1420, 'mechanical' ) ;
#299 = CC_DESIGN_PERSON_AND_ORGANIZATION_ASSIGNMENT ( #1481, #615, ( #728 ) ) ;
#300 = DIRECTION ( 'NONE',  ( 1.000000000000000000, 0.000000000000000000, 0.000000000000000000 ) ) ;
#301 = CARTESIAN_POINT ( 'NONE',  ( -5.852227934875750215, 107.3014413701369989, 1.000000000000011324 ) ) ;
#302 = CIRCLE ( 'NONE', #1571, 9.180419162538115074 ) ;
#303 = CYLINDRICAL_SURFACE ( 'NONE', #1575, 9.180419162538115074 ) ;
#304 = CARTESIAN_POINT ( 'NONE',  ( -5.438077756525012241, 52.00000000000000711, 5.000000000000000000 ) ) ;
#305 = VECTOR ( 'NONE', #492, 1000.000000000000000 ) ;
#306 = VECTOR ( 'NONE', #483, 1000.000000000000000 ) ;
#307 = DIRECTION ( 'NONE',  ( 0.000000000000000000, -0.000000000000000000, 1.000000000000000000 ) ) ;
#308 = ORIENTED_EDGE ( 'NONE', *, *, #932, .F. ) ;
#309 = EDGE_LOOP ( 'NONE', ( #1040, #1361, #765, #296 ) ) ;
#310 = AXIS2_PLACEMENT_3D ( 'NONE', #571, #22, #719 ) ;
#311 = CARTESIAN_POINT ( 'NONE',  ( -5.521320093955841160E-15, 91.91500000000002046, 7.000000000000000000 ) ) ;
#312 = FACE_OUTER_BOUND ( 'NONE', #1005, .T. ) ;
#313 = CIRCLE ( 'NONE', #1583, 1.799999999999998712 ) ;
#314 = ADVANCED_FACE ( 'NONE', ( #992 ), #2220, .T. ) ;
#315 = DIRECTION ( 'NONE',  ( -0.000000000000000000, -0.000000000000000000, -1.000000000000000000 ) ) ;
#316 = ORIENTED_EDGE ( 'NONE', *, *, #1081, .F. ) ;
#317 = CARTESIAN_POINT ( 'NONE',  ( -2.031615389693728346, 8.000000000000000000, 5.000000000000000000 ) ) ;
#318 = PLANE ( 'NONE',  #636 ) ;
#319 = EDGE_LOOP ( 'NONE', ( #147, #697, #1115, #943, #884, #1398, #1949, #1660 ) ) ;
#320 = ORIENTED_EDGE ( 'NONE', *, *, #438, .F. ) ;
#321 = EDGE_LOOP ( 'NONE', ( #432, #2008 ) ) ;
#322 = CARTESIAN_POINT ( 'NONE',  ( 12.59216025946302331, 89.91500000000002046, 7.000000000000000000 ) ) ;
#323 = LINE ( 'NONE', #2056, #527 ) ;
#324 = CARTESIAN_POINT ( 'NONE',  ( 3.999999999999999112, 112.0000000000000000, 5.500000000000000000 ) ) ;
#325 = ORIENTED_EDGE ( 'NONE', *, *, #1081, .T. ) ;
#326 = DIRECTION ( 'NONE',  ( -1.000000000000000000, 0.000000000000000000, 0.000000000000000000 ) ) ;
#327 = CIRCLE ( 'NONE', #619, 2.750000000000000000 ) ;
#328 = DIRECTION ( 'NONE',  ( -0.000000000000000000, -0.000000000000000000, -1.000000000000000000 ) ) ;
#329 = ORIENTED_EDGE ( 'NONE', *, *, #581, .T. ) ;
#330 = ORIENTED_EDGE ( 'NONE', *, *, #898, .F. ) ;
#331 = EDGE_LOOP ( 'NONE', ( #1373, #1784, #795, #2073 ) ) ;
#332 = CARTESIAN_POINT ( 'NONE',  ( 13.65000000000000391, 101.0408702444035356, 0.000000000000000000 ) ) ;
#333 = CARTESIAN_POINT ( 'NONE',  ( 7.504999999999998117, 112.0000000000000000, 5.000000000000000000 ) ) ;
#334 = CIRCLE ( 'NONE', #2178, 1.700000000000000400 ) ;
#335 = DIRECTION ( 'NONE',  ( 1.000000000000000000, 0.000000000000000000, 0.000000000000000000 ) ) ;
#336 = CIRCLE ( 'NONE', #764, 9.180419162538115074 ) ;
#337 = ADVANCED_FACE ( 'NONE', ( #153 ), #495, .F. ) ;
#338 = DIRECTION ( 'NONE',  ( 1.000000000000000000, 0.000000000000000000, 0.000000000000000000 ) ) ;
#339 = EDGE_CURVE ( 'NONE', #1728, #2171, #1209, .T. ) ;
#340 = ADVANCED_FACE ( 'NONE', ( #852 ), #1903, .F. ) ;
#341 = DIRECTION ( 'NONE',  ( 1.000000000000000000, 0.000000000000000000, 0.000000000000000000 ) ) ;
#342 = EDGE_LOOP ( 'NONE', ( #730, #2130, #363, #2003 ) ) ;
#343 = ORIENTED_EDGE ( 'NONE', *, *, #1002, .T. ) ;
#344 = ADVANCED_FACE ( 'NONE', ( #2029 ), #1877, .F. ) ;
#345 = AXIS2_PLACEMENT_3D ( 'NONE', #294, #1129, #2175 ) ;
#346 = ORIENTED_EDGE ( 'NONE', *, *, #1692, .F. ) ;
#347 = DIRECTION ( 'NONE',  ( 0.000000000000000000, 0.000000000000000000, 1.000000000000000000 ) ) ;
#348 = DIRECTION ( 'NONE',  ( -0.000000000000000000, -0.000000000000000000, 1.000000000000000000 ) ) ;
#349 = AXIS2_PLACEMENT_3D ( 'NONE', #955, #1116, #433 ) ;
#350 = FACE_OUTER_BOUND ( 'NONE', #1072, .T. ) ;
#351 = CARTESIAN_POINT ( 'NONE',  ( -11.41411408540401595, 51.46428571428572241, 5.000000000000000000 ) ) ;
#352 = AXIS2_PLACEMENT_3D ( 'NONE', #1896, #347, #366 ) ;
#353 = CARTESIAN_POINT ( 'NONE',  ( -1.460351472855927223E-15, 112.0000000000000000, 4.500000000000000888 ) ) ;
#354 = ORIENTED_EDGE ( 'NONE', *, *, #1282, .F. ) ;
#355 = VERTEX_POINT ( 'NONE', #317 ) ;
#356 = CIRCLE ( 'NONE', #1838, 10.00000000000000000 ) ;
#357 = VERTEX_POINT ( 'NONE', #1523 ) ;
#358 = CARTESIAN_POINT ( 'NONE',  ( -1.460351472855927223E-15, 112.0000000000000000, 0.000000000000000000 ) ) ;
#359 = LINE ( 'NONE', #1716, #1397 ) ;
#360 = CYLINDRICAL_SURFACE ( 'NONE', #2079, 10.00000000000000000 ) ;
#361 = DIRECTION ( 'NONE',  ( -0.000000000000000000, -0.000000000000000000, 1.000000000000000000 ) ) ;
#362 = VERTEX_POINT ( 'NONE', #351 ) ;
#363 = ORIENTED_EDGE ( 'NONE', *, *, #1726, .F. ) ;
#364 = ORIENTED_EDGE ( 'NONE', *, *, #339, .F. ) ;
#365 = EDGE_CURVE ( 'NONE', #362, #2097, #1957, .T. ) ;
#366 = DIRECTION ( 'NONE',  ( 1.000000000000000000, 0.000000000000000000, 0.000000000000000000 ) ) ;
#367 = CARTESIAN_POINT ( 'NONE',  ( -1.700000000000006395, 87.91500000000002046, 6.000000000000000000 ) ) ;
#368 = EDGE_CURVE ( 'NONE', #1246, #1714, #1084, .T. ) ;
#369 = DIRECTION ( 'NONE',  ( -0.000000000000000000, -0.000000000000000000, -1.000000000000000000 ) ) ;
#370 = AXIS2_PLACEMENT_3D ( 'NONE', #5, #821, #1526 ) ;
#371 = EDGE_CURVE ( 'NONE', #41, #2222, #1597, .T. ) ;
#372 = ORIENTED_EDGE ( 'NONE', *, *, #536, .F. ) ;
#373 = DIRECTION ( 'NONE',  ( 1.000000000000000000, 0.000000000000000000, 0.000000000000000000 ) ) ;
#374 = ORIENTED_EDGE ( 'NONE', *, *, #172, .F. ) ;
#375 = DIRECTION ( 'NONE',  ( -0.000000000000000000, -0.000000000000000000, -1.000000000000000000 ) ) ;
#376 = AXIS2_PLACEMENT_3D ( 'NONE', #769, #1966, #1469 ) ;
#377 = VERTEX_POINT ( 'NONE', #2 ) ;
#378 = CYLINDRICAL_SURFACE ( 'NONE', #1515, 9.999999999999996447 ) ;
#379 = DIRECTION ( 'NONE',  ( 1.000000000000000000, 0.000000000000000000, 0.000000000000000000 ) ) ;
#380 = AXIS2_PLACEMENT_3D ( 'NONE', #920, #1619, #586 ) ;
#381 = CIRCLE ( 'NONE', #270, 4.000000000000000888 ) ;
#382 = CARTESIAN_POINT ( 'NONE',  ( 13.89999999999998970, 64.76808374630067533, 6.000000000000000000 ) ) ;
#383 = LINE ( 'NONE', #573, #265 ) ;
#384 = AXIS2_PLACEMENT_3D ( 'NONE', #1045, #1740, #1076 ) ;
#385 = EDGE_CURVE ( 'NONE', #579, #126, #1721, .T. ) ;
#386 = AXIS2_PLACEMENT_3D ( 'NONE', #217, #58, #713 ) ;
#387 = CARTESIAN_POINT ( 'NONE',  ( -15.50000000000000000, 64.76808374630067533, 6.000000000000000000 ) ) ;
#388 = ORIENTED_EDGE ( 'NONE', *, *, #1692, .T. ) ;
#389 = DIRECTION ( 'NONE',  ( -0.000000000000000000, 0.000000000000000000, 1.000000000000000000 ) ) ;
#390 = ORIENTED_EDGE ( 'NONE', *, *, #76, .T. ) ;
#391 = CARTESIAN_POINT ( 'NONE',  ( -14.94009082219750439, -1.339285714285715079, 5.000000000000000000 ) ) ;
#392 = DIRECTION ( 'NONE',  ( -1.000000000000000000, 0.000000000000000000, 0.000000000000000000 ) ) ;
#393 = DIRECTION ( 'NONE',  ( -0.000000000000000000, 0.000000000000000000, 1.000000000000000000 ) ) ;
#394 = CYLINDRICAL_SURFACE ( 'NONE', #1305, 7.504999999999999893 ) ;
#395 = PRODUCT_DEFINITION_SHAPE ( 'NONE', 'NONE',  #2140 ) ;
#396 = EDGE_CURVE ( 'NONE', #216, #1363, #218, .T. ) ;
#397 = CIRCLE ( 'NONE', #1663, 2.750000000000000000 ) ;
#398 = ORIENTED_EDGE ( 'NONE', *, *, #1223, .F. ) ;
#399 = CARTESIAN_POINT ( 'NONE',  ( 13.65000000000000391, 101.0408702444035356, 1.000000000000011324 ) ) ;
#400 = EDGE_LOOP ( 'NONE', ( #1128, #831, #1777, #1994 ) ) ;
#401 = LINE ( 'NONE', #1238, #1174 ) ;
#402 = AXIS2_PLACEMENT_3D ( 'NONE', #1565, #827, #1542 ) ;
#403 = DIRECTION ( 'NONE',  ( -0.000000000000000000, -0.000000000000000000, 1.000000000000000000 ) ) ;
#404 = CARTESIAN_POINT ( 'NONE',  ( -12.59216025946303397, 89.91500000000002046, 7.000000000000000000 ) ) ;
#405 = DIRECTION ( 'NONE',  ( -0.000000000000000000, -0.000000000000000000, -1.000000000000000000 ) ) ;
#406 = ORIENTED_EDGE ( 'NONE', *, *, #536, .T. ) ;
#407 = DIRECTION ( 'NONE',  ( -1.000000000000000000, 0.000000000000000000, 0.000000000000000000 ) ) ;
#408 = EDGE_CURVE ( 'NONE', #991, #18, #1669, .T. ) ;
#409 = ORIENTED_EDGE ( 'NONE', *, *, #1948, .F. ) ;
#410 = DIRECTION ( 'NONE',  ( 0.000000000000000000, 0.000000000000000000, 1.000000000000000000 ) ) ;
#411 = AXIS2_PLACEMENT_3D ( 'NONE', #1494, #2181, #627 ) ;
#412 = ORIENTED_EDGE ( 'NONE', *, *, #1672, .T. ) ;
#413 = EDGE_CURVE ( 'NONE', #1290, #746, #2243, .T. ) ;
#414 = FACE_OUTER_BOUND ( 'NONE', #1670, .T. ) ;
#415 = AXIS2_PLACEMENT_3D ( 'NONE', #562, #1038, #1760 ) ;
#416 = CYLINDRICAL_SURFACE ( 'NONE', #1316, 6.811910455765274541 ) ;
#417 = CIRCLE ( 'NONE', #913, 15.00000000000000000 ) ;
#418 = LINE ( 'NONE', #1438, #729 ) ;
#419 = ORIENTED_EDGE ( 'NONE', *, *, #1813, .T. ) ;
#420 = FACE_OUTER_BOUND ( 'NONE', #1221, .T. ) ;
#421 = VECTOR ( 'NONE', #1593, 1000.000000000000000 ) ;
#422 = VERTEX_POINT ( 'NONE', #1160 ) ;
#423 = EDGE_CURVE ( 'NONE', #1668, #642, #327, .T. ) ;
#424 = FACE_BOUND ( 'NONE', #57, .T. ) ;
#425 = VECTOR ( 'NONE', #470, 1000.000000000000000 ) ;
#426 = ORIENTED_EDGE ( 'NONE', *, *, #143, .T. ) ;
#427 = VERTEX_POINT ( 'NONE', #841 ) ;
#428 = CARTESIAN_POINT ( 'NONE',  ( 1.699999999999993738, 87.91500000000002046, 7.000000000000000000 ) ) ;
#429 = DIRECTION ( 'NONE',  ( -0.000000000000000000, 0.000000000000000000, 1.000000000000000000 ) ) ;
#430 = CARTESIAN_POINT ( 'NONE',  ( 2.715956134393980648, 88.34637254901963388, 7.000000000000000000 ) ) ;
#431 = DIRECTION ( 'NONE',  ( -0.000000000000000000, -0.000000000000000000, -1.000000000000000000 ) ) ;
#432 = ORIENTED_EDGE ( 'NONE', *, *, #408, .F. ) ;
#433 = DIRECTION ( 'NONE',  ( 1.000000000000000000, -1.541976423090495436E-15, 0.000000000000000000 ) ) ;
#434 = VERTEX_POINT ( 'NONE', #1688 ) ;
#435 = CARTESIAN_POINT ( 'NONE',  ( -1.460351472855927223E-15, 112.0000000000000000, 5.000000000000000000 ) ) ;
#436 = ORIENTED_EDGE ( 'NONE', *, *, #173, .T. ) ;
#437 = SECURITY_CLASSIFICATION_LEVEL ( 'unclassified' ) ;
#438 = EDGE_CURVE ( 'NONE', #357, #1763, #1490, .T. ) ;
#439 = DIRECTION ( 'NONE',  ( 1.000000000000000000, 0.000000000000000000, 0.000000000000000000 ) ) ;
#440 = DIRECTION ( 'NONE',  ( -0.000000000000000000, 0.000000000000000000, 1.000000000000000000 ) ) ;
#441 = EDGE_CURVE ( 'NONE', #453, #1283, #508, .T. ) ;
#442 = ADVANCED_FACE ( 'NONE', ( #2101 ), #394, .F. ) ;
#443 = ORIENTED_EDGE ( 'NONE', *, *, #1549, .T. ) ;
#444 = DIRECTION ( 'NONE',  ( 0.000000000000000000, 0.000000000000000000, 1.000000000000000000 ) ) ;
#445 = EDGE_CURVE ( 'NONE', #843, #257, #52, .T. ) ;
#446 = DIRECTION ( 'NONE',  ( 1.000000000000000000, 0.000000000000000000, 0.000000000000000000 ) ) ;
#447 = AXIS2_PLACEMENT_3D ( 'NONE', #507, #1382, #519 ) ;
#448 = ORIENTED_EDGE ( 'NONE', *, *, #1616, .F. ) ;
#449 = VERTEX_POINT ( 'NONE', #1623 ) ;
#450 = DIRECTION ( 'NONE',  ( -0.9960060548131672853, 0.08928571428571425994, 0.000000000000000000 ) ) ;
#451 = DIRECTION ( 'NONE',  ( 1.000000000000000000, 0.000000000000000000, 0.000000000000000000 ) ) ;
#452 = CIRCLE ( 'NONE', #1717, 1.799999999999998712 ) ;
#453 = VERTEX_POINT ( 'NONE', #542 ) ;
#454 = LINE ( 'NONE', #751, #1029 ) ;
#455 = VECTOR ( 'NONE', #19, 1000.000000000000000 ) ;
#456 = VECTOR ( 'NONE', #1924, 1000.000000000000000 ) ;
#457 = ORIENTED_EDGE ( 'NONE', *, *, #788, .T. ) ;
#458 = ORIENTED_EDGE ( 'NONE', *, *, #1713, .T. ) ;
#459 = CARTESIAN_POINT ( 'NONE',  ( -2.000000000000000000, 0.000000000000000000, 0.000000000000000000 ) ) ;
#460 = CARTESIAN_POINT ( 'NONE',  ( -6.784704058787334624, 84.86449619345098938, 7.000000000000000000 ) ) ;
#461 = VECTOR ( 'NONE', #753, 1000.000000000000000 ) ;
#462 = VECTOR ( 'NONE', #163, 1000.000000000000000 ) ;
#463 = PLANE ( 'NONE',  #1036 ) ;
#464 = ADVANCED_FACE ( 'NONE', ( #1231 ), #791, .F. ) ;
#465 = CARTESIAN_POINT ( 'NONE',  ( 9.143753071610786876, 111.1803197176305247, 7.000000000000000000 ) ) ;
#466 = VERTEX_POINT ( 'NONE', #188 ) ;
#467 = VERTEX_POINT ( 'NONE', #1080 ) ;
#468 = PERSON_AND_ORGANIZATION ( #712, #14 ) ;
#469 = AXIS2_PLACEMENT_3D ( 'NONE', #1920, #1227, #2076 ) ;
#470 = DIRECTION ( 'NONE',  ( -0.000000000000000000, 0.000000000000000000, -1.000000000000000000 ) ) ;
#471 = DIRECTION ( 'NONE',  ( -0.000000000000000000, 0.000000000000000000, 1.000000000000000000 ) ) ;
#472 = CYLINDRICAL_SURFACE ( 'NONE', #1442, 3.650000000000013678 ) ;
#473 = DIRECTION ( 'NONE',  ( -0.000000000000000000, -0.000000000000000000, -1.000000000000000000 ) ) ;
#474 = EDGE_CURVE ( 'NONE', #1849, #1403, #1771, .T. ) ;
#475 = CARTESIAN_POINT ( 'NONE',  ( 12.59216025946302331, 89.91500000000002046, 7.000000000000000000 ) ) ;
#476 = ORIENTED_EDGE ( 'NONE', *, *, #628, .T. ) ;
#477 = VERTEX_POINT ( 'NONE', #725 ) ;
#478 = APPROVAL_ROLE ( '' ) ;
#479 = ADVANCED_FACE ( 'NONE', ( #1048 ), #1751, .T. ) ;
#480 = DIRECTION ( 'NONE',  ( 0.000000000000000000, -0.000000000000000000, -1.000000000000000000 ) ) ;
#481 = DIRECTION ( 'NONE',  ( -0.000000000000000000, -0.000000000000000000, -1.000000000000000000 ) ) ;
#482 = CIRCLE ( 'NONE', #1278, 10.00000000000000000 ) ;
#483 = DIRECTION ( 'NONE',  ( -0.000000000000000000, -0.000000000000000000, -1.000000000000000000 ) ) ;
#484 = CARTESIAN_POINT ( 'NONE',  ( 5.107675155262756438E-15, 83.15500000000001535, 5.000000000000000000 ) ) ;
#485 = AXIS2_PLACEMENT_3D ( 'NONE', #1461, #1904, #1471 ) ;
#486 = CARTESIAN_POINT ( 'NONE',  ( 0.000000000000000000, 0.000000000000000000, 5.000000000000000000 ) ) ;
#487 = ORIENTED_EDGE ( 'NONE', *, *, #84, .T. ) ;
#488 = VERTEX_POINT ( 'NONE', #222 ) ;
#489 = CIRCLE ( 'NONE', #386, 9.999999999999998224 ) ;
#490 = ORIENTED_EDGE ( 'NONE', *, *, #1141, .F. ) ;
#491 = FACE_OUTER_BOUND ( 'NONE', #90, .T. ) ;
#492 = DIRECTION ( 'NONE',  ( -4.849424300502242259E-17, 1.000000000000000000, 0.000000000000000000 ) ) ;
#493 = CIRCLE ( 'NONE', #1399, 6.000000000000000000 ) ;
#494 = CARTESIAN_POINT ( 'NONE',  ( -5.521320093955841160E-15, 91.91500000000002046, 7.000000000000000000 ) ) ;
#495 = CYLINDRICAL_SURFACE ( 'NONE', #260, 2.000000000000000000 ) ;
#496 = LINE ( 'NONE', #853, #1908 ) ;
#497 = ORIENTED_EDGE ( 'NONE', *, *, #2093, .F. ) ;
#498 = ORIENTED_EDGE ( 'NONE', *, *, #438, .T. ) ;
#499 = VERTEX_POINT ( 'NONE', #1257 ) ;
#500 = CIRCLE ( 'NONE', #2059, 6.000000000000000000 ) ;
#501 = DIRECTION ( 'NONE',  ( 1.000000000000000000, 0.000000000000000000, 0.000000000000000000 ) ) ;
#502 = CARTESIAN_POINT ( 'NONE',  ( -17.10000000000001208, 64.76808374630067533, 0.000000000000000000 ) ) ;
#503 = EDGE_CURVE ( 'NONE', #488, #355, #908, .T. ) ;
#504 = CARTESIAN_POINT ( 'NONE',  ( 2.031615389693745666, 8.000000000000000000, 0.000000000000000000 ) ) ;
#505 = CARTESIAN_POINT ( 'NONE',  ( 2.749999999999993783, 87.91500000000002046, 6.000000000000000000 ) ) ;
#506 = ADVANCED_FACE ( 'NONE', ( #1415 ), #715, .F. ) ;
#507 = CARTESIAN_POINT ( 'NONE',  ( 0.000000000000000000, 58.00000000000000000, -0.001000000000000132727 ) ) ;
#508 = CIRCLE ( 'NONE', #1883, 2.750000000000000000 ) ;
#509 = EDGE_CURVE ( 'NONE', #1418, #2053, #1057, .T. ) ;
#510 = DIRECTION ( 'NONE',  ( -0.000000000000000000, -0.000000000000000000, -1.000000000000000000 ) ) ;
#511 = ORIENTED_EDGE ( 'NONE', *, *, #413, .T. ) ;
#512 = ORIENTED_EDGE ( 'NONE', *, *, #673, .F. ) ;
#513 = EDGE_LOOP ( 'NONE', ( #1510, #1725, #1534, #708 ) ) ;
#514 = DIRECTION ( 'NONE',  ( -0.000000000000000000, -0.000000000000000000, 1.000000000000000000 ) ) ;
#515 = CARTESIAN_POINT ( 'NONE',  ( 0.000000000000000000, 0.000000000000000000, 5.000000000000000000 ) ) ;
#516 = CARTESIAN_POINT ( 'NONE',  ( 2.031615389693744778, 14.00000000000000000, 5.000000000000000000 ) ) ;
#517 = AXIS2_PLACEMENT_3D ( 'NONE', #1640, #1241, #2147 ) ;
#518 = ADVANCED_FACE ( 'NONE', ( #706, #1222, #1427 ), #1762, .F. ) ;
#519 = DIRECTION ( 'NONE',  ( 0.000000000000000000, -0.000000000000000000, -1.000000000000000000 ) ) ;
#520 = FACE_OUTER_BOUND ( 'NONE', #309, .T. ) ;
#521 = EDGE_LOOP ( 'NONE', ( #1485, #2177, #412, #2019 ) ) ;
#522 = ORIENTED_EDGE ( 'NONE', *, *, #1650, .F. ) ;
#523 = CIRCLE ( 'NONE', #1971, 6.000000000000000000 ) ;
#524 = VERTEX_POINT ( 'NONE', #24 ) ;
#525 = DIRECTION ( 'NONE',  ( -1.000000000000000000, 0.000000000000000000, 0.000000000000000000 ) ) ;
#526 = DIRECTION ( 'NONE',  ( 0.000000000000000000, 0.000000000000000000, 1.000000000000000000 ) ) ;
#527 = VECTOR ( 'NONE', #348, 1000.000000000000000 ) ;
#528 = CARTESIAN_POINT ( 'NONE',  ( -1.460351472855927223E-15, 112.0000000000000000, 1.000000000000011324 ) ) ;
#529 = AXIS2_PLACEMENT_3D ( 'NONE', #1981, #779, #1321 ) ;
#530 = ORIENTED_EDGE ( 'NONE', *, *, #277, .T. ) ;
#531 = DIRECTION ( 'NONE',  ( 1.000000000000000000, 0.000000000000000000, 0.000000000000000000 ) ) ;
#532 = AXIS2_PLACEMENT_3D ( 'NONE', #475, #1532, #1679 ) ;
#533 = EDGE_CURVE ( 'NONE', #1728, #1372, #1249, .T. ) ;
#534 = ORIENTED_EDGE ( 'NONE', *, *, #812, .F. ) ;
#535 = ORIENTED_EDGE ( 'NONE', *, *, #34, .F. ) ;
#536 = EDGE_CURVE ( 'NONE', #961, #467, #162, .T. ) ;
#537 = EDGE_LOOP ( 'NONE', ( #170, #1188, #927, #1712 ) ) ;
#538 = CARTESIAN_POINT ( 'NONE',  ( 8.007651718572748933, 13.46428571428572063, 5.000000000000000000 ) ) ;
#539 = LINE ( 'NONE', #150, #305 ) ;
#540 = MANIFOLD_SOLID_BREP ( 'Redondeo2', #944 ) ;
#541 = DIRECTION ( 'NONE',  ( 0.000000000000000000, 0.000000000000000000, -1.000000000000000000 ) ) ;
#542 = CARTESIAN_POINT ( 'NONE',  ( -2.715956134393992638, 88.34637254901963388, 6.000000000000000000 ) ) ;
#543 = VERTEX_POINT ( 'NONE', #873 ) ;
#544 = DIRECTION ( 'NONE',  ( -1.000000000000000000, -1.153742152750288058E-16, 0.000000000000000000 ) ) ;
#545 = ORIENTED_EDGE ( 'NONE', *, *, #2018, .T. ) ;
#546 = EDGE_CURVE ( 'NONE', #599, #1550, #663, .T. ) ;
#547 = DIRECTION ( 'NONE',  ( -0.000000000000000000, -0.000000000000000000, -1.000000000000000000 ) ) ;
#548 = LINE ( 'NONE', #241, #1754 ) ;
#549 = CARTESIAN_POINT ( 'NONE',  ( -8.007651718572732946, 13.46428571428571530, 5.000000000000000000 ) ) ;
#550 = CARTESIAN_POINT ( 'NONE',  ( -1.460351472855927223E-15, 112.0000000000000000, 0.000000000000000000 ) ) ;
#551 = AXIS2_PLACEMENT_3D ( 'NONE', #1890, #649, #1370 ) ;
#552 = DIRECTION ( 'NONE',  ( -0.000000000000000000, -0.000000000000000000, -1.000000000000000000 ) ) ;
#553 = EDGE_LOOP ( 'NONE', ( #1049, #688, #1349, #1968 ) ) ;
#554 = FACE_BOUND ( 'NONE', #820, .T. ) ;
#555 = EDGE_LOOP ( 'NONE', ( #443, #2085, #2143, #2237 ) ) ;
#556 = LINE ( 'NONE', #1941, #1470 ) ;
#557 = CIRCLE ( 'NONE', #1540, 9.180419162538115074 ) ;
#558 = EDGE_CURVE ( 'NONE', #1817, #524, #274, .T. ) ;
#559 = CARTESIAN_POINT ( 'NONE',  ( -6.011178813614782541E-15, 87.91500000000002046, 6.000000000000000000 ) ) ;
#560 = CARTESIAN_POINT ( 'NONE',  ( 14.94009082219750972, -1.339285714285713080, 5.000000000000000000 ) ) ;
#561 = CIRCLE ( 'NONE', #1137, 2.750000000000000000 ) ;
#562 = CARTESIAN_POINT ( 'NONE',  ( -1.460351472855927223E-15, 112.0000000000000000, 0.000000000000000000 ) ) ;
#563 = CIRCLE ( 'NONE', #2230, 7.504999999999999893 ) ;
#564 = ORIENTED_EDGE ( 'NONE', *, *, #1873, .T. ) ;
#565 = DIRECTION ( 'NONE',  ( 0.000000000000000000, 0.000000000000000000, 1.000000000000000000 ) ) ;
#566 = CONICAL_SURFACE ( 'NONE', #1436, 8.999999999999998224, 0.7853981633974430610 ) ;
#567 = ORIENTED_EDGE ( 'NONE', *, *, #503, .F. ) ;
#568 = DIRECTION ( 'NONE',  ( -1.000000000000000000, 0.000000000000000000, 0.000000000000000000 ) ) ;
#569 = VECTOR ( 'NONE', #966, 1000.000000000000000 ) ;
#570 = ORIENTED_EDGE ( 'NONE', *, *, #2028, .F. ) ;
#571 = CARTESIAN_POINT ( 'NONE',  ( -6.011178813614782541E-15, 87.91500000000002046, 7.000000000000000000 ) ) ;
#572 = FACE_OUTER_BOUND ( 'NONE', #1039, .T. ) ;
#573 = CARTESIAN_POINT ( 'NONE',  ( 5.438077756525019346, 58.00000000000000000, 5.000000000000000000 ) ) ;
#574 = EDGE_CURVE ( 'NONE', #1061, #1976, #561, .T. ) ;
#575 = CARTESIAN_POINT ( 'NONE',  ( 9.180419162538113298, 112.0000000000000000, 7.000000000000000000 ) ) ;
#576 = ADVANCED_FACE ( 'NONE', ( #2092 ), #1823, .F. ) ;
#577 = CARTESIAN_POINT ( 'NONE',  ( -1.460351472855927223E-15, 112.0000000000000000, 5.000000000000000000 ) ) ;
#578 = AXIS2_PLACEMENT_3D ( 'NONE', #311, #654, #1375 ) ;
#579 = VERTEX_POINT ( 'NONE', #1634 ) ;
#580 = DIRECTION ( 'NONE',  ( -1.000000000000000000, 0.000000000000000000, 0.000000000000000000 ) ) ;
#581 = EDGE_CURVE ( 'NONE', #972, #2174, #1835, .T. ) ;
#582 = ORIENTED_EDGE ( 'NONE', *, *, #1193, .F. ) ;
#583 = CARTESIAN_POINT ( 'NONE',  ( -1.460351472855927223E-15, 112.0000000000000000, 5.000000000000000000 ) ) ;
#584 = CYLINDRICAL_SURFACE ( 'NONE', #1939, 7.504999999999999893 ) ;
#585 = DIRECTION ( 'NONE',  ( 0.08928571428571430157, 0.9960060548131671743, 0.000000000000000000 ) ) ;
#586 = DIRECTION ( 'NONE',  ( 1.000000000000000000, 0.000000000000000000, 0.000000000000000000 ) ) ;
#587 = ORIENTED_EDGE ( 'NONE', *, *, #1706, .T. ) ;
#588 = FACE_OUTER_BOUND ( 'NONE', #342, .T. ) ;
#589 = ORIENTED_EDGE ( 'NONE', *, *, #1813, .F. ) ;
#590 = CARTESIAN_POINT ( 'NONE',  ( 15.50000000000000000, 64.76808374630067533, 5.000000000000000000 ) ) ;
#591 = AXIS2_PLACEMENT_3D ( 'NONE', #635, #481, #997 ) ;
#592 = ORIENTED_EDGE ( 'NONE', *, *, #423, .F. ) ;
#593 = CYLINDRICAL_SURFACE ( 'NONE', #278, 25.00000000000000000 ) ;
#594 = CARTESIAN_POINT ( 'NONE',  ( -14.94009082219750439, -1.339285714285715079, 0.000000000000000000 ) ) ;
#595 = AXIS2_PLACEMENT_3D ( 'NONE', #675, #510, #1195 ) ;
#596 = DIRECTION ( 'NONE',  ( 1.000000000000000000, 0.000000000000000000, 0.000000000000000000 ) ) ;
#597 = CIRCLE ( 'NONE', #1610, 4.000000000000000888 ) ;
#598 = DIRECTION ( 'NONE',  ( 1.000000000000000000, 0.000000000000000000, 0.000000000000000000 ) ) ;
#599 = VERTEX_POINT ( 'NONE', #1313 ) ;
#600 = CARTESIAN_POINT ( 'NONE',  ( 11.41411408540402483, 51.46428571428574372, 5.000000000000000000 ) ) ;
#601 = PRODUCT_DEFINITION_FORMATION_WITH_SPECIFIED_SOURCE ( 'ANY', '', #728, .NOT_KNOWN. ) ;
#602 = EDGE_LOOP ( 'NONE', ( #651, #1489, #325, #776, #1521, #1797 ) ) ;
#603 = CARTESIAN_POINT ( 'NONE',  ( 3.650000000000003908, 83.15500000000001535, 1.000000000000011324 ) ) ;
#604 = CIRCLE ( 'NONE', #578, 2.750000000000000000 ) ;
#605 = EDGE_CURVE ( 'NONE', #1589, #477, #454, .T. ) ;
#606 = PLANE ( 'NONE',  #1793 ) ;
#607 = CARTESIAN_POINT ( 'NONE',  ( 0.000000000000000000, 0.000000000000000000, 5.000000000000000000 ) ) ;
#608 = EDGE_CURVE ( 'NONE', #2031, #377, #53, .T. ) ;
#609 = EDGE_LOOP ( 'NONE', ( #662, #1698, #2105, #1547 ) ) ;
#610 = DIRECTION ( 'NONE',  ( -1.000000000000000000, 0.000000000000000000, 0.000000000000000000 ) ) ;
#611 = EDGE_LOOP ( 'NONE', ( #1870, #1296, #808, #567 ) ) ;
#612 = CYLINDRICAL_SURFACE ( 'NONE', #1888, 10.00000000000000178 ) ;
#613 = EDGE_LOOP ( 'NONE', ( #248, #1598, #390, #1972 ) ) ;
#614 = ORIENTED_EDGE ( 'NONE', *, *, #1210, .T. ) ;
#615 = PERSON_AND_ORGANIZATION_ROLE ( 'design_owner' ) ;
#616 = ADVANCED_FACE ( 'NONE', ( #420 ), #258, .T. ) ;
#617 = CARTESIAN_POINT ( 'NONE',  ( -7.505000000000001670, 112.0000000000000000, 1.000000000000011324 ) ) ;
#618 = DIRECTION ( 'NONE',  ( -0.000000000000000000, -0.000000000000000000, -1.000000000000000000 ) ) ;
#619 = AXIS2_PLACEMENT_3D ( 'NONE', #1854, #2038, #1707 ) ;
#620 = VERTEX_POINT ( 'NONE', #600 ) ;
#621 = DIRECTION ( 'NONE',  ( -1.000000000000000000, 0.000000000000000000, 0.000000000000000000 ) ) ;
#622 = DIRECTION ( 'NONE',  ( -0.000000000000000000, -0.000000000000000000, 1.000000000000000000 ) ) ;
#623 = AXIS2_PLACEMENT_3D ( 'NONE', #2020, #981, #1106 ) ;
#624 = ORIENTED_EDGE ( 'NONE', *, *, #804, .T. ) ;
#625 = COORDINATED_UNIVERSAL_TIME_OFFSET ( 3, 0, .BEHIND. ) ;
#626 = CARTESIAN_POINT ( 'NONE',  ( 2.715956134393981092, 91.48362745098042126, 6.000000000000000000 ) ) ;
#627 = DIRECTION ( 'NONE',  ( -1.000000000000000000, 0.000000000000000000, 0.000000000000000000 ) ) ;
#628 = EDGE_CURVE ( 'NONE', #1290, #1028, #1912, .T. ) ;
#629 = CIRCLE ( 'NONE', #595, 6.811910455765274541 ) ;
#630 = DIRECTION ( 'NONE',  ( 1.939769720200896903E-16, -1.000000000000000000, 0.000000000000000000 ) ) ;
#631 = DIRECTION ( 'NONE',  ( -0.000000000000000000, -0.000000000000000000, -1.000000000000000000 ) ) ;
#632 = AXIS2_PLACEMENT_3D ( 'NONE', #1285, #1585, #1930 ) ;
#633 = ORIENTED_EDGE ( 'NONE', *, *, #134, .T. ) ;
#634 = PLANE ( 'NONE',  #1687 ) ;
#635 = CARTESIAN_POINT ( 'NONE',  ( -1.460351472855927223E-15, 112.0000000000000000, 5.000000000000000000 ) ) ;
#636 = AXIS2_PLACEMENT_3D ( 'NONE', #1710, #993, #168 ) ;
#637 = AXIS2_PLACEMENT_3D ( 'NONE', #1104, #2172, #247 ) ;
#638 = FACE_OUTER_BOUND ( 'NONE', #2226, .T. ) ;
#639 = EDGE_CURVE ( 'NONE', #1893, #690, #945, .T. ) ;
#640 = CARTESIAN_POINT ( 'NONE',  ( 2.749999999999994227, 91.91500000000002046, 7.000000000000000000 ) ) ;
#641 = CARTESIAN_POINT ( 'NONE',  ( 3.650000000000007905, 1.770039869683322181E-16, 5.000000000000000000 ) ) ;
#642 = VERTEX_POINT ( 'NONE', #2004 ) ;
#643 = ORIENTED_EDGE ( 'NONE', *, *, #2049, .T. ) ;
#644 = FACE_OUTER_BOUND ( 'NONE', #698, .T. ) ;
#645 = DIRECTION ( 'NONE',  ( 0.08928571428571471791, -0.9960060548131670632, 0.000000000000000000 ) ) ;
#646 = SECURITY_CLASSIFICATION ( '', '', #437 ) ;
#647 = DIRECTION ( 'NONE',  ( 1.000000000000000000, 0.000000000000000000, 0.000000000000000000 ) ) ;
#648 = EDGE_CURVE ( 'NONE', #1849, #453, #356, .T. ) ;
#649 = DIRECTION ( 'NONE',  ( -0.000000000000000000, -0.000000000000000000, -1.000000000000000000 ) ) ;
#650 = FACE_OUTER_BOUND ( 'NONE', #809, .T. ) ;
#651 = ORIENTED_EDGE ( 'NONE', *, *, #1602, .F. ) ;
#652 = ORIENTED_EDGE ( 'NONE', *, *, #104, .F. ) ;
#653 = VERTEX_POINT ( 'NONE', #1665 ) ;
#654 = DIRECTION ( 'NONE',  ( -0.000000000000000000, -0.000000000000000000, 1.000000000000000000 ) ) ;
#655 = LINE ( 'NONE', #1354, #2039 ) ;
#656 = VECTOR ( 'NONE', #585, 1000.000000000000000 ) ;
#657 = LINE ( 'NONE', #2048, #1502 ) ;
#658 = DIRECTION ( 'NONE',  ( 1.000000000000000000, 0.000000000000000000, 0.000000000000000000 ) ) ;
#659 = CONICAL_SURFACE ( 'NONE', #415, 8.504999999999995453, 0.7853981633974405074 ) ;
#660 = DIRECTION ( 'NONE',  ( -1.000000000000000000, -4.849424300502242259E-17, 0.000000000000000000 ) ) ;
#661 = EDGE_LOOP ( 'NONE', ( #1306, #308, #436, #614 ) ) ;
#662 = ORIENTED_EDGE ( 'NONE', *, *, #735, .T. ) ;
#663 = CIRCLE ( 'NONE', #1935, 4.000000000000000888 ) ;
#664 = EDGE_CURVE ( 'NONE', #1393, #1403, #926, .T. ) ;
#665 = CONICAL_SURFACE ( 'NONE', #236, 8.504999999999995453, 0.7853981633974405074 ) ;
#666 = EDGE_CURVE ( 'NONE', #126, #957, #851, .T. ) ;
#667 = ORIENTED_EDGE ( 'NONE', *, *, #1326, .T. ) ;
#668 = EDGE_CURVE ( 'NONE', #357, #2222, #2015, .T. ) ;
#669 = FACE_OUTER_BOUND ( 'NONE', #1626, .T. ) ;
#670 = CARTESIAN_POINT ( 'NONE',  ( -6.011178813614782541E-15, 87.91500000000002046, 7.000000000000000000 ) ) ;
#671 = VECTOR ( 'NONE', #940, 1000.000000000000227 ) ;
#672 = CARTESIAN_POINT ( 'NONE',  ( 2.749999999999994227, 91.91500000000002046, 7.000000000000000000 ) ) ;
#673 = EDGE_CURVE ( 'NONE', #1386, #690, #1995, .T. ) ;
#674 = DIRECTION ( 'NONE',  ( 1.000000000000000000, 0.000000000000000000, 0.000000000000000000 ) ) ;
#675 = CARTESIAN_POINT ( 'NONE',  ( 0.000000000000000000, 85.47270248414432103, 7.000000000000000000 ) ) ;
#676 = ORIENTED_EDGE ( 'NONE', *, *, #834, .T. ) ;
#677 = EDGE_LOOP ( 'NONE', ( #2247, #476, #1940, #1259 ) ) ;
#678 = ORIENTED_EDGE ( 'NONE', *, *, #1223, .T. ) ;
#679 = AXIS2_PLACEMENT_3D ( 'NONE', #322, #1537, #2034 ) ;
#680 = DIRECTION ( 'NONE',  ( -0.000000000000000000, -0.000000000000000000, 1.000000000000000000 ) ) ;
#681 = CARTESIAN_POINT ( 'NONE',  ( -5.438077756525012241, 58.00000000000000000, 5.000000000000000000 ) ) ;
#682 = ADVANCED_FACE ( 'NONE', ( #588 ), #463, .F. ) ;
#683 = CARTESIAN_POINT ( 'NONE',  ( -1.800000000000000266, 112.0000000000000000, 4.500000000000000888 ) ) ;
#684 = CARTESIAN_POINT ( 'NONE',  ( -6.746448236554249078, -0.6047768954630872162, 5.000000000000000000 ) ) ;
#685 = CARTESIAN_POINT ( 'NONE',  ( 0.000000000000000000, 0.000000000000000000, 5.000000000000000000 ) ) ;
#686 = AXIS2_PLACEMENT_3D ( 'NONE', #1557, #1346, #1012 ) ;
#687 = CARTESIAN_POINT ( 'NONE',  ( -6.746448236554249078, -0.6047768954630872162, -0.001000000000000132727 ) ) ;
#688 = ORIENTED_EDGE ( 'NONE', *, *, #1779, .F. ) ;
#689 = ORIENTED_EDGE ( 'NONE', *, *, #1737, .F. ) ;
#690 = VERTEX_POINT ( 'NONE', #268 ) ;
#691 = DIRECTION ( 'NONE',  ( 1.000000000000000000, 0.000000000000000000, 0.000000000000000000 ) ) ;
#692 = FACE_OUTER_BOUND ( 'NONE', #2065, .T. ) ;
#693 = DIRECTION ( 'NONE',  ( 1.000000000000000000, 0.000000000000000000, 0.000000000000000000 ) ) ;
#694 = EDGE_CURVE ( 'NONE', #1656, #754, #1325, .T. ) ;
#695 = VECTOR ( 'NONE', #1982, 1000.000000000000000 ) ;
#696 = CARTESIAN_POINT ( 'NONE',  ( 0.000000000000000000, 58.00000000000000000, 0.000000000000000000 ) ) ;
#697 = ORIENTED_EDGE ( 'NONE', *, *, #1339, .T. ) ;
#698 = EDGE_LOOP ( 'NONE', ( #874, #74, #1734, #1369 ) ) ;
#699 = CIRCLE ( 'NONE', #195, 9.180419162538115074 ) ;
#700 = VECTOR ( 'NONE', #1203, 1000.000000000000000 ) ;
#701 = ORIENTED_EDGE ( 'NONE', *, *, #225, .T. ) ;
#702 = FACE_OUTER_BOUND ( 'NONE', #1559, .T. ) ;
#703 = CARTESIAN_POINT ( 'NONE',  ( 13.89999999999998970, 64.76808374630067533, 0.000000000000000000 ) ) ;
#704 = DIRECTION ( 'NONE',  ( -0.9960060548131672853, -0.08928571428571439872, 0.000000000000000000 ) ) ;
#705 = AXIS2_PLACEMENT_3D ( 'NONE', #930, #1629, #747 ) ;
#706 = FACE_OUTER_BOUND ( 'NONE', #1868, .T. ) ;
#707 = EDGE_CURVE ( 'NONE', #2214, #1525, #1624, .T. ) ;
#708 = ORIENTED_EDGE ( 'NONE', *, *, #673, .T. ) ;
#709 = DIRECTION ( 'NONE',  ( -0.000000000000000000, -0.000000000000000000, -1.000000000000000000 ) ) ;
#710 = ORIENTED_EDGE ( 'NONE', *, *, #812, .T. ) ;
#711 = CARTESIAN_POINT ( 'NONE',  ( -1.460351472855927223E-15, 112.0000000000000000, 5.500000000000000000 ) ) ;
#712 = PERSON ( 'UNSPECIFIED', 'UNSPECIFIED', 'UNSPECIFIED', ('UNSPECIFIED'), ('UNSPECIFIED'), ('UNSPECIFIED') ) ;
#713 = DIRECTION ( 'NONE',  ( 1.000000000000000000, 0.000000000000000000, 0.000000000000000000 ) ) ;
#714 = DIRECTION ( 'NONE',  ( 1.000000000000000000, 0.000000000000000000, 0.000000000000000000 ) ) ;
#715 = CYLINDRICAL_SURFACE ( 'NONE', #1324, 1.600000000000011191 ) ;
#716 = VERTEX_POINT ( 'NONE', #782 ) ;
#717 = FACE_BOUND ( 'NONE', #995, .T. ) ;
#718 = ORIENTED_EDGE ( 'NONE', *, *, #932, .T. ) ;
#719 = DIRECTION ( 'NONE',  ( 1.000000000000000000, 0.000000000000000000, 0.000000000000000000 ) ) ;
#720 = LINE ( 'NONE', #2123, #2119 ) ;
#721 = CARTESIAN_POINT ( 'NONE',  ( 5.438077756525019346, 52.00000000000000711, 0.000000000000000000 ) ) ;
#722 = VECTOR ( 'NONE', #2070, 1000.000000000000000 ) ;
#723 = CARTESIAN_POINT ( 'NONE',  ( -1.460351472855927223E-15, 112.0000000000000000, 0.000000000000000000 ) ) ;
#724 = ORIENTED_EDGE ( 'NONE', *, *, #558, .F. ) ;
#725 = CARTESIAN_POINT ( 'NONE',  ( 9.180419162538113298, 112.0000000000000000, 5.000000000000000000 ) ) ;
#726 = ORIENTED_EDGE ( 'NONE', *, *, #1548, .F. ) ;
#727 = DIRECTION ( 'NONE',  ( -1.000000000000000000, 0.000000000000000000, 0.000000000000000000 ) ) ;
#728 = PRODUCT ( 'eslabon_AD_v2', 'eslabon_AD_v2', '', ( #298 ) ) ;
#729 = VECTOR ( 'NONE', #431, 1000.000000000000000 ) ;
#730 = ORIENTED_EDGE ( 'NONE', *, *, #1408, .T. ) ;
#731 = EDGE_CURVE ( 'NONE', #422, #921, #760, .T. ) ;
#732 = DIRECTION ( 'NONE',  ( -0.000000000000000000, -0.000000000000000000, -1.000000000000000000 ) ) ;
#733 = CIRCLE ( 'NONE', #1323, 1.600000000000009415 ) ;
#734 = EDGE_CURVE ( 'NONE', #377, #961, #1486, .T. ) ;
#735 = EDGE_CURVE ( 'NONE', #2214, #896, #1463, .T. ) ;
#736 = DIRECTION ( 'NONE',  ( -0.000000000000000000, -0.000000000000000000, 1.000000000000000000 ) ) ;
#737 = CARTESIAN_POINT ( 'NONE',  ( -1.460351472855927223E-15, 112.0000000000000000, 1.000000000000011324 ) ) ;
#738 = AXIS2_PLACEMENT_3D ( 'NONE', #1741, #1441, #1959 ) ;
#739 = CARTESIAN_POINT ( 'NONE',  ( -14.94009082219750439, -1.339285714285713080, 5.000000000000000000 ) ) ;
#740 = EDGE_CURVE ( 'NONE', #1187, #1318, #1191, .T. ) ;
#741 = CARTESIAN_POINT ( 'NONE',  ( -1.460351472855927223E-15, 112.0000000000000000, 0.000000000000000000 ) ) ;
#742 = VECTOR ( 'NONE', #1964, 999.9999999999998863 ) ;
#743 = EDGE_LOOP ( 'NONE', ( #267, #1790, #192, #2152 ) ) ;
#744 = DIRECTION ( 'NONE',  ( 0.08928571428571471791, 0.9960060548131670632, 0.000000000000000000 ) ) ;
#745 = AXIS2_PLACEMENT_3D ( 'NONE', #1277, #293, #980 ) ;
#746 = VERTEX_POINT ( 'NONE', #1695 ) ;
#747 = DIRECTION ( 'NONE',  ( -1.000000000000000000, 0.000000000000000000, 0.000000000000000000 ) ) ;
#748 = CARTESIAN_POINT ( 'NONE',  ( -2.750000000000005329, 91.91500000000002046, 6.000000000000000000 ) ) ;
#749 = DIRECTION ( 'NONE',  ( 0.000000000000000000, 0.000000000000000000, 1.000000000000000000 ) ) ;
#750 = ORIENTED_EDGE ( 'NONE', *, *, #1776, .T. ) ;
#751 = CARTESIAN_POINT ( 'NONE',  ( 9.180419162538113298, 112.0000000000000000, 7.000000000000000000 ) ) ;
#752 = FACE_OUTER_BOUND ( 'NONE', #1613, .T. ) ;
#753 = DIRECTION ( 'NONE',  ( -0.000000000000000000, -0.000000000000000000, -1.000000000000000000 ) ) ;
#754 = VERTEX_POINT ( 'NONE', #504 ) ;
#755 = FACE_OUTER_BOUND ( 'NONE', #26, .T. ) ;
#756 = CARTESIAN_POINT ( 'NONE',  ( 3.650000000000003020, 101.0408702444035356, 1.000000000000011324 ) ) ;
#757 = LINE ( 'NONE', #1795, #1464 ) ;
#758 = CARTESIAN_POINT ( 'NONE',  ( -0.000000000000000000, 58.00000000000000000, 5.000000000000000000 ) ) ;
#759 = ORIENTED_EDGE ( 'NONE', *, *, #2016, .F. ) ;
#760 = LINE ( 'NONE', #110, #2198 ) ;
#761 = ADVANCED_FACE ( 'NONE', ( #1171 ), #472, .F. ) ;
#762 = EDGE_CURVE ( 'NONE', #477, #1958, #1731, .T. ) ;
#763 = CARTESIAN_POINT ( 'NONE',  ( -1.460351472855927223E-15, 112.0000000000000000, 4.500000000000000888 ) ) ;
#764 = AXIS2_PLACEMENT_3D ( 'NONE', #1077, #71, #1100 ) ;
#765 = ORIENTED_EDGE ( 'NONE', *, *, #1991, .F. ) ;
#766 = ADVANCED_FACE ( 'NONE', ( #350 ), #303, .T. ) ;
#767 = CARTESIAN_POINT ( 'NONE',  ( 5.438077756525019346, 52.00000000000000711, -0.001000000000000132727 ) ) ;
#768 = VECTOR ( 'NONE', #2162, 1000.000000000000000 ) ;
#769 = CARTESIAN_POINT ( 'NONE',  ( -12.59216025946303397, 89.91500000000002046, 6.000000000000000000 ) ) ;
#770 = CARTESIAN_POINT ( 'NONE',  ( -1.460351472855927223E-15, 112.0000000000000000, 7.000000000000000000 ) ) ;
#771 = ORIENTED_EDGE ( 'NONE', *, *, #84, .F. ) ;
#772 = DIRECTION ( 'NONE',  ( -0.000000000000000000, -0.000000000000000000, -1.000000000000000000 ) ) ;
#773 = AXIS2_PLACEMENT_3D ( 'NONE', #1148, #1990, #105 ) ;
#774 = CARTESIAN_POINT ( 'NONE',  ( 6.746448236554266842, -0.6047768954630875493, 5.000000000000000000 ) ) ;
#775 = ADVANCED_FACE ( 'NONE', ( #1555 ), #133, .F. ) ;
#776 = ORIENTED_EDGE ( 'NONE', *, *, #1573, .F. ) ;
#777 = VERTEX_POINT ( 'NONE', #142 ) ;
#778 = APPROVAL_DATE_TIME ( #1516, #1405 ) ;
#779 = DIRECTION ( 'NONE',  ( -0.000000000000000000, -0.000000000000000000, -1.000000000000000000 ) ) ;
#780 = CYLINDRICAL_SURFACE ( 'NONE', #1894, 1.600000000000009415 ) ;
#781 = VERTEX_POINT ( 'NONE', #1345 ) ;
#782 = CARTESIAN_POINT ( 'NONE',  ( 13.89999999999998970, 64.76808374630067533, 5.000000000000000000 ) ) ;
#783 = VERTEX_POINT ( 'NONE', #672 ) ;
#784 = AXIS2_PLACEMENT_3D ( 'NONE', #1200, #547, #889 ) ;
#785 = DIRECTION ( 'NONE',  ( -1.000000000000000000, 0.000000000000000000, 0.000000000000000000 ) ) ;
#786 = EDGE_LOOP ( 'NONE', ( #419, #914, #4, #2041, #1015, #1443 ) ) ;
#787 = EDGE_LOOP ( 'NONE', ( #343, #276, #1270, #1312 ) ) ;
#788 = EDGE_CURVE ( 'NONE', #1880, #1153, #597, .T. ) ;
#789 = CARTESIAN_POINT ( 'NONE',  ( -1.460351472855927223E-15, 112.0000000000000000, 0.000000000000000000 ) ) ;
#790 = DIRECTION ( 'NONE',  ( 1.000000000000000000, 0.000000000000000000, 0.000000000000000000 ) ) ;
#791 = CONICAL_SURFACE ( 'NONE', #1819, 8.504999999999995453, 0.7853981633974405074 ) ;
#792 = DIRECTION ( 'NONE',  ( -0.000000000000000000, -0.000000000000000000, -1.000000000000000000 ) ) ;
#793 = DIRECTION ( 'NONE',  ( 1.000000000000000000, 0.000000000000000000, -0.000000000000000000 ) ) ;
#794 = ORIENTED_EDGE ( 'NONE', *, *, #734, .T. ) ;
#795 = ORIENTED_EDGE ( 'NONE', *, *, #1873, .F. ) ;
#796 = PERSON_AND_ORGANIZATION ( #712, #14 ) ;
#797 = CIRCLE ( 'NONE', #6, 2.000000000000000000 ) ;
#798 = EDGE_CURVE ( 'NONE', #971, #1348, #825, .T. ) ;
#799 = FACE_BOUND ( 'NONE', #786, .T. ) ;
#800 = LINE ( 'NONE', #1344, #43 ) ;
#801 = VECTOR ( 'NONE', #255, 1000.000000000000000 ) ;
#802 = CIRCLE ( 'NONE', #1096, 7.504999999999999893 ) ;
#803 = CARTESIAN_POINT ( 'NONE',  ( 3.650000000000003020, 101.0408702444035356, 1.000000000000011324 ) ) ;
#804 = EDGE_CURVE ( 'NONE', #1318, #1656, #523, .T. ) ;
#805 = CARTESIAN_POINT ( 'NONE',  ( 0.000000000000000000, 0.000000000000000000, 0.000000000000000000 ) ) ;
#806 = AXIS2_PLACEMENT_3D ( 'NONE', #2077, #526, #1217 ) ;
#807 = DIRECTION ( 'NONE',  ( 1.000000000000000000, 0.000000000000000000, 0.000000000000000000 ) ) ;
#808 = ORIENTED_EDGE ( 'NONE', *, *, #1146, .F. ) ;
#809 = EDGE_LOOP ( 'NONE', ( #1261, #329, #1017, #1409 ) ) ;
#810 = AXIS2_PLACEMENT_3D ( 'NONE', #229, #1639, #1446 ) ;
#811 = PERSON_AND_ORGANIZATION ( #712, #14 ) ;
#812 = EDGE_CURVE ( 'NONE', #198, #1958, #850, .T. ) ;
#813 = DIRECTION ( 'NONE',  ( -0.000000000000000000, -0.000000000000000000, 1.000000000000000000 ) ) ;
#814 = FACE_OUTER_BOUND ( 'NONE', #661, .T. ) ;
#815 = AXIS2_PLACEMENT_3D ( 'NONE', #641, #660, #1340 ) ;
#816 = DIRECTION ( 'NONE',  ( -1.000000000000000000, 0.000000000000000000, 0.000000000000000000 ) ) ;
#817 = VERTEX_POINT ( 'NONE', #683 ) ;
#818 = DIRECTION ( 'NONE',  ( -0.000000000000000000, 0.000000000000000000, 1.000000000000000000 ) ) ;
#819 = CARTESIAN_POINT ( 'NONE',  ( 3.650000000000003020, 101.0408702444035356, 5.000000000000000000 ) ) ;
#820 = EDGE_LOOP ( 'NONE', ( #112, #409 ) ) ;
#821 = DIRECTION ( 'NONE',  ( -0.000000000000000000, 0.000000000000000000, 1.000000000000000000 ) ) ;
#822 = ORIENTED_EDGE ( 'NONE', *, *, #441, .T. ) ;
#823 = CARTESIAN_POINT ( 'NONE',  ( 8.007651718572748933, 13.46428571428572063, 0.000000000000000000 ) ) ;
#824 = DIRECTION ( 'NONE',  ( 0.000000000000000000, 0.000000000000000000, -1.000000000000000000 ) ) ;
#825 = LINE ( 'NONE', #1034, #306 ) ;
#826 = EDGE_CURVE ( 'NONE', #466, #862, #120, .T. ) ;
#827 = DIRECTION ( 'NONE',  ( 0.000000000000000000, -0.000000000000000000, -1.000000000000000000 ) ) ;
#828 = EDGE_CURVE ( 'NONE', #434, #1130, #1704, .T. ) ;
#829 = ADVANCED_FACE ( 'NONE', ( #1863 ), #1336, .T. ) ;
#830 = DIRECTION ( 'NONE',  ( -0.7071067811865511255, -1.371624323094393086E-16, 0.7071067811865440200 ) ) ;
#831 = ORIENTED_EDGE ( 'NONE', *, *, #605, .T. ) ;
#832 = ORIENTED_EDGE ( 'NONE', *, *, #1139, .T. ) ;
#833 = VECTOR ( 'NONE', #1646, 1000.000000000000000 ) ;
#834 = EDGE_CURVE ( 'NONE', #1656, #355, #657, .T. ) ;
#835 = EDGE_LOOP ( 'NONE', ( #64, #938, #261, #840 ) ) ;
#836 = DIRECTION ( 'NONE',  ( -0.000000000000000000, -0.000000000000000000, -1.000000000000000000 ) ) ;
#837 = DIRECTION ( 'NONE',  ( -1.000000000000000000, 0.000000000000000000, 0.000000000000000000 ) ) ;
#838 = CARTESIAN_POINT ( 'NONE',  ( 0.000000000000000000, 0.000000000000000000, 0.000000000000000000 ) ) ;
#839 = LINE ( 'NONE', #684, #1095 ) ;
#840 = ORIENTED_EDGE ( 'NONE', *, *, #1326, .F. ) ;
#841 = CARTESIAN_POINT ( 'NONE',  ( 2.000000000000000000, 2.449293598294706414E-16, 5.000000000000000000 ) ) ;
#842 = CARTESIAN_POINT ( 'NONE',  ( -15.50000000000000000, 64.76808374630067533, 0.000000000000000000 ) ) ;
#843 = VERTEX_POINT ( 'NONE', #803 ) ;
#844 = ORIENTED_EDGE ( 'NONE', *, *, #902, .T. ) ;
#845 = AXIS2_PLACEMENT_3D ( 'NONE', #200, #1934, #373 ) ;
#846 = ORIENTED_EDGE ( 'NONE', *, *, #1556, .F. ) ;
#847 = DIRECTION ( 'NONE',  ( 1.000000000000000000, 0.000000000000000000, 0.000000000000000000 ) ) ;
#848 = DIRECTION ( 'NONE',  ( -0.000000000000000000, -0.000000000000000000, -1.000000000000000000 ) ) ;
#849 = AXIS2_PLACEMENT_3D ( 'NONE', #1435, #1732, #693 ) ;
#850 = LINE ( 'NONE', #2195, #1682 ) ;
#851 = CIRCLE ( 'NONE', #284, 6.000000000000000000 ) ;
#852 = FACE_OUTER_BOUND ( 'NONE', #1176, .T. ) ;
#853 = CARTESIAN_POINT ( 'NONE',  ( -3.649999999999996803, 83.15500000000001535, 5.000000000000000000 ) ) ;
#854 = ORIENTED_EDGE ( 'NONE', *, *, #1776, .F. ) ;
#855 = EDGE_LOOP ( 'NONE', ( #2088, #1953 ) ) ;
#856 = ORIENTED_EDGE ( 'NONE', *, *, #1350, .T. ) ;
#857 = EDGE_CURVE ( 'NONE', #599, #1153, #1507, .T. ) ;
#858 = AXIS2_PLACEMENT_3D ( 'NONE', #711, #1237, #2066 ) ;
#859 = CARTESIAN_POINT ( 'NONE',  ( 4.650000000000001243, 101.0408702444035356, 0.000000000000000000 ) ) ;
#860 = FACE_OUTER_BOUND ( 'NONE', #1, .T. ) ;
#861 = CARTESIAN_POINT ( 'NONE',  ( -15.50000000000000000, 64.76808374630067533, 6.000000000000000000 ) ) ;
#862 = VERTEX_POINT ( 'NONE', #152 ) ;
#863 = DIRECTION ( 'NONE',  ( -0.000000000000000000, 0.000000000000000000, 1.000000000000000000 ) ) ;
#864 = EDGE_LOOP ( 'NONE', ( #1923, #2176, #2245, #1472 ) ) ;
#865 = EDGE_LOOP ( 'NONE', ( #1735, #1926, #398, #1742 ) ) ;
#866 = ORIENTED_EDGE ( 'NONE', *, *, #1551, .F. ) ;
#867 = DIRECTION ( 'NONE',  ( -0.000000000000000000, -0.000000000000000000, 1.000000000000000000 ) ) ;
#868 = CARTESIAN_POINT ( 'NONE',  ( 8.504999999999993676, 112.0000000000000000, 0.000000000000000000 ) ) ;
#869 = EDGE_CURVE ( 'NONE', #449, #543, #417, .T. ) ;
#870 = CARTESIAN_POINT ( 'NONE',  ( -11.41411408540401595, 51.46428571428572241, 0.000000000000000000 ) ) ;
#871 = ADVANCED_FACE ( 'NONE', ( #638 ), #1931, .F. ) ;
#872 = CIRCLE ( 'NONE', #1644, 6.000000000000000000 ) ;
#873 = CARTESIAN_POINT ( 'NONE',  ( 14.94009082219750972, -1.339285714285713080, 0.000000000000000000 ) ) ;
#874 = ORIENTED_EDGE ( 'NONE', *, *, #533, .F. ) ;
#875 = PLANE ( 'NONE',  #2225 ) ;
#876 = AXIS2_PLACEMENT_3D ( 'NONE', #233, #1810, #85 ) ;
#877 = ORIENTED_EDGE ( 'NONE', *, *, #1408, .F. ) ;
#878 = CARTESIAN_POINT ( 'NONE',  ( -2.031615389693729234, 14.00000000000000000, 0.000000000000000000 ) ) ;
#879 = CARTESIAN_POINT ( 'NONE',  ( 5.107675155262756438E-15, 83.15500000000001535, 1.000000000000011324 ) ) ;
#880 = AXIS2_PLACEMENT_3D ( 'NONE', #1739, #186, #1401 ) ;
#881 = EDGE_CURVE ( 'NONE', #716, #1989, #2080, .T. ) ;
#882 = CARTESIAN_POINT ( 'NONE',  ( -6.011178813614782541E-15, 87.91500000000002046, 7.000000000000000000 ) ) ;
#883 = CIRCLE ( 'NONE', #705, 6.811910455765274541 ) ;
#884 = ORIENTED_EDGE ( 'NONE', *, *, #1365, .T. ) ;
#885 = CARTESIAN_POINT ( 'NONE',  ( -1.460351472855927223E-15, 112.0000000000000000, 7.000000000000000000 ) ) ;
#886 = ORIENTED_EDGE ( 'NONE', *, *, #1243, .F. ) ;
#887 = LINE ( 'NONE', #924, #455 ) ;
#888 = ORIENTED_EDGE ( 'NONE', *, *, #1706, .F. ) ;
#889 = DIRECTION ( 'NONE',  ( 1.000000000000000000, 3.698277896819309082E-15, 0.000000000000000000 ) ) ;
#890 = DIRECTION ( 'NONE',  ( -0.000000000000000000, -0.000000000000000000, 1.000000000000000000 ) ) ;
#891 = DIRECTION ( 'NONE',  ( 0.08928571428571438484, -0.9960060548131671743, 0.000000000000000000 ) ) ;
#892 = DIRECTION ( 'NONE',  ( -0.000000000000000000, -0.000000000000000000, -1.000000000000000000 ) ) ;
#893 = CARTESIAN_POINT ( 'NONE',  ( -6.011178813614782541E-15, 87.91500000000002046, 6.000000000000000000 ) ) ;
#894 = DIRECTION ( 'NONE',  ( -1.000000000000000000, 0.000000000000000000, 0.000000000000000000 ) ) ;
#895 = ADVANCED_FACE ( 'NONE', ( #1586 ), #360, .T. ) ;
#896 = VERTEX_POINT ( 'NONE', #1758 ) ;
#897 = DIRECTION ( 'NONE',  ( -1.000000000000000000, 0.000000000000000000, 0.000000000000000000 ) ) ;
#898 = EDGE_CURVE ( 'NONE', #1928, #896, #802, .T. ) ;
#899 = EDGE_CURVE ( 'NONE', #1816, #1418, #124, .T. ) ;
#900 = ORIENTED_EDGE ( 'NONE', *, *, #1255, .T. ) ;
#901 = DIRECTION ( 'NONE',  ( -1.000000000000000000, 0.000000000000000000, 0.000000000000000000 ) ) ;
#902 = EDGE_CURVE ( 'NONE', #2037, #169, #1362, .T. ) ;
#903 = CARTESIAN_POINT ( 'NONE',  ( 6.784704058787334624, 84.86449619345098938, 5.000000000000000000 ) ) ;
#904 = LINE ( 'NONE', #1808, #656 ) ;
#905 = AXIS2_PLACEMENT_3D ( 'NONE', #763, #249, #793 ) ;
#906 = CARTESIAN_POINT ( 'NONE',  ( 0.000000000000000000, 0.000000000000000000, 5.000000000000000000 ) ) ;
#907 = ORIENTED_EDGE ( 'NONE', *, *, #1588, .F. ) ;
#908 = LINE ( 'NONE', #1394, #1830 ) ;
#909 = AXIS2_PLACEMENT_3D ( 'NONE', #460, #1310, #645 ) ;
#910 = EDGE_LOOP ( 'NONE', ( #1839, #1199, #2007, #372 ) ) ;
#911 = PLANE ( 'NONE',  #1024 ) ;
#912 = VECTOR ( 'NONE', #598, 1000.000000000000000 ) ;
#913 = AXIS2_PLACEMENT_3D ( 'NONE', #838, #1539, #2229 ) ;
#914 = ORIENTED_EDGE ( 'NONE', *, *, #1960, .T. ) ;
#915 = ADVANCED_FACE ( 'NONE', ( #1922 ), #1264, .T. ) ;
#916 =( NAMED_UNIT ( * ) SI_UNIT ( $, .STERADIAN. ) SOLID_ANGLE_UNIT ( ) );
#917 = CARTESIAN_POINT ( 'NONE',  ( -15.50000000000000000, 64.76808374630067533, 5.000000000000000000 ) ) ;
#918 = DIRECTION ( 'NONE',  ( -0.000000000000000000, 0.000000000000000000, 1.000000000000000000 ) ) ;
#919 = AXIS2_PLACEMENT_3D ( 'NONE', #2240, #1032, #9 ) ;
#920 = CARTESIAN_POINT ( 'NONE',  ( -5.521320093955841160E-15, 91.91500000000002046, 6.000000000000000000 ) ) ;
#921 = VERTEX_POINT ( 'NONE', #903 ) ;
#922 = CARTESIAN_POINT ( 'NONE',  ( -2.592160259463033967, 89.91500000000002046, 7.000000000000000000 ) ) ;
#923 = VERTEX_POINT ( 'NONE', #12 ) ;
#924 = CARTESIAN_POINT ( 'NONE',  ( -2.750000000000005773, 87.91500000000002046, 7.000000000000000000 ) ) ;
#925 = CIRCLE ( 'NONE', #2122, 1.699999999999999956 ) ;
#926 = CIRCLE ( 'NONE', #745, 10.00000000000000000 ) ;
#927 = ORIENTED_EDGE ( 'NONE', *, *, #1580, .T. ) ;
#928 = CARTESIAN_POINT ( 'NONE',  ( 11.41411408540402306, 51.46428571428574372, 0.000000000000000000 ) ) ;
#929 = ADVANCED_FACE ( 'NONE', ( #187 ), #1413, .F. ) ;
#930 = CARTESIAN_POINT ( 'NONE',  ( 0.000000000000000000, 85.47270248414432103, 5.000000000000000000 ) ) ;
#931 = DIRECTION ( 'NONE',  ( 0.08928571428571445423, -0.9960060548131671743, 0.000000000000000000 ) ) ;
#932 = EDGE_CURVE ( 'NONE', #1976, #1803, #2231, .T. ) ;
#933 = DIRECTION ( 'NONE',  ( -1.000000000000000000, 0.000000000000000000, 0.000000000000000000 ) ) ;
#934 = ORIENTED_EDGE ( 'NONE', *, *, #204, .T. ) ;
#935 = DIRECTION ( 'NONE',  ( -0.08928571428571471791, 0.9960060548131670632, 0.000000000000000000 ) ) ;
#936 = ORIENTED_EDGE ( 'NONE', *, *, #1146, .T. ) ;
#937 = CARTESIAN_POINT ( 'NONE',  ( -6.011178813614782541E-15, 87.91500000000002046, 6.000000000000000000 ) ) ;
#938 = ORIENTED_EDGE ( 'NONE', *, *, #474, .T. ) ;
#939 = APPROVAL_STATUS ( 'not_yet_approved' ) ;
#940 = DIRECTION ( 'NONE',  ( -0.08928571428571471791, 0.9960060548131670632, 0.000000000000000000 ) ) ;
#941 = LINE ( 'NONE', #1782, #1970 ) ;
#942 = DIRECTION ( 'NONE',  ( -1.000000000000000000, 0.000000000000000000, 0.000000000000000000 ) ) ;
#943 = ORIENTED_EDGE ( 'NONE', *, *, #2028, .T. ) ;
#944 = CLOSED_SHELL ( 'NONE', ( #1239, #1709, #871, #1308, #1875, #2113, #1878, #1182, #464, #1645, #1381, #1311, #1236, #616, #1576, #506, #337, #340, #1067, #1917, #2179, #576, #518, #1074, #183, #1172, #155, #2186, #1627, #915, #761, #682, #1314, #442, #213, #1484, #1421, #829, #929, #1889, #100, #1412, #314, #1109, #109, #2108, #766, #1905, #1809, #479, #240, #1294, #2106, #2057, #1000, #28, #1476, #1383, #25, #970, #344, #1279, #775, #178, #895, #958, #1269, #1140, #29 ) ) ;
#945 = LINE ( 'NONE', #1844, #1220 ) ;
#946 = EDGE_CURVE ( 'NONE', #18, #2062, #720, .T. ) ;
#947 = DIRECTION ( 'NONE',  ( -0.000000000000000000, 0.000000000000000000, 1.000000000000000000 ) ) ;
#948 = VECTOR ( 'NONE', #282, 1000.000000000000000 ) ;
#949 = ORIENTED_EDGE ( 'NONE', *, *, #648, .T. ) ;
#950 = DATE_AND_TIME ( #974, #1046 ) ;
#951 = CYLINDRICAL_SURFACE ( 'NONE', #1509, 6.000000000000000000 ) ;
#952 = CARTESIAN_POINT ( 'NONE',  ( -1.460351472855927223E-15, 112.0000000000000000, 4.500000000000000888 ) ) ;
#953 = AXIS2_PLACEMENT_3D ( 'NONE', #1050, #709, #1093 ) ;
#954 = ORIENTED_EDGE ( 'NONE', *, *, #1824, .F. ) ;
#955 = CARTESIAN_POINT ( 'NONE',  ( -13.65000000000000036, 101.0408702444035356, 0.000000000000000000 ) ) ;
#956 = VECTOR ( 'NONE', #1181, 1000.000000000000000 ) ;
#957 = VERTEX_POINT ( 'NONE', #870 ) ;
#958 = ADVANCED_FACE ( 'NONE', ( #1055 ), #1767, .F. ) ;
#959 = CYLINDRICAL_SURFACE ( 'NONE', #2217, 10.00000000000000000 ) ;
#960 = VECTOR ( 'NONE', #219, 999.9999999999998863 ) ;
#961 = VERTEX_POINT ( 'NONE', #1748 ) ;
#962 = ORIENTED_EDGE ( 'NONE', *, *, #2182, .F. ) ;
#963 = DIRECTION ( 'NONE',  ( -0.000000000000000000, -0.000000000000000000, -1.000000000000000000 ) ) ;
#964 = CARTESIAN_POINT ( 'NONE',  ( 15.50000000000000000, 64.76808374630067533, 6.000000000000000000 ) ) ;
#965 = EDGE_LOOP ( 'NONE', ( #234, #511, #2022, #1374 ) ) ;
#966 = DIRECTION ( 'NONE',  ( -1.939769720200896903E-16, 1.000000000000000000, 0.000000000000000000 ) ) ;
#967 = ORIENTED_EDGE ( 'NONE', *, *, #828, .T. ) ;
#968 = CIRCLE ( 'NONE', #1843, 7.504999999999999893 ) ;
#969 = CARTESIAN_POINT ( 'NONE',  ( -2.715956134393992194, 91.48362745098042126, 7.000000000000000000 ) ) ;
#970 = ADVANCED_FACE ( 'NONE', ( #196 ), #2110, .F. ) ;
#971 = VERTEX_POINT ( 'NONE', #2100 ) ;
#972 = VERTEX_POINT ( 'NONE', #549 ) ;
#973 = EDGE_CURVE ( 'NONE', #488, #754, #1240, .T. ) ;
#974 = CALENDAR_DATE ( 2026, 7, 10 ) ;
#975 = DIRECTION ( 'NONE',  ( 0.000000000000000000, 0.000000000000000000, 1.000000000000000000 ) ) ;
#976 = UNCERTAINTY_MEASURE_WITH_UNIT (LENGTH_MEASURE( 1.000000000000000082E-05 ), #1262, 'distance_accuracy_value', 'NONE');
#977 = DIRECTION ( 'NONE',  ( -0.000000000000000000, -0.000000000000000000, 1.000000000000000000 ) ) ;
#978 = VECTOR ( 'NONE', #473, 1000.000000000000000 ) ;
#979 = EDGE_CURVE ( 'NONE', #1928, #2042, #1564, .T. ) ;
#980 = DIRECTION ( 'NONE',  ( -1.000000000000000000, 0.000000000000000000, 0.000000000000000000 ) ) ;
#981 = DIRECTION ( 'NONE',  ( -0.000000000000000000, -0.000000000000000000, -1.000000000000000000 ) ) ;
#982 = CARTESIAN_POINT ( 'NONE',  ( -6.011178813614782541E-15, 87.91500000000002046, 5.000000000000000000 ) ) ;
#983 = ORIENTED_EDGE ( 'NONE', *, *, #1616, .T. ) ;
#984 = ORIENTED_EDGE ( 'NONE', *, *, #1946, .T. ) ;
#985 = DATE_AND_TIME ( #2202, #2096 ) ;
#986 = LINE ( 'NONE', #1334, #1292 ) ;
#987 = DIRECTION ( 'NONE',  ( -1.000000000000000000, 0.000000000000000000, 0.000000000000000000 ) ) ;
#988 = CIRCLE ( 'NONE', #10, 25.00000000000000000 ) ;
#989 = VECTOR ( 'NONE', #23, 1000.000000000000000 ) ;
#990 = CARTESIAN_POINT ( 'NONE',  ( -1.460351472855927223E-15, 112.0000000000000000, 7.000000000000000000 ) ) ;
#991 = VERTEX_POINT ( 'NONE', #47 ) ;
#992 = FACE_OUTER_BOUND ( 'NONE', #2234, .T. ) ;
#993 = DIRECTION ( 'NONE',  ( -0.7071067811865513475, -3.429060807735983947E-17, -0.7071067811865436870 ) ) ;
#994 = ORIENTED_EDGE ( 'NONE', *, *, #1210, .F. ) ;
#995 = EDGE_LOOP ( 'NONE', ( #1666, #1244 ) ) ;
#996 = FACE_OUTER_BOUND ( 'NONE', #400, .T. ) ;
#997 = DIRECTION ( 'NONE',  ( -1.000000000000000000, 0.000000000000000000, 0.000000000000000000 ) ) ;
#998 = PRODUCT_RELATED_PRODUCT_CATEGORY ( 'detail', '', ( #728 ) ) ;
#999 = DIRECTION ( 'NONE',  ( -0.000000000000000000, -0.000000000000000000, -1.000000000000000000 ) ) ;
#1000 = ADVANCED_FACE ( 'NONE', ( #572 ), #566, .T. ) ;
#1001 = DIRECTION ( 'NONE',  ( -0.000000000000000000, -0.000000000000000000, 1.000000000000000000 ) ) ;
#1002 = EDGE_CURVE ( 'NONE', #377, #862, #1468, .T. ) ;
#1003 = FACE_OUTER_BOUND ( 'NONE', #331, .T. ) ;
#1004 = EDGE_LOOP ( 'NONE', ( #316, #1988, #934, #1207 ) ) ;
#1005 = EDGE_LOOP ( 'NONE', ( #592, #1477, #1636, #1648 ) ) ;
#1006 = ORIENTED_EDGE ( 'NONE', *, *, #1214, .T. ) ;
#1007 = CARTESIAN_POINT ( 'NONE',  ( -6.011178813614782541E-15, 87.91500000000002046, 7.000000000000000000 ) ) ;
#1008 = DIRECTION ( 'NONE',  ( 1.000000000000000000, 0.000000000000000000, 0.000000000000000000 ) ) ;
#1009 = DIRECTION ( 'NONE',  ( -0.000000000000000000, -0.000000000000000000, 1.000000000000000000 ) ) ;
#1010 = VECTOR ( 'NONE', #1358, 1000.000000000000000 ) ;
#1011 = EDGE_CURVE ( 'NONE', #1014, #2042, #1143, .T. ) ;
#1012 = DIRECTION ( 'NONE',  ( 1.000000000000000000, 0.000000000000000000, 0.000000000000000000 ) ) ;
#1013 = CARTESIAN_POINT ( 'NONE',  ( -2.715956134393992638, 88.34637254901963388, 7.000000000000000000 ) ) ;
#1014 = VERTEX_POINT ( 'NONE', #1482 ) ;
#1015 = ORIENTED_EDGE ( 'NONE', *, *, #1111, .T. ) ;
#1016 = AXIS2_PLACEMENT_3D ( 'NONE', #435, #947, #1825 ) ;
#1017 = ORIENTED_EDGE ( 'NONE', *, *, #1846, .T. ) ;
#1018 = DIRECTION ( 'NONE',  ( 0.000000000000000000, -0.000000000000000000, -1.000000000000000000 ) ) ;
#1019 = DIRECTION ( 'NONE',  ( -0.000000000000000000, -0.000000000000000000, -1.000000000000000000 ) ) ;
#1020 = CARTESIAN_POINT ( 'NONE',  ( 8.007651718572747157, 13.46428571428571530, 5.000000000000000000 ) ) ;
#1021 = CARTESIAN_POINT ( 'NONE',  ( -2.000000000000000000, 0.000000000000000000, 5.000000000000000000 ) ) ;
#1022 = AXIS2_PLACEMENT_3D ( 'NONE', #486, #1175, #2233 ) ;
#1023 = CARTESIAN_POINT ( 'NONE',  ( 1.799999999999997158, 112.0000000000000000, 7.000000000000000000 ) ) ;
#1024 = AXIS2_PLACEMENT_3D ( 'NONE', #1430, #2104, #544 ) ;
#1025 = CYLINDRICAL_SURFACE ( 'NONE', #242, 4.000000000000000888 ) ;
#1026 = EDGE_CURVE ( 'NONE', #1028, #817, #254, .T. ) ;
#1027 = ORIENTED_EDGE ( 'NONE', *, *, #1506, .T. ) ;
#1028 = VERTEX_POINT ( 'NONE', #2145 ) ;
#1029 = VECTOR ( 'NONE', #1657, 1000.000000000000000 ) ;
#1030 = ORIENTED_EDGE ( 'NONE', *, *, #1141, .T. ) ;
#1031 = LINE ( 'NONE', #21, #1622 ) ;
#1032 = DIRECTION ( 'NONE',  ( -0.000000000000000000, -0.000000000000000000, -1.000000000000000000 ) ) ;
#1033 = VECTOR ( 'NONE', #963, 1000.000000000000000 ) ;
#1034 = CARTESIAN_POINT ( 'NONE',  ( 25.00000000000000000, 112.0000000000000000, 5.000000000000000000 ) ) ;
#1035 = AXIS2_PLACEMENT_3D ( 'NONE', #842, #307, #1697 ) ;
#1036 = AXIS2_PLACEMENT_3D ( 'NONE', #1969, #2139, #1291 ) ;
#1037 = DIRECTION ( 'NONE',  ( 1.000000000000000000, 0.000000000000000000, 0.000000000000000000 ) ) ;
#1038 = DIRECTION ( 'NONE',  ( -0.000000000000000000, -0.000000000000000000, -1.000000000000000000 ) ) ;
#1039 = EDGE_LOOP ( 'NONE', ( #1300, #962, #1566, #1342 ) ) ;
#1040 = ORIENTED_EDGE ( 'NONE', *, *, #1121, .T. ) ;
#1041 = EDGE_CURVE ( 'NONE', #1363, #524, #281, .T. ) ;
#1042 = ORIENTED_EDGE ( 'NONE', *, *, #2182, .T. ) ;
#1043 = DIRECTION ( 'NONE',  ( 0.08928571428571424606, 0.9960060548131671743, 0.000000000000000000 ) ) ;
#1044 = PLANE ( 'NONE',  #880 ) ;
#1045 = CARTESIAN_POINT ( 'NONE',  ( -15.50000000000000000, 64.76808374630067533, 5.000000000000000000 ) ) ;
#1046 = LOCAL_TIME ( 13, 28, 18.00000000000000000, #1164 ) ;
#1047 = EDGE_LOOP ( 'NONE', ( #1163, #1042, #1711, #97 ) ) ;
#1048 = FACE_OUTER_BOUND ( 'NONE', #613, .T. ) ;
#1049 = ORIENTED_EDGE ( 'NONE', *, *, #979, .F. ) ;
#1050 = CARTESIAN_POINT ( 'NONE',  ( -1.460351472855927223E-15, 112.0000000000000000, 7.000000000000000000 ) ) ;
#1051 = CONICAL_SURFACE ( 'NONE', #1234, 10.00000000000000000, 0.7853981633974415066 ) ;
#1052 = VERTEX_POINT ( 'NONE', #2135 ) ;
#1053 = DIRECTION ( 'NONE',  ( -0.000000000000000000, 0.000000000000000000, 1.000000000000000000 ) ) ;
#1054 = LINE ( 'NONE', #2047, #82 ) ;
#1055 = FACE_OUTER_BOUND ( 'NONE', #1881, .T. ) ;
#1056 = CIRCLE ( 'NONE', #376, 10.00000000000000000 ) ;
#1057 = LINE ( 'NONE', #1599, #456 ) ;
#1058 = ORIENTED_EDGE ( 'NONE', *, *, #857, .T. ) ;
#1059 = CARTESIAN_POINT ( 'NONE',  ( -14.94009082219750439, -1.339285714285713080, 5.000000000000000000 ) ) ;
#1060 = CIRCLE ( 'NONE', #485, 1.600000000000009415 ) ;
#1061 = VERTEX_POINT ( 'NONE', #626 ) ;
#1062 = FACE_OUTER_BOUND ( 'NONE', #1047, .T. ) ;
#1063 = DIRECTION ( 'NONE',  ( -0.7071067811865420216, 0.000000000000000000, -0.7071067811865531239 ) ) ;
#1064 = CIRCLE ( 'NONE', #197, 3.650000000000013678 ) ;
#1065 = CARTESIAN_POINT ( 'NONE',  ( 12.59216025946302331, 89.91500000000002046, 7.000000000000000000 ) ) ;
#1066 = DIRECTION ( 'NONE',  ( 0.000000000000000000, 0.000000000000000000, 1.000000000000000000 ) ) ;
#1067 = ADVANCED_FACE ( 'NONE', ( #2000 ), #584, .F. ) ;
#1068 = ORIENTED_EDGE ( 'NONE', *, *, #1460, .F. ) ;
#1069 = EDGE_CURVE ( 'NONE', #2246, #1386, #1458, .T. ) ;
#1070 = DIRECTION ( 'NONE',  ( -1.000000000000000000, 0.000000000000000000, 0.000000000000000000 ) ) ;
#1071 = EDGE_CURVE ( 'NONE', #781, #2062, #2159, .T. ) ;
#1072 = EDGE_LOOP ( 'NONE', ( #1642, #426, #710, #1107 ) ) ;
#1073 = LINE ( 'NONE', #2141, #1135 ) ;
#1074 = ADVANCED_FACE ( 'NONE', ( #1286, #243, #1099 ), #1086, .F. ) ;
#1075 = ORIENTED_EDGE ( 'NONE', *, *, #1588, .T. ) ;
#1076 = DIRECTION ( 'NONE',  ( 1.000000000000000000, 0.000000000000000000, 0.000000000000000000 ) ) ;
#1077 = CARTESIAN_POINT ( 'NONE',  ( -1.460351472855927223E-15, 112.0000000000000000, 5.000000000000000000 ) ) ;
#1078 = DIRECTION ( 'NONE',  ( -0.000000000000000000, -0.000000000000000000, -1.000000000000000000 ) ) ;
#1079 = ORIENTED_EDGE ( 'NONE', *, *, #1749, .T. ) ;
#1080 = CARTESIAN_POINT ( 'NONE',  ( 4.650000000000003908, 83.15500000000001535, 0.000000000000000000 ) ) ;
#1081 = EDGE_CURVE ( 'NONE', #449, #1439, #1780, .T. ) ;
#1082 = ORIENTED_EDGE ( 'NONE', *, *, #1919, .T. ) ;
#1083 = LINE ( 'NONE', #1625, #158 ) ;
#1084 = CIRCLE ( 'NONE', #2173, 2.000000000000000000 ) ;
#1085 = ORIENTED_EDGE ( 'NONE', *, *, #1193, .T. ) ;
#1086 = PLANE ( 'NONE',  #131 ) ;
#1087 = CARTESIAN_POINT ( 'NONE',  ( -3.650000000000000355, 101.0408702444035356, 5.000000000000000000 ) ) ;
#1088 = LINE ( 'NONE', #1641, #1428 ) ;
#1089 = VERTEX_POINT ( 'NONE', #2012 ) ;
#1090 = CARTESIAN_POINT ( 'NONE',  ( -1.460351472855927223E-15, 112.0000000000000000, 5.500000000000000000 ) ) ;
#1091 = AXIS2_PLACEMENT_3D ( 'NONE', #291, #977, #96 ) ;
#1092 = ORIENTED_EDGE ( 'NONE', *, *, #2082, .T. ) ;
#1093 = DIRECTION ( 'NONE',  ( -1.000000000000000000, 0.000000000000000000, 0.000000000000000000 ) ) ;
#1094 = EDGE_CURVE ( 'NONE', #18, #991, #201, .T. ) ;
#1095 = VECTOR ( 'NONE', #931, 1000.000000000000000 ) ;
#1096 = AXIS2_PLACEMENT_3D ( 'NONE', #528, #1391, #1572 ) ;
#1097 = ORIENTED_EDGE ( 'NONE', *, *, #1802, .T. ) ;
#1098 = APPLICATION_PROTOCOL_DEFINITION ( 'international standard', 'config_control_design', 1994, #1420 ) ;
#1099 = FACE_OUTER_BOUND ( 'NONE', #1834, .T. ) ;
#1100 = DIRECTION ( 'NONE',  ( -1.000000000000000000, 0.000000000000000000, 0.000000000000000000 ) ) ;
#1101 = CIRCLE ( 'NONE', #310, 2.750000000000000000 ) ;
#1102 = CARTESIAN_POINT ( 'NONE',  ( -1.460351472855927223E-15, 112.0000000000000000, 0.000000000000000000 ) ) ;
#1103 = ORIENTED_EDGE ( 'NONE', *, *, #1650, .T. ) ;
#1104 = CARTESIAN_POINT ( 'NONE',  ( 13.65000000000000391, 101.0408702444035356, 5.000000000000000000 ) ) ;
#1105 = ORIENTED_EDGE ( 'NONE', *, *, #2082, .F. ) ;
#1106 = DIRECTION ( 'NONE',  ( -1.000000000000000000, 0.000000000000000000, 0.000000000000000000 ) ) ;
#1107 = ORIENTED_EDGE ( 'NONE', *, *, #762, .F. ) ;
#1108 = VERTEX_POINT ( 'NONE', #1820 ) ;
#1109 = ADVANCED_FACE ( 'NONE', ( #414 ), #606, .T. ) ;
#1110 = LINE ( 'NONE', #1805, #421 ) ;
#1111 = EDGE_CURVE ( 'NONE', #921, #1893, #883, .T. ) ;
#1112 = CARTESIAN_POINT ( 'NONE',  ( 6.746448236554266842, -0.6047768954630875493, -0.001000000000000132727 ) ) ;
#1113 = CARTESIAN_POINT ( 'NONE',  ( 15.50000000000000000, 64.76808374630067533, 5.000000000000000000 ) ) ;
#1114 = DIRECTION ( 'NONE',  ( 1.000000000000000000, 0.000000000000000000, 0.000000000000000000 ) ) ;
#1115 = ORIENTED_EDGE ( 'NONE', *, *, #973, .T. ) ;
#1116 = DIRECTION ( 'NONE',  ( 0.000000000000000000, -0.000000000000000000, -1.000000000000000000 ) ) ;
#1117 = ORIENTED_EDGE ( 'NONE', *, *, #666, .F. ) ;
#1118 = FACE_OUTER_BOUND ( 'NONE', #609, .T. ) ;
#1119 = EDGE_LOOP ( 'NONE', ( #1079, #1131, #633, #2054 ) ) ;
#1120 = ORIENTED_EDGE ( 'NONE', *, *, #608, .T. ) ;
#1121 = EDGE_CURVE ( 'NONE', #843, #1272, #70, .T. ) ;
#1122 = PERSON_AND_ORGANIZATION_ROLE ( 'classification_officer' ) ;
#1123 = CARTESIAN_POINT ( 'NONE',  ( -1.460351472855927223E-15, 112.0000000000000000, 5.000000000000000000 ) ) ;
#1124 = CARTESIAN_POINT ( 'NONE',  ( 24.90015137032918346, 109.7678571428571388, 0.000000000000000000 ) ) ;
#1125 = ORIENTED_EDGE ( 'NONE', *, *, #1011, .F. ) ;
#1126 = DIRECTION ( 'NONE',  ( -0.000000000000000000, -0.000000000000000000, -1.000000000000000000 ) ) ;
#1127 = VECTOR ( 'NONE', #631, 1000.000000000000000 ) ;
#1128 = ORIENTED_EDGE ( 'NONE', *, *, #103, .T. ) ;
#1129 = DIRECTION ( 'NONE',  ( -0.000000000000000000, 0.000000000000000000, 1.000000000000000000 ) ) ;
#1130 = VERTEX_POINT ( 'NONE', #617 ) ;
#1131 = ORIENTED_EDGE ( 'NONE', *, *, #2154, .T. ) ;
#1132 = CALENDAR_DATE ( 2026, 7, 10 ) ;
#1133 = CARTESIAN_POINT ( 'NONE',  ( -1.800000000000000266, 112.0000000000000000, 7.000000000000000000 ) ) ;
#1134 = DIRECTION ( 'NONE',  ( 0.000000000000000000, 0.000000000000000000, 1.000000000000000000 ) ) ;
#1135 = VECTOR ( 'NONE', #410, 1000.000000000000000 ) ;
#1136 = ORIENTED_EDGE ( 'NONE', *, *, #1548, .T. ) ;
#1137 = AXIS2_PLACEMENT_3D ( 'NONE', #1914, #361, #1577 ) ;
#1138 = DIRECTION ( 'NONE',  ( -0.000000000000000000, -0.000000000000000000, -1.000000000000000000 ) ) ;
#1139 = EDGE_CURVE ( 'NONE', #1418, #1816, #1178, .T. ) ;
#1140 = ADVANCED_FACE ( 'NONE', ( #81 ), #951, .F. ) ;
#1141 = EDGE_CURVE ( 'NONE', #102, #2037, #1653, .T. ) ;
#1142 = DIRECTION ( 'NONE',  ( -0.000000000000000000, -0.000000000000000000, 1.000000000000000000 ) ) ;
#1143 = CIRCLE ( 'NONE', #2014, 8.504999999999995453 ) ;
#1144 = ORIENTED_EDGE ( 'NONE', *, *, #423, .T. ) ;
#1145 = ORIENTED_EDGE ( 'NONE', *, *, #574, .T. ) ;
#1146 = EDGE_CURVE ( 'NONE', #355, #972, #493, .T. ) ;
#1147 = AXIS2_PLACEMENT_3D ( 'NONE', #358, #1053, #1410 ) ;
#1148 = CARTESIAN_POINT ( 'NONE',  ( 0.000000000000000000, 0.000000000000000000, 0.000000000000000000 ) ) ;
#1149 = VECTOR ( 'NONE', #1126, 1000.000000000000000 ) ;
#1150 = LINE ( 'NONE', #1168, #425 ) ;
#1151 = DIRECTION ( 'NONE',  ( 0.000000000000000000, 0.000000000000000000, -1.000000000000000000 ) ) ;
#1152 = CARTESIAN_POINT ( 'NONE',  ( -1.460351472855927223E-15, 112.0000000000000000, 5.500000000000000000 ) ) ;
#1153 = VERTEX_POINT ( 'NONE', #1684 ) ;
#1154 = AXIS2_PLACEMENT_3D ( 'NONE', #1584, #2089, #2098 ) ;
#1155 = FACE_OUTER_BOUND ( 'NONE', #2201, .T. ) ;
#1156 = ORIENTED_EDGE ( 'NONE', *, *, #272, .T. ) ;
#1157 = CARTESIAN_POINT ( 'NONE',  ( 7.504999999999998117, 112.0000000000000000, 5.000000000000000000 ) ) ;
#1158 = DIRECTION ( 'NONE',  ( -0.000000000000000000, -0.000000000000000000, 1.000000000000000000 ) ) ;
#1159 = DIRECTION ( 'NONE',  ( -0.000000000000000000, -0.000000000000000000, -1.000000000000000000 ) ) ;
#1160 = CARTESIAN_POINT ( 'NONE',  ( 6.784704058787334624, 84.86449619345098938, 7.000000000000000000 ) ) ;
#1161 = PLANE ( 'NONE',  #1331 ) ;
#1162 = ORIENTED_EDGE ( 'NONE', *, *, #1749, .F. ) ;
#1163 = ORIENTED_EDGE ( 'NONE', *, *, #1726, .T. ) ;
#1164 = COORDINATED_UNIVERSAL_TIME_OFFSET ( 3, 0, .BEHIND. ) ;
#1165 = CC_DESIGN_PERSON_AND_ORGANIZATION_ASSIGNMENT ( #2192, #1319, ( #601 ) ) ;
#1166 = AXIS2_PLACEMENT_3D ( 'NONE', #737, #892, #1424 ) ;
#1167 = EDGE_CURVE ( 'NONE', #620, #2120, #1150, .T. ) ;
#1168 = CARTESIAN_POINT ( 'NONE',  ( 11.41411408540402306, 51.46428571428572241, 0.000000000000000000 ) ) ;
#1169 = CARTESIAN_POINT ( 'NONE',  ( -25.00000000000000000, 112.0000000000000000, 0.000000000000000000 ) ) ;
#1170 = CIRCLE ( 'NONE', #1501, 10.00000000000000000 ) ;
#1171 = FACE_OUTER_BOUND ( 'NONE', #2167, .T. ) ;
#1172 = ADVANCED_FACE ( 'NONE', ( #799, #491, #1528, #117, #1517, #140 ), #634, .T. ) ;
#1173 = CARTESIAN_POINT ( 'NONE',  ( 5.438077756525019346, 58.00000000000000000, 5.000000000000000000 ) ) ;
#1174 = VECTOR ( 'NONE', #1063, 999.9999999999998863 ) ;
#1175 = DIRECTION ( 'NONE',  ( -0.000000000000000000, -0.000000000000000000, -1.000000000000000000 ) ) ;
#1176 = EDGE_LOOP ( 'NONE', ( #587, #545, #1250, #1197 ) ) ;
#1177 = EDGE_LOOP ( 'NONE', ( #1916, #20 ) ) ;
#1178 = CIRCLE ( 'NONE', #2084, 1.600000000000012967 ) ;
#1179 = VERTEX_POINT ( 'NONE', #149 ) ;
#1180 = DIRECTION ( 'NONE',  ( 0.000000000000000000, -0.000000000000000000, -1.000000000000000000 ) ) ;
#1181 = DIRECTION ( 'NONE',  ( 0.000000000000000000, 0.000000000000000000, -1.000000000000000000 ) ) ;
#1182 = ADVANCED_FACE ( 'NONE', ( #669 ), #2025, .F. ) ;
#1183 = DIRECTION ( 'NONE',  ( -0.000000000000000000, -0.000000000000000000, 1.000000000000000000 ) ) ;
#1184 = DIRECTION ( 'NONE',  ( -0.000000000000000000, -0.000000000000000000, -1.000000000000000000 ) ) ;
#1185 = DIRECTION ( 'NONE',  ( -0.000000000000000000, -0.000000000000000000, -1.000000000000000000 ) ) ;
#1186 = ORIENTED_EDGE ( 'NONE', *, *, #664, .T. ) ;
#1187 = VERTEX_POINT ( 'NONE', #823 ) ;
#1188 = ORIENTED_EDGE ( 'NONE', *, *, #199, .F. ) ;
#1189 = CARTESIAN_POINT ( 'NONE',  ( 5.438077756525019346, 52.00000000000000711, 5.000000000000000000 ) ) ;
#1190 = CARTESIAN_POINT ( 'NONE',  ( -1.460351472855927223E-15, 112.0000000000000000, 5.000000000000000000 ) ) ;
#1191 = LINE ( 'NONE', #1020, #462 ) ;
#1192 = AXIS2_PLACEMENT_3D ( 'NONE', #144, #166, #338 ) ;
#1193 = EDGE_CURVE ( 'NONE', #216, #1817, #986, .T. ) ;
#1194 = DIRECTION ( 'NONE',  ( 0.000000000000000000, -0.000000000000000000, -1.000000000000000000 ) ) ;
#1195 = DIRECTION ( 'NONE',  ( -1.000000000000000000, 0.000000000000000000, 0.000000000000000000 ) ) ;
#1196 = VERTEX_POINT ( 'NONE', #1157 ) ;
#1197 = ORIENTED_EDGE ( 'NONE', *, *, #735, .F. ) ;
#1198 = VECTOR ( 'NONE', #1531, 1000.000000000000000 ) ;
#1199 = ORIENTED_EDGE ( 'NONE', *, *, #2224, .F. ) ;
#1200 = CARTESIAN_POINT ( 'NONE',  ( -1.460351472855927223E-15, 112.0000000000000000, 1.000000000000011324 ) ) ;
#1201 = DIRECTION ( 'NONE',  ( 0.08928571428571471791, 0.9960060548131670632, 0.000000000000000000 ) ) ;
#1202 = CIRCLE ( 'NONE', #517, 25.00000000000000000 ) ;
#1203 = DIRECTION ( 'NONE',  ( -0.000000000000000000, -0.000000000000000000, -1.000000000000000000 ) ) ;
#1204 = DIRECTION ( 'NONE',  ( 0.5513857505396322356, -0.4426892297106853613, -0.7071067811865521247 ) ) ;
#1205 = CIRCLE ( 'NONE', #2006, 2.000000000000000000 ) ;
#1206 = AXIS2_PLACEMENT_3D ( 'NONE', #2058, #315, #1900 ) ;
#1207 = ORIENTED_EDGE ( 'NONE', *, *, #1455, .T. ) ;
#1208 = EDGE_CURVE ( 'NONE', #1028, #1290, #313, .T. ) ;
#1209 = LINE ( 'NONE', #2060, #722 ) ;
#1210 = EDGE_CURVE ( 'NONE', #783, #653, #604, .T. ) ;
#1211 = CARTESIAN_POINT ( 'NONE',  ( -8.504999999999997229, 112.0000000000000000, 0.000000000000000000 ) ) ;
#1212 = ORIENTED_EDGE ( 'NONE', *, *, #368, .F. ) ;
#1213 = ORIENTED_EDGE ( 'NONE', *, *, #385, .F. ) ;
#1214 = EDGE_CURVE ( 'NONE', #653, #211, #397, .T. ) ;
#1215 = EDGE_LOOP ( 'NONE', ( #448, #1961, #1006, #1984 ) ) ;
#1216 = CARTESIAN_POINT ( 'NONE',  ( -13.65000000000000036, 101.0408702444035356, 5.000000000000000000 ) ) ;
#1217 = DIRECTION ( 'NONE',  ( 1.000000000000000000, 0.000000000000000000, -0.000000000000000000 ) ) ;
#1218 = DIRECTION ( 'NONE',  ( 0.000000000000000000, 0.000000000000000000, 1.000000000000000000 ) ) ;
#1219 = CIRCLE ( 'NONE', #532, 10.00000000000000000 ) ;
#1220 = VECTOR ( 'NONE', #935, 1000.000000000000227 ) ;
#1221 = EDGE_LOOP ( 'NONE', ( #1341, #2138, #589, #512 ) ) ;
#1222 = FACE_BOUND ( 'NONE', #44, .T. ) ;
#1223 = EDGE_CURVE ( 'NONE', #288, #620, #500, .T. ) ;
#1224 = ORIENTED_EDGE ( 'NONE', *, *, #45, .F. ) ;
#1225 = ORIENTED_EDGE ( 'NONE', *, *, #1520, .T. ) ;
#1226 = ORIENTED_EDGE ( 'NONE', *, *, #1580, .F. ) ;
#1227 = DIRECTION ( 'NONE',  ( -0.000000000000000000, -0.000000000000000000, 1.000000000000000000 ) ) ;
#1228 = DIRECTION ( 'NONE',  ( 0.000000000000000000, -0.000000000000000000, 1.000000000000000000 ) ) ;
#1229 = DIRECTION ( 'NONE',  ( -1.000000000000000000, 0.000000000000000000, 0.000000000000000000 ) ) ;
#1230 = DIRECTION ( 'NONE',  ( -0.000000000000000000, -0.000000000000000000, -1.000000000000000000 ) ) ;
#1231 = FACE_OUTER_BOUND ( 'NONE', #1649, .T. ) ;
#1232 = EDGE_LOOP ( 'NONE', ( #2165, #251, #457, #1827 ) ) ;
#1233 = DIRECTION ( 'NONE',  ( 1.000000000000000000, 0.000000000000000000, 0.000000000000000000 ) ) ;
#1234 = AXIS2_PLACEMENT_3D ( 'NONE', #399, #1789, #1233 ) ;
#1235 = ORIENTED_EDGE ( 'NONE', *, *, #740, .T. ) ;
#1236 = ADVANCED_FACE ( 'NONE', ( #996 ), #1850, .T. ) ;
#1237 = DIRECTION ( 'NONE',  ( -0.000000000000000000, -0.000000000000000000, 1.000000000000000000 ) ) ;
#1238 = CARTESIAN_POINT ( 'NONE',  ( -8.504999999999997229, 112.0000000000000000, 0.000000000000000000 ) ) ;
#1239 = ADVANCED_FACE ( 'NONE', ( #644 ), #1343, .T. ) ;
#1240 = LINE ( 'NONE', #1594, #1724 ) ;
#1241 = DIRECTION ( 'NONE',  ( -0.000000000000000000, 0.000000000000000000, 1.000000000000000000 ) ) ;
#1242 = AXIS2_PLACEMENT_3D ( 'NONE', #404, #2125, #1265 ) ;
#1243 = EDGE_CURVE ( 'NONE', #1196, #434, #968, .T. ) ;
#1244 = ORIENTED_EDGE ( 'NONE', *, *, #277, .F. ) ;
#1245 = DIRECTION ( 'NONE',  ( -0.000000000000000000, -0.000000000000000000, 1.000000000000000000 ) ) ;
#1246 = VERTEX_POINT ( 'NONE', #459 ) ;
#1247 = CARTESIAN_POINT ( 'NONE',  ( -1.460351472855927223E-15, 112.0000000000000000, 5.000000000000000000 ) ) ;
#1248 = CIRCLE ( 'NONE', #1719, 1.600000000000011191 ) ;
#1249 = CIRCLE ( 'NONE', #1652, 10.00000000000000000 ) ;
#1250 = ORIENTED_EDGE ( 'NONE', *, *, #898, .T. ) ;
#1251 = CARTESIAN_POINT ( 'NONE',  ( 5.852227934875750215, 107.3014413701370273, 5.000000000000000000 ) ) ;
#1252 = LOCAL_TIME ( 13, 28, 18.00000000000000000, #625 ) ;
#1253 = DIRECTION ( 'NONE',  ( -1.000000000000000000, 0.000000000000000000, 0.000000000000000000 ) ) ;
#1254 = CARTESIAN_POINT ( 'NONE',  ( 0.000000000000000000, 85.47270248414432103, 7.000000000000000000 ) ) ;
#1255 = EDGE_CURVE ( 'NONE', #1272, #1014, #179, .T. ) ;
#1256 = LINE ( 'NONE', #1945, #1898 ) ;
#1257 = CARTESIAN_POINT ( 'NONE',  ( 1.699999999999993738, 87.91500000000002046, 5.000000000000000000 ) ) ;
#1258 = AXIS2_PLACEMENT_3D ( 'NONE', #1853, #2027, #2205 ) ;
#1259 = ORIENTED_EDGE ( 'NONE', *, *, #1946, .F. ) ;
#1260 = FACE_BOUND ( 'NONE', #1804, .T. ) ;
#1261 = ORIENTED_EDGE ( 'NONE', *, *, #1683, .T. ) ;
#1262 =( LENGTH_UNIT ( ) NAMED_UNIT ( * ) SI_UNIT ( .MILLI., .METRE. ) );
#1263 = CIRCLE ( 'NONE', #784, 7.504999999999999893 ) ;
#1264 = PLANE ( 'NONE',  #164 ) ;
#1265 = DIRECTION ( 'NONE',  ( 1.000000000000000000, 0.000000000000000000, 0.000000000000000000 ) ) ;
#1266 = LINE ( 'NONE', #739, #768 ) ;
#1267 = ORIENTED_EDGE ( 'NONE', *, *, #1041, .F. ) ;
#1268 = DIRECTION ( 'NONE',  ( 4.849424300502242259E-17, -1.000000000000000000, 0.000000000000000000 ) ) ;
#1269 = ADVANCED_FACE ( 'NONE', ( #1841 ), #160, .F. ) ;
#1270 = ORIENTED_EDGE ( 'NONE', *, *, #2069, .F. ) ;
#1271 = CARTESIAN_POINT ( 'NONE',  ( -5.521320093955841160E-15, 91.91500000000002046, 6.000000000000000000 ) ) ;
#1272 = VERTEX_POINT ( 'NONE', #859 ) ;
#1273 = CARTESIAN_POINT ( 'NONE',  ( -4.650000000000003020, 101.0408702444035356, 0.000000000000000000 ) ) ;
#1274 = CARTESIAN_POINT ( 'NONE',  ( -1.460351472855927223E-15, 112.0000000000000000, 5.000000000000000000 ) ) ;
#1275 = CARTESIAN_POINT ( 'NONE',  ( -4.000000000000002665, 112.0000000000000000, 5.500000000000000000 ) ) ;
#1276 = EDGE_LOOP ( 'NONE', ( #726, #1633 ) ) ;
#1277 = CARTESIAN_POINT ( 'NONE',  ( -12.59216025946303397, 89.91500000000002046, 7.000000000000000000 ) ) ;
#1278 = AXIS2_PLACEMENT_3D ( 'NONE', #1322, #1151, #1746 ) ;
#1279 = ADVANCED_FACE ( 'NONE', ( #1592 ), #1388, .F. ) ;
#1280 = ORIENTED_EDGE ( 'NONE', *, *, #1615, .T. ) ;
#1281 = CARTESIAN_POINT ( 'NONE',  ( -1.460351472855927223E-15, 112.0000000000000000, 7.000000000000000000 ) ) ;
#1282 = EDGE_CURVE ( 'NONE', #1884, #1130, #1263, .T. ) ;
#1283 = VERTEX_POINT ( 'NONE', #1929 ) ;
#1284 = ORIENTED_EDGE ( 'NONE', *, *, #731, .T. ) ;
#1285 = CARTESIAN_POINT ( 'NONE',  ( 14.94009082219750972, -1.339285714285714413, 5.000000000000000000 ) ) ;
#1286 = FACE_BOUND ( 'NONE', #1433, .T. ) ;
#1287 = CARTESIAN_POINT ( 'NONE',  ( 2.592160259463023753, 89.91500000000002046, 7.000000000000000000 ) ) ;
#1288 = CIRCLE ( 'NONE', #1508, 6.000000000000000000 ) ;
#1289 = DIRECTION ( 'NONE',  ( 1.000000000000000000, 0.000000000000000000, 0.000000000000000000 ) ) ;
#1290 = VERTEX_POINT ( 'NONE', #185 ) ;
#1291 = DIRECTION ( 'NONE',  ( 1.939769720200896903E-16, -1.000000000000000000, 0.000000000000000000 ) ) ;
#1292 = VECTOR ( 'NONE', #2215, 1000.000000000000000 ) ;
#1293 = ORIENTED_EDGE ( 'NONE', *, *, #2023, .F. ) ;
#1294 = ADVANCED_FACE ( 'NONE', ( #702 ), #1562, .F. ) ;
#1295 = LINE ( 'NONE', #259, #833 ) ;
#1296 = ORIENTED_EDGE ( 'NONE', *, *, #581, .F. ) ;
#1297 = ORIENTED_EDGE ( 'NONE', *, *, #574, .F. ) ;
#1298 = DIRECTION ( 'NONE',  ( 0.000000000000000000, 0.000000000000000000, -1.000000000000000000 ) ) ;
#1299 = DIRECTION ( 'NONE',  ( 1.000000000000000000, 0.000000000000000000, 0.000000000000000000 ) ) ;
#1300 = ORIENTED_EDGE ( 'NONE', *, *, #1824, .T. ) ;
#1301 = DIRECTION ( 'NONE',  ( 1.000000000000000000, 0.000000000000000000, 0.000000000000000000 ) ) ;
#1302 = ORIENTED_EDGE ( 'NONE', *, *, #143, .F. ) ;
#1303 = DIRECTION ( 'NONE',  ( 1.000000000000000000, 0.000000000000000000, 0.000000000000000000 ) ) ;
#1304 = VERTEX_POINT ( 'NONE', #1729 ) ;
#1305 = AXIS2_PLACEMENT_3D ( 'NONE', #577, #552, #894 ) ;
#1306 = ORIENTED_EDGE ( 'NONE', *, *, #2044, .F. ) ;
#1307 = DATE_AND_TIME ( #2033, #1833 ) ;
#1308 = ADVANCED_FACE ( 'NONE', ( #1569 ), #8, .F. ) ;
#1309 = DIRECTION ( 'NONE',  ( 1.000000000000000000, 0.000000000000000000, 0.000000000000000000 ) ) ;
#1310 = DIRECTION ( 'NONE',  ( -0.9960060548131671743, -0.08928571428571473179, 0.000000000000000000 ) ) ;
#1311 = ADVANCED_FACE ( 'NONE', ( #1745 ), #2248, .T. ) ;
#1312 = ORIENTED_EDGE ( 'NONE', *, *, #734, .F. ) ;
#1313 = CARTESIAN_POINT ( 'NONE',  ( 3.999999999999999112, 112.0000000000000000, 5.500000000000000000 ) ) ;
#1314 = ADVANCED_FACE ( 'NONE', ( #1062 ), #378, .T. ) ;
#1315 = CARTESIAN_POINT ( 'NONE',  ( -1.460351472855927223E-15, 112.0000000000000000, 5.000000000000000000 ) ) ;
#1316 = AXIS2_PLACEMENT_3D ( 'NONE', #1254, #1943, #392 ) ;
#1317 = ORIENTED_EDGE ( 'NONE', *, *, #1448, .F. ) ;
#1318 = VERTEX_POINT ( 'NONE', #538 ) ;
#1319 = PERSON_AND_ORGANIZATION_ROLE ( 'design_supplier' ) ;
#1320 = AXIS2_PLACEMENT_3D ( 'NONE', #1102, #1449, #50 ) ;
#1321 = DIRECTION ( 'NONE',  ( -1.000000000000000000, 0.000000000000000000, 0.000000000000000000 ) ) ;
#1322 = CARTESIAN_POINT ( 'NONE',  ( 12.59216025946302331, 89.91500000000002046, 6.000000000000000000 ) ) ;
#1323 = AXIS2_PLACEMENT_3D ( 'NONE', #1937, #215, #897 ) ;
#1324 = AXIS2_PLACEMENT_3D ( 'NONE', #387, #1947, #1070 ) ;
#1325 = LINE ( 'NONE', #98, #1554 ) ;
#1326 = EDGE_CURVE ( 'NONE', #453, #1393, #1031, .T. ) ;
#1327 = EDGE_LOOP ( 'NONE', ( #1387, #15 ) ) ;
#1328 = DIRECTION ( 'NONE',  ( -0.000000000000000000, -0.000000000000000000, -1.000000000000000000 ) ) ;
#1329 = AXIS2_PLACEMENT_3D ( 'NONE', #559, #736, #1606 ) ;
#1330 = ORIENTED_EDGE ( 'NONE', *, *, #408, .T. ) ;
#1331 = AXIS2_PLACEMENT_3D ( 'NONE', #687, #1847, #2199 ) ;
#1332 = DATE_AND_TIME ( #1132, #1252 ) ;
#1333 = AXIS2_PLACEMENT_3D ( 'NONE', #1985, #1138, #75 ) ;
#1334 = CARTESIAN_POINT ( 'NONE',  ( 1.699999999999994404, 91.91500000000002046, 7.000000000000000000 ) ) ;
#1335 = LINE ( 'NONE', #1674, #1781 ) ;
#1336 = CYLINDRICAL_SURFACE ( 'NONE', #1206, 15.00000000000000000 ) ;
#1337 = CC_DESIGN_PERSON_AND_ORGANIZATION_ASSIGNMENT ( #279, #1999, ( #2140 ) ) ;
#1338 = DIRECTION ( 'NONE',  ( 1.000000000000000000, 0.000000000000000000, 0.000000000000000000 ) ) ;
#1339 = EDGE_CURVE ( 'NONE', #2174, #488, #2087, .T. ) ;
#1340 = DIRECTION ( 'NONE',  ( 4.849424300502242259E-17, -1.000000000000000000, 0.000000000000000000 ) ) ;
#1341 = ORIENTED_EDGE ( 'NONE', *, *, #1556, .T. ) ;
#1342 = ORIENTED_EDGE ( 'NONE', *, *, #608, .F. ) ;
#1343 = CYLINDRICAL_SURFACE ( 'NONE', #679, 10.00000000000000000 ) ;
#1344 = CARTESIAN_POINT ( 'NONE',  ( -4.000000000000002665, 112.0000000000000000, 5.500000000000000000 ) ) ;
#1345 = CARTESIAN_POINT ( 'NONE',  ( 3.999999999999999112, 112.0000000000000000, 5.000000000000000000 ) ) ;
#1346 = DIRECTION ( 'NONE',  ( 0.000000000000000000, 0.000000000000000000, 1.000000000000000000 ) ) ;
#1347 = DIRECTION ( 'NONE',  ( -0.000000000000000000, -0.000000000000000000, -1.000000000000000000 ) ) ;
#1348 = VERTEX_POINT ( 'NONE', #1400 ) ;
#1349 = ORIENTED_EDGE ( 'NONE', *, *, #2183, .T. ) ;
#1350 = EDGE_CURVE ( 'NONE', #1348, #1858, #2196, .T. ) ;
#1351 = CIRCLE ( 'NONE', #1535, 1.600000000000011191 ) ;
#1352 = ORIENTED_EDGE ( 'NONE', *, *, #1659, .F. ) ;
#1353 = CARTESIAN_POINT ( 'NONE',  ( -2.031615389693729234, 14.00000000000000000, 5.000000000000000000 ) ) ;
#1354 = CARTESIAN_POINT ( 'NONE',  ( 6.784704058787334624, 84.86449619345098938, 7.000000000000000000 ) ) ;
#1355 = CIRCLE ( 'NONE', #1320, 8.504999999999995453 ) ;
#1356 = DIRECTION ( 'NONE',  ( -0.000000000000000000, -0.000000000000000000, -1.000000000000000000 ) ) ;
#1357 = VECTOR ( 'NONE', #1142, 1000.000000000000000 ) ;
#1358 = DIRECTION ( 'NONE',  ( -1.000000000000000000, 0.000000000000000000, 0.000000000000000000 ) ) ;
#1359 = AXIS2_PLACEMENT_3D ( 'NONE', #2134, #68, #1792 ) ;
#1360 = LINE ( 'NONE', #125, #2078 ) ;
#1361 = ORIENTED_EDGE ( 'NONE', *, *, #1852, .F. ) ;
#1362 = CIRCLE ( 'NONE', #1329, 1.700000000000000400 ) ;
#1363 = VERTEX_POINT ( 'NONE', #193 ) ;
#1364 = ORIENTED_EDGE ( 'NONE', *, *, #396, .T. ) ;
#1365 = EDGE_CURVE ( 'NONE', #1187, #2120, #2142, .T. ) ;
#1366 = DIRECTION ( 'NONE',  ( -0.000000000000000000, -0.000000000000000000, 1.000000000000000000 ) ) ;
#1367 = CARTESIAN_POINT ( 'NONE',  ( 2.749999999999994227, 91.91500000000002046, 6.000000000000000000 ) ) ;
#1368 = DIRECTION ( 'NONE',  ( -1.939769720200896903E-16, 1.000000000000000000, -0.000000000000000000 ) ) ;
#1369 = ORIENTED_EDGE ( 'NONE', *, *, #1700, .F. ) ;
#1370 = DIRECTION ( 'NONE',  ( -1.000000000000000000, 0.000000000000000000, 0.000000000000000000 ) ) ;
#1371 = CARTESIAN_POINT ( 'NONE',  ( -1.460351472855927223E-15, 112.0000000000000000, 5.500000000000000000 ) ) ;
#1372 = VERTEX_POINT ( 'NONE', #1738 ) ;
#1373 = ORIENTED_EDGE ( 'NONE', *, *, #1480, .T. ) ;
#1374 = ORIENTED_EDGE ( 'NONE', *, *, #1026, .F. ) ;
#1375 = DIRECTION ( 'NONE',  ( 1.000000000000000000, 0.000000000000000000, 0.000000000000000000 ) ) ;
#1376 = FACE_BOUND ( 'NONE', #1416, .T. ) ;
#1377 = EDGE_CURVE ( 'NONE', #1089, #246, #31, .T. ) ;
#1378 = CARTESIAN_POINT ( 'NONE',  ( -7.505000000000001670, 112.0000000000000000, 5.000000000000000000 ) ) ;
#1379 = AXIS2_PLACEMENT_3D ( 'NONE', #484, #818, #674 ) ;
#1380 = EDGE_CURVE ( 'NONE', #1304, #1372, #167, .T. ) ;
#1381 = ADVANCED_FACE ( 'NONE', ( #1558 ), #1025, .F. ) ;
#1382 = DIRECTION ( 'NONE',  ( 0.000000000000000000, -1.000000000000000000, 0.000000000000000000 ) ) ;
#1383 = ADVANCED_FACE ( 'NONE', ( #520 ), #318, .T. ) ;
#1384 = DIRECTION ( 'NONE',  ( -0.000000000000000000, -0.000000000000000000, -1.000000000000000000 ) ) ;
#1385 = ORIENTED_EDGE ( 'NONE', *, *, #1615, .F. ) ;
#1386 = VERTEX_POINT ( 'NONE', #2051 ) ;
#1387 = ORIENTED_EDGE ( 'NONE', *, *, #252, .F. ) ;
#1388 = CYLINDRICAL_SURFACE ( 'NONE', #1154, 2.750000000000000000 ) ;
#1389 = PLANE ( 'NONE',  #806 ) ;
#1390 = CIRCLE ( 'NONE', #411, 1.699999999999999956 ) ;
#1391 = DIRECTION ( 'NONE',  ( -0.000000000000000000, -0.000000000000000000, -1.000000000000000000 ) ) ;
#1392 = AXIS2_PLACEMENT_3D ( 'NONE', #1274, #918, #1607 ) ;
#1393 = VERTEX_POINT ( 'NONE', #1013 ) ;
#1394 = CARTESIAN_POINT ( 'NONE',  ( -2.031615389693728346, 8.000000000000000000, -0.001000000000000132727 ) ) ;
#1395 = VERTEX_POINT ( 'NONE', #2221 ) ;
#1396 = EDGE_LOOP ( 'NONE', ( #1330, #174, #530, #1691 ) ) ;
#1397 = VECTOR ( 'NONE', #2228, 1000.000000000000000 ) ;
#1398 = ORIENTED_EDGE ( 'NONE', *, *, #1772, .T. ) ;
#1399 = AXIS2_PLACEMENT_3D ( 'NONE', #1353, #480, #847 ) ;
#1400 = CARTESIAN_POINT ( 'NONE',  ( 25.00000000000000000, 112.0000000000000000, 0.000000000000000000 ) ) ;
#1401 = DIRECTION ( 'NONE',  ( -0.08928571428571471791, -0.9960060548131670632, 0.000000000000000000 ) ) ;
#1402 = DIRECTION ( 'NONE',  ( -0.000000000000000000, -0.000000000000000000, 1.000000000000000000 ) ) ;
#1403 = VERTEX_POINT ( 'NONE', #2210 ) ;
#1404 = DIRECTION ( 'NONE',  ( 0.000000000000000000, 0.000000000000000000, 1.000000000000000000 ) ) ;
#1405 = APPROVAL ( #939, 'UNSPECIFIED' ) ;
#1406 = EDGE_LOOP ( 'NONE', ( #146, #487, #189, #262 ) ) ;
#1407 = DIRECTION ( 'NONE',  ( 1.000000000000000000, 0.000000000000000000, 0.000000000000000000 ) ) ;
#1408 = EDGE_CURVE ( 'NONE', #357, #466, #496, .T. ) ;
#1409 = ORIENTED_EDGE ( 'NONE', *, *, #287, .T. ) ;
#1410 = DIRECTION ( 'NONE',  ( 1.000000000000000000, 0.000000000000000000, 0.000000000000000000 ) ) ;
#1411 = CARTESIAN_POINT ( 'NONE',  ( -3.650000000000000355, 101.0408702444035356, 5.000000000000000000 ) ) ;
#1412 = ADVANCED_FACE ( 'NONE', ( #650 ), #1161, .F. ) ;
#1413 = CYLINDRICAL_SURFACE ( 'NONE', #93, 1.600000000000011191 ) ;
#1414 = ORIENTED_EDGE ( 'NONE', *, *, #2126, .F. ) ;
#1415 = FACE_OUTER_BOUND ( 'NONE', #1822, .T. ) ;
#1416 = EDGE_LOOP ( 'NONE', ( #2155, #1533 ) ) ;
#1417 = FACE_OUTER_BOUND ( 'NONE', #910, .T. ) ;
#1418 = VERTEX_POINT ( 'NONE', #2071 ) ;
#1419 = CIRCLE ( 'NONE', #1604, 4.000000000000000888 ) ;
#1420 = APPLICATION_CONTEXT ( 'configuration controlled 3d designs of mechanical parts and assemblies' ) ;
#1421 = ADVANCED_FACE ( 'NONE', ( #1003 ), #145, .T. ) ;
#1422 = CARTESIAN_POINT ( 'NONE',  ( 17.10000000000001208, 64.76808374630067533, 5.000000000000000000 ) ) ;
#1423 = CARTESIAN_POINT ( 'NONE',  ( 2.031615389693744778, 14.00000000000000000, -0.001000000000000132727 ) ) ;
#1424 = DIRECTION ( 'NONE',  ( 1.000000000000000000, 0.000000000000000000, 0.000000000000000000 ) ) ;
#1425 = CYLINDRICAL_SURFACE ( 'NONE', #1860, 1.600000000000009415 ) ;
#1426 = ORIENTED_EDGE ( 'NONE', *, *, #1460, .T. ) ;
#1427 = FACE_BOUND ( 'NONE', #1975, .T. ) ;
#1428 = VECTOR ( 'NONE', #1783, 1000.000000000000000 ) ;
#1429 = ORIENTED_EDGE ( 'NONE', *, *, #1876, .T. ) ;
#1430 = CARTESIAN_POINT ( 'NONE',  ( -9.229937222002304461E-16, 8.000000000000000000, -0.001000000000000132727 ) ) ;
#1431 = AXIS2_PLACEMENT_3D ( 'NONE', #1271, #1764, #1962 ) ;
#1432 = VECTOR ( 'NONE', #1799, 1000.000000000000000 ) ;
#1433 = EDGE_LOOP ( 'NONE', ( #724, #1224 ) ) ;
#1434 = EDGE_CURVE ( 'NONE', #499, #102, #925, .T. ) ;
#1435 = CARTESIAN_POINT ( 'NONE',  ( -5.521320093955841160E-15, 91.91500000000002046, 6.000000000000000000 ) ) ;
#1436 = AXIS2_PLACEMENT_3D ( 'NONE', #1954, #2251, #439 ) ;
#1437 = DIRECTION ( 'NONE',  ( -0.000000000000000000, -0.000000000000000000, 1.000000000000000000 ) ) ;
#1438 = CARTESIAN_POINT ( 'NONE',  ( 24.90015137032918346, 109.7678571428571388, 5.000000000000000000 ) ) ;
#1439 = VERTEX_POINT ( 'NONE', #295 ) ;
#1440 = AXIS2_PLACEMENT_3D ( 'NONE', #878, #175, #691 ) ;
#1441 = DIRECTION ( 'NONE',  ( -0.000000000000000000, 0.000000000000000000, 1.000000000000000000 ) ) ;
#1442 = AXIS2_PLACEMENT_3D ( 'NONE', #1718, #1159, #816 ) ;
#1443 = ORIENTED_EDGE ( 'NONE', *, *, #639, .T. ) ;
#1444 = CARTESIAN_POINT ( 'NONE',  ( -5.438077756525012241, 58.00000000000000000, 0.000000000000000000 ) ) ;
#1445 = ORIENTED_EDGE ( 'NONE', *, *, #204, .F. ) ;
#1446 = DIRECTION ( 'NONE',  ( 1.000000000000000000, 0.000000000000000000, 0.000000000000000000 ) ) ;
#1447 = LINE ( 'NONE', #430, #801 ) ;
#1448 = EDGE_CURVE ( 'NONE', #2053, #1560, #2017, .T. ) ;
#1449 = DIRECTION ( 'NONE',  ( -0.000000000000000000, 0.000000000000000000, 1.000000000000000000 ) ) ;
#1450 = CC_DESIGN_SECURITY_CLASSIFICATION ( #646, ( #601 ) ) ;
#1451 = ORIENTED_EDGE ( 'NONE', *, *, #1041, .T. ) ;
#1452 = CARTESIAN_POINT ( 'NONE',  ( -9.143753071610786876, 111.1803197176305247, 7.000000000000000000 ) ) ;
#1453 = CARTESIAN_POINT ( 'NONE',  ( -5.852227934875750215, 107.3014413701369989, 5.000000000000000000 ) ) ;
#1454 = CARTESIAN_POINT ( 'NONE',  ( -6.011178813614782541E-15, 87.91500000000002046, 7.000000000000000000 ) ) ;
#1455 = EDGE_CURVE ( 'NONE', #923, #1439, #2030, .T. ) ;
#1456 = EDGE_LOOP ( 'NONE', ( #832, #1600 ) ) ;
#1457 = DIRECTION ( 'NONE',  ( -0.000000000000000000, -0.000000000000000000, -1.000000000000000000 ) ) ;
#1458 = LINE ( 'NONE', #2160, #671 ) ;
#1459 = LINE ( 'NONE', #62, #695 ) ;
#1460 = EDGE_CURVE ( 'NONE', #38, #1728, #1219, .T. ) ;
#1461 = CARTESIAN_POINT ( 'NONE',  ( 15.50000000000000000, 64.76808374630067533, 0.000000000000000000 ) ) ;
#1462 = ORIENTED_EDGE ( 'NONE', *, *, #546, .T. ) ;
#1463 = LINE ( 'NONE', #1519, #2236 ) ;
#1464 = VECTOR ( 'NONE', #244, 1000.000000000000227 ) ;
#1465 = DIRECTION ( 'NONE',  ( 1.000000000000000000, 0.000000000000000000, 0.000000000000000000 ) ) ;
#1466 = AXIS2_PLACEMENT_3D ( 'NONE', #1371, #2061, #341 ) ;
#1467 = EDGE_LOOP ( 'NONE', ( #1499, #1297, #388, #701 ) ) ;
#1468 = LINE ( 'NONE', #1273, #742 ) ;
#1469 = DIRECTION ( 'NONE',  ( -1.000000000000000000, 0.000000000000000000, 0.000000000000000000 ) ) ;
#1470 = VECTOR ( 'NONE', #732, 1000.000000000000000 ) ;
#1471 = DIRECTION ( 'NONE',  ( -1.000000000000000000, 0.000000000000000000, 0.000000000000000000 ) ) ;
#1472 = ORIENTED_EDGE ( 'NONE', *, *, #503, .T. ) ;
#1473 = CARTESIAN_POINT ( 'NONE',  ( -12.59216025946303397, 89.91500000000002046, 6.000000000000000000 ) ) ;
#1474 = VECTOR ( 'NONE', #95, 999.9999999999998863 ) ;
#1475 = DIRECTION ( 'NONE',  ( -0.08928571428571425994, -0.9960060548131671743, 0.000000000000000000 ) ) ;
#1476 = ADVANCED_FACE ( 'NONE', ( #1891 ), #1544, .F. ) ;
#1477 = ORIENTED_EDGE ( 'NONE', *, *, #2213, .T. ) ;
#1478 = ORIENTED_EDGE ( 'NONE', *, *, #1951, .T. ) ;
#1479 = EDGE_CURVE ( 'NONE', #1052, #1858, #1360, .T. ) ;
#1480 = EDGE_CURVE ( 'NONE', #1525, #843, #1879, .T. ) ;
#1481 = PERSON_AND_ORGANIZATION ( #712, #14 ) ;
#1482 = CARTESIAN_POINT ( 'NONE',  ( 6.632005141388175318, 106.6753842575636781, 0.000000000000000000 ) ) ;
#1483 = DIRECTION ( 'NONE',  ( 1.000000000000000000, 0.000000000000000000, 0.000000000000000000 ) ) ;
#1484 = ADVANCED_FACE ( 'NONE', ( #1524 ), #2040, .F. ) ;
#1485 = ORIENTED_EDGE ( 'NONE', *, *, #1856, .F. ) ;
#1486 = LINE ( 'NONE', #2185, #171 ) ;
#1487 = ORIENTED_EDGE ( 'NONE', *, *, #199, .T. ) ;
#1488 = CARTESIAN_POINT ( 'NONE',  ( -12.59216025946303397, 89.91500000000002046, 7.000000000000000000 ) ) ;
#1489 = ORIENTED_EDGE ( 'NONE', *, *, #869, .F. ) ;
#1490 = CIRCLE ( 'NONE', #1379, 3.650000000000013678 ) ;
#1491 = ORIENTED_EDGE ( 'NONE', *, *, #1602, .T. ) ;
#1492 = EDGE_CURVE ( 'NONE', #422, #2246, #629, .T. ) ;
#1493 = DIRECTION ( 'NONE',  ( -1.000000000000000000, 0.000000000000000000, -0.000000000000000000 ) ) ;
#1494 = CARTESIAN_POINT ( 'NONE',  ( -5.521320093955841160E-15, 91.91500000000002046, 5.000000000000000000 ) ) ;
#1495 = DIRECTION ( 'NONE',  ( -0.000000000000000000, 0.000000000000000000, -1.000000000000000000 ) ) ;
#1496 = VECTOR ( 'NONE', #1475, 1000.000000000000000 ) ;
#1497 = CARTESIAN_POINT ( 'NONE',  ( 14.94009082219750972, -1.339285714285713080, 5.000000000000000000 ) ) ;
#1498 = AXIS2_PLACEMENT_3D ( 'NONE', #952, #1134, #790 ) ;
#1499 = ORIENTED_EDGE ( 'NONE', *, *, #173, .F. ) ;
#1500 = APPROVAL_DATE_TIME ( #1332, #2168 ) ;
#1501 = AXIS2_PLACEMENT_3D ( 'NONE', #2127, #37, #1608 ) ;
#1502 = VECTOR ( 'NONE', #1874, 1000.000000000000000 ) ;
#1503 = CARTESIAN_POINT ( 'NONE',  ( 0.000000000000000000, 0.000000000000000000, 5.000000000000000000 ) ) ;
#1504 = DESIGN_CONTEXT ( 'detailed design', #1882, 'design' ) ;
#1505 = CARTESIAN_POINT ( 'NONE',  ( -6.784704058787334624, 84.86449619345098938, 5.000000000000000000 ) ) ;
#1506 = EDGE_CURVE ( 'NONE', #1550, #599, #48, .T. ) ;
#1507 = LINE ( 'NONE', #324, #1899 ) ;
#1508 = AXIS2_PLACEMENT_3D ( 'NONE', #2067, #176, #1008 ) ;
#1509 = AXIS2_PLACEMENT_3D ( 'NONE', #767, #1298, #264 ) ;
#1510 = ORIENTED_EDGE ( 'NONE', *, *, #639, .F. ) ;
#1511 = LINE ( 'NONE', #286, #1705 ) ;
#1512 = DIRECTION ( 'NONE',  ( 1.000000000000000000, 0.000000000000000000, 0.000000000000000000 ) ) ;
#1513 = ORIENTED_EDGE ( 'NONE', *, *, #828, .F. ) ;
#1514 = ORIENTED_EDGE ( 'NONE', *, *, #1856, .T. ) ;
#1515 = AXIS2_PLACEMENT_3D ( 'NONE', #1216, #1910, #525 ) ;
#1516 = DATE_AND_TIME ( #1637, #292 ) ;
#1517 = FACE_BOUND ( 'NONE', #1456, .T. ) ;
#1518 = FACE_OUTER_BOUND ( 'NONE', #1568, .T. ) ;
#1519 = CARTESIAN_POINT ( 'NONE',  ( 5.852227934875750215, 107.3014413701370273, 5.000000000000000000 ) ) ;
#1520 = EDGE_CURVE ( 'NONE', #817, #746, #452, .T. ) ;
#1521 = ORIENTED_EDGE ( 'NONE', *, *, #1350, .F. ) ;
#1522 = EDGE_CURVE ( 'NONE', #1283, #1668, #1750, .T. ) ;
#1523 = CARTESIAN_POINT ( 'NONE',  ( -3.649999999999996803, 83.15500000000001535, 5.000000000000000000 ) ) ;
#1524 = FACE_OUTER_BOUND ( 'NONE', #521, .T. ) ;
#1525 = VERTEX_POINT ( 'NONE', #1956 ) ;
#1526 = DIRECTION ( 'NONE',  ( 1.000000000000000000, 0.000000000000000000, 0.000000000000000000 ) ) ;
#1527 = ORIENTED_EDGE ( 'NONE', *, *, #558, .T. ) ;
#1528 = FACE_BOUND ( 'NONE', #1276, .T. ) ;
#1529 = CARTESIAN_POINT ( 'NONE',  ( -2.715956134393992194, 91.48362745098042126, 7.000000000000000000 ) ) ;
#1530 = DIRECTION ( 'NONE',  ( 0.000000000000000000, -0.000000000000000000, -1.000000000000000000 ) ) ;
#1531 = DIRECTION ( 'NONE',  ( 0.000000000000000000, 0.000000000000000000, 1.000000000000000000 ) ) ;
#1532 = DIRECTION ( 'NONE',  ( 0.000000000000000000, 0.000000000000000000, 1.000000000000000000 ) ) ;
#1533 = ORIENTED_EDGE ( 'NONE', *, *, #628, .F. ) ;
#1534 = ORIENTED_EDGE ( 'NONE', *, *, #1069, .T. ) ;
#1535 = AXIS2_PLACEMENT_3D ( 'NONE', #1113, #1932, #36 ) ;
#1536 = ORIENTED_EDGE ( 'NONE', *, *, #252, .T. ) ;
#1537 = DIRECTION ( 'NONE',  ( 0.000000000000000000, 0.000000000000000000, -1.000000000000000000 ) ) ;
#1538 = CARTESIAN_POINT ( 'NONE',  ( -4.000000000000002665, 112.0000000000000000, 5.000000000000000000 ) ) ;
#1539 = DIRECTION ( 'NONE',  ( -0.000000000000000000, 0.000000000000000000, 1.000000000000000000 ) ) ;
#1540 = AXIS2_PLACEMENT_3D ( 'NONE', #1601, #42, #727 ) ;
#1541 = AXIS2_PLACEMENT_3D ( 'NONE', #235, #65, #531 ) ;
#1542 = DIRECTION ( 'NONE',  ( 1.000000000000000000, -9.714451465470121306E-15, 0.000000000000000000 ) ) ;
#1543 = CIRCLE ( 'NONE', #1655, 1.600000000000012967 ) ;
#1544 = PLANE ( 'NONE',  #2132 ) ;
#1545 = ORIENTED_EDGE ( 'NONE', *, *, #509, .F. ) ;
#1546 = AXIS2_PLACEMENT_3D ( 'NONE', #1423, #177, #1913 ) ;
#1547 = ORIENTED_EDGE ( 'NONE', *, *, #707, .F. ) ;
#1548 = EDGE_CURVE ( 'NONE', #1108, #427, #1205, .T. ) ;
#1549 = EDGE_CURVE ( 'NONE', #86, #449, #1266, .T. ) ;
#1550 = VERTEX_POINT ( 'NONE', #1275 ) ;
#1551 = EDGE_CURVE ( 'NONE', #896, #843, #1170, .T. ) ;
#1552 = DIRECTION ( 'NONE',  ( 0.000000000000000000, 0.000000000000000000, 1.000000000000000000 ) ) ;
#1553 = DIRECTION ( 'NONE',  ( 1.000000000000000000, 0.000000000000000000, 0.000000000000000000 ) ) ;
#1554 = VECTOR ( 'NONE', #1495, 1000.000000000000000 ) ;
#1555 = FACE_OUTER_BOUND ( 'NONE', #2032, .T. ) ;
#1556 = EDGE_CURVE ( 'NONE', #1386, #1089, #699, .T. ) ;
#1557 = CARTESIAN_POINT ( 'NONE',  ( -1.460351472855927223E-15, 112.0000000000000000, 4.500000000000000888 ) ) ;
#1558 = FACE_OUTER_BOUND ( 'NONE', #1232, .T. ) ;
#1559 = EDGE_LOOP ( 'NONE', ( #275, #205, #1058, #139 ) ) ;
#1560 = VERTEX_POINT ( 'NONE', #221 ) ;
#1561 = ORIENTED_EDGE ( 'NONE', *, *, #172, .T. ) ;
#1562 = CYLINDRICAL_SURFACE ( 'NONE', #858, 4.000000000000000888 ) ;
#1563 = DIRECTION ( 'NONE',  ( -0.000000000000000000, -0.000000000000000000, -1.000000000000000000 ) ) ;
#1564 = LINE ( 'NONE', #1942, #960 ) ;
#1565 = CARTESIAN_POINT ( 'NONE',  ( -13.65000000000000036, 101.0408702444035356, 5.000000000000000000 ) ) ;
#1566 = ORIENTED_EDGE ( 'NONE', *, *, #1002, .F. ) ;
#1567 = ORIENTED_EDGE ( 'NONE', *, *, #1365, .F. ) ;
#1568 = EDGE_LOOP ( 'NONE', ( #689, #1998, #856, #1869 ) ) ;
#1569 = FACE_OUTER_BOUND ( 'NONE', #1215, .T. ) ;
#1570 = CARTESIAN_POINT ( 'NONE',  ( -1.460351472855927223E-15, 112.0000000000000000, 0.000000000000000000 ) ) ;
#1571 = AXIS2_PLACEMENT_3D ( 'NONE', #1190, #1563, #161 ) ;
#1572 = DIRECTION ( 'NONE',  ( 1.000000000000000000, 0.000000000000000000, 0.000000000000000000 ) ) ;
#1573 = EDGE_CURVE ( 'NONE', #1858, #1439, #230, .T. ) ;
#1574 = VECTOR ( 'NONE', #328, 1000.000000000000000 ) ;
#1575 = AXIS2_PLACEMENT_3D ( 'NONE', #990, #1356, #1686 ) ;
#1576 = ADVANCED_FACE ( 'NONE', ( #2148 ), #1425, .F. ) ;
#1577 = DIRECTION ( 'NONE',  ( 1.000000000000000000, 0.000000000000000000, 0.000000000000000000 ) ) ;
#1578 = ORIENTED_EDGE ( 'NONE', *, *, #269, .T. ) ;
#1579 = DIRECTION ( 'NONE',  ( -0.000000000000000000, 0.000000000000000000, -1.000000000000000000 ) ) ;
#1580 = EDGE_CURVE ( 'NONE', #1179, #1909, #418, .T. ) ;
#1581 = CC_DESIGN_APPROVAL ( #2168, ( #2140 ) ) ;
#1582 = ORIENTED_EDGE ( 'NONE', *, *, #2224, .T. ) ;
#1583 = AXIS2_PLACEMENT_3D ( 'NONE', #1861, #1552, #2239 ) ;
#1584 = CARTESIAN_POINT ( 'NONE',  ( -5.521320093955841160E-15, 91.91500000000002046, 7.000000000000000000 ) ) ;
#1585 = DIRECTION ( 'NONE',  ( -0.9960060548131672853, 0.08928571428571431545, 0.000000000000000000 ) ) ;
#1586 = FACE_OUTER_BOUND ( 'NONE', #1603, .T. ) ;
#1587 = DIRECTION ( 'NONE',  ( -0.000000000000000000, 0.000000000000000000, -1.000000000000000000 ) ) ;
#1588 = EDGE_CURVE ( 'NONE', #1611, #2031, #1355, .T. ) ;
#1589 = VERTEX_POINT ( 'NONE', #575 ) ;
#1590 = CARTESIAN_POINT ( 'NONE',  ( 6.784704058787334624, 84.86449619345098938, 5.000000000000000000 ) ) ;
#1591 = ORIENTED_EDGE ( 'NONE', *, *, #1659, .T. ) ;
#1592 = FACE_OUTER_BOUND ( 'NONE', #1467, .T. ) ;
#1593 = DIRECTION ( 'NONE',  ( -0.000000000000000000, -0.000000000000000000, 1.000000000000000000 ) ) ;
#1594 = CARTESIAN_POINT ( 'NONE',  ( -9.229937222002304461E-16, 8.000000000000000000, 0.000000000000000000 ) ) ;
#1595 = CYLINDRICAL_SURFACE ( 'NONE', #1242, 10.00000000000000000 ) ;
#1596 = DIRECTION ( 'NONE',  ( -0.000000000000000000, -0.000000000000000000, 1.000000000000000000 ) ) ;
#1597 = CIRCLE ( 'NONE', #402, 9.999999999999998224 ) ;
#1598 = ORIENTED_EDGE ( 'NONE', *, *, #1094, .T. ) ;
#1599 = CARTESIAN_POINT ( 'NONE',  ( -17.10000000000001208, 64.76808374630067533, 6.000000000000000000 ) ) ;
#1600 = ORIENTED_EDGE ( 'NONE', *, *, #899, .T. ) ;
#1601 = CARTESIAN_POINT ( 'NONE',  ( -1.460351472855927223E-15, 112.0000000000000000, 7.000000000000000000 ) ) ;
#1602 = EDGE_CURVE ( 'NONE', #543, #1909, #1088, .T. ) ;
#1603 = EDGE_LOOP ( 'NONE', ( #364, #1068, #346, #2133 ) ) ;
#1604 = AXIS2_PLACEMENT_3D ( 'NONE', #1315, #1328, #1696 ) ;
#1605 = CARTESIAN_POINT ( 'NONE',  ( -8.007651718572732946, 13.46428571428571530, 0.000000000000000000 ) ) ;
#1606 = DIRECTION ( 'NONE',  ( 1.000000000000000000, 0.000000000000000000, 0.000000000000000000 ) ) ;
#1607 = DIRECTION ( 'NONE',  ( 1.000000000000000000, 0.000000000000000000, 0.000000000000000000 ) ) ;
#1608 = DIRECTION ( 'NONE',  ( 1.000000000000000000, 0.000000000000000000, 0.000000000000000000 ) ) ;
#1609 = DIRECTION ( 'NONE',  ( 1.000000000000000000, 0.000000000000000000, 0.000000000000000000 ) ) ;
#1610 = AXIS2_PLACEMENT_3D ( 'NONE', #2036, #2068, #2241 ) ;
#1611 = VERTEX_POINT ( 'NONE', #1211 ) ;
#1612 = FACE_OUTER_BOUND ( 'NONE', #2094, .T. ) ;
#1613 = EDGE_LOOP ( 'NONE', ( #1591, #2072, #2191, #866 ) ) ;
#1614 = VECTOR ( 'NONE', #1019, 1000.000000000000000 ) ;
#1615 = EDGE_CURVE ( 'NONE', #1403, #211, #2043, .T. ) ;
#1616 = EDGE_CURVE ( 'NONE', #1803, #777, #2151, .T. ) ;
#1617 = DIRECTION ( 'NONE',  ( 1.000000000000000000, 0.000000000000000000, 0.000000000000000000 ) ) ;
#1618 = FACE_OUTER_BOUND ( 'NONE', #835, .T. ) ;
#1619 = DIRECTION ( 'NONE',  ( -0.000000000000000000, -0.000000000000000000, 1.000000000000000000 ) ) ;
#1620 = EDGE_CURVE ( 'NONE', #1989, #1690, #1060, .T. ) ;
#1621 = ORIENTED_EDGE ( 'NONE', *, *, #2213, .F. ) ;
#1622 = VECTOR ( 'NONE', #867, 1000.000000000000000 ) ;
#1623 = CARTESIAN_POINT ( 'NONE',  ( -14.94009082219750439, -1.339285714285713080, 0.000000000000000000 ) ) ;
#1624 = CIRCLE ( 'NONE', #637, 10.00000000000000000 ) ;
#1625 = CARTESIAN_POINT ( 'NONE',  ( -6.784704058787334624, 84.86449619345098938, 7.000000000000000000 ) ) ;
#1626 = EDGE_LOOP ( 'NONE', ( #2219, #1030, #844, #237 ) ) ;
#1627 = ADVANCED_FACE ( 'NONE', ( #63 ), #2137, .T. ) ;
#1628 = PLANE ( 'NONE',  #632 ) ;
#1629 = DIRECTION ( 'NONE',  ( -0.000000000000000000, -0.000000000000000000, -1.000000000000000000 ) ) ;
#1630 = CARTESIAN_POINT ( 'NONE',  ( 17.10000000000001208, 64.76808374630067533, 0.000000000000000000 ) ) ;
#1631 = LINE ( 'NONE', #758, #912 ) ;
#1632 = CC_DESIGN_APPROVAL ( #1405, ( #646 ) ) ;
#1633 = ORIENTED_EDGE ( 'NONE', *, *, #1944, .F. ) ;
#1634 = CARTESIAN_POINT ( 'NONE',  ( 5.438077756525019346, 58.00000000000000000, 0.000000000000000000 ) ) ;
#1635 = FACE_BOUND ( 'NONE', #319, .T. ) ;
#1636 = ORIENTED_EDGE ( 'NONE', *, *, #1380, .T. ) ;
#1637 = CALENDAR_DATE ( 2026, 7, 10 ) ;
#1638 = CIRCLE ( 'NONE', #370, 8.504999999999995453 ) ;
#1639 = DIRECTION ( 'NONE',  ( 0.000000000000000000, 0.000000000000000000, 1.000000000000000000 ) ) ;
#1640 = CARTESIAN_POINT ( 'NONE',  ( -1.460351472855927223E-15, 112.0000000000000000, 5.000000000000000000 ) ) ;
#1641 = CARTESIAN_POINT ( 'NONE',  ( 14.94009082219750972, -1.339285714285714413, 0.000000000000000000 ) ) ;
#1642 = ORIENTED_EDGE ( 'NONE', *, *, #605, .F. ) ;
#1643 = DIRECTION ( 'NONE',  ( 1.000000000000000000, 0.000000000000000000, 0.000000000000000000 ) ) ;
#1644 = AXIS2_PLACEMENT_3D ( 'NONE', #721, #231, #1955 ) ;
#1645 = ADVANCED_FACE ( 'NONE', ( #73 ), #659, .F. ) ;
#1646 = DIRECTION ( 'NONE',  ( -0.000000000000000000, -0.000000000000000000, -1.000000000000000000 ) ) ;
#1647 = AXIS2_PLACEMENT_3D ( 'NONE', #1796, #245, #933 ) ;
#1648 = ORIENTED_EDGE ( 'NONE', *, *, #1700, .T. ) ;
#1649 = EDGE_LOOP ( 'NONE', ( #330, #2117, #1125, #1352 ) ) ;
#1650 = EDGE_CURVE ( 'NONE', #2097, #288, #1631, .T. ) ;
#1651 = CIRCLE ( 'NONE', #1431, 1.700000000000000400 ) ;
#1652 = AXIS2_PLACEMENT_3D ( 'NONE', #212, #565, #407 ) ;
#1653 = LINE ( 'NONE', #2055, #1980 ) ;
#1654 = CARTESIAN_POINT ( 'NONE',  ( -4.000000000000002665, 112.0000000000000000, 7.000000000000000000 ) ) ;
#1655 = AXIS2_PLACEMENT_3D ( 'NONE', #2090, #1228, #1921 ) ;
#1656 = VERTEX_POINT ( 'NONE', #210 ) ;
#1657 = DIRECTION ( 'NONE',  ( -0.000000000000000000, -0.000000000000000000, -1.000000000000000000 ) ) ;
#1658 = LINE ( 'NONE', #1497, #1127 ) ;
#1659 = EDGE_CURVE ( 'NONE', #896, #1014, #1256, .T. ) ;
#1660 = ORIENTED_EDGE ( 'NONE', *, *, #666, .T. ) ;
#1661 = DIRECTION ( 'NONE',  ( -0.000000000000000000, -0.000000000000000000, 1.000000000000000000 ) ) ;
#1662 = DIRECTION ( 'NONE',  ( -1.000000000000000000, 0.000000000000000000, 0.000000000000000000 ) ) ;
#1663 = AXIS2_PLACEMENT_3D ( 'NONE', #2046, #813, #129 ) ;
#1664 = ORIENTED_EDGE ( 'NONE', *, *, #1111, .F. ) ;
#1665 = CARTESIAN_POINT ( 'NONE',  ( -2.750000000000005329, 91.91500000000002046, 7.000000000000000000 ) ) ;
#1666 = ORIENTED_EDGE ( 'NONE', *, *, #1071, .F. ) ;
#1667 = DIRECTION ( 'NONE',  ( -0.000000000000000000, -0.000000000000000000, -1.000000000000000000 ) ) ;
#1668 = VERTEX_POINT ( 'NONE', #505 ) ;
#1669 = CIRCLE ( 'NONE', #686, 4.000000000000000888 ) ;
#1670 = EDGE_LOOP ( 'NONE', ( #1567, #1235, #165, #1918 ) ) ;
#1671 = PERSON_AND_ORGANIZATION ( #712, #14 ) ;
#1672 = EDGE_CURVE ( 'NONE', #1108, #1246, #13, .T. ) ;
#1673 = DIRECTION ( 'NONE',  ( 1.000000000000000000, 0.000000000000000000, 0.000000000000000000 ) ) ;
#1674 = CARTESIAN_POINT ( 'NONE',  ( 4.650000000000003020, 101.0408702444035356, 0.000000000000000000 ) ) ;
#1675 = DIRECTION ( 'NONE',  ( -0.000000000000000000, 0.000000000000000000, 1.000000000000000000 ) ) ;
#1676 = ORIENTED_EDGE ( 'NONE', *, *, #2250, .T. ) ;
#1677 = FACE_OUTER_BOUND ( 'NONE', #677, .T. ) ;
#1678 = VECTOR ( 'NONE', #220, 1000.000000000000000 ) ;
#1679 = DIRECTION ( 'NONE',  ( -1.000000000000000000, 0.000000000000000000, 0.000000000000000000 ) ) ;
#1680 = ORIENTED_EDGE ( 'NONE', *, *, #365, .F. ) ;
#1681 = DATE_TIME_ROLE ( 'classification_date' ) ;
#1682 = VECTOR ( 'NONE', #1887, 1000.000000000000000 ) ;
#1683 = EDGE_CURVE ( 'NONE', #362, #972, #839, .T. ) ;
#1684 = CARTESIAN_POINT ( 'NONE',  ( 3.999999999999999112, 112.0000000000000000, 7.000000000000000000 ) ) ;
#1685 = PLANE ( 'NONE',  #909 ) ;
#1686 = DIRECTION ( 'NONE',  ( -1.000000000000000000, 0.000000000000000000, 0.000000000000000000 ) ) ;
#1687 = AXIS2_PLACEMENT_3D ( 'NONE', #1503, #2193, #300 ) ;
#1688 = CARTESIAN_POINT ( 'NONE',  ( -7.505000000000001670, 112.0000000000000000, 5.000000000000000000 ) ) ;
#1689 = CARTESIAN_POINT ( 'NONE',  ( -24.90015137032919412, 109.7678571428571388, 5.000000000000000000 ) ) ;
#1690 = VERTEX_POINT ( 'NONE', #1630 ) ;
#1691 = ORIENTED_EDGE ( 'NONE', *, *, #76, .F. ) ;
#1692 = EDGE_CURVE ( 'NONE', #1061, #38, #941, .T. ) ;
#1693 = DIRECTION ( 'NONE',  ( -0.000000000000000000, 0.000000000000000000, 1.000000000000000000 ) ) ;
#1694 = LINE ( 'NONE', #1993, #948 ) ;
#1695 = CARTESIAN_POINT ( 'NONE',  ( 1.799999999999997158, 112.0000000000000000, 4.500000000000000888 ) ) ;
#1696 = DIRECTION ( 'NONE',  ( -1.000000000000000000, 0.000000000000000000, 0.000000000000000000 ) ) ;
#1697 = DIRECTION ( 'NONE',  ( 1.000000000000000000, 0.000000000000000000, 0.000000000000000000 ) ) ;
#1698 = ORIENTED_EDGE ( 'NONE', *, *, #1551, .T. ) ;
#1699 = ORIENTED_EDGE ( 'NONE', *, *, #1011, .T. ) ;
#1700 = EDGE_CURVE ( 'NONE', #1372, #642, #1447, .T. ) ;
#1701 = EDGE_LOOP ( 'NONE', ( #181, #497 ) ) ;
#1702 = DIRECTION ( 'NONE',  ( -1.000000000000000000, 0.000000000000000000, 0.000000000000000000 ) ) ;
#1703 = DIRECTION ( 'NONE',  ( -0.000000000000000000, 0.000000000000000000, 1.000000000000000000 ) ) ;
#1704 = LINE ( 'NONE', #1378, #700 ) ;
#1705 = VECTOR ( 'NONE', #2005, 1000.000000000000000 ) ;
#1706 = EDGE_CURVE ( 'NONE', #2214, #1196, #123, .T. ) ;
#1707 = DIRECTION ( 'NONE',  ( 1.000000000000000000, 0.000000000000000000, 0.000000000000000000 ) ) ;
#1708 = EDGE_CURVE ( 'NONE', #1909, #1348, #988, .T. ) ;
#1709 = ADVANCED_FACE ( 'NONE', ( #1618 ), #1595, .T. ) ;
#1710 = CARTESIAN_POINT ( 'NONE',  ( 4.650000000000008349, 2.254982299733546345E-16, 0.000000000000000000 ) ) ;
#1711 = ORIENTED_EDGE ( 'NONE', *, *, #269, .F. ) ;
#1712 = ORIENTED_EDGE ( 'NONE', *, *, #1708, .T. ) ;
#1713 = EDGE_CURVE ( 'NONE', #579, #288, #383, .T. ) ;
#1714 = VERTEX_POINT ( 'NONE', #2111 ) ;
#1715 = DIRECTION ( 'NONE',  ( 1.000000000000000000, -1.541976423090494647E-15, 0.000000000000000000 ) ) ;
#1716 = CARTESIAN_POINT ( 'NONE',  ( -4.649999999999997691, 83.15500000000001535, 0.000000000000000000 ) ) ;
#1717 = AXIS2_PLACEMENT_3D ( 'NONE', #353, #749, #1983 ) ;
#1718 = CARTESIAN_POINT ( 'NONE',  ( 5.107675155262756438E-15, 83.15500000000001535, 5.000000000000000000 ) ) ;
#1719 = AXIS2_PLACEMENT_3D ( 'NONE', #590, #389, #2095 ) ;
#1720 = AXIS2_PLACEMENT_3D ( 'NONE', #885, #1587, #2116 ) ;
#1721 = LINE ( 'NONE', #696, #1010 ) ;
#1722 = DIRECTION ( 'NONE',  ( -0.000000000000000000, -0.000000000000000000, 1.000000000000000000 ) ) ;
#1723 = ORIENTED_EDGE ( 'NONE', *, *, #533, .T. ) ;
#1724 = VECTOR ( 'NONE', #35, 1000.000000000000000 ) ;
#1725 = ORIENTED_EDGE ( 'NONE', *, *, #60, .F. ) ;
#1726 = EDGE_CURVE ( 'NONE', #2222, #862, #83, .T. ) ;
#1727 = AXIS2_PLACEMENT_3D ( 'NONE', #1454, #514, #1512 ) ;
#1728 = VERTEX_POINT ( 'NONE', #1287 ) ;
#1729 = CARTESIAN_POINT ( 'NONE',  ( 2.749999999999993783, 87.91500000000002046, 7.000000000000000000 ) ) ;
#1730 = DIRECTION ( 'NONE',  ( 1.000000000000000000, 0.000000000000000000, 0.000000000000000000 ) ) ;
#1731 = CIRCLE ( 'NONE', #1258, 9.180419162538115074 ) ;
#1732 = DIRECTION ( 'NONE',  ( -0.000000000000000000, -0.000000000000000000, 1.000000000000000000 ) ) ;
#1733 = CARTESIAN_POINT ( 'NONE',  ( 0.000000000000000000, 0.000000000000000000, 0.000000000000000000 ) ) ;
#1734 = ORIENTED_EDGE ( 'NONE', *, *, #1951, .F. ) ;
#1735 = ORIENTED_EDGE ( 'NONE', *, *, #1772, .F. ) ;
#1736 = EDGE_LOOP ( 'NONE', ( #1664, #1811, #250, #67 ) ) ;
#1737 = EDGE_CURVE ( 'NONE', #971, #1052, #1202, .T. ) ;
#1738 = CARTESIAN_POINT ( 'NONE',  ( 2.715956134393980648, 88.34637254901963388, 7.000000000000000000 ) ) ;
#1739 = CARTESIAN_POINT ( 'NONE',  ( 6.784704058787334624, 84.86449619345098938, 7.000000000000000000 ) ) ;
#1740 = DIRECTION ( 'NONE',  ( 0.000000000000000000, -0.000000000000000000, -1.000000000000000000 ) ) ;
#1741 = CARTESIAN_POINT ( 'NONE',  ( 5.107675155262756438E-15, 83.15500000000001535, 0.000000000000000000 ) ) ;
#1742 = ORIENTED_EDGE ( 'NONE', *, *, #1713, .F. ) ;
#1743 = DIRECTION ( 'NONE',  ( 1.000000000000000000, 0.000000000000000000, 0.000000000000000000 ) ) ;
#1744 = ORIENTED_EDGE ( 'NONE', *, *, #365, .T. ) ;
#1745 = FACE_OUTER_BOUND ( 'NONE', #1396, .T. ) ;
#1746 = DIRECTION ( 'NONE',  ( -1.000000000000000000, 0.000000000000000000, 0.000000000000000000 ) ) ;
#1747 = CIRCLE ( 'NONE', #2146, 2.000000000000000000 ) ;
#1748 = CARTESIAN_POINT ( 'NONE',  ( -4.649999999999997691, 83.15500000000001535, 0.000000000000000000 ) ) ;
#1749 = EDGE_CURVE ( 'NONE', #716, #2235, #1351, .T. ) ;
#1750 = CIRCLE ( 'NONE', #2189, 2.750000000000000000 ) ;
#1751 = CYLINDRICAL_SURFACE ( 'NONE', #845, 4.000000000000000888 ) ;
#1752 = ORIENTED_EDGE ( 'NONE', *, *, #1492, .F. ) ;
#1753 = CARTESIAN_POINT ( 'NONE',  ( -5.438077756525012241, 52.00000000000000711, -0.001000000000000132727 ) ) ;
#1754 = VECTOR ( 'NONE', #1457, 1000.000000000000000 ) ;
#1755 = ORIENTED_EDGE ( 'NONE', *, *, #1455, .F. ) ;
#1756 = CARTESIAN_POINT ( 'NONE',  ( 6.746448236554266842, -0.6047768954630875493, 0.000000000000000000 ) ) ;
#1757 = FACE_OUTER_BOUND ( 'NONE', #182, .T. ) ;
#1758 = CARTESIAN_POINT ( 'NONE',  ( 5.852227934875750215, 107.3014413701370273, 1.000000000000011324 ) ) ;
#1759 = DIRECTION ( 'NONE',  ( -0.000000000000000000, 0.000000000000000000, 1.000000000000000000 ) ) ;
#1760 = DIRECTION ( 'NONE',  ( -1.000000000000000000, 0.000000000000000000, 0.000000000000000000 ) ) ;
#1761 = ORIENTED_EDGE ( 'NONE', *, *, #694, .F. ) ;
#1762 = PLANE ( 'NONE',  #1720 ) ;
#1763 = VERTEX_POINT ( 'NONE', #209 ) ;
#1764 = DIRECTION ( 'NONE',  ( -0.000000000000000000, -0.000000000000000000, 1.000000000000000000 ) ) ;
#1765 = ORIENTED_EDGE ( 'NONE', *, *, #899, .F. ) ;
#1766 = CYLINDRICAL_SURFACE ( 'NONE', #1359, 2.750000000000000000 ) ;
#1767 = CYLINDRICAL_SURFACE ( 'NONE', #1546, 6.000000000000000000 ) ;
#1768 = CARTESIAN_POINT ( 'NONE',  ( -13.89999999999998614, 64.76808374630067533, 5.000000000000000000 ) ) ;
#1769 = CARTESIAN_POINT ( 'NONE',  ( 15.50000000000000000, 64.76808374630067533, 6.000000000000000000 ) ) ;
#1770 = VECTOR ( 'NONE', #1245, 1000.000000000000000 ) ;
#1771 = LINE ( 'NONE', #922, #1770 ) ;
#1772 = EDGE_CURVE ( 'NONE', #2120, #579, #872, .T. ) ;
#1773 = ORIENTED_EDGE ( 'NONE', *, *, #1948, .T. ) ;
#1774 = CARTESIAN_POINT ( 'NONE',  ( 2.715956134393981092, 91.48362745098042126, 7.000000000000000000 ) ) ;
#1775 = EDGE_CURVE ( 'NONE', #1788, #1179, #904, .T. ) ;
#1776 = EDGE_CURVE ( 'NONE', #777, #1849, #1056, .T. ) ;
#1777 = ORIENTED_EDGE ( 'NONE', *, *, #1960, .F. ) ;
#1778 = DIRECTION ( 'NONE',  ( -0.000000000000000000, -0.000000000000000000, -1.000000000000000000 ) ) ;
#1779 = EDGE_CURVE ( 'NONE', #1130, #1928, #1855, .T. ) ;
#1780 = LINE ( 'NONE', #594, #1865 ) ;
#1781 = VECTOR ( 'NONE', #2026, 1000.000000000000000 ) ;
#1782 = CARTESIAN_POINT ( 'NONE',  ( 2.715956134393981092, 91.48362745098042126, 7.000000000000000000 ) ) ;
#1783 = DIRECTION ( 'NONE',  ( 0.08928571428571430157, 0.9960060548131671743, 0.000000000000000000 ) ) ;
#1784 = ORIENTED_EDGE ( 'NONE', *, *, #445, .T. ) ;
#1785 = DIRECTION ( 'NONE',  ( 1.000000000000000000, 0.000000000000000000, 0.000000000000000000 ) ) ;
#1786 = VECTOR ( 'NONE', #1230, 1000.000000000000000 ) ;
#1787 = AXIS2_PLACEMENT_3D ( 'NONE', #2091, #1402, #208 ) ;
#1788 = VERTEX_POINT ( 'NONE', #560 ) ;
#1789 = DIRECTION ( 'NONE',  ( -0.000000000000000000, -0.000000000000000000, 1.000000000000000000 ) ) ;
#1790 = ORIENTED_EDGE ( 'NONE', *, *, #1139, .F. ) ;
#1791 = CIRCLE ( 'NONE', #1938, 2.750000000000000000 ) ;
#1792 = DIRECTION ( 'NONE',  ( 1.000000000000000000, 0.000000000000000000, 0.000000000000000000 ) ) ;
#1793 = AXIS2_PLACEMENT_3D ( 'NONE', #1112, #450, #1794 ) ;
#1794 = DIRECTION ( 'NONE',  ( -0.08928571428571424606, -0.9960060548131671743, 0.000000000000000000 ) ) ;
#1795 = CARTESIAN_POINT ( 'NONE',  ( -6.632005141388165548, 106.6753842575636639, 0.000000000000000000 ) ) ;
#1796 = CARTESIAN_POINT ( 'NONE',  ( -1.460351472855927223E-15, 112.0000000000000000, 5.000000000000000000 ) ) ;
#1797 = ORIENTED_EDGE ( 'NONE', *, *, #1708, .F. ) ;
#1798 = VECTOR ( 'NONE', #1043, 1000.000000000000000 ) ;
#1799 = DIRECTION ( 'NONE',  ( -0.000000000000000000, -0.000000000000000000, -1.000000000000000000 ) ) ;
#1800 = EDGE_LOOP ( 'NONE', ( #535, #54, #667, #1092 ) ) ;
#1801 = CARTESIAN_POINT ( 'NONE',  ( -9.180419162538116851, 112.0000000000000000, 5.000000000000000000 ) ) ;
#1802 = EDGE_CURVE ( 'NONE', #1816, #1560, #1459, .T. ) ;
#1803 = VERTEX_POINT ( 'NONE', #748 ) ;
#1804 = EDGE_LOOP ( 'NONE', ( #794, #406, #223, #900, #1699, #2103, #1075, #1120 ) ) ;
#1805 = CARTESIAN_POINT ( 'NONE',  ( 2.749999999999993783, 87.91500000000002046, 7.000000000000000000 ) ) ;
#1806 = CC_DESIGN_DATE_AND_TIME_ASSIGNMENT ( #985, #1681, ( #646 ) ) ;
#1807 = DIRECTION ( 'NONE',  ( 0.000000000000000000, -0.000000000000000000, -1.000000000000000000 ) ) ;
#1808 = CARTESIAN_POINT ( 'NONE',  ( 14.94009082219750972, -1.339285714285714413, 5.000000000000000000 ) ) ;
#1809 = ADVANCED_FACE ( 'NONE', ( #2136 ), #416, .T. ) ;
#1810 = DIRECTION ( 'NONE',  ( 0.000000000000000000, 0.000000000000000000, 1.000000000000000000 ) ) ;
#1811 = ORIENTED_EDGE ( 'NONE', *, *, #731, .F. ) ;
#1812 = CARTESIAN_POINT ( 'NONE',  ( -8.007651718572732946, 13.46428571428571530, -0.001000000000000132727 ) ) ;
#1813 = EDGE_CURVE ( 'NONE', #690, #246, #336, .T. ) ;
#1814 = EDGE_LOOP ( 'NONE', ( #1936, #138, #967, #159 ) ) ;
#1815 = CARTESIAN_POINT ( 'NONE',  ( 13.65000000000000391, 101.0408702444035356, 5.000000000000000000 ) ) ;
#1816 = VERTEX_POINT ( 'NONE', #1768 ) ;
#1817 = VERTEX_POINT ( 'NONE', #49 ) ;
#1818 = APPROVAL_ROLE ( '' ) ;
#1819 = AXIS2_PLACEMENT_3D ( 'NONE', #741, #2129, #2083 ) ;
#1820 = CARTESIAN_POINT ( 'NONE',  ( -2.000000000000000000, 0.000000000000000000, 5.000000000000000000 ) ) ;
#1821 = CYLINDRICAL_SURFACE ( 'NONE', #1091, 2.750000000000000000 ) ;
#1822 = EDGE_LOOP ( 'NONE', ( #1765, #1097, #1317, #1545 ) ) ;
#1823 = CYLINDRICAL_SURFACE ( 'NONE', #2011, 1.799999999999998712 ) ;
#1824 = EDGE_CURVE ( 'NONE', #2031, #1884, #757, .T. ) ;
#1825 = DIRECTION ( 'NONE',  ( 1.000000000000000000, 0.000000000000000000, 0.000000000000000000 ) ) ;
#1826 = EDGE_LOOP ( 'NONE', ( #214, #1429 ) ) ;
#1827 = ORIENTED_EDGE ( 'NONE', *, *, #857, .F. ) ;
#1828 = AXIS2_PLACEMENT_3D ( 'NONE', #805, #99, #1303 ) ;
#1829 = APPROVAL_STATUS ( 'not_yet_approved' ) ;
#1830 = VECTOR ( 'NONE', #39, 1000.000000000000000 ) ;
#1831 = DIRECTION ( 'NONE',  ( -0.000000000000000000, -0.000000000000000000, -1.000000000000000000 ) ) ;
#1832 = LINE ( 'NONE', #2194, #1965 ) ;
#1833 = LOCAL_TIME ( 13, 28, 18.00000000000000000, #1840 ) ;
#1834 = EDGE_LOOP ( 'NONE', ( #1145, #718, #983, #750, #949, #822, #1907, #1144, #1478, #1082 ) ) ;
#1835 = LINE ( 'NONE', #1812, #1432 ) ;
#1836 = EDGE_CURVE ( 'NONE', #1550, #1880, #800, .T. ) ;
#1837 = CYLINDRICAL_SURFACE ( 'NONE', #623, 1.799999999999998712 ) ;
#1838 = AXIS2_PLACEMENT_3D ( 'NONE', #1473, #2164, #610 ) ;
#1839 = ORIENTED_EDGE ( 'NONE', *, *, #2069, .T. ) ;
#1840 = COORDINATED_UNIVERSAL_TIME_OFFSET ( 3, 0, .BEHIND. ) ;
#1841 = FACE_OUTER_BOUND ( 'NONE', #611, .T. ) ;
#1842 = CARTESIAN_POINT ( 'NONE',  ( -2.592160259463033967, 89.91500000000002046, 6.000000000000000000 ) ) ;
#1843 = AXIS2_PLACEMENT_3D ( 'NONE', #2227, #1693, #1885 ) ;
#1844 = CARTESIAN_POINT ( 'NONE',  ( -6.784704058787334624, 84.86449619345098938, 5.000000000000000000 ) ) ;
#1845 = PLANE ( 'NONE',  #1828 ) ;
#1846 = EDGE_CURVE ( 'NONE', #2174, #957, #1694, .T. ) ;
#1847 = DIRECTION ( 'NONE',  ( -0.9960060548131671743, -0.08928571428571445423, 0.000000000000000000 ) ) ;
#1848 = EDGE_LOOP ( 'NONE', ( #320, #157, #239, #184, #886, #888, #101, #759 ) ) ;
#1849 = VERTEX_POINT ( 'NONE', #1842 ) ;
#1850 = CYLINDRICAL_SURFACE ( 'NONE', #1952, 9.180419162538115074 ) ;
#1851 = FACE_OUTER_BOUND ( 'NONE', #1406, .T. ) ;
#1852 = EDGE_CURVE ( 'NONE', #467, #1272, #1335, .T. ) ;
#1853 = CARTESIAN_POINT ( 'NONE',  ( -1.460351472855927223E-15, 112.0000000000000000, 5.000000000000000000 ) ) ;
#1854 = CARTESIAN_POINT ( 'NONE',  ( -6.011178813614782541E-15, 87.91500000000002046, 6.000000000000000000 ) ) ;
#1855 = CIRCLE ( 'NONE', #1166, 7.504999999999999893 ) ;
#1856 = EDGE_CURVE ( 'NONE', #427, #1714, #1862, .T. ) ;
#1857 = DIRECTION ( 'NONE',  ( -1.000000000000000000, 0.000000000000000000, 0.000000000000000000 ) ) ;
#1858 = VERTEX_POINT ( 'NONE', #1169 ) ;
#1859 = ORIENTED_EDGE ( 'NONE', *, *, #1978, .T. ) ;
#1860 = AXIS2_PLACEMENT_3D ( 'NONE', #1769, #405, #2112 ) ;
#1861 = CARTESIAN_POINT ( 'NONE',  ( -1.460351472855927223E-15, 112.0000000000000000, 5.500000000000000000 ) ) ;
#1862 = LINE ( 'NONE', #130, #2074 ) ;
#1863 = FACE_OUTER_BOUND ( 'NONE', #555, .T. ) ;
#1864 = APPROVAL_PERSON_ORGANIZATION ( #80, #132, #478 ) ;
#1865 = VECTOR ( 'NONE', #2180, 1000.000000000000000 ) ;
#1866 = CARTESIAN_POINT ( 'NONE',  ( -6.011178813614782541E-15, 87.91500000000002046, 6.000000000000000000 ) ) ;
#1867 = CARTESIAN_POINT ( 'NONE',  ( -1.460351472855927223E-15, 112.0000000000000000, 5.500000000000000000 ) ) ;
#1868 = EDGE_LOOP ( 'NONE', ( #1859, #1302, #2075, #846, #2086, #1752 ) ) ;
#1869 = ORIENTED_EDGE ( 'NONE', *, *, #1479, .F. ) ;
#1870 = ORIENTED_EDGE ( 'NONE', *, *, #1339, .F. ) ;
#1871 = DIRECTION ( 'NONE',  ( 1.000000000000000000, 0.000000000000000000, 0.000000000000000000 ) ) ;
#1872 = CARTESIAN_POINT ( 'NONE',  ( -6.632005141388165548, 106.6753842575636639, 0.000000000000000000 ) ) ;
#1873 = EDGE_CURVE ( 'NONE', #1763, #257, #1832, .T. ) ;
#1874 = DIRECTION ( 'NONE',  ( -1.000000000000000000, -1.153742152750288058E-16, 0.000000000000000000 ) ) ;
#1875 = ADVANCED_FACE ( 'NONE', ( #814 ), #1821, .F. ) ;
#1876 = EDGE_CURVE ( 'NONE', #1714, #1246, #1747, .T. ) ;
#1877 = CYLINDRICAL_SURFACE ( 'NONE', #1192, 2.750000000000000000 ) ;
#1878 = ADVANCED_FACE ( 'NONE', ( #312 ), #266, .F. ) ;
#1879 = LINE ( 'NONE', #819, #1574 ) ;
#1880 = VERTEX_POINT ( 'NONE', #1654 ) ;
#1881 = EDGE_LOOP ( 'NONE', ( #570, #1761, #2052, #227 ) ) ;
#1882 = APPLICATION_CONTEXT ( 'configuration controlled 3d designs of mechanical parts and assemblies' ) ;
#1883 = AXIS2_PLACEMENT_3D ( 'NONE', #1866, #1001, #1609 ) ;
#1884 = VERTEX_POINT ( 'NONE', #301 ) ;
#1885 = DIRECTION ( 'NONE',  ( 1.000000000000000000, 0.000000000000000000, 0.000000000000000000 ) ) ;
#1886 = DIRECTION ( 'NONE',  ( 0.7071067811865435759, 0.000000000000000000, -0.7071067811865515695 ) ) ;
#1887 = DIRECTION ( 'NONE',  ( -0.000000000000000000, -0.000000000000000000, -1.000000000000000000 ) ) ;
#1888 = AXIS2_PLACEMENT_3D ( 'NONE', #1815, #1667, #785 ) ;
#1889 = ADVANCED_FACE ( 'NONE', ( #1851 ), #780, .F. ) ;
#1890 = CARTESIAN_POINT ( 'NONE',  ( -1.460351472855927223E-15, 112.0000000000000000, 5.000000000000000000 ) ) ;
#1891 = FACE_OUTER_BOUND ( 'NONE', #787, .T. ) ;
#1892 = EDGE_LOOP ( 'NONE', ( #2190, #534, #2149, #1284 ) ) ;
#1893 = VERTEX_POINT ( 'NONE', #1505 ) ;
#1894 = AXIS2_PLACEMENT_3D ( 'NONE', #964, #618, #987 ) ;
#1895 = EDGE_LOOP ( 'NONE', ( #490, #2223, #1986, #1536 ) ) ;
#1896 = CARTESIAN_POINT ( 'NONE',  ( -1.460351472855927223E-15, 112.0000000000000000, 4.500000000000000888 ) ) ;
#1897 = CARTESIAN_POINT ( 'NONE',  ( 9.143753071610786876, 111.1803197176305247, 5.000000000000000000 ) ) ;
#1898 = VECTOR ( 'NONE', #1204, 1000.000000000000000 ) ;
#1899 = VECTOR ( 'NONE', #1009, 1000.000000000000000 ) ;
#1900 = DIRECTION ( 'NONE',  ( -1.000000000000000000, 0.000000000000000000, 0.000000000000000000 ) ) ;
#1901 = CIRCLE ( 'NONE', #919, 1.699999999999999956 ) ;
#1902 = ORIENTED_EDGE ( 'NONE', *, *, #1775, .F. ) ;
#1903 = CYLINDRICAL_SURFACE ( 'NONE', #551, 7.504999999999999893 ) ;
#1904 = DIRECTION ( 'NONE',  ( 0.000000000000000000, 0.000000000000000000, -1.000000000000000000 ) ) ;
#1905 = ADVANCED_FACE ( 'NONE', ( #118 ), #1685, .T. ) ;
#1906 = ORIENTED_EDGE ( 'NONE', *, *, #1737, .T. ) ;
#1907 = ORIENTED_EDGE ( 'NONE', *, *, #1522, .T. ) ;
#1908 = VECTOR ( 'NONE', #2244, 1000.000000000000000 ) ;
#1909 = VERTEX_POINT ( 'NONE', #1124 ) ;
#1910 = DIRECTION ( 'NONE',  ( -0.000000000000000000, -0.000000000000000000, -1.000000000000000000 ) ) ;
#1911 = FACE_OUTER_BOUND ( 'NONE', #1892, .T. ) ;
#1912 = CIRCLE ( 'NONE', #2124, 1.799999999999998712 ) ;
#1913 = DIRECTION ( 'NONE',  ( -1.000000000000000000, 0.000000000000000000, 0.000000000000000000 ) ) ;
#1914 = CARTESIAN_POINT ( 'NONE',  ( -5.521320093955841160E-15, 91.91500000000002046, 6.000000000000000000 ) ) ;
#1915 = ORIENTED_EDGE ( 'NONE', *, *, #2238, .T. ) ;
#1916 = ORIENTED_EDGE ( 'NONE', *, *, #1448, .T. ) ;
#1917 = ADVANCED_FACE ( 'NONE', ( #1518 ), #2204, .T. ) ;
#1918 = ORIENTED_EDGE ( 'NONE', *, *, #1167, .T. ) ;
#1919 = EDGE_CURVE ( 'NONE', #2171, #1061, #191, .T. ) ;
#1920 = CARTESIAN_POINT ( 'NONE',  ( -5.521320093955841160E-15, 91.91500000000002046, 7.000000000000000000 ) ) ;
#1921 = DIRECTION ( 'NONE',  ( 1.000000000000000000, 0.000000000000000000, 0.000000000000000000 ) ) ;
#1922 = FACE_OUTER_BOUND ( 'NONE', #1004, .T. ) ;
#1923 = ORIENTED_EDGE ( 'NONE', *, *, #834, .F. ) ;
#1924 = DIRECTION ( 'NONE',  ( -0.000000000000000000, -0.000000000000000000, -1.000000000000000000 ) ) ;
#1925 = AXIS2_PLACEMENT_3D ( 'NONE', #224, #238, #580 ) ;
#1926 = ORIENTED_EDGE ( 'NONE', *, *, #1167, .F. ) ;
#1927 = DIRECTION ( 'NONE',  ( 0.000000000000000000, 0.000000000000000000, 1.000000000000000000 ) ) ;
#1928 = VERTEX_POINT ( 'NONE', #2161 ) ;
#1929 = CARTESIAN_POINT ( 'NONE',  ( -2.750000000000005773, 87.91500000000002046, 6.000000000000000000 ) ) ;
#1930 = DIRECTION ( 'NONE',  ( -0.08928571428571430157, -0.9960060548131671743, 0.000000000000000000 ) ) ;
#1931 = CYLINDRICAL_SURFACE ( 'NONE', #1787, 1.699999999999999956 ) ;
#1932 = DIRECTION ( 'NONE',  ( -0.000000000000000000, 0.000000000000000000, 1.000000000000000000 ) ) ;
#1933 = VECTOR ( 'NONE', #744, 1000.000000000000227 ) ;
#1934 = DIRECTION ( 'NONE',  ( 0.000000000000000000, 0.000000000000000000, 1.000000000000000000 ) ) ;
#1935 = AXIS2_PLACEMENT_3D ( 'NONE', #1090, #1404, #1785 ) ;
#1936 = ORIENTED_EDGE ( 'NONE', *, *, #2018, .F. ) ;
#1937 = CARTESIAN_POINT ( 'NONE',  ( 15.50000000000000000, 64.76808374630067533, 0.000000000000000000 ) ) ;
#1938 = AXIS2_PLACEMENT_3D ( 'NONE', #670, #2249, #1553 ) ;
#1939 = AXIS2_PLACEMENT_3D ( 'NONE', #1123, #1831, #1992 ) ;
#1940 = ORIENTED_EDGE ( 'NONE', *, *, #1026, .T. ) ;
#1941 = CARTESIAN_POINT ( 'NONE',  ( -5.438077756525012241, 58.00000000000000000, -0.001000000000000132727 ) ) ;
#1942 = CARTESIAN_POINT ( 'NONE',  ( 8.504999999999993676, 112.0000000000000000, 0.000000000000000000 ) ) ;
#1943 = DIRECTION ( 'NONE',  ( -0.000000000000000000, -0.000000000000000000, -1.000000000000000000 ) ) ;
#1944 = EDGE_CURVE ( 'NONE', #427, #1108, #797, .T. ) ;
#1945 = CARTESIAN_POINT ( 'NONE',  ( 5.852227934875755544, 107.3014413701370273, 1.000000000000011324 ) ) ;
#1946 = EDGE_CURVE ( 'NONE', #746, #817, #226, .T. ) ;
#1947 = DIRECTION ( 'NONE',  ( -0.000000000000000000, -0.000000000000000000, -1.000000000000000000 ) ) ;
#1948 = EDGE_CURVE ( 'NONE', #1363, #216, #1390, .T. ) ;
#1949 = ORIENTED_EDGE ( 'NONE', *, *, #385, .T. ) ;
#1950 = FACE_BOUND ( 'NONE', #855, .T. ) ;
#1951 = EDGE_CURVE ( 'NONE', #642, #2171, #482, .T. ) ;
#1952 = AXIS2_PLACEMENT_3D ( 'NONE', #2203, #836, #1702 ) ;
#1953 = ORIENTED_EDGE ( 'NONE', *, *, #134, .F. ) ;
#1954 = CARTESIAN_POINT ( 'NONE',  ( -13.65000000000000036, 101.0408702444035356, 0.000000000000000000 ) ) ;
#1955 = DIRECTION ( 'NONE',  ( 1.000000000000000000, 0.000000000000000000, 0.000000000000000000 ) ) ;
#1956 = CARTESIAN_POINT ( 'NONE',  ( 3.650000000000003020, 101.0408702444035356, 5.000000000000000000 ) ) ;
#1957 = CIRCLE ( 'NONE', #2064, 6.000000000000000000 ) ;
#1958 = VERTEX_POINT ( 'NONE', #1897 ) ;
#1959 = DIRECTION ( 'NONE',  ( 1.000000000000000000, 0.000000000000000000, 0.000000000000000000 ) ) ;
#1960 = EDGE_CURVE ( 'NONE', #246, #477, #302, .T. ) ;
#1961 = ORIENTED_EDGE ( 'NONE', *, *, #2044, .T. ) ;
#1962 = DIRECTION ( 'NONE',  ( 1.000000000000000000, 0.000000000000000000, 0.000000000000000000 ) ) ;
#1963 = ORIENTED_EDGE ( 'NONE', *, *, #1522, .F. ) ;
#1964 = DIRECTION ( 'NONE',  ( 0.7071067811865439090, 0.000000000000000000, 0.7071067811865512365 ) ) ;
#1965 = VECTOR ( 'NONE', #108, 1000.000000000000000 ) ;
#1966 = DIRECTION ( 'NONE',  ( 0.000000000000000000, 0.000000000000000000, -1.000000000000000000 ) ) ;
#1967 = DIRECTION ( 'NONE',  ( -0.000000000000000000, 0.000000000000000000, 1.000000000000000000 ) ) ;
#1968 = ORIENTED_EDGE ( 'NONE', *, *, #3, .F. ) ;
#1969 = CARTESIAN_POINT ( 'NONE',  ( -3.649999999999980815, -7.080159478733237447E-16, 5.000000000000000000 ) ) ;
#1970 = VECTOR ( 'NONE', #1437, 1000.000000000000000 ) ;
#1971 = AXIS2_PLACEMENT_3D ( 'NONE', #516, #1530, #335 ) ;
#1972 = ORIENTED_EDGE ( 'NONE', *, *, #1071, .T. ) ;
#1973 = DIRECTION ( 'NONE',  ( 0.000000000000000000, 0.000000000000000000, 1.000000000000000000 ) ) ;
#1974 = CC_DESIGN_PERSON_AND_ORGANIZATION_ASSIGNMENT ( #796, #127, ( #601 ) ) ;
#1975 = EDGE_LOOP ( 'NONE', ( #1105, #1186, #1280, #79, #994, #2163, #1426, #1723, #114, #1414 ) ) ;
#1976 = VERTEX_POINT ( 'NONE', #1367 ) ;
#1977 =( GEOMETRIC_REPRESENTATION_CONTEXT ( 3 ) GLOBAL_UNCERTAINTY_ASSIGNED_CONTEXT ( ( #976 ) ) GLOBAL_UNIT_ASSIGNED_CONTEXT ( ( #1262, #228, #916 ) ) REPRESENTATION_CONTEXT ( 'NONE', 'WORKASPACE' ) );
#1978 = EDGE_CURVE ( 'NONE', #422, #198, #655, .T. ) ;
#1979 = LINE ( 'NONE', #428, #128 ) ;
#1980 = VECTOR ( 'NONE', #680, 1000.000000000000000 ) ;
#1981 = CARTESIAN_POINT ( 'NONE',  ( -1.460351472855927223E-15, 112.0000000000000000, 5.000000000000000000 ) ) ;
#1982 = DIRECTION ( 'NONE',  ( -0.000000000000000000, -0.000000000000000000, -1.000000000000000000 ) ) ;
#1983 = DIRECTION ( 'NONE',  ( 1.000000000000000000, 0.000000000000000000, 0.000000000000000000 ) ) ;
#1984 = ORIENTED_EDGE ( 'NONE', *, *, #2023, .T. ) ;
#1985 = CARTESIAN_POINT ( 'NONE',  ( -1.460351472855927223E-15, 112.0000000000000000, 7.000000000000000000 ) ) ;
#1986 = ORIENTED_EDGE ( 'NONE', *, *, #2209, .T. ) ;
#1987 = FACE_BOUND ( 'NONE', #1826, .T. ) ;
#1988 = ORIENTED_EDGE ( 'NONE', *, *, #1549, .F. ) ;
#1989 = VERTEX_POINT ( 'NONE', #703 ) ;
#1990 = DIRECTION ( 'NONE',  ( 0.000000000000000000, 0.000000000000000000, 1.000000000000000000 ) ) ;
#1991 = EDGE_CURVE ( 'NONE', #257, #467, #1054, .T. ) ;
#1992 = DIRECTION ( 'NONE',  ( -1.000000000000000000, 0.000000000000000000, 0.000000000000000000 ) ) ;
#1993 = CARTESIAN_POINT ( 'NONE',  ( -6.746448236554249078, -0.6047768954630872162, 0.000000000000000000 ) ) ;
#1994 = ORIENTED_EDGE ( 'NONE', *, *, #1377, .F. ) ;
#1995 = LINE ( 'NONE', #1452, #1149 ) ;
#1996 = DIRECTION ( 'NONE',  ( -0.000000000000000000, -0.000000000000000000, 1.000000000000000000 ) ) ;
#1997 = ORIENTED_EDGE ( 'NONE', *, *, #271, .T. ) ;
#1998 = ORIENTED_EDGE ( 'NONE', *, *, #798, .T. ) ;
#1999 = PERSON_AND_ORGANIZATION_ROLE ( 'creator' ) ;
#2000 = FACE_OUTER_BOUND ( 'NONE', #1814, .T. ) ;
#2001 = CARTESIAN_POINT ( 'NONE',  ( 12.59216025946302331, 89.91500000000002046, 6.000000000000000000 ) ) ;
#2002 = CC_DESIGN_DATE_AND_TIME_ASSIGNMENT ( #1307, #289, ( #2140 ) ) ;
#2003 = ORIENTED_EDGE ( 'NONE', *, *, #668, .F. ) ;
#2004 = CARTESIAN_POINT ( 'NONE',  ( 2.715956134393980648, 88.34637254901963388, 6.000000000000000000 ) ) ;
#2005 = DIRECTION ( 'NONE',  ( -0.08928571428571437096, 0.9960060548131671743, 0.000000000000000000 ) ) ;
#2006 = AXIS2_PLACEMENT_3D ( 'NONE', #906, #393, #256 ) ;
#2007 = ORIENTED_EDGE ( 'NONE', *, *, #1991, .T. ) ;
#2008 = ORIENTED_EDGE ( 'NONE', *, *, #1094, .F. ) ;
#2009 = CIRCLE ( 'NONE', #345, 25.00000000000000000 ) ;
#2010 = COORDINATED_UNIVERSAL_TIME_OFFSET ( 3, 0, .BEHIND. ) ;
#2011 = AXIS2_PLACEMENT_3D ( 'NONE', #87, #772, #621 ) ;
#2012 = CARTESIAN_POINT ( 'NONE',  ( -9.180419162538116851, 112.0000000000000000, 7.000000000000000000 ) ) ;
#2013 = DIRECTION ( 'NONE',  ( -0.000000000000000000, -0.000000000000000000, 1.000000000000000000 ) ) ;
#2014 = AXIS2_PLACEMENT_3D ( 'NONE', #789, #429, #1309 ) ;
#2015 = LINE ( 'NONE', #285, #569 ) ;
#2016 = EDGE_CURVE ( 'NONE', #1763, #1525, #539, .T. ) ;
#2017 = CIRCLE ( 'NONE', #1035, 1.600000000000012967 ) ;
#2018 = EDGE_CURVE ( 'NONE', #1196, #1928, #2216, .T. ) ;
#2019 = ORIENTED_EDGE ( 'NONE', *, *, #1876, .F. ) ;
#2020 = CARTESIAN_POINT ( 'NONE',  ( -1.460351472855927223E-15, 112.0000000000000000, 7.000000000000000000 ) ) ;
#2021 = ORIENTED_EDGE ( 'NONE', *, *, #1683, .F. ) ;
#2022 = ORIENTED_EDGE ( 'NONE', *, *, #1520, .F. ) ;
#2023 = EDGE_CURVE ( 'NONE', #211, #777, #194, .T. ) ;
#2024 = APPLICATION_PROTOCOL_DEFINITION ( 'international standard', 'config_control_design', 1994, #1882 ) ;
#2025 = CYLINDRICAL_SURFACE ( 'NONE', #17, 1.699999999999999956 ) ;
#2026 = DIRECTION ( 'NONE',  ( -4.849424300502242259E-17, 1.000000000000000000, 0.000000000000000000 ) ) ;
#2027 = DIRECTION ( 'NONE',  ( -0.000000000000000000, -0.000000000000000000, -1.000000000000000000 ) ) ;
#2028 = EDGE_CURVE ( 'NONE', #754, #1187, #1288, .T. ) ;
#2029 = FACE_OUTER_BOUND ( 'NONE', #1800, .T. ) ;
#2030 = LINE ( 'NONE', #1689, #59 ) ;
#2031 = VERTEX_POINT ( 'NONE', #1872 ) ;
#2032 = EDGE_LOOP ( 'NONE', ( #1267, #1773, #1085, #1527 ) ) ;
#2033 = CALENDAR_DATE ( 2026, 7, 10 ) ;
#2034 = DIRECTION ( 'NONE',  ( -1.000000000000000000, 0.000000000000000000, 0.000000000000000000 ) ) ;
#2035 = CARTESIAN_POINT ( 'NONE',  ( -6.011178813614782541E-15, 87.91500000000002046, 7.000000000000000000 ) ) ;
#2036 = CARTESIAN_POINT ( 'NONE',  ( -1.460351472855927223E-15, 112.0000000000000000, 7.000000000000000000 ) ) ;
#2037 = VERTEX_POINT ( 'NONE', #367 ) ;
#2038 = DIRECTION ( 'NONE',  ( -0.000000000000000000, -0.000000000000000000, 1.000000000000000000 ) ) ;
#2039 = VECTOR ( 'NONE', #1201, 1000.000000000000227 ) ;
#2040 = CYLINDRICAL_SURFACE ( 'NONE', #1022, 2.000000000000000000 ) ;
#2041 = ORIENTED_EDGE ( 'NONE', *, *, #72, .F. ) ;
#2042 = VERTEX_POINT ( 'NONE', #868 ) ;
#2043 = CIRCLE ( 'NONE', #876, 10.00000000000000000 ) ;
#2044 = EDGE_CURVE ( 'NONE', #1803, #653, #323, .T. ) ;
#2045 = EDGE_LOOP ( 'NONE', ( #1997, #624, #676, #936, #2021, #1744, #1103, #678 ) ) ;
#2046 = CARTESIAN_POINT ( 'NONE',  ( -5.521320093955841160E-15, 91.91500000000002046, 7.000000000000000000 ) ) ;
#2047 = CARTESIAN_POINT ( 'NONE',  ( 3.650000000000003908, 83.15500000000001535, 1.000000000000011324 ) ) ;
#2048 = CARTESIAN_POINT ( 'NONE',  ( -9.229937222002304461E-16, 8.000000000000000000, 5.000000000000000000 ) ) ;
#2049 = EDGE_CURVE ( 'NONE', #86, #1788, #2081, .T. ) ;
#2050 = CARTESIAN_POINT ( 'NONE',  ( -11.41411408540401595, 51.46428571428572241, -0.001000000000000132727 ) ) ;
#2051 = CARTESIAN_POINT ( 'NONE',  ( -9.143753071610786876, 111.1803197176305247, 7.000000000000000000 ) ) ;
#2052 = ORIENTED_EDGE ( 'NONE', *, *, #804, .F. ) ;
#2053 = VERTEX_POINT ( 'NONE', #502 ) ;
#2054 = ORIENTED_EDGE ( 'NONE', *, *, #881, .F. ) ;
#2055 = CARTESIAN_POINT ( 'NONE',  ( -1.700000000000005951, 87.91500000000002046, 7.000000000000000000 ) ) ;
#2056 = CARTESIAN_POINT ( 'NONE',  ( -2.750000000000005329, 91.91500000000002046, 7.000000000000000000 ) ) ;
#2057 = ADVANCED_FACE ( 'NONE', ( #860 ), #665, .F. ) ;
#2058 = CARTESIAN_POINT ( 'NONE',  ( 0.000000000000000000, 0.000000000000000000, 5.000000000000000000 ) ) ;
#2059 = AXIS2_PLACEMENT_3D ( 'NONE', #1189, #1180, #1871 ) ;
#2060 = CARTESIAN_POINT ( 'NONE',  ( 2.592160259463023753, 89.91500000000002046, 7.000000000000000000 ) ) ;
#2061 = DIRECTION ( 'NONE',  ( 0.000000000000000000, 0.000000000000000000, 1.000000000000000000 ) ) ;
#2062 = VERTEX_POINT ( 'NONE', #1538 ) ;
#2063 = ORIENTED_EDGE ( 'NONE', *, *, #1775, .T. ) ;
#2064 = AXIS2_PLACEMENT_3D ( 'NONE', #304, #1194, #1037 ) ;
#2065 = EDGE_LOOP ( 'NONE', ( #1462, #1027 ) ) ;
#2066 = DIRECTION ( 'NONE',  ( 1.000000000000000000, 0.000000000000000000, 0.000000000000000000 ) ) ;
#2067 = CARTESIAN_POINT ( 'NONE',  ( 2.031615389693744778, 14.00000000000000000, 0.000000000000000000 ) ) ;
#2068 = DIRECTION ( 'NONE',  ( 0.000000000000000000, 0.000000000000000000, 1.000000000000000000 ) ) ;
#2069 = EDGE_CURVE ( 'NONE', #961, #466, #359, .T. ) ;
#2070 = DIRECTION ( 'NONE',  ( 0.000000000000000000, 0.000000000000000000, -1.000000000000000000 ) ) ;
#2071 = CARTESIAN_POINT ( 'NONE',  ( -17.10000000000001208, 64.76808374630067533, 5.000000000000000000 ) ) ;
#2072 = ORIENTED_EDGE ( 'NONE', *, *, #1255, .F. ) ;
#2073 = ORIENTED_EDGE ( 'NONE', *, *, #2016, .T. ) ;
#2074 = VECTOR ( 'NONE', #2170, 1000.000000000000000 ) ;
#2075 = ORIENTED_EDGE ( 'NONE', *, *, #103, .F. ) ;
#2076 = DIRECTION ( 'NONE',  ( 1.000000000000000000, 0.000000000000000000, 0.000000000000000000 ) ) ;
#2077 = CARTESIAN_POINT ( 'NONE',  ( -1.460351472855927223E-15, 112.0000000000000000, 5.500000000000000000 ) ) ;
#2078 = VECTOR ( 'NONE', #1347, 1000.000000000000000 ) ;
#2079 = AXIS2_PLACEMENT_3D ( 'NONE', #1065, #541, #1229 ) ;
#2080 = LINE ( 'NONE', #382, #989 ) ;
#2081 = CIRCLE ( 'NONE', #2157, 15.00000000000000000 ) ;
#2082 = EDGE_CURVE ( 'NONE', #1393, #1395, #1791, .T. ) ;
#2083 = DIRECTION ( 'NONE',  ( -1.000000000000000000, 0.000000000000000000, 0.000000000000000000 ) ) ;
#2084 = AXIS2_PLACEMENT_3D ( 'NONE', #917, #1807, #1617 ) ;
#2085 = ORIENTED_EDGE ( 'NONE', *, *, #869, .T. ) ;
#2086 = ORIENTED_EDGE ( 'NONE', *, *, #1069, .F. ) ;
#2087 = CIRCLE ( 'NONE', #1440, 6.000000000000000000 ) ;
#2088 = ORIENTED_EDGE ( 'NONE', *, *, #1620, .F. ) ;
#2089 = DIRECTION ( 'NONE',  ( -0.000000000000000000, -0.000000000000000000, 1.000000000000000000 ) ) ;
#2090 = CARTESIAN_POINT ( 'NONE',  ( -15.50000000000000000, 64.76808374630067533, 0.000000000000000000 ) ) ;
#2091 = CARTESIAN_POINT ( 'NONE',  ( -5.521320093955841160E-15, 91.91500000000002046, 7.000000000000000000 ) ) ;
#2092 = FACE_OUTER_BOUND ( 'NONE', #965, .T. ) ;
#2093 = EDGE_CURVE ( 'NONE', #102, #499, #1901, .T. ) ;
#2094 = EDGE_LOOP ( 'NONE', ( #1117, #2114, #1680, #283 ) ) ;
#2095 = DIRECTION ( 'NONE',  ( 1.000000000000000000, 0.000000000000000000, 0.000000000000000000 ) ) ;
#2096 = LOCAL_TIME ( 13, 28, 18.00000000000000000, #2158 ) ;
#2097 = VERTEX_POINT ( 'NONE', #681 ) ;
#2098 = DIRECTION ( 'NONE',  ( 1.000000000000000000, 0.000000000000000000, 0.000000000000000000 ) ) ;
#2099 = DIRECTION ( 'NONE',  ( -0.000000000000000000, 0.000000000000000000, 1.000000000000000000 ) ) ;
#2100 = CARTESIAN_POINT ( 'NONE',  ( 25.00000000000000000, 112.0000000000000000, 5.000000000000000000 ) ) ;
#2101 = FACE_OUTER_BOUND ( 'NONE', #30, .T. ) ;
#2102 = AXIS2_PLACEMENT_3D ( 'NONE', #273, #113, #1338 ) ;
#2103 = ORIENTED_EDGE ( 'NONE', *, *, #3, .T. ) ;
#2104 = DIRECTION ( 'NONE',  ( -1.153742152750288058E-16, 1.000000000000000000, 0.000000000000000000 ) ) ;
#2105 = ORIENTED_EDGE ( 'NONE', *, *, #1480, .F. ) ;
#2106 = ADVANCED_FACE ( 'NONE', ( #1376, #692 ), #1389, .T. ) ;
#2107 = CARTESIAN_POINT ( 'NONE',  ( -6.784704058787334624, 84.86449619345098938, 7.000000000000000000 ) ) ;
#2108 = ADVANCED_FACE ( 'NONE', ( #1911 ), #1044, .F. ) ;
#2109 = EDGE_CURVE ( 'NONE', #1560, #2053, #1543, .T. ) ;
#2110 = CYLINDRICAL_SURFACE ( 'NONE', #280, 1.699999999999999956 ) ;
#2111 = CARTESIAN_POINT ( 'NONE',  ( 2.000000000000000000, 2.449293598294706414E-16, 0.000000000000000000 ) ) ;
#2112 = DIRECTION ( 'NONE',  ( -1.000000000000000000, 0.000000000000000000, 0.000000000000000000 ) ) ;
#2113 = ADVANCED_FACE ( 'NONE', ( #755 ), #1766, .F. ) ;
#2114 = ORIENTED_EDGE ( 'NONE', *, *, #2250, .F. ) ;
#2115 = AXIS2_PLACEMENT_3D ( 'NONE', #1753, #1927, #1407 ) ;
#2116 = DIRECTION ( 'NONE',  ( -1.000000000000000000, 0.000000000000000000, 0.000000000000000000 ) ) ;
#2117 = ORIENTED_EDGE ( 'NONE', *, *, #979, .T. ) ;
#2118 = LINE ( 'NONE', #1590, #1933 ) ;
#2119 = VECTOR ( 'NONE', #1218, 1000.000000000000000 ) ;
#2120 = VERTEX_POINT ( 'NONE', #928 ) ;
#2121 = DIRECTION ( 'NONE',  ( 1.000000000000000000, 0.000000000000000000, 0.000000000000000000 ) ) ;
#2122 = AXIS2_PLACEMENT_3D ( 'NONE', #982, #1384, #1857 ) ;
#2123 = CARTESIAN_POINT ( 'NONE',  ( -4.000000000000002665, 112.0000000000000000, 4.500000000000000888 ) ) ;
#2124 = AXIS2_PLACEMENT_3D ( 'NONE', #1152, #444, #1643 ) ;
#2125 = DIRECTION ( 'NONE',  ( -0.000000000000000000, -0.000000000000000000, 1.000000000000000000 ) ) ;
#2126 = EDGE_CURVE ( 'NONE', #1395, #1304, #1101, .T. ) ;
#2127 = CARTESIAN_POINT ( 'NONE',  ( 13.65000000000000391, 101.0408702444035356, 1.000000000000011324 ) ) ;
#2128 = ORIENTED_EDGE ( 'NONE', *, *, #1672, .F. ) ;
#2129 = DIRECTION ( 'NONE',  ( -0.000000000000000000, -0.000000000000000000, -1.000000000000000000 ) ) ;
#2130 = ORIENTED_EDGE ( 'NONE', *, *, #826, .T. ) ;
#2131 = FACE_BOUND ( 'NONE', #1177, .T. ) ;
#2132 = AXIS2_PLACEMENT_3D ( 'NONE', #136, #830, #154 ) ;
#2133 = ORIENTED_EDGE ( 'NONE', *, *, #1919, .F. ) ;
#2134 = CARTESIAN_POINT ( 'NONE',  ( -6.011178813614782541E-15, 87.91500000000002046, 7.000000000000000000 ) ) ;
#2135 = CARTESIAN_POINT ( 'NONE',  ( -25.00000000000000000, 112.0000000000000000, 5.000000000000000000 ) ) ;
#2136 = FACE_OUTER_BOUND ( 'NONE', #1736, .T. ) ;
#2137 = CYLINDRICAL_SURFACE ( 'NONE', #1647, 25.00000000000000000 ) ;
#2138 = ORIENTED_EDGE ( 'NONE', *, *, #1377, .T. ) ;
#2139 = DIRECTION ( 'NONE',  ( -1.000000000000000000, -1.939769720200896903E-16, 0.000000000000000000 ) ) ;
#2140 = PRODUCT_DEFINITION ( 'UNKNOWN', '', #601, #1504 ) ;
#2141 = CARTESIAN_POINT ( 'NONE',  ( 3.999999999999999112, 112.0000000000000000, 4.500000000000000888 ) ) ;
#2142 = LINE ( 'NONE', #1756, #1798 ) ;
#2143 = ORIENTED_EDGE ( 'NONE', *, *, #272, .F. ) ;
#2144 = CARTESIAN_POINT ( 'NONE',  ( 2.592160259463023753, 89.91500000000002046, 6.000000000000000000 ) ) ;
#2145 = CARTESIAN_POINT ( 'NONE',  ( -1.800000000000000266, 112.0000000000000000, 5.500000000000000000 ) ) ;
#2146 = AXIS2_PLACEMENT_3D ( 'NONE', #141, #471, #1299 ) ;
#2147 = DIRECTION ( 'NONE',  ( 1.000000000000000000, 0.000000000000000000, 0.000000000000000000 ) ) ;
#2148 = FACE_OUTER_BOUND ( 'NONE', #1119, .T. ) ;
#2149 = ORIENTED_EDGE ( 'NONE', *, *, #1978, .F. ) ;
#2150 = CARTESIAN_POINT ( 'NONE',  ( -5.438077756525012241, 52.00000000000000711, 0.000000000000000000 ) ) ;
#2151 = CIRCLE ( 'NONE', #380, 2.750000000000000000 ) ;
#2152 = ORIENTED_EDGE ( 'NONE', *, *, #2109, .F. ) ;
#2153 = LINE ( 'NONE', #640, #1357 ) ;
#2154 = EDGE_CURVE ( 'NONE', #2235, #1690, #548, .T. ) ;
#2155 = ORIENTED_EDGE ( 'NONE', *, *, #1208, .F. ) ;
#2156 = ORIENTED_EDGE ( 'NONE', *, *, #1573, .T. ) ;
#2157 = AXIS2_PLACEMENT_3D ( 'NONE', #515, #1703, #1730 ) ;
#2158 = COORDINATED_UNIVERSAL_TIME_OFFSET ( 3, 0, .BEHIND. ) ;
#2159 = CIRCLE ( 'NONE', #529, 4.000000000000000888 ) ;
#2160 = CARTESIAN_POINT ( 'NONE',  ( -6.784704058787334624, 84.86449619345098938, 7.000000000000000000 ) ) ;
#2161 = CARTESIAN_POINT ( 'NONE',  ( 7.504999999999998117, 112.0000000000000000, 1.000000000000011324 ) ) ;
#2162 = DIRECTION ( 'NONE',  ( -0.000000000000000000, -0.000000000000000000, -1.000000000000000000 ) ) ;
#2163 = ORIENTED_EDGE ( 'NONE', *, *, #225, .F. ) ;
#2164 = DIRECTION ( 'NONE',  ( 0.000000000000000000, 0.000000000000000000, -1.000000000000000000 ) ) ;
#2165 = ORIENTED_EDGE ( 'NONE', *, *, #1506, .F. ) ;
#2166 = PLANE ( 'NONE',  #905 ) ;
#2167 = EDGE_LOOP ( 'NONE', ( #564, #1582, #877, #498 ) ) ;
#2168 = APPROVAL ( #92, 'UNSPECIFIED' ) ;
#2169 = CARTESIAN_POINT ( 'NONE',  ( -1.700000000000005285, 91.91500000000002046, 7.000000000000000000 ) ) ;
#2170 = DIRECTION ( 'NONE',  ( -0.000000000000000000, -0.000000000000000000, -1.000000000000000000 ) ) ;
#2171 = VERTEX_POINT ( 'NONE', #2144 ) ;
#2172 = DIRECTION ( 'NONE',  ( -0.000000000000000000, 0.000000000000000000, 1.000000000000000000 ) ) ;
#2173 = AXIS2_PLACEMENT_3D ( 'NONE', #1733, #863, #658 ) ;
#2174 = VERTEX_POINT ( 'NONE', #1605 ) ;
#2175 = DIRECTION ( 'NONE',  ( 1.000000000000000000, 0.000000000000000000, 0.000000000000000000 ) ) ;
#2176 = ORIENTED_EDGE ( 'NONE', *, *, #694, .T. ) ;
#2177 = ORIENTED_EDGE ( 'NONE', *, *, #1944, .T. ) ;
#2178 = AXIS2_PLACEMENT_3D ( 'NONE', #937, #622, #1465 ) ;
#2179 = ADVANCED_FACE ( 'NONE', ( #32 ), #593, .T. ) ;
#2180 = DIRECTION ( 'NONE',  ( -0.08928571428571437096, 0.9960060548131671743, 0.000000000000000000 ) ) ;
#2181 = DIRECTION ( 'NONE',  ( -0.000000000000000000, -0.000000000000000000, -1.000000000000000000 ) ) ;
#2182 = EDGE_CURVE ( 'NONE', #862, #1884, #489, .T. ) ;
#2183 = EDGE_CURVE ( 'NONE', #1130, #1611, #401, .T. ) ;
#2184 = AXIS2_PLACEMENT_3D ( 'NONE', #2001, #824, #1662 ) ;
#2185 = CARTESIAN_POINT ( 'NONE',  ( -4.649999999999981704, -9.019929198934134104E-16, 0.000000000000000000 ) ) ;
#2186 = ADVANCED_FACE ( 'NONE', ( #1757 ), #1628, .F. ) ;
#2187 = ORIENTED_EDGE ( 'NONE', *, *, #2183, .F. ) ;
#2188 = CARTESIAN_POINT ( 'NONE',  ( 1.699999999999994404, 91.91500000000002046, 5.000000000000000000 ) ) ;
#2189 = AXIS2_PLACEMENT_3D ( 'NONE', #893, #1596, #1114 ) ;
#2190 = ORIENTED_EDGE ( 'NONE', *, *, #72, .T. ) ;
#2191 = ORIENTED_EDGE ( 'NONE', *, *, #1121, .F. ) ;
#2192 = PERSON_AND_ORGANIZATION ( #712, #14 ) ;
#2193 = DIRECTION ( 'NONE',  ( -0.000000000000000000, 0.000000000000000000, 1.000000000000000000 ) ) ;
#2194 = CARTESIAN_POINT ( 'NONE',  ( 3.650000000000003908, 83.15500000000001535, 5.000000000000000000 ) ) ;
#2195 = CARTESIAN_POINT ( 'NONE',  ( 9.143753071610786876, 111.1803197176305247, 7.000000000000000000 ) ) ;
#2196 = CIRCLE ( 'NONE', #1147, 25.00000000000000000 ) ;
#2197 = FACE_OUTER_BOUND ( 'NONE', #321, .T. ) ;
#2198 = VECTOR ( 'NONE', #792, 1000.000000000000000 ) ;
#2199 = DIRECTION ( 'NONE',  ( 0.08928571428571445423, -0.9960060548131671743, 0.000000000000000000 ) ) ;
#2200 = EDGE_LOOP ( 'NONE', ( #1136, #1514, #1212, #2128 ) ) ;
#2201 = EDGE_LOOP ( 'NONE', ( #156, #854, #1293, #1385 ) ) ;
#2202 = CALENDAR_DATE ( 2026, 7, 10 ) ;
#2203 = CARTESIAN_POINT ( 'NONE',  ( -1.460351472855927223E-15, 112.0000000000000000, 7.000000000000000000 ) ) ;
#2204 = CYLINDRICAL_SURFACE ( 'NONE', #591, 25.00000000000000000 ) ;
#2205 = DIRECTION ( 'NONE',  ( -1.000000000000000000, 0.000000000000000000, 0.000000000000000000 ) ) ;
#2206 = CC_DESIGN_APPROVAL ( #132, ( #601 ) ) ;
#2207 = CC_DESIGN_PERSON_AND_ORGANIZATION_ASSIGNMENT ( #468, #1122, ( #646 ) ) ;
#2208 = DIRECTION ( 'NONE',  ( -0.000000000000000000, -0.000000000000000000, -1.000000000000000000 ) ) ;
#2209 = EDGE_CURVE ( 'NONE', #499, #169, #1979, .T. ) ;
#2210 = CARTESIAN_POINT ( 'NONE',  ( -2.592160259463033967, 89.91500000000002046, 7.000000000000000000 ) ) ;
#2211 = ORIENTED_EDGE ( 'NONE', *, *, #34, .T. ) ;
#2212 = CARTESIAN_POINT ( 'NONE',  ( -4.000000000000002665, 112.0000000000000000, 4.500000000000000888 ) ) ;
#2213 = EDGE_CURVE ( 'NONE', #1668, #1304, #1110, .T. ) ;
#2214 = VERTEX_POINT ( 'NONE', #1251 ) ;
#2215 = DIRECTION ( 'NONE',  ( -0.000000000000000000, -0.000000000000000000, 1.000000000000000000 ) ) ;
#2216 = LINE ( 'NONE', #333, #1614 ) ;
#2217 = AXIS2_PLACEMENT_3D ( 'NONE', #1488, #1996, #446 ) ;
#2218 = CARTESIAN_POINT ( 'NONE',  ( -3.649999999999980815, -7.080159478733237447E-16, 1.000000000000011324 ) ) ;
#2219 = ORIENTED_EDGE ( 'NONE', *, *, #1434, .T. ) ;
#2220 = PLANE ( 'NONE',  #447 ) ;
#2221 = CARTESIAN_POINT ( 'NONE',  ( -2.750000000000005773, 87.91500000000002046, 7.000000000000000000 ) ) ;
#2222 = VERTEX_POINT ( 'NONE', #1411 ) ;
#2223 = ORIENTED_EDGE ( 'NONE', *, *, #2093, .T. ) ;
#2224 = EDGE_CURVE ( 'NONE', #257, #466, #1064, .T. ) ;
#2225 = AXIS2_PLACEMENT_3D ( 'NONE', #1247, #1579, #568 ) ;
#2226 = EDGE_LOOP ( 'NONE', ( #1364, #1451, #202, #582 ) ) ;
#2227 = CARTESIAN_POINT ( 'NONE',  ( -1.460351472855927223E-15, 112.0000000000000000, 5.000000000000000000 ) ) ;
#2228 = DIRECTION ( 'NONE',  ( 0.7071067811865439090, 0.000000000000000000, 0.7071067811865512365 ) ) ;
#2229 = DIRECTION ( 'NONE',  ( 1.000000000000000000, 0.000000000000000000, 0.000000000000000000 ) ) ;
#2230 = AXIS2_PLACEMENT_3D ( 'NONE', #46, #2099, #379 ) ;
#2231 = CIRCLE ( 'NONE', #849, 2.750000000000000000 ) ;
#2232 = CARTESIAN_POINT ( 'NONE',  ( -5.521320093955841160E-15, 91.91500000000002046, 5.000000000000000000 ) ) ;
#2233 = DIRECTION ( 'NONE',  ( -1.000000000000000000, 0.000000000000000000, 0.000000000000000000 ) ) ;
#2234 = EDGE_LOOP ( 'NONE', ( #1213, #458, #522, #1676 ) ) ;
#2235 = VERTEX_POINT ( 'NONE', #1422 ) ;
#2236 = VECTOR ( 'NONE', #999, 1000.000000000000000 ) ;
#2237 = ORIENTED_EDGE ( 'NONE', *, *, #2049, .F. ) ;
#2238 = EDGE_CURVE ( 'NONE', #434, #41, #563, .T. ) ;
#2239 = DIRECTION ( 'NONE',  ( 1.000000000000000000, 0.000000000000000000, 0.000000000000000000 ) ) ;
#2240 = CARTESIAN_POINT ( 'NONE',  ( -6.011178813614782541E-15, 87.91500000000002046, 5.000000000000000000 ) ) ;
#2241 = DIRECTION ( 'NONE',  ( 1.000000000000000000, 0.000000000000000000, 0.000000000000000000 ) ) ;
#2242 = AXIS2_PLACEMENT_3D ( 'NONE', #332, #1018, #1715 ) ;
#2243 = LINE ( 'NONE', #1023, #978 ) ;
#2244 = DIRECTION ( 'NONE',  ( -0.000000000000000000, -0.000000000000000000, -1.000000000000000000 ) ) ;
#2245 = ORIENTED_EDGE ( 'NONE', *, *, #973, .F. ) ;
#2246 = VERTEX_POINT ( 'NONE', #2107 ) ;
#2247 = ORIENTED_EDGE ( 'NONE', *, *, #413, .F. ) ;
#2248 = CYLINDRICAL_SURFACE ( 'NONE', #352, 4.000000000000000888 ) ;
#2249 = DIRECTION ( 'NONE',  ( -0.000000000000000000, -0.000000000000000000, 1.000000000000000000 ) ) ;
#2250 = EDGE_CURVE ( 'NONE', #2097, #126, #556, .T. ) ;
#2251 = DIRECTION ( 'NONE',  ( 0.000000000000000000, 0.000000000000000000, 1.000000000000000000 ) ) ;
ENDSEC;
END-ISO-10303-21;
