ISO-10303-21;
HEADER;
FILE_DESCRIPTION (( 'STEP AP203' ),
    '1' );
FILE_NAME ('eslabon_AD_tapa.STEP',
    '2026-10-07T22:19:27',
    ( '' ),
    ( '' ),
    'SwSTEP 2.0',
    'SolidWorks 2026',
    '' );
FILE_SCHEMA (( 'CONFIG_CONTROL_DESIGN' ));
ENDSEC;

DATA;
#1 = ADVANCED_FACE ( 'NONE', ( #792 ), #322, .F. ) ;
#2 = CARTESIAN_POINT ( 'NONE',  ( -19.90410583797994448, -1.391830665836229608, 2.500000000000000000 ) ) ;
#3 = DIRECTION ( 'NONE',  ( -0.000000000000000000, 0.000000000000000000, 1.000000000000000000 ) ) ;
#4 = ORIENTED_EDGE ( 'NONE', *, *, #1053, .F. ) ;
#5 = CYLINDRICAL_SURFACE ( 'NONE', #840, 3.000000000000004441 ) ;
#6 =( BOUNDED_SURFACE ( )  B_SPLINE_SURFACE ( 3, 2, ( 
 ( #340, #1416, #1040 ),
 ( #814, #1268, #1399 ),
 ( #1516, #450, #1393 ),
 ( #98, #572, #116 ),
 ( #578, #196, #220 ),
 ( #1278, #1175, #1295 ),
 ( #231, #87, #106 ),
 ( #326, #707, #1510 ),
 ( #1183, #678, #1151 ),
 ( #79, #1273, #1319 ) ),
 .UNSPECIFIED., .F., .F., .F. ) 
 B_SPLINE_SURFACE_WITH_KNOTS ( ( 4, 2, 2, 2, 4 ),
 ( 3, 3 ),
 ( 0.003888102701881776709, 0.004980535510575230876, 0.006072968319268685911, 0.007165401127962140078, 0.008257833936655594245 ),
 ( 0.000000000000000000, 1.000000000000000000 ),
 .UNSPECIFIED. ) 
 GEOMETRIC_REPRESENTATION_ITEM ( )  RATIONAL_B_SPLINE_SURFACE ( (
 ( 1.000000000000000000, 0.7071067811865475727, 1.000000000000000000),
 ( 1.000000000000000000, 0.7334426340254115440, 1.000000000000000000),
 ( 1.000000000000000000, 0.7556066299214513338, 1.000000000000000000),
 ( 1.000000000000000000, 0.7854744988634728697, 1.000000000000000000),
 ( 1.000000000000000000, 0.7932714538740279764, 1.000000000000000000),
 ( 1.000000000000000000, 0.7932673753160528474, 1.000000000000000000),
 ( 1.000000000000000000, 0.7853667967638670033, 1.000000000000000000),
 ( 1.000000000000000000, 0.7556608284337159587, 1.000000000000000000),
 ( 1.000000000000000000, 0.7334493157192015778, 1.000000000000000000),
 ( 1.000000000000000000, 0.7071067811865474617, 1.000000000000000000) ) ) 
 REPRESENTATION_ITEM ( '' )  SURFACE ( )  );
#7 = CYLINDRICAL_SURFACE ( 'NONE', #543, 1.749999999999999778 ) ;
#8 = CARTESIAN_POINT ( 'NONE',  ( 17.97740556806590462, -7.686641602649314287, 2.896894984309696941 ) ) ;
#9 = CARTESIAN_POINT ( 'NONE',  ( 16.91141368720047566, -1.182561244603837380, 2.500000000000000000 ) ) ;
#10 = CLOSED_SHELL ( 'NONE', ( #1271, #1109, #614, #1041, #436, #115, #780, #1489, #409, #329, #1378, #551, #549, #203, #1327, #1078, #798, #1106, #1486, #82, #1055, #987, #208, #500, #849, #912, #828, #1076, #836, #1, #1532, #1383, #391, #1194, #1263, #1239, #160, #716, #346, #1398, #1484, #874, #386, #758 ) ) ;
#11 = ORIENTED_EDGE ( 'NONE', *, *, #249, .T. ) ;
#12 = VERTEX_POINT ( 'NONE', #1423 ) ;
#13 = VECTOR ( 'NONE', #1427, 1000.000000000000000 ) ;
#14 = AXIS2_PLACEMENT_3D ( 'NONE', #1203, #1321, #613 ) ;
#15 = CARTESIAN_POINT ( 'NONE',  ( 19.42850633384578884, -11.08491086094229061, 2.500000000000000000 ) ) ;
#16 = CIRCLE ( 'NONE', #1364, 2.000000000000001776 ) ;
#17 = CALENDAR_DATE ( 2026, 7, 10 ) ;
#18 = DIRECTION ( 'NONE',  ( 0.000000000000000000, 0.000000000000000000, 1.000000000000000000 ) ) ;
#19 = CC_DESIGN_APPROVAL ( #267, ( #1167 ) ) ;
#20 = CARTESIAN_POINT ( 'NONE',  ( 19.44769083491691575, -7.918869299196770406, 2.499999999999993339 ) ) ;
#21 = FACE_OUTER_BOUND ( 'NONE', #504, .T. ) ;
#22 = ORIENTED_EDGE ( 'NONE', *, *, #400, .T. ) ;
#23 = ORIENTED_EDGE ( 'NONE', *, *, #389, .T. ) ;
#24 = EDGE_CURVE ( 'NONE', #903, #333, #1335, .T. ) ;
#25 = CARTESIAN_POINT ( 'NONE',  ( -12.99999999999999822, -7.276347106161928480, 4.500000000000000888 ) ) ;
#26 = DIRECTION ( 'NONE',  ( 1.000000000000000000, 0.000000000000000000, 0.000000000000000000 ) ) ;
#27 = LINE ( 'NONE', #963, #347 ) ;
#28 = EDGE_LOOP ( 'NONE', ( #1241, #459 ) ) ;
#29 = DIRECTION ( 'NONE',  ( 1.000000000000000000, 0.000000000000000000, 0.000000000000000000 ) ) ;
#30 = PERSON_AND_ORGANIZATION ( #733, #1039 ) ;
#31 = CYLINDRICAL_SURFACE ( 'NONE', #317, 4.000000000000000000 ) ;
#32 = DIRECTION ( 'NONE',  ( 0.000000000000000000, 0.000000000000000000, 1.000000000000000000 ) ) ;
#33 = CARTESIAN_POINT ( 'NONE',  ( -17.78849501667645328, -6.269972146891264586, 4.500000000000000888 ) ) ;
#34 = FACE_OUTER_BOUND ( 'NONE', #348, .T. ) ;
#35 = ORIENTED_EDGE ( 'NONE', *, *, #983, .F. ) ;
#36 = AXIS2_PLACEMENT_3D ( 'NONE', #1301, #594, #757 ) ;
#37 = PERSON_AND_ORGANIZATION ( #733, #1039 ) ;
#38 = CARTESIAN_POINT ( 'NONE',  ( -17.95999256749361095, -7.736420999346115046, 4.438577348543153001 ) ) ;
#39 = CIRCLE ( 'NONE', #910, 1.749999999999999778 ) ;
#40 = CARTESIAN_POINT ( 'NONE',  ( 15.50000000000000178, -7.276347106161925815, 2.500000000000000000 ) ) ;
#41 = DIRECTION ( 'NONE',  ( 0.000000000000000000, 0.000000000000000000, -1.000000000000000000 ) ) ;
#42 =( GEOMETRIC_REPRESENTATION_CONTEXT ( 3 ) GLOBAL_UNCERTAINTY_ASSIGNED_CONTEXT ( ( #131 ) ) GLOBAL_UNIT_ASSIGNED_CONTEXT ( ( #1300, #238, #1521 ) ) REPRESENTATION_CONTEXT ( 'NONE', 'WORKASPACE' ) );
#43 = ORIENTED_EDGE ( 'NONE', *, *, #64, .F. ) ;
#44 = EDGE_CURVE ( 'NONE', #989, #1083, #1216, .T. ) ;
#45 = ORIENTED_EDGE ( 'NONE', *, *, #686, .T. ) ;
#46 = PERSON_AND_ORGANIZATION_ROLE ( 'design_owner' ) ;
#47 = CARTESIAN_POINT ( 'NONE',  ( 17.24999999999999289, -7.276347106161925815, 2.500000000000000000 ) ) ;
#48 = EDGE_CURVE ( 'NONE', #401, #1254, #1320, .T. ) ;
#49 = CARTESIAN_POINT ( 'NONE',  ( 17.24999999999999289, -7.276347106161925815, -0.5000000000000000000 ) ) ;
#50 = DIRECTION ( 'NONE',  ( 1.000000000000000000, 0.000000000000000000, 0.000000000000000000 ) ) ;
#51 = ORIENTED_EDGE ( 'NONE', *, *, #501, .F. ) ;
#52 = ORIENTED_EDGE ( 'NONE', *, *, #688, .T. ) ;
#53 = CARTESIAN_POINT ( 'NONE',  ( -19.61929103001761732, -5.464872179474732583, 4.500000000000000888 ) ) ;
#54 = CARTESIAN_POINT ( 'NONE',  ( 17.62616321667863417, -8.591425041511298488, 4.500000000000000888 ) ) ;
#55 = DIRECTION ( 'NONE',  ( -1.000000000000000000, 0.000000000000000000, -0.000000000000000000 ) ) ;
#56 = CARTESIAN_POINT ( 'NONE',  ( 7.083264969203006522, -32.72239654347745130, 2.500000000000000000 ) ) ;
#57 = ORIENTED_EDGE ( 'NONE', *, *, #668, .F. ) ;
#58 = CARTESIAN_POINT ( 'NONE',  ( -6.160627878575859917, -49.88122387345902808, 2.500000000000000000 ) ) ;
#59 = EDGE_CURVE ( 'NONE', #794, #151, #1033, .T. ) ;
#60 = ORIENTED_EDGE ( 'NONE', *, *, #1368, .F. ) ;
#61 = EDGE_CURVE ( 'NONE', #120, #1179, #1340, .T. ) ;
#62 = AXIS2_PLACEMENT_3D ( 'NONE', #1462, #404, #1534 ) ;
#63 = DIRECTION ( 'NONE',  ( 0.4025499837082658350, 0.9153980066705821317, 0.000000000000000000 ) ) ;
#64 = EDGE_CURVE ( 'NONE', #376, #128, #1110, .T. ) ;
#65 = AXIS2_PLACEMENT_3D ( 'NONE', #592, #735, #954 ) ;
#66 = DIRECTION ( 'NONE',  ( -0.000000000000000000, -0.000000000000000000, -1.000000000000000000 ) ) ;
#67 = AXIS2_PLACEMENT_3D ( 'NONE', #1074, #843, #977 ) ;
#68 = DIRECTION ( 'NONE',  ( 1.000000000000000000, 0.000000000000000000, 0.000000000000000000 ) ) ;
#69 = EDGE_LOOP ( 'NONE', ( #906, #1314, #1057, #330, #845, #695 ) ) ;
#70 = LINE ( 'NONE', #1269, #1064 ) ;
#71 = ORIENTED_EDGE ( 'NONE', *, *, #1380, .T. ) ;
#72 = EDGE_CURVE ( 'NONE', #531, #401, #1452, .T. ) ;
#73 = CYLINDRICAL_SURFACE ( 'NONE', #740, 14.99999999999999822 ) ;
#74 = CARTESIAN_POINT ( 'NONE',  ( -10.99999999999999822, -7.276347106161928480, 2.500000000000000444 ) ) ;
#75 = EDGE_LOOP ( 'NONE', ( #1050, #1324, #1059, #1210 ) ) ;
#76 = CARTESIAN_POINT ( 'NONE',  ( -1.999999999999991784, -72.04634710616191740, 2.500000000000000000 ) ) ;
#77 = ORIENTED_EDGE ( 'NONE', *, *, #24, .F. ) ;
#78 = CARTESIAN_POINT ( 'NONE',  ( 16.91141368720047566, -1.182561244603837380, -2.500000000000000000 ) ) ;
#79 = CARTESIAN_POINT ( 'NONE',  ( -19.61929103001761732, -5.464872179474730807, 2.500000000000000444 ) ) ;
#80 = CARTESIAN_POINT ( 'NONE',  ( 17.78849501667645683, -6.269972146891257481, 2.500000000000003553 ) ) ;
#81 = CARTESIAN_POINT ( 'NONE',  ( -15.49999999999999822, -7.276347106161928480, 2.500000000000000000 ) ) ;
#82 = ADVANCED_FACE ( 'NONE', ( #380 ), #833, .F. ) ;
#83 = EDGE_CURVE ( 'NONE', #496, #128, #856, .T. ) ;
#84 = ORIENTED_EDGE ( 'NONE', *, *, #1471, .F. ) ;
#85 = CARTESIAN_POINT ( 'NONE',  ( 14.96346075389736363, -72.04634710616191740, 2.500000000000000000 ) ) ;
#86 = VECTOR ( 'NONE', #1361, 1000.000000000000000 ) ;
#87 = CARTESIAN_POINT ( 'NONE',  ( -17.99134273488943947, -6.974979911955409229, 2.869562795584166270 ) ) ;
#88 = VECTOR ( 'NONE', #494, 1000.000000000000000 ) ;
#89 = MANIFOLD_SOLID_BREP ( 'Redondeo3', #10 ) ;
#90 = CIRCLE ( 'NONE', #65, 1.749999999999994671 ) ;
#91 = VERTEX_POINT ( 'NONE', #250 ) ;
#92 = DIRECTION ( 'NONE',  ( 0.000000000000000000, 0.000000000000000000, -1.000000000000000000 ) ) ;
#93 = VECTOR ( 'NONE', #118, 1000.000000000000000 ) ;
#94 = ORIENTED_EDGE ( 'NONE', *, *, #1222, .F. ) ;
#95 = LOCAL_TIME ( 19, 19, 27.00000000000000000, #286 ) ;
#96 = CARTESIAN_POINT ( 'NONE',  ( 8.694992273946206563E-15, -71.00000000000000000, 2.500000000000000000 ) ) ;
#97 = CARTESIAN_POINT ( 'NONE',  ( -15.49999999999999822, -7.276347106161928480, 4.500000000000000888 ) ) ;
#98 = CARTESIAN_POINT ( 'NONE',  ( -19.42265819450510378, -8.276852735249221382, 2.500000000000011102 ) ) ;
#99 = EDGE_CURVE ( 'NONE', #1198, #406, #366, .T. ) ;
#100 = ORIENTED_EDGE ( 'NONE', *, *, #486, .F. ) ;
#101 = CARTESIAN_POINT ( 'NONE',  ( 2.000000000000009326, -72.04634710616191740, -2.500000000000000000 ) ) ;
#102 = ORIENTED_EDGE ( 'NONE', *, *, #325, .T. ) ;
#103 = LINE ( 'NONE', #1052, #119 ) ;
#104 = CC_DESIGN_PERSON_AND_ORGANIZATION_ASSIGNMENT ( #752, #158, ( #890 ) ) ;
#105 = FACE_OUTER_BOUND ( 'NONE', #472, .T. ) ;
#106 = CARTESIAN_POINT ( 'NONE',  ( -17.99745881986591201, -7.046004130132213383, 4.445351433601106628 ) ) ;
#107 = VERTEX_POINT ( 'NONE', #502 ) ;
#108 = CARTESIAN_POINT ( 'NONE',  ( -12.99999999999999822, -7.276347106161928480, 11.00000000000000000 ) ) ;
#109 = EDGE_LOOP ( 'NONE', ( #51, #430, #1483, #1465 ) ) ;
#110 = VERTEX_POINT ( 'NONE', #883 ) ;
#111 = EDGE_CURVE ( 'NONE', #895, #1010, #297, .T. ) ;
#112 = DIRECTION ( 'NONE',  ( -1.000000000000000000, 0.000000000000000000, 0.000000000000000000 ) ) ;
#113 = EDGE_CURVE ( 'NONE', #479, #1010, #769, .T. ) ;
#114 = CARTESIAN_POINT ( 'NONE',  ( 17.99190125809976593, -7.508268922527930656, 4.431079933871960641 ) ) ;
#115 = ADVANCED_FACE ( 'NONE', ( #1257 ), #759, .T. ) ;
#116 = CARTESIAN_POINT ( 'NONE',  ( -17.94154964229594640, -7.850525026055947819, 4.445221173038935270 ) ) ;
#117 = ORIENTED_EDGE ( 'NONE', *, *, #1447, .F. ) ;
#118 = DIRECTION ( 'NONE',  ( -0.000000000000000000, -0.000000000000000000, -1.000000000000000000 ) ) ;
#119 = VECTOR ( 'NONE', #1498, 1000.000000000000000 ) ;
#120 = VERTEX_POINT ( 'NONE', #1346 ) ;
#121 = AXIS2_PLACEMENT_3D ( 'NONE', #446, #1538, #334 ) ;
#122 = EDGE_LOOP ( 'NONE', ( #1112, #1247 ) ) ;
#123 = DIRECTION ( 'NONE',  ( -0.000000000000000000, -0.000000000000000000, -1.000000000000000000 ) ) ;
#124 = DIRECTION ( 'NONE',  ( 1.000000000000000000, 0.000000000000000000, 0.000000000000000000 ) ) ;
#125 = DIRECTION ( 'NONE',  ( 1.000000000000000000, 0.000000000000000000, 0.000000000000000000 ) ) ;
#126 = CARTESIAN_POINT ( 'NONE',  ( 19.37348652380390135, -8.980040387227434806, 2.500000000000073275 ) ) ;
#127 = DIRECTION ( 'NONE',  ( 0.9975640502598240866, -0.06975647374412892454, 0.000000000000000000 ) ) ;
#128 = VERTEX_POINT ( 'NONE', #1468 ) ;
#129 = ORIENTED_EDGE ( 'NONE', *, *, #570, .F. ) ;
#130 = CARTESIAN_POINT ( 'NONE',  ( 1.521777119683755696E-15, -14.04634710616192805, 2.500000000000000000 ) ) ;
#131 = UNCERTAINTY_MEASURE_WITH_UNIT (LENGTH_MEASURE( 1.000000000000000082E-05 ), #1300, 'distance_accuracy_value', 'NONE');
#132 = DIRECTION ( 'NONE',  ( -0.06975647374412896617, -0.9975640502598240866, 0.000000000000000000 ) ) ;
#133 = CARTESIAN_POINT ( 'NONE',  ( 19.32709379002153938, -9.643487389790800890, 2.500000000000000444 ) ) ;
#134 = ORIENTED_EDGE ( 'NONE', *, *, #1540, .F. ) ;
#135 = EDGE_CURVE ( 'NONE', #1505, #1537, #315, .T. ) ;
#136 = VERTEX_POINT ( 'NONE', #33 ) ;
#137 = EDGE_CURVE ( 'NONE', #1179, #998, #1138, .T. ) ;
#138 = CARTESIAN_POINT ( 'NONE',  ( 17.78849501667645683, -6.269972146891258369, 4.500000000000000888 ) ) ;
#139 = COORDINATED_UNIVERSAL_TIME_OFFSET ( 3, 0, .BEHIND. ) ;
#140 = CARTESIAN_POINT ( 'NONE',  ( 18.01040169703020766, -7.215020641084291420, 2.896909493000216163 ) ) ;
#141 = CARTESIAN_POINT ( 'NONE',  ( -15.49999999999999822, -7.276347106161928480, 4.500000000000000888 ) ) ;
#142 = CIRCLE ( 'NONE', #1188, 2.000000000000001776 ) ;
#143 = ORIENTED_EDGE ( 'NONE', *, *, #935, .F. ) ;
#144 = VECTOR ( 'NONE', #403, 999.9999999999998863 ) ;
#145 = CIRCLE ( 'NONE', #537, 2.000000000000000444 ) ;
#146 = CARTESIAN_POINT ( 'NONE',  ( 15.50000000000000178, -7.276347106161925815, -0.5000000000000000000 ) ) ;
#147 = AXIS2_PLACEMENT_3D ( 'NONE', #1019, #1385, #68 ) ;
#148 = VECTOR ( 'NONE', #247, 1000.000000000000000 ) ;
#149 = CARTESIAN_POINT ( 'NONE',  ( 17.99163876754422731, -6.976590790099011841, 2.869983313248597678 ) ) ;
#150 = DIRECTION ( 'NONE',  ( 0.000000000000000000, -0.000000000000000000, -1.000000000000000000 ) ) ;
#151 = VERTEX_POINT ( 'NONE', #49 ) ;
#152 = FACE_OUTER_BOUND ( 'NONE', #344, .T. ) ;
#153 = CARTESIAN_POINT ( 'NONE',  ( -17.99999999999951683, -7.391838084833121769, 4.431101638721988145 ) ) ;
#154 = CARTESIAN_POINT ( 'NONE',  ( 17.68836677979104266, -8.490856966021089747, 2.643721414866378794 ) ) ;
#155 = CYLINDRICAL_SURFACE ( 'NONE', #811, 2.500000000000000444 ) ;
#156 = ORIENTED_EDGE ( 'NONE', *, *, #1471, .T. ) ;
#157 = CARTESIAN_POINT ( 'NONE',  ( -15.49999999999999822, -7.276347106161928480, -0.5000000000000000000 ) ) ;
#158 = PERSON_AND_ORGANIZATION_ROLE ( 'classification_officer' ) ;
#159 = CARTESIAN_POINT ( 'NONE',  ( -19.90410583797994448, -1.391830665836229608, 2.500000000000000000 ) ) ;
#160 = ADVANCED_FACE ( 'NONE', ( #288, #524 ), #1237, .T. ) ;
#161 = DIRECTION ( 'NONE',  ( 0.000000000000000000, -0.000000000000000000, -1.000000000000000000 ) ) ;
#162 = CARTESIAN_POINT ( 'NONE',  ( -19.90410583797994448, -1.391830665836229608, -2.500000000000000000 ) ) ;
#163 = EDGE_LOOP ( 'NONE', ( #1129, #1186, #952, #1020 ) ) ;
#164 = APPROVAL_DATE_TIME ( #1466, #267 ) ;
#165 = DIRECTION ( 'NONE',  ( -0.06975647374412925761, 0.9975640502598240866, 0.000000000000000000 ) ) ;
#166 = CIRCLE ( 'NONE', #1434, 4.500000000000000888 ) ;
#167 = CARTESIAN_POINT ( 'NONE',  ( 17.85669469915771757, -1.999999999999996225, -2.500000000000000000 ) ) ;
#168 = CYLINDRICAL_SURFACE ( 'NONE', #1472, 4.000000000000000000 ) ;
#169 = VECTOR ( 'NONE', #1071, 1000.000000000000000 ) ;
#170 = ORIENTED_EDGE ( 'NONE', *, *, #1509, .F. ) ;
#171 = EDGE_LOOP ( 'NONE', ( #632, #190, #22, #827 ) ) ;
#172 = LINE ( 'NONE', #1130, #368 ) ;
#173 = DIRECTION ( 'NONE',  ( 1.000000000000000000, 0.000000000000000000, 0.000000000000000000 ) ) ;
#174 = DIRECTION ( 'NONE',  ( 0.000000000000000000, 0.000000000000000000, -1.000000000000000000 ) ) ;
#175 = DIRECTION ( 'NONE',  ( 0.000000000000000000, 0.000000000000000000, -1.000000000000000000 ) ) ;
#176 = EDGE_LOOP ( 'NONE', ( #1243, #701, #1172, #889 ) ) ;
#177 = VERTEX_POINT ( 'NONE', #304 ) ;
#178 = CARTESIAN_POINT ( 'NONE',  ( -16.91141368720048277, -1.182561244603843598, -2.500000000000000000 ) ) ;
#179 = DIRECTION ( 'NONE',  ( -0.000000000000000000, -0.000000000000000000, -1.000000000000000000 ) ) ;
#180 = CARTESIAN_POINT ( 'NONE',  ( -15.49999999999999822, -7.276347106161928480, -2.500000000000000000 ) ) ;
#181 = ORIENTED_EDGE ( 'NONE', *, *, #1197, .T. ) ;
#182 = CARTESIAN_POINT ( 'NONE',  ( 8.823132837382037032E-15, -72.04634710616191740, 2.500000000000000000 ) ) ;
#183 = ORIENTED_EDGE ( 'NONE', *, *, #547, .F. ) ;
#184 = VECTOR ( 'NONE', #1092, 1000.000000000000000 ) ;
#185 = DIRECTION ( 'NONE',  ( -1.000000000000000000, 0.000000000000000000, 0.000000000000000000 ) ) ;
#186 = CIRCLE ( 'NONE', #957, 1.749999999999999778 ) ;
#187 = CARTESIAN_POINT ( 'NONE',  ( 19.61929103001762087, -5.464872179474723701, 4.500000000000000888 ) ) ;
#188 = CIRCLE ( 'NONE', #1120, 1.749999999999994671 ) ;
#189 = FACE_BOUND ( 'NONE', #28, .T. ) ;
#190 = ORIENTED_EDGE ( 'NONE', *, *, #1173, .T. ) ;
#191 = CARTESIAN_POINT ( 'NONE',  ( 15.50000000000000178, -7.276347106161925815, 4.500000000000000888 ) ) ;
#192 = AXIS2_PLACEMENT_3D ( 'NONE', #1065, #1405, #1421 ) ;
#193 = ORIENTED_EDGE ( 'NONE', *, *, #597, .F. ) ;
#194 = PLANE ( 'NONE',  #612 ) ;
#195 = EDGE_CURVE ( 'NONE', #1155, #120, #1086, .T. ) ;
#196 = CARTESIAN_POINT ( 'NONE',  ( -17.97743564596784438, -7.686457135128041962, 2.896909493000769942 ) ) ;
#197 = EDGE_CURVE ( 'NONE', #453, #895, #142, .T. ) ;
#198 = ORIENTED_EDGE ( 'NONE', *, *, #668, .T. ) ;
#199 = PLANE ( 'NONE',  #1338 ) ;
#200 = ORIENTED_EDGE ( 'NONE', *, *, #111, .F. ) ;
#201 = FACE_BOUND ( 'NONE', #122, .T. ) ;
#202 = DIRECTION ( 'NONE',  ( -1.000000000000000000, 0.000000000000000000, 0.000000000000000000 ) ) ;
#203 = ADVANCED_FACE ( 'NONE', ( #871 ), #753, .T. ) ;
#204 = ORIENTED_EDGE ( 'NONE', *, *, #276, .F. ) ;
#205 = DIRECTION ( 'NONE',  ( 0.000000000000000000, -0.000000000000000000, -1.000000000000000000 ) ) ;
#206 = ORIENTED_EDGE ( 'NONE', *, *, #597, .T. ) ;
#207 = CYLINDRICAL_SURFACE ( 'NONE', #788, 1.749999999999994671 ) ;
#208 = ADVANCED_FACE ( 'NONE', ( #411 ), #892, .F. ) ;
#209 = CARTESIAN_POINT ( 'NONE',  ( -7.375411095032866626, -58.06409599573195379, -2.500000000000000000 ) ) ;
#210 = AXIS2_PLACEMENT_3D ( 'NONE', #361, #1181, #606 ) ;
#211 = CIRCLE ( 'NONE', #121, 4.000000000000000000 ) ;
#212 = ORIENTED_EDGE ( 'NONE', *, *, #714, .F. ) ;
#213 = CARTESIAN_POINT ( 'NONE',  ( -19.32709379002153938, -9.643487389790799114, 2.500000000000000000 ) ) ;
#214 = CIRCLE ( 'NONE', #1091, 3.000000000000004441 ) ;
#215 = VERTEX_POINT ( 'NONE', #1456 ) ;
#216 = APPROVAL ( #992, 'UNSPECIFIED' ) ;
#217 = LOCAL_TIME ( 19, 19, 27.00000000000000000, #139 ) ;
#218 = CARTESIAN_POINT ( 'NONE',  ( 17.85669469915771757, 4.074154108294516049E-15, -2.500000000000000000 ) ) ;
#219 = DIRECTION ( 'NONE',  ( -0.000000000000000000, -0.000000000000000000, -1.000000000000000000 ) ) ;
#220 = CARTESIAN_POINT ( 'NONE',  ( -17.97976009243874529, -7.653185610982482956, 4.431991185732838012 ) ) ;
#221 = VERTEX_POINT ( 'NONE', #1370 ) ;
#222 = EDGE_CURVE ( 'NONE', #765, #1121, #426, .T. ) ;
#223 = CARTESIAN_POINT ( 'NONE',  ( -15.49999999999999822, -7.276347106161928480, -0.5000000000000000000 ) ) ;
#224 = ORIENTED_EDGE ( 'NONE', *, *, #1539, .T. ) ;
#225 = EDGE_CURVE ( 'NONE', #818, #177, #416, .T. ) ;
#226 = VERTEX_POINT ( 'NONE', #509 ) ;
#227 = EDGE_CURVE ( 'NONE', #903, #605, #1224, .T. ) ;
#228 = CARTESIAN_POINT ( 'NONE',  ( -15.49999999999999822, -7.276347106161928480, -0.5000000000000000000 ) ) ;
#229 = B_SPLINE_CURVE_WITH_KNOTS ( 'NONE', 3,
 ( #54, #303, #870, #941, #723, #114, #467, #958 ),
 .UNSPECIFIED., .F., .F.,
 ( 4, 2, 2, 4 ),
 ( 0.000000000000000000, 0.0006964322373840173665, 0.001044648356076026104, 0.001392864474768034733 ),
 .UNSPECIFIED. ) ;
#230 = FACE_OUTER_BOUND ( 'NONE', #109, .T. ) ;
#231 = CARTESIAN_POINT ( 'NONE',  ( -19.52391878946024661, -6.828758761843753078, 2.499999999999955147 ) ) ;
#232 = ORIENTED_EDGE ( 'NONE', *, *, #1507, .F. ) ;
#233 = CARTESIAN_POINT ( 'NONE',  ( 12.50000000000000000, -7.276347106161925815, -2.500000000000000000 ) ) ;
#234 = ORIENTED_EDGE ( 'NONE', *, *, #1035, .F. ) ;
#235 = EDGE_LOOP ( 'NONE', ( #1388, #1282 ) ) ;
#236 = EDGE_CURVE ( 'NONE', #1147, #818, #534, .T. ) ;
#237 = LINE ( 'NONE', #1070, #1336 ) ;
#238 =( NAMED_UNIT ( * ) PLANE_ANGLE_UNIT ( ) SI_UNIT ( $, .RADIAN. ) );
#239 = AXIS2_PLACEMENT_3D ( 'NONE', #444, #913, #1047 ) ;
#240 = CARTESIAN_POINT ( 'NONE',  ( 17.97973615036097783, -7.653343126512580419, 4.431997399425822159 ) ) ;
#241 = DIRECTION ( 'NONE',  ( -1.000000000000000000, 0.000000000000000000, 0.000000000000000000 ) ) ;
#242 = CIRCLE ( 'NONE', #1214, 2.500000000000000444 ) ;
#243 = ORIENTED_EDGE ( 'NONE', *, *, #389, .F. ) ;
#244 = AXIS2_PLACEMENT_3D ( 'NONE', #452, #1297, #926 ) ;
#245 = ORIENTED_EDGE ( 'NONE', *, *, #1460, .F. ) ;
#246 = CARTESIAN_POINT ( 'NONE',  ( 15.50000000000000178, -7.276347106161925815, 11.00000000000000000 ) ) ;
#247 = DIRECTION ( 'NONE',  ( 0.000000000000000000, 0.000000000000000000, -1.000000000000000000 ) ) ;
#248 = CARTESIAN_POINT ( 'NONE',  ( 14.54780966361748362, -34.98367354888392811, -2.500000000000000000 ) ) ;
#249 = EDGE_CURVE ( 'NONE', #649, #873, #1117, .T. ) ;
#250 = CARTESIAN_POINT ( 'NONE',  ( -14.96346075389734764, -72.04634710616191740, 2.500000000000000000 ) ) ;
#251 = DIRECTION ( 'NONE',  ( 0.000000000000000000, 0.000000000000000000, -1.000000000000000000 ) ) ;
#252 = EDGE_CURVE ( 'NONE', #617, #1143, #456, .T. ) ;
#253 = ORIENTED_EDGE ( 'NONE', *, *, #1426, .T. ) ;
#254 = ORIENTED_EDGE ( 'NONE', *, *, #1400, .T. ) ;
#255 = CARTESIAN_POINT ( 'NONE',  ( 19.90410583797994448, -1.391830665836224723, 2.500000000000000000 ) ) ;
#256 = SECURITY_CLASSIFICATION_LEVEL ( 'unclassified' ) ;
#257 = APPLICATION_CONTEXT ( 'configuration controlled 3d designs of mechanical parts and assemblies' ) ;
#258 = CARTESIAN_POINT ( 'NONE',  ( 17.86904023701712063, -6.453131846632102153, 4.499999983106745205 ) ) ;
#259 = PLANE ( 'NONE',  #1283 ) ;
#260 = ORIENTED_EDGE ( 'NONE', *, *, #1509, .T. ) ;
#261 = DIRECTION ( 'NONE',  ( -1.000000000000000000, 0.000000000000000000, 0.000000000000000000 ) ) ;
#262 = CARTESIAN_POINT ( 'NONE',  ( 17.81784538160738052, -8.234444820642888629, 4.479439096642098050 ) ) ;
#263 = DIRECTION ( 'NONE',  ( -0.8685721233437952993, 0.4955627776074905122, 0.000000000000000000 ) ) ;
#264 = VERTEX_POINT ( 'NONE', #855 ) ;
#265 = AXIS2_PLACEMENT_3D ( 'NONE', #448, #556, #1285 ) ;
#266 = AXIS2_PLACEMENT_3D ( 'NONE', #675, #545, #1482 ) ;
#267 = APPROVAL ( #646, 'UNSPECIFIED' ) ;
#268 = CARTESIAN_POINT ( 'NONE',  ( 15.50000000000000178, -7.276347106161925815, 11.00000000000000000 ) ) ;
#269 = AXIS2_PLACEMENT_3D ( 'NONE', #298, #900, #878 ) ;
#270 = PERSON_AND_ORGANIZATION ( #733, #1039 ) ;
#271 = LINE ( 'NONE', #869, #1036 ) ;
#272 = DIRECTION ( 'NONE',  ( -0.000000000000000000, -0.000000000000000000, 1.000000000000000000 ) ) ;
#273 = DIRECTION ( 'NONE',  ( -0.000000000000000000, -0.000000000000000000, -1.000000000000000000 ) ) ;
#274 = EDGE_CURVE ( 'NONE', #1143, #453, #621, .T. ) ;
#275 = EDGE_LOOP ( 'NONE', ( #451, #71, #785, #750, #1274, #947, #582 ) ) ;
#276 = EDGE_CURVE ( 'NONE', #1096, #422, #1062, .T. ) ;
#277 = DIRECTION ( 'NONE',  ( -1.000000000000000000, 0.000000000000000000, 0.000000000000000000 ) ) ;
#278 = EDGE_CURVE ( 'NONE', #177, #873, #1087, .T. ) ;
#279 = EDGE_CURVE ( 'NONE', #998, #1179, #1432, .T. ) ;
#280 = PERSON_AND_ORGANIZATION_ROLE ( 'design_supplier' ) ;
#281 = CARTESIAN_POINT ( 'NONE',  ( 15.50000000000000178, -7.276347106161925815, 2.500000000000000000 ) ) ;
#282 = CARTESIAN_POINT ( 'NONE',  ( 1.521777119683755696E-15, -14.04634710616192805, 2.500000000000000000 ) ) ;
#283 = FACE_OUTER_BOUND ( 'NONE', #1030, .T. ) ;
#284 = ORIENTED_EDGE ( 'NONE', *, *, #796, .T. ) ;
#285 = EDGE_CURVE ( 'NONE', #136, #1045, #1139, .T. ) ;
#286 = COORDINATED_UNIVERSAL_TIME_OFFSET ( 3, 0, .BEHIND. ) ;
#287 = DIRECTION ( 'NONE',  ( -0.000000000000000000, -0.000000000000000000, -1.000000000000000000 ) ) ;
#288 = FACE_OUTER_BOUND ( 'NONE', #1163, .T. ) ;
#289 = CARTESIAN_POINT ( 'NONE',  ( -2.311324531849125235E-31, 1.887339707627014958E-15, 2.500000000000000000 ) ) ;
#290 = ORIENTED_EDGE ( 'NONE', *, *, #501, .T. ) ;
#291 = AXIS2_PLACEMENT_3D ( 'NONE', #1001, #174, #653 ) ;
#292 = ORIENTED_EDGE ( 'NONE', *, *, #1288, .F. ) ;
#293 = CIRCLE ( 'NONE', #1162, 2.000000000000000444 ) ;
#294 = VECTOR ( 'NONE', #1299, 1000.000000000000000 ) ;
#295 = CARTESIAN_POINT ( 'NONE',  ( 7.397463198833396092, -18.04634710616192805, 2.500000000000000000 ) ) ;
#296 = VECTOR ( 'NONE', #1451, 999.9999999999998863 ) ;
#297 = LINE ( 'NONE', #647, #1213 ) ;
#298 = CARTESIAN_POINT ( 'NONE',  ( 10.55755346257818772, -34.70464765390741491, 2.500000000000000000 ) ) ;
#299 = LOCAL_TIME ( 19, 19, 27.00000000000000000, #1337 ) ;
#300 = VERTEX_POINT ( 'NONE', #1017 ) ;
#301 = ORIENTED_EDGE ( 'NONE', *, *, #1035, .T. ) ;
#302 = CARTESIAN_POINT ( 'NONE',  ( -17.62616321667863062, -8.591425041511300265, 4.500000000000000888 ) ) ;
#303 = CARTESIAN_POINT ( 'NONE',  ( 17.74865371723103635, -8.393387503456272825, 4.500000000000000000 ) ) ;
#304 = CARTESIAN_POINT ( 'NONE',  ( 17.78849501667645683, -6.269972146891258369, 4.500000000000000888 ) ) ;
#305 = DIRECTION ( 'NONE',  ( 0.000000000000000000, -0.000000000000000000, -1.000000000000000000 ) ) ;
#306 = ORIENTED_EDGE ( 'NONE', *, *, #996, .T. ) ;
#307 = CARTESIAN_POINT ( 'NONE',  ( -15.49999999999999822, -7.276347106161928480, 11.00000000000000000 ) ) ;
#308 = EDGE_LOOP ( 'NONE', ( #704, #1403 ) ) ;
#309 = CARTESIAN_POINT ( 'NONE',  ( -15.49999999999999822, -7.276347106161928480, 4.500000000000000888 ) ) ;
#310 = CARTESIAN_POINT ( 'NONE',  ( 15.50000000000000178, -7.276347106161925815, -0.5000000000000000000 ) ) ;
#311 = CYLINDRICAL_SURFACE ( 'NONE', #953, 3.000000000000004441 ) ;
#312 = ORIENTED_EDGE ( 'NONE', *, *, #1316, .F. ) ;
#313 = FACE_OUTER_BOUND ( 'NONE', #1025, .T. ) ;
#314 = EDGE_LOOP ( 'NONE', ( #966, #1407, #978, #129, #1133, #1396 ) ) ;
#315 = CIRCLE ( 'NONE', #955, 2.500000000000000444 ) ;
#316 = DIRECTION ( 'NONE',  ( 0.000000000000000000, -0.000000000000000000, -1.000000000000000000 ) ) ;
#317 = AXIS2_PLACEMENT_3D ( 'NONE', #408, #1476, #508 ) ;
#318 = VECTOR ( 'NONE', #626, 1000.000000000000000 ) ;
#319 = CARTESIAN_POINT ( 'NONE',  ( 15.50000000000000178, -7.276347106161925815, 11.00000000000000000 ) ) ;
#320 = ORIENTED_EDGE ( 'NONE', *, *, #342, .T. ) ;
#321 = DIRECTION ( 'NONE',  ( 0.06975647374412920210, -0.9975640502598240866, 0.000000000000000000 ) ) ;
#322 =( BOUNDED_SURFACE ( )  B_SPLINE_SURFACE ( 3, 2, ( 
 ( #1153, #80, #387 ),
 ( #1312, #850, #258 ),
 ( #1081, #1429, #950 ),
 ( #731, #149, #739 ),
 ( #595, #140, #611 ),
 ( #20, #8, #240 ),
 ( #862, #725, #1303 ),
 ( #126, #484, #262 ),
 ( #944, #154, #976 ),
 ( #133, #1073, #970 ) ),
 .UNSPECIFIED., .F., .F., .F. ) 
 B_SPLINE_SURFACE_WITH_KNOTS ( ( 4, 2, 2, 2, 4 ),
 ( 3, 3 ),
 ( 0.003888102701881735509, 0.004980535510575192712, 0.006072968319268649481, 0.007165401127962106251, 0.008257833936655563020 ),
 ( 0.000000000000000000, 1.000000000000000000 ),
 .UNSPECIFIED. ) 
 GEOMETRIC_REPRESENTATION_ITEM ( )  RATIONAL_B_SPLINE_SURFACE ( (
 ( 1.000000000000000000, 0.7071067811865480168, 1.000000000000000000),
 ( 1.000000000000000000, 0.7334426340253216159, 1.000000000000000000),
 ( 1.000000000000000000, 0.7556066299215725701, 1.000000000000000000),
 ( 1.000000000000000000, 0.7854744988633516334, 1.000000000000000000),
 ( 1.000000000000000000, 0.7932714538739266130, 1.000000000000000000),
 ( 1.000000000000000000, 0.7932673753161542107, 1.000000000000000000),
 ( 1.000000000000000000, 0.7853667967637666392, 1.000000000000000000),
 ( 1.000000000000000000, 0.7556608284338165449, 1.000000000000000000),
 ( 1.000000000000000000, 0.7334493157191267487, 1.000000000000000000),
 ( 1.000000000000000000, 0.7071067811865475727, 1.000000000000000000) ) ) 
 REPRESENTATION_ITEM ( '' )  SURFACE ( )  );
#323 = ORIENTED_EDGE ( 'NONE', *, *, #938, .F. ) ;
#324 = DIRECTION ( 'NONE',  ( -1.000000000000000000, 0.000000000000000000, 0.000000000000000000 ) ) ;
#325 = EDGE_CURVE ( 'NONE', #865, #91, #876, .T. ) ;
#326 = CARTESIAN_POINT ( 'NONE',  ( -19.57289829623464783, -6.128319182038092450, 2.500000000000047073 ) ) ;
#327 = ORIENTED_EDGE ( 'NONE', *, *, #279, .T. ) ;
#328 = LINE ( 'NONE', #1049, #487 ) ;
#329 = ADVANCED_FACE ( 'NONE', ( #1369 ), #1455, .F. ) ;
#330 = ORIENTED_EDGE ( 'NONE', *, *, #983, .T. ) ;
#331 = FACE_OUTER_BOUND ( 'NONE', #886, .T. ) ;
#332 = DIRECTION ( 'NONE',  ( 0.000000000000000000, 0.000000000000000000, -1.000000000000000000 ) ) ;
#333 = VERTEX_POINT ( 'NONE', #523 ) ;
#334 = DIRECTION ( 'NONE',  ( 1.000000000000000000, 0.000000000000000000, 0.000000000000000000 ) ) ;
#335 = EDGE_LOOP ( 'NONE', ( #1122, #43, #462, #787 ) ) ;
#336 = DIRECTION ( 'NONE',  ( -0.000000000000000000, 0.000000000000000000, 1.000000000000000000 ) ) ;
#337 = CIRCLE ( 'NONE', #1234, 4.000000000000000000 ) ;
#338 = EDGE_CURVE ( 'NONE', #617, #818, #881, .T. ) ;
#339 = CARTESIAN_POINT ( 'NONE',  ( -18.00000000000000000, -7.276347106172425860, 4.434894976452990356 ) ) ;
#340 = CARTESIAN_POINT ( 'NONE',  ( -19.32709379002153938, -9.643487389790800890, 2.500000000000000444 ) ) ;
#341 = AXIS2_PLACEMENT_3D ( 'NONE', #1392, #431, #691 ) ;
#342 = EDGE_CURVE ( 'NONE', #1306, #300, #425, .T. ) ;
#343 = AXIS2_PLACEMENT_3D ( 'NONE', #1409, #1032, #1503 ) ;
#344 = EDGE_LOOP ( 'NONE', ( #359, #371, #57, #312 ) ) ;
#345 = CARTESIAN_POINT ( 'NONE',  ( -13.74999999999999822, -7.276347106161928480, 11.00000000000000000 ) ) ;
#346 = ADVANCED_FACE ( 'NONE', ( #528 ), #31, .F. ) ;
#347 = VECTOR ( 'NONE', #503, 1000.000000000000000 ) ;
#348 = EDGE_LOOP ( 'NONE', ( #1511, #703, #254, #1527 ) ) ;
#349 = ORIENTED_EDGE ( 'NONE', *, *, #766, .F. ) ;
#350 = DIRECTION ( 'NONE',  ( 0.000000000000000000, 0.000000000000000000, 1.000000000000000000 ) ) ;
#351 = DIRECTION ( 'NONE',  ( 1.000000000000000000, 0.000000000000000000, 0.000000000000000000 ) ) ;
#352 = ORIENTED_EDGE ( 'NONE', *, *, #236, .F. ) ;
#353 = CARTESIAN_POINT ( 'NONE',  ( 15.50000000000000178, -7.276347106161925815, 11.00000000000000000 ) ) ;
#354 = VERTEX_POINT ( 'NONE', #1229 ) ;
#355 = DIRECTION ( 'NONE',  ( 1.000000000000000000, 0.000000000000000000, 0.000000000000000000 ) ) ;
#356 = LINE ( 'NONE', #706, #532 ) ;
#357 = DIRECTION ( 'NONE',  ( -0.06975647374412892454, -0.9975640502598240866, 0.000000000000000000 ) ) ;
#358 = CARTESIAN_POINT ( 'NONE',  ( -15.49999999999999822, -7.276347106161928480, -0.5000000000000000000 ) ) ;
#359 = ORIENTED_EDGE ( 'NONE', *, *, #665, .F. ) ;
#360 = ORIENTED_EDGE ( 'NONE', *, *, #252, .T. ) ;
#361 = CARTESIAN_POINT ( 'NONE',  ( 7.397463198833396092, -18.04634710616192805, 2.500000000000000000 ) ) ;
#362 = EDGE_CURVE ( 'NONE', #879, #12, #293, .T. ) ;
#363 = CARTESIAN_POINT ( 'NONE',  ( -18.00000000000073186, -7.103246922912237693, 4.440580506735787303 ) ) ;
#364 = EDGE_CURVE ( 'NONE', #656, #1232, #1042, .T. ) ;
#365 = DIRECTION ( 'NONE',  ( -0.06975647374412920210, 0.9975640502598240866, 0.000000000000000000 ) ) ;
#366 = CIRCLE ( 'NONE', #1236, 2.000000000000001776 ) ;
#367 = CARTESIAN_POINT ( 'NONE',  ( -11.72241531227892430, -14.04634710616192805, -2.500000000000000000 ) ) ;
#368 = VECTOR ( 'NONE', #810, 1000.000000000000000 ) ;
#369 = ORIENTED_EDGE ( 'NONE', *, *, #829, .F. ) ;
#370 = CIRCLE ( 'NONE', #244, 4.000000000000000000 ) ;
#371 = ORIENTED_EDGE ( 'NONE', *, *, #521, .F. ) ;
#372 = APPROVAL_PERSON_ORGANIZATION ( #30, #267, #1344 ) ;
#373 = CARTESIAN_POINT ( 'NONE',  ( -13.74999999999999822, -7.276347106161928480, -0.5000000000000000000 ) ) ;
#374 = CARTESIAN_POINT ( 'NONE',  ( 18.50000000000000355, -7.276347106161925815, -0.5000000000000000000 ) ) ;
#375 = FACE_OUTER_BOUND ( 'NONE', #383, .T. ) ;
#376 = VERTEX_POINT ( 'NONE', #658 ) ;
#377 = EDGE_LOOP ( 'NONE', ( #35, #922, #555, #720 ) ) ;
#378 = EDGE_CURVE ( 'NONE', #1505, #656, #271, .T. ) ;
#379 = DIRECTION ( 'NONE',  ( -1.000000000000000000, 0.000000000000000000, 0.000000000000000000 ) ) ;
#380 = FACE_OUTER_BOUND ( 'NONE', #314, .T. ) ;
#381 = DIRECTION ( 'NONE',  ( -0.000000000000000000, 0.000000000000000000, 1.000000000000000000 ) ) ;
#382 = CC_DESIGN_DATE_AND_TIME_ASSIGNMENT ( #729, #620, ( #890 ) ) ;
#383 = EDGE_LOOP ( 'NONE', ( #1542, #1305, #901, #198 ) ) ;
#384 = CYLINDRICAL_SURFACE ( 'NONE', #489, 2.500000000000000444 ) ;
#385 = MECHANICAL_CONTEXT ( 'NONE', #969, 'mechanical' ) ;
#386 = ADVANCED_FACE ( 'NONE', ( #628 ), #1249, .F. ) ;
#387 = CARTESIAN_POINT ( 'NONE',  ( 17.78849501667645683, -6.269972146891258369, 4.500000000000000888 ) ) ;
#388 = DIRECTION ( 'NONE',  ( 0.000000000000000000, -1.000000000000000000, 0.000000000000000000 ) ) ;
#389 = EDGE_CURVE ( 'NONE', #1513, #151, #1135, .T. ) ;
#390 = VERTEX_POINT ( 'NONE', #1461 ) ;
#391 = ADVANCED_FACE ( 'NONE', ( #1000 ), #1350, .T. ) ;
#392 = CIRCLE ( 'NONE', #536, 4.000000000000000000 ) ;
#393 = AXIS2_PLACEMENT_3D ( 'NONE', #307, #786, #1102 ) ;
#394 = LINE ( 'NONE', #434, #296 ) ;
#395 = CC_DESIGN_APPROVAL ( #473, ( #410 ) ) ;
#396 = APPLICATION_PROTOCOL_DEFINITION ( 'international standard', 'config_control_design', 1994, #969 ) ;
#397 = CARTESIAN_POINT ( 'NONE',  ( -17.74865444268243309, -8.393386330576674936, 4.500000000000000888 ) ) ;
#398 = DIRECTION ( 'NONE',  ( 1.000000000000000000, 0.000000000000000000, 0.000000000000000000 ) ) ;
#399 = DIRECTION ( 'NONE',  ( -0.000000000000000000, -0.000000000000000000, -1.000000000000000000 ) ) ;
#400 = EDGE_CURVE ( 'NONE', #221, #401, #172, .T. ) ;
#401 = VERTEX_POINT ( 'NONE', #1174 ) ;
#402 = APPROVAL_STATUS ( 'not_yet_approved' ) ;
#403 = DIRECTION ( 'NONE',  ( 0.06975647374412920210, -0.9975640502598240866, 0.000000000000000000 ) ) ;
#404 = DIRECTION ( 'NONE',  ( -0.000000000000000000, 0.000000000000000000, 1.000000000000000000 ) ) ;
#405 = DIRECTION ( 'NONE',  ( 1.000000000000000000, 1.224646799147353207E-16, 0.000000000000000000 ) ) ;
#406 = VERTEX_POINT ( 'NONE', #562 ) ;
#407 = ORIENTED_EDGE ( 'NONE', *, *, #44, .T. ) ;
#408 = CARTESIAN_POINT ( 'NONE',  ( -11.72241531227892430, -18.04634710616192805, 2.500000000000000000 ) ) ;
#409 = ADVANCED_FACE ( 'NONE', ( #677 ), #207, .F. ) ;
#410 = PRODUCT_DEFINITION ( 'UNKNOWN', '', #1167, #466 ) ;
#411 = FACE_OUTER_BOUND ( 'NONE', #171, .T. ) ;
#412 = B_SPLINE_CURVE_WITH_KNOTS ( 'NONE', 3,
 ( #1199, #847, #1079, #1205, #1085, #138 ),
 .UNSPECIFIED., .F., .F.,
 ( 4, 2, 4 ),
 ( 0.001392864474768034733, 0.001913911765829820911, 0.002434959056891606872 ),
 .UNSPECIFIED. ) ;
#413 = DIRECTION ( 'NONE',  ( 1.000000000000000000, 0.000000000000000000, 0.000000000000000000 ) ) ;
#414 = ORIENTED_EDGE ( 'NONE', *, *, #1311, .T. ) ;
#415 = VECTOR ( 'NONE', #132, 999.9999999999998863 ) ;
#416 = CIRCLE ( 'NONE', #610, 2.000000000000000888 ) ;
#417 = ORIENTED_EDGE ( 'NONE', *, *, #652, .T. ) ;
#418 = AXIS2_PLACEMENT_3D ( 'NONE', #295, #1235, #1124 ) ;
#419 = AXIS2_PLACEMENT_3D ( 'NONE', #1093, #1082, #596 ) ;
#420 = DIRECTION ( 'NONE',  ( 0.000000000000000000, 0.000000000000000000, -1.000000000000000000 ) ) ;
#421 = PLANE ( 'NONE',  #693 ) ;
#422 = VERTEX_POINT ( 'NONE', #923 ) ;
#423 = CARTESIAN_POINT ( 'NONE',  ( -19.90410583797994448, -1.391830665836229608, 2.500000000000000000 ) ) ;
#424 = ORIENTED_EDGE ( 'NONE', *, *, #342, .F. ) ;
#425 = LINE ( 'NONE', #178, #1410 ) ;
#426 = LINE ( 'NONE', #1018, #1358 ) ;
#427 = CARTESIAN_POINT ( 'NONE',  ( -15.49999999999999822, -7.276347106161928480, -0.5000000000000000000 ) ) ;
#428 = EDGE_LOOP ( 'NONE', ( #117, #641, #1445, #156, #1382 ) ) ;
#429 = FACE_OUTER_BOUND ( 'NONE', #1252, .T. ) ;
#430 = ORIENTED_EDGE ( 'NONE', *, *, #1536, .F. ) ;
#431 = DIRECTION ( 'NONE',  ( 0.000000000000000000, -1.000000000000000000, 0.000000000000000000 ) ) ;
#432 = DIRECTION ( 'NONE',  ( -0.000000000000000000, -0.000000000000000000, -1.000000000000000000 ) ) ;
#433 = ORIENTED_EDGE ( 'NONE', *, *, #1536, .T. ) ;
#434 = CARTESIAN_POINT ( 'NONE',  ( -16.91141368720048277, -1.182561244603843598, 2.500000000000000000 ) ) ;
#435 = VERTEX_POINT ( 'NONE', #670 ) ;
#436 = ADVANCED_FACE ( 'NONE', ( #1046 ), #917, .T. ) ;
#437 = CIRCLE ( 'NONE', #638, 1.749999999999994671 ) ;
#438 = FACE_BOUND ( 'NONE', #919, .T. ) ;
#439 = FACE_OUTER_BOUND ( 'NONE', #1529, .T. ) ;
#440 = ORIENTED_EDGE ( 'NONE', *, *, #1053, .T. ) ;
#441 = LINE ( 'NONE', #1525, #1412 ) ;
#442 = ORIENTED_EDGE ( 'NONE', *, *, #1094, .T. ) ;
#443 = CARTESIAN_POINT ( 'NONE',  ( 10.87175169220857462, -20.02859821659189166, -2.500000000000000000 ) ) ;
#444 = CARTESIAN_POINT ( 'NONE',  ( -2.311324531849125235E-31, 1.887339707627014958E-15, 2.500000000000000000 ) ) ;
#445 = EDGE_LOOP ( 'NONE', ( #1296, #624, #1331, #527 ) ) ;
#446 = CARTESIAN_POINT ( 'NONE',  ( -9.634916371951042890, -47.89897276302907159, -2.500000000000000000 ) ) ;
#447 = VERTEX_POINT ( 'NONE', #1514 ) ;
#448 = CARTESIAN_POINT ( 'NONE',  ( -15.49999999999999822, -7.276347106161928480, 11.00000000000000000 ) ) ;
#449 = FACE_OUTER_BOUND ( 'NONE', #598, .T. ) ;
#450 = CARTESIAN_POINT ( 'NONE',  ( -17.78296803477393695, -8.321870921652019248, 2.747235816106446737 ) ) ;
#451 = ORIENTED_EDGE ( 'NONE', *, *, #1400, .F. ) ;
#452 = CARTESIAN_POINT ( 'NONE',  ( -11.72241531227892430, -18.04634710616192805, 2.500000000000000000 ) ) ;
#453 = VERTEX_POINT ( 'NONE', #218 ) ;
#454 = FACE_BOUND ( 'NONE', #1187, .T. ) ;
#455 = EDGE_CURVE ( 'NONE', #435, #1198, #1384, .T. ) ;
#456 = CIRCLE ( 'NONE', #62, 2.000000000000001776 ) ;
#457 = CYLINDRICAL_SURFACE ( 'NONE', #1333, 1.749999999999999778 ) ;
#458 = AXIS2_PLACEMENT_3D ( 'NONE', #491, #123, #379 ) ;
#459 = ORIENTED_EDGE ( 'NONE', *, *, #956, .F. ) ;
#460 = DIRECTION ( 'NONE',  ( 0.000000000000000000, -0.000000000000000000, -1.000000000000000000 ) ) ;
#461 = AXIS2_PLACEMENT_3D ( 'NONE', #1480, #1258, #654 ) ;
#462 = ORIENTED_EDGE ( 'NONE', *, *, #1051, .F. ) ;
#463 = EDGE_LOOP ( 'NONE', ( #204, #1270, #965, #183 ) ) ;
#464 = AXIS2_PLACEMENT_3D ( 'NONE', #97, #1294, #577 ) ;
#465 = CARTESIAN_POINT ( 'NONE',  ( 2.000000000000009326, -72.04634710616191740, 2.500000000000000000 ) ) ;
#466 = DESIGN_CONTEXT ( 'detailed design', #257, 'design' ) ;
#467 = CARTESIAN_POINT ( 'NONE',  ( 17.99999999999918998, -7.391449569453505397, 4.431114399632133605 ) ) ;
#468 = CARTESIAN_POINT ( 'NONE',  ( 17.85669469915771757, 4.074154108294516049E-15, 2.500000000000000000 ) ) ;
#469 = CARTESIAN_POINT ( 'NONE',  ( 8.785489210651332925, -60.04634710616191029, -2.500000000000000000 ) ) ;
#470 = DIRECTION ( 'NONE',  ( 1.000000000000000000, 0.000000000000000000, 0.000000000000000000 ) ) ;
#471 = DIRECTION ( 'NONE',  ( 0.000000000000000000, 0.000000000000000000, -1.000000000000000000 ) ) ;
#472 = EDGE_LOOP ( 'NONE', ( #320, #579, #1473, #260 ) ) ;
#473 = APPROVAL ( #402, 'UNSPECIFIED' ) ;
#474 = DIRECTION ( 'NONE',  ( 0.4955627776074905122, 0.8685721233437952993, 0.000000000000000000 ) ) ;
#475 = CARTESIAN_POINT ( 'NONE',  ( -18.00000000000000000, -7.276347106161928480, 11.00000000000000000 ) ) ;
#476 = DIRECTION ( 'NONE',  ( 0.9975640502598240866, 0.06975647374412920210, -0.000000000000000000 ) ) ;
#477 = CYLINDRICAL_SURFACE ( 'NONE', #1013, 3.000000000000000888 ) ;
#478 = ORIENTED_EDGE ( 'NONE', *, *, #1352, .T. ) ;
#479 = VERTEX_POINT ( 'NONE', #85 ) ;
#480 = EDGE_CURVE ( 'NONE', #1411, #858, #698, .T. ) ;
#481 = DIRECTION ( 'NONE',  ( 1.000000000000000000, 1.083397062725421490E-16, 0.000000000000000000 ) ) ;
#482 = CARTESIAN_POINT ( 'NONE',  ( -15.49999999999999822, -7.276347106161928480, 2.500000000000000000 ) ) ;
#483 = AXIS2_PLACEMENT_3D ( 'NONE', #1007, #1353, #1478 ) ;
#484 = CARTESIAN_POINT ( 'NONE',  ( 17.78326037776760771, -8.320946621581112979, 2.747461791683680321 ) ) ;
#485 = CARTESIAN_POINT ( 'NONE',  ( 16.82278996381440095, -9.598222528119816133, 2.500000000000000000 ) ) ;
#486 = EDGE_CURVE ( 'NONE', #1121, #531, #103, .T. ) ;
#487 = VECTOR ( 'NONE', #471, 1000.000000000000000 ) ;
#488 = ORIENTED_EDGE ( 'NONE', *, *, #83, .T. ) ;
#489 = AXIS2_PLACEMENT_3D ( 'NONE', #268, #1221, #506 ) ;
#490 = APPROVAL_PERSON_ORGANIZATION ( #1326, #473, #522 ) ;
#491 = CARTESIAN_POINT ( 'NONE',  ( 15.50000000000000178, -7.276347106161925815, 11.00000000000000000 ) ) ;
#492 = SHAPE_DEFINITION_REPRESENTATION ( #1108, #991 ) ;
#493 = CC_DESIGN_DATE_AND_TIME_ASSIGNMENT ( #1228, #1233, ( #410 ) ) ;
#494 = DIRECTION ( 'NONE',  ( -0.000000000000000000, -0.000000000000000000, 1.000000000000000000 ) ) ;
#495 = CARTESIAN_POINT ( 'NONE',  ( 0.000000000000000000, -64.04634710616191740, 2.500000000000000000 ) ) ;
#496 = VERTEX_POINT ( 'NONE', #1028 ) ;
#497 = ORIENTED_EDGE ( 'NONE', *, *, #909, .T. ) ;
#498 = CARTESIAN_POINT ( 'NONE',  ( 19.61929103001761732, -5.464872179474723701, 2.500000000000000000 ) ) ;
#499 = EDGE_CURVE ( 'NONE', #479, #91, #863, .T. ) ;
#500 = ADVANCED_FACE ( 'NONE', ( #201, #1520, #438, #454, #795, #331 ), #194, .F. ) ;
#501 = EDGE_CURVE ( 'NONE', #604, #1248, #1477, .T. ) ;
#502 = CARTESIAN_POINT ( 'NONE',  ( -7.375411095032868403, -58.06409599573196090, 2.500000000000000000 ) ) ;
#503 = DIRECTION ( 'NONE',  ( -0.000000000000000000, -0.000000000000000000, 1.000000000000000000 ) ) ;
#504 = EDGE_LOOP ( 'NONE', ( #835, #1226, #763, #681, #433 ) ) ;
#505 = PRODUCT ( 'eslabon_AD_tapa', 'eslabon_AD_tapa', '', ( #385 ) ) ;
#506 = DIRECTION ( 'NONE',  ( -1.000000000000000000, 0.000000000000000000, 0.000000000000000000 ) ) ;
#507 = DATE_AND_TIME ( #1123, #95 ) ;
#508 = DIRECTION ( 'NONE',  ( 1.000000000000000000, 0.000000000000000000, 0.000000000000000000 ) ) ;
#509 = CARTESIAN_POINT ( 'NONE',  ( -7.375411095032868403, -58.06409599573196090, -2.500000000000000000 ) ) ;
#510 = DIRECTION ( 'NONE',  ( 0.8504652866714532689, 0.5260311741397488694, 0.000000000000000000 ) ) ;
#511 = EDGE_LOOP ( 'NONE', ( #200, #946, #1176, #417, #253, #1419 ) ) ;
#512 = AXIS2_PLACEMENT_3D ( 'NONE', #281, #287, #1005 ) ;
#513 = CIRCLE ( 'NONE', #1191, 4.500000000000000888 ) ;
#514 = PERSON_AND_ORGANIZATION ( #733, #1039 ) ;
#515 = CARTESIAN_POINT ( 'NONE',  ( 15.50000000000000178, -7.276347106161925815, -2.500000000000000000 ) ) ;
#516 = CARTESIAN_POINT ( 'NONE',  ( 13.00000000000000178, -7.276347106161925815, 11.00000000000000000 ) ) ;
#517 = LINE ( 'NONE', #289, #1157 ) ;
#518 = ORIENTED_EDGE ( 'NONE', *, *, #225, .T. ) ;
#519 = EDGE_CURVE ( 'NONE', #604, #136, #242, .T. ) ;
#520 = EDGE_LOOP ( 'NONE', ( #655, #590, #245, #908 ) ) ;
#521 = EDGE_CURVE ( 'NONE', #1411, #1096, #392, .T. ) ;
#522 = APPROVAL_ROLE ( '' ) ;
#523 = CARTESIAN_POINT ( 'NONE',  ( -17.24999999999999645, -7.276347106161928480, 11.00000000000000000 ) ) ;
#524 = FACE_BOUND ( 'NONE', #1342, .T. ) ;
#525 = CARTESIAN_POINT ( 'NONE',  ( 10.55755346257818772, -34.70464765390741491, 2.500000000000000000 ) ) ;
#526 = EDGE_LOOP ( 'NONE', ( #1481, #52, #232, #349 ) ) ;
#527 = ORIENTED_EDGE ( 'NONE', *, *, #1207, .F. ) ;
#528 = FACE_OUTER_BOUND ( 'NONE', #377, .T. ) ;
#529 = DIRECTION ( 'NONE',  ( 1.000000000000000000, 0.000000000000000000, 0.000000000000000000 ) ) ;
#530 = CARTESIAN_POINT ( 'NONE',  ( -15.49999999999999822, -7.276347106161928480, -0.5000000000000000000 ) ) ;
#531 = VERTEX_POINT ( 'NONE', #443 ) ;
#532 = VECTOR ( 'NONE', #1318, 1000.000000000000000 ) ;
#533 = CARTESIAN_POINT ( 'NONE',  ( 8.823132837382037032E-15, -72.04634710616191740, 2.500000000000000000 ) ) ;
#534 = CIRCLE ( 'NONE', #1408, 4.500000000000002665 ) ;
#535 = ORIENTED_EDGE ( 'NONE', *, *, #285, .F. ) ;
#536 = AXIS2_PLACEMENT_3D ( 'NONE', #1156, #782, #1508 ) ;
#537 = AXIS2_PLACEMENT_3D ( 'NONE', #1444, #381, #857 ) ;
#538 = DIRECTION ( 'NONE',  ( -0.06975647374412896617, -0.9975640502598240866, 0.000000000000000000 ) ) ;
#539 = VECTOR ( 'NONE', #905, 1000.000000000000000 ) ;
#540 = DIRECTION ( 'NONE',  ( 0.000000000000000000, 0.000000000000000000, -1.000000000000000000 ) ) ;
#541 = CC_DESIGN_PERSON_AND_ORGANIZATION_ASSIGNMENT ( #627, #756, ( #410 ) ) ;
#542 = LINE ( 'NONE', #770, #539 ) ;
#543 = AXIS2_PLACEMENT_3D ( 'NONE', #482, #219, #1192 ) ;
#544 = ORIENTED_EDGE ( 'NONE', *, *, #362, .T. ) ;
#545 = DIRECTION ( 'NONE',  ( -0.000000000000000000, -0.000000000000000000, -1.000000000000000000 ) ) ;
#546 = EDGE_LOOP ( 'NONE', ( #1497, #442, #743, #1075 ) ) ;
#547 = EDGE_CURVE ( 'NONE', #422, #1260, #802, .T. ) ;
#548 = FACE_OUTER_BOUND ( 'NONE', #1264, .T. ) ;
#549 = ADVANCED_FACE ( 'NONE', ( #1166 ), #73, .T. ) ;
#550 = DIRECTION ( 'NONE',  ( -0.000000000000000000, -0.000000000000000000, -1.000000000000000000 ) ) ;
#551 = ADVANCED_FACE ( 'NONE', ( #548, #1023, #904, #790 ), #1266, .T. ) ;
#552 = EDGE_CURVE ( 'NONE', #1470, #1254, #854, .T. ) ;
#553 = ORIENTED_EDGE ( 'NONE', *, *, #1218, .F. ) ;
#554 = DIRECTION ( 'NONE',  ( -0.000000000000000000, -0.000000000000000000, -1.000000000000000000 ) ) ;
#555 = ORIENTED_EDGE ( 'NONE', *, *, #894, .F. ) ;
#556 = DIRECTION ( 'NONE',  ( -0.000000000000000000, -0.000000000000000000, -1.000000000000000000 ) ) ;
#557 = EDGE_CURVE ( 'NONE', #107, #1260, #1308, .T. ) ;
#558 = LINE ( 'NONE', #209, #662 ) ;
#559 = EDGE_LOOP ( 'NONE', ( #1374, #1417, #94, #143 ) ) ;
#560 = CYLINDRICAL_SURFACE ( 'NONE', #343, 2.000000000000000444 ) ;
#561 = EDGE_LOOP ( 'NONE', ( #710, #1365, #615, #973 ) ) ;
#562 = CARTESIAN_POINT ( 'NONE',  ( -19.85182279967736463, -2.139512947488258821, 2.500000000000000000 ) ) ;
#563 = AXIS2_PLACEMENT_3D ( 'NONE', #1422, #832, #125 ) ;
#564 = AXIS2_PLACEMENT_3D ( 'NONE', #157, #633, #793 ) ;
#565 = CARTESIAN_POINT ( 'NONE',  ( 18.00000000000000355, -7.276347106161925815, 11.00000000000000000 ) ) ;
#566 = CIRCLE ( 'NONE', #866, 1.749999999999999778 ) ;
#567 = VERTEX_POINT ( 'NONE', #1325 ) ;
#568 = CARTESIAN_POINT ( 'NONE',  ( 14.96346075389736363, -72.04634710616191740, -2.500000000000000000 ) ) ;
#569 = ORIENTED_EDGE ( 'NONE', *, *, #826, .F. ) ;
#570 = EDGE_CURVE ( 'NONE', #91, #1355, #830, .T. ) ;
#571 = DIRECTION ( 'NONE',  ( -0.000000000000000000, -0.000000000000000000, 1.000000000000000000 ) ) ;
#572 = CARTESIAN_POINT ( 'NONE',  ( -17.92567229430000353, -7.919955308113742376, 2.869983313249208745 ) ) ;
#573 = ORIENTED_EDGE ( 'NONE', *, *, #24, .T. ) ;
#574 = PLANE ( 'NONE',  #988 ) ;
#575 = ORIENTED_EDGE ( 'NONE', *, *, #61, .F. ) ;
#576 = CARTESIAN_POINT ( 'NONE',  ( 15.50000000000000178, -7.276347106161925815, 2.500000000000000000 ) ) ;
#577 = DIRECTION ( 'NONE',  ( 1.000000000000000000, 0.000000000000000000, 0.000000000000000000 ) ) ;
#578 = CARTESIAN_POINT ( 'NONE',  ( -19.44771077435153117, -7.918584151996254761, 2.500000000000006217 ) ) ;
#579 = ORIENTED_EDGE ( 'NONE', *, *, #990, .T. ) ;
#580 = DIRECTION ( 'NONE',  ( -0.000000000000000000, -0.000000000000000000, -1.000000000000000000 ) ) ;
#581 = ORIENTED_EDGE ( 'NONE', *, *, #938, .T. ) ;
#582 = ORIENTED_EDGE ( 'NONE', *, *, #1051, .T. ) ;
#583 = CARTESIAN_POINT ( 'NONE',  ( 14.55755346257818772, -34.70464765390741491, 2.500000000000000000 ) ) ;
#584 = FACE_OUTER_BOUND ( 'NONE', #335, .T. ) ;
#585 = DIRECTION ( 'NONE',  ( -0.000000000000000000, -0.000000000000000000, -1.000000000000000000 ) ) ;
#586 = VECTOR ( 'NONE', #1414, 999.9999999999998863 ) ;
#587 = AXIS2_PLACEMENT_3D ( 'NONE', #533, #902, #277 ) ;
#588 = ORIENTED_EDGE ( 'NONE', *, *, #499, .T. ) ;
#589 = CARTESIAN_POINT ( 'NONE',  ( -11.72241531227892430, -18.04634710616192805, -2.500000000000000000 ) ) ;
#590 = ORIENTED_EDGE ( 'NONE', *, *, #274, .T. ) ;
#591 = EDGE_LOOP ( 'NONE', ( #60, #323, #689, #1211 ) ) ;
#592 = CARTESIAN_POINT ( 'NONE',  ( 15.50000000000000178, -7.276347106161925815, -0.5000000000000000000 ) ) ;
#593 = DIRECTION ( 'NONE',  ( 1.000000000000000000, 0.000000000000000000, 0.000000000000000000 ) ) ;
#594 = DIRECTION ( 'NONE',  ( -0.000000000000000000, 0.000000000000000000, 1.000000000000000000 ) ) ;
#595 = CARTESIAN_POINT ( 'NONE',  ( 19.49867404568758644, -7.189775417269110847, 2.500000000000007550 ) ) ;
#596 = DIRECTION ( 'NONE',  ( 1.000000000000000000, 0.000000000000000000, 0.000000000000000000 ) ) ;
#597 = EDGE_CURVE ( 'NONE', #649, #1323, #1501, .T. ) ;
#598 = EDGE_LOOP ( 'NONE', ( #1519, #1450, #997, #569 ) ) ;
#599 = ORIENTED_EDGE ( 'NONE', *, *, #59, .T. ) ;
#600 = CARTESIAN_POINT ( 'NONE',  ( 19.85182279967736463, -2.139512947488254380, 2.500000000000000000 ) ) ;
#601 = CARTESIAN_POINT ( 'NONE',  ( -17.85869247911254476, -6.429601062027176184, 4.500000000000000000 ) ) ;
#602 = DIRECTION ( 'NONE',  ( 0.000000000000000000, 0.000000000000000000, 1.000000000000000000 ) ) ;
#603 = PLANE ( 'NONE',  #1339 ) ;
#604 = VERTEX_POINT ( 'NONE', #25 ) ;
#605 = VERTEX_POINT ( 'NONE', #373 ) ;
#606 = DIRECTION ( 'NONE',  ( 1.000000000000000000, 0.000000000000000000, 0.000000000000000000 ) ) ;
#607 = VECTOR ( 'NONE', #1119, 999.9999999999998863 ) ;
#608 = DATE_AND_TIME ( #17, #217 ) ;
#609 = AXIS2_PLACEMENT_3D ( 'NONE', #1302, #32, #1193 ) ;
#610 = AXIS2_PLACEMENT_3D ( 'NONE', #187, #774, #1136 ) ;
#611 = CARTESIAN_POINT ( 'NONE',  ( 18.00807302095878271, -7.248291869467310633, 4.431991185732996108 ) ) ;
#612 = AXIS2_PLACEMENT_3D ( 'NONE', #1375, #911, #1397 ) ;
#613 = DIRECTION ( 'NONE',  ( 1.000000000000000000, 0.000000000000000000, 0.000000000000000000 ) ) ;
#614 = ADVANCED_FACE ( 'NONE', ( #929 ), #5, .F. ) ;
#615 = ORIENTED_EDGE ( 'NONE', *, *, #1330, .T. ) ;
#616 = VECTOR ( 'NONE', #251, 1000.000000000000000 ) ;
#617 = VERTEX_POINT ( 'NONE', #600 ) ;
#618 = DIRECTION ( 'NONE',  ( 0.000000000000000000, 0.000000000000000000, -1.000000000000000000 ) ) ;
#619 = EDGE_CURVE ( 'NONE', #151, #794, #90, .T. ) ;
#620 = DATE_TIME_ROLE ( 'classification_date' ) ;
#621 = LINE ( 'NONE', #468, #1307 ) ;
#622 = DIRECTION ( 'NONE',  ( -0.000000000000000000, 0.000000000000000000, 1.000000000000000000 ) ) ;
#623 = DIRECTION ( 'NONE',  ( 1.000000000000000000, 0.000000000000000000, 0.000000000000000000 ) ) ;
#624 = ORIENTED_EDGE ( 'NONE', *, *, #1152, .F. ) ;
#625 = EDGE_CURVE ( 'NONE', #110, #531, #237, .T. ) ;
#626 = DIRECTION ( 'NONE',  ( -0.000000000000000000, -0.000000000000000000, 1.000000000000000000 ) ) ;
#627 = PERSON_AND_ORGANIZATION ( #733, #1039 ) ;
#628 = FACE_OUTER_BOUND ( 'NONE', #1541, .T. ) ;
#629 = CYLINDRICAL_SURFACE ( 'NONE', #609, 4.000000000000000000 ) ;
#630 = DIRECTION ( 'NONE',  ( -0.000000000000000000, 0.000000000000000000, 1.000000000000000000 ) ) ;
#631 = DIRECTION ( 'NONE',  ( -1.000000000000000000, 0.000000000000000000, 0.000000000000000000 ) ) ;
#632 = ORIENTED_EDGE ( 'NONE', *, *, #552, .F. ) ;
#633 = DIRECTION ( 'NONE',  ( 0.000000000000000000, 0.000000000000000000, -1.000000000000000000 ) ) ;
#634 = COORDINATED_UNIVERSAL_TIME_OFFSET ( 3, 0, .BEHIND. ) ;
#635 = DIRECTION ( 'NONE',  ( 1.000000000000000000, 0.000000000000000000, 0.000000000000000000 ) ) ;
#636 = DIRECTION ( 'NONE',  ( 0.4955627776074905122, 0.8685721233437952993, 0.000000000000000000 ) ) ;
#637 = CARTESIAN_POINT ( 'NONE',  ( -17.62616321667863062, -8.591425041511300265, 4.500000000000000888 ) ) ;
#638 = AXIS2_PLACEMENT_3D ( 'NONE', #319, #1406, #700 ) ;
#639 = EDGE_CURVE ( 'NONE', #120, #1155, #960, .T. ) ;
#640 = AXIS2_PLACEMENT_3D ( 'NONE', #2, #476, #365 ) ;
#641 = ORIENTED_EDGE ( 'NONE', *, *, #1016, .T. ) ;
#642 = EDGE_CURVE ( 'NONE', #567, #605, #186, .T. ) ;
#643 = AXIS2_PLACEMENT_3D ( 'NONE', #1038, #316, #1150 ) ;
#644 = AXIS2_PLACEMENT_3D ( 'NONE', #182, #1261, #1491 ) ;
#645 = LOCAL_TIME ( 19, 19, 27.00000000000000000, #875 ) ;
#646 = APPROVAL_STATUS ( 'not_yet_approved' ) ;
#647 = CARTESIAN_POINT ( 'NONE',  ( 19.90410583797994448, -1.391830665836224723, -2.500000000000000000 ) ) ;
#648 = DIRECTION ( 'NONE',  ( 0.000000000000000000, 0.000000000000000000, 1.000000000000000000 ) ) ;
#649 = VERTEX_POINT ( 'NONE', #838 ) ;
#650 = ORIENTED_EDGE ( 'NONE', *, *, #823, .F. ) ;
#651 = DIRECTION ( 'NONE',  ( -0.000000000000000000, -0.000000000000000000, -1.000000000000000000 ) ) ;
#652 = EDGE_CURVE ( 'NONE', #818, #1147, #819, .T. ) ;
#653 = DIRECTION ( 'NONE',  ( -1.000000000000000000, 0.000000000000000000, 0.000000000000000000 ) ) ;
#654 = DIRECTION ( 'NONE',  ( -1.000000000000000000, 0.000000000000000000, 0.000000000000000000 ) ) ;
#655 = ORIENTED_EDGE ( 'NONE', *, *, #1288, .T. ) ;
#656 = VERTEX_POINT ( 'NONE', #1098 ) ;
#657 = CC_DESIGN_PERSON_AND_ORGANIZATION_ASSIGNMENT ( #868, #280, ( #1167 ) ) ;
#658 = CARTESIAN_POINT ( 'NONE',  ( -3.901122601657685429, -64.04634710616191740, -2.500000000000000000 ) ) ;
#659 = DIRECTION ( 'NONE',  ( -1.083397062725421613E-16, 1.000000000000000000, 0.000000000000000000 ) ) ;
#660 = CYLINDRICAL_SURFACE ( 'NONE', #147, 2.000000000000001776 ) ;
#661 = ORIENTED_EDGE ( 'NONE', *, *, #619, .F. ) ;
#662 = VECTOR ( 'NONE', #821, 1000.000000000000000 ) ;
#663 = LINE ( 'NONE', #58, #318 ) ;
#664 = AXIS2_PLACEMENT_3D ( 'NONE', #310, #540, #1487 ) ;
#665 = EDGE_CURVE ( 'NONE', #1096, #354, #728, .T. ) ;
#666 = ORIENTED_EDGE ( 'NONE', *, *, #1316, .T. ) ;
#667 = AXIS2_PLACEMENT_3D ( 'NONE', #146, #618, #1063 ) ;
#668 = EDGE_CURVE ( 'NONE', #989, #1411, #1293, .T. ) ;
#669 = VECTOR ( 'NONE', #896, 1000.000000000000000 ) ;
#670 = CARTESIAN_POINT ( 'NONE',  ( -17.85669469915771757, -2.994746930404857380E-16, -2.500000000000000000 ) ) ;
#671 = EDGE_CURVE ( 'NONE', #1254, #1121, #885, .T. ) ;
#672 = DIRECTION ( 'NONE',  ( -1.000000000000000000, 0.000000000000000000, 0.000000000000000000 ) ) ;
#673 = CARTESIAN_POINT ( 'NONE',  ( -17.85669469915771757, -2.000000000000000444, -2.500000000000000000 ) ) ;
#674 = ORIENTED_EDGE ( 'NONE', *, *, #1460, .T. ) ;
#675 = CARTESIAN_POINT ( 'NONE',  ( 15.50000000000000178, -7.276347106161925815, -0.5000000000000000000 ) ) ;
#676 = ORIENTED_EDGE ( 'NONE', *, *, #796, .F. ) ;
#677 = FACE_OUTER_BOUND ( 'NONE', #916, .T. ) ;
#678 = CARTESIAN_POINT ( 'NONE',  ( -17.83609684806654982, -6.378218563553271991, 2.643721414866084807 ) ) ;
#679 = ORIENTED_EDGE ( 'NONE', *, *, #72, .T. ) ;
#680 = CARTESIAN_POINT ( 'NONE',  ( 19.42850633384578884, -11.08491086094229061, 2.500000000000000000 ) ) ;
#681 = ORIENTED_EDGE ( 'NONE', *, *, #364, .T. ) ;
#682 = DIRECTION ( 'NONE',  ( 1.000000000000000000, 0.000000000000000000, 0.000000000000000000 ) ) ;
#683 = CARTESIAN_POINT ( 'NONE',  ( -14.96346075389734764, -72.04634710616191740, -2.500000000000000000 ) ) ;
#684 = EDGE_LOOP ( 'NONE', ( #1276, #45 ) ) ;
#685 = DIRECTION ( 'NONE',  ( -0.000000000000000000, 0.000000000000000000, -1.000000000000000000 ) ) ;
#686 = EDGE_CURVE ( 'NONE', #1513, #215, #188, .T. ) ;
#687 = CIRCLE ( 'NONE', #713, 4.000000000000000000 ) ;
#688 = EDGE_CURVE ( 'NONE', #264, #879, #721, .T. ) ;
#689 = ORIENTED_EDGE ( 'NONE', *, *, #1220, .T. ) ;
#690 = VECTOR ( 'NONE', #1493, 999.9999999999998863 ) ;
#691 = DIRECTION ( 'NONE',  ( 0.000000000000000000, 0.000000000000000000, -1.000000000000000000 ) ) ;
#692 = CIRCLE ( 'NONE', #14, 4.000000000000000000 ) ;
#693 = AXIS2_PLACEMENT_3D ( 'NONE', #427, #41, #1146 ) ;
#694 = DIRECTION ( 'NONE',  ( 0.8504652866714524917, -0.5260311741397503127, 0.000000000000000000 ) ) ;
#695 = ORIENTED_EDGE ( 'NONE', *, *, #671, .T. ) ;
#696 = DIRECTION ( 'NONE',  ( 0.000000000000000000, -0.000000000000000000, -1.000000000000000000 ) ) ;
#697 = ORIENTED_EDGE ( 'NONE', *, *, #59, .F. ) ;
#698 = LINE ( 'NONE', #78, #690 ) ;
#699 = CARTESIAN_POINT ( 'NONE',  ( 13.75000000000000711, -7.276347106161925815, 2.500000000000000000 ) ) ;
#700 = DIRECTION ( 'NONE',  ( -1.000000000000000000, 0.000000000000000000, 0.000000000000000000 ) ) ;
#701 = ORIENTED_EDGE ( 'NONE', *, *, #61, .T. ) ;
#702 = CARTESIAN_POINT ( 'NONE',  ( 13.00000000000000178, -7.276347106161925815, 4.500000000000000888 ) ) ;
#703 = ORIENTED_EDGE ( 'NONE', *, *, #1207, .T. ) ;
#704 = ORIENTED_EDGE ( 'NONE', *, *, #135, .T. ) ;
#705 = CARTESIAN_POINT ( 'NONE',  ( 14.54780966361748362, -34.98367354888392811, -2.500000000000000000 ) ) ;
#706 = CARTESIAN_POINT ( 'NONE',  ( -2.311324531849125235E-31, 1.887339707627014958E-15, -2.500000000000000000 ) ) ;
#707 = CARTESIAN_POINT ( 'NONE',  ( -17.90641999854756250, -6.559681988492932270, 2.747461791683192711 ) ) ;
#708 = ORIENTED_EDGE ( 'NONE', *, *, #921, .F. ) ;
#709 = CARTESIAN_POINT ( 'NONE',  ( -12.49999999999999467, -7.276347106161928480, -2.500000000000000000 ) ) ;
#710 = ORIENTED_EDGE ( 'NONE', *, *, #557, .F. ) ;
#711 = EDGE_LOOP ( 'NONE', ( #676, #1077, #1458, #1034 ) ) ;
#712 = DIRECTION ( 'NONE',  ( -0.000000000000000000, -0.000000000000000000, -1.000000000000000000 ) ) ;
#713 = AXIS2_PLACEMENT_3D ( 'NONE', #525, #1002, #413 ) ;
#714 = EDGE_CURVE ( 'NONE', #1027, #177, #412, .T. ) ;
#715 = VECTOR ( 'NONE', #272, 1000.000000000000000 ) ;
#716 = ADVANCED_FACE ( 'NONE', ( #967 ), #1441, .F. ) ;
#717 = AXIS2_PLACEMENT_3D ( 'NONE', #223, #92, #1402 ) ;
#718 = DIRECTION ( 'NONE',  ( -1.000000000000000000, 0.000000000000000000, 0.000000000000000000 ) ) ;
#719 = FACE_OUTER_BOUND ( 'NONE', #1524, .T. ) ;
#720 = ORIENTED_EDGE ( 'NONE', *, *, #1173, .F. ) ;
#721 = LINE ( 'NONE', #465, #1240 ) ;
#722 = EDGE_CURVE ( 'NONE', #1045, #865, #746, .T. ) ;
#723 = CARTESIAN_POINT ( 'NONE',  ( 17.95987153911278966, -7.737206759514801746, 4.438608166527591159 ) ) ;
#724 = LINE ( 'NONE', #1201, #415 ) ;
#725 = CARTESIAN_POINT ( 'NONE',  ( 17.92515495170626494, -7.921509309519291442, 2.869562795583711523 ) ) ;
#726 = CARTESIAN_POINT ( 'NONE',  ( 10.87175169220857462, -20.02859821659189166, 2.500000000000000000 ) ) ;
#727 = ORIENTED_EDGE ( 'NONE', *, *, #400, .F. ) ;
#728 = LINE ( 'NONE', #583, #1360 ) ;
#729 = DATE_AND_TIME ( #1114, #815 ) ;
#730 = DIRECTION ( 'NONE',  ( -1.000000000000000000, 0.000000000000000000, 0.000000000000000000 ) ) ;
#731 = CARTESIAN_POINT ( 'NONE',  ( 19.52372662553407068, -6.831506834016457752, 2.499999999999984457 ) ) ;
#732 = FACE_OUTER_BOUND ( 'NONE', #163, .T. ) ;
#733 = PERSON ( 'UNSPECIFIED', 'UNSPECIFIED', 'UNSPECIFIED', ('UNSPECIFIED'), ('UNSPECIFIED'), ('UNSPECIFIED') ) ;
#734 = ORIENTED_EDGE ( 'NONE', *, *, #1107, .T. ) ;
#735 = DIRECTION ( 'NONE',  ( -0.000000000000000000, -0.000000000000000000, 1.000000000000000000 ) ) ;
#736 = VECTOR ( 'NONE', #1126, 1000.000000000000000 ) ;
#737 = AXIS2_PLACEMENT_3D ( 'NONE', #797, #332, #202 ) ;
#738 = VECTOR ( 'NONE', #994, 1000.000000000000000 ) ;
#739 = CARTESIAN_POINT ( 'NONE',  ( 17.99769877062746559, -7.047555081180306047, 4.445221173038935270 ) ) ;
#740 = AXIS2_PLACEMENT_3D ( 'NONE', #96, #1255, #185 ) ;
#741 = FACE_OUTER_BOUND ( 'NONE', #176, .T. ) ;
#742 = CIRCLE ( 'NONE', #67, 4.000000000000000000 ) ;
#743 = ORIENTED_EDGE ( 'NONE', *, *, #766, .T. ) ;
#744 = AXIS2_PLACEMENT_3D ( 'NONE', #1225, #749, #510 ) ;
#745 = AXIS2_PLACEMENT_3D ( 'NONE', #1200, #831, #593 ) ;
#746 = LINE ( 'NONE', #423, #1528 ) ;
#747 = APPROVAL_DATE_TIME ( #507, #473 ) ;
#748 = CARTESIAN_POINT ( 'NONE',  ( 15.50000000000000178, -7.276347106161925815, -0.5000000000000000000 ) ) ;
#749 = DIRECTION ( 'NONE',  ( 0.5260311741397488694, -0.8504652866714533799, 0.000000000000000000 ) ) ;
#750 = ORIENTED_EDGE ( 'NONE', *, *, #521, .T. ) ;
#751 = DIRECTION ( 'NONE',  ( -0.4955627776074905677, -0.8685721233437951883, 0.000000000000000000 ) ) ;
#752 = PERSON_AND_ORGANIZATION ( #733, #1039 ) ;
#753 = PLANE ( 'NONE',  #483 ) ;
#754 = DIRECTION ( 'NONE',  ( -1.000000000000000000, 0.000000000000000000, 0.000000000000000000 ) ) ;
#755 = ORIENTED_EDGE ( 'NONE', *, *, #519, .F. ) ;
#756 = PERSON_AND_ORGANIZATION_ROLE ( 'creator' ) ;
#757 = DIRECTION ( 'NONE',  ( 1.000000000000000000, 0.000000000000000000, 0.000000000000000000 ) ) ;
#758 = ADVANCED_FACE ( 'NONE', ( #152 ), #1148, .F. ) ;
#759 = CYLINDRICAL_SURFACE ( 'NONE', #1061, 2.500000000000000444 ) ;
#760 = CARTESIAN_POINT ( 'NONE',  ( -3.901122601657685429, -60.04634710616191029, 2.500000000000000000 ) ) ;
#761 = AXIS2_PLACEMENT_3D ( 'NONE', #1195, #630, #470 ) ;
#762 = AXIS2_PLACEMENT_3D ( 'NONE', #748, #1202, #718 ) ;
#763 = ORIENTED_EDGE ( 'NONE', *, *, #378, .T. ) ;
#764 = CIRCLE ( 'NONE', #789, 4.000000000000000000 ) ;
#765 = VERTEX_POINT ( 'NONE', #867 ) ;
#766 = EDGE_CURVE ( 'NONE', #914, #12, #1343, .T. ) ;
#767 = AXIS2_PLACEMENT_3D ( 'NONE', #1349, #999, #975 ) ;
#768 = DIRECTION ( 'NONE',  ( 0.000000000000000000, 0.000000000000000000, -1.000000000000000000 ) ) ;
#769 = LINE ( 'NONE', #783, #86 ) ;
#770 = CARTESIAN_POINT ( 'NONE',  ( 12.50000000000000000, -7.276347106161925815, -0.5000000000000000000 ) ) ;
#771 = EDGE_LOOP ( 'NONE', ( #369, #1097 ) ) ;
#772 = VERTEX_POINT ( 'NONE', #1154 ) ;
#773 = DIRECTION ( 'NONE',  ( -0.000000000000000000, 0.000000000000000000, 1.000000000000000000 ) ) ;
#774 = DIRECTION ( 'NONE',  ( -0.4025499837082669452, 0.9153980066705816876, 0.000000000000000000 ) ) ;
#775 = CARTESIAN_POINT ( 'NONE',  ( 7.397463198833396092, -14.04634710616192805, 2.500000000000000000 ) ) ;
#776 = EDGE_CURVE ( 'NONE', #939, #1140, #394, .T. ) ;
#777 = ORIENTED_EDGE ( 'NONE', *, *, #686, .F. ) ;
#778 = FACE_OUTER_BOUND ( 'NONE', #526, .T. ) ;
#779 = EDGE_CURVE ( 'NONE', #406, #1045, #70, .T. ) ;
#780 = ADVANCED_FACE ( 'NONE', ( #778 ), #1389, .F. ) ;
#781 = ORIENTED_EDGE ( 'NONE', *, *, #1222, .T. ) ;
#782 = DIRECTION ( 'NONE',  ( -0.000000000000000000, 0.000000000000000000, 1.000000000000000000 ) ) ;
#783 = CARTESIAN_POINT ( 'NONE',  ( 14.96346075389736363, -72.04634710616191740, 2.500000000000000000 ) ) ;
#784 = DIRECTION ( 'NONE',  ( 1.000000000000000000, 0.000000000000000000, 0.000000000000000000 ) ) ;
#785 = ORIENTED_EDGE ( 'NONE', *, *, #480, .F. ) ;
#786 = DIRECTION ( 'NONE',  ( 0.000000000000000000, 0.000000000000000000, 1.000000000000000000 ) ) ;
#787 = ORIENTED_EDGE ( 'NONE', *, *, #1381, .F. ) ;
#788 = AXIS2_PLACEMENT_3D ( 'NONE', #576, #1272, #324 ) ;
#789 = AXIS2_PLACEMENT_3D ( 'NONE', #589, #1068, #1280 ) ;
#790 = FACE_BOUND ( 'NONE', #69, .T. ) ;
#791 = LINE ( 'NONE', #1535, #1006 ) ;
#792 = FACE_OUTER_BOUND ( 'NONE', #1502, .T. ) ;
#793 = DIRECTION ( 'NONE',  ( -1.000000000000000000, 0.000000000000000000, 0.000000000000000000 ) ) ;
#794 = VERTEX_POINT ( 'NONE', #907 ) ;
#795 = FACE_BOUND ( 'NONE', #275, .T. ) ;
#796 = EDGE_CURVE ( 'NONE', #447, #1170, #1504, .T. ) ;
#797 = CARTESIAN_POINT ( 'NONE',  ( -15.49999999999999822, -7.276347106161928480, -2.500000000000000000 ) ) ;
#798 = ADVANCED_FACE ( 'NONE', ( #1113 ), #199, .F. ) ;
#799 = ORIENTED_EDGE ( 'NONE', *, *, #909, .F. ) ;
#800 = CARTESIAN_POINT ( 'NONE',  ( -13.62517257299034057, -48.17799865800557768, 2.500000000000000000 ) ) ;
#801 = ORIENTED_EDGE ( 'NONE', *, *, #1180, .T. ) ;
#802 = LINE ( 'NONE', #1145, #1118 ) ;
#803 = DIRECTION ( 'NONE',  ( -0.000000000000000000, 0.000000000000000000, 1.000000000000000000 ) ) ;
#804 = VERTEX_POINT ( 'NONE', #1334 ) ;
#805 = FACE_OUTER_BOUND ( 'NONE', #546, .T. ) ;
#806 = AXIS2_PLACEMENT_3D ( 'NONE', #1089, #18, #173 ) ;
#807 = ORIENTED_EDGE ( 'NONE', *, *, #1267, .F. ) ;
#808 = VECTOR ( 'NONE', #357, 999.9999999999998863 ) ;
#809 = AXIS2_PLACEMENT_3D ( 'NONE', #53, #63, #1223 ) ;
#810 = DIRECTION ( 'NONE',  ( 1.000000000000000000, 1.083397062725421490E-16, 0.000000000000000000 ) ) ;
#811 = AXIS2_PLACEMENT_3D ( 'NONE', #1111, #399, #1313 ) ;
#812 = DIRECTION ( 'NONE',  ( -0.000000000000000000, 0.000000000000000000, 1.000000000000000000 ) ) ;
#813 = CIRCLE ( 'NONE', #1142, 4.000000000000000000 ) ;
#814 = CARTESIAN_POINT ( 'NONE',  ( -19.34931704149680343, -9.325680087292862908, 2.500000000000000444 ) ) ;
#815 = LOCAL_TIME ( 19, 19, 27.00000000000000000, #634 ) ;
#816 = ORIENTED_EDGE ( 'NONE', *, *, #278, .F. ) ;
#817 = FACE_BOUND ( 'NONE', #684, .T. ) ;
#818 = VERTEX_POINT ( 'NONE', #498 ) ;
#819 = LINE ( 'NONE', #255, #586 ) ;
#820 = CYLINDRICAL_SURFACE ( 'NONE', #192, 4.000000000000000000 ) ;
#821 = DIRECTION ( 'NONE',  ( 0.000000000000000000, 0.000000000000000000, -1.000000000000000000 ) ) ;
#822 = ORIENTED_EDGE ( 'NONE', *, *, #285, .T. ) ;
#823 = EDGE_CURVE ( 'NONE', #110, #765, #663, .T. ) ;
#824 = CARTESIAN_POINT ( 'NONE',  ( -15.49999999999999822, -7.276347106161928480, 2.500000000000000000 ) ) ;
#825 = ORIENTED_EDGE ( 'NONE', *, *, #931, .F. ) ;
#826 = EDGE_CURVE ( 'NONE', #333, #567, #1253, .T. ) ;
#827 = ORIENTED_EDGE ( 'NONE', *, *, #48, .T. ) ;
#828 = ADVANCED_FACE ( 'NONE', ( #1373, #1011 ), #1446, .T. ) ;
#829 = EDGE_CURVE ( 'NONE', #914, #264, #1165, .T. ) ;
#830 = LINE ( 'NONE', #1190, #294 ) ;
#831 = DIRECTION ( 'NONE',  ( -0.000000000000000000, 0.000000000000000000, 1.000000000000000000 ) ) ;
#832 = DIRECTION ( 'NONE',  ( -0.000000000000000000, 0.000000000000000000, 1.000000000000000000 ) ) ;
#833 = PLANE ( 'NONE',  #640 ) ;
#834 = DIRECTION ( 'NONE',  ( 1.000000000000000000, 9.251858538542971828E-16, 0.000000000000000000 ) ) ;
#835 = ORIENTED_EDGE ( 'NONE', *, *, #1016, .F. ) ;
#836 = ADVANCED_FACE ( 'NONE', ( #429 ), #1309, .F. ) ;
#837 = ORIENTED_EDGE ( 'NONE', *, *, #557, .T. ) ;
#838 = CARTESIAN_POINT ( 'NONE',  ( 13.00000000000000178, -7.276347106161925815, 11.00000000000000000 ) ) ;
#839 = CARTESIAN_POINT ( 'NONE',  ( 8.823132837382037032E-15, -72.04634710616191740, -2.500000000000000000 ) ) ;
#840 = AXIS2_PLACEMENT_3D ( 'NONE', #228, #1212, #261 ) ;
#841 = AXIS2_PLACEMENT_3D ( 'NONE', #191, #859, #29 ) ;
#842 = DIRECTION ( 'NONE',  ( -1.000000000000000000, 0.000000000000000000, 0.000000000000000000 ) ) ;
#843 = DIRECTION ( 'NONE',  ( 0.000000000000000000, -0.000000000000000000, -1.000000000000000000 ) ) ;
#844 = AXIS2_PLACEMENT_3D ( 'NONE', #839, #812, #124 ) ;
#845 = ORIENTED_EDGE ( 'NONE', *, *, #552, .T. ) ;
#846 = ORIENTED_EDGE ( 'NONE', *, *, #619, .T. ) ;
#847 = CARTESIAN_POINT ( 'NONE',  ( 18.00000000000121858, -7.104115484884518494, 4.440551978542247369 ) ) ;
#848 = CARTESIAN_POINT ( 'NONE',  ( -12.99999999999999822, -7.276347106161928480, 11.00000000000000000 ) ) ;
#849 = ADVANCED_FACE ( 'NONE', ( #313 ), #384, .T. ) ;
#850 = CARTESIAN_POINT ( 'NONE',  ( 17.83610363580520541, -6.378233999400475973, 2.643741903811845706 ) ) ;
#851 = CARTESIAN_POINT ( 'NONE',  ( -18.50000000000000355, -7.276347106161928480, -0.5000000000000000000 ) ) ;
#852 = ORIENTED_EDGE ( 'NONE', *, *, #195, .F. ) ;
#853 = ORIENTED_EDGE ( 'NONE', *, *, #931, .T. ) ;
#854 = LINE ( 'NONE', #130, #1453 ) ;
#855 = CARTESIAN_POINT ( 'NONE',  ( 2.000000000000009326, -72.04634710616191740, 2.500000000000000000 ) ) ;
#856 = LINE ( 'NONE', #1099, #982 ) ;
#857 = DIRECTION ( 'NONE',  ( 1.000000000000000000, 0.000000000000000000, 0.000000000000000000 ) ) ;
#858 = VERTEX_POINT ( 'NONE', #979 ) ;
#859 = DIRECTION ( 'NONE',  ( -0.000000000000000000, 0.000000000000000000, 1.000000000000000000 ) ) ;
#860 = VECTOR ( 'NONE', #1066, 1000.000000000000000 ) ;
#861 = FACE_OUTER_BOUND ( 'NONE', #445, .T. ) ;
#862 = CARTESIAN_POINT ( 'NONE',  ( 19.42246603057951404, -8.279600807421768849, 2.499999999999926725 ) ) ;
#863 = CIRCLE ( 'NONE', #643, 14.99999999999999822 ) ;
#864 = DIRECTION ( 'NONE',  ( 0.06975647374412892454, 0.9975640502598240866, 0.000000000000000000 ) ) ;
#865 = VERTEX_POINT ( 'NONE', #213 ) ;
#866 = AXIS2_PLACEMENT_3D ( 'NONE', #1428, #1544, #351 ) ;
#867 = CARTESIAN_POINT ( 'NONE',  ( -6.160627878575859917, -49.88122387345902808, 2.500000000000000000 ) ) ;
#868 = PERSON_AND_ORGANIZATION ( #733, #1039 ) ;
#869 = CARTESIAN_POINT ( 'NONE',  ( -18.00000000000000000, -7.276347106161928480, 11.00000000000000000 ) ) ;
#870 = CARTESIAN_POINT ( 'NONE',  ( 17.84231150315178738, -8.179655524558057778, 4.473404023818236652 ) ) ;
#871 = FACE_OUTER_BOUND ( 'NONE', #511, .T. ) ;
#872 = CARTESIAN_POINT ( 'NONE',  ( 15.50000000000000178, -7.276347106161925815, -0.5000000000000000000 ) ) ;
#873 = VERTEX_POINT ( 'NONE', #702 ) ;
#874 = ADVANCED_FACE ( 'NONE', ( #719 ), #945, .F. ) ;
#875 = COORDINATED_UNIVERSAL_TIME_OFFSET ( 3, 0, .BEHIND. ) ;
#876 = LINE ( 'NONE', #159, #144 ) ;
#877 = DIRECTION ( 'NONE',  ( 0.000000000000000000, 0.000000000000000000, 1.000000000000000000 ) ) ;
#878 = DIRECTION ( 'NONE',  ( 1.000000000000000000, 0.000000000000000000, 0.000000000000000000 ) ) ;
#879 = VERTEX_POINT ( 'NONE', #101 ) ;
#880 = ORIENTED_EDGE ( 'NONE', *, *, #671, .F. ) ;
#881 = LINE ( 'NONE', #1485, #1526 ) ;
#882 = VECTOR ( 'NONE', #730, 1000.000000000000000 ) ;
#883 = CARTESIAN_POINT ( 'NONE',  ( -6.160627878575859917, -49.88122387345902808, -2.500000000000000000 ) ) ;
#884 = FACE_OUTER_BOUND ( 'NONE', #1425, .T. ) ;
#885 = CIRCLE ( 'NONE', #210, 4.000000000000000000 ) ;
#886 = EDGE_LOOP ( 'NONE', ( #674, #1292, #1492, #853, #807, #781 ) ) ;
#887 = AXIS2_PLACEMENT_3D ( 'NONE', #1177, #460, #834 ) ;
#888 = VECTOR ( 'NONE', #1488, 1000.000000000000000 ) ;
#889 = ORIENTED_EDGE ( 'NONE', *, *, #1197, .F. ) ;
#890 = SECURITY_CLASSIFICATION ( '', '', #256 ) ;
#891 = CARTESIAN_POINT ( 'NONE',  ( -17.99184645960527718, -7.508581128359574031, 4.431095190184091592 ) ) ;
#892 = PLANE ( 'NONE',  #1386 ) ;
#893 = LINE ( 'NONE', #1231, #736 ) ;
#894 = EDGE_CURVE ( 'NONE', #221, #300, #764, .T. ) ;
#895 = VERTEX_POINT ( 'NONE', #915 ) ;
#896 = DIRECTION ( 'NONE',  ( -0.000000000000000000, -0.000000000000000000, -1.000000000000000000 ) ) ;
#897 = ORIENTED_EDGE ( 'NONE', *, *, #625, .T. ) ;
#898 = CARTESIAN_POINT ( 'NONE',  ( 8.823132837382037032E-15, -72.04634710616191740, -2.500000000000000000 ) ) ;
#899 = DIRECTION ( 'NONE',  ( 0.000000000000000000, -0.000000000000000000, -1.000000000000000000 ) ) ;
#900 = DIRECTION ( 'NONE',  ( 0.000000000000000000, -0.000000000000000000, -1.000000000000000000 ) ) ;
#901 = ORIENTED_EDGE ( 'NONE', *, *, #44, .F. ) ;
#902 = DIRECTION ( 'NONE',  ( -0.000000000000000000, -0.000000000000000000, -1.000000000000000000 ) ) ;
#903 = VERTEX_POINT ( 'NONE', #345 ) ;
#904 = FACE_BOUND ( 'NONE', #771, .T. ) ;
#905 = DIRECTION ( 'NONE',  ( -0.000000000000000000, -0.000000000000000000, -1.000000000000000000 ) ) ;
#906 = ORIENTED_EDGE ( 'NONE', *, *, #222, .F. ) ;
#907 = CARTESIAN_POINT ( 'NONE',  ( 13.75000000000000711, -7.276347106161925815, -0.5000000000000000000 ) ) ;
#908 = ORIENTED_EDGE ( 'NONE', *, *, #455, .T. ) ;
#909 = EDGE_CURVE ( 'NONE', #1306, #110, #211, .T. ) ;
#910 = AXIS2_PLACEMENT_3D ( 'NONE', #358, #1304, #241 ) ;
#911 = DIRECTION ( 'NONE',  ( -0.000000000000000000, 0.000000000000000000, 1.000000000000000000 ) ) ;
#912 = ADVANCED_FACE ( 'NONE', ( #817, #1161 ), #574, .F. ) ;
#913 = DIRECTION ( 'NONE',  ( -1.224646799147353207E-16, 1.000000000000000000, 0.000000000000000000 ) ) ;
#914 = VERTEX_POINT ( 'NONE', #1290 ) ;
#915 = CARTESIAN_POINT ( 'NONE',  ( 19.85182279967736463, -2.139512947488254380, -2.500000000000000000 ) ) ;
#916 = EDGE_LOOP ( 'NONE', ( #777, #23, #697, #1048 ) ) ;
#917 = CYLINDRICAL_SURFACE ( 'NONE', #265, 2.500000000000000444 ) ;
#918 = LINE ( 'NONE', #1029, #860 ) ;
#919 = EDGE_LOOP ( 'NONE', ( #424, #497, #897, #679, #727, #1279 ) ) ;
#920 = CARTESIAN_POINT ( 'NONE',  ( 18.00000000000000355, -7.276347106179602342, 4.434894976452754989 ) ) ;
#921 = EDGE_CURVE ( 'NONE', #1045, #1248, #513, .T. ) ;
#922 = ORIENTED_EDGE ( 'NONE', *, *, #990, .F. ) ;
#923 = CARTESIAN_POINT ( 'NONE',  ( 7.083264969203006522, -32.72239654347745130, -2.500000000000000000 ) ) ;
#924 = FACE_OUTER_BOUND ( 'NONE', #520, .T. ) ;
#925 = ORIENTED_EDGE ( 'NONE', *, *, #921, .T. ) ;
#926 = DIRECTION ( 'NONE',  ( 1.000000000000000000, 0.000000000000000000, 0.000000000000000000 ) ) ;
#927 = CIRCLE ( 'NONE', #737, 3.000000000000004441 ) ;
#928 = ORIENTED_EDGE ( 'NONE', *, *, #99, .T. ) ;
#929 = FACE_OUTER_BOUND ( 'NONE', #711, .T. ) ;
#930 = AXIS2_PLACEMENT_3D ( 'NONE', #1227, #1496, #1141 ) ;
#931 = EDGE_CURVE ( 'NONE', #1010, #1355, #1164, .T. ) ;
#932 = CARTESIAN_POINT ( 'NONE',  ( -17.91183096412487785, -6.596167946345613764, 4.484558249765363769 ) ) ;
#933 = CIRCLE ( 'NONE', #269, 4.000000000000000000 ) ;
#934 = DIRECTION ( 'NONE',  ( -1.000000000000000000, 0.000000000000000000, 0.000000000000000000 ) ) ;
#935 = EDGE_CURVE ( 'NONE', #406, #772, #328, .T. ) ;
#936 = ORIENTED_EDGE ( 'NONE', *, *, #1352, .F. ) ;
#937 = DIRECTION ( 'NONE',  ( 1.000000000000000000, 0.000000000000000000, 0.000000000000000000 ) ) ;
#938 = EDGE_CURVE ( 'NONE', #1170, #447, #1390, .T. ) ;
#939 = VERTEX_POINT ( 'NONE', #800 ) ;
#940 = DIRECTION ( 'NONE',  ( -0.000000000000000000, -0.000000000000000000, -1.000000000000000000 ) ) ;
#941 = CARTESIAN_POINT ( 'NONE',  ( 17.93612758230838367, -7.849391364358389467, 4.446054982266744560 ) ) ;
#942 = DIRECTION ( 'NONE',  ( 0.000000000000000000, 0.000000000000000000, -1.000000000000000000 ) ) ;
#943 = PLANE ( 'NONE',  #239 ) ;
#944 = CARTESIAN_POINT ( 'NONE',  ( 19.34930803361716656, -9.325808905974023233, 2.500000000000000444 ) ) ;
#945 = CYLINDRICAL_SURFACE ( 'NONE', #1262, 4.000000000000000000 ) ;
#946 = ORIENTED_EDGE ( 'NONE', *, *, #1265, .T. ) ;
#947 = ORIENTED_EDGE ( 'NONE', *, *, #1330, .F. ) ;
#948 = CARTESIAN_POINT ( 'NONE',  ( 0.000000000000000000, 0.000000000000000000, 2.500000000000000000 ) ) ;
#949 = CARTESIAN_POINT ( 'NONE',  ( -16.91141368720048277, -1.182561244603843598, 2.500000000000000000 ) ) ;
#950 = CARTESIAN_POINT ( 'NONE',  ( 17.92851370021585922, -6.649317483773139692, 4.479507949764093944 ) ) ;
#951 = CARTESIAN_POINT ( 'NONE',  ( 19.32709379002153938, -9.643487389790799114, 2.500000000000000000 ) ) ;
#952 = ORIENTED_EDGE ( 'NONE', *, *, #222, .T. ) ;
#953 = AXIS2_PLACEMENT_3D ( 'NONE', #530, #550, #1024 ) ;
#954 = DIRECTION ( 'NONE',  ( -1.000000000000000000, 0.000000000000000000, 0.000000000000000000 ) ) ;
#955 = AXIS2_PLACEMENT_3D ( 'NONE', #1125, #877, #1245 ) ;
#956 = EDGE_CURVE ( 'NONE', #605, #567, #39, .T. ) ;
#957 = AXIS2_PLACEMENT_3D ( 'NONE', #1543, #1530, #1433 ) ;
#958 = CARTESIAN_POINT ( 'NONE',  ( 18.00000000000000355, -7.276347106179602342, 4.434894976452754989 ) ) ;
#959 = CC_DESIGN_PERSON_AND_ORGANIZATION_ASSIGNMENT ( #270, #46, ( #505 ) ) ;
#960 = CIRCLE ( 'NONE', #667, 3.000000000000000888 ) ;
#961 = TOROIDAL_SURFACE ( 'NONE', #1362, 4.500000000000000888, 2.000000000000000000 ) ;
#962 = CARTESIAN_POINT ( 'NONE',  ( 16.91141368720047566, -1.182561244603837380, 2.500000000000000000 ) ) ;
#963 = CARTESIAN_POINT ( 'NONE',  ( 12.77574541169063060, -60.32537300113843060, 2.500000000000000000 ) ) ;
#964 = TOROIDAL_SURFACE ( 'NONE', #464, 4.500000000000000888, 2.000000000000000000 ) ;
#965 = ORIENTED_EDGE ( 'NONE', *, *, #1180, .F. ) ;
#966 = ORIENTED_EDGE ( 'NONE', *, *, #779, .F. ) ;
#967 = FACE_OUTER_BOUND ( 'NONE', #1379, .T. ) ;
#968 = APPLICATION_PROTOCOL_DEFINITION ( 'international standard', 'config_control_design', 1994, #257 ) ;
#969 = APPLICATION_CONTEXT ( 'configuration controlled 3d designs of mechanical parts and assemblies' ) ;
#970 = CARTESIAN_POINT ( 'NONE',  ( 17.62616321667863417, -8.591425041511300265, 4.500000000000000888 ) ) ;
#971 = DIRECTION ( 'NONE',  ( 0.000000000000000000, -0.000000000000000000, -1.000000000000000000 ) ) ;
#972 = ORIENTED_EDGE ( 'NONE', *, *, #225, .F. ) ;
#973 = ORIENTED_EDGE ( 'NONE', *, *, #547, .T. ) ;
#974 = CARTESIAN_POINT ( 'NONE',  ( -17.24999999999999645, -7.276347106161928480, 2.500000000000000000 ) ) ;
#975 = DIRECTION ( 'NONE',  ( 1.000000000000000000, 0.000000000000000000, 0.000000000000000000 ) ) ;
#976 = CARTESIAN_POINT ( 'NONE',  ( 17.73138742961542391, -8.421302917919646802, 4.499999983999594555 ) ) ;
#977 = DIRECTION ( 'NONE',  ( 1.000000000000000000, 0.000000000000000000, 0.000000000000000000 ) ) ;
#978 = ORIENTED_EDGE ( 'NONE', *, *, #1267, .T. ) ;
#979 = CARTESIAN_POINT ( 'NONE',  ( 12.77574541169063060, -60.32537300113843060, -2.500000000000000000 ) ) ;
#980 = CALENDAR_DATE ( 2026, 7, 10 ) ;
#981 = CARTESIAN_POINT ( 'NONE',  ( -17.93634253690491676, -7.848550093232088187, 4.445990382371753924 ) ) ;
#982 = VECTOR ( 'NONE', #842, 1000.000000000000000 ) ;
#983 = EDGE_CURVE ( 'NONE', #1140, #1470, #370, .T. ) ;
#984 = CARTESIAN_POINT ( 'NONE',  ( -13.74999999999999822, -7.276347106161928480, 2.500000000000000000 ) ) ;
#985 = VECTOR ( 'NONE', #1420, 1000.000000000000000 ) ;
#986 = CARTESIAN_POINT ( 'NONE',  ( -15.71267151331822198, -18.32537300113844481, 2.500000000000000000 ) ) ;
#987 = ADVANCED_FACE ( 'NONE', ( #805 ), #560, .F. ) ;
#988 = AXIS2_PLACEMENT_3D ( 'NONE', #353, #685, #1518 ) ;
#989 = VERTEX_POINT ( 'NONE', #1275 ) ;
#990 = EDGE_CURVE ( 'NONE', #300, #1140, #441, .T. ) ;
#991 = ADVANCED_BREP_SHAPE_REPRESENTATION ( 'eslabon_AD_tapa', ( #89, #767 ), #42 ) ;
#992 = APPROVAL_STATUS ( 'not_yet_approved' ) ;
#993 = CARTESIAN_POINT ( 'NONE',  ( -17.84229299849552675, -8.179889231010612605, 4.473413279241189144 ) ) ;
#994 = DIRECTION ( 'NONE',  ( -0.000000000000000000, -0.000000000000000000, -1.000000000000000000 ) ) ;
#995 = DIRECTION ( 'NONE',  ( 1.000000000000000000, 0.000000000000000000, 0.000000000000000000 ) ) ;
#996 = EDGE_CURVE ( 'NONE', #1248, #865, #166, .T. ) ;
#997 = ORIENTED_EDGE ( 'NONE', *, *, #956, .T. ) ;
#998 = VERTEX_POINT ( 'NONE', #233 ) ;
#999 = DIRECTION ( 'NONE',  ( 0.000000000000000000, 0.000000000000000000, 1.000000000000000000 ) ) ;
#1000 = FACE_OUTER_BOUND ( 'NONE', #75, .T. ) ;
#1001 = CARTESIAN_POINT ( 'NONE',  ( 15.50000000000000178, -7.276347106161925815, -2.500000000000000000 ) ) ;
#1002 = DIRECTION ( 'NONE',  ( 0.000000000000000000, -0.000000000000000000, -1.000000000000000000 ) ) ;
#1003 = ORIENTED_EDGE ( 'NONE', *, *, #113, .F. ) ;
#1004 = ORIENTED_EDGE ( 'NONE', *, *, #338, .F. ) ;
#1005 = DIRECTION ( 'NONE',  ( -1.000000000000000000, 0.000000000000000000, 0.000000000000000000 ) ) ;
#1006 = VECTOR ( 'NONE', #585, 1000.000000000000000 ) ;
#1007 = CARTESIAN_POINT ( 'NONE',  ( 19.90410583797994448, -1.391830665836224723, 2.500000000000000000 ) ) ;
#1008 = LINE ( 'NONE', #1494, #888 ) ;
#1009 = VECTOR ( 'NONE', #1345, 1000.000000000000000 ) ;
#1010 = VERTEX_POINT ( 'NONE', #568 ) ;
#1011 = FACE_BOUND ( 'NONE', #1178, .T. ) ;
#1012 = CIRCLE ( 'NONE', #419, 2.500000000000000444 ) ;
#1013 = AXIS2_PLACEMENT_3D ( 'NONE', #872, #273, #631 ) ;
#1014 = EDGE_LOOP ( 'NONE', ( #825, #1003, #588, #1372 ) ) ;
#1015 = APPROVAL_PERSON_ORGANIZATION ( #37, #216, #1206 ) ;
#1016 = EDGE_CURVE ( 'NONE', #1537, #604, #1058, .T. ) ;
#1017 = CARTESIAN_POINT ( 'NONE',  ( -15.71267151331822198, -18.32537300113844481, -2.500000000000000000 ) ) ;
#1018 = CARTESIAN_POINT ( 'NONE',  ( 16.82278996381440095, -9.598222528119816133, 2.500000000000000000 ) ) ;
#1019 = CARTESIAN_POINT ( 'NONE',  ( -17.85669469915771757, -2.000000000000000444, 2.500000000000000000 ) ) ;
#1020 = ORIENTED_EDGE ( 'NONE', *, *, #486, .T. ) ;
#1021 = DIRECTION ( 'NONE',  ( -0.8685721233437951883, 0.4955627776074905677, 0.000000000000000000 ) ) ;
#1022 = VERTEX_POINT ( 'NONE', #709 ) ;
#1023 = FACE_BOUND ( 'NONE', #1069, .T. ) ;
#1024 = DIRECTION ( 'NONE',  ( -1.000000000000000000, 0.000000000000000000, 0.000000000000000000 ) ) ;
#1025 = EDGE_LOOP ( 'NONE', ( #234, #1204, #11, #440, #1394 ) ) ;
#1026 = DIRECTION ( 'NONE',  ( 0.06975647374412920210, -0.9975640502598240866, 0.000000000000000000 ) ) ;
#1027 = VERTEX_POINT ( 'NONE', #920 ) ;
#1028 = CARTESIAN_POINT ( 'NONE',  ( 8.785489210651332925, -64.04634710616191740, 2.500000000000000000 ) ) ;
#1029 = CARTESIAN_POINT ( 'NONE',  ( 19.42850633384578884, -11.08491086094229061, -2.500000000000000000 ) ) ;
#1030 = EDGE_LOOP ( 'NONE', ( #755, #290, #708, #535 ) ) ;
#1031 = AXIS2_PLACEMENT_3D ( 'NONE', #1522, #1158, #694 ) ;
#1032 = DIRECTION ( 'NONE',  ( -0.000000000000000000, -0.000000000000000000, -1.000000000000000000 ) ) ;
#1033 = CIRCLE ( 'NONE', #762, 1.749999999999994671 ) ;
#1034 = ORIENTED_EDGE ( 'NONE', *, *, #1220, .F. ) ;
#1035 = EDGE_CURVE ( 'NONE', #1323, #1027, #1044, .T. ) ;
#1036 = VECTOR ( 'NONE', #651, 1000.000000000000000 ) ;
#1037 = VECTOR ( 'NONE', #554, 1000.000000000000000 ) ;
#1038 = CARTESIAN_POINT ( 'NONE',  ( 8.694992273946206563E-15, -71.00000000000000000, 2.500000000000000000 ) ) ;
#1039 = ORGANIZATION ( 'UNSPECIFIED', 'UNSPECIFIED', '' ) ;
#1040 = CARTESIAN_POINT ( 'NONE',  ( -17.62616321667863062, -8.591425041511302041, 4.500000000000000888 ) ) ;
#1041 = ADVANCED_FACE ( 'NONE', ( #283 ), #961, .F. ) ;
#1042 = B_SPLINE_CURVE_WITH_KNOTS ( 'NONE', 3,
 ( #1115, #153, #891, #38, #981, #993, #397, #302 ),
 .UNSPECIFIED., .F., .F.,
 ( 4, 2, 2, 4 ),
 ( 0.001043084602483244829, 0.001391053216085335123, 0.001739021829687425200, 0.002434959056891600367 ),
 .UNSPECIFIED. ) ;
#1043 = ORIENTED_EDGE ( 'NONE', *, *, #249, .F. ) ;
#1044 = LINE ( 'NONE', #1185, #93 ) ;
#1045 = VERTEX_POINT ( 'NONE', #1457 ) ;
#1046 = FACE_OUTER_BOUND ( 'NONE', #428, .T. ) ;
#1047 = DIRECTION ( 'NONE',  ( -1.000000000000000000, -1.224646799147353207E-16, 0.000000000000000000 ) ) ;
#1048 = ORIENTED_EDGE ( 'NONE', *, *, #1539, .F. ) ;
#1049 = CARTESIAN_POINT ( 'NONE',  ( -19.85182279967736463, -2.139512947488258821, -2.500000000000000000 ) ) ;
#1050 = ORIENTED_EDGE ( 'NONE', *, *, #252, .F. ) ;
#1051 = EDGE_CURVE ( 'NONE', #226, #376, #692, .T. ) ;
#1052 = CARTESIAN_POINT ( 'NONE',  ( 10.87175169220857462, -20.02859821659189166, 2.500000000000000000 ) ) ;
#1053 = EDGE_CURVE ( 'NONE', #873, #1159, #1012, .T. ) ;
#1054 = CARTESIAN_POINT ( 'NONE',  ( -17.78849501667645328, -6.269972146891264586, 4.500000000000000888 ) ) ;
#1055 = ADVANCED_FACE ( 'NONE', ( #375 ), #259, .F. ) ;
#1056 = DIRECTION ( 'NONE',  ( 1.000000000000000000, 0.000000000000000000, 0.000000000000000000 ) ) ;
#1057 = ORIENTED_EDGE ( 'NONE', *, *, #776, .T. ) ;
#1058 = LINE ( 'NONE', #108, #1090 ) ;
#1059 = ORIENTED_EDGE ( 'NONE', *, *, #197, .F. ) ;
#1060 = ORIENTED_EDGE ( 'NONE', *, *, #652, .F. ) ;
#1061 = AXIS2_PLACEMENT_3D ( 'NONE', #1376, #179, #672 ) ;
#1062 = CIRCLE ( 'NONE', #563, 4.000000000000000000 ) ;
#1063 = DIRECTION ( 'NONE',  ( -1.000000000000000000, 0.000000000000000000, 0.000000000000000000 ) ) ;
#1064 = VECTOR ( 'NONE', #321, 999.9999999999998863 ) ;
#1065 = CARTESIAN_POINT ( 'NONE',  ( -3.901122601657685429, -60.04634710616191029, 2.500000000000000000 ) ) ;
#1066 = DIRECTION ( 'NONE',  ( 0.4955627776074905677, 0.8685721233437951883, 0.000000000000000000 ) ) ;
#1067 = ORIENTED_EDGE ( 'NONE', *, *, #1459, .F. ) ;
#1068 = DIRECTION ( 'NONE',  ( -0.000000000000000000, 0.000000000000000000, 1.000000000000000000 ) ) ;
#1069 = EDGE_LOOP ( 'NONE', ( #407, #1431, #488, #414, #837, #801, #666 ) ) ;
#1070 = CARTESIAN_POINT ( 'NONE',  ( 16.82278996381440095, -9.598222528119816133, -2.500000000000000000 ) ) ;
#1071 = DIRECTION ( 'NONE',  ( -0.000000000000000000, -0.000000000000000000, -1.000000000000000000 ) ) ;
#1072 = LINE ( 'NONE', #1442, #882 ) ;
#1073 = CARTESIAN_POINT ( 'NONE',  ( 17.62616321667863417, -8.591425041511300265, 2.500000000000000444 ) ) ;
#1074 = CARTESIAN_POINT ( 'NONE',  ( -9.634916371951042890, -47.89897276302907159, 2.500000000000000000 ) ) ;
#1075 = ORIENTED_EDGE ( 'NONE', *, *, #362, .F. ) ;
#1076 = ADVANCED_FACE ( 'NONE', ( #21 ), #155, .T. ) ;
#1077 = ORIENTED_EDGE ( 'NONE', *, *, #1368, .T. ) ;
#1078 = ADVANCED_FACE ( 'NONE', ( #34 ), #1347, .F. ) ;
#1079 = CARTESIAN_POINT ( 'NONE',  ( 17.98241969663204998, -6.933460618528966890, 4.454798145099514883 ) ) ;
#1080 = CARTESIAN_POINT ( 'NONE',  ( -11.72241531227892430, -14.04634710616192805, 2.500000000000000000 ) ) ;
#1081 = CARTESIAN_POINT ( 'NONE',  ( 19.57300221680266006, -6.126833048679946714, 2.500000000000016431 ) ) ;
#1082 = DIRECTION ( 'NONE',  ( -0.000000000000000000, 0.000000000000000000, 1.000000000000000000 ) ) ;
#1083 = VERTEX_POINT ( 'NONE', #1196 ) ;
#1084 = EDGE_LOOP ( 'NONE', ( #1315, #573, #1356, #1291 ) ) ;
#1085 = CARTESIAN_POINT ( 'NONE',  ( 17.85867615147037313, -6.429563932995484343, 4.500000000000001776 ) ) ;
#1086 = CIRCLE ( 'NONE', #664, 3.000000000000000888 ) ;
#1087 = CIRCLE ( 'NONE', #36, 2.500000000000000444 ) ;
#1088 = APPROVAL_DATE_TIME ( #608, #216 ) ;
#1089 = CARTESIAN_POINT ( 'NONE',  ( -15.49999999999999822, -7.276347106161928480, 11.00000000000000000 ) ) ;
#1090 = VECTOR ( 'NONE', #580, 1000.000000000000000 ) ;
#1091 = AXIS2_PLACEMENT_3D ( 'NONE', #180, #175, #754 ) ;
#1092 = DIRECTION ( 'NONE',  ( -0.000000000000000000, -0.000000000000000000, -1.000000000000000000 ) ) ;
#1093 = CARTESIAN_POINT ( 'NONE',  ( 15.50000000000000178, -7.276347106161925815, 4.500000000000000888 ) ) ;
#1094 = EDGE_CURVE ( 'NONE', #264, #914, #145, .T. ) ;
#1095 = CC_DESIGN_SECURITY_CLASSIFICATION ( #890, ( #1167 ) ) ;
#1096 = VERTEX_POINT ( 'NONE', #1329 ) ;
#1097 = ORIENTED_EDGE ( 'NONE', *, *, #1094, .F. ) ;
#1098 = CARTESIAN_POINT ( 'NONE',  ( -18.00000000000000000, -7.276347106172425860, 4.434894976452990356 ) ) ;
#1099 = CARTESIAN_POINT ( 'NONE',  ( 0.000000000000000000, -64.04634710616191740, 2.500000000000000000 ) ) ;
#1100 = CARTESIAN_POINT ( 'NONE',  ( 17.85669469915771757, 4.074154108294516049E-15, 2.500000000000000000 ) ) ;
#1101 = ORIENTED_EDGE ( 'NONE', *, *, #779, .T. ) ;
#1102 = DIRECTION ( 'NONE',  ( 1.000000000000000000, 0.000000000000000000, -0.000000000000000000 ) ) ;
#1103 = EDGE_CURVE ( 'NONE', #765, #939, #742, .T. ) ;
#1104 = CALENDAR_DATE ( 2026, 7, 10 ) ;
#1105 = DIRECTION ( 'NONE',  ( 0.000000000000000000, 0.000000000000000000, -1.000000000000000000 ) ) ;
#1106 = ADVANCED_FACE ( 'NONE', ( #732 ), #603, .T. ) ;
#1107 = EDGE_CURVE ( 'NONE', #865, #1232, #1284, .T. ) ;
#1108 = PRODUCT_DEFINITION_SHAPE ( 'NONE', 'NONE',  #410 ) ;
#1109 = ADVANCED_FACE ( 'NONE', ( #741 ), #477, .F. ) ;
#1110 = LINE ( 'NONE', #1443, #88 ) ;
#1111 = CARTESIAN_POINT ( 'NONE',  ( -15.49999999999999822, -7.276347106161928480, 11.00000000000000000 ) ) ;
#1112 = ORIENTED_EDGE ( 'NONE', *, *, #279, .F. ) ;
#1113 = FACE_OUTER_BOUND ( 'NONE', #561, .T. ) ;
#1114 = CALENDAR_DATE ( 2026, 7, 10 ) ;
#1115 = CARTESIAN_POINT ( 'NONE',  ( -18.00000000000000000, -7.276347106172425860, 4.434894976452990356 ) ) ;
#1116 = AXIS2_PLACEMENT_3D ( 'NONE', #1448, #602, #1208 ) ;
#1117 = LINE ( 'NONE', #516, #738 ) ;
#1118 = VECTOR ( 'NONE', #1277, 1000.000000000000000 ) ;
#1119 = DIRECTION ( 'NONE',  ( 0.06975647374412920210, -0.9975640502598240866, 0.000000000000000000 ) ) ;
#1120 = AXIS2_PLACEMENT_3D ( 'NONE', #246, #712, #112 ) ;
#1121 = VERTEX_POINT ( 'NONE', #726 ) ;
#1122 = ORIENTED_EDGE ( 'NONE', *, *, #1311, .F. ) ;
#1123 = CALENDAR_DATE ( 2026, 7, 10 ) ;
#1124 = DIRECTION ( 'NONE',  ( -1.000000000000000000, 0.000000000000000000, 0.000000000000000000 ) ) ;
#1125 = CARTESIAN_POINT ( 'NONE',  ( -15.49999999999999822, -7.276347106161928480, 11.00000000000000000 ) ) ;
#1126 = DIRECTION ( 'NONE',  ( -0.000000000000000000, -0.000000000000000000, 1.000000000000000000 ) ) ;
#1127 = ORIENTED_EDGE ( 'NONE', *, *, #195, .T. ) ;
#1128 = EDGE_CURVE ( 'NONE', #1083, #496, #813, .T. ) ;
#1129 = ORIENTED_EDGE ( 'NONE', *, *, #625, .F. ) ;
#1130 = CARTESIAN_POINT ( 'NONE',  ( 1.521777119683755696E-15, -14.04634710616192805, -2.500000000000000000 ) ) ;
#1131 = CARTESIAN_POINT ( 'NONE',  ( 15.50000000000000178, -7.276347106161925815, -0.5000000000000000000 ) ) ;
#1132 = FACE_OUTER_BOUND ( 'NONE', #591, .T. ) ;
#1133 = ORIENTED_EDGE ( 'NONE', *, *, #325, .F. ) ;
#1134 = ORIENTED_EDGE ( 'NONE', *, *, #1332, .F. ) ;
#1135 = LINE ( 'NONE', #47, #1009 ) ;
#1136 = DIRECTION ( 'NONE',  ( -0.9153980066705815766, -0.4025499837082668897, 0.000000000000000000 ) ) ;
#1137 = FACE_OUTER_BOUND ( 'NONE', #559, .T. ) ;
#1138 = CIRCLE ( 'NONE', #291, 3.000000000000000888 ) ;
#1139 = CIRCLE ( 'NONE', #809, 2.000000000000000000 ) ;
#1140 = VERTEX_POINT ( 'NONE', #986 ) ;
#1141 = DIRECTION ( 'NONE',  ( 1.000000000000000000, 0.000000000000000000, 0.000000000000000000 ) ) ;
#1142 = AXIS2_PLACEMENT_3D ( 'NONE', #1217, #150, #623 ) ;
#1143 = VERTEX_POINT ( 'NONE', #1100 ) ;
#1144 = B_SPLINE_CURVE_WITH_KNOTS ( 'NONE', 3,
 ( #1054, #601, #932, #1515, #363, #339 ),
 .UNSPECIFIED., .F., .F.,
 ( 4, 2, 4 ),
 ( 0.000000000000000000, 0.0005215423012416224146, 0.001043084602483244829 ),
 .UNSPECIFIED. ) ;
#1145 = CARTESIAN_POINT ( 'NONE',  ( 7.083264969203009187, -32.72239654347745130, 2.500000000000000000 ) ) ;
#1146 = DIRECTION ( 'NONE',  ( -1.000000000000000000, 0.000000000000000000, -0.000000000000000000 ) ) ;
#1147 = VERTEX_POINT ( 'NONE', #951 ) ;
#1148 = CYLINDRICAL_SURFACE ( 'NONE', #930, 4.000000000000000000 ) ;
#1149 = EDGE_LOOP ( 'NONE', ( #206, #301, #1298, #1464, #1043 ) ) ;
#1150 = DIRECTION ( 'NONE',  ( 1.000000000000000000, 9.251858538542971828E-16, 0.000000000000000000 ) ) ;
#1151 = CARTESIAN_POINT ( 'NONE',  ( -17.86901877132402916, -6.453083033681019209, 4.499999983999594555 ) ) ;
#1152 = EDGE_CURVE ( 'NONE', #858, #1083, #27, .T. ) ;
#1153 = CARTESIAN_POINT ( 'NONE',  ( 19.61929103001761732, -5.464872179474723701, 2.500000000000000444 ) ) ;
#1154 = CARTESIAN_POINT ( 'NONE',  ( -19.85182279967736463, -2.139512947488258821, -2.500000000000000000 ) ) ;
#1155 = VERTEX_POINT ( 'NONE', #1438 ) ;
#1156 = CARTESIAN_POINT ( 'NONE',  ( 10.55755346257818772, -34.70464765390741491, -2.500000000000000000 ) ) ;
#1157 = VECTOR ( 'NONE', #405, 1000.000000000000000 ) ;
#1158 = DIRECTION ( 'NONE',  ( -0.5260311741397497576, -0.8504652866714529358, -1.748575777297104657E-16 ) ) ;
#1159 = VERTEX_POINT ( 'NONE', #1449 ) ;
#1160 = AXIS2_PLACEMENT_3D ( 'NONE', #1131, #420, #55 ) ;
#1161 = FACE_OUTER_BOUND ( 'NONE', #1495, .T. ) ;
#1162 = AXIS2_PLACEMENT_3D ( 'NONE', #898, #773, #635 ) ;
#1163 = EDGE_LOOP ( 'NONE', ( #1127, #1490 ) ) ;
#1164 = CIRCLE ( 'NONE', #887, 14.99999999999999822 ) ;
#1165 = CIRCLE ( 'NONE', #644, 2.000000000000000444 ) ;
#1166 = FACE_OUTER_BOUND ( 'NONE', #1014, .T. ) ;
#1167 = PRODUCT_DEFINITION_FORMATION_WITH_SPECIFIED_SOURCE ( 'ANY', '', #505, .NOT_KNOWN. ) ;
#1168 = LINE ( 'NONE', #699, #169 ) ;
#1169 = FACE_OUTER_BOUND ( 'NONE', #1084, .T. ) ;
#1170 = VERTEX_POINT ( 'NONE', #851 ) ;
#1171 = DIRECTION ( 'NONE',  ( -1.000000000000000000, 0.000000000000000000, 0.000000000000000000 ) ) ;
#1172 = ORIENTED_EDGE ( 'NONE', *, *, #137, .T. ) ;
#1173 = EDGE_CURVE ( 'NONE', #1470, #221, #1430, .T. ) ;
#1174 = CARTESIAN_POINT ( 'NONE',  ( 7.397463198833396092, -14.04634710616192805, -2.500000000000000000 ) ) ;
#1175 = CARTESIAN_POINT ( 'NONE',  ( -18.01039758476127517, -7.214833782753675706, 2.896894984309142274 ) ) ;
#1176 = ORIENTED_EDGE ( 'NONE', *, *, #338, .T. ) ;
#1177 = CARTESIAN_POINT ( 'NONE',  ( 8.694992273946206563E-15, -71.00000000000000000, -2.500000000000000000 ) ) ;
#1178 = EDGE_LOOP ( 'NONE', ( #134, #77 ) ) ;
#1179 = VERTEX_POINT ( 'NONE', #1363 ) ;
#1180 = EDGE_CURVE ( 'NONE', #1260, #354, #933, .T. ) ;
#1181 = DIRECTION ( 'NONE',  ( 0.000000000000000000, -0.000000000000000000, -1.000000000000000000 ) ) ;
#1182 = PLANE ( 'NONE',  #1436 ) ;
#1183 = CARTESIAN_POINT ( 'NONE',  ( -19.59707678642097761, -5.782550663291400994, 2.500000000000000444 ) ) ;
#1184 = ORIENTED_EDGE ( 'NONE', *, *, #499, .F. ) ;
#1185 = CARTESIAN_POINT ( 'NONE',  ( 18.00000000000000355, -7.276347106161925815, 11.00000000000000000 ) ) ;
#1186 = ORIENTED_EDGE ( 'NONE', *, *, #823, .T. ) ;
#1187 = EDGE_LOOP ( 'NONE', ( #1367, #544 ) ) ;
#1188 = AXIS2_PLACEMENT_3D ( 'NONE', #167, #161, #529 ) ;
#1189 = AXIS2_PLACEMENT_3D ( 'NONE', #515, #1105, #1467 ) ;
#1190 = CARTESIAN_POINT ( 'NONE',  ( -14.96346075389734764, -72.04634710616191740, 2.500000000000000000 ) ) ;
#1191 = AXIS2_PLACEMENT_3D ( 'NONE', #81, #696, #1395 ) ;
#1192 = DIRECTION ( 'NONE',  ( -1.000000000000000000, 0.000000000000000000, 0.000000000000000000 ) ) ;
#1193 = DIRECTION ( 'NONE',  ( 1.000000000000000000, 0.000000000000000000, 0.000000000000000000 ) ) ;
#1194 = ADVANCED_FACE ( 'NONE', ( #1137 ), #660, .T. ) ;
#1195 = CARTESIAN_POINT ( 'NONE',  ( 7.397463198833396092, -18.04634710616192805, -2.500000000000000000 ) ) ;
#1196 = CARTESIAN_POINT ( 'NONE',  ( 12.77574541169063060, -60.32537300113843060, 2.500000000000000000 ) ) ;
#1197 = EDGE_CURVE ( 'NONE', #1155, #998, #542, .T. ) ;
#1198 = VERTEX_POINT ( 'NONE', #1371 ) ;
#1199 = CARTESIAN_POINT ( 'NONE',  ( 18.00000000000000355, -7.276347106179602342, 4.434894976452754989 ) ) ;
#1200 = CARTESIAN_POINT ( 'NONE',  ( -15.49999999999999822, -7.276347106161928480, 4.500000000000000888 ) ) ;
#1201 = CARTESIAN_POINT ( 'NONE',  ( 19.90410583797994448, -1.391830665836224723, 2.500000000000000000 ) ) ;
#1202 = DIRECTION ( 'NONE',  ( -0.000000000000000000, -0.000000000000000000, 1.000000000000000000 ) ) ;
#1203 = CARTESIAN_POINT ( 'NONE',  ( -3.901122601657685429, -60.04634710616191029, -2.500000000000000000 ) ) ;
#1204 = ORIENTED_EDGE ( 'NONE', *, *, #1218, .T. ) ;
#1205 = CARTESIAN_POINT ( 'NONE',  ( 17.91145093021105694, -6.594523738410265956, 4.484703594961684026 ) ) ;
#1206 = APPROVAL_ROLE ( '' ) ;
#1207 = EDGE_CURVE ( 'NONE', #496, #804, #1008, .T. ) ;
#1208 = DIRECTION ( 'NONE',  ( 1.000000000000000000, 0.000000000000000000, 0.000000000000000000 ) ) ;
#1209 = DIRECTION ( 'NONE',  ( 1.000000000000000000, 0.000000000000000000, 0.000000000000000000 ) ) ;
#1210 = ORIENTED_EDGE ( 'NONE', *, *, #274, .F. ) ;
#1211 = ORIENTED_EDGE ( 'NONE', *, *, #1351, .T. ) ;
#1212 = DIRECTION ( 'NONE',  ( -0.000000000000000000, -0.000000000000000000, -1.000000000000000000 ) ) ;
#1213 = VECTOR ( 'NONE', #1250, 999.9999999999998863 ) ;
#1214 = AXIS2_PLACEMENT_3D ( 'NONE', #309, #336, #682 ) ;
#1215 = CIRCLE ( 'NONE', #461, 2.500000000000000444 ) ;
#1216 = LINE ( 'NONE', #962, #808 ) ;
#1217 = CARTESIAN_POINT ( 'NONE',  ( 8.785489210651332925, -60.04634710616191029, 2.500000000000000000 ) ) ;
#1218 = EDGE_CURVE ( 'NONE', #1323, #649, #1215, .T. ) ;
#1219 = ORIENTED_EDGE ( 'NONE', *, *, #72, .F. ) ;
#1220 = EDGE_CURVE ( 'NONE', #1170, #390, #1246, .T. ) ;
#1221 = DIRECTION ( 'NONE',  ( -0.000000000000000000, -0.000000000000000000, -1.000000000000000000 ) ) ;
#1222 = EDGE_CURVE ( 'NONE', #772, #435, #16, .T. ) ;
#1223 = DIRECTION ( 'NONE',  ( -0.9153980066705820207, 0.4025499837082657795, 0.000000000000000000 ) ) ;
#1224 = LINE ( 'NONE', #984, #1475 ) ;
#1225 = CARTESIAN_POINT ( 'NONE',  ( -19.32709379002153938, -9.643487389790799114, 4.500000000000000888 ) ) ;
#1226 = ORIENTED_EDGE ( 'NONE', *, *, #135, .F. ) ;
#1227 = CARTESIAN_POINT ( 'NONE',  ( 10.55755346257818772, -34.70464765390741491, 2.500000000000000000 ) ) ;
#1228 = DATE_AND_TIME ( #1104, #299 ) ;
#1229 = CARTESIAN_POINT ( 'NONE',  ( 14.55755346257818772, -34.70464765390741491, 2.500000000000000000 ) ) ;
#1230 = DIRECTION ( 'NONE',  ( -1.000000000000000000, -1.083397062725421613E-16, 0.000000000000000000 ) ) ;
#1231 = CARTESIAN_POINT ( 'NONE',  ( 19.85182279967736463, -2.139512947488254380, 2.500000000000000000 ) ) ;
#1232 = VERTEX_POINT ( 'NONE', #637 ) ;
#1233 = DATE_TIME_ROLE ( 'creation_date' ) ;
#1234 = AXIS2_PLACEMENT_3D ( 'NONE', #469, #803, #1056 ) ;
#1235 = DIRECTION ( 'NONE',  ( 0.000000000000000000, 0.000000000000000000, -1.000000000000000000 ) ) ;
#1236 = AXIS2_PLACEMENT_3D ( 'NONE', #1328, #622, #26 ) ;
#1237 = PLANE ( 'NONE',  #1160 ) ;
#1238 = CARTESIAN_POINT ( 'NONE',  ( 10.55755346257818772, -34.70464765390741491, 2.500000000000000000 ) ) ;
#1239 = ADVANCED_FACE ( 'NONE', ( #189, #884 ), #421, .T. ) ;
#1240 = VECTOR ( 'NONE', #940, 1000.000000000000000 ) ;
#1241 = ORIENTED_EDGE ( 'NONE', *, *, #642, .F. ) ;
#1242 = EDGE_CURVE ( 'NONE', #1022, #390, #214, .T. ) ;
#1243 = ORIENTED_EDGE ( 'NONE', *, *, #639, .F. ) ;
#1244 = DIRECTION ( 'NONE',  ( -1.000000000000000000, 0.000000000000000000, 0.000000000000000000 ) ) ;
#1245 = DIRECTION ( 'NONE',  ( 1.000000000000000000, 0.000000000000000000, 0.000000000000000000 ) ) ;
#1246 = LINE ( 'NONE', #1463, #1413 ) ;
#1247 = ORIENTED_EDGE ( 'NONE', *, *, #137, .F. ) ;
#1248 = VERTEX_POINT ( 'NONE', #74 ) ;
#1249 = CYLINDRICAL_SURFACE ( 'NONE', #418, 4.000000000000000000 ) ;
#1250 = DIRECTION ( 'NONE',  ( -0.06975647374412896617, -0.9975640502598240866, 0.000000000000000000 ) ) ;
#1251 = LINE ( 'NONE', #162, #607 ) ;
#1252 = EDGE_LOOP ( 'NONE', ( #972, #352, #936, #4, #816 ) ) ;
#1253 = LINE ( 'NONE', #974, #669 ) ;
#1254 = VERTEX_POINT ( 'NONE', #775 ) ;
#1255 = DIRECTION ( 'NONE',  ( -0.000000000000000000, -0.000000000000000000, -1.000000000000000000 ) ) ;
#1256 = AXIS2_PLACEMENT_3D ( 'NONE', #760, #1469, #50 ) ;
#1257 = FACE_OUTER_BOUND ( 'NONE', #1149, .T. ) ;
#1258 = DIRECTION ( 'NONE',  ( -0.000000000000000000, -0.000000000000000000, -1.000000000000000000 ) ) ;
#1259 = AXIS2_PLACEMENT_3D ( 'NONE', #948, #1317, #355 ) ;
#1260 = VERTEX_POINT ( 'NONE', #56 ) ;
#1261 = DIRECTION ( 'NONE',  ( -0.000000000000000000, 0.000000000000000000, 1.000000000000000000 ) ) ;
#1262 = AXIS2_PLACEMENT_3D ( 'NONE', #1424, #1512, #1171 ) ;
#1263 = ADVANCED_FACE ( 'NONE', ( #1132 ), #311, .F. ) ;
#1264 = EDGE_LOOP ( 'NONE', ( #1004, #360, #292, #928, #1101, #925, #306, #102, #1184, #1348, #1440 ) ) ;
#1265 = EDGE_CURVE ( 'NONE', #895, #617, #893, .T. ) ;
#1266 = PLANE ( 'NONE',  #1259 ) ;
#1267 = EDGE_CURVE ( 'NONE', #772, #1355, #1251, .T. ) ;
#1268 = CARTESIAN_POINT ( 'NONE',  ( -17.68837564972981014, -8.490842625066200355, 2.643741903812845795 ) ) ;
#1269 = CARTESIAN_POINT ( 'NONE',  ( -19.90410583797994448, -1.391830665836229608, 2.500000000000000000 ) ) ;
#1270 = ORIENTED_EDGE ( 'NONE', *, *, #665, .T. ) ;
#1271 = ADVANCED_FACE ( 'NONE', ( #1377 ), #168, .F. ) ;
#1272 = DIRECTION ( 'NONE',  ( -0.000000000000000000, -0.000000000000000000, -1.000000000000000000 ) ) ;
#1273 = CARTESIAN_POINT ( 'NONE',  ( -17.78849501667645328, -6.269972146891263698, 2.500000000000000000 ) ) ;
#1274 = ORIENTED_EDGE ( 'NONE', *, *, #276, .T. ) ;
#1275 = CARTESIAN_POINT ( 'NONE',  ( 14.54780966361748362, -34.98367354888392811, 2.500000000000000000 ) ) ;
#1276 = ORIENTED_EDGE ( 'NONE', *, *, #1332, .T. ) ;
#1277 = DIRECTION ( 'NONE',  ( -0.000000000000000000, -0.000000000000000000, 1.000000000000000000 ) ) ;
#1278 = CARTESIAN_POINT ( 'NONE',  ( -19.49869398512227647, -7.189490270068919386, 2.499999999999993783 ) ) ;
#1279 = ORIENTED_EDGE ( 'NONE', *, *, #894, .T. ) ;
#1280 = DIRECTION ( 'NONE',  ( 1.000000000000000000, 0.000000000000000000, 0.000000000000000000 ) ) ;
#1281 = VECTOR ( 'NONE', #571, 1000.000000000000000 ) ;
#1282 = ORIENTED_EDGE ( 'NONE', *, *, #1242, .F. ) ;
#1283 = AXIS2_PLACEMENT_3D ( 'NONE', #9, #127, #864 ) ;
#1284 = CIRCLE ( 'NONE', #744, 2.000000000000001332 ) ;
#1285 = DIRECTION ( 'NONE',  ( -1.000000000000000000, 0.000000000000000000, 0.000000000000000000 ) ) ;
#1286 = DIRECTION ( 'NONE',  ( -0.9975640502598240866, -0.06975647374412925761, 0.000000000000000000 ) ) ;
#1287 = DIRECTION ( 'NONE',  ( -0.000000000000000000, -0.000000000000000000, -1.000000000000000000 ) ) ;
#1288 = EDGE_CURVE ( 'NONE', #1198, #1143, #517, .T. ) ;
#1289 = ORIENTED_EDGE ( 'NONE', *, *, #1103, .F. ) ;
#1290 = CARTESIAN_POINT ( 'NONE',  ( -1.999999999999991784, -72.04634710616191740, 2.500000000000000000 ) ) ;
#1291 = ORIENTED_EDGE ( 'NONE', *, *, #642, .T. ) ;
#1292 = ORIENTED_EDGE ( 'NONE', *, *, #197, .T. ) ;
#1293 = LINE ( 'NONE', #705, #13 ) ;
#1294 = DIRECTION ( 'NONE',  ( -0.000000000000000000, 0.000000000000000000, 1.000000000000000000 ) ) ;
#1295 = CARTESIAN_POINT ( 'NONE',  ( -18.00807123380840835, -7.248132554774803005, 4.431997399425981143 ) ) ;
#1296 = ORIENTED_EDGE ( 'NONE', *, *, #1128, .F. ) ;
#1297 = DIRECTION ( 'NONE',  ( 0.000000000000000000, -0.000000000000000000, -1.000000000000000000 ) ) ;
#1298 = ORIENTED_EDGE ( 'NONE', *, *, #714, .T. ) ;
#1299 = DIRECTION ( 'NONE',  ( -0.000000000000000000, -0.000000000000000000, -1.000000000000000000 ) ) ;
#1300 =( LENGTH_UNIT ( ) NAMED_UNIT ( * ) SI_UNIT ( .MILLI., .METRE. ) );
#1301 = CARTESIAN_POINT ( 'NONE',  ( 15.50000000000000178, -7.276347106161925815, 4.500000000000000888 ) ) ;
#1302 = CARTESIAN_POINT ( 'NONE',  ( 8.785489210651332925, -60.04634710616191029, 2.500000000000000000 ) ) ;
#1303 = CARTESIAN_POINT ( 'NONE',  ( 17.94109617605181128, -7.852027488663806842, 4.445351433601105740 ) ) ;
#1304 = DIRECTION ( 'NONE',  ( 0.000000000000000000, 0.000000000000000000, -1.000000000000000000 ) ) ;
#1305 = ORIENTED_EDGE ( 'NONE', *, *, #1152, .T. ) ;
#1306 = VERTEX_POINT ( 'NONE', #1354 ) ;
#1307 = VECTOR ( 'NONE', #942, 1000.000000000000000 ) ;
#1308 = LINE ( 'NONE', #15, #985 ) ;
#1309 = TOROIDAL_SURFACE ( 'NONE', #841, 4.500000000000000888, 2.000000000000000000 ) ;
#1310 = CARTESIAN_POINT ( 'NONE',  ( -13.62517257299034057, -48.17799865800557768, 2.500000000000000000 ) ) ;
#1311 = EDGE_CURVE ( 'NONE', #128, #107, #1357, .T. ) ;
#1312 = CARTESIAN_POINT ( 'NONE',  ( 19.59706777854175641, -5.782679481972741620, 2.500000000000000444 ) ) ;
#1313 = DIRECTION ( 'NONE',  ( -1.000000000000000000, 0.000000000000000000, 0.000000000000000000 ) ) ;
#1314 = ORIENTED_EDGE ( 'NONE', *, *, #1103, .T. ) ;
#1315 = ORIENTED_EDGE ( 'NONE', *, *, #227, .F. ) ;
#1316 = EDGE_CURVE ( 'NONE', #354, #989, #687, .T. ) ;
#1317 = DIRECTION ( 'NONE',  ( -0.000000000000000000, 0.000000000000000000, 1.000000000000000000 ) ) ;
#1318 = DIRECTION ( 'NONE',  ( 1.000000000000000000, 1.224646799147353207E-16, 0.000000000000000000 ) ) ;
#1319 = CARTESIAN_POINT ( 'NONE',  ( -17.78849501667645328, -6.269972146891263698, 4.500000000000000888 ) ) ;
#1320 = LINE ( 'NONE', #1437, #715 ) ;
#1321 = DIRECTION ( 'NONE',  ( -0.000000000000000000, 0.000000000000000000, 1.000000000000000000 ) ) ;
#1322 = CC_DESIGN_PERSON_AND_ORGANIZATION_ASSIGNMENT ( #514, #1454, ( #1167 ) ) ;
#1323 = VERTEX_POINT ( 'NONE', #565 ) ;
#1324 = ORIENTED_EDGE ( 'NONE', *, *, #1265, .F. ) ;
#1325 = CARTESIAN_POINT ( 'NONE',  ( -17.24999999999999645, -7.276347106161928480, -0.5000000000000000000 ) ) ;
#1326 = PERSON_AND_ORGANIZATION ( #733, #1039 ) ;
#1327 = ADVANCED_FACE ( 'NONE', ( #924 ), #943, .T. ) ;
#1328 = CARTESIAN_POINT ( 'NONE',  ( -17.85669469915771757, -2.000000000000000444, 2.500000000000000000 ) ) ;
#1329 = CARTESIAN_POINT ( 'NONE',  ( 14.55755346257818772, -34.70464765390741491, -2.500000000000000000 ) ) ;
#1330 = EDGE_CURVE ( 'NONE', #226, #422, #918, .T. ) ;
#1331 = ORIENTED_EDGE ( 'NONE', *, *, #1380, .F. ) ;
#1332 = EDGE_CURVE ( 'NONE', #215, #1513, #437, .T. ) ;
#1333 = AXIS2_PLACEMENT_3D ( 'NONE', #1500, #1287, #934 ) ;
#1334 = CARTESIAN_POINT ( 'NONE',  ( 8.785489210651332925, -64.04634710616191740, -2.500000000000000000 ) ) ;
#1335 = CIRCLE ( 'NONE', #1116, 1.749999999999999778 ) ;
#1336 = VECTOR ( 'NONE', #474, 999.9999999999998863 ) ;
#1337 = COORDINATED_UNIVERSAL_TIME_OFFSET ( 3, 0, .BEHIND. ) ;
#1338 = AXIS2_PLACEMENT_3D ( 'NONE', #680, #1021, #751 ) ;
#1339 = AXIS2_PLACEMENT_3D ( 'NONE', #485, #263, #1341 ) ;
#1340 = LINE ( 'NONE', #374, #184 ) ;
#1341 = DIRECTION ( 'NONE',  ( -0.4955627776074905122, -0.8685721233437952993, 0.000000000000000000 ) ) ;
#1342 = EDGE_LOOP ( 'NONE', ( #599, #846 ) ) ;
#1343 = LINE ( 'NONE', #76, #1037 ) ;
#1344 = APPROVAL_ROLE ( '' ) ;
#1345 = DIRECTION ( 'NONE',  ( -0.000000000000000000, -0.000000000000000000, -1.000000000000000000 ) ) ;
#1346 = CARTESIAN_POINT ( 'NONE',  ( 18.50000000000000355, -7.276347106161925815, -0.5000000000000000000 ) ) ;
#1347 = PLANE ( 'NONE',  #1479 ) ;
#1348 = ORIENTED_EDGE ( 'NONE', *, *, #1426, .F. ) ;
#1349 = CARTESIAN_POINT ( 'NONE',  ( 0.000000000000000000, 0.000000000000000000, 0.000000000000000000 ) ) ;
#1350 = CYLINDRICAL_SURFACE ( 'NONE', #1387, 2.000000000000001776 ) ;
#1351 = EDGE_CURVE ( 'NONE', #390, #1022, #927, .T. ) ;
#1352 = EDGE_CURVE ( 'NONE', #1159, #1147, #1499, .T. ) ;
#1353 = DIRECTION ( 'NONE',  ( 0.9975640502598240866, -0.06975647374412896617, 0.000000000000000000 ) ) ;
#1354 = CARTESIAN_POINT ( 'NONE',  ( -13.62517257299034057, -48.17799865800557768, -2.500000000000000000 ) ) ;
#1355 = VERTEX_POINT ( 'NONE', #683 ) ;
#1356 = ORIENTED_EDGE ( 'NONE', *, *, #826, .T. ) ;
#1357 = CIRCLE ( 'NONE', #1256, 4.000000000000000000 ) ;
#1358 = VECTOR ( 'NONE', #636, 999.9999999999998863 ) ;
#1359 = CARTESIAN_POINT ( 'NONE',  ( 17.85669469915771757, -1.999999999999996225, 2.500000000000000000 ) ) ;
#1360 = VECTOR ( 'NONE', #350, 1000.000000000000000 ) ;
#1361 = DIRECTION ( 'NONE',  ( -0.000000000000000000, -0.000000000000000000, -1.000000000000000000 ) ) ;
#1362 = AXIS2_PLACEMENT_3D ( 'NONE', #141, #3, #1209 ) ;
#1363 = CARTESIAN_POINT ( 'NONE',  ( 18.50000000000000355, -7.276347106161925815, -2.500000000000000000 ) ) ;
#1364 = AXIS2_PLACEMENT_3D ( 'NONE', #673, #305, #995 ) ;
#1365 = ORIENTED_EDGE ( 'NONE', *, *, #1381, .T. ) ;
#1366 = CIRCLE ( 'NONE', #844, 2.000000000000000444 ) ;
#1367 = ORIENTED_EDGE ( 'NONE', *, *, #1507, .T. ) ;
#1368 = EDGE_CURVE ( 'NONE', #447, #1022, #791, .T. ) ;
#1369 = FACE_OUTER_BOUND ( 'NONE', #1517, .T. ) ;
#1370 = CARTESIAN_POINT ( 'NONE',  ( -11.72241531227892430, -14.04634710616192805, -2.500000000000000000 ) ) ;
#1371 = CARTESIAN_POINT ( 'NONE',  ( -17.85669469915771757, -2.994746930404857380E-16, 2.500000000000000000 ) ) ;
#1372 = ORIENTED_EDGE ( 'NONE', *, *, #570, .T. ) ;
#1373 = FACE_OUTER_BOUND ( 'NONE', #308, .T. ) ;
#1374 = ORIENTED_EDGE ( 'NONE', *, *, #99, .F. ) ;
#1375 = CARTESIAN_POINT ( 'NONE',  ( 0.000000000000000000, 0.000000000000000000, -2.500000000000000000 ) ) ;
#1376 = CARTESIAN_POINT ( 'NONE',  ( 15.50000000000000178, -7.276347106161925815, 11.00000000000000000 ) ) ;
#1377 = FACE_OUTER_BOUND ( 'NONE', #463, .T. ) ;
#1378 = ADVANCED_FACE ( 'NONE', ( #1169 ), #457, .F. ) ;
#1379 = EDGE_LOOP ( 'NONE', ( #575, #852, #181, #327 ) ) ;
#1380 = EDGE_CURVE ( 'NONE', #804, #858, #337, .T. ) ;
#1381 = EDGE_CURVE ( 'NONE', #107, #226, #558, .T. ) ;
#1382 = ORIENTED_EDGE ( 'NONE', *, *, #378, .F. ) ;
#1383 = ADVANCED_FACE ( 'NONE', ( #439 ), #6, .F. ) ;
#1384 = LINE ( 'NONE', #1404, #1281 ) ;
#1385 = DIRECTION ( 'NONE',  ( 0.000000000000000000, 0.000000000000000000, 1.000000000000000000 ) ) ;
#1386 = AXIS2_PLACEMENT_3D ( 'NONE', #282, #659, #1230 ) ;
#1387 = AXIS2_PLACEMENT_3D ( 'NONE', #1359, #768, #1244 ) ;
#1388 = ORIENTED_EDGE ( 'NONE', *, *, #1351, .F. ) ;
#1389 = CYLINDRICAL_SURFACE ( 'NONE', #587, 2.000000000000000444 ) ;
#1390 = CIRCLE ( 'NONE', #717, 3.000000000000004441 ) ;
#1391 = ORIENTED_EDGE ( 'NONE', *, *, #722, .T. ) ;
#1392 = CARTESIAN_POINT ( 'NONE',  ( -10.99999999999999822, -7.276347106161928480, 4.500000000000000888 ) ) ;
#1393 = CARTESIAN_POINT ( 'NONE',  ( -17.81761391488340251, -8.235258301752072185, 4.479507949764093944 ) ) ;
#1394 = ORIENTED_EDGE ( 'NONE', *, *, #1459, .T. ) ;
#1395 = DIRECTION ( 'NONE',  ( 1.000000000000000000, 0.000000000000000000, 0.000000000000000000 ) ) ;
#1396 = ORIENTED_EDGE ( 'NONE', *, *, #722, .F. ) ;
#1397 = DIRECTION ( 'NONE',  ( 1.000000000000000000, 0.000000000000000000, 0.000000000000000000 ) ) ;
#1398 = ADVANCED_FACE ( 'NONE', ( #861 ), #629, .F. ) ;
#1399 = CARTESIAN_POINT ( 'NONE',  ( -17.73141547985574817, -8.421257567459724314, 4.499999983106745205 ) ) ;
#1400 = EDGE_CURVE ( 'NONE', #804, #376, #1072, .T. ) ;
#1401 = ORIENTED_EDGE ( 'NONE', *, *, #364, .F. ) ;
#1402 = DIRECTION ( 'NONE',  ( -1.000000000000000000, 0.000000000000000000, 0.000000000000000000 ) ) ;
#1403 = ORIENTED_EDGE ( 'NONE', *, *, #1447, .T. ) ;
#1404 = CARTESIAN_POINT ( 'NONE',  ( -17.85669469915771757, -2.994746930404857380E-16, 2.500000000000000000 ) ) ;
#1405 = DIRECTION ( 'NONE',  ( 0.000000000000000000, 0.000000000000000000, 1.000000000000000000 ) ) ;
#1406 = DIRECTION ( 'NONE',  ( -0.000000000000000000, -0.000000000000000000, -1.000000000000000000 ) ) ;
#1407 = ORIENTED_EDGE ( 'NONE', *, *, #935, .T. ) ;
#1408 = AXIS2_PLACEMENT_3D ( 'NONE', #40, #899, #398 ) ;
#1409 = CARTESIAN_POINT ( 'NONE',  ( 8.823132837382037032E-15, -72.04634710616191740, 2.500000000000000000 ) ) ;
#1410 = VECTOR ( 'NONE', #165, 999.9999999999998863 ) ;
#1411 = VERTEX_POINT ( 'NONE', #248 ) ;
#1412 = VECTOR ( 'NONE', #1418, 1000.000000000000000 ) ;
#1413 = VECTOR ( 'NONE', #432, 1000.000000000000000 ) ;
#1414 = DIRECTION ( 'NONE',  ( -0.06975647374412896617, -0.9975640502598240866, 0.000000000000000000 ) ) ;
#1415 = LINE ( 'NONE', #1310, #148 ) ;
#1416 = CARTESIAN_POINT ( 'NONE',  ( -17.62616321667862707, -8.591425041511303817, 2.500000000000000444 ) ) ;
#1417 = ORIENTED_EDGE ( 'NONE', *, *, #455, .F. ) ;
#1418 = DIRECTION ( 'NONE',  ( -0.000000000000000000, -0.000000000000000000, 1.000000000000000000 ) ) ;
#1419 = ORIENTED_EDGE ( 'NONE', *, *, #113, .T. ) ;
#1420 = DIRECTION ( 'NONE',  ( 0.4955627776074905677, 0.8685721233437951883, 0.000000000000000000 ) ) ;
#1421 = DIRECTION ( 'NONE',  ( 1.000000000000000000, 0.000000000000000000, 0.000000000000000000 ) ) ;
#1422 = CARTESIAN_POINT ( 'NONE',  ( 10.55755346257818772, -34.70464765390741491, -2.500000000000000000 ) ) ;
#1423 = CARTESIAN_POINT ( 'NONE',  ( -1.999999999999991784, -72.04634710616191740, -2.500000000000000000 ) ) ;
#1424 = CARTESIAN_POINT ( 'NONE',  ( -9.634916371951042890, -47.89897276302907159, 2.500000000000000000 ) ) ;
#1425 = EDGE_LOOP ( 'NONE', ( #581, #284 ) ) ;
#1426 = EDGE_CURVE ( 'NONE', #1147, #479, #724, .T. ) ;
#1427 = DIRECTION ( 'NONE',  ( 0.000000000000000000, 0.000000000000000000, -1.000000000000000000 ) ) ;
#1428 = CARTESIAN_POINT ( 'NONE',  ( -15.49999999999999822, -7.276347106161928480, 11.00000000000000000 ) ) ;
#1429 = CARTESIAN_POINT ( 'NONE',  ( 17.90625913832488791, -6.558725997366050109, 2.747235816107099104 ) ) ;
#1430 = LINE ( 'NONE', #367, #616 ) ;
#1431 = ORIENTED_EDGE ( 'NONE', *, *, #1128, .T. ) ;
#1432 = CIRCLE ( 'NONE', #1189, 3.000000000000000888 ) ;
#1433 = DIRECTION ( 'NONE',  ( -1.000000000000000000, 0.000000000000000000, 0.000000000000000000 ) ) ;
#1434 = AXIS2_PLACEMENT_3D ( 'NONE', #824, #205, #937 ) ;
#1435 = CARTESIAN_POINT ( 'NONE',  ( 17.24999999999999289, -7.276347106161925815, 11.00000000000000000 ) ) ;
#1436 = AXIS2_PLACEMENT_3D ( 'NONE', #949, #1286, #1533 ) ;
#1437 = CARTESIAN_POINT ( 'NONE',  ( 7.397463198833396092, -14.04634710616192805, 2.500000000000000000 ) ) ;
#1438 = CARTESIAN_POINT ( 'NONE',  ( 12.50000000000000000, -7.276347106161925815, -0.5000000000000000000 ) ) ;
#1439 = ORIENTED_EDGE ( 'NONE', *, *, #48, .F. ) ;
#1440 = ORIENTED_EDGE ( 'NONE', *, *, #236, .T. ) ;
#1441 = CYLINDRICAL_SURFACE ( 'NONE', #266, 3.000000000000000888 ) ;
#1442 = CARTESIAN_POINT ( 'NONE',  ( -0.000000000000000000, -64.04634710616191740, -2.500000000000000000 ) ) ;
#1443 = CARTESIAN_POINT ( 'NONE',  ( -3.901122601657685429, -64.04634710616191740, 2.500000000000000000 ) ) ;
#1444 = CARTESIAN_POINT ( 'NONE',  ( 8.823132837382037032E-15, -72.04634710616191740, 2.500000000000000000 ) ) ;
#1445 = ORIENTED_EDGE ( 'NONE', *, *, #519, .T. ) ;
#1446 = PLANE ( 'NONE',  #393 ) ;
#1447 = EDGE_CURVE ( 'NONE', #1537, #1505, #1474, .T. ) ;
#1448 = CARTESIAN_POINT ( 'NONE',  ( -15.49999999999999822, -7.276347106161928480, 11.00000000000000000 ) ) ;
#1449 = CARTESIAN_POINT ( 'NONE',  ( 17.62616321667863417, -8.591425041511298488, 4.500000000000000888 ) ) ;
#1450 = ORIENTED_EDGE ( 'NONE', *, *, #227, .T. ) ;
#1451 = DIRECTION ( 'NONE',  ( -0.06975647374412925761, 0.9975640502598240866, 0.000000000000000000 ) ) ;
#1452 = CIRCLE ( 'NONE', #761, 4.000000000000000000 ) ;
#1453 = VECTOR ( 'NONE', #481, 1000.000000000000000 ) ;
#1454 = PERSON_AND_ORGANIZATION_ROLE ( 'creator' ) ;
#1455 = CYLINDRICAL_SURFACE ( 'NONE', #512, 1.749999999999994671 ) ;
#1456 = CARTESIAN_POINT ( 'NONE',  ( 13.75000000000000711, -7.276347106161925815, 11.00000000000000000 ) ) ;
#1457 = CARTESIAN_POINT ( 'NONE',  ( -19.61929103001761732, -5.464872179474732583, 2.500000000000000000 ) ) ;
#1458 = ORIENTED_EDGE ( 'NONE', *, *, #1242, .T. ) ;
#1459 = EDGE_CURVE ( 'NONE', #1159, #1027, #229, .T. ) ;
#1460 = EDGE_CURVE ( 'NONE', #435, #453, #356, .T. ) ;
#1461 = CARTESIAN_POINT ( 'NONE',  ( -18.50000000000000355, -7.276347106161928480, -2.500000000000000000 ) ) ;
#1462 = CARTESIAN_POINT ( 'NONE',  ( 17.85669469915771757, -1.999999999999996225, 2.500000000000000000 ) ) ;
#1463 = CARTESIAN_POINT ( 'NONE',  ( -18.50000000000000355, -7.276347106161928480, -0.5000000000000000000 ) ) ;
#1464 = ORIENTED_EDGE ( 'NONE', *, *, #278, .T. ) ;
#1465 = ORIENTED_EDGE ( 'NONE', *, *, #996, .F. ) ;
#1466 = DATE_AND_TIME ( #980, #645 ) ;
#1467 = DIRECTION ( 'NONE',  ( -1.000000000000000000, 0.000000000000000000, 0.000000000000000000 ) ) ;
#1468 = CARTESIAN_POINT ( 'NONE',  ( -3.901122601657685429, -64.04634710616191740, 2.500000000000000000 ) ) ;
#1469 = DIRECTION ( 'NONE',  ( 0.000000000000000000, -0.000000000000000000, -1.000000000000000000 ) ) ;
#1470 = VERTEX_POINT ( 'NONE', #1080 ) ;
#1471 = EDGE_CURVE ( 'NONE', #136, #656, #1144, .T. ) ;
#1472 = AXIS2_PLACEMENT_3D ( 'NONE', #1238, #648, #784 ) ;
#1473 = ORIENTED_EDGE ( 'NONE', *, *, #776, .F. ) ;
#1474 = CIRCLE ( 'NONE', #806, 2.500000000000000444 ) ;
#1475 = VECTOR ( 'NONE', #66, 1000.000000000000000 ) ;
#1476 = DIRECTION ( 'NONE',  ( 0.000000000000000000, 0.000000000000000000, 1.000000000000000000 ) ) ;
#1477 = CIRCLE ( 'NONE', #341, 2.000000000000000000 ) ;
#1478 = DIRECTION ( 'NONE',  ( 0.06975647374412896617, 0.9975640502598240866, 0.000000000000000000 ) ) ;
#1479 = AXIS2_PLACEMENT_3D ( 'NONE', #495, #388, #971 ) ;
#1480 = CARTESIAN_POINT ( 'NONE',  ( 15.50000000000000178, -7.276347106161925815, 11.00000000000000000 ) ) ;
#1481 = ORIENTED_EDGE ( 'NONE', *, *, #829, .T. ) ;
#1482 = DIRECTION ( 'NONE',  ( -1.000000000000000000, 0.000000000000000000, 0.000000000000000000 ) ) ;
#1483 = ORIENTED_EDGE ( 'NONE', *, *, #1107, .F. ) ;
#1484 = ADVANCED_FACE ( 'NONE', ( #584 ), #820, .F. ) ;
#1485 = CARTESIAN_POINT ( 'NONE',  ( 19.90410583797994448, -1.391830665836224723, 2.500000000000000000 ) ) ;
#1486 = ADVANCED_FACE ( 'NONE', ( #105 ), #1182, .F. ) ;
#1487 = DIRECTION ( 'NONE',  ( -1.000000000000000000, 0.000000000000000000, 0.000000000000000000 ) ) ;
#1488 = DIRECTION ( 'NONE',  ( 0.000000000000000000, 0.000000000000000000, -1.000000000000000000 ) ) ;
#1489 = ADVANCED_FACE ( 'NONE', ( #449 ), #7, .F. ) ;
#1490 = ORIENTED_EDGE ( 'NONE', *, *, #639, .T. ) ;
#1491 = DIRECTION ( 'NONE',  ( 1.000000000000000000, 0.000000000000000000, 0.000000000000000000 ) ) ;
#1492 = ORIENTED_EDGE ( 'NONE', *, *, #111, .T. ) ;
#1493 = DIRECTION ( 'NONE',  ( -0.06975647374412892454, -0.9975640502598240866, 0.000000000000000000 ) ) ;
#1494 = CARTESIAN_POINT ( 'NONE',  ( 8.785489210651332925, -64.04634710616191740, -2.500000000000000000 ) ) ;
#1495 = EDGE_LOOP ( 'NONE', ( #193, #553 ) ) ;
#1496 = DIRECTION ( 'NONE',  ( 0.000000000000000000, 0.000000000000000000, 1.000000000000000000 ) ) ;
#1497 = ORIENTED_EDGE ( 'NONE', *, *, #688, .F. ) ;
#1498 = DIRECTION ( 'NONE',  ( 0.000000000000000000, 0.000000000000000000, -1.000000000000000000 ) ) ;
#1499 = CIRCLE ( 'NONE', #1031, 1.999999999999999334 ) ;
#1500 = CARTESIAN_POINT ( 'NONE',  ( -15.49999999999999822, -7.276347106161928480, 2.500000000000000000 ) ) ;
#1501 = CIRCLE ( 'NONE', #458, 2.500000000000000444 ) ;
#1502 = EDGE_LOOP ( 'NONE', ( #478, #1060, #518, #212, #1067 ) ) ;
#1503 = DIRECTION ( 'NONE',  ( -1.000000000000000000, 0.000000000000000000, 0.000000000000000000 ) ) ;
#1504 = CIRCLE ( 'NONE', #564, 3.000000000000004441 ) ;
#1505 = VERTEX_POINT ( 'NONE', #475 ) ;
#1506 = CC_DESIGN_APPROVAL ( #216, ( #890 ) ) ;
#1507 = EDGE_CURVE ( 'NONE', #12, #879, #1366, .T. ) ;
#1508 = DIRECTION ( 'NONE',  ( 1.000000000000000000, 0.000000000000000000, 0.000000000000000000 ) ) ;
#1509 = EDGE_CURVE ( 'NONE', #939, #1306, #1415, .T. ) ;
#1510 = CARTESIAN_POINT ( 'NONE',  ( -17.92862969963299236, -6.650155262081513641, 4.479439096642098939 ) ) ;
#1511 = ORIENTED_EDGE ( 'NONE', *, *, #83, .F. ) ;
#1512 = DIRECTION ( 'NONE',  ( 0.000000000000000000, 0.000000000000000000, -1.000000000000000000 ) ) ;
#1513 = VERTEX_POINT ( 'NONE', #1435 ) ;
#1514 = CARTESIAN_POINT ( 'NONE',  ( -12.49999999999999467, -7.276347106161928480, -0.5000000000000000000 ) ) ;
#1515 = CARTESIAN_POINT ( 'NONE',  ( -17.98224842921622724, -6.932813956941209277, 4.454855474489125555 ) ) ;
#1516 = CARTESIAN_POINT ( 'NONE',  ( -19.37338260323647887, -8.981526520585413564, 2.499999999999990230 ) ) ;
#1517 = EDGE_LOOP ( 'NONE', ( #243, #1134, #224, #661 ) ) ;
#1518 = DIRECTION ( 'NONE',  ( -1.000000000000000000, 0.000000000000000000, 0.000000000000000000 ) ) ;
#1519 = ORIENTED_EDGE ( 'NONE', *, *, #1540, .T. ) ;
#1520 = FACE_BOUND ( 'NONE', #235, .T. ) ;
#1521 =( NAMED_UNIT ( * ) SI_UNIT ( $, .STERADIAN. ) SOLID_ANGLE_UNIT ( ) );
#1522 = CARTESIAN_POINT ( 'NONE',  ( 19.32709379002153938, -9.643487389790797337, 4.500000000000000888 ) ) ;
#1523 = PRODUCT_RELATED_PRODUCT_CATEGORY ( 'detail', '', ( #505 ) ) ;
#1524 = EDGE_LOOP ( 'NONE', ( #1289, #650, #799, #170 ) ) ;
#1525 = CARTESIAN_POINT ( 'NONE',  ( -15.71267151331822198, -18.32537300113844481, 2.500000000000000000 ) ) ;
#1526 = VECTOR ( 'NONE', #538, 999.9999999999998863 ) ;
#1527 = ORIENTED_EDGE ( 'NONE', *, *, #64, .T. ) ;
#1528 = VECTOR ( 'NONE', #1026, 999.9999999999998863 ) ;
#1529 = EDGE_LOOP ( 'NONE', ( #734, #1401, #84, #822, #1391 ) ) ;
#1530 = DIRECTION ( 'NONE',  ( 0.000000000000000000, 0.000000000000000000, -1.000000000000000000 ) ) ;
#1531 = CIRCLE ( 'NONE', #745, 2.500000000000000444 ) ;
#1532 = ADVANCED_FACE ( 'NONE', ( #230 ), #964, .F. ) ;
#1533 = DIRECTION ( 'NONE',  ( 0.06975647374412925761, -0.9975640502598240866, 0.000000000000000000 ) ) ;
#1534 = DIRECTION ( 'NONE',  ( 1.000000000000000000, 0.000000000000000000, 0.000000000000000000 ) ) ;
#1535 = CARTESIAN_POINT ( 'NONE',  ( -12.49999999999999467, -7.276347106161928480, -0.5000000000000000000 ) ) ;
#1536 = EDGE_CURVE ( 'NONE', #1232, #604, #1531, .T. ) ;
#1537 = VERTEX_POINT ( 'NONE', #848 ) ;
#1538 = DIRECTION ( 'NONE',  ( -0.000000000000000000, 0.000000000000000000, 1.000000000000000000 ) ) ;
#1539 = EDGE_CURVE ( 'NONE', #215, #794, #1168, .T. ) ;
#1540 = EDGE_CURVE ( 'NONE', #333, #903, #566, .T. ) ;
#1541 = EDGE_LOOP ( 'NONE', ( #880, #1439, #1219, #100 ) ) ;
#1542 = ORIENTED_EDGE ( 'NONE', *, *, #480, .T. ) ;
#1543 = CARTESIAN_POINT ( 'NONE',  ( -15.49999999999999822, -7.276347106161928480, -0.5000000000000000000 ) ) ;
#1544 = DIRECTION ( 'NONE',  ( 0.000000000000000000, 0.000000000000000000, 1.000000000000000000 ) ) ;
ENDSEC;
END-ISO-10303-21;
