ISO-10303-21;
HEADER;
FILE_DESCRIPTION (( 'STEP AP203' ),
    '1' );
FILE_NAME ('asml_completo_v2v4.STEP',
    '2026-09-14T13:32:43',
    ( '' ),
    ( '' ),
    'SwSTEP 2.0',
    'SolidWorks 2026',
    '' );
FILE_SCHEMA (( 'CONFIG_CONTROL_DESIGN' ));
ENDSEC;

DATA;
#1 = LOCAL_TIME ( 10, 32, 43.00000000000000000, #401 ) ;
#2 = CC_DESIGN_PERSON_AND_ORGANIZATION_ASSIGNMENT ( #556, #3174, ( #395 ) ) ;
#3 = CC_DESIGN_PERSON_AND_ORGANIZATION_ASSIGNMENT ( #784, #2168, ( #214 ) ) ;
#4 = AXIS2_PLACEMENT_3D ( 'NONE', #411, #3782, #320 ) ;
#5 = PERSON_AND_ORGANIZATION_ROLE ( 'classification_officer' ) ;
#6 = DATE_AND_TIME ( #4057, #4381 ) ;
#7 = LOCAL_TIME ( 10, 32, 43.00000000000000000, #3560 ) ;
#8 = DIRECTION ( 'NONE',  ( 1.565569087975454488E-16, 5.855621395903328988E-16, 1.000000000000000000 ) ) ;
#9 = PROPERTY_DEFINITION ('external definition','', #1380 ) ;
#10 = CC_DESIGN_DATE_AND_TIME_ASSIGNMENT ( #845, #3201, ( #2041 ) ) ;
#11 = CC_DESIGN_PERSON_AND_ORGANIZATION_ASSIGNMENT ( #685, #3360, ( #2085 ) ) ;
#12 = CC_DESIGN_PERSON_AND_ORGANIZATION_ASSIGNMENT ( #3387, #3777, ( #1875 ) ) ;
#13 = APPROVAL_STATUS ( 'not_yet_approved' ) ;
#14 = APPROVAL_ROLE ( '' ) ;
#15 = DIRECTION ( 'NONE',  ( -1.000000000000000000, 1.010101592536828286E-22, 3.318316107711255531E-16 ) ) ;
#16 = UNCERTAINTY_MEASURE_WITH_UNIT (LENGTH_MEASURE( 1.000000000000000082E-05 ), #2967, 'distance_accuracy_value', 'NONE');
#17 = COORDINATED_UNIVERSAL_TIME_OFFSET ( 3, 0, .BEHIND. ) ;
#18 = PROPERTY_DEFINITION_REPRESENTATION ( #1765, #321 ) ;
#19 = ORGANIZATION ( 'NAUO-ORG47', 'UNSPECIFIED', 'UNSPECIFIED' ) ;
#20 = COORDINATED_UNIVERSAL_TIME_OFFSET ( 3, 0, .BEHIND. ) ;
#21 = CC_DESIGN_APPROVAL ( #2859, ( #3529 ) ) ;
#22 = APPROVAL_STATUS ( 'not_yet_approved' ) ;
#23 = COORDINATED_UNIVERSAL_TIME_OFFSET ( 3, 0, .BEHIND. ) ;
#24 = APPROVAL_ROLE ( '' ) ;
#25 = ORGANIZATION ( 'NAUO-ORG35', 'UNSPECIFIED', 'UNSPECIFIED' ) ;
#26 = ORGANIZATION ( 'NAUO-ORG64', 'UNSPECIFIED', 'UNSPECIFIED' ) ;
#27 = SHAPE_DEFINITION_REPRESENTATION ( #3426, #4071 ) ;
#28 = CC_DESIGN_PERSON_AND_ORGANIZATION_ASSIGNMENT ( #4231, #3893, ( #2507 ) ) ;
#29 = CARTESIAN_POINT ( 'NONE',  ( 0.000000000000000000, 0.000000000000000000, 0.000000000000000000 ) ) ;
#30 = IDENTIFICATION_ROLE ( 'external document id and location', $) ;
#31 = APPLIED_EXTERNAL_IDENTIFICATION_ASSIGNMENT ( 'hexagon_nut_M3_plain.STEP' , #1090, #3779,( #890) ) ;
#32 = CALENDAR_DATE ( 2026, 14, 9 ) ;
#33 = PROPERTY_DEFINITION_REPRESENTATION ( #1193, #4030 ) ;
#34 = PRODUCT ( 'DS3225MG 25KG', 'DS3225MG 25KG', '', ( #3193 ) ) ;
#35 = DIRECTION ( 'NONE',  ( 0.9999999999999998890, 4.514899092444151780E-17, -1.025963733488406061E-16 ) ) ;
#36 = LOCAL_TIME ( 10, 32, 43.00000000000000000, #1781 ) ;
#37 = APPROVAL_ROLE ( '' ) ;
#38 = PRODUCT_DEFINITION_SHAPE ( 'NONE', 'NONE',  #4435 ) ;
#39 = APPROVAL_STATUS ( 'not_yet_approved' ) ;
#40 = DATE_AND_TIME ( #1759, #3740 ) ;
#41 = ROLE_ASSOCIATION ( #2282, #1076 ) ;
#42 = ROLE_ASSOCIATION ( #2554, #1060 ) ;
#43 = CC_DESIGN_DATE_AND_TIME_ASSIGNMENT ( #3976, #978, ( #3965 ) ) ;
#44 = DATE_AND_TIME ( #1081, #1378 ) ;
#45 = PERSON_AND_ORGANIZATION ( #3983, #18446744073709551615 ) ;
#46 = ROLE_ASSOCIATION ( #1543, #2434 ) ;
#47 = OBJECT_ROLE ('mandatory',$ ) ;
#48 = DATE_AND_TIME ( #1052, #891 ) ;
#49 = PERSON_AND_ORGANIZATION ( #3708, #3952 ) ;
#50 = EXTERNAL_SOURCE (IDENTIFIER('') ) ;
#51 = PROPERTY_DEFINITION_REPRESENTATION ( #3797, #4030 ) ;
#52 =( REPRESENTATION_RELATIONSHIP ('NONE','NONE', #1787, #4030 ) REPRESENTATION_RELATIONSHIP_WITH_TRANSFORMATION ( #168 )SHAPE_REPRESENTATION_RELATIONSHIP( ) );
#53 = CC_DESIGN_PERSON_AND_ORGANIZATION_ASSIGNMENT ( #3425, #4155, ( #1445 ) ) ;
#54 = APPROVAL ( #2234, 'Coincidente' ) ;
#55 = UNCERTAINTY_MEASURE_WITH_UNIT (LENGTH_MEASURE( 1.000000000000000082E-05 ), #3554, 'distance_accuracy_value', 'NONE');
#56 = CALENDAR_DATE ( 2026, 14, 9 ) ;
#57 = APPROVAL ( #3357, 'UNKNOWN' ) ;
#58 = CALENDAR_DATE ( 2026, 14, 9 ) ;
#59 = DATE_TIME_ROLE ( 'classification_date' ) ;
#60 = APPLIED_EXTERNAL_IDENTIFICATION_ASSIGNMENT ( 'hexagon_nut_M4_plain.STEP' , #2817, #2589,( #3349) ) ;
#61 = PROPERTY_DEFINITION_REPRESENTATION ( #1338, #4030 ) ;
#62 = CC_DESIGN_SECURITY_CLASSIFICATION ( #2156, ( #4407 ) ) ;
#63 = COORDINATED_UNIVERSAL_TIME_OFFSET ( 3, 0, .BEHIND. ) ;
#64 = APPROVAL_STATUS ( 'not_yet_approved' ) ;
#65 = CONTEXT_DEPENDENT_SHAPE_REPRESENTATION ( #158, #1989 ) ;
#66 = PERSON ( 'NAUO-PER11', 'UNSPECIFIED', 'UNSPECIFIED', ('UNSPECIFIED'), ('UNSPECIFIED'), ('UNSPECIFIED') ) ;
#67 = APPROVAL_PERSON_ORGANIZATION ( #189, #2950, #3197 ) ;
#68 =( GEOMETRIC_REPRESENTATION_CONTEXT ( 3 ) GLOBAL_UNCERTAINTY_ASSIGNED_CONTEXT ( ( #1369 ) ) GLOBAL_UNIT_ASSIGNED_CONTEXT ( ( #4275, #3908, #2877 ) ) REPRESENTATION_CONTEXT ( 'NONE', 'WORKASPACE' ) );
#69 = DIRECTION ( 'NONE',  ( 0.000000000000000000, 0.000000000000000000, 1.000000000000000000 ) ) ;
#70 = SECURITY_CLASSIFICATION ( '', '', #4379 ) ;
#71 = DOCUMENT_FILE ( 'washer_M3.STEP' , '', '', #3465, '' ,$ ) ;
#72 = PROPERTY_DEFINITION ('document property','', #112 ) ;
#73 = DATE_AND_TIME ( #1154, #3831 ) ;
#74 = COORDINATED_UNIVERSAL_TIME_OFFSET ( 3, 0, .BEHIND. ) ;
#75 = SECURITY_CLASSIFICATION ( '', '', #4133 ) ;
#76 = LOCAL_TIME ( 10, 32, 43.00000000000000000, #406 ) ;
#77 = COORDINATED_UNIVERSAL_TIME_OFFSET ( 3, 0, .BEHIND. ) ;
#78 = DOCUMENT_TYPE ( 'geometry' ) ;
#79 = AXIS2_PLACEMENT_3D ( 'NONE', #268, #3018, #4378 ) ;
#80 = SECURITY_CLASSIFICATION ( '', '', #1042 ) ;
#81 = DATE_AND_TIME ( #2142, #589 ) ;
#82 = DATE_TIME_ROLE ( 'classification_date' ) ;
#83 = DATE_AND_TIME ( #3152, #3681 ) ;
#84 = EXTERNAL_SOURCE (IDENTIFIER('') ) ;
#85 = COORDINATED_UNIVERSAL_TIME_OFFSET ( 3, 0, .BEHIND. ) ;
#86 = DATE_TIME_ROLE ( 'classification_date' ) ;
#87 = APPROVAL_DATE_TIME ( #2127, #2518 ) ;
#88 = LOCAL_TIME ( 10, 32, 43.00000000000000000, #1181 ) ;
#89 = CC_DESIGN_PERSON_AND_ORGANIZATION_ASSIGNMENT ( #1980, #2631, ( #3728 ) ) ;
#90 = LOCAL_TIME ( 10, 32, 43.00000000000000000, #928 ) ;
#91 = APPLIED_EXTERNAL_IDENTIFICATION_ASSIGNMENT ( 'washer_M3.STEP' , #3095, #3404,( #1284) ) ;
#92 = PERSON_AND_ORGANIZATION ( #826, #1106 ) ;
#93 = COORDINATED_UNIVERSAL_TIME_OFFSET ( 3, 0, .BEHIND. ) ;
#94 = APPROVAL_DATE_TIME ( #4207, #340 ) ;
#95 = AXIS2_PLACEMENT_3D ( 'NONE', #1037, #2405, #2795 ) ;
#96 = CC_DESIGN_APPROVAL ( #3547, ( #2755 ) ) ;
#97 = COORDINATED_UNIVERSAL_TIME_OFFSET ( 3, 0, .BEHIND. ) ;
#98 = LOCAL_TIME ( 10, 32, 43.00000000000000000, #476 ) ;
#99 = DIRECTION ( 'NONE',  ( 1.000000000000000000, 5.092182019704650858E-24, -3.318315679058682198E-16 ) ) ;
#100 =( REPRESENTATION_RELATIONSHIP ('NONE','NONE', #1787, #1177 ) REPRESENTATION_RELATIONSHIP_WITH_TRANSFORMATION ( #3826 )SHAPE_REPRESENTATION_RELATIONSHIP( ) );
#101 = COORDINATED_UNIVERSAL_TIME_OFFSET ( 3, 0, .BEHIND. ) ;
#102 = APPROVAL ( #1540, 'UNKNOWN' ) ;
#103 = COORDINATED_UNIVERSAL_TIME_OFFSET ( 3, 0, .BEHIND. ) ;
#104 = APPROVAL_DATE_TIME ( #763, #474 ) ;
#105 = APPROVAL_STATUS ( 'not_yet_approved' ) ;
#106 = PROPERTY_DEFINITION ('external definition','', #1339 ) ;
#107 = CALENDAR_DATE ( 2026, 14, 9 ) ;
#108 = PROPERTY_DEFINITION ('external definition','', #2084 ) ;
#109 = PERSON_AND_ORGANIZATION_ROLE ( 'classification_officer' ) ;
#110 = CALENDAR_DATE ( 2026, 14, 9 ) ;
#111 = DOCUMENT_TYPE ( 'geometry' ) ;
#112 = DOCUMENT_FILE ( 'socket_head_cap_screw_M3_l20mm_plain.STEP' , '', '', #4248, '' ,$ ) ;
#113 = CC_DESIGN_PERSON_AND_ORGANIZATION_ASSIGNMENT ( #3572, #1879, ( #1471 ) ) ;
#114 = DATE_AND_TIME ( #3864, #1538 ) ;
#115 = APPROVAL_ROLE ( '' ) ;
#116 = EXTERNAL_SOURCE (IDENTIFIER('') ) ;
#117 = APPROVAL_ROLE ( '' ) ;
#118 = CALENDAR_DATE ( 2026, 14, 9 ) ;
#119 = PERSON ( 'NAUO-PER9', 'UNSPECIFIED', 'UNSPECIFIED', ('UNSPECIFIED'), ('UNSPECIFIED'), ('UNSPECIFIED') ) ;
#120 = CC_DESIGN_PERSON_AND_ORGANIZATION_ASSIGNMENT ( #3633, #2630, ( #1976 ) ) ;
#121 = APPLICATION_PROTOCOL_DEFINITION ( 'international standard', 'config_control_design', 1994, #2730 ) ;
#122 = DATE_AND_TIME ( #3899, #1663 ) ;
#123 = PERSON_AND_ORGANIZATION ( #3977, #3315 ) ;
#124 = PERSON_AND_ORGANIZATION ( #2787, #2259 ) ;
#125 = COORDINATED_UNIVERSAL_TIME_OFFSET ( 3, 0, .BEHIND. ) ;
#126 = APPROVAL_PERSON_ORGANIZATION ( #3583, #2035, #2511 ) ;
#127 = SHAPE_DEFINITION_REPRESENTATION ( #176, #786 ) ;
#128 = LOCAL_TIME ( 10, 32, 43.00000000000000000, #3346 ) ;
#129 = DOCUMENT_TYPE ( 'geometry' ) ;
#130 = SECURITY_CLASSIFICATION ( '', '', #1819 ) ;
#131 = CALENDAR_DATE ( 2026, 14, 9 ) ;
#132 = MECHANICAL_CONTEXT ( 'NONE', #1850, 'mechanical' ) ;
#133 = LOCAL_TIME ( 10, 32, 43.00000000000000000, #3289 ) ;
#134 = CC_DESIGN_PERSON_AND_ORGANIZATION_ASSIGNMENT ( #4000, #261, ( #3009 ) ) ;
#135 = PRODUCT_DEFINITION_SHAPE ( 'NONE', 'NONE',  #813 ) ;
#136 = CALENDAR_DATE ( 2026, 14, 9 ) ;
#137 = APPLICATION_CONTEXT ( 'configuration controlled 3d designs of mechanical parts and assemblies' ) ;
#138 = ITEM_DEFINED_TRANSFORMATION ( 'NONE', 'NONE', #2517,  #505 ) ;
#139 = PRODUCT_DEFINITION_FORMATION_WITH_SPECIFIED_SOURCE ( 'Simétric', '', #2311, .NOT_KNOWN. ) ;
#141 = DIRECTION ( 'NONE',  ( -1.000000000000000000, -5.092182001371081868E-24, 3.318315679058680719E-16 ) ) ;
#140 = CC_DESIGN_PERSON_AND_ORGANIZATION_ASSIGNMENT ( #539, #559, ( #2188 ) ) ;
#142 = CC_DESIGN_PERSON_AND_ORGANIZATION_ASSIGNMENT ( #328, #2672, ( #2812 ) ) ;
#143 = LOCAL_TIME ( 10, 32, 43.00000000000000000, #3774 ) ;
#144 = CC_DESIGN_DATE_AND_TIME_ASSIGNMENT ( #3411, #1050, ( #3666 ) ) ;
#145 = AXIS2_PLACEMENT_3D ( 'NONE', #1224, #254, #555 ) ;
#146 = PERSON_AND_ORGANIZATION ( #3983, #18446744073709551615 ) ;
#147 = APPROVAL_DATE_TIME ( #2536, #2035 ) ;
#148 = CALENDAR_DATE ( 2026, 14, 9 ) ;
#149 = SECURITY_CLASSIFICATION ( '', '', #1694 ) ;
#150 = SECURITY_CLASSIFICATION_LEVEL ( 'unclassified' ) ;
#151 = PERSON_AND_ORGANIZATION_ROLE ( 'classification_officer' ) ;
#152 = CONTEXT_DEPENDENT_SHAPE_REPRESENTATION ( #1665, #1981 ) ;
#153 = PERSON_AND_ORGANIZATION_ROLE ( 'classification_officer' ) ;
#154 = DATE_AND_TIME ( #979, #3897 ) ;
#155 = CC_DESIGN_PERSON_AND_ORGANIZATION_ASSIGNMENT ( #2688, #3632, ( #3930 ) ) ;
#156 = LOCAL_TIME ( 10, 32, 43.00000000000000000, #1744 ) ;
#157 = DATE_TIME_ROLE ( 'creation_date' ) ;
#158 =( REPRESENTATION_RELATIONSHIP ('NONE','NONE', #1787, #4001 ) REPRESENTATION_RELATIONSHIP_WITH_TRANSFORMATION ( #4117 )SHAPE_REPRESENTATION_RELATIONSHIP( ) );
#159 = APPLIED_EXTERNAL_IDENTIFICATION_ASSIGNMENT ( 'socket_head_cap_screw_M3_l20mm_plain.STEP' , #769, #2854,( #1547) ) ;
#160 = LOCAL_TIME ( 10, 32, 43.00000000000000000, #2184 ) ;
#161 = DATE_AND_TIME ( #1539, #3389 ) ;
#162 = APPROVAL_PERSON_ORGANIZATION ( #3660, #931, #954 ) ;
#163 = CARTESIAN_POINT ( 'NONE',  ( -347.8397650056625707, 57.13537635116443170, 946.7369830719312631 ) ) ;
#164 = CC_DESIGN_SECURITY_CLASSIFICATION ( #3755, ( #4453 ) ) ;
#165 = IDENTIFICATION_ROLE ( 'external document id and location', $) ;
#166 = ORGANIZATION ( 'NAUO-ORG23', 'UNSPECIFIED', 'UNSPECIFIED' ) ;
#167 = COORDINATED_UNIVERSAL_TIME_OFFSET ( 3, 0, .BEHIND. ) ;
#168 = ITEM_DEFINED_TRANSFORMATION ( 'NONE', 'NONE', #1949,  #1014 ) ;
#169 = APPLIED_DOCUMENT_REFERENCE ( #2297,'',( #3657) ) ;
#170 = COORDINATED_UNIVERSAL_TIME_OFFSET ( 3, 0, .BEHIND. ) ;
#171 = PERSON_AND_ORGANIZATION ( #3983, #18446744073709551615 ) ;
#172 = ORGANIZATION ( 'NAUO-ORG33', 'UNSPECIFIED', 'UNSPECIFIED' ) ;
#173 = CALENDAR_DATE ( 2026, 14, 9 ) ;
#174 = DATE_TIME_ROLE ( 'classification_date' ) ;
#175 = PERSON ( 'NAUO-PER29', 'UNSPECIFIED', 'UNSPECIFIED', ('UNSPECIFIED'), ('UNSPECIFIED'), ('UNSPECIFIED') ) ;
#176 = PRODUCT_DEFINITION_SHAPE ( 'NONE', 'NONE',  #3657 ) ;
#177 = CC_DESIGN_DATE_AND_TIME_ASSIGNMENT ( #3236, #553, ( #2615 ) ) ;
#178 = PERSON_AND_ORGANIZATION ( #3983, #18446744073709551615 ) ;
#179 = COORDINATED_UNIVERSAL_TIME_OFFSET ( 3, 0, .BEHIND. ) ;
#180 = SECURITY_CLASSIFICATION_LEVEL ( 'unclassified' ) ;
#181 = CALENDAR_DATE ( 2026, 14, 9 ) ;
#182 = PROPERTY_DEFINITION_REPRESENTATION ( #2836, #4001 ) ;
#183 = DIRECTION ( 'NONE',  ( 1.000000000000000000, -1.579558779802571269E-22, -3.318316586355070527E-16 ) ) ;
#184 = EXTERNAL_SOURCE (IDENTIFIER('') ) ;
#185 = DATE_AND_TIME ( #1846, #7 ) ;
#186 = COORDINATED_UNIVERSAL_TIME_OFFSET ( 3, 0, .BEHIND. ) ;
#187 = APPROVAL_ROLE ( '' ) ;
#188 = ROLE_ASSOCIATION ( #2920, #2845 ) ;
#189 = PERSON_AND_ORGANIZATION ( #3983, #18446744073709551615 ) ;
#190 = EXTERNAL_SOURCE (IDENTIFIER('') ) ;
#191 = CC_DESIGN_DATE_AND_TIME_ASSIGNMENT ( #1229, #3916, ( #2072 ) ) ;
#192 = APPROVAL ( #3858, 'Coincidente' ) ;
#193 = CC_DESIGN_PERSON_AND_ORGANIZATION_ASSIGNMENT ( #124, #4215, ( #1116 ) ) ;
#194 = PERSON_AND_ORGANIZATION ( #3983, #18446744073709551615 ) ;
#195 = CALENDAR_DATE ( 2026, 14, 9 ) ;
#196 = APPLICATION_CONTEXT ( 'configuration controlled 3d designs of mechanical parts and assemblies' ) ;
#197 = PRODUCT_DEFINITION ( 'General', '', #366, #1960 ) ;
#198 = DATE_AND_TIME ( #4357, #447 ) ;
#199 = ORGANIZATION ( 'NAUO-ORG5', 'UNSPECIFIED', 'UNSPECIFIED' ) ;
#200 = MECHANICAL_CONTEXT ( 'NONE', #2985, 'mechanical' ) ;
#201 = LOCAL_TIME ( 10, 32, 43.00000000000000000, #1950 ) ;
#202 = PRODUCT_DEFINITION_SHAPE ( 'NONE', 'NONE',  #4430 ) ;
#203 = DATE_AND_TIME ( #3263, #3429 ) ;
#204 = DIRECTION ( 'NONE',  ( 2.842062492029651987E-17, 0.7634982862680669280, -0.6458098534907356081 ) ) ;
#205 = CC_DESIGN_APPROVAL ( #2950, ( #2012 ) ) ;
#206 =( GEOMETRIC_REPRESENTATION_CONTEXT ( 3 ) GLOBAL_UNCERTAINTY_ASSIGNED_CONTEXT ( ( #16 ) ) GLOBAL_UNIT_ASSIGNED_CONTEXT ( ( #2967, #2652, #3299 ) ) REPRESENTATION_CONTEXT ( 'NONE', 'WORKASPACE' ) );
#207 = LOCAL_TIME ( 10, 32, 43.00000000000000000, #4061 ) ;
#208 = COORDINATED_UNIVERSAL_TIME_OFFSET ( 3, 0, .BEHIND. ) ;
#209 = CALENDAR_DATE ( 2026, 14, 9 ) ;
#210 = CONTEXT_DEPENDENT_SHAPE_REPRESENTATION ( #1017, #2584 ) ;
#211 = DOCUMENT_FILE ( 'arandela_m4.STEP' , '', '', #1227, '' ,$ ) ;
#212 = PRODUCT ( 'asml_eslabon_BCv4', 'asml_eslabon_BCv4', '', ( #1347 ) ) ;
#213 = APPROVAL_ROLE ( '' ) ;
#214 = PRODUCT_DEFINITION_FORMATION_WITH_SPECIFIED_SOURCE ( 'Simétric', '', #3984, .NOT_KNOWN. ) ;
#215 = CC_DESIGN_APPROVAL ( #4237, ( #2171 ) ) ;
#216 = PROPERTY_DEFINITION ('document property','', #3901 ) ;
#217 = PERSON_AND_ORGANIZATION ( #3983, #18446744073709551615 ) ;
#218 = APPROVAL_DATE_TIME ( #3027, #3696 ) ;
#219 = CC_DESIGN_APPROVAL ( #3511, ( #1658 ) ) ;
#220 = IDENTIFICATION_ROLE ( 'external document id and location', $) ;
#221 = SECURITY_CLASSIFICATION_LEVEL ( 'unclassified' ) ;
#222 = CC_DESIGN_DATE_AND_TIME_ASSIGNMENT ( #4347, #2149, ( #4109 ) ) ;
#223 = PERSON ( 'NAUO-PER6', 'UNSPECIFIED', 'UNSPECIFIED', ('UNSPECIFIED'), ('UNSPECIFIED'), ('UNSPECIFIED') ) ;
#224 = COORDINATED_UNIVERSAL_TIME_OFFSET ( 3, 0, .BEHIND. ) ;
#225 = OBJECT_ROLE ('mandatory',$ ) ;
#226 = CC_DESIGN_DATE_AND_TIME_ASSIGNMENT ( #3920, #855, ( #3939 ) ) ;
#227 = APPLICATION_CONTEXT ( 'configuration controlled 3d designs of mechanical parts and assemblies' ) ;
#228 = LOCAL_TIME ( 10, 32, 43.00000000000000000, #1691 ) ;
#229 = SECURITY_CLASSIFICATION_LEVEL ( 'unclassified' ) ;
#230 = APPROVAL_ROLE ( '' ) ;
#231 = DIRECTION ( 'NONE',  ( -1.000000000000000000, 0.000000000000000000, 0.000000000000000000 ) ) ;
#232 = APPLIED_EXTERNAL_IDENTIFICATION_ASSIGNMENT ( 'arandela_m4.STEP' , #1410, #3925,( #3772) ) ;
#233 = LOCAL_TIME ( 10, 32, 43.00000000000000000, #911 ) ;
#234 = APPROVAL_STATUS ( 'not_yet_approved' ) ;
#235 = CALENDAR_DATE ( 2026, 14, 9 ) ;
#236 = PROPERTY_DEFINITION_REPRESENTATION ( #3293, #786 ) ;
#237 = SHAPE_DEFINITION_REPRESENTATION ( #2760, #1447 ) ;
#238 = APPLIED_EXTERNAL_IDENTIFICATION_ASSIGNMENT ( 'pan_head_screw_M3_l10mm_thread.STEP' , #1431, #50,( #3628) ) ;
#239 = APPROVAL_PERSON_ORGANIZATION ( #3161, #2275, #1791 ) ;
#240 = MECHANICAL_CONTEXT ( 'NONE', #1237, 'mechanical' ) ;
#241 = SECURITY_CLASSIFICATION_LEVEL ( 'unclassified' ) ;
#242 = PERSON_AND_ORGANIZATION ( #3983, #18446744073709551615 ) ;
#243 =( LENGTH_UNIT ( ) NAMED_UNIT ( * ) SI_UNIT ( .MILLI., .METRE. ) );
#244 = DATE_AND_TIME ( #4049, #583 ) ;
#245 = IDENTIFICATION_ROLE ( 'external document id and location', $) ;
#246 = CALENDAR_DATE ( 2026, 14, 9 ) ;
#247 = PRODUCT_DEFINITION_SHAPE ( 'NONE', 'NONE',  #4453 ) ;
#248 = PERSON_AND_ORGANIZATION ( #3983, #18446744073709551615 ) ;
#249 = PRODUCT_DEFINITION_SHAPE ( 'NONE', 'NONE',  #197 ) ;
#250 = CC_DESIGN_PERSON_AND_ORGANIZATION_ASSIGNMENT ( #554, #940, ( #4010 ) ) ;
#251 = APPROVAL_DATE_TIME ( #1646, #3308 ) ;
#252 = DATE_AND_TIME ( #3961, #201 ) ;
#253 = DOCUMENT_TYPE ( 'geometry' ) ;
#254 = DIRECTION ( 'NONE',  ( 1.000000000000000000, -4.514899092444148082E-17, -2.292352006542986193E-16 ) ) ;
#255 = APPLIED_DOCUMENT_REFERENCE ( #3349,'',( #3796) ) ;
#256 = DATE_AND_TIME ( #1363, #1971 ) ;
#257 = MECHANICAL_CONTEXT ( 'NONE', #930, 'mechanical' ) ;
#258 = SHAPE_DEFINITION_REPRESENTATION ( #1356, #4030 ) ;
#259 = DATE_AND_TIME ( #4339, #4118 ) ;
#260 = COORDINATED_UNIVERSAL_TIME_OFFSET ( 3, 0, .BEHIND. ) ;
#261 = PERSON_AND_ORGANIZATION_ROLE ( 'classification_officer' ) ;
#262 = SECURITY_CLASSIFICATION_LEVEL ( 'unclassified' ) ;
#263 = APPROVAL_STATUS ( 'not_yet_approved' ) ;
#264 =( REPRESENTATION_RELATIONSHIP ('NONE','NONE', #1787, #4030 ) REPRESENTATION_RELATIONSHIP_WITH_TRANSFORMATION ( #397 )SHAPE_REPRESENTATION_RELATIONSHIP( ) );
#265 = APPLIED_EXTERNAL_IDENTIFICATION_ASSIGNMENT ( 'pan_head_screw_M3_l10mm_thread.STEP' , #1128, #116,( #538) ) ;
#266 = PERSON_AND_ORGANIZATION_ROLE ( 'classification_officer' ) ;
#267 = DOCUMENT_FILE ( 'hexagon_nut_M4_thread.STEP' , '', '', #3484, '' ,$ ) ;
#268 = CARTESIAN_POINT ( 'NONE',  ( -156.6397650056625253, -71.76386973475315756, 914.7256609007408770 ) ) ;
#269 = LOCAL_TIME ( 10, 32, 43.00000000000000000, #4388 ) ;
#270 =( REPRESENTATION_RELATIONSHIP ('NONE','NONE', #1787, #1563 ) REPRESENTATION_RELATIONSHIP_WITH_TRANSFORMATION ( #1260 )SHAPE_REPRESENTATION_RELATIONSHIP( ) );
#271 = APPROVAL ( #2265, 'UNKNOWN' ) ;
#272 = PERSON ( 'NAUO-PER34', 'UNSPECIFIED', 'UNSPECIFIED', ('UNSPECIFIED'), ('UNSPECIFIED'), ('UNSPECIFIED') ) ;
#273 = DATE_AND_TIME ( #3350, #2966 ) ;
#274 = CC_DESIGN_SECURITY_CLASSIFICATION ( #130, ( #366 ) ) ;
#275 = CC_DESIGN_DATE_AND_TIME_ASSIGNMENT ( #81, #2764, ( #75 ) ) ;
#276 = CALENDAR_DATE ( 2026, 14, 9 ) ;
#277 = PROPERTY_DEFINITION ('document property','', #822 ) ;
#278 = CC_DESIGN_PERSON_AND_ORGANIZATION_ASSIGNMENT ( #1644, #3324, ( #2721 ) ) ;
#279 = CC_DESIGN_APPROVAL ( #2992, ( #1743 ) ) ;
#280 =( GEOMETRIC_REPRESENTATION_CONTEXT ( 3 ) GLOBAL_UNCERTAINTY_ASSIGNED_CONTEXT ( ( #3377 ) ) GLOBAL_UNIT_ASSIGNED_CONTEXT ( ( #4377, #4341, #2348 ) ) REPRESENTATION_CONTEXT ( 'NONE', 'WORKASPACE' ) );
#281 = DATE_TIME_ROLE ( 'creation_date' ) ;
#282 = SECURITY_CLASSIFICATION_LEVEL ( 'unclassified' ) ;
#283 =( REPRESENTATION_RELATIONSHIP ('NONE','NONE', #1787, #820 ) REPRESENTATION_RELATIONSHIP_WITH_TRANSFORMATION ( #2429 )SHAPE_REPRESENTATION_RELATIONSHIP( ) );
#284 = APPROVAL_PERSON_ORGANIZATION ( #45, #1800, #1062 ) ;
#285 = AXIS2_PLACEMENT_3D ( 'NONE', #2840, #141, #2224 ) ;
#286 =( NAMED_UNIT ( * ) PLANE_ANGLE_UNIT ( ) SI_UNIT ( $, .RADIAN. ) );
#287 = CC_DESIGN_APPROVAL ( #727, ( #2244 ) ) ;
#288 = COORDINATED_UNIVERSAL_TIME_OFFSET ( 3, 0, .BEHIND. ) ;
#289 = AXIS2_PLACEMENT_3D ( 'NONE', #3415, #2111, #343 ) ;
#290 = PROPERTY_DEFINITION ('document property','', #1304 ) ;
#291 = PERSON_AND_ORGANIZATION ( #3983, #18446744073709551615 ) ;
#292 = CARTESIAN_POINT ( 'NONE',  ( -351.1397650056625253, 0.5668338562405377257, 1000.237468962737807 ) ) ;
#293 = CC_DESIGN_SECURITY_CLASSIFICATION ( #2454, ( #4392 ) ) ;
#294 = DATE_AND_TIME ( #2214, #2667 ) ;
#295 = CC_DESIGN_PERSON_AND_ORGANIZATION_ASSIGNMENT ( #4296, #1977, ( #4078 ) ) ;
#296 = COORDINATED_UNIVERSAL_TIME_OFFSET ( 3, 0, .BEHIND. ) ;
#297 = APPLIED_DOCUMENT_REFERENCE ( #2084,'',( #2812) ) ;
#298 = DIRECTION ( 'NONE',  ( -1.000000000000000000, 5.092182001371081868E-24, 6.097271086884445796E-24 ) ) ;
#299 = DATE_AND_TIME ( #3764, #1010 ) ;
#300 = DOCUMENT_FILE ( 'arandela_m4.STEP' , '', '', #4216, '' ,$ ) ;
#301 = CC_DESIGN_APPROVAL ( #4108, ( #2818 ) ) ;
#302 = COORDINATED_UNIVERSAL_TIME_OFFSET ( 3, 0, .BEHIND. ) ;
#303 = IDENTIFICATION_ROLE ( 'external document id and location', $) ;
#304 = LOCAL_TIME ( 10, 32, 43.00000000000000000, #2144 ) ;
#305 = DATE_AND_TIME ( #3378, #1650 ) ;
#306 = ROLE_ASSOCIATION ( #518, #3999 ) ;
#307 = SECURITY_CLASSIFICATION_LEVEL ( 'unclassified' ) ;
#308 = SECURITY_CLASSIFICATION ( '', '', #704 ) ;
#309 = APPLIED_EXTERNAL_IDENTIFICATION_ASSIGNMENT ( 'hexagon_nut_M4_plain.STEP' , #303, #1526,( #2548) ) ;
#310 = DIRECTION ( 'NONE',  ( 1.000000000000000000, 0.000000000000000000, 0.000000000000000000 ) ) ;
#311 = IDENTIFICATION_ROLE ( 'external document id and location', $) ;
#312 = PERSON_AND_ORGANIZATION ( #3983, #18446744073709551615 ) ;
#313 = APPLICATION_CONTEXT ( 'configuration controlled 3d designs of mechanical parts and assemblies' ) ;
#314 = CC_DESIGN_APPROVAL ( #3711, ( #1681 ) ) ;
#315 = APPROVAL_ROLE ( '' ) ;
#316 = CC_DESIGN_DATE_AND_TIME_ASSIGNMENT ( #1335, #2013, ( #2392 ) ) ;
#317 = PROPERTY_DEFINITION ('external definition','', #2494 ) ;
#318 = PROPERTY_DEFINITION_REPRESENTATION ( #3509, #4030 ) ;
#319 = PROPERTY_DEFINITION ('document property','', #3772 ) ;
#320 = DIRECTION ( 'NONE',  ( 3.676798640166183369E-23, -1.010101592536828286E-22, -1.000000000000000000 ) ) ;
#321 = SHAPE_REPRESENTATION ( 'DS3225MG 25KG', ( #1726 ), #1505 ) ;
#322 = PROPERTY_DEFINITION_REPRESENTATION ( #3839, #4030 ) ;
#323 = DATE_AND_TIME ( #4035, #1678 ) ;
#324 = CALENDAR_DATE ( 2026, 14, 9 ) ;
#325 = PERSON ( 'NAUO-PER56', 'UNSPECIFIED', 'UNSPECIFIED', ('UNSPECIFIED'), ('UNSPECIFIED'), ('UNSPECIFIED') ) ;
#326 = PRODUCT_DEFINITION_SHAPE ( 'NONE', 'NONE',  #4424 ) ;
#327 = UNCERTAINTY_MEASURE_WITH_UNIT (LENGTH_MEASURE( 1.000000000000000082E-05 ), #2309, 'distance_accuracy_value', 'NONE');
#328 = PERSON_AND_ORGANIZATION ( #3983, #18446744073709551615 ) ;
#329 = APPROVAL_DATE_TIME ( #2453, #865 ) ;
#330 = APPROVAL ( #2887, 'Coincidente' ) ;
#331 = IDENTIFICATION_ROLE ( 'external document id and location', $) ;
#332 = CC_DESIGN_DATE_AND_TIME_ASSIGNMENT ( #2056, #4356, ( #3009 ) ) ;
#333 = DIRECTION ( 'NONE',  ( 1.000000000000000000, 0.000000000000000000, 0.000000000000000000 ) ) ;
#334 = SHAPE_DEFINITION_REPRESENTATION ( #2555, #2632 ) ;
#335 = APPLIED_DOCUMENT_REFERENCE ( #1083,'',( #624) ) ;
#336 = PERSON ( 'NAUO-PER36', 'UNSPECIFIED', 'UNSPECIFIED', ('UNSPECIFIED'), ('UNSPECIFIED'), ('UNSPECIFIED') ) ;
#337 = APPROVAL_DATE_TIME ( #4120, #2081 ) ;
#338 = CC_DESIGN_DATE_AND_TIME_ASSIGNMENT ( #1987, #2986, ( #1743 ) ) ;
#339 = OBJECT_ROLE ('mandatory',$ ) ;
#340 = APPROVAL ( #3233, 'Coincidente' ) ;
#341 = APPROVAL_DATE_TIME ( #48, #562 ) ;
#342 = DATE_TIME_ROLE ( 'classification_date' ) ;
#343 = DIRECTION ( 'NONE',  ( 3.676798640166183369E-23, -1.010101592536828286E-22, -1.000000000000000000 ) ) ;
#344 = CC_DESIGN_APPROVAL ( #3678, ( #709 ) ) ;
#345 = OBJECT_ROLE ('mandatory',$ ) ;
#346 = CONTEXT_DEPENDENT_SHAPE_REPRESENTATION ( #3101, #638 ) ;
#347 = DATE_AND_TIME ( #3047, #3829 ) ;
#348 = APPLIED_EXTERNAL_IDENTIFICATION_ASSIGNMENT ( 'socket_head_cap_screw_M4_l25mm_plain.STEP' , #3329, #2873,( #710) ) ;
#349 = CARTESIAN_POINT ( 'NONE',  ( -322.4897650056624911, 57.13537635116444591, 946.7369830719312631 ) ) ;
#350 = SECURITY_CLASSIFICATION ( '', '', #4103 ) ;
#351 = PERSON_AND_ORGANIZATION ( #3983, #18446744073709551615 ) ;
#352 = DOCUMENT_FILE ( 'DS3225MG 25KG.STEP' , '', '', #4281, '' ,$ ) ;
#353 = CONTEXT_DEPENDENT_SHAPE_REPRESENTATION ( #3866, #2963 ) ;
#354 = DATE_AND_TIME ( #2828, #3045 ) ;
#355 = PRODUCT_DEFINITION_SHAPE ( 'NONE', 'NONE',  #4402 ) ;
#356 = LOCAL_TIME ( 10, 32, 43.00000000000000000, #4390 ) ;
#357 = PROPERTY_DEFINITION ('document property','', #267 ) ;
#358 = PERSON_AND_ORGANIZATION_ROLE ( 'design_owner' ) ;
#359 = PERSON_AND_ORGANIZATION ( #3983, #18446744073709551615 ) ;
#360 = COORDINATED_UNIVERSAL_TIME_OFFSET ( 3, 0, .BEHIND. ) ;
#361 = APPROVAL_PERSON_ORGANIZATION ( #1146, #3183, #3119 ) ;
#362 = DOCUMENT_TYPE ( 'geometry' ) ;
#363 = AXIS2_PLACEMENT_3D ( 'NONE', #567, #1265, #984 ) ;
#364 = DATE_AND_TIME ( #3430, #862 ) ;
#365 = LOCAL_TIME ( 10, 32, 43.00000000000000000, #2327 ) ;
#366 = PRODUCT_DEFINITION_FORMATION_WITH_SPECIFIED_SOURCE ( 'Simétric', '', #3218, .NOT_KNOWN. ) ;
#367 = PERSON_AND_ORGANIZATION ( #2697, #687 ) ;
#368 = LOCAL_TIME ( 10, 32, 43.00000000000000000, #3857 ) ;
#369 = CC_DESIGN_PERSON_AND_ORGANIZATION_ASSIGNMENT ( #908, #466, ( #2012 ) ) ;
#370 = DIRECTION ( 'NONE',  ( 1.136830515047789964E-16, -0.2550601836559967528, 0.9669251794804853972 ) ) ;
#371 = OBJECT_ROLE ('mandatory',$ ) ;
#372 = APPROVAL_DATE_TIME ( #2757, #2501 ) ;
#373 = APPLICATION_CONTEXT ( 'configuration controlled 3d designs of mechanical parts and assemblies' ) ;
#374 = DESIGN_CONTEXT ( 'detailed design', #137, 'design' ) ;
#375 = DATE_AND_TIME ( #714, #511 ) ;
#376 = COORDINATED_UNIVERSAL_TIME_OFFSET ( 3, 0, .BEHIND. ) ;
#377 = APPROVAL_PERSON_ORGANIZATION ( #801, #4028, #3869 ) ;
#378 = CONTEXT_DEPENDENT_SHAPE_REPRESENTATION ( #1635, #2417 ) ;
#379 = PERSON_AND_ORGANIZATION_ROLE ( 'classification_officer' ) ;
#380 = LOCAL_TIME ( 10, 32, 43.00000000000000000, #1165 ) ;
#381 = APPROVAL_PERSON_ORGANIZATION ( #2971, #1884, #1605 ) ;
#382 = COORDINATED_UNIVERSAL_TIME_OFFSET ( 3, 0, .BEHIND. ) ;
#383 = COORDINATED_UNIVERSAL_TIME_OFFSET ( 3, 0, .BEHIND. ) ;
#384 = DOCUMENT_FILE ( 'washer_M3.STEP' , '', '', #1314, '' ,$ ) ;
#385 = APPLIED_EXTERNAL_IDENTIFICATION_ASSIGNMENT ( 'asml_eslabon_BCv4.STEP' , #3955, #3750,( #2586) ) ;
#386 = CC_DESIGN_SECURITY_CLASSIFICATION ( #2336, ( #4455 ) ) ;
#387 = PERSON_AND_ORGANIZATION_ROLE ( 'creator' ) ;
#388 = PERSON ( 'NAUO-PER54', 'UNSPECIFIED', 'UNSPECIFIED', ('UNSPECIFIED'), ('UNSPECIFIED'), ('UNSPECIFIED') ) ;
#389 = CC_DESIGN_SECURITY_CLASSIFICATION ( #1471, ( #4414 ) ) ;
#390 = ROLE_ASSOCIATION ( #1097, #4143 ) ;
#391 = PROPERTY_DEFINITION_REPRESENTATION ( #760, #4030 ) ;
#392 = PRODUCT_DEFINITION_SHAPE ( 'NONE', 'NONE',  #4393 ) ;
#393 = CARTESIAN_POINT ( 'NONE',  ( 0.000000000000000000, 0.000000000000000000, 0.000000000000000000 ) ) ;
#394 = LOCAL_TIME ( 10, 32, 43.00000000000000000, #742 ) ;
#395 = PRODUCT_DEFINITION ( 'General', '', #2598, #2141 ) ;
#396 = CC_DESIGN_DATE_AND_TIME_ASSIGNMENT ( #3781, #1745, ( #1681 ) ) ;
#397 = ITEM_DEFINED_TRANSFORMATION ( 'NONE', 'NONE', #95,  #1014 ) ;
#398 = IDENTIFICATION_ROLE ( 'external document id and location', $) ;
#399 = DIRECTION ( 'NONE',  ( -3.318316107711255531E-16, -1.010101592536828286E-22, -1.000000000000000000 ) ) ;
#400 = PROPERTY_DEFINITION ('external definition','', #3772 ) ;
#401 = COORDINATED_UNIVERSAL_TIME_OFFSET ( 3, 0, .BEHIND. ) ;
#402 = DATE_TIME_ROLE ( 'classification_date' ) ;
#403 = APPROVAL_ROLE ( '' ) ;
#404 = APPROVAL_ROLE ( '' ) ;
#405 = DOCUMENT_TYPE ( 'geometry' ) ;
#406 = COORDINATED_UNIVERSAL_TIME_OFFSET ( 3, 0, .BEHIND. ) ;
#407 = APPLICATION_PROTOCOL_DEFINITION ( 'international standard', 'config_control_design', 1994, #227 ) ;
#408 = APPROVAL_STATUS ( 'not_yet_approved' ) ;
#409 = DATE_AND_TIME ( #4161, #1749 ) ;
#410 = CALENDAR_DATE ( 2026, 14, 9 ) ;
#411 = CARTESIAN_POINT ( 'NONE',  ( -151.5397650056624741, -36.87420517428315492, 893.5749798985158350 ) ) ;
#412 = PERSON_AND_ORGANIZATION ( #1901, #2438 ) ;
#413 = DIRECTION ( 'NONE',  ( -1.000000000000000000, 1.010101592536828286E-22, 3.318316107711255531E-16 ) ) ;
#414 = EXTERNAL_SOURCE (IDENTIFIER('') ) ;
#415 = DESIGN_CONTEXT ( 'detailed design', #3496, 'design' ) ;
#416 = MECHANICAL_CONTEXT ( 'NONE', #1018, 'mechanical' ) ;
#417 = DATE_AND_TIME ( #1021, #2458 ) ;
#418 = APPROVAL_DATE_TIME ( #3176, #1085 ) ;
#419 = APPROVAL_PERSON_ORGANIZATION ( #4352, #3678, #991 ) ;
#420 = PROPERTY_DEFINITION_REPRESENTATION ( #4026, #4030 ) ;
#421 = CC_DESIGN_PERSON_AND_ORGANIZATION_ASSIGNMENT ( #525, #3502, ( #366 ) ) ;
#422 = ORGANIZATION ( 'NAUO-ORG17', 'UNSPECIFIED', 'UNSPECIFIED' ) ;
#423 = CALENDAR_DATE ( 2026, 14, 9 ) ;
#424 = APPLICATION_PROTOCOL_DEFINITION ( 'international standard', 'config_control_design', 1994, #695 ) ;
#425 = DATE_AND_TIME ( #3075, #4267 ) ;
#426 =( REPRESENTATION_RELATIONSHIP ('NONE','NONE', #1787, #4030 ) REPRESENTATION_RELATIONSHIP_WITH_TRANSFORMATION ( #1198 )SHAPE_REPRESENTATION_RELATIONSHIP( ) );
#427 = SECURITY_CLASSIFICATION ( '', '', #688 ) ;
#428 =( GEOMETRIC_REPRESENTATION_CONTEXT ( 3 ) GLOBAL_UNCERTAINTY_ASSIGNED_CONTEXT ( ( #1636 ) ) GLOBAL_UNIT_ASSIGNED_CONTEXT ( ( #243, #2031, #1986 ) ) REPRESENTATION_CONTEXT ( 'NONE', 'WORKASPACE' ) );
#429 = CC_DESIGN_APPROVAL ( #1357, ( #3407 ) ) ;
#430 = PROPERTY_DEFINITION_REPRESENTATION ( #2796, #4001 ) ;
#431 = AXIS2_PLACEMENT_3D ( 'NONE', #874, #2155, #832 ) ;
#432 = PROPERTY_DEFINITION ('document property','', #1857 ) ;
#433 = PERSON_AND_ORGANIZATION ( #3983, #18446744073709551615 ) ;
#434 =( REPRESENTATION_RELATIONSHIP ('NONE','NONE', #1787, #4030 ) REPRESENTATION_RELATIONSHIP_WITH_TRANSFORMATION ( #3697 )SHAPE_REPRESENTATION_RELATIONSHIP( ) );
#435 = APPROVAL_PERSON_ORGANIZATION ( #1414, #3929, #2779 ) ;
#436 = AXIS2_PLACEMENT_3D ( 'NONE', #3104, #1358, #1618 ) ;
#437 = CC_DESIGN_PERSON_AND_ORGANIZATION_ASSIGNMENT ( #3583, #4262, ( #1641 ) ) ;
#438 = CC_DESIGN_APPROVAL ( #2591, ( #3737 ) ) ;
#439 = DOCUMENT_FILE ( 'washer_M3.STEP' , '', '', #833, '' ,$ ) ;
#440 = CARTESIAN_POINT ( 'NONE',  ( -324.7397650056624911, -71.76386973473114494, 914.7256609007408770 ) ) ;
#441 = PERSON_AND_ORGANIZATION_ROLE ( 'design_supplier' ) ;
#442 = ROLE_ASSOCIATION ( #1209, #2206 ) ;
#443 = PROPERTY_DEFINITION_REPRESENTATION ( #3990, #4071 ) ;
#444 = APPROVAL_PERSON_ORGANIZATION ( #4123, #2299, #986 ) ;
#445 = COORDINATED_UNIVERSAL_TIME_OFFSET ( 3, 0, .BEHIND. ) ;
#446 = DATE_TIME_ROLE ( 'classification_date' ) ;
#447 = LOCAL_TIME ( 10, 32, 43.00000000000000000, #4135 ) ;
#448 = IDENTIFICATION_ROLE ( 'external document id and location', $) ;
#449 = SECURITY_CLASSIFICATION ( '', '', #2938 ) ;
#450 = LOCAL_TIME ( 10, 32, 43.00000000000000000, #4110 ) ;
#451 = PROPERTY_DEFINITION_REPRESENTATION ( #277, #3922 ) ;
#452 = PERSON_AND_ORGANIZATION_ROLE ( 'classification_officer' ) ;
#453 = CC_DESIGN_PERSON_AND_ORGANIZATION_ASSIGNMENT ( #3600, #2529, ( #825 ) ) ;
#454 = DATE_TIME_ROLE ( 'creation_date' ) ;
#455 = PERSON_AND_ORGANIZATION_ROLE ( 'creator' ) ;
#456 = APPLIED_EXTERNAL_IDENTIFICATION_ASSIGNMENT ( 'arandela_m4.STEP' , #1294, #2528,( #300) ) ;
#457 = COORDINATED_UNIVERSAL_TIME_OFFSET ( 3, 0, .BEHIND. ) ;
#458 = DATE_AND_TIME ( #1118, #1574 ) ;
#459 = LOCAL_TIME ( 10, 32, 43.00000000000000000, #260 ) ;
#460 = DIRECTION ( 'NONE',  ( -3.318315679058680719E-16, 5.092182001371081868E-24, -1.000000000000000000 ) ) ;
#461 = APPROVAL_ROLE ( '' ) ;
#462 = ITEM_DEFINED_TRANSFORMATION ( 'NONE', 'NONE', #792,  #1014 ) ;
#463 = DATE_AND_TIME ( #2656, #3752 ) ;
#464 = CONTEXT_DEPENDENT_SHAPE_REPRESENTATION ( #2416, #3020 ) ;
#465 = PROPERTY_DEFINITION ('external definition','', #1594 ) ;
#466 = PERSON_AND_ORGANIZATION_ROLE ( 'classification_officer' ) ;
#467 = PROPERTY_DEFINITION ('external definition','', #1760 ) ;
#468 = PRODUCT_DEFINITION_SHAPE ( 'NONE', 'NONE',  #4409 ) ;
#469 = CALENDAR_DATE ( 2026, 14, 9 ) ;
#470 = PERSON_AND_ORGANIZATION_ROLE ( 'classification_officer' ) ;
#471 = PRODUCT_RELATED_PRODUCT_CATEGORY ( 'detail', '', ( #4309 ) ) ;
#472 = APPROVAL ( #1529, 'Coincidente' ) ;
#473 = CARTESIAN_POINT ( 'NONE',  ( 0.000000000000000000, 0.000000000000000000, 0.000000000000000000 ) ) ;
#474 = APPROVAL ( #741, 'UNKNOWN' ) ;
#475 = SECURITY_CLASSIFICATION_LEVEL ( 'unclassified' ) ;
#476 = COORDINATED_UNIVERSAL_TIME_OFFSET ( 3, 0, .BEHIND. ) ;
#477 = CC_DESIGN_PERSON_AND_ORGANIZATION_ASSIGNMENT ( #4106, #441, ( #732 ) ) ;
#478 = MECHANICAL_CONTEXT ( 'NONE', #3524, 'mechanical' ) ;
#479 = CC_DESIGN_PERSON_AND_ORGANIZATION_ASSIGNMENT ( #3454, #3035, ( #427 ) ) ;
#480 = IDENTIFICATION_ROLE ( 'external document id and location', $) ;
#481 = CONTEXT_DEPENDENT_SHAPE_REPRESENTATION ( #2978, #2091 ) ;
#482 = SECURITY_CLASSIFICATION_LEVEL ( 'unclassified' ) ;
#483 = DIRECTION ( 'NONE',  ( 1.000000000000000000, 0.000000000000000000, -3.318315740031391761E-16 ) ) ;
#484 = IDENTIFICATION_ROLE ( 'external document id and location', $) ;
#485 = APPROVAL_DATE_TIME ( #185, #861 ) ;
#486 = COORDINATED_UNIVERSAL_TIME_OFFSET ( 3, 0, .BEHIND. ) ;
#487 = ITEM_DEFINED_TRANSFORMATION ( 'NONE', 'NONE', #4,  #2162 ) ;
#488 = SECURITY_CLASSIFICATION_LEVEL ( 'unclassified' ) ;
#489 = PERSON_AND_ORGANIZATION ( #3983, #18446744073709551615 ) ;
#490 = PERSON ( 'NAUO-PER61', 'UNSPECIFIED', 'UNSPECIFIED', ('UNSPECIFIED'), ('UNSPECIFIED'), ('UNSPECIFIED') ) ;
#491 = CC_DESIGN_PERSON_AND_ORGANIZATION_ASSIGNMENT ( #1480, #836, ( #1232 ) ) ;
#492 = CC_DESIGN_APPROVAL ( #1770, ( #3930 ) ) ;
#493 = SECURITY_CLASSIFICATION_LEVEL ( 'unclassified' ) ;
#494 = DATE_TIME_ROLE ( 'classification_date' ) ;
#495 = PRODUCT_DEFINITION_SHAPE ( 'NONE', 'NONE',  #4448 ) ;
#496 = DIRECTION ( 'NONE',  ( 0.000000000000000000, 0.000000000000000000, 1.000000000000000000 ) ) ;
#497 = PRODUCT_DEFINITION_SHAPE ( 'NONE', 'NONE',  #4433 ) ;
#498 = PERSON ( 'NAUO-PER16', 'UNSPECIFIED', 'UNSPECIFIED', ('UNSPECIFIED'), ('UNSPECIFIED'), ('UNSPECIFIED') ) ;
#499 = PRODUCT_DEFINITION_FORMATION_WITH_SPECIFIED_SOURCE ( 'Simétric', '', #1875, .NOT_KNOWN. ) ;
#500 = APPLIED_DOCUMENT_REFERENCE ( #822,'',( #3666) ) ;
#501 = DATE_TIME_ROLE ( 'classification_date' ) ;
#502 = PERSON_AND_ORGANIZATION_ROLE ( 'classification_officer' ) ;
#503 = DIRECTION ( 'NONE',  ( 0.000000000000000000, 0.000000000000000000, 1.000000000000000000 ) ) ;
#504 = CC_DESIGN_APPROVAL ( #951, ( #1649 ) ) ;
#505 = AXIS2_PLACEMENT_3D ( 'NONE', #473, #4113, #333 ) ;
#506 = PRODUCT ( 'DS3225_MG_metal_horn_D\X2\00e9\X0\faut', 'DS3225_MG_metal_horn_D\X2\00e9\X0\faut', '', ( #879 ) ) ;
#507 = ROLE_ASSOCIATION ( #3063, #828 ) ;
#508 = APPROVAL_DATE_TIME ( #3144, #581 ) ;
#509 = LOCAL_TIME ( 10, 32, 43.00000000000000000, #3495 ) ;
#510 =( REPRESENTATION_RELATIONSHIP ('NONE','NONE', #1787, #1447 ) REPRESENTATION_RELATIONSHIP_WITH_TRANSFORMATION ( #1312 )SHAPE_REPRESENTATION_RELATIONSHIP( ) );
#511 = LOCAL_TIME ( 10, 32, 43.00000000000000000, #1370 ) ;
#512 = APPROVAL_PERSON_ORGANIZATION ( #1452, #1887, #115 ) ;
#513 = CALENDAR_DATE ( 2026, 14, 9 ) ;
#514 = DATE_AND_TIME ( #3919, #2331 ) ;
#515 = CC_DESIGN_DATE_AND_TIME_ASSIGNMENT ( #514, #1933, ( #1976 ) ) ;
#516 = LOCAL_TIME ( 10, 32, 43.00000000000000000, #2801 ) ;
#517 = PERSON_AND_ORGANIZATION ( #3983, #18446744073709551615 ) ;
#518 = OBJECT_ROLE ('mandatory',$ ) ;
#519 = DATE_AND_TIME ( #3273, #797 ) ;
#520 = CONTEXT_DEPENDENT_SHAPE_REPRESENTATION ( #4355, #1741 ) ;
#521 = DOCUMENT_TYPE ( 'geometry' ) ;
#522 = PROPERTY_DEFINITION_REPRESENTATION ( #72, #3922 ) ;
#523 = PERSON_AND_ORGANIZATION_ROLE ( 'classification_officer' ) ;
#524 = APPLIED_EXTERNAL_IDENTIFICATION_ASSIGNMENT ( 'hexagon_nut_M3_plain.STEP' , #2422, #2714,( #1472) ) ;
#525 = PERSON_AND_ORGANIZATION ( #3983, #18446744073709551615 ) ;
#526 = DIRECTION ( 'NONE',  ( 1.000000000000000000, 0.000000000000000000, 0.000000000000000000 ) ) ;
#527 = LOCAL_TIME ( 10, 32, 43.00000000000000000, #4152 ) ;
#528 = CC_DESIGN_APPROVAL ( #1085, ( #676 ) ) ;
#529 = ROLE_ASSOCIATION ( #371, #1909 ) ;
#530 = CC_DESIGN_APPROVAL ( #2518, ( #3039 ) ) ;
#531 = DIRECTION ( 'NONE',  ( -1.000000000000000000, -5.364000294050842893E-17, 3.124242742655306359E-16 ) ) ;
#532 = CC_DESIGN_SECURITY_CLASSIFICATION ( #3534, ( #4450 ) ) ;
#533 = CC_DESIGN_PERSON_AND_ORGANIZATION_ASSIGNMENT ( #2497, #455, ( #1002 ) ) ;
#534 = CC_DESIGN_DATE_AND_TIME_ASSIGNMENT ( #1739, #3522, ( #813 ) ) ;
#535 = APPROVAL ( #4007, 'UNKNOWN' ) ;
#536 = APPROVAL_PERSON_ORGANIZATION ( #2388, #2595, #4083 ) ;
#537 = COORDINATED_UNIVERSAL_TIME_OFFSET ( 3, 0, .BEHIND. ) ;
#538 = DOCUMENT_FILE ( 'pan_head_screw_M3_l10mm_thread.STEP' , '', '', #1586, '' ,$ ) ;
#539 = PERSON_AND_ORGANIZATION ( #2531, #2474 ) ;
#540 = CALENDAR_DATE ( 2026, 14, 9 ) ;
#541 = SHAPE_DEFINITION_REPRESENTATION ( #870, #1177 ) ;
#542 = CC_DESIGN_SECURITY_CLASSIFICATION ( #3039, ( #4425 ) ) ;
#543 = CC_DESIGN_DATE_AND_TIME_ASSIGNMENT ( #572, #2308, ( #3656 ) ) ;
#544 = DATE_AND_TIME ( #3199, #3085 ) ;
#545 = APPROVAL_DATE_TIME ( #2546, #2059 ) ;
#546 = EXTERNAL_SOURCE (IDENTIFIER('') ) ;
#547 =( NAMED_UNIT ( * ) PLANE_ANGLE_UNIT ( ) SI_UNIT ( $, .RADIAN. ) );
#548 = PRODUCT ( 'socket_head_cap_screw_M4_l30mm_plain', 'socket_head_cap_screw_M4_l30mm_plain', '', ( #910 ) ) ;
#549 = APPLIED_DOCUMENT_REFERENCE ( #112,'',( #3666) ) ;
#550 = PERSON_AND_ORGANIZATION_ROLE ( 'creator' ) ;
#551 = DOCUMENT_TYPE ( 'geometry' ) ;
#552 = APPLICATION_CONTEXT ( 'configuration controlled 3d designs of mechanical parts and assemblies' ) ;
#553 = DATE_TIME_ROLE ( 'classification_date' ) ;
#554 = PERSON_AND_ORGANIZATION ( #3867, #860 ) ;
#555 = DIRECTION ( 'NONE',  ( 1.681048172736069589E-17, -0.9647041541766738781, 0.2633360873755596909 ) ) ;
#556 = PERSON_AND_ORGANIZATION ( #3983, #18446744073709551615 ) ;
#557 = DOCUMENT_FILE ( 'socket_head_cap_screw_M4_l30mm_plain.STEP' , '', '', #1669, '' ,$ ) ;
#558 = PERSON ( 'NAUO-PER41', 'UNSPECIFIED', 'UNSPECIFIED', ('UNSPECIFIED'), ('UNSPECIFIED'), ('UNSPECIFIED') ) ;
#559 = PERSON_AND_ORGANIZATION_ROLE ( 'classification_officer' ) ;
#560 = APPLIED_DOCUMENT_REFERENCE ( #211,'',( #2812) ) ;
#561 = APPROVAL_ROLE ( '' ) ;
#562 = APPROVAL ( #1028, 'UNKNOWN' ) ;
#563 = UNCERTAINTY_MEASURE_WITH_UNIT (LENGTH_MEASURE( 1.000000000000000082E-05 ), #2925, 'distance_accuracy_value', 'NONE');
#564 = DATE_TIME_ROLE ( 'classification_date' ) ;
#565 = ITEM_DEFINED_TRANSFORMATION ( 'NONE', 'NONE', #1736,  #3436 ) ;
#566 = CC_DESIGN_PERSON_AND_ORGANIZATION_ASSIGNMENT ( #1958, #1321, ( #3744 ) ) ;
#567 = CARTESIAN_POINT ( 'NONE',  ( 0.000000000000000000, 0.000000000000000000, 0.000000000000000000 ) ) ;
#568 = PERSON_AND_ORGANIZATION_ROLE ( 'creator' ) ;
#569 = EXTERNAL_SOURCE (IDENTIFIER('') ) ;
#570 = DOCUMENT_FILE ( 'arandela_m4.STEP' , '', '', #253, '' ,$ ) ;
#571 = APPROVAL_PERSON_ORGANIZATION ( #3854, #834, #1187 ) ;
#572 = DATE_AND_TIME ( #2681, #1799 ) ;
#573 = CARTESIAN_POINT ( 'NONE',  ( -298.8397650056625139, 0.5661360891006643747, 970.4874689627376938 ) ) ;
#574 = CC_DESIGN_APPROVAL ( #4283, ( #2507 ) ) ;
#575 = DOCUMENT_FILE ( 'socket_head_cap_screw_M4_l25mm_plain.STEP' , '', '', #3283, '' ,$ ) ;
#576 = PROPERTY_DEFINITION ('document property','', #2695 ) ;
#577 = APPROVAL_ROLE ( '' ) ;
#578 =( REPRESENTATION_RELATIONSHIP ('NONE','NONE', #1787, #786 ) REPRESENTATION_RELATIONSHIP_WITH_TRANSFORMATION ( #487 )SHAPE_REPRESENTATION_RELATIONSHIP( ) );
#579 = DIRECTION ( 'NONE',  ( 1.000000000000000000, -4.737894108953337827E-24, 1.070417990110948332E-22 ) ) ;
#580 = CC_DESIGN_APPROVAL ( #2603, ( #3005 ) ) ;
#581 = APPROVAL ( #802, 'UNKNOWN' ) ;
#582 = PROPERTY_DEFINITION ('document property','', #1915 ) ;
#583 = LOCAL_TIME ( 10, 32, 43.00000000000000000, #2654 ) ;
#584 = COORDINATED_UNIVERSAL_TIME_OFFSET ( 3, 0, .BEHIND. ) ;
#585 = ROLE_ASSOCIATION ( #1068, #837 ) ;
#586 = AXIS2_PLACEMENT_3D ( 'NONE', #440, #1161, #1562 ) ;
#587 = CALENDAR_DATE ( 2026, 14, 9 ) ;
#588 = EXTERNAL_SOURCE (IDENTIFIER('') ) ;
#589 = LOCAL_TIME ( 10, 32, 43.00000000000000000, #2068 ) ;
#590 =( GEOMETRIC_REPRESENTATION_CONTEXT ( 3 ) GLOBAL_UNCERTAINTY_ASSIGNED_CONTEXT ( ( #1323 ) ) GLOBAL_UNIT_ASSIGNED_CONTEXT ( ( #1718, #708, #3461 ) ) REPRESENTATION_CONTEXT ( 'NONE', 'WORKASPACE' ) );
#591 = PERSON_AND_ORGANIZATION ( #3983, #18446744073709551615 ) ;
#592 = CONTEXT_DEPENDENT_SHAPE_REPRESENTATION ( #270, #202 ) ;
#593 = LOCAL_TIME ( 10, 32, 43.00000000000000000, #17 ) ;
#594 = CC_DESIGN_PERSON_AND_ORGANIZATION_ASSIGNMENT ( #2485, #452, ( #2829 ) ) ;
#595 = PERSON_AND_ORGANIZATION ( #3983, #18446744073709551615 ) ;
#596 = APPROVAL_STATUS ( 'not_yet_approved' ) ;
#597 = DATE_AND_TIME ( #2291, #4301 ) ;
#598 = EXTERNAL_SOURCE (IDENTIFIER('') ) ;
#599 = LOCAL_TIME ( 10, 32, 43.00000000000000000, #3735 ) ;
#600 = APPLIED_DOCUMENT_REFERENCE ( #1311,'',( #2812) ) ;
#601 = APPLIED_DOCUMENT_REFERENCE ( #2313,'',( #3407) ) ;
#602 = DIRECTION ( 'NONE',  ( -1.000000000000000000, -4.243472256498659411E-22, 9.643429866428922021E-22 ) ) ;
#603 = LOCAL_TIME ( 10, 32, 43.00000000000000000, #2290 ) ;
#604 = OBJECT_ROLE ('mandatory',$ ) ;
#605 = CC_DESIGN_APPROVAL ( #931, ( #1039 ) ) ;
#606 = DATE_TIME_ROLE ( 'classification_date' ) ;
#607 = LOCAL_TIME ( 10, 32, 43.00000000000000000, #881 ) ;
#608 = DATE_TIME_ROLE ( 'classification_date' ) ;
#609 = DATE_AND_TIME ( #993, #207 ) ;
#610 = LOCAL_TIME ( 10, 32, 43.00000000000000000, #823 ) ;
#611 = CALENDAR_DATE ( 2026, 14, 9 ) ;
#612 = CONTEXT_DEPENDENT_SHAPE_REPRESENTATION ( #3982, #3290 ) ;
#613 = CALENDAR_DATE ( 2026, 14, 9 ) ;
#614 = LOCAL_TIME ( 10, 32, 43.00000000000000000, #74 ) ;
#615 = PROPERTY_DEFINITION ('external definition','', #4273 ) ;
#616 = COORDINATED_UNIVERSAL_TIME_OFFSET ( 3, 0, .BEHIND. ) ;
#617 = PERSON_AND_ORGANIZATION ( #3433, #1606 ) ;
#618 = APPROVAL_ROLE ( '' ) ;
#619 = DIRECTION ( 'NONE',  ( 0.000000000000000000, 0.000000000000000000, 1.000000000000000000 ) ) ;
#620 = CC_DESIGN_PERSON_AND_ORGANIZATION_ASSIGNMENT ( #4123, #3844, ( #4109 ) ) ;
#621 = CC_DESIGN_PERSON_AND_ORGANIZATION_ASSIGNMENT ( #2095, #1454, ( #4309 ) ) ;
#622 = CALENDAR_DATE ( 2026, 14, 9 ) ;
#623 = CALENDAR_DATE ( 2026, 14, 9 ) ;
#624 = PRODUCT_DEFINITION ( 'General', '', #4085, #3701 ) ;
#625 = DIRECTION ( 'NONE',  ( 0.000000000000000000, 1.000000000000000000, 0.000000000000000000 ) ) ;
#626 = ROLE_ASSOCIATION ( #2426, #3267 ) ;
#627 = DATE_TIME_ROLE ( 'classification_date' ) ;
#628 = DATE_AND_TIME ( #2671, #2376 ) ;
#629 = IDENTIFICATION_ROLE ( 'external document id and location', $) ;
#630 = COORDINATED_UNIVERSAL_TIME_OFFSET ( 3, 0, .BEHIND. ) ;
#631 = DATE_AND_TIME ( #4373, #2193 ) ;
#632 = APPROVAL_ROLE ( '' ) ;
#633 =( NAMED_UNIT ( * ) SI_UNIT ( $, .STERADIAN. ) SOLID_ANGLE_UNIT ( ) );
#634 = CC_DESIGN_DATE_AND_TIME_ASSIGNMENT ( #1160, #3166, ( #3424 ) ) ;
#635 = OBJECT_ROLE ('mandatory',$ ) ;
#636 = APPROVAL_DATE_TIME ( #2389, #2992 ) ;
#637 = PERSON_AND_ORGANIZATION ( #3983, #18446744073709551615 ) ;
#638 = PRODUCT_DEFINITION_SHAPE ( 'NONE', 'NONE',  #4401 ) ;
#639 = ROLE_ASSOCIATION ( #3672, #1290 ) ;
#640 = APPROVAL_DATE_TIME ( #3365, #4237 ) ;
#641 = CARTESIAN_POINT ( 'NONE',  ( -156.1397650056625253, -41.77022649681229183, 974.1860345750035322 ) ) ;
#642 = CONTEXT_DEPENDENT_SHAPE_REPRESENTATION ( #1925, #1591 ) ;
#643 = APPROVAL_ROLE ( '' ) ;
#644 = COORDINATED_UNIVERSAL_TIME_OFFSET ( 3, 0, .BEHIND. ) ;
#645 = CC_DESIGN_APPROVAL ( #340, ( #130 ) ) ;
#646 = PERSON_AND_ORGANIZATION ( #3983, #18446744073709551615 ) ;
#647 = PROPERTY_DEFINITION ('external definition','', #575 ) ;
#648 = CC_DESIGN_SECURITY_CLASSIFICATION ( #3939, ( #139 ) ) ;
#649 = AXIS2_PLACEMENT_3D ( 'NONE', #2491, #413, #3851 ) ;
#650 = PERSON_AND_ORGANIZATION ( #3983, #18446744073709551615 ) ;
#651 = COORDINATED_UNIVERSAL_TIME_OFFSET ( 3, 0, .BEHIND. ) ;
#652 = CC_DESIGN_DATE_AND_TIME_ASSIGNMENT ( #4323, #2178, ( #3312 ) ) ;
#653 = PROPERTY_DEFINITION_REPRESENTATION ( #2285, #4071 ) ;
#654 = CC_DESIGN_APPROVAL ( #3929, ( #75 ) ) ;
#655 = IDENTIFICATION_ROLE ( 'external document id and location', $) ;
#656 = AXIS2_PLACEMENT_3D ( 'NONE', #3260, #3626, #1513 ) ;
#657 = DIRECTION ( 'NONE',  ( 0.000000000000000000, 0.000000000000000000, 1.000000000000000000 ) ) ;
#658 = LOCAL_TIME ( 10, 32, 43.00000000000000000, #63 ) ;
#659 = PERSON_AND_ORGANIZATION ( #3983, #18446744073709551615 ) ;
#660 = AXIS2_PLACEMENT_3D ( 'NONE', #919, #3674, #1617 ) ;
#661 = COORDINATED_UNIVERSAL_TIME_OFFSET ( 3, 0, .BEHIND. ) ;
#662 =( NAMED_UNIT ( * ) PLANE_ANGLE_UNIT ( ) SI_UNIT ( $, .RADIAN. ) );
#663 = LOCAL_TIME ( 10, 32, 43.00000000000000000, #2386 ) ;
#664 = OBJECT_ROLE ('mandatory',$ ) ;
#665 = PERSON ( 'NAUO-PER27', 'UNSPECIFIED', 'UNSPECIFIED', ('UNSPECIFIED'), ('UNSPECIFIED'), ('UNSPECIFIED') ) ;
#666 = PERSON_AND_ORGANIZATION ( #4351, #19 ) ;
#667 = COORDINATED_UNIVERSAL_TIME_OFFSET ( 3, 0, .BEHIND. ) ;
#668 = DIRECTION ( 'NONE',  ( -1.000000000000000000, 0.000000000000000000, 0.000000000000000000 ) ) ;
#669 = OBJECT_ROLE ('mandatory',$ ) ;
#670 = CALENDAR_DATE ( 2026, 14, 9 ) ;
#671 = CC_DESIGN_PERSON_AND_ORGANIZATION_ASSIGNMENT ( #3214, #4284, ( #34 ) ) ;
#672 = CC_DESIGN_DATE_AND_TIME_ASSIGNMENT ( #1599, #1195, ( #2170 ) ) ;
#673 = LOCAL_TIME ( 10, 32, 43.00000000000000000, #689 ) ;
#674 = PERSON_AND_ORGANIZATION_ROLE ( 'design_owner' ) ;
#675 = ORGANIZATION ( 'NAUO-ORG39', 'UNSPECIFIED', 'UNSPECIFIED' ) ;
#676 = SECURITY_CLASSIFICATION ( '', '', #3667 ) ;
#677 = DATE_AND_TIME ( #2027, #2664 ) ;
#678 = PERSON_AND_ORGANIZATION ( #3122, #1882 ) ;
#679 = APPROVAL ( #2519, 'Coincidente' ) ;
#680 = ROLE_ASSOCIATION ( #2154, #997 ) ;
#681 = CC_DESIGN_PERSON_AND_ORGANIZATION_ASSIGNMENT ( #2486, #1856, ( #3218 ) ) ;
#682 = LOCAL_TIME ( 10, 32, 43.00000000000000000, #3191 ) ;
#683 = LOCAL_TIME ( 10, 32, 43.00000000000000000, #4199 ) ;
#684 = PRODUCT ( 'hexagon_nut_M4_plain', 'hexagon_nut_M4_plain', '', ( #3316 ) ) ;
#685 = PERSON_AND_ORGANIZATION ( #3983, #18446744073709551615 ) ;
#686 = DATE_TIME_ROLE ( 'classification_date' ) ;
#687 = ORGANIZATION ( 'NAUO-ORG21', 'UNSPECIFIED', 'UNSPECIFIED' ) ;
#688 = SECURITY_CLASSIFICATION_LEVEL ( 'unclassified' ) ;
#689 = COORDINATED_UNIVERSAL_TIME_OFFSET ( 3, 0, .BEHIND. ) ;
#690 = PROPERTY_DEFINITION ('document property','', #3757 ) ;
#691 = APPROVAL_ROLE ( '' ) ;
#692 = DIRECTION ( 'NONE',  ( 7.057274663829946706E-17, -0.9647041541766738781, 0.2633360873755596909 ) ) ;
#693 = COORDINATED_UNIVERSAL_TIME_OFFSET ( 3, 0, .BEHIND. ) ;
#694 = CARTESIAN_POINT ( 'NONE',  ( -348.7397650056624911, 0.5668338562405377257, 1000.237468962737807 ) ) ;
#695 = APPLICATION_CONTEXT ( 'configuration controlled 3d designs of mechanical parts and assemblies' ) ;
#696 = PRODUCT_DEFINITION_SHAPE ( 'NONE', 'NONE',  #4423 ) ;
#697 = PERSON_AND_ORGANIZATION ( #3983, #18446744073709551615 ) ;
#698 = CONTEXT_DEPENDENT_SHAPE_REPRESENTATION ( #909, #392 ) ;
#699 = PROPERTY_DEFINITION_REPRESENTATION ( #4062, #4030 ) ;
#700 = CC_DESIGN_DATE_AND_TIME_ASSIGNMENT ( #463, #3114, ( #676 ) ) ;
#701 = PERSON_AND_ORGANIZATION ( #3983, #18446744073709551615 ) ;
#702 = CC_DESIGN_PERSON_AND_ORGANIZATION_ASSIGNMENT ( #1867, #4245, ( #4085 ) ) ;
#703 = COORDINATED_UNIVERSAL_TIME_OFFSET ( 3, 0, .BEHIND. ) ;
#704 = SECURITY_CLASSIFICATION_LEVEL ( 'unclassified' ) ;
#705 = APPROVAL_STATUS ( 'not_yet_approved' ) ;
#706 = PERSON_AND_ORGANIZATION ( #2642, #2748 ) ;
#707 = PERSON_AND_ORGANIZATION_ROLE ( 'classification_officer' ) ;
#708 =( NAMED_UNIT ( * ) PLANE_ANGLE_UNIT ( ) SI_UNIT ( $, .RADIAN. ) );
#709 = SECURITY_CLASSIFICATION ( '', '', #3194 ) ;
#710 = DOCUMENT_FILE ( 'socket_head_cap_screw_M4_l25mm_plain.STEP' , '', '', #3559, '' ,$ ) ;
#711 = OBJECT_ROLE ('mandatory',$ ) ;
#712 = LOCAL_TIME ( 10, 32, 43.00000000000000000, #4299 ) ;
#713 = APPROVAL_PERSON_ORGANIZATION ( #3690, #2603, #618 ) ;
#714 = CALENDAR_DATE ( 2026, 14, 9 ) ;
#715 = APPROVAL_ROLE ( '' ) ;
#716 = CALENDAR_DATE ( 2026, 14, 9 ) ;
#717 = APPROVAL_DATE_TIME ( #3788, #3770 ) ;
#718 = PROPERTY_DEFINITION ('external definition','', #3850 ) ;
#719 = OBJECT_ROLE ('mandatory',$ ) ;
#720 = CC_DESIGN_APPROVAL ( #902, ( #3728 ) ) ;
#721 = AXIS2_PLACEMENT_3D ( 'NONE', #2464, #751, #1149 ) ;
#722 = PRODUCT_DEFINITION_SHAPE ( 'NONE', 'NONE',  #4438 ) ;
#723 = APPLICATION_PROTOCOL_DEFINITION ( 'international standard', 'config_control_design', 1994, #3904 ) ;
#724 = APPROVAL_STATUS ( 'not_yet_approved' ) ;
#725 = DATE_AND_TIME ( #235, #2820 ) ;
#726 = APPROVAL_PERSON_ORGANIZATION ( #2983, #957, #1683 ) ;
#727 = APPROVAL ( #2930, 'Coincidente' ) ;
#728 = AXIS2_PLACEMENT_3D ( 'NONE', #3533, #183, #850 ) ;
#729 = COORDINATED_UNIVERSAL_TIME_OFFSET ( 3, 0, .BEHIND. ) ;
#730 = CC_DESIGN_DATE_AND_TIME_ASSIGNMENT ( #154, #2030, ( #1049 ) ) ;
#731 = COORDINATED_UNIVERSAL_TIME_OFFSET ( 3, 0, .BEHIND. ) ;
#732 = PRODUCT_DEFINITION_FORMATION_WITH_SPECIFIED_SOURCE ( 'Simétric', '', #684, .NOT_KNOWN. ) ;
#733 = AXIS2_PLACEMENT_3D ( 'NONE', #2624, #3280, #2340 ) ;
#734 = SECURITY_CLASSIFICATION_LEVEL ( 'unclassified' ) ;
#735 = ROLE_ASSOCIATION ( #1814, #297 ) ;
#736 = APPLIED_EXTERNAL_IDENTIFICATION_ASSIGNMENT ( 'eslabon_AD_v2.STEP' , #2054, #3348,( #3490) ) ;
#737 = PROPERTY_DEFINITION_REPRESENTATION ( #4127, #4030 ) ;
#738 = CALENDAR_DATE ( 2026, 14, 9 ) ;
#739 = CONTEXT_DEPENDENT_SHAPE_REPRESENTATION ( #2479, #3759 ) ;
#740 = ORGANIZATION ( 'NAUO-ORG51', 'UNSPECIFIED', 'UNSPECIFIED' ) ;
#741 = APPROVAL_STATUS ( 'not_yet_approved' ) ;
#742 = COORDINATED_UNIVERSAL_TIME_OFFSET ( 3, 0, .BEHIND. ) ;
#743 = APPROVAL_PERSON_ORGANIZATION ( #1189, #924, #1567 ) ;
#744 = ORGANIZATION ( 'NAUO-ORG54', 'UNSPECIFIED', 'UNSPECIFIED' ) ;
#745 = DATE_AND_TIME ( #423, #658 ) ;
#746 = DATE_TIME_ROLE ( 'creation_date' ) ;
#747 = APPROVAL_DATE_TIME ( #2148, #1584 ) ;
#748 = EXTERNAL_SOURCE (IDENTIFIER('') ) ;
#749 = CC_DESIGN_APPROVAL ( #3162, ( #2682 ) ) ;
#750 = DATE_AND_TIME ( #246, #1674 ) ;
#751 = DIRECTION ( 'NONE',  ( 0.000000000000000000, 0.000000000000000000, 1.000000000000000000 ) ) ;
#752 = CC_DESIGN_APPROVAL ( #2595, ( #4050 ) ) ;
#753 = ITEM_DEFINED_TRANSFORMATION ( 'NONE', 'NONE', #4168,  #363 ) ;
#754 = ORGANIZATION ( 'NAUO-ORG34', 'UNSPECIFIED', 'UNSPECIFIED' ) ;
#755 = CC_DESIGN_PERSON_AND_ORGANIZATION_ASSIGNMENT ( #923, #1253, ( #3534 ) ) ;
#756 = CC_DESIGN_PERSON_AND_ORGANIZATION_ASSIGNMENT ( #1278, #1961, ( #4238 ) ) ;
#757 = PROPERTY_DEFINITION ('document property','', #2494 ) ;
#758 = CC_DESIGN_PERSON_AND_ORGANIZATION_ASSIGNMENT ( #2436, #387, ( #624 ) ) ;
#759 = SECURITY_CLASSIFICATION_LEVEL ( 'unclassified' ) ;
#760 = PROPERTY_DEFINITION ('external definition','', #1336 ) ;
#761 = APPROVAL_STATUS ( 'not_yet_approved' ) ;
#762 = ROLE_ASSOCIATION ( #1351, #2143 ) ;
#763 = DATE_AND_TIME ( #3473, #4259 ) ;
#764 = CALENDAR_DATE ( 2026, 14, 9 ) ;
#765 = PERSON_AND_ORGANIZATION ( #3983, #18446744073709551615 ) ;
#766 = CALENDAR_DATE ( 2026, 14, 9 ) ;
#767 = SECURITY_CLASSIFICATION_LEVEL ( 'unclassified' ) ;
#768 = CC_DESIGN_DATE_AND_TIME_ASSIGNMENT ( #3650, #606, ( #4078 ) ) ;
#769 = IDENTIFICATION_ROLE ( 'external document id and location', $) ;
#770 = PERSON ( 'NAUO-PER25', 'UNSPECIFIED', 'UNSPECIFIED', ('UNSPECIFIED'), ('UNSPECIFIED'), ('UNSPECIFIED') ) ;
#771 = ROLE_ASSOCIATION ( #3111, #2110 ) ;
#772 = CALENDAR_DATE ( 2026, 14, 9 ) ;
#773 = APPLICATION_CONTEXT ( 'configuration controlled 3d designs of mechanical parts and assemblies' ) ;
#774 = DATE_AND_TIME ( #118, #2229 ) ;
#775 = CARTESIAN_POINT ( 'NONE',  ( -341.3397650056625707, -71.76386973439480244, 914.7256609007689576 ) ) ;
#776 = PERSON_AND_ORGANIZATION ( #3983, #18446744073709551615 ) ;
#777 = COORDINATED_UNIVERSAL_TIME_OFFSET ( 3, 0, .BEHIND. ) ;
#778 = PROPERTY_DEFINITION_REPRESENTATION ( #467, #4030 ) ;
#779 = CC_DESIGN_APPROVAL ( #2533, ( #4078 ) ) ;
#780 = SECURITY_CLASSIFICATION_LEVEL ( 'unclassified' ) ;
#781 = CC_DESIGN_APPROVAL ( #581, ( #2304 ) ) ;
#782 = APPROVAL ( #1525, 'UNKNOWN' ) ;
#783 = CALENDAR_DATE ( 2026, 14, 9 ) ;
#784 = PERSON_AND_ORGANIZATION ( #3983, #18446744073709551615 ) ;
#785 = DATE_AND_TIME ( #1503, #3967 ) ;
#786 = SHAPE_REPRESENTATION ( 'socket_head_cap_screw_M4_l25mm_plain', ( #2162 ), #206 ) ;
#787 = LOCAL_TIME ( 10, 32, 43.00000000000000000, #916 ) ;
#788 = AXIS2_PLACEMENT_3D ( 'NONE', #2325, #3686, #310 ) ;
#789 = PRODUCT_DEFINITION_SHAPE ( 'NONE', 'NONE',  #4400 ) ;
#790 = LOCAL_TIME ( 10, 32, 43.00000000000000000, #3621 ) ;
#791 = CALENDAR_DATE ( 2026, 14, 9 ) ;
#792 = AXIS2_PLACEMENT_3D ( 'NONE', #3170, #3486, #1365 ) ;
#793 = PRODUCT_DEFINITION_SHAPE ( 'NONE', 'NONE',  #4436 ) ;
#794 = PROPERTY_DEFINITION ('document property','', #2313 ) ;
#795 = CALENDAR_DATE ( 2026, 14, 9 ) ;
#796 = APPROVAL_ROLE ( '' ) ;
#797 = LOCAL_TIME ( 10, 32, 43.00000000000000000, #2190 ) ;
#798 = EXTERNAL_SOURCE (IDENTIFIER('') ) ;
#799 = APPLIED_EXTERNAL_IDENTIFICATION_ASSIGNMENT ( 'arandela_m4.STEP' , #4095, #1748,( #2084) ) ;
#800 = CC_DESIGN_APPROVAL ( #861, ( #3230 ) ) ;
#801 = PERSON_AND_ORGANIZATION ( #4300, #3241 ) ;
#802 = APPROVAL_STATUS ( 'not_yet_approved' ) ;
#803 = DOCUMENT_TYPE ( 'geometry' ) ;
#804 = CC_DESIGN_DATE_AND_TIME_ASSIGNMENT ( #3773, #1737, ( #1445 ) ) ;
#805 = CC_DESIGN_PERSON_AND_ORGANIZATION_ASSIGNMENT ( #359, #1108, ( #3657 ) ) ;
#806 = APPROVAL_STATUS ( 'not_yet_approved' ) ;
#807 = ROLE_ASSOCIATION ( #1051, #852 ) ;
#808 = APPROVAL_DATE_TIME ( #83, #1272 ) ;
#809 = DATE_TIME_ROLE ( 'classification_date' ) ;
#810 = CALENDAR_DATE ( 2026, 14, 9 ) ;
#811 = CC_DESIGN_DATE_AND_TIME_ASSIGNMENT ( #1176, #3597, ( #1670 ) ) ;
#812 = LOCAL_TIME ( 10, 32, 43.00000000000000000, #1448 ) ;
#813 = PRODUCT_DEFINITION ( 'General', '', #4232, #1598 ) ;
#814 = PERSON_AND_ORGANIZATION ( #3983, #18446744073709551615 ) ;
#815 = DOCUMENT_TYPE ( 'geometry' ) ;
#816 = APPLIED_DOCUMENT_REFERENCE ( #2586,'',( #813) ) ;
#817 = CC_DESIGN_PERSON_AND_ORGANIZATION_ASSIGNMENT ( #1990, #3981, ( #3005 ) ) ;
#818 = CC_DESIGN_SECURITY_CLASSIFICATION ( #2749, ( #4448 ) ) ;
#819 = LOCAL_TIME ( 10, 32, 43.00000000000000000, #1833 ) ;
#820 = SHAPE_REPRESENTATION ( 'pan_head_screw_M3_l10mm_thread', ( #3504 ), #1874 ) ;
#821 = CC_DESIGN_SECURITY_CLASSIFICATION ( #2543, ( #4451 ) ) ;
#822 = DOCUMENT_FILE ( 'socket_head_cap_screw_M3_l20mm_plain.STEP' , '', '', #803, '' ,$ ) ;
#823 = COORDINATED_UNIVERSAL_TIME_OFFSET ( 3, 0, .BEHIND. ) ;
#824 = COORDINATED_UNIVERSAL_TIME_OFFSET ( 3, 0, .BEHIND. ) ;
#825 = SECURITY_CLASSIFICATION ( '', '', #3892 ) ;
#826 = PERSON ( 'NAUO-PER53', 'UNSPECIFIED', 'UNSPECIFIED', ('UNSPECIFIED'), ('UNSPECIFIED'), ('UNSPECIFIED') ) ;
#827 = APPLIED_EXTERNAL_IDENTIFICATION_ASSIGNMENT ( 'eslabon_AD_tapa.STEP' , #3339, #1258,( #2175) ) ;
#828 = APPLIED_DOCUMENT_REFERENCE ( #3628,'',( #2219) ) ;
#829 = PROPERTY_DEFINITION ('external definition','', #3295 ) ;
#830 = CONTEXT_DEPENDENT_SHAPE_REPRESENTATION ( #2352, #2131 ) ;
#831 = ORGANIZATION ( 'NAUO-ORG32', 'UNSPECIFIED', 'UNSPECIFIED' ) ;
#832 = DIRECTION ( 'NONE',  ( 1.968302601783115188E-16, -0.04375567940050072852, 0.9990422616287065738 ) ) ;
#833 = DOCUMENT_TYPE ( 'geometry' ) ;
#834 = APPROVAL ( #1889, 'UNKNOWN' ) ;
#835 = PERSON_AND_ORGANIZATION ( #3983, #18446744073709551615 ) ;
#836 = PERSON_AND_ORGANIZATION_ROLE ( 'classification_officer' ) ;
#837 = APPLIED_DOCUMENT_REFERENCE ( #1915,'',( #2812) ) ;
#838 = ROLE_ASSOCIATION ( #1171, #3269 ) ;
#839 = PRODUCT ( 'asml_eslabon_BC_externav4', 'asml_eslabon_BC_externav4', '', ( #1702 ) ) ;
#840 = PERSON_AND_ORGANIZATION_ROLE ( 'design_supplier' ) ;
#841 = OBJECT_ROLE ('mandatory',$ ) ;
#842 = COORDINATED_UNIVERSAL_TIME_OFFSET ( 3, 0, .BEHIND. ) ;
#843 = APPROVAL_DATE_TIME ( #3252, #3638 ) ;
#844 = APPLICATION_CONTEXT ( 'configuration controlled 3d designs of mechanical parts and assemblies' ) ;
#845 = DATE_AND_TIME ( #1923, #1967 ) ;
#846 = PERSON_AND_ORGANIZATION ( #3983, #18446744073709551615 ) ;
#847 = CC_DESIGN_PERSON_AND_ORGANIZATION_ASSIGNMENT ( #3660, #1939, ( #1039 ) ) ;
#848 = PROPERTY_DEFINITION_REPRESENTATION ( #2768, #2632 ) ;
#849 = PROPERTY_DEFINITION_REPRESENTATION ( #3223, #4001 ) ;
#850 = DIRECTION ( 'NONE',  ( -2.888458052588177351E-16, 0.4922407701250057221, -0.8704590881981425499 ) ) ;
#851 = APPROVAL_ROLE ( '' ) ;
#852 = APPLIED_DOCUMENT_REFERENCE ( #2494,'',( #2812) ) ;
#853 = SECURITY_CLASSIFICATION_LEVEL ( 'unclassified' ) ;
#854 = ROLE_ASSOCIATION ( #711, #882 ) ;
#855 = DATE_TIME_ROLE ( 'classification_date' ) ;
#856 = CC_DESIGN_APPROVAL ( #834, ( #1140 ) ) ;
#857 = COORDINATED_UNIVERSAL_TIME_OFFSET ( 3, 0, .BEHIND. ) ;
#858 = APPROVAL_ROLE ( '' ) ;
#859 = EXTERNAL_SOURCE (IDENTIFIER('') ) ;
#860 = ORGANIZATION ( 'NAUO-ORG18', 'UNSPECIFIED', 'UNSPECIFIED' ) ;
#861 = APPROVAL ( #806, 'Coincidente' ) ;
#862 = LOCAL_TIME ( 10, 32, 43.00000000000000000, #2078 ) ;
#863 = CC_DESIGN_PERSON_AND_ORGANIZATION_ASSIGNMENT ( #2771, #2075, ( #813 ) ) ;
#864 = APPROVAL_DATE_TIME ( #1113, #2542 ) ;
#865 = APPROVAL ( #1418, 'UNKNOWN' ) ;
#866 = PERSON_AND_ORGANIZATION_ROLE ( 'classification_officer' ) ;
#867 = APPROVAL_STATUS ( 'not_yet_approved' ) ;
#868 = EXTERNAL_SOURCE (IDENTIFIER('') ) ;
#869 = LOCAL_TIME ( 10, 32, 43.00000000000000000, #999 ) ;
#870 = PRODUCT_DEFINITION_SHAPE ( 'NONE', 'NONE',  #624 ) ;
#871 = PERSON_AND_ORGANIZATION_ROLE ( 'classification_officer' ) ;
#872 = DATE_TIME_ROLE ( 'classification_date' ) ;
#873 = LOCAL_TIME ( 10, 32, 43.00000000000000000, #3819 ) ;
#874 = CARTESIAN_POINT ( 'NONE',  ( -351.9397650056625935, -71.76386973475315756, 914.7256609007408770 ) ) ;
#875 = AXIS2_PLACEMENT_3D ( 'NONE', #3810, #2736, #1119 ) ;
#876 = PROPERTY_DEFINITION ('external definition','', #1855 ) ;
#877 = CC_DESIGN_APPROVAL ( #330, ( #395 ) ) ;
#878 = AXIS2_PLACEMENT_3D ( 'NONE', #4075, #1008, #1030 ) ;
#879 = MECHANICAL_CONTEXT ( 'NONE', #844, 'mechanical' ) ;
#880 = SECURITY_CLASSIFICATION_LEVEL ( 'unclassified' ) ;
#881 = COORDINATED_UNIVERSAL_TIME_OFFSET ( 3, 0, .BEHIND. ) ;
#882 = APPLIED_DOCUMENT_REFERENCE ( #3881,'',( #1475) ) ;
#883 = CC_DESIGN_APPROVAL ( #3624, ( #2454 ) ) ;
#884 = PERSON_AND_ORGANIZATION_ROLE ( 'creator' ) ;
#885 = PERSON ( 'NAUO-PER43', 'UNSPECIFIED', 'UNSPECIFIED', ('UNSPECIFIED'), ('UNSPECIFIED'), ('UNSPECIFIED') ) ;
#886 = APPLICATION_PROTOCOL_DEFINITION ( 'international standard', 'config_control_design', 1994, #1767 ) ;
#887 = PROPERTY_DEFINITION_REPRESENTATION ( #2653, #1707 ) ;
#888 =( REPRESENTATION_RELATIONSHIP ('NONE','NONE', #1787, #4030 ) REPRESENTATION_RELATIONSHIP_WITH_TRANSFORMATION ( #4073 )SHAPE_REPRESENTATION_RELATIONSHIP( ) );
#889 = SECURITY_CLASSIFICATION_LEVEL ( 'unclassified' ) ;
#890 = DOCUMENT_FILE ( 'hexagon_nut_M3_plain.STEP' , '', '', #1953, '' ,$ ) ;
#891 = LOCAL_TIME ( 10, 32, 43.00000000000000000, #1817 ) ;
#892 = COORDINATED_UNIVERSAL_TIME_OFFSET ( 3, 0, .BEHIND. ) ;
#893 =( NAMED_UNIT ( * ) SI_UNIT ( $, .STERADIAN. ) SOLID_ANGLE_UNIT ( ) );
#894 = APPLIED_EXTERNAL_IDENTIFICATION_ASSIGNMENT ( 'cabeza_v31.STEP' , #448, #1844,( #3886) ) ;
#895 = CC_DESIGN_SECURITY_CLASSIFICATION ( #2613, ( #4444 ) ) ;
#896 = ITEM_DEFINED_TRANSFORMATION ( 'NONE', 'NONE', #4312,  #1014 ) ;
#897 = APPROVAL_DATE_TIME ( #1222, #535 ) ;
#898 = OBJECT_ROLE ('mandatory',$ ) ;
#899 = CC_DESIGN_SECURITY_CLASSIFICATION ( #825, ( #4434 ) ) ;
#901 = DIRECTION ( 'NONE',  ( 1.000000000000000000, -5.092182001371081868E-24, -6.097271086884445796E-24 ) ) ;
#900 = APPROVAL ( #1296, 'UNKNOWN' ) ;
#902 = APPROVAL ( #2998, 'Coincidente' ) ;
#903 = SECURITY_CLASSIFICATION_LEVEL ( 'unclassified' ) ;
#904 = DATE_AND_TIME ( #3964, #1816 ) ;
#905 = PROPERTY_DEFINITION_REPRESENTATION ( #465, #4030 ) ;
#906 = ITEM_DEFINED_TRANSFORMATION ( 'NONE', 'NONE', #2246,  #1014 ) ;
#907 = APPROVAL_ROLE ( '' ) ;
#908 = PERSON_AND_ORGANIZATION ( #3983, #18446744073709551615 ) ;
#909 =( REPRESENTATION_RELATIONSHIP ('NONE','NONE', #1787, #321 ) REPRESENTATION_RELATIONSHIP_WITH_TRANSFORMATION ( #2711 )SHAPE_REPRESENTATION_RELATIONSHIP( ) );
#910 = MECHANICAL_CONTEXT ( 'NONE', #1619, 'mechanical' ) ;
#911 = COORDINATED_UNIVERSAL_TIME_OFFSET ( 3, 0, .BEHIND. ) ;
#912 = DIRECTION ( 'NONE',  ( 1.000000000000000000, 0.000000000000000000, 0.000000000000000000 ) ) ;
#913 = PERSON_AND_ORGANIZATION_ROLE ( 'classification_officer' ) ;
#914 = PROPERTY_DEFINITION ('external definition','', #3901 ) ;
#915 = CC_DESIGN_DATE_AND_TIME_ASSIGNMENT ( #774, #2573, ( #2304 ) ) ;
#916 = COORDINATED_UNIVERSAL_TIME_OFFSET ( 3, 0, .BEHIND. ) ;
#917 =( LENGTH_UNIT ( ) NAMED_UNIT ( * ) SI_UNIT ( .MILLI., .METRE. ) );
#918 = PERSON_AND_ORGANIZATION_ROLE ( 'classification_officer' ) ;
#919 = CARTESIAN_POINT ( 'NONE',  ( -326.6897650056625366, -27.92802993329714312, 935.9262547508511716 ) ) ;
#920 =( REPRESENTATION_RELATIONSHIP ('NONE','NONE', #1787, #4030 ) REPRESENTATION_RELATIONSHIP_WITH_TRANSFORMATION ( #896 )SHAPE_REPRESENTATION_RELATIONSHIP( ) );
#921 = DATE_TIME_ROLE ( 'creation_date' ) ;
#922 = DATE_AND_TIME ( #4241, #2645 ) ;
#923 = PERSON_AND_ORGANIZATION ( #4194, #3895 ) ;
#924 = APPROVAL ( #3217, 'UNKNOWN' ) ;
#925 = SECURITY_CLASSIFICATION_LEVEL ( 'unclassified' ) ;
#926 = DESIGN_CONTEXT ( 'detailed design', #313, 'design' ) ;
#927 = APPROVAL_DATE_TIME ( #3745, #2677 ) ;
#928 = COORDINATED_UNIVERSAL_TIME_OFFSET ( 3, 0, .BEHIND. ) ;
#929 =( REPRESENTATION_RELATIONSHIP ('NONE','NONE', #1787, #3564 ) REPRESENTATION_RELATIONSHIP_WITH_TRANSFORMATION ( #2320 )SHAPE_REPRESENTATION_RELATIONSHIP( ) );
#930 = APPLICATION_CONTEXT ( 'configuration controlled 3d designs of mechanical parts and assemblies' ) ;
#931 = APPROVAL ( #2964, 'UNKNOWN' ) ;
#932 = APPROVAL_ROLE ( '' ) ;
#933 = PROPERTY_DEFINITION_REPRESENTATION ( #3400, #4001 ) ;
#934 = LOCAL_TIME ( 10, 32, 43.00000000000000000, #3936 ) ;
#935 = APPLICATION_PROTOCOL_DEFINITION ( 'international standard', 'config_control_design', 1994, #2985 ) ;
#936 = DIRECTION ( 'NONE',  ( 0.000000000000000000, 0.000000000000000000, 1.000000000000000000 ) ) ;
#937 = PERSON ( 'NAUO-PER3', 'UNSPECIFIED', 'UNSPECIFIED', ('UNSPECIFIED'), ('UNSPECIFIED'), ('UNSPECIFIED') ) ;
#938 = APPLIED_EXTERNAL_IDENTIFICATION_ASSIGNMENT ( 'asml_eslabon_BC_externav4.STEP' , #655, #1056,( #3577) ) ;
#939 = DATE_AND_TIME ( #2704, #4182 ) ;
#940 = PERSON_AND_ORGANIZATION_ROLE ( 'classification_officer' ) ;
#941 = CARTESIAN_POINT ( 'NONE',  ( -155.1397650056625253, 0.5668338562405377257, 1000.237468962737807 ) ) ;
#942 = CC_DESIGN_APPROVAL ( #2302, ( #4085 ) ) ;
#943 = LOCAL_TIME ( 10, 32, 43.00000000000000000, #703 ) ;
#944 = CALENDAR_DATE ( 2026, 14, 9 ) ;
#945 = CONTEXT_DEPENDENT_SHAPE_REPRESENTATION ( #1150, #247 ) ;
#946 = AXIS2_PLACEMENT_3D ( 'NONE', #2822, #2090, #399 ) ;
#947 = PRODUCT_DEFINITION_SHAPE ( 'NONE', 'NONE',  #1743 ) ;
#948 = APPROVAL_DATE_TIME ( #1298, #2918 ) ;
#949 = LOCAL_TIME ( 10, 32, 43.00000000000000000, #383 ) ;
#950 = EXTERNAL_SOURCE (IDENTIFIER('') ) ;
#951 = APPROVAL ( #3275, 'Coincidente' ) ;
#952 = PROPERTY_DEFINITION ('document property','', #1380 ) ;
#953 = APPROVAL_STATUS ( 'not_yet_approved' ) ;
#954 = APPROVAL_ROLE ( '' ) ;
#955 = LOCAL_TIME ( 10, 32, 43.00000000000000000, #2074 ) ;
#956 = APPROVAL ( #3286, 'UNKNOWN' ) ;
#957 = APPROVAL ( #4372, 'Coincidente' ) ;
#958 =( REPRESENTATION_RELATIONSHIP ('NONE','NONE', #1787, #3922 ) REPRESENTATION_RELATIONSHIP_WITH_TRANSFORMATION ( #1839 )SHAPE_REPRESENTATION_RELATIONSHIP( ) );
#959 = CC_DESIGN_PERSON_AND_ORGANIZATION_ASSIGNMENT ( #4346, #1626, ( #2721 ) ) ;
#960 = APPROVAL_STATUS ( 'not_yet_approved' ) ;
#961 = CALENDAR_DATE ( 2026, 14, 9 ) ;
#962 = PERSON_AND_ORGANIZATION ( #3983, #18446744073709551615 ) ;
#963 =( NAMED_UNIT ( * ) SI_UNIT ( $, .STERADIAN. ) SOLID_ANGLE_UNIT ( ) );
#964 = CC_DESIGN_APPROVAL ( #3308, ( #2392 ) ) ;
#965 = CALENDAR_DATE ( 2026, 14, 9 ) ;
#966 = DATE_AND_TIME ( #623, #128 ) ;
#967 = DIRECTION ( 'NONE',  ( -3.318316107711255531E-16, -1.010101592536828286E-22, -1.000000000000000000 ) ) ;
#968 = LOCAL_TIME ( 10, 32, 43.00000000000000000, #2185 ) ;
#969 = APPROVAL_PERSON_ORGANIZATION ( #1780, #1085, #403 ) ;
#970 = LOCAL_TIME ( 10, 32, 43.00000000000000000, #2076 ) ;
#971 = DATE_TIME_ROLE ( 'classification_date' ) ;
#972 = APPROVAL_PERSON_ORGANIZATION ( #1651, #900, #1012 ) ;
#973 = APPROVAL ( #3448, 'UNKNOWN' ) ;
#974 = PERSON_AND_ORGANIZATION ( #3983, #18446744073709551615 ) ;
#975 = APPROVAL_PERSON_ORGANIZATION ( #1883, #581, #4210 ) ;
#976 = UNCERTAINTY_MEASURE_WITH_UNIT (LENGTH_MEASURE( 1.000000000000000082E-05 ), #1200, 'distance_accuracy_value', 'NONE');
#977 = PERSON_AND_ORGANIZATION_ROLE ( 'design_owner' ) ;
#978 = DATE_TIME_ROLE ( 'classification_date' ) ;
#979 = CALENDAR_DATE ( 2026, 14, 9 ) ;
#980 = CC_DESIGN_SECURITY_CLASSIFICATION ( #1116, ( #4420 ) ) ;
#981 = EXTERNAL_SOURCE (IDENTIFIER('') ) ;
#982 = APPROVAL_ROLE ( '' ) ;
#983 = CALENDAR_DATE ( 2026, 14, 9 ) ;
#984 = DIRECTION ( 'NONE',  ( 1.000000000000000000, 0.000000000000000000, 0.000000000000000000 ) ) ;
#985 = IDENTIFICATION_ROLE ( 'external document id and location', $) ;
#986 = APPROVAL_ROLE ( '' ) ;
#987 = DATE_AND_TIME ( #1007, #2522 ) ;
#988 = DIRECTION ( 'NONE',  ( 0.000000000000000000, -0.3480396247893189909, -0.9374798235570247495 ) ) ;
#989 = CC_DESIGN_DATE_AND_TIME_ASSIGNMENT ( #259, #1684, ( #1039 ) ) ;
#990 =( REPRESENTATION_RELATIONSHIP ('NONE','NONE', #1787, #4030 ) REPRESENTATION_RELATIONSHIP_WITH_TRANSFORMATION ( #462 )SHAPE_REPRESENTATION_RELATIONSHIP( ) );
#991 = APPROVAL_ROLE ( '' ) ;
#992 = PERSON_AND_ORGANIZATION_ROLE ( 'classification_officer' ) ;
#993 = CALENDAR_DATE ( 2026, 14, 9 ) ;
#994 = PERSON ( 'NAUO-PER31', 'UNSPECIFIED', 'UNSPECIFIED', ('UNSPECIFIED'), ('UNSPECIFIED'), ('UNSPECIFIED') ) ;
#995 = SHAPE_DEFINITION_REPRESENTATION ( #2715, #3593 ) ;
#996 = PROPERTY_DEFINITION_REPRESENTATION ( #576, #3250 ) ;
#997 = APPLIED_DOCUMENT_REFERENCE ( #1304,'',( #3666) ) ;
#998 = DIRECTION ( 'NONE',  ( 0.000000000000000000, 0.000000000000000000, 1.000000000000000000 ) ) ;
#999 = COORDINATED_UNIVERSAL_TIME_OFFSET ( 3, 0, .BEHIND. ) ;
#1000 = MECHANICAL_CONTEXT ( 'NONE', #2018, 'mechanical' ) ;
#1001 = DIRECTION ( 'NONE',  ( 1.000000000000000000, 0.000000000000000000, 0.000000000000000000 ) ) ;
#1002 = PRODUCT_DEFINITION ( 'General', '', #3737, #415 ) ;
#1003 = APPROVAL ( #724, 'Coincidente' ) ;
#1004 = CC_DESIGN_DATE_AND_TIME_ASSIGNMENT ( #1397, #3517, ( #1116 ) ) ;
#1005 = CC_DESIGN_SECURITY_CLASSIFICATION ( #4078, ( #4399 ) ) ;
#1006 = APPROVAL_STATUS ( 'not_yet_approved' ) ;
#1007 = CALENDAR_DATE ( 2026, 14, 9 ) ;
#1008 = DIRECTION ( 'NONE',  ( 1.000000000000000000, 1.010101592536828286E-22, 3.676798640166183369E-23 ) ) ;
#1009 = IDENTIFICATION_ROLE ( 'external document id and location', $) ;
#1010 = LOCAL_TIME ( 10, 32, 43.00000000000000000, #3443 ) ;
#1011 = CALENDAR_DATE ( 2026, 14, 9 ) ;
#1012 = APPROVAL_ROLE ( '' ) ;
#1013 = CC_DESIGN_SECURITY_CLASSIFICATION ( #427, ( #499 ) ) ;
#1014 = AXIS2_PLACEMENT_3D ( 'NONE', #2195, #998, #1261 ) ;
#1015 = APPROVAL_DATE_TIME ( #628, #902 ) ;
#1016 = PRODUCT_DEFINITION_SHAPE ( 'NONE', 'NONE',  #4443 ) ;
#1017 =( REPRESENTATION_RELATIONSHIP ('NONE','NONE', #1787, #4030 ) REPRESENTATION_RELATIONSHIP_WITH_TRANSFORMATION ( #906 )SHAPE_REPRESENTATION_RELATIONSHIP( ) );
#1018 = APPLICATION_CONTEXT ( 'configuration controlled 3d designs of mechanical parts and assemblies' ) ;
#1019 = APPROVAL_PERSON_ORGANIZATION ( #178, #951, #1577 ) ;
#1020 = PERSON_AND_ORGANIZATION_ROLE ( 'design_supplier' ) ;
#1021 = CALENDAR_DATE ( 2026, 14, 9 ) ;
#1022 = CC_DESIGN_APPROVAL ( #3824, ( #4238 ) ) ;
#1023 = AXIS2_PLACEMENT_3D ( 'NONE', #1425, #1409, #2807 ) ;
#1024 = CC_DESIGN_APPROVAL ( #3709, ( #2072 ) ) ;
#1025 = APPLICATION_PROTOCOL_DEFINITION ( 'international standard', 'config_control_design', 1994, #3991 ) ;
#1026 = PROPERTY_DEFINITION ('external definition','', #1547 ) ;
#1027 = PERSON_AND_ORGANIZATION ( #3983, #18446744073709551615 ) ;
#1028 = APPROVAL_STATUS ( 'not_yet_approved' ) ;
#1029 = SECURITY_CLASSIFICATION_LEVEL ( 'unclassified' ) ;
#1030 = DIRECTION ( 'NONE',  ( 3.676798640166183369E-23, -1.010101592536828286E-22, -1.000000000000000000 ) ) ;
#1031 = APPLIED_EXTERNAL_IDENTIFICATION_ASSIGNMENT ( 'hexagon_nut_M3_plain.STEP' , #165, #3812,( #2109) ) ;
#1032 = CC_DESIGN_PERSON_AND_ORGANIZATION_ASSIGNMENT ( #2971, #3069, ( #2613 ) ) ;
#1033 = APPROVAL_STATUS ( 'not_yet_approved' ) ;
#1034 = COORDINATED_UNIVERSAL_TIME_OFFSET ( 3, 0, .BEHIND. ) ;
#1035 = DOCUMENT_TYPE ( 'geometry' ) ;
#1036 = LOCAL_TIME ( 10, 32, 43.00000000000000000, #2922 ) ;
#1037 = CARTESIAN_POINT ( 'NONE',  ( -347.9397650056625366, -71.76386973475315756, 914.7256609007408770 ) ) ;
#1038 = CC_DESIGN_PERSON_AND_ORGANIZATION_ASSIGNMENT ( #2255, #1233, ( #2311 ) ) ;
#1039 = SECURITY_CLASSIFICATION ( '', '', #241 ) ;
#1040 = IDENTIFICATION_ROLE ( 'external document id and location', $) ;
#1041 = PERSON_AND_ORGANIZATION_ROLE ( 'creator' ) ;
#1042 = SECURITY_CLASSIFICATION_LEVEL ( 'unclassified' ) ;
#1043 = APPROVAL_DATE_TIME ( #4344, #2859 ) ;
#1044 = ITEM_DEFINED_TRANSFORMATION ( 'NONE', 'NONE', #2377,  #4234 ) ;
#1045 = CC_DESIGN_SECURITY_CLASSIFICATION ( #2615, ( #4433 ) ) ;
#1046 = LOCAL_TIME ( 10, 32, 43.00000000000000000, #2629 ) ;
#1047 = DATE_AND_TIME ( #1708, #368 ) ;
#1048 = DATE_AND_TIME ( #3032, #228 ) ;
#1049 = SECURITY_CLASSIFICATION ( '', '', #307 ) ;
#1050 = DATE_TIME_ROLE ( 'creation_date' ) ;
#1051 = OBJECT_ROLE ('mandatory',$ ) ;
#1052 = CALENDAR_DATE ( 2026, 14, 9 ) ;
#1053 = COORDINATED_UNIVERSAL_TIME_OFFSET ( 3, 0, .BEHIND. ) ;
#1054 = DIRECTION ( 'NONE',  ( -1.000000000000000000, -1.663373774732611359E-18, 3.458011104456797782E-17 ) ) ;
#1055 = DATE_AND_TIME ( #2776, #3203 ) ;
#1056 = EXTERNAL_SOURCE (IDENTIFIER('') ) ;
#1057 = APPROVAL_STATUS ( 'not_yet_approved' ) ;
#1058 = APPROVAL ( #3423, 'UNKNOWN' ) ;
#1059 = APPROVAL_ROLE ( '' ) ;
#1060 = APPLIED_DOCUMENT_REFERENCE ( #4111,'',( #2812) ) ;
#1061 = APPROVAL_DATE_TIME ( #3118, #2591 ) ;
#1062 = APPROVAL_ROLE ( '' ) ;
#1063 = DATE_TIME_ROLE ( 'classification_date' ) ;
#1064 = DOCUMENT_TYPE ( 'geometry' ) ;
#1065 = PERSON_AND_ORGANIZATION ( #3983, #18446744073709551615 ) ;
#1066 = APPROVAL_STATUS ( 'not_yet_approved' ) ;
#1067 = APPROVAL_STATUS ( 'not_yet_approved' ) ;
#1068 = OBJECT_ROLE ('mandatory',$ ) ;
#1069 = LOCAL_TIME ( 10, 32, 43.00000000000000000, #486 ) ;
#1070 = DOCUMENT_FILE ( 'arandela_m4.STEP' , '', '', #2273, '' ,$ ) ;
#1071 = LOCAL_TIME ( 10, 32, 43.00000000000000000, #2489 ) ;
#1072 = PROPERTY_DEFINITION ('external definition','', #538 ) ;
#1073 = CC_DESIGN_SECURITY_CLASSIFICATION ( #1214, ( #3005 ) ) ;
#1074 = APPROVAL_DATE_TIME ( #375, #3511 ) ;
#1075 = CONTEXT_DEPENDENT_SHAPE_REPRESENTATION ( #2139, #2280 ) ;
#1076 = APPLIED_DOCUMENT_REFERENCE ( #1139,'',( #2274) ) ;
#1077 = PROPERTY_DEFINITION_REPRESENTATION ( #3739, #4030 ) ;
#1078 = CC_DESIGN_SECURITY_CLASSIFICATION ( #3009, ( #1649 ) ) ;
#1079 = PRODUCT_DEFINITION_SHAPE ( 'NONE', 'NONE',  #4439 ) ;
#1080 = PROPERTY_DEFINITION ('document property','', #3850 ) ;
#1081 = CALENDAR_DATE ( 2026, 14, 9 ) ;
#1082 = DATE_AND_TIME ( #4157, #949 ) ;
#1083 = DOCUMENT_FILE ( 'eslabon_AD_tapa.STEP' , '', '', #3840, '' ,$ ) ;
#1084 = APPROVAL_PERSON_ORGANIZATION ( #3923, #54, #3617 ) ;
#1085 = APPROVAL ( #596, 'UNKNOWN' ) ;
#1086 = AXIS2_PLACEMENT_3D ( 'NONE', #3643, #936, #3108 ) ;
#1087 = CC_DESIGN_PERSON_AND_ORGANIZATION_ASSIGNMENT ( #351, #3112, ( #75 ) ) ;
#1088 = LOCAL_TIME ( 10, 32, 43.00000000000000000, #537 ) ;
#1089 = CC_DESIGN_PERSON_AND_ORGANIZATION_ASSIGNMENT ( #1537, #4279, ( #1506 ) ) ;
#1090 = IDENTIFICATION_ROLE ( 'external document id and location', $) ;
#1091 = LOCAL_TIME ( 10, 32, 43.00000000000000000, #1841 ) ;
#1092 = DATE_TIME_ROLE ( 'classification_date' ) ;
#1093 = CONTEXT_DEPENDENT_SHAPE_REPRESENTATION ( #3717, #3265 ) ;
#1094 = CC_DESIGN_SECURITY_CLASSIFICATION ( #1232, ( #4394 ) ) ;
#1095 = DIRECTION ( 'NONE',  ( 3.375950526480000498E-17, 0.1744731007068858475, 0.9846619405307208694 ) ) ;
#1096 = PERSON ( 'NAUO-PER42', 'UNSPECIFIED', 'UNSPECIFIED', ('UNSPECIFIED'), ('UNSPECIFIED'), ('UNSPECIFIED') ) ;
#1097 = OBJECT_ROLE ('mandatory',$ ) ;
#1098 = PERSON_AND_ORGANIZATION_ROLE ( 'classification_officer' ) ;
#1099 = DESIGN_CONTEXT ( 'detailed design', #695, 'design' ) ;
#1100 = SECURITY_CLASSIFICATION_LEVEL ( 'unclassified' ) ;
#1101 = CC_DESIGN_DATE_AND_TIME_ASSIGNMENT ( #417, #2411, ( #80 ) ) ;
#1102 = PERSON_AND_ORGANIZATION ( #1359, #4029 ) ;
#1103 = CC_DESIGN_APPROVAL ( #2542, ( #1827 ) ) ;
#1104 = PERSON_AND_ORGANIZATION_ROLE ( 'classification_officer' ) ;
#1105 = LOCAL_TIME ( 10, 32, 43.00000000000000000, #20 ) ;
#1106 = ORGANIZATION ( 'NAUO-ORG53', 'UNSPECIFIED', 'UNSPECIFIED' ) ;
#1107 = APPROVAL_STATUS ( 'not_yet_approved' ) ;
#1108 = PERSON_AND_ORGANIZATION_ROLE ( 'creator' ) ;
#1109 = PERSON_AND_ORGANIZATION ( #272, #754 ) ;
#1110 = CC_DESIGN_APPROVAL ( #1720, ( #3249 ) ) ;
#1111 = CC_DESIGN_APPROVAL ( #474, ( #1316 ) ) ;
#1112 = PRODUCT_DEFINITION_SHAPE ( 'NONE', 'NONE',  #3796 ) ;
#1113 = DATE_AND_TIME ( #32, #812 ) ;
#1114 = APPROVAL_STATUS ( 'not_yet_approved' ) ;
#1115 = DATE_AND_TIME ( #4252, #1157 ) ;
#1116 = SECURITY_CLASSIFICATION ( '', '', #3094 ) ;
#1117 = IDENTIFICATION_ROLE ( 'external document id and location', $) ;
#1118 = CALENDAR_DATE ( 2026, 14, 9 ) ;
#1119 = DIRECTION ( 'NONE',  ( -3.318316107711255531E-16, -1.010101592536828286E-22, -1.000000000000000000 ) ) ;
#1120 = CC_DESIGN_PERSON_AND_ORGANIZATION_ASSIGNMENT ( #666, #266, ( #2392 ) ) ;
#1121 = EXTERNAL_SOURCE (IDENTIFIER('') ) ;
#1122 = COORDINATED_UNIVERSAL_TIME_OFFSET ( 3, 0, .BEHIND. ) ;
#1123 = APPROVAL_DATE_TIME ( #1847, #834 ) ;
#1124 = CONTEXT_DEPENDENT_SHAPE_REPRESENTATION ( #2500, #495 ) ;
#1125 = CONTEXT_DEPENDENT_SHAPE_REPRESENTATION ( #2008, #2701 ) ;
#1126 = PERSON_AND_ORGANIZATION ( #3983, #18446744073709551615 ) ;
#1127 = DATE_AND_TIME ( #3158, #509 ) ;
#1128 = IDENTIFICATION_ROLE ( 'external document id and location', $) ;
#1129 = ITEM_DEFINED_TRANSFORMATION ( 'NONE', 'NONE', #733,  #2094 ) ;
#1130 = DATE_AND_TIME ( #791, #1036 ) ;
#1131 = PROPERTY_DEFINITION_REPRESENTATION ( #876, #786 ) ;
#1132 = COORDINATED_UNIVERSAL_TIME_OFFSET ( 3, 0, .BEHIND. ) ;
#1133 = CC_DESIGN_PERSON_AND_ORGANIZATION_ASSIGNMENT ( #1251, #3992, ( #2598 ) ) ;
#1134 = CC_DESIGN_PERSON_AND_ORGANIZATION_ASSIGNMENT ( #1944, #3302, ( #1649 ) ) ;
#1135 = APPROVAL_DATE_TIME ( #1476, #102 ) ;
#1136 = CC_DESIGN_PERSON_AND_ORGANIZATION_ASSIGNMENT ( #1785, #2498, ( #4232 ) ) ;
#1137 = DATE_TIME_ROLE ( 'classification_date' ) ;
#1138 = CALENDAR_DATE ( 2026, 14, 9 ) ;
#1139 = DOCUMENT_FILE ( 'socket_head_cap_screw_M4_l30mm_plain.STEP' , '', '', #1179, '' ,$ ) ;
#1140 = SECURITY_CLASSIFICATION ( '', '', #880 ) ;
#1141 = CALENDAR_DATE ( 2026, 14, 9 ) ;
#1142 = PRODUCT_DEFINITION_SHAPE ( 'NONE', 'NONE',  #4428 ) ;
#1143 = EXTERNAL_SOURCE (IDENTIFIER('') ) ;
#1144 = PERSON ( 'NAUO-PER7', 'UNSPECIFIED', 'UNSPECIFIED', ('UNSPECIFIED'), ('UNSPECIFIED'), ('UNSPECIFIED') ) ;
#1145 = LOCAL_TIME ( 10, 32, 43.00000000000000000, #2908 ) ;
#1146 = PERSON_AND_ORGANIZATION ( #3983, #18446744073709551615 ) ;
#1147 = PROPERTY_DEFINITION_REPRESENTATION ( #2775, #4001 ) ;
#1148 = LOCAL_TIME ( 10, 32, 43.00000000000000000, #2988 ) ;
#1149 = DIRECTION ( 'NONE',  ( 1.000000000000000000, 0.000000000000000000, 0.000000000000000000 ) ) ;
#1150 =( REPRESENTATION_RELATIONSHIP ('NONE','NONE', #1787, #4030 ) REPRESENTATION_RELATIONSHIP_WITH_TRANSFORMATION ( #4332 )SHAPE_REPRESENTATION_RELATIONSHIP( ) );
#1151 = APPLICATION_CONTEXT ( 'configuration controlled 3d designs of mechanical parts and assemblies' ) ;
#1152 = LOCAL_TIME ( 10, 32, 43.00000000000000000, #445 ) ;
#1153 = APPROVAL_ROLE ( '' ) ;
#1154 = CALENDAR_DATE ( 2026, 14, 9 ) ;
#1155 = PERSON_AND_ORGANIZATION ( #3983, #18446744073709551615 ) ;
#1156 = APPROVAL_PERSON_ORGANIZATION ( #4313, #3521, #2872 ) ;
#1157 = LOCAL_TIME ( 10, 32, 43.00000000000000000, #1132 ) ;
#1158 = LOCAL_TIME ( 10, 32, 43.00000000000000000, #731 ) ;
#1159 = ITEM_DEFINED_TRANSFORMATION ( 'NONE', 'NONE', #3592,  #4229 ) ;
#1160 = DATE_AND_TIME ( #3485, #1430 ) ;
#1161 = DIRECTION ( 'NONE',  ( 1.000000000000000000, 0.000000000000000000, -3.318315740031391761E-16 ) ) ;
#1162 = CALENDAR_DATE ( 2026, 14, 9 ) ;
#1163 = APPROVAL_DATE_TIME ( #122, #973 ) ;
#1164 = CALENDAR_DATE ( 2026, 14, 9 ) ;
#1165 = COORDINATED_UNIVERSAL_TIME_OFFSET ( 3, 0, .BEHIND. ) ;
#1166 = PERSON_AND_ORGANIZATION_ROLE ( 'creator' ) ;
#1167 = APPROVAL ( #2869, 'Coincidente' ) ;
#1168 = CC_DESIGN_SECURITY_CLASSIFICATION ( #3822, ( #4440 ) ) ;
#1169 = PERSON_AND_ORGANIZATION ( #3983, #18446744073709551615 ) ;
#1170 = ITEM_DEFINED_TRANSFORMATION ( 'NONE', 'NONE', #1815,  #1726 ) ;
#1171 = OBJECT_ROLE ('mandatory',$ ) ;
#1172 = APPROVAL_PERSON_ORGANIZATION ( #617, #2859, #1059 ) ;
#1173 =( NAMED_UNIT ( * ) PLANE_ANGLE_UNIT ( ) SI_UNIT ( $, .RADIAN. ) );
#1174 = CC_DESIGN_SECURITY_CLASSIFICATION ( #308, ( #4426 ) ) ;
#1175 = CC_DESIGN_SECURITY_CLASSIFICATION ( #2755, ( #4454 ) ) ;
#1176 = DATE_AND_TIME ( #131, #2680 ) ;
#1177 = SHAPE_REPRESENTATION ( 'eslabon_AD_tapa', ( #656 ), #1655 ) ;
#1178 = APPROVAL_STATUS ( 'not_yet_approved' ) ;
#1179 = DOCUMENT_TYPE ( 'geometry' ) ;
#1180 = LOCAL_TIME ( 10, 32, 43.00000000000000000, #1757 ) ;
#1181 = COORDINATED_UNIVERSAL_TIME_OFFSET ( 3, 0, .BEHIND. ) ;
#1182 = ITEM_DEFINED_TRANSFORMATION ( 'NONE', 'NONE', #3298,  #505 ) ;
#1183 = SECURITY_CLASSIFICATION ( '', '', #1458 ) ;
#1184 = DIRECTION ( 'NONE',  ( 1.752746652055937273E-16, 5.855621395903328988E-16, 1.000000000000000000 ) ) ;
#1185 = PROPERTY_DEFINITION ('document property','', #3023 ) ;
#1186 = CALENDAR_DATE ( 2026, 14, 9 ) ;
#1187 = APPROVAL_ROLE ( '' ) ;
#1188 = DOCUMENT_FILE ( 'arandela_m4.STEP' , '', '', #111, '' ,$ ) ;
#1189 = PERSON_AND_ORGANIZATION ( #2910, #831 ) ;
#1190 = PRODUCT ( 'arandela_m4', 'arandela_m4', '', ( #240 ) ) ;
#1191 = CALENDAR_DATE ( 2026, 14, 9 ) ;
#1192 = CC_DESIGN_PERSON_AND_ORGANIZATION_ASSIGNMENT ( #1862, #1888, ( #506 ) ) ;
#1193 = PROPERTY_DEFINITION ('document property','', #2084 ) ;
#1194 = CC_DESIGN_DATE_AND_TIME_ASSIGNMENT ( #4264, #1499, ( #3620 ) ) ;
#1195 = DATE_TIME_ROLE ( 'classification_date' ) ;
#1196 = APPLIED_DOCUMENT_REFERENCE ( #4273,'',( #2072) ) ;
#1197 = OBJECT_ROLE ('mandatory',$ ) ;
#1198 = ITEM_DEFINED_TRANSFORMATION ( 'NONE', 'NONE', #3155,  #1014 ) ;
#1199 = APPLICATION_PROTOCOL_DEFINITION ( 'international standard', 'config_control_design', 1994, #1789 ) ;
#1200 =( LENGTH_UNIT ( ) NAMED_UNIT ( * ) SI_UNIT ( .MILLI., .METRE. ) );
#1201 = COORDINATED_UNIVERSAL_TIME_OFFSET ( 3, 0, .BEHIND. ) ;
#1202 = ROLE_ASSOCIATION ( #3029, #1518 ) ;
#1203 = IDENTIFICATION_ROLE ( 'external document id and location', $) ;
#1204 = CALENDAR_DATE ( 2026, 14, 9 ) ;
#1205 = SECURITY_CLASSIFICATION_LEVEL ( 'unclassified' ) ;
#1206 = COORDINATED_UNIVERSAL_TIME_OFFSET ( 3, 0, .BEHIND. ) ;
#1207 = DATE_AND_TIME ( #2915, #1315 ) ;
#1208 = APPROVAL_STATUS ( 'not_yet_approved' ) ;
#1209 = OBJECT_ROLE ('mandatory',$ ) ;
#1210 = CC_DESIGN_SECURITY_CLASSIFICATION ( #4293, ( #4401 ) ) ;
#1211 = COORDINATED_UNIVERSAL_TIME_OFFSET ( 3, 0, .BEHIND. ) ;
#1212 = PROPERTY_DEFINITION_REPRESENTATION ( #1943, #4386 ) ;
#1213 = CC_DESIGN_APPROVAL ( #2501, ( #350 ) ) ;
#1214 = SECURITY_CLASSIFICATION ( '', '', #180 ) ;
#1215 = COORDINATED_UNIVERSAL_TIME_OFFSET ( 3, 0, .BEHIND. ) ;
#1216 = PERSON_AND_ORGANIZATION ( #770, #1762 ) ;
#1217 = PERSON_AND_ORGANIZATION ( #3983, #18446744073709551615 ) ;
#1218 = CC_DESIGN_PERSON_AND_ORGANIZATION_ASSIGNMENT ( #1947, #2948, ( #3335 ) ) ;
#1219 = APPROVAL_PERSON_ORGANIZATION ( #2382, #3884, #3996 ) ;
#1220 = AXIS2_PLACEMENT_3D ( 'NONE', #2884, #4258, #1184 ) ;
#1221 = DATE_AND_TIME ( #181, #3972 ) ;
#1222 = DATE_AND_TIME ( #2952, #712 ) ;
#1223 = CC_DESIGN_SECURITY_CLASSIFICATION ( #1374, ( #4232 ) ) ;
#1224 = CARTESIAN_POINT ( 'NONE',  ( -347.2397650056625480, -18.10177962250956085, 954.1659291167819674 ) ) ;
#1225 = LOCAL_TIME ( 10, 32, 43.00000000000000000, #3438 ) ;
#1226 = CC_DESIGN_APPROVAL ( #3238, ( #1445 ) ) ;
#1227 = DOCUMENT_TYPE ( 'geometry' ) ;
#1228 = AXIS2_PLACEMENT_3D ( 'NONE', #2315, #4008, #2991 ) ;
#1229 = DATE_AND_TIME ( #1204, #1088 ) ;
#1230 = ITEM_DEFINED_TRANSFORMATION ( 'NONE', 'NONE', #3872,  #1437 ) ;
#1231 = CALENDAR_DATE ( 2026, 14, 9 ) ;
#1232 = SECURITY_CLASSIFICATION ( '', '', #3786 ) ;
#1233 = PERSON_AND_ORGANIZATION_ROLE ( 'design_owner' ) ;
#1234 = APPROVAL ( #1318, 'UNKNOWN' ) ;
#1235 = APPLICATION_PROTOCOL_DEFINITION ( 'international standard', 'config_control_design', 1994, #1619 ) ;
#1236 = PERSON_AND_ORGANIZATION_ROLE ( 'classification_officer' ) ;
#1237 = APPLICATION_CONTEXT ( 'configuration controlled 3d designs of mechanical parts and assemblies' ) ;
#1238 = PROPERTY_DEFINITION_REPRESENTATION ( #3726, #4030 ) ;
#1239 = LOCAL_TIME ( 10, 32, 43.00000000000000000, #2750 ) ;
#1240 = APPLICATION_PROTOCOL_DEFINITION ( 'international standard', 'config_control_design', 1994, #3296 ) ;
#1241 =( NAMED_UNIT ( * ) PLANE_ANGLE_UNIT ( ) SI_UNIT ( $, .RADIAN. ) );
#1242 = APPROVAL_STATUS ( 'not_yet_approved' ) ;
#1243 = SECURITY_CLASSIFICATION ( '', '', #262 ) ;
#1244 = APPROVAL_DATE_TIME ( #3576, #4028 ) ;
#1245 = DATE_TIME_ROLE ( 'classification_date' ) ;
#1246 = SECURITY_CLASSIFICATION ( '', '', #4059 ) ;
#1247 = DIRECTION ( 'NONE',  ( -0.9999999999999998890, -1.579558779837027360E-22, -8.463236784153259708E-23 ) ) ;
#1248 = PERSON ( 'NAUO-PER5', 'UNSPECIFIED', 'UNSPECIFIED', ('UNSPECIFIED'), ('UNSPECIFIED'), ('UNSPECIFIED') ) ;
#1249 = SECURITY_CLASSIFICATION_LEVEL ( 'unclassified' ) ;
#1250 = PROPERTY_DEFINITION_REPRESENTATION ( #3078, #786 ) ;
#1251 = PERSON_AND_ORGANIZATION ( #3983, #18446744073709551615 ) ;
#1252 = APPROVAL_STATUS ( 'not_yet_approved' ) ;
#1253 = PERSON_AND_ORGANIZATION_ROLE ( 'classification_officer' ) ;
#1254 = PROPERTY_DEFINITION_REPRESENTATION ( #2317, #4030 ) ;
#1255 = CC_DESIGN_PERSON_AND_ORGANIZATION_ASSIGNMENT ( #4019, #2635, ( #3965 ) ) ;
#1256 = COORDINATED_UNIVERSAL_TIME_OFFSET ( 3, 0, .BEHIND. ) ;
#1257 = PROPERTY_DEFINITION ('external definition','', #2695 ) ;
#1258 = EXTERNAL_SOURCE (IDENTIFIER('') ) ;
#1259 = PERSON_AND_ORGANIZATION ( #3983, #18446744073709551615 ) ;
#1260 = ITEM_DEFINED_TRANSFORMATION ( 'NONE', 'NONE', #2804,  #4087 ) ;
#1261 = DIRECTION ( 'NONE',  ( 1.000000000000000000, 0.000000000000000000, 0.000000000000000000 ) ) ;
#1262 = OBJECT_ROLE ('mandatory',$ ) ;
#1263 = APPROVAL_STATUS ( 'not_yet_approved' ) ;
#1264 = APPROVAL_ROLE ( '' ) ;
#1265 = DIRECTION ( 'NONE',  ( 0.000000000000000000, 0.000000000000000000, 1.000000000000000000 ) ) ;
#1266 = COORDINATED_UNIVERSAL_TIME_OFFSET ( 3, 0, .BEHIND. ) ;
#1267 = EXTERNAL_SOURCE (IDENTIFIER('') ) ;
#1268 = PROPERTY_DEFINITION_REPRESENTATION ( #2166, #4001 ) ;
#1269 = DIRECTION ( 'NONE',  ( 0.9999999999999998890, 6.601433048446705128E-17, -1.319213502522104773E-16 ) ) ;
#1270 = PRODUCT_RELATED_PRODUCT_CATEGORY ( 'detail', '', ( #3627 ) ) ;
#1271 = CC_DESIGN_DATE_AND_TIME_ASSIGNMENT ( #544, #564, ( #4094 ) ) ;
#1272 = APPROVAL ( #3449, 'UNKNOWN' ) ;
#1273 = COORDINATED_UNIVERSAL_TIME_OFFSET ( 3, 0, .BEHIND. ) ;
#1274 = APPLIED_DOCUMENT_REFERENCE ( #1188,'',( #2812) ) ;
#1275 = CC_DESIGN_DATE_AND_TIME_ASSIGNMENT ( #677, #1703, ( #3796 ) ) ;
#1276 = PERSON_AND_ORGANIZATION_ROLE ( 'design_owner' ) ;
#1277 = CC_DESIGN_PERSON_AND_ORGANIZATION_ASSIGNMENT ( #291, #1668, ( #499 ) ) ;
#1278 = PERSON_AND_ORGANIZATION ( #3983, #18446744073709551615 ) ;
#1279 = COORDINATED_UNIVERSAL_TIME_OFFSET ( 3, 0, .BEHIND. ) ;
#1280 = IDENTIFICATION_ROLE ( 'external document id and location', $) ;
#1281 = DIRECTION ( 'NONE',  ( 0.000000000000000000, 0.000000000000000000, 1.000000000000000000 ) ) ;
#1282 = LOCAL_TIME ( 10, 32, 43.00000000000000000, #4076 ) ;
#1283 = DATE_TIME_ROLE ( 'classification_date' ) ;
#1284 = DOCUMENT_FILE ( 'washer_M3.STEP' , '', '', #2783, '' ,$ ) ;
#1285 = APPLIED_EXTERNAL_IDENTIFICATION_ASSIGNMENT ( 'washer_M3.STEP' , #2435, #184,( #439) ) ;
#1286 = PERSON_AND_ORGANIZATION ( #3983, #18446744073709551615 ) ;
#1287 = EXTERNAL_SOURCE (IDENTIFIER('') ) ;
#1288 = APPROVAL_PERSON_ORGANIZATION ( #2882, #2283, #2552 ) ;
#1289 = CC_DESIGN_DATE_AND_TIME_ASSIGNMENT ( #1055, #1752, ( #1246 ) ) ;
#1290 = APPLIED_DOCUMENT_REFERENCE ( #575,'',( #3657) ) ;
#1291 = COORDINATED_UNIVERSAL_TIME_OFFSET ( 3, 0, .BEHIND. ) ;
#1292 = DIRECTION ( 'NONE',  ( 1.000000000000000000, -1.010101592536828286E-22, -3.318316107711255531E-16 ) ) ;
#1293 = CC_DESIGN_APPROVAL ( #2861, ( #1507 ) ) ;
#1294 = IDENTIFICATION_ROLE ( 'external document id and location', $) ;
#1295 = APPROVAL_PERSON_ORGANIZATION ( #3721, #1551, #1661 ) ;
#1296 = APPROVAL_STATUS ( 'not_yet_approved' ) ;
#1297 = AXIS2_PLACEMENT_3D ( 'NONE', #1477, #1520, #3937 ) ;
#1298 = DATE_AND_TIME ( #4014, #2939 ) ;
#1299 = APPROVAL_PERSON_ORGANIZATION ( #2510, #727, #4261 ) ;
#1300 = CC_DESIGN_APPROVAL ( #1386, ( #3228 ) ) ;
#1301 = PERSON_AND_ORGANIZATION ( #3983, #18446744073709551615 ) ;
#1302 = APPROVAL_DATE_TIME ( #631, #3162 ) ;
#1303 = CC_DESIGN_APPROVAL ( #2272, ( #2024 ) ) ;
#1304 = DOCUMENT_FILE ( 'socket_head_cap_screw_M3_l20mm_plain.STEP' , '', '', #1782, '' ,$ ) ;
#1305 = PERSON ( 'NAUO-PER10', 'UNSPECIFIED', 'UNSPECIFIED', ('UNSPECIFIED'), ('UNSPECIFIED'), ('UNSPECIFIED') ) ;
#1306 = CALENDAR_DATE ( 2026, 14, 9 ) ;
#1307 = APPROVAL_DATE_TIME ( #1906, #2603 ) ;
#1308 =( LENGTH_UNIT ( ) NAMED_UNIT ( * ) SI_UNIT ( .MILLI., .METRE. ) );
#1309 = APPROVAL ( #2572, 'UNKNOWN' ) ;
#1310 = SECURITY_CLASSIFICATION ( '', '', #734 ) ;
#1311 = DOCUMENT_FILE ( 'arandela_m4.STEP' , '', '', #3344, '' ,$ ) ;
#1312 = ITEM_DEFINED_TRANSFORMATION ( 'NONE', 'NONE', #586,  #1510 ) ;
#1313 = CARTESIAN_POINT ( 'NONE',  ( -328.2397650056624911, -18.10177962250956085, 954.1659291167819674 ) ) ;
#1314 = DOCUMENT_TYPE ( 'geometry' ) ;
#1315 = LOCAL_TIME ( 10, 32, 43.00000000000000000, #170 ) ;
#1316 = SECURITY_CLASSIFICATION ( '', '', #2866 ) ;
#1317 = CC_DESIGN_APPROVAL ( #1584, ( #308 ) ) ;
#1318 = APPROVAL_STATUS ( 'not_yet_approved' ) ;
#1319 = APPROVAL_PERSON_ORGANIZATION ( #2066, #3793, #14 ) ;
#1320 = APPLIED_DOCUMENT_REFERENCE ( #3023,'',( #3796) ) ;
#1321 = PERSON_AND_ORGANIZATION_ROLE ( 'creator' ) ;
#1322 = LOCAL_TIME ( 10, 32, 43.00000000000000000, #179 ) ;
#1323 = UNCERTAINTY_MEASURE_WITH_UNIT (LENGTH_MEASURE( 1.000000000000000082E-05 ), #1718, 'distance_accuracy_value', 'NONE');
#1324 = APPLICATION_PROTOCOL_DEFINITION ( 'international standard', 'config_control_design', 1994, #1237 ) ;
#1325 = COORDINATED_UNIVERSAL_TIME_OFFSET ( 3, 0, .BEHIND. ) ;
#1326 = DATE_AND_TIME ( #1640, #459 ) ;
#1327 = APPLIED_EXTERNAL_IDENTIFICATION_ASSIGNMENT ( 'arandela_m4.STEP' , #2101, #546,( #211) ) ;
#1328 = PRODUCT_RELATED_PRODUCT_CATEGORY ( 'detail', '', ( #506 ) ) ;
#1329 = CC_DESIGN_PERSON_AND_ORGANIZATION_ASSIGNMENT ( #1667, #2699, ( #212 ) ) ;
#1330 = CC_DESIGN_PERSON_AND_ORGANIZATION_ASSIGNMENT ( #367, #707, ( #1681 ) ) ;
#1331 = PROPERTY_DEFINITION ('document property','', #1284 ) ;
#1332 = APPROVAL_DATE_TIME ( #1048, #1412 ) ;
#1333 = APPLICATION_PROTOCOL_DEFINITION ( 'international standard', 'config_control_design', 1994, #2619 ) ;
#1334 = APPROVAL ( #3931, 'Coincidente' ) ;
#1335 = DATE_AND_TIME ( #622, #3455 ) ;
#1336 = DOCUMENT_FILE ( 'arandela_m4.STEP' , '', '', #3164, '' ,$ ) ;
#1337 = DIRECTION ( 'NONE',  ( -0.9999999999999998890, -9.758285150474269030E-17, 9.183084003046741239E-17 ) ) ;
#1338 = PROPERTY_DEFINITION ('external definition','', #1761 ) ;
#1339 = DOCUMENT_FILE ( 'arandela_m4.STEP' , '', '', #4112, '' ,$ ) ;
#1340 = PROPERTY_DEFINITION_REPRESENTATION ( #3544, #3564 ) ;
#1341 = IDENTIFICATION_ROLE ( 'external document id and location', $) ;
#1342 = PERSON_AND_ORGANIZATION ( #3983, #18446744073709551615 ) ;
#1343 = COORDINATED_UNIVERSAL_TIME_OFFSET ( 3, 0, .BEHIND. ) ;
#1344 = ROLE_ASSOCIATION ( #3271, #2069 ) ;
#1345 = IDENTIFICATION_ROLE ( 'external document id and location', $) ;
#1346 = CARTESIAN_POINT ( 'NONE',  ( 0.000000000000000000, 0.000000000000000000, 0.000000000000000000 ) ) ;
#1347 = MECHANICAL_CONTEXT ( 'NONE', #773, 'mechanical' ) ;
#1348 = PERSON ( 'NAUO-PER65', 'UNSPECIFIED', 'UNSPECIFIED', ('UNSPECIFIED'), ('UNSPECIFIED'), ('UNSPECIFIED') ) ;
#1349 = DATE_AND_TIME ( #3753, #356 ) ;
#1350 =( NAMED_UNIT ( * ) SI_UNIT ( $, .STERADIAN. ) SOLID_ANGLE_UNIT ( ) );
#1351 = OBJECT_ROLE ('mandatory',$ ) ;
#1352 = CC_DESIGN_PERSON_AND_ORGANIZATION_ASSIGNMENT ( #3421, #2307, ( #1243 ) ) ;
#1353 = CC_DESIGN_SECURITY_CLASSIFICATION ( #1140, ( #4395 ) ) ;
#1354 = PROPERTY_DEFINITION_REPRESENTATION ( #1809, #4071 ) ;
#1355 = PROPERTY_DEFINITION_REPRESENTATION ( #794, #3536 ) ;
#1356 = PRODUCT_DEFINITION_SHAPE ( 'NONE', 'NONE',  #2812 ) ;
#1357 = APPROVAL ( #3902, 'Coincidente' ) ;
#1358 = DIRECTION ( 'NONE',  ( -0.9999999999999998890, 5.092182001371080399E-24, 6.097271086884439918E-24 ) ) ;
#1359 = PERSON ( 'NAUO-PER1', 'UNSPECIFIED', 'UNSPECIFIED', ('UNSPECIFIED'), ('UNSPECIFIED'), ('UNSPECIFIED') ) ;
#1360 = APPLIED_EXTERNAL_IDENTIFICATION_ASSIGNMENT ( 'arandela_m4.STEP' , #3398, #598,( #1070) ) ;
#1361 = PROPERTY_DEFINITION ('external definition','', #3349 ) ;
#1362 = COORDINATED_UNIVERSAL_TIME_OFFSET ( 3, 0, .BEHIND. ) ;
#1363 = CALENDAR_DATE ( 2026, 14, 9 ) ;
#1364 = APPROVAL_PERSON_ORGANIZATION ( #2597, #2999, #3958 ) ;
#1365 = DIRECTION ( 'NONE',  ( -3.318316107711255531E-16, -1.010101592536828286E-22, -1.000000000000000000 ) ) ;
#1366 = PROPERTY_DEFINITION ('document property','', #1139 ) ;
#1367 = CC_DESIGN_APPROVAL ( #2412, ( #3009 ) ) ;
#1368 = AXIS2_PLACEMENT_3D ( 'NONE', #292, #4070, #2455 ) ;
#1369 = UNCERTAINTY_MEASURE_WITH_UNIT (LENGTH_MEASURE( 1.000000000000000082E-05 ), #4275, 'distance_accuracy_value', 'NONE');
#1370 = COORDINATED_UNIVERSAL_TIME_OFFSET ( 3, 0, .BEHIND. ) ;
#1371 = PROPERTY_DEFINITION_REPRESENTATION ( #3469, #3250 ) ;
#1372 = APPLIED_DOCUMENT_REFERENCE ( #3772,'',( #2812) ) ;
#1373 = PROPERTY_DEFINITION_REPRESENTATION ( #3669, #4030 ) ;
#1374 = SECURITY_CLASSIFICATION ( '', '', #2105 ) ;
#1375 = CC_DESIGN_DATE_AND_TIME_ASSIGNMENT ( #4177, #1063, ( #308 ) ) ;
#1376 = CC_DESIGN_DATE_AND_TIME_ASSIGNMENT ( #3175, #3917, ( #1641 ) ) ;
#1377 = SECURITY_CLASSIFICATION_LEVEL ( 'unclassified' ) ;
#1378 = LOCAL_TIME ( 10, 32, 43.00000000000000000, #382 ) ;
#1379 = PERSON_AND_ORGANIZATION ( #3983, #18446744073709551615 ) ;
#1380 = DOCUMENT_FILE ( 'eslabon_CDP_v2.STEP' , '', '', #3000, '' ,$ ) ;
#1381 = EXTERNAL_SOURCE (IDENTIFIER('') ) ;
#1382 = PRODUCT_DEFINITION_SHAPE ( 'NONE', 'NONE',  #4422 ) ;
#1383 = APPROVAL_STATUS ( 'not_yet_approved' ) ;
#1384 = APPROVAL_STATUS ( 'not_yet_approved' ) ;
#1385 = CARTESIAN_POINT ( 'NONE',  ( -156.7397650056624627, -36.87420517428315492, 893.5749798985158350 ) ) ;
#1386 = APPROVAL ( #3041, 'UNKNOWN' ) ;
#1387 = APPLIED_EXTERNAL_IDENTIFICATION_ASSIGNMENT ( 'arandela_m4.STEP' , #3519, #1287,( #2337) ) ;
#1388 = APPLIED_DOCUMENT_REFERENCE ( #710,'',( #3657) ) ;
#1389 = PERSON_AND_ORGANIZATION_ROLE ( 'classification_officer' ) ;
#1390 = APPROVAL_PERSON_ORGANIZATION ( #123, #1272, #3195 ) ;
#1391 = DIRECTION ( 'NONE',  ( 3.318316107711255531E-16, 1.010101592536828286E-22, 1.000000000000000000 ) ) ;
#1392 = APPLIED_EXTERNAL_IDENTIFICATION_ASSIGNMENT ( 'DS3225_MG_metal_horn_D\X2\00e9\X0\faut.STEP' , #985, #748,( #2695) ) ;
#1393 = CC_DESIGN_APPROVAL ( #956, ( #2188 ) ) ;
#1394 = DATE_TIME_ROLE ( 'creation_date' ) ;
#1395 = PROPERTY_DEFINITION_REPRESENTATION ( #2406, #1563 ) ;
#1396 = APPROVAL_STATUS ( 'not_yet_approved' ) ;
#1397 = DATE_AND_TIME ( #2122, #1105 ) ;
#1398 = LOCAL_TIME ( 10, 32, 43.00000000000000000, #1053 ) ;
#1399 = APPROVAL_ROLE ( '' ) ;
#1400 = PRODUCT ( 'eslabon_AD_tapa', 'eslabon_AD_tapa', '', ( #1000 ) ) ;
#1401 = CALENDAR_DATE ( 2026, 14, 9 ) ;
#1402 = PERSON_AND_ORGANIZATION ( #336, #2894 ) ;
#1403 = APPLIED_EXTERNAL_IDENTIFICATION_ASSIGNMENT ( 'arandela_m4.STEP' , #245, #2470,( #4111) ) ;
#1404 = PERSON_AND_ORGANIZATION_ROLE ( 'creator' ) ;
#1405 =( REPRESENTATION_RELATIONSHIP ('NONE','NONE', #1787, #4030 ) REPRESENTATION_RELATIONSHIP_WITH_TRANSFORMATION ( #3177 )SHAPE_REPRESENTATION_RELATIONSHIP( ) );
#1406 = PROPERTY_DEFINITION_REPRESENTATION ( #4202, #4030 ) ;
#1407 = PROPERTY_DEFINITION ('document property','', #1336 ) ;
#1408 = PROPERTY_DEFINITION_REPRESENTATION ( #1407, #4030 ) ;
#1409 = DIRECTION ( 'NONE',  ( 1.000000000000000000, 1.010101592536828286E-22, 3.676798640166183369E-23 ) ) ;
#1410 = IDENTIFICATION_ROLE ( 'external document id and location', $) ;
#1411 = PERSON_AND_ORGANIZATION ( #4084, #3287 ) ;
#1412 = APPROVAL ( #2367, 'Coincidente' ) ;
#1413 = APPROVAL ( #1263, 'UNKNOWN' ) ;
#1414 = PERSON_AND_ORGANIZATION ( #3983, #18446744073709551615 ) ;
#1415 = COORDINATED_UNIVERSAL_TIME_OFFSET ( 3, 0, .BEHIND. ) ;
#1416 = APPROVAL ( #39, 'Coincidente' ) ;
#1417 = PROPERTY_DEFINITION_REPRESENTATION ( #1366, #3593 ) ;
#1418 = APPROVAL_STATUS ( 'not_yet_approved' ) ;
#1419 = CC_DESIGN_PERSON_AND_ORGANIZATION_ASSIGNMENT ( #1065, #4092, ( #1400 ) ) ;
#1420 = DATE_TIME_ROLE ( 'classification_date' ) ;
#1421 = PERSON_AND_ORGANIZATION ( #3983, #18446744073709551615 ) ;
#1422 = DATE_AND_TIME ( #1464, #2114 ) ;
#1423 = CALENDAR_DATE ( 2026, 14, 9 ) ;
#1424 = APPLIED_DOCUMENT_REFERENCE ( #2175,'',( #624) ) ;
#1425 = CARTESIAN_POINT ( 'NONE',  ( -156.7397650056624627, 57.13537635116443170, 946.7369830719312631 ) ) ;
#1426 =( REPRESENTATION_RELATIONSHIP ('NONE','NONE', #1787, #3536 ) REPRESENTATION_RELATIONSHIP_WITH_TRANSFORMATION ( #1614 )SHAPE_REPRESENTATION_RELATIONSHIP( ) );
#1427 = CC_DESIGN_PERSON_AND_ORGANIZATION_ASSIGNMENT ( #1883, #4193, ( #2304 ) ) ;
#1428 = APPLIED_EXTERNAL_IDENTIFICATION_ASSIGNMENT ( 'socket_head_cap_screw_M4_l30mm_plain.STEP' , #3960, #1495,( #557) ) ;
#1429 = ITEM_DEFINED_TRANSFORMATION ( 'NONE', 'NONE', #3441,  #788 ) ;
#1430 = LOCAL_TIME ( 10, 32, 43.00000000000000000, #77 ) ;
#1431 = IDENTIFICATION_ROLE ( 'external document id and location', $) ;
#1432 = APPROVAL_PERSON_ORGANIZATION ( #1892, #2302, #213 ) ;
#1433 = APPROVAL_STATUS ( 'not_yet_approved' ) ;
#1434 = APPLIED_DOCUMENT_REFERENCE ( #4214,'',( #2812) ) ;
#1435 = PRODUCT_DEFINITION_SHAPE ( 'NONE', 'NONE',  #4396 ) ;
#1436 = APPROVAL_PERSON_ORGANIZATION ( #595, #1412, #3687 ) ;
#1437 = AXIS2_PLACEMENT_3D ( 'NONE', #3567, #1281, #1941 ) ;
#1438 = PRODUCT_DEFINITION_SHAPE ( 'NONE', 'NONE',  #4440 ) ;
#1439 = PRODUCT_DEFINITION_SHAPE ( 'NONE', 'NONE',  #4406 ) ;
#1440 = SHAPE_DEFINITION_REPRESENTATION ( #135, #1707 ) ;
#1441 = EXTERNAL_SOURCE (IDENTIFIER('') ) ;
#1442 = ROLE_ASSOCIATION ( #3606, #335 ) ;
#1443 = SECURITY_CLASSIFICATION ( '', '', #3050 ) ;
#1444 = AXIS2_PLACEMENT_3D ( 'NONE', #775, #2490, #1542 ) ;
#1445 = SECURITY_CLASSIFICATION ( '', '', #1377 ) ;
#1446 = AXIS2_PLACEMENT_3D ( 'NONE', #1697, #2375, #2726 ) ;
#1447 = SHAPE_REPRESENTATION ( 'hexagon_nut_M4_thread', ( #1510 ), #3663 ) ;
#1448 = COORDINATED_UNIVERSAL_TIME_OFFSET ( 3, 0, .BEHIND. ) ;
#1449 = PROPERTY_DEFINITION_REPRESENTATION ( #4236, #4030 ) ;
#1450 = CC_DESIGN_PERSON_AND_ORGANIZATION_ASSIGNMENT ( #3355, #2004, ( #2682 ) ) ;
#1451 = ORGANIZATION ( 'NAUO-ORG3', 'UNSPECIFIED', 'UNSPECIFIED' ) ;
#1452 = PERSON_AND_ORGANIZATION ( #3983, #18446744073709551615 ) ;
#1453 = CALENDAR_DATE ( 2026, 14, 9 ) ;
#1454 = PERSON_AND_ORGANIZATION_ROLE ( 'design_owner' ) ;
#1455 = PERSON_AND_ORGANIZATION_ROLE ( 'classification_officer' ) ;
#1456 = ORGANIZATION ( 'NAUO-ORG46', 'UNSPECIFIED', 'UNSPECIFIED' ) ;
#1457 = ROLE_ASSOCIATION ( #3235, #1434 ) ;
#1458 = SECURITY_CLASSIFICATION_LEVEL ( 'unclassified' ) ;
#1459 =( REPRESENTATION_RELATIONSHIP ('NONE','NONE', #1787, #3536 ) REPRESENTATION_RELATIONSHIP_WITH_TRANSFORMATION ( #1129 )SHAPE_REPRESENTATION_RELATIONSHIP( ) );
#1460 = APPROVAL_PERSON_ORGANIZATION ( #4219, #3638, #3274 ) ;
#1461 = CC_DESIGN_SECURITY_CLASSIFICATION ( #1243, ( #4446 ) ) ;
#1462 = PERSON_AND_ORGANIZATION ( #3983, #18446744073709551615 ) ;
#1463 = DATE_AND_TIME ( #1401, #943 ) ;
#1464 = CALENDAR_DATE ( 2026, 14, 9 ) ;
#1465 = LOCAL_TIME ( 10, 32, 43.00000000000000000, #3935 ) ;
#1466 = PERSON ( 'NAUO-PER35', 'UNSPECIFIED', 'UNSPECIFIED', ('UNSPECIFIED'), ('UNSPECIFIED'), ('UNSPECIFIED') ) ;
#1467 = CC_DESIGN_SECURITY_CLASSIFICATION ( #2188, ( #4452 ) ) ;
#1468 = APPROVAL ( #1107, 'Coincidente' ) ;
#1469 = APPROVAL ( #960, 'Coincidente' ) ;
#1470 = CC_DESIGN_PERSON_AND_ORGANIZATION_ASSIGNMENT ( #2388, #1104, ( #4050 ) ) ;
#1471 = SECURITY_CLASSIFICATION ( '', '', #3501 ) ;
#1472 = DOCUMENT_FILE ( 'hexagon_nut_M3_plain.STEP' , '', '', #2192, '' ,$ ) ;
#1473 = SECURITY_CLASSIFICATION_LEVEL ( 'unclassified' ) ;
#1474 = DATE_AND_TIME ( #2220, #3142 ) ;
#1475 = PRODUCT_DEFINITION ( 'General', '', #3005, #2393 ) ;
#1476 = DATE_AND_TIME ( #1453, #1145 ) ;
#1477 = CARTESIAN_POINT ( 'NONE',  ( -334.1397650056626389, -71.76386973475315756, 914.7256609007408770 ) ) ;
#1478 = PRODUCT_DEFINITION_SHAPE ( 'NONE', 'NONE',  #4407 ) ;
#1479 = CALENDAR_DATE ( 2026, 14, 9 ) ;
#1480 = PERSON_AND_ORGANIZATION ( #3610, #4170 ) ;
#1481 = SECURITY_CLASSIFICATION_LEVEL ( 'unclassified' ) ;
#1482 = PROPERTY_DEFINITION_REPRESENTATION ( #914, #4001 ) ;
#1483 = DATE_AND_TIME ( #107, #2863 ) ;
#1484 = DATE_AND_TIME ( #3180, #873 ) ;
#1485 = COORDINATED_UNIVERSAL_TIME_OFFSET ( 3, 0, .BEHIND. ) ;
#1486 =( REPRESENTATION_RELATIONSHIP ('NONE','NONE', #1787, #4001 ) REPRESENTATION_RELATIONSHIP_WITH_TRANSFORMATION ( #1182 )SHAPE_REPRESENTATION_RELATIONSHIP( ) );
#1487 = DATE_TIME_ROLE ( 'classification_date' ) ;
#1488 = CALENDAR_DATE ( 2026, 14, 9 ) ;
#1489 =( NAMED_UNIT ( * ) PLANE_ANGLE_UNIT ( ) SI_UNIT ( $, .RADIAN. ) );
#1490 = OBJECT_ROLE ('mandatory',$ ) ;
#1491 = CC_DESIGN_DATE_AND_TIME_ASSIGNMENT ( #3927, #4318, ( #2613 ) ) ;
#1492 = PRODUCT_RELATED_PRODUCT_CATEGORY ( 'detail', '', ( #1400 ) ) ;
#1493 = PROPERTY_DEFINITION_REPRESENTATION ( #718, #1707 ) ;
#1494 = CC_DESIGN_SECURITY_CLASSIFICATION ( #1246, ( #4400 ) ) ;
#1495 = EXTERNAL_SOURCE (IDENTIFIER('') ) ;
#1496 = PERSON_AND_ORGANIZATION ( #3983, #18446744073709551615 ) ;
#1497 = COORDINATED_UNIVERSAL_TIME_OFFSET ( 3, 0, .BEHIND. ) ;
#1498 = APPROVAL_PERSON_ORGANIZATION ( #3279, #3479, #577 ) ;
#1499 = DATE_TIME_ROLE ( 'classification_date' ) ;
#1500 = PERSON_AND_ORGANIZATION ( #3983, #18446744073709551615 ) ;
#1501 = LOCAL_TIME ( 10, 32, 43.00000000000000000, #125 ) ;
#1502 = APPROVAL_STATUS ( 'not_yet_approved' ) ;
#1503 = CALENDAR_DATE ( 2026, 14, 9 ) ;
#1504 = CC_DESIGN_APPROVAL ( #2283, ( #2721 ) ) ;
#1505 =( GEOMETRIC_REPRESENTATION_CONTEXT ( 3 ) GLOBAL_UNCERTAINTY_ASSIGNED_CONTEXT ( ( #1777 ) ) GLOBAL_UNIT_ASSIGNED_CONTEXT ( ( #1575, #3594, #2261 ) ) REPRESENTATION_CONTEXT ( 'NONE', 'WORKASPACE' ) );
#1506 = PRODUCT ( 'cabeza_v31', 'cabeza_v31', '', ( #132 ) ) ;
#1507 = SECURITY_CLASSIFICATION ( '', '', #925 ) ;
#1508 = DOCUMENT_TYPE ( 'geometry' ) ;
#1509 = PROPERTY_DEFINITION_REPRESENTATION ( #4056, #3922 ) ;
#1510 = AXIS2_PLACEMENT_3D ( 'NONE', #3549, #3234, #3911 ) ;
#1511 = ROLE_ASSOCIATION ( #2574, #3845 ) ;
#1512 = PERSON_AND_ORGANIZATION ( #3983, #18446744073709551615 ) ;
#1513 = DIRECTION ( 'NONE',  ( 1.000000000000000000, 0.000000000000000000, 0.000000000000000000 ) ) ;
#1514 = PRODUCT_DEFINITION_FORMATION_WITH_SPECIFIED_SOURCE ( 'Simétric', '', #548, .NOT_KNOWN. ) ;
#1515 = APPLIED_EXTERNAL_IDENTIFICATION_ASSIGNMENT ( 'arandela_m4.STEP' , #1117, #2885,( #1336) ) ;
#1516 = APPROVAL_PERSON_ORGANIZATION ( #3818, #1468, #2124 ) ;
#1517 = CALENDAR_DATE ( 2026, 14, 9 ) ;
#1518 = APPLIED_DOCUMENT_REFERENCE ( #3850,'',( #813) ) ;
#1519 = OBJECT_ROLE ('mandatory',$ ) ;
#1520 = DIRECTION ( 'NONE',  ( -1.000000000000000000, 0.000000000000000000, 2.093668940884038554E-16 ) ) ;
#1521 = CC_DESIGN_DATE_AND_TIME_ASSIGNMENT ( #4287, #809, ( #3254 ) ) ;
#1522 = COORDINATED_UNIVERSAL_TIME_OFFSET ( 3, 0, .BEHIND. ) ;
#1523 = CALENDAR_DATE ( 2026, 14, 9 ) ;
#1524 = CONTEXT_DEPENDENT_SHAPE_REPRESENTATION ( #2953, #2204 ) ;
#1525 = APPROVAL_STATUS ( 'not_yet_approved' ) ;
#1526 = EXTERNAL_SOURCE (IDENTIFIER('') ) ;
#1527 = COORDINATED_UNIVERSAL_TIME_OFFSET ( 3, 0, .BEHIND. ) ;
#1528 = ORGANIZATION ( 'NAUO-ORG49', 'UNSPECIFIED', 'UNSPECIFIED' ) ;
#1529 = APPROVAL_STATUS ( 'not_yet_approved' ) ;
#1530 = APPLIED_DOCUMENT_REFERENCE ( #3886,'',( #3190) ) ;
#1531 = CC_DESIGN_APPROVAL ( #3770, ( #1116 ) ) ;
#1532 = LOCAL_TIME ( 10, 32, 43.00000000000000000, #2835 ) ;
#1533 = CC_DESIGN_APPROVAL ( #3696, ( #3965 ) ) ;
#1534 = CC_DESIGN_APPROVAL ( #3405, ( #3534 ) ) ;
#1535 = CALENDAR_DATE ( 2026, 14, 9 ) ;
#1536 = PROPERTY_DEFINITION_REPRESENTATION ( #2947, #4030 ) ;
#1537 = PERSON_AND_ORGANIZATION ( #3983, #18446744073709551615 ) ;
#1538 = LOCAL_TIME ( 10, 32, 43.00000000000000000, #2150 ) ;
#1539 = CALENDAR_DATE ( 2026, 14, 9 ) ;
#1540 = APPROVAL_STATUS ( 'not_yet_approved' ) ;
#1541 = LOCAL_TIME ( 10, 32, 43.00000000000000000, #3247 ) ;
#1542 = DIRECTION ( 'NONE',  ( -2.435375737631744724E-16, 0.6791220671794734320, -0.7340253523345627862 ) ) ;
#1543 = OBJECT_ROLE ('mandatory',$ ) ;
#1544 = APPROVAL_DATE_TIME ( #3538, #3709 ) ;
#1545 = PROPERTY_DEFINITION_REPRESENTATION ( #757, #4030 ) ;
#1546 = DATE_AND_TIME ( #148, #1046 ) ;
#1547 = DOCUMENT_FILE ( 'socket_head_cap_screw_M3_l20mm_plain.STEP' , '', '', #78, '' ,$ ) ;
#1548 = PERSON_AND_ORGANIZATION_ROLE ( 'creator' ) ;
#1549 = CC_DESIGN_DATE_AND_TIME_ASSIGNMENT ( #2914, #2957, ( #2188 ) ) ;
#1550 = PRODUCT_DEFINITION_SHAPE ( 'NONE', 'NONE',  #4413 ) ;
#1551 = APPROVAL ( #953, 'Coincidente' ) ;
#1552 = APPROVAL_ROLE ( '' ) ;
#1553 = IDENTIFICATION_ROLE ( 'external document id and location', $) ;
#1554 = APPROVAL ( #4142, 'Coincidente' ) ;
#1555 = APPLICATION_CONTEXT ( 'configuration controlled 3d designs of mechanical parts and assemblies' ) ;
#1556 = CALENDAR_DATE ( 2026, 14, 9 ) ;
#1557 = ITEM_DEFINED_TRANSFORMATION ( 'NONE', 'NONE', #1220,  #1014 ) ;
#1558 = DATE_AND_TIME ( #3670, #2936 ) ;
#1559 =( NAMED_UNIT ( * ) PLANE_ANGLE_UNIT ( ) SI_UNIT ( $, .RADIAN. ) );
#1560 = ROLE_ASSOCIATION ( #4276, #3206 ) ;
#1561 = APPROVAL_STATUS ( 'not_yet_approved' ) ;
#1562 = DIRECTION ( 'NONE',  ( 3.318315740031391761E-16, 0.000000000000000000, 1.000000000000000000 ) ) ;
#1563 = SHAPE_REPRESENTATION ( 'eslabon_AD_v2', ( #4087 ), #68 ) ;
#1564 = CC_DESIGN_DATE_AND_TIME_ASSIGNMENT ( #1863, #82, ( #1140 ) ) ;
#1565 = PERSON_AND_ORGANIZATION ( #3983, #18446744073709551615 ) ;
#1566 = DATE_AND_TIME ( #1956, #2080 ) ;
#1567 = APPROVAL_ROLE ( '' ) ;
#1568 = DATE_AND_TIME ( #2892, #2310 ) ;
#1569 = IDENTIFICATION_ROLE ( 'external document id and location', $) ;
#1570 = LOCAL_TIME ( 10, 32, 43.00000000000000000, #1497 ) ;
#1571 = PERSON_AND_ORGANIZATION_ROLE ( 'design_supplier' ) ;
#1572 = CALENDAR_DATE ( 2026, 14, 9 ) ;
#1573 = PERSON ( 'NAUO-PER40', 'UNSPECIFIED', 'UNSPECIFIED', ('UNSPECIFIED'), ('UNSPECIFIED'), ('UNSPECIFIED') ) ;
#1574 = LOCAL_TIME ( 10, 32, 43.00000000000000000, #3913 ) ;
#1575 =( LENGTH_UNIT ( ) NAMED_UNIT ( * ) SI_UNIT ( .MILLI., .METRE. ) );
#1576 =( REPRESENTATION_RELATIONSHIP ('NONE','NONE', #1787, #4071 ) REPRESENTATION_RELATIONSHIP_WITH_TRANSFORMATION ( #3139 )SHAPE_REPRESENTATION_RELATIONSHIP( ) );
#1577 = APPROVAL_ROLE ( '' ) ;
#1578 = LOCAL_TIME ( 10, 32, 43.00000000000000000, #2972 ) ;
#1579 = DATE_AND_TIME ( #1946, #2821 ) ;
#1580 = APPROVAL_DATE_TIME ( #1558, #1690 ) ;
#1581 =( NAMED_UNIT ( * ) PLANE_ANGLE_UNIT ( ) SI_UNIT ( $, .RADIAN. ) );
#1582 = LOCAL_TIME ( 10, 32, 43.00000000000000000, #3024 ) ;
#1583 =( GEOMETRIC_REPRESENTATION_CONTEXT ( 3 ) GLOBAL_UNCERTAINTY_ASSIGNED_CONTEXT ( ( #1682 ) ) GLOBAL_UNIT_ASSIGNED_CONTEXT ( ( #1308, #2370, #1350 ) ) REPRESENTATION_CONTEXT ( 'NONE', 'WORKASPACE' ) );
#1584 = APPROVAL ( #3775, 'UNKNOWN' ) ;
#1585 = SECURITY_CLASSIFICATION_LEVEL ( 'unclassified' ) ;
#1586 = DOCUMENT_TYPE ( 'geometry' ) ;
#1587 = APPROVAL_DATE_TIME ( #1927, #3143 ) ;
#1588 = APPROVAL_PERSON_ORGANIZATION ( #4041, #2677, #2301 ) ;
#1589 = DIRECTION ( 'NONE',  ( 1.000000000000000000, 0.000000000000000000, 0.000000000000000000 ) ) ;
#1590 = AXIS2_PLACEMENT_3D ( 'NONE', #3987, #231, #2357 ) ;
#1591 = PRODUCT_DEFINITION_SHAPE ( 'NONE', 'NONE',  #4418 ) ;
#1592 = SECURITY_CLASSIFICATION ( '', '', #1763 ) ;
#1593 = CALENDAR_DATE ( 2026, 14, 9 ) ;
#1594 = DOCUMENT_FILE ( 'arandela_m4.STEP' , '', '', #521, '' ,$ ) ;
#1595 = PROPERTY_DEFINITION_REPRESENTATION ( #582, #4030 ) ;
#1596 = ITEM_DEFINED_TRANSFORMATION ( 'NONE', 'NONE', #3303,  #656 ) ;
#1597 = SECURITY_CLASSIFICATION_LEVEL ( 'unclassified' ) ;
#1598 = DESIGN_CONTEXT ( 'detailed design', #3761, 'design' ) ;
#1599 = DATE_AND_TIME ( #4272, #3665 ) ;
#1600 = PROPERTY_DEFINITION_REPRESENTATION ( #4266, #1563 ) ;
#1601 = CC_DESIGN_SECURITY_CLASSIFICATION ( #3312, ( #4435 ) ) ;
#1602 = PERSON_AND_ORGANIZATION_ROLE ( 'creator' ) ;
#1603 = CC_DESIGN_PERSON_AND_ORGANIZATION_ASSIGNMENT ( #4148, #3813, ( #1658 ) ) ;
#1604 = CC_DESIGN_PERSON_AND_ORGANIZATION_ASSIGNMENT ( #2126, #2847, ( #4232 ) ) ;
#1605 = APPROVAL_ROLE ( '' ) ;
#1606 = ORGANIZATION ( 'NAUO-ORG55', 'UNSPECIFIED', 'UNSPECIFIED' ) ;
#1607 = SHAPE_DEFINITION_REPRESENTATION ( #2981, #4386 ) ;
#1608 = IDENTIFICATION_ROLE ( 'external document id and location', $) ;
#1609 = LOCAL_TIME ( 10, 32, 43.00000000000000000, #4290 ) ;
#1610 = CC_DESIGN_PERSON_AND_ORGANIZATION_ASSIGNMENT ( #2593, #2174, ( #1827 ) ) ;
#1611 = ORGANIZATION ( 'NAUO-ORG61', 'UNSPECIFIED', 'UNSPECIFIED' ) ;
#1612 = APPROVAL ( #3056, 'Coincidente' ) ;
#1613 = PROPERTY_DEFINITION_REPRESENTATION ( #3116, #4030 ) ;
#1614 = ITEM_DEFINED_TRANSFORMATION ( 'NONE', 'NONE', #1444,  #2094 ) ;
#1615 = CC_DESIGN_DATE_AND_TIME_ASSIGNMENT ( #597, #3278, ( #1475 ) ) ;
#1616 = APPROVAL_PERSON_ORGANIZATION ( #3600, #1309, #117 ) ;
#1617 = DIRECTION ( 'NONE',  ( 1.000000000000000000, 0.000000000000000000, 0.000000000000000000 ) ) ;
#1618 = DIRECTION ( 'NONE',  ( 6.773126383835531740E-24, 0.9476042474264084747, 0.3194466939247146975 ) ) ;
#1619 = APPLICATION_CONTEXT ( 'configuration controlled 3d designs of mechanical parts and assemblies' ) ;
#1620 = APPROVAL_PERSON_ORGANIZATION ( #3572, #3055, #2880 ) ;
#1621 = PROPERTY_DEFINITION_REPRESENTATION ( #3432, #3593 ) ;
#1622 = DATE_TIME_ROLE ( 'creation_date' ) ;
#1623 = PROPERTY_DEFINITION ('external definition','', #1915 ) ;
#1624 = APPLICATION_PROTOCOL_DEFINITION ( 'international standard', 'config_control_design', 1994, #1698 ) ;
#1625 = APPLICATION_PROTOCOL_DEFINITION ( 'international standard', 'config_control_design', 1994, #773 ) ;
#1626 = PERSON_AND_ORGANIZATION_ROLE ( 'design_supplier' ) ;
#1627 = ITEM_DEFINED_TRANSFORMATION ( 'NONE', 'NONE', #79,  #1014 ) ;
#1628 = PROPERTY_DEFINITION_REPRESENTATION ( #357, #1447 ) ;
#1629 = DIRECTION ( 'NONE',  ( 1.000000000000000000, 0.000000000000000000, 0.000000000000000000 ) ) ;
#1630 = OBJECT_ROLE ('mandatory',$ ) ;
#1631 = CC_DESIGN_PERSON_AND_ORGANIZATION_ASSIGNMENT ( #646, #674, ( #1717 ) ) ;
#1632 = PROPERTY_DEFINITION_REPRESENTATION ( #1361, #3564 ) ;
#1633 = COORDINATED_UNIVERSAL_TIME_OFFSET ( 3, 0, .BEHIND. ) ;
#1634 = PERSON_AND_ORGANIZATION ( #3983, #18446744073709551615 ) ;
#1635 =( REPRESENTATION_RELATIONSHIP ('NONE','NONE', #1787, #4030 ) REPRESENTATION_RELATIONSHIP_WITH_TRANSFORMATION ( #3539 )SHAPE_REPRESENTATION_RELATIONSHIP( ) );
#1636 = UNCERTAINTY_MEASURE_WITH_UNIT (LENGTH_MEASURE( 1.000000000000000082E-05 ), #243, 'distance_accuracy_value', 'NONE');
#1637 = COORDINATED_UNIVERSAL_TIME_OFFSET ( 3, 0, .BEHIND. ) ;
#1638 = SECURITY_CLASSIFICATION_LEVEL ( 'unclassified' ) ;
#1639 = CC_DESIGN_PERSON_AND_ORGANIZATION_ASSIGNMENT ( #3924, #1236, ( #3249 ) ) ;
#1640 = CALENDAR_DATE ( 2026, 14, 9 ) ;
#1641 = SECURITY_CLASSIFICATION ( '', '', #1205 ) ;
#1642 = CALENDAR_DATE ( 2026, 14, 9 ) ;
#1643 = LOCAL_TIME ( 10, 32, 43.00000000000000000, #2179 ) ;
#1644 = PERSON_AND_ORGANIZATION ( #3983, #18446744073709551615 ) ;
#1645 = CC_DESIGN_APPROVAL ( #2081, ( #499 ) ) ;
#1646 = DATE_AND_TIME ( #2354, #599 ) ;
#1647 = DATE_AND_TIME ( #3673, #269 ) ;
#1648 = DIRECTION ( 'NONE',  ( -2.929824163224945312E-16, -0.1744731007068858475, -0.9846619405307208694 ) ) ;
#1649 = PRODUCT_DEFINITION_FORMATION_WITH_SPECIFIED_SOURCE ( 'Simétric', '', #839, .NOT_KNOWN. ) ;
#1650 = LOCAL_TIME ( 10, 32, 43.00000000000000000, #1343 ) ;
#1651 = PERSON_AND_ORGANIZATION ( #1348, #2616 ) ;
#1652 = CC_DESIGN_DATE_AND_TIME_ASSIGNMENT ( #3853, #2119, ( #2024 ) ) ;
#1653 = IDENTIFICATION_ROLE ( 'external document id and location', $) ;
#1654 = CC_DESIGN_PERSON_AND_ORGANIZATION_ASSIGNMENT ( #814, #2565, ( #2274 ) ) ;
#1655 =( GEOMETRIC_REPRESENTATION_CONTEXT ( 3 ) GLOBAL_UNCERTAINTY_ASSIGNED_CONTEXT ( ( #976 ) ) GLOBAL_UNIT_ASSIGNED_CONTEXT ( ( #1200, #1581, #1793 ) ) REPRESENTATION_CONTEXT ( 'NONE', 'WORKASPACE' ) );
#1656 = CC_DESIGN_PERSON_AND_ORGANIZATION_ASSIGNMENT ( #4039, #866, ( #1049 ) ) ;
#1657 = APPLICATION_PROTOCOL_DEFINITION ( 'international standard', 'config_control_design', 1994, #313 ) ;
#1658 = PRODUCT_DEFINITION_FORMATION_WITH_SPECIFIED_SOURCE ( 'Simétric', '', #4309, .NOT_KNOWN. ) ;
#1659 = AXIS2_PLACEMENT_3D ( 'NONE', #2665, #4033, #3347 ) ;
#1660 = PROPERTY_DEFINITION ('external definition','', #1304 ) ;
#1661 = APPROVAL_ROLE ( '' ) ;
#1662 = PROPERTY_DEFINITION_REPRESENTATION ( #3542, #321 ) ;
#1663 = LOCAL_TIME ( 10, 32, 43.00000000000000000, #1415 ) ;
#1664 = SECURITY_CLASSIFICATION_LEVEL ( 'unclassified' ) ;
#1665 =( REPRESENTATION_RELATIONSHIP ('NONE','NONE', #1787, #321 ) REPRESENTATION_RELATIONSHIP_WITH_TRANSFORMATION ( #1170 )SHAPE_REPRESENTATION_RELATIONSHIP( ) );
#1666 =( NAMED_UNIT ( * ) PLANE_ANGLE_UNIT ( ) SI_UNIT ( $, .RADIAN. ) );
#1667 = PERSON_AND_ORGANIZATION ( #3983, #18446744073709551615 ) ;
#1668 = PERSON_AND_ORGANIZATION_ROLE ( 'creator' ) ;
#1669 = DOCUMENT_TYPE ( 'geometry' ) ;
#1670 = SECURITY_CLASSIFICATION ( '', '', #4249 ) ;
#1671 = ROLE_ASSOCIATION ( #2668, #600 ) ;
#1672 = CARTESIAN_POINT ( 'NONE',  ( -168.0397650056625025, -71.76386973475315756, 914.7256609007408770 ) ) ;
#1673 = CC_DESIGN_SECURITY_CLASSIFICATION ( #3254, ( #4422 ) ) ;
#1674 = LOCAL_TIME ( 10, 32, 43.00000000000000000, #2239 ) ;
#1675 = LOCAL_TIME ( 10, 32, 43.00000000000000000, #3523 ) ;
#1676 = ROLE_ASSOCIATION ( #3124, #1388 ) ;
#1677 = PERSON ( 'NAUO-PER37', 'UNSPECIFIED', 'UNSPECIFIED', ('UNSPECIFIED'), ('UNSPECIFIED'), ('UNSPECIFIED') ) ;
#1678 = LOCAL_TIME ( 10, 32, 43.00000000000000000, #644 ) ;
#1679 = SECURITY_CLASSIFICATION_LEVEL ( 'unclassified' ) ;
#1680 = APPLICATION_PROTOCOL_DEFINITION ( 'international standard', 'config_control_design', 1994, #552 ) ;
#1681 = SECURITY_CLASSIFICATION ( '', '', #1696 ) ;
#1682 = UNCERTAINTY_MEASURE_WITH_UNIT (LENGTH_MEASURE( 1.000000000000000082E-05 ), #1308, 'distance_accuracy_value', 'NONE');
#1683 = APPROVAL_ROLE ( '' ) ;
#1684 = DATE_TIME_ROLE ( 'classification_date' ) ;
#1685 = DATE_AND_TIME ( #3623, #3253 ) ;
#1686 = CC_DESIGN_APPROVAL ( #2326, ( #3620 ) ) ;
#1687 = CC_DESIGN_PERSON_AND_ORGANIZATION_ASSIGNMENT ( #1651, #992, ( #2336 ) ) ;
#1688 =( LENGTH_UNIT ( ) NAMED_UNIT ( * ) SI_UNIT ( .MILLI., .METRE. ) );
#1689 = PROPERTY_DEFINITION ('external definition','', #1472 ) ;
#1690 = APPROVAL ( #3010, 'Coincidente' ) ;
#1691 = COORDINATED_UNIVERSAL_TIME_OFFSET ( 3, 0, .BEHIND. ) ;
#1692 = EXTERNAL_SOURCE (IDENTIFIER('') ) ;
#1693 = APPROVAL_DATE_TIME ( #2058, #1554 ) ;
#1694 = SECURITY_CLASSIFICATION_LEVEL ( 'unclassified' ) ;
#1695 = DATE_AND_TIME ( #965, #3382 ) ;
#1696 = SECURITY_CLASSIFICATION_LEVEL ( 'unclassified' ) ;
#1697 = CARTESIAN_POINT ( 'NONE',  ( -162.0397650056625025, -36.87420517428315492, 893.5749798985158350 ) ) ;
#1698 = APPLICATION_CONTEXT ( 'configuration controlled 3d designs of mechanical parts and assemblies' ) ;
#1699 = PRODUCT_DEFINITION_SHAPE ( 'NONE', 'NONE',  #4420 ) ;
#1700 = APPLIED_DOCUMENT_REFERENCE ( #300,'',( #2812) ) ;
#1701 = CC_DESIGN_PERSON_AND_ORGANIZATION_ASSIGNMENT ( #1411, #1098, ( #350 ) ) ;
#1702 = MECHANICAL_CONTEXT ( 'NONE', #552, 'mechanical' ) ;
#1703 = DATE_TIME_ROLE ( 'creation_date' ) ;
#1704 = PERSON_AND_ORGANIZATION_ROLE ( 'classification_officer' ) ;
#1705 = ITEM_DEFINED_TRANSFORMATION ( 'NONE', 'NONE', #2876,  #1014 ) ;
#1706 = CALENDAR_DATE ( 2026, 14, 9 ) ;
#1707 = SHAPE_REPRESENTATION ( 'asml_eslabon_BCv4', ( #788 ), #2446 ) ;
#1708 = CALENDAR_DATE ( 2026, 14, 9 ) ;
#1709 = COORDINATED_UNIVERSAL_TIME_OFFSET ( 3, 0, .BEHIND. ) ;
#1710 = COORDINATED_UNIVERSAL_TIME_OFFSET ( 3, 0, .BEHIND. ) ;
#1711 = PERSON_AND_ORGANIZATION_ROLE ( 'design_supplier' ) ;
#1712 = CC_DESIGN_DATE_AND_TIME_ASSIGNMENT ( #73, #501, ( #1471 ) ) ;
#1713 =( REPRESENTATION_RELATIONSHIP ('NONE','NONE', #1787, #3922 ) REPRESENTATION_RELATIONSHIP_WITH_TRANSFORMATION ( #2923 )SHAPE_REPRESENTATION_RELATIONSHIP( ) );
#1714 = APPLIED_EXTERNAL_IDENTIFICATION_ASSIGNMENT ( 'arandela_m4.STEP' , #3820, #1267,( #1594) ) ;
#1715 = CALENDAR_DATE ( 2026, 14, 9 ) ;
#1716 = SECURITY_CLASSIFICATION_LEVEL ( 'unclassified' ) ;
#1717 = PRODUCT ( 'hexagon_nut_M4_thread', 'hexagon_nut_M4_thread', '', ( #257 ) ) ;
#1718 =( LENGTH_UNIT ( ) NAMED_UNIT ( * ) SI_UNIT ( .MILLI., .METRE. ) );
#1719 = APPLIED_EXTERNAL_IDENTIFICATION_ASSIGNMENT ( 'washer_M3.STEP' , #1280, #569,( #1996) ) ;
#1720 = APPROVAL ( #2191, 'UNKNOWN' ) ;
#1721 = PROPERTY_DEFINITION ('document property','', #3349 ) ;
#1722 = EXTERNAL_SOURCE (IDENTIFIER('') ) ;
#1723 = CALENDAR_DATE ( 2026, 14, 9 ) ;
#1724 = APPROVAL_DATE_TIME ( #323, #3793 ) ;
#1725 = APPROVAL_PERSON_ORGANIZATION ( #3625, #2415, #4294 ) ;
#1726 = AXIS2_PLACEMENT_3D ( 'NONE', #1898, #3953, #2288 ) ;
#1727 = PERSON ( 'NAUO-PER48', 'UNSPECIFIED', 'UNSPECIFIED', ('UNSPECIFIED'), ('UNSPECIFIED'), ('UNSPECIFIED') ) ;
#1728 = LOCAL_TIME ( 10, 32, 43.00000000000000000, #23 ) ;
#1729 = DESIGN_CONTEXT ( 'detailed design', #3645, 'design' ) ;
#1730 = CALENDAR_DATE ( 2026, 14, 9 ) ;
#1731 = ROLE_ASSOCIATION ( #669, #2051 ) ;
#1732 = ROLE_ASSOCIATION ( #1490, #2945 ) ;
#1733 = CONTEXT_DEPENDENT_SHAPE_REPRESENTATION ( #3456, #3446 ) ;
#1734 = DOCUMENT_TYPE ( 'geometry' ) ;
#1735 = LOCAL_TIME ( 10, 32, 43.00000000000000000, #3251 ) ;
#1736 = AXIS2_PLACEMENT_3D ( 'NONE', #1952, #3367, #2641 ) ;
#1737 = DATE_TIME_ROLE ( 'classification_date' ) ;
#1738 = APPROVAL_PERSON_ORGANIZATION ( #3649, #4046, #3284 ) ;
#1739 = DATE_AND_TIME ( #3097, #1728 ) ;
#1740 = CALENDAR_DATE ( 2026, 14, 9 ) ;
#1741 = PRODUCT_DEFINITION_SHAPE ( 'NONE', 'NONE',  #4427 ) ;
#1742 = COORDINATED_UNIVERSAL_TIME_OFFSET ( 3, 0, .BEHIND. ) ;
#1743 = PRODUCT_DEFINITION ( 'General', '', #3145, #4063 ) ;
#1744 = COORDINATED_UNIVERSAL_TIME_OFFSET ( 3, 0, .BEHIND. ) ;
#1745 = DATE_TIME_ROLE ( 'classification_date' ) ;
#1746 = CARTESIAN_POINT ( 'NONE',  ( -168.0397650056625025, -36.87420517428315492, 893.5749798985158350 ) ) ;
#1747 = APPROVAL ( #2932, 'UNKNOWN' ) ;
#1748 = EXTERNAL_SOURCE (IDENTIFIER('') ) ;
#1749 = LOCAL_TIME ( 10, 32, 43.00000000000000000, #3459 ) ;
#1750 = CC_DESIGN_DATE_AND_TIME_ASSIGNMENT ( #2362, #281, ( #2812 ) ) ;
#1751 = CC_DESIGN_PERSON_AND_ORGANIZATION_ASSIGNMENT ( #637, #1404, ( #3666 ) ) ;
#1752 = DATE_TIME_ROLE ( 'classification_date' ) ;
#1753 = APPLIED_EXTERNAL_IDENTIFICATION_ASSIGNMENT ( 'arandela_m4.STEP' , #1872, #2719,( #4214) ) ;
#1754 = DIRECTION ( 'NONE',  ( -1.000000000000000000, 4.243472256498826802E-22, 3.318306096601525086E-16 ) ) ;
#1755 = EXTERNAL_SOURCE (IDENTIFIER('') ) ;
#1756 = CC_DESIGN_SECURITY_CLASSIFICATION ( #3249, ( #4427 ) ) ;
#1757 = COORDINATED_UNIVERSAL_TIME_OFFSET ( 3, 0, .BEHIND. ) ;
#1758 = PERSON_AND_ORGANIZATION_ROLE ( 'design_supplier' ) ;
#1759 = CALENDAR_DATE ( 2026, 14, 9 ) ;
#1760 = DOCUMENT_FILE ( 'arandela_m4.STEP' , '', '', #405, '' ,$ ) ;
#1761 = DOCUMENT_FILE ( 'arandela_m4.STEP' , '', '', #4380, '' ,$ ) ;
#1762 = ORGANIZATION ( 'NAUO-ORG25', 'UNSPECIFIED', 'UNSPECIFIED' ) ;
#1763 = SECURITY_CLASSIFICATION_LEVEL ( 'unclassified' ) ;
#1764 =( REPRESENTATION_RELATIONSHIP ('NONE','NONE', #1787, #3564 ) REPRESENTATION_RELATIONSHIP_WITH_TRANSFORMATION ( #4077 )SHAPE_REPRESENTATION_RELATIONSHIP( ) );
#1765 = PROPERTY_DEFINITION ('document property','', #352 ) ;
#1766 = APPROVAL_DATE_TIME ( #3134, #1612 ) ;
#1767 = APPLICATION_CONTEXT ( 'configuration controlled 3d designs of mechanical parts and assemblies' ) ;
#1768 = APPLIED_DOCUMENT_REFERENCE ( #1380,'',( #3407) ) ;
#1769 = ITEM_DEFINED_TRANSFORMATION ( 'NONE', 'NONE', #2599,  #2162 ) ;
#1770 = APPROVAL ( #234, 'UNKNOWN' ) ;
#1771 = APPLIED_DOCUMENT_REFERENCE ( #3757,'',( #2812) ) ;
#1772 = PROPERTY_DEFINITION ('document property','', #2337 ) ;
#1773 = DOCUMENT_FILE ( 'arandela_m4.STEP' , '', '', #2034, '' ,$ ) ;
#1774 = DIRECTION ( 'NONE',  ( 1.000000000000000000, 0.000000000000000000, 0.000000000000000000 ) ) ;
#1775 = CALENDAR_DATE ( 2026, 14, 9 ) ;
#1776 = CARTESIAN_POINT ( 'NONE',  ( -351.8397650056626276, 57.13537635116443170, 946.7369830719312631 ) ) ;
#1777 = UNCERTAINTY_MEASURE_WITH_UNIT (LENGTH_MEASURE( 1.000000000000000082E-05 ), #1575, 'distance_accuracy_value', 'NONE');
#1778 = PERSON_AND_ORGANIZATION ( #3983, #18446744073709551615 ) ;
#1779 = DATE_AND_TIME ( #3472, #663 ) ;
#1780 = PERSON_AND_ORGANIZATION ( #3008, #3245 ) ;
#1781 = COORDINATED_UNIVERSAL_TIME_OFFSET ( 3, 0, .BEHIND. ) ;
#1782 = DOCUMENT_TYPE ( 'geometry' ) ;
#1783 = CC_DESIGN_DATE_AND_TIME_ASSIGNMENT ( #3618, #494, ( #449 ) ) ;
#1784 = DATE_AND_TIME ( #3476, #3882 ) ;
#1785 = PERSON_AND_ORGANIZATION ( #3983, #18446744073709551615 ) ;
#1786 = PROPERTY_DEFINITION_REPRESENTATION ( #2633, #1177 ) ;
#1787 = SHAPE_REPRESENTATION ( 'asml_completo_v2v4', ( #3444, #4376, #2728, #3589, #1368, #946, #1949, #792, #3872, #875, #2661, #649, #95, #3441, #3298, #728, #2517, #586, #1444, #2588, #3222, #1297, #3146, #431, #3013, #4166, #285, #1220, #3729, #4307, #2377, #2946, #145, #1228, #3303, #733, #4025, #660, #2666, #1815, #2804, #1736, #2102, #3592, #1590, #4312, #2599, #1659, #79, #4168, #3668, #3369, #2381, #436, #3155, #3149, #2876, #878, #1023, #3513, #2026, #4, #2246, #1446, #4096, #289 ), #590 ) ;
#1788 = OBJECT_ROLE ('mandatory',$ ) ;
#1789 = APPLICATION_CONTEXT ( 'configuration controlled 3d designs of mechanical parts and assemblies' ) ;
#1790 = DATE_AND_TIME ( #3103, #156 ) ;
#1791 = APPROVAL_ROLE ( '' ) ;
#1792 = CARTESIAN_POINT ( 'NONE',  ( -156.1397650056625253, -18.10177962250956085, 954.1659291167819674 ) ) ;
#1793 =( NAMED_UNIT ( * ) SI_UNIT ( $, .STERADIAN. ) SOLID_ANGLE_UNIT ( ) );
#1794 = DATE_AND_TIME ( #4282, #1643 ) ;
#1795 = PERSON ( 'NAUO-PER23', 'UNSPECIFIED', 'UNSPECIFIED', ('UNSPECIFIED'), ('UNSPECIFIED'), ('UNSPECIFIED') ) ;
#1796 = APPROVAL_PERSON_ORGANIZATION ( #4231, #4283, #3192 ) ;
#1797 = DIRECTION ( 'NONE',  ( -2.888447610400048882E-16, 0.4922407701250057777, -0.8704590881981423278 ) ) ;
#1798 = CC_DESIGN_PERSON_AND_ORGANIZATION_ASSIGNMENT ( #1462, #2103, ( #3737 ) ) ;
#1799 = LOCAL_TIME ( 10, 32, 43.00000000000000000, #2638 ) ;
#1800 = APPROVAL ( #64, 'Coincidente' ) ;
#1801 = APPROVAL_ROLE ( '' ) ;
#1802 = CC_DESIGN_DATE_AND_TIME_ASSIGNMENT ( #1685, #3747, ( #4050 ) ) ;
#1803 = APPROVAL_DATE_TIME ( #3068, #4086 ) ;
#1804 = DATE_AND_TIME ( #1164, #160 ) ;
#1805 =( GEOMETRIC_REPRESENTATION_CONTEXT ( 3 ) GLOBAL_UNCERTAINTY_ASSIGNED_CONTEXT ( ( #3025 ) ) GLOBAL_UNIT_ASSIGNED_CONTEXT ( ( #4221, #1173, #3979 ) ) REPRESENTATION_CONTEXT ( 'NONE', 'WORKASPACE' ) );
#1806 = APPLIED_DOCUMENT_REFERENCE ( #1761,'',( #2812) ) ;
#1807 = CC_DESIGN_APPROVAL ( #3884, ( #3744 ) ) ;
#1808 =( GEOMETRIC_REPRESENTATION_CONTEXT ( 3 ) GLOBAL_UNCERTAINTY_ASSIGNED_CONTEXT ( ( #2409 ) ) GLOBAL_UNIT_ASSIGNED_CONTEXT ( ( #3731, #662, #963 ) ) REPRESENTATION_CONTEXT ( 'NONE', 'WORKASPACE' ) );
#1809 = PROPERTY_DEFINITION ('external definition','', #2109 ) ;
#1810 = PERSON_AND_ORGANIZATION ( #3983, #18446744073709551615 ) ;
#1811 = APPROVAL_DATE_TIME ( #2785, #1800 ) ;
#1812 = APPROVAL_DATE_TIME ( #1422, #2116 ) ;
#1813 = CC_DESIGN_APPROVAL ( #679, ( #4094 ) ) ;
#1814 = OBJECT_ROLE ('mandatory',$ ) ;
#1815 = AXIS2_PLACEMENT_3D ( 'NONE', #1928, #3647, #625 ) ;
#1816 = LOCAL_TIME ( 10, 32, 43.00000000000000000, #2226 ) ;
#1817 = COORDINATED_UNIVERSAL_TIME_OFFSET ( 3, 0, .BEHIND. ) ;
#1818 = APPROVAL_STATUS ( 'not_yet_approved' ) ;
#1819 = SECURITY_CLASSIFICATION_LEVEL ( 'unclassified' ) ;
#1820 =( REPRESENTATION_RELATIONSHIP ('NONE','NONE', #1787, #3922 ) REPRESENTATION_RELATIONSHIP_WITH_TRANSFORMATION ( #3231 )SHAPE_REPRESENTATION_RELATIONSHIP( ) );
#1821 = APPROVAL_STATUS ( 'not_yet_approved' ) ;
#1822 = DIRECTION ( 'NONE',  ( 1.000000000000000000, 0.000000000000000000, -3.318315740031391761E-16 ) ) ;
#1823 = ORGANIZATION ( 'NAUO-ORG48', 'UNSPECIFIED', 'UNSPECIFIED' ) ;
#1824 = IDENTIFICATION_ROLE ( 'external document id and location', $) ;
#1825 = APPROVAL_DATE_TIME ( #4198, #1416 ) ;
#1826 = CONTEXT_DEPENDENT_SHAPE_REPRESENTATION ( #2901, #3763 ) ;
#1827 = SECURITY_CLASSIFICATION ( '', '', #2484 ) ;
#1828 = PERSON_AND_ORGANIZATION_ROLE ( 'classification_officer' ) ;
#1829 = APPROVAL_DATE_TIME ( #1349, #3331 ) ;
#1830 = APPROVAL_PERSON_ORGANIZATION ( #3924, #1720, #858 ) ;
#1831 = APPROVAL_STATUS ( 'not_yet_approved' ) ;
#1832 = CALENDAR_DATE ( 2026, 14, 9 ) ;
#1833 = COORDINATED_UNIVERSAL_TIME_OFFSET ( 3, 0, .BEHIND. ) ;
#1834 = ORGANIZATION ( 'NAUO-ORG42', 'UNSPECIFIED', 'UNSPECIFIED' ) ;
#1835 = CC_DESIGN_PERSON_AND_ORGANIZATION_ASSIGNMENT ( #2253, #1957, ( #2543 ) ) ;
#1836 = APPROVAL_PERSON_ORGANIZATION ( #2253, #1747, #187 ) ;
#1837 = CC_DESIGN_PERSON_AND_ORGANIZATION_ASSIGNMENT ( #3376, #4038, ( #1507 ) ) ;
#1838 = APPROVAL_PERSON_ORGANIZATION ( #2485, #1854, #4250 ) ;
#1839 = ITEM_DEFINED_TRANSFORMATION ( 'NONE', 'NONE', #436,  #4234 ) ;
#1840 = PERSON_AND_ORGANIZATION_ROLE ( 'classification_officer' ) ;
#1841 = COORDINATED_UNIVERSAL_TIME_OFFSET ( 3, 0, .BEHIND. ) ;
#1842 = PRODUCT_DEFINITION_SHAPE ( 'NONE', 'NONE',  #4397 ) ;
#1843 = APPROVAL_DATE_TIME ( #458, #4283 ) ;
#1844 = EXTERNAL_SOURCE (IDENTIFIER('') ) ;
#1845 = PRODUCT_DEFINITION_SHAPE ( 'NONE', 'NONE',  #4442 ) ;
#1846 = CALENDAR_DATE ( 2026, 14, 9 ) ;
#1847 = DATE_AND_TIME ( #4213, #4005 ) ;
#1848 = CONTEXT_DEPENDENT_SHAPE_REPRESENTATION ( #2636, #1699 ) ;
#1849 = COORDINATED_UNIVERSAL_TIME_OFFSET ( 3, 0, .BEHIND. ) ;
#1850 = APPLICATION_CONTEXT ( 'configuration controlled 3d designs of mechanical parts and assemblies' ) ;
#1851 = COORDINATED_UNIVERSAL_TIME_OFFSET ( 3, 0, .BEHIND. ) ;
#1852 = APPROVAL_STATUS ( 'not_yet_approved' ) ;
#1853 = APPROVAL_ROLE ( '' ) ;
#1854 = APPROVAL ( #1114, 'UNKNOWN' ) ;
#1855 = DOCUMENT_FILE ( 'socket_head_cap_screw_M4_l25mm_plain.STEP' , '', '', #1035, '' ,$ ) ;
#1856 = PERSON_AND_ORGANIZATION_ROLE ( 'design_owner' ) ;
#1857 = DOCUMENT_FILE ( 'hexagon_nut_M4_thread.STEP' , '', '', #3198, '' ,$ ) ;
#1858 = PROPERTY_DEFINITION_REPRESENTATION ( #3475, #2632 ) ;
#1859 = DIRECTION ( 'NONE',  ( 1.000000000000000000, 5.092182001371081868E-24, -3.318315679058680719E-16 ) ) ;
#1860 = LOCAL_TIME ( 10, 32, 43.00000000000000000, #2277 ) ;
#1861 = OBJECT_ROLE ('mandatory',$ ) ;
#1862 = PERSON_AND_ORGANIZATION ( #3983, #18446744073709551615 ) ;
#1863 = DATE_AND_TIME ( #3880, #1069 ) ;
#1864 = DATE_AND_TIME ( #1231, #2683 ) ;
#1865 = SECURITY_CLASSIFICATION ( '', '', #1911 ) ;
#1866 = COORDINATED_UNIVERSAL_TIME_OFFSET ( 3, 0, .BEHIND. ) ;
#1867 = PERSON_AND_ORGANIZATION ( #3983, #18446744073709551615 ) ;
#1868 = LOCAL_TIME ( 10, 32, 43.00000000000000000, #3141 ) ;
#1869 = PRODUCT_DEFINITION_SHAPE ( 'NONE', 'NONE',  #4454 ) ;
#1870 = PERSON_AND_ORGANIZATION ( #3983, #18446744073709551615 ) ;
#1871 = PERSON_AND_ORGANIZATION_ROLE ( 'classification_officer' ) ;
#1872 = IDENTIFICATION_ROLE ( 'external document id and location', $) ;
#1873 = APPROVAL_PERSON_ORGANIZATION ( #3653, #2861, #4368 ) ;
#1874 =( GEOMETRIC_REPRESENTATION_CONTEXT ( 3 ) GLOBAL_UNCERTAINTY_ASSIGNED_CONTEXT ( ( #2049 ) ) GLOBAL_UNIT_ASSIGNED_CONTEXT ( ( #3229, #547, #2940 ) ) REPRESENTATION_CONTEXT ( 'NONE', 'WORKASPACE' ) );
#1875 = PRODUCT ( 'socket_head_cap_screw_M3_l20mm_plain', 'socket_head_cap_screw_M3_l20mm_plain', '', ( #3099 ) ) ;
#1876 = LOCAL_TIME ( 10, 32, 43.00000000000000000, #3792 ) ;
#1877 = APPLIED_DOCUMENT_REFERENCE ( #1472,'',( #1475) ) ;
#1878 = PROPERTY_DEFINITION ('document property','', #3577 ) ;
#1879 = PERSON_AND_ORGANIZATION_ROLE ( 'classification_officer' ) ;
#1880 = SHAPE_DEFINITION_REPRESENTATION ( #249, #1787 ) ;
#1881 = CC_DESIGN_APPROVAL ( #3988, ( #149 ) ) ;
#1882 = ORGANIZATION ( 'NAUO-ORG2', 'UNSPECIFIED', 'UNSPECIFIED' ) ;
#1883 = PERSON_AND_ORGANIZATION ( #2335, #3790 ) ;
#1885 = DIRECTION ( 'NONE',  ( -4.202040250350650344E-16, 5.855621395903328002E-16, -1.000000000000000000 ) ) ;
#1884 = APPROVAL ( #2568, 'UNKNOWN' ) ;
#1886 = APPROVAL ( #1433, 'Coincidente' ) ;
#1887 = APPROVAL ( #867, 'Coincidente' ) ;
#1888 = PERSON_AND_ORGANIZATION_ROLE ( 'design_owner' ) ;
#1889 = APPROVAL_STATUS ( 'not_yet_approved' ) ;
#1890 = COORDINATED_UNIVERSAL_TIME_OFFSET ( 3, 0, .BEHIND. ) ;
#1891 = APPROVAL_ROLE ( '' ) ;
#1892 = PERSON_AND_ORGANIZATION ( #3983, #18446744073709551615 ) ;
#1893 = OBJECT_ROLE ('mandatory',$ ) ;
#1894 = APPROVAL_PERSON_ORGANIZATION ( #2593, #2542, #2550 ) ;
#1895 = CALENDAR_DATE ( 2026, 14, 9 ) ;
#1896 = APPROVAL_PERSON_ORGANIZATION ( #3492, #865, #2145 ) ;
#1897 = APPROVAL_PERSON_ORGANIZATION ( #3887, #3662, #1153 ) ;
#1898 = CARTESIAN_POINT ( 'NONE',  ( 0.000000000000000000, 0.000000000000000000, 0.000000000000000000 ) ) ;
#1899 = IDENTIFICATION_ROLE ( 'external document id and location', $) ;
#1900 = APPROVAL_PERSON_ORGANIZATION ( #1402, #1584, #24 ) ;
#1901 = PERSON ( 'NAUO-PER14', 'UNSPECIFIED', 'UNSPECIFIED', ('UNSPECIFIED'), ('UNSPECIFIED'), ('UNSPECIFIED') ) ;
#1902 = ORGANIZATION ( 'NAUO-ORG59', 'UNSPECIFIED', 'UNSPECIFIED' ) ;
#1903 = APPROVAL_STATUS ( 'not_yet_approved' ) ;
#1904 = APPLIED_DOCUMENT_REFERENCE ( #890,'',( #1475) ) ;
#1905 = CC_DESIGN_PERSON_AND_ORGANIZATION_ASSIGNMENT ( #3279, #918, ( #1865 ) ) ;
#1906 = DATE_AND_TIME ( #3706, #3211 ) ;
#1907 =( NAMED_UNIT ( * ) SI_UNIT ( $, .STERADIAN. ) SOLID_ANGLE_UNIT ( ) );
#1908 = ORGANIZATION ( 'NAUO-ORG27', 'UNSPECIFIED', 'UNSPECIFIED' ) ;
#1909 = APPLIED_DOCUMENT_REFERENCE ( #2601,'',( #3789) ) ;
#1910 = APPLICATION_CONTEXT ( 'configuration controlled 3d designs of mechanical parts and assemblies' ) ;
#1911 = SECURITY_CLASSIFICATION_LEVEL ( 'unclassified' ) ;
#1912 = PERSON_AND_ORGANIZATION ( #3983, #18446744073709551615 ) ;
#1913 = APPLICATION_PROTOCOL_DEFINITION ( 'international standard', 'config_control_design', 1994, #196 ) ;
#1914 = CONTEXT_DEPENDENT_SHAPE_REPRESENTATION ( #283, #2791 ) ;
#1915 = DOCUMENT_FILE ( 'arandela_m4.STEP' , '', '', #2016, '' ,$ ) ;
#1916 = CONTEXT_DEPENDENT_SHAPE_REPRESENTATION ( #4009, #1382 ) ;
#1917 = PRODUCT_DEFINITION_SHAPE ( 'NONE', 'NONE',  #3407 ) ;
#1918 = MECHANICAL_CONTEXT ( 'NONE', #1555, 'mechanical' ) ;
#1919 = PROPERTY_DEFINITION ('external definition','', #3723 ) ;
#1920 = APPROVAL_DATE_TIME ( #2585, #54 ) ;
#1921 = APPROVAL_ROLE ( '' ) ;
#1922 = CC_DESIGN_DATE_AND_TIME_ASSIGNMENT ( #939, #2037, ( #2818 ) ) ;
#1923 = CALENDAR_DATE ( 2026, 14, 9 ) ;
#1924 = CALENDAR_DATE ( 2026, 14, 9 ) ;
#1925 =( REPRESENTATION_RELATIONSHIP ('NONE','NONE', #1787, #4030 ) REPRESENTATION_RELATIONSHIP_WITH_TRANSFORMATION ( #3153 )SHAPE_REPRESENTATION_RELATIONSHIP( ) );
#1926 = DATE_TIME_ROLE ( 'classification_date' ) ;
#1927 = DATE_AND_TIME ( #3309, #934 ) ;
#1928 = CARTESIAN_POINT ( 'NONE',  ( -204.5397650056625594, 0.5668338562405377257, 970.4874689627376938 ) ) ;
#1929 = APPLICATION_CONTEXT ( 'configuration controlled 3d designs of mechanical parts and assemblies' ) ;
#1930 = APPROVAL_STATUS ( 'not_yet_approved' ) ;
#1931 = APPLIED_DOCUMENT_REFERENCE ( #557,'',( #2274) ) ;
#1932 = CALENDAR_DATE ( 2026, 14, 9 ) ;
#1933 = DATE_TIME_ROLE ( 'classification_date' ) ;
#1934 = CALENDAR_DATE ( 2026, 14, 9 ) ;
#1935 = CC_DESIGN_DATE_AND_TIME_ASSIGNMENT ( #3582, #1137, ( #3230 ) ) ;
#1936 = PRODUCT_RELATED_PRODUCT_CATEGORY ( 'detail', '', ( #1717 ) ) ;
#1937 = ORGANIZATION ( 'NAUO-ORG8', 'UNSPECIFIED', 'UNSPECIFIED' ) ;
#1938 = PERSON_AND_ORGANIZATION_ROLE ( 'classification_officer' ) ;
#1939 = PERSON_AND_ORGANIZATION_ROLE ( 'classification_officer' ) ;
#1940 = CC_DESIGN_SECURITY_CLASSIFICATION ( #2304, ( #4403 ) ) ;
#1941 = DIRECTION ( 'NONE',  ( 1.000000000000000000, 0.000000000000000000, 0.000000000000000000 ) ) ;
#1942 = CC_DESIGN_PERSON_AND_ORGANIZATION_ASSIGNMENT ( #3975, #3636, ( #1514 ) ) ;
#1943 = PROPERTY_DEFINITION ('document property','', #3886 ) ;
#1944 = PERSON_AND_ORGANIZATION ( #3983, #18446744073709551615 ) ;
#1945 =( LENGTH_UNIT ( ) NAMED_UNIT ( * ) SI_UNIT ( .MILLI., .METRE. ) );
#1946 = CALENDAR_DATE ( 2026, 14, 9 ) ;
#1947 = PERSON_AND_ORGANIZATION ( #3983, #18446744073709551615 ) ;
#1948 = LOCAL_TIME ( 10, 32, 43.00000000000000000, #2646 ) ;
#1949 = AXIS2_PLACEMENT_3D ( 'NONE', #3508, #1754, #3147 ) ;
#1950 = COORDINATED_UNIVERSAL_TIME_OFFSET ( 3, 0, .BEHIND. ) ;
#1951 = CC_DESIGN_APPROVAL ( #472, ( #2274 ) ) ;
#1952 = CARTESIAN_POINT ( 'NONE',  ( -162.1397650056625253, 0.5668338558849599362, 1000.237468962738035 ) ) ;
#1953 = DOCUMENT_TYPE ( 'geometry' ) ;
#1954 = LOCAL_TIME ( 10, 32, 43.00000000000000000, #667 ) ;
#1955 = APPROVAL_PERSON_ORGANIZATION ( #701, #3238, #1399 ) ;
#1956 = CALENDAR_DATE ( 2026, 14, 9 ) ;
#1957 = PERSON_AND_ORGANIZATION_ROLE ( 'classification_officer' ) ;
#1958 = PERSON_AND_ORGANIZATION ( #3983, #18446744073709551615 ) ;
#1959 = EXTERNAL_SOURCE (IDENTIFIER('') ) ;
#1960 = DESIGN_CONTEXT ( 'detailed design', #1151, 'design' ) ;
#1961 = PERSON_AND_ORGANIZATION_ROLE ( 'creator' ) ;
#1962 = PROPERTY_DEFINITION_REPRESENTATION ( #829, #1563 ) ;
#1963 = LOCAL_TIME ( 10, 32, 43.00000000000000000, #3530 ) ;
#1964 = IDENTIFICATION_ROLE ( 'external document id and location', $) ;
#1965 = MECHANICAL_CONTEXT ( 'NONE', #3991, 'mechanical' ) ;
#1966 = COORDINATED_UNIVERSAL_TIME_OFFSET ( 3, 0, .BEHIND. ) ;
#1967 = LOCAL_TIME ( 10, 32, 43.00000000000000000, #1215 ) ;
#1968 = APPROVAL_STATUS ( 'not_yet_approved' ) ;
#1969 = CC_DESIGN_PERSON_AND_ORGANIZATION_ASSIGNMENT ( #3883, #884, ( #3407 ) ) ;
#1970 = DOCUMENT_TYPE ( 'geometry' ) ;
#1971 = LOCAL_TIME ( 10, 32, 43.00000000000000000, #1633 ) ;
#1972 = COORDINATED_UNIVERSAL_TIME_OFFSET ( 3, 0, .BEHIND. ) ;
#1973 = SECURITY_CLASSIFICATION_LEVEL ( 'unclassified' ) ;
#1974 = DIRECTION ( 'NONE',  ( -1.000000000000000000, 9.758285150474269030E-17, 2.400007339726716898E-16 ) ) ;
#1975 = APPROVAL_PERSON_ORGANIZATION ( #4039, #4048, #632 ) ;
#1976 = SECURITY_CLASSIFICATION ( '', '', #2563 ) ;
#1977 = PERSON_AND_ORGANIZATION_ROLE ( 'classification_officer' ) ;
#1978 = SECURITY_CLASSIFICATION_LEVEL ( 'unclassified' ) ;
#1979 =( REPRESENTATION_RELATIONSHIP ('NONE','NONE', #1787, #4030 ) REPRESENTATION_RELATIONSHIP_WITH_TRANSFORMATION ( #2684 )SHAPE_REPRESENTATION_RELATIONSHIP( ) );
#1980 = PERSON_AND_ORGANIZATION ( #3983, #18446744073709551615 ) ;
#1981 = PRODUCT_DEFINITION_SHAPE ( 'NONE', 'NONE',  #4429 ) ;
#1982 = DATE_AND_TIME ( #4354, #2100 ) ;
#1983 = DATE_AND_TIME ( #2323, #2043 ) ;
#1984 = DATE_AND_TIME ( #3598, #3688 ) ;
#1985 =( REPRESENTATION_RELATIONSHIP ('NONE','NONE', #1787, #4030 ) REPRESENTATION_RELATIONSHIP_WITH_TRANSFORMATION ( #1627 )SHAPE_REPRESENTATION_RELATIONSHIP( ) );
#1986 =( NAMED_UNIT ( * ) SI_UNIT ( $, .STERADIAN. ) SOLID_ANGLE_UNIT ( ) );
#1987 = DATE_AND_TIME ( #1642, #2236 ) ;
#1988 = COORDINATED_UNIVERSAL_TIME_OFFSET ( 3, 0, .BEHIND. ) ;
#1989 = PRODUCT_DEFINITION_SHAPE ( 'NONE', 'NONE',  #4426 ) ;
#1990 = PERSON_AND_ORGANIZATION ( #3983, #18446744073709551615 ) ;
#1991 = DOCUMENT_TYPE ( 'geometry' ) ;
#1992 = APPLICATION_CONTEXT ( 'configuration controlled 3d designs of mechanical parts and assemblies' ) ;
#1993 = CC_DESIGN_PERSON_AND_ORGANIZATION_ASSIGNMENT ( #2410, #2824, ( #2024 ) ) ;
#1994 = CC_DESIGN_DATE_AND_TIME_ASSIGNMENT ( #2062, #342, ( #2171 ) ) ;
#1995 = PERSON_AND_ORGANIZATION_ROLE ( 'classification_officer' ) ;
#1996 = DOCUMENT_FILE ( 'washer_M3.STEP' , '', '', #2944, '' ,$ ) ;
#1997 = DIRECTION ( 'NONE',  ( 4.083309281079012554E-24, -0.4922407701250056111, 0.8704590881981423278 ) ) ;
#1998 = CALENDAR_DATE ( 2026, 14, 9 ) ;
#1999 = APPLIED_DOCUMENT_REFERENCE ( #2548,'',( #3796) ) ;
#2000 = APPROVAL_DATE_TIME ( #3065, #2164 ) ;
#2001 = PERSON ( 'NAUO-PER63', 'UNSPECIFIED', 'UNSPECIFIED', ('UNSPECIFIED'), ('UNSPECIFIED'), ('UNSPECIFIED') ) ;
#2002 = DESIGN_CONTEXT ( 'detailed design', #2700, 'design' ) ;
#2003 = PERSON_AND_ORGANIZATION ( #3983, #18446744073709551615 ) ;
#2004 = PERSON_AND_ORGANIZATION_ROLE ( 'classification_officer' ) ;
#2005 = PROPERTY_DEFINITION_REPRESENTATION ( #4382, #4071 ) ;
#2006 = ORGANIZATION ( 'NAUO-ORG10', 'UNSPECIFIED', 'UNSPECIFIED' ) ;
#2007 = APPROVAL_STATUS ( 'not_yet_approved' ) ;
#2008 =( REPRESENTATION_RELATIONSHIP ('NONE','NONE', #1787, #4030 ) REPRESENTATION_RELATIONSHIP_WITH_TRANSFORMATION ( #1557 )SHAPE_REPRESENTATION_RELATIONSHIP( ) );
#2009 = PERSON ( 'NAUO-PER20', 'UNSPECIFIED', 'UNSPECIFIED', ('UNSPECIFIED'), ('UNSPECIFIED'), ('UNSPECIFIED') ) ;
#2010 = DATE_AND_TIME ( #613, #1322 ) ;
#2011 = APPLICATION_PROTOCOL_DEFINITION ( 'international standard', 'config_control_design', 1994, #137 ) ;
#2012 = SECURITY_CLASSIFICATION ( '', '', #1597 ) ;
#2013 = DATE_TIME_ROLE ( 'classification_date' ) ;
#2014 = PRODUCT_DEFINITION_SHAPE ( 'NONE', 'NONE',  #4445 ) ;
#2015 = PERSON_AND_ORGANIZATION_ROLE ( 'classification_officer' ) ;
#2016 = DOCUMENT_TYPE ( 'geometry' ) ;
#2017 = DIRECTION ( 'NONE',  ( 2.071732527454983485E-16, -0.2550601836559968083, 0.9669251794804856193 ) ) ;
#2018 = APPLICATION_CONTEXT ( 'configuration controlled 3d designs of mechanical parts and assemblies' ) ;
#2019 = CC_DESIGN_APPROVAL ( #1412, ( #3145 ) ) ;
#2020 = CC_DESIGN_APPROVAL ( #1886, ( #732 ) ) ;
#2021 = ITEM_DEFINED_TRANSFORMATION ( 'NONE', 'NONE', #649,  #2162 ) ;
#2022 = PROPERTY_DEFINITION_REPRESENTATION ( #4345, #4030 ) ;
#2023 = PERSON_AND_ORGANIZATION_ROLE ( 'creator' ) ;
#2024 = SECURITY_CLASSIFICATION ( '', '', #1100 ) ;
#2025 = CC_DESIGN_PERSON_AND_ORGANIZATION_ASSIGNMENT ( #248, #3259, ( #3005 ) ) ;
#2026 = AXIS2_PLACEMENT_3D ( 'NONE', #3083, #2396, #4125 ) ;
#2027 = CALENDAR_DATE ( 2026, 14, 9 ) ;
#2028 = CONTEXT_DEPENDENT_SHAPE_REPRESENTATION ( #2215, #4342 ) ;
#2029 = APPROVAL_STATUS ( 'not_yet_approved' ) ;
#2030 = DATE_TIME_ROLE ( 'classification_date' ) ;
#2031 =( NAMED_UNIT ( * ) PLANE_ANGLE_UNIT ( ) SI_UNIT ( $, .RADIAN. ) );
#2032 = CALENDAR_DATE ( 2026, 14, 9 ) ;
#2033 = APPROVAL_ROLE ( '' ) ;
#2034 = DOCUMENT_TYPE ( 'geometry' ) ;
#2035 = APPROVAL ( #2562, 'UNKNOWN' ) ;
#2036 = CC_DESIGN_SECURITY_CLASSIFICATION ( #4109, ( #4438 ) ) ;
#2037 = DATE_TIME_ROLE ( 'classification_date' ) ;
#2038 = DATE_TIME_ROLE ( 'classification_date' ) ;
#2039 = DIRECTION ( 'NONE',  ( -6.097271086884445796E-24, 5.092182001371081868E-24, -1.000000000000000000 ) ) ;
#2040 = ORGANIZATION ( 'NAUO-ORG38', 'UNSPECIFIED', 'UNSPECIFIED' ) ;
#2041 = SECURITY_CLASSIFICATION ( '', '', #475 ) ;
#2042 =( REPRESENTATION_RELATIONSHIP ('NONE','NONE', #1787, #3593 ) REPRESENTATION_RELATIONSHIP_WITH_TRANSFORMATION ( #3641 )SHAPE_REPRESENTATION_RELATIONSHIP( ) );
#2043 = LOCAL_TIME ( 10, 32, 43.00000000000000000, #1279 ) ;
#2044 = ROLE_ASSOCIATION ( #345, #3396 ) ;
#2045 = APPROVAL_PERSON_ORGANIZATION ( #2495, #474, #2538 ) ;
#2046 = DATE_AND_TIME ( #4364, #3973 ) ;
#2047 = COORDINATED_UNIVERSAL_TIME_OFFSET ( 3, 0, .BEHIND. ) ;
#2048 = APPROVAL_PERSON_ORGANIZATION ( #367, #3711, #691 ) ;
#2049 = UNCERTAINTY_MEASURE_WITH_UNIT (LENGTH_MEASURE( 1.000000000000000082E-05 ), #3229, 'distance_accuracy_value', 'NONE');
#2050 = APPROVAL_DATE_TIME ( #3998, #1551 ) ;
#2051 = APPLIED_DOCUMENT_REFERENCE ( #352,'',( #2072) ) ;
#2052 = COORDINATED_UNIVERSAL_TIME_OFFSET ( 3, 0, .BEHIND. ) ;
#2053 = PRODUCT_DEFINITION_SHAPE ( 'NONE', 'NONE',  #4399 ) ;
#2054 = IDENTIFICATION_ROLE ( 'external document id and location', $) ;
#2055 = PROPERTY_DEFINITION ('external definition','', #1139 ) ;
#2056 = DATE_AND_TIME ( #2419, #869 ) ;
#2057 = APPROVAL_ROLE ( '' ) ;
#2058 = DATE_AND_TIME ( #4217, #3725 ) ;
#2059 = APPROVAL ( #2258, 'UNKNOWN' ) ;
#2060 = PERSON ( 'NAUO-PER38', 'UNSPECIFIED', 'UNSPECIFIED', ('UNSPECIFIED'), ('UNSPECIFIED'), ('UNSPECIFIED') ) ;
#2061 = CONTEXT_DEPENDENT_SHAPE_REPRESENTATION ( #3578, #1079 ) ;
#2062 = DATE_AND_TIME ( #3123, #1225 ) ;
#2063 = DIRECTION ( 'NONE',  ( 3.676798640166183369E-23, -1.010101592536828286E-22, -1.000000000000000000 ) ) ;
#2064 = PROPERTY_DEFINITION ('document property','', #211 ) ;
#2065 = CONTEXT_DEPENDENT_SHAPE_REPRESENTATION ( #434, #789 ) ;
#2066 = PERSON_AND_ORGANIZATION ( #2001, #3390 ) ;
#2067 = DOCUMENT_TYPE ( 'geometry' ) ;
#2068 = COORDINATED_UNIVERSAL_TIME_OFFSET ( 3, 0, .BEHIND. ) ;
#2069 = APPLIED_DOCUMENT_REFERENCE ( #3490,'',( #1002) ) ;
#2070 = APPROVAL_ROLE ( '' ) ;
#2071 = APPLIED_DOCUMENT_REFERENCE ( #4174,'',( #2812) ) ;
#2072 = PRODUCT_DEFINITION ( 'General', '', #2244, #3834 ) ;
#2073 = CC_DESIGN_PERSON_AND_ORGANIZATION_ASSIGNMENT ( #4023, #3074, ( #3145 ) ) ;
#2074 = COORDINATED_UNIVERSAL_TIME_OFFSET ( 3, 0, .BEHIND. ) ;
#2075 = PERSON_AND_ORGANIZATION_ROLE ( 'creator' ) ;
#2076 = COORDINATED_UNIVERSAL_TIME_OFFSET ( 3, 0, .BEHIND. ) ;
#2077 = CC_DESIGN_DATE_AND_TIME_ASSIGNMENT ( #198, #3342, ( #1243 ) ) ;
#2078 = COORDINATED_UNIVERSAL_TIME_OFFSET ( 3, 0, .BEHIND. ) ;
#2079 = CC_DESIGN_PERSON_AND_ORGANIZATION_ASSIGNMENT ( #2003, #1020, ( #4238 ) ) ;
#2080 = LOCAL_TIME ( 10, 32, 43.00000000000000000, #186 ) ;
#2081 = APPROVAL ( #705, 'Coincidente' ) ;
#2082 = CC_DESIGN_SECURITY_CLASSIFICATION ( #4010, ( #4408 ) ) ;
#2083 = CONTEXT_DEPENDENT_SHAPE_REPRESENTATION ( #3555, #1438 ) ;
#2084 = DOCUMENT_FILE ( 'arandela_m4.STEP' , '', '', #2713, '' ,$ ) ;
#2085 = PRODUCT ( 'washer_M3', 'washer_M3', '', ( #1965 ) ) ;
#2086 = CARTESIAN_POINT ( 'NONE',  ( -161.9397650056625082, -71.76386973475315756, 914.7256609007408770 ) ) ;
#2087 = APPROVAL_PERSON_ORGANIZATION ( #1217, #1690, #1264 ) ;
#2088 = PRODUCT_DEFINITION_SHAPE ( 'NONE', 'NONE',  #4403 ) ;
#2089 = APPROVAL_PERSON_ORGANIZATION ( #3634, #1167, #561 ) ;
#2090 = DIRECTION ( 'NONE',  ( 1.000000000000000000, -1.010101592536828286E-22, -3.318316107711255531E-16 ) ) ;
#2091 = PRODUCT_DEFINITION_SHAPE ( 'NONE', 'NONE',  #4434 ) ;
#2092 = PROPERTY_DEFINITION ('external definition','', #2313 ) ;
#2093 = LOCAL_TIME ( 10, 32, 43.00000000000000000, #3719 ) ;
#2094 = AXIS2_PLACEMENT_3D ( 'NONE', #3406, #503, #526 ) ;
#2095 = PERSON_AND_ORGANIZATION ( #3983, #18446744073709551615 ) ;
#2096 = CC_DESIGN_DATE_AND_TIME_ASSIGNMENT ( #3784, #3046, ( #4293 ) ) ;
#2097 = APPROVAL_DATE_TIME ( #3836, #3624 ) ;
#2098 = PERSON_AND_ORGANIZATION_ROLE ( 'classification_officer' ) ;
#2099 = APPROVAL_ROLE ( '' ) ;
#2100 = LOCAL_TIME ( 10, 32, 43.00000000000000000, #4064 ) ;
#2101 = IDENTIFICATION_ROLE ( 'external document id and location', $) ;
#2102 = AXIS2_PLACEMENT_3D ( 'NONE', #2294, #1629, #3310 ) ;
#2103 = PERSON_AND_ORGANIZATION_ROLE ( 'creator' ) ;
#2104 = APPROVAL_PERSON_ORGANIZATION ( #1102, #3988, #2765 ) ;
#2105 = SECURITY_CLASSIFICATION_LEVEL ( 'unclassified' ) ;
#2106 = COORDINATED_UNIVERSAL_TIME_OFFSET ( 3, 0, .BEHIND. ) ;
#2107 = CALENDAR_DATE ( 2026, 14, 9 ) ;
#2108 = DOCUMENT_TYPE ( 'geometry' ) ;
#2109 = DOCUMENT_FILE ( 'hexagon_nut_M3_plain.STEP' , '', '', #3700, '' ,$ ) ;
#2110 = APPLIED_DOCUMENT_REFERENCE ( #1773,'',( #2812) ) ;
#2111 = DIRECTION ( 'NONE',  ( 1.000000000000000000, 1.010101592536828286E-22, 3.676798640166183369E-23 ) ) ;
#2112 = APPLIED_EXTERNAL_IDENTIFICATION_ASSIGNMENT ( 'arandela_m4.STEP' , #3037, #3428,( #1311) ) ;
#2113 = DATE_TIME_ROLE ( 'classification_date' ) ;
#2114 = LOCAL_TIME ( 10, 32, 43.00000000000000000, #4140 ) ;
#2115 = APPLIED_EXTERNAL_IDENTIFICATION_ASSIGNMENT ( 'socket_head_cap_screw_M3_l20mm_plain.STEP' , #1345, #190,( #822) ) ;
#2116 = APPROVAL ( #408, 'UNKNOWN' ) ;
#2117 = APPLIED_EXTERNAL_IDENTIFICATION_ASSIGNMENT ( 'eslabon_AD_v2.STEP' , #1203, #1381,( #3295) ) ;
#2118 = APPLIED_EXTERNAL_IDENTIFICATION_ASSIGNMENT ( 'socket_head_cap_screw_M4_l25mm_plain.STEP' , #2449, #1722,( #2297) ) ;
#2119 = DATE_TIME_ROLE ( 'classification_date' ) ;
#2120 = PROPERTY_DEFINITION_REPRESENTATION ( #3300, #1563 ) ;
#2121 = COORDINATED_UNIVERSAL_TIME_OFFSET ( 3, 0, .BEHIND. ) ;
#2122 = CALENDAR_DATE ( 2026, 14, 9 ) ;
#2123 = APPROVAL_PERSON_ORGANIZATION ( #1216, #57, #4374 ) ;
#2124 = APPROVAL_ROLE ( '' ) ;
#2125 = PROPERTY_DEFINITION ('document property','', #538 ) ;
#2126 = PERSON_AND_ORGANIZATION ( #3983, #18446744073709551615 ) ;
#2127 = DATE_AND_TIME ( #2420, #2334 ) ;
#2128 = CC_DESIGN_APPROVAL ( #2116, ( #2687 ) ) ;
#2129 = OBJECT_ROLE ('mandatory',$ ) ;
#2130 = APPLIED_DOCUMENT_REFERENCE ( #71,'',( #1743) ) ;
#2131 = PRODUCT_DEFINITION_SHAPE ( 'NONE', 'NONE',  #4405 ) ;
#2132 = CALENDAR_DATE ( 2026, 14, 9 ) ;
#2133 = CARTESIAN_POINT ( 'NONE',  ( -179.6897650056625935, 57.13537635116444591, 946.7369830719312631 ) ) ;
#2134 = DOCUMENT_TYPE ( 'geometry' ) ;
#2135 = APPROVAL ( #3494, 'Coincidente' ) ;
#2136 = PRODUCT_RELATED_PRODUCT_CATEGORY ( 'detail', '', ( #548 ) ) ;
#2137 = CC_DESIGN_DATE_AND_TIME_ASSIGNMENT ( #966, #1245, ( #4010 ) ) ;
#2138 = APPROVAL_ROLE ( '' ) ;
#2139 =( REPRESENTATION_RELATIONSHIP ('NONE','NONE', #1787, #3250 ) REPRESENTATION_RELATIONSHIP_WITH_TRANSFORMATION ( #4107 )SHAPE_REPRESENTATION_RELATIONSHIP( ) );
#2140 = CC_DESIGN_DATE_AND_TIME_ASSIGNMENT ( #2504, #3574, ( #130 ) ) ;
#2141 = DESIGN_CONTEXT ( 'detailed design', #196, 'design' ) ;
#2142 = CALENDAR_DATE ( 2026, 14, 9 ) ;
#2143 = APPLIED_DOCUMENT_REFERENCE ( #2476,'',( #395) ) ;
#2144 = COORDINATED_UNIVERSAL_TIME_OFFSET ( 3, 0, .BEHIND. ) ;
#2145 = APPROVAL_ROLE ( '' ) ;
#2146 = PERSON_AND_ORGANIZATION ( #3983, #18446744073709551615 ) ;
#2147 = APPROVAL_ROLE ( '' ) ;
#2148 = DATE_AND_TIME ( #1740, #970 ) ;
#2149 = DATE_TIME_ROLE ( 'classification_date' ) ;
#2150 = COORDINATED_UNIVERSAL_TIME_OFFSET ( 3, 0, .BEHIND. ) ;
#2151 = PERSON_AND_ORGANIZATION_ROLE ( 'creator' ) ;
#2152 = APPROVAL_PERSON_ORGANIZATION ( #2379, #2881, #2733 ) ;
#2153 = CALENDAR_DATE ( 2026, 14, 9 ) ;
#2154 = OBJECT_ROLE ('mandatory',$ ) ;
#2155 = DIRECTION ( 'NONE',  ( -1.000000000000000000, 6.601433048446705128E-17, 1.999102237509286494E-16 ) ) ;
#2156 = SECURITY_CLASSIFICATION ( '', '', #1973 ) ;
#2157 = CC_DESIGN_DATE_AND_TIME_ASSIGNMENT ( #2789, #3413, ( #3822 ) ) ;
#2158 = LOCAL_TIME ( 10, 32, 43.00000000000000000, #1256 ) ;
#2159 = SHAPE_DEFINITION_REPRESENTATION ( #1112, #3564 ) ;
#2160 = PROPERTY_DEFINITION_REPRESENTATION ( #2514, #3564 ) ;
#2161 = PROPERTY_DEFINITION_REPRESENTATION ( #4235, #4030 ) ;
#2162 = AXIS2_PLACEMENT_3D ( 'NONE', #1346, #657, #2305 ) ;
#2163 = DATE_AND_TIME ( #3540, #2549 ) ;
#2164 = APPROVAL ( #2468, 'Coincidente' ) ;
#2165 = APPROVAL_PERSON_ORGANIZATION ( #517, #2164, #3699 ) ;
#2166 = PROPERTY_DEFINITION ('document property','', #1996 ) ;
#2167 = PERSON_AND_ORGANIZATION_ROLE ( 'design_supplier' ) ;
#2168 = PERSON_AND_ORGANIZATION_ROLE ( 'creator' ) ;
#2169 = CALENDAR_DATE ( 2026, 14, 9 ) ;
#2170 = SECURITY_CLASSIFICATION ( '', '', #493 ) ;
#2171 = SECURITY_CLASSIFICATION ( '', '', #1716 ) ;
#2172 = APPROVAL_PERSON_ORGANIZATION ( #3835, #2272, #1801 ) ;
#2173 = PERSON ( 'NAUO-PER26', 'UNSPECIFIED', 'UNSPECIFIED', ('UNSPECIFIED'), ('UNSPECIFIED'), ('UNSPECIFIED') ) ;
#2174 = PERSON_AND_ORGANIZATION_ROLE ( 'classification_officer' ) ;
#2175 = DOCUMENT_FILE ( 'eslabon_AD_tapa.STEP' , '', '', #3569, '' ,$ ) ;
#2176 = APPROVAL_DATE_TIME ( #4188, #1334 ) ;
#2177 = CC_DESIGN_PERSON_AND_ORGANIZATION_ASSIGNMENT ( #2452, #3746, ( #80 ) ) ;
#2178 = DATE_TIME_ROLE ( 'classification_date' ) ;
#2179 = COORDINATED_UNIVERSAL_TIME_OFFSET ( 3, 0, .BEHIND. ) ;
#2180 = APPLIED_EXTERNAL_IDENTIFICATION_ASSIGNMENT ( 'arandela_m4.STEP' , #1040, #2442,( #3757) ) ;
#2181 = DOCUMENT_TYPE ( 'geometry' ) ;
#2182 = PERSON_AND_ORGANIZATION ( #3983, #18446744073709551615 ) ;
#2183 = APPROVAL_PERSON_ORGANIZATION ( #92, #271, #1853 ) ;
#2184 = COORDINATED_UNIVERSAL_TIME_OFFSET ( 3, 0, .BEHIND. ) ;
#2185 = COORDINATED_UNIVERSAL_TIME_OFFSET ( 3, 0, .BEHIND. ) ;
#2186 = DATE_AND_TIME ( #3563, #133 ) ;
#2187 = APPLIED_EXTERNAL_IDENTIFICATION_ASSIGNMENT ( 'DS3225MG 25KG.STEP' , #1608, #2524,( #4273) ) ;
#2188 = SECURITY_CLASSIFICATION ( '', '', #853 ) ;
#2189 = CC_DESIGN_PERSON_AND_ORGANIZATION_ASSIGNMENT ( #4200, #3856, ( #1183 ) ) ;
#2190 = COORDINATED_UNIVERSAL_TIME_OFFSET ( 3, 0, .BEHIND. ) ;
#2191 = APPROVAL_STATUS ( 'not_yet_approved' ) ;
#2192 = DOCUMENT_TYPE ( 'geometry' ) ;
#2193 = LOCAL_TIME ( 10, 32, 43.00000000000000000, #3003 ) ;
#2194 = CC_DESIGN_APPROVAL ( #4048, ( #1049 ) ) ;
#2195 = CARTESIAN_POINT ( 'NONE',  ( 0.000000000000000000, 0.000000000000000000, 0.000000000000000000 ) ) ;
#2196 = PROPERTY_DEFINITION ('external definition','', #2586 ) ;
#2197 = ORGANIZATION ( 'NAUO-ORG29', 'UNSPECIFIED', 'UNSPECIFIED' ) ;
#2198 = APPROVAL_STATUS ( 'not_yet_approved' ) ;
#2199 = DATE_AND_TIME ( #2838, #1091 ) ;
#2200 = EXTERNAL_SOURCE (IDENTIFIER('') ) ;
#2201 = SECURITY_CLASSIFICATION_LEVEL ( 'unclassified' ) ;
#2202 = APPLIED_DOCUMENT_REFERENCE ( #3577,'',( #3789) ) ;
#2203 = DIRECTION ( 'NONE',  ( -3.318315740031391761E-16, 0.000000000000000000, -1.000000000000000000 ) ) ;
#2204 = PRODUCT_DEFINITION_SHAPE ( 'NONE', 'NONE',  #4450 ) ;
#2205 = COORDINATED_UNIVERSAL_TIME_OFFSET ( 3, 0, .BEHIND. ) ;
#2206 = APPLIED_DOCUMENT_REFERENCE ( #538,'',( #2219) ) ;
#2207 = PROPERTY_DEFINITION_REPRESENTATION ( #3551, #4030 ) ;
#2208 = DATE_AND_TIME ( #540, #380 ) ;
#2209 = APPROVAL_ROLE ( '' ) ;
#2210 = OBJECT_ROLE ('mandatory',$ ) ;
#2211 = APPROVAL_DATE_TIME ( #4246, #3521 ) ;
#2212 = COORDINATED_UNIVERSAL_TIME_OFFSET ( 3, 0, .BEHIND. ) ;
#2213 = CC_DESIGN_PERSON_AND_ORGANIZATION_ASSIGNMENT ( #1421, #109, ( #1374 ) ) ;
#2214 = CALENDAR_DATE ( 2026, 14, 9 ) ;
#2215 =( REPRESENTATION_RELATIONSHIP ('NONE','NONE', #1787, #820 ) REPRESENTATION_RELATIONSHIP_WITH_TRANSFORMATION ( #3722 )SHAPE_REPRESENTATION_RELATIONSHIP( ) );
#2216 = CC_DESIGN_DATE_AND_TIME_ASSIGNMENT ( #2987, #3277, ( #3529 ) ) ;
#2217 = COORDINATED_UNIVERSAL_TIME_OFFSET ( 3, 0, .BEHIND. ) ;
#2218 = DATE_AND_TIME ( #2132, #610 ) ;
#2219 = PRODUCT_DEFINITION ( 'General', '', #1658, #1729 ) ;
#2220 = CALENDAR_DATE ( 2026, 14, 9 ) ;
#2221 = CARTESIAN_POINT ( 'NONE',  ( 0.000000000000000000, 0.000000000000000000, 0.000000000000000000 ) ) ;
#2222 = CC_DESIGN_DATE_AND_TIME_ASSIGNMENT ( #4358, #4027, ( #1214 ) ) ;
#2223 = CALENDAR_DATE ( 2026, 14, 9 ) ;
#2224 = DIRECTION ( 'NONE',  ( 3.318315679058680719E-16, 5.092182001371081868E-24, 1.000000000000000000 ) ) ;
#2225 = CC_DESIGN_SECURITY_CLASSIFICATION ( #1641, ( #4396 ) ) ;
#2226 = COORDINATED_UNIVERSAL_TIME_OFFSET ( 3, 0, .BEHIND. ) ;
#2227 = PROPERTY_DEFINITION_REPRESENTATION ( #317, #4030 ) ;
#2228 = ROLE_ASSOCIATION ( #339, #1274 ) ;
#2229 = LOCAL_TIME ( 10, 32, 43.00000000000000000, #97 ) ;
#2230 = COORDINATED_UNIVERSAL_TIME_OFFSET ( 3, 0, .BEHIND. ) ;
#2231 = DATE_AND_TIME ( #810, #2158 ) ;
#2232 = CC_DESIGN_APPROVAL ( #1887, ( #366 ) ) ;
#2233 = CC_DESIGN_PERSON_AND_ORGANIZATION_ASSIGNMENT ( #2379, #3064, ( #4293 ) ) ;
#2234 = APPROVAL_STATUS ( 'not_yet_approved' ) ;
#2235 = SECURITY_CLASSIFICATION_LEVEL ( 'unclassified' ) ;
#2236 = LOCAL_TIME ( 10, 32, 43.00000000000000000, #616 ) ;
#2237 = PRODUCT_DEFINITION_SHAPE ( 'NONE', 'NONE',  #2219 ) ;
#2238 = CC_DESIGN_APPROVAL ( #54, ( #2170 ) ) ;
#2239 = COORDINATED_UNIVERSAL_TIME_OFFSET ( 3, 0, .BEHIND. ) ;
#2240 =( GEOMETRIC_REPRESENTATION_CONTEXT ( 3 ) GLOBAL_UNCERTAINTY_ASSIGNED_CONTEXT ( ( #327 ) ) GLOBAL_UNIT_ASSIGNED_CONTEXT ( ( #2309, #3388, #2658 ) ) REPRESENTATION_CONTEXT ( 'NONE', 'WORKASPACE' ) );
#2241 = PROPERTY_DEFINITION ('external definition','', #2175 ) ;
#2242 = SECURITY_CLASSIFICATION_LEVEL ( 'unclassified' ) ;
#2243 = APPROVAL_ROLE ( '' ) ;
#2244 = PRODUCT_DEFINITION_FORMATION_WITH_SPECIFIED_SOURCE ( 'Simétric', '', #34, .NOT_KNOWN. ) ;
#2245 = DOCUMENT_TYPE ( 'geometry' ) ;
#2246 = AXIS2_PLACEMENT_3D ( 'NONE', #2133, #668, #3738 ) ;
#2247 = APPROVAL_PERSON_ORGANIZATION ( #1480, #973, #2913 ) ;
#2248 = APPLIED_DOCUMENT_REFERENCE ( #267,'',( #3744) ) ;
#2249 = DIRECTION ( 'NONE',  ( -3.191978260395307636E-16, 0.2733057054586900958, -0.9619272276860282300 ) ) ;
#2250 = APPLICATION_CONTEXT ( 'configuration controlled 3d designs of mechanical parts and assemblies' ) ;
#2251 = APPLICATION_PROTOCOL_DEFINITION ( 'international standard', 'config_control_design', 1994, #2390 ) ;
#2252 = ROLE_ASSOCIATION ( #3587, #2843 ) ;
#2253 = PERSON_AND_ORGANIZATION ( #490, #1611 ) ;
#2254 = CC_DESIGN_PERSON_AND_ORGANIZATION_ASSIGNMENT ( #4219, #470, ( #2541 ) ) ;
#2255 = PERSON_AND_ORGANIZATION ( #3983, #18446744073709551615 ) ;
#2256 = CC_DESIGN_SECURITY_CLASSIFICATION ( #1310, ( #4439 ) ) ;
#2257 = SECURITY_CLASSIFICATION_LEVEL ( 'unclassified' ) ;
#2258 = APPROVAL_STATUS ( 'not_yet_approved' ) ;
#2259 = ORGANIZATION ( 'NAUO-ORG30', 'UNSPECIFIED', 'UNSPECIFIED' ) ;
#2260 = APPLIED_EXTERNAL_IDENTIFICATION_ASSIGNMENT ( 'arandela_m4.STEP' , #30, #1121,( #570) ) ;
#2261 =( NAMED_UNIT ( * ) SI_UNIT ( $, .STERADIAN. ) SOLID_ANGLE_UNIT ( ) );
#2262 = CALENDAR_DATE ( 2026, 14, 9 ) ;
#2263 = LOCAL_TIME ( 10, 32, 43.00000000000000000, #651 ) ;
#2264 = APPLIED_EXTERNAL_IDENTIFICATION_ASSIGNMENT ( 'hexagon_nut_M4_plain.STEP' , #311, #84,( #3023) ) ;
#2265 = APPROVAL_STATUS ( 'not_yet_approved' ) ;
#2266 = ROLE_ASSOCIATION ( #3227, #1904 ) ;
#2267 = CALENDAR_DATE ( 2026, 14, 9 ) ;
#2268 = LOCAL_TIME ( 10, 32, 43.00000000000000000, #3232 ) ;
#2269 = PROPERTY_DEFINITION_REPRESENTATION ( #432, #1447 ) ;
#2270 = APPROVAL_STATUS ( 'not_yet_approved' ) ;
#2271 = CARTESIAN_POINT ( 'NONE',  ( -169.3897650056625537, 10.13058558760595496, 920.1559814852328145 ) ) ;
#2272 = APPROVAL ( #761, 'Coincidente' ) ;
#2273 = DOCUMENT_TYPE ( 'geometry' ) ;
#2274 = PRODUCT_DEFINITION ( 'General', '', #1514, #3974 ) ;
#2275 = APPROVAL ( #2198, 'UNKNOWN' ) ;
#2276 = APPROVAL_DATE_TIME ( #904, #330 ) ;
#2277 = COORDINATED_UNIVERSAL_TIME_OFFSET ( 3, 0, .BEHIND. ) ;
#2278 = DATE_AND_TIME ( #1932, #4045 ) ;
#2279 = APPROVAL_DATE_TIME ( #1207, #782 ) ;
#2280 = PRODUCT_DEFINITION_SHAPE ( 'NONE', 'NONE',  #4392 ) ;
#2281 = CALENDAR_DATE ( 2026, 14, 9 ) ;
#2282 = OBJECT_ROLE ('mandatory',$ ) ;
#2283 = APPROVAL ( #1178, 'Coincidente' ) ;
#2284 = PERSON ( 'NAUO-PER24', 'UNSPECIFIED', 'UNSPECIFIED', ('UNSPECIFIED'), ('UNSPECIFIED'), ('UNSPECIFIED') ) ;
#2285 = PROPERTY_DEFINITION ('external definition','', #890 ) ;
#2286 = DATE_AND_TIME ( #469, #4165 ) ;
#2287 = CALENDAR_DATE ( 2026, 14, 9 ) ;
#2288 = DIRECTION ( 'NONE',  ( 1.000000000000000000, 0.000000000000000000, 0.000000000000000000 ) ) ;
#2289 = IDENTIFICATION_ROLE ( 'external document id and location', $) ;
#2290 = COORDINATED_UNIVERSAL_TIME_OFFSET ( 3, 0, .BEHIND. ) ;
#2291 = CALENDAR_DATE ( 2026, 14, 9 ) ;
#2292 = DIRECTION ( 'NONE',  ( -1.000000000000000000, -4.737894134762901747E-24, 3.318316810449381746E-16 ) ) ;
#2293 = PERSON_AND_ORGANIZATION_ROLE ( 'classification_officer' ) ;
#2294 = CARTESIAN_POINT ( 'NONE',  ( -152.2397650056624911, 0.5668338562405377257, 1000.237468962737807 ) ) ;
#2295 = CALENDAR_DATE ( 2026, 14, 9 ) ;
#2296 = SECURITY_CLASSIFICATION_LEVEL ( 'unclassified' ) ;
#2297 = DOCUMENT_FILE ( 'socket_head_cap_screw_M4_l25mm_plain.STEP' , '', '', #2698, '' ,$ ) ;
#2298 = CALENDAR_DATE ( 2026, 14, 9 ) ;
#2299 = APPROVAL ( #2989, 'UNKNOWN' ) ;
#2300 = APPROVAL_PERSON_ORGANIZATION ( #2688, #1770, #643 ) ;
#2301 = APPROVAL_ROLE ( '' ) ;
#2302 = APPROVAL ( #3614, 'Coincidente' ) ;
#2303 = OBJECT_ROLE ('mandatory',$ ) ;
#2304 = SECURITY_CLASSIFICATION ( '', '', #482 ) ;
#2305 = DIRECTION ( 'NONE',  ( 1.000000000000000000, 0.000000000000000000, 0.000000000000000000 ) ) ;
#2306 = APPROVAL_PERSON_ORGANIZATION ( #3730, #2356, #2391 ) ;
#2307 = PERSON_AND_ORGANIZATION_ROLE ( 'classification_officer' ) ;
#2308 = DATE_TIME_ROLE ( 'classification_date' ) ;
#2309 =( LENGTH_UNIT ( ) NAMED_UNIT ( * ) SI_UNIT ( .MILLI., .METRE. ) );
#2310 = LOCAL_TIME ( 10, 32, 43.00000000000000000, #1849 ) ;
#2311 = PRODUCT ( 'eslabon_CDP_v2', 'eslabon_CDP_v2', '', ( #1918 ) ) ;
#2312 = APPROVAL_ROLE ( '' ) ;
#2313 = DOCUMENT_FILE ( 'eslabon_CDP_v2.STEP' , '', '', #1508, '' ,$ ) ;
#2314 = CC_DESIGN_SECURITY_CLASSIFICATION ( #1443, ( #4238 ) ) ;
#2315 = CARTESIAN_POINT ( 'NONE',  ( -176.6897650056626787, 57.13537635116443170, 946.7369830719312631 ) ) ;
#2316 = LOCAL_TIME ( 10, 32, 43.00000000000000000, #3204 ) ;
#2317 = PROPERTY_DEFINITION ('external definition','', #211 ) ;
#2318 = APPROVAL_PERSON_ORGANIZATION ( #146, #330, #3940 ) ;
#2319 = DATE_AND_TIME ( #944, #2997 ) ;
#2320 = ITEM_DEFINED_TRANSFORMATION ( 'NONE', 'NONE', #289,  #721 ) ;
#2321 = DATE_AND_TIME ( #2298, #1582 ) ;
#2322 = APPROVAL_STATUS ( 'not_yet_approved' ) ;
#2323 = CALENDAR_DATE ( 2026, 14, 9 ) ;
#2324 = PERSON ( 'NAUO-PER52', 'UNSPECIFIED', 'UNSPECIFIED', ('UNSPECIFIED'), ('UNSPECIFIED'), ('UNSPECIFIED') ) ;
#2325 = CARTESIAN_POINT ( 'NONE',  ( 0.000000000000000000, 0.000000000000000000, 0.000000000000000000 ) ) ;
#2326 = APPROVAL ( #105, 'UNKNOWN' ) ;
#2327 = COORDINATED_UNIVERSAL_TIME_OFFSET ( 3, 0, .BEHIND. ) ;
#2328 = APPROVAL_DATE_TIME ( #4116, #1469 ) ;
#2329 = IDENTIFICATION_ROLE ( 'external document id and location', $) ;
#2330 = ROLE_ASSOCIATION ( #719, #2637 ) ;
#2331 = LOCAL_TIME ( 10, 32, 43.00000000000000000, #2230 ) ;
#2332 = CC_DESIGN_APPROVAL ( #3662, ( #1670 ) ) ;
#2333 = PERSON_AND_ORGANIZATION_ROLE ( 'classification_officer' ) ;
#2334 = LOCAL_TIME ( 10, 32, 43.00000000000000000, #1710 ) ;
#2335 = PERSON ( 'NAUO-PER13', 'UNSPECIFIED', 'UNSPECIFIED', ('UNSPECIFIED'), ('UNSPECIFIED'), ('UNSPECIFIED') ) ;
#2336 = SECURITY_CLASSIFICATION ( '', '', #1978 ) ;
#2337 = DOCUMENT_FILE ( 'arandela_m4.STEP' , '', '', #129, '' ,$ ) ;
#2338 = PROPERTY_DEFINITION_REPRESENTATION ( #2092, #3536 ) ;
#2339 = IDENTIFICATION_ROLE ( 'external document id and location', $) ;
#2340 = DIRECTION ( 'NONE',  ( -3.521426021232797178E-20, 0.6791220671794734320, -0.7340253523345627862 ) ) ;
#2341 = ORGANIZATION ( 'NAUO-ORG26', 'UNSPECIFIED', 'UNSPECIFIED' ) ;
#2342 = CC_DESIGN_SECURITY_CLASSIFICATION ( #2687, ( #4424 ) ) ;
#2343 = ROLE_ASSOCIATION ( #4196, #255 ) ;
#2344 = APPROVAL_ROLE ( '' ) ;
#2345 = DATE_AND_TIME ( #276, #2093 ) ;
#2346 = APPROVAL_STATUS ( 'not_yet_approved' ) ;
#2347 = APPROVAL_DATE_TIME ( #4278, #4048 ) ;
#2348 =( NAMED_UNIT ( * ) SI_UNIT ( $, .STERADIAN. ) SOLID_ANGLE_UNIT ( ) );
#2349 = SHAPE_DEFINITION_REPRESENTATION ( #947, #4001 ) ;
#2350 = COORDINATED_UNIVERSAL_TIME_OFFSET ( 3, 0, .BEHIND. ) ;
#2351 = CC_DESIGN_PERSON_AND_ORGANIZATION_ASSIGNMENT ( #92, #4277, ( #2041 ) ) ;
#2352 =( REPRESENTATION_RELATIONSHIP ('NONE','NONE', #1787, #2632 ) REPRESENTATION_RELATIONSHIP_WITH_TRANSFORMATION ( #3505 )SHAPE_REPRESENTATION_RELATIONSHIP( ) );
#2353 = CC_DESIGN_DATE_AND_TIME_ASSIGNMENT ( #4018, #4081, ( #1443 ) ) ;
#2354 = CALENDAR_DATE ( 2026, 14, 9 ) ;
#2355 = APPLIED_DOCUMENT_REFERENCE ( #1336,'',( #2812) ) ;
#2356 = APPROVAL ( #1383, 'Coincidente' ) ;
#2357 = DIRECTION ( 'NONE',  ( 0.000000000000000000, 0.000000000000000000, 1.000000000000000000 ) ) ;
#2358 = DOCUMENT_TYPE ( 'geometry' ) ;
#2359 = PERSON_AND_ORGANIZATION_ROLE ( 'classification_officer' ) ;
#2360 = DATE_TIME_ROLE ( 'classification_date' ) ;
#2361 = DESIGN_CONTEXT ( 'detailed design', #1698, 'design' ) ;
#2362 = DATE_AND_TIME ( #611, #365 ) ;
#2363 = CALENDAR_DATE ( 2026, 14, 9 ) ;
#2364 = APPLIED_DOCUMENT_REFERENCE ( #3723,'',( #2812) ) ;
#2365 = CC_DESIGN_DATE_AND_TIME_ASSIGNMENT ( #40, #3215, ( #1232 ) ) ;
#2366 = CC_DESIGN_APPROVAL ( #2881, ( #4293 ) ) ;
#2367 = APPROVAL_STATUS ( 'not_yet_approved' ) ;
#2368 = CC_DESIGN_APPROVAL ( #3479, ( #1865 ) ) ;
#2369 = APPLICATION_PROTOCOL_DEFINITION ( 'international standard', 'config_control_design', 1994, #1992 ) ;
#2370 =( NAMED_UNIT ( * ) PLANE_ANGLE_UNIT ( ) SI_UNIT ( $, .RADIAN. ) );
#2371 = LOCAL_TIME ( 10, 32, 43.00000000000000000, #2515 ) ;
#2372 = PROPERTY_DEFINITION_REPRESENTATION ( #647, #786 ) ;
#2373 = PROPERTY_DEFINITION ('document property','', #575 ) ;
#2374 = APPROVAL_ROLE ( '' ) ;
#2375 = DIRECTION ( 'NONE',  ( 1.000000000000000000, -5.855621395903328988E-16, 8.837245103192553780E-17 ) ) ;
#2376 = LOCAL_TIME ( 10, 32, 43.00000000000000000, #2691 ) ;
#2377 = AXIS2_PLACEMENT_3D ( 'NONE', #1313, #4058, #1648 ) ;
#2378 = CC_DESIGN_APPROVAL ( #192, ( #214 ) ) ;
#2379 = PERSON_AND_ORGANIZATION ( #66, #3648 ) ;
#2380 = PROPERTY_DEFINITION_REPRESENTATION ( #1185, #3564 ) ;
#2381 = AXIS2_PLACEMENT_3D ( 'NONE', #4100, #1054, #1095 ) ;
#2382 = PERSON_AND_ORGANIZATION ( #3983, #18446744073709551615 ) ;
#2383 = LOCAL_TIME ( 10, 32, 43.00000000000000000, #85 ) ;
#2384 = IDENTIFICATION_ROLE ( 'external document id and location', $) ;
#2385 = COORDINATED_UNIVERSAL_TIME_OFFSET ( 3, 0, .BEHIND. ) ;
#2386 = COORDINATED_UNIVERSAL_TIME_OFFSET ( 3, 0, .BEHIND. ) ;
#2387 = CC_DESIGN_PERSON_AND_ORGANIZATION_ASSIGNMENT ( #1189, #3585, ( #3254 ) ) ;
#2388 = PERSON_AND_ORGANIZATION ( #665, #1908 ) ;
#2389 = DATE_AND_TIME ( #3383, #3361 ) ;
#2390 = APPLICATION_CONTEXT ( 'configuration controlled 3d designs of mechanical parts and assemblies' ) ;
#2391 = APPROVAL_ROLE ( '' ) ;
#2392 = SECURITY_CLASSIFICATION ( '', '', #3328 ) ;
#2393 = DESIGN_CONTEXT ( 'detailed design', #3296, 'design' ) ;
#2394 = DATE_AND_TIME ( #1715, #673 ) ;
#2395 = COORDINATED_UNIVERSAL_TIME_OFFSET ( 3, 0, .BEHIND. ) ;
#2396 = DIRECTION ( 'NONE',  ( -1.000000000000000000, -4.243472256498826802E-22, 9.643429866429222948E-22 ) ) ;
#2397 = CC_DESIGN_APPROVAL ( #2059, ( #449 ) ) ;
#2398 = CC_DESIGN_SECURITY_CLASSIFICATION ( #1670, ( #4442 ) ) ;
#2399 = ORGANIZATION ( 'NAUO-ORG44', 'UNSPECIFIED', 'UNSPECIFIED' ) ;
#2400 = SECURITY_CLASSIFICATION_LEVEL ( 'unclassified' ) ;
#2401 = APPLIED_EXTERNAL_IDENTIFICATION_ASSIGNMENT ( 'arandela_m4.STEP' , #1553, #3675,( #1915) ) ;
#2402 = CONTEXT_DEPENDENT_SHAPE_REPRESENTATION ( #929, #4225 ) ;
#2403 = PRODUCT_RELATED_PRODUCT_CATEGORY ( 'detail', '', ( #34 ) ) ;
#2404 = CC_DESIGN_DATE_AND_TIME_ASSIGNMENT ( #3596, #3255, ( #3789 ) ) ;
#2405 = DIRECTION ( 'NONE',  ( 1.000000000000000000, 0.000000000000000000, -3.318315740031391761E-16 ) ) ;
#2406 = PROPERTY_DEFINITION ('document property','', #3490 ) ;
#2407 = CC_DESIGN_SECURITY_CLASSIFICATION ( #1681, ( #4411 ) ) ;
#2408 = APPROVAL ( #1066, 'UNKNOWN' ) ;
#2409 = UNCERTAINTY_MEASURE_WITH_UNIT (LENGTH_MEASURE( 1.000000000000000082E-05 ), #3731, 'distance_accuracy_value', 'NONE');
#2410 = PERSON_AND_ORGANIZATION ( #3983, #18446744073709551615 ) ;
#2411 = DATE_TIME_ROLE ( 'classification_date' ) ;
#2412 = APPROVAL ( #2007, 'Coincidente' ) ;
#2413 = APPROVAL_DATE_TIME ( #1579, #1413 ) ;
#2414 = PROPERTY_DEFINITION ('document property','', #710 ) ;
#2415 = APPROVAL ( #4319, 'Coincidente' ) ;
#2416 =( REPRESENTATION_RELATIONSHIP ('NONE','NONE', #1787, #4071 ) REPRESENTATION_RELATIONSHIP_WITH_TRANSFORMATION ( #2607 )SHAPE_REPRESENTATION_RELATIONSHIP( ) );
#2417 = PRODUCT_DEFINITION_SHAPE ( 'NONE', 'NONE',  #4449 ) ;
#2418 = COORDINATED_UNIVERSAL_TIME_OFFSET ( 3, 0, .BEHIND. ) ;
#2419 = CALENDAR_DATE ( 2026, 14, 9 ) ;
#2420 = CALENDAR_DATE ( 2026, 14, 9 ) ;
#2421 = DATE_TIME_ROLE ( 'classification_date' ) ;
#2422 = IDENTIFICATION_ROLE ( 'external document id and location', $) ;
#2423 = APPROVAL_ROLE ( '' ) ;
#2424 = APPROVAL_ROLE ( '' ) ;
#2425 = DIRECTION ( 'NONE',  ( 0.000000000000000000, 0.2733057054586900958, -0.9619272276860282300 ) ) ;
#2426 = OBJECT_ROLE ('mandatory',$ ) ;
#2427 = COORDINATED_UNIVERSAL_TIME_OFFSET ( 3, 0, .BEHIND. ) ;
#2428 = APPROVAL_ROLE ( '' ) ;
#2429 = ITEM_DEFINED_TRANSFORMATION ( 'NONE', 'NONE', #1368,  #3504 ) ;
#2430 = PROPERTY_DEFINITION_REPRESENTATION ( #4088, #4030 ) ;
#2431 = APPROVAL_DATE_TIME ( #1047, #3238 ) ;
#2432 = CC_DESIGN_DATE_AND_TIME_ASSIGNMENT ( #2916, #4288, ( #2012 ) ) ;
#2433 = PERSON_AND_ORGANIZATION ( #3983, #18446744073709551615 ) ;
#2434 = APPLIED_DOCUMENT_REFERENCE ( #384,'',( #1743) ) ;
#2435 = IDENTIFICATION_ROLE ( 'external document id and location', $) ;
#2436 = PERSON_AND_ORGANIZATION ( #3983, #18446744073709551615 ) ;
#2437 = CC_DESIGN_APPROVAL ( #2035, ( #1641 ) ) ;
#2438 = ORGANIZATION ( 'NAUO-ORG14', 'UNSPECIFIED', 'UNSPECIFIED' ) ;
#2439 = ITEM_DEFINED_TRANSFORMATION ( 'NONE', 'NONE', #1297,  #1014 ) ;
#2440 = CC_DESIGN_PERSON_AND_ORGANIZATION_ASSIGNMENT ( #3566, #1871, ( #449 ) ) ;
#2441 = PROPERTY_DEFINITION ('external definition','', #2476 ) ;
#2442 = EXTERNAL_SOURCE (IDENTIFIER('') ) ;
#2443 = CC_DESIGN_APPROVAL ( #1690, ( #3656 ) ) ;
#2444 = ROLE_ASSOCIATION ( #3805, #3125 ) ;
#2445 = LOCAL_TIME ( 10, 32, 43.00000000000000000, #2943 ) ;
#2446 =( GEOMETRIC_REPRESENTATION_CONTEXT ( 3 ) GLOBAL_UNCERTAINTY_ASSIGNED_CONTEXT ( ( #3418 ) ) GLOBAL_UNIT_ASSIGNED_CONTEXT ( ( #1688, #286, #2743 ) ) REPRESENTATION_CONTEXT ( 'NONE', 'WORKASPACE' ) );
#2447 = PROPERTY_DEFINITION ('external definition','', #1857 ) ;
#2448 = PRODUCT_DEFINITION_SHAPE ( 'NONE', 'NONE',  #4408 ) ;
#2449 = IDENTIFICATION_ROLE ( 'external document id and location', $) ;
#2450 = CC_DESIGN_APPROVAL ( #2677, ( #3796 ) ) ;
#2451 = APPROVAL_STATUS ( 'not_yet_approved' ) ;
#2452 = PERSON_AND_ORGANIZATION ( #937, #1451 ) ;
#2453 = DATE_AND_TIME ( #764, #36 ) ;
#2454 = SECURITY_CLASSIFICATION ( '', '', #903 ) ;
#2455 = DIRECTION ( 'NONE',  ( -3.318315740031391761E-16, 0.000000000000000000, -1.000000000000000000 ) ) ;
#2456 = CC_DESIGN_APPROVAL ( #2921, ( #197 ) ) ;
#2457 = APPLICATION_PROTOCOL_DEFINITION ( 'international standard', 'config_control_design', 1994, #3496 ) ;
#2458 = LOCAL_TIME ( 10, 32, 43.00000000000000000, #4082 ) ;
#2459 = APPROVAL_ROLE ( '' ) ;
#2460 = PROPERTY_DEFINITION_REPRESENTATION ( #3410, #1177 ) ;
#2461 = CC_DESIGN_PERSON_AND_ORGANIZATION_ASSIGNMENT ( #3520, #2784, ( #2598 ) ) ;
#2462 = CC_DESIGN_DATE_AND_TIME_ASSIGNMENT ( #1082, #746, ( #3657 ) ) ;
#2463 = CC_DESIGN_DATE_AND_TIME_ASSIGNMENT ( #114, #1487, ( #2829 ) ) ;
#2464 = CARTESIAN_POINT ( 'NONE',  ( 0.000000000000000000, 0.000000000000000000, 0.000000000000000000 ) ) ;
#2465 = APPROVAL_DATE_TIME ( #409, #2408 ) ;
#2466 = COORDINATED_UNIVERSAL_TIME_OFFSET ( 3, 0, .BEHIND. ) ;
#2467 = DIRECTION ( 'NONE',  ( 0.000000000000000000, 0.000000000000000000, 1.000000000000000000 ) ) ;
#2468 = APPROVAL_STATUS ( 'not_yet_approved' ) ;
#2469 = PERSON_AND_ORGANIZATION ( #1305, #2006 ) ;
#2470 = EXTERNAL_SOURCE (IDENTIFIER('') ) ;
#2471 = CC_DESIGN_APPROVAL ( #1058, ( #1183 ) ) ;
#2472 = CC_DESIGN_APPROVAL ( #1884, ( #2613 ) ) ;
#2473 = ORGANIZATION ( 'NAUO-ORG37', 'UNSPECIFIED', 'UNSPECIFIED' ) ;
#2474 = ORGANIZATION ( 'NAUO-ORG62', 'UNSPECIFIED', 'UNSPECIFIED' ) ;
#2475 = PERSON_AND_ORGANIZATION_ROLE ( 'creator' ) ;
#2476 = DOCUMENT_FILE ( 'DS3225_MG_metal_horn_D\X2\00e9\X0\faut.STEP' , '', '', #3732, '' ,$ ) ;
#2477 = DATE_AND_TIME ( #4242, #683 ) ;
#2478 = CALENDAR_DATE ( 2026, 14, 9 ) ;
#2479 =( REPRESENTATION_RELATIONSHIP ('NONE','NONE', #1787, #1563 ) REPRESENTATION_RELATIONSHIP_WITH_TRANSFORMATION ( #3133 )SHAPE_REPRESENTATION_RELATIONSHIP( ) );
#2480 = SECURITY_CLASSIFICATION ( '', '', #1473 ) ;
#2481 = DATE_AND_TIME ( #3452, #143 ) ;
#2482 = CONTEXT_DEPENDENT_SHAPE_REPRESENTATION ( #3368, #326 ) ;
#2483 = CC_DESIGN_APPROVAL ( #865, ( #3619 ) ) ;
#2484 = SECURITY_CLASSIFICATION_LEVEL ( 'unclassified' ) ;
#2485 = PERSON_AND_ORGANIZATION ( #1795, #166 ) ;
#2486 = PERSON_AND_ORGANIZATION ( #3983, #18446744073709551615 ) ;
#2487 = CC_DESIGN_PERSON_AND_ORGANIZATION_ASSIGNMENT ( #4186, #3780, ( #1310 ) ) ;
#2488 = PRODUCT_RELATED_PRODUCT_CATEGORY ( 'detail', '', ( #3335 ) ) ;
#2489 = COORDINATED_UNIVERSAL_TIME_OFFSET ( 3, 0, .BEHIND. ) ;
#2490 = DIRECTION ( 'NONE',  ( 1.000000000000000000, -2.447167834746012495E-20, -3.318062410860042962E-16 ) ) ;
#2491 = CARTESIAN_POINT ( 'NONE',  ( -351.8397650056626276, -36.87420517428315492, 893.5749798985158350 ) ) ;
#2492 = IDENTIFICATION_ROLE ( 'external document id and location', $) ;
#2493 = APPLICATION_PROTOCOL_DEFINITION ( 'international standard', 'config_control_design', 1994, #3645 ) ;
#2494 = DOCUMENT_FILE ( 'arandela_m4.STEP' , '', '', #1970, '' ,$ ) ;
#2495 = PERSON_AND_ORGANIZATION ( #3654, #1902 ) ;
#2496 = DATE_TIME_ROLE ( 'classification_date' ) ;
#2497 = PERSON_AND_ORGANIZATION ( #3983, #18446744073709551615 ) ;
#2498 = PERSON_AND_ORGANIZATION_ROLE ( 'design_supplier' ) ;
#2499 = DATE_TIME_ROLE ( 'classification_date' ) ;
#2500 =( REPRESENTATION_RELATIONSHIP ('NONE','NONE', #1787, #4030 ) REPRESENTATION_RELATIONSHIP_WITH_TRANSFORMATION ( #4150 )SHAPE_REPRESENTATION_RELATIONSHIP( ) );
#2501 = APPROVAL ( #1033, 'UNKNOWN' ) ;
#2502 = PROPERTY_DEFINITION_REPRESENTATION ( #1689, #4071 ) ;
#2503 = ITEM_DEFINED_TRANSFORMATION ( 'NONE', 'NONE', #431,  #2162 ) ;
#2504 = DATE_AND_TIME ( #1488, #1868 ) ;
#2505 = EXTERNAL_SOURCE (IDENTIFIER('') ) ;
#2506 = ORGANIZATION ( 'NAUO-ORG6', 'UNSPECIFIED', 'UNSPECIFIED' ) ;
#2507 = SECURITY_CLASSIFICATION ( '', '', #3531 ) ;
#2508 = PRODUCT_DEFINITION_SHAPE ( 'NONE', 'NONE',  #4451 ) ;
#2509 = APPROVAL_PERSON_ORGANIZATION ( #2816, #1334, #2570 ) ;
#2510 = PERSON_AND_ORGANIZATION ( #3983, #18446744073709551615 ) ;
#2511 = APPROVAL_ROLE ( '' ) ;
#2512 = APPLIED_DOCUMENT_REFERENCE ( #1760,'',( #2812) ) ;
#2513 = PERSON_AND_ORGANIZATION ( #994, #3457 ) ;
#2514 = PROPERTY_DEFINITION ('document property','', #2826 ) ;
#2515 = COORDINATED_UNIVERSAL_TIME_OFFSET ( 3, 0, .BEHIND. ) ;
#2516 = LOCAL_TIME ( 10, 32, 43.00000000000000000, #288 ) ;
#2517 = AXIS2_PLACEMENT_3D ( 'NONE', #4233, #1859, #460 ) ;
#2518 = APPROVAL ( #2832, 'UNKNOWN' ) ;
#2519 = APPROVAL_STATUS ( 'not_yet_approved' ) ;
#2520 = APPROVAL_DATE_TIME ( #2566, #1720 ) ;
#2521 = APPROVAL_PERSON_ORGANIZATION ( #1301, #3824, #3401 ) ;
#2522 = LOCAL_TIME ( 10, 32, 43.00000000000000000, #2395 ) ;
#2523 = CC_DESIGN_APPROVAL ( #1468, ( #1592 ) ) ;
#2524 = EXTERNAL_SOURCE (IDENTIFIER('') ) ;
#2525 = APPROVAL_DATE_TIME ( #1130, #3662 ) ;
#2526 = DATE_TIME_ROLE ( 'classification_date' ) ;
#2527 = PERSON_AND_ORGANIZATION_ROLE ( 'creator' ) ;
#2528 = EXTERNAL_SOURCE (IDENTIFIER('') ) ;
#2529 = PERSON_AND_ORGANIZATION_ROLE ( 'classification_officer' ) ;
#2530 = DATE_TIME_ROLE ( 'classification_date' ) ;
#2531 = PERSON ( 'NAUO-PER62', 'UNSPECIFIED', 'UNSPECIFIED', ('UNSPECIFIED'), ('UNSPECIFIED'), ('UNSPECIFIED') ) ;
#2532 = CARTESIAN_POINT ( 'NONE',  ( -342.6397650056625821, -71.76386973475315756, 914.7256609007408770 ) ) ;
#2533 = APPROVAL ( #1252, 'UNKNOWN' ) ;
#2534 = CC_DESIGN_DATE_AND_TIME_ASSIGNMENT ( #1484, #86, ( #1374 ) ) ;
#2535 = SECURITY_CLASSIFICATION_LEVEL ( 'unclassified' ) ;
#2536 = DATE_AND_TIME ( #1138, #3861 ) ;
#2537 = CC_DESIGN_SECURITY_CLASSIFICATION ( #3529, ( #4445 ) ) ;
#2538 = APPROVAL_ROLE ( '' ) ;
#2539 = APPROVAL_DATE_TIME ( #2208, #924 ) ;
#2540 = APPLICATION_PROTOCOL_DEFINITION ( 'international standard', 'config_control_design', 1994, #2700 ) ;
#2541 = SECURITY_CLASSIFICATION ( '', '', #3225 ) ;
#2542 = APPROVAL ( #1384, 'UNKNOWN' ) ;
#2543 = SECURITY_CLASSIFICATION ( '', '', #3968 ) ;
#2544 = CC_DESIGN_PERSON_AND_ORGANIZATION_ASSIGNMENT ( #3354, #977, ( #684 ) ) ;
#2545 = APPROVAL_ROLE ( '' ) ;
#2546 = DATE_AND_TIME ( #195, #2965 ) ;
#2547 = PRODUCT_RELATED_PRODUCT_CATEGORY ( 'detail', '', ( #1875 ) ) ;
#2548 = DOCUMENT_FILE ( 'hexagon_nut_M4_plain.STEP' , '', '', #1991, '' ,$ ) ;
#2549 = LOCAL_TIME ( 10, 32, 43.00000000000000000, #1866 ) ;
#2550 = APPROVAL_ROLE ( '' ) ;
#2551 = CALENDAR_DATE ( 2026, 14, 9 ) ;
#2552 = APPROVAL_ROLE ( '' ) ;
#2553 = DIRECTION ( 'NONE',  ( 1.000000000000000000, 0.000000000000000000, 0.000000000000000000 ) ) ;
#2554 = OBJECT_ROLE ('mandatory',$ ) ;
#2555 = PRODUCT_DEFINITION_SHAPE ( 'NONE', 'NONE',  #3789 ) ;
#2556 = PERSON_AND_ORGANIZATION ( #885, #3535 ) ;
#2557 = ROLE_ASSOCIATION ( #47, #3870 ) ;
#2558 = CARTESIAN_POINT ( 'NONE',  ( -342.5397650056625594, -36.87420517428315492, 893.5749798985158350 ) ) ;
#2559 = PRODUCT_DEFINITION_SHAPE ( 'NONE', 'NONE',  #4404 ) ;
#2560 = CC_DESIGN_PERSON_AND_ORGANIZATION_ASSIGNMENT ( #3854, #1455, ( #1140 ) ) ;
#2561 = APPROVAL_STATUS ( 'not_yet_approved' ) ;
#2562 = APPROVAL_STATUS ( 'not_yet_approved' ) ;
#2563 = SECURITY_CLASSIFICATION_LEVEL ( 'unclassified' ) ;
#2564 = PERSON_AND_ORGANIZATION ( #3983, #18446744073709551615 ) ;
#2565 = PERSON_AND_ORGANIZATION_ROLE ( 'creator' ) ;
#2566 = DATE_AND_TIME ( #2169, #819 ) ;
#2567 = DIRECTION ( 'NONE',  ( 0.000000000000000000, 0.000000000000000000, 1.000000000000000000 ) ) ;
#2568 = APPROVAL_STATUS ( 'not_yet_approved' ) ;
#2569 = PROPERTY_DEFINITION_REPRESENTATION ( #290, #3922 ) ;
#2570 = APPROVAL_ROLE ( '' ) ;
#2571 = CC_DESIGN_DATE_AND_TIME_ASSIGNMENT ( #785, #174, ( #3249 ) ) ;
#2572 = APPROVAL_STATUS ( 'not_yet_approved' ) ;
#2573 = DATE_TIME_ROLE ( 'classification_date' ) ;
#2574 = OBJECT_ROLE ('mandatory',$ ) ;
#2575 = APPROVAL_PERSON_ORGANIZATION ( #2469, #1234, #3371 ) ;
#2576 = PERSON_AND_ORGANIZATION_ROLE ( 'design_supplier' ) ;
#2577 = CONTEXT_DEPENDENT_SHAPE_REPRESENTATION ( #52, #1435 ) ;
#2578 = DATE_AND_TIME ( #4263, #607 ) ;
#2579 = APPLIED_EXTERNAL_IDENTIFICATION_ASSIGNMENT ( 'eslabon_CDP_v2.STEP' , #4179, #2660,( #2313) ) ;
#2580 = ITEM_DEFINED_TRANSFORMATION ( 'NONE', 'NONE', #145,  #505 ) ;
#2581 = APPROVAL_DATE_TIME ( #2231, #2950 ) ;
#2582 =( REPRESENTATION_RELATIONSHIP ('NONE','NONE', #1787, #2632 ) REPRESENTATION_RELATIONSHIP_WITH_TRANSFORMATION ( #1159 )SHAPE_REPRESENTATION_RELATIONSHIP( ) );
#2583 = CC_DESIGN_SECURITY_CLASSIFICATION ( #2012, ( #4085 ) ) ;
#2584 = PRODUCT_DEFINITION_SHAPE ( 'NONE', 'NONE',  #4452 ) ;
#2585 = DATE_AND_TIME ( #173, #1735 ) ;
#2586 = DOCUMENT_FILE ( 'asml_eslabon_BCv4.STEP' , '', '', #2067, '' ,$ ) ;
#2587 = APPROVAL_PERSON_ORGANIZATION ( #242, #1469, #982 ) ;
#2588 = AXIS2_PLACEMENT_3D ( 'NONE', #3914, #483, #3210 ) ;
#2589 = EXTERNAL_SOURCE (IDENTIFIER('') ) ;
#2590 = LOCAL_TIME ( 10, 32, 43.00000000000000000, #3150 ) ;
#2591 = APPROVAL ( #3156, 'Coincidente' ) ;
#2592 = PRODUCT_RELATED_PRODUCT_CATEGORY ( 'detail', '', ( #2085 ) ) ;
#2593 = PERSON_AND_ORGANIZATION ( #3212, #740 ) ;
#2594 =( GEOMETRIC_REPRESENTATION_CONTEXT ( 3 ) GLOBAL_UNCERTAINTY_ASSIGNED_CONTEXT ( ( #55 ) ) GLOBAL_UNIT_ASSIGNED_CONTEXT ( ( #3554, #1241, #1907 ) ) REPRESENTATION_CONTEXT ( 'NONE', 'WORKASPACE' ) );
#2595 = APPROVAL ( #3380, 'UNKNOWN' ) ;
#2596 = ITEM_DEFINED_TRANSFORMATION ( 'NONE', 'NONE', #285,  #363 ) ;
#2597 = PERSON_AND_ORGANIZATION ( #3983, #18446744073709551615 ) ;
#2598 = PRODUCT_DEFINITION_FORMATION_WITH_SPECIFIED_SOURCE ( 'Simétric', '', #506, .NOT_KNOWN. ) ;
#2599 = AXIS2_PLACEMENT_3D ( 'NONE', #3042, #1269, #3714 ) ;
#2600 = CC_DESIGN_SECURITY_CLASSIFICATION ( #80, ( #4393 ) ) ;
#2601 = DOCUMENT_FILE ( 'asml_eslabon_BC_externav4.STEP' , '', '', #2134, '' ,$ ) ;
#2602 = PROPERTY_DEFINITION_REPRESENTATION ( #3186, #1447 ) ;
#2603 = APPROVAL ( #1968, 'Coincidente' ) ;
#2604 = DIRECTION ( 'NONE',  ( 6.097271086884445796E-24, 5.092182001371081868E-24, 1.000000000000000000 ) ) ;
#2605 = APPLICATION_PROTOCOL_DEFINITION ( 'international standard', 'config_control_design', 1994, #844 ) ;
#2606 = PROPERTY_DEFINITION_REPRESENTATION ( #2904, #4030 ) ;
#2607 = ITEM_DEFINED_TRANSFORMATION ( 'NONE', 'NONE', #2946,  #363 ) ;
#2608 = DATE_AND_TIME ( #4334, #4303 ) ;
#2609 = APPROVAL_PERSON_ORGANIZATION ( #4055, #4108, #2312 ) ;
#2610 = CALENDAR_DATE ( 2026, 14, 9 ) ;
#2611 = EXTERNAL_SOURCE (IDENTIFIER('') ) ;
#2612 = COORDINATED_UNIVERSAL_TIME_OFFSET ( 3, 0, .BEHIND. ) ;
#2613 = SECURITY_CLASSIFICATION ( '', '', #889 ) ;
#2614 = DATE_AND_TIME ( #4315, #2445 ) ;
#2615 = SECURITY_CLASSIFICATION ( '', '', #2201 ) ;
#2616 = ORGANIZATION ( 'NAUO-ORG65', 'UNSPECIFIED', 'UNSPECIFIED' ) ;
#2617 = PROPERTY_DEFINITION_REPRESENTATION ( #319, #4030 ) ;
#2618 = COORDINATED_UNIVERSAL_TIME_OFFSET ( 3, 0, .BEHIND. ) ;
#2619 = APPLICATION_CONTEXT ( 'configuration controlled 3d designs of mechanical parts and assemblies' ) ;
#2620 = ORGANIZATION ( 'NAUO-ORG24', 'UNSPECIFIED', 'UNSPECIFIED' ) ;
#2621 = APPROVAL_STATUS ( 'not_yet_approved' ) ;
#2622 = PERSON_AND_ORGANIZATION ( #3983, #422 ) ;
#2624 = CARTESIAN_POINT ( 'NONE',  ( -168.0397650056625025, -71.76386973439480244, 914.7256609007689576 ) ) ;
#2623 = CC_DESIGN_PERSON_AND_ORGANIZATION_ASSIGNMENT ( #706, #5, ( #3822 ) ) ;
#2625 = PROPERTY_DEFINITION ('external definition','', #300 ) ;
#2626 = CC_DESIGN_PERSON_AND_ORGANIZATION_ASSIGNMENT ( #3680, #2023, ( #3728 ) ) ;
#2627 = DATE_AND_TIME ( #2295, #4099 ) ;
#2628 = COORDINATED_UNIVERSAL_TIME_OFFSET ( 3, 0, .BEHIND. ) ;
#2629 = COORDINATED_UNIVERSAL_TIME_OFFSET ( 3, 0, .BEHIND. ) ;
#2630 = PERSON_AND_ORGANIZATION_ROLE ( 'classification_officer' ) ;
#2631 = PERSON_AND_ORGANIZATION_ROLE ( 'design_supplier' ) ;
#2632 = SHAPE_REPRESENTATION ( 'asml_eslabon_BC_externav4', ( #4229 ), #3806 ) ;
#2633 = PROPERTY_DEFINITION ('document property','', #1083 ) ;
#2634 = PERSON_AND_ORGANIZATION ( #3983, #18446744073709551615 ) ;
#2635 = PERSON_AND_ORGANIZATION_ROLE ( 'classification_officer' ) ;
#2636 =( REPRESENTATION_RELATIONSHIP ('NONE','NONE', #1787, #3922 ) REPRESENTATION_RELATIONSHIP_WITH_TRANSFORMATION ( #1044 )SHAPE_REPRESENTATION_RELATIONSHIP( ) );
#2637 = APPLIED_DOCUMENT_REFERENCE ( #1284,'',( #1743) ) ;
#2638 = COORDINATED_UNIVERSAL_TIME_OFFSET ( 3, 0, .BEHIND. ) ;
#2639 = CALENDAR_DATE ( 2026, 14, 9 ) ;
#2640 = IDENTIFICATION_ROLE ( 'external document id and location', $) ;
#2641 = DIRECTION ( 'NONE',  ( -6.313141531026929379E-23, 0.6458098534907437127, 0.7634982862680597115 ) ) ;
#2642 = PERSON ( 'NAUO-PER50', 'UNSPECIFIED', 'UNSPECIFIED', ('UNSPECIFIED'), ('UNSPECIFIED'), ('UNSPECIFIED') ) ;
#2643 = COORDINATED_UNIVERSAL_TIME_OFFSET ( 3, 0, .BEHIND. ) ;
#2644 = CC_DESIGN_PERSON_AND_ORGANIZATION_ASSIGNMENT ( #1216, #523, ( #2898 ) ) ;
#2645 = LOCAL_TIME ( 10, 32, 43.00000000000000000, #3609 ) ;
#2646 = COORDINATED_UNIVERSAL_TIME_OFFSET ( 3, 0, .BEHIND. ) ;
#2647 = CC_DESIGN_SECURITY_CLASSIFICATION ( #1865, ( #4406 ) ) ;
#2648 = CALENDAR_DATE ( 2026, 14, 9 ) ;
#2649 = PROPERTY_DEFINITION_REPRESENTATION ( #615, #321 ) ;
#2650 = DATE_AND_TIME ( #2262, #1158 ) ;
#2651 = CC_DESIGN_APPROVAL ( #2415, ( #1475 ) ) ;
#2652 =( NAMED_UNIT ( * ) PLANE_ANGLE_UNIT ( ) SI_UNIT ( $, .RADIAN. ) );
#2653 = PROPERTY_DEFINITION ('document property','', #2586 ) ;
#2654 = COORDINATED_UNIVERSAL_TIME_OFFSET ( 3, 0, .BEHIND. ) ;
#2655 = CC_DESIGN_APPROVAL ( #1167, ( #139 ) ) ;
#2656 = CALENDAR_DATE ( 2026, 14, 9 ) ;
#2657 = DATE_AND_TIME ( #1924, #1578 ) ;
#2658 =( NAMED_UNIT ( * ) SI_UNIT ( $, .STERADIAN. ) SOLID_ANGLE_UNIT ( ) );
#2659 = LOCAL_TIME ( 10, 32, 43.00000000000000000, #1211 ) ;
#2660 = EXTERNAL_SOURCE (IDENTIFIER('') ) ;
#2661 = AXIS2_PLACEMENT_3D ( 'NONE', #349, #4105, #3126 ) ;
#2662 = APPROVAL_DATE_TIME ( #4387, #2299 ) ;
#2663 = ROLE_ASSOCIATION ( #2210, #4360 ) ;
#2664 = LOCAL_TIME ( 10, 32, 43.00000000000000000, #3067 ) ;
#2665 = CARTESIAN_POINT ( 'NONE',  ( -175.4397650056625650, -71.76386973475315756, 914.7256609007408770 ) ) ;
#2666 = AXIS2_PLACEMENT_3D ( 'NONE', #2271, #602, #3332 ) ;
#2667 = LOCAL_TIME ( 10, 32, 43.00000000000000000, #4004 ) ;
#2668 = OBJECT_ROLE ('mandatory',$ ) ;
#2669 = PROPERTY_DEFINITION_REPRESENTATION ( #1721, #3564 ) ;
#2670 = PROPERTY_DEFINITION_REPRESENTATION ( #2625, #4030 ) ;
#2671 = CALENDAR_DATE ( 2026, 14, 9 ) ;
#2672 = PERSON_AND_ORGANIZATION_ROLE ( 'creator' ) ;
#2673 = APPROVAL_ROLE ( '' ) ;
#2674 = CALENDAR_DATE ( 2026, 14, 9 ) ;
#2675 = CC_DESIGN_PERSON_AND_ORGANIZATION_ASSIGNMENT ( #3887, #153, ( #1670 ) ) ;
#2676 = CC_DESIGN_SECURITY_CLASSIFICATION ( #1827, ( #4441 ) ) ;
#2677 = APPROVAL ( #2346, 'Coincidente' ) ;
#2678 = APPROVAL_ROLE ( '' ) ;
#2679 = APPROVAL_PERSON_ORGANIZATION ( #124, #3770, #2099 ) ;
#2680 = LOCAL_TIME ( 10, 32, 43.00000000000000000, #2217 ) ;
#2681 = CALENDAR_DATE ( 2026, 14, 9 ) ;
#2682 = SECURITY_CLASSIFICATION ( '', '', #282 ) ;
#2683 = LOCAL_TIME ( 10, 32, 43.00000000000000000, #1206 ) ;
#2684 = ITEM_DEFINED_TRANSFORMATION ( 'NONE', 'NONE', #3222,  #1014 ) ;
#2685 = DIRECTION ( 'NONE',  ( 7.274602256944615741E-23, 0.7634982862680598226, -0.6458098534907439348 ) ) ;
#2686 = CC_DESIGN_SECURITY_CLASSIFICATION ( #4050, ( #4417 ) ) ;
#2687 = SECURITY_CLASSIFICATION ( '', '', #3478 ) ;
#2688 = PERSON_AND_ORGANIZATION ( #3768, #1937 ) ;
#2689 = PROPERTY_DEFINITION_REPRESENTATION ( #2862, #3564 ) ;
#2690 = CC_DESIGN_DATE_AND_TIME_ASSIGNMENT ( #1647, #3016, ( #1865 ) ) ;
#2691 = COORDINATED_UNIVERSAL_TIME_OFFSET ( 3, 0, .BEHIND. ) ;
#2692 = PRODUCT_DEFINITION_SHAPE ( 'NONE', 'NONE',  #4444 ) ;
#2693 =( REPRESENTATION_RELATIONSHIP ('NONE','NONE', #1787, #4071 ) REPRESENTATION_RELATIONSHIP_WITH_TRANSFORMATION ( #2596 )SHAPE_REPRESENTATION_RELATIONSHIP( ) );
#2694 = PERSON_AND_ORGANIZATION_ROLE ( 'classification_officer' ) ;
#2695 = DOCUMENT_FILE ( 'DS3225_MG_metal_horn_D\X2\00e9\X0\faut.STEP' , '', '', #2752, '' ,$ ) ;
#2696 = DATE_TIME_ROLE ( 'classification_date' ) ;
#2697 = PERSON ( 'NAUO-PER21', 'UNSPECIFIED', 'UNSPECIFIED', ('UNSPECIFIED'), ('UNSPECIFIED'), ('UNSPECIFIED') ) ;
#2698 = DOCUMENT_TYPE ( 'geometry' ) ;
#2699 = PERSON_AND_ORGANIZATION_ROLE ( 'design_owner' ) ;
#2700 = APPLICATION_CONTEXT ( 'configuration controlled 3d designs of mechanical parts and assemblies' ) ;
#2701 = PRODUCT_DEFINITION_SHAPE ( 'NONE', 'NONE',  #4417 ) ;
#2702 = SHAPE_DEFINITION_REPRESENTATION ( #2906, #3922 ) ;
#2703 = DIRECTION ( 'NONE',  ( 0.000000000000000000, -1.000000000000000000, 0.000000000000000000 ) ) ;
#2704 = CALENDAR_DATE ( 2026, 14, 9 ) ;
#2705 = COORDINATED_UNIVERSAL_TIME_OFFSET ( 3, 0, .BEHIND. ) ;
#2706 = DIRECTION ( 'NONE',  ( 1.000000000000000000, 1.010101592536828286E-22, 3.676798640166183369E-23 ) ) ;
#2707 = CC_DESIGN_DATE_AND_TIME_ASSIGNMENT ( #1983, #3703, ( #2682 ) ) ;
#2708 = DATE_AND_TIME ( #3467, #3498 ) ;
#2709 = APPROVAL_STATUS ( 'not_yet_approved' ) ;
#2710 = APPROVAL_DATE_TIME ( #305, #957 ) ;
#2711 = ITEM_DEFINED_TRANSFORMATION ( 'NONE', 'NONE', #3589,  #1726 ) ;
#2712 = APPROVAL_DATE_TIME ( #2010, #2595 ) ;
#2713 = DOCUMENT_TYPE ( 'geometry' ) ;
#2714 = EXTERNAL_SOURCE (IDENTIFIER('') ) ;
#2715 = PRODUCT_DEFINITION_SHAPE ( 'NONE', 'NONE',  #2274 ) ;
#2716 = COORDINATED_UNIVERSAL_TIME_OFFSET ( 3, 0, .BEHIND. ) ;
#2717 = CC_DESIGN_SECURITY_CLASSIFICATION ( #350, ( #4402 ) ) ;
#2718 = APPLICATION_PROTOCOL_DEFINITION ( 'international standard', 'config_control_design', 1994, #2018 ) ;
#2719 = EXTERNAL_SOURCE (IDENTIFIER('') ) ;
#2720 = CC_DESIGN_PERSON_AND_ORGANIZATION_ASSIGNMENT ( #3447, #1758, ( #1658 ) ) ;
#2721 = PRODUCT_DEFINITION_FORMATION_WITH_SPECIFIED_SOURCE ( 'Simétric', '', #1506, .NOT_KNOWN. ) ;
#2722 = PRODUCT_RELATED_PRODUCT_CATEGORY ( 'detail', '', ( #839 ) ) ;
#2723 = ITEM_DEFINED_TRANSFORMATION ( 'NONE', 'NONE', #3668,  #505 ) ;
#2724 = PRODUCT_DEFINITION_SHAPE ( 'NONE', 'NONE',  #4447 ) ;
#2725 = CALENDAR_DATE ( 2026, 14, 9 ) ;
#2726 = DIRECTION ( 'NONE',  ( 8.837245103192588292E-17, 5.855621395903328002E-16, -1.000000000000000000 ) ) ;
#2727 = CC_DESIGN_SECURITY_CLASSIFICATION ( #1507, ( #3728 ) ) ;
#2728 = AXIS2_PLACEMENT_3D ( 'NONE', #3707, #3011, #4384 ) ;
#2729 = CC_DESIGN_PERSON_AND_ORGANIZATION_ASSIGNMENT ( #3294, #151, ( #4094 ) ) ;
#2730 = APPLICATION_CONTEXT ( 'configuration controlled 3d designs of mechanical parts and assemblies' ) ;
#2731 = APPROVAL_PERSON_ORGANIZATION ( #2634, #1886, #2428 ) ;
#2732 = CC_DESIGN_PERSON_AND_ORGANIZATION_ASSIGNMENT ( #3599, #502, ( #130 ) ) ;
#2733 = APPROVAL_ROLE ( '' ) ;
#2734 = COORDINATED_UNIVERSAL_TIME_OFFSET ( 3, 0, .BEHIND. ) ;
#2735 = APPROVAL_PERSON_ORGANIZATION ( #49, #4237, #2374 ) ;
#2736 = DIRECTION ( 'NONE',  ( 1.000000000000000000, -1.010101592536828286E-22, -3.318316107711255531E-16 ) ) ;
#2737 = LOCAL_TIME ( 10, 32, 43.00000000000000000, #1522 ) ;
#2738 = PRODUCT_DEFINITION_SHAPE ( 'NONE', 'NONE',  #4425 ) ;
#2739 = APPROVAL_DATE_TIME ( #3419, #1886 ) ;
#2740 = DATE_TIME_ROLE ( 'classification_date' ) ;
#2741 = PROPERTY_DEFINITION_REPRESENTATION ( #400, #4030 ) ;
#2742 = APPROVAL_DATE_TIME ( #354, #1058 ) ;
#2743 =( NAMED_UNIT ( * ) SI_UNIT ( $, .STERADIAN. ) SOLID_ANGLE_UNIT ( ) );
#2744 = DATE_AND_TIME ( #3791, #955 ) ;
#2745 = PERSON_AND_ORGANIZATION_ROLE ( 'creator' ) ;
#2746 = PROPERTY_DEFINITION_REPRESENTATION ( #9, #3536 ) ;
#2747 = APPROVAL_DATE_TIME ( #3058, #2999 ) ;
#2748 = ORGANIZATION ( 'NAUO-ORG50', 'UNSPECIFIED', 'UNSPECIFIED' ) ;
#2749 = SECURITY_CLASSIFICATION ( '', '', #3816 ) ;
#2750 = COORDINATED_UNIVERSAL_TIME_OFFSET ( 3, 0, .BEHIND. ) ;
#2751 = CONTEXT_DEPENDENT_SHAPE_REPRESENTATION ( #4326, #3802 ) ;
#2752 = DOCUMENT_TYPE ( 'geometry' ) ;
#2753 = ORGANIZATION ( 'NAUO-ORG41', 'UNSPECIFIED', 'UNSPECIFIED' ) ;
#2754 = PERSON ( 'NAUO-PER39', 'UNSPECIFIED', 'UNSPECIFIED', ('UNSPECIFIED'), ('UNSPECIFIED'), ('UNSPECIFIED') ) ;
#2755 = SECURITY_CLASSIFICATION ( '', '', #1679 ) ;
#2756 = APPROVAL_PERSON_ORGANIZATION ( #3355, #3162, #2673 ) ;
#2757 = DATE_AND_TIME ( #1723, #3862 ) ;
#2758 = LOCAL_TIME ( 10, 32, 43.00000000000000000, #3928 ) ;
#2759 = DIRECTION ( 'NONE',  ( 1.000000000000000000, -1.232595164407830672E-32, -3.318315740031392254E-16 ) ) ;
#2760 = PRODUCT_DEFINITION_SHAPE ( 'NONE', 'NONE',  #3744 ) ;
#2761 = PRODUCT_RELATED_PRODUCT_CATEGORY ( 'detail', '', ( #2311 ) ) ;
#2762 = CC_DESIGN_SECURITY_CLASSIFICATION ( #3620, ( #4421 ) ) ;
#2763 = UNCERTAINTY_MEASURE_WITH_UNIT (LENGTH_MEASURE( 1.000000000000000082E-05 ), #3071, 'distance_accuracy_value', 'NONE');
#2764 = DATE_TIME_ROLE ( 'classification_date' ) ;
#2765 = APPROVAL_ROLE ( '' ) ;
#2766 = CONTEXT_DEPENDENT_SHAPE_REPRESENTATION ( #3171, #2014 ) ;
#2767 = ROLE_ASSOCIATION ( #1630, #2071 ) ;
#2768 = PROPERTY_DEFINITION ('document property','', #2601 ) ;
#2769 = PROPERTY_DEFINITION ('external definition','', #439 ) ;
#2770 = DATE_TIME_ROLE ( 'creation_date' ) ;
#2771 = PERSON_AND_ORGANIZATION ( #3983, #18446744073709551615 ) ;
#2772 = COORDINATED_UNIVERSAL_TIME_OFFSET ( 3, 0, .BEHIND. ) ;
#2773 = PERSON_AND_ORGANIZATION ( #3983, #18446744073709551615 ) ;
#2774 = DATE_AND_TIME ( #3061, #1398 ) ;
#2775 = PROPERTY_DEFINITION ('document property','', #384 ) ;
#2776 = CALENDAR_DATE ( 2026, 14, 9 ) ;
#2777 = EXTERNAL_SOURCE (IDENTIFIER('') ) ;
#2778 = CC_DESIGN_PERSON_AND_ORGANIZATION_ASSIGNMENT ( #835, #3266, ( #2072 ) ) ;
#2779 = APPROVAL_ROLE ( '' ) ;
#2780 = CC_DESIGN_DATE_AND_TIME_ASSIGNMENT ( #3403, #3450, ( #3619 ) ) ;
#2781 = CONTEXT_DEPENDENT_SHAPE_REPRESENTATION ( #2042, #2724 ) ;
#2782 = PROPERTY_DEFINITION_REPRESENTATION ( #3057, #4030 ) ;
#2783 = DOCUMENT_TYPE ( 'geometry' ) ;
#2784 = PERSON_AND_ORGANIZATION_ROLE ( 'design_supplier' ) ;
#2785 = DATE_AND_TIME ( #1832, #1876 ) ;
#2786 = PROPERTY_DEFINITION_REPRESENTATION ( #3091, #4001 ) ;
#2787 = PERSON ( 'NAUO-PER30', 'UNSPECIFIED', 'UNSPECIFIED', ('UNSPECIFIED'), ('UNSPECIFIED'), ('UNSPECIFIED') ) ;
#2788 = CC_DESIGN_APPROVAL ( #535, ( #4010 ) ) ;
#2789 = DATE_AND_TIME ( #1423, #1239 ) ;
#2790 = ROLE_ASSOCIATION ( #2798, #1424 ) ;
#2791 = PRODUCT_DEFINITION_SHAPE ( 'NONE', 'NONE',  #4394 ) ;
#2792 = APPROVAL_PERSON_ORGANIZATION ( #2773, #1554, #315 ) ;
#2793 = CC_DESIGN_APPROVAL ( #2164, ( #3939 ) ) ;
#2794 =( GEOMETRIC_REPRESENTATION_CONTEXT ( 3 ) GLOBAL_UNCERTAINTY_ASSIGNED_CONTEXT ( ( #2799 ) ) GLOBAL_UNIT_ASSIGNED_CONTEXT ( ( #1945, #1666, #633 ) ) REPRESENTATION_CONTEXT ( 'NONE', 'WORKASPACE' ) );
#2795 = DIRECTION ( 'NONE',  ( -3.318315740031391761E-16, 0.000000000000000000, -1.000000000000000000 ) ) ;
#2796 = PROPERTY_DEFINITION ('external definition','', #71 ) ;
#2797 = CC_DESIGN_SECURITY_CLASSIFICATION ( #4094, ( #214 ) ) ;
#2798 = OBJECT_ROLE ('mandatory',$ ) ;
#2799 = UNCERTAINTY_MEASURE_WITH_UNIT (LENGTH_MEASURE( 1.000000000000000082E-05 ), #1945, 'distance_accuracy_value', 'NONE');
#2800 = APPLICATION_PROTOCOL_DEFINITION ( 'international standard', 'config_control_design', 1994, #1018 ) ;
#2801 = COORDINATED_UNIVERSAL_TIME_OFFSET ( 3, 0, .BEHIND. ) ;
#2802 = PERSON_AND_ORGANIZATION_ROLE ( 'classification_officer' ) ;
#2803 = CC_DESIGN_SECURITY_CLASSIFICATION ( #3230, ( #2244 ) ) ;
#2804 = AXIS2_PLACEMENT_3D ( 'NONE', #4325, #579, #2685 ) ;
#2805 = PERSON ( 'NAUO-PER28', 'UNSPECIFIED', 'UNSPECIFIED', ('UNSPECIFIED'), ('UNSPECIFIED'), ('UNSPECIFIED') ) ;
#2806 = SHAPE_DEFINITION_REPRESENTATION ( #3261, #3250 ) ;
#2807 = DIRECTION ( 'NONE',  ( 3.676798640166183369E-23, -1.010101592536828286E-22, -1.000000000000000000 ) ) ;
#2808 = APPROVAL_ROLE ( '' ) ;
#2809 = PERSON_AND_ORGANIZATION ( #1466, #25 ) ;
#2810 = EXTERNAL_SOURCE (IDENTIFIER('') ) ;
#2811 = CC_DESIGN_DATE_AND_TIME_ASSIGNMENT ( #3087, #608, ( #2336 ) ) ;
#2812 = PRODUCT_DEFINITION ( 'General', '', #4238, #2361 ) ;
#2813 = CC_DESIGN_PERSON_AND_ORGANIZATION_ASSIGNMENT ( #1512, #2151, ( #3190 ) ) ;
#2814 = SECURITY_CLASSIFICATION_LEVEL ( 'unclassified' ) ;
#2815 = PROPERTY_DEFINITION_REPRESENTATION ( #2871, #4030 ) ;
#2816 = PERSON_AND_ORGANIZATION ( #3983, #18446744073709551615 ) ;
#2817 = IDENTIFICATION_ROLE ( 'external document id and location', $) ;
#2818 = SECURITY_CLASSIFICATION ( '', '', #3644 ) ;
#2819 = PROPERTY_DEFINITION_REPRESENTATION ( #2769, #4001 ) ;
#2820 = LOCAL_TIME ( 10, 32, 43.00000000000000000, #2772 ) ;
#2821 = LOCAL_TIME ( 10, 32, 43.00000000000000000, #1988 ) ;
#2822 = CARTESIAN_POINT ( 'NONE',  ( -325.5897650056625707, -36.87420517428315492, 893.5749798985158350 ) ) ;
#2823 = APPLIED_EXTERNAL_IDENTIFICATION_ASSIGNMENT ( 'eslabon_CDP_v2.STEP' , #398, #2777,( #1380) ) ;
#2824 = PERSON_AND_ORGANIZATION_ROLE ( 'classification_officer' ) ;
#2825 = CC_DESIGN_DATE_AND_TIME_ASSIGNMENT ( #1779, #2740, ( #2454 ) ) ;
#2826 = DOCUMENT_FILE ( 'hexagon_nut_M4_plain.STEP' , '', '', #815, '' ,$ ) ;
#2827 = PROPERTY_DEFINITION_REPRESENTATION ( #3081, #4030 ) ;
#2828 = CALENDAR_DATE ( 2026, 14, 9 ) ;
#2829 = SECURITY_CLASSIFICATION ( '', '', #3482 ) ;
#2830 = APPROVAL_DATE_TIME ( #1784, #1468 ) ;
#2831 = APPROVAL_DATE_TIME ( #1463, #3183 ) ;
#2832 = APPROVAL_STATUS ( 'not_yet_approved' ) ;
#2833 = PROPERTY_DEFINITION ('document property','', #1594 ) ;
#2834 = OBJECT_ROLE ('mandatory',$ ) ;
#2835 = COORDINATED_UNIVERSAL_TIME_OFFSET ( 3, 0, .BEHIND. ) ;
#2836 = PROPERTY_DEFINITION ('external definition','', #1996 ) ;
#2837 = DATE_AND_TIME ( #410, #2268 ) ;
#2838 = CALENDAR_DATE ( 2026, 14, 9 ) ;
#2839 = CONTEXT_DEPENDENT_SHAPE_REPRESENTATION ( #1486, #2559 ) ;
#2840 = CARTESIAN_POINT ( 'NONE',  ( -349.6397650056625253, -41.77022649681229183, 974.1860345750035322 ) ) ;
#2841 = CC_DESIGN_PERSON_AND_ORGANIZATION_ASSIGNMENT ( #1109, #3409, ( #2687 ) ) ;
#2842 = DATE_AND_TIME ( #513, #2737 ) ;
#2843 = APPLIED_DOCUMENT_REFERENCE ( #2826,'',( #3796) ) ;
#2844 = APPROVAL_STATUS ( 'not_yet_approved' ) ;
#2845 = APPLIED_DOCUMENT_REFERENCE ( #1547,'',( #3666) ) ;
#2846 = APPROVAL_ROLE ( '' ) ;
#2847 = PERSON_AND_ORGANIZATION_ROLE ( 'creator' ) ;
#2848 = ROLE_ASSOCIATION ( #841, #1530 ) ;
#2849 = CARTESIAN_POINT ( 'NONE',  ( 0.000000000000000000, 0.000000000000000000, 0.000000000000000000 ) ) ;
#2850 = PROPERTY_DEFINITION_REPRESENTATION ( #3947, #786 ) ;
#2851 = APPLIED_EXTERNAL_IDENTIFICATION_ASSIGNMENT ( 'hexagon_nut_M4_plain.STEP' , #2289, #588,( #2826) ) ;
#2852 = APPLICATION_PROTOCOL_DEFINITION ( 'international standard', 'config_control_design', 1994, #1151 ) ;
#2853 = CC_DESIGN_PERSON_AND_ORGANIZATION_ASSIGNMENT ( #1102, #1704, ( #149 ) ) ;
#2854 = EXTERNAL_SOURCE (IDENTIFIER('') ) ;
#2855 = CC_DESIGN_DATE_AND_TIME_ASSIGNMENT ( #609, #2360, ( #1507 ) ) ;
#2856 = APPLIED_EXTERNAL_IDENTIFICATION_ASSIGNMENT ( 'arandela_m4.STEP' , #1964, #2505,( #2494) ) ;
#2857 = APPROVAL_STATUS ( 'not_yet_approved' ) ;
#2858 = PERSON_AND_ORGANIZATION_ROLE ( 'classification_officer' ) ;
#2859 = APPROVAL ( #1396, 'UNKNOWN' ) ;
#2860 = PERSON_AND_ORGANIZATION ( #2009, #3019 ) ;
#2861 = APPROVAL ( #3048, 'Coincidente' ) ;
#2862 = PROPERTY_DEFINITION ('external definition','', #3023 ) ;
#2863 = LOCAL_TIME ( 10, 32, 43.00000000000000000, #3178 ) ;
#2864 = SHAPE_DEFINITION_REPRESENTATION ( #2237, #820 ) ;
#2865 = APPROVAL_STATUS ( 'not_yet_approved' ) ;
#2866 = SECURITY_CLASSIFICATION_LEVEL ( 'unclassified' ) ;
#2867 = PROPERTY_DEFINITION_REPRESENTATION ( #3304, #4071 ) ;
#2868 = PROPERTY_DEFINITION ('external definition','', #557 ) ;
#2869 = APPROVAL_STATUS ( 'not_yet_approved' ) ;
#2870 = APPROVAL_PERSON_ORGANIZATION ( #1342, #2918, #4079 ) ;
#2871 = PROPERTY_DEFINITION ('document property','', #1773 ) ;
#2872 = APPROVAL_ROLE ( '' ) ;
#2873 = EXTERNAL_SOURCE (IDENTIFIER('') ) ;
#2874 = ROLE_ASSOCIATION ( #2303, #816 ) ;
#2875 = APPROVAL_PERSON_ORGANIZATION ( #3477, #1003, #2808 ) ;
#2876 = AXIS2_PLACEMENT_3D ( 'NONE', #1746, #3439, #8 ) ;
#2877 =( NAMED_UNIT ( * ) SI_UNIT ( $, .STERADIAN. ) SOLID_ANGLE_UNIT ( ) );
#2878 = CC_DESIGN_APPROVAL ( #2135, ( #1002 ) ) ;
#2879 = CALENDAR_DATE ( 2026, 14, 9 ) ;
#2880 = APPROVAL_ROLE ( '' ) ;
#2881 = APPROVAL ( #13, 'UNKNOWN' ) ;
#2882 = PERSON_AND_ORGANIZATION ( #3983, #18446744073709551615 ) ;
#2883 = PROPERTY_DEFINITION_REPRESENTATION ( #2447, #1447 ) ;
#2884 = CARTESIAN_POINT ( 'NONE',  ( -334.1397650056626389, -36.87420517428315492, 893.5749798985158350 ) ) ;
#2885 = EXTERNAL_SOURCE (IDENTIFIER('') ) ;
#2886 = LOCAL_TIME ( 10, 32, 43.00000000000000000, #1266 ) ;
#2887 = APPROVAL_STATUS ( 'not_yet_approved' ) ;
#2888 = APPROVAL_PERSON_ORGANIZATION ( #1109, #2116, #2057 ) ;
#2889 = PROPERTY_DEFINITION_REPRESENTATION ( #2125, #820 ) ;
#2890 = CC_DESIGN_APPROVAL ( #271, ( #2041 ) ) ;
#2891 = APPROVAL_DATE_TIME ( #2278, #3405 ) ;
#2892 = CALENDAR_DATE ( 2026, 14, 9 ) ;
#2893 = DOCUMENT_TYPE ( 'geometry' ) ;
#2894 = ORGANIZATION ( 'NAUO-ORG36', 'UNSPECIFIED', 'UNSPECIFIED' ) ;
#2895 = LOCAL_TIME ( 10, 32, 43.00000000000000000, #3677 ) ;
#2896 = APPROVAL_DATE_TIME ( #2286, #472 ) ;
#2897 = ITEM_DEFINED_TRANSFORMATION ( 'NONE', 'NONE', #660,  #1086 ) ;
#2898 = SECURITY_CLASSIFICATION ( '', '', #2242 ) ;
#2899 = DIRECTION ( 'NONE',  ( 1.000000000000000000, 0.000000000000000000, 0.000000000000000000 ) ) ;
#2900 = CC_DESIGN_DATE_AND_TIME_ASSIGNMENT ( #3907, #446, ( #2541 ) ) ;
#2901 =( REPRESENTATION_RELATIONSHIP ('NONE','NONE', #1787, #3564 ) REPRESENTATION_RELATIONSHIP_WITH_TRANSFORMATION ( #3515 )SHAPE_REPRESENTATION_RELATIONSHIP( ) );
#2902 = CC_DESIGN_SECURITY_CLASSIFICATION ( #1183, ( #4419 ) ) ;
#2903 = DATE_AND_TIME ( #1535, #1532 ) ;
#2904 = PROPERTY_DEFINITION ('document property','', #1188 ) ;
#2905 = APPROVAL_STATUS ( 'not_yet_approved' ) ;
#2906 = PRODUCT_DEFINITION_SHAPE ( 'NONE', 'NONE',  #3666 ) ;
#2907 = APPROVAL_ROLE ( '' ) ;
#2908 = COORDINATED_UNIVERSAL_TIME_OFFSET ( 3, 0, .BEHIND. ) ;
#2909 = DIRECTION ( 'NONE',  ( 1.000000000000000000, 0.000000000000000000, -3.318315740031391761E-16 ) ) ;
#2910 = PERSON ( 'NAUO-PER32', 'UNSPECIFIED', 'UNSPECIFIED', ('UNSPECIFIED'), ('UNSPECIFIED'), ('UNSPECIFIED') ) ;
#2911 = PRODUCT_DEFINITION_SHAPE ( 'NONE', 'NONE',  #4412 ) ;
#2912 = PERSON_AND_ORGANIZATION_ROLE ( 'classification_officer' ) ;
#2913 = APPROVAL_ROLE ( '' ) ;
#2914 = DATE_AND_TIME ( #3246, #3616 ) ;
#2915 = CALENDAR_DATE ( 2026, 14, 9 ) ;
#2916 = DATE_AND_TIME ( #1934, #1501 ) ;
#2917 = CC_DESIGN_PERSON_AND_ORGANIZATION_ASSIGNMENT ( #765, #358, ( #3627 ) ) ;
#2918 = APPROVAL ( #2709, 'Coincidente' ) ;
#2919 = CC_DESIGN_PERSON_AND_ORGANIZATION_ASSIGNMENT ( #2860, #4144, ( #3228 ) ) ;
#2920 = OBJECT_ROLE ('mandatory',$ ) ;
#2921 = APPROVAL ( #2905, 'Coincidente' ) ;
#2922 = COORDINATED_UNIVERSAL_TIME_OFFSET ( 3, 0, .BEHIND. ) ;
#2923 = ITEM_DEFINED_TRANSFORMATION ( 'NONE', 'NONE', #4166,  #4234 ) ;
#2924 = SECURITY_CLASSIFICATION_LEVEL ( 'unclassified' ) ;
#2925 =( LENGTH_UNIT ( ) NAMED_UNIT ( * ) SI_UNIT ( .MILLI., .METRE. ) );
#2926 = OBJECT_ROLE ('mandatory',$ ) ;
#2927 = APPROVAL_DATE_TIME ( #1221, #1309 ) ;
#2928 = CARTESIAN_POINT ( 'NONE',  ( -331.7397650056624911, -25.23686640143577264, 969.7314603917278646 ) ) ;
#2929 = LOCAL_TIME ( 10, 32, 43.00000000000000000, #1273 ) ;
#2930 = APPROVAL_STATUS ( 'not_yet_approved' ) ;
#2931 = PROPERTY_DEFINITION_REPRESENTATION ( #2833, #4030 ) ;
#2932 = APPROVAL_STATUS ( 'not_yet_approved' ) ;
#2933 = APPROVAL_PERSON_ORGANIZATION ( #2622, #3143, #230 ) ;
#2934 = PROPERTY_DEFINITION_REPRESENTATION ( #1026, #3922 ) ;
#2935 = COORDINATED_UNIVERSAL_TIME_OFFSET ( 3, 0, .BEHIND. ) ;
#2936 = LOCAL_TIME ( 10, 32, 43.00000000000000000, #224 ) ;
#2937 = COORDINATED_UNIVERSAL_TIME_OFFSET ( 3, 0, .BEHIND. ) ;
#2938 = SECURITY_CLASSIFICATION_LEVEL ( 'unclassified' ) ;
#2939 = LOCAL_TIME ( 10, 32, 43.00000000000000000, #2047 ) ;
#2940 =( NAMED_UNIT ( * ) SI_UNIT ( $, .STERADIAN. ) SOLID_ANGLE_UNIT ( ) );
#2941 = PRODUCT_DEFINITION_SHAPE ( 'NONE', 'NONE',  #1002 ) ;
#2942 = CC_DESIGN_SECURITY_CLASSIFICATION ( #2170, ( #1514 ) ) ;
#2943 = COORDINATED_UNIVERSAL_TIME_OFFSET ( 3, 0, .BEHIND. ) ;
#2944 = DOCUMENT_TYPE ( 'geometry' ) ;
#2945 = APPLIED_DOCUMENT_REFERENCE ( #570,'',( #2812) ) ;
#2946 = AXIS2_PLACEMENT_3D ( 'NONE', #3694, #1974, #2017 ) ;
#2947 = PROPERTY_DEFINITION ('document property','', #3723 ) ;
#2948 = PERSON_AND_ORGANIZATION_ROLE ( 'design_owner' ) ;
#2949 = CC_DESIGN_APPROVAL ( #1416, ( #2219 ) ) ;
#2950 = APPROVAL ( #1208, 'Coincidente' ) ;
#2951 = APPROVAL_STATUS ( 'not_yet_approved' ) ;
#2952 = CALENDAR_DATE ( 2026, 14, 9 ) ;
#2953 =( REPRESENTATION_RELATIONSHIP ('NONE','NONE', #1787, #4030 ) REPRESENTATION_RELATIONSHIP_WITH_TRANSFORMATION ( #3516 )SHAPE_REPRESENTATION_RELATIONSHIP( ) );
#2954 = CARTESIAN_POINT ( 'NONE',  ( -171.6397650056625537, -25.23686640143581528, 969.7314603917279783 ) ) ;
#2955 = DATE_AND_TIME ( #1593, #3366 ) ;
#2956 = ROLE_ASSOCIATION ( #3181, #1931 ) ;
#2957 = DATE_TIME_ROLE ( 'classification_date' ) ;
#2958 = CONTEXT_DEPENDENT_SHAPE_REPRESENTATION ( #1405, #696 ) ;
#2959 = CC_DESIGN_APPROVAL ( #2299, ( #4109 ) ) ;
#2960 = APPROVAL_DATE_TIME ( #1568, #1357 ) ;
#2961 =( REPRESENTATION_RELATIONSHIP ('NONE','NONE', #1787, #3593 ) REPRESENTATION_RELATIONSHIP_WITH_TRANSFORMATION ( #1230 )SHAPE_REPRESENTATION_RELATIONSHIP( ) );
#2962 = CC_DESIGN_DATE_AND_TIME_ASSIGNMENT ( #1794, #2530, ( #2507 ) ) ;
#2963 = PRODUCT_DEFINITION_SHAPE ( 'NONE', 'NONE',  #4446 ) ;
#2964 = APPROVAL_STATUS ( 'not_yet_approved' ) ;
#2965 = LOCAL_TIME ( 10, 32, 43.00000000000000000, #2212 ) ;
#2966 = LOCAL_TIME ( 10, 32, 43.00000000000000000, #1034 ) ;
#2967 =( LENGTH_UNIT ( ) NAMED_UNIT ( * ) SI_UNIT ( .MILLI., .METRE. ) );
#2968 = APPROVAL_DATE_TIME ( #2614, #951 ) ;
#2969 = CC_DESIGN_APPROVAL ( #3778, ( #2615 ) ) ;
#2970 = CC_DESIGN_APPROVAL ( #1747, ( #2543 ) ) ;
#2971 = PERSON_AND_ORGANIZATION ( #388, #744 ) ;
#2972 = COORDINATED_UNIVERSAL_TIME_OFFSET ( 3, 0, .BEHIND. ) ;
#2973 = CC_DESIGN_APPROVAL ( #1854, ( #2829 ) ) ;
#2974 = CC_DESIGN_DATE_AND_TIME_ASSIGNMENT ( #252, #872, ( #2156 ) ) ;
#2975 = COORDINATED_UNIVERSAL_TIME_OFFSET ( 3, 0, .BEHIND. ) ;
#2976 = PERSON_AND_ORGANIZATION_ROLE ( 'classification_officer' ) ;
#2977 = DIRECTION ( 'NONE',  ( -1.000000000000000000, 0.000000000000000000, 1.224646799147353207E-16 ) ) ;
#2978 =( REPRESENTATION_RELATIONSHIP ('NONE','NONE', #1787, #1447 ) REPRESENTATION_RELATIONSHIP_WITH_TRANSFORMATION ( #3262 )SHAPE_REPRESENTATION_RELATIONSHIP( ) );
#2979 = ITEM_DEFINED_TRANSFORMATION ( 'NONE', 'NONE', #875,  #721 ) ;
#2980 = ROLE_ASSOCIATION ( #1788, #169 ) ;
#2981 = PRODUCT_DEFINITION_SHAPE ( 'NONE', 'NONE',  #3190 ) ;
#2982 = APPROVAL_DATE_TIME ( #3743, #2861 ) ;
#2983 = PERSON_AND_ORGANIZATION ( #3983, #18446744073709551615 ) ;
#2984 = APPROVAL_STATUS ( 'not_yet_approved' ) ;
#2985 = APPLICATION_CONTEXT ( 'configuration controlled 3d designs of mechanical parts and assemblies' ) ;
#2986 = DATE_TIME_ROLE ( 'creation_date' ) ;
#2987 = DATE_AND_TIME ( #961, #450 ) ;
#2988 = COORDINATED_UNIVERSAL_TIME_OFFSET ( 3, 0, .BEHIND. ) ;
#2989 = APPROVAL_STATUS ( 'not_yet_approved' ) ;
#2990 = CONTEXT_DEPENDENT_SHAPE_REPRESENTATION ( #3031, #1439 ) ;
#2991 = DIRECTION ( 'NONE',  ( 0.000000000000000000, 0.000000000000000000, -1.000000000000000000 ) ) ;
#2992 = APPROVAL ( #3341, 'Coincidente' ) ;
#2993 = CC_DESIGN_DATE_AND_TIME_ASSIGNMENT ( #256, #3372, ( #3755 ) ) ;
#2994 = APPROVAL_ROLE ( '' ) ;
#2995 = ROLE_ASSOCIATION ( #4302, #1700 ) ;
#2996 = PRODUCT_RELATED_PRODUCT_CATEGORY ( 'detail', '', ( #684 ) ) ;
#2997 = LOCAL_TIME ( 10, 32, 43.00000000000000000, #584 ) ;
#2998 = APPROVAL_STATUS ( 'not_yet_approved' ) ;
#2999 = APPROVAL ( #263, 'Coincidente' ) ;
#3000 = DOCUMENT_TYPE ( 'geometry' ) ;
#3001 = ITEM_DEFINED_TRANSFORMATION ( 'NONE', 'NONE', #1659,  #1014 ) ;
#3002 = APPLICATION_PROTOCOL_DEFINITION ( 'international standard', 'config_control_design', 1994, #1929 ) ;
#3003 = COORDINATED_UNIVERSAL_TIME_OFFSET ( 3, 0, .BEHIND. ) ;
#3004 = COORDINATED_UNIVERSAL_TIME_OFFSET ( 3, 0, .BEHIND. ) ;
#3005 = PRODUCT_DEFINITION_FORMATION_WITH_SPECIFIED_SOURCE ( 'Simétric', '', #3335, .NOT_KNOWN. ) ;
#3006 = DOCUMENT_TYPE ( 'geometry' ) ;
#3007 = APPROVAL_DATE_TIME ( #3527, #2412 ) ;
#3008 = PERSON ( 'NAUO-PER57', 'UNSPECIFIED', 'UNSPECIFIED', ('UNSPECIFIED'), ('UNSPECIFIED'), ('UNSPECIFIED') ) ;
#3009 = SECURITY_CLASSIFICATION ( '', '', #221 ) ;
#3010 = APPROVAL_STATUS ( 'not_yet_approved' ) ;
#3011 = DIRECTION ( 'NONE',  ( -1.000000000000000000, -1.954358647449034283E-23, 3.318316732212479869E-16 ) ) ;
#3012 = APPROVAL_PERSON_ORGANIZATION ( #4289, #679, #1552 ) ;
#3013 = AXIS2_PLACEMENT_3D ( 'NONE', #3507, #1822, #2203 ) ;
#3014 = CC_DESIGN_DATE_AND_TIME_ASSIGNMENT ( #3966, #971, ( #3930 ) ) ;
#3015 = CALENDAR_DATE ( 2026, 14, 9 ) ;
#3016 = DATE_TIME_ROLE ( 'classification_date' ) ;
#3017 = CC_DESIGN_SECURITY_CLASSIFICATION ( #2024, ( #1658 ) ) ;
#3018 = DIRECTION ( 'NONE',  ( 1.000000000000000000, 0.000000000000000000, 0.000000000000000000 ) ) ;
#3019 = ORGANIZATION ( 'NAUO-ORG20', 'UNSPECIFIED', 'UNSPECIFIED' ) ;
#3020 = PRODUCT_DEFINITION_SHAPE ( 'NONE', 'NONE',  #4421 ) ;
#3021 = APPLIED_EXTERNAL_IDENTIFICATION_ASSIGNMENT ( 'DS3225MG 25KG.STEP' , #1824, #4343,( #352) ) ;
#3022 = CONTEXT_DEPENDENT_SHAPE_REPRESENTATION ( #2961, #3395 ) ;
#3023 = DOCUMENT_FILE ( 'hexagon_nut_M4_plain.STEP' , '', '', #551, '' ,$ ) ;
#3024 = COORDINATED_UNIVERSAL_TIME_OFFSET ( 3, 0, .BEHIND. ) ;
#3025 = UNCERTAINTY_MEASURE_WITH_UNIT (LENGTH_MEASURE( 1.000000000000000082E-05 ), #4221, 'distance_accuracy_value', 'NONE');
#3026 = PERSON_AND_ORGANIZATION_ROLE ( 'creator' ) ;
#3027 = DATE_AND_TIME ( #2363, #2263 ) ;
#3028 = ROLE_ASSOCIATION ( #2834, #2364 ) ;
#3029 = OBJECT_ROLE ('mandatory',$ ) ;
#3030 = CARTESIAN_POINT ( 'NONE',  ( 0.000000000000000000, 0.000000000000000000, 0.000000000000000000 ) ) ;
#3031 =( REPRESENTATION_RELATIONSHIP ('NONE','NONE', #1787, #4001 ) REPRESENTATION_RELATIONSHIP_WITH_TRANSFORMATION ( #138 )SHAPE_REPRESENTATION_RELATIONSHIP( ) );
#3032 = CALENDAR_DATE ( 2026, 14, 9 ) ;
#3033 = ORGANIZATION ( 'NAUO-ORG28', 'UNSPECIFIED', 'UNSPECIFIED' ) ;
#3034 = APPLIED_EXTERNAL_IDENTIFICATION_ASSIGNMENT ( 'socket_head_cap_screw_M4_l30mm_plain.STEP' , #484, #4102,( #1139) ) ;
#3035 = PERSON_AND_ORGANIZATION_ROLE ( 'classification_officer' ) ;
#3036 = CC_DESIGN_PERSON_AND_ORGANIZATION_ASSIGNMENT ( #1402, #3135, ( #308 ) ) ;
#3037 = IDENTIFICATION_ROLE ( 'external document id and location', $) ;
#3038 = CC_DESIGN_SECURITY_CLASSIFICATION ( #2541, ( #4428 ) ) ;
#3039 = SECURITY_CLASSIFICATION ( '', '', #767 ) ;
#3040 = PROPERTY_DEFINITION_REPRESENTATION ( #3359, #4030 ) ;
#3041 = APPROVAL_STATUS ( 'not_yet_approved' ) ;
#3042 = CARTESIAN_POINT ( 'NONE',  ( -151.4397650056625082, -71.76386973475315756, 914.7256609007408770 ) ) ;
#3043 = APPLIED_EXTERNAL_IDENTIFICATION_ASSIGNMENT ( 'arandela_m4.STEP' , #2384, #1692,( #4174) ) ;
#3044 = DOCUMENT_TYPE ( 'geometry' ) ;
#3045 = LOCAL_TIME ( 10, 32, 43.00000000000000000, #3070 ) ;
#3046 = DATE_TIME_ROLE ( 'classification_date' ) ;
#3047 = CALENDAR_DATE ( 2026, 14, 9 ) ;
#3048 = APPROVAL_STATUS ( 'not_yet_approved' ) ;
#3049 = PRODUCT_DEFINITION_SHAPE ( 'NONE', 'NONE',  #4437 ) ;
#3050 = SECURITY_CLASSIFICATION_LEVEL ( 'unclassified' ) ;
#3051 = ROLE_ASSOCIATION ( #604, #4065 ) ;
#3052 = CONTEXT_DEPENDENT_SHAPE_REPRESENTATION ( #2693, #4141 ) ;
#3053 = CC_DESIGN_PERSON_AND_ORGANIZATION_ASSIGNMENT ( #1126, #4115, ( #1592 ) ) ;
#3054 = CC_DESIGN_PERSON_AND_ORGANIZATION_ASSIGNMENT ( #3949, #1571, ( #214 ) ) ;
#3055 = APPROVAL ( #1818, 'UNKNOWN' ) ;
#3056 = APPROVAL_STATUS ( 'not_yet_approved' ) ;
#3057 = PROPERTY_DEFINITION ('document property','', #4111 ) ;
#3058 = DATE_AND_TIME ( #2267, #4016 ) ;
#3059 = PRODUCT_RELATED_PRODUCT_CATEGORY ( 'detail', '', ( #1506 ) ) ;
#3060 = PROPERTY_DEFINITION_REPRESENTATION ( #2373, #786 ) ;
#3061 = CALENDAR_DATE ( 2026, 14, 9 ) ;
#3062 = DIRECTION ( 'NONE',  ( 1.000000000000000000, 1.010101592536828286E-22, 3.676798640166183369E-23 ) ) ;
#3063 = OBJECT_ROLE ('mandatory',$ ) ;
#3064 = PERSON_AND_ORGANIZATION_ROLE ( 'classification_officer' ) ;
#3065 = DATE_AND_TIME ( #324, #1948 ) ;
#3066 = DESIGN_CONTEXT ( 'detailed design', #1910, 'design' ) ;
#3067 = COORDINATED_UNIVERSAL_TIME_OFFSET ( 3, 0, .BEHIND. ) ;
#3068 = DATE_AND_TIME ( #4172, #516 ) ;
#3069 = PERSON_AND_ORGANIZATION_ROLE ( 'classification_officer' ) ;
#3070 = COORDINATED_UNIVERSAL_TIME_OFFSET ( 3, 0, .BEHIND. ) ;
#3071 =( LENGTH_UNIT ( ) NAMED_UNIT ( * ) SI_UNIT ( .MILLI., .METRE. ) );
#3072 = LOCAL_TIME ( 10, 32, 43.00000000000000000, #2612 ) ;
#3073 = APPROVAL_DATE_TIME ( #745, #2135 ) ;
#3074 = PERSON_AND_ORGANIZATION_ROLE ( 'design_supplier' ) ;
#3075 = CALENDAR_DATE ( 2026, 14, 9 ) ;
#3076 = CC_DESIGN_SECURITY_CLASSIFICATION ( #2507, ( #4405 ) ) ;
#3077 = PERSON_AND_ORGANIZATION ( #3983, #18446744073709551615 ) ;
#3078 = PROPERTY_DEFINITION ('external definition','', #710 ) ;
#3079 = CC_DESIGN_PERSON_AND_ORGANIZATION_ASSIGNMENT ( #123, #2802, ( #2749 ) ) ;
#3080 = APPROVAL_PERSON_ORGANIZATION ( #846, #340, #796 ) ;
#3081 = PROPERTY_DEFINITION ('document property','', #4214 ) ;
#3082 = CC_DESIGN_PERSON_AND_ORGANIZATION_ASSIGNMENT ( #171, #1548, ( #4085 ) ) ;
#3083 = CARTESIAN_POINT ( 'NONE',  ( -173.3897650056625537, -36.87420517428315492, 893.5749798985158350 ) ) ;
#3084 = APPROVAL_PERSON_ORGANIZATION ( #659, #1612, #2459 ) ;
#3085 = LOCAL_TIME ( 10, 32, 43.00000000000000000, #2937 ) ;
#3086 = APPROVAL_DATE_TIME ( #3830, #1234 ) ;
#3087 = DATE_AND_TIME ( #670, #2895 ) ;
#3088 = EXTERNAL_SOURCE (IDENTIFIER('') ) ;
#3089 = APPROVAL_PERSON_ORGANIZATION ( #1155, #2921, #2243 ) ;
#3090 = CC_DESIGN_SECURITY_CLASSIFICATION ( #1592, ( #3737 ) ) ;
#3091 = PROPERTY_DEFINITION ('external definition','', #384 ) ;
#3092 = PERSON_AND_ORGANIZATION ( #3983, #18446744073709551615 ) ;
#3093 = ITEM_DEFINED_TRANSFORMATION ( 'NONE', 'NONE', #3149,  #505 ) ;
#3094 = SECURITY_CLASSIFICATION_LEVEL ( 'unclassified' ) ;
#3095 = IDENTIFICATION_ROLE ( 'external document id and location', $) ;
#3096 = CALENDAR_DATE ( 2026, 14, 9 ) ;
#3097 = CALENDAR_DATE ( 2026, 14, 9 ) ;
#3098 = PERSON_AND_ORGANIZATION_ROLE ( 'classification_officer' ) ;
#3099 = MECHANICAL_CONTEXT ( 'NONE', #2619, 'mechanical' ) ;
#3100 = APPROVAL_PERSON_ORGANIZATION ( #4186, #562, #2423 ) ;
#3101 =( REPRESENTATION_RELATIONSHIP ('NONE','NONE', #1787, #786 ) REPRESENTATION_RELATIONSHIP_WITH_TRANSFORMATION ( #2021 )SHAPE_REPRESENTATION_RELATIONSHIP( ) );
#3102 = ORGANIZATION ( 'NAUO-ORG56', 'UNSPECIFIED', 'UNSPECIFIED' ) ;
#3103 = CALENDAR_DATE ( 2026, 14, 9 ) ;
#3104 = CARTESIAN_POINT ( 'NONE',  ( -175.1397650056625537, -41.77022649681229183, 974.1860345750035322 ) ) ;
#3105 = CC_DESIGN_SECURITY_CLASSIFICATION ( #2682, ( #4432 ) ) ;
#3106 = CC_DESIGN_APPROVAL ( #3793, ( #3755 ) ) ;
#3107 = CC_DESIGN_DATE_AND_TIME_ASSIGNMENT ( #3552, #2526, ( #2480 ) ) ;
#3108 = DIRECTION ( 'NONE',  ( 1.000000000000000000, 0.000000000000000000, 0.000000000000000000 ) ) ;
#3109 = PERSON ( 'NAUO-PER64', 'UNSPECIFIED', 'UNSPECIFIED', ('UNSPECIFIED'), ('UNSPECIFIED'), ('UNSPECIFIED') ) ;
#3110 = CC_DESIGN_SECURITY_CLASSIFICATION ( #3619, ( #4418 ) ) ;
#3111 = OBJECT_ROLE ('mandatory',$ ) ;
#3112 = PERSON_AND_ORGANIZATION_ROLE ( 'classification_officer' ) ;
#3113 = PROPERTY_DEFINITION_REPRESENTATION ( #4156, #321 ) ;
#3114 = DATE_TIME_ROLE ( 'classification_date' ) ;
#3115 = DATE_AND_TIME ( #1706, #527 ) ;
#3116 = PROPERTY_DEFINITION ('external definition','', #1311 ) ;
#3117 = PROPERTY_DEFINITION ('document property','', #2175 ) ;
#3118 = DATE_AND_TIME ( #783, #2383 ) ;
#3119 = APPROVAL_ROLE ( '' ) ;
#3120 = PROPERTY_DEFINITION_REPRESENTATION ( #952, #3536 ) ;
#3121 = OBJECT_ROLE ('mandatory',$ ) ;
#3122 = PERSON ( 'NAUO-PER2', 'UNSPECIFIED', 'UNSPECIFIED', ('UNSPECIFIED'), ('UNSPECIFIED'), ('UNSPECIFIED') ) ;
#3123 = CALENDAR_DATE ( 2026, 14, 9 ) ;
#3124 = OBJECT_ROLE ('mandatory',$ ) ;
#3125 = APPLIED_DOCUMENT_REFERENCE ( #1070,'',( #2812) ) ;
#3126 = DIRECTION ( 'NONE',  ( 3.318315740031391761E-16, 0.000000000000000000, 1.000000000000000000 ) ) ;
#3127 = CC_DESIGN_DATE_AND_TIME_ASSIGNMENT ( #1804, #59, ( #2749 ) ) ;
#3128 = DATE_AND_TIME ( #1730, #3591 ) ;
#3129 = COORDINATED_UNIVERSAL_TIME_OFFSET ( 3, 0, .BEHIND. ) ;
#3130 = CC_DESIGN_PERSON_AND_ORGANIZATION_ASSIGNMENT ( #1259, #2694, ( #1443 ) ) ;
#3131 = COORDINATED_UNIVERSAL_TIME_OFFSET ( 3, 0, .BEHIND. ) ;
#3132 = ROLE_ASSOCIATION ( #1861, #1806 ) ;
#3133 = ITEM_DEFINED_TRANSFORMATION ( 'NONE', 'NONE', #4376,  #4087 ) ;
#3134 = DATE_AND_TIME ( #766, #1152 ) ;
#3135 = PERSON_AND_ORGANIZATION_ROLE ( 'classification_officer' ) ;
#3136 = CC_DESIGN_APPROVAL ( #1234, ( #1246 ) ) ;
#3137 = IDENTIFICATION_ROLE ( 'external document id and location', $) ;
#3138 = PERSON_AND_ORGANIZATION ( #3983, #18446744073709551615 ) ;
#3139 = ITEM_DEFINED_TRANSFORMATION ( 'NONE', 'NONE', #3369,  #363 ) ;
#3140 = PROPERTY_DEFINITION_REPRESENTATION ( #3117, #1177 ) ;
#3141 = COORDINATED_UNIVERSAL_TIME_OFFSET ( 3, 0, .BEHIND. ) ;
#3142 = LOCAL_TIME ( 10, 32, 43.00000000000000000, #3163 ) ;
#3143 = APPROVAL ( #2270, 'UNKNOWN' ) ;
#3144 = DATE_AND_TIME ( #2153, #1071 ) ;
#3145 = PRODUCT_DEFINITION_FORMATION_WITH_SPECIFIED_SOURCE ( 'Simétric', '', #2085, .NOT_KNOWN. ) ;
#3146 = AXIS2_PLACEMENT_3D ( 'NONE', #2928, #531, #3603 ) ;
#3147 = DIRECTION ( 'NONE',  ( 3.318306096601525086E-16, -4.243472256498826802E-22, 1.000000000000000000 ) ) ;
#3148 = CC_DESIGN_SECURITY_CLASSIFICATION ( #75, ( #732 ) ) ;
#3149 = AXIS2_PLACEMENT_3D ( 'NONE', #3483, #35, #692 ) ;
#3150 = COORDINATED_UNIVERSAL_TIME_OFFSET ( 3, 0, .BEHIND. ) ;
#3151 = PROPERTY_DEFINITION_REPRESENTATION ( #2441, #3250 ) ;
#3152 = CALENDAR_DATE ( 2026, 14, 9 ) ;
#3153 = ITEM_DEFINED_TRANSFORMATION ( 'NONE', 'NONE', #3729,  #1014 ) ;
#3154 = LOCAL_TIME ( 10, 32, 43.00000000000000000, #2205 ) ;
#3155 = AXIS2_PLACEMENT_3D ( 'NONE', #2086, #3393, #2425 ) ;
#3156 = APPROVAL_STATUS ( 'not_yet_approved' ) ;
#3157 = APPROVAL_PERSON_ORGANIZATION ( #2452, #4086, #3420 ) ;
#3158 = CALENDAR_DATE ( 2026, 14, 9 ) ;
#3159 = APPROVAL_ROLE ( '' ) ;
#3160 = ROLE_ASSOCIATION ( #3121, #1771 ) ;
#3161 = PERSON_AND_ORGANIZATION ( #3921, #3321 ) ;
#3162 = APPROVAL ( #2984, 'UNKNOWN' ) ;
#3163 = COORDINATED_UNIVERSAL_TIME_OFFSET ( 3, 0, .BEHIND. ) ;
#3164 = DOCUMENT_TYPE ( 'geometry' ) ;
#3165 = LOCAL_TIME ( 10, 32, 43.00000000000000000, #2975 ) ;
#3166 = DATE_TIME_ROLE ( 'classification_date' ) ;
#3167 = ORGANIZATION ( 'NAUO-ORG40', 'UNSPECIFIED', 'UNSPECIFIED' ) ;
#3168 = CARTESIAN_POINT ( 'NONE',  ( -328.2397650056624911, -41.77022649681229183, 974.1860345750035322 ) ) ;
#3169 = CC_DESIGN_SECURITY_CLASSIFICATION ( #676, ( #4447 ) ) ;
#3170 = CARTESIAN_POINT ( 'NONE',  ( -347.8397650056625707, -36.87420517428315492, 893.5749798985158350 ) ) ;
#3171 =( REPRESENTATION_RELATIONSHIP ('NONE','NONE', #1787, #4001 ) REPRESENTATION_RELATIONSHIP_WITH_TRANSFORMATION ( #3093 )SHAPE_REPRESENTATION_RELATIONSHIP( ) );
#3172 = APPROVAL_PERSON_ORGANIZATION ( #2556, #3778, #2907 ) ;
#3173 = APPLIED_EXTERNAL_IDENTIFICATION_ASSIGNMENT ( 'arandela_m4.STEP' , #4335, #3639,( #1188) ) ;
#3174 = PERSON_AND_ORGANIZATION_ROLE ( 'creator' ) ;
#3175 = DATE_AND_TIME ( #1523, #1570 ) ;
#3176 = DATE_AND_TIME ( #3491, #304 ) ;
#3177 = ITEM_DEFINED_TRANSFORMATION ( 'NONE', 'NONE', #1228,  #1014 ) ;
#3178 = COORDINATED_UNIVERSAL_TIME_OFFSET ( 3, 0, .BEHIND. ) ;
#3179 = APPLIED_EXTERNAL_IDENTIFICATION_ASSIGNMENT ( 'socket_head_cap_screw_M4_l25mm_plain.STEP' , #1653, #798,( #1855) ) ;
#3180 = CALENDAR_DATE ( 2026, 14, 9 ) ;
#3181 = OBJECT_ROLE ('mandatory',$ ) ;
#3182 = CC_DESIGN_DATE_AND_TIME_ASSIGNMENT ( #294, #402, ( #149 ) ) ;
#3183 = APPROVAL ( #4139, 'Coincidente' ) ;
#3184 = CONTEXT_DEPENDENT_SHAPE_REPRESENTATION ( #958, #1016 ) ;
#3185 = PROPERTY_DEFINITION ('document property','', #1472 ) ;
#3186 = PROPERTY_DEFINITION ('external definition','', #267 ) ;
#3187 = PROPERTY_DEFINITION_REPRESENTATION ( #2241, #1177 ) ;
#3188 = CC_DESIGN_PERSON_AND_ORGANIZATION_ASSIGNMENT ( #1379, #3320, ( #70 ) ) ;
#3189 = PERSON_AND_ORGANIZATION ( #3983, #18446744073709551615 ) ;
#3190 = PRODUCT_DEFINITION ( 'General', '', #2721, #3292 ) ;
#3191 = COORDINATED_UNIVERSAL_TIME_OFFSET ( 3, 0, .BEHIND. ) ;
#3192 = APPROVAL_ROLE ( '' ) ;
#3193 = MECHANICAL_CONTEXT ( 'NONE', #2390, 'mechanical' ) ;
#3194 = SECURITY_CLASSIFICATION_LEVEL ( 'unclassified' ) ;
#3195 = APPROVAL_ROLE ( '' ) ;
#3196 = APPROVAL_DATE_TIME ( #2163, #2326 ) ;
#3197 = APPROVAL_ROLE ( '' ) ;
#3198 = DOCUMENT_TYPE ( 'geometry' ) ;
#3199 = CALENDAR_DATE ( 2026, 14, 9 ) ;
#3200 = COORDINATED_UNIVERSAL_TIME_OFFSET ( 3, 0, .BEHIND. ) ;
#3201 = DATE_TIME_ROLE ( 'classification_date' ) ;
#3202 = APPROVAL_DATE_TIME ( #2218, #3055 ) ;
#3203 = LOCAL_TIME ( 10, 32, 43.00000000000000000, #2427 ) ;
#3204 = COORDINATED_UNIVERSAL_TIME_OFFSET ( 3, 0, .BEHIND. ) ;
#3205 = CC_DESIGN_APPROVAL ( #102, ( #3424 ) ) ;
#3206 = APPLIED_DOCUMENT_REFERENCE ( #1857,'',( #3744) ) ;
#3207 = CC_DESIGN_PERSON_AND_ORGANIZATION_ASSIGNMENT ( #489, #3586, ( #3939 ) ) ;
#3208 = PROPERTY_DEFINITION ('external definition','', #3886 ) ;
#3209 = PROPERTY_DEFINITION_REPRESENTATION ( #1878, #2632 ) ;
#3210 = DIRECTION ( 'NONE',  ( -3.318315740031391761E-16, 0.000000000000000000, -1.000000000000000000 ) ) ;
#3211 = LOCAL_TIME ( 10, 32, 43.00000000000000000, #2618 ) ;
#3212 = PERSON ( 'NAUO-PER51', 'UNSPECIFIED', 'UNSPECIFIED', ('UNSPECIFIED'), ('UNSPECIFIED'), ('UNSPECIFIED') ) ;
#3213 = APPROVAL_PERSON_ORGANIZATION ( #3336, #902, #4220 ) ;
#3214 = PERSON_AND_ORGANIZATION ( #3983, #18446744073709551615 ) ;
#3215 = DATE_TIME_ROLE ( 'classification_date' ) ;
#3216 = APPROVAL_ROLE ( '' ) ;
#3217 = APPROVAL_STATUS ( 'not_yet_approved' ) ;
#3218 = PRODUCT ( 'asml_completo_v2v4', 'asml_completo_v2v4', '', ( #478 ) ) ;
#3219 = CC_DESIGN_DATE_AND_TIME_ASSIGNMENT ( #425, #686, ( #2687 ) ) ;
#3220 = APPLICATION_PROTOCOL_DEFINITION ( 'international standard', 'config_control_design', 1994, #1555 ) ;
#3221 = CC_DESIGN_APPROVAL ( #3521, ( #1514 ) ) ;
#3222 = AXIS2_PLACEMENT_3D ( 'NONE', #2532, #2909, #2249 ) ;
#3223 = PROPERTY_DEFINITION ('document property','', #439 ) ;
#3224 = PERSON_AND_ORGANIZATION_ROLE ( 'design_owner' ) ;
#3225 = SECURITY_CLASSIFICATION_LEVEL ( 'unclassified' ) ;
#3226 = APPROVAL_PERSON_ORGANIZATION ( #2146, #2135, #3842 ) ;
#3227 = OBJECT_ROLE ('mandatory',$ ) ;
#3228 = SECURITY_CLASSIFICATION ( '', '', #1029 ) ;
#3229 =( LENGTH_UNIT ( ) NAMED_UNIT ( * ) SI_UNIT ( .MILLI., .METRE. ) );
#3230 = SECURITY_CLASSIFICATION ( '', '', #2535 ) ;
#3231 = ITEM_DEFINED_TRANSFORMATION ( 'NONE', 'NONE', #2381,  #4234 ) ;
#3232 = COORDINATED_UNIVERSAL_TIME_OFFSET ( 3, 0, .BEHIND. ) ;
#3233 = APPROVAL_STATUS ( 'not_yet_approved' ) ;
#3234 = DIRECTION ( 'NONE',  ( 0.000000000000000000, 0.000000000000000000, 1.000000000000000000 ) ) ;
#3235 = OBJECT_ROLE ('mandatory',$ ) ;
#3236 = DATE_AND_TIME ( #4255, #682 ) ;
#3237 = CONTEXT_DEPENDENT_SHAPE_REPRESENTATION ( #3860, #2088 ) ;
#3238 = APPROVAL ( #22, 'Coincidente' ) ;
#3239 = PRODUCT_RELATED_PRODUCT_CATEGORY ( 'detail', '', ( #212 ) ) ;
#3240 = CC_DESIGN_PERSON_AND_ORGANIZATION_ASSIGNMENT ( #49, #2015, ( #2171 ) ) ;
#3241 = ORGANIZATION ( 'NAUO-ORG45', 'UNSPECIFIED', 'UNSPECIFIED' ) ;
#3242 = COORDINATED_UNIVERSAL_TIME_OFFSET ( 3, 0, .BEHIND. ) ;
#3243 = APPLIED_EXTERNAL_IDENTIFICATION_ASSIGNMENT ( 'arandela_m4.STEP' , #480, #950,( #1761) ) ;
#3244 = PROPERTY_DEFINITION_REPRESENTATION ( #3724, #3564 ) ;
#3245 = ORGANIZATION ( 'NAUO-ORG57', 'UNSPECIFIED', 'UNSPECIFIED' ) ;
#3246 = CALENDAR_DATE ( 2026, 14, 9 ) ;
#3247 = COORDINATED_UNIVERSAL_TIME_OFFSET ( 3, 0, .BEHIND. ) ;
#3248 = DATE_TIME_ROLE ( 'creation_date' ) ;
#3249 = SECURITY_CLASSIFICATION ( '', '', #2235 ) ;
#3250 = SHAPE_REPRESENTATION ( 'DS3225_MG_metal_horn_D\X2\00e9\X0\faut', ( #3436 ), #1805 ) ;
#3251 = COORDINATED_UNIVERSAL_TIME_OFFSET ( 3, 0, .BEHIND. ) ;
#3252 = DATE_AND_TIME ( #1572, #3384 ) ;
#3253 = LOCAL_TIME ( 10, 32, 43.00000000000000000, #3258 ) ;
#3254 = SECURITY_CLASSIFICATION ( '', '', #4243 ) ;
#3255 = DATE_TIME_ROLE ( 'creation_date' ) ;
#3256 = DOCUMENT_TYPE ( 'geometry' ) ;
#3257 = ROLE_ASSOCIATION ( #1262, #549 ) ;
#3258 = COORDINATED_UNIVERSAL_TIME_OFFSET ( 3, 0, .BEHIND. ) ;
#3259 = PERSON_AND_ORGANIZATION_ROLE ( 'design_supplier' ) ;
#3260 = CARTESIAN_POINT ( 'NONE',  ( 0.000000000000000000, 0.000000000000000000, 0.000000000000000000 ) ) ;
#3261 = PRODUCT_DEFINITION_SHAPE ( 'NONE', 'NONE',  #395 ) ;
#3262 = ITEM_DEFINED_TRANSFORMATION ( 'NONE', 'NONE', #1590,  #1510 ) ;
#3263 = CALENDAR_DATE ( 2026, 14, 9 ) ;
#3264 = OBJECT_ROLE ('mandatory',$ ) ;
#3265 = PRODUCT_DEFINITION_SHAPE ( 'NONE', 'NONE',  #4414 ) ;
#3266 = PERSON_AND_ORGANIZATION_ROLE ( 'creator' ) ;
#3267 = APPLIED_DOCUMENT_REFERENCE ( #1594,'',( #2812) ) ;
#3268 = PROPERTY_DEFINITION_REPRESENTATION ( #1623, #4030 ) ;
#3269 = APPLIED_DOCUMENT_REFERENCE ( #3901,'',( #1743) ) ;
#3270 = DATE_AND_TIME ( #2281, #3938 ) ;
#3271 = OBJECT_ROLE ('mandatory',$ ) ;
#3272 = CC_DESIGN_DATE_AND_TIME_ASSIGNMENT ( #1546, #3941, ( #2543 ) ) ;
#3273 = CALENDAR_DATE ( 2026, 14, 9 ) ;
#3274 = APPROVAL_ROLE ( '' ) ;
#3275 = APPROVAL_STATUS ( 'not_yet_approved' ) ;
#3276 = PERSON ( 'NAUO-PER46', 'UNSPECIFIED', 'UNSPECIFIED', ('UNSPECIFIED'), ('UNSPECIFIED'), ('UNSPECIFIED') ) ;
#3277 = DATE_TIME_ROLE ( 'classification_date' ) ;
#3278 = DATE_TIME_ROLE ( 'creation_date' ) ;
#3279 = PERSON_AND_ORGANIZATION ( #498, #3652 ) ;
#3280 = DIRECTION ( 'NONE',  ( 1.000000000000000000, 2.446751234740086044E-20, -2.533289641435737855E-20 ) ) ;
#3281 = CC_DESIGN_PERSON_AND_ORGANIZATION_ASSIGNMENT ( #2469, #3808, ( #1246 ) ) ;
#3282 = CC_DESIGN_SECURITY_CLASSIFICATION ( #709, ( #4397 ) ) ;
#3283 = DOCUMENT_TYPE ( 'geometry' ) ;
#3284 = APPROVAL_ROLE ( '' ) ;
#3285 = DATE_TIME_ROLE ( 'classification_date' ) ;
#3286 = APPROVAL_STATUS ( 'not_yet_approved' ) ;
#3287 = ORGANIZATION ( 'NAUO-ORG12', 'UNSPECIFIED', 'UNSPECIFIED' ) ;
#3288 = PROPERTY_DEFINITION_REPRESENTATION ( #2064, #4030 ) ;
#3289 = COORDINATED_UNIVERSAL_TIME_OFFSET ( 3, 0, .BEHIND. ) ;
#3290 = PRODUCT_DEFINITION_SHAPE ( 'NONE', 'NONE',  #4431 ) ;
#3291 = LOCAL_TIME ( 10, 32, 43.00000000000000000, #661 ) ;
#3292 = DESIGN_CONTEXT ( 'detailed design', #1789, 'design' ) ;
#3293 = PROPERTY_DEFINITION ('external definition','', #2297 ) ;
#3294 = PERSON_AND_ORGANIZATION ( #3983, #18446744073709551615 ) ;
#3295 = DOCUMENT_FILE ( 'eslabon_AD_v2.STEP' , '', '', #1064, '' ,$ ) ;
#3296 = APPLICATION_CONTEXT ( 'configuration controlled 3d designs of mechanical parts and assemblies' ) ;
#3297 = LOCAL_TIME ( 10, 32, 43.00000000000000000, #1709 ) ;
#3298 = AXIS2_PLACEMENT_3D ( 'NONE', #694, #2759, #4130 ) ;
#3299 =( NAMED_UNIT ( * ) SI_UNIT ( $, .STERADIAN. ) SOLID_ANGLE_UNIT ( ) );
#3300 = PROPERTY_DEFINITION ('external definition','', #3490 ) ;
#3301 = LOCAL_TIME ( 10, 32, 43.00000000000000000, #3489 ) ;
#3302 = PERSON_AND_ORGANIZATION_ROLE ( 'design_supplier' ) ;
#3303 = AXIS2_PLACEMENT_3D ( 'NONE', #2954, #3630, #204 ) ;
#3304 = PROPERTY_DEFINITION ('document property','', #3881 ) ;
#3305 = CALENDAR_DATE ( 2026, 14, 9 ) ;
#3306 = DIRECTION ( 'NONE',  ( 2.143001729365928197E-16, -0.7634982862680596005, 0.6458098534907438237 ) ) ;
#3307 = CC_DESIGN_SECURITY_CLASSIFICATION ( #1445, ( #2598 ) ) ;
#3308 = APPROVAL ( #1006, 'UNKNOWN' ) ;
#3309 = CALENDAR_DATE ( 2026, 14, 9 ) ;
#3310 = DIRECTION ( 'NONE',  ( 0.000000000000000000, 0.000000000000000000, -1.000000000000000000 ) ) ;
#3311 = PROPERTY_DEFINITION_REPRESENTATION ( #4271, #786 ) ;
#3312 = SECURITY_CLASSIFICATION ( '', '', #1585 ) ;
#3313 = APPLICATION_PROTOCOL_DEFINITION ( 'international standard', 'config_control_design', 1994, #373 ) ;
#3314 = IDENTIFICATION_ROLE ( 'external document id and location', $) ;
#3315 = ORGANIZATION ( 'NAUO-ORG58', 'UNSPECIFIED', 'UNSPECIFIED' ) ;
#3316 = MECHANICAL_CONTEXT ( 'NONE', #1929, 'mechanical' ) ;
#3317 = PROPERTY_DEFINITION_REPRESENTATION ( #1257, #3250 ) ;
#3318 = CC_DESIGN_SECURITY_CLASSIFICATION ( #3965, ( #4430 ) ) ;
#3319 = APPLIED_EXTERNAL_IDENTIFICATION_ASSIGNMENT ( 'arandela_m4.STEP' , #2339, #4389,( #1760) ) ;
#3320 = PERSON_AND_ORGANIZATION_ROLE ( 'classification_officer' ) ;
#3321 = ORGANIZATION ( 'NAUO-ORG22', 'UNSPECIFIED', 'UNSPECIFIED' ) ;
#3322 = CC_DESIGN_DATE_AND_TIME_ASSIGNMENT ( #519, #3545, ( #2274 ) ) ;
#3323 = APPROVAL_DATE_TIME ( #750, #1884 ) ;
#3324 = PERSON_AND_ORGANIZATION_ROLE ( 'creator' ) ;
#3325 = LOCAL_TIME ( 10, 32, 43.00000000000000000, #2466 ) ;
#3326 = CC_DESIGN_DATE_AND_TIME_ASSIGNMENT ( #2578, #3651, ( #3534 ) ) ;
#3327 = CC_DESIGN_PERSON_AND_ORGANIZATION_ASSIGNMENT ( #697, #2475, ( #732 ) ) ;
#3328 = SECURITY_CLASSIFICATION_LEVEL ( 'unclassified' ) ;
#3329 = IDENTIFICATION_ROLE ( 'external document id and location', $) ;
#3330 = ROLE_ASSOCIATION ( #2129, #601 ) ;
#3331 = APPROVAL ( #1831, 'Coincidente' ) ;
#3332 = DIRECTION ( 'NONE',  ( 1.048302122017744612E-21, -0.4922407701250057777, 0.8704590881981423278 ) ) ;
#3333 = CONTEXT_DEPENDENT_SHAPE_REPRESENTATION ( #3875, #2053 ) ;
#3334 = ROLE_ASSOCIATION ( #2926, #1999 ) ;
#3335 = PRODUCT ( 'hexagon_nut_M3_plain', 'hexagon_nut_M3_plain', '', ( #200 ) ) ;
#3336 = PERSON_AND_ORGANIZATION ( #3983, #18446744073709551615 ) ;
#3337 = APPROVAL_DATE_TIME ( #1982, #3824 ) ;
#3338 = ROLE_ASSOCIATION ( #3264, #1196 ) ;
#3339 = IDENTIFICATION_ROLE ( 'external document id and location', $) ;
#3340 = CC_DESIGN_PERSON_AND_ORGANIZATION_ASSIGNMENT ( #4352, #2359, ( #709 ) ) ;
#3341 = APPROVAL_STATUS ( 'not_yet_approved' ) ;
#3342 = DATE_TIME_ROLE ( 'classification_date' ) ;
#3343 = PERSON_AND_ORGANIZATION ( #3983, #18446744073709551615 ) ;
#3344 = DOCUMENT_TYPE ( 'geometry' ) ;
#3345 = CONTEXT_DEPENDENT_SHAPE_REPRESENTATION ( #3487, #793 ) ;
#3346 = COORDINATED_UNIVERSAL_TIME_OFFSET ( 3, 0, .BEHIND. ) ;
#3347 = DIRECTION ( 'NONE',  ( 0.000000000000000000, 0.000000000000000000, -1.000000000000000000 ) ) ;
#3348 = EXTERNAL_SOURCE (IDENTIFIER('') ) ;
#3349 = DOCUMENT_FILE ( 'hexagon_nut_M4_plain.STEP' , '', '', #3044, '' ,$ ) ;
#3350 = CALENDAR_DATE ( 2026, 14, 9 ) ;
#3351 = CC_DESIGN_SECURITY_CLASSIFICATION ( #3930, ( #4398 ) ) ;
#3352 = SHAPE_DEFINITION_REPRESENTATION ( #1917, #3536 ) ;
#3353 = APPROVAL_PERSON_ORGANIZATION ( #554, #535, #3986 ) ;
#3354 = PERSON_AND_ORGANIZATION ( #3983, #18446744073709551615 ) ;
#3355 = PERSON_AND_ORGANIZATION ( #1096, #1834 ) ;
#3356 = CC_DESIGN_PERSON_AND_ORGANIZATION_ASSIGNMENT ( #4055, #1995, ( #2818 ) ) ;
#3357 = APPROVAL_STATUS ( 'not_yet_approved' ) ;
#3358 = CC_DESIGN_APPROVAL ( #2356, ( #624 ) ) ;
#3359 = PROPERTY_DEFINITION ('document property','', #1311 ) ;
#3360 = PERSON_AND_ORGANIZATION_ROLE ( 'design_owner' ) ;
#3361 = LOCAL_TIME ( 10, 32, 43.00000000000000000, #2716 ) ;
#3362 = CALENDAR_DATE ( 2026, 14, 9 ) ;
#3363 = CC_DESIGN_APPROVAL ( #957, ( #2812 ) ) ;
#3364 = CONTEXT_DEPENDENT_SHAPE_REPRESENTATION ( #4131, #3049 ) ;
#3365 = DATE_AND_TIME ( #3414, #1954 ) ;
#3366 = LOCAL_TIME ( 10, 32, 43.00000000000000000, #208 ) ;
#3367 = DIRECTION ( 'NONE',  ( 0.9999999999999998890, -1.954358648364161043E-23, 9.921810879789870550E-23 ) ) ;
#3368 =( REPRESENTATION_RELATIONSHIP ('NONE','NONE', #1787, #1177 ) REPRESENTATION_RELATIONSHIP_WITH_TRANSFORMATION ( #1596 )SHAPE_REPRESENTATION_RELATIONSHIP( ) );
#3369 = AXIS2_PLACEMENT_3D ( 'NONE', #1792, #1337, #370 ) ;
#3370 = APPROVAL_PERSON_ORGANIZATION ( #678, #3624, #715 ) ;
#3371 = APPROVAL_ROLE ( '' ) ;
#3372 = DATE_TIME_ROLE ( 'classification_date' ) ;
#3373 = CC_DESIGN_DATE_AND_TIME_ASSIGNMENT ( #2627, #921, ( #395 ) ) ;
#3374 = CC_DESIGN_PERSON_AND_ORGANIZATION_ASSIGNMENT ( #312, #2745, ( #1743 ) ) ;
#3375 = CC_DESIGN_DATE_AND_TIME_ASSIGNMENT ( #1326, #2696, ( #2898 ) ) ;
#3376 = PERSON_AND_ORGANIZATION ( #3983, #18446744073709551615 ) ;
#3377 = UNCERTAINTY_MEASURE_WITH_UNIT (LENGTH_MEASURE( 1.000000000000000082E-05 ), #4377, 'distance_accuracy_value', 'NONE');
#3378 = CALENDAR_DATE ( 2026, 14, 9 ) ;
#3379 = CALENDAR_DATE ( 2026, 14, 9 ) ;
#3380 = APPROVAL_STATUS ( 'not_yet_approved' ) ;
#3381 = CC_DESIGN_DATE_AND_TIME_ASSIGNMENT ( #1474, #454, ( #3190 ) ) ;
#3382 = LOCAL_TIME ( 10, 32, 43.00000000000000000, #1972 ) ;
#3383 = CALENDAR_DATE ( 2026, 14, 9 ) ;
#3384 = LOCAL_TIME ( 10, 32, 43.00000000000000000, #3200 ) ;
#3385 = PERSON ( 'NAUO-PER33', 'UNSPECIFIED', 'UNSPECIFIED', ('UNSPECIFIED'), ('UNSPECIFIED'), ('UNSPECIFIED') ) ;
#3386 = LOCAL_TIME ( 10, 32, 43.00000000000000000, #3622 ) ;
#3387 = PERSON_AND_ORGANIZATION ( #3983, #18446744073709551615 ) ;
#3388 =( NAMED_UNIT ( * ) PLANE_ANGLE_UNIT ( ) SI_UNIT ( $, .RADIAN. ) );
#3389 = LOCAL_TIME ( 10, 32, 43.00000000000000000, #1201 ) ;
#3390 = ORGANIZATION ( 'NAUO-ORG63', 'UNSPECIFIED', 'UNSPECIFIED' ) ;
#3391 = ROLE_ASSOCIATION ( #1519, #3693 ) ;
#3392 = CONTEXT_DEPENDENT_SHAPE_REPRESENTATION ( #1979, #3874 ) ;
#3393 = DIRECTION ( 'NONE',  ( 0.9999999999999998890, 0.000000000000000000, 0.000000000000000000 ) ) ;
#3394 = CC_DESIGN_APPROVAL ( #3055, ( #1471 ) ) ;
#3395 = PRODUCT_DEFINITION_SHAPE ( 'NONE', 'NONE',  #4398 ) ;
#3396 = APPLIED_DOCUMENT_REFERENCE ( #1339,'',( #2812) ) ;
#3397 = PERSON_AND_ORGANIZATION_ROLE ( 'classification_officer' ) ;
#3398 = IDENTIFICATION_ROLE ( 'external document id and location', $) ;
#3399 = APPLICATION_PROTOCOL_DEFINITION ( 'international standard', 'config_control_design', 1994, #930 ) ;
#3400 = PROPERTY_DEFINITION ('external definition','', #1284 ) ;
#3401 = APPROVAL_ROLE ( '' ) ;
#3402 = PERSON_AND_ORGANIZATION_ROLE ( 'classification_officer' ) ;
#3403 = DATE_AND_TIME ( #2478, #4151 ) ;
#3404 = EXTERNAL_SOURCE (IDENTIFIER('') ) ;
#3405 = APPROVAL ( #2844, 'UNKNOWN' ) ;
#3406 = CARTESIAN_POINT ( 'NONE',  ( 0.000000000000000000, 0.000000000000000000, 0.000000000000000000 ) ) ;
#3407 = PRODUCT_DEFINITION ( 'General', '', #139, #2002 ) ;
#3408 = APPLICATION_PROTOCOL_DEFINITION ( 'international standard', 'config_control_design', 1994, #2250 ) ;
#3409 = PERSON_AND_ORGANIZATION_ROLE ( 'classification_officer' ) ;
#3410 = PROPERTY_DEFINITION ('external definition','', #1083 ) ;
#3411 = DATE_AND_TIME ( #3362, #2371 ) ;
#3412 = IDENTIFICATION_ROLE ( 'external document id and location', $) ;
#3413 = DATE_TIME_ROLE ( 'classification_date' ) ;
#3414 = CALENDAR_DATE ( 2026, 14, 9 ) ;
#3415 = CARTESIAN_POINT ( 'NONE',  ( -174.5897650056625707, -36.87420517428315492, 893.5749798985158350 ) ) ;
#3416 = APPROVAL_DATE_TIME ( #2708, #2881 ) ;
#3417 = COORDINATED_UNIVERSAL_TIME_OFFSET ( 3, 0, .BEHIND. ) ;
#3418 = UNCERTAINTY_MEASURE_WITH_UNIT (LENGTH_MEASURE( 1.000000000000000082E-05 ), #1688, 'distance_accuracy_value', 'NONE');
#3419 = DATE_AND_TIME ( #56, #3301 ) ;
#3420 = APPROVAL_ROLE ( '' ) ;
#3421 = PERSON_AND_ORGANIZATION ( #325, #3102 ) ;
#3422 = APPROVAL_PERSON_ORGANIZATION ( #4296, #2533, #2994 ) ;
#3423 = APPROVAL_STATUS ( 'not_yet_approved' ) ;
#3424 = SECURITY_CLASSIFICATION ( '', '', #759 ) ;
#3425 = PERSON_AND_ORGANIZATION ( #3983, #18446744073709551615 ) ;
#3426 = PRODUCT_DEFINITION_SHAPE ( 'NONE', 'NONE',  #1475 ) ;
#3427 = MECHANICAL_CONTEXT ( 'NONE', #227, 'mechanical' ) ;
#3428 = EXTERNAL_SOURCE (IDENTIFIER('') ) ;
#3429 = LOCAL_TIME ( 10, 32, 43.00000000000000000, #1291 ) ;
#3430 = CALENDAR_DATE ( 2026, 14, 9 ) ;
#3431 = CC_DESIGN_PERSON_AND_ORGANIZATION_ASSIGNMENT ( #3492, #379, ( #3619 ) ) ;
#3432 = PROPERTY_DEFINITION ('document property','', #557 ) ;
#3433 = PERSON ( 'NAUO-PER55', 'UNSPECIFIED', 'UNSPECIFIED', ('UNSPECIFIED'), ('UNSPECIFIED'), ('UNSPECIFIED') ) ;
#3434 = LOCAL_TIME ( 10, 32, 43.00000000000000000, #824 ) ;
#3435 = ROLE_ASSOCIATION ( #3783, #2130 ) ;
#3436 = AXIS2_PLACEMENT_3D ( 'NONE', #2849, #2567, #2899 ) ;
#3437 = PROPERTY_DEFINITION ('external definition','', #2601 ) ;
#3438 = COORDINATED_UNIVERSAL_TIME_OFFSET ( 3, 0, .BEHIND. ) ;
#3439 = DIRECTION ( 'NONE',  ( -1.000000000000000000, 5.855621395903329974E-16, 1.565569087975451036E-16 ) ) ;
#3440 = APPROVAL_PERSON_ORGANIZATION ( #4067, #2992, #2678 ) ;
#3441 = AXIS2_PLACEMENT_3D ( 'NONE', #4169, #3766, #1797 ) ;
#3442 = LOCAL_TIME ( 10, 32, 43.00000000000000000, #1851 ) ;
#3443 = COORDINATED_UNIVERSAL_TIME_OFFSET ( 3, 0, .BEHIND. ) ;
#3444 = AXIS2_PLACEMENT_3D ( 'NONE', #393, #2467, #1774 ) ;
#3445 = APPROVAL_PERSON_ORGANIZATION ( #3631, #3709, #851 ) ;
#3446 = PRODUCT_DEFINITION_SHAPE ( 'NONE', 'NONE',  #4419 ) ;
#3447 = PERSON_AND_ORGANIZATION ( #3983, #18446744073709551615 ) ;
#3448 = APPROVAL_STATUS ( 'not_yet_approved' ) ;
#3449 = APPROVAL_STATUS ( 'not_yet_approved' ) ;
#3450 = DATE_TIME_ROLE ( 'classification_date' ) ;
#3451 = PERSON_AND_ORGANIZATION ( #3983, #18446744073709551615 ) ;
#3452 = CALENDAR_DATE ( 2026, 14, 9 ) ;
#3453 = ROLE_ASSOCIATION ( #4153, #1768 ) ;
#3454 = PERSON_AND_ORGANIZATION ( #3983, #18446744073709551615 ) ;
#3455 = LOCAL_TIME ( 10, 32, 43.00000000000000000, #4006 ) ;
#3456 =( REPRESENTATION_RELATIONSHIP ('NONE','NONE', #1787, #4030 ) REPRESENTATION_RELATIONSHIP_WITH_TRANSFORMATION ( #4136 )SHAPE_REPRESENTATION_RELATIONSHIP( ) );
#3457 = ORGANIZATION ( 'NAUO-ORG31', 'UNSPECIFIED', 'UNSPECIFIED' ) ;
#3458 = PERSON ( 'NAUO-PER49', 'UNSPECIFIED', 'UNSPECIFIED', ('UNSPECIFIED'), ('UNSPECIFIED'), ('UNSPECIFIED') ) ;
#3459 = COORDINATED_UNIVERSAL_TIME_OFFSET ( 3, 0, .BEHIND. ) ;
#3460 = PROPERTY_DEFINITION_REPRESENTATION ( #108, #4030 ) ;
#3461 =( NAMED_UNIT ( * ) SI_UNIT ( $, .STERADIAN. ) SOLID_ANGLE_UNIT ( ) );
#3462 = APPROVAL_PERSON_ORGANIZATION ( #3566, #2059, #1921 ) ;
#3463 = CC_DESIGN_DATE_AND_TIME_ASSIGNMENT ( #1790, #4291, ( #1827 ) ) ;
#3464 = CC_DESIGN_DATE_AND_TIME_ASSIGNMENT ( #3128, #1394, ( #2219 ) ) ;
#3465 = DOCUMENT_TYPE ( 'geometry' ) ;
#3466 = CC_DESIGN_PERSON_AND_ORGANIZATION_ASSIGNMENT ( #433, #3846, ( #366 ) ) ;
#3467 = CALENDAR_DATE ( 2026, 14, 9 ) ;
#3468 = CC_DESIGN_APPROVAL ( #2275, ( #2480 ) ) ;
#3469 = PROPERTY_DEFINITION ('document property','', #2476 ) ;
#3470 = CC_DESIGN_APPROVAL ( #924, ( #3254 ) ) ;
#3471 = APPROVAL_DATE_TIME ( #4171, #3929 ) ;
#3472 = CALENDAR_DATE ( 2026, 14, 9 ) ;
#3473 = CALENDAR_DATE ( 2026, 14, 9 ) ;
#3474 = CALENDAR_DATE ( 2026, 14, 9 ) ;
#3475 = PROPERTY_DEFINITION ('external definition','', #3577 ) ;
#3476 = CALENDAR_DATE ( 2026, 14, 9 ) ;
#3477 = PERSON_AND_ORGANIZATION ( #3983, #18446744073709551615 ) ;
#3478 = SECURITY_CLASSIFICATION_LEVEL ( 'unclassified' ) ;
#3479 = APPROVAL ( #1561, 'UNKNOWN' ) ;
#3480 = CARTESIAN_POINT ( 'NONE',  ( 0.000000000000000000, 0.000000000000000000, 0.000000000000000000 ) ) ;
#3481 = PROPERTY_DEFINITION_REPRESENTATION ( #3841, #4001 ) ;
#3482 = SECURITY_CLASSIFICATION_LEVEL ( 'unclassified' ) ;
#3483 = CARTESIAN_POINT ( 'NONE',  ( -156.6397650056625253, -18.10177962250956085, 954.1659291167819674 ) ) ;
#3484 = DOCUMENT_TYPE ( 'geometry' ) ;
#3485 = CALENDAR_DATE ( 2026, 14, 9 ) ;
#3486 = DIRECTION ( 'NONE',  ( 1.000000000000000000, -1.010101592536828286E-22, -3.318316107711255531E-16 ) ) ;
#3487 =( REPRESENTATION_RELATIONSHIP ('NONE','NONE', #1787, #786 ) REPRESENTATION_RELATIONSHIP_WITH_TRANSFORMATION ( #1769 )SHAPE_REPRESENTATION_RELATIONSHIP( ) );
#3488 = PERSON ( 'NAUO-PER44', 'UNSPECIFIED', 'UNSPECIFIED', ('UNSPECIFIED'), ('UNSPECIFIED'), ('UNSPECIFIED') ) ;
#3489 = COORDINATED_UNIVERSAL_TIME_OFFSET ( 3, 0, .BEHIND. ) ;
#3490 = DOCUMENT_FILE ( 'eslabon_AD_v2.STEP' , '', '', #1734, '' ,$ ) ;
#3491 = CALENDAR_DATE ( 2026, 14, 9 ) ;
#3492 = PERSON_AND_ORGANIZATION ( #2805, #3033 ) ;
#3493 = CC_DESIGN_DATE_AND_TIME_ASSIGNMENT ( #725, #2499, ( #3039 ) ) ;
#3494 = APPROVAL_STATUS ( 'not_yet_approved' ) ;
#3495 = COORDINATED_UNIVERSAL_TIME_OFFSET ( 3, 0, .BEHIND. ) ;
#3496 = APPLICATION_CONTEXT ( 'configuration controlled 3d designs of mechanical parts and assemblies' ) ;
#3497 = CALENDAR_DATE ( 2026, 14, 9 ) ;
#3498 = LOCAL_TIME ( 10, 32, 43.00000000000000000, #1362 ) ;
#3499 = APPLIED_EXTERNAL_IDENTIFICATION_ASSIGNMENT ( 'asml_eslabon_BCv4.STEP' , #2492, #3946,( #3850) ) ;
#3500 = PROPERTY_DEFINITION_REPRESENTATION ( #690, #4030 ) ;
#3501 = SECURITY_CLASSIFICATION_LEVEL ( 'unclassified' ) ;
#3502 = PERSON_AND_ORGANIZATION_ROLE ( 'creator' ) ;
#3503 = CC_DESIGN_APPROVAL ( #3331, ( #427 ) ) ;
#3504 = AXIS2_PLACEMENT_3D ( 'NONE', #29, #496, #912 ) ;
#3505 = ITEM_DEFINED_TRANSFORMATION ( 'NONE', 'NONE', #728,  #4229 ) ;
#3506 = CC_DESIGN_APPROVAL ( #1469, ( #70 ) ) ;
#3507 = CARTESIAN_POINT ( 'NONE',  ( -329.1397650056625253, -71.76386973475315756, 914.7256609007408770 ) ) ;
#3508 = CARTESIAN_POINT ( 'NONE',  ( -328.7897650056625594, -36.87420517428315492, 893.5749798985158350 ) ) ;
#3509 = PROPERTY_DEFINITION ('external definition','', #2337 ) ;
#3510 = LOCAL_TIME ( 10, 32, 43.00000000000000000, #1637 ) ;
#3511 = APPROVAL ( #2451, 'Coincidente' ) ;
#3512 = CC_DESIGN_PERSON_AND_ORGANIZATION_ASSIGNMENT ( #3640, #568, ( #1649 ) ) ;
#3513 = AXIS2_PLACEMENT_3D ( 'NONE', #1385, #2706, #3803 ) ;
#3514 = APPROVAL_ROLE ( '' ) ;
#3515 = ITEM_DEFINED_TRANSFORMATION ( 'NONE', 'NONE', #946,  #721 ) ;
#3516 = ITEM_DEFINED_TRANSFORMATION ( 'NONE', 'NONE', #2026,  #1014 ) ;
#3517 = DATE_TIME_ROLE ( 'classification_date' ) ;
#3518 = CC_DESIGN_APPROVAL ( #4046, ( #2598 ) ) ;
#3519 = IDENTIFICATION_ROLE ( 'external document id and location', $) ;
#3520 = PERSON_AND_ORGANIZATION ( #3983, #18446744073709551615 ) ;
#3521 = APPROVAL ( #1502, 'Coincidente' ) ;
#3522 = DATE_TIME_ROLE ( 'creation_date' ) ;
#3523 = COORDINATED_UNIVERSAL_TIME_OFFSET ( 3, 0, .BEHIND. ) ;
#3524 = APPLICATION_CONTEXT ( 'configuration controlled 3d designs of mechanical parts and assemblies' ) ;
#3525 = CONTEXT_DEPENDENT_SHAPE_REPRESENTATION ( #1820, #1845 ) ;
#3526 = APPROVAL_DATE_TIME ( #4206, #1854 ) ;
#3527 = DATE_AND_TIME ( #2032, #3297 ) ;
#3528 = DATE_AND_TIME ( #3865, #2316 ) ;
#3529 = SECURITY_CLASSIFICATION ( '', '', #3689 ) ;
#3530 = COORDINATED_UNIVERSAL_TIME_OFFSET ( 3, 0, .BEHIND. ) ;
#3531 = SECURITY_CLASSIFICATION_LEVEL ( 'unclassified' ) ;
#3532 = CC_DESIGN_SECURITY_CLASSIFICATION ( #1039, ( #4431 ) ) ;
#3533 = CARTESIAN_POINT ( 'NONE',  ( -346.6397650056626389, 10.13058558760691419, 920.1559814852314503 ) ) ;
#3534 = SECURITY_CLASSIFICATION ( '', '', #1481 ) ;
#3535 = ORGANIZATION ( 'NAUO-ORG43', 'UNSPECIFIED', 'UNSPECIFIED' ) ;
#3536 = SHAPE_REPRESENTATION ( 'eslabon_CDP_v2', ( #2094 ), #2594 ) ;
#3537 = CC_DESIGN_SECURITY_CLASSIFICATION ( #1049, ( #4416 ) ) ;
#3538 = DATE_AND_TIME ( #1162, #3671 ) ;
#3539 = ITEM_DEFINED_TRANSFORMATION ( 'NONE', 'NONE', #3513,  #1014 ) ;
#3540 = CALENDAR_DATE ( 2026, 14, 9 ) ;
#3541 = APPROVAL_DATE_TIME ( #2186, #1167 ) ;
#3542 = PROPERTY_DEFINITION ('document property','', #4273 ) ;
#3543 = CC_DESIGN_SECURITY_CLASSIFICATION ( #2829, ( #4413 ) ) ;
#3544 = PROPERTY_DEFINITION ('document property','', #2548 ) ;
#3545 = DATE_TIME_ROLE ( 'creation_date' ) ;
#3546 = PROPERTY_DEFINITION_REPRESENTATION ( #3208, #4386 ) ;
#3547 = APPROVAL ( #3742, 'UNKNOWN' ) ;
#3548 = DOCUMENT_TYPE ( 'geometry' ) ;
#3549 = CARTESIAN_POINT ( 'NONE',  ( 0.000000000000000000, 0.000000000000000000, 0.000000000000000000 ) ) ;
#3550 = CC_DESIGN_PERSON_AND_ORGANIZATION_ASSIGNMENT ( #2564, #840, ( #139 ) ) ;
#3551 = PROPERTY_DEFINITION ('external definition','', #1188 ) ;
#3552 = DATE_AND_TIME ( #2551, #98 ) ;
#3553 = CALENDAR_DATE ( 2026, 14, 9 ) ;
#3554 =( LENGTH_UNIT ( ) NAMED_UNIT ( * ) SI_UNIT ( .MILLI., .METRE. ) );
#3555 =( REPRESENTATION_RELATIONSHIP ('NONE','NONE', #1787, #4001 ) REPRESENTATION_RELATIONSHIP_WITH_TRANSFORMATION ( #2723 )SHAPE_REPRESENTATION_RELATIONSHIP( ) );
#3556 = PROPERTY_DEFINITION_REPRESENTATION ( #4369, #820 ) ;
#3557 = ROLE_ASSOCIATION ( #1197, #2202 ) ;
#3558 = DIRECTION ( 'NONE',  ( -1.060024924820107337E-16, -0.9476042474264084747, -0.3194466939247146975 ) ) ;
#3559 = DOCUMENT_TYPE ( 'geometry' ) ;
#3560 = COORDINATED_UNIVERSAL_TIME_OFFSET ( 3, 0, .BEHIND. ) ;
#3561 = CONTEXT_DEPENDENT_SHAPE_REPRESENTATION ( #578, #2508 ) ;
#3562 = PROPERTY_DEFINITION_REPRESENTATION ( #216, #4001 ) ;
#3563 = CALENDAR_DATE ( 2026, 14, 9 ) ;
#3564 = SHAPE_REPRESENTATION ( 'hexagon_nut_M4_plain', ( #721 ), #428 ) ;
#3565 = PERSON_AND_ORGANIZATION_ROLE ( 'design_supplier' ) ;
#3566 = PERSON_AND_ORGANIZATION ( #2754, #675 ) ;
#3567 = CARTESIAN_POINT ( 'NONE',  ( 0.000000000000000000, 0.000000000000000000, 0.000000000000000000 ) ) ;
#3568 = CC_DESIGN_PERSON_AND_ORGANIZATION_ASSIGNMENT ( #3898, #2912, ( #3230 ) ) ;
#3569 = DOCUMENT_TYPE ( 'geometry' ) ;
#3570 = ROLE_ASSOCIATION ( #898, #500 ) ;
#3571 = CC_DESIGN_PERSON_AND_ORGANIZATION_ASSIGNMENT ( #2622, #2976, ( #2156 ) ) ;
#3572 = PERSON_AND_ORGANIZATION ( #2284, #2620 ) ;
#3573 = LOCAL_TIME ( 10, 32, 43.00000000000000000, #2628 ) ;
#3574 = DATE_TIME_ROLE ( 'classification_date' ) ;
#3575 = CC_DESIGN_SECURITY_CLASSIFICATION ( #3424, ( #4404 ) ) ;
#3576 = DATE_AND_TIME ( #2223, #88 ) ;
#3577 = DOCUMENT_FILE ( 'asml_eslabon_BC_externav4.STEP' , '', '', #3256, '' ,$ ) ;
#3578 =( REPRESENTATION_RELATIONSHIP ('NONE','NONE', #1787, #4071 ) REPRESENTATION_RELATIONSHIP_WITH_TRANSFORMATION ( #753 )SHAPE_REPRESENTATION_RELATIONSHIP( ) );
#3579 = DIRECTION ( 'NONE',  ( 1.000000000000000000, 5.855621395903328002E-16, -4.202040250350646892E-16 ) ) ;
#3580 = CC_DESIGN_APPROVAL ( #1554, ( #3666 ) ) ;
#3581 = APPROVAL_PERSON_ORGANIZATION ( #3944, #1357, #2209 ) ;
#3582 = DATE_AND_TIME ( #1186, #3154 ) ;
#3583 = PERSON_AND_ORGANIZATION ( #223, #2506 ) ;
#3584 = COORDINATED_UNIVERSAL_TIME_OFFSET ( 3, 0, .BEHIND. ) ;
#3585 = PERSON_AND_ORGANIZATION_ROLE ( 'classification_officer' ) ;
#3586 = PERSON_AND_ORGANIZATION_ROLE ( 'classification_officer' ) ;
#3587 = OBJECT_ROLE ('mandatory',$ ) ;
#3588 = APPROVAL_PERSON_ORGANIZATION ( #1870, #472, #2545 ) ;
#3589 = AXIS2_PLACEMENT_3D ( 'NONE', #573, #4052, #2703 ) ;
#3590 = DATE_AND_TIME ( #4338, #3442 ) ;
#3591 = LOCAL_TIME ( 10, 32, 43.00000000000000000, #1122 ) ;
#3592 = AXIS2_PLACEMENT_3D ( 'NONE', #4361, #1247, #1997 ) ;
#3593 = SHAPE_REPRESENTATION ( 'socket_head_cap_screw_M4_l30mm_plain', ( #1437 ), #2794 ) ;
#3594 =( NAMED_UNIT ( * ) PLANE_ANGLE_UNIT ( ) SI_UNIT ( $, .RADIAN. ) );
#3595 = CC_DESIGN_APPROVAL ( #973, ( #1232 ) ) ;
#3596 = DATE_AND_TIME ( #2879, #790 ) ;
#3597 = DATE_TIME_ROLE ( 'classification_date' ) ;
#3598 = CALENDAR_DATE ( 2026, 14, 9 ) ;
#3599 = PERSON_AND_ORGANIZATION ( #3983, #18446744073709551615 ) ;
#3600 = PERSON_AND_ORGANIZATION ( #3488, #2399 ) ;
#3601 = ROLE_ASSOCIATION ( #1893, #2248 ) ;
#3603 = DIRECTION ( 'NONE',  ( 2.427207251108639432E-16, -0.7634982862680667060, 0.6458098534907354971 ) ) ;
#3602 = CC_DESIGN_PERSON_AND_ORGANIZATION_ASSIGNMENT ( #3698, #1389, ( #2755 ) ) ;
#3604 = CC_DESIGN_APPROVAL ( #2408, ( #3822 ) ) ;
#3605 = CC_DESIGN_PERSON_AND_ORGANIZATION_ASSIGNMENT ( #650, #3026, ( #3796 ) ) ;
#3606 = OBJECT_ROLE ('mandatory',$ ) ;
#3607 = APPROVAL_DATE_TIME ( #4212, #2272 ) ;
#3608 = CC_DESIGN_APPROVAL ( #782, ( #1976 ) ) ;
#3609 = COORDINATED_UNIVERSAL_TIME_OFFSET ( 3, 0, .BEHIND. ) ;
#3610 = PERSON ( 'NAUO-PER4', 'UNSPECIFIED', 'UNSPECIFIED', ('UNSPECIFIED'), ('UNSPECIFIED'), ('UNSPECIFIED') ) ;
#3611 = APPLIED_EXTERNAL_IDENTIFICATION_ASSIGNMENT ( 'socket_head_cap_screw_M3_l20mm_plain.STEP' , #4015, #868,( #112) ) ;
#3612 = CALENDAR_DATE ( 2026, 14, 9 ) ;
#3613 = PERSON_AND_ORGANIZATION_ROLE ( 'classification_officer' ) ;
#3614 = APPROVAL_STATUS ( 'not_yet_approved' ) ;
#3615 = CC_DESIGN_APPROVAL ( #3638, ( #2541 ) ) ;
#3616 = LOCAL_TIME ( 10, 32, 43.00000000000000000, #1890 ) ;
#3617 = APPROVAL_ROLE ( '' ) ;
#3618 = DATE_AND_TIME ( #1895, #1609 ) ;
#3619 = SECURITY_CLASSIFICATION ( '', '', #780 ) ;
#3620 = SECURITY_CLASSIFICATION ( '', '', #488 ) ;
#3621 = COORDINATED_UNIVERSAL_TIME_OFFSET ( 3, 0, .BEHIND. ) ;
#3622 = COORDINATED_UNIVERSAL_TIME_OFFSET ( 3, 0, .BEHIND. ) ;
#3623 = CALENDAR_DATE ( 2026, 14, 9 ) ;
#3624 = APPROVAL ( #3771, 'UNKNOWN' ) ;
#3625 = PERSON_AND_ORGANIZATION ( #3983, #18446744073709551615 ) ;
#3626 = DIRECTION ( 'NONE',  ( 0.000000000000000000, 0.000000000000000000, 1.000000000000000000 ) ) ;
#3627 = PRODUCT ( 'eslabon_AD_v2', 'eslabon_AD_v2', '', ( #4175 ) ) ;
#3628 = DOCUMENT_FILE ( 'pan_head_screw_M3_l10mm_thread.STEP' , '', '', #4189, '' ,$ ) ;
#3629 = CONTEXT_DEPENDENT_SHAPE_REPRESENTATION ( #510, #1478 ) ;
#3630 = DIRECTION ( 'NONE',  ( 1.000000000000000000, -5.364000294050845974E-17, -1.940729973760854024E-17 ) ) ;
#3631 = PERSON_AND_ORGANIZATION ( #3983, #18446744073709551615 ) ;
#3632 = PERSON_AND_ORGANIZATION_ROLE ( 'classification_officer' ) ;
#3633 = PERSON_AND_ORGANIZATION ( #3385, #172 ) ;
#3634 = PERSON_AND_ORGANIZATION ( #3983, #18446744073709551615 ) ;
#3635 = OBJECT_ROLE ('mandatory',$ ) ;
#3636 = PERSON_AND_ORGANIZATION_ROLE ( 'creator' ) ;
#3637 = APPROVAL_DATE_TIME ( #3683, #931 ) ;
#3638 = APPROVAL ( #1852, 'UNKNOWN' ) ;
#3639 = EXTERNAL_SOURCE (IDENTIFIER('') ) ;
#3640 = PERSON_AND_ORGANIZATION ( #3983, #18446744073709551615 ) ;
#3641 = ITEM_DEFINED_TRANSFORMATION ( 'NONE', 'NONE', #878,  #1437 ) ;
#3642 = PERSON_AND_ORGANIZATION_ROLE ( 'classification_officer' ) ;
#3643 = CARTESIAN_POINT ( 'NONE',  ( 0.000000000000000000, 0.000000000000000000, 0.000000000000000000 ) ) ;
#3644 = SECURITY_CLASSIFICATION_LEVEL ( 'unclassified' ) ;
#3645 = APPLICATION_CONTEXT ( 'configuration controlled 3d designs of mechanical parts and assemblies' ) ;
#3646 = CONTEXT_DEPENDENT_SHAPE_REPRESENTATION ( #1426, #2448 ) ;
#3647 = DIRECTION ( 'NONE',  ( 0.000000000000000000, 0.000000000000000000, -1.000000000000000000 ) ) ;
#3648 = ORGANIZATION ( 'NAUO-ORG11', 'UNSPECIFIED', 'UNSPECIFIED' ) ;
#3649 = PERSON_AND_ORGANIZATION ( #3983, #18446744073709551615 ) ;
#3650 = DATE_AND_TIME ( #4011, #3573 ) ;
#3651 = DATE_TIME_ROLE ( 'classification_date' ) ;
#3652 = ORGANIZATION ( 'NAUO-ORG16', 'UNSPECIFIED', 'UNSPECIFIED' ) ;
#3653 = PERSON_AND_ORGANIZATION ( #3983, #18446744073709551615 ) ;
#3654 = PERSON ( 'NAUO-PER59', 'UNSPECIFIED', 'UNSPECIFIED', ('UNSPECIFIED'), ('UNSPECIFIED'), ('UNSPECIFIED') ) ;
#3655 = CC_DESIGN_DATE_AND_TIME_ASSIGNMENT ( #44, #1420, ( #1592 ) ) ;
#3656 = SECURITY_CLASSIFICATION ( '', '', #2924 ) ;
#3657 = PRODUCT_DEFINITION ( 'General', '', #214, #1099 ) ;
#3658 =( GEOMETRIC_REPRESENTATION_CONTEXT ( 3 ) GLOBAL_UNCERTAINTY_ASSIGNED_CONTEXT ( ( #2763 ) ) GLOBAL_UNIT_ASSIGNED_CONTEXT ( ( #3071, #1489, #4253 ) ) REPRESENTATION_CONTEXT ( 'NONE', 'WORKASPACE' ) );
#3659 = PERSON_AND_ORGANIZATION_ROLE ( 'design_owner' ) ;
#3660 = PERSON_AND_ORGANIZATION ( #558, #2753 ) ;
#3661 = CC_DESIGN_APPROVAL ( #1612, ( #813 ) ) ;
#3662 = APPROVAL ( #1903, 'UNKNOWN' ) ;
#3663 =( GEOMETRIC_REPRESENTATION_CONTEXT ( 3 ) GLOBAL_UNCERTAINTY_ASSIGNED_CONTEXT ( ( #4371 ) ) GLOBAL_UNIT_ASSIGNED_CONTEXT ( ( #917, #1559, #893 ) ) REPRESENTATION_CONTEXT ( 'NONE', 'WORKASPACE' ) );
#3664 = CC_DESIGN_PERSON_AND_ORGANIZATION_ASSIGNMENT ( #1169, #3565, ( #1514 ) ) ;
#3665 = LOCAL_TIME ( 10, 32, 43.00000000000000000, #857 ) ;
#3666 = PRODUCT_DEFINITION ( 'General', '', #499, #374 ) ;
#3667 = SECURITY_CLASSIFICATION_LEVEL ( 'unclassified' ) ;
#3668 = AXIS2_PLACEMENT_3D ( 'NONE', #3962, #901, #2039 ) ;
#3669 = PROPERTY_DEFINITION ('document property','', #4174 ) ;
#3670 = CALENDAR_DATE ( 2026, 14, 9 ) ;
#3671 = LOCAL_TIME ( 10, 32, 43.00000000000000000, #167 ) ;
#3672 = OBJECT_ROLE ('mandatory',$ ) ;
#3673 = CALENDAR_DATE ( 2026, 14, 9 ) ;
#3674 = DIRECTION ( 'NONE',  ( 0.000000000000000000, 0.000000000000000000, 1.000000000000000000 ) ) ;
#3675 = EXTERNAL_SOURCE (IDENTIFIER('') ) ;
#3676 = APPROVAL_DATE_TIME ( #1566, #3678 ) ;
#3677 = COORDINATED_UNIVERSAL_TIME_OFFSET ( 3, 0, .BEHIND. ) ;
#3678 = APPROVAL ( #2865, 'UNKNOWN' ) ;
#3679 = APPROVAL_PERSON_ORGANIZATION ( #666, #3308, #3712 ) ;
#3680 = PERSON_AND_ORGANIZATION ( #3983, #18446744073709551615 ) ;
#3681 = LOCAL_TIME ( 10, 32, 43.00000000000000000, #3131 ) ;
#3682 = CALENDAR_DATE ( 2026, 14, 9 ) ;
#3683 = DATE_AND_TIME ( #2287, #233 ) ;
#3684 = APPLIED_EXTERNAL_IDENTIFICATION_ASSIGNMENT ( 'washer_M3.STEP' , #629, #2611,( #384) ) ;
#3685 = APPROVAL_PERSON_ORGANIZATION ( #3698, #3547, #2344 ) ;
#3686 = DIRECTION ( 'NONE',  ( 0.000000000000000000, 0.000000000000000000, 1.000000000000000000 ) ) ;
#3687 = APPROVAL_ROLE ( '' ) ;
#3688 = LOCAL_TIME ( 10, 32, 43.00000000000000000, #3004 ) ;
#3689 = SECURITY_CLASSIFICATION_LEVEL ( 'unclassified' ) ;
#3690 = PERSON_AND_ORGANIZATION ( #3983, #18446744073709551615 ) ;
#3691 = CARTESIAN_POINT ( 'NONE',  ( -342.7397650056625480, -71.76386973507844402, 914.7256609007154111 ) ) ;
#3692 = APPROVAL_PERSON_ORGANIZATION ( #3633, #782, #907 ) ;
#3693 = APPLIED_DOCUMENT_REFERENCE ( #2337,'',( #2812) ) ;
#3694 = CARTESIAN_POINT ( 'NONE',  ( -349.6397650056625253, -18.10177962250956085, 954.1659291167819674 ) ) ;
#3695 = OBJECT_ROLE ('mandatory',$ ) ;
#3696 = APPROVAL ( #2029, 'UNKNOWN' ) ;
#3697 = ITEM_DEFINED_TRANSFORMATION ( 'NONE', 'NONE', #2661,  #1014 ) ;
#3698 = PERSON_AND_ORGANIZATION ( #3109, #26 ) ;
#3699 = APPROVAL_ROLE ( '' ) ;
#3700 = DOCUMENT_TYPE ( 'geometry' ) ;
#3701 = DESIGN_CONTEXT ( 'detailed design', #1992, 'design' ) ;
#3702 = CALENDAR_DATE ( 2026, 14, 9 ) ;
#3703 = DATE_TIME_ROLE ( 'classification_date' ) ;
#3704 = PROPERTY_DEFINITION_REPRESENTATION ( #1919, #4030 ) ;
#3705 = APPROVAL_ROLE ( '' ) ;
#3706 = CALENDAR_DATE ( 2026, 14, 9 ) ;
#3707 = CARTESIAN_POINT ( 'NONE',  ( -341.2397650056625480, 0.5668338558849246311, 1000.237468962738035 ) ) ;
#3708 = PERSON ( 'NAUO-PER19', 'UNSPECIFIED', 'UNSPECIFIED', ('UNSPECIFIED'), ('UNSPECIFIED'), ('UNSPECIFIED') ) ;
#3709 = APPROVAL ( #2561, 'Coincidente' ) ;
#3710 = CC_DESIGN_PERSON_AND_ORGANIZATION_ASSIGNMENT ( #217, #1938, ( #2170 ) ) ;
#3711 = APPROVAL ( #1067, 'UNKNOWN' ) ;
#3712 = APPROVAL_ROLE ( '' ) ;
#3713 = ROLE_ASSOCIATION ( #3635, #2355 ) ;
#3714 = DIRECTION ( 'NONE',  ( -1.346835059935981287E-16, 0.04375567940050072158, -0.9990422616287063518 ) ) ;
#3715 = APPROVAL_DATE_TIME ( #4034, #1770 ) ;
#3716 = ROLE_ASSOCIATION ( #225, #1320 ) ;
#3717 =( REPRESENTATION_RELATIONSHIP ('NONE','NONE', #1787, #4030 ) REPRESENTATION_RELATIONSHIP_WITH_TRANSFORMATION ( #4224 )SHAPE_REPRESENTATION_RELATIONSHIP( ) );
#3718 = ORGANIZATION ( 'NAUO-ORG9', 'UNSPECIFIED', 'UNSPECIFIED' ) ;
#3719 = COORDINATED_UNIVERSAL_TIME_OFFSET ( 3, 0, .BEHIND. ) ;
#3720 = APPROVAL_PERSON_ORGANIZATION ( #412, #102, #2138 ) ;
#3721 = PERSON_AND_ORGANIZATION ( #3983, #18446744073709551615 ) ;
#3722 = ITEM_DEFINED_TRANSFORMATION ( 'NONE', 'NONE', #2102,  #3504 ) ;
#3723 = DOCUMENT_FILE ( 'arandela_m4.STEP' , '', '', #4068, '' ,$ ) ;
#3724 = PROPERTY_DEFINITION ('external definition','', #2826 ) ;
#3725 = LOCAL_TIME ( 10, 32, 43.00000000000000000, #729 ) ;
#3726 = PROPERTY_DEFINITION ('external definition','', #570 ) ;
#3727 = APPLICATION_PROTOCOL_DEFINITION ( 'international standard', 'config_control_design', 1994, #3761 ) ;
#3728 = PRODUCT_DEFINITION_FORMATION_WITH_SPECIFIED_SOURCE ( 'Simétric', '', #1717, .NOT_KNOWN. ) ;
#3729 = AXIS2_PLACEMENT_3D ( 'NONE', #2558, #3579, #1885 ) ;
#3730 = PERSON_AND_ORGANIZATION ( #3983, #18446744073709551615 ) ;
#3731 =( LENGTH_UNIT ( ) NAMED_UNIT ( * ) SI_UNIT ( .MILLI., .METRE. ) );
#3732 = DOCUMENT_TYPE ( 'geometry' ) ;
#3733 = LOCAL_TIME ( 10, 32, 43.00000000000000000, #630 ) ;
#3734 = CC_DESIGN_SECURITY_CLASSIFICATION ( #2171, ( #4409 ) ) ;
#3735 = COORDINATED_UNIVERSAL_TIME_OFFSET ( 3, 0, .BEHIND. ) ;
#3736 = APPROVAL_DATE_TIME ( #987, #1386 ) ;
#3737 = PRODUCT_DEFINITION_FORMATION_WITH_SPECIFIED_SOURCE ( 'Simétric', '', #3627, .NOT_KNOWN. ) ;
#3738 = DIRECTION ( 'NONE',  ( 0.000000000000000000, 0.000000000000000000, 1.000000000000000000 ) ) ;
#3739 = PROPERTY_DEFINITION ('external definition','', #4111 ) ;
#3740 = LOCAL_TIME ( 10, 32, 43.00000000000000000, #376 ) ;
#3741 = PROPERTY_DEFINITION_REPRESENTATION ( #2414, #786 ) ;
#3742 = APPROVAL_STATUS ( 'not_yet_approved' ) ;
#3743 = DATE_AND_TIME ( #587, #3799 ) ;
#3744 = PRODUCT_DEFINITION ( 'General', '', #3728, #926 ) ;
#3745 = DATE_AND_TIME ( #3702, #3733 ) ;
#3746 = PERSON_AND_ORGANIZATION_ROLE ( 'classification_officer' ) ;
#3747 = DATE_TIME_ROLE ( 'classification_date' ) ;
#3748 = APPROVAL_PERSON_ORGANIZATION ( #706, #2408, #3825 ) ;
#3749 = PERSON_AND_ORGANIZATION_ROLE ( 'creator' ) ;
#3750 = EXTERNAL_SOURCE (IDENTIFIER('') ) ;
#3751 = CC_DESIGN_PERSON_AND_ORGANIZATION_ASSIGNMENT ( #3189, #2527, ( #197 ) ) ;
#3752 = LOCAL_TIME ( 10, 32, 43.00000000000000000, #1966 ) ;
#3753 = CALENDAR_DATE ( 2026, 14, 9 ) ;
#3754 = APPLIED_EXTERNAL_IDENTIFICATION_ASSIGNMENT ( 'asml_eslabon_BC_externav4.STEP' , #1899, #2810,( #2601) ) ;
#3755 = SECURITY_CLASSIFICATION ( '', '', #1249 ) ;
#3756 = CC_DESIGN_PERSON_AND_ORGANIZATION_ASSIGNMENT ( #412, #2858, ( #3424 ) ) ;
#3757 = DOCUMENT_FILE ( 'arandela_m4.STEP' , '', '', #2893, '' ,$ ) ;
#3758 = CONTEXT_DEPENDENT_SHAPE_REPRESENTATION ( #888, #468 ) ;
#3759 = PRODUCT_DEFINITION_SHAPE ( 'NONE', 'NONE',  #4391 ) ;
#3760 = CARTESIAN_POINT ( 'NONE',  ( -180.8897650056625537, 57.13537635116443170, 946.7369830719312631 ) ) ;
#3761 = APPLICATION_CONTEXT ( 'configuration controlled 3d designs of mechanical parts and assemblies' ) ;
#3762 = APPLIED_EXTERNAL_IDENTIFICATION_ASSIGNMENT ( 'arandela_m4.STEP' , #1341, #414,( #3723) ) ;
#3763 = PRODUCT_DEFINITION_SHAPE ( 'NONE', 'NONE',  #4395 ) ;
#3764 = CALENDAR_DATE ( 2026, 14, 9 ) ;
#3765 = PROPERTY_DEFINITION_REPRESENTATION ( #4017, #3564 ) ;
#3766 = DIRECTION ( 'NONE',  ( 1.000000000000000000, -4.243472256595401656E-22, -3.318306096601525579E-16 ) ) ;
#3767 = PROPERTY_DEFINITION ('external definition','', #4214 ) ;
#3768 = PERSON ( 'NAUO-PER8', 'UNSPECIFIED', 'UNSPECIFIED', ('UNSPECIFIED'), ('UNSPECIFIED'), ('UNSPECIFIED') ) ;
#3769 = CALENDAR_DATE ( 2026, 14, 9 ) ;
#3770 = APPROVAL ( #3817, 'UNKNOWN' ) ;
#3771 = APPROVAL_STATUS ( 'not_yet_approved' ) ;
#3772 = DOCUMENT_FILE ( 'arandela_m4.STEP' , '', '', #2108, '' ,$ ) ;
#3773 = DATE_AND_TIME ( #3096, #76 ) ;
#3774 = COORDINATED_UNIVERSAL_TIME_OFFSET ( 3, 0, .BEHIND. ) ;
#3775 = APPROVAL_STATUS ( 'not_yet_approved' ) ;
#3776 = PRODUCT_DEFINITION_SHAPE ( 'NONE', 'NONE',  #4415 ) ;
#3777 = PERSON_AND_ORGANIZATION_ROLE ( 'design_owner' ) ;
#3778 = APPROVAL ( #2857, 'UNKNOWN' ) ;
#3779 = EXTERNAL_SOURCE (IDENTIFIER('') ) ;
#3780 = PERSON_AND_ORGANIZATION_ROLE ( 'classification_officer' ) ;
#3781 = DATE_AND_TIME ( #2725, #1180 ) ;
#3782 = DIRECTION ( 'NONE',  ( 1.000000000000000000, 1.010101592536828286E-22, 3.676798640166183369E-23 ) ) ;
#3783 = OBJECT_ROLE ('mandatory',$ ) ;
#3784 = DATE_AND_TIME ( #1011, #3072 ) ;
#3785 = CALENDAR_DATE ( 2026, 14, 9 ) ;
#3786 = SECURITY_CLASSIFICATION_LEVEL ( 'unclassified' ) ;
#3787 = ORGANIZATION ( 'NAUO-ORG7', 'UNSPECIFIED', 'UNSPECIFIED' ) ;
#3788 = DATE_AND_TIME ( #3474, #394 ) ;
#3789 = PRODUCT_DEFINITION ( 'General', '', #1649, #4147 ) ;
#3790 = ORGANIZATION ( 'NAUO-ORG13', 'UNSPECIFIED', 'UNSPECIFIED' ) ;
#3791 = CALENDAR_DATE ( 2026, 14, 9 ) ;
#3792 = COORDINATED_UNIVERSAL_TIME_OFFSET ( 3, 0, .BEHIND. ) ;
#3793 = APPROVAL ( #4060, 'UNKNOWN' ) ;
#3794 = APPROVAL_PERSON_ORGANIZATION ( #3138, #2081, #2033 ) ;
#3795 = APPROVAL_DATE_TIME ( #364, #2356 ) ;
#3796 = PRODUCT_DEFINITION ( 'General', '', #732, #3066 ) ;
#3797 = PROPERTY_DEFINITION ('document property','', #1070 ) ;
#3798 = CC_DESIGN_PERSON_AND_ORGANIZATION_ASSIGNMENT ( #1027, #1711, ( #499 ) ) ;
#3799 = LOCAL_TIME ( 10, 32, 43.00000000000000000, #302 ) ;
#3800 = PROPERTY_DEFINITION_REPRESENTATION ( #4162, #4071 ) ;
#3801 = PROPERTY_DEFINITION ('external definition','', #822 ) ;
#3802 = PRODUCT_DEFINITION_SHAPE ( 'NONE', 'NONE',  #4411 ) ;
#3803 = DIRECTION ( 'NONE',  ( 3.676798640166183369E-23, -1.010101592536828286E-22, -1.000000000000000000 ) ) ;
#3804 = LOCAL_TIME ( 10, 32, 43.00000000000000000, #2385 ) ;
#3805 = OBJECT_ROLE ('mandatory',$ ) ;
#3806 =( GEOMETRIC_REPRESENTATION_CONTEXT ( 3 ) GLOBAL_UNCERTAINTY_ASSIGNED_CONTEXT ( ( #563 ) ) GLOBAL_UNIT_ASSIGNED_CONTEXT ( ( #2925, #4320, #4227 ) ) REPRESENTATION_CONTEXT ( 'NONE', 'WORKASPACE' ) );
#3807 = CC_DESIGN_SECURITY_CLASSIFICATION ( #149, ( #4391 ) ) ;
#3808 = PERSON_AND_ORGANIZATION_ROLE ( 'classification_officer' ) ;
#3809 = APPROVAL_PERSON_ORGANIZATION ( #2860, #1386, #2424 ) ;
#3810 = CARTESIAN_POINT ( 'NONE',  ( -319.2897650056625025, 57.13537635116443170, 946.7369830719312631 ) ) ;
#3811 = CC_DESIGN_APPROVAL ( #4086, ( #80 ) ) ;
#3812 = EXTERNAL_SOURCE (IDENTIFIER('') ) ;
#3813 = PERSON_AND_ORGANIZATION_ROLE ( 'creator' ) ;
#3814 = CC_DESIGN_DATE_AND_TIME_ASSIGNMENT ( #299, #2113, ( #350 ) ) ;
#3815 = APPROVAL_DATE_TIME ( #2650, #3988 ) ;
#3816 = SECURITY_CLASSIFICATION_LEVEL ( 'unclassified' ) ;
#3817 = APPROVAL_STATUS ( 'not_yet_approved' ) ;
#3818 = PERSON_AND_ORGANIZATION ( #3983, #18446744073709551615 ) ;
#3819 = COORDINATED_UNIVERSAL_TIME_OFFSET ( 3, 0, .BEHIND. ) ;
#3820 = IDENTIFICATION_ROLE ( 'external document id and location', $) ;
#3821 = CONTEXT_DEPENDENT_SHAPE_REPRESENTATION ( #1459, #2738 ) ;
#3822 = SECURITY_CLASSIFICATION ( '', '', #2814 ) ;
#3823 = CC_DESIGN_SECURITY_CLASSIFICATION ( #1976, ( #4423 ) ) ;
#3824 = APPROVAL ( #2322, 'Coincidente' ) ;
#3825 = APPROVAL_ROLE ( '' ) ;
#3826 = ITEM_DEFINED_TRANSFORMATION ( 'NONE', 'NONE', #3146,  #656 ) ;
#3827 = APPLICATION_PROTOCOL_DEFINITION ( 'international standard', 'config_control_design', 1994, #3524 ) ;
#3828 = LOCAL_TIME ( 10, 32, 43.00000000000000000, #2106 ) ;
#3829 = LOCAL_TIME ( 10, 32, 43.00000000000000000, #3417 ) ;
#3830 = DATE_AND_TIME ( #1775, #1282 ) ;
#3831 = LOCAL_TIME ( 10, 32, 43.00000000000000000, #93 ) ;
#3832 = CC_DESIGN_PERSON_AND_ORGANIZATION_ASSIGNMENT ( #2809, #3098, ( #3039 ) ) ;
#3833 = APPLIED_EXTERNAL_IDENTIFICATION_ASSIGNMENT ( 'eslabon_AD_tapa.STEP' , #2329, #3915,( #1083) ) ;
#3834 = DESIGN_CONTEXT ( 'detailed design', #2730, 'design' ) ;
#3835 = PERSON_AND_ORGANIZATION ( #3983, #18446744073709551615 ) ;
#3836 = DATE_AND_TIME ( #58, #4385 ) ;
#3837 = PROPERTY_DEFINITION_REPRESENTATION ( #2055, #3593 ) ;
#3838 = COORDINATED_UNIVERSAL_TIME_OFFSET ( 3, 0, .BEHIND. ) ;
#3839 = PROPERTY_DEFINITION ('document property','', #1339 ) ;
#3840 = DOCUMENT_TYPE ( 'geometry' ) ;
#3841 = PROPERTY_DEFINITION ('document property','', #71 ) ;
#3842 = APPROVAL_ROLE ( '' ) ;
#3843 = PERSON_AND_ORGANIZATION ( #3983, #18446744073709551615 ) ;
#3844 = PERSON_AND_ORGANIZATION_ROLE ( 'classification_officer' ) ;
#3845 = APPLIED_DOCUMENT_REFERENCE ( #1855,'',( #3657) ) ;
#3846 = PERSON_AND_ORGANIZATION_ROLE ( 'design_supplier' ) ;
#3847 = CC_DESIGN_PERSON_AND_ORGANIZATION_ASSIGNMENT ( #3451, #2167, ( #3737 ) ) ;
#3848 = PRODUCT_RELATED_PRODUCT_CATEGORY ( 'detail', '', ( #3984 ) ) ;
#3849 = CC_DESIGN_PERSON_AND_ORGANIZATION_ASSIGNMENT ( #2513, #3613, ( #3620 ) ) ;
#3850 = DOCUMENT_FILE ( 'asml_eslabon_BCv4.STEP' , '', '', #362, '' ,$ ) ;
#3851 = DIRECTION ( 'NONE',  ( 3.318316107711255531E-16, 1.010101592536828286E-22, 1.000000000000000000 ) ) ;
#3852 = CC_DESIGN_DATE_AND_TIME_ASSIGNMENT ( #1115, #157, ( #197 ) ) ;
#3853 = DATE_AND_TIME ( #738, #593 ) ;
#3854 = PERSON_AND_ORGANIZATION ( #1248, #199 ) ;
#3855 = ROLE_ASSOCIATION ( #635, #2512 ) ;
#3856 = PERSON_AND_ORGANIZATION_ROLE ( 'classification_officer' ) ;
#3857 = COORDINATED_UNIVERSAL_TIME_OFFSET ( 3, 0, .BEHIND. ) ;
#3858 = APPROVAL_STATUS ( 'not_yet_approved' ) ;
#3859 = ITEM_DEFINED_TRANSFORMATION ( 'NONE', 'NONE', #2666,  #788 ) ;
#3860 =( REPRESENTATION_RELATIONSHIP ('NONE','NONE', #1787, #1707 ) REPRESENTATION_RELATIONSHIP_WITH_TRANSFORMATION ( #1429 )SHAPE_REPRESENTATION_RELATIONSHIP( ) );
#3861 = LOCAL_TIME ( 10, 32, 43.00000000000000000, #103 ) ;
#3862 = LOCAL_TIME ( 10, 32, 43.00000000000000000, #693 ) ;
#3863 = PROPERTY_DEFINITION_REPRESENTATION ( #3185, #4071 ) ;
#3864 = CALENDAR_DATE ( 2026, 14, 9 ) ;
#3865 = CALENDAR_DATE ( 2026, 14, 9 ) ;
#3866 =( REPRESENTATION_RELATIONSHIP ('NONE','NONE', #1787, #4030 ) REPRESENTATION_RELATIONSHIP_WITH_TRANSFORMATION ( #1705 )SHAPE_REPRESENTATION_RELATIONSHIP( ) );
#3867 = PERSON ( 'NAUO-PER18', 'UNSPECIFIED', 'UNSPECIFIED', ('UNSPECIFIED'), ('UNSPECIFIED'), ('UNSPECIFIED') ) ;
#3868 = APPROVAL_PERSON_ORGANIZATION ( #3077, #3331, #2846 ) ;
#3869 = APPROVAL_ROLE ( '' ) ;
#3870 = APPLIED_DOCUMENT_REFERENCE ( #439,'',( #1743) ) ;
#3871 = CC_DESIGN_SECURITY_CLASSIFICATION ( #70, ( #3145 ) ) ;
#3872 = AXIS2_PLACEMENT_3D ( 'NONE', #1776, #15, #1391 ) ;
#3873 = PRODUCT_DEFINITION_SHAPE ( 'NONE', 'NONE',  #4441 ) ;
#3874 = PRODUCT_DEFINITION_SHAPE ( 'NONE', 'NONE',  #4410 ) ;
#3875 =( REPRESENTATION_RELATIONSHIP ('NONE','NONE', #1787, #3564 ) REPRESENTATION_RELATIONSHIP_WITH_TRANSFORMATION ( #2979 )SHAPE_REPRESENTATION_RELATIONSHIP( ) );
#3876 = APPROVAL_PERSON_ORGANIZATION ( #3843, #192, #2147 ) ;
#3877 = CC_DESIGN_PERSON_AND_ORGANIZATION_ASSIGNMENT ( #1780, #1828, ( #676 ) ) ;
#3878 = CC_DESIGN_SECURITY_CLASSIFICATION ( #3228, ( #4410 ) ) ;
#3879 = PERSON_AND_ORGANIZATION_ROLE ( 'creator' ) ;
#3880 = CALENDAR_DATE ( 2026, 14, 9 ) ;
#3881 = DOCUMENT_FILE ( 'hexagon_nut_M3_plain.STEP' , '', '', #3548, '' ,$ ) ;
#3882 = LOCAL_TIME ( 10, 32, 43.00000000000000000, #2418 ) ;
#3883 = PERSON_AND_ORGANIZATION ( #3983, #18446744073709551615 ) ;
#3884 = APPROVAL ( #1242, 'Coincidente' ) ;
#3885 = APPROVAL_DATE_TIME ( #3590, #679 ) ;
#3886 = DOCUMENT_FILE ( 'cabeza_v31.STEP' , '', '', #4043, '' ,$ ) ;
#3887 = PERSON_AND_ORGANIZATION ( #2324, #4091 ) ;
#3888 = CONTEXT_DEPENDENT_SHAPE_REPRESENTATION ( #100, #2911 ) ;
#3889 = CC_DESIGN_SECURITY_CLASSIFICATION ( #2818, ( #4436 ) ) ;
#3890 = APPROVAL_DATE_TIME ( #2199, #1887 ) ;
#3891 = CC_DESIGN_SECURITY_CLASSIFICATION ( #1316, ( #4449 ) ) ;
#3892 = SECURITY_CLASSIFICATION_LEVEL ( 'unclassified' ) ;
#3893 = PERSON_AND_ORGANIZATION_ROLE ( 'classification_officer' ) ;
#3894 =( REPRESENTATION_RELATIONSHIP ('NONE','NONE', #1787, #1707 ) REPRESENTATION_RELATIONSHIP_WITH_TRANSFORMATION ( #3859 )SHAPE_REPRESENTATION_RELATIONSHIP( ) );
#3895 = ORGANIZATION ( 'NAUO-ORG60', 'UNSPECIFIED', 'UNSPECIFIED' ) ;
#3896 = LOCAL_TIME ( 10, 32, 43.00000000000000000, #2643 ) ;
#3897 = LOCAL_TIME ( 10, 32, 43.00000000000000000, #2052 ) ;
#3898 = PERSON_AND_ORGANIZATION ( #3983, #18446744073709551615 ) ;
#3899 = CALENDAR_DATE ( 2026, 14, 9 ) ;
#3900 = DATE_TIME_ROLE ( 'classification_date' ) ;
#3901 = DOCUMENT_FILE ( 'washer_M3.STEP' , '', '', #4239, '' ,$ ) ;
#3902 = APPROVAL_STATUS ( 'not_yet_approved' ) ;
#3903 = PROPERTY_DEFINITION ('external definition','', #3628 ) ;
#3904 = APPLICATION_CONTEXT ( 'configuration controlled 3d designs of mechanical parts and assemblies' ) ;
#3905 = APPLIED_EXTERNAL_IDENTIFICATION_ASSIGNMENT ( 'washer_M3.STEP' , #3137, #859,( #3901) ) ;
#3906 = CC_DESIGN_DATE_AND_TIME_ASSIGNMENT ( #3115, #2496, ( #1183 ) ) ;
#3907 = DATE_AND_TIME ( #110, #1675 ) ;
#3908 =( NAMED_UNIT ( * ) PLANE_ANGLE_UNIT ( ) SI_UNIT ( $, .RADIAN. ) );
#3909 = PROPERTY_DEFINITION_REPRESENTATION ( #3801, #3922 ) ;
#3910 = APPLICATION_PROTOCOL_DEFINITION ( 'international standard', 'config_control_design', 1994, #1850 ) ;
#3911 = DIRECTION ( 'NONE',  ( 1.000000000000000000, 0.000000000000000000, 0.000000000000000000 ) ) ;
#3912 = APPROVAL_DATE_TIME ( #161, #3778 ) ;
#3913 = COORDINATED_UNIVERSAL_TIME_OFFSET ( 3, 0, .BEHIND. ) ;
#3914 = CARTESIAN_POINT ( 'NONE',  ( -327.8897650056623547, 57.13537635116443170, 946.7369830719312631 ) ) ;
#3915 = EXTERNAL_SOURCE (IDENTIFIER('') ) ;
#3916 = DATE_TIME_ROLE ( 'creation_date' ) ;
#3917 = DATE_TIME_ROLE ( 'classification_date' ) ;
#3918 = APPROVAL_ROLE ( '' ) ;
#3919 = CALENDAR_DATE ( 2026, 14, 9 ) ;
#3920 = DATE_AND_TIME ( #1191, #4090 ) ;
#3921 = PERSON ( 'NAUO-PER22', 'UNSPECIFIED', 'UNSPECIFIED', ('UNSPECIFIED'), ('UNSPECIFIED'), ('UNSPECIFIED') ) ;
#3922 = SHAPE_REPRESENTATION ( 'socket_head_cap_screw_M3_l20mm_plain', ( #4234 ), #1583 ) ;
#3923 = PERSON_AND_ORGANIZATION ( #3983, #18446744073709551615 ) ;
#3924 = PERSON_AND_ORGANIZATION ( #1677, #2473 ) ;
#3925 = EXTERNAL_SOURCE (IDENTIFIER('') ) ;
#3926 = CC_DESIGN_PERSON_AND_ORGANIZATION_ASSIGNMENT ( #617, #913, ( #3529 ) ) ;
#3927 = DATE_AND_TIME ( #1556, #3386 ) ;
#3928 = COORDINATED_UNIVERSAL_TIME_OFFSET ( 3, 0, .BEHIND. ) ;
#3929 = APPROVAL ( #1057, 'Coincidente' ) ;
#3930 = SECURITY_CLASSIFICATION ( '', '', #2296 ) ;
#3931 = APPROVAL_STATUS ( 'not_yet_approved' ) ;
#3932 = DIRECTION ( 'NONE',  ( 0.000000000000000000, 0.000000000000000000, 1.000000000000000000 ) ) ;
#3933 = CC_DESIGN_PERSON_AND_ORGANIZATION_ASSIGNMENT ( #1286, #2333, ( #3656 ) ) ;
#3934 = CC_DESIGN_DATE_AND_TIME_ASSIGNMENT ( #2046, #627, ( #2755 ) ) ;
#3935 = COORDINATED_UNIVERSAL_TIME_OFFSET ( 3, 0, .BEHIND. ) ;
#3936 = COORDINATED_UNIVERSAL_TIME_OFFSET ( 3, 0, .BEHIND. ) ;
#3937 = DIRECTION ( 'NONE',  ( 2.093668940884038554E-16, 0.000000000000000000, 1.000000000000000000 ) ) ;
#3938 = LOCAL_TIME ( 10, 32, 43.00000000000000000, #3971 ) ;
#3939 = SECURITY_CLASSIFICATION ( '', '', #150 ) ;
#3940 = APPROVAL_ROLE ( '' ) ;
#3941 = DATE_TIME_ROLE ( 'classification_date' ) ;
#3942 = PROPERTY_DEFINITION_REPRESENTATION ( #4101, #3922 ) ;
#3943 = PRODUCT_DEFINITION_SHAPE ( 'NONE', 'NONE',  #2072 ) ;
#3944 = PERSON_AND_ORGANIZATION ( #3983, #18446744073709551615 ) ;
#3945 = CC_DESIGN_APPROVAL ( #1003, ( #3657 ) ) ;
#3946 = EXTERNAL_SOURCE (IDENTIFIER('') ) ;
#3947 = PROPERTY_DEFINITION ('document property','', #1855 ) ;
#3948 = CC_DESIGN_DATE_AND_TIME_ASSIGNMENT ( #922, #3285, ( #709 ) ) ;
#3949 = PERSON_AND_ORGANIZATION ( #3983, #18446744073709551615 ) ;
#3950 = CONTEXT_DEPENDENT_SHAPE_REPRESENTATION ( #3894, #1142 ) ;
#3951 = APPROVAL_PERSON_ORGANIZATION ( #1565, #861, #461 ) ;
#3952 = ORGANIZATION ( 'NAUO-ORG19', 'UNSPECIFIED', 'UNSPECIFIED' ) ;
#3953 = DIRECTION ( 'NONE',  ( 0.000000000000000000, 0.000000000000000000, 1.000000000000000000 ) ) ;
#3954 = APPLIED_EXTERNAL_IDENTIFICATION_ASSIGNMENT ( 'DS3225_MG_metal_horn_D\X2\00e9\X0\faut.STEP' , #4053, #1441,( #2476) ) ;
#3955 = IDENTIFICATION_ROLE ( 'external document id and location', $) ;
#3956 = CONTEXT_DEPENDENT_SHAPE_REPRESENTATION ( #1576, #3873 ) ;
#3957 = PROPERTY_DEFINITION_REPRESENTATION ( #1660, #3922 ) ;
#3958 = APPROVAL_ROLE ( '' ) ;
#3959 = DATE_AND_TIME ( #1517, #1465 ) ;
#3960 = IDENTIFICATION_ROLE ( 'external document id and location', $) ;
#3961 = CALENDAR_DATE ( 2026, 14, 9 ) ;
#3962 = CARTESIAN_POINT ( 'NONE',  ( -156.6397650056625253, -41.77022649681229183, 974.1860345750035322 ) ) ;
#3963 = CC_DESIGN_SECURITY_CLASSIFICATION ( #2392, ( #4437 ) ) ;
#3964 = CALENDAR_DATE ( 2026, 14, 9 ) ;
#3965 = SECURITY_CLASSIFICATION ( '', '', #1638 ) ;
#3966 = DATE_AND_TIME ( #1998, #1860 ) ;
#3967 = LOCAL_TIME ( 10, 32, 43.00000000000000000, #1485 ) ;
#3968 = SECURITY_CLASSIFICATION_LEVEL ( 'unclassified' ) ;
#3969 = CALENDAR_DATE ( 2026, 14, 9 ) ;
#3970 = CC_DESIGN_PERSON_AND_ORGANIZATION_ASSIGNMENT ( #2556, #871, ( #2615 ) ) ;
#3971 = COORDINATED_UNIVERSAL_TIME_OFFSET ( 3, 0, .BEHIND. ) ;
#3972 = LOCAL_TIME ( 10, 32, 43.00000000000000000, #457 ) ;
#3973 = LOCAL_TIME ( 10, 32, 43.00000000000000000, #2734 ) ;
#3974 = DESIGN_CONTEXT ( 'detailed design', #1767, 'design' ) ;
#3975 = PERSON_AND_ORGANIZATION ( #3983, #18446744073709551615 ) ;
#3976 = DATE_AND_TIME ( #3379, #90 ) ;
#3977 = PERSON ( 'NAUO-PER58', 'UNSPECIFIED', 'UNSPECIFIED', ('UNSPECIFIED'), ('UNSPECIFIED'), ('UNSPECIFIED') ) ;
#3978 = CC_DESIGN_SECURITY_CLASSIFICATION ( #2480, ( #4412 ) ) ;
#3979 =( NAMED_UNIT ( * ) SI_UNIT ( $, .STERADIAN. ) SOLID_ANGLE_UNIT ( ) );
#3980 = CONTEXT_DEPENDENT_SHAPE_REPRESENTATION ( #426, #2692 ) ;
#3981 = PERSON_AND_ORGANIZATION_ROLE ( 'creator' ) ;
#3982 =( REPRESENTATION_RELATIONSHIP ('NONE','NONE', #1787, #3250 ) REPRESENTATION_RELATIONSHIP_WITH_TRANSFORMATION ( #565 )SHAPE_REPRESENTATION_RELATIONSHIP( ) );
#3983 = PERSON ( 'NAUO-PER17', 'UNSPECIFIED', 'UNSPECIFIED', ('UNSPECIFIED'), ('UNSPECIFIED'), ('UNSPECIFIED') ) ;
#3984 = PRODUCT ( 'socket_head_cap_screw_M4_l25mm_plain', 'socket_head_cap_screw_M4_l25mm_plain', '', ( #3427 ) ) ;
#3985 = PROPERTY_DEFINITION_REPRESENTATION ( #1772, #4030 ) ;
#3986 = APPROVAL_ROLE ( '' ) ;
#3987 = CARTESIAN_POINT ( 'NONE',  ( -178.6397650056625821, -71.76386973475315756, 914.7256609007408770 ) ) ;
#3988 = APPROVAL ( #4093, 'UNKNOWN' ) ;
#3989 = CC_DESIGN_DATE_AND_TIME_ASSIGNMENT ( #244, #1283, ( #70 ) ) ;
#3990 = PROPERTY_DEFINITION ('external definition','', #3881 ) ;
#3991 = APPLICATION_CONTEXT ( 'configuration controlled 3d designs of mechanical parts and assemblies' ) ;
#3992 = PERSON_AND_ORGANIZATION_ROLE ( 'creator' ) ;
#3993 = PROPERTY_DEFINITION_REPRESENTATION ( #2868, #3593 ) ;
#3994 = APPROVAL_DATE_TIME ( #4286, #956 ) ;
#3995 = CC_DESIGN_PERSON_AND_ORGANIZATION_ASSIGNMENT ( #4089, #3749, ( #3145 ) ) ;
#3996 = APPROVAL_ROLE ( '' ) ;
#3997 = PRODUCT_RELATED_PRODUCT_CATEGORY ( 'detail', '', ( #3218 ) ) ;
#3998 = DATE_AND_TIME ( #3682, #3804 ) ;
#3999 = APPLIED_DOCUMENT_REFERENCE ( #3295,'',( #1002) ) ;
#4000 = PERSON_AND_ORGANIZATION ( #3983, #18446744073709551615 ) ;
#4001 = SHAPE_REPRESENTATION ( 'washer_M3', ( #505 ), #3658 ) ;
#4002 = PROPERTY_DEFINITION_REPRESENTATION ( #1331, #4001 ) ;
#4003 = DATE_AND_TIME ( #983, #787 ) ;
#4004 = COORDINATED_UNIVERSAL_TIME_OFFSET ( 3, 0, .BEHIND. ) ;
#4005 = LOCAL_TIME ( 10, 32, 43.00000000000000000, #777 ) ;
#4006 = COORDINATED_UNIVERSAL_TIME_OFFSET ( 3, 0, .BEHIND. ) ;
#4007 = APPROVAL_STATUS ( 'not_yet_approved' ) ;
#4008 = DIRECTION ( 'NONE',  ( 1.000000000000000000, 0.000000000000000000, 0.000000000000000000 ) ) ;
#4009 =( REPRESENTATION_RELATIONSHIP ('NONE','NONE', #1787, #4001 ) REPRESENTATION_RELATIONSHIP_WITH_TRANSFORMATION ( #2580 )SHAPE_REPRESENTATION_RELATIONSHIP( ) );
#4010 = SECURITY_CLASSIFICATION ( '', '', #4032 ) ;
#4011 = CALENDAR_DATE ( 2026, 14, 9 ) ;
#4012 = CONTEXT_DEPENDENT_SHAPE_REPRESENTATION ( #1764, #1869 ) ;
#4013 = CC_DESIGN_APPROVAL ( #1334, ( #3190 ) ) ;
#4014 = CALENDAR_DATE ( 2026, 14, 9 ) ;
#4015 = IDENTIFICATION_ROLE ( 'external document id and location', $) ;
#4016 = LOCAL_TIME ( 10, 32, 43.00000000000000000, #892 ) ;
#4017 = PROPERTY_DEFINITION ('external definition','', #2548 ) ;
#4018 = DATE_AND_TIME ( #2648, #3510 ) ;
#4019 = PERSON_AND_ORGANIZATION ( #1573, #3167 ) ;
#4020 = CC_DESIGN_PERSON_AND_ORGANIZATION_ASSIGNMENT ( #1500, #1166, ( #139 ) ) ;
#4021 = CC_DESIGN_APPROVAL ( #3183, ( #4232 ) ) ;
#4022 = CC_DESIGN_APPROVAL ( #1800, ( #1374 ) ) ;
#4023 = PERSON_AND_ORGANIZATION ( #3983, #18446744073709551615 ) ;
#4024 = ROLE_ASSOCIATION ( #4159, #1372 ) ;
#4025 = AXIS2_PLACEMENT_3D ( 'NONE', #941, #1589, #988 ) ;
#4026 = PROPERTY_DEFINITION ('document property','', #1761 ) ;
#4027 = DATE_TIME_ROLE ( 'classification_date' ) ;
#4028 = APPROVAL ( #2951, 'UNKNOWN' ) ;
#4029 = ORGANIZATION ( 'NAUO-ORG1', 'UNSPECIFIED', 'UNSPECIFIED' ) ;
#4030 = SHAPE_REPRESENTATION ( 'arandela_m4', ( #1014 ), #280 ) ;
#4031 = APPROVAL_DATE_TIME ( #1695, #4108 ) ;
#4032 = SECURITY_CLASSIFICATION_LEVEL ( 'unclassified' ) ;
#4033 = DIRECTION ( 'NONE',  ( 1.000000000000000000, 0.000000000000000000, 0.000000000000000000 ) ) ;
#4034 = DATE_AND_TIME ( #209, #2929 ) ;
#4035 = CALENDAR_DATE ( 2026, 14, 9 ) ;
#4036 =( REPRESENTATION_RELATIONSHIP ('NONE','NONE', #1787, #786 ) REPRESENTATION_RELATIONSHIP_WITH_TRANSFORMATION ( #2503 )SHAPE_REPRESENTATION_RELATIONSHIP( ) );
#4037 = APPLIED_EXTERNAL_IDENTIFICATION_ASSIGNMENT ( 'washer_M3.STEP' , #2640, #1959,( #71) ) ;
#4038 = PERSON_AND_ORGANIZATION_ROLE ( 'classification_officer' ) ;
#4039 = PERSON_AND_ORGANIZATION ( #2173, #2341 ) ;
#4040 = APPROVAL_ROLE ( '' ) ;
#4041 = PERSON_AND_ORGANIZATION ( #3983, #18446744073709551615 ) ;
#4042 = CONTEXT_DEPENDENT_SHAPE_REPRESENTATION ( #1713, #3776 ) ;
#4043 = DOCUMENT_TYPE ( 'geometry' ) ;
#4044 = APPROVAL_PERSON_ORGANIZATION ( #4019, #3696, #4040 ) ;
#4045 = LOCAL_TIME ( 10, 32, 43.00000000000000000, #3584 ) ;
#4046 = APPROVAL ( #1930, 'Coincidente' ) ;
#4047 = CC_DESIGN_PERSON_AND_ORGANIZATION_ASSIGNMENT ( #974, #1602, ( #3789 ) ) ;
#4048 = APPROVAL ( #4066, 'UNKNOWN' ) ;
#4049 = CALENDAR_DATE ( 2026, 14, 9 ) ;
#4050 = SECURITY_CLASSIFICATION ( '', '', #1664 ) ;
#4051 = APPROVAL_DATE_TIME ( #2657, #2283 ) ;
#4052 = DIRECTION ( 'NONE',  ( -3.318315740031391761E-16, 0.000000000000000000, -1.000000000000000000 ) ) ;
#4053 = IDENTIFICATION_ROLE ( 'external document id and location', $) ;
#4054 = APPLICATION_PROTOCOL_DEFINITION ( 'international standard', 'config_control_design', 1994, #1910 ) ;
#4055 = PERSON_AND_ORGANIZATION ( #3276, #1456 ) ;
#4056 = PROPERTY_DEFINITION ('external definition','', #112 ) ;
#4057 = CALENDAR_DATE ( 2026, 14, 9 ) ;
#4058 = DIRECTION ( 'NONE',  ( 1.000000000000000000, -1.663373774732615211E-18, -2.972514629585711860E-16 ) ) ;
#4059 = SECURITY_CLASSIFICATION_LEVEL ( 'unclassified' ) ;
#4060 = APPROVAL_STATUS ( 'not_yet_approved' ) ;
#4061 = COORDINATED_UNIVERSAL_TIME_OFFSET ( 3, 0, .BEHIND. ) ;
#4062 = PROPERTY_DEFINITION ('external definition','', #4174 ) ;
#4063 = DESIGN_CONTEXT ( 'detailed design', #2250, 'design' ) ;
#4064 = COORDINATED_UNIVERSAL_TIME_OFFSET ( 3, 0, .BEHIND. ) ;
#4065 = APPLIED_DOCUMENT_REFERENCE ( #2695,'',( #395) ) ;
#4066 = APPROVAL_STATUS ( 'not_yet_approved' ) ;
#4067 = PERSON_AND_ORGANIZATION ( #3983, #18446744073709551615 ) ;
#4068 = DOCUMENT_TYPE ( 'geometry' ) ;
#4069 = DATE_AND_TIME ( #2107, #4158 ) ;
#4070 = DIRECTION ( 'NONE',  ( -1.000000000000000000, 0.000000000000000000, 3.318315740031391761E-16 ) ) ;
#4071 = SHAPE_REPRESENTATION ( 'hexagon_nut_M3_plain', ( #363 ), #2240 ) ;
#4072 = CONTEXT_DEPENDENT_SHAPE_REPRESENTATION ( #920, #38 ) ;
#4073 = ITEM_DEFINED_TRANSFORMATION ( 'NONE', 'NONE', #2588,  #1014 ) ;
#4074 = CC_DESIGN_PERSON_AND_ORGANIZATION_ASSIGNMENT ( #3343, #3642, ( #1214 ) ) ;
#4075 = CARTESIAN_POINT ( 'NONE',  ( -151.5397650056624741, 57.13537635116443170, 946.7369830719312631 ) ) ;
#4076 = COORDINATED_UNIVERSAL_TIME_OFFSET ( 3, 0, .BEHIND. ) ;
#4077 = ITEM_DEFINED_TRANSFORMATION ( 'NONE', 'NONE', #4096,  #721 ) ;
#4078 = SECURITY_CLASSIFICATION ( '', '', #4330 ) ;
#4079 = APPROVAL_ROLE ( '' ) ;
#4080 = ORGANIZATION ( 'NAUO-ORG15', 'UNSPECIFIED', 'UNSPECIFIED' ) ;
#4081 = DATE_TIME_ROLE ( 'classification_date' ) ;
#4082 = COORDINATED_UNIVERSAL_TIME_OFFSET ( 3, 0, .BEHIND. ) ;
#4083 = APPROVAL_ROLE ( '' ) ;
#4084 = PERSON ( 'NAUO-PER12', 'UNSPECIFIED', 'UNSPECIFIED', ('UNSPECIFIED'), ('UNSPECIFIED'), ('UNSPECIFIED') ) ;
#4085 = PRODUCT_DEFINITION_FORMATION_WITH_SPECIFIED_SOURCE ( 'Simétric', '', #1400, .NOT_KNOWN. ) ;
#4086 = APPROVAL ( #4149, 'UNKNOWN' ) ;
#4087 = AXIS2_PLACEMENT_3D ( 'NONE', #3480, #69, #4183 ) ;
#4088 = PROPERTY_DEFINITION ('document property','', #570 ) ;
#4089 = PERSON_AND_ORGANIZATION ( #3983, #18446744073709551615 ) ;
#4090 = LOCAL_TIME ( 10, 32, 43.00000000000000000, #1527 ) ;
#4091 = ORGANIZATION ( 'NAUO-ORG52', 'UNSPECIFIED', 'UNSPECIFIED' ) ;
#4092 = PERSON_AND_ORGANIZATION_ROLE ( 'design_owner' ) ;
#4093 = APPROVAL_STATUS ( 'not_yet_approved' ) ;
#4094 = SECURITY_CLASSIFICATION ( '', '', #2257 ) ;
#4095 = IDENTIFICATION_ROLE ( 'external document id and location', $) ;
#4096 = AXIS2_PLACEMENT_3D ( 'NONE', #3760, #3062, #2063 ) ;
#4097 = CONTEXT_DEPENDENT_SHAPE_REPRESENTATION ( #1985, #722 ) ;
#4098 = APPROVAL_DATE_TIME ( #2774, #3711 ) ;
#4099 = LOCAL_TIME ( 10, 32, 43.00000000000000000, #101 ) ;
#4100 = CARTESIAN_POINT ( 'NONE',  ( -175.1397650056625537, -18.10177962250956085, 954.1659291167819674 ) ) ;
#4101 = PROPERTY_DEFINITION ('document property','', #1547 ) ;
#4102 = EXTERNAL_SOURCE (IDENTIFIER('') ) ;
#4103 = SECURITY_CLASSIFICATION_LEVEL ( 'unclassified' ) ;
#4104 = APPROVAL_DATE_TIME ( #347, #3547 ) ;
#4105 = DIRECTION ( 'NONE',  ( -1.000000000000000000, 0.000000000000000000, 3.318315740031391761E-16 ) ) ;
#4106 = PERSON_AND_ORGANIZATION ( #3983, #18446744073709551615 ) ;
#4107 = ITEM_DEFINED_TRANSFORMATION ( 'NONE', 'NONE', #2728,  #3436 ) ;
#4108 = APPROVAL ( #2621, 'UNKNOWN' ) ;
#4109 = SECURITY_CLASSIFICATION ( '', '', #229 ) ;
#4110 = COORDINATED_UNIVERSAL_TIME_OFFSET ( 3, 0, .BEHIND. ) ;
#4111 = DOCUMENT_FILE ( 'arandela_m4.STEP' , '', '', #2181, '' ,$ ) ;
#4112 = DOCUMENT_TYPE ( 'geometry' ) ;
#4113 = DIRECTION ( 'NONE',  ( 0.000000000000000000, 0.000000000000000000, 1.000000000000000000 ) ) ;
#4114 = CC_DESIGN_SECURITY_CLASSIFICATION ( #2041, ( #4443 ) ) ;
#4115 = PERSON_AND_ORGANIZATION_ROLE ( 'classification_officer' ) ;
#4116 = DATE_AND_TIME ( #1306, #2516 ) ;
#4117 = ITEM_DEFINED_TRANSFORMATION ( 'NONE', 'NONE', #4025,  #505 ) ;
#4118 = LOCAL_TIME ( 10, 32, 43.00000000000000000, #1325 ) ;
#4119 = APPROVAL_PERSON_ORGANIZATION ( #923, #3405, #3918 ) ;
#4120 = DATE_AND_TIME ( #1141, #3291 ) ;
#4121 = APPLIED_EXTERNAL_IDENTIFICATION_ASSIGNMENT ( 'hexagon_nut_M4_thread.STEP' , #220, #1755,( #1857) ) ;
#4122 = CC_DESIGN_SECURITY_CLASSIFICATION ( #2898, ( #4415 ) ) ;
#4123 = PERSON_AND_ORGANIZATION ( #1727, #1823 ) ;
#4124 = APPROVAL_STATUS ( 'not_yet_approved' ) ;
#4125 = DIRECTION ( 'NONE',  ( 9.643429866429222948E-22, -4.243472256498826802E-22, 1.000000000000000000 ) ) ;
#4126 = APPROVAL_PERSON_ORGANIZATION ( #4200, #1058, #404 ) ;
#4127 = PROPERTY_DEFINITION ('external definition','', #1070 ) ;
#4128 = PROPERTY_DEFINITION_REPRESENTATION ( #106, #4030 ) ;
#4129 = CC_DESIGN_PERSON_AND_ORGANIZATION_ASSIGNMENT ( #1634, #1276, ( #839 ) ) ;
#4130 = DIRECTION ( 'NONE',  ( -3.110854054471127349E-16, -0.3480396247893189909, -0.9374798235570247495 ) ) ;
#4131 =( REPRESENTATION_RELATIONSHIP ('NONE','NONE', #1787, #4030 ) REPRESENTATION_RELATIONSHIP_WITH_TRANSFORMATION ( #3001 )SHAPE_REPRESENTATION_RELATIONSHIP( ) );
#4132 = CC_DESIGN_DATE_AND_TIME_ASSIGNMENT ( #2477, #3900, ( #1316 ) ) ;
#4133 = SECURITY_CLASSIFICATION_LEVEL ( 'unclassified' ) ;
#4134 = PRODUCT_RELATED_PRODUCT_CATEGORY ( 'detail', '', ( #1190 ) ) ;
#4135 = COORDINATED_UNIVERSAL_TIME_OFFSET ( 3, 0, .BEHIND. ) ;
#4136 = ITEM_DEFINED_TRANSFORMATION ( 'NONE', 'NONE', #4307,  #1014 ) ;
#4137 = CC_DESIGN_DATE_AND_TIME_ASSIGNMENT ( #4069, #2421, ( #427 ) ) ;
#4138 = APPROVAL_ROLE ( '' ) ;
#4139 = APPROVAL_STATUS ( 'not_yet_approved' ) ;
#4140 = COORDINATED_UNIVERSAL_TIME_OFFSET ( 3, 0, .BEHIND. ) ;
#4141 = PRODUCT_DEFINITION_SHAPE ( 'NONE', 'NONE',  #4416 ) ;
#4142 = APPROVAL_STATUS ( 'not_yet_approved' ) ;
#4143 = APPLIED_DOCUMENT_REFERENCE ( #2109,'',( #1475) ) ;
#4144 = PERSON_AND_ORGANIZATION_ROLE ( 'classification_officer' ) ;
#4145 = CC_DESIGN_PERSON_AND_ORGANIZATION_ASSIGNMENT ( #678, #3402, ( #2454 ) ) ;
#4146 = CONTEXT_DEPENDENT_SHAPE_REPRESENTATION ( #264, #355 ) ;
#4147 = DESIGN_CONTEXT ( 'detailed design', #373, 'design' ) ;
#4148 = PERSON_AND_ORGANIZATION ( #3983, #18446744073709551615 ) ;
#4149 = APPROVAL_STATUS ( 'not_yet_approved' ) ;
#4150 = ITEM_DEFINED_TRANSFORMATION ( 'NONE', 'NONE', #1023,  #1014 ) ;
#4151 = LOCAL_TIME ( 10, 32, 43.00000000000000000, #3838 ) ;
#4152 = COORDINATED_UNIVERSAL_TIME_OFFSET ( 3, 0, .BEHIND. ) ;
#4153 = OBJECT_ROLE ('mandatory',$ ) ;
#4154 = APPROVAL_PERSON_ORGANIZATION ( #1411, #2501, #37 ) ;
#4155 = PERSON_AND_ORGANIZATION_ROLE ( 'classification_officer' ) ;
#4156 = PROPERTY_DEFINITION ('external definition','', #352 ) ;
#4157 = CALENDAR_DATE ( 2026, 14, 9 ) ;
#4158 = LOCAL_TIME ( 10, 32, 43.00000000000000000, #1742 ) ;
#4159 = OBJECT_ROLE ('mandatory',$ ) ;
#4160 = APPROVAL_PERSON_ORGANIZATION ( #1912, #2412, #3705 ) ;
#4161 = CALENDAR_DATE ( 2026, 14, 9 ) ;
#4162 = PROPERTY_DEFINITION ('document property','', #2109 ) ;
#4163 = CONTEXT_DEPENDENT_SHAPE_REPRESENTATION ( #4036, #1550 ) ;
#4164 = CC_DESIGN_DATE_AND_TIME_ASSIGNMENT ( #3959, #1926, ( #825 ) ) ;
#4165 = LOCAL_TIME ( 10, 32, 43.00000000000000000, #842 ) ;
#4166 = AXIS2_PLACEMENT_3D ( 'NONE', #3168, #99, #3558 ) ;
#4167 = LOCAL_TIME ( 10, 32, 43.00000000000000000, #3242 ) ;
#4168 = AXIS2_PLACEMENT_3D ( 'NONE', #641, #298, #2604 ) ;
#4169 = CARTESIAN_POINT ( 'NONE',  ( -333.9897650056625480, 10.13058558760631556, 920.1559814852321324 ) ) ;
#4170 = ORGANIZATION ( 'NAUO-ORG4', 'UNSPECIFIED', 'UNSPECIFIED' ) ;
#4171 = DATE_AND_TIME ( #3785, #2590 ) ;
#4172 = CALENDAR_DATE ( 2026, 14, 9 ) ;
#4173 = PROPERTY_DEFINITION_REPRESENTATION ( #3767, #4030 ) ;
#4174 = DOCUMENT_FILE ( 'arandela_m4.STEP' , '', '', #2245, '' ,$ ) ;
#4175 = MECHANICAL_CONTEXT ( 'NONE', #3904, 'mechanical' ) ;
#4176 = APPROVAL_DATE_TIME ( #2481, #1003 ) ;
#4177 = DATE_AND_TIME ( #3497, #3828 ) ;
#4178 = CC_DESIGN_DATE_AND_TIME_ASSIGNMENT ( #2744, #2770, ( #1002 ) ) ;
#4179 = IDENTIFICATION_ROLE ( 'external document id and location', $) ;
#4180 = CC_DESIGN_PERSON_AND_ORGANIZATION_ASSIGNMENT ( #2433, #4218, ( #3984 ) ) ;
#4181 = CC_DESIGN_PERSON_AND_ORGANIZATION_ASSIGNMENT ( #3161, #1840, ( #2480 ) ) ;
#4182 = LOCAL_TIME ( 10, 32, 43.00000000000000000, #296 ) ;
#4183 = DIRECTION ( 'NONE',  ( 1.000000000000000000, 0.000000000000000000, 0.000000000000000000 ) ) ;
#4184 = APPLIED_EXTERNAL_IDENTIFICATION_ASSIGNMENT ( 'hexagon_nut_M3_plain.STEP' , #1009, #3088,( #3881) ) ;
#4185 = APPROVAL_PERSON_ORGANIZATION ( #3421, #1413, #2070 ) ;
#4186 = PERSON_AND_ORGANIZATION ( #3458, #1528 ) ;
#4187 = APPROVAL_DATE_TIME ( #2837, #2275 ) ;
#4188 = DATE_AND_TIME ( #772, #614 ) ;
#4189 = DOCUMENT_TYPE ( 'geometry' ) ;
#4190 = CC_DESIGN_PERSON_AND_ORGANIZATION_ASSIGNMENT ( #962, #550, ( #1475 ) ) ;
#4191 = APPROVAL_PERSON_ORGANIZATION ( #2809, #2518, #3159 ) ;
#4192 = CC_DESIGN_APPROVAL ( #900, ( #2336 ) ) ;
#4193 = PERSON_AND_ORGANIZATION_ROLE ( 'classification_officer' ) ;
#4194 = PERSON ( 'NAUO-PER60', 'UNSPECIFIED', 'UNSPECIFIED', ('UNSPECIFIED'), ('UNSPECIFIED'), ('UNSPECIFIED') ) ;
#4195 = APPLIED_EXTERNAL_IDENTIFICATION_ASSIGNMENT ( 'arandela_m4.STEP' , #331, #4269,( #1773) ) ;
#4196 = OBJECT_ROLE ('mandatory',$ ) ;
#4197 = APPROVAL_PERSON_ORGANIZATION ( #2513, #2326, #1891 ) ;
#4198 = DATE_AND_TIME ( #3769, #1 ) ;
#4199 = COORDINATED_UNIVERSAL_TIME_OFFSET ( 3, 0, .BEHIND. ) ;
#4200 = PERSON_AND_ORGANIZATION ( #175, #2197 ) ;
#4201 = PERSON ( 'NAUO-PER15', 'UNSPECIFIED', 'UNSPECIFIED', ('UNSPECIFIED'), ('UNSPECIFIED'), ('UNSPECIFIED') ) ;
#4202 = PROPERTY_DEFINITION ('external definition','', #3757 ) ;
#4203 = SHAPE_DEFINITION_REPRESENTATION ( #2941, #1563 ) ;
#4204 = APPROVAL_DATE_TIME ( #1127, #192 ) ;
#4205 = APPROVAL_DATE_TIME ( #2903, #271 ) ;
#4206 = DATE_AND_TIME ( #795, #3325 ) ;
#4207 = DATE_AND_TIME ( #3553, #3434 ) ;
#4208 = CC_DESIGN_PERSON_AND_ORGANIZATION_ASSIGNMENT ( #2495, #2098, ( #1316 ) ) ;
#4209 = CC_DESIGN_DATE_AND_TIME_ASSIGNMENT ( #2345, #1622, ( #3744 ) ) ;
#4210 = APPROVAL_ROLE ( '' ) ;
#4211 = IDENTIFICATION_ROLE ( 'external document id and location', $) ;
#4212 = DATE_AND_TIME ( #1479, #4167 ) ;
#4213 = CALENDAR_DATE ( 2026, 14, 9 ) ;
#4214 = DOCUMENT_FILE ( 'arandela_m4.STEP' , '', '', #3006, '' ,$ ) ;
#4215 = PERSON_AND_ORGANIZATION_ROLE ( 'classification_officer' ) ;
#4216 = DOCUMENT_TYPE ( 'geometry' ) ;
#4217 = CALENDAR_DATE ( 2026, 14, 9 ) ;
#4218 = PERSON_AND_ORGANIZATION_ROLE ( 'design_owner' ) ;
#4219 = PERSON_AND_ORGANIZATION ( #2060, #2040 ) ;
#4220 = APPROVAL_ROLE ( '' ) ;
#4221 =( LENGTH_UNIT ( ) NAMED_UNIT ( * ) SI_UNIT ( .MILLI., .METRE. ) );
#4222 = APPLIED_EXTERNAL_IDENTIFICATION_ASSIGNMENT ( 'hexagon_nut_M4_thread.STEP' , #1569, #981,( #267) ) ;
#4223 = ROLE_ASSOCIATION ( #664, #1877 ) ;
#4224 = ITEM_DEFINED_TRANSFORMATION ( 'NONE', 'NONE', #3013,  #1014 ) ;
#4225 = PRODUCT_DEFINITION_SHAPE ( 'NONE', 'NONE',  #4455 ) ;
#4226 = APPROVAL_DATE_TIME ( #3528, #2921 ) ;
#4227 =( NAMED_UNIT ( * ) SI_UNIT ( $, .STERADIAN. ) SOLID_ANGLE_UNIT ( ) );
#4228 = CC_DESIGN_APPROVAL ( #2999, ( #1214 ) ) ;
#4229 = AXIS2_PLACEMENT_3D ( 'NONE', #3030, #3932, #2553 ) ;
#4230 = PROPERTY_DEFINITION_REPRESENTATION ( #3437, #2632 ) ;
#4231 = PERSON_AND_ORGANIZATION ( #4201, #4080 ) ;
#4232 = PRODUCT_DEFINITION_FORMATION_WITH_SPECIFIED_SOURCE ( 'Simétric', '', #212, .NOT_KNOWN. ) ;
#4233 = CARTESIAN_POINT ( 'NONE',  ( -347.2397650056625480, -41.77022649681229183, 974.1860345750035322 ) ) ;
#4234 = AXIS2_PLACEMENT_3D ( 'NONE', #2221, #619, #1001 ) ;
#4235 = PROPERTY_DEFINITION ('document property','', #1760 ) ;
#4236 = PROPERTY_DEFINITION ('external definition','', #1773 ) ;
#4237 = APPROVAL ( #4124, 'UNKNOWN' ) ;
#4238 = PRODUCT_DEFINITION_FORMATION_WITH_SPECIFIED_SOURCE ( 'Simétric', '', #1190, .NOT_KNOWN. ) ;
#4239 = DOCUMENT_TYPE ( 'geometry' ) ;
#4240 = APPROVAL_DATE_TIME ( #2842, #727 ) ;
#4241 = CALENDAR_DATE ( 2026, 14, 9 ) ;
#4242 = CALENDAR_DATE ( 2026, 14, 9 ) ;
#4243 = SECURITY_CLASSIFICATION_LEVEL ( 'unclassified' ) ;
#4244 = APPROVAL_PERSON_ORGANIZATION ( #3092, #3511, #3514 ) ;
#4245 = PERSON_AND_ORGANIZATION_ROLE ( 'design_supplier' ) ;
#4246 = DATE_AND_TIME ( #2610, #2659 ) ;
#4247 = PROPERTY_DEFINITION_REPRESENTATION ( #2196, #1707 ) ;
#4248 = DOCUMENT_TYPE ( 'geometry' ) ;
#4249 = SECURITY_CLASSIFICATION_LEVEL ( 'unclassified' ) ;
#4250 = APPROVAL_ROLE ( '' ) ;
#4251 = CC_DESIGN_APPROVAL ( #562, ( #1310 ) ) ;
#4252 = CALENDAR_DATE ( 2026, 14, 9 ) ;
#4253 =( NAMED_UNIT ( * ) SI_UNIT ( $, .STERADIAN. ) SOLID_ANGLE_UNIT ( ) );
#4254 = CC_DESIGN_APPROVAL ( #1413, ( #1243 ) ) ;
#4255 = CALENDAR_DATE ( 2026, 14, 9 ) ;
#4256 = PROPERTY_DEFINITION_REPRESENTATION ( #1080, #1707 ) ;
#4257 = APPROVAL_DATE_TIME ( #273, #900 ) ;
#4258 = DIRECTION ( 'NONE',  ( -1.000000000000000000, -5.855621395903329974E-16, 1.752746652055940725E-16 ) ) ;
#4259 = LOCAL_TIME ( 10, 32, 43.00000000000000000, #2121 ) ;
#4260 = APPLIED_EXTERNAL_IDENTIFICATION_ASSIGNMENT ( 'socket_head_cap_screw_M3_l20mm_plain.STEP' , #3314, #4295,( #1304) ) ;
#4261 = APPROVAL_ROLE ( '' ) ;
#4262 = PERSON_AND_ORGANIZATION_ROLE ( 'classification_officer' ) ;
#4263 = CALENDAR_DATE ( 2026, 14, 9 ) ;
#4264 = DATE_AND_TIME ( #3969, #968 ) ;
#4265 = DATE_TIME_ROLE ( 'creation_date' ) ;
#4266 = PROPERTY_DEFINITION ('document property','', #3295 ) ;
#4267 = LOCAL_TIME ( 10, 32, 43.00000000000000000, #360 ) ;
#4268 = CC_DESIGN_DATE_AND_TIME_ASSIGNMENT ( #2394, #1092, ( #1310 ) ) ;
#4269 = EXTERNAL_SOURCE (IDENTIFIER('') ) ;
#4270 = CC_DESIGN_PERSON_AND_ORGANIZATION_ASSIGNMENT ( #1778, #1041, ( #2219 ) ) ;
#4271 = PROPERTY_DEFINITION ('document property','', #2297 ) ;
#4272 = CALENDAR_DATE ( 2026, 14, 9 ) ;
#4273 = DOCUMENT_FILE ( 'DS3225MG 25KG.STEP' , '', '', #2358, '' ,$ ) ;
#4274 = CC_DESIGN_DATE_AND_TIME_ASSIGNMENT ( #1483, #3248, ( #624 ) ) ;
#4275 =( LENGTH_UNIT ( ) NAMED_UNIT ( * ) SI_UNIT ( .MILLI., .METRE. ) );
#4276 = OBJECT_ROLE ('mandatory',$ ) ;
#4277 = PERSON_AND_ORGANIZATION_ROLE ( 'classification_officer' ) ;
#4278 = DATE_AND_TIME ( #2674, #2758 ) ;
#4279 = PERSON_AND_ORGANIZATION_ROLE ( 'design_owner' ) ;
#4280 = PROPERTY_DEFINITION_REPRESENTATION ( #3903, #820 ) ;
#4281 = DOCUMENT_TYPE ( 'geometry' ) ;
#4282 = CALENDAR_DATE ( 2026, 14, 9 ) ;
#4283 = APPROVAL ( #1821, 'UNKNOWN' ) ;
#4284 = PERSON_AND_ORGANIZATION_ROLE ( 'design_owner' ) ;
#4285 = PROPERTY_DEFINITION_REPRESENTATION ( #1072, #820 ) ;
#4286 = DATE_AND_TIME ( #3612, #3896 ) ;
#4287 = DATE_AND_TIME ( #4308, #1541 ) ;
#4288 = DATE_TIME_ROLE ( 'classification_date' ) ;
#4289 = PERSON_AND_ORGANIZATION ( #3983, #18446744073709551615 ) ;
#4290 = COORDINATED_UNIVERSAL_TIME_OFFSET ( 3, 0, .BEHIND. ) ;
#4291 = DATE_TIME_ROLE ( 'classification_date' ) ;
#4292 = APPROVAL_DATE_TIME ( #1984, #57 ) ;
#4293 = SECURITY_CLASSIFICATION ( '', '', #2400 ) ;
#4294 = APPROVAL_ROLE ( '' ) ;
#4295 = EXTERNAL_SOURCE (IDENTIFIER('') ) ;
#4296 = PERSON_AND_ORGANIZATION ( #119, #3718 ) ;
#4297 = CC_DESIGN_PERSON_AND_ORGANIZATION_ASSIGNMENT ( #801, #2293, ( #3312 ) ) ;
#4298 = CONTEXT_DEPENDENT_SHAPE_REPRESENTATION ( #2582, #497 ) ;
#4299 = COORDINATED_UNIVERSAL_TIME_OFFSET ( 3, 0, .BEHIND. ) ;
#4300 = PERSON ( 'NAUO-PER45', 'UNSPECIFIED', 'UNSPECIFIED', ('UNSPECIFIED'), ('UNSPECIFIED'), ('UNSPECIFIED') ) ;
#4301 = LOCAL_TIME ( 10, 32, 43.00000000000000000, #2350 ) ;
#4302 = OBJECT_ROLE ('mandatory',$ ) ;
#4303 = LOCAL_TIME ( 10, 32, 43.00000000000000000, #2935 ) ;
#4304 = SHAPE_DEFINITION_REPRESENTATION ( #3943, #321 ) ;
#4305 = CONTEXT_DEPENDENT_SHAPE_REPRESENTATION ( #990, #1842 ) ;
#4306 = APPROVAL_DATE_TIME ( #1864, #1747 ) ;
#4307 = AXIS2_PLACEMENT_3D ( 'NONE', #163, #1292, #967 ) ;
#4308 = CALENDAR_DATE ( 2026, 14, 9 ) ;
#4309 = PRODUCT ( 'pan_head_screw_M3_l10mm_thread', 'pan_head_screw_M3_l10mm_thread', '', ( #416 ) ) ;
#4310 = APPROVAL_DATE_TIME ( #3270, #2302 ) ;
#4311 = APPROVAL_PERSON_ORGANIZATION ( #776, #1416, #932 ) ;
#4312 = AXIS2_PLACEMENT_3D ( 'NONE', #1672, #2977, #4349 ) ;
#4313 = PERSON_AND_ORGANIZATION ( #3983, #18446744073709551615 ) ;
#4314 = APPROVAL_PERSON_ORGANIZATION ( #1810, #2591, #4138 ) ;
#4315 = CALENDAR_DATE ( 2026, 14, 9 ) ;
#4316 = CC_DESIGN_PERSON_AND_ORGANIZATION_ASSIGNMENT ( #2182, #3879, ( #2244 ) ) ;
#4317 = CC_DESIGN_PERSON_AND_ORGANIZATION_ASSIGNMENT ( #591, #3659, ( #1190 ) ) ;
#4318 = DATE_TIME_ROLE ( 'classification_date' ) ;
#4319 = APPROVAL_STATUS ( 'not_yet_approved' ) ;
#4320 =( NAMED_UNIT ( * ) PLANE_ANGLE_UNIT ( ) SI_UNIT ( $, .RADIAN. ) );
#4321 = CC_DESIGN_APPROVAL ( #4028, ( #3312 ) ) ;
#4322 = CC_DESIGN_PERSON_AND_ORGANIZATION_ASSIGNMENT ( #194, #3224, ( #548 ) ) ;
#4323 = DATE_AND_TIME ( #136, #1963 ) ;
#4324 = APPROVAL_DATE_TIME ( #203, #3479 ) ;
#4325 = CARTESIAN_POINT ( 'NONE',  ( -160.6397650056625253, -71.76386973507845823, 914.7256609007154111 ) ) ;
#4326 =( REPRESENTATION_RELATIONSHIP ('NONE','NONE', #1787, #4030 ) REPRESENTATION_RELATIONSHIP_WITH_TRANSFORMATION ( #2439 )SHAPE_REPRESENTATION_RELATIONSHIP( ) );
#4327 = APPLIED_EXTERNAL_IDENTIFICATION_ASSIGNMENT ( 'socket_head_cap_screw_M4_l25mm_plain.STEP' , #4211, #1143,( #575) ) ;
#4328 = APPROVAL_DATE_TIME ( #2955, #4046 ) ;
#4329 = CC_DESIGN_SECURITY_CLASSIFICATION ( #449, ( #4429 ) ) ;
#4330 = SECURITY_CLASSIFICATION_LEVEL ( 'unclassified' ) ;
#4331 = CC_DESIGN_APPROVAL ( #1272, ( #2749 ) ) ;
#4332 = ITEM_DEFINED_TRANSFORMATION ( 'NONE', 'NONE', #1446,  #1014 ) ;
#4333 = ROLE_ASSOCIATION ( #3695, #560 ) ;
#4334 = CALENDAR_DATE ( 2026, 14, 9 ) ;
#4335 = IDENTIFICATION_ROLE ( 'external document id and location', $) ;
#4336 = CC_DESIGN_APPROVAL ( #1309, ( #825 ) ) ;
#4337 = APPROVAL_PERSON_ORGANIZATION ( #539, #956, #3216 ) ;
#4338 = CALENDAR_DATE ( 2026, 14, 9 ) ;
#4339 = CALENDAR_DATE ( 2026, 14, 9 ) ;
#4340 = CC_DESIGN_APPROVAL ( #57, ( #2898 ) ) ;
#4341 =( NAMED_UNIT ( * ) PLANE_ANGLE_UNIT ( ) SI_UNIT ( $, .RADIAN. ) );
#4342 = PRODUCT_DEFINITION_SHAPE ( 'NONE', 'NONE',  #4432 ) ;
#4343 = EXTERNAL_SOURCE (IDENTIFIER('') ) ;
#4344 = DATE_AND_TIME ( #716, #603 ) ;
#4345 = PROPERTY_DEFINITION ('document property','', #300 ) ;
#4346 = PERSON_AND_ORGANIZATION ( #3983, #18446744073709551615 ) ;
#4347 = DATE_AND_TIME ( #3015, #3165 ) ;
#4349 = DIRECTION ( 'NONE',  ( 1.224646799147353207E-16, 0.000000000000000000, 1.000000000000000000 ) ) ;
#4348 = CC_DESIGN_PERSON_AND_ORGANIZATION_ASSIGNMENT ( #2066, #3397, ( #3755 ) ) ;
#4350 = CC_DESIGN_DATE_AND_TIME_ASSIGNMENT ( #2608, #4265, ( #3407 ) ) ;
#4351 = PERSON ( 'NAUO-PER47', 'UNSPECIFIED', 'UNSPECIFIED', ('UNSPECIFIED'), ('UNSPECIFIED'), ('UNSPECIFIED') ) ;
#4352 = PERSON_AND_ORGANIZATION ( #1144, #3787 ) ;
#4353 = APPROVAL_DATE_TIME ( #2321, #3884 ) ;
#4354 = CALENDAR_DATE ( 2026, 14, 9 ) ;
#4355 =( REPRESENTATION_RELATIONSHIP ('NONE','NONE', #1787, #4386 ) REPRESENTATION_RELATIONSHIP_WITH_TRANSFORMATION ( #2897 )SHAPE_REPRESENTATION_RELATIONSHIP( ) );
#4356 = DATE_TIME_ROLE ( 'classification_date' ) ;
#4357 = CALENDAR_DATE ( 2026, 14, 9 ) ;
#4358 = DATE_AND_TIME ( #3305, #1148 ) ;
#4359 = APPLIED_EXTERNAL_IDENTIFICATION_ASSIGNMENT ( 'arandela_m4.STEP' , #3412, #2200,( #1339) ) ;
#4360 = APPLIED_DOCUMENT_REFERENCE ( #1996,'',( #1743) ) ;
#4361 = CARTESIAN_POINT ( 'NONE',  ( -156.7397650056624627, 10.13058558760610417, 920.1559814852328145 ) ) ;
#4362 = CC_DESIGN_APPROVAL ( #3143, ( #2156 ) ) ;
#4363 = APPROVAL_DATE_TIME ( #2319, #2533 ) ;
#4364 = CALENDAR_DATE ( 2026, 14, 9 ) ;
#4365 = CC_DESIGN_PERSON_AND_ORGANIZATION_ASSIGNMENT ( #1496, #2576, ( #2244 ) ) ;
#4366 = CC_DESIGN_SECURITY_CLASSIFICATION ( #3656, ( #2721 ) ) ;
#4367 = CC_DESIGN_DATE_AND_TIME_ASSIGNMENT ( #6, #2038, ( #3228 ) ) ;
#4368 = APPROVAL_ROLE ( '' ) ;
#4369 = PROPERTY_DEFINITION ('document property','', #3628 ) ;
#4370 = CC_DESIGN_APPROVAL ( #2918, ( #3789 ) ) ;
#4371 = UNCERTAINTY_MEASURE_WITH_UNIT (LENGTH_MEASURE( 1.000000000000000082E-05 ), #917, 'distance_accuracy_value', 'NONE');
#4372 = APPROVAL_STATUS ( 'not_yet_approved' ) ;
#4373 = CALENDAR_DATE ( 2026, 14, 9 ) ;
#4374 = APPROVAL_ROLE ( '' ) ;
#4375 = CC_DESIGN_APPROVAL ( #1551, ( #1443 ) ) ;
#4376 = AXIS2_PLACEMENT_3D ( 'NONE', #3691, #2292, #3306 ) ;
#4377 =( LENGTH_UNIT ( ) NAMED_UNIT ( * ) SI_UNIT ( .MILLI., .METRE. ) );
#4378 = DIRECTION ( 'NONE',  ( 0.000000000000000000, 0.000000000000000000, -1.000000000000000000 ) ) ;
#4379 = SECURITY_CLASSIFICATION_LEVEL ( 'unclassified' ) ;
#4380 = DOCUMENT_TYPE ( 'geometry' ) ;
#4381 = LOCAL_TIME ( 10, 32, 43.00000000000000000, #2705 ) ;
#4382 = PROPERTY_DEFINITION ('document property','', #890 ) ;
#4383 = APPROVAL_DATE_TIME ( #4003, #2415 ) ;
#4384 = DIRECTION ( 'NONE',  ( 2.533529012124449801E-16, 0.6458098534907438237, 0.7634982862680599336 ) ) ;
#4385 = LOCAL_TIME ( 10, 32, 43.00000000000000000, #3129 ) ;
#4386 = SHAPE_REPRESENTATION ( 'cabeza_v31', ( #1086 ), #1808 ) ;
#4387 = DATE_AND_TIME ( #2639, #2886 ) ;
#4388 = COORDINATED_UNIVERSAL_TIME_OFFSET ( 3, 0, .BEHIND. ) ;
#4389 = EXTERNAL_SOURCE (IDENTIFIER('') ) ;
#4390 = COORDINATED_UNIVERSAL_TIME_OFFSET ( 3, 0, .BEHIND. ) ;
#4391 = NEXT_ASSEMBLY_USAGE_OCCURRENCE ( 'NAUO1', ' ', ' ', #197, #1002, $ ) ;
#4392 = NEXT_ASSEMBLY_USAGE_OCCURRENCE ( 'NAUO2', ' ', ' ', #197, #395, $ ) ;
#4393 = NEXT_ASSEMBLY_USAGE_OCCURRENCE ( 'NAUO3', ' ', ' ', #197, #2072, $ ) ;
#4394 = NEXT_ASSEMBLY_USAGE_OCCURRENCE ( 'NAUO4', ' ', ' ', #197, #2219, $ ) ;
#4395 = NEXT_ASSEMBLY_USAGE_OCCURRENCE ( 'NAUO5', ' ', ' ', #197, #3796, $ ) ;
#4396 = NEXT_ASSEMBLY_USAGE_OCCURRENCE ( 'NAUO6', ' ', ' ', #197, #2812, $ ) ;
#4397 = NEXT_ASSEMBLY_USAGE_OCCURRENCE ( 'NAUO7', ' ', ' ', #197, #2812, $ ) ;
#4398 = NEXT_ASSEMBLY_USAGE_OCCURRENCE ( 'NAUO8', ' ', ' ', #197, #2274, $ ) ;
#4399 = NEXT_ASSEMBLY_USAGE_OCCURRENCE ( 'NAUO9', ' ', ' ', #197, #3796, $ ) ;
#4400 = NEXT_ASSEMBLY_USAGE_OCCURRENCE ( 'NAUO10', ' ', ' ', #197, #2812, $ ) ;
#4401 = NEXT_ASSEMBLY_USAGE_OCCURRENCE ( 'NAUO11', ' ', ' ', #197, #3657, $ ) ;
#4402 = NEXT_ASSEMBLY_USAGE_OCCURRENCE ( 'NAUO12', ' ', ' ', #197, #2812, $ ) ;
#4403 = NEXT_ASSEMBLY_USAGE_OCCURRENCE ( 'NAUO13', ' ', ' ', #197, #813, $ ) ;
#4404 = NEXT_ASSEMBLY_USAGE_OCCURRENCE ( 'NAUO14', ' ', ' ', #197, #1743, $ ) ;
#4405 = NEXT_ASSEMBLY_USAGE_OCCURRENCE ( 'NAUO15', ' ', ' ', #197, #3789, $ ) ;
#4406 = NEXT_ASSEMBLY_USAGE_OCCURRENCE ( 'NAUO16', ' ', ' ', #197, #1743, $ ) ;
#4407 = NEXT_ASSEMBLY_USAGE_OCCURRENCE ( 'NAUO17', ' ', ' ', #197, #3744, $ ) ;
#4408 = NEXT_ASSEMBLY_USAGE_OCCURRENCE ( 'NAUO18', ' ', ' ', #197, #3407, $ ) ;
#4409 = NEXT_ASSEMBLY_USAGE_OCCURRENCE ( 'NAUO19', ' ', ' ', #197, #2812, $ ) ;
#4410 = NEXT_ASSEMBLY_USAGE_OCCURRENCE ( 'NAUO20', ' ', ' ', #197, #2812, $ ) ;
#4411 = NEXT_ASSEMBLY_USAGE_OCCURRENCE ( 'NAUO21', ' ', ' ', #197, #2812, $ ) ;
#4412 = NEXT_ASSEMBLY_USAGE_OCCURRENCE ( 'NAUO22', ' ', ' ', #197, #624, $ ) ;
#4413 = NEXT_ASSEMBLY_USAGE_OCCURRENCE ( 'NAUO23', ' ', ' ', #197, #3657, $ ) ;
#4414 = NEXT_ASSEMBLY_USAGE_OCCURRENCE ( 'NAUO24', ' ', ' ', #197, #2812, $ ) ;
#4415 = NEXT_ASSEMBLY_USAGE_OCCURRENCE ( 'NAUO25', ' ', ' ', #197, #3666, $ ) ;
#4416 = NEXT_ASSEMBLY_USAGE_OCCURRENCE ( 'NAUO26', ' ', ' ', #197, #1475, $ ) ;
#4417 = NEXT_ASSEMBLY_USAGE_OCCURRENCE ( 'NAUO27', ' ', ' ', #197, #2812, $ ) ;
#4418 = NEXT_ASSEMBLY_USAGE_OCCURRENCE ( 'NAUO28', ' ', ' ', #197, #2812, $ ) ;
#4419 = NEXT_ASSEMBLY_USAGE_OCCURRENCE ( 'NAUO29', ' ', ' ', #197, #2812, $ ) ;
#4420 = NEXT_ASSEMBLY_USAGE_OCCURRENCE ( 'NAUO30', ' ', ' ', #197, #3666, $ ) ;
#4421 = NEXT_ASSEMBLY_USAGE_OCCURRENCE ( 'NAUO31', ' ', ' ', #197, #1475, $ ) ;
#4422 = NEXT_ASSEMBLY_USAGE_OCCURRENCE ( 'NAUO32', ' ', ' ', #197, #1743, $ ) ;
#4423 = NEXT_ASSEMBLY_USAGE_OCCURRENCE ( 'NAUO33', ' ', ' ', #197, #2812, $ ) ;
#4424 = NEXT_ASSEMBLY_USAGE_OCCURRENCE ( 'NAUO34', ' ', ' ', #197, #624, $ ) ;
#4425 = NEXT_ASSEMBLY_USAGE_OCCURRENCE ( 'NAUO35', ' ', ' ', #197, #3407, $ ) ;
#4426 = NEXT_ASSEMBLY_USAGE_OCCURRENCE ( 'NAUO36', ' ', ' ', #197, #1743, $ ) ;
#4427 = NEXT_ASSEMBLY_USAGE_OCCURRENCE ( 'NAUO37', ' ', ' ', #197, #3190, $ ) ;
#4428 = NEXT_ASSEMBLY_USAGE_OCCURRENCE ( 'NAUO38', ' ', ' ', #197, #813, $ ) ;
#4429 = NEXT_ASSEMBLY_USAGE_OCCURRENCE ( 'NAUO39', ' ', ' ', #197, #2072, $ ) ;
#4430 = NEXT_ASSEMBLY_USAGE_OCCURRENCE ( 'NAUO40', ' ', ' ', #197, #1002, $ ) ;
#4431 = NEXT_ASSEMBLY_USAGE_OCCURRENCE ( 'NAUO41', ' ', ' ', #197, #395, $ ) ;
#4432 = NEXT_ASSEMBLY_USAGE_OCCURRENCE ( 'NAUO42', ' ', ' ', #197, #2219, $ ) ;
#4433 = NEXT_ASSEMBLY_USAGE_OCCURRENCE ( 'NAUO43', ' ', ' ', #197, #3789, $ ) ;
#4434 = NEXT_ASSEMBLY_USAGE_OCCURRENCE ( 'NAUO44', ' ', ' ', #197, #3744, $ ) ;
#4435 = NEXT_ASSEMBLY_USAGE_OCCURRENCE ( 'NAUO45', ' ', ' ', #197, #2812, $ ) ;
#4436 = NEXT_ASSEMBLY_USAGE_OCCURRENCE ( 'NAUO46', ' ', ' ', #197, #3657, $ ) ;
#4437 = NEXT_ASSEMBLY_USAGE_OCCURRENCE ( 'NAUO47', ' ', ' ', #197, #2812, $ ) ;
#4438 = NEXT_ASSEMBLY_USAGE_OCCURRENCE ( 'NAUO48', ' ', ' ', #197, #2812, $ ) ;
#4439 = NEXT_ASSEMBLY_USAGE_OCCURRENCE ( 'NAUO49', ' ', ' ', #197, #1475, $ ) ;
#4440 = NEXT_ASSEMBLY_USAGE_OCCURRENCE ( 'NAUO50', ' ', ' ', #197, #1743, $ ) ;
#4441 = NEXT_ASSEMBLY_USAGE_OCCURRENCE ( 'NAUO51', ' ', ' ', #197, #1475, $ ) ;
#4442 = NEXT_ASSEMBLY_USAGE_OCCURRENCE ( 'NAUO52', ' ', ' ', #197, #3666, $ ) ;
#4443 = NEXT_ASSEMBLY_USAGE_OCCURRENCE ( 'NAUO53', ' ', ' ', #197, #3666, $ ) ;
#4444 = NEXT_ASSEMBLY_USAGE_OCCURRENCE ( 'NAUO54', ' ', ' ', #197, #2812, $ ) ;
#4445 = NEXT_ASSEMBLY_USAGE_OCCURRENCE ( 'NAUO55', ' ', ' ', #197, #1743, $ ) ;
#4446 = NEXT_ASSEMBLY_USAGE_OCCURRENCE ( 'NAUO56', ' ', ' ', #197, #2812, $ ) ;
#4447 = NEXT_ASSEMBLY_USAGE_OCCURRENCE ( 'NAUO57', ' ', ' ', #197, #2274, $ ) ;
#4448 = NEXT_ASSEMBLY_USAGE_OCCURRENCE ( 'NAUO58', ' ', ' ', #197, #2812, $ ) ;
#4449 = NEXT_ASSEMBLY_USAGE_OCCURRENCE ( 'NAUO59', ' ', ' ', #197, #2812, $ ) ;
#4450 = NEXT_ASSEMBLY_USAGE_OCCURRENCE ( 'NAUO60', ' ', ' ', #197, #2812, $ ) ;
#4451 = NEXT_ASSEMBLY_USAGE_OCCURRENCE ( 'NAUO61', ' ', ' ', #197, #3657, $ ) ;
#4452 = NEXT_ASSEMBLY_USAGE_OCCURRENCE ( 'NAUO62', ' ', ' ', #197, #2812, $ ) ;
#4453 = NEXT_ASSEMBLY_USAGE_OCCURRENCE ( 'NAUO63', ' ', ' ', #197, #2812, $ ) ;
#4454 = NEXT_ASSEMBLY_USAGE_OCCURRENCE ( 'NAUO64', ' ', ' ', #197, #3796, $ ) ;
#4455 = NEXT_ASSEMBLY_USAGE_OCCURRENCE ( 'NAUO65', ' ', ' ', #197, #3796, $ ) ;
ENDSEC;
END-ISO-10303-21;
