ISO-10303-21;
HEADER;
FILE_DESCRIPTION (( 'STEP AP203' ),
    '1' );
FILE_NAME ('cabeza_v31.STEP',
    '2026-09-14T13:32:40',
    ( '' ),
    ( '' ),
    'SwSTEP 2.0',
    'SolidWorks 2026',
    '' );
FILE_SCHEMA (( 'CONFIG_CONTROL_DESIGN' ));
ENDSEC;

DATA;
#1 = FACE_OUTER_BOUND ( 'NONE', #944, .T. ) ;
#2 = CIRCLE ( 'NONE', #5430, 2.100000000000000977 ) ;
#3 = EDGE_CURVE ( 'NONE', #5087, #1565, #2894, .T. ) ;
#4 = ORIENTED_EDGE ( 'NONE', *, *, #5854, .F. ) ;
#5 = LINE ( 'NONE', #2030, #477 ) ;
#6 = ORIENTED_EDGE ( 'NONE', *, *, #3429, .F. ) ;
#7 = EDGE_CURVE ( 'NONE', #6214, #283, #4457, .T. ) ;
#8 = VERTEX_POINT ( 'NONE', #854 ) ;
#9 = LINE ( 'NONE', #3010, #1100 ) ;
#10 = VECTOR ( 'NONE', #2749, 1000.000000000000000 ) ;
#11 = EDGE_CURVE ( 'NONE', #776, #645, #4922, .T. ) ;
#12 = ORIENTED_EDGE ( 'NONE', *, *, #1557, .T. ) ;
#13 = DIRECTION ( 'NONE',  ( -0.000000000000000000, 3.489217355721594252E-17, -1.000000000000000000 ) ) ;
#14 = CARTESIAN_POINT ( 'NONE',  ( 94.49999999999991473, 66.33974596215564645, 2.314737929853150582E-15 ) ) ;
#15 = DIRECTION ( 'NONE',  ( 0.000000000000000000, 0.000000000000000000, 1.000000000000000000 ) ) ;
#16 = ORIENTED_EDGE ( 'NONE', *, *, #610, .F. ) ;
#17 = ORIENTED_EDGE ( 'NONE', *, *, #2129, .F. ) ;
#18 = CARTESIAN_POINT ( 'NONE',  ( 131.2500000000000000, 28.66764089753271350, 1.000276301672653165E-15 ) ) ;
#19 = VERTEX_POINT ( 'NONE', #422 ) ;
#20 = VECTOR ( 'NONE', #3457, 1000.000000000000000 ) ;
#21 = CARTESIAN_POINT ( 'NONE',  ( 84.74999999999997158, 15.67725984076613699, 10.00000000000000000 ) ) ;
#22 = EDGE_CURVE ( 'NONE', #4816, #1746, #1382, .T. ) ;
#23 = LINE ( 'NONE', #6581, #3807 ) ;
#24 = CARTESIAN_POINT ( 'NONE',  ( 141.0000000000000000, -202.2374841615668686, 3.000000000000019096 ) ) ;
#25 = VECTOR ( 'NONE', #5415, 1000.000000000000227 ) ;
#26 = EDGE_LOOP ( 'NONE', ( #4688, #1253, #1409, #1048 ) ) ;
#27 = DIRECTION ( 'NONE',  ( -0.8660254037844393737, 0.4999999999999985012, 1.744608677860792196E-17 ) ) ;
#28 = LINE ( 'NONE', #4585, #5650 ) ;
#29 = LINE ( 'NONE', #2967, #1845 ) ;
#30 = PLANE ( 'NONE',  #3791 ) ;
#31 = VECTOR ( 'NONE', #1819, 1000.000000000000114 ) ;
#32 = DIRECTION ( 'NONE',  ( -0.8660254037844387076, -0.4999999999999999445, 0.000000000000000000 ) ) ;
#33 = EDGE_LOOP ( 'NONE', ( #2606, #2315, #5202, #102 ) ) ;
#34 = CARTESIAN_POINT ( 'NONE',  ( 0.000000000000000000, 0.000000000000000000, 0.000000000000000000 ) ) ;
#35 = APPROVAL ( #4903, 'Coincidente' ) ;
#36 = ADVANCED_FACE ( 'NONE', ( #886 ), #484, .F. ) ;
#37 = ORIENTED_EDGE ( 'NONE', *, *, #2255, .F. ) ;
#38 = DIRECTION ( 'NONE',  ( 0.8660254037844383745, -0.5000000000000004441, 0.000000000000000000 ) ) ;
#39 = PLANE ( 'NONE',  #2842 ) ;
#40 = ORIENTED_EDGE ( 'NONE', *, *, #308, .T. ) ;
#41 = VECTOR ( 'NONE', #6357, 1000.000000000000000 ) ;
#42 = ORIENTED_EDGE ( 'NONE', *, *, #6424, .T. ) ;
#43 = CARTESIAN_POINT ( 'NONE',  ( 28.49999999999999645, 79.33012701892225493, 10.00000000000000355 ) ) ;
#44 = ORIENTED_EDGE ( 'NONE', *, *, #3134, .F. ) ;
#45 = CARTESIAN_POINT ( 'NONE',  ( -112.5473520826015204, -2.103599674451700707, 3.000000000000019096 ) ) ;
#46 = CARTESIAN_POINT ( 'NONE',  ( 55.49999999999997868, 32.56475521456263067, 10.00000000000000178 ) ) ;
#47 = ORIENTED_EDGE ( 'NONE', *, *, #977, .F. ) ;
#48 = VERTEX_POINT ( 'NONE', #5925 ) ;
#49 = CARTESIAN_POINT ( 'NONE',  ( 0.000000000000000000, 38.99486378953769616, 3.165189861605833194E-14 ) ) ;
#50 = CIRCLE ( 'NONE', #2065, 2.100000000000000977 ) ;
#51 = ORIENTED_EDGE ( 'NONE', *, *, #819, .T. ) ;
#52 = CARTESIAN_POINT ( 'NONE',  ( 55.49999999999997868, 83.66025403784443881, 10.00000000000000355 ) ) ;
#53 = CARTESIAN_POINT ( 'NONE',  ( 131.2500000000000000, 62.44263164512573638, 2.178759140731031568E-15 ) ) ;
#54 = LINE ( 'NONE', #6118, #1597 ) ;
#55 = AXIS2_PLACEMENT_3D ( 'NONE', #1821, #5428, #225 ) ;
#56 = VERTEX_POINT ( 'NONE', #4954 ) ;
#57 = LINE ( 'NONE', #2678, #652 ) ;
#58 = CARTESIAN_POINT ( 'NONE',  ( 9.000000000000007105, 45.55513627132927468, 10.00000000000000178 ) ) ;
#59 = EDGE_CURVE ( 'NONE', #309, #5610, #1502, .T. ) ;
#60 = CARTESIAN_POINT ( 'NONE',  ( 150.0010000000000048, 85.06340628446157837, 10.81072832108001514 ) ) ;
#61 = DIRECTION ( 'NONE',  ( 0.8660254037844397068, 0.4999999999999979461, 0.000000000000000000 ) ) ;
#62 = VERTEX_POINT ( 'NONE', #1348 ) ;
#63 = VECTOR ( 'NONE', #3980, 999.9999999999998863 ) ;
#64 = CARTESIAN_POINT ( 'NONE',  ( 96.75000000000000000, 53.78237760728131889, 3.000000000000019096 ) ) ;
#65 = EDGE_CURVE ( 'NONE', #5582, #2230, #387, .T. ) ;
#66 = DIRECTION ( 'NONE',  ( 0.8660254037844378194, 0.5000000000000014433, 1.744608677860803597E-17 ) ) ;
#67 = EDGE_CURVE ( 'NONE', #283, #3876, #5995, .T. ) ;
#68 = DIRECTION ( 'NONE',  ( -0.000000000000000000, 3.489217355721594252E-17, -1.000000000000000000 ) ) ;
#69 = ORIENTED_EDGE ( 'NONE', *, *, #398, .T. ) ;
#70 = ORIENTED_EDGE ( 'NONE', *, *, #3908, .T. ) ;
#71 = ORIENTED_EDGE ( 'NONE', *, *, #3331, .F. ) ;
#72 = CARTESIAN_POINT ( 'NONE',  ( 92.24999999999997158, 28.66764089753272060, 10.00000000000000178 ) ) ;
#73 = VECTOR ( 'NONE', #1656, 1000.000000000000000 ) ;
#74 = CARTESIAN_POINT ( 'NONE',  ( 57.75000000000000711, 53.78237760728131889, 10.00000000000000178 ) ) ;
#75 = VECTOR ( 'NONE', #2328, 999.9999999999998863 ) ;
#76 = ORIENTED_EDGE ( 'NONE', *, *, #2390, .T. ) ;
#77 = VECTOR ( 'NONE', #2554, 1000.000000000000000 ) ;
#78 = VERTEX_POINT ( 'NONE', #6058 ) ;
#79 = CARTESIAN_POINT ( 'NONE',  ( 121.4999999999999858, 70.66987298107788718, 3.000000000000019096 ) ) ;
#80 = ADVANCED_FACE ( 'NONE', ( #2421 ), #917, .F. ) ;
#81 = VECTOR ( 'NONE', #1195, 1000.000000000000114 ) ;
#82 = EDGE_LOOP ( 'NONE', ( #5250, #5534, #1410, #3971, #3855 ) ) ;
#83 = DIRECTION ( 'NONE',  ( 0.8660254037844387076, 0.4999999999999997780, 0.000000000000000000 ) ) ;
#84 = CARTESIAN_POINT ( 'NONE',  ( 131.2500000000000000, 28.66764089753271350, 1.000276301672653165E-15 ) ) ;
#85 = DIRECTION ( 'NONE',  ( -0.000000000000000000, 3.489217355721594252E-17, -1.000000000000000000 ) ) ;
#86 = ORIENTED_EDGE ( 'NONE', *, *, #4104, .T. ) ;
#87 = DIRECTION ( 'NONE',  ( 0.5000000000000003331, 0.8660254037844385966, 3.021750869380464870E-17 ) ) ;
#88 = CARTESIAN_POINT ( 'NONE',  ( 116.2500000000000000, 53.78237760728131889, 10.00000000000000178 ) ) ;
#89 = CARTESIAN_POINT ( 'NONE',  ( -0.001000000000001000089, 38.99486378953769616, 6.764530565822896497E-15 ) ) ;
#90 = CARTESIAN_POINT ( 'NONE',  ( 139.9223520826014919, 34.91898633733323010, 3.000000000000019096 ) ) ;
#91 = EDGE_LOOP ( 'NONE', ( #5487, #3609, #1427, #2490, #632, #181 ) ) ;
#92 = CARTESIAN_POINT ( 'NONE',  ( 150.0000000000000000, -1.714505518806294283E-14, 140.0000000000000000 ) ) ;
#93 = EDGE_CURVE ( 'NONE', #5356, #3238, #1916, .T. ) ;
#94 = LINE ( 'NONE', #1182, #6221 ) ;
#95 = EDGE_CURVE ( 'NONE', #3952, #775, #3403, .T. ) ;
#96 = LINE ( 'NONE', #5224, #180 ) ;
#97 = ORIENTED_EDGE ( 'NONE', *, *, #2512, .F. ) ;
#98 = AXIS2_PLACEMENT_3D ( 'NONE', #6057, #386, #2992 ) ;
#99 = ORIENTED_EDGE ( 'NONE', *, *, #6228, .F. ) ;
#100 = EDGE_CURVE ( 'NONE', #3281, #1705, #3466, .T. ) ;
#101 = ADVANCED_FACE ( 'NONE', ( #2993 ), #4423, .F. ) ;
#102 = ORIENTED_EDGE ( 'NONE', *, *, #11, .F. ) ;
#103 = CARTESIAN_POINT ( 'NONE',  ( 3.000000000000008438, 49.99999999999999289, 140.0000000000000000 ) ) ;
#104 = CARTESIAN_POINT ( 'NONE',  ( 16.49999999999998579, 32.56475521456263067, 3.000000000000019096 ) ) ;
#105 = ORIENTED_EDGE ( 'NONE', *, *, #3693, .T. ) ;
#106 = EDGE_CURVE ( 'NONE', #6412, #3974, #5016, .T. ) ;
#107 = VECTOR ( 'NONE', #584, 1000.000000000000000 ) ;
#108 = EDGE_LOOP ( 'NONE', ( #1008, #2476, #2636, #3684 ) ) ;
#109 = LINE ( 'NONE', #3145, #3598 ) ;
#110 = ORIENTED_EDGE ( 'NONE', *, *, #5880, .T. ) ;
#111 = CARTESIAN_POINT ( 'NONE',  ( 147.0000000000000284, 38.99486378953768906, 74.56121421188652221 ) ) ;
#112 = PLANE ( 'NONE',  #6242 ) ;
#113 = CARTESIAN_POINT ( 'NONE',  ( 150.0000000000000000, 0.000000000000000000, 0.000000000000000000 ) ) ;
#114 = ORIENTED_EDGE ( 'NONE', *, *, #5703, .F. ) ;
#115 = VERTEX_POINT ( 'NONE', #2961 ) ;
#116 = FACE_OUTER_BOUND ( 'NONE', #434, .T. ) ;
#117 = LINE ( 'NONE', #88, #3198 ) ;
#118 = VECTOR ( 'NONE', #1808, 1000.000000000000114 ) ;
#119 = VERTEX_POINT ( 'NONE', #2454 ) ;
#120 = CARTESIAN_POINT ( 'NONE',  ( 113.9999999999999716, 32.56475521456263067, 3.000000000000019096 ) ) ;
#121 = CARTESIAN_POINT ( 'NONE',  ( -80.67235208260150614, -57.31271916570959490, 3.000000000000019096 ) ) ;
#122 = ORIENTED_EDGE ( 'NONE', *, *, #1039, .T. ) ;
#123 = PLANE ( 'NONE',  #344 ) ;
#124 = EDGE_CURVE ( 'NONE', #1396, #4355, #2488, .T. ) ;
#125 = VECTOR ( 'NONE', #2425, 1000.000000000000114 ) ;
#126 = FACE_OUTER_BOUND ( 'NONE', #4101, .T. ) ;
#127 = FACE_OUTER_BOUND ( 'NONE', #3382, .T. ) ;
#128 = ORIENTED_EDGE ( 'NONE', *, *, #3607, .F. ) ;
#129 = DIRECTION ( 'NONE',  ( -0.8660254037844388186, 0.4999999999999996669, 0.000000000000000000 ) ) ;
#130 = VECTOR ( 'NONE', #6153, 1000.000000000000114 ) ;
#131 = ORIENTED_EDGE ( 'NONE', *, *, #95, .F. ) ;
#132 = VERTEX_POINT ( 'NONE', #1950 ) ;
#133 = DIRECTION ( 'NONE',  ( -0.000000000000000000, 3.489217355721594252E-17, -1.000000000000000000 ) ) ;
#134 = LINE ( 'NONE', #5735, #2190 ) ;
#135 = ORIENTED_EDGE ( 'NONE', *, *, #5933, .T. ) ;
#136 = CARTESIAN_POINT ( 'NONE',  ( 16.49999999999998579, 83.66025403784443881, 3.000000000000019096 ) ) ;
#137 = DIRECTION ( 'NONE',  ( -1.000000000000000000, -0.000000000000000000, 0.000000000000000000 ) ) ;
#138 = VECTOR ( 'NONE', #5255, 1000.000000000000114 ) ;
#139 = ORIENTED_EDGE ( 'NONE', *, *, #5475, .T. ) ;
#140 = CARTESIAN_POINT ( 'NONE',  ( 37.50000000000000711, 101.4800689266309348, -7.352509501688614613 ) ) ;
#141 = ADVANCED_FACE ( 'NONE', ( #6030 ), #4517, .F. ) ;
#142 = DIRECTION ( 'NONE',  ( -1.602468905319638141E-15, 1.000000000000000000, 0.000000000000000000 ) ) ;
#143 = CARTESIAN_POINT ( 'NONE',  ( 92.24999999999997158, 28.66764089753272060, 3.000000000000019096 ) ) ;
#144 = EDGE_CURVE ( 'NONE', #2944, #974, #3852, .T. ) ;
#145 = FACE_BOUND ( 'NONE', #2122, .T. ) ;
#146 = ORIENTED_EDGE ( 'NONE', *, *, #5649, .T. ) ;
#147 = ORIENTED_EDGE ( 'NONE', *, *, #1137, .F. ) ;
#148 = LINE ( 'NONE', #6179, #1718 ) ;
#149 = CARTESIAN_POINT ( 'NONE',  ( 84.74999999999997158, 15.67725984076613699, 5.470136712655835703E-16 ) ) ;
#150 = EDGE_CURVE ( 'NONE', #4139, #1032, #4175, .T. ) ;
#151 = ORIENTED_EDGE ( 'NONE', *, *, #3203, .T. ) ;
#152 = ORIENTED_EDGE ( 'NONE', *, *, #3533, .T. ) ;
#153 = VECTOR ( 'NONE', #1399, 1000.000000000000000 ) ;
#154 = FACE_OUTER_BOUND ( 'NONE', #3793, .T. ) ;
#155 = DIRECTION ( 'NONE',  ( 0.000000000000000000, 0.000000000000000000, -1.000000000000000000 ) ) ;
#156 = VERTEX_POINT ( 'NONE', #1104 ) ;
#157 = CARTESIAN_POINT ( 'NONE',  ( 139.9223520826015488, 34.91898633733308799, 3.000000000000019096 ) ) ;
#158 = DIRECTION ( 'NONE',  ( -0.8660254037844383745, -0.5000000000000004441, 0.000000000000000000 ) ) ;
#159 = VECTOR ( 'NONE', #4419, 1000.000000000000114 ) ;
#160 = DIRECTION ( 'NONE',  ( -0.000000000000000000, 3.489217355721594252E-17, -1.000000000000000000 ) ) ;
#161 = CARTESIAN_POINT ( 'NONE',  ( 3.000000000000000000, 3.000000000000002665, 3.000000000000019096 ) ) ;
#162 = CARTESIAN_POINT ( 'NONE',  ( 37.50000000000000711, 98.48368917940753420, -10.70984600707936529 ) ) ;
#163 = ORIENTED_EDGE ( 'NONE', *, *, #1001, .F. ) ;
#164 = DIRECTION ( 'NONE',  ( 0.000000000000000000, -8.673617379884035472E-17, -1.000000000000000000 ) ) ;
#165 = ORIENTED_EDGE ( 'NONE', *, *, #6537, .T. ) ;
#166 = ORIENTED_EDGE ( 'NONE', *, *, #4695, .F. ) ;
#167 = LINE ( 'NONE', #1693, #4539 ) ;
#168 = EDGE_LOOP ( 'NONE', ( #1207, #37, #4836, #5528, #182, #6248 ) ) ;
#169 = DIRECTION ( 'NONE',  ( 0.000000000000000000, -1.224646799147352961E-16, 1.000000000000000000 ) ) ;
#170 = EDGE_CURVE ( 'NONE', #3133, #5276, #6176, .T. ) ;
#171 = CARTESIAN_POINT ( 'NONE',  ( 3.000000000000002665, 100.0000000000000000, 90.00000000000001421 ) ) ;
#172 = AXIS2_PLACEMENT_3D ( 'NONE', #6504, #6050, #3918 ) ;
#173 = AXIS2_PLACEMENT_3D ( 'NONE', #2469, #1799, #1295 ) ;
#174 = ORIENTED_EDGE ( 'NONE', *, *, #3258, .F. ) ;
#175 = CARTESIAN_POINT ( 'NONE',  ( 28.49999999999999645, 36.89488223348482165, 1.287342634263795411E-15 ) ) ;
#176 = DIRECTION ( 'NONE',  ( 0.4999999999999998335, -0.8660254037844388186, -3.021750869380465486E-17 ) ) ;
#177 = LINE ( 'NONE', #4202, #1236 ) ;
#178 = EDGE_CURVE ( 'NONE', #5398, #1277, #6209, .T. ) ;
#179 = LINE ( 'NONE', #4242, #2462 ) ;
#180 = VECTOR ( 'NONE', #5637, 1000.000000000000000 ) ;
#181 = ORIENTED_EDGE ( 'NONE', *, *, #5672, .T. ) ;
#182 = ORIENTED_EDGE ( 'NONE', *, *, #3159, .F. ) ;
#183 = DIRECTION ( 'NONE',  ( 0.5000000000000004441, 0.8660254037844383745, 3.021750869380464253E-17 ) ) ;
#184 = VECTOR ( 'NONE', #1377, 1000.000000000000000 ) ;
#185 = DIRECTION ( 'NONE',  ( 0.8660254037844387076, 0.4999999999999997780, 0.000000000000000000 ) ) ;
#186 = ADVANCED_FACE ( 'NONE', ( #1602 ), #6151, .F. ) ;
#187 = EDGE_CURVE ( 'NONE', #741, #6364, #5589, .T. ) ;
#188 = VECTOR ( 'NONE', #4560, 1000.000000000000114 ) ;
#189 = ORIENTED_EDGE ( 'NONE', *, *, #3333, .F. ) ;
#190 = EDGE_LOOP ( 'NONE', ( #3142, #1778, #2575, #404 ) ) ;
#191 = DIRECTION ( 'NONE',  ( -0.8660254037844390407, -0.4999999999999991673, 0.000000000000000000 ) ) ;
#192 = DIRECTION ( 'NONE',  ( -1.000000000000000000, 0.000000000000000000, 1.130013531886300531E-16 ) ) ;
#193 = ORIENTED_EDGE ( 'NONE', *, *, #1039, .F. ) ;
#194 = CARTESIAN_POINT ( 'NONE',  ( 53.24999999999997868, 20.00738685968833508, 3.000000000000019096 ) ) ;
#195 = CARTESIAN_POINT ( 'NONE',  ( 77.25000000000001421, 53.78237760728131889, 1.876584053792984316E-15 ) ) ;
#196 = PLANE ( 'NONE',  #567 ) ;
#197 = DIRECTION ( 'NONE',  ( -0.000000000000000000, 3.489217355721594252E-17, -1.000000000000000000 ) ) ;
#198 = DIRECTION ( 'NONE',  ( -0.5000000000000004441, -0.8660254037844383745, -3.021750869380464253E-17 ) ) ;
#199 = VERTEX_POINT ( 'NONE', #549 ) ;
#200 = DIRECTION ( 'NONE',  ( -1.000000000000000000, -0.000000000000000000, 1.880926496205912652E-16 ) ) ;
#201 = EDGE_CURVE ( 'NONE', #1460, #2614, #3184, .T. ) ;
#202 = ORIENTED_EDGE ( 'NONE', *, *, #5071, .T. ) ;
#203 = ORIENTED_EDGE ( 'NONE', *, *, #6011, .T. ) ;
#204 = FACE_OUTER_BOUND ( 'NONE', #4079, .T. ) ;
#205 = EDGE_CURVE ( 'NONE', #5614, #4316, #1047, .T. ) ;
#206 = ORIENTED_EDGE ( 'NONE', *, *, #3003, .F. ) ;
#207 = LINE ( 'NONE', #4769, #2164 ) ;
#208 = EDGE_CURVE ( 'NONE', #4962, #3133, #3650, .T. ) ;
#209 = DIRECTION ( 'NONE',  ( -0.000000000000000000, 0.000000000000000000, -1.000000000000000000 ) ) ;
#210 = VERTEX_POINT ( 'NONE', #4084 ) ;
#211 = CARTESIAN_POINT ( 'NONE',  ( 133.4999999999999716, 83.66025403784443881, 3.000000000000019096 ) ) ;
#212 = FACE_OUTER_BOUND ( 'NONE', #5214, .T. ) ;
#213 = DIRECTION ( 'NONE',  ( 1.000000000000000000, -0.000000000000000000, -0.000000000000000000 ) ) ;
#214 = CARTESIAN_POINT ( 'NONE',  ( 43.49999999999998579, 70.66987298107788718, 2.465825473322174997E-15 ) ) ;
#215 = ORIENTED_EDGE ( 'NONE', *, *, #4502, .T. ) ;
#216 = ORIENTED_EDGE ( 'NONE', *, *, #5110, .F. ) ;
#217 = LINE ( 'NONE', #5277, #4838 ) ;
#218 = PLANE ( 'NONE',  #6355 ) ;
#219 = EDGE_LOOP ( 'NONE', ( #746, #4697, #1242, #5736 ) ) ;
#220 = ORIENTED_EDGE ( 'NONE', *, *, #3182, .T. ) ;
#221 = LINE ( 'NONE', #783, #827 ) ;
#222 = CARTESIAN_POINT ( 'NONE',  ( 3.000000000000008438, 17.99486378953769261, 74.56121421188655063 ) ) ;
#223 = EDGE_LOOP ( 'NONE', ( #1879, #1022, #1533, #1694 ) ) ;
#224 = CARTESIAN_POINT ( 'NONE',  ( 9.000000000000007105, -202.2374841615668686, 3.000000000000019096 ) ) ;
#225 = DIRECTION ( 'NONE',  ( 0.000000000000000000, 0.000000000000000000, -1.000000000000000000 ) ) ;
#226 = DIRECTION ( 'NONE',  ( -0.5000000000000015543, -0.8660254037844378194, -3.021750869380462404E-17 ) ) ;
#227 = FACE_OUTER_BOUND ( 'NONE', #6562, .T. ) ;
#228 = VECTOR ( 'NONE', #6421, 1000.000000000000000 ) ;
#229 = EDGE_CURVE ( 'NONE', #1365, #1568, #1516, .T. ) ;
#230 = LINE ( 'NONE', #331, #826 ) ;
#231 = VERTEX_POINT ( 'NONE', #2082 ) ;
#232 = EDGE_CURVE ( 'NONE', #2447, #6578, #54, .T. ) ;
#233 = CARTESIAN_POINT ( 'NONE',  ( 77.24999999999998579, 20.00738685968835640, 6.981012147346078861E-16 ) ) ;
#234 = ORIENTED_EDGE ( 'NONE', *, *, #2860, .T. ) ;
#235 = AXIS2_PLACEMENT_3D ( 'NONE', #1151, #658, #15 ) ;
#236 = VERTEX_POINT ( 'NONE', #4645 ) ;
#237 = LINE ( 'NONE', #2733, #6348 ) ;
#238 = VECTOR ( 'NONE', #2017, 999.9999999999998863 ) ;
#239 = ORIENTED_EDGE ( 'NONE', *, *, #106, .F. ) ;
#240 = DIRECTION ( 'NONE',  ( -1.000000000000000000, -0.000000000000000000, 1.880926496205912652E-16 ) ) ;
#241 = DIRECTION ( 'NONE',  ( 0.000000000000000000, 1.000000000000000000, 3.489217355721594868E-17 ) ) ;
#242 = CARTESIAN_POINT ( 'NONE',  ( 133.4999999999999716, 32.56475521456263067, 3.000000000000019096 ) ) ;
#243 = CARTESIAN_POINT ( 'NONE',  ( 133.4999999999999147, 66.33974596215564645, 2.314737929853150582E-15 ) ) ;
#244 = CARTESIAN_POINT ( 'NONE',  ( 16.49999999999993250, 49.88526329025141592, 1.740605264670865696E-15 ) ) ;
#245 = DIRECTION ( 'NONE',  ( 1.000000000000000000, 0.000000000000000000, 0.000000000000000000 ) ) ;
#246 = ORIENTED_EDGE ( 'NONE', *, *, #4495, .F. ) ;
#247 = EDGE_LOOP ( 'NONE', ( #2536, #4332, #44, #2859 ) ) ;
#248 = CARTESIAN_POINT ( 'NONE',  ( -93.04735208260146351, -35.87859042204455307, 3.000000000000019096 ) ) ;
#249 = AXIS2_PLACEMENT_3D ( 'NONE', #790, #2931, #362 ) ;
#250 = CARTESIAN_POINT ( 'NONE',  ( 62.99999999999998579, 36.89488223348483587, 1.287342634263795608E-15 ) ) ;
#251 = EDGE_LOOP ( 'NONE', ( #1077, #2140, #2039, #3843 ) ) ;
#252 = VERTEX_POINT ( 'NONE', #1632 ) ;
#253 = FACE_BOUND ( 'NONE', #833, .T. ) ;
#254 = DIRECTION ( 'NONE',  ( 2.209540906293939790E-16, -0.7460747789757220527, 0.6658621660496468753 ) ) ;
#255 = ORIENTED_EDGE ( 'NONE', *, *, #4209, .T. ) ;
#256 = DIRECTION ( 'NONE',  ( 1.000000000000000000, -0.000000000000000000, -1.437389243825479109E-16 ) ) ;
#257 = PLANE ( 'NONE',  #3246 ) ;
#258 = EDGE_CURVE ( 'NONE', #942, #1634, #3562, .T. ) ;
#259 = VECTOR ( 'NONE', #3041, 1000.000000000000000 ) ;
#260 = CARTESIAN_POINT ( 'NONE',  ( 147.0000000000000284, 49.99999999999999289, 90.00000000000001421 ) ) ;
#261 = CARTESIAN_POINT ( 'NONE',  ( 33.74999999999997158, 28.66764089753274902, 1.000276301672654546E-15 ) ) ;
#262 = LINE ( 'NONE', #5794, #3273 ) ;
#263 = ORIENTED_EDGE ( 'NONE', *, *, #4874, .T. ) ;
#264 = ORIENTED_EDGE ( 'NONE', *, *, #5270, .F. ) ;
#265 = DIRECTION ( 'NONE',  ( -0.000000000000000000, 3.489217355721594252E-17, -1.000000000000000000 ) ) ;
#266 = VECTOR ( 'NONE', #1437, 1000.000000000000000 ) ;
#267 = VECTOR ( 'NONE', #5157, 1000.000000000000000 ) ;
#268 = ORIENTED_EDGE ( 'NONE', *, *, #2933, .T. ) ;
#269 = EDGE_CURVE ( 'NONE', #6569, #1698, #5653, .T. ) ;
#270 = ADVANCED_FACE ( 'NONE', ( #1076 ), #1014, .F. ) ;
#271 = ORIENTED_EDGE ( 'NONE', *, *, #2662, .F. ) ;
#272 = FACE_OUTER_BOUND ( 'NONE', #4058, .T. ) ;
#273 = CIRCLE ( 'NONE', #1439, 4.499999999999997335 ) ;
#274 = VERTEX_POINT ( 'NONE', #2015 ) ;
#275 = DIRECTION ( 'NONE',  ( -0.000000000000000000, 3.489217355721594252E-17, -1.000000000000000000 ) ) ;
#276 = DIRECTION ( 'NONE',  ( -0.5000000000000015543, 0.8660254037844378194, 3.021750869380462404E-17 ) ) ;
#277 = EDGE_LOOP ( 'NONE', ( #3202, #2703, #6435, #4564, #4017, #2069 ) ) ;
#278 = DIRECTION ( 'NONE',  ( 0.5000000000000004441, 0.8660254037844384856, 3.021750869380464253E-17 ) ) ;
#279 = EDGE_CURVE ( 'NONE', #4939, #4665, #3056, .T. ) ;
#280 = FACE_OUTER_BOUND ( 'NONE', #6325, .T. ) ;
#281 = DIRECTION ( 'NONE',  ( -1.000000000000000000, -0.000000000000000000, 3.318315740031391761E-16 ) ) ;
#282 = LINE ( 'NONE', #638, #3316 ) ;
#283 = VERTEX_POINT ( 'NONE', #2555 ) ;
#284 = EDGE_CURVE ( 'NONE', #4352, #1313, #4582, .T. ) ;
#285 = ORIENTED_EDGE ( 'NONE', *, *, #5426, .F. ) ;
#286 = PLANE ( 'NONE',  #1296 ) ;
#287 = DIRECTION ( 'NONE',  ( 0.8660254037844383745, -0.5000000000000003331, -1.744608677860795893E-17 ) ) ;
#288 = ORIENTED_EDGE ( 'NONE', *, *, #1982, .T. ) ;
#289 = VECTOR ( 'NONE', #6150, 1000.000000000000000 ) ;
#290 = FACE_OUTER_BOUND ( 'NONE', #6283, .T. ) ;
#291 = CARTESIAN_POINT ( 'NONE',  ( 26.24999999999999645, 15.67725984076617074, 10.00000000000000000 ) ) ;
#292 = ORIENTED_EDGE ( 'NONE', *, *, #1449, .T. ) ;
#293 = LINE ( 'NONE', #3763, #5348 ) ;
#294 = DIRECTION ( 'NONE',  ( 0.8660254037844385966, 0.4999999999999998890, 0.000000000000000000 ) ) ;
#295 = VECTOR ( 'NONE', #1084, 1000.000000000000114 ) ;
#296 = VECTOR ( 'NONE', #2086, 999.9999999999998863 ) ;
#297 = ADVANCED_FACE ( 'NONE', ( #3590 ), #3352, .F. ) ;
#298 = VECTOR ( 'NONE', #3114, 1000.000000000000000 ) ;
#299 = LINE ( 'NONE', #3900, #3979 ) ;
#300 = CARTESIAN_POINT ( 'NONE',  ( 147.0000000000000000, 38.99486378953768906, 34.56121421188651510 ) ) ;
#301 = DIRECTION ( 'NONE',  ( 0.000000000000000000, -1.000000000000000000, -3.489217355721593635E-17 ) ) ;
#302 = ORIENTED_EDGE ( 'NONE', *, *, #2377, .T. ) ;
#303 = CARTESIAN_POINT ( 'NONE',  ( 57.75000000000000711, 53.78237760728131889, 10.00000000000000178 ) ) ;
#304 = ORIENTED_EDGE ( 'NONE', *, *, #3778, .T. ) ;
#305 = EDGE_CURVE ( 'NONE', #1447, #5265, #1740, .T. ) ;
#306 = ORIENTED_EDGE ( 'NONE', *, *, #482, .F. ) ;
#307 = CARTESIAN_POINT ( 'NONE',  ( 57.74999999999999289, 62.44263164512570086, 10.00000000000000178 ) ) ;
#308 = EDGE_CURVE ( 'NONE', #3342, #2095, #282, .T. ) ;
#309 = VERTEX_POINT ( 'NONE', #2745 ) ;
#310 = CARTESIAN_POINT ( 'NONE',  ( 40.50000000000000711, 98.48368917940753420, -10.70984600707936529 ) ) ;
#311 = CARTESIAN_POINT ( 'NONE',  ( 48.00000000000000000, 36.89488223348482165, 1.287342634263795411E-15 ) ) ;
#312 = LINE ( 'NONE', #2706, #1541 ) ;
#313 = DIRECTION ( 'NONE',  ( 0.8660254037844390407, -0.4999999999999991673, 0.000000000000000000 ) ) ;
#314 = PRODUCT_RELATED_PRODUCT_CATEGORY ( 'detail', '', ( #1445 ) ) ;
#315 = CARTESIAN_POINT ( 'NONE',  ( 38.24999999999999289, 62.44263164512570086, 10.00000000000000178 ) ) ;
#316 = VECTOR ( 'NONE', #4820, 1000.000000000000000 ) ;
#317 = EDGE_CURVE ( 'NONE', #5952, #3923, #3786, .T. ) ;
#318 = ORIENTED_EDGE ( 'NONE', *, *, #3860, .F. ) ;
#319 = VERTEX_POINT ( 'NONE', #707 ) ;
#320 = FACE_BOUND ( 'NONE', #3874, .T. ) ;
#321 = DIRECTION ( 'NONE',  ( 0.000000000000000000, 1.000000000000000000, 0.000000000000000000 ) ) ;
#322 = ORIENTED_EDGE ( 'NONE', *, *, #5131, .F. ) ;
#323 = LINE ( 'NONE', #4952, #1034 ) ;
#324 = CARTESIAN_POINT ( 'NONE',  ( 57.75000000000000711, 53.78237760728131889, 1.876584053792984316E-15 ) ) ;
#325 = VERTEX_POINT ( 'NONE', #4775 ) ;
#326 = FACE_OUTER_BOUND ( 'NONE', #6103, .T. ) ;
#327 = CARTESIAN_POINT ( 'NONE',  ( 45.75000000000000000, 66.77275866404791316, 3.000000000000019096 ) ) ;
#328 = VECTOR ( 'NONE', #6122, 1000.000000000000000 ) ;
#329 = CARTESIAN_POINT ( 'NONE',  ( 131.2500000000000000, 20.00738685968829600, 6.981012147346056181E-16 ) ) ;
#330 = LINE ( 'NONE', #5497, #4580 ) ;
#331 = CARTESIAN_POINT ( 'NONE',  ( 121.4999999999999858, 79.33012701892224072, 2.768000560260220670E-15 ) ) ;
#332 = VERTEX_POINT ( 'NONE', #214 ) ;
#333 = EDGE_CURVE ( 'NONE', #4048, #4139, #1304, .T. ) ;
#334 = VERTEX_POINT ( 'NONE', #4846 ) ;
#335 = LINE ( 'NONE', #6430, #2899 ) ;
#336 = VECTOR ( 'NONE', #1485, 1000.000000000000000 ) ;
#337 = ORIENTED_EDGE ( 'NONE', *, *, #6061, .T. ) ;
#338 = DIRECTION ( 'NONE',  ( -0.5000000000000015543, 0.8660254037844378194, 3.021750869380462404E-17 ) ) ;
#339 = VECTOR ( 'NONE', #2299, 1000.000000000000000 ) ;
#340 = ORIENTED_EDGE ( 'NONE', *, *, #1062, .F. ) ;
#341 = CARTESIAN_POINT ( 'NONE',  ( -0.001000000000001000089, 0.000000000000000000, 74.56121421188652221 ) ) ;
#342 = APPROVAL_DATE_TIME ( #6405, #2266 ) ;
#343 = VERTEX_POINT ( 'NONE', #2240 ) ;
#344 = AXIS2_PLACEMENT_3D ( 'NONE', #1142, #2686, #3195 ) ;
#345 = DIRECTION ( 'NONE',  ( -0.8660254037844383745, 0.5000000000000004441, 1.744608677860799899E-17 ) ) ;
#346 = FACE_OUTER_BOUND ( 'NONE', #962, .T. ) ;
#347 = CARTESIAN_POINT ( 'NONE',  ( 65.25000000000000000, 49.45225058835914922, 10.00000000000000178 ) ) ;
#348 = DIRECTION ( 'NONE',  ( 0.5000000000000004441, -0.8660254037844384856, -3.021750869380464253E-17 ) ) ;
#349 = ORIENTED_EDGE ( 'NONE', *, *, #5273, .T. ) ;
#350 = ORIENTED_EDGE ( 'NONE', *, *, #1624, .T. ) ;
#351 = LINE ( 'NONE', #2888, #4300 ) ;
#352 = CARTESIAN_POINT ( 'NONE',  ( 18.74999999999998934, 62.44263164512570086, 10.00000000000000178 ) ) ;
#353 = EDGE_CURVE ( 'NONE', #6097, #1419, #1669, .T. ) ;
#354 = VERTEX_POINT ( 'NONE', #2313 ) ;
#355 = DIRECTION ( 'NONE',  ( 0.8660254037844382635, -0.5000000000000006661, 0.000000000000000000 ) ) ;
#356 = ADVANCED_FACE ( 'NONE', ( #145, #2675, #3317 ), #5814, .F. ) ;
#357 = CARTESIAN_POINT ( 'NONE',  ( 62.99999999999998579, 70.66987298107788718, 2.465825473322174997E-15 ) ) ;
#358 = DIRECTION ( 'NONE',  ( -0.000000000000000000, 3.489217355721594252E-17, -1.000000000000000000 ) ) ;
#359 = DIRECTION ( 'NONE',  ( -0.000000000000000000, 1.000000000000000000, 0.000000000000000000 ) ) ;
#360 = PLANE ( 'NONE',  #2070 ) ;
#361 = EDGE_CURVE ( 'NONE', #6071, #5953, #3285, .T. ) ;
#362 = DIRECTION ( 'NONE',  ( 0.000000000000000000, 0.000000000000000000, 1.000000000000000000 ) ) ;
#363 = CARTESIAN_POINT ( 'NONE',  ( 3.000000000000002665, 0.000000000000000000, 74.56121421188655063 ) ) ;
#364 = CARTESIAN_POINT ( 'NONE',  ( 38.25000000000000711, 53.78237760728131889, 1.876584053792984316E-15 ) ) ;
#365 = VERTEX_POINT ( 'NONE', #4274 ) ;
#366 = CARTESIAN_POINT ( 'NONE',  ( 104.2500000000000000, 49.45225058835914922, 1.725496510323961677E-15 ) ) ;
#367 = AXIS2_PLACEMENT_3D ( 'NONE', #6352, #1248, #1283 ) ;
#368 = ORIENTED_EDGE ( 'NONE', *, *, #6168, .T. ) ;
#369 = CARTESIAN_POINT ( 'NONE',  ( 48.00000000000000000, 45.55513627132927468, 1.589517721201844240E-15 ) ) ;
#370 = VERTEX_POINT ( 'NONE', #3821 ) ;
#371 = CARTESIAN_POINT ( 'NONE',  ( 18.74999999999963052, -202.2374841615668970, 3.000000000000019096 ) ) ;
#372 = PERSON_AND_ORGANIZATION ( #18446744073709551615, #18446744073709551615 ) ;
#373 = PLANE ( 'NONE',  #1534 ) ;
#374 = CARTESIAN_POINT ( 'NONE',  ( 147.0000000000000000, 85.06340628446157837, 10.81072832108004000 ) ) ;
#375 = AXIS2_PLACEMENT_3D ( 'NONE', #418, #3496, #3400 ) ;
#376 = LINE ( 'NONE', #411, #5075 ) ;
#377 = LINE ( 'NONE', #315, #6402 ) ;
#378 = EDGE_CURVE ( 'NONE', #4567, #2944, #6241, .T. ) ;
#379 = ORIENTED_EDGE ( 'NONE', *, *, #3595, .T. ) ;
#380 = ORIENTED_EDGE ( 'NONE', *, *, #1974, .T. ) ;
#381 = LINE ( 'NONE', #2412, #2096 ) ;
#382 = ORIENTED_EDGE ( 'NONE', *, *, #3325, .T. ) ;
#383 = PLANE ( 'NONE',  #375 ) ;
#384 = EDGE_CURVE ( 'NONE', #3753, #3194, #179, .T. ) ;
#385 = FACE_OUTER_BOUND ( 'NONE', #1976, .T. ) ;
#386 = DIRECTION ( 'NONE',  ( -0.5000000000000004441, -0.8660254037844383745, -3.021750869380464253E-17 ) ) ;
#387 = LINE ( 'NONE', #3501, #336 ) ;
#388 = ADVANCED_FACE ( 'NONE', ( #4810 ), #5848, .F. ) ;
#389 = CARTESIAN_POINT ( 'NONE',  ( -68.67235208260147772, -78.09732885653551193, 3.000000000000019096 ) ) ;
#390 = EDGE_CURVE ( 'NONE', #132, #1676, #4309, .T. ) ;
#391 = VECTOR ( 'NONE', #2302, 1000.000000000000000 ) ;
#392 = DIRECTION ( 'NONE',  ( 0.000000000000000000, -1.000000000000000000, -3.489217355721596717E-17 ) ) ;
#393 = DIRECTION ( 'NONE',  ( 0.8660254037844388186, 0.4999999999999996114, 1.744608677860794044E-17 ) ) ;
#394 = LINE ( 'NONE', #1861, #2416 ) ;
#395 = ORIENTED_EDGE ( 'NONE', *, *, #2028, .T. ) ;
#396 = AXIS2_PLACEMENT_3D ( 'NONE', #4152, #4064, #4123 ) ;
#397 = DIRECTION ( 'NONE',  ( -0.000000000000000000, 3.489217355721594252E-17, -1.000000000000000000 ) ) ;
#398 = EDGE_CURVE ( 'NONE', #1186, #3191, #5778, .T. ) ;
#399 = VECTOR ( 'NONE', #2376, 1000.000000000000114 ) ;
#400 = AXIS2_PLACEMENT_3D ( 'NONE', #6510, #1944, #3954 ) ;
#401 = VERTEX_POINT ( 'NONE', #1703 ) ;
#402 = CARTESIAN_POINT ( 'NONE',  ( 96.74999999999997158, 20.00738685968834218, 6.981012147346073931E-16 ) ) ;
#403 = ORIENTED_EDGE ( 'NONE', *, *, #1651, .F. ) ;
#404 = ORIENTED_EDGE ( 'NONE', *, *, #6424, .F. ) ;
#405 = LINE ( 'NONE', #935, #5686 ) ;
#406 = DATE_AND_TIME ( #1836, #5079 ) ;
#407 = ORIENTED_EDGE ( 'NONE', *, *, #1222, .F. ) ;
#408 = LINE ( 'NONE', #938, #6327 ) ;
#409 = ADVANCED_FACE ( 'NONE', ( #5241 ), #3854, .T. ) ;
#410 = DIRECTION ( 'NONE',  ( -1.000000000000000000, -0.000000000000000000, 1.954618001100627820E-16 ) ) ;
#411 = CARTESIAN_POINT ( 'NONE',  ( 131.2500000000000000, 62.44263164512573638, 10.00000000000000178 ) ) ;
#412 = DIRECTION ( 'NONE',  ( 0.000000000000000000, -1.000000000000000000, 0.000000000000000000 ) ) ;
#413 = EDGE_CURVE ( 'NONE', #3113, #6444, #1165, .T. ) ;
#414 = ORIENTED_EDGE ( 'NONE', *, *, #6279, .T. ) ;
#415 = ORIENTED_EDGE ( 'NONE', *, *, #5405, .T. ) ;
#416 = DIRECTION ( 'NONE',  ( -0.5000000000000004441, 0.8660254037844383745, 3.021750869380464253E-17 ) ) ;
#417 = ORIENTED_EDGE ( 'NONE', *, *, #6577, .F. ) ;
#418 = CARTESIAN_POINT ( 'NONE',  ( -0.001000000000001000089, 1.141983802888053159E-14, 34.56121421188652931 ) ) ;
#419 = CARTESIAN_POINT ( 'NONE',  ( 133.4999999999999147, 66.33974596215564645, 2.314737929853150582E-15 ) ) ;
#420 = VECTOR ( 'NONE', #2684, 1000.000000000000114 ) ;
#421 = LINE ( 'NONE', #4921, #3617 ) ;
#422 = CARTESIAN_POINT ( 'NONE',  ( 94.49999999999992895, 49.88526329025140882, 3.000000000000019096 ) ) ;
#423 = ORIENTED_EDGE ( 'NONE', *, *, #3560, .T. ) ;
#424 = CARTESIAN_POINT ( 'NONE',  ( 72.74999999999998579, 62.44263164512571507, 3.000000000000019096 ) ) ;
#425 = FACE_OUTER_BOUND ( 'NONE', #1029, .T. ) ;
#426 = CARTESIAN_POINT ( 'NONE',  ( 94.49999999999991473, 49.88526329025141592, 1.740605264670865696E-15 ) ) ;
#427 = DIRECTION ( 'NONE',  ( -0.000000000000000000, 3.489217355721594252E-17, -1.000000000000000000 ) ) ;
#428 = ORIENTED_EDGE ( 'NONE', *, *, #3091, .F. ) ;
#429 = DIRECTION ( 'NONE',  ( 0.8660254037844387076, -0.4999999999999998890, -1.744608677860796818E-17 ) ) ;
#430 = EDGE_CURVE ( 'NONE', #5275, #6070, #2346, .T. ) ;
#431 = ORIENTED_EDGE ( 'NONE', *, *, #3869, .F. ) ;
#432 = CARTESIAN_POINT ( 'NONE',  ( 150.0000000000000000, 99.99999999999998579, 90.00000000000001421 ) ) ;
#433 = ADVANCED_FACE ( 'NONE', ( #5951 ), #3920, .F. ) ;
#434 = EDGE_LOOP ( 'NONE', ( #4821, #1910, #47, #4641 ) ) ;
#435 = ORIENTED_EDGE ( 'NONE', *, *, #4932, .F. ) ;
#436 = DIRECTION ( 'NONE',  ( 2.065146995210483709E-16, 0.000000000000000000, 1.000000000000000000 ) ) ;
#437 = AXIS2_PLACEMENT_3D ( 'NONE', #3119, #5144, #2521 ) ;
#438 = ORIENTED_EDGE ( 'NONE', *, *, #897, .F. ) ;
#439 = LINE ( 'NONE', #1333, #5590 ) ;
#440 = LINE ( 'NONE', #4507, #5598 ) ;
#441 = VECTOR ( 'NONE', #1324, 1000.000000000000000 ) ;
#442 = CARTESIAN_POINT ( 'NONE',  ( 0.000000000000000000, 85.06340628446157837, 10.81072832108006487 ) ) ;
#443 = ORIENTED_EDGE ( 'NONE', *, *, #3480, .F. ) ;
#444 = ORIENTED_EDGE ( 'NONE', *, *, #2824, .T. ) ;
#445 = DIRECTION ( 'NONE',  ( 0.8660254037844387076, -0.4999999999999998890, -1.744608677860796818E-17 ) ) ;
#446 = AXIS2_PLACEMENT_3D ( 'NONE', #5146, #6211, #3652 ) ;
#447 = EDGE_LOOP ( 'NONE', ( #5866, #3522, #6544, #5007 ) ) ;
#448 = DIRECTION ( 'NONE',  ( 0.8660254037844383745, 0.5000000000000003331, 0.000000000000000000 ) ) ;
#449 = FACE_OUTER_BOUND ( 'NONE', #1043, .T. ) ;
#450 = CARTESIAN_POINT ( 'NONE',  ( 53.24999999999997868, 20.00738685968833508, 6.981012147346070972E-16 ) ) ;
#451 = CARTESIAN_POINT ( 'NONE',  ( 82.49999999999998579, 79.33012701892224072, 10.00000000000000355 ) ) ;
#452 = CIRCLE ( 'NONE', #4276, 4.499999999999997335 ) ;
#453 = ORIENTED_EDGE ( 'NONE', *, *, #1527, .F. ) ;
#454 = DIRECTION ( 'NONE',  ( -0.000000000000000000, 3.489217355721594252E-17, -1.000000000000000000 ) ) ;
#455 = CARTESIAN_POINT ( 'NONE',  ( 33.74999999999997158, 53.78237760728132599, 1.876584053792984316E-15 ) ) ;
#456 = CARTESIAN_POINT ( 'NONE',  ( 16.49999999999993250, 49.88526329025141592, 10.00000000000000178 ) ) ;
#457 = CARTESIAN_POINT ( 'NONE',  ( 35.99999999999997868, 32.56475521456263067, 1.136255090794772180E-15 ) ) ;
#458 = ORIENTED_EDGE ( 'NONE', *, *, #2127, .T. ) ;
#459 = CARTESIAN_POINT ( 'NONE',  ( 23.99999999999999289, 45.55513627132918941, 1.589517721201841282E-15 ) ) ;
#460 = EDGE_CURVE ( 'NONE', #1330, #3077, #4013, .T. ) ;
#461 = VECTOR ( 'NONE', #2151, 1000.000000000000000 ) ;
#462 = ORIENTED_EDGE ( 'NONE', *, *, #1268, .T. ) ;
#463 = CARTESIAN_POINT ( 'NONE',  ( 3.000000000000002665, 38.99486378953768195, 74.56121421188655063 ) ) ;
#464 = EDGE_CURVE ( 'NONE', #1101, #6081, #1908, .T. ) ;
#465 = ORIENTED_EDGE ( 'NONE', *, *, #2595, .F. ) ;
#466 = ORIENTED_EDGE ( 'NONE', *, *, #4765, .T. ) ;
#467 = DIRECTION ( 'NONE',  ( -3.204937810639275887E-15, 1.000000000000000000, 3.489217355721594252E-17 ) ) ;
#468 = EDGE_CURVE ( 'NONE', #5900, #3550, #4945, .T. ) ;
#469 = ADVANCED_FACE ( 'NONE', ( #2983 ), #1441, .F. ) ;
#470 = VERTEX_POINT ( 'NONE', #4379 ) ;
#471 = VECTOR ( 'NONE', #5034, 1000.000000000000000 ) ;
#472 = PLANE ( 'NONE',  #5506 ) ;
#473 = LINE ( 'NONE', #1972, #3579 ) ;
#474 = EDGE_LOOP ( 'NONE', ( #5233, #1909, #3524, #3116 ) ) ;
#475 = EDGE_LOOP ( 'NONE', ( #1952, #4093, #5835, #1429 ) ) ;
#476 = DIRECTION ( 'NONE',  ( 0.8660254037844379305, -0.5000000000000013323, -1.744608677860801440E-17 ) ) ;
#477 = VECTOR ( 'NONE', #4069, 1000.000000000000000 ) ;
#478 = ORIENTED_EDGE ( 'NONE', *, *, #5335, .T. ) ;
#479 = AXIS2_PLACEMENT_3D ( 'NONE', #3520, #3948, #4975 ) ;
#480 = PLANE ( 'NONE',  #4538 ) ;
#481 = CARTESIAN_POINT ( 'NONE',  ( 87.00000000000000000, 45.55513627132927468, 10.00000000000000178 ) ) ;
#482 = EDGE_CURVE ( 'NONE', #5381, #5900, #5914, .T. ) ;
#483 = DIRECTION ( 'NONE',  ( 0.8660254037844383745, -0.5000000000000003331, 0.000000000000000000 ) ) ;
#484 = PLANE ( 'NONE',  #5448 ) ;
#485 = CARTESIAN_POINT ( 'NONE',  ( 92.24999999999997158, 53.78237760728132599, 10.00000000000000178 ) ) ;
#486 = VECTOR ( 'NONE', #2273, 1000.000000000000000 ) ;
#487 = VERTEX_POINT ( 'NONE', #1975 ) ;
#488 = LINE ( 'NONE', #4520, #238 ) ;
#489 = CARTESIAN_POINT ( 'NONE',  ( -0.001000000000001000089, 17.99486378953768551, 74.56121421188652221 ) ) ;
#490 = CARTESIAN_POINT ( 'NONE',  ( -95.29735208260144930, -31.98147610501472826, 3.000000000000019096 ) ) ;
#491 = EDGE_CURVE ( 'NONE', #1814, #4637, #2034, .T. ) ;
#492 = DIRECTION ( 'NONE',  ( 1.000000000000000000, 0.000000000000000000, 0.000000000000000000 ) ) ;
#493 = ORIENTED_EDGE ( 'NONE', *, *, #520, .F. ) ;
#494 = CARTESIAN_POINT ( 'NONE',  ( 33.74999999999997158, 20.00738685968834218, 10.00000000000000000 ) ) ;
#495 = ADVANCED_FACE ( 'NONE', ( #5379 ), #4508, .F. ) ;
#496 = VECTOR ( 'NONE', #3678, 1000.000000000000000 ) ;
#497 = AXIS2_PLACEMENT_3D ( 'NONE', #3378, #1366, #3414 ) ;
#498 = ORIENTED_EDGE ( 'NONE', *, *, #3429, .T. ) ;
#499 = DIRECTION ( 'NONE',  ( -0.8660254037844390407, 0.4999999999999992228, 1.744608677860794661E-17 ) ) ;
#500 = AXIS2_PLACEMENT_3D ( 'NONE', #4629, #2152, #2658 ) ;
#501 = ORIENTED_EDGE ( 'NONE', *, *, #1249, .T. ) ;
#502 = VECTOR ( 'NONE', #321, 1000.000000000000000 ) ;
#503 = ORIENTED_EDGE ( 'NONE', *, *, #2492, .T. ) ;
#504 = CARTESIAN_POINT ( 'NONE',  ( 0.000000000000000000, 38.99486378953768906, 34.56121421188653642 ) ) ;
#505 = VECTOR ( 'NONE', #3569, 1000.000000000000000 ) ;
#506 = EDGE_CURVE ( 'NONE', #1565, #5265, #844, .T. ) ;
#507 = AXIS2_PLACEMENT_3D ( 'NONE', #5923, #4483, #6028 ) ;
#508 = VERTEX_POINT ( 'NONE', #5984 ) ;
#509 = DIRECTION ( 'NONE',  ( 0.4999999999999998335, -0.8660254037844388186, -3.021750869380465486E-17 ) ) ;
#510 = DIRECTION ( 'NONE',  ( 0.000000000000000000, 1.000000000000000000, 0.000000000000000000 ) ) ;
#511 = EDGE_CURVE ( 'NONE', #6081, #925, #878, .T. ) ;
#512 = LINE ( 'NONE', #3015, #3110 ) ;
#513 = ORIENTED_EDGE ( 'NONE', *, *, #67, .T. ) ;
#514 = ORIENTED_EDGE ( 'NONE', *, *, #1262, .F. ) ;
#515 = LINE ( 'NONE', #2638, #4651 ) ;
#516 = ORIENTED_EDGE ( 'NONE', *, *, #3038, .T. ) ;
#517 = FACE_BOUND ( 'NONE', #5352, .T. ) ;
#518 = CC_DESIGN_DATE_AND_TIME_ASSIGNMENT ( #1369, #5443, ( #1494 ) ) ;
#519 = LINE ( 'NONE', #1600, #289 ) ;
#520 = EDGE_CURVE ( 'NONE', #3342, #5311, #377, .T. ) ;
#521 = DIRECTION ( 'NONE',  ( -0.8660254037844387076, -0.4999999999999997780, 0.000000000000000000 ) ) ;
#522 = ORIENTED_EDGE ( 'NONE', *, *, #4366, .T. ) ;
#523 = DIRECTION ( 'NONE',  ( 0.8660254037844387076, 0.4999999999999997780, 0.000000000000000000 ) ) ;
#524 = LINE ( 'NONE', #3095, #537 ) ;
#525 = CARTESIAN_POINT ( 'NONE',  ( 92.24999999999997158, 53.78237760728132599, 3.000000000000019096 ) ) ;
#526 = CARTESIAN_POINT ( 'NONE',  ( 131.2500000000000000, 20.00738685968829600, 10.00000000000000000 ) ) ;
#527 = DIRECTION ( 'NONE',  ( -0.000000000000000000, 3.489217355721594252E-17, -1.000000000000000000 ) ) ;
#528 = ORIENTED_EDGE ( 'NONE', *, *, #1701, .F. ) ;
#529 = CARTESIAN_POINT ( 'NONE',  ( -66.04735208260149193, -82.64396222640445444, 3.000000000000019096 ) ) ;
#530 = ORIENTED_EDGE ( 'NONE', *, *, #100, .T. ) ;
#531 = EDGE_CURVE ( 'NONE', #3592, #6578, #2409, .T. ) ;
#532 = CARTESIAN_POINT ( 'NONE',  ( 38.24999999999999289, 62.44263164512570086, 2.178759140731030384E-15 ) ) ;
#533 = DIRECTION ( 'NONE',  ( -0.5000000000000004441, -0.8660254037844383745, -3.021750869380464253E-17 ) ) ;
#534 = ORIENTED_EDGE ( 'NONE', *, *, #1813, .F. ) ;
#535 = ORIENTED_EDGE ( 'NONE', *, *, #1855, .F. ) ;
#536 = PLANE ( 'NONE',  #6013 ) ;
#537 = VECTOR ( 'NONE', #2558, 1000.000000000000000 ) ;
#538 = EDGE_LOOP ( 'NONE', ( #6262, #4771, #880, #407 ) ) ;
#539 = LINE ( 'NONE', #2576, #1554 ) ;
#540 = CARTESIAN_POINT ( 'NONE',  ( 133.4999999999999147, 66.33974596215564645, 3.000000000000019096 ) ) ;
#541 = EDGE_LOOP ( 'NONE', ( #4402, #4293, #5921, #3354 ) ) ;
#542 = ADVANCED_FACE ( 'NONE', ( #1407 ), #2378, .F. ) ;
#543 = VERTEX_POINT ( 'NONE', #1876 ) ;
#544 = DIRECTION ( 'NONE',  ( -0.000000000000000000, 3.489217355721594252E-17, -1.000000000000000000 ) ) ;
#545 = ORIENTED_EDGE ( 'NONE', *, *, #2193, .T. ) ;
#546 = AXIS2_PLACEMENT_3D ( 'NONE', #950, #3434, #3959 ) ;
#547 = CARTESIAN_POINT ( 'NONE',  ( 26.24999999999999645, 32.99776791645494001, 10.00000000000000178 ) ) ;
#548 = LINE ( 'NONE', #5047, #4649 ) ;
#549 = CARTESIAN_POINT ( 'NONE',  ( 18.74999999999998934, 62.44263164512570086, 3.000000000000019096 ) ) ;
#550 = AXIS2_PLACEMENT_3D ( 'NONE', #4066, #6067, #1023 ) ;
#551 = ORIENTED_EDGE ( 'NONE', *, *, #2773, .T. ) ;
#552 = LINE ( 'NONE', #4674, #3870 ) ;
#553 = DIRECTION ( 'NONE',  ( 0.000000000000000000, 0.000000000000000000, -1.000000000000000000 ) ) ;
#554 = EDGE_CURVE ( 'NONE', #5582, #6495, #909, .T. ) ;
#555 = EDGE_CURVE ( 'NONE', #4249, #4811, #811, .T. ) ;
#556 = DIRECTION ( 'NONE',  ( -0.000000000000000000, 3.489217355721594252E-17, -1.000000000000000000 ) ) ;
#557 = CYLINDRICAL_SURFACE ( 'NONE', #2850, 2.100000000000000977 ) ;
#558 = VECTOR ( 'NONE', #3690, 1000.000000000000000 ) ;
#559 = CARTESIAN_POINT ( 'NONE',  ( -105.0473520826014493, -15.09398073121817596, 3.000000000000019096 ) ) ;
#560 = EDGE_LOOP ( 'NONE', ( #4533, #6508, #1206, #3962 ) ) ;
#561 = LINE ( 'NONE', #1613, #6194 ) ;
#562 = EDGE_CURVE ( 'NONE', #3666, #4312, #2446, .T. ) ;
#563 = EDGE_CURVE ( 'NONE', #6393, #78, #3553, .T. ) ;
#564 = CARTESIAN_POINT ( 'NONE',  ( 37.50000000000000711, 104.4764486738543354, -3.995172996297862600 ) ) ;
#565 = CARTESIAN_POINT ( 'NONE',  ( 37.50000000000000711, 101.4800689266309348, -4.852509501688611948 ) ) ;
#566 = ORIENTED_EDGE ( 'NONE', *, *, #977, .T. ) ;
#567 = AXIS2_PLACEMENT_3D ( 'NONE', #2223, #6322, #1116 ) ;
#568 = ORIENTED_EDGE ( 'NONE', *, *, #2129, .T. ) ;
#569 = ORIENTED_EDGE ( 'NONE', *, *, #5083, .T. ) ;
#570 = FACE_OUTER_BOUND ( 'NONE', #4963, .T. ) ;
#571 = DIRECTION ( 'NONE',  ( 0.8660254037844378194, 0.5000000000000015543, 0.000000000000000000 ) ) ;
#572 = VERTEX_POINT ( 'NONE', #2121 ) ;
#573 = ORIENTED_EDGE ( 'NONE', *, *, #5270, .T. ) ;
#574 = DIRECTION ( 'NONE',  ( -0.000000000000000000, 3.489217355721594252E-17, -1.000000000000000000 ) ) ;
#575 = CIRCLE ( 'NONE', #675, 50.00000000000000000 ) ;
#576 = ORIENTED_EDGE ( 'NONE', *, *, #1222, .T. ) ;
#577 = DIRECTION ( 'NONE',  ( 1.000000000000000000, -0.000000000000000000, -1.437389243825479109E-16 ) ) ;
#578 = EDGE_CURVE ( 'NONE', #5276, #1583, #6261, .T. ) ;
#579 = DIRECTION ( 'NONE',  ( -0.8660254037844385966, 0.4999999999999998890, 0.000000000000000000 ) ) ;
#580 = CARTESIAN_POINT ( 'NONE',  ( 96.74999999999997158, 20.00738685968834218, 10.00000000000000000 ) ) ;
#581 = ORIENTED_EDGE ( 'NONE', *, *, #3691, .F. ) ;
#582 = EDGE_LOOP ( 'NONE', ( #5388, #761, #4510, #3925 ) ) ;
#583 = DIRECTION ( 'NONE',  ( -0.8660254037844383745, 0.5000000000000003331, 0.000000000000000000 ) ) ;
#584 = DIRECTION ( 'NONE',  ( -0.8660254037844388186, 0.4999999999999996669, 0.000000000000000000 ) ) ;
#585 = EDGE_CURVE ( 'NONE', #5193, #4766, #512, .T. ) ;
#586 = DIRECTION ( 'NONE',  ( -0.000000000000000000, 3.489217355721594252E-17, -1.000000000000000000 ) ) ;
#587 = EDGE_CURVE ( 'NONE', #4967, #3952, #1690, .T. ) ;
#588 = LINE ( 'NONE', #2620, #505 ) ;
#589 = ORIENTED_EDGE ( 'NONE', *, *, #1074, .T. ) ;
#590 = VECTOR ( 'NONE', #6371, 1000.000000000000000 ) ;
#591 = ADVANCED_FACE ( 'NONE', ( #3736 ), #1006, .F. ) ;
#592 = FACE_OUTER_BOUND ( 'NONE', #6210, .T. ) ;
#593 = CARTESIAN_POINT ( 'NONE',  ( 131.2500000000000000, -202.2374841615668686, 3.000000000000019096 ) ) ;
#594 = EDGE_CURVE ( 'NONE', #5229, #4327, #6294, .T. ) ;
#595 = DIRECTION ( 'NONE',  ( 0.8660254037844370423, -0.5000000000000027756, 0.000000000000000000 ) ) ;
#596 = ORIENTED_EDGE ( 'NONE', *, *, #4039, .T. ) ;
#597 = ORIENTED_EDGE ( 'NONE', *, *, #4925, .F. ) ;
#598 = VECTOR ( 'NONE', #4943, 1000.000000000000000 ) ;
#599 = ORIENTED_EDGE ( 'NONE', *, *, #968, .F. ) ;
#600 = CARTESIAN_POINT ( 'NONE',  ( 126.0000000000000000, 70.66987298107780191, 10.00000000000000178 ) ) ;
#601 = FACE_OUTER_BOUND ( 'NONE', #251, .T. ) ;
#602 = AXIS2_PLACEMENT_3D ( 'NONE', #3267, #1686, #3337 ) ;
#603 = ORIENTED_EDGE ( 'NONE', *, *, #1962, .F. ) ;
#604 = VECTOR ( 'NONE', #2585, 1000.000000000000000 ) ;
#605 = ORIENTED_EDGE ( 'NONE', *, *, #2193, .F. ) ;
#606 = DIRECTION ( 'NONE',  ( -0.000000000000000000, 3.489217355721594252E-17, -1.000000000000000000 ) ) ;
#607 = VECTOR ( 'NONE', #5919, 1000.000000000000000 ) ;
#608 = EDGE_LOOP ( 'NONE', ( #5916, #5329, #3547, #3341 ) ) ;
#609 = DIRECTION ( 'NONE',  ( -0.000000000000000000, 3.489217355721594252E-17, -1.000000000000000000 ) ) ;
#610 = EDGE_CURVE ( 'NONE', #1276, #2064, #5259, .T. ) ;
#611 = CARTESIAN_POINT ( 'NONE',  ( 86.99999999999998579, 45.55513627132926047, 1.589517721201843648E-15 ) ) ;
#612 = DIRECTION ( 'NONE',  ( -1.000000000000000000, -0.000000000000000000, -0.000000000000000000 ) ) ;
#613 = ORIENTED_EDGE ( 'NONE', *, *, #2744, .F. ) ;
#614 = CARTESIAN_POINT ( 'NONE',  ( 35.99999999999990763, 49.88526329025138040, 3.000000000000019096 ) ) ;
#615 = DIRECTION ( 'NONE',  ( -0.8660254037844378194, 0.5000000000000014433, 1.744608677860802673E-17 ) ) ;
#616 = EDGE_LOOP ( 'NONE', ( #380, #1730, #4709, #1228 ) ) ;
#617 = FACE_OUTER_BOUND ( 'NONE', #4028, .T. ) ;
#618 = LINE ( 'NONE', #2651, #2199 ) ;
#619 = ORIENTED_EDGE ( 'NONE', *, *, #5894, .T. ) ;
#620 = CARTESIAN_POINT ( 'NONE',  ( 53.24999999999997868, 53.78237760728132599, 10.00000000000000178 ) ) ;
#621 = DIRECTION ( 'NONE',  ( 0.000000000000000000, 0.000000000000000000, 1.000000000000000000 ) ) ;
#622 = CARTESIAN_POINT ( 'NONE',  ( 23.99999999999999289, 70.66987298107788718, 3.000000000000019096 ) ) ;
#623 = ORIENTED_EDGE ( 'NONE', *, *, #2654, .F. ) ;
#624 = AXIS2_PLACEMENT_3D ( 'NONE', #5787, #4751, #155 ) ;
#625 = DIRECTION ( 'NONE',  ( 0.000000000000000000, 0.000000000000000000, 1.000000000000000000 ) ) ;
#626 = ORIENTED_EDGE ( 'NONE', *, *, #1147, .F. ) ;
#627 = EDGE_CURVE ( 'NONE', #4020, #4556, #1650, .T. ) ;
#628 = ADVANCED_FACE ( 'NONE', ( #2228 ), #3172, .T. ) ;
#629 = VERTEX_POINT ( 'NONE', #4687 ) ;
#630 = DIRECTION ( 'NONE',  ( 1.000000000000000000, -0.000000000000000000, -1.437389243825479109E-16 ) ) ;
#631 = DIRECTION ( 'NONE',  ( -1.000000000000000000, -1.602468905319638141E-15, -5.591362316445464709E-32 ) ) ;
#632 = ORIENTED_EDGE ( 'NONE', *, *, #95, .T. ) ;
#633 = DIRECTION ( 'NONE',  ( -0.000000000000000000, 1.000000000000000000, -0.000000000000000000 ) ) ;
#634 = VECTOR ( 'NONE', #1183, 1000.000000000000000 ) ;
#635 = ORIENTED_EDGE ( 'NONE', *, *, #803, .T. ) ;
#636 = LINE ( 'NONE', #4112, #4315 ) ;
#637 = CARTESIAN_POINT ( 'NONE',  ( 77.24999999999998579, 20.00738685968835640, 10.00000000000000000 ) ) ;
#638 = CARTESIAN_POINT ( 'NONE',  ( -102.7973520826016625, -18.99109504824858519, 3.000000000000019096 ) ) ;
#639 = EDGE_LOOP ( 'NONE', ( #740, #6152, #6328, #6047 ) ) ;
#640 = ORIENTED_EDGE ( 'NONE', *, *, #4853, .F. ) ;
#641 = PLANE ( 'NONE',  #446 ) ;
#642 = CARTESIAN_POINT ( 'NONE',  ( 111.7499999999999574, -202.2374841615668686, 3.000000000000019096 ) ) ;
#643 = VECTOR ( 'NONE', #2387, 1000.000000000000000 ) ;
#644 = ORIENTED_EDGE ( 'NONE', *, *, #1564, .F. ) ;
#645 = VERTEX_POINT ( 'NONE', #2660 ) ;
#646 = FACE_BOUND ( 'NONE', #3839, .T. ) ;
#647 = CARTESIAN_POINT ( 'NONE',  ( 33.74999999999997158, 28.66764089753274902, 3.000000000000019096 ) ) ;
#648 = ORIENTED_EDGE ( 'NONE', *, *, #5696, .T. ) ;
#649 = VECTOR ( 'NONE', #129, 1000.000000000000000 ) ;
#650 = CARTESIAN_POINT ( 'NONE',  ( 101.9999999999999858, 45.55513627132918941, 1.589517721201841282E-15 ) ) ;
#651 = LINE ( 'NONE', #1501, #5254 ) ;
#652 = VECTOR ( 'NONE', #5656, 1000.000000000000114 ) ;
#653 = CARTESIAN_POINT ( 'NONE',  ( 150.0000000000000000, 17.99486378953768195, 34.56121421188652221 ) ) ;
#654 = CARTESIAN_POINT ( 'NONE',  ( 67.50000000000000000, 70.66987298107780191, 10.00000000000000178 ) ) ;
#655 = CARTESIAN_POINT ( 'NONE',  ( 123.7500000000000000, 66.77275866404791316, 10.00000000000000178 ) ) ;
#656 = EDGE_LOOP ( 'NONE', ( #6396, #3427, #4342, #3518, #4813, #6533 ) ) ;
#657 = EDGE_CURVE ( 'NONE', #334, #401, #2545, .T. ) ;
#658 = DIRECTION ( 'NONE',  ( -1.000000000000000000, -0.000000000000000000, 1.880926496205912652E-16 ) ) ;
#659 = ORIENTED_EDGE ( 'NONE', *, *, #5201, .F. ) ;
#660 = EDGE_CURVE ( 'NONE', #4646, #2692, #5041, .T. ) ;
#661 = ORIENTED_EDGE ( 'NONE', *, *, #2919, .F. ) ;
#662 = DIRECTION ( 'NONE',  ( 0.8660254037844390407, 0.4999999999999991673, 0.000000000000000000 ) ) ;
#663 = CARTESIAN_POINT ( 'NONE',  ( 57.74999999999999289, 20.00738685968836350, 3.000000000000019096 ) ) ;
#664 = ADVANCED_FACE ( 'NONE', ( #4574 ), #5731, .F. ) ;
#665 = ADVANCED_FACE ( 'NONE', ( #4725 ), #4047, .F. ) ;
#666 = VERTEX_POINT ( 'NONE', #6077 ) ;
#667 = CARTESIAN_POINT ( 'NONE',  ( 57.75000000000041922, -202.2374841615667833, 3.000000000000019096 ) ) ;
#668 = CARTESIAN_POINT ( 'NONE',  ( 43.49999999999998579, 79.33012701892224072, 10.00000000000000355 ) ) ;
#669 = ORIENTED_EDGE ( 'NONE', *, *, #4009, .T. ) ;
#670 = CARTESIAN_POINT ( 'NONE',  ( 9.000000000000007105, 45.55513627132928889, 1.589517721201843845E-15 ) ) ;
#671 = PLANE ( 'NONE',  #5468 ) ;
#672 = CARTESIAN_POINT ( 'NONE',  ( 126.0000000000000000, 36.89488223348482165, 10.00000000000000178 ) ) ;
#673 = CARTESIAN_POINT ( 'NONE',  ( 65.25000000000000000, 66.77275866404791316, 10.00000000000000178 ) ) ;
#674 = EDGE_LOOP ( 'NONE', ( #3636, #3995, #1305, #4950 ) ) ;
#675 = AXIS2_PLACEMENT_3D ( 'NONE', #3279, #4805, #2201 ) ;
#676 = ORIENTED_EDGE ( 'NONE', *, *, #4233, .F. ) ;
#677 = LINE ( 'NONE', #1577, #3546 ) ;
#678 = FACE_OUTER_BOUND ( 'NONE', #2008, .T. ) ;
#679 = ORIENTED_EDGE ( 'NONE', *, *, #6258, .F. ) ;
#680 = ORIENTED_EDGE ( 'NONE', *, *, #464, .T. ) ;
#681 = EDGE_CURVE ( 'NONE', #4637, #1814, #1930, .T. ) ;
#682 = AXIS2_PLACEMENT_3D ( 'NONE', #72, #2125, #4572 ) ;
#683 = LINE ( 'NONE', #3294, #6046 ) ;
#684 = CARTESIAN_POINT ( 'NONE',  ( 40.50000000000000711, 104.4764486738543354, -3.995172996297861712 ) ) ;
#685 = ORIENTED_EDGE ( 'NONE', *, *, #921, .F. ) ;
#686 = CARTESIAN_POINT ( 'NONE',  ( 37.50000000000000711, 101.4800689266309348, -7.352509501688614613 ) ) ;
#687 = CARTESIAN_POINT ( 'NONE',  ( 92.24999999999997158, 53.78237760728132599, 10.00000000000000178 ) ) ;
#688 = EDGE_CURVE ( 'NONE', #470, #3077, #796, .T. ) ;
#689 = VECTOR ( 'NONE', #5742, 1000.000000000000000 ) ;
#690 = DIRECTION ( 'NONE',  ( -1.130013531886300531E-16, 1.734723475976807094E-16, -1.000000000000000000 ) ) ;
#691 = CARTESIAN_POINT ( 'NONE',  ( 133.4999999999999147, 49.88526329025141592, 1.740605264670865696E-15 ) ) ;
#692 = FACE_OUTER_BOUND ( 'NONE', #3320, .T. ) ;
#693 = ORIENTED_EDGE ( 'NONE', *, *, #1868, .F. ) ;
#694 = EDGE_CURVE ( 'NONE', #1517, #3912, #4330, .T. ) ;
#695 = DIRECTION ( 'NONE',  ( 0.000000000000000000, -1.000000000000000000, 0.000000000000000000 ) ) ;
#696 = ORIENTED_EDGE ( 'NONE', *, *, #1319, .T. ) ;
#697 = ORIENTED_EDGE ( 'NONE', *, *, #2668, .F. ) ;
#698 = DIRECTION ( 'NONE',  ( 1.000000000000000000, 0.000000000000000000, -0.000000000000000000 ) ) ;
#699 = EDGE_LOOP ( 'NONE', ( #6106, #1060, #1221, #5064, #6280, #2297 ) ) ;
#700 = CARTESIAN_POINT ( 'NONE',  ( 18.75000000000000355, 53.78237760728131889, 1.876584053792984316E-15 ) ) ;
#701 = EDGE_CURVE ( 'NONE', #1238, #2950, #5296, .T. ) ;
#702 = LINE ( 'NONE', #1664, #5829 ) ;
#703 = VECTOR ( 'NONE', #66, 999.9999999999998863 ) ;
#704 = DIRECTION ( 'NONE',  ( 0.8660254037844387076, -0.4999999999999997780, 0.000000000000000000 ) ) ;
#705 = DIRECTION ( 'NONE',  ( -0.000000000000000000, 3.489217355721594252E-17, -1.000000000000000000 ) ) ;
#706 = CARTESIAN_POINT ( 'NONE',  ( 77.25000000000001421, 53.78237760728131889, 1.876584053792984316E-15 ) ) ;
#707 = CARTESIAN_POINT ( 'NONE',  ( 106.5000000000000000, 70.66987298107780191, 3.000000000000019096 ) ) ;
#708 = VECTOR ( 'NONE', #3183, 1000.000000000000000 ) ;
#709 = ORIENTED_EDGE ( 'NONE', *, *, #2475, .F. ) ;
#710 = ORIENTED_EDGE ( 'NONE', *, *, #4019, .F. ) ;
#711 = CARTESIAN_POINT ( 'NONE',  ( 3.000000000000000000, -202.2374841615668686, 3.000000000000019096 ) ) ;
#712 = AXIS2_PLACEMENT_3D ( 'NONE', #2105, #4608, #5552 ) ;
#713 = DIRECTION ( 'NONE',  ( -1.000000000000000000, 0.000000000000000000, 1.130013531886300531E-16 ) ) ;
#714 = EDGE_CURVE ( 'NONE', #5551, #2954, #3875, .T. ) ;
#715 = EDGE_LOOP ( 'NONE', ( #4014, #4798, #5106, #403 ) ) ;
#716 = EDGE_CURVE ( 'NONE', #5318, #5397, #2831, .T. ) ;
#717 = ORIENTED_EDGE ( 'NONE', *, *, #232, .T. ) ;
#718 = CARTESIAN_POINT ( 'NONE',  ( 92.24999999999997158, 53.78237760728132599, 1.876584053792984316E-15 ) ) ;
#719 = LINE ( 'NONE', #4251, #316 ) ;
#720 = ORIENTED_EDGE ( 'NONE', *, *, #4733, .T. ) ;
#721 = CARTESIAN_POINT ( 'NONE',  ( 53.24999999999997868, 53.78237760728132599, 1.876584053792984316E-15 ) ) ;
#722 = CARTESIAN_POINT ( 'NONE',  ( 123.7499999999999858, 15.67725984076611567, 5.470136712655828800E-16 ) ) ;
#723 = CARTESIAN_POINT ( 'NONE',  ( 3.000000000000002665, 38.99486378953769616, -1.511857395904744132E-15 ) ) ;
#724 = CARTESIAN_POINT ( 'NONE',  ( 108.0473520826015630, -20.29013315392485950, 3.000000000000019096 ) ) ;
#725 = DIRECTION ( 'NONE',  ( -0.000000000000000000, 3.489217355721594252E-17, -1.000000000000000000 ) ) ;
#726 = VERTEX_POINT ( 'NONE', #727 ) ;
#727 = CARTESIAN_POINT ( 'NONE',  ( 112.4999999999999858, 86.48368917940753420, -2.033859505912648061E-14 ) ) ;
#728 = VERTEX_POINT ( 'NONE', #3907 ) ;
#729 = ORIENTED_EDGE ( 'NONE', *, *, #2369, .T. ) ;
#730 = DIRECTION ( 'NONE',  ( -0.8660254037844390407, -0.4999999999999991673, 0.000000000000000000 ) ) ;
#731 = VECTOR ( 'NONE', #885, 1000.000000000000000 ) ;
#732 = ORIENTED_EDGE ( 'NONE', *, *, #6365, .T. ) ;
#733 = LINE ( 'NONE', #2161, #5477 ) ;
#734 = CARTESIAN_POINT ( 'NONE',  ( 116.2499999999999858, 62.44263164512570086, 2.178759140731030384E-15 ) ) ;
#735 = CARTESIAN_POINT ( 'NONE',  ( 18.75000000000000355, 28.66764089753276679, 1.000276301672655137E-15 ) ) ;
#736 = CARTESIAN_POINT ( 'NONE',  ( -80.67235208260144930, -57.31271916570953806, 3.000000000000019096 ) ) ;
#737 = LINE ( 'NONE', #2136, #3274 ) ;
#738 = CARTESIAN_POINT ( 'NONE',  ( 150.0000000000000000, 100.0000000000000000, 3.489217355721594350E-15 ) ) ;
#739 = EDGE_CURVE ( 'NONE', #958, #3666, #4864, .T. ) ;
#740 = ORIENTED_EDGE ( 'NONE', *, *, #4495, .T. ) ;
#741 = VERTEX_POINT ( 'NONE', #366 ) ;
#742 = FACE_BOUND ( 'NONE', #6161, .T. ) ;
#743 = CARTESIAN_POINT ( 'NONE',  ( 112.4999999999999858, 101.4800689266309348, -4.852509501688624383 ) ) ;
#744 = VECTOR ( 'NONE', #1135, 1000.000000000000000 ) ;
#745 = ORIENTED_EDGE ( 'NONE', *, *, #2639, .T. ) ;
#746 = ORIENTED_EDGE ( 'NONE', *, *, #688, .T. ) ;
#747 = FACE_BOUND ( 'NONE', #2405, .T. ) ;
#748 = LINE ( 'NONE', #5387, #2013 ) ;
#749 = EDGE_LOOP ( 'NONE', ( #3219, #458, #5435, #6059 ) ) ;
#750 = DIRECTION ( 'NONE',  ( -0.8660254037844388186, -0.4999999999999996669, 0.000000000000000000 ) ) ;
#751 = EDGE_CURVE ( 'NONE', #3213, #4238, #5399, .T. ) ;
#752 = CARTESIAN_POINT ( 'NONE',  ( 116.2499999999999716, 20.00738685968833508, 6.981012147346070972E-16 ) ) ;
#753 = EDGE_CURVE ( 'NONE', #6299, #5574, #4930, .T. ) ;
#754 = CARTESIAN_POINT ( 'NONE',  ( 96.74999999999997158, 20.00738685968834218, 10.00000000000000000 ) ) ;
#755 = FACE_OUTER_BOUND ( 'NONE', #2780, .T. ) ;
#756 = AXIS2_PLACEMENT_3D ( 'NONE', #3621, #4555, #5205 ) ;
#757 = CARTESIAN_POINT ( 'NONE',  ( -80.67235208260149193, -57.31271916570943148, 3.000000000000019096 ) ) ;
#758 = ORIENTED_EDGE ( 'NONE', *, *, #1725, .F. ) ;
#759 = ORIENTED_EDGE ( 'NONE', *, *, #2662, .T. ) ;
#760 = PLANE ( 'NONE',  #1397 ) ;
#761 = ORIENTED_EDGE ( 'NONE', *, *, #6098, .T. ) ;
#762 = VECTOR ( 'NONE', #3270, 1000.000000000000000 ) ;
#763 = ORIENTED_EDGE ( 'NONE', *, *, #5652, .T. ) ;
#764 = DIRECTION ( 'NONE',  ( 0.4999999999999992228, -0.8660254037844391517, -3.021750869380466718E-17 ) ) ;
#765 = ADVANCED_FACE ( 'NONE', ( #5436 ), #2331, .F. ) ;
#766 = VECTOR ( 'NONE', #1016, 1000.000000000000000 ) ;
#767 = ORIENTED_EDGE ( 'NONE', *, *, #701, .T. ) ;
#768 = FACE_OUTER_BOUND ( 'NONE', #1923, .T. ) ;
#769 = CARTESIAN_POINT ( 'NONE',  ( 141.0000000000000000, 36.89488223348483587, 3.000000000000019096 ) ) ;
#770 = PLANE ( 'NONE',  #4003 ) ;
#771 = CARTESIAN_POINT ( 'NONE',  ( 43.49999999999998579, 36.89488223348483587, 1.287342634263795608E-15 ) ) ;
#772 = CARTESIAN_POINT ( 'NONE',  ( 150.0010000000000048, 38.99486378953768906, 34.56121421188648668 ) ) ;
#773 = CARTESIAN_POINT ( 'NONE',  ( 131.2500000000000000, 53.78237760728131178, 10.00000000000000178 ) ) ;
#774 = EDGE_CURVE ( 'NONE', #3584, #5145, #4294, .T. ) ;
#775 = VERTEX_POINT ( 'NONE', #4432 ) ;
#776 = VERTEX_POINT ( 'NONE', #5936 ) ;
#777 = CARTESIAN_POINT ( 'NONE',  ( 106.5000000000000000, 79.33012701892225493, 2.768000560260221065E-15 ) ) ;
#778 = VECTOR ( 'NONE', #142, 1000.000000000000000 ) ;
#779 = LINE ( 'NONE', #2173, #4676 ) ;
#780 = VERTEX_POINT ( 'NONE', #4368 ) ;
#781 = EDGE_CURVE ( 'NONE', #1211, #942, #6362, .T. ) ;
#782 = VERTEX_POINT ( 'NONE', #233 ) ;
#783 = CARTESIAN_POINT ( 'NONE',  ( -66.04735208260149193, -82.64396222640408496, 3.000000000000019096 ) ) ;
#784 = CARTESIAN_POINT ( 'NONE',  ( 67.50000000000000000, 36.89488223348482165, 3.000000000000019096 ) ) ;
#785 = ORIENTED_EDGE ( 'NONE', *, *, #1815, .T. ) ;
#786 = LINE ( 'NONE', #1715, #3334 ) ;
#787 = DIRECTION ( 'NONE',  ( 1.000000000000000000, 0.000000000000000000, -0.000000000000000000 ) ) ;
#788 = ADVANCED_FACE ( 'NONE', ( #2365 ), #760, .F. ) ;
#789 = VECTOR ( 'NONE', #3263, 1000.000000000000000 ) ;
#790 = CARTESIAN_POINT ( 'NONE',  ( 28.49999999999999645, 45.55513627132927468, 10.00000000000000178 ) ) ;
#791 = DIRECTION ( 'NONE',  ( -0.8660254037844387076, 0.4999999999999997780, 0.000000000000000000 ) ) ;
#792 = EDGE_CURVE ( 'NONE', #812, #4070, #3840, .T. ) ;
#793 = LINE ( 'NONE', #6392, #1233 ) ;
#794 = ORIENTED_EDGE ( 'NONE', *, *, #1284, .F. ) ;
#795 = ORIENTED_EDGE ( 'NONE', *, *, #6416, .T. ) ;
#796 = LINE ( 'NONE', #2903, #339 ) ;
#797 = VECTOR ( 'NONE', #6101, 1000.000000000000000 ) ;
#798 = ORIENTED_EDGE ( 'NONE', *, *, #2282, .F. ) ;
#799 = VECTOR ( 'NONE', #3583, 1000.000000000000000 ) ;
#800 = ADVANCED_FACE ( 'NONE', ( #2799 ), #5367, .T. ) ;
#801 = VERTEX_POINT ( 'NONE', #5867 ) ;
#802 = PLANE ( 'NONE',  #4333 ) ;
#803 = EDGE_CURVE ( 'NONE', #2481, #5033, #335, .T. ) ;
#804 = AXIS2_PLACEMENT_3D ( 'NONE', #3588, #4843, #4807 ) ;
#805 = ORIENTED_EDGE ( 'NONE', *, *, #1998, .F. ) ;
#806 = DIRECTION ( 'NONE',  ( -1.000000000000000000, 0.000000000000000000, 1.130013531886300531E-16 ) ) ;
#807 = PERSON_AND_ORGANIZATION ( #18446744073709551615, #18446744073709551615 ) ;
#808 = LINE ( 'NONE', #3486, #4626 ) ;
#809 = CARTESIAN_POINT ( 'NONE',  ( 45.75000000000000000, 15.67725984076615653, 10.00000000000000000 ) ) ;
#810 = LINE ( 'NONE', #5480, #6144 ) ;
#811 = LINE ( 'NONE', #2849, #5872 ) ;
#812 = VERTEX_POINT ( 'NONE', #1864 ) ;
#813 = ORIENTED_EDGE ( 'NONE', *, *, #2722, .T. ) ;
#814 = FACE_BOUND ( 'NONE', #3674, .T. ) ;
#815 = VECTOR ( 'NONE', #355, 1000.000000000000114 ) ;
#816 = CARTESIAN_POINT ( 'NONE',  ( 62.99999999999998579, 79.33012701892224072, 10.00000000000000355 ) ) ;
#817 = VECTOR ( 'NONE', #133, 1000.000000000000000 ) ;
#818 = ORIENTED_EDGE ( 'NONE', *, *, #3204, .F. ) ;
#819 = EDGE_CURVE ( 'NONE', #4238, #2954, #862, .T. ) ;
#820 = VECTOR ( 'NONE', #2169, 1000.000000000000000 ) ;
#821 = DIRECTION ( 'NONE',  ( -0.000000000000000000, 3.489217355721594252E-17, -1.000000000000000000 ) ) ;
#822 = CARTESIAN_POINT ( 'NONE',  ( 74.99999999999998579, 83.66025403784443881, 10.00000000000000355 ) ) ;
#823 = ORIENTED_EDGE ( 'NONE', *, *, #563, .T. ) ;
#824 = DIRECTION ( 'NONE',  ( -0.4999999999999996669, -0.8660254037844388186, -3.021750869380465486E-17 ) ) ;
#825 = CARTESIAN_POINT ( 'NONE',  ( 108.0473520826018756, -20.29013315392514016, 3.000000000000019096 ) ) ;
#826 = VECTOR ( 'NONE', #301, 1000.000000000000000 ) ;
#827 = VECTOR ( 'NONE', #191, 1000.000000000000114 ) ;
#828 = DIRECTION ( 'NONE',  ( -1.000000000000000000, -0.000000000000000000, 1.954618001100627820E-16 ) ) ;
#829 = DIRECTION ( 'NONE',  ( -0.000000000000000000, 3.489217355721594252E-17, -1.000000000000000000 ) ) ;
#830 = PLANE ( 'NONE',  #2092 ) ;
#831 = ORIENTED_EDGE ( 'NONE', *, *, #1601, .T. ) ;
#832 = DIRECTION ( 'NONE',  ( 0.000000000000000000, 0.000000000000000000, 1.000000000000000000 ) ) ;
#833 = EDGE_LOOP ( 'NONE', ( #3178, #6476, #5076, #2435, #2496, #306 ) ) ;
#834 = CARTESIAN_POINT ( 'NONE',  ( -75.79735208260150614, -65.75646685260788615, 3.000000000000019096 ) ) ;
#835 = ORIENTED_EDGE ( 'NONE', *, *, #3376, .F. ) ;
#836 = FACE_OUTER_BOUND ( 'NONE', #4603, .T. ) ;
#837 = ADVANCED_FACE ( 'NONE', ( #927 ), #2563, .F. ) ;
#838 = APPROVAL_STATUS ( 'not_yet_approved' ) ;
#839 = ADVANCED_FACE ( 'NONE', ( #1 ), #4002, .F. ) ;
#840 = DIRECTION ( 'NONE',  ( 1.000000000000000000, -0.000000000000000000, -1.437389243825479109E-16 ) ) ;
#841 = DIRECTION ( 'NONE',  ( 0.000000000000000000, 0.000000000000000000, -1.000000000000000000 ) ) ;
#842 = FACE_OUTER_BOUND ( 'NONE', #1141, .T. ) ;
#843 = EDGE_CURVE ( 'NONE', #3587, #5063, #6460, .T. ) ;
#844 = LINE ( 'NONE', #5516, #20 ) ;
#845 = AXIS2_PLACEMENT_3D ( 'NONE', #1484, #6029, #1451 ) ;
#846 = VERTEX_POINT ( 'NONE', #6557 ) ;
#847 = ORIENTED_EDGE ( 'NONE', *, *, #2541, .F. ) ;
#848 = CARTESIAN_POINT ( 'NONE',  ( 77.25000000000001421, 53.78237760728131889, 3.000000000000019096 ) ) ;
#849 = DIRECTION ( 'NONE',  ( -0.000000000000000000, 3.489217355721594252E-17, -1.000000000000000000 ) ) ;
#850 = ORIENTED_EDGE ( 'NONE', *, *, #1323, .F. ) ;
#851 = DIRECTION ( 'NONE',  ( -0.000000000000000000, 3.489217355721594252E-17, -1.000000000000000000 ) ) ;
#852 = LINE ( 'NONE', #6514, #4761 ) ;
#853 = CARTESIAN_POINT ( 'NONE',  ( 77.24999999999998579, 62.44263164512570086, 3.000000000000019096 ) ) ;
#854 = CARTESIAN_POINT ( 'NONE',  ( 109.4999999999999858, 101.4800689266309348, -9.852509501688626159 ) ) ;
#855 = DIRECTION ( 'NONE',  ( 0.000000000000000000, -1.000000000000000000, 0.000000000000000000 ) ) ;
#856 = VECTOR ( 'NONE', #1991, 1000.000000000000000 ) ;
#857 = DIRECTION ( 'NONE',  ( -1.000000000000000000, -1.602468905319638141E-15, -5.591362316445464709E-32 ) ) ;
#858 = LINE ( 'NONE', #5464, #3733 ) ;
#859 = CARTESIAN_POINT ( 'NONE',  ( 131.2500000000000000, 62.44263164512573638, 2.178759140731031568E-15 ) ) ;
#860 = ORIENTED_EDGE ( 'NONE', *, *, #2738, .F. ) ;
#861 = EDGE_LOOP ( 'NONE', ( #2442, #5103, #5806, #6497 ) ) ;
#862 = LINE ( 'NONE', #5797, #3746 ) ;
#863 = VECTOR ( 'NONE', #4411, 1000.000000000000000 ) ;
#864 = ORIENTED_EDGE ( 'NONE', *, *, #3423, .T. ) ;
#865 = ADVANCED_FACE ( 'NONE', ( #3001 ), #5535, .F. ) ;
#866 = CARTESIAN_POINT ( 'NONE',  ( 123.7499999999999858, 15.67725984076611567, 10.00000000000000000 ) ) ;
#867 = AXIS2_PLACEMENT_3D ( 'NONE', #1425, #3476, #5500 ) ;
#868 = VERTEX_POINT ( 'NONE', #4494 ) ;
#869 = DIRECTION ( 'NONE',  ( -0.8660254037844378194, -0.5000000000000015543, 0.000000000000000000 ) ) ;
#870 = APPROVAL_ROLE ( '' ) ;
#871 = EDGE_CURVE ( 'NONE', #5141, #4633, #5026, .T. ) ;
#872 = AXIS2_PLACEMENT_3D ( 'NONE', #1384, #3996, #3532 ) ;
#873 = LINE ( 'NONE', #5445, #3997 ) ;
#874 = EDGE_CURVE ( 'NONE', #6429, #5697, #3071, .T. ) ;
#875 = CYLINDRICAL_SURFACE ( 'NONE', #2078, 2.100000000000000977 ) ;
#876 = CARTESIAN_POINT ( 'NONE',  ( 38.25000000000041211, -202.2374841615668117, 3.000000000000019096 ) ) ;
#877 = EDGE_CURVE ( 'NONE', #4556, #4038, #1896, .T. ) ;
#878 = LINE ( 'NONE', #1373, #4592 ) ;
#879 = ORIENTED_EDGE ( 'NONE', *, *, #353, .F. ) ;
#880 = ORIENTED_EDGE ( 'NONE', *, *, #5262, .F. ) ;
#881 = DIRECTION ( 'NONE',  ( -1.602468905319638141E-15, -1.000000000000000000, 0.000000000000000000 ) ) ;
#882 = VERTEX_POINT ( 'NONE', #4527 ) ;
#883 = LINE ( 'NONE', #5922, #6440 ) ;
#884 = DIRECTION ( 'NONE',  ( -0.000000000000000000, 3.489217355721594252E-17, -1.000000000000000000 ) ) ;
#885 = DIRECTION ( 'NONE',  ( -0.000000000000000000, 3.489217355721594252E-17, -1.000000000000000000 ) ) ;
#886 = FACE_OUTER_BOUND ( 'NONE', #2156, .T. ) ;
#887 = VECTOR ( 'NONE', #5344, 1000.000000000000000 ) ;
#888 = CARTESIAN_POINT ( 'NONE',  ( 116.2499999999999858, 62.44263164512570086, 3.000000000000019096 ) ) ;
#889 = CARTESIAN_POINT ( 'NONE',  ( 96.75000000000000000, 28.66764089753273126, 1.000276301672653560E-15 ) ) ;
#890 = DIRECTION ( 'NONE',  ( -0.000000000000000000, -1.000000000000000000, -3.489217355721594252E-17 ) ) ;
#891 = CARTESIAN_POINT ( 'NONE',  ( 101.9999999999999858, 36.89488223348483587, 10.00000000000000178 ) ) ;
#892 = ORIENTED_EDGE ( 'NONE', *, *, #5213, .F. ) ;
#893 = CARTESIAN_POINT ( 'NONE',  ( 101.9999999999999858, 70.66987298107788718, 2.465825473322174997E-15 ) ) ;
#894 = VECTOR ( 'NONE', #633, 1000.000000000000000 ) ;
#895 = EDGE_CURVE ( 'NONE', #6495, #3922, #2534, .T. ) ;
#896 = ORIENTED_EDGE ( 'NONE', *, *, #124, .T. ) ;
#897 = EDGE_CURVE ( 'NONE', #2337, #4978, #2497, .T. ) ;
#898 = CARTESIAN_POINT ( 'NONE',  ( 16.49999999999993250, 66.33974596215564645, 2.314737929853150582E-15 ) ) ;
#899 = ORIENTED_EDGE ( 'NONE', *, *, #4208, .F. ) ;
#900 = CIRCLE ( 'NONE', #4414, 2.500000000000002220 ) ;
#901 = ORIENTED_EDGE ( 'NONE', *, *, #22, .T. ) ;
#902 = FACE_OUTER_BOUND ( 'NONE', #749, .T. ) ;
#903 = PERSON_AND_ORGANIZATION ( #18446744073709551615, #18446744073709551615 ) ;
#904 = ORIENTED_EDGE ( 'NONE', *, *, #1527, .T. ) ;
#905 = FACE_OUTER_BOUND ( 'NONE', #1167, .T. ) ;
#906 = DIRECTION ( 'NONE',  ( 0.8660254037844383745, 0.5000000000000004441, 0.000000000000000000 ) ) ;
#907 = VECTOR ( 'NONE', #1082, 1000.000000000000000 ) ;
#908 = LINE ( 'NONE', #2445, #4865 ) ;
#909 = LINE ( 'NONE', #2948, #6189 ) ;
#910 = ORIENTED_EDGE ( 'NONE', *, *, #6113, .T. ) ;
#911 = ORIENTED_EDGE ( 'NONE', *, *, #2863, .F. ) ;
#912 = CARTESIAN_POINT ( 'NONE',  ( 38.25000000000000711, 53.78237760728131889, 3.000000000000019096 ) ) ;
#913 = ORIENTED_EDGE ( 'NONE', *, *, #1070, .F. ) ;
#914 = FACE_OUTER_BOUND ( 'NONE', #4131, .T. ) ;
#915 = DIRECTION ( 'NONE',  ( -0.000000000000000000, 3.489217355721594252E-17, -1.000000000000000000 ) ) ;
#916 = CARTESIAN_POINT ( 'NONE',  ( 0.000000000000000000, 100.0000000000000000, 90.00000000000001421 ) ) ;
#917 = PLANE ( 'NONE',  #4803 ) ;
#918 = VERTEX_POINT ( 'NONE', #3541 ) ;
#919 = CARTESIAN_POINT ( 'NONE',  ( 57.74999999999999289, 62.44263164512570086, 2.178759140731030384E-15 ) ) ;
#920 = ADVANCED_FACE ( 'NONE', ( #6526, #4464 ), #1995, .F. ) ;
#921 = EDGE_CURVE ( 'NONE', #3676, #5820, #5567, .T. ) ;
#922 = LINE ( 'NONE', #489, #993 ) ;
#923 = DIRECTION ( 'NONE',  ( -1.602468905319633408E-15, -1.000000000000000000, 0.000000000000000000 ) ) ;
#924 = CARTESIAN_POINT ( 'NONE',  ( 37.50000000000000711, 104.4764486738543354, -3.995172996297862600 ) ) ;
#925 = VERTEX_POINT ( 'NONE', #893 ) ;
#926 = VECTOR ( 'NONE', #3509, 1000.000000000000000 ) ;
#927 = FACE_OUTER_BOUND ( 'NONE', #1779, .T. ) ;
#928 = VECTOR ( 'NONE', #5744, 1000.000000000000000 ) ;
#929 = VECTOR ( 'NONE', #2918, 1000.000000000000114 ) ;
#930 = APPROVAL_PERSON_ORGANIZATION ( #6500, #35, #870 ) ;
#931 = EDGE_LOOP ( 'NONE', ( #5771, #2548, #659, #2621 ) ) ;
#932 = CARTESIAN_POINT ( 'NONE',  ( 84.75000000000000000, 32.99776791645491159, 3.000000000000019096 ) ) ;
#933 = EDGE_LOOP ( 'NONE', ( #1758, #669, #1692, #2010 ) ) ;
#934 = ORIENTED_EDGE ( 'NONE', *, *, #5910, .F. ) ;
#935 = CARTESIAN_POINT ( 'NONE',  ( 116.2499999999996163, -202.2374841615670675, 3.000000000000019096 ) ) ;
#936 = PERSON_AND_ORGANIZATION_ROLE ( 'design_supplier' ) ;
#937 = ORIENTED_EDGE ( 'NONE', *, *, #843, .F. ) ;
#938 = CARTESIAN_POINT ( 'NONE',  ( 23.99999999999999289, -202.2374841615668686, 3.000000000000019096 ) ) ;
#939 = LINE ( 'NONE', #5040, #3255 ) ;
#940 = CARTESIAN_POINT ( 'NONE',  ( 104.2499999999999858, 15.67725984076612988, 10.00000000000000000 ) ) ;
#941 = VERTEX_POINT ( 'NONE', #5967 ) ;
#942 = VERTEX_POINT ( 'NONE', #3442 ) ;
#943 = DIRECTION ( 'NONE',  ( -1.000000000000000000, 1.602468905319638141E-15, 5.591362316445464709E-32 ) ) ;
#944 = EDGE_LOOP ( 'NONE', ( #2813, #5640, #4160, #6382 ) ) ;
#945 = FACE_OUTER_BOUND ( 'NONE', #475, .T. ) ;
#946 = EDGE_CURVE ( 'NONE', #543, #3415, #5467, .T. ) ;
#947 = DIRECTION ( 'NONE',  ( -0.8660254037844383745, -0.5000000000000004441, 0.000000000000000000 ) ) ;
#948 = VECTOR ( 'NONE', #5256, 1000.000000000000114 ) ;
#949 = PLANE ( 'NONE',  #98 ) ;
#950 = CARTESIAN_POINT ( 'NONE',  ( 150.0000000000000000, 49.99999999999999289, 90.00000000000001421 ) ) ;
#951 = ORIENTED_EDGE ( 'NONE', *, *, #895, .F. ) ;
#952 = CARTESIAN_POINT ( 'NONE',  ( 26.24999999999999645, 32.99776791645488316, 3.000000000000019096 ) ) ;
#953 = ADVANCED_FACE ( 'NONE', ( #2432 ), #6490, .F. ) ;
#954 = DIRECTION ( 'NONE',  ( -1.000000000000000000, -0.000000000000000000, -0.000000000000000000 ) ) ;
#955 = FACE_OUTER_BOUND ( 'NONE', #4636, .T. ) ;
#956 = EDGE_CURVE ( 'NONE', #4243, #990, #4995, .T. ) ;
#957 = DIRECTION ( 'NONE',  ( 1.000000000000000000, -0.000000000000000000, -1.437389243825479109E-16 ) ) ;
#958 = VERTEX_POINT ( 'NONE', #5633 ) ;
#959 = EDGE_CURVE ( 'NONE', #5697, #2571, #1552, .T. ) ;
#960 = CARTESIAN_POINT ( 'NONE',  ( 130.1723520826017761, 18.03149096353648417, 3.000000000000019096 ) ) ;
#961 = AXIS2_PLACEMENT_3D ( 'NONE', #4246, #2281, #185 ) ;
#962 = EDGE_LOOP ( 'NONE', ( #1596, #2130, #1560, #6458 ) ) ;
#963 = CARTESIAN_POINT ( 'NONE',  ( 82.49999999999998579, 36.89488223348483587, 3.000000000000019096 ) ) ;
#964 = ORIENTED_EDGE ( 'NONE', *, *, #229, .T. ) ;
#965 = ORIENTED_EDGE ( 'NONE', *, *, #5576, .F. ) ;
#966 = LINE ( 'NONE', #3516, #3994 ) ;
#967 = VECTOR ( 'NONE', #3425, 1000.000000000000000 ) ;
#968 = EDGE_CURVE ( 'NONE', #3175, #4567, #561, .T. ) ;
#969 = ORIENTED_EDGE ( 'NONE', *, *, #258, .T. ) ;
#970 = CARTESIAN_POINT ( 'NONE',  ( 72.74999999999998579, 62.44263164512573638, 10.00000000000000178 ) ) ;
#971 = LINE ( 'NONE', #4409, #2937 ) ;
#972 = AXIS2_PLACEMENT_3D ( 'NONE', #1828, #4833, #832 ) ;
#973 = ORIENTED_EDGE ( 'NONE', *, *, #2759, .F. ) ;
#974 = VERTEX_POINT ( 'NONE', #4184 ) ;
#975 = CARTESIAN_POINT ( 'NONE',  ( 135.0473520826015204, 26.47523865043477542, 3.000000000000019096 ) ) ;
#976 = VECTOR ( 'NONE', #4206, 1000.000000000000000 ) ;
#977 = EDGE_CURVE ( 'NONE', #2433, #5986, #3601, .T. ) ;
#978 = ORIENTED_EDGE ( 'NONE', *, *, #6196, .F. ) ;
#979 = CARTESIAN_POINT ( 'NONE',  ( 123.7500000000000000, 66.77275866404791316, 10.00000000000000178 ) ) ;
#980 = EDGE_CURVE ( 'NONE', #2160, #776, #1083, .T. ) ;
#981 = PLANE ( 'NONE',  #4016 ) ;
#982 = LINE ( 'NONE', #2520, #4141 ) ;
#983 = CARTESIAN_POINT ( 'NONE',  ( 147.0000000000000284, -1.714505518806294283E-14, 140.0000000000000000 ) ) ;
#984 = VECTOR ( 'NONE', #4742, 1000.000000000000000 ) ;
#985 = ORIENTED_EDGE ( 'NONE', *, *, #4174, .T. ) ;
#986 = LINE ( 'NONE', #2525, #2139 ) ;
#987 = DIRECTION ( 'NONE',  ( -0.000000000000000000, 3.489217355721594252E-17, -1.000000000000000000 ) ) ;
#988 = CARTESIAN_POINT ( 'NONE',  ( 48.00000000000000000, 45.55513627132927468, 10.00000000000000178 ) ) ;
#989 = CARTESIAN_POINT ( 'NONE',  ( 111.7499999999999574, 28.66764089753270994, 3.000000000000019096 ) ) ;
#990 = VERTEX_POINT ( 'NONE', #3100 ) ;
#991 = CARTESIAN_POINT ( 'NONE',  ( 150.0000000000000000, 38.99486378953769616, 6.764530565822896497E-15 ) ) ;
#992 = ADVANCED_FACE ( 'NONE', ( #3229 ), #1113, .F. ) ;
#993 = VECTOR ( 'NONE', #4522, 1000.000000000000000 ) ;
#994 = EDGE_CURVE ( 'NONE', #6247, #343, #5125, .T. ) ;
#995 = VERTEX_POINT ( 'NONE', #4625 ) ;
#996 = CARTESIAN_POINT ( 'NONE',  ( 18.74999999999998934, 20.00738685968838482, 10.00000000000000000 ) ) ;
#997 = ORIENTED_EDGE ( 'NONE', *, *, #4420, .T. ) ;
#998 = VERTEX_POINT ( 'NONE', #64 ) ;
#999 = CARTESIAN_POINT ( 'NONE',  ( 43.49999999999998579, 70.66987298107788718, 10.00000000000000178 ) ) ;
#1000 = ADVANCED_FACE ( 'NONE', ( #592 ), #3129, .F. ) ;
#1001 = EDGE_CURVE ( 'NONE', #629, #4470, #6252, .T. ) ;
#1002 = ORIENTED_EDGE ( 'NONE', *, *, #994, .T. ) ;
#1003 = VECTOR ( 'NONE', #4416, 1000.000000000000000 ) ;
#1004 = DIRECTION ( 'NONE',  ( -0.8660254037844393737, 0.4999999999999985012, 0.000000000000000000 ) ) ;
#1005 = CARTESIAN_POINT ( 'NONE',  ( 74.99999999999992895, 66.33974596215564645, 3.000000000000019096 ) ) ;
#1006 = PLANE ( 'NONE',  #2038 ) ;
#1007 = ORIENTED_EDGE ( 'NONE', *, *, #1959, .F. ) ;
#1008 = ORIENTED_EDGE ( 'NONE', *, *, #1663, .F. ) ;
#1009 = CARTESIAN_POINT ( 'NONE',  ( 111.7499999999999716, 53.78237760728132599, 10.00000000000000178 ) ) ;
#1010 = VERTEX_POINT ( 'NONE', #2622 ) ;
#1011 = VECTOR ( 'NONE', #6546, 1000.000000000000000 ) ;
#1012 = LINE ( 'NONE', #1102, #1754 ) ;
#1013 = CARTESIAN_POINT ( 'NONE',  ( 40.50000000000000711, 101.4800689266309348, -11.85250950168861195 ) ) ;
#1014 = PLANE ( 'NONE',  #437 ) ;
#1015 = ORIENTED_EDGE ( 'NONE', *, *, #1363, .T. ) ;
#1016 = DIRECTION ( 'NONE',  ( -0.000000000000000000, 3.489217355721594252E-17, -1.000000000000000000 ) ) ;
#1017 = CARTESIAN_POINT ( 'NONE',  ( 33.74999999999997158, 20.00738685968834218, 6.981012147346073931E-16 ) ) ;
#1018 = EDGE_CURVE ( 'NONE', #4415, #1186, #1645, .T. ) ;
#1019 = CARTESIAN_POINT ( 'NONE',  ( 94.49999999999991473, 49.88526329025141592, 10.00000000000000178 ) ) ;
#1020 = PLANE ( 'NONE',  #6464 ) ;
#1021 = PLANE ( 'NONE',  #2533 ) ;
#1022 = ORIENTED_EDGE ( 'NONE', *, *, #1230, .T. ) ;
#1023 = DIRECTION ( 'NONE',  ( -0.000000000000000000, 0.000000000000000000, -1.000000000000000000 ) ) ;
#1024 = VECTOR ( 'NONE', #5231, 1000.000000000000000 ) ;
#1025 = ORIENTED_EDGE ( 'NONE', *, *, #4261, .F. ) ;
#1026 = FACE_OUTER_BOUND ( 'NONE', #3986, .T. ) ;
#1027 = FACE_OUTER_BOUND ( 'NONE', #2829, .T. ) ;
#1028 = VECTOR ( 'NONE', #5158, 1000.000000000000000 ) ;
#1029 = EDGE_LOOP ( 'NONE', ( #255, #1927, #6165, #5539 ) ) ;
#1030 = EDGE_CURVE ( 'NONE', #2785, #4936, #5251, .T. ) ;
#1031 = VECTOR ( 'NONE', #849, 1000.000000000000000 ) ;
#1032 = VERTEX_POINT ( 'NONE', #34 ) ;
#1033 = CARTESIAN_POINT ( 'NONE',  ( 0.000000000000000000, 1.141983802888053159E-14, 34.56121421188655063 ) ) ;
#1034 = VECTOR ( 'NONE', #915, 1000.000000000000000 ) ;
#1035 = VERTEX_POINT ( 'NONE', #650 ) ;
#1036 = LINE ( 'NONE', #45, #3911 ) ;
#1037 = LINE ( 'NONE', #6231, #1024 ) ;
#1038 = ADVANCED_FACE ( 'NONE', ( #5724 ), #2060, .F. ) ;
#1039 = EDGE_CURVE ( 'NONE', #3543, #1078, #1584, .T. ) ;
#1040 = ORIENTED_EDGE ( 'NONE', *, *, #232, .F. ) ;
#1041 = ORIENTED_EDGE ( 'NONE', *, *, #5486, .F. ) ;
#1042 = CARTESIAN_POINT ( 'NONE',  ( 131.2500000000000000, -202.2374841615668686, 3.000000000000019096 ) ) ;
#1043 = EDGE_LOOP ( 'NONE', ( #1751, #904, #2717, #934 ) ) ;
#1044 = PLANE ( 'NONE',  #1329 ) ;
#1045 = EDGE_CURVE ( 'NONE', #3512, #2482, #5662, .T. ) ;
#1046 = DIRECTION ( 'NONE',  ( 0.8660254037844387076, -0.4999999999999999445, 0.000000000000000000 ) ) ;
#1047 = LINE ( 'NONE', #1575, #5554 ) ;
#1048 = ORIENTED_EDGE ( 'NONE', *, *, #384, .F. ) ;
#1049 = PLANE ( 'NONE',  #1833 ) ;
#1050 = DIRECTION ( 'NONE',  ( -0.000000000000000000, 3.489217355721594252E-17, -1.000000000000000000 ) ) ;
#1051 = VECTOR ( 'NONE', #6358, 1000.000000000000114 ) ;
#1052 = CARTESIAN_POINT ( 'NONE',  ( 150.0000000000000000, 100.0000000000000000, 3.489217355721594350E-15 ) ) ;
#1053 = LINE ( 'NONE', #4063, #3921 ) ;
#1054 = FACE_OUTER_BOUND ( 'NONE', #108, .T. ) ;
#1055 = VERTEX_POINT ( 'NONE', #1086 ) ;
#1056 = DIRECTION ( 'NONE',  ( -0.000000000000000000, 3.489217355721594252E-17, -1.000000000000000000 ) ) ;
#1057 = LINE ( 'NONE', #6069, #797 ) ;
#1058 = CARTESIAN_POINT ( 'NONE',  ( 94.49999999999997158, 32.56475521456263067, 3.000000000000019096 ) ) ;
#1059 = ORIENTED_EDGE ( 'NONE', *, *, #4911, .F. ) ;
#1060 = ORIENTED_EDGE ( 'NONE', *, *, #6574, .F. ) ;
#1061 = VECTOR ( 'NONE', #4648, 1000.000000000000000 ) ;
#1062 = EDGE_CURVE ( 'NONE', #3864, #2746, #452, .T. ) ;
#1063 = ORIENTED_EDGE ( 'NONE', *, *, #2870, .T. ) ;
#1064 = FACE_OUTER_BOUND ( 'NONE', #6489, .T. ) ;
#1065 = DIRECTION ( 'NONE',  ( -0.000000000000000000, 3.489217355721594252E-17, -1.000000000000000000 ) ) ;
#1066 = ORIENTED_EDGE ( 'NONE', *, *, #4061, .F. ) ;
#1067 = ADVANCED_FACE ( 'NONE', ( #1179 ), #123, .F. ) ;
#1068 = ORIENTED_EDGE ( 'NONE', *, *, #1855, .T. ) ;
#1069 = DIRECTION ( 'NONE',  ( -0.000000000000000000, 3.489217355721594252E-17, -1.000000000000000000 ) ) ;
#1070 = EDGE_CURVE ( 'NONE', #3531, #4371, #3897, .T. ) ;
#1071 = ORIENTED_EDGE ( 'NONE', *, *, #93, .T. ) ;
#1072 = VECTOR ( 'NONE', #3750, 1000.000000000000000 ) ;
#1073 = CARTESIAN_POINT ( 'NONE',  ( 28.49999999999999645, 79.33012701892225493, 3.000000000000019096 ) ) ;
#1074 = EDGE_CURVE ( 'NONE', #6495, #6071, #5926, .T. ) ;
#1075 = CARTESIAN_POINT ( 'NONE',  ( 16.49999999999993250, 66.33974596215564645, 3.000000000000019096 ) ) ;
#1076 = FACE_OUTER_BOUND ( 'NONE', #3909, .T. ) ;
#1077 = ORIENTED_EDGE ( 'NONE', *, *, #5262, .T. ) ;
#1078 = VERTEX_POINT ( 'NONE', #4753 ) ;
#1079 = LINE ( 'NONE', #3094, #4391 ) ;
#1080 = DIRECTION ( 'NONE',  ( 0.000000000000000000, 8.673617379884035472E-17, 1.000000000000000000 ) ) ;
#1081 = EDGE_CURVE ( 'NONE', #1675, #19, #4285, .T. ) ;
#1082 = DIRECTION ( 'NONE',  ( -1.602468905319637943E-15, 1.000000000000000000, 3.489217355721594252E-17 ) ) ;
#1083 = CIRCLE ( 'NONE', #3443, 2.500000000000002220 ) ;
#1084 = DIRECTION ( 'NONE',  ( 0.8660254037844383745, -0.5000000000000003331, -1.744608677860795893E-17 ) ) ;
#1085 = EDGE_LOOP ( 'NONE', ( #6038, #288, #5347, #4137 ) ) ;
#1086 = CARTESIAN_POINT ( 'NONE',  ( 3.000000000000002220, 85.06340628446157837, 8.710728321080063452 ) ) ;
#1087 = DIRECTION ( 'NONE',  ( -1.000000000000000000, 0.000000000000000000, 0.000000000000000000 ) ) ;
#1088 = CARTESIAN_POINT ( 'NONE',  ( 33.74999999999997158, 53.78237760728132599, 3.000000000000019096 ) ) ;
#1089 = ORIENTED_EDGE ( 'NONE', *, *, #5993, .T. ) ;
#1090 = AXIS2_PLACEMENT_3D ( 'NONE', #3165, #2724, #4682 ) ;
#1091 = ADVANCED_FACE ( 'NONE', ( #5322 ), #6386, .F. ) ;
#1092 = ORIENTED_EDGE ( 'NONE', *, *, #4397, .T. ) ;
#1093 = EDGE_CURVE ( 'NONE', #6302, #5952, #293, .T. ) ;
#1094 = ORIENTED_EDGE ( 'NONE', *, *, #1323, .T. ) ;
#1095 = LINE ( 'NONE', #4135, #3470 ) ;
#1096 = CARTESIAN_POINT ( 'NONE',  ( 87.00000000000000000, 70.66987298107780191, 10.00000000000000178 ) ) ;
#1097 = ORIENTED_EDGE ( 'NONE', *, *, #6215, .T. ) ;
#1098 = ORIENTED_EDGE ( 'NONE', *, *, #3817, .F. ) ;
#1099 = CARTESIAN_POINT ( 'NONE',  ( 45.75000000000000000, 32.99776791645492580, 10.00000000000000178 ) ) ;
#1100 = VECTOR ( 'NONE', #1143, 1000.000000000000000 ) ;
#1101 = VERTEX_POINT ( 'NONE', #5789 ) ;
#1102 = CARTESIAN_POINT ( 'NONE',  ( 112.4999999999999858, 98.48368917940753420, -10.70984600707937773 ) ) ;
#1103 = LINE ( 'NONE', #4145, #1654 ) ;
#1104 = CARTESIAN_POINT ( 'NONE',  ( 9.000000000000007105, 79.33012701892225493, 2.768000560260221065E-15 ) ) ;
#1105 = ORIENTED_EDGE ( 'NONE', *, *, #1637, .T. ) ;
#1106 = LINE ( 'NONE', #3154, #5568 ) ;
#1107 = CARTESIAN_POINT ( 'NONE',  ( 84.74999999999998579, 66.77275866404791316, 3.000000000000019096 ) ) ;
#1108 = VERTEX_POINT ( 'NONE', #4787 ) ;
#1109 = LINE ( 'NONE', #5181, #188 ) ;
#1110 = DIRECTION ( 'NONE',  ( -0.8660254037844383745, -0.5000000000000003331, 0.000000000000000000 ) ) ;
#1111 = EDGE_LOOP ( 'NONE', ( #566, #110, #5815, #216 ) ) ;
#1112 = VECTOR ( 'NONE', #2044, 1000.000000000000000 ) ;
#1113 = PLANE ( 'NONE',  #2477 ) ;
#1114 = EDGE_CURVE ( 'NONE', #2191, #5945, #2324, .T. ) ;
#1115 = ADVANCED_FACE ( 'NONE', ( #6319 ), #2291, .F. ) ;
#1116 = DIRECTION ( 'NONE',  ( 0.000000000000000000, 1.734723475976807094E-16, -1.000000000000000000 ) ) ;
#1117 = DIRECTION ( 'NONE',  ( -0.000000000000000000, 3.489217355721594252E-17, -1.000000000000000000 ) ) ;
#1118 = VERTEX_POINT ( 'NONE', #3364 ) ;
#1119 = DIRECTION ( 'NONE',  ( 0.000000000000000000, -1.000000000000000000, 0.000000000000000000 ) ) ;
#1120 = ORIENTED_EDGE ( 'NONE', *, *, #5102, .T. ) ;
#1121 = VECTOR ( 'NONE', #3528, 1000.000000000000000 ) ;
#1122 = ORIENTED_EDGE ( 'NONE', *, *, #3159, .T. ) ;
#1123 = LINE ( 'NONE', #2231, #1881 ) ;
#1124 = CARTESIAN_POINT ( 'NONE',  ( 65.25000000000000000, 15.67725984076614942, 3.000000000000019096 ) ) ;
#1125 = VECTOR ( 'NONE', #3903, 1000.000000000000000 ) ;
#1126 = ORIENTED_EDGE ( 'NONE', *, *, #2769, .F. ) ;
#1127 = ORIENTED_EDGE ( 'NONE', *, *, #980, .T. ) ;
#1128 = DIRECTION ( 'NONE',  ( -1.000000000000000000, -0.000000000000000000, 1.880926496205912652E-16 ) ) ;
#1129 = ORIENTED_EDGE ( 'NONE', *, *, #2260, .T. ) ;
#1130 = CARTESIAN_POINT ( 'NONE',  ( 87.00000000000000000, -202.2374841615668686, 3.000000000000019096 ) ) ;
#1131 = CARTESIAN_POINT ( 'NONE',  ( 74.99999999999998579, 32.56475521456263067, 1.136255090794772180E-15 ) ) ;
#1132 = DIRECTION ( 'NONE',  ( 0.000000000000000000, 1.000000000000000000, 0.000000000000000000 ) ) ;
#1133 = ORIENTED_EDGE ( 'NONE', *, *, #2769, .T. ) ;
#1134 = DIRECTION ( 'NONE',  ( -0.000000000000000000, 1.000000000000000000, 3.489217355721594868E-17 ) ) ;
#1135 = DIRECTION ( 'NONE',  ( -0.000000000000000000, -1.000000000000000000, -3.489217355721593635E-17 ) ) ;
#1136 = ORIENTED_EDGE ( 'NONE', *, *, #3960, .T. ) ;
#1137 = EDGE_CURVE ( 'NONE', #543, #5229, #4321, .T. ) ;
#1138 = ORIENTED_EDGE ( 'NONE', *, *, #4612, .F. ) ;
#1139 = DIRECTION ( 'NONE',  ( -0.8660254037844397068, -0.4999999999999979461, 0.000000000000000000 ) ) ;
#1140 = CARTESIAN_POINT ( 'NONE',  ( 84.74999999999998579, 49.45225058835914922, 1.725496510323961677E-15 ) ) ;
#1141 = EDGE_LOOP ( 'NONE', ( #4147, #3153, #3491, #6399 ) ) ;
#1142 = CARTESIAN_POINT ( 'NONE',  ( 94.49999999999991473, 66.33974596215564645, 10.00000000000000178 ) ) ;
#1143 = DIRECTION ( 'NONE',  ( -0.000000000000000000, 3.489217355721594252E-17, -1.000000000000000000 ) ) ;
#1144 = EDGE_CURVE ( 'NONE', #5560, #5582, #6284, .T. ) ;
#1145 = EDGE_CURVE ( 'NONE', #5824, #4997, #5427, .T. ) ;
#1146 = FACE_OUTER_BOUND ( 'NONE', #2149, .T. ) ;
#1147 = EDGE_CURVE ( 'NONE', #5333, #868, #786, .T. ) ;
#1148 = LINE ( 'NONE', #3168, #4544 ) ;
#1149 = ORIENTED_EDGE ( 'NONE', *, *, #6095, .T. ) ;
#1150 = AXIS2_PLACEMENT_3D ( 'NONE', #2250, #5889, #6317 ) ;
#1151 = CARTESIAN_POINT ( 'NONE',  ( 112.4999999999999858, 101.4800689266309348, -7.352509501688626159 ) ) ;
#1152 = VERTEX_POINT ( 'NONE', #1314 ) ;
#1153 = ORIENTED_EDGE ( 'NONE', *, *, #1184, .F. ) ;
#1154 = PLANE ( 'NONE',  #4115 ) ;
#1155 = LINE ( 'NONE', #2697, #6127 ) ;
#1156 = EDGE_LOOP ( 'NONE', ( #795, #5752, #1015, #648, #759, #6329 ) ) ;
#1157 = DIRECTION ( 'NONE',  ( -0.8660254037844388186, 0.4999999999999996669, 0.000000000000000000 ) ) ;
#1158 = VECTOR ( 'NONE', #3755, 999.9999999999998863 ) ;
#1159 = DIRECTION ( 'NONE',  ( -0.8660254037844388186, -0.4999999999999996669, 0.000000000000000000 ) ) ;
#1160 = EDGE_CURVE ( 'NONE', #3485, #846, #6351, .T. ) ;
#1161 = ORIENTED_EDGE ( 'NONE', *, *, #1759, .T. ) ;
#1162 = DIRECTION ( 'NONE',  ( -0.000000000000000000, -1.000000000000000000, -3.489217355721593635E-17 ) ) ;
#1163 = DIRECTION ( 'NONE',  ( -0.8660254037844383745, -0.5000000000000004441, 0.000000000000000000 ) ) ;
#1164 = PLANE ( 'NONE',  #5511 ) ;
#1165 = LINE ( 'NONE', #3250, #4910 ) ;
#1166 = ORIENTED_EDGE ( 'NONE', *, *, #3937, .F. ) ;
#1167 = EDGE_LOOP ( 'NONE', ( #3017, #5577, #4010, #2694 ) ) ;
#1168 = CARTESIAN_POINT ( 'NONE',  ( 40.50000000000000711, 104.4764486738543354, -3.995172996297862600 ) ) ;
#1169 = DIRECTION ( 'NONE',  ( 0.000000000000000000, 0.000000000000000000, 1.000000000000000000 ) ) ;
#1170 = ADVANCED_FACE ( 'NONE', ( #3866 ), #5891, .F. ) ;
#1171 = AXIS2_PLACEMENT_3D ( 'NONE', #3951, #6019, #4477 ) ;
#1172 = VERTEX_POINT ( 'NONE', #4888 ) ;
#1173 = ADVANCED_FACE ( 'NONE', ( #326, #5825 ), #1247, .T. ) ;
#1174 = EDGE_LOOP ( 'NONE', ( #4381, #605, #534, #5441, #4764, #2066 ) ) ;
#1175 = LINE ( 'NONE', #3226, #6567 ) ;
#1176 = CARTESIAN_POINT ( 'NONE',  ( 26.24999999999999645, 49.45225058835914922, 1.725496510323961677E-15 ) ) ;
#1177 = ORIENTED_EDGE ( 'NONE', *, *, #3964, .F. ) ;
#1178 = VECTOR ( 'NONE', #2463, 1000.000000000000000 ) ;
#1179 = FACE_OUTER_BOUND ( 'NONE', #6443, .T. ) ;
#1180 = DIRECTION ( 'NONE',  ( -5.962354970878714754E-31, -1.000000000000000000, -1.796801581883919789E-15 ) ) ;
#1181 = AXIS2_PLACEMENT_3D ( 'NONE', #2927, #2423, #4458 ) ;
#1182 = CARTESIAN_POINT ( 'NONE',  ( 150.0000000000000000, 100.0000000000000000, 90.00000000000001421 ) ) ;
#1183 = DIRECTION ( 'NONE',  ( 0.000000000000000000, 1.000000000000000000, 0.000000000000000000 ) ) ;
#1184 = EDGE_CURVE ( 'NONE', #4351, #1378, #5461, .T. ) ;
#1185 = CARTESIAN_POINT ( 'NONE',  ( 77.25000000000001421, 28.66764089753273836, 10.00000000000000178 ) ) ;
#1186 = VERTEX_POINT ( 'NONE', #721 ) ;
#1187 = DIRECTION ( 'NONE',  ( 0.000000000000000000, -1.000000000000000000, 8.673617379884035472E-17 ) ) ;
#1188 = ORIENTED_EDGE ( 'NONE', *, *, #3044, .T. ) ;
#1189 = ORIENTED_EDGE ( 'NONE', *, *, #2738, .T. ) ;
#1190 = PLANE ( 'NONE',  #2090 ) ;
#1191 = AXIS2_PLACEMENT_3D ( 'NONE', #809, #176, #4737 ) ;
#1192 = VERTEX_POINT ( 'NONE', #194 ) ;
#1193 = DIRECTION ( 'NONE',  ( 1.000000000000000000, -0.000000000000000000, -1.437389243825479109E-16 ) ) ;
#1194 = ADVANCED_FACE ( 'NONE', ( #2219 ), #2757, .F. ) ;
#1195 = DIRECTION ( 'NONE',  ( -0.8660254037844387076, -0.4999999999999998335, -1.744608677860796201E-17 ) ) ;
#1196 = ADVANCED_FACE ( 'NONE', ( #3026 ), #1917, .F. ) ;
#1197 = PLANE ( 'NONE',  #1973 ) ;
#1198 = CARTESIAN_POINT ( 'NONE',  ( 106.5000000000000000, -202.2374841615668686, 3.000000000000019096 ) ) ;
#1199 = DIRECTION ( 'NONE',  ( -1.072399862389175231E-16, -0.6658621660496463202, -0.7460747789757224968 ) ) ;
#1200 = CARTESIAN_POINT ( 'NONE',  ( 150.0000000000000000, -1.714505518806294283E-14, 140.0000000000000000 ) ) ;
#1201 = ORIENTED_EDGE ( 'NONE', *, *, #5649, .F. ) ;
#1202 = VECTOR ( 'NONE', #1180, 1000.000000000000000 ) ;
#1203 = ORIENTED_EDGE ( 'NONE', *, *, #3182, .F. ) ;
#1204 = FACE_BOUND ( 'NONE', #1588, .T. ) ;
#1205 = FACE_OUTER_BOUND ( 'NONE', #3943, .T. ) ;
#1206 = ORIENTED_EDGE ( 'NONE', *, *, #5609, .F. ) ;
#1207 = ORIENTED_EDGE ( 'NONE', *, *, #4746, .F. ) ;
#1208 = CIRCLE ( 'NONE', #55, 2.500000000000001332 ) ;
#1209 = FACE_BOUND ( 'NONE', #4839, .T. ) ;
#1210 = DIRECTION ( 'NONE',  ( -0.000000000000000000, 3.489217355721594252E-17, -1.000000000000000000 ) ) ;
#1211 = VERTEX_POINT ( 'NONE', #3028 ) ;
#1212 = DIRECTION ( 'NONE',  ( 0.000000000000000000, 1.000000000000000000, 0.000000000000000000 ) ) ;
#1213 = LINE ( 'NONE', #1315, #1430 ) ;
#1214 = CIRCLE ( 'NONE', #5264, 2.100000000000000977 ) ;
#1215 = FACE_BOUND ( 'NONE', #3419, .T. ) ;
#1216 = LINE ( 'NONE', #6257, #5639 ) ;
#1217 = DIRECTION ( 'NONE',  ( -1.602468905319638141E-15, 1.000000000000000000, 0.000000000000000000 ) ) ;
#1218 = ORIENTED_EDGE ( 'NONE', *, *, #2584, .F. ) ;
#1219 = CARTESIAN_POINT ( 'NONE',  ( 16.49999999999998579, 83.66025403784443881, 2.919088103729243901E-15 ) ) ;
#1220 = ORIENTED_EDGE ( 'NONE', *, *, #2098, .T. ) ;
#1221 = ORIENTED_EDGE ( 'NONE', *, *, #4829, .F. ) ;
#1222 = EDGE_CURVE ( 'NONE', #4666, #5165, #3504, .T. ) ;
#1223 = CARTESIAN_POINT ( 'NONE',  ( 87.00000000000000000, 79.33012701892225493, 3.000000000000019096 ) ) ;
#1224 = ORIENTED_EDGE ( 'NONE', *, *, #3820, .T. ) ;
#1225 = LINE ( 'NONE', #3210, #1960 ) ;
#1226 = LINE ( 'NONE', #1626, #5831 ) ;
#1227 = AXIS2_PLACEMENT_3D ( 'NONE', #4338, #698, #4692 ) ;
#1228 = ORIENTED_EDGE ( 'NONE', *, *, #5796, .F. ) ;
#1229 = DIRECTION ( 'NONE',  ( -0.8660254037844387076, -0.4999999999999998890, -1.744608677860796818E-17 ) ) ;
#1230 = EDGE_CURVE ( 'NONE', #3838, #2251, #5052, .T. ) ;
#1231 = PLANE ( 'NONE',  #2055 ) ;
#1232 = DIRECTION ( 'NONE',  ( -0.000000000000000000, 3.489217355721594252E-17, -1.000000000000000000 ) ) ;
#1233 = VECTOR ( 'NONE', #5363, 1000.000000000000000 ) ;
#1234 = EDGE_CURVE ( 'NONE', #4038, #56, #6585, .T. ) ;
#1235 = DIRECTION ( 'NONE',  ( -0.8660254037844383745, -0.5000000000000003331, -1.744608677860798050E-17 ) ) ;
#1236 = VECTOR ( 'NONE', #213, 1000.000000000000000 ) ;
#1237 = ORIENTED_EDGE ( 'NONE', *, *, #2465, .F. ) ;
#1238 = VERTEX_POINT ( 'NONE', #888 ) ;
#1239 = CARTESIAN_POINT ( 'NONE',  ( 9.000000000000007105, 79.33012701892225493, 2.768000560260221065E-15 ) ) ;
#1240 = AXIS2_PLACEMENT_3D ( 'NONE', #4417, #943, #881 ) ;
#1241 = FACE_OUTER_BOUND ( 'NONE', #1901, .T. ) ;
#1242 = ORIENTED_EDGE ( 'NONE', *, *, #2510, .F. ) ;
#1243 = VERTEX_POINT ( 'NONE', #952 ) ;
#1244 = FACE_BOUND ( 'NONE', #168, .T. ) ;
#1245 = CARTESIAN_POINT ( 'NONE',  ( 104.2500000000000000, 66.77275866404791316, 2.329846684200054010E-15 ) ) ;
#1246 = VERTEX_POINT ( 'NONE', #424 ) ;
#1247 = PLANE ( 'NONE',  #4169 ) ;
#1248 = DIRECTION ( 'NONE',  ( 0.5000000000000012212, 0.8660254037844380415, 3.021750869380463637E-17 ) ) ;
#1249 = EDGE_CURVE ( 'NONE', #3912, #3570, #5998, .T. ) ;
#1250 = CARTESIAN_POINT ( 'NONE',  ( 65.25000000000000000, 15.67725984076614942, 10.00000000000000000 ) ) ;
#1251 = LINE ( 'NONE', #4223, #1807 ) ;
#1252 = FACE_OUTER_BOUND ( 'NONE', #2602, .T. ) ;
#1253 = ORIENTED_EDGE ( 'NONE', *, *, #5887, .T. ) ;
#1254 = VERTEX_POINT ( 'NONE', #6090 ) ;
#1255 = DIRECTION ( 'NONE',  ( 0.000000000000000000, -1.000000000000000000, 0.000000000000000000 ) ) ;
#1256 = EDGE_LOOP ( 'NONE', ( #2178, #5673, #679, #1218 ) ) ;
#1257 = ORIENTED_EDGE ( 'NONE', *, *, #3939, .T. ) ;
#1258 = DIRECTION ( 'NONE',  ( -0.8660254037844395958, -0.4999999999999982236, 0.000000000000000000 ) ) ;
#1259 = VECTOR ( 'NONE', #4860, 1000.000000000000000 ) ;
#1260 = EDGE_LOOP ( 'NONE', ( #5099, #745, #581, #6385 ) ) ;
#1261 = LINE ( 'NONE', #5842, #3665 ) ;
#1262 = EDGE_CURVE ( 'NONE', #132, #1276, #488, .T. ) ;
#1263 = DIRECTION ( 'NONE',  ( 0.8660254037844378194, 0.5000000000000014433, 1.744608677860803597E-17 ) ) ;
#1264 = ORIENTED_EDGE ( 'NONE', *, *, #897, .T. ) ;
#1265 = CARTESIAN_POINT ( 'NONE',  ( 121.4999999999999858, 70.66987298107788718, 2.465825473322174997E-15 ) ) ;
#1266 = LINE ( 'NONE', #2310, #4931 ) ;
#1267 = DIRECTION ( 'NONE',  ( -1.000000000000000000, -0.000000000000000000, 1.880926496205912652E-16 ) ) ;
#1268 = EDGE_CURVE ( 'NONE', #2333, #370, #5529, .T. ) ;
#1269 = DIRECTION ( 'NONE',  ( 0.4999999999999998335, 0.8660254037844388186, 3.021750869380465486E-17 ) ) ;
#1270 = ORIENTED_EDGE ( 'NONE', *, *, #5110, .T. ) ;
#1271 = EDGE_LOOP ( 'NONE', ( #1374, #5857, #3503, #4576, #850, #5746 ) ) ;
#1272 = FACE_BOUND ( 'NONE', #4832, .T. ) ;
#1273 = DIRECTION ( 'NONE',  ( 3.204937810639274309E-15, 1.000000000000000000, 0.000000000000000000 ) ) ;
#1274 = EDGE_CURVE ( 'NONE', #1492, #3543, #4459, .T. ) ;
#1275 = EDGE_CURVE ( 'NONE', #2482, #2692, #5592, .T. ) ;
#1276 = VERTEX_POINT ( 'NONE', #1918 ) ;
#1277 = VERTEX_POINT ( 'NONE', #3564 ) ;
#1278 = DIRECTION ( 'NONE',  ( 0.000000000000000000, 1.000000000000000000, 0.000000000000000000 ) ) ;
#1279 = PLANE ( 'NONE',  #1483 ) ;
#1280 = ORIENTED_EDGE ( 'NONE', *, *, #5437, .F. ) ;
#1281 = CARTESIAN_POINT ( 'NONE',  ( 113.9999999999999147, 49.88526329025141592, 10.00000000000000178 ) ) ;
#1282 = VECTOR ( 'NONE', #4204, 1000.000000000000000 ) ;
#1283 = DIRECTION ( 'NONE',  ( -0.8660254037844379305, 0.5000000000000011102, 0.000000000000000000 ) ) ;
#1284 = EDGE_CURVE ( 'NONE', #4004, #5732, #3469, .T. ) ;
#1285 = APPLICATION_CONTEXT ( 'configuration controlled 3d designs of mechanical parts and assemblies' ) ;
#1286 = PLANE ( 'NONE',  #2269 ) ;
#1287 = CARTESIAN_POINT ( 'NONE',  ( 109.4999999999999858, 104.4764486738543354, -3.995172996297873258 ) ) ;
#1288 = FACE_OUTER_BOUND ( 'NONE', #4800, .T. ) ;
#1289 = ORIENTED_EDGE ( 'NONE', *, *, #3645, .T. ) ;
#1290 = ORIENTED_EDGE ( 'NONE', *, *, #491, .F. ) ;
#1291 = CARTESIAN_POINT ( 'NONE',  ( 82.49999999999998579, 70.66987298107788718, 10.00000000000000178 ) ) ;
#1292 = ORIENTED_EDGE ( 'NONE', *, *, #3937, .T. ) ;
#1293 = VECTOR ( 'NONE', #4616, 1000.000000000000000 ) ;
#1294 = ORIENTED_EDGE ( 'NONE', *, *, #5836, .F. ) ;
#1295 = DIRECTION ( 'NONE',  ( 0.000000000000000000, 0.000000000000000000, 1.000000000000000000 ) ) ;
#1296 = AXIS2_PLACEMENT_3D ( 'NONE', #711, #2243, #5419 ) ;
#1297 = EDGE_LOOP ( 'NONE', ( #763, #3627, #5616, #503, #2940, #4804 ) ) ;
#1298 = DIRECTION ( 'NONE',  ( -0.000000000000000000, -1.000000000000000000, -3.489217355721594252E-17 ) ) ;
#1299 = EDGE_CURVE ( 'NONE', #3876, #4633, #986, .T. ) ;
#1300 = DIRECTION ( 'NONE',  ( 1.000000000000000000, 0.000000000000000000, 0.000000000000000000 ) ) ;
#1301 = CARTESIAN_POINT ( 'NONE',  ( 150.0000000000000000, -1.714505518806294283E-14, 140.0000000000000000 ) ) ;
#1302 = CARTESIAN_POINT ( 'NONE',  ( 45.75000000000000000, 49.45225058835914922, 1.725496510323961677E-15 ) ) ;
#1303 = DIRECTION ( 'NONE',  ( -1.602468905319638141E-15, 1.000000000000000000, 0.000000000000000000 ) ) ;
#1304 = LINE ( 'NONE', #738, #1282 ) ;
#1305 = ORIENTED_EDGE ( 'NONE', *, *, #11, .T. ) ;
#1306 = ORIENTED_EDGE ( 'NONE', *, *, #2209, .F. ) ;
#1307 = FACE_BOUND ( 'NONE', #91, .T. ) ;
#1308 = CIRCLE ( 'NONE', #6204, 2.500000000000002220 ) ;
#1309 = CARTESIAN_POINT ( 'NONE',  ( 150.0000000000000000, 99.99999999999998579, 90.00000000000001421 ) ) ;
#1310 = EDGE_LOOP ( 'NONE', ( #5676, #6478, #3137, #1704 ) ) ;
#1311 = CARTESIAN_POINT ( 'NONE',  ( 74.99999999999992895, 49.88526329025141592, 10.00000000000000178 ) ) ;
#1312 = CARTESIAN_POINT ( 'NONE',  ( 139.9223520826014067, 34.91898633733317325, 3.000000000000019096 ) ) ;
#1313 = VERTEX_POINT ( 'NONE', #2557 ) ;
#1314 = CARTESIAN_POINT ( 'NONE',  ( 48.00000000000000000, 36.89488223348482165, 3.000000000000019096 ) ) ;
#1315 = CARTESIAN_POINT ( 'NONE',  ( 120.4223520826014777, 1.143995589740098850, 3.000000000000019096 ) ) ;
#1316 = VECTOR ( 'NONE', #5101, 1000.000000000000000 ) ;
#1317 = CARTESIAN_POINT ( 'NONE',  ( 116.2499999999999858, 62.44263164512570086, 2.178759140731030384E-15 ) ) ;
#1318 = CARTESIAN_POINT ( 'NONE',  ( 125.2973520826014209, 9.587743276638359902, 3.000000000000019096 ) ) ;
#1319 = EDGE_CURVE ( 'NONE', #4337, #332, #4488, .T. ) ;
#1320 = FACE_OUTER_BOUND ( 'NONE', #2986, .T. ) ;
#1321 = ORIENTED_EDGE ( 'NONE', *, *, #6459, .T. ) ;
#1322 = ORIENTED_EDGE ( 'NONE', *, *, #506, .F. ) ;
#1323 = EDGE_CURVE ( 'NONE', #6178, #4243, #4557, .T. ) ;
#1324 = DIRECTION ( 'NONE',  ( 0.8660254037844388186, 0.4999999999999996114, 1.744608677860794044E-17 ) ) ;
#1325 = VECTOR ( 'NONE', #4573, 1000.000000000000000 ) ;
#1326 = EDGE_CURVE ( 'NONE', #5356, #4666, #2995, .T. ) ;
#1327 = ORIENTED_EDGE ( 'NONE', *, *, #5228, .T. ) ;
#1328 = LINE ( 'NONE', #369, #5822 ) ;
#1329 = AXIS2_PLACEMENT_3D ( 'NONE', #21, #6579, #83 ) ;
#1330 = VERTEX_POINT ( 'NONE', #5962 ) ;
#1331 = LINE ( 'NONE', #2402, #3888 ) ;
#1332 = DATE_AND_TIME ( #4938, #4547 ) ;
#1333 = CARTESIAN_POINT ( 'NONE',  ( 45.75000000000000000, 66.77275866404791316, 2.329846684200054404E-15 ) ) ;
#1334 = CARTESIAN_POINT ( 'NONE',  ( -0.001000000000001000089, 85.06340628446157837, 10.81072832108004000 ) ) ;
#1335 = DIRECTION ( 'NONE',  ( 0.8660254037844394848, -0.4999999999999984457, -1.744608677860793736E-17 ) ) ;
#1336 = CARTESIAN_POINT ( 'NONE',  ( 65.25000000000000000, 32.99776791645491159, 1.151363845141676593E-15 ) ) ;
#1337 = ORIENTED_EDGE ( 'NONE', *, *, #1933, .T. ) ;
#1338 = ORIENTED_EDGE ( 'NONE', *, *, #4643, .T. ) ;
#1339 = FACE_BOUND ( 'NONE', #5566, .T. ) ;
#1340 = AXIS2_PLACEMENT_3D ( 'NONE', #1598, #1513, #5081 ) ;
#1341 = LINE ( 'NONE', #2889, #1349 ) ;
#1342 = VECTOR ( 'NONE', #4372, 1000.000000000000000 ) ;
#1343 = ORIENTED_EDGE ( 'NONE', *, *, #3595, .F. ) ;
#1344 = DIRECTION ( 'NONE',  ( -0.8660254037844383745, 0.5000000000000003331, 0.000000000000000000 ) ) ;
#1345 = AXIS2_PLACEMENT_3D ( 'NONE', #5777, #1199, #1739 ) ;
#1346 = CARTESIAN_POINT ( 'NONE',  ( 9.000000000000007105, 79.33012701892225493, 10.00000000000000355 ) ) ;
#1347 = PLANE ( 'NONE',  #5200 ) ;
#1348 = CARTESIAN_POINT ( 'NONE',  ( 26.24999999999999645, 49.45225058835914922, 3.000000000000019096 ) ) ;
#1349 = VECTOR ( 'NONE', #445, 1000.000000000000000 ) ;
#1350 = DIRECTION ( 'NONE',  ( -0.4999999999999996669, 0.8660254037844388186, 3.021750869380465486E-17 ) ) ;
#1351 =( GEOMETRIC_REPRESENTATION_CONTEXT ( 3 ) GLOBAL_UNCERTAINTY_ASSIGNED_CONTEXT ( ( #4142 ) ) GLOBAL_UNIT_ASSIGNED_CONTEXT ( ( #6234, #2339, #3348 ) ) REPRESENTATION_CONTEXT ( 'NONE', 'WORKASPACE' ) );
#1352 = FACE_OUTER_BOUND ( 'NONE', #3788, .T. ) ;
#1353 = VECTOR ( 'NONE', #2057, 1000.000000000000000 ) ;
#1354 = AXIS2_PLACEMENT_3D ( 'NONE', #1346, #1450, #947 ) ;
#1355 = ADVANCED_FACE ( 'NONE', ( #1487 ), #5495, .F. ) ;
#1356 = DIRECTION ( 'NONE',  ( 0.000000000000000000, -1.000000000000000000, 0.000000000000000000 ) ) ;
#1357 = LINE ( 'NONE', #5432, #3424 ) ;
#1358 = CARTESIAN_POINT ( 'NONE',  ( 57.74999999999999289, 62.44263164512570086, 10.00000000000000178 ) ) ;
#1359 = ORIENTED_EDGE ( 'NONE', *, *, #1775, .T. ) ;
#1360 = ORIENTED_EDGE ( 'NONE', *, *, #4019, .T. ) ;
#1361 = CARTESIAN_POINT ( 'NONE',  ( 116.2499999999999858, 62.44263164512570086, 10.00000000000000178 ) ) ;
#1362 = EDGE_CURVE ( 'NONE', #4352, #6556, #3436, .T. ) ;
#1363 = EDGE_CURVE ( 'NONE', #3977, #2875, #2491, .T. ) ;
#1364 = ADVANCED_FACE ( 'NONE', ( #6484 ), #3963, .F. ) ;
#1365 = VERTEX_POINT ( 'NONE', #3717 ) ;
#1366 = DIRECTION ( 'NONE',  ( -3.318315740031391761E-16, 0.000000000000000000, -1.000000000000000000 ) ) ;
#1367 = ORIENTED_EDGE ( 'NONE', *, *, #3580, .T. ) ;
#1368 = CARTESIAN_POINT ( 'NONE',  ( 123.7499999999999858, 15.67725984076611567, 10.00000000000000000 ) ) ;
#1369 = DATE_AND_TIME ( #5947, #3067 ) ;
#1370 = PLANE ( 'NONE',  #5155 ) ;
#1371 = CARTESIAN_POINT ( 'NONE',  ( 65.25000000000000000, 66.77275866404791316, 2.329846684200054404E-15 ) ) ;
#1372 = LINE ( 'NONE', #6017, #2527 ) ;
#1373 = CARTESIAN_POINT ( 'NONE',  ( 101.9999999999999858, 70.66987298107788718, 10.00000000000000178 ) ) ;
#1374 = ORIENTED_EDGE ( 'NONE', *, *, #1160, .F. ) ;
#1375 = EDGE_CURVE ( 'NONE', #4355, #5207, #1830, .T. ) ;
#1376 = ORIENTED_EDGE ( 'NONE', *, *, #2510, .T. ) ;
#1377 = DIRECTION ( 'NONE',  ( -0.000000000000000000, 3.489217355721594252E-17, -1.000000000000000000 ) ) ;
#1378 = VERTEX_POINT ( 'NONE', #1168 ) ;
#1379 = DIRECTION ( 'NONE',  ( -0.8660254037844383745, 0.5000000000000003331, 0.000000000000000000 ) ) ;
#1380 = DIRECTION ( 'NONE',  ( -2.209540906293937818E-16, 0.7460747789757224968, -0.6658621660496464312 ) ) ;
#1381 = DIRECTION ( 'NONE',  ( 0.8660254037844394848, -0.4999999999999983902, 0.000000000000000000 ) ) ;
#1382 = LINE ( 'NONE', #2925, #5124 ) ;
#1383 = EDGE_CURVE ( 'NONE', #942, #4004, #148, .T. ) ;
#1384 = CARTESIAN_POINT ( 'NONE',  ( 53.24999999999997868, 62.44263164512573638, 10.00000000000000178 ) ) ;
#1385 = VECTOR ( 'NONE', #923, 1000.000000000000000 ) ;
#1386 = ADVANCED_FACE ( 'NONE', ( #2645 ), #641, .F. ) ;
#1387 = CARTESIAN_POINT ( 'NONE',  ( 150.0000000000000000, 0.000000000000000000, 74.56121421188652221 ) ) ;
#1388 = PLANE ( 'NONE',  #6073 ) ;
#1389 = LINE ( 'NONE', #6427, #6353 ) ;
#1390 = VERTEX_POINT ( 'NONE', #3187 ) ;
#1391 = DIRECTION ( 'NONE',  ( -0.000000000000000000, 3.489217355721594252E-17, -1.000000000000000000 ) ) ;
#1392 = VECTOR ( 'NONE', #6376, 1000.000000000000000 ) ;
#1393 = EDGE_CURVE ( 'NONE', #5145, #801, #3222, .T. ) ;
#1394 = ORIENTED_EDGE ( 'NONE', *, *, #6286, .F. ) ;
#1395 = PLANE ( 'NONE',  #2192 ) ;
#1396 = VERTEX_POINT ( 'NONE', #2172 ) ;
#1397 = AXIS2_PLACEMENT_3D ( 'NONE', #1291, #6395, #3375 ) ;
#1398 = ORIENTED_EDGE ( 'NONE', *, *, #5475, .F. ) ;
#1399 = DIRECTION ( 'NONE',  ( -0.000000000000000000, 3.489217355721594252E-17, -1.000000000000000000 ) ) ;
#1400 = APPLICATION_PROTOCOL_DEFINITION ( 'international standard', 'config_control_design', 1994, #1285 ) ;
#1401 = ORIENTED_EDGE ( 'NONE', *, *, #1435, .F. ) ;
#1402 = VECTOR ( 'NONE', #1056, 1000.000000000000000 ) ;
#1403 = LINE ( 'NONE', #311, #5483 ) ;
#1404 = DIRECTION ( 'NONE',  ( 0.8660254037844383745, 0.5000000000000004441, 0.000000000000000000 ) ) ;
#1405 = DIRECTION ( 'NONE',  ( -0.4999999999999992228, -0.8660254037844391517, -3.021750869380466718E-17 ) ) ;
#1406 = EDGE_CURVE ( 'NONE', #2692, #6541, #5118, .T. ) ;
#1407 = FACE_OUTER_BOUND ( 'NONE', #4898, .T. ) ;
#1408 = EDGE_CURVE ( 'NONE', #1687, #4532, #677, .T. ) ;
#1409 = ORIENTED_EDGE ( 'NONE', *, *, #6015, .F. ) ;
#1410 = ORIENTED_EDGE ( 'NONE', *, *, #4335, .T. ) ;
#1411 = DIRECTION ( 'NONE',  ( 0.000000000000000000, 0.000000000000000000, -1.000000000000000000 ) ) ;
#1412 = ORIENTED_EDGE ( 'NONE', *, *, #2441, .T. ) ;
#1413 = CARTESIAN_POINT ( 'NONE',  ( 62.99999999999998579, 45.55513627132918941, 1.589517721201841282E-15 ) ) ;
#1414 = LINE ( 'NONE', #1311, #1891 ) ;
#1415 = LINE ( 'NONE', #3895, #2760 ) ;
#1416 = DIRECTION ( 'NONE',  ( -0.000000000000000000, 3.489217355721594252E-17, -1.000000000000000000 ) ) ;
#1417 = VECTOR ( 'NONE', #4362, 1000.000000000000000 ) ;
#1418 = DIRECTION ( 'NONE',  ( 0.4999999999999998335, -0.8660254037844388186, -3.021750869380465486E-17 ) ) ;
#1419 = VERTEX_POINT ( 'NONE', #5208 ) ;
#1420 = CARTESIAN_POINT ( 'NONE',  ( 82.49999999999998579, 45.55513627132918941, 1.589517721201841282E-15 ) ) ;
#1421 = CARTESIAN_POINT ( 'NONE',  ( 67.50000000000000000, 70.66987298107780191, 10.00000000000000178 ) ) ;
#1422 = CARTESIAN_POINT ( 'NONE',  ( 53.24999999999997868, -202.2374841615668686, 3.000000000000019096 ) ) ;
#1423 = DIRECTION ( 'NONE',  ( 3.204937810639274309E-15, 1.000000000000000000, 3.489217355721592403E-17 ) ) ;
#1424 = ORIENTED_EDGE ( 'NONE', *, *, #1873, .T. ) ;
#1425 = CARTESIAN_POINT ( 'NONE',  ( 111.7499999999999716, 62.44263164512573638, 10.00000000000000178 ) ) ;
#1426 = AXIS2_PLACEMENT_3D ( 'NONE', #4732, #6266, #1695 ) ;
#1427 = ORIENTED_EDGE ( 'NONE', *, *, #2220, .T. ) ;
#1428 = DIRECTION ( 'NONE',  ( -0.8660254037844378194, -0.5000000000000015543, 0.000000000000000000 ) ) ;
#1429 = ORIENTED_EDGE ( 'NONE', *, *, #5581, .F. ) ;
#1430 = VECTOR ( 'NONE', #3366, 999.9999999999998863 ) ;
#1431 = VECTOR ( 'NONE', #499, 1000.000000000000114 ) ;
#1432 = ORIENTED_EDGE ( 'NONE', *, *, #333, .T. ) ;
#1433 = CARTESIAN_POINT ( 'NONE',  ( 23.99999999999999289, 79.33012701892224072, 10.00000000000000355 ) ) ;
#1434 = COORDINATED_UNIVERSAL_TIME_OFFSET ( 3, 0, .BEHIND. ) ;
#1435 = EDGE_CURVE ( 'NONE', #3213, #5551, #1635, .T. ) ;
#1436 = ORIENTED_EDGE ( 'NONE', *, *, #1081, .T. ) ;
#1437 = DIRECTION ( 'NONE',  ( -1.602468905319637943E-15, 1.000000000000000000, 3.489217355721594252E-17 ) ) ;
#1438 = DIRECTION ( 'NONE',  ( 0.8660254037844395958, 0.4999999999999982236, 0.000000000000000000 ) ) ;
#1439 = AXIS2_PLACEMENT_3D ( 'NONE', #140, #3313, #1804 ) ;
#1440 = PLANE ( 'NONE',  #2629 ) ;
#1441 = PLANE ( 'NONE',  #1171 ) ;
#1442 = VERTEX_POINT ( 'NONE', #4584 ) ;
#1443 = ORIENTED_EDGE ( 'NONE', *, *, #1658, .T. ) ;
#1444 = CARTESIAN_POINT ( 'NONE',  ( 104.2500000000000000, 32.99776791645489737, 1.151363845141676199E-15 ) ) ;
#1445 = PRODUCT ( 'cabeza_v31', 'cabeza_v31', '', ( #3882 ) ) ;
#1446 = EDGE_CURVE ( 'NONE', #4847, #62, #57, .T. ) ;
#1447 = VERTEX_POINT ( 'NONE', #4707 ) ;
#1448 = CARTESIAN_POINT ( 'NONE',  ( 16.49999999999998579, 83.66025403784443881, 10.00000000000000355 ) ) ;
#1449 = EDGE_CURVE ( 'NONE', #3191, #1764, #1079, .T. ) ;
#1450 = DIRECTION ( 'NONE',  ( -0.5000000000000004441, 0.8660254037844383745, 3.021750869380464253E-17 ) ) ;
#1451 = DIRECTION ( 'NONE',  ( -0.8660254037844387076, 0.4999999999999997780, 0.000000000000000000 ) ) ;
#1452 = DIRECTION ( 'NONE',  ( -0.8660254037844387076, -0.4999999999999997780, 0.000000000000000000 ) ) ;
#1453 = ORIENTED_EDGE ( 'NONE', *, *, #4660, .T. ) ;
#1454 = CARTESIAN_POINT ( 'NONE',  ( 62.99999999999998579, -202.2374841615668686, 3.000000000000019096 ) ) ;
#1455 = VECTOR ( 'NONE', #4598, 1000.000000000000000 ) ;
#1456 = VECTOR ( 'NONE', #4935, 1000.000000000000000 ) ;
#1457 = LINE ( 'NONE', #3507, #2489 ) ;
#1458 = LINE ( 'NONE', #1955, #5969 ) ;
#1459 = LINE ( 'NONE', #5024, #926 ) ;
#1460 = VERTEX_POINT ( 'NONE', #2050 ) ;
#1461 = VECTOR ( 'NONE', #1642, 999.9999999999998863 ) ;
#1462 = AXIS2_PLACEMENT_3D ( 'NONE', #5992, #4388, #1850 ) ;
#1463 = EDGE_CURVE ( 'NONE', #2191, #4260, #3593, .T. ) ;
#1464 = VECTOR ( 'NONE', #3086, 1000.000000000000000 ) ;
#1465 = ORIENTED_EDGE ( 'NONE', *, *, #7, .T. ) ;
#1466 = LINE ( 'NONE', #593, #4304 ) ;
#1467 = ORIENTED_EDGE ( 'NONE', *, *, #753, .F. ) ;
#1468 = ORIENTED_EDGE ( 'NONE', *, *, #6334, .T. ) ;
#1469 = CARTESIAN_POINT ( 'NONE',  ( 0.000000000000000000, 49.99999999999999289, 90.00000000000001421 ) ) ;
#1470 = EDGE_CURVE ( 'NONE', #3570, #2316, #1106, .T. ) ;
#1471 = ORIENTED_EDGE ( 'NONE', *, *, #1599, .T. ) ;
#1472 = CARTESIAN_POINT ( 'NONE',  ( 57.75000000000000711, 53.78237760728131889, 1.876584053792984316E-15 ) ) ;
#1473 = DIRECTION ( 'NONE',  ( 0.8660254037844383745, -0.5000000000000004441, 0.000000000000000000 ) ) ;
#1474 = DIRECTION ( 'NONE',  ( -3.318315740031390775E-16, 0.000000000000000000, -1.000000000000000000 ) ) ;
#1475 = ADVANCED_FACE ( 'NONE', ( #2615 ), #1049, .F. ) ;
#1476 = EDGE_LOOP ( 'NONE', ( #6102, #6148, #4211, #937 ) ) ;
#1477 = VERTEX_POINT ( 'NONE', #614 ) ;
#1478 = DIRECTION ( 'NONE',  ( 0.8660254037844383745, -0.5000000000000004441, 0.000000000000000000 ) ) ;
#1479 = EDGE_LOOP ( 'NONE', ( #6171, #3689, #6360, #3827 ) ) ;
#1480 = CARTESIAN_POINT ( 'NONE',  ( 43.49999999999998579, 45.55513627132918941, 10.00000000000000178 ) ) ;
#1481 = EDGE_CURVE ( 'NONE', #4532, #5819, #552, .T. ) ;
#1482 = DIRECTION ( 'NONE',  ( -0.8660254037844378194, 0.5000000000000014433, 1.744608677860802673E-17 ) ) ;
#1483 = AXIS2_PLACEMENT_3D ( 'NONE', #3362, #1712, #1678 ) ;
#1484 = CARTESIAN_POINT ( 'NONE',  ( 84.74999999999998579, 66.77275866404791316, 10.00000000000000178 ) ) ;
#1485 = DIRECTION ( 'NONE',  ( -0.000000000000000000, 3.489217355721594252E-17, -1.000000000000000000 ) ) ;
#1486 = ORIENTED_EDGE ( 'NONE', *, *, #4793, .F. ) ;
#1487 = FACE_OUTER_BOUND ( 'NONE', #5137, .T. ) ;
#1488 = EDGE_CURVE ( 'NONE', #5945, #115, #3682, .T. ) ;
#1489 = PLANE ( 'NONE',  #4825 ) ;
#1490 = CARTESIAN_POINT ( 'NONE',  ( 150.0000000000000000, 100.0000000000000000, 90.00000000000001421 ) ) ;
#1491 = CARTESIAN_POINT ( 'NONE',  ( 123.7500000000000426, 49.45225058835912080, 1.725496510323960691E-15 ) ) ;
#1492 = VERTEX_POINT ( 'NONE', #5713 ) ;
#1493 = DIRECTION ( 'NONE',  ( -0.000000000000000000, 0.000000000000000000, -1.000000000000000000 ) ) ;
#1494 = PRODUCT_DEFINITION ( 'General', '', #6356, #3019 ) ;
#1495 = VECTOR ( 'NONE', #2392, 1000.000000000000000 ) ;
#1496 = ADVANCED_FACE ( 'NONE', ( #116 ), #2141, .F. ) ;
#1497 = VERTEX_POINT ( 'NONE', #1811 ) ;
#1498 = DIRECTION ( 'NONE',  ( 0.000000000000000000, 1.000000000000000000, -3.304235192336773540E-16 ) ) ;
#1499 = ORIENTED_EDGE ( 'NONE', *, *, #1732, .F. ) ;
#1500 = ORIENTED_EDGE ( 'NONE', *, *, #5223, .T. ) ;
#1501 = CARTESIAN_POINT ( 'NONE',  ( 87.00000000000000000, 36.89488223348482165, 1.287342634263795411E-15 ) ) ;
#1502 = CIRCLE ( 'NONE', #546, 50.00000000000000000 ) ;
#1503 = ORIENTED_EDGE ( 'NONE', *, *, #5767, .T. ) ;
#1504 = PLANE ( 'NONE',  #3272 ) ;
#1505 = CARTESIAN_POINT ( 'NONE',  ( 48.00000000000000000, 79.33012701892225493, 2.768000560260221065E-15 ) ) ;
#1506 = AXIS2_PLACEMENT_3D ( 'NONE', #4563, #1958, #3969 ) ;
#1507 = EDGE_CURVE ( 'NONE', #4438, #5398, #3857, .T. ) ;
#1508 = ORIENTED_EDGE ( 'NONE', *, *, #3292, .F. ) ;
#1509 = ORIENTED_EDGE ( 'NONE', *, *, #2143, .T. ) ;
#1510 = DIRECTION ( 'NONE',  ( 0.000000000000000000, 0.000000000000000000, -1.000000000000000000 ) ) ;
#1511 = VECTOR ( 'NONE', #2456, 1000.000000000000114 ) ;
#1512 = EDGE_LOOP ( 'NONE', ( #444, #498, #5973, #1201 ) ) ;
#1513 = DIRECTION ( 'NONE',  ( -0.5000000000000015543, 0.8660254037844378194, 3.021750869380462404E-17 ) ) ;
#1514 = CARTESIAN_POINT ( 'NONE',  ( 150.0000000000000000, 85.06340628446157837, 12.91072832108004143 ) ) ;
#1515 = LINE ( 'NONE', #2014, #4777 ) ;
#1516 = LINE ( 'NONE', #2586, #6181 ) ;
#1517 = VERTEX_POINT ( 'NONE', #5817 ) ;
#1518 = DIRECTION ( 'NONE',  ( 0.000000000000000000, -1.000000000000000000, 0.000000000000000000 ) ) ;
#1519 = LINE ( 'NONE', #2051, #328 ) ;
#1520 = CARTESIAN_POINT ( 'NONE',  ( 18.75000000000041211, -202.2374841615668402, 3.000000000000019096 ) ) ;
#1521 = LINE ( 'NONE', #526, #5718 ) ;
#1522 = DIRECTION ( 'NONE',  ( -0.8660254037844390407, -0.4999999999999991673, 0.000000000000000000 ) ) ;
#1523 = ORIENTED_EDGE ( 'NONE', *, *, #3417, .T. ) ;
#1524 = ADVANCED_FACE ( 'NONE', ( #3890 ), #5884, .F. ) ;
#1525 = ORIENTED_EDGE ( 'NONE', *, *, #5308, .T. ) ;
#1526 = PLANE ( 'NONE',  #3670 ) ;
#1527 = EDGE_CURVE ( 'NONE', #156, #3584, #5781, .T. ) ;
#1528 = ORIENTED_EDGE ( 'NONE', *, *, #4711, .T. ) ;
#1529 = VECTOR ( 'NONE', #4569, 1000.000000000000114 ) ;
#1530 = ORIENTED_EDGE ( 'NONE', *, *, #5186, .F. ) ;
#1531 = LINE ( 'NONE', #5575, #2812 ) ;
#1532 = ADVANCED_FACE ( 'NONE', ( #1307, #5313, #3357, #2814, #4313, #5852, #2781, #5382, #5918, #814, #2854, #1272, #3288, #4882, #320, #742, #1706, #2349, #3754, #1204, #1844, #1339, #4245, #6414, #3253, #2748, #3396 ), #286, .F. ) ;
#1533 = ORIENTED_EDGE ( 'NONE', *, *, #2367, .F. ) ;
#1534 = AXIS2_PLACEMENT_3D ( 'NONE', #1837, #4408, #4474 ) ;
#1535 = LINE ( 'NONE', #2634, #5393 ) ;
#1536 = DIRECTION ( 'NONE',  ( 0.5000000000000004441, -0.8660254037844384856, -3.021750869380464253E-17 ) ) ;
#1537 = ORIENTED_EDGE ( 'NONE', *, *, #2919, .T. ) ;
#1538 = ORIENTED_EDGE ( 'NONE', *, *, #3557, .F. ) ;
#1539 = LINE ( 'NONE', #6576, #3917 ) ;
#1540 = EDGE_LOOP ( 'NONE', ( #1818, #3735, #4386, #599 ) ) ;
#1541 = VECTOR ( 'NONE', #6270, 1000.000000000000000 ) ;
#1542 = PLANE ( 'NONE',  #804 ) ;
#1543 = LINE ( 'NONE', #4514, #6561 ) ;
#1544 = CARTESIAN_POINT ( 'NONE',  ( 126.0000000000000000, 79.33012701892225493, 10.00000000000000355 ) ) ;
#1545 = VERTEX_POINT ( 'NONE', #4780 ) ;
#1546 = DIRECTION ( 'NONE',  ( 0.000000000000000000, 0.000000000000000000, -1.000000000000000000 ) ) ;
#1547 = CARTESIAN_POINT ( 'NONE',  ( 16.49999999999993250, 66.33974596215564645, 2.314737929853150582E-15 ) ) ;
#1548 = CARTESIAN_POINT ( 'NONE',  ( 55.49999999999992184, 66.33974596215564645, 10.00000000000000178 ) ) ;
#1549 = DIRECTION ( 'NONE',  ( -0.000000000000000000, 3.489217355721594252E-17, -1.000000000000000000 ) ) ;
#1550 = CARTESIAN_POINT ( 'NONE',  ( 23.99999999999999289, 70.66987298107788718, 10.00000000000000178 ) ) ;
#1551 = ORIENTED_EDGE ( 'NONE', *, *, #1890, .T. ) ;
#1552 = LINE ( 'NONE', #157, #2581 ) ;
#1553 = ADVANCED_FACE ( 'NONE', ( #4814 ), #2317, .F. ) ;
#1554 = VECTOR ( 'NONE', #4604, 1000.000000000000000 ) ;
#1555 = ORIENTED_EDGE ( 'NONE', *, *, #284, .T. ) ;
#1556 = CARTESIAN_POINT ( 'NONE',  ( 106.5000000000000000, 70.66987298107780191, 10.00000000000000178 ) ) ;
#1557 = EDGE_CURVE ( 'NONE', #2195, #5356, #6309, .T. ) ;
#1558 = LINE ( 'NONE', #3605, #3062 ) ;
#1559 = AXIS2_PLACEMENT_3D ( 'NONE', #5651, #1574, #6117 ) ;
#1560 = ORIENTED_EDGE ( 'NONE', *, *, #93, .F. ) ;
#1561 = VECTOR ( 'NONE', #2855, 1000.000000000000000 ) ;
#1562 = EDGE_LOOP ( 'NONE', ( #2905, #3338, #3346, #6195, #4831, #2003 ) ) ;
#1563 = EDGE_CURVE ( 'NONE', #4415, #3306, #217, .T. ) ;
#1564 = EDGE_CURVE ( 'NONE', #5704, #5945, #1780, .T. ) ;
#1565 = VERTEX_POINT ( 'NONE', #777 ) ;
#1566 = CARTESIAN_POINT ( 'NONE',  ( 147.0000000000000000, 3.000000000000002665, 3.000000000000044409 ) ) ;
#1567 = DIRECTION ( 'NONE',  ( 0.8660254037844383745, 0.5000000000000003331, 0.000000000000000000 ) ) ;
#1568 = VERTEX_POINT ( 'NONE', #6380 ) ;
#1569 = EDGE_CURVE ( 'NONE', #1032, #4936, #4849, .T. ) ;
#1570 = ORIENTED_EDGE ( 'NONE', *, *, #968, .T. ) ;
#1571 = LINE ( 'NONE', #2009, #2318 ) ;
#1572 = VERTEX_POINT ( 'NONE', #4915 ) ;
#1573 = LINE ( 'NONE', #5677, #4632 ) ;
#1574 = DIRECTION ( 'NONE',  ( 0.000000000000000000, -1.000000000000000000, -1.224646799147352961E-16 ) ) ;
#1575 = CARTESIAN_POINT ( 'NONE',  ( 141.0000000000000000, 70.66987298107788718, 2.465825473322174997E-15 ) ) ;
#1576 = ORIENTED_EDGE ( 'NONE', *, *, #3612, .T. ) ;
#1577 = CARTESIAN_POINT ( 'NONE',  ( 87.00000000000000000, 45.55513627132927468, 1.589517721201844240E-15 ) ) ;
#1578 = LINE ( 'NONE', #2616, #2564 ) ;
#1579 = AXIS2_PLACEMENT_3D ( 'NONE', #2259, #1823, #791 ) ;
#1580 = CARTESIAN_POINT ( 'NONE',  ( 82.49999999999998579, 45.55513627132918941, 10.00000000000000178 ) ) ;
#1581 = EDGE_CURVE ( 'NONE', #2351, #2401, #351, .T. ) ;
#1582 = CARTESIAN_POINT ( 'NONE',  ( 26.24999999999998224, 66.77275866404791316, 2.329846684200054010E-15 ) ) ;
#1583 = VERTEX_POINT ( 'NONE', #848 ) ;
#1584 = LINE ( 'NONE', #4094, #3970 ) ;
#1585 = EDGE_CURVE ( 'NONE', #4139, #2785, #2736, .T. ) ;
#1586 = CARTESIAN_POINT ( 'NONE',  ( 84.74999999999998579, 49.45225058835914922, 1.725496510323961677E-15 ) ) ;
#1587 = DIRECTION ( 'NONE',  ( -0.4999999999999996669, 0.8660254037844388186, 3.021750869380465486E-17 ) ) ;
#1588 = EDGE_LOOP ( 'NONE', ( #3968, #4500, #5644, #3804, #4536, #1528 ) ) ;
#1589 = EDGE_LOOP ( 'NONE', ( #3722, #1443, #3651, #3600 ) ) ;
#1590 = ORIENTED_EDGE ( 'NONE', *, *, #1249, .F. ) ;
#1591 = DIRECTION ( 'NONE',  ( -1.000000000000000000, -1.602468905319638141E-15, -5.591362316445464709E-32 ) ) ;
#1592 = CARTESIAN_POINT ( 'NONE',  ( 82.49999999999998579, 45.55513627132918941, 1.589517721201841282E-15 ) ) ;
#1593 = ORIENTED_EDGE ( 'NONE', *, *, #4424, .T. ) ;
#1594 = ORIENTED_EDGE ( 'NONE', *, *, #2870, .F. ) ;
#1595 = CARTESIAN_POINT ( 'NONE',  ( 121.4999999999999858, 79.33012701892228336, 3.000000000000019096 ) ) ;
#1596 = ORIENTED_EDGE ( 'NONE', *, *, #4088, .T. ) ;
#1597 = VECTOR ( 'NONE', #5679, 1000.000000000000000 ) ;
#1598 = CARTESIAN_POINT ( 'NONE',  ( 96.74999999999998579, 62.44263164512570086, 10.00000000000000178 ) ) ;
#1599 = EDGE_CURVE ( 'NONE', #572, #1442, #207, .T. ) ;
#1600 = CARTESIAN_POINT ( 'NONE',  ( 121.4999999999999858, 45.55513627132918941, 1.589517721201841282E-15 ) ) ;
#1601 = EDGE_CURVE ( 'NONE', #1211, #231, #2304, .T. ) ;
#1602 = FACE_OUTER_BOUND ( 'NONE', #5341, .T. ) ;
#1603 = AXIS2_PLACEMENT_3D ( 'NONE', #5901, #3305, #4401 ) ;
#1604 = ORIENTED_EDGE ( 'NONE', *, *, #6448, .F. ) ;
#1605 = DIRECTION ( 'NONE',  ( 0.8660254037844374864, -0.5000000000000021094, 0.000000000000000000 ) ) ;
#1606 = DIRECTION ( 'NONE',  ( 0.8660254037844383745, 0.5000000000000004441, 0.000000000000000000 ) ) ;
#1607 = EDGE_CURVE ( 'NONE', #2524, #1565, #1261, .T. ) ;
#1608 = ORIENTED_EDGE ( 'NONE', *, *, #6456, .F. ) ;
#1609 = DIRECTION ( 'NONE',  ( -0.000000000000000000, 3.489217355721594252E-17, -1.000000000000000000 ) ) ;
#1610 = AXIS2_PLACEMENT_3D ( 'NONE', #1281, #1350, #750 ) ;
#1611 = DIRECTION ( 'NONE',  ( -0.000000000000000000, 3.489217355721594252E-17, -1.000000000000000000 ) ) ;
#1612 = ORIENTED_EDGE ( 'NONE', *, *, #2127, .F. ) ;
#1613 = CARTESIAN_POINT ( 'NONE',  ( 109.4999999999999858, 100.0000000000000000, 4.511811553410593542E-15 ) ) ;
#1614 = DIRECTION ( 'NONE',  ( -1.000000000000000000, -0.000000000000000000, -0.000000000000000000 ) ) ;
#1615 = DIRECTION ( 'NONE',  ( -0.8660254037844388186, -0.4999999999999996669, 0.000000000000000000 ) ) ;
#1616 = ORIENTED_EDGE ( 'NONE', *, *, #170, .T. ) ;
#1617 = DIRECTION ( 'NONE',  ( -0.4999999999999996669, -0.8660254037844388186, -3.021750869380465486E-17 ) ) ;
#1618 = VECTOR ( 'NONE', #4395, 1000.000000000000000 ) ;
#1619 = VERTEX_POINT ( 'NONE', #4235 ) ;
#1620 = ORIENTED_EDGE ( 'NONE', *, *, #4696, .F. ) ;
#1621 = DIRECTION ( 'NONE',  ( 0.8660254037844388186, -0.4999999999999996669, 0.000000000000000000 ) ) ;
#1622 = DIRECTION ( 'NONE',  ( -0.8660254037844383745, 0.5000000000000004441, 0.000000000000000000 ) ) ;
#1623 = ORIENTED_EDGE ( 'NONE', *, *, #2390, .F. ) ;
#1624 = EDGE_CURVE ( 'NONE', #4438, #2599, #1802, .T. ) ;
#1625 = EDGE_LOOP ( 'NONE', ( #1735, #1671, #623, #2241, #2171, #1929 ) ) ;
#1626 = CARTESIAN_POINT ( 'NONE',  ( 67.50000000000000000, 36.89488223348482165, 10.00000000000000178 ) ) ;
#1627 = VECTOR ( 'NONE', #5410, 1000.000000000000114 ) ;
#1628 = ORIENTED_EDGE ( 'NONE', *, *, #5053, .F. ) ;
#1629 = CARTESIAN_POINT ( 'NONE',  ( 82.49999999999998579, 79.33012701892224072, 10.00000000000000355 ) ) ;
#1630 = LINE ( 'NONE', #5812, #3915 ) ;
#1631 = ADVANCED_FACE ( 'NONE', ( #4268 ), #2667, .F. ) ;
#1632 = CARTESIAN_POINT ( 'NONE',  ( 74.99999999999998579, 83.66025403784443881, 2.919088103729243507E-15 ) ) ;
#1633 = VECTOR ( 'NONE', #4255, 1000.000000000000000 ) ;
#1634 = VERTEX_POINT ( 'NONE', #3244 ) ;
#1635 = LINE ( 'NONE', #4148, #976 ) ;
#1636 = DIRECTION ( 'NONE',  ( -0.000000000000000000, 3.489217355721594252E-17, -1.000000000000000000 ) ) ;
#1637 = EDGE_CURVE ( 'NONE', #2165, #882, #6333, .T. ) ;
#1638 = VECTOR ( 'NONE', #5479, 1000.000000000000000 ) ;
#1639 = EDGE_CURVE ( 'NONE', #3864, #4351, #5234, .T. ) ;
#1640 = VERTEX_POINT ( 'NONE', #2805 ) ;
#1641 = FACE_BOUND ( 'NONE', #699, .T. ) ;
#1642 = DIRECTION ( 'NONE',  ( 0.8660254037844387076, -0.4999999999999999445, 0.000000000000000000 ) ) ;
#1643 = EDGE_LOOP ( 'NONE', ( #4607, #6157, #4601, #5955 ) ) ;
#1644 = VECTOR ( 'NONE', #5620, 1000.000000000000000 ) ;
#1645 = LINE ( 'NONE', #620, #3220 ) ;
#1646 = LINE ( 'NONE', #6285, #1316 ) ;
#1647 = LINE ( 'NONE', #3197, #5374 ) ;
#1648 = DIRECTION ( 'NONE',  ( 1.000000000000000000, 0.000000000000000000, 0.000000000000000000 ) ) ;
#1649 = ORIENTED_EDGE ( 'NONE', *, *, #4756, .T. ) ;
#1650 = LINE ( 'NONE', #6572, #3859 ) ;
#1651 = EDGE_CURVE ( 'NONE', #1447, #6393, #5874, .T. ) ;
#1652 = AXIS2_PLACEMENT_3D ( 'NONE', #4454, #1913, #3088 ) ;
#1653 = EDGE_LOOP ( 'NONE', ( #5899, #105, #4451, #131 ) ) ;
#1654 = VECTOR ( 'NONE', #1046, 999.9999999999998863 ) ;
#1655 = EDGE_LOOP ( 'NONE', ( #1220, #6559 ) ) ;
#1656 = DIRECTION ( 'NONE',  ( -1.602468905319638141E-15, 1.000000000000000000, 0.000000000000000000 ) ) ;
#1657 = PLANE ( 'NONE',  #4526 ) ;
#1658 = EDGE_CURVE ( 'NONE', #2887, #2032, #1225, .T. ) ;
#1659 = VECTOR ( 'NONE', #61, 1000.000000000000114 ) ;
#1660 = EDGE_LOOP ( 'NONE', ( #6307, #4493, #3107, #2348 ) ) ;
#1661 = CARTESIAN_POINT ( 'NONE',  ( 126.0000000000000000, 70.66987298107780191, 10.00000000000000178 ) ) ;
#1662 = AXIS2_PLACEMENT_3D ( 'NONE', #3760, #5720, #1139 ) ;
#1663 = EDGE_CURVE ( 'NONE', #6541, #2290, #575, .T. ) ;
#1664 = CARTESIAN_POINT ( 'NONE',  ( 9.000000000000007105, 45.55513627132927468, 1.589517721201844240E-15 ) ) ;
#1665 = ORIENTED_EDGE ( 'NONE', *, *, #2744, .T. ) ;
#1666 = CARTESIAN_POINT ( 'NONE',  ( 33.74999999999997158, 62.44263164512573638, 2.178759140731031568E-15 ) ) ;
#1667 = PLANE ( 'NONE',  #2591 ) ;
#1668 = DIRECTION ( 'NONE',  ( 0.000000000000000000, 0.000000000000000000, 1.000000000000000000 ) ) ;
#1669 = LINE ( 'NONE', #2208, #1072 ) ;
#1670 = ORIENTED_EDGE ( 'NONE', *, *, #1569, .F. ) ;
#1671 = ORIENTED_EDGE ( 'NONE', *, *, #4350, .F. ) ;
#1672 = DIRECTION ( 'NONE',  ( -0.000000000000000000, -1.000000000000000000, -3.489217355721593635E-17 ) ) ;
#1673 = PLANE ( 'NONE',  #961 ) ;
#1674 = EDGE_CURVE ( 'NONE', #941, #2482, #4840, .T. ) ;
#1675 = VERTEX_POINT ( 'NONE', #3742 ) ;
#1676 = VERTEX_POINT ( 'NONE', #5301 ) ;
#1677 = CARTESIAN_POINT ( 'NONE',  ( 150.0000000000000000, 100.0000000000000000, 3.489217355721594350E-15 ) ) ;
#1678 = DIRECTION ( 'NONE',  ( -0.000000000000000000, 0.000000000000000000, -1.000000000000000000 ) ) ;
#1679 = VERTEX_POINT ( 'NONE', #136 ) ;
#1680 = EDGE_CURVE ( 'NONE', #4065, #8, #733, .T. ) ;
#1681 = DIRECTION ( 'NONE',  ( -0.000000000000000000, 3.489217355721594252E-17, -1.000000000000000000 ) ) ;
#1682 = LINE ( 'NONE', #2572, #1202 ) ;
#1683 = DIRECTION ( 'NONE',  ( -0.8660254037844383745, 0.5000000000000004441, 0.000000000000000000 ) ) ;
#1684 = DIRECTION ( 'NONE',  ( 1.000000000000000000, -0.000000000000000000, -0.000000000000000000 ) ) ;
#1685 = EDGE_CURVE ( 'NONE', #354, #2165, #4195, .T. ) ;
#1686 = DIRECTION ( 'NONE',  ( 1.000000000000000000, -0.000000000000000000, -1.437389243825479109E-16 ) ) ;
#1687 = VERTEX_POINT ( 'NONE', #2271 ) ;
#1688 = VECTOR ( 'NONE', #2787, 1000.000000000000000 ) ;
#1689 = EDGE_CURVE ( 'NONE', #4400, #1365, #5737, .T. ) ;
#1690 = LINE ( 'NONE', #2189, #5126 ) ;
#1691 = ORIENTED_EDGE ( 'NONE', *, *, #3635, .F. ) ;
#1692 = ORIENTED_EDGE ( 'NONE', *, *, #1074, .F. ) ;
#1693 = CARTESIAN_POINT ( 'NONE',  ( 113.9999999999999147, 66.33974596215564645, 2.314737929853150582E-15 ) ) ;
#1694 = ORIENTED_EDGE ( 'NONE', *, *, #1581, .F. ) ;
#1695 = DIRECTION ( 'NONE',  ( 0.8660254037844393737, -0.4999999999999985012, 0.000000000000000000 ) ) ;
#1696 = AXIS2_PLACEMENT_3D ( 'NONE', #2295, #1684, #5759 ) ;
#1697 = FACE_OUTER_BOUND ( 'NONE', #2157, .T. ) ;
#1698 = VERTEX_POINT ( 'NONE', #3310 ) ;
#1699 = CARTESIAN_POINT ( 'NONE',  ( 141.0000000000000000, 36.89488223348483587, 1.287342634263795608E-15 ) ) ;
#1700 = PLANE ( 'NONE',  #1191 ) ;
#1701 = EDGE_CURVE ( 'NONE', #6299, #2351, #1769, .T. ) ;
#1702 = LINE ( 'NONE', #4774, #1777 ) ;
#1703 = CARTESIAN_POINT ( 'NONE',  ( 87.00000000000000000, 70.66987298107780191, 3.000000000000019096 ) ) ;
#1704 = ORIENTED_EDGE ( 'NONE', *, *, #792, .F. ) ;
#1705 = VERTEX_POINT ( 'NONE', #5338 ) ;
#1706 = FACE_BOUND ( 'NONE', #1156, .T. ) ;
#1707 = CARTESIAN_POINT ( 'NONE',  ( 28.49999999999999645, 45.55513627132927468, 10.00000000000000178 ) ) ;
#1708 = VECTOR ( 'NONE', #3392, 1000.000000000000114 ) ;
#1709 = ORIENTED_EDGE ( 'NONE', *, *, #781, .T. ) ;
#1710 = EDGE_LOOP ( 'NONE', ( #6315, #3078, #2514, #1842 ) ) ;
#1711 = FACE_BOUND ( 'NONE', #2320, .T. ) ;
#1712 = DIRECTION ( 'NONE',  ( 1.000000000000000000, 0.000000000000000000, -0.000000000000000000 ) ) ;
#1713 = ORIENTED_EDGE ( 'NONE', *, *, #2541, .T. ) ;
#1714 = VECTOR ( 'NONE', #4797, 1000.000000000000000 ) ;
#1715 = CARTESIAN_POINT ( 'NONE',  ( 37.50000000000000711, 86.48368917940753420, -7.894911034008763282E-15 ) ) ;
#1716 = FACE_OUTER_BOUND ( 'NONE', #5061, .T. ) ;
#1717 = ADVANCED_FACE ( 'NONE', ( #768 ), #2700, .F. ) ;
#1718 = VECTOR ( 'NONE', #5748, 1000.000000000000114 ) ;
#1719 = CARTESIAN_POINT ( 'NONE',  ( 84.74999999999997158, 15.67725984076613699, 10.00000000000000000 ) ) ;
#1720 = FACE_OUTER_BOUND ( 'NONE', #2975, .T. ) ;
#1721 = DIRECTION ( 'NONE',  ( -0.8660254037844387076, 0.4999999999999997780, 0.000000000000000000 ) ) ;
#1722 = EDGE_LOOP ( 'NONE', ( #1412, #2073, #5970, #818 ) ) ;
#1723 = CARTESIAN_POINT ( 'NONE',  ( 126.0000000000000000, -202.2374841615668686, 3.000000000000019096 ) ) ;
#1724 = ORIENTED_EDGE ( 'NONE', *, *, #5773, .F. ) ;
#1725 = EDGE_CURVE ( 'NONE', #1172, #4238, #4374, .T. ) ;
#1726 = ADVANCED_FACE ( 'NONE', ( #836 ), #2473, .F. ) ;
#1727 = EDGE_LOOP ( 'NONE', ( #1322, #4036, #97, #3377, #1059, #6468 ) ) ;
#1728 = DIRECTION ( 'NONE',  ( 0.8660254037844383745, 0.5000000000000003331, 0.000000000000000000 ) ) ;
#1729 = AXIS2_PLACEMENT_3D ( 'NONE', #4559, #4201, #3096 ) ;
#1730 = ORIENTED_EDGE ( 'NONE', *, *, #4829, .T. ) ;
#1731 = DIRECTION ( 'NONE',  ( -1.602468905319637943E-15, 1.000000000000000000, 3.489217355721594252E-17 ) ) ;
#1732 = EDGE_CURVE ( 'NONE', #3646, #6569, #2908, .T. ) ;
#1733 = CARTESIAN_POINT ( 'NONE',  ( 141.0000000000000000, 79.33012701892224072, 2.768000560260220670E-15 ) ) ;
#1734 = ADVANCED_BREP_SHAPE_REPRESENTATION ( 'cabeza_v31', ( #5961, #4445 ), #1351 ) ;
#1735 = ORIENTED_EDGE ( 'NONE', *, *, #5154, .F. ) ;
#1736 = CARTESIAN_POINT ( 'NONE',  ( 57.74999999999964473, -202.2374841615669538, 3.000000000000019096 ) ) ;
#1737 = ADVANCED_FACE ( 'NONE', ( #4439 ), #2942, .F. ) ;
#1738 = DIRECTION ( 'NONE',  ( -0.8660254037844388186, 0.4999999999999996114, 1.744608677860794044E-17 ) ) ;
#1739 = DIRECTION ( 'NONE',  ( 0.000000000000000000, 0.7460747789757224968, -0.6658621660496463202 ) ) ;
#1740 = LINE ( 'NONE', #5309, #6506 ) ;
#1741 = VERTEX_POINT ( 'NONE', #3944 ) ;
#1742 = VECTOR ( 'NONE', #4717, 1000.000000000000000 ) ;
#1743 = ORIENTED_EDGE ( 'NONE', *, *, #1274, .F. ) ;
#1744 = DIRECTION ( 'NONE',  ( 0.8660254037844388186, 0.4999999999999996669, 0.000000000000000000 ) ) ;
#1745 = PLANE ( 'NONE',  #2631 ) ;
#1746 = VERTEX_POINT ( 'NONE', #310 ) ;
#1747 = ORIENTED_EDGE ( 'NONE', *, *, #3560, .F. ) ;
#1748 = AXIS2_PLACEMENT_3D ( 'NONE', #6535, #2911, #4941 ) ;
#1749 = CARTESIAN_POINT ( 'NONE',  ( 87.00000000000000000, 79.33012701892225493, 10.00000000000000355 ) ) ;
#1750 = DIRECTION ( 'NONE',  ( 0.000000000000000000, 0.000000000000000000, 1.000000000000000000 ) ) ;
#1751 = ORIENTED_EDGE ( 'NONE', *, *, #4387, .T. ) ;
#1752 = CARTESIAN_POINT ( 'NONE',  ( 104.2500000000000000, 66.77275866404791316, 10.00000000000000178 ) ) ;
#1753 = PLANE ( 'NONE',  #3138 ) ;
#1754 = VECTOR ( 'NONE', #4171, 1000.000000000000000 ) ;
#1755 = CARTESIAN_POINT ( 'NONE',  ( 113.9999999999999147, 66.33974596215564645, 2.314737929853150582E-15 ) ) ;
#1756 = LINE ( 'NONE', #1287, #948 ) ;
#1757 = DIRECTION ( 'NONE',  ( 1.000000000000000000, 0.000000000000000000, -0.000000000000000000 ) ) ;
#1758 = ORIENTED_EDGE ( 'NONE', *, *, #65, .T. ) ;
#1759 = EDGE_CURVE ( 'NONE', #1055, #1572, #50, .T. ) ;
#1760 = ORIENTED_EDGE ( 'NONE', *, *, #4690, .T. ) ;
#1761 = DIRECTION ( 'NONE',  ( 0.8660254037844383745, -0.5000000000000003331, -1.744608677860795893E-17 ) ) ;
#1762 = ORIENTED_EDGE ( 'NONE', *, *, #1481, .T. ) ;
#1763 = EDGE_CURVE ( 'NONE', #6205, #5088, #1331, .T. ) ;
#1764 = VERTEX_POINT ( 'NONE', #5946 ) ;
#1765 = DIRECTION ( 'NONE',  ( 0.000000000000000000, -8.673617379884035472E-17, -1.000000000000000000 ) ) ;
#1766 = ADVANCED_FACE ( 'NONE', ( #4501 ), #6404, .F. ) ;
#1767 = ADVANCED_FACE ( 'NONE', ( #1835 ), #6499, .F. ) ;
#1768 = ORIENTED_EDGE ( 'NONE', *, *, #2984, .F. ) ;
#1769 = LINE ( 'NONE', #667, #5905 ) ;
#1770 = CARTESIAN_POINT ( 'NONE',  ( 67.50000000000000000, 70.66987298107780191, 2.465825473322171841E-15 ) ) ;
#1771 = CARTESIAN_POINT ( 'NONE',  ( 130.1723520826014067, 18.03149096353665115, 3.000000000000019096 ) ) ;
#1772 = DIRECTION ( 'NONE',  ( 0.8660254037844395958, 0.4999999999999982792, 1.744608677860791887E-17 ) ) ;
#1773 = FACE_OUTER_BOUND ( 'NONE', #2601, .T. ) ;
#1774 = VECTOR ( 'NONE', #1522, 1000.000000000000114 ) ;
#1775 = EDGE_CURVE ( 'NONE', #4962, #4373, #5974, .T. ) ;
#1776 = CARTESIAN_POINT ( 'NONE',  ( 133.4999999999999716, 32.56475521456263067, 1.136255090794772180E-15 ) ) ;
#1777 = VECTOR ( 'NONE', #2674, 1000.000000000000114 ) ;
#1778 = ORIENTED_EDGE ( 'NONE', *, *, #2307, .T. ) ;
#1779 = EDGE_LOOP ( 'NONE', ( #5295, #6043, #2300, #6002 ) ) ;
#1780 = LINE ( 'NONE', #3321, #1853 ) ;
#1781 = VECTOR ( 'NONE', #4743, 1000.000000000000114 ) ;
#1782 = LINE ( 'NONE', #4354, #5078 ) ;
#1783 = ORIENTED_EDGE ( 'NONE', *, *, #781, .F. ) ;
#1784 = EDGE_LOOP ( 'NONE', ( #4710, #1360, #5300, #1499 ) ) ;
#1785 = DIRECTION ( 'NONE',  ( 0.000000000000000000, 1.000000000000000000, 3.489217355721594252E-17 ) ) ;
#1786 = DIRECTION ( 'NONE',  ( 0.8660254037844387076, -0.4999999999999997780, 0.000000000000000000 ) ) ;
#1787 = ORIENTED_EDGE ( 'NONE', *, *, #5803, .F. ) ;
#1788 = DIRECTION ( 'NONE',  ( 0.8660254037844388186, 0.4999999999999996669, 0.000000000000000000 ) ) ;
#1789 = DIRECTION ( 'NONE',  ( -0.000000000000000000, 3.489217355721594252E-17, -1.000000000000000000 ) ) ;
#1790 = DIRECTION ( 'NONE',  ( 0.000000000000000000, 0.000000000000000000, -1.000000000000000000 ) ) ;
#1791 = DIRECTION ( 'NONE',  ( -0.000000000000000000, 3.489217355721594252E-17, -1.000000000000000000 ) ) ;
#1792 = CARTESIAN_POINT ( 'NONE',  ( 123.7500000000000426, 49.45225058835912080, 10.00000000000000178 ) ) ;
#1793 = ORIENTED_EDGE ( 'NONE', *, *, #2257, .F. ) ;
#1794 = EDGE_CURVE ( 'NONE', #1545, #1035, #3975, .T. ) ;
#1795 = VERTEX_POINT ( 'NONE', #5473 ) ;
#1796 = DIRECTION ( 'NONE',  ( -0.000000000000000000, 3.489217355721594252E-17, -1.000000000000000000 ) ) ;
#1797 = VERTEX_POINT ( 'NONE', #4008 ) ;
#1798 = ORIENTED_EDGE ( 'NONE', *, *, #3648, .F. ) ;
#1799 = DIRECTION ( 'NONE',  ( -1.000000000000000000, 0.000000000000000000, 0.000000000000000000 ) ) ;
#1800 = VECTOR ( 'NONE', #3266, 1000.000000000000000 ) ;
#1801 = ORIENTED_EDGE ( 'NONE', *, *, #4643, .F. ) ;
#1802 = LINE ( 'NONE', #5266, #4940 ) ;
#1803 = COORDINATED_UNIVERSAL_TIME_OFFSET ( 3, 0, .BEHIND. ) ;
#1804 = DIRECTION ( 'NONE',  ( 0.000000000000000000, 0.000000000000000000, -1.000000000000000000 ) ) ;
#1805 = CARTESIAN_POINT ( 'NONE',  ( 45.75000000000000000, 15.67725984076615653, 3.000000000000019096 ) ) ;
#1806 = CARTESIAN_POINT ( 'NONE',  ( 45.75000000000000000, 66.77275866404791316, 10.00000000000000178 ) ) ;
#1807 = VECTOR ( 'NONE', #5326, 1000.000000000000114 ) ;
#1808 = DIRECTION ( 'NONE',  ( -0.8660254037844387076, -0.4999999999999998335, -1.744608677860794044E-17 ) ) ;
#1809 = EDGE_LOOP ( 'NONE', ( #1942, #2685, #597, #3009 ) ) ;
#1810 = EDGE_LOOP ( 'NONE', ( #2747, #3719, #4881, #2797 ) ) ;
#1811 = CARTESIAN_POINT ( 'NONE',  ( 57.74999999999999289, 20.00738685968836350, 6.981012147346080833E-16 ) ) ;
#1812 = LINE ( 'NONE', #149, #2883 ) ;
#1813 = EDGE_CURVE ( 'NONE', #4997, #5574, #2977, .T. ) ;
#1814 = VERTEX_POINT ( 'NONE', #6044 ) ;
#1815 = EDGE_CURVE ( 'NONE', #666, #5503, #6321, .T. ) ;
#1816 = LINE ( 'NONE', #5386, #5941 ) ;
#1817 = DIRECTION ( 'NONE',  ( 0.000000000000000000, -1.000000000000000000, 0.000000000000000000 ) ) ;
#1818 = ORIENTED_EDGE ( 'NONE', *, *, #5634, .F. ) ;
#1819 = DIRECTION ( 'NONE',  ( -0.8660254037844387076, -0.4999999999999998335, -1.744608677860794044E-17 ) ) ;
#1820 = VECTOR ( 'NONE', #2643, 1000.000000000000114 ) ;
#1821 = CARTESIAN_POINT ( 'NONE',  ( 109.4999999999999858, 101.4800689266309348, -7.352509501688625271 ) ) ;
#1822 = LINE ( 'NONE', #2326, #2155 ) ;
#1823 = DIRECTION ( 'NONE',  ( 0.4999999999999998335, 0.8660254037844388186, 3.021750869380465486E-17 ) ) ;
#1824 = VECTOR ( 'NONE', #1924, 1000.000000000000114 ) ;
#1825 = CARTESIAN_POINT ( 'NONE',  ( 92.24999999999997158, 62.44263164512570796, 3.000000000000019096 ) ) ;
#1826 = EDGE_LOOP ( 'NONE', ( #4216, #302, #4044, #1294 ) ) ;
#1827 = EDGE_LOOP ( 'NONE', ( #758, #2058, #5482, #2016, #4568, #2562 ) ) ;
#1828 = CARTESIAN_POINT ( 'NONE',  ( 150.0000000000000000, 49.99999999999999289, 90.00000000000001421 ) ) ;
#1829 = EDGE_LOOP ( 'NONE', ( #6260, #4264, #5685, #5280 ) ) ;
#1830 = CIRCLE ( 'NONE', #5023, 2.100000000000000977 ) ;
#1831 = ORIENTED_EDGE ( 'NONE', *, *, #531, .F. ) ;
#1832 = CARTESIAN_POINT ( 'NONE',  ( 53.24999999999997868, 20.00738685968833508, 10.00000000000000000 ) ) ;
#1833 = AXIS2_PLACEMENT_3D ( 'NONE', #3121, #5174, #583 ) ;
#1834 = ORIENTED_EDGE ( 'NONE', *, *, #1585, .T. ) ;
#1835 = FACE_OUTER_BOUND ( 'NONE', #616, .T. ) ;
#1836 = CALENDAR_DATE ( 2026, 14, 9 ) ;
#1837 = CARTESIAN_POINT ( 'NONE',  ( 111.7499999999999716, 53.78237760728132599, 10.00000000000000178 ) ) ;
#1838 = CARTESIAN_POINT ( 'NONE',  ( 116.2499999999999716, 20.00738685968833508, 10.00000000000000000 ) ) ;
#1839 = DIRECTION ( 'NONE',  ( -1.000000000000000000, -0.000000000000000000, 1.880926496205912652E-16 ) ) ;
#1840 = DIRECTION ( 'NONE',  ( -0.000000000000000000, 3.489217355721594252E-17, -1.000000000000000000 ) ) ;
#1841 = ADVANCED_FACE ( 'NONE', ( #902 ), #4968, .F. ) ;
#1842 = ORIENTED_EDGE ( 'NONE', *, *, #3572, .F. ) ;
#1843 = ORIENTED_EDGE ( 'NONE', *, *, #1563, .T. ) ;
#1844 = FACE_BOUND ( 'NONE', #5499, .T. ) ;
#1845 = VECTOR ( 'NONE', #4090, 1000.000000000000000 ) ;
#1846 = FACE_OUTER_BOUND ( 'NONE', #26, .T. ) ;
#1847 = ORIENTED_EDGE ( 'NONE', *, *, #390, .F. ) ;
#1848 = LINE ( 'NONE', #4021, #5058 ) ;
#1849 = EDGE_CURVE ( 'NONE', #1108, #3977, #405, .T. ) ;
#1850 = DIRECTION ( 'NONE',  ( -0.8660254037844383745, 0.5000000000000003331, 0.000000000000000000 ) ) ;
#1851 = LINE ( 'NONE', #4484, #6377 ) ;
#1852 = DIRECTION ( 'NONE',  ( -0.4999999999999996669, -0.8660254037844388186, -3.021750869380465486E-17 ) ) ;
#1853 = VECTOR ( 'NONE', #5350, 1000.000000000000000 ) ;
#1854 = DIRECTION ( 'NONE',  ( 0.000000000000000000, 0.000000000000000000, -1.000000000000000000 ) ) ;
#1855 = EDGE_CURVE ( 'NONE', #1246, #4939, #6009, .T. ) ;
#1856 = DIRECTION ( 'NONE',  ( -0.4999999999999985567, -0.8660254037844394848, -3.021750869380467951E-17 ) ) ;
#1857 = EDGE_CURVE ( 'NONE', #5732, #6556, #2840, .T. ) ;
#1858 = VECTOR ( 'NONE', #3777, 1000.000000000000114 ) ;
#1859 = PLANE ( 'NONE',  #5895 ) ;
#1860 = DIRECTION ( 'NONE',  ( -0.8660254037844388186, 0.4999999999999996669, 0.000000000000000000 ) ) ;
#1861 = CARTESIAN_POINT ( 'NONE',  ( 96.74999999999998579, 62.44263164512570086, 2.178759140731030384E-15 ) ) ;
#1862 = ORIENTED_EDGE ( 'NONE', *, *, #5002, .T. ) ;
#1863 = ORIENTED_EDGE ( 'NONE', *, *, #5527, .T. ) ;
#1864 = CARTESIAN_POINT ( 'NONE',  ( 35.99999999999997868, 32.56475521456263067, 3.000000000000019096 ) ) ;
#1865 = AXIS2_PLACEMENT_3D ( 'NONE', #3525, #5488, #448 ) ;
#1866 = ORIENTED_EDGE ( 'NONE', *, *, #208, .F. ) ;
#1867 = FACE_OUTER_BOUND ( 'NONE', #223, .T. ) ;
#1868 = EDGE_CURVE ( 'NONE', #5198, #5704, #4102, .T. ) ;
#1869 = ORIENTED_EDGE ( 'NONE', *, *, #578, .T. ) ;
#1870 = DIRECTION ( 'NONE',  ( -0.8660254037844393737, 0.4999999999999985012, 1.744608677860792196E-17 ) ) ;
#1871 = ORIENTED_EDGE ( 'NONE', *, *, #594, .F. ) ;
#1872 = LINE ( 'NONE', #6048, #2930 ) ;
#1873 = EDGE_CURVE ( 'NONE', #3663, #5512, #6104, .T. ) ;
#1874 = LINE ( 'NONE', #1939, #2822 ) ;
#1875 = CARTESIAN_POINT ( 'NONE',  ( 65.25000000000000000, 49.45225058835914922, 3.000000000000019096 ) ) ;
#1876 = CARTESIAN_POINT ( 'NONE',  ( 9.000000000000007105, 36.89488223348482165, 3.000000000000019096 ) ) ;
#1877 = EDGE_CURVE ( 'NONE', #3614, #5990, #1646, .T. ) ;
#1878 = ORIENTED_EDGE ( 'NONE', *, *, #3, .T. ) ;
#1879 = ORIENTED_EDGE ( 'NONE', *, *, #5107, .T. ) ;
#1880 = LINE ( 'NONE', #5383, #1561 ) ;
#1881 = VECTOR ( 'NONE', #1765, 1000.000000000000000 ) ;
#1882 = VERTEX_POINT ( 'NONE', #504 ) ;
#1883 = DIRECTION ( 'NONE',  ( 3.204937810639276281E-15, -1.000000000000000000, 0.000000000000000000 ) ) ;
#1884 = AXIS2_PLACEMENT_3D ( 'NONE', #2187, #1587, #1615 ) ;
#1885 = CARTESIAN_POINT ( 'NONE',  ( 16.49999999999993250, 49.88526329025141592, 3.000000000000019096 ) ) ;
#1886 = DIRECTION ( 'NONE',  ( 0.000000000000000000, 0.000000000000000000, -1.000000000000000000 ) ) ;
#1887 = CARTESIAN_POINT ( 'NONE',  ( 147.0000000000000284, 0.000000000000000000, 74.56121421188652221 ) ) ;
#1888 = VECTOR ( 'NONE', #3051, 1000.000000000000000 ) ;
#1889 = CARTESIAN_POINT ( 'NONE',  ( 125.2973520826014777, 9.587743276638388323, 3.000000000000019096 ) ) ;
#1890 = EDGE_CURVE ( 'NONE', #2265, #4380, #3692, .T. ) ;
#1891 = VECTOR ( 'NONE', #821, 1000.000000000000000 ) ;
#1892 = CARTESIAN_POINT ( 'NONE',  ( 16.49999999999998579, 32.56475521456263067, 1.136255090794772180E-15 ) ) ;
#1893 = LINE ( 'NONE', #456, #3101 ) ;
#1894 = CARTESIAN_POINT ( 'NONE',  ( 137.2973520826013498, 30.37235296746484892, 3.000000000000019096 ) ) ;
#1895 = ORIENTED_EDGE ( 'NONE', *, *, #4042, .T. ) ;
#1896 = LINE ( 'NONE', #459, #2134 ) ;
#1897 = EDGE_CURVE ( 'NONE', #470, #1101, #2184, .T. ) ;
#1898 = EDGE_LOOP ( 'NONE', ( #2001, #864, #6054, #3426, #3581, #1289 ) ) ;
#1899 = DIRECTION ( 'NONE',  ( 0.8660254037844393737, -0.4999999999999985012, 0.000000000000000000 ) ) ;
#1900 = ADVANCED_FACE ( 'NONE', ( #5757 ), #536, .F. ) ;
#1901 = EDGE_LOOP ( 'NONE', ( #6232, #6551, #1801, #3514 ) ) ;
#1902 = ORIENTED_EDGE ( 'NONE', *, *, #5993, .F. ) ;
#1903 = DIRECTION ( 'NONE',  ( -0.000000000000000000, 3.489217355721594252E-17, -1.000000000000000000 ) ) ;
#1904 = VECTOR ( 'NONE', #1791, 1000.000000000000000 ) ;
#1905 = DIRECTION ( 'NONE',  ( 0.000000000000000000, 1.000000000000000000, 0.000000000000000000 ) ) ;
#1906 = LINE ( 'NONE', #4942, #3043 ) ;
#1907 = CARTESIAN_POINT ( 'NONE',  ( 150.0000000000000000, 38.99486378953768195, 74.56121421188652221 ) ) ;
#1908 = LINE ( 'NONE', #4448, #967 ) ;
#1909 = ORIENTED_EDGE ( 'NONE', *, *, #3292, .T. ) ;
#1910 = ORIENTED_EDGE ( 'NONE', *, *, #6437, .T. ) ;
#1911 = LINE ( 'NONE', #5139, #4757 ) ;
#1912 = ORIENTED_EDGE ( 'NONE', *, *, #3162, .F. ) ;
#1913 = DIRECTION ( 'NONE',  ( 1.000000000000000000, 0.000000000000000000, -1.880926496205912652E-16 ) ) ;
#1914 = CARTESIAN_POINT ( 'NONE',  ( 23.99999999999999289, 79.33012701892228336, 3.000000000000019096 ) ) ;
#1915 = LINE ( 'NONE', #1985, #5849 ) ;
#1916 = LINE ( 'NONE', #3530, #2573 ) ;
#1917 = PLANE ( 'NONE',  #2904 ) ;
#1918 = CARTESIAN_POINT ( 'NONE',  ( 123.7500000000000426, 49.45225058835912080, 3.000000000000019096 ) ) ;
#1919 = AXIS2_PLACEMENT_3D ( 'NONE', #5932, #4558, #553 ) ;
#1920 = CARTESIAN_POINT ( 'NONE',  ( 96.75000000000000000, 53.78237760728131889, 10.00000000000000178 ) ) ;
#1921 = CARTESIAN_POINT ( 'NONE',  ( 43.49999999999998579, 36.89488223348483587, 1.287342634263795608E-15 ) ) ;
#1922 = LINE ( 'NONE', #3967, #4224 ) ;
#1923 = EDGE_LOOP ( 'NONE', ( #1129, #3339, #5166, #4367 ) ) ;
#1924 = DIRECTION ( 'NONE',  ( -0.8660254037844383745, -0.5000000000000003331, 0.000000000000000000 ) ) ;
#1925 = EDGE_CURVE ( 'NONE', #4478, #3710, #6135, .T. ) ;
#1926 = AXIS2_PLACEMENT_3D ( 'NONE', #5346, #245, #2276 ) ;
#1927 = ORIENTED_EDGE ( 'NONE', *, *, #5113, .T. ) ;
#1928 = DIRECTION ( 'NONE',  ( -0.8660254037844383745, -0.5000000000000003331, 0.000000000000000000 ) ) ;
#1929 = ORIENTED_EDGE ( 'NONE', *, *, #6215, .F. ) ;
#1930 = CIRCLE ( 'NONE', #6296, 2.100000000000002753 ) ;
#1931 = ORIENTED_EDGE ( 'NONE', *, *, #178, .T. ) ;
#1932 = DIRECTION ( 'NONE',  ( 0.000000000000000000, 0.000000000000000000, -1.000000000000000000 ) ) ;
#1933 = EDGE_CURVE ( 'NONE', #1390, #925, #5607, .T. ) ;
#1934 = APPROVAL_DATE_TIME ( #5976, #3868 ) ;
#1935 = EDGE_CURVE ( 'NONE', #6247, #5333, #1682, .T. ) ;
#1936 = EDGE_LOOP ( 'NONE', ( #589, #3136, #3701, #951 ) ) ;
#1937 = VECTOR ( 'NONE', #6520, 999.9999999999998863 ) ;
#1938 = DIRECTION ( 'NONE',  ( -0.000000000000000000, 3.489217355721594252E-17, -1.000000000000000000 ) ) ;
#1939 = CARTESIAN_POINT ( 'NONE',  ( 121.4999999999999858, 70.66987298107788718, 10.00000000000000178 ) ) ;
#1940 = DIRECTION ( 'NONE',  ( -0.8660254037844387076, 0.4999999999999997780, 0.000000000000000000 ) ) ;
#1941 = CARTESIAN_POINT ( 'NONE',  ( 111.7499999999999716, 62.44263164512573638, 2.178759140731031568E-15 ) ) ;
#1942 = ORIENTED_EDGE ( 'NONE', *, *, #2367, .T. ) ;
#1943 = ORIENTED_EDGE ( 'NONE', *, *, #4172, .T. ) ;
#1944 = DIRECTION ( 'NONE',  ( -0.4999999999999996669, 0.8660254037844388186, 3.021750869380465486E-17 ) ) ;
#1945 = ORIENTED_EDGE ( 'NONE', *, *, #6521, .F. ) ;
#1946 = DIRECTION ( 'NONE',  ( 0.5000000000000004441, 0.8660254037844384856, 3.021750869380464253E-17 ) ) ;
#1947 = CARTESIAN_POINT ( 'NONE',  ( 121.4999999999999858, -202.2374841615668686, 3.000000000000019096 ) ) ;
#1948 = ADVANCED_FACE ( 'NONE', ( #2221 ), #4254, .F. ) ;
#1949 = DIRECTION ( 'NONE',  ( 0.000000000000000000, 0.000000000000000000, -1.000000000000000000 ) ) ;
#1950 = CARTESIAN_POINT ( 'NONE',  ( 131.2500000000000000, 53.78237760728131178, 3.000000000000019096 ) ) ;
#1951 = AXIS2_PLACEMENT_3D ( 'NONE', #260, #828, #1790 ) ;
#1952 = ORIENTED_EDGE ( 'NONE', *, *, #3242, .T. ) ;
#1953 = CARTESIAN_POINT ( 'NONE',  ( 120.4223520826014493, 1.143995589740126606, 3.000000000000019096 ) ) ;
#1954 = DIRECTION ( 'NONE',  ( 0.8660254037844383745, -0.5000000000000004441, 0.000000000000000000 ) ) ;
#1955 = CARTESIAN_POINT ( 'NONE',  ( 28.49999999999999645, 70.66987298107780191, 10.00000000000000178 ) ) ;
#1956 = LINE ( 'NONE', #6065, #3697 ) ;
#1957 = EDGE_LOOP ( 'NONE', ( #4166, #573, #3538, #6295 ) ) ;
#1958 = DIRECTION ( 'NONE',  ( 1.000000000000000000, 0.000000000000000000, -1.880926496205912652E-16 ) ) ;
#1959 = EDGE_CURVE ( 'NONE', #3077, #1390, #966, .T. ) ;
#1960 = VECTOR ( 'NONE', #1298, 1000.000000000000000 ) ;
#1961 = ORIENTED_EDGE ( 'NONE', *, *, #5743, .T. ) ;
#1962 = EDGE_CURVE ( 'NONE', #4666, #3640, #9, .T. ) ;
#1963 = CARTESIAN_POINT ( 'NONE',  ( 55.49999999999997868, 32.56475521456263067, 1.136255090794772180E-15 ) ) ;
#1964 = EDGE_LOOP ( 'NONE', ( #4913, #5138, #1486, #2368 ) ) ;
#1965 = VECTOR ( 'NONE', #6560, 999.9999999999998863 ) ;
#1966 = EDGE_LOOP ( 'NONE', ( #2414, #152, #3395, #2499 ) ) ;
#1967 = DIRECTION ( 'NONE',  ( -0.5000000000000015543, 0.8660254037844378194, 3.021750869380462404E-17 ) ) ;
#1968 = VECTOR ( 'NONE', #3141, 1000.000000000000000 ) ;
#1969 = EDGE_CURVE ( 'NONE', #1055, #1814, #4073, .T. ) ;
#1970 = VERTEX_POINT ( 'NONE', #6072 ) ;
#1971 = PLANE ( 'NONE',  #2286 ) ;
#1972 = CARTESIAN_POINT ( 'NONE',  ( 101.9999999999999858, -202.2374841615668686, 3.000000000000019096 ) ) ;
#1973 = AXIS2_PLACEMENT_3D ( 'NONE', #4271, #278, #5741 ) ;
#1974 = EDGE_CURVE ( 'NONE', #119, #6100, #3727, .T. ) ;
#1975 = CARTESIAN_POINT ( 'NONE',  ( 40.50000000000000711, 101.4800689266309348, -4.852509501688611948 ) ) ;
#1976 = EDGE_LOOP ( 'NONE', ( #2994, #4583, #1747, #2181 ) ) ;
#1977 = EDGE_LOOP ( 'NONE', ( #2395, #3879, #5706, #6268 ) ) ;
#1978 = DIRECTION ( 'NONE',  ( -0.000000000000000000, 3.489217355721594252E-17, -1.000000000000000000 ) ) ;
#1979 = PRODUCT_DEFINITION_SHAPE ( 'NONE', 'NONE',  #1494 ) ;
#1980 = ORIENTED_EDGE ( 'NONE', *, *, #4853, .T. ) ;
#1981 = FACE_OUTER_BOUND ( 'NONE', #190, .T. ) ;
#1982 = EDGE_CURVE ( 'NONE', #236, #1687, #651, .T. ) ;
#1983 = LINE ( 'NONE', #3150, #5178 ) ;
#1984 = EDGE_CURVE ( 'NONE', #3185, #3614, #1531, .T. ) ;
#1985 = CARTESIAN_POINT ( 'NONE',  ( 149.6723520826010656, 51.80648171113008971, 3.000000000000019096 ) ) ;
#1986 = CARTESIAN_POINT ( 'NONE',  ( 74.99999999999998579, 83.66025403784443881, 10.00000000000000355 ) ) ;
#1987 = EDGE_LOOP ( 'NONE', ( #5030, #3737, #2461, #1068, #3146, #3668 ) ) ;
#1988 = CARTESIAN_POINT ( 'NONE',  ( 116.2499999999999716, 20.00738685968833508, 10.00000000000000000 ) ) ;
#1989 = AXIS2_PLACEMENT_3D ( 'NONE', #2642, #1267, #1668 ) ;
#1990 = LINE ( 'NONE', #4030, #5579 ) ;
#1991 = DIRECTION ( 'NONE',  ( -0.000000000000000000, 3.489217355721594252E-17, -1.000000000000000000 ) ) ;
#1992 = DIRECTION ( 'NONE',  ( -0.000000000000000000, 3.489217355721594252E-17, -1.000000000000000000 ) ) ;
#1993 = ORIENTED_EDGE ( 'NONE', *, *, #681, .F. ) ;
#1994 = VECTOR ( 'NONE', #4561, 1000.000000000000000 ) ;
#1995 = PLANE ( 'NONE',  #1506 ) ;
#1996 = VECTOR ( 'NONE', #2892, 1000.000000000000000 ) ;
#1997 = ORIENTED_EDGE ( 'NONE', *, *, #4640, .F. ) ;
#1998 = EDGE_CURVE ( 'NONE', #1442, #1882, #3230, .T. ) ;
#1999 = DIRECTION ( 'NONE',  ( -3.204937810639276281E-15, 1.000000000000000000, 0.000000000000000000 ) ) ;
#2000 = ORIENTED_EDGE ( 'NONE', *, *, #5767, .F. ) ;
#2001 = ORIENTED_EDGE ( 'NONE', *, *, #2175, .T. ) ;
#2002 = DIRECTION ( 'NONE',  ( -0.000000000000000000, 3.489217355721594252E-17, -1.000000000000000000 ) ) ;
#2003 = ORIENTED_EDGE ( 'NONE', *, *, #1481, .F. ) ;
#2004 = CARTESIAN_POINT ( 'NONE',  ( 82.49999999999998579, 36.89488223348483587, 1.287342634263795608E-15 ) ) ;
#2005 = DIRECTION ( 'NONE',  ( -0.000000000000000000, 3.489217355721594252E-17, -1.000000000000000000 ) ) ;
#2006 = CARTESIAN_POINT ( 'NONE',  ( 142.1723520826013498, 38.81610065436311174, 3.000000000000019096 ) ) ;
#2007 = ORIENTED_EDGE ( 'NONE', *, *, #460, .F. ) ;
#2008 = EDGE_LOOP ( 'NONE', ( #6403, #2048, #246, #4194 ) ) ;
#2009 = CARTESIAN_POINT ( 'NONE',  ( 127.5473520826020177, 13.48485759366804793, 3.000000000000019096 ) ) ;
#2010 = ORIENTED_EDGE ( 'NONE', *, *, #554, .F. ) ;
#2011 = CARTESIAN_POINT ( 'NONE',  ( 133.4999999999999147, 49.88526329025141592, 1.740605264670865696E-15 ) ) ;
#2012 = DIRECTION ( 'NONE',  ( -0.000000000000000000, 3.489217355721594252E-17, -1.000000000000000000 ) ) ;
#2013 = VECTOR ( 'NONE', #4283, 999.9999999999998863 ) ;
#2014 = CARTESIAN_POINT ( 'NONE',  ( 130.1723520826015204, 18.03149096353651260, 3.000000000000019096 ) ) ;
#2015 = CARTESIAN_POINT ( 'NONE',  ( 101.9999999999999858, 36.89488223348483587, 1.287342634263795608E-15 ) ) ;
#2016 = ORIENTED_EDGE ( 'NONE', *, *, #6011, .F. ) ;
#2017 = DIRECTION ( 'NONE',  ( -0.8660254037844377084, -0.5000000000000016653, 0.000000000000000000 ) ) ;
#2018 = PLANE ( 'NONE',  #4258 ) ;
#2019 = ADVANCED_FACE ( 'NONE', ( #5219 ), #4602, .F. ) ;
#2020 = EDGE_CURVE ( 'NONE', #3133, #4159, #2688, .T. ) ;
#2021 = PLANE ( 'NONE',  #1729 ) ;
#2022 = CARTESIAN_POINT ( 'NONE',  ( 123.7499999999999858, 15.67725984076611567, 3.000000000000019096 ) ) ;
#2023 = CARTESIAN_POINT ( 'NONE',  ( -88.17235208260132140, -44.32233810894239667, 3.000000000000019096 ) ) ;
#2024 = ORIENTED_EDGE ( 'NONE', *, *, #2045, .F. ) ;
#2025 = DIRECTION ( 'NONE',  ( 0.8660254037844388186, 0.4999999999999996114, 1.744608677860794044E-17 ) ) ;
#2026 = ADVANCED_FACE ( 'NONE', ( #3764 ), #3832, .F. ) ;
#2027 = AXIS2_PLACEMENT_3D ( 'NONE', #4708, #713, #3289 ) ;
#2028 = EDGE_CURVE ( 'NONE', #2746, #6247, #3405, .T. ) ;
#2029 = EDGE_LOOP ( 'NONE', ( #2329, #5521, #6428, #5902 ) ) ;
#2030 = CARTESIAN_POINT ( 'NONE',  ( 87.00000000000000000, 70.66987298107780191, 2.465825473322171841E-15 ) ) ;
#2031 = ORIENTED_EDGE ( 'NONE', *, *, #5273, .F. ) ;
#2032 = VERTEX_POINT ( 'NONE', #3867 ) ;
#2033 = DIRECTION ( 'NONE',  ( 0.8660254037844385966, 0.4999999999999998890, 0.000000000000000000 ) ) ;
#2034 = CIRCLE ( 'NONE', #5760, 2.100000000000002753 ) ;
#2035 = ORIENTED_EDGE ( 'NONE', *, *, #6286, .T. ) ;
#2036 = CARTESIAN_POINT ( 'NONE',  ( 65.25000000000000000, 32.99776791645491159, 3.000000000000019096 ) ) ;
#2037 = CARTESIAN_POINT ( 'NONE',  ( 16.49999999999997158, 83.66025403784443881, 2.919088103729243901E-15 ) ) ;
#2038 = AXIS2_PLACEMENT_3D ( 'NONE', #5763, #1617, #4262 ) ;
#2039 = ORIENTED_EDGE ( 'NONE', *, *, #2418, .F. ) ;
#2040 = ORIENTED_EDGE ( 'NONE', *, *, #6136, .F. ) ;
#2041 = DIRECTION ( 'NONE',  ( -0.000000000000000000, 3.489217355721594252E-17, -1.000000000000000000 ) ) ;
#2042 = VECTOR ( 'NONE', #4822, 1000.000000000000000 ) ;
#2043 = ORIENTED_EDGE ( 'NONE', *, *, #877, .F. ) ;
#2044 = DIRECTION ( 'NONE',  ( -0.000000000000000000, 3.489217355721594252E-17, -1.000000000000000000 ) ) ;
#2045 = EDGE_CURVE ( 'NONE', #3185, #3753, #4823, .T. ) ;
#2046 = DIRECTION ( 'NONE',  ( -2.209540906293937818E-16, 0.7460747789757224968, -0.6658621660496464312 ) ) ;
#2047 = DIRECTION ( 'NONE',  ( 0.000000000000000000, -1.000000000000000000, 0.000000000000000000 ) ) ;
#2048 = ORIENTED_EDGE ( 'NONE', *, *, #1470, .T. ) ;
#2049 = ORIENTED_EDGE ( 'NONE', *, *, #2045, .T. ) ;
#2050 = CARTESIAN_POINT ( 'NONE',  ( 96.74999999999997158, 20.00738685968834218, 3.000000000000019096 ) ) ;
#2051 = CARTESIAN_POINT ( 'NONE',  ( 150.0010000000000332, 38.99486378953768195, 74.56121421188649379 ) ) ;
#2052 = EDGE_CURVE ( 'NONE', #5198, #2191, #4789, .T. ) ;
#2053 = PLANE ( 'NONE',  #6527 ) ;
#2054 = LINE ( 'NONE', #3535, #907 ) ;
#2055 = AXIS2_PLACEMENT_3D ( 'NONE', #3784, #5271, #5306 ) ;
#2056 = ADVANCED_FACE ( 'NONE', ( #4924 ), #3798, .F. ) ;
#2057 = DIRECTION ( 'NONE',  ( -0.000000000000000000, 3.489217355721594252E-17, -1.000000000000000000 ) ) ;
#2058 = ORIENTED_EDGE ( 'NONE', *, *, #2902, .F. ) ;
#2059 = ADVANCED_FACE ( 'NONE', ( #5358 ), #5826, .F. ) ;
#2060 = PLANE ( 'NONE',  #4923 ) ;
#2061 = VERTEX_POINT ( 'NONE', #752 ) ;
#2062 = DIRECTION ( 'NONE',  ( 1.000000000000000000, -1.602468905319633408E-15, -5.591362316445449382E-32 ) ) ;
#2063 = PLANE ( 'NONE',  #5937 ) ;
#2064 = VERTEX_POINT ( 'NONE', #3298 ) ;
#2065 = AXIS2_PLACEMENT_3D ( 'NONE', #2372, #806, #436 ) ;
#2066 = ORIENTED_EDGE ( 'NONE', *, *, #3450, .F. ) ;
#2067 = DIRECTION ( 'NONE',  ( -0.5000000000000004441, 0.8660254037844383745, 3.021750869380464253E-17 ) ) ;
#2068 = ADVANCED_FACE ( 'NONE', ( #2758 ), #2254, .F. ) ;
#2069 = ORIENTED_EDGE ( 'NONE', *, *, #178, .F. ) ;
#2070 = AXIS2_PLACEMENT_3D ( 'NONE', #3899, #5790, #6423 ) ;
#2071 = FACE_OUTER_BOUND ( 'NONE', #3261, .T. ) ;
#2072 = DIRECTION ( 'NONE',  ( -1.602468905319638141E-15, -1.000000000000000000, 0.000000000000000000 ) ) ;
#2073 = ORIENTED_EDGE ( 'NONE', *, *, #1725, .T. ) ;
#2074 = ORIENTED_EDGE ( 'NONE', *, *, #1933, .F. ) ;
#2075 = CARTESIAN_POINT ( 'NONE',  ( 123.7500000000000000, 66.77275866404791316, 2.329846684200053615E-15 ) ) ;
#2076 = ADVANCED_FACE ( 'NONE', ( #4286, #1352 ), #2862, .T. ) ;
#2077 = EDGE_LOOP ( 'NONE', ( #5635, #3020, #3189, #147 ) ) ;
#2078 = AXIS2_PLACEMENT_3D ( 'NONE', #1334, #3389, #841 ) ;
#2079 = FACE_OUTER_BOUND ( 'NONE', #3209, .T. ) ;
#2080 = ADVANCED_FACE ( 'NONE', ( #4360 ), #1753, .F. ) ;
#2081 = CARTESIAN_POINT ( 'NONE',  ( 117.7973520826020888, -3.402637780128670020, 3.000000000000019096 ) ) ;
#2082 = CARTESIAN_POINT ( 'NONE',  ( 126.0000000000000000, 70.66987298107780191, 2.465825473322171841E-15 ) ) ;
#2083 = EDGE_LOOP ( 'NONE', ( #1120, #696, #1138, #640 ) ) ;
#2084 = CARTESIAN_POINT ( 'NONE',  ( 23.99999999999999289, 79.33012701892224072, 2.768000560260220670E-15 ) ) ;
#2085 = CARTESIAN_POINT ( 'NONE',  ( 101.9999999999999858, 36.89488223348483587, 1.287342634263795608E-15 ) ) ;
#2086 = DIRECTION ( 'NONE',  ( -0.8660254037844387076, -0.4999999999999999445, 0.000000000000000000 ) ) ;
#2087 = LINE ( 'NONE', #121, #5177 ) ;
#2088 = ORIENTED_EDGE ( 'NONE', *, *, #5803, .T. ) ;
#2089 = DIRECTION ( 'NONE',  ( -0.8660254037844385966, 0.4999999999999998890, 0.000000000000000000 ) ) ;
#2090 = AXIS2_PLACEMENT_3D ( 'NONE', #6298, #5840, #1728 ) ;
#2091 = DIRECTION ( 'NONE',  ( 0.000000000000000000, 0.000000000000000000, 1.000000000000000000 ) ) ;
#2092 = AXIS2_PLACEMENT_3D ( 'NONE', #1185, #3837, #5257 ) ;
#2093 = PLANE ( 'NONE',  #4755 ) ;
#2094 = CIRCLE ( 'NONE', #3386, 2.100000000000000977 ) ;
#2095 = VERTEX_POINT ( 'NONE', #327 ) ;
#2096 = VECTOR ( 'NONE', #6477, 1000.000000000000000 ) ;
#2097 = EDGE_LOOP ( 'NONE', ( #4329, #443, #1612, #2398, #1604, #2303 ) ) ;
#2098 = EDGE_CURVE ( 'NONE', #1419, #8, #1208, .T. ) ;
#2099 = ADVANCED_FACE ( 'NONE', ( #1716 ), #257, .F. ) ;
#2100 = EDGE_LOOP ( 'NONE', ( #985, #3887, #3011, #4244 ) ) ;
#2101 = CARTESIAN_POINT ( 'NONE',  ( 35.99999999999997868, 83.66025403784443881, 2.919088103729243901E-15 ) ) ;
#2102 = CARTESIAN_POINT ( 'NONE',  ( 67.50000000000000000, 79.33012701892225493, 2.768000560260221065E-15 ) ) ;
#2103 = ORIENTED_EDGE ( 'NONE', *, *, #5977, .T. ) ;
#2104 = VERTEX_POINT ( 'NONE', #4322 ) ;
#2105 = CARTESIAN_POINT ( 'NONE',  ( 40.50000000000000711, 101.4800689266309348, -7.352509501688614613 ) ) ;
#2106 = ORIENTED_EDGE ( 'NONE', *, *, #2824, .F. ) ;
#2107 = FACE_OUTER_BOUND ( 'NONE', #1826, .T. ) ;
#2108 = CARTESIAN_POINT ( 'NONE',  ( 112.4999999999999858, 98.48368917940753420, -10.70984600707937773 ) ) ;
#2109 = DIRECTION ( 'NONE',  ( 0.000000000000000000, -1.000000000000000000, 0.000000000000000000 ) ) ;
#2110 = ORIENTED_EDGE ( 'NONE', *, *, #3371, .F. ) ;
#2111 = PLANE ( 'NONE',  #3526 ) ;
#2112 = AXIS2_PLACEMENT_3D ( 'NONE', #5754, #2217, #1750 ) ;
#2113 = LINE ( 'NONE', #6183, #3169 ) ;
#2114 = DIRECTION ( 'NONE',  ( -0.8660254037844383745, -0.5000000000000003331, -1.744608677860798050E-17 ) ) ;
#2115 = EDGE_LOOP ( 'NONE', ( #5471, #4543, #1264, #522, #5660, #5586 ) ) ;
#2116 = DIRECTION ( 'NONE',  ( -0.000000000000000000, 3.489217355721594252E-17, -1.000000000000000000 ) ) ;
#2117 = LINE ( 'NONE', #1719, #5502 ) ;
#2118 = CARTESIAN_POINT ( 'NONE',  ( -83.29735208260153456, -52.76608579584174663, 3.000000000000019096 ) ) ;
#2119 = ORIENTED_EDGE ( 'NONE', *, *, #4435, .F. ) ;
#2120 = ADVANCED_FACE ( 'NONE', ( #5893 ), #360, .F. ) ;
#2121 = CARTESIAN_POINT ( 'NONE',  ( 3.000000000000006661, 17.99486378953768195, 34.56121421188649379 ) ) ;
#2122 = EDGE_LOOP ( 'NONE', ( #3946, #5906 ) ) ;
#2123 = EDGE_CURVE ( 'NONE', #1477, #2481, #1213, .T. ) ;
#2124 = ORIENTED_EDGE ( 'NONE', *, *, #1685, .T. ) ;
#2125 = DIRECTION ( 'NONE',  ( 0.5000000000000006661, 0.8660254037844382635, 3.021750869380463637E-17 ) ) ;
#2126 = CARTESIAN_POINT ( 'NONE',  ( 111.7499999999999716, 53.78237760728132599, 1.876584053792984316E-15 ) ) ;
#2127 = EDGE_CURVE ( 'NONE', #6573, #4100, #5390, .T. ) ;
#2128 = VECTOR ( 'NONE', #612, 1000.000000000000000 ) ;
#2129 = EDGE_CURVE ( 'NONE', #2153, #5088, #439, .T. ) ;
#2130 = ORIENTED_EDGE ( 'NONE', *, *, #2570, .T. ) ;
#2131 = ORIENTED_EDGE ( 'NONE', *, *, #2972, .T. ) ;
#2132 = LINE ( 'NONE', #975, #2530 ) ;
#2133 = ORIENTED_EDGE ( 'NONE', *, *, #390, .T. ) ;
#2134 = VECTOR ( 'NONE', #429, 1000.000000000000000 ) ;
#2135 = PLANE ( 'NONE',  #4851 ) ;
#2136 = CARTESIAN_POINT ( 'NONE',  ( 33.74999999999997158, 53.78237760728132599, 10.00000000000000178 ) ) ;
#2137 = DIRECTION ( 'NONE',  ( -0.8660254037844387076, -0.4999999999999998890, -1.744608677860796818E-17 ) ) ;
#2138 = EDGE_LOOP ( 'NONE', ( #1376, #1337, #2298, #5942 ) ) ;
#2139 = VECTOR ( 'NONE', #5019, 1000.000000000000000 ) ;
#2140 = ORIENTED_EDGE ( 'NONE', *, *, #5449, .T. ) ;
#2141 = PLANE ( 'NONE',  #2147 ) ;
#2142 = LINE ( 'NONE', #3061, #107 ) ;
#2143 = EDGE_CURVE ( 'NONE', #572, #5364, #2478, .T. ) ;
#2144 = ORIENTED_EDGE ( 'NONE', *, *, #2835, .F. ) ;
#2145 = ADVANCED_FACE ( 'NONE', ( #2981 ), #1370, .F. ) ;
#2146 = CARTESIAN_POINT ( 'NONE',  ( 123.7499999999999858, 15.67725984076611567, 5.470136712655828800E-16 ) ) ;
#2147 = AXIS2_PLACEMENT_3D ( 'NONE', #4177, #87, #4278 ) ;
#2148 = LINE ( 'NONE', #6218, #4119 ) ;
#2149 = EDGE_LOOP ( 'NONE', ( #4606, #785, #1189, #5665, #6251 ) ) ;
#2150 = CARTESIAN_POINT ( 'NONE',  ( 121.4999999999999858, -202.2374841615668686, 3.000000000000019096 ) ) ;
#2151 = DIRECTION ( 'NONE',  ( -0.8660254037844383745, 0.5000000000000004441, 1.744608677860799899E-17 ) ) ;
#2152 = DIRECTION ( 'NONE',  ( 3.318315740031391761E-16, 3.304235192336773540E-16, 1.000000000000000000 ) ) ;
#2153 = VERTEX_POINT ( 'NONE', #2341 ) ;
#2154 = ADVANCED_FACE ( 'NONE', ( #3387 ), #373, .F. ) ;
#2155 = VECTOR ( 'NONE', #4859, 1000.000000000000000 ) ;
#2156 = EDGE_LOOP ( 'NONE', ( #2539, #1321, #239, #6308 ) ) ;
#2157 = EDGE_LOOP ( 'NONE', ( #3787, #5472, #2040, #3410 ) ) ;
#2158 = CARTESIAN_POINT ( 'NONE',  ( 147.0000000000000000, 100.0000000000000000, 3.000000000000019096 ) ) ;
#2159 = DIRECTION ( 'NONE',  ( -3.318315740031391761E-16, -8.673617379884035472E-17, -1.000000000000000000 ) ) ;
#2160 = VERTEX_POINT ( 'NONE', #5004 ) ;
#2161 = CARTESIAN_POINT ( 'NONE',  ( 112.4999999999999858, 101.4800689266309348, -9.852509501688627935 ) ) ;
#2162 = EDGE_CURVE ( 'NONE', #370, #5597, #4442, .T. ) ;
#2163 = CARTESIAN_POINT ( 'NONE',  ( 43.49999999999998579, 36.89488223348483587, 10.00000000000000178 ) ) ;
#2164 = VECTOR ( 'NONE', #2233, 1000.000000000000000 ) ;
#2165 = VERTEX_POINT ( 'NONE', #6503 ) ;
#2166 = CARTESIAN_POINT ( 'NONE',  ( 77.24999999999998579, 20.00738685968835640, 6.981012147346078861E-16 ) ) ;
#2167 = ADVANCED_FACE ( 'NONE', ( #905 ), #1971, .F. ) ;
#2168 = DIRECTION ( 'NONE',  ( -0.8660254037844383745, 0.5000000000000004441, 0.000000000000000000 ) ) ;
#2169 = DIRECTION ( 'NONE',  ( -0.000000000000000000, 3.489217355721594252E-17, -1.000000000000000000 ) ) ;
#2170 = DIRECTION ( 'NONE',  ( -1.000000000000000000, -0.000000000000000000, 0.000000000000000000 ) ) ;
#2171 = ORIENTED_EDGE ( 'NONE', *, *, #2177, .F. ) ;
#2172 = CARTESIAN_POINT ( 'NONE',  ( 147.0000000000000000, 85.06340628446157837, 12.91072832108004143 ) ) ;
#2173 = CARTESIAN_POINT ( 'NONE',  ( 72.74999999999998579, 28.66764089753273126, 10.00000000000000178 ) ) ;
#2174 = VECTOR ( 'NONE', #1772, 1000.000000000000114 ) ;
#2175 = EDGE_CURVE ( 'NONE', #319, #2524, #1872, .T. ) ;
#2176 = ORIENTED_EDGE ( 'NONE', *, *, #2984, .T. ) ;
#2177 = EDGE_CURVE ( 'NONE', #3707, #3128, #4011, .T. ) ;
#2178 = ORIENTED_EDGE ( 'NONE', *, *, #511, .T. ) ;
#2179 = FACE_BOUND ( 'NONE', #1727, .T. ) ;
#2180 = LINE ( 'NONE', #3295, #1688 ) ;
#2181 = ORIENTED_EDGE ( 'NONE', *, *, #959, .F. ) ;
#2182 = VECTOR ( 'NONE', #704, 1000.000000000000114 ) ;
#2183 = DIRECTION ( 'NONE',  ( 1.000000000000000000, -0.000000000000000000, -1.437389243825479109E-16 ) ) ;
#2184 = LINE ( 'NONE', #5725, #1529 ) ;
#2185 = CARTESIAN_POINT ( 'NONE',  ( 132.4223520826016056, 21.92860528056658609, 3.000000000000019096 ) ) ;
#2186 = DIRECTION ( 'NONE',  ( 0.8660254037844387076, -0.4999999999999997780, 0.000000000000000000 ) ) ;
#2187 = CARTESIAN_POINT ( 'NONE',  ( 35.99999999999992184, 49.88526329025141592, 10.00000000000000178 ) ) ;
#2188 = ORIENTED_EDGE ( 'NONE', *, *, #1275, .F. ) ;
#2189 = CARTESIAN_POINT ( 'NONE',  ( 111.7499999999999716, -202.2374841615668686, 3.000000000000019096 ) ) ;
#2190 = VECTOR ( 'NONE', #2159, 1000.000000000000000 ) ;
#2191 = VERTEX_POINT ( 'NONE', #2945 ) ;
#2192 = AXIS2_PLACEMENT_3D ( 'NONE', #2434, #6496, #3446 ) ;
#2193 = EDGE_CURVE ( 'NONE', #5574, #3838, #3420, .T. ) ;
#2194 = VECTOR ( 'NONE', #5847, 1000.000000000000114 ) ;
#2195 = VERTEX_POINT ( 'NONE', #2844 ) ;
#2196 = CARTESIAN_POINT ( 'NONE',  ( 26.24999999999999645, 15.67725984076617074, 10.00000000000000000 ) ) ;
#2197 = VECTOR ( 'NONE', #4546, 1000.000000000000000 ) ;
#2198 = CC_DESIGN_APPROVAL ( #35, ( #6356 ) ) ;
#2199 = VECTOR ( 'NONE', #1611, 1000.000000000000000 ) ;
#2200 = EDGE_LOOP ( 'NONE', ( #1760, #805, #3287, #1768 ) ) ;
#2201 = DIRECTION ( 'NONE',  ( 1.127570259384924611E-16, 0.000000000000000000, 1.000000000000000000 ) ) ;
#2202 = VECTOR ( 'NONE', #6383, 1000.000000000000000 ) ;
#2203 = CARTESIAN_POINT ( 'NONE',  ( 28.49999999999999645, 70.66987298107780191, 2.465825473322171841E-15 ) ) ;
#2204 = ORIENTED_EDGE ( 'NONE', *, *, #5020, .T. ) ;
#2205 = LINE ( 'NONE', #1699, #2825 ) ;
#2206 = CARTESIAN_POINT ( 'NONE',  ( 106.5000000000000000, 79.33012701892225493, 10.00000000000000355 ) ) ;
#2207 = FACE_OUTER_BOUND ( 'NONE', #5719, .T. ) ;
#2208 = CARTESIAN_POINT ( 'NONE',  ( 112.4999999999999858, 101.4800689266309348, -4.852509501688624383 ) ) ;
#2209 = EDGE_CURVE ( 'NONE', #487, #645, #900, .T. ) ;
#2210 = ORIENTED_EDGE ( 'NONE', *, *, #3149, .T. ) ;
#2211 = ORIENTED_EDGE ( 'NONE', *, *, #269, .T. ) ;
#2212 = DIRECTION ( 'NONE',  ( -0.8660254037844383745, 0.5000000000000004441, 0.000000000000000000 ) ) ;
#2213 = LINE ( 'NONE', #6381, #4897 ) ;
#2214 = EDGE_LOOP ( 'NONE', ( #263, #4124, #2985, #2455 ) ) ;
#2215 = ORIENTED_EDGE ( 'NONE', *, *, #258, .F. ) ;
#2216 = DIRECTION ( 'NONE',  ( 0.8660254037844390407, 0.4999999999999991673, 0.000000000000000000 ) ) ;
#2217 = DIRECTION ( 'NONE',  ( -1.000000000000000000, -0.000000000000000000, 0.000000000000000000 ) ) ;
#2218 = ORIENTED_EDGE ( 'NONE', *, *, #4435, .T. ) ;
#2219 = FACE_OUTER_BOUND ( 'NONE', #1512, .T. ) ;
#2220 = EDGE_CURVE ( 'NONE', #210, #4967, #808, .T. ) ;
#2221 = FACE_OUTER_BOUND ( 'NONE', #1643, .T. ) ;
#2222 = EDGE_CURVE ( 'NONE', #2875, #3052, #873, .T. ) ;
#2223 = CARTESIAN_POINT ( 'NONE',  ( 150.0010000000000048, 38.99486378953769616, -1.812316931598655017E-14 ) ) ;
#2224 = CARTESIAN_POINT ( 'NONE',  ( 126.0000000000000000, 45.55513627132927468, 3.000000000000019096 ) ) ;
#2225 = ADVANCED_FACE ( 'NONE', ( #3883 ), #4876, .F. ) ;
#2226 = DIRECTION ( 'NONE',  ( 0.8660254037844383745, -0.5000000000000004441, 0.000000000000000000 ) ) ;
#2227 = ORIENTED_EDGE ( 'NONE', *, *, #4587, .T. ) ;
#2228 = FACE_OUTER_BOUND ( 'NONE', #1977, .T. ) ;
#2229 = ORIENTED_EDGE ( 'NONE', *, *, #688, .F. ) ;
#2230 = VERTEX_POINT ( 'NONE', #3947 ) ;
#2231 = CARTESIAN_POINT ( 'NONE',  ( 150.0000000000000000, 17.99486378953767840, -1.560805633135799024E-15 ) ) ;
#2232 = VERTEX_POINT ( 'NONE', #5979 ) ;
#2233 = DIRECTION ( 'NONE',  ( -1.000000000000000000, -0.000000000000000000, 3.318315740031391761E-16 ) ) ;
#2234 = VECTOR ( 'NONE', #5964, 1000.000000000000000 ) ;
#2235 = FACE_OUTER_BOUND ( 'NONE', #5057, .T. ) ;
#2236 = EDGE_LOOP ( 'NONE', ( #4499, #1224, #3224, #2916 ) ) ;
#2237 = LINE ( 'NONE', #1666, #486 ) ;
#2238 = DIRECTION ( 'NONE',  ( 0.8660254037844395958, 0.4999999999999982236, 1.744608677860790347E-17 ) ) ;
#2239 = DIRECTION ( 'NONE',  ( 0.000000000000000000, 0.000000000000000000, -1.000000000000000000 ) ) ;
#2240 = CARTESIAN_POINT ( 'NONE',  ( 0.000000000000000000, 100.0000000000000000, 3.489217355721594350E-15 ) ) ;
#2241 = ORIENTED_EDGE ( 'NONE', *, *, #6463, .F. ) ;
#2242 = ORIENTED_EDGE ( 'NONE', *, *, #6168, .F. ) ;
#2243 = DIRECTION ( 'NONE',  ( 0.000000000000000000, 0.000000000000000000, -1.000000000000000000 ) ) ;
#2244 = DIRECTION ( 'NONE',  ( 0.000000000000000000, 1.541976423090495140E-16, -1.000000000000000000 ) ) ;
#2245 = AXIS2_PLACEMENT_3D ( 'NONE', #6538, #5006, #5450 ) ;
#2246 = EDGE_LOOP ( 'NONE', ( #2204, #4728, #3093, #1098 ) ) ;
#2247 = EDGE_CURVE ( 'NONE', #2740, #1619, #1403, .T. ) ;
#2248 = ORIENTED_EDGE ( 'NONE', *, *, #751, .T. ) ;
#2249 = DIRECTION ( 'NONE',  ( -0.000000000000000000, 3.489217355721594252E-17, -1.000000000000000000 ) ) ;
#2250 = CARTESIAN_POINT ( 'NONE',  ( 87.00000000000000000, 36.89488223348482165, 10.00000000000000178 ) ) ;
#2251 = VERTEX_POINT ( 'NONE', #3978 ) ;
#2252 = AXIS2_PLACEMENT_3D ( 'NONE', #5192, #200, #625 ) ;
#2253 = DIRECTION ( 'NONE',  ( -0.000000000000000000, 3.489217355721594252E-17, -1.000000000000000000 ) ) ;
#2254 = PLANE ( 'NONE',  #6434 ) ;
#2255 = EDGE_CURVE ( 'NONE', #5953, #6126, #4973, .T. ) ;
#2256 = VECTOR ( 'NONE', #5357, 999.9999999999998863 ) ;
#2257 = EDGE_CURVE ( 'NONE', #6531, #1492, #408, .T. ) ;
#2258 = CARTESIAN_POINT ( 'NONE',  ( 135.0473520826014067, 26.47523865043491398, 3.000000000000019096 ) ) ;
#2259 = CARTESIAN_POINT ( 'NONE',  ( 72.74999999999998579, 28.66764089753273126, 10.00000000000000178 ) ) ;
#2260 = EDGE_CURVE ( 'NONE', #62, #6444, #1095, .T. ) ;
#2261 = CARTESIAN_POINT ( 'NONE',  ( 0.000000000000000000, -1.714505518806294283E-14, 140.0000000000000000 ) ) ;
#2262 = ORIENTED_EDGE ( 'NONE', *, *, #5968, .T. ) ;
#2263 = ORIENTED_EDGE ( 'NONE', *, *, #5073, .T. ) ;
#2264 = DIRECTION ( 'NONE',  ( -0.000000000000000000, 3.489217355721594252E-17, -1.000000000000000000 ) ) ;
#2265 = VERTEX_POINT ( 'NONE', #3582 ) ;
#2266 = APPROVAL ( #838, 'Coincidente' ) ;
#2267 = EDGE_LOOP ( 'NONE', ( #5042, #1133, #2000, #1203 ) ) ;
#2268 = LINE ( 'NONE', #3669, #6140 ) ;
#2269 = AXIS2_PLACEMENT_3D ( 'NONE', #2793, #4827, #4324 ) ;
#2270 = ORIENTED_EDGE ( 'NONE', *, *, #1877, .F. ) ;
#2271 = CARTESIAN_POINT ( 'NONE',  ( 87.00000000000000000, 36.89488223348482165, 1.287342634263795411E-15 ) ) ;
#2272 = LINE ( 'NONE', #2203, #5176 ) ;
#2273 = DIRECTION ( 'NONE',  ( 0.000000000000000000, -1.000000000000000000, -3.489217355721596717E-17 ) ) ;
#2274 = CARTESIAN_POINT ( 'NONE',  ( 45.75000000000000000, 49.45225058835914922, 3.000000000000019096 ) ) ;
#2275 = DIRECTION ( 'NONE',  ( -0.8660254037844395958, -0.4999999999999982236, 0.000000000000000000 ) ) ;
#2276 = DIRECTION ( 'NONE',  ( 0.000000000000000000, 0.000000000000000000, -1.000000000000000000 ) ) ;
#2277 = ORIENTED_EDGE ( 'NONE', *, *, #3964, .T. ) ;
#2278 = AXIS2_PLACEMENT_3D ( 'NONE', #2771, #3847, #5772 ) ;
#2279 = EDGE_LOOP ( 'NONE', ( #5873, #6114, #2106, #4078 ) ) ;
#2280 = CARTESIAN_POINT ( 'NONE',  ( 77.25000000000001421, 28.66764089753273836, 10.00000000000000178 ) ) ;
#2281 = DIRECTION ( 'NONE',  ( 0.4999999999999998335, -0.8660254037844388186, -3.021750869380465486E-17 ) ) ;
#2282 = EDGE_CURVE ( 'NONE', #3374, #1517, #5104, .T. ) ;
#2283 = ORIENTED_EDGE ( 'NONE', *, *, #1507, .F. ) ;
#2284 = ADVANCED_FACE ( 'NONE', ( #6570 ), #4663, .F. ) ;
#2285 = ORIENTED_EDGE ( 'NONE', *, *, #4340, .F. ) ;
#2286 = AXIS2_PLACEMENT_3D ( 'NONE', #5948, #6471, #4505 ) ;
#2287 = FACE_BOUND ( 'NONE', #6519, .T. ) ;
#2288 = AXIS2_PLACEMENT_3D ( 'NONE', #3513, #2500, #38 ) ;
#2289 = CARTESIAN_POINT ( 'NONE',  ( 3.000000000000030198, -1.714505518806294283E-14, 140.0000000000000000 ) ) ;
#2290 = VERTEX_POINT ( 'NONE', #103 ) ;
#2291 = PLANE ( 'NONE',  #4812 ) ;
#2292 = CARTESIAN_POINT ( 'NONE',  ( 45.75000000000000000, 49.45225058835914922, 10.00000000000000178 ) ) ;
#2293 = VECTOR ( 'NONE', #1549, 1000.000000000000000 ) ;
#2294 = DIRECTION ( 'NONE',  ( 0.000000000000000000, 0.000000000000000000, 1.000000000000000000 ) ) ;
#2295 = CARTESIAN_POINT ( 'NONE',  ( -0.001000000000001000089, 85.06340628446157837, 10.81072832108004000 ) ) ;
#2296 = PLANE ( 'NONE',  #5827 ) ;
#2297 = ORIENTED_EDGE ( 'NONE', *, *, #2307, .F. ) ;
#2298 = ORIENTED_EDGE ( 'NONE', *, *, #511, .F. ) ;
#2299 = DIRECTION ( 'NONE',  ( -0.000000000000000000, 3.489217355721594252E-17, -1.000000000000000000 ) ) ;
#2300 = ORIENTED_EDGE ( 'NONE', *, *, #6314, .F. ) ;
#2301 = ORIENTED_EDGE ( 'NONE', *, *, #5236, .T. ) ;
#2302 = DIRECTION ( 'NONE',  ( -0.000000000000000000, 3.489217355721594252E-17, -1.000000000000000000 ) ) ;
#2303 = ORIENTED_EDGE ( 'NONE', *, *, #3318, .F. ) ;
#2304 = LINE ( 'NONE', #1661, #4726 ) ;
#2305 = ADVANCED_FACE ( 'NONE', ( #4045 ), #2507, .F. ) ;
#2306 = CARTESIAN_POINT ( 'NONE',  ( 18.75000000000000355, 28.66764089753276679, 3.000000000000019096 ) ) ;
#2307 = EDGE_CURVE ( 'NONE', #5820, #4337, #6166, .T. ) ;
#2308 = AXIS2_PLACEMENT_3D ( 'NONE', #4158, #1648, #3076 ) ;
#2309 = DIRECTION ( 'NONE',  ( 1.602468905319637155E-15, 1.000000000000000000, 0.000000000000000000 ) ) ;
#2310 = CARTESIAN_POINT ( 'NONE',  ( 87.00000000000000000, -202.2374841615668686, 3.000000000000019096 ) ) ;
#2311 = DIRECTION ( 'NONE',  ( -0.000000000000000000, 3.489217355721594252E-17, -1.000000000000000000 ) ) ;
#2312 = VECTOR ( 'NONE', #527, 1000.000000000000000 ) ;
#2313 = CARTESIAN_POINT ( 'NONE',  ( 18.75000000000000355, 53.78237760728131889, 3.000000000000019096 ) ) ;
#2314 = AXIS2_PLACEMENT_3D ( 'NONE', #1749, #5821, #6217 ) ;
#2315 = ORIENTED_EDGE ( 'NONE', *, *, #4802, .T. ) ;
#2316 = VERTEX_POINT ( 'NONE', #2004 ) ;
#2317 = PLANE ( 'NONE',  #5882 ) ;
#2318 = VECTOR ( 'NONE', #4577, 1000.000000000000000 ) ;
#2319 = DIRECTION ( 'NONE',  ( -1.000000000000000000, 0.000000000000000000, 0.000000000000000000 ) ) ;
#2320 = EDGE_LOOP ( 'NONE', ( #2007, #1126, #913, #6037, #2074, #1007 ) ) ;
#2321 = FACE_BOUND ( 'NONE', #4153, .T. ) ;
#2322 = LINE ( 'NONE', #2289, #3299 ) ;
#2323 = ORIENTED_EDGE ( 'NONE', *, *, #4528, .F. ) ;
#2324 = LINE ( 'NONE', #3404, #5232 ) ;
#2325 = DIRECTION ( 'NONE',  ( -0.000000000000000000, 0.000000000000000000, -1.000000000000000000 ) ) ;
#2326 = CARTESIAN_POINT ( 'NONE',  ( 103.1723520826017619, -28.73388084082326088, 3.000000000000019096 ) ) ;
#2327 = LINE ( 'NONE', #691, #3517 ) ;
#2328 = DIRECTION ( 'NONE',  ( -0.8660254037844387076, -0.4999999999999999445, 0.000000000000000000 ) ) ;
#2329 = ORIENTED_EDGE ( 'NONE', *, *, #6287, .T. ) ;
#2330 = ORIENTED_EDGE ( 'NONE', *, *, #792, .T. ) ;
#2331 = PLANE ( 'NONE',  #1603 ) ;
#2332 = EDGE_LOOP ( 'NONE', ( #6164, #1628, #395, #3673 ) ) ;
#2333 = VERTEX_POINT ( 'NONE', #2036 ) ;
#2334 = ADVANCED_FACE ( 'NONE', ( #2071 ), #1504, .F. ) ;
#2335 = LINE ( 'NONE', #866, #1342 ) ;
#2336 = VECTOR ( 'NONE', #4953, 1000.000000000000114 ) ;
#2337 = VERTEX_POINT ( 'NONE', #3139 ) ;
#2338 = CARTESIAN_POINT ( 'NONE',  ( 106.5000000000000000, 45.55513627132927468, 1.589517721201844240E-15 ) ) ;
#2339 =( NAMED_UNIT ( * ) PLANE_ANGLE_UNIT ( ) SI_UNIT ( $, .RADIAN. ) );
#2340 = EDGE_CURVE ( 'NONE', #4665, #6299, #5038, .T. ) ;
#2341 = CARTESIAN_POINT ( 'NONE',  ( 45.75000000000000000, 66.77275866404791316, 2.329846684200054404E-15 ) ) ;
#2342 = ADVANCED_FACE ( 'NONE', ( #4075 ), #5163, .F. ) ;
#2343 = LINE ( 'NONE', #4376, #4425 ) ;
#2344 = DIRECTION ( 'NONE',  ( -0.000000000000000000, 1.000000000000000000, 3.489217355721594868E-17 ) ) ;
#2345 = ADVANCED_FACE ( 'NONE', ( #1064 ), #472, .F. ) ;
#2346 = LINE ( 'NONE', #940, #863 ) ;
#2347 = ORIENTED_EDGE ( 'NONE', *, *, #3820, .F. ) ;
#2348 = ORIENTED_EDGE ( 'NONE', *, *, #3417, .F. ) ;
#2349 = FACE_BOUND ( 'NONE', #4783, .T. ) ;
#2350 = LINE ( 'NONE', #5954, #184 ) ;
#2351 = VERTEX_POINT ( 'NONE', #5546 ) ;
#2352 = PLANE ( 'NONE',  #1354 ) ;
#2353 = DIRECTION ( 'NONE',  ( 0.8660254037844390407, 0.4999999999999991673, 0.000000000000000000 ) ) ;
#2354 = ORIENTED_EDGE ( 'NONE', *, *, #5405, .F. ) ;
#2355 = CARTESIAN_POINT ( 'NONE',  ( 112.4999999999999858, 101.4800689266309348, -7.352509501688626159 ) ) ;
#2356 = VECTOR ( 'NONE', #6583, 1000.000000000000114 ) ;
#2357 = CARTESIAN_POINT ( 'NONE',  ( 101.9999999999999858, 70.66987298107788718, 10.00000000000000178 ) ) ;
#2358 = ADVANCED_FACE ( 'NONE', ( #570 ), #2543, .F. ) ;
#2359 = CARTESIAN_POINT ( 'NONE',  ( 77.24999999999927525, -202.2374841615671244, 3.000000000000019096 ) ) ;
#2360 = LINE ( 'NONE', #4396, #2990 ) ;
#2361 = VECTOR ( 'NONE', #3571, 1000.000000000000114 ) ;
#2362 = FACE_OUTER_BOUND ( 'NONE', #33, .T. ) ;
#2363 = ORIENTED_EDGE ( 'NONE', *, *, #3353, .T. ) ;
#2364 = VERTEX_POINT ( 'NONE', #5611 ) ;
#2365 = FACE_OUTER_BOUND ( 'NONE', #3759, .T. ) ;
#2366 = VECTOR ( 'NONE', #5681, 1000.000000000000000 ) ;
#2367 = EDGE_CURVE ( 'NONE', #2401, #2251, #1535, .T. ) ;
#2368 = ORIENTED_EDGE ( 'NONE', *, *, #1849, .F. ) ;
#2369 = EDGE_CURVE ( 'NONE', #3856, #3676, #1036, .T. ) ;
#2370 = CARTESIAN_POINT ( 'NONE',  ( -90.42235208260144930, -40.42522379191299109, 3.000000000000019096 ) ) ;
#2371 = ORIENTED_EDGE ( 'NONE', *, *, #1018, .T. ) ;
#2372 = CARTESIAN_POINT ( 'NONE',  ( 3.000000000000002665, 85.06340628446157837, 10.81072832108006310 ) ) ;
#2373 = PERSON_AND_ORGANIZATION ( #18446744073709551615, #18446744073709551615 ) ;
#2374 = DIRECTION ( 'NONE',  ( 0.8660254037844380415, -0.5000000000000012212, -1.744608677860802673E-17 ) ) ;
#2375 = CARTESIAN_POINT ( 'NONE',  ( 38.24999999999999289, 62.44263164512570086, 3.000000000000019096 ) ) ;
#2376 = DIRECTION ( 'NONE',  ( -0.8660254037844393737, 0.4999999999999985012, 0.000000000000000000 ) ) ;
#2377 = EDGE_CURVE ( 'NONE', #3974, #2447, #539, .T. ) ;
#2378 = PLANE ( 'NONE',  #2789 ) ;
#2379 = ORIENTED_EDGE ( 'NONE', *, *, #657, .F. ) ;
#2380 = ORIENTED_EDGE ( 'NONE', *, *, #3536, .F. ) ;
#2381 = DIRECTION ( 'NONE',  ( 0.8660254037844378194, 0.5000000000000015543, 0.000000000000000000 ) ) ;
#2382 = CARTESIAN_POINT ( 'NONE',  ( 67.50000000000000000, 79.33012701892225493, 10.00000000000000355 ) ) ;
#2383 = VERTEX_POINT ( 'NONE', #4106 ) ;
#2384 = LINE ( 'NONE', #2415, #159 ) ;
#2385 = PLANE ( 'NONE',  #4551 ) ;
#2386 = LINE ( 'NONE', #2453, #6481 ) ;
#2387 = DIRECTION ( 'NONE',  ( 1.000000000000000000, -0.000000000000000000, -1.437389243825479109E-16 ) ) ;
#2388 = VECTOR ( 'NONE', #4873, 1000.000000000000000 ) ;
#2389 = CARTESIAN_POINT ( 'NONE',  ( 48.00000000000000000, 45.55513627132927468, 10.00000000000000178 ) ) ;
#2390 = EDGE_CURVE ( 'NONE', #3281, #941, #6139, .T. ) ;
#2391 = DIRECTION ( 'NONE',  ( 1.602468905319638141E-15, -1.000000000000000000, 0.000000000000000000 ) ) ;
#2392 = DIRECTION ( 'NONE',  ( 0.000000000000000000, 1.000000000000000000, 0.000000000000000000 ) ) ;
#2393 = DIRECTION ( 'NONE',  ( 0.4999999999999999445, -0.8660254037844387076, -3.021750869380466102E-17 ) ) ;
#2394 = ORIENTED_EDGE ( 'NONE', *, *, #6336, .T. ) ;
#2395 = ORIENTED_EDGE ( 'NONE', *, *, #144, .T. ) ;
#2396 = DIRECTION ( 'NONE',  ( -0.000000000000000000, 3.489217355721594252E-17, -1.000000000000000000 ) ) ;
#2397 = VECTOR ( 'NONE', #906, 1000.000000000000114 ) ;
#2398 = ORIENTED_EDGE ( 'NONE', *, *, #3038, .F. ) ;
#2399 = CARTESIAN_POINT ( 'NONE',  ( 63.00000000000000000, 79.33012701892229757, 3.000000000000019096 ) ) ;
#2400 = ORIENTED_EDGE ( 'NONE', *, *, #6448, .T. ) ;
#2401 = VERTEX_POINT ( 'NONE', #5135 ) ;
#2402 = CARTESIAN_POINT ( 'NONE',  ( 53.24999999999997868, 62.44263164512573638, 10.00000000000000178 ) ) ;
#2403 = ADVANCED_FACE ( 'NONE', ( #6264 ), #3276, .F. ) ;
#2404 = APPROVAL_ROLE ( '' ) ;
#2405 = EDGE_LOOP ( 'NONE', ( #3608, #417, #5237, #1040, #5645, #5444 ) ) ;
#2406 = DIRECTION ( 'NONE',  ( -0.4999999999999996669, 0.8660254037844388186, 3.021750869380465486E-17 ) ) ;
#2407 = LINE ( 'NONE', #2982, #3057 ) ;
#2408 = PLANE ( 'NONE',  #6354 ) ;
#2409 = LINE ( 'NONE', #2884, #3639 ) ;
#2410 = EDGE_LOOP ( 'NONE', ( #5460, #322, #4176, #4143, #5349, #17 ) ) ;
#2411 = ORIENTED_EDGE ( 'NONE', *, *, #4095, .F. ) ;
#2412 = CARTESIAN_POINT ( 'NONE',  ( 77.25000000000001421, 53.78237760728131889, 10.00000000000000178 ) ) ;
#2413 = AXIS2_PLACEMENT_3D ( 'NONE', #4837, #3810, #1258 ) ;
#2414 = ORIENTED_EDGE ( 'NONE', *, *, #6397, .T. ) ;
#2415 = CARTESIAN_POINT ( 'NONE',  ( 111.7499999999999716, 53.78237760728132599, 1.876584053792984316E-15 ) ) ;
#2416 = VECTOR ( 'NONE', #6036, 999.9999999999998863 ) ;
#2417 = VECTOR ( 'NONE', #6374, 1000.000000000000000 ) ;
#2418 = EDGE_CURVE ( 'NONE', #2551, #2740, #5299, .T. ) ;
#2419 = DIRECTION ( 'NONE',  ( -0.8660254037844385966, 0.4999999999999998890, 0.000000000000000000 ) ) ;
#2420 = DIRECTION ( 'NONE',  ( 1.000000000000000000, -0.000000000000000000, -1.437389243825479109E-16 ) ) ;
#2421 = FACE_OUTER_BOUND ( 'NONE', #582, .T. ) ;
#2422 = VECTOR ( 'NONE', #5520, 1000.000000000000114 ) ;
#2423 = DIRECTION ( 'NONE',  ( -0.5000000000000015543, -0.8660254037844378194, -3.021750869380462404E-17 ) ) ;
#2424 = VECTOR ( 'NONE', #1128, 1000.000000000000000 ) ;
#2425 = DIRECTION ( 'NONE',  ( 0.8660254037844395958, 0.4999999999999982792, 0.000000000000000000 ) ) ;
#2426 = DIRECTION ( 'NONE',  ( 0.000000000000000000, 1.000000000000000000, 3.489217355721594868E-17 ) ) ;
#2427 = LINE ( 'NONE', #3407, #5211 ) ;
#2428 = ADVANCED_FACE ( 'NONE', ( #5263 ), #3705, .F. ) ;
#2429 = LINE ( 'NONE', #3537, #5404 ) ;
#2430 = ORIENTED_EDGE ( 'NONE', *, *, #554, .T. ) ;
#2431 = EDGE_CURVE ( 'NONE', #998, #2820, #4801, .T. ) ;
#2432 = FACE_OUTER_BOUND ( 'NONE', #5519, .T. ) ;
#2433 = VERTEX_POINT ( 'NONE', #5734 ) ;
#2434 = CARTESIAN_POINT ( 'NONE',  ( 113.9999999999999716, 32.56475521456263067, 10.00000000000000178 ) ) ;
#2435 = ORIENTED_EDGE ( 'NONE', *, *, #3693, .F. ) ;
#2436 = ORIENTED_EDGE ( 'NONE', *, *, #2123, .T. ) ;
#2437 = DIRECTION ( 'NONE',  ( 1.602468905319638141E-15, 1.000000000000000000, 0.000000000000000000 ) ) ;
#2438 = ADVANCED_FACE ( 'NONE', ( #272 ), #5334, .F. ) ;
#2439 = COORDINATED_UNIVERSAL_TIME_OFFSET ( 3, 0, .BEHIND. ) ;
#2440 = VECTOR ( 'NONE', #3336, 1000.000000000000114 ) ;
#2441 = EDGE_CURVE ( 'NONE', #5591, #1172, #4767, .T. ) ;
#2442 = ORIENTED_EDGE ( 'NONE', *, *, #2957, .T. ) ;
#2443 = CARTESIAN_POINT ( 'NONE',  ( 133.4999999999999147, 49.88526329025141592, 10.00000000000000178 ) ) ;
#2444 = CARTESIAN_POINT ( 'NONE',  ( 121.4999999999999858, 36.89488223348483587, 10.00000000000000178 ) ) ;
#2445 = CARTESIAN_POINT ( 'NONE',  ( 23.99999999999999289, 45.55513627132918941, 10.00000000000000178 ) ) ;
#2446 = LINE ( 'NONE', #1336, #25 ) ;
#2447 = VERTEX_POINT ( 'NONE', #2768 ) ;
#2448 = ORIENTED_EDGE ( 'NONE', *, *, #6213, .T. ) ;
#2449 = CARTESIAN_POINT ( 'NONE',  ( 48.00000000000000000, -202.2374841615668686, 3.000000000000019096 ) ) ;
#2450 = ORIENTED_EDGE ( 'NONE', *, *, #2618, .T. ) ;
#2451 = DIRECTION ( 'NONE',  ( -0.000000000000000000, 3.489217355721594252E-17, -1.000000000000000000 ) ) ;
#2452 = CARTESIAN_POINT ( 'NONE',  ( 26.24999999999999645, 15.67725984076617074, 3.000000000000019096 ) ) ;
#2453 = CARTESIAN_POINT ( 'NONE',  ( 133.4999999999999716, 32.56475521456263067, 10.00000000000000178 ) ) ;
#2454 = CARTESIAN_POINT ( 'NONE',  ( 35.99999999999992184, 66.33974596215564645, 3.000000000000019096 ) ) ;
#2455 = ORIENTED_EDGE ( 'NONE', *, *, #3412, .F. ) ;
#2456 = DIRECTION ( 'NONE',  ( -0.8660254037844383745, -0.5000000000000003331, 0.000000000000000000 ) ) ;
#2457 = EDGE_CURVE ( 'NONE', #782, #5398, #237, .T. ) ;
#2458 = DIRECTION ( 'NONE',  ( 0.000000000000000000, 0.000000000000000000, -1.000000000000000000 ) ) ;
#2459 = DIRECTION ( 'NONE',  ( 1.602468905319637943E-15, 1.000000000000000000, 3.489217355721594252E-17 ) ) ;
#2460 = LINE ( 'NONE', #364, #4022 ) ;
#2461 = ORIENTED_EDGE ( 'NONE', *, *, #2798, .T. ) ;
#2462 = VECTOR ( 'NONE', #4349, 1000.000000000000000 ) ;
#2463 = DIRECTION ( 'NONE',  ( 0.8660254037844388186, 0.4999999999999996669, 0.000000000000000000 ) ) ;
#2464 = ADVANCED_FACE ( 'NONE', ( #6366 ), #1154, .F. ) ;
#2465 = EDGE_CURVE ( 'NONE', #4646, #3161, #2268, .T. ) ;
#2466 = VECTOR ( 'NONE', #6549, 1000.000000000000000 ) ;
#2467 = ADVANCED_FACE ( 'NONE', ( #204 ), #3206, .T. ) ;
#2468 = ORIENTED_EDGE ( 'NONE', *, *, #1275, .T. ) ;
#2469 = CARTESIAN_POINT ( 'NONE',  ( 9.000000000000007105, 70.66987298107780191, 10.00000000000000178 ) ) ;
#2470 = ORIENTED_EDGE ( 'NONE', *, *, #6336, .F. ) ;
#2471 = VECTOR ( 'NONE', #4763, 1000.000000000000114 ) ;
#2472 = ORIENTED_EDGE ( 'NONE', *, *, #3325, .F. ) ;
#2473 = PLANE ( 'NONE',  #4089 ) ;
#2474 = PERSON_AND_ORGANIZATION_ROLE ( 'creator' ) ;
#2475 = EDGE_CURVE ( 'NONE', #6467, #2856, #1123, .T. ) ;
#2476 = ORIENTED_EDGE ( 'NONE', *, *, #2835, .T. ) ;
#2477 = AXIS2_PLACEMENT_3D ( 'NONE', #5218, #5152, #2089 ) ;
#2478 = LINE ( 'NONE', #3519, #3573 ) ;
#2479 = CARTESIAN_POINT ( 'NONE',  ( 77.24999999999998579, 62.44263164512570086, 2.178759140731030384E-15 ) ) ;
#2480 = CARTESIAN_POINT ( 'NONE',  ( 121.4999999999999858, 45.55513627132918941, 10.00000000000000178 ) ) ;
#2481 = VERTEX_POINT ( 'NONE', #5230 ) ;
#2482 = VERTEX_POINT ( 'NONE', #2158 ) ;
#2483 = FACE_OUTER_BOUND ( 'NONE', #3447, .T. ) ;
#2484 = ORIENTED_EDGE ( 'NONE', *, *, #4053, .T. ) ;
#2485 = DIRECTION ( 'NONE',  ( 0.000000000000000000, 0.000000000000000000, -1.000000000000000000 ) ) ;
#2486 = LINE ( 'NONE', #2081, #1121 ) ;
#2487 = FACE_OUTER_BOUND ( 'NONE', #674, .T. ) ;
#2488 = LINE ( 'NONE', #4485, #5982 ) ;
#2489 = VECTOR ( 'NONE', #3534, 1000.000000000000000 ) ;
#2490 = ORIENTED_EDGE ( 'NONE', *, *, #587, .T. ) ;
#2491 = LINE ( 'NONE', #389, #125 ) ;
#2492 = EDGE_CURVE ( 'NONE', #4327, #6531, #4265, .T. ) ;
#2493 = LINE ( 'NONE', #1052, #3025 ) ;
#2494 = CARTESIAN_POINT ( 'NONE',  ( 92.24999999999960210, -202.2374841615670107, 3.000000000000019096 ) ) ;
#2495 = CARTESIAN_POINT ( 'NONE',  ( 113.9999999999999716, 32.56475521456263067, 1.136255090794772180E-15 ) ) ;
#2496 = ORIENTED_EDGE ( 'NONE', *, *, #468, .F. ) ;
#2497 = LINE ( 'NONE', #3936, #1178 ) ;
#2498 = VECTOR ( 'NONE', #5927, 1000.000000000000114 ) ;
#2499 = ORIENTED_EDGE ( 'NONE', *, *, #5723, .F. ) ;
#2500 = DIRECTION ( 'NONE',  ( -0.5000000000000004441, -0.8660254037844383745, -3.021750869380464253E-17 ) ) ;
#2501 = ORIENTED_EDGE ( 'NONE', *, *, #6258, .T. ) ;
#2502 = AXIS2_PLACEMENT_3D ( 'NONE', #754, #226, #6288 ) ;
#2503 = ORIENTED_EDGE ( 'NONE', *, *, #5892, .T. ) ;
#2504 = DIRECTION ( 'NONE',  ( -1.000000000000000000, -0.000000000000000000, 3.318315740031391761E-16 ) ) ;
#2505 = VECTOR ( 'NONE', #4076, 1000.000000000000000 ) ;
#2506 = EDGE_LOOP ( 'NONE', ( #2886, #2263, #1847, #3293 ) ) ;
#2507 = PLANE ( 'NONE',  #3805 ) ;
#2508 = LINE ( 'NONE', #3454, #2397 ) ;
#2509 = AXIS2_PLACEMENT_3D ( 'NONE', #4345, #5305, #5375 ) ;
#2510 = EDGE_CURVE ( 'NONE', #1101, #1390, #2664, .T. ) ;
#2511 = DIRECTION ( 'NONE',  ( -0.000000000000000000, 1.000000000000000000, -0.000000000000000000 ) ) ;
#2512 = EDGE_CURVE ( 'NONE', #2890, #5087, #167, .T. ) ;
#2513 = ORIENTED_EDGE ( 'NONE', *, *, #5805, .F. ) ;
#2514 = ORIENTED_EDGE ( 'NONE', *, *, #4469, .F. ) ;
#2515 = CARTESIAN_POINT ( 'NONE',  ( 112.4999999999999858, 101.4800689266309348, -7.352509501688626159 ) ) ;
#2516 = ORIENTED_EDGE ( 'NONE', *, *, #2929, .T. ) ;
#2517 = CARTESIAN_POINT ( 'NONE',  ( 35.99999999999997868, 83.66025403784443881, 10.00000000000000355 ) ) ;
#2518 = ADVANCED_FACE ( 'NONE', ( #5769 ), #1190, .F. ) ;
#2519 = CARTESIAN_POINT ( 'NONE',  ( 35.99999999999992184, 49.88526329025141592, 10.00000000000000178 ) ) ;
#2520 = CARTESIAN_POINT ( 'NONE',  ( 43.49999999999998579, 70.66987298107788718, 2.465825473322174997E-15 ) ) ;
#2521 = DIRECTION ( 'NONE',  ( -0.8660254037844383745, -0.5000000000000004441, 0.000000000000000000 ) ) ;
#2522 = VECTOR ( 'NONE', #1065, 1000.000000000000000 ) ;
#2523 = AXIS2_PLACEMENT_3D ( 'NONE', #2196, #764, #662 ) ;
#2524 = VERTEX_POINT ( 'NONE', #5802 ) ;
#2525 = CARTESIAN_POINT ( 'NONE',  ( -0.001000000000001000089, 38.99486378953768195, 74.56121421188652221 ) ) ;
#2526 = DIRECTION ( 'NONE',  ( -2.878180107467903577E-32, 1.000000000000000000, -8.673617379884035472E-17 ) ) ;
#2527 = VECTOR ( 'NONE', #6473, 1000.000000000000000 ) ;
#2528 = FACE_OUTER_BOUND ( 'NONE', #3398, .T. ) ;
#2529 = LINE ( 'NONE', #490, #296 ) ;
#2530 = VECTOR ( 'NONE', #3616, 1000.000000000000114 ) ;
#2531 = LINE ( 'NONE', #924, #4550 ) ;
#2532 = VERTEX_POINT ( 'NONE', #3774 ) ;
#2533 = AXIS2_PLACEMENT_3D ( 'NONE', #1550, #6185, #4092 ) ;
#2534 = LINE ( 'NONE', #529, #1824 ) ;
#2535 = AXIS2_PLACEMENT_3D ( 'NONE', #3991, #3862, #2419 ) ;
#2536 = ORIENTED_EDGE ( 'NONE', *, *, #4661, .T. ) ;
#2537 = DIRECTION ( 'NONE',  ( -0.000000000000000000, 3.489217355721594252E-17, -1.000000000000000000 ) ) ;
#2538 = VERTEX_POINT ( 'NONE', #1223 ) ;
#2539 = ORIENTED_EDGE ( 'NONE', *, *, #5569, .T. ) ;
#2540 = CARTESIAN_POINT ( 'NONE',  ( 35.99999999999992184, 66.33974596215564645, 10.00000000000000178 ) ) ;
#2541 = EDGE_CURVE ( 'NONE', #1619, #6134, #1328, .T. ) ;
#2542 = ORIENTED_EDGE ( 'NONE', *, *, #4311, .F. ) ;
#2543 = PLANE ( 'NONE',  #4750 ) ;
#2544 = CARTESIAN_POINT ( 'NONE',  ( 147.0000000000000284, 100.0000000000000000, 90.00000000000001421 ) ) ;
#2545 = LINE ( 'NONE', #2006, #649 ) ;
#2546 = ORIENTED_EDGE ( 'NONE', *, *, #4594, .F. ) ;
#2547 = EDGE_CURVE ( 'NONE', #5162, #4856, #6401, .T. ) ;
#2548 = ORIENTED_EDGE ( 'NONE', *, *, #5975, .F. ) ;
#2549 = LINE ( 'NONE', #2580, #1888 ) ;
#2550 = ADVANCED_FACE ( 'NONE', ( #5408 ), #3972, .T. ) ;
#2551 = VERTEX_POINT ( 'NONE', #6433 ) ;
#2552 = FACE_BOUND ( 'NONE', #931, .T. ) ;
#2553 = EDGE_CURVE ( 'NONE', #1192, #5570, #4871, .T. ) ;
#2554 = DIRECTION ( 'NONE',  ( -1.000000000000000000, -0.000000000000000000, 1.880926496205912652E-16 ) ) ;
#2555 = CARTESIAN_POINT ( 'NONE',  ( 147.0000000000000284, 17.99486378953768551, 74.56121421188652221 ) ) ;
#2556 = ORIENTED_EDGE ( 'NONE', *, *, #3809, .F. ) ;
#2557 = CARTESIAN_POINT ( 'NONE',  ( 141.0000000000000000, 70.66987298107788718, 3.000000000000019096 ) ) ;
#2558 = DIRECTION ( 'NONE',  ( -0.8660254037844387076, -0.4999999999999998890, -1.744608677860796818E-17 ) ) ;
#2559 = DIRECTION ( 'NONE',  ( -0.8660254037844383745, -0.5000000000000003331, -1.744608677860798050E-17 ) ) ;
#2560 = DIRECTION ( 'NONE',  ( -0.8660254037844383745, 0.5000000000000004441, 0.000000000000000000 ) ) ;
#2561 = LINE ( 'NONE', #90, #1461 ) ;
#2562 = ORIENTED_EDGE ( 'NONE', *, *, #819, .F. ) ;
#2563 = PLANE ( 'NONE',  #550 ) ;
#2564 = VECTOR ( 'NONE', #4675, 1000.000000000000000 ) ;
#2565 = EDGE_CURVE ( 'NONE', #3306, #3191, #6006, .T. ) ;
#2566 = ORIENTED_EDGE ( 'NONE', *, *, #5449, .F. ) ;
#2567 = CARTESIAN_POINT ( 'NONE',  ( 38.25000000000000711, 53.78237760728131889, 10.00000000000000178 ) ) ;
#2568 = FACE_OUTER_BOUND ( 'NONE', #3773, .T. ) ;
#2569 = ORIENTED_EDGE ( 'NONE', *, *, #3344, .F. ) ;
#2570 = EDGE_CURVE ( 'NONE', #6134, #3238, #4468, .T. ) ;
#2571 = VERTEX_POINT ( 'NONE', #2399 ) ;
#2572 = CARTESIAN_POINT ( 'NONE',  ( 37.50000000000000711, 100.0000000000000000, 1.639121762966653288E-14 ) ) ;
#2573 = VECTOR ( 'NONE', #1416, 1000.000000000000000 ) ;
#2574 = ADVANCED_FACE ( 'NONE', ( #1867 ), #802, .F. ) ;
#2575 = ORIENTED_EDGE ( 'NONE', *, *, #5102, .F. ) ;
#2576 = CARTESIAN_POINT ( 'NONE',  ( 82.49999999999998579, 79.33012701892224072, 2.768000560260220670E-15 ) ) ;
#2577 = LINE ( 'NONE', #4046, #2714 ) ;
#2578 = ORIENTED_EDGE ( 'NONE', *, *, #2795, .T. ) ;
#2579 = ORIENTED_EDGE ( 'NONE', *, *, #4907, .F. ) ;
#2580 = CARTESIAN_POINT ( 'NONE',  ( 72.74999999999998579, 20.00738685968832087, 10.00000000000000000 ) ) ;
#2581 = VECTOR ( 'NONE', #3628, 1000.000000000000114 ) ;
#2582 = EDGE_LOOP ( 'NONE', ( #6475, #2400, #4862, #4431 ) ) ;
#2583 = LINE ( 'NONE', #5203, #5384 ) ;
#2584 = EDGE_CURVE ( 'NONE', #6081, #334, #5943, .T. ) ;
#2585 = DIRECTION ( 'NONE',  ( -0.000000000000000000, 3.489217355721594252E-17, -1.000000000000000000 ) ) ;
#2586 = CARTESIAN_POINT ( 'NONE',  ( 9.000000000000007105, -202.2374841615668686, 3.000000000000019096 ) ) ;
#2587 = ORIENTED_EDGE ( 'NONE', *, *, #3756, .F. ) ;
#2588 = DIRECTION ( 'NONE',  ( 1.000000000000000000, -0.000000000000000000, 0.000000000000000000 ) ) ;
#2589 = LINE ( 'NONE', #4087, #1061 ) ;
#2590 = CARTESIAN_POINT ( 'NONE',  ( 77.24999999999998579, 62.44263164512570086, 10.00000000000000178 ) ) ;
#2591 = AXIS2_PLACEMENT_3D ( 'NONE', #1548, #5054, #4588 ) ;
#2592 = CARTESIAN_POINT ( 'NONE',  ( 111.7499999999999574, 28.66764089753270994, 10.00000000000000178 ) ) ;
#2593 = ORIENTED_EDGE ( 'NONE', *, *, #5910, .T. ) ;
#2594 = DIRECTION ( 'NONE',  ( -1.000000000000000000, -0.000000000000000000, -0.000000000000000000 ) ) ;
#2595 = EDGE_CURVE ( 'NONE', #3663, #995, #4403, .T. ) ;
#2596 = EDGE_CURVE ( 'NONE', #1676, #5123, #2837, .T. ) ;
#2597 = FACE_OUTER_BOUND ( 'NONE', #6138, .T. ) ;
#2598 = LINE ( 'NONE', #6259, #5710 ) ;
#2599 = VERTEX_POINT ( 'NONE', #932 ) ;
#2600 = AXIS2_PLACEMENT_3D ( 'NONE', #4405, #1967, #869 ) ;
#2601 = EDGE_LOOP ( 'NONE', ( #5456, #4852, #4740, #1025 ) ) ;
#2602 = EDGE_LOOP ( 'NONE', ( #4530, #5159, #2546, #5331 ) ) ;
#2603 = VECTOR ( 'NONE', #345, 1000.000000000000000 ) ;
#2604 = DIRECTION ( 'NONE',  ( 1.602468905319638141E-15, -1.000000000000000000, 0.000000000000000000 ) ) ;
#2605 = LINE ( 'NONE', #5580, #1325 ) ;
#2606 = ORIENTED_EDGE ( 'NONE', *, *, #980, .F. ) ;
#2607 = EDGE_LOOP ( 'NONE', ( #6225, #4399, #1367, #4295, #2430, #2609 ) ) ;
#2608 = CARTESIAN_POINT ( 'NONE',  ( 92.24999999999997158, 28.66764089753272060, 1.000276301672653362E-15 ) ) ;
#2609 = ORIENTED_EDGE ( 'NONE', *, *, #895, .T. ) ;
#2610 = VECTOR ( 'NONE', #4200, 1000.000000000000000 ) ;
#2611 = LINE ( 'NONE', #4549, #6550 ) ;
#2612 = LINE ( 'NONE', #672, #928 ) ;
#2613 = DIRECTION ( 'NONE',  ( -0.8660254037844387076, -0.4999999999999997780, 0.000000000000000000 ) ) ;
#2614 = VERTEX_POINT ( 'NONE', #402 ) ;
#2615 = FACE_OUTER_BOUND ( 'NONE', #715, .T. ) ;
#2616 = CARTESIAN_POINT ( 'NONE',  ( 123.7500000000000426, 49.45225058835912080, 10.00000000000000178 ) ) ;
#2617 = ADVANCED_FACE ( 'NONE', ( #3877 ), #3910, .T. ) ;
#2618 = EDGE_CURVE ( 'NONE', #4116, #4100, #2335, .T. ) ;
#2619 = CARTESIAN_POINT ( 'NONE',  ( 150.0000000000000000, 100.0000000000000000, 3.489217355721594350E-15 ) ) ;
#2620 = CARTESIAN_POINT ( 'NONE',  ( 62.99999999999998579, 70.66987298107788718, 10.00000000000000178 ) ) ;
#2621 = ORIENTED_EDGE ( 'NONE', *, *, #67, .F. ) ;
#2622 = CARTESIAN_POINT ( 'NONE',  ( 33.74999999999997158, 62.44263164512573638, 2.178759140731031568E-15 ) ) ;
#2623 = AXIS2_PLACEMENT_3D ( 'NONE', #3046, #4163, #1621 ) ;
#2624 = ADVANCED_FACE ( 'NONE', ( #5903 ), #4998, .F. ) ;
#2625 = CARTESIAN_POINT ( 'NONE',  ( 28.49999999999999645, 79.33012701892225493, 2.768000560260221065E-15 ) ) ;
#2626 = AXIS2_PLACEMENT_3D ( 'NONE', #5761, #198, #2226 ) ;
#2627 = ADVANCED_FACE ( 'NONE', ( #3941 ), #1395, .F. ) ;
#2628 = DIRECTION ( 'NONE',  ( 0.4999999999999984457, 0.8660254037844395958, 3.021750869380468567E-17 ) ) ;
#2629 = AXIS2_PLACEMENT_3D ( 'NONE', #1806, #4377, #1940 ) ;
#2630 = ORIENTED_EDGE ( 'NONE', *, *, #5437, .T. ) ;
#2631 = AXIS2_PLACEMENT_3D ( 'NONE', #4850, #2319, #1169 ) ;
#2632 = EDGE_LOOP ( 'NONE', ( #2970, #6237, #6273, #2999, #3104, #3059 ) ) ;
#2633 = ORIENTED_EDGE ( 'NONE', *, *, #4541, .F. ) ;
#2634 = CARTESIAN_POINT ( 'NONE',  ( 65.25000000000000000, 66.77275866404791316, 10.00000000000000178 ) ) ;
#2635 = LINE ( 'NONE', #2665, #5377 ) ;
#2636 = ORIENTED_EDGE ( 'NONE', *, *, #1815, .F. ) ;
#2637 = ORIENTED_EDGE ( 'NONE', *, *, #5975, .T. ) ;
#2638 = CARTESIAN_POINT ( 'NONE',  ( 133.4999999999999147, 66.33974596215564645, 10.00000000000000178 ) ) ;
#2639 = EDGE_CURVE ( 'NONE', #6025, #5890, #5470, .T. ) ;
#2640 = ORIENTED_EDGE ( 'NONE', *, *, #4042, .F. ) ;
#2641 = CARTESIAN_POINT ( 'NONE',  ( 37.50000000000000711, 101.4800689266309348, -11.85250950168861195 ) ) ;
#2642 = CARTESIAN_POINT ( 'NONE',  ( 112.4999999999999858, 101.4800689266309348, -7.352509501688626159 ) ) ;
#2643 = DIRECTION ( 'NONE',  ( 0.8660254037844390407, 0.4999999999999992228, 1.744608677860794661E-17 ) ) ;
#2644 = ORIENTED_EDGE ( 'NONE', *, *, #5576, .T. ) ;
#2645 = FACE_OUTER_BOUND ( 'NONE', #3271, .T. ) ;
#2646 = CARTESIAN_POINT ( 'NONE',  ( -117.4223520826015488, 6.340148012446588766, 3.000000000000019096 ) ) ;
#2647 = ORIENTED_EDGE ( 'NONE', *, *, #2863, .T. ) ;
#2648 = ADVANCED_FACE ( 'NONE', ( #2974 ), #4498, .F. ) ;
#2649 = VECTOR ( 'NONE', #358, 1000.000000000000000 ) ;
#2650 = LINE ( 'NONE', #2590, #2293 ) ;
#2651 = CARTESIAN_POINT ( 'NONE',  ( 82.49999999999998579, 70.66987298107788718, 10.00000000000000178 ) ) ;
#2652 = VERTEX_POINT ( 'NONE', #963 ) ;
#2653 = CARTESIAN_POINT ( 'NONE',  ( 37.50000000000000711, 101.4800689266309348, -7.352509501688614613 ) ) ;
#2654 = EDGE_CURVE ( 'NONE', #4914, #6070, #4037, .T. ) ;
#2655 = CARTESIAN_POINT ( 'NONE',  ( 150.0000000000000000, -1.714505518806294283E-14, 140.0000000000000000 ) ) ;
#2656 = EDGE_CURVE ( 'NONE', #5311, #2153, #6131, .T. ) ;
#2657 = VECTOR ( 'NONE', #5175, 1000.000000000000000 ) ;
#2658 = DIRECTION ( 'NONE',  ( 1.000000000000000000, 0.000000000000000000, -3.318315740031391761E-16 ) ) ;
#2659 = ORIENTED_EDGE ( 'NONE', *, *, #1093, .F. ) ;
#2660 = CARTESIAN_POINT ( 'NONE',  ( 40.50000000000000711, 101.4800689266309348, -9.852509501688617277 ) ) ;
#2661 = VERTEX_POINT ( 'NONE', #2625 ) ;
#2662 = EDGE_CURVE ( 'NONE', #2265, #5074, #1466, .T. ) ;
#2663 = EDGE_LOOP ( 'NONE', ( #5733, #551, #1525, #3861, #1616, #1869 ) ) ;
#2664 = LINE ( 'NONE', #3739, #817 ) ;
#2665 = CARTESIAN_POINT ( 'NONE',  ( 0.000000000000000000, -1.714505518806294283E-14, 140.0000000000000000 ) ) ;
#2666 = ORIENTED_EDGE ( 'NONE', *, *, #5915, .T. ) ;
#2667 = PLANE ( 'NONE',  #2278 ) ;
#2668 = EDGE_CURVE ( 'NONE', #5261, #4478, #6159, .T. ) ;
#2669 = PLANE ( 'NONE',  #3388 ) ;
#2670 = ADVANCED_FACE ( 'NONE', ( #2597 ), #5097, .F. ) ;
#2671 = ORIENTED_EDGE ( 'NONE', *, *, #2098, .F. ) ;
#2672 = LINE ( 'NONE', #735, #590 ) ;
#2673 = CARTESIAN_POINT ( 'NONE',  ( 94.49999999999997158, 83.66025403784443881, 2.919088103729243901E-15 ) ) ;
#2674 = DIRECTION ( 'NONE',  ( 0.8660254037844395958, 0.4999999999999982236, 0.000000000000000000 ) ) ;
#2675 = FACE_BOUND ( 'NONE', #4863, .T. ) ;
#2676 = VECTOR ( 'NONE', #454, 1000.000000000000000 ) ;
#2677 = ORIENTED_EDGE ( 'NONE', *, *, #5426, .T. ) ;
#2678 = CARTESIAN_POINT ( 'NONE',  ( -100.1723520826014351, -23.53772841811643701, 3.000000000000019096 ) ) ;
#2679 = CARTESIAN_POINT ( 'NONE',  ( 141.0000000000000000, 36.89488223348483587, 1.287342634263795608E-15 ) ) ;
#2680 = ORIENTED_EDGE ( 'NONE', *, *, #3557, .T. ) ;
#2681 = EDGE_LOOP ( 'NONE', ( #831, #2088, #2215, #1783 ) ) ;
#2682 = LINE ( 'NONE', #3192, #4869 ) ;
#2683 = VECTOR ( 'NONE', #4382, 1000.000000000000000 ) ;
#2684 = DIRECTION ( 'NONE',  ( -0.8660254037844393737, 0.4999999999999985012, 1.744608677860792196E-17 ) ) ;
#2685 = ORIENTED_EDGE ( 'NONE', *, *, #3450, .T. ) ;
#2686 = DIRECTION ( 'NONE',  ( -0.4999999999999996669, -0.8660254037844388186, -3.021750869380465486E-17 ) ) ;
#2687 = ADVANCED_FACE ( 'NONE', ( #6529 ), #4566, .F. ) ;
#2688 = LINE ( 'NONE', #687, #3240 ) ;
#2689 = CARTESIAN_POINT ( 'NONE',  ( 0.000000000000000000, 49.99999999999999289, 90.00000000000001421 ) ) ;
#2690 = CARTESIAN_POINT ( 'NONE',  ( 55.49999999999997868, 83.66025403784443881, 3.000000000000019096 ) ) ;
#2691 = CARTESIAN_POINT ( 'NONE',  ( 104.2500000000000000, 32.99776791645489737, 10.00000000000000178 ) ) ;
#2692 = VERTEX_POINT ( 'NONE', #5540 ) ;
#2693 = DIRECTION ( 'NONE',  ( -0.000000000000000000, 3.489217355721594252E-17, -1.000000000000000000 ) ) ;
#2694 = ORIENTED_EDGE ( 'NONE', *, *, #1363, .F. ) ;
#2695 = ORIENTED_EDGE ( 'NONE', *, *, #2570, .F. ) ;
#2696 = CARTESIAN_POINT ( 'NONE',  ( 115.5473520826014777, -7.299752097158190622, 3.000000000000019096 ) ) ;
#2697 = CARTESIAN_POINT ( 'NONE',  ( 113.9999999999999716, 32.56475521456263067, 10.00000000000000178 ) ) ;
#2698 = VECTOR ( 'NONE', #2504, 1000.000000000000000 ) ;
#2699 = ORIENTED_EDGE ( 'NONE', *, *, #3379, .F. ) ;
#2700 = PLANE ( 'NONE',  #1426 ) ;
#2701 = CARTESIAN_POINT ( 'NONE',  ( 48.00000000000000000, 70.66987298107780191, 2.465825473322171841E-15 ) ) ;
#2702 = VECTOR ( 'NONE', #3108, 1000.000000000000000 ) ;
#2703 = ORIENTED_EDGE ( 'NONE', *, *, #4023, .F. ) ;
#2704 = DIRECTION ( 'NONE',  ( -0.8660254037844370423, 0.5000000000000027756, 1.744608677860807295E-17 ) ) ;
#2705 = EDGE_CURVE ( 'NONE', #3753, #5990, #1057, .T. ) ;
#2706 = CARTESIAN_POINT ( 'NONE',  ( 16.49999999999998579, 83.66025403784443881, 10.00000000000000355 ) ) ;
#2707 = CARTESIAN_POINT ( 'NONE',  ( 121.4999999999999858, 36.89488223348483587, 3.000000000000019096 ) ) ;
#2708 = ADVANCED_FACE ( 'NONE', ( #4531 ), #1526, .F. ) ;
#2709 = DIRECTION ( 'NONE',  ( -0.000000000000000000, 3.489217355721594252E-17, -1.000000000000000000 ) ) ;
#2710 = ORIENTED_EDGE ( 'NONE', *, *, #2654, .T. ) ;
#2711 = EDGE_LOOP ( 'NONE', ( #569, #1713, #6008, #1398 ) ) ;
#2712 = CARTESIAN_POINT ( 'NONE',  ( 33.74999999999997158, 28.66764089753274902, 10.00000000000000178 ) ) ;
#2713 = DIRECTION ( 'NONE',  ( 1.000000000000000000, 0.000000000000000000, -0.000000000000000000 ) ) ;
#2714 = VECTOR ( 'NONE', #1622, 1000.000000000000114 ) ;
#2715 = ADVANCED_FACE ( 'NONE', ( #1026 ), #5127, .F. ) ;
#2716 = ORIENTED_EDGE ( 'NONE', *, *, #774, .F. ) ;
#2717 = ORIENTED_EDGE ( 'NONE', *, *, #3242, .F. ) ;
#2718 = FACE_BOUND ( 'NONE', #1271, .T. ) ;
#2719 = CARTESIAN_POINT ( 'NONE',  ( 74.99999999999998579, 32.56475521456263067, 1.136255090794772180E-15 ) ) ;
#2720 = ORIENTED_EDGE ( 'NONE', *, *, #871, .F. ) ;
#2721 = DIRECTION ( 'NONE',  ( 1.000000000000000000, -0.000000000000000000, -1.437389243825479109E-16 ) ) ;
#2722 = EDGE_CURVE ( 'NONE', #2856, #5141, #5602, .T. ) ;
#2723 = CARTESIAN_POINT ( 'NONE',  ( 101.9999999999999858, 79.33012701892224072, 2.768000560260220670E-15 ) ) ;
#2724 = DIRECTION ( 'NONE',  ( -1.000000000000000000, -0.000000000000000000, 0.000000000000000000 ) ) ;
#2725 = LINE ( 'NONE', #4792, #634 ) ;
#2726 = DIRECTION ( 'NONE',  ( -0.000000000000000000, 3.489217355721594252E-17, -1.000000000000000000 ) ) ;
#2727 = ORIENTED_EDGE ( 'NONE', *, *, #6370, .F. ) ;
#2728 = CARTESIAN_POINT ( 'NONE',  ( 121.4999999999999858, 79.33012701892224072, 10.00000000000000355 ) ) ;
#2729 = ORIENTED_EDGE ( 'NONE', *, *, #3376, .T. ) ;
#2730 = VECTOR ( 'NONE', #5370, 1000.000000000000000 ) ;
#2731 = VECTOR ( 'NONE', #3851, 1000.000000000000000 ) ;
#2732 = ORIENTED_EDGE ( 'NONE', *, *, #4420, .F. ) ;
#2733 = CARTESIAN_POINT ( 'NONE',  ( 77.25000000000001421, 28.66764089753273836, 1.000276301672653954E-15 ) ) ;
#2734 = VECTOR ( 'NONE', #1478, 1000.000000000000114 ) ;
#2735 = EDGE_LOOP ( 'NONE', ( #4768, #285, #3256, #1290 ) ) ;
#2736 = LINE ( 'NONE', #6368, #3135 ) ;
#2737 = AXIS2_PLACEMENT_3D ( 'NONE', #1677, #5753, #1785 ) ;
#2738 = EDGE_CURVE ( 'NONE', #5503, #343, #5663, .T. ) ;
#2739 = CARTESIAN_POINT ( 'NONE',  ( 67.50000000000000000, 45.55513627132927468, 10.00000000000000178 ) ) ;
#2740 = VERTEX_POINT ( 'NONE', #1963 ) ;
#2741 = CARTESIAN_POINT ( 'NONE',  ( 111.7499999999999716, 53.78237760728132599, 3.000000000000019096 ) ) ;
#2742 = CARTESIAN_POINT ( 'NONE',  ( 147.0000000000000284, 2.999999999999985789, 140.0000000000000000 ) ) ;
#2743 = FACE_OUTER_BOUND ( 'NONE', #3430, .T. ) ;
#2744 = EDGE_CURVE ( 'NONE', #5123, #5179, #3005, .T. ) ;
#2745 = CARTESIAN_POINT ( 'NONE',  ( 150.0000000000000000, 49.99999999999999289, 140.0000000000000000 ) ) ;
#2746 = VERTEX_POINT ( 'NONE', #564 ) ;
#2747 = ORIENTED_EDGE ( 'NONE', *, *, #4469, .T. ) ;
#2748 = FACE_BOUND ( 'NONE', #3356, .T. ) ;
#2749 = DIRECTION ( 'NONE',  ( 0.000000000000000000, -1.000000000000000000, 0.000000000000000000 ) ) ;
#2750 = EDGE_CURVE ( 'NONE', #1583, #5507, #4005, .T. ) ;
#2751 = ADVANCED_FACE ( 'NONE', ( #3075 ), #5031, .F. ) ;
#2752 = VERTEX_POINT ( 'NONE', #463 ) ;
#2753 = ORIENTED_EDGE ( 'NONE', *, *, #1813, .T. ) ;
#2754 = FACE_BOUND ( 'NONE', #4487, .T. ) ;
#2755 = FACE_OUTER_BOUND ( 'NONE', #2506, .T. ) ;
#2756 = EDGE_LOOP ( 'NONE', ( #3495, #6219, #3291, #2871 ) ) ;
#2757 = PLANE ( 'NONE',  #1181 ) ;
#2758 = FACE_OUTER_BOUND ( 'NONE', #2711, .T. ) ;
#2759 = EDGE_CURVE ( 'NONE', #3646, #2364, #5571, .T. ) ;
#2760 = VECTOR ( 'NONE', #4389, 1000.000000000000000 ) ;
#2761 = FACE_OUTER_BOUND ( 'NONE', #1810, .T. ) ;
#2762 = DIRECTION ( 'NONE',  ( -0.8660254037844383745, 0.5000000000000004441, 0.000000000000000000 ) ) ;
#2763 = CARTESIAN_POINT ( 'NONE',  ( 77.24999999999998579, 20.00738685968835640, 3.000000000000019096 ) ) ;
#2764 = ORIENTED_EDGE ( 'NONE', *, *, #1463, .T. ) ;
#2765 = CARTESIAN_POINT ( 'NONE',  ( 106.5000000000000000, 45.55513627132927468, 10.00000000000000178 ) ) ;
#2766 = ORIENTED_EDGE ( 'NONE', *, *, #205, .F. ) ;
#2767 = ORIENTED_EDGE ( 'NONE', *, *, #1488, .T. ) ;
#2768 = CARTESIAN_POINT ( 'NONE',  ( 82.49999999999998579, 70.66987298107788718, 2.465825473322174997E-15 ) ) ;
#2769 = EDGE_CURVE ( 'NONE', #4371, #1330, #5, .T. ) ;
#2770 = ORIENTED_EDGE ( 'NONE', *, *, #753, .T. ) ;
#2771 = CARTESIAN_POINT ( 'NONE',  ( 9.000000000000007105, 45.55513627132927468, 10.00000000000000178 ) ) ;
#2772 = VECTOR ( 'NONE', #3999, 1000.000000000000227 ) ;
#2773 = EDGE_CURVE ( 'NONE', #5507, #5997, #5832, .T. ) ;
#2774 = CARTESIAN_POINT ( 'NONE',  ( 131.2500000000000000, 20.00738685968829600, 6.981012147346056181E-16 ) ) ;
#2775 = CARTESIAN_POINT ( 'NONE',  ( 82.49999999999998579, 79.33012701892224072, 2.768000560260220670E-15 ) ) ;
#2776 = LINE ( 'NONE', #4773, #6545 ) ;
#2777 = CARTESIAN_POINT ( 'NONE',  ( 26.24999999999999645, 32.99776791645494001, 10.00000000000000178 ) ) ;
#2778 = DIRECTION ( 'NONE',  ( 0.000000000000000000, 0.000000000000000000, 1.000000000000000000 ) ) ;
#2779 = ORIENTED_EDGE ( 'NONE', *, *, #5131, .T. ) ;
#2780 = EDGE_LOOP ( 'NONE', ( #5966, #896, #3762, #3461 ) ) ;
#2781 = FACE_BOUND ( 'NONE', #4658, .T. ) ;
#2782 = LINE ( 'NONE', #2815, #1158 ) ;
#2783 = VECTOR ( 'NONE', #359, 1000.000000000000000 ) ;
#2784 = ORIENTED_EDGE ( 'NONE', *, *, #6372, .T. ) ;
#2785 = VERTEX_POINT ( 'NONE', #2655 ) ;
#2786 = PLANE ( 'NONE',  #2314 ) ;
#2787 = DIRECTION ( 'NONE',  ( -0.8660254037844387076, -0.4999999999999998890, -1.744608677860796818E-17 ) ) ;
#2788 = ORIENTED_EDGE ( 'NONE', *, *, #3241, .T. ) ;
#2789 = AXIS2_PLACEMENT_3D ( 'NONE', #2480, #5481, #6442 ) ;
#2790 = DIRECTION ( 'NONE',  ( -0.8660254037844388186, 0.4999999999999996114, 1.744608677860794044E-17 ) ) ;
#2791 = CARTESIAN_POINT ( 'NONE',  ( 37.50000000000000711, 101.4800689266309348, -7.352509501688614613 ) ) ;
#2792 = AXIS2_PLACEMENT_3D ( 'NONE', #1988, #6552, #1605 ) ;
#2793 = CARTESIAN_POINT ( 'NONE',  ( 57.75000000000000711, 28.66764089753274547, 10.00000000000000178 ) ) ;
#2794 = CARTESIAN_POINT ( 'NONE',  ( 131.2500000000000000, 53.78237760728131178, 10.00000000000000178 ) ) ;
#2795 = EDGE_CURVE ( 'NONE', #5275, #1460, #5792, .T. ) ;
#2796 = CARTESIAN_POINT ( 'NONE',  ( 72.74999999999998579, 53.78237760728132599, 3.000000000000019096 ) ) ;
#2797 = ORIENTED_EDGE ( 'NONE', *, *, #3848, .F. ) ;
#2798 = EDGE_CURVE ( 'NONE', #2401, #1246, #3730, .T. ) ;
#2799 = FACE_OUTER_BOUND ( 'NONE', #4662, .T. ) ;
#2800 = ORIENTED_EDGE ( 'NONE', *, *, #1680, .T. ) ;
#2801 = EDGE_LOOP ( 'NONE', ( #2248, #51, #4317, #1401 ) ) ;
#2802 = DIRECTION ( 'NONE',  ( 3.204937810639275887E-15, 1.000000000000000000, 3.489217355721593019E-17 ) ) ;
#2803 = VECTOR ( 'NONE', #556, 1000.000000000000000 ) ;
#2804 = ORIENTED_EDGE ( 'NONE', *, *, #1897, .T. ) ;
#2805 = CARTESIAN_POINT ( 'NONE',  ( 67.50000000000000000, 79.33012701892225493, 2.768000560260221065E-15 ) ) ;
#2806 = CARTESIAN_POINT ( 'NONE',  ( 111.7499999999999574, 20.00738685968830310, 6.981012147346058153E-16 ) ) ;
#2807 = DIRECTION ( 'NONE',  ( -0.000000000000000000, 0.000000000000000000, -1.000000000000000000 ) ) ;
#2808 = FACE_OUTER_BOUND ( 'NONE', #538, .T. ) ;
#2809 = LINE ( 'NONE', #3455, #399 ) ;
#2810 = CARTESIAN_POINT ( 'NONE',  ( 109.4999999999999858, 86.48368917940753420, -1.977431711026470815E-14 ) ) ;
#2811 = ORIENTED_EDGE ( 'NONE', *, *, #1674, .T. ) ;
#2812 = VECTOR ( 'NONE', #3578, 1000.000000000000000 ) ;
#2813 = ORIENTED_EDGE ( 'NONE', *, *, #1868, .T. ) ;
#2814 = FACE_BOUND ( 'NONE', #6229, .T. ) ;
#2815 = CARTESIAN_POINT ( 'NONE',  ( 18.74999999999998934, 62.44263164512570086, 2.178759140731030384E-15 ) ) ;
#2816 = ORIENTED_EDGE ( 'NONE', *, *, #333, .F. ) ;
#2817 = FACE_BOUND ( 'NONE', #6342, .T. ) ;
#2818 = VECTOR ( 'NONE', #2537, 1000.000000000000000 ) ;
#2819 = CARTESIAN_POINT ( 'NONE',  ( 77.25000000000000000, 28.66764089753272415, 1.000276301672653362E-15 ) ) ;
#2820 = VERTEX_POINT ( 'NONE', #3766 ) ;
#2821 = CARTESIAN_POINT ( 'NONE',  ( 72.74999999999998579, 53.78237760728132599, 1.876584053792984316E-15 ) ) ;
#2822 = VECTOR ( 'NONE', #5547, 1000.000000000000000 ) ;
#2823 = DIRECTION ( 'NONE',  ( -1.000000000000000000, 0.000000000000000000, 1.437389243825479109E-16 ) ) ;
#2824 = EDGE_CURVE ( 'NONE', #3577, #4778, #4758, .T. ) ;
#2825 = VECTOR ( 'NONE', #1162, 1000.000000000000000 ) ;
#2826 = DIRECTION ( 'NONE',  ( 3.733830479875486994E-32, -1.000000000000000000, 3.304235192336773540E-16 ) ) ;
#2827 = CARTESIAN_POINT ( 'NONE',  ( 150.0000000000000000, 100.0000000000000000, 90.00000000000001421 ) ) ;
#2828 = CARTESIAN_POINT ( 'NONE',  ( 38.25000000000002132, 28.66764089753274902, 1.000276301672654546E-15 ) ) ;
#2829 = EDGE_LOOP ( 'NONE', ( #823, #5045, #2472, #676 ) ) ;
#2830 = EDGE_LOOP ( 'NONE', ( #4183, #5839, #5605, #911 ) ) ;
#2831 = LINE ( 'NONE', #2869, #762 ) ;
#2832 = EDGE_CURVE ( 'NONE', #1634, #5732, #1647, .T. ) ;
#2833 = ORIENTED_EDGE ( 'NONE', *, *, #5892, .F. ) ;
#2834 = ADVANCED_FACE ( 'NONE', ( #4222 ), #3265, .F. ) ;
#2835 = EDGE_CURVE ( 'NONE', #6541, #5503, #94, .T. ) ;
#2836 = EDGE_LOOP ( 'NONE', ( #2035, #5841, #899, #5281 ) ) ;
#2837 = LINE ( 'NONE', #3343, #6453 ) ;
#2838 = AXIS2_PLACEMENT_3D ( 'NONE', #46, #1536, #1567 ) ;
#2839 = ORIENTED_EDGE ( 'NONE', *, *, #2475, .T. ) ;
#2840 = LINE ( 'NONE', #3383, #1627 ) ;
#2841 = PERSON_AND_ORGANIZATION_ROLE ( 'creator' ) ;
#2842 = AXIS2_PLACEMENT_3D ( 'NONE', #655, #2628, #4186 ) ;
#2843 = ORIENTED_EDGE ( 'NONE', *, *, #5773, .T. ) ;
#2844 = CARTESIAN_POINT ( 'NONE',  ( 48.00000000000000000, 45.55513627132927468, 3.000000000000019096 ) ) ;
#2845 = AXIS2_PLACEMENT_3D ( 'NONE', #5808, #276, #4344 ) ;
#2846 = DIRECTION ( 'NONE',  ( -0.8660254037844387076, -0.4999999999999999445, 0.000000000000000000 ) ) ;
#2847 = CARTESIAN_POINT ( 'NONE',  ( 45.75000000000000000, 32.99776791645492580, 1.151363845141677185E-15 ) ) ;
#2848 = VECTOR ( 'NONE', #6524, 1000.000000000000000 ) ;
#2849 = CARTESIAN_POINT ( 'NONE',  ( 23.99999999999999289, -202.2374841615668686, 3.000000000000019096 ) ) ;
#2850 = AXIS2_PLACEMENT_3D ( 'NONE', #60, #3625, #4121 ) ;
#2851 = ORIENTED_EDGE ( 'NONE', *, *, #5451, .F. ) ;
#2852 = ADVANCED_FACE ( 'NONE', ( #3231, #1146, #1215 ), #5220, .T. ) ;
#2853 = EDGE_LOOP ( 'NONE', ( #1670, #5799, #1834, #3510 ) ) ;
#2854 = FACE_BOUND ( 'NONE', #656, .T. ) ;
#2855 = DIRECTION ( 'NONE',  ( -0.000000000000000000, 3.489217355721594252E-17, -1.000000000000000000 ) ) ;
#2856 = VERTEX_POINT ( 'NONE', #653 ) ;
#2857 = FACE_OUTER_BOUND ( 'NONE', #82, .T. ) ;
#2858 = DIRECTION ( 'NONE',  ( 1.602468905319638141E-15, -1.000000000000000000, 0.000000000000000000 ) ) ;
#2859 = ORIENTED_EDGE ( 'NONE', *, *, #3667, .F. ) ;
#2860 = EDGE_CURVE ( 'NONE', #995, #1797, #2117, .T. ) ;
#2861 = DIRECTION ( 'NONE',  ( 0.8660254037844388186, -0.4999999999999996669, 0.000000000000000000 ) ) ;
#2862 = PLANE ( 'NONE',  #6119 ) ;
#2863 = EDGE_CURVE ( 'NONE', #4004, #4352, #5292, .T. ) ;
#2864 = CARTESIAN_POINT ( 'NONE',  ( 113.9999999999999147, 49.88526329025141592, 1.740605264670865696E-15 ) ) ;
#2865 = LINE ( 'NONE', #1422, #6388 ) ;
#2866 = DIRECTION ( 'NONE',  ( -0.000000000000000000, 0.000000000000000000, -1.000000000000000000 ) ) ;
#2867 = ORIENTED_EDGE ( 'NONE', *, *, #694, .T. ) ;
#2868 = ORIENTED_EDGE ( 'NONE', *, *, #1045, .T. ) ;
#2869 = CARTESIAN_POINT ( 'NONE',  ( 74.99999999999998579, 32.56475521456263067, 10.00000000000000178 ) ) ;
#2870 = EDGE_CURVE ( 'NONE', #2752, #5583, #3799, .T. ) ;
#2871 = ORIENTED_EDGE ( 'NONE', *, *, #4151, .F. ) ;
#2872 = DIRECTION ( 'NONE',  ( -0.000000000000000000, 1.000000000000000000, 3.489217355721594868E-17 ) ) ;
#2873 = VECTOR ( 'NONE', #4985, 1000.000000000000114 ) ;
#2874 = EDGE_CURVE ( 'NONE', #4108, #5591, #6256, .T. ) ;
#2875 = VERTEX_POINT ( 'NONE', #5693 ) ;
#2876 = DIRECTION ( 'NONE',  ( 0.8660254037844388186, -0.4999999999999996669, 0.000000000000000000 ) ) ;
#2877 = DIRECTION ( 'NONE',  ( 0.000000000000000000, 0.000000000000000000, 1.000000000000000000 ) ) ;
#2878 = EDGE_LOOP ( 'NONE', ( #2330, #3444, #202, #2436, #635, #3642 ) ) ;
#2879 = DIRECTION ( 'NONE',  ( 1.130013531886300531E-16, 8.673617379884035472E-17, 1.000000000000000000 ) ) ;
#2880 = LINE ( 'NONE', #1371, #5392 ) ;
#2881 = DIRECTION ( 'NONE',  ( 0.000000000000000000, 0.000000000000000000, 1.000000000000000000 ) ) ;
#2882 = ADVANCED_FACE ( 'NONE', ( #2761 ), #4791, .F. ) ;
#2883 = VECTOR ( 'NONE', #5783, 1000.000000000000114 ) ;
#2884 = CARTESIAN_POINT ( 'NONE',  ( 74.99999999999992895, 66.33974596215564645, 10.00000000000000178 ) ) ;
#2885 = ADVANCED_FACE ( 'NONE', ( #126 ), #196, .T. ) ;
#2886 = ORIENTED_EDGE ( 'NONE', *, *, #4724, .T. ) ;
#2887 = VERTEX_POINT ( 'NONE', #5726 ) ;
#2888 = CARTESIAN_POINT ( 'NONE',  ( -97.92235208260161983, -27.43484273514687644, 3.000000000000019096 ) ) ;
#2889 = CARTESIAN_POINT ( 'NONE',  ( 62.99999999999998579, 45.55513627132918941, 1.589517721201841282E-15 ) ) ;
#2890 = VERTEX_POINT ( 'NONE', #1755 ) ;
#2891 = PLANE ( 'NONE',  #1865 ) ;
#2892 = DIRECTION ( 'NONE',  ( 0.000000000000000000, -1.000000000000000000, 0.000000000000000000 ) ) ;
#2893 = DIRECTION ( 'NONE',  ( -1.000000000000000000, -1.602468905319638141E-15, -5.591362316445464709E-32 ) ) ;
#2894 = LINE ( 'NONE', #4986, #2466 ) ;
#2895 = AXIS2_PLACEMENT_3D ( 'NONE', #4977, #348, #3489 ) ;
#2896 = DIRECTION ( 'NONE',  ( 0.8660254037844393737, -0.4999999999999985012, 0.000000000000000000 ) ) ;
#2897 = CARTESIAN_POINT ( 'NONE',  ( 43.49999999999998579, 45.55513627132918941, 1.589517721201841282E-15 ) ) ;
#2898 = LINE ( 'NONE', #1921, #5114 ) ;
#2899 = VECTOR ( 'NONE', #1255, 1000.000000000000000 ) ;
#2900 = LINE ( 'NONE', #1358, #5939 ) ;
#2901 = VERTEX_POINT ( 'NONE', #3300 ) ;
#2902 = EDGE_CURVE ( 'NONE', #5051, #1172, #5325, .T. ) ;
#2903 = CARTESIAN_POINT ( 'NONE',  ( 94.49999999999997158, 83.66025403784443881, 10.00000000000000355 ) ) ;
#2904 = AXIS2_PLACEMENT_3D ( 'NONE', #485, #1418, #523 ) ;
#2905 = ORIENTED_EDGE ( 'NONE', *, *, #1408, .F. ) ;
#2906 = DIRECTION ( 'NONE',  ( -0.000000000000000000, 3.489217355721594252E-17, -1.000000000000000000 ) ) ;
#2907 = ORIENTED_EDGE ( 'NONE', *, *, #3729, .F. ) ;
#2908 = LINE ( 'NONE', #371, #4619 ) ;
#2909 = SECURITY_CLASSIFICATION_LEVEL ( 'unclassified' ) ;
#2910 = ADVANCED_FACE ( 'NONE', ( #4156 ), #5188, .F. ) ;
#2911 = DIRECTION ( 'NONE',  ( -0.5000000000000015543, 0.8660254037844378194, 3.021750869380462404E-17 ) ) ;
#2912 = VECTOR ( 'NONE', #392, 1000.000000000000000 ) ;
#2913 = FACE_OUTER_BOUND ( 'NONE', #2267, .T. ) ;
#2914 = DIRECTION ( 'NONE',  ( -0.8660254037844383745, -0.5000000000000003331, 0.000000000000000000 ) ) ;
#2915 = DIRECTION ( 'NONE',  ( -0.000000000000000000, 3.489217355721594252E-17, -1.000000000000000000 ) ) ;
#2916 = ORIENTED_EDGE ( 'NONE', *, *, #5308, .F. ) ;
#2917 = ORIENTED_EDGE ( 'NONE', *, *, #2860, .F. ) ;
#2918 = DIRECTION ( 'NONE',  ( -0.8660254037844390407, -0.4999999999999992228, -1.744608677860794661E-17 ) ) ;
#2919 = EDGE_CURVE ( 'NONE', #4633, #6467, #3932, .T. ) ;
#2920 = ORIENTED_EDGE ( 'NONE', *, *, #2052, .T. ) ;
#2921 = PLANE ( 'NONE',  #3898 ) ;
#2922 = EDGE_CURVE ( 'NONE', #5890, #156, #4460, .T. ) ;
#2923 = DIRECTION ( 'NONE',  ( -1.000000000000000000, 0.000000000000000000, 1.437389243825479109E-16 ) ) ;
#2924 = FACE_OUTER_BOUND ( 'NONE', #4436, .T. ) ;
#2925 = CARTESIAN_POINT ( 'NONE',  ( 37.50000000000000711, 98.48368917940753420, -10.70984600707936529 ) ) ;
#2926 = VECTOR ( 'NONE', #3708, 1000.000000000000000 ) ;
#2927 = CARTESIAN_POINT ( 'NONE',  ( 57.74999999999999289, 20.00738685968836350, 10.00000000000000000 ) ) ;
#2928 = CARTESIAN_POINT ( 'NONE',  ( 43.49999999999998579, 79.33012701892224072, 2.768000560260220670E-15 ) ) ;
#2929 = EDGE_CURVE ( 'NONE', #3081, #5824, #3965, .T. ) ;
#2930 = VECTOR ( 'NONE', #1905, 1000.000000000000000 ) ;
#2931 = DIRECTION ( 'NONE',  ( -1.000000000000000000, -0.000000000000000000, 0.000000000000000000 ) ) ;
#2932 = CARTESIAN_POINT ( 'NONE',  ( 9.000000000000007105, 70.66987298107780191, 2.465825473322171841E-15 ) ) ;
#2933 = EDGE_CURVE ( 'NONE', #3856, #2661, #5931, .T. ) ;
#2934 = CARTESIAN_POINT ( 'NONE',  ( 53.24999999999997868, 62.44263164512573638, 2.178759140731031568E-15 ) ) ;
#2935 = VERTEX_POINT ( 'NONE', #2897 ) ;
#2936 = CARTESIAN_POINT ( 'NONE',  ( 9.000000000000007105, 36.89488223348482165, 10.00000000000000178 ) ) ;
#2937 = VECTOR ( 'NONE', #1438, 1000.000000000000114 ) ;
#2938 = ORIENTED_EDGE ( 'NONE', *, *, #4366, .F. ) ;
#2939 = DIRECTION ( 'NONE',  ( -0.000000000000000000, 1.000000000000000000, 1.541976423090495140E-16 ) ) ;
#2940 = ORIENTED_EDGE ( 'NONE', *, *, #2257, .T. ) ;
#2941 = ORIENTED_EDGE ( 'NONE', *, *, #4126, .T. ) ;
#2942 = PLANE ( 'NONE',  #4407 ) ;
#2943 = APPROVAL_STATUS ( 'not_yet_approved' ) ;
#2944 = VERTEX_POINT ( 'NONE', #5963 ) ;
#2945 = CARTESIAN_POINT ( 'NONE',  ( 33.74999999999997158, 20.00738685968834218, 3.000000000000019096 ) ) ;
#2946 = CARTESIAN_POINT ( 'NONE',  ( 57.74999999999999289, 20.00738685968836350, 6.981012147346080833E-16 ) ) ;
#2947 = CARTESIAN_POINT ( 'NONE',  ( 6.968463054065929601E-16, 85.06340628446157837, 12.91072832108006807 ) ) ;
#2948 = CARTESIAN_POINT ( 'NONE',  ( 141.0000000000000000, -202.2374841615668686, 3.000000000000019096 ) ) ;
#2949 = EDGE_CURVE ( 'NONE', #998, #6364, #3369, .T. ) ;
#2950 = VERTEX_POINT ( 'NONE', #1317 ) ;
#2951 = VERTEX_POINT ( 'NONE', #4959 ) ;
#2952 = CARTESIAN_POINT ( 'NONE',  ( 37.50000000000000711, 100.0000000000000000, 3.489217355721594350E-15 ) ) ;
#2953 = VECTOR ( 'NONE', #3610, 1000.000000000000000 ) ;
#2954 = VERTEX_POINT ( 'NONE', #2864 ) ;
#2955 = CARTESIAN_POINT ( 'NONE',  ( 72.74999999999998579, 53.78237760728132599, 10.00000000000000178 ) ) ;
#2956 = CIRCLE ( 'NONE', #396, 2.100000000000000977 ) ;
#2957 = EDGE_CURVE ( 'NONE', #5638, #4231, #5863, .T. ) ;
#2958 = VECTOR ( 'NONE', #4308, 1000.000000000000114 ) ;
#2959 = PLANE ( 'NONE',  #3072 ) ;
#2960 = DIRECTION ( 'NONE',  ( -0.000000000000000000, 3.489217355721594252E-17, -1.000000000000000000 ) ) ;
#2961 = CARTESIAN_POINT ( 'NONE',  ( 26.24999999999999645, 15.67725984076617074, 5.470136712655848522E-16 ) ) ;
#2962 = AXIS2_PLACEMENT_3D ( 'NONE', #2163, #4770, #209 ) ;
#2963 = ADVANCED_FACE ( 'NONE', ( #3437 ), #1286, .F. ) ;
#2964 = VERTEX_POINT ( 'NONE', #3871 ) ;
#2965 = DIRECTION ( 'NONE',  ( 0.8660254037844387076, -0.4999999999999997780, 0.000000000000000000 ) ) ;
#2966 = ADVANCED_FACE ( 'NONE', ( #4926 ), #5999, .F. ) ;
#2967 = CARTESIAN_POINT ( 'NONE',  ( 48.00000000000000000, 70.66987298107780191, 2.465825473322171841E-15 ) ) ;
#2968 = DIRECTION ( 'NONE',  ( 0.000000000000000000, 1.000000000000000000, 3.489217355721594868E-17 ) ) ;
#2969 = CARTESIAN_POINT ( 'NONE',  ( 116.2500000000000000, 53.78237760728131889, 1.876584053792984316E-15 ) ) ;
#2970 = ORIENTED_EDGE ( 'NONE', *, *, #3124, .T. ) ;
#2971 = CARTESIAN_POINT ( 'NONE',  ( 33.74999999999997158, 53.78237760728132599, 10.00000000000000178 ) ) ;
#2972 = EDGE_CURVE ( 'NONE', #1705, #3512, #5675, .T. ) ;
#2973 = ORIENTED_EDGE ( 'NONE', *, *, #22, .F. ) ;
#2974 = FACE_OUTER_BOUND ( 'NONE', #2976, .T. ) ;
#2975 = EDGE_LOOP ( 'NONE', ( #2133, #3312, #3179, #514 ) ) ;
#2976 = EDGE_LOOP ( 'NONE', ( #4631, #5416, #4782, #3309 ) ) ;
#2977 = LINE ( 'NONE', #6436, #6216 ) ;
#2978 = PERSON_AND_ORGANIZATION_ROLE ( 'classification_officer' ) ;
#2979 = AXIS2_PLACEMENT_3D ( 'NONE', #5994, #3465, #1949 ) ;
#2980 = EDGE_LOOP ( 'NONE', ( #5160, #4548, #3268, #3007 ) ) ;
#2981 = FACE_OUTER_BOUND ( 'NONE', #861, .T. ) ;
#2982 = CARTESIAN_POINT ( 'NONE',  ( 92.24999999999997158, 53.78237760728132599, 1.876584053792984316E-15 ) ) ;
#2983 = FACE_OUTER_BOUND ( 'NONE', #2830, .T. ) ;
#2984 = EDGE_CURVE ( 'NONE', #5583, #572, #3335, .T. ) ;
#2985 = ORIENTED_EDGE ( 'NONE', *, *, #5569, .F. ) ;
#2986 = EDGE_LOOP ( 'NONE', ( #6394, #1665, #5917, #16 ) ) ;
#2987 = CARTESIAN_POINT ( 'NONE',  ( 113.9999999999999147, 66.33974596215564645, 3.000000000000019096 ) ) ;
#2988 = ORIENTED_EDGE ( 'NONE', *, *, #3044, .F. ) ;
#2989 = FACE_OUTER_BOUND ( 'NONE', #2138, .T. ) ;
#2990 = VECTOR ( 'NONE', #3966, 1000.000000000000000 ) ;
#2991 = LINE ( 'NONE', #4984, #2202 ) ;
#2992 = DIRECTION ( 'NONE',  ( 0.8660254037844383745, -0.5000000000000004441, 0.000000000000000000 ) ) ;
#2993 = FACE_OUTER_BOUND ( 'NONE', #474, .T. ) ;
#2994 = ORIENTED_EDGE ( 'NONE', *, *, #3780, .T. ) ;
#2995 = LINE ( 'NONE', #1889, #5770 ) ;
#2996 = DIRECTION ( 'NONE',  ( 0.5000000000000004441, -0.8660254037844384856, -3.021750869380464253E-17 ) ) ;
#2997 = CYLINDRICAL_SURFACE ( 'NONE', #1919, 4.499999999999997335 ) ;
#2998 = CARTESIAN_POINT ( 'NONE',  ( 106.5000000000000000, 70.66987298107780191, 2.465825473322171841E-15 ) ) ;
#2999 = ORIENTED_EDGE ( 'NONE', *, *, #4788, .T. ) ;
#3000 = VECTOR ( 'NONE', #2109, 1000.000000000000000 ) ;
#3001 = FACE_OUTER_BOUND ( 'NONE', #5671, .T. ) ;
#3002 = AXIS2_PLACEMENT_3D ( 'NONE', #2971, #6099, #5599 ) ;
#3003 = EDGE_CURVE ( 'NONE', #4260, #3646, #1822, .T. ) ;
#3004 = ORIENTED_EDGE ( 'NONE', *, *, #716, .T. ) ;
#3005 = LINE ( 'NONE', #4627, #1965 ) ;
#3006 = EDGE_CURVE ( 'NONE', #343, #1032, #299, .T. ) ;
#3007 = ORIENTED_EDGE ( 'NONE', *, *, #3423, .F. ) ;
#3008 = VECTOR ( 'NONE', #1788, 1000.000000000000000 ) ;
#3009 = ORIENTED_EDGE ( 'NONE', *, *, #2798, .F. ) ;
#3010 = CARTESIAN_POINT ( 'NONE',  ( 62.99999999999998579, 45.55513627132918941, 10.00000000000000178 ) ) ;
#3011 = ORIENTED_EDGE ( 'NONE', *, *, #6287, .F. ) ;
#3012 = AXIS2_PLACEMENT_3D ( 'NONE', #6275, #3824, #6343 ) ;
#3013 = DIRECTION ( 'NONE',  ( -0.000000000000000000, 3.489217355721594252E-17, -1.000000000000000000 ) ) ;
#3014 = CARTESIAN_POINT ( 'NONE',  ( 106.5000000000000000, 36.89488223348482165, 10.00000000000000178 ) ) ;
#3015 = CARTESIAN_POINT ( 'NONE',  ( 2.775557561562891351E-14, 0.000000000000000000, 74.56121421188655063 ) ) ;
#3016 = ORIENTED_EDGE ( 'NONE', *, *, #5154, .T. ) ;
#3017 = ORIENTED_EDGE ( 'NONE', *, *, #4793, .T. ) ;
#3018 = DIRECTION ( 'NONE',  ( 0.8660254037844384856, -0.5000000000000002220, -1.744608677860798050E-17 ) ) ;
#3019 = DESIGN_CONTEXT ( 'detailed design', #6184, 'design' ) ;
#3020 = ORIENTED_EDGE ( 'NONE', *, *, #6493, .T. ) ;
#3021 = CARTESIAN_POINT ( 'NONE',  ( 35.99999999999997868, 83.66025403784443881, 3.000000000000019096 ) ) ;
#3022 = CARTESIAN_POINT ( 'NONE',  ( 92.24999999999997158, 62.44263164512573638, 2.178759140731031568E-15 ) ) ;
#3023 = CARTESIAN_POINT ( 'NONE',  ( 96.75000000000000000, 28.66764089753272771, 10.00000000000000178 ) ) ;
#3024 = DIRECTION ( 'NONE',  ( -0.8660254037844378194, -0.5000000000000015543, 0.000000000000000000 ) ) ;
#3025 = VECTOR ( 'NONE', #954, 1000.000000000000000 ) ;
#3026 = FACE_OUTER_BOUND ( 'NONE', #4786, .T. ) ;
#3027 = ORIENTED_EDGE ( 'NONE', *, *, #2949, .T. ) ;
#3028 = CARTESIAN_POINT ( 'NONE',  ( 126.0000000000000000, 70.66987298107780191, 3.000000000000019096 ) ) ;
#3029 = FACE_OUTER_BOUND ( 'NONE', #2980, .T. ) ;
#3030 = DIRECTION ( 'NONE',  ( -0.000000000000000000, 3.489217355721594252E-17, -1.000000000000000000 ) ) ;
#3031 = CARTESIAN_POINT ( 'NONE',  ( 150.0000000000000000, 2.999999999999982681, 140.0000000000000000 ) ) ;
#3032 = ORIENTED_EDGE ( 'NONE', *, *, #59, .T. ) ;
#3033 = CARTESIAN_POINT ( 'NONE',  ( 35.99999999999997868, 83.66025403784443881, 10.00000000000000355 ) ) ;
#3034 = EDGE_CURVE ( 'NONE', #5018, #4438, #3406, .T. ) ;
#3035 = VECTOR ( 'NONE', #4902, 1000.000000000000000 ) ;
#3036 = ORIENTED_EDGE ( 'NONE', *, *, #3939, .F. ) ;
#3037 = CARTESIAN_POINT ( 'NONE',  ( 38.24999999999999289, 20.00738685968837771, 10.00000000000000000 ) ) ;
#3038 = EDGE_CURVE ( 'NONE', #4380, #6573, #5394, .T. ) ;
#3039 = ORIENTED_EDGE ( 'NONE', *, *, #2639, .F. ) ;
#3040 = ORIENTED_EDGE ( 'NONE', *, *, #1070, .T. ) ;
#3041 = DIRECTION ( 'NONE',  ( 0.000000000000000000, -1.000000000000000000, -3.489217355721593635E-17 ) ) ;
#3042 = ADVANCED_FACE ( 'NONE', ( #6425 ), #1859, .F. ) ;
#3043 = VECTOR ( 'NONE', #6536, 1000.000000000000114 ) ;
#3044 = EDGE_CURVE ( 'NONE', #56, #1078, #4428, .T. ) ;
#3045 = ORIENTED_EDGE ( 'NONE', *, *, #1144, .F. ) ;
#3046 = CARTESIAN_POINT ( 'NONE',  ( 16.49999999999993250, 66.33974596215564645, 10.00000000000000178 ) ) ;
#3047 = DIRECTION ( 'NONE',  ( 0.8660254037844383745, 0.5000000000000004441, 1.744608677860797742E-17 ) ) ;
#3048 = CARTESIAN_POINT ( 'NONE',  ( -0.001000000000001000089, 17.99486378953767840, -1.560805633135799024E-15 ) ) ;
#3049 = ORIENTED_EDGE ( 'NONE', *, *, #4397, .F. ) ;
#3050 = VERTEX_POINT ( 'NONE', #889 ) ;
#3051 = DIRECTION ( 'NONE',  ( -0.000000000000000000, 3.489217355721594252E-17, -1.000000000000000000 ) ) ;
#3052 = VERTEX_POINT ( 'NONE', #6063 ) ;
#3053 = DIRECTION ( 'NONE',  ( 0.000000000000000000, 0.000000000000000000, -1.000000000000000000 ) ) ;
#3054 = DIRECTION ( 'NONE',  ( 0.000000000000000000, 0.000000000000000000, 1.000000000000000000 ) ) ;
#3055 = ADVANCED_FACE ( 'NONE', ( #2528 ), #2021, .F. ) ;
#3056 = LINE ( 'NONE', #5086, #6398 ) ;
#3057 = VECTOR ( 'NONE', #5446, 1000.000000000000114 ) ;
#3058 = VECTOR ( 'NONE', #3481, 1000.000000000000000 ) ;
#3059 = ORIENTED_EDGE ( 'NONE', *, *, #4257, .T. ) ;
#3060 = CARTESIAN_POINT ( 'NONE',  ( 3.000000000000000000, 100.0000000000000000, 3.000000000000019096 ) ) ;
#3061 = CARTESIAN_POINT ( 'NONE',  ( 151.9223520826013214, 55.70359602815969424, 3.000000000000019096 ) ) ;
#3062 = VECTOR ( 'NONE', #6191, 1000.000000000000000 ) ;
#3063 = LINE ( 'NONE', #5091, #5359 ) ;
#3064 = DIRECTION ( 'NONE',  ( 0.4999999999999999445, 0.8660254037844387076, 3.021750869380466102E-17 ) ) ;
#3065 = VECTOR ( 'NONE', #6146, 999.9999999999998863 ) ;
#3066 = ADVANCED_FACE ( 'NONE', ( #6123 ), #1489, .F. ) ;
#3067 = LOCAL_TIME ( 10, 32, 40.00000000000000000, #2439 ) ;
#3068 = CARTESIAN_POINT ( 'NONE',  ( 9.000000000000007105, 45.55513627132927468, 3.000000000000019096 ) ) ;
#3069 = ORIENTED_EDGE ( 'NONE', *, *, #5400, .F. ) ;
#3070 = VECTOR ( 'NONE', #5865, 1000.000000000000114 ) ;
#3071 = LINE ( 'NONE', #4034, #4384 ) ;
#3072 = AXIS2_PLACEMENT_3D ( 'NONE', #5490, #2923, #4885 ) ;
#3073 = EDGE_CURVE ( 'NONE', #19, #5819, #4062, .T. ) ;
#3074 = ORIENTED_EDGE ( 'NONE', *, *, #4788, .F. ) ;
#3075 = FACE_OUTER_BOUND ( 'NONE', #5553, .T. ) ;
#3076 = DIRECTION ( 'NONE',  ( 0.000000000000000000, 0.000000000000000000, -1.000000000000000000 ) ) ;
#3077 = VERTEX_POINT ( 'NONE', #2673 ) ;
#3078 = ORIENTED_EDGE ( 'NONE', *, *, #2255, .T. ) ;
#3079 = DIRECTION ( 'NONE',  ( -1.096449564749676896E-31, 1.000000000000000000, -3.304235192336773540E-16 ) ) ;
#3080 = ADVANCED_FACE ( 'NONE', ( #6093 ), #2053, .F. ) ;
#3081 = VERTEX_POINT ( 'NONE', #3998 ) ;
#3082 = DIRECTION ( 'NONE',  ( 0.8660254037844383745, 0.5000000000000004441, 0.000000000000000000 ) ) ;
#3083 = LINE ( 'NONE', #6167, #799 ) ;
#3084 = ORIENTED_EDGE ( 'NONE', *, *, #562, .F. ) ;
#3085 = ORIENTED_EDGE ( 'NONE', *, *, #378, .T. ) ;
#3086 = DIRECTION ( 'NONE',  ( 0.000000000000000000, -1.000000000000000000, 0.000000000000000000 ) ) ;
#3087 = ORIENTED_EDGE ( 'NONE', *, *, #3385, .F. ) ;
#3088 = DIRECTION ( 'NONE',  ( 0.000000000000000000, 0.000000000000000000, -1.000000000000000000 ) ) ;
#3089 = EDGE_CURVE ( 'NONE', #3175, #918, #2493, .T. ) ;
#3090 = DIRECTION ( 'NONE',  ( -0.000000000000000000, 3.489217355721594252E-17, -1.000000000000000000 ) ) ;
#3091 = EDGE_CURVE ( 'NONE', #5397, #3374, #5021, .T. ) ;
#3092 = DIRECTION ( 'NONE',  ( 1.000000000000000000, 0.000000000000000000, -1.880926496205912652E-16 ) ) ;
#3093 = ORIENTED_EDGE ( 'NONE', *, *, #5630, .F. ) ;
#3094 = CARTESIAN_POINT ( 'NONE',  ( 45.75000000000000000, 49.45225058835914922, 1.725496510323961677E-15 ) ) ;
#3095 = CARTESIAN_POINT ( 'NONE',  ( 101.9999999999999858, 70.66987298107788718, 2.465825473322174997E-15 ) ) ;
#3096 = DIRECTION ( 'NONE',  ( 0.000000000000000000, 0.7460747789757220527, -0.6658621660496468753 ) ) ;
#3097 = DIRECTION ( 'NONE',  ( -0.8660254037844385966, 0.4999999999999998890, 0.000000000000000000 ) ) ;
#3098 = DIRECTION ( 'NONE',  ( -1.954618001100627820E-16, 1.734723475976807094E-16, -1.000000000000000000 ) ) ;
#3099 = ORIENTED_EDGE ( 'NONE', *, *, #531, .T. ) ;
#3100 = CARTESIAN_POINT ( 'NONE',  ( 55.49999999999992184, 66.33974596215564645, 2.314737929853150582E-15 ) ) ;
#3101 = VECTOR ( 'NONE', #5395, 1000.000000000000000 ) ;
#3102 = DIRECTION ( 'NONE',  ( -0.5000000000000021094, -0.8660254037844374864, -3.021750869380461172E-17 ) ) ;
#3103 = LINE ( 'NONE', #565, #6041 ) ;
#3104 = ORIENTED_EDGE ( 'NONE', *, *, #1446, .T. ) ;
#3105 = ORIENTED_EDGE ( 'NONE', *, *, #1299, .F. ) ;
#3106 = VECTOR ( 'NONE', #5274, 1000.000000000000000 ) ;
#3107 = ORIENTED_EDGE ( 'NONE', *, *, #5153, .F. ) ;
#3108 = DIRECTION ( 'NONE',  ( -0.000000000000000000, 1.000000000000000000, 3.489217355721594868E-17 ) ) ;
#3109 = CARTESIAN_POINT ( 'NONE',  ( 116.2499999999999858, 28.66764089753271705, 10.00000000000000178 ) ) ;
#3110 = VECTOR ( 'NONE', #1119, 1000.000000000000000 ) ;
#3111 = ORIENTED_EDGE ( 'NONE', *, *, #1393, .T. ) ;
#3112 = EDGE_CURVE ( 'NONE', #274, #236, #6034, .T. ) ;
#3113 = VERTEX_POINT ( 'NONE', #455 ) ;
#3114 = DIRECTION ( 'NONE',  ( -0.000000000000000000, 3.489217355721594252E-17, -1.000000000000000000 ) ) ;
#3115 = VECTOR ( 'NONE', #5561, 1000.000000000000000 ) ;
#3116 = ORIENTED_EDGE ( 'NONE', *, *, #5944, .F. ) ;
#3117 = CARTESIAN_POINT ( 'NONE',  ( 62.99999999999998579, 36.89488223348483587, 1.287342634263795608E-15 ) ) ;
#3118 = CARTESIAN_POINT ( 'NONE',  ( 23.99999999999999289, 45.55513627132918941, 10.00000000000000178 ) ) ;
#3119 = CARTESIAN_POINT ( 'NONE',  ( 126.0000000000000000, 79.33012701892225493, 10.00000000000000355 ) ) ;
#3120 = ORIENTED_EDGE ( 'NONE', *, *, #4776, .F. ) ;
#3121 = CARTESIAN_POINT ( 'NONE',  ( 113.9999999999999716, 83.66025403784443881, 10.00000000000000355 ) ) ;
#3122 = CARTESIAN_POINT ( 'NONE',  ( 53.24999999999997868, 28.66764089753274192, 1.000276301672654151E-15 ) ) ;
#3123 = ADVANCED_FACE ( 'NONE', ( #425 ), #1667, .F. ) ;
#3124 = EDGE_CURVE ( 'NONE', #354, #199, #3712, .T. ) ;
#3125 = CARTESIAN_POINT ( 'NONE',  ( 150.0010000000000048, 85.06340628446157837, 12.91072832108001656 ) ) ;
#3126 = VECTOR ( 'NONE', #6390, 1000.000000000000000 ) ;
#3127 = DIRECTION ( 'NONE',  ( -1.000000000000000000, -0.000000000000000000, -0.000000000000000000 ) ) ;
#3128 = VERTEX_POINT ( 'NONE', #5594 ) ;
#3129 = PLANE ( 'NONE',  #5996 ) ;
#3130 = EDGE_CURVE ( 'NONE', #2551, #1152, #3063, .T. ) ;
#3131 = DIRECTION ( 'NONE',  ( 1.602468905319638141E-15, -1.000000000000000000, 0.000000000000000000 ) ) ;
#3132 = PLANE ( 'NONE',  #500 ) ;
#3133 = VERTEX_POINT ( 'NONE', #525 ) ;
#3134 = EDGE_CURVE ( 'NONE', #4578, #6318, #1457, .T. ) ;
#3135 = VECTOR ( 'NONE', #169, 1000.000000000000000 ) ;
#3136 = ORIENTED_EDGE ( 'NONE', *, *, #361, .T. ) ;
#3137 = ORIENTED_EDGE ( 'NONE', *, *, #6397, .F. ) ;
#3138 = AXIS2_PLACEMENT_3D ( 'NONE', #2357, #4889, #294 ) ;
#3139 = CARTESIAN_POINT ( 'NONE',  ( 67.50000000000000000, 45.55513627132927468, 3.000000000000019096 ) ) ;
#3140 = VECTOR ( 'NONE', #1498, 1000.000000000000000 ) ;
#3141 = DIRECTION ( 'NONE',  ( 0.8660254037844378194, 0.5000000000000015543, 0.000000000000000000 ) ) ;
#3142 = ORIENTED_EDGE ( 'NONE', *, *, #921, .T. ) ;
#3143 = EDGE_CURVE ( 'NONE', #283, #6467, #922, .T. ) ;
#3144 = ORIENTED_EDGE ( 'NONE', *, *, #2705, .F. ) ;
#3145 = CARTESIAN_POINT ( 'NONE',  ( 111.7499999999999574, 20.00738685968830310, 10.00000000000000000 ) ) ;
#3146 = ORIENTED_EDGE ( 'NONE', *, *, #279, .T. ) ;
#3147 = AXIS2_PLACEMENT_3D ( 'NONE', #4620, #3597, #5055 ) ;
#3148 = DIRECTION ( 'NONE',  ( 0.8660254037844387076, -0.4999999999999998335, -1.744608677860798667E-17 ) ) ;
#3149 = EDGE_CURVE ( 'NONE', #6502, #3485, #29, .T. ) ;
#3150 = CARTESIAN_POINT ( 'NONE',  ( 96.74999999999997158, 20.00738685968834218, 6.981012147346073931E-16 ) ) ;
#3151 = CARTESIAN_POINT ( 'NONE',  ( -85.54735208260144930, -48.86897147881125392, 3.000000000000019096 ) ) ;
#3152 = ORIENTED_EDGE ( 'NONE', *, *, #5236, .F. ) ;
#3153 = ORIENTED_EDGE ( 'NONE', *, *, #6574, .T. ) ;
#3154 = CARTESIAN_POINT ( 'NONE',  ( 82.49999999999998579, 36.89488223348483587, 1.287342634263795608E-15 ) ) ;
#3155 = CARTESIAN_POINT ( 'NONE',  ( 150.0010000000000048, 17.99486378953767840, -2.644850551494523918E-14 ) ) ;
#3156 = EDGE_CURVE ( 'NONE', #4065, #6097, #1308, .T. ) ;
#3157 = ORIENTED_EDGE ( 'NONE', *, *, #5944, .T. ) ;
#3158 = CARTESIAN_POINT ( 'NONE',  ( 23.99999999999999289, 70.66987298107788718, 10.00000000000000178 ) ) ;
#3159 = EDGE_CURVE ( 'NONE', #3776, #2230, #5562, .T. ) ;
#3160 = LINE ( 'NONE', #5216, #2312 ) ;
#3161 = VERTEX_POINT ( 'NONE', #6522 ) ;
#3162 = EDGE_CURVE ( 'NONE', #2095, #2153, #1990, .T. ) ;
#3163 = CARTESIAN_POINT ( 'NONE',  ( 150.0000000000000000, 100.0000000000000000, 3.489217355721594350E-15 ) ) ;
#3164 = VECTOR ( 'NONE', #1839, 1000.000000000000000 ) ;
#3165 = CARTESIAN_POINT ( 'NONE',  ( 126.0000000000000000, 45.55513627132927468, 10.00000000000000178 ) ) ;
#3166 = VECTOR ( 'NONE', #1786, 1000.000000000000114 ) ;
#3167 = ADVANCED_FACE ( 'NONE', ( #3029 ), #5811, .F. ) ;
#3168 = CARTESIAN_POINT ( 'NONE',  ( 33.74999999999997158, -202.2374841615668686, 3.000000000000019096 ) ) ;
#3169 = VECTOR ( 'NONE', #1609, 1000.000000000000000 ) ;
#3170 = ORIENTED_EDGE ( 'NONE', *, *, #5527, .F. ) ;
#3171 = ADVANCED_FACE ( 'NONE', ( #280 ), #1700, .F. ) ;
#3172 = CYLINDRICAL_SURFACE ( 'NONE', #2252, 4.499999999999996447 ) ;
#3173 = VECTOR ( 'NONE', #476, 1000.000000000000000 ) ;
#3174 = ORIENTED_EDGE ( 'NONE', *, *, #5287, .T. ) ;
#3175 = VERTEX_POINT ( 'NONE', #6373 ) ;
#3176 = DIRECTION ( 'NONE',  ( 0.8660254037844387076, -0.4999999999999999445, 0.000000000000000000 ) ) ;
#3177 = DIRECTION ( 'NONE',  ( -1.000000000000000000, 1.602468905319638141E-15, 5.591362316445464709E-32 ) ) ;
#3178 = ORIENTED_EDGE ( 'NONE', *, *, #5036, .F. ) ;
#3179 = ORIENTED_EDGE ( 'NONE', *, *, #5956, .F. ) ;
#3180 = ORIENTED_EDGE ( 'NONE', *, *, #739, .F. ) ;
#3181 = DIRECTION ( 'NONE',  ( -0.000000000000000000, 3.489217355721594252E-17, -1.000000000000000000 ) ) ;
#3182 = EDGE_CURVE ( 'NONE', #401, #2538, #1266, .T. ) ;
#3183 = DIRECTION ( 'NONE',  ( -0.000000000000000000, 3.489217355721594252E-17, -1.000000000000000000 ) ) ;
#3184 = LINE ( 'NONE', #580, #4157 ) ;
#3185 = VERTEX_POINT ( 'NONE', #1805 ) ;
#3186 = ORIENTED_EDGE ( 'NONE', *, *, #5029, .F. ) ;
#3187 = CARTESIAN_POINT ( 'NONE',  ( 101.9999999999999858, 79.33012701892224072, 2.768000560260220670E-15 ) ) ;
#3188 = CARTESIAN_POINT ( 'NONE',  ( 55.49999999999992184, 66.33974596215564645, 3.000000000000019096 ) ) ;
#3189 = ORIENTED_EDGE ( 'NONE', *, *, #5977, .F. ) ;
#3190 = AXIS2_PLACEMENT_3D ( 'NONE', #4886, #2420, #1886 ) ;
#3191 = VERTEX_POINT ( 'NONE', #1302 ) ;
#3192 = CARTESIAN_POINT ( 'NONE',  ( 84.74999999999998579, 49.45225058835914922, 10.00000000000000178 ) ) ;
#3193 = CARTESIAN_POINT ( 'NONE',  ( 84.74999999999998579, 49.45225058835914922, 3.000000000000019096 ) ) ;
#3194 = VERTEX_POINT ( 'NONE', #4346 ) ;
#3195 = DIRECTION ( 'NONE',  ( 0.8660254037844388186, -0.4999999999999996669, 0.000000000000000000 ) ) ;
#3196 = CARTESIAN_POINT ( 'NONE',  ( 48.00000000000000000, 79.33012701892225493, 10.00000000000000355 ) ) ;
#3197 = CARTESIAN_POINT ( 'NONE',  ( 126.0000000000000000, 79.33012701892225493, 2.768000560260221065E-15 ) ) ;
#3198 = VECTOR ( 'NONE', #1636, 1000.000000000000000 ) ;
#3199 = DIRECTION ( 'NONE',  ( 1.000000000000000000, -0.000000000000000000, -1.437389243825479109E-16 ) ) ;
#3200 = ORIENTED_EDGE ( 'NONE', *, *, #1081, .F. ) ;
#3201 = DIRECTION ( 'NONE',  ( 0.8660254037844388186, 0.4999999999999996669, 0.000000000000000000 ) ) ;
#3202 = ORIENTED_EDGE ( 'NONE', *, *, #2457, .F. ) ;
#3203 = EDGE_CURVE ( 'NONE', #1497, #3666, #6304, .T. ) ;
#3204 = EDGE_CURVE ( 'NONE', #5591, #3213, #3850, .T. ) ;
#3205 = ORIENTED_EDGE ( 'NONE', *, *, #3130, .T. ) ;
#3206 = CYLINDRICAL_SURFACE ( 'NONE', #6236, 4.499999999999997335 ) ;
#3207 = CARTESIAN_POINT ( 'NONE',  ( 77.25000000000001421, 53.78237760728131889, 10.00000000000000178 ) ) ;
#3208 = VECTOR ( 'NONE', #6272, 1000.000000000000114 ) ;
#3209 = EDGE_LOOP ( 'NONE', ( #1424, #910, #2917, #465 ) ) ;
#3210 = CARTESIAN_POINT ( 'NONE',  ( 72.74999999999998579, 20.00738685968832087, 6.981012147346066042E-16 ) ) ;
#3211 = ADVANCED_FACE ( 'NONE', ( #212 ), #1231, .F. ) ;
#3212 = DIRECTION ( 'NONE',  ( 0.000000000000000000, 0.000000000000000000, -1.000000000000000000 ) ) ;
#3213 = VERTEX_POINT ( 'NONE', #5846 ) ;
#3214 = AXIS2_PLACEMENT_3D ( 'NONE', #3048, #1187, #164 ) ;
#3215 = LINE ( 'NONE', #6337, #5920 ) ;
#3216 = CARTESIAN_POINT ( 'NONE',  ( 57.75000000000000711, 28.66764089753274547, 1.000276301672654348E-15 ) ) ;
#3217 = CARTESIAN_POINT ( 'NONE',  ( 141.0000000000000000, 79.33012701892224072, 10.00000000000000355 ) ) ;
#3218 = DIRECTION ( 'NONE',  ( -0.8660254037844387076, -0.4999999999999998335, -1.744608677860794044E-17 ) ) ;
#3219 = ORIENTED_EDGE ( 'NONE', *, *, #4128, .T. ) ;
#3220 = VECTOR ( 'NONE', #1681, 1000.000000000000000 ) ;
#3221 = ORIENTED_EDGE ( 'NONE', *, *, #5366, .T. ) ;
#3222 = LINE ( 'NONE', #2084, #2366 ) ;
#3223 = FACE_BOUND ( 'NONE', #3303, .T. ) ;
#3224 = ORIENTED_EDGE ( 'NONE', *, *, #1775, .F. ) ;
#3225 = VERTEX_POINT ( 'NONE', #771 ) ;
#3226 = CARTESIAN_POINT ( 'NONE',  ( 106.5000000000000000, 70.66987298107780191, 10.00000000000000178 ) ) ;
#3227 = PLANE ( 'NONE',  #2112 ) ;
#3228 = ORIENTED_EDGE ( 'NONE', *, *, #384, .T. ) ;
#3229 = FACE_OUTER_BOUND ( 'NONE', #5132, .T. ) ;
#3230 = LINE ( 'NONE', #1033, #6534 ) ;
#3231 = FACE_BOUND ( 'NONE', #6530, .T. ) ;
#3232 = CARTESIAN_POINT ( 'NONE',  ( 141.0000000000000000, 70.66987298107788718, 10.00000000000000178 ) ) ;
#3233 = PLANE ( 'NONE',  #6045 ) ;
#3234 = ORIENTED_EDGE ( 'NONE', *, *, #681, .T. ) ;
#3235 = EDGE_CURVE ( 'NONE', #4856, #4979, #5239, .T. ) ;
#3236 = ORIENTED_EDGE ( 'NONE', *, *, #2162, .T. ) ;
#3237 = ADVANCED_FACE ( 'NONE', ( #2808 ), #671, .F. ) ;
#3238 = VERTEX_POINT ( 'NONE', #4877 ) ;
#3239 = CARTESIAN_POINT ( 'NONE',  ( 55.49999999999997868, 32.56475521456263067, 10.00000000000000178 ) ) ;
#3240 = VECTOR ( 'NONE', #1789, 1000.000000000000000 ) ;
#3241 = EDGE_CURVE ( 'NONE', #1313, #3558, #5376, .T. ) ;
#3242 = EDGE_CURVE ( 'NONE', #1679, #3584, #312, .T. ) ;
#3243 = ORIENTED_EDGE ( 'NONE', *, *, #5315, .F. ) ;
#3244 = CARTESIAN_POINT ( 'NONE',  ( 126.0000000000000000, 79.33012701892225493, 2.768000560260221065E-15 ) ) ;
#3245 = DIRECTION ( 'NONE',  ( -0.000000000000000000, 3.489217355721594252E-17, -1.000000000000000000 ) ) ;
#3246 = AXIS2_PLACEMENT_3D ( 'NONE', #2292, #1856, #2896 ) ;
#3247 = LINE ( 'NONE', #1301, #5161 ) ;
#3248 = CARTESIAN_POINT ( 'NONE',  ( 43.49999999999998579, 45.55513627132918941, 10.00000000000000178 ) ) ;
#3249 = DIRECTION ( 'NONE',  ( 0.000000000000000000, 0.000000000000000000, -1.000000000000000000 ) ) ;
#3250 = CARTESIAN_POINT ( 'NONE',  ( 33.74999999999997158, 53.78237760728132599, 1.876584053792984316E-15 ) ) ;
#3251 = ORIENTED_EDGE ( 'NONE', *, *, #3960, .F. ) ;
#3252 = ORIENTED_EDGE ( 'NONE', *, *, #520, .T. ) ;
#3253 = FACE_BOUND ( 'NONE', #6341, .T. ) ;
#3254 = CARTESIAN_POINT ( 'NONE',  ( -97.92235208260150614, -27.43484273514654248, 3.000000000000019096 ) ) ;
#3255 = VECTOR ( 'NONE', #5911, 1000.000000000000000 ) ;
#3256 = ORIENTED_EDGE ( 'NONE', *, *, #4061, .T. ) ;
#3257 = ORIENTED_EDGE ( 'NONE', *, *, #5107, .F. ) ;
#3258 = EDGE_CURVE ( 'NONE', #6556, #5614, #2343, .T. ) ;
#3259 = PLANE ( 'NONE',  #5406 ) ;
#3260 = CARTESIAN_POINT ( 'NONE',  ( 55.49999999999992184, 49.88526329025140882, 3.000000000000019096 ) ) ;
#3261 = EDGE_LOOP ( 'NONE', ( #3973, #2516, #1798, #535 ) ) ;
#3262 = DIRECTION ( 'NONE',  ( 0.8660254037844383745, 0.5000000000000004441, 1.744608677860797742E-17 ) ) ;
#3263 = DIRECTION ( 'NONE',  ( -0.8660254037844374864, 0.5000000000000021094, 0.000000000000000000 ) ) ;
#3264 = EDGE_CURVE ( 'NONE', #1108, #2061, #3748, .T. ) ;
#3265 = PLANE ( 'NONE',  #2502 ) ;
#3266 = DIRECTION ( 'NONE',  ( -1.000000000000000000, 0.000000000000000000, 0.000000000000000000 ) ) ;
#3267 = CARTESIAN_POINT ( 'NONE',  ( 37.50000000000000711, 101.4800689266309348, -7.352509501688614613 ) ) ;
#3268 = ORIENTED_EDGE ( 'NONE', *, *, #305, .F. ) ;
#3269 = EDGE_CURVE ( 'NONE', #2481, #2935, #5776, .T. ) ;
#3270 = DIRECTION ( 'NONE',  ( -0.000000000000000000, 3.489217355721594252E-17, -1.000000000000000000 ) ) ;
#3271 = EDGE_LOOP ( 'NONE', ( #3085, #318, #2633, #5197 ) ) ;
#3272 = AXIS2_PLACEMENT_3D ( 'NONE', #970, #5578, #6107 ) ;
#3273 = VECTOR ( 'NONE', #1217, 1000.000000000000000 ) ;
#3274 = VECTOR ( 'NONE', #1232, 1000.000000000000000 ) ;
#3275 = EDGE_LOOP ( 'NONE', ( #5881, #5242, #4471, #2659 ) ) ;
#3276 = PLANE ( 'NONE',  #2413 ) ;
#3277 = VECTOR ( 'NONE', #5267, 1000.000000000000000 ) ;
#3278 = ORIENTED_EDGE ( 'NONE', *, *, #1873, .F. ) ;
#3279 = CARTESIAN_POINT ( 'NONE',  ( 3.000000000000002665, 49.99999999999999289, 90.00000000000001421 ) ) ;
#3280 = DIRECTION ( 'NONE',  ( -0.4999999999999996669, 0.8660254037844388186, 3.021750869380465486E-17 ) ) ;
#3281 = VERTEX_POINT ( 'NONE', #2742 ) ;
#3282 = FACE_OUTER_BOUND ( 'NONE', #6052, .T. ) ;
#3283 = CARTESIAN_POINT ( 'NONE',  ( 127.5473520826015914, 13.48485759366826997, 3.000000000000019096 ) ) ;
#3284 = DIRECTION ( 'NONE',  ( -0.000000000000000000, 3.489217355721594252E-17, -1.000000000000000000 ) ) ;
#3285 = LINE ( 'NONE', #1776, #5869 ) ;
#3286 = EDGE_LOOP ( 'NONE', ( #1071, #2448, #603, #5712 ) ) ;
#3287 = ORIENTED_EDGE ( 'NONE', *, *, #1599, .F. ) ;
#3288 = FACE_BOUND ( 'NONE', #4596, .T. ) ;
#3289 = DIRECTION ( 'NONE',  ( 1.130013531886300531E-16, 0.000000000000000000, 1.000000000000000000 ) ) ;
#3290 = EDGE_CURVE ( 'NONE', #1698, #728, #2776, .T. ) ;
#3291 = ORIENTED_EDGE ( 'NONE', *, *, #4874, .F. ) ;
#3292 = EDGE_CURVE ( 'NONE', #4316, #231, #4808, .T. ) ;
#3293 = ORIENTED_EDGE ( 'NONE', *, *, #6365, .F. ) ;
#3294 = CARTESIAN_POINT ( 'NONE',  ( 55.49999999999992184, 66.33974596215564645, 10.00000000000000178 ) ) ;
#3295 = CARTESIAN_POINT ( 'NONE',  ( 23.99999999999999289, 70.66987298107788718, 2.465825473322174997E-15 ) ) ;
#3296 = EDGE_LOOP ( 'NONE', ( #1092, #1500, #4630, #4715 ) ) ;
#3297 = DIRECTION ( 'NONE',  ( 1.000000000000000000, 0.000000000000000000, -1.880926496205912652E-16 ) ) ;
#3298 = CARTESIAN_POINT ( 'NONE',  ( 116.2500000000000000, 53.78237760728131889, 3.000000000000019096 ) ) ;
#3299 = VECTOR ( 'NONE', #1817, 1000.000000000000000 ) ;
#3300 = CARTESIAN_POINT ( 'NONE',  ( 26.24999999999999645, 66.77275866404791316, 3.000000000000019096 ) ) ;
#3301 = DIRECTION ( 'NONE',  ( 0.8660254037844388186, 0.4999999999999996114, 1.744608677860794044E-17 ) ) ;
#3302 = DIRECTION ( 'NONE',  ( -0.4999999999999988343, -0.8660254037844393737, -3.021750869380467951E-17 ) ) ;
#3303 = EDGE_LOOP ( 'NONE', ( #2677, #1161 ) ) ;
#3304 = EDGE_LOOP ( 'NONE', ( #2811, #2468, #6120, #114 ) ) ;
#3305 = DIRECTION ( 'NONE',  ( 1.000000000000000000, 0.000000000000000000, -0.000000000000000000 ) ) ;
#3306 = VERTEX_POINT ( 'NONE', #2274 ) ;
#3307 = ORIENTED_EDGE ( 'NONE', *, *, #1393, .F. ) ;
#3308 = DIRECTION ( 'NONE',  ( -0.000000000000000000, 3.489217355721594252E-17, -1.000000000000000000 ) ) ;
#3309 = ORIENTED_EDGE ( 'NONE', *, *, #229, .F. ) ;
#3310 = CARTESIAN_POINT ( 'NONE',  ( 18.74999999999998934, 28.66764089753276323, 1.000276301672654546E-15 ) ) ;
#3311 = CARTESIAN_POINT ( 'NONE',  ( 74.99999999999992895, 66.33974596215564645, 2.314737929853150582E-15 ) ) ;
#3312 = ORIENTED_EDGE ( 'NONE', *, *, #2596, .T. ) ;
#3313 = DIRECTION ( 'NONE',  ( 1.000000000000000000, -0.000000000000000000, -1.437389243825479109E-16 ) ) ;
#3314 = DIRECTION ( 'NONE',  ( -0.8660254037844383745, 0.5000000000000004441, 0.000000000000000000 ) ) ;
#3315 = LINE ( 'NONE', #637, #820 ) ;
#3316 = VECTOR ( 'NONE', #4739, 1000.000000000000000 ) ;
#3317 = FACE_OUTER_BOUND ( 'NONE', #5469, .T. ) ;
#3318 = EDGE_CURVE ( 'NONE', #2964, #3052, #4307, .T. ) ;
#3319 = ORIENTED_EDGE ( 'NONE', *, *, #1018, .F. ) ;
#3320 = EDGE_LOOP ( 'NONE', ( #6066, #203, #835, #163 ) ) ;
#3321 = CARTESIAN_POINT ( 'NONE',  ( 33.74999999999997158, 20.00738685968834218, 6.981012147346073931E-16 ) ) ;
#3322 = PLANE ( 'NONE',  #2027 ) ;
#3323 = ORIENTED_EDGE ( 'NONE', *, *, #5652, .F. ) ;
#3324 = ORIENTED_EDGE ( 'NONE', *, *, #187, .T. ) ;
#3325 = EDGE_CURVE ( 'NONE', #6313, #2104, #1874, .T. ) ;
#3326 = FACE_BOUND ( 'NONE', #4450, .T. ) ;
#3327 = CARTESIAN_POINT ( 'NONE',  ( 38.24999999999999289, 62.44263164512570086, 2.178759140731030384E-15 ) ) ;
#3328 = ORIENTED_EDGE ( 'NONE', *, *, #1984, .T. ) ;
#3329 = VECTOR ( 'NONE', #5330, 1000.000000000000000 ) ;
#3330 = CARTESIAN_POINT ( 'NONE',  ( 144.7973520826014635, 43.36273402423149292, 3.000000000000019096 ) ) ;
#3331 = EDGE_CURVE ( 'NONE', #4400, #6025, #939, .T. ) ;
#3332 = CARTESIAN_POINT ( 'NONE',  ( 141.0000000000000000, 70.66987298107788718, 10.00000000000000178 ) ) ;
#3333 = EDGE_CURVE ( 'NONE', #728, #5704, #4446, .T. ) ;
#3334 = VECTOR ( 'NONE', #256, 1000.000000000000000 ) ;
#3335 = LINE ( 'NONE', #5360, #4288 ) ;
#3336 = DIRECTION ( 'NONE',  ( -0.8660254037844393737, 0.4999999999999985012, 0.000000000000000000 ) ) ;
#3337 = DIRECTION ( 'NONE',  ( 0.000000000000000000, 0.000000000000000000, -1.000000000000000000 ) ) ;
#3338 = ORIENTED_EDGE ( 'NONE', *, *, #1982, .F. ) ;
#3339 = ORIENTED_EDGE ( 'NONE', *, *, #5400, .T. ) ;
#3340 = CARTESIAN_POINT ( 'NONE',  ( 57.75000000000000711, 28.66764089753274547, 10.00000000000000178 ) ) ;
#3341 = ORIENTED_EDGE ( 'NONE', *, *, #3527, .F. ) ;
#3342 = VERTEX_POINT ( 'NONE', #2375 ) ;
#3343 = CARTESIAN_POINT ( 'NONE',  ( 131.2500000000000000, 53.78237760728131178, 1.876584053792983922E-15 ) ) ;
#3344 = EDGE_CURVE ( 'NONE', #1396, #48, #1214, .T. ) ;
#3345 = AXIS2_PLACEMENT_3D ( 'NONE', #2206, #4240, #1163 ) ;
#3346 = ORIENTED_EDGE ( 'NONE', *, *, #3112, .F. ) ;
#3347 = CARTESIAN_POINT ( 'NONE',  ( 147.0000000000000000, -202.2374841615668686, 3.000000000000019096 ) ) ;
#3348 =( NAMED_UNIT ( * ) SI_UNIT ( $, .STERADIAN. ) SOLID_ANGLE_UNIT ( ) );
#3349 = DIRECTION ( 'NONE',  ( 1.000000000000000000, 0.000000000000000000, -0.000000000000000000 ) ) ;
#3350 = DIRECTION ( 'NONE',  ( -0.000000000000000000, 0.000000000000000000, -1.000000000000000000 ) ) ;
#3351 = CARTESIAN_POINT ( 'NONE',  ( 48.00000000000000000, 70.66987298107780191, 10.00000000000000178 ) ) ;
#3352 = PLANE ( 'NONE',  #6082 ) ;
#3353 = EDGE_CURVE ( 'NONE', #3710, #5541, #5515, .T. ) ;
#3354 = ORIENTED_EDGE ( 'NONE', *, *, #2492, .F. ) ;
#3355 = AXIS2_PLACEMENT_3D ( 'NONE', #1368, #5442, #5907 ) ;
#3356 = EDGE_LOOP ( 'NONE', ( #1709, #6575, #2647, #1555, #2788, #3157 ) ) ;
#3357 = FACE_BOUND ( 'NONE', #1987, .T. ) ;
#3358 = CARTESIAN_POINT ( 'NONE',  ( 96.74999999999926104, -202.2374841615671812, 3.000000000000019096 ) ) ;
#3359 = ORIENTED_EDGE ( 'NONE', *, *, #6207, .F. ) ;
#3360 = PLANE ( 'NONE',  #2535 ) ;
#3361 = VECTOR ( 'NONE', #1999, 1000.000000000000000 ) ;
#3362 = CARTESIAN_POINT ( 'NONE',  ( 53.24999999999997868, 20.00738685968833508, 10.00000000000000000 ) ) ;
#3363 = ORIENTED_EDGE ( 'NONE', *, *, #1969, .T. ) ;
#3364 = CARTESIAN_POINT ( 'NONE',  ( 131.2500000000000000, 62.44263164512583586, 3.000000000000019096 ) ) ;
#3365 = VECTOR ( 'NONE', #5555, 1000.000000000000000 ) ;
#3366 = DIRECTION ( 'NONE',  ( 0.8660254037844387076, -0.4999999999999999445, 0.000000000000000000 ) ) ;
#3367 = EDGE_CURVE ( 'NONE', #5165, #2551, #1906, .T. ) ;
#3368 = VECTOR ( 'NONE', #609, 1000.000000000000000 ) ;
#3369 = LINE ( 'NONE', #1920, #3126 ) ;
#3370 = CARTESIAN_POINT ( 'NONE',  ( 67.50000000000000000, -202.2374841615668686, 3.000000000000019096 ) ) ;
#3371 = EDGE_CURVE ( 'NONE', #1746, #4351, #4955, .T. ) ;
#3372 = CARTESIAN_POINT ( 'NONE',  ( -109.9223520826014493, -6.650233044319886488, 3.000000000000019096 ) ) ;
#3373 = EDGE_LOOP ( 'NONE', ( #2666, #596, #6590, #6274 ) ) ;
#3374 = VERTEX_POINT ( 'NONE', #4012 ) ;
#3375 = DIRECTION ( 'NONE',  ( 0.8660254037844385966, 0.4999999999999998890, 0.000000000000000000 ) ) ;
#3376 = EDGE_CURVE ( 'NONE', #4470, #1795, #5413, .T. ) ;
#3377 = ORIENTED_EDGE ( 'NONE', *, *, #3931, .F. ) ;
#3378 = CARTESIAN_POINT ( 'NONE',  ( 150.0010000000000332, 0.000000000000000000, 74.56121421188649379 ) ) ;
#3379 = EDGE_CURVE ( 'NONE', #4159, #5261, #2407, .T. ) ;
#3380 = VECTOR ( 'NONE', #3047, 1000.000000000000000 ) ;
#3381 = VECTOR ( 'NONE', #5871, 1000.000000000000114 ) ;
#3382 = EDGE_LOOP ( 'NONE', ( #4170, #2843, #3049, #5134 ) ) ;
#3383 = CARTESIAN_POINT ( 'NONE',  ( 133.4999999999999716, 83.66025403784443881, 2.919088103729243901E-15 ) ) ;
#3384 = DATE_TIME_ROLE ( 'classification_date' ) ;
#3385 = EDGE_CURVE ( 'NONE', #6569, #1243, #971, .T. ) ;
#3386 = AXIS2_PLACEMENT_3D ( 'NONE', #6305, #4173, #3249 ) ;
#3387 = FACE_OUTER_BOUND ( 'NONE', #1653, .T. ) ;
#3388 = AXIS2_PLACEMENT_3D ( 'NONE', #5235, #3280, #1159 ) ;
#3389 = DIRECTION ( 'NONE',  ( 1.000000000000000000, -0.000000000000000000, -0.000000000000000000 ) ) ;
#3390 = CARTESIAN_POINT ( 'NONE',  ( 123.7500000000000000, 66.77275866404791316, 2.329846684200054404E-15 ) ) ;
#3391 = VECTOR ( 'NONE', #725, 1000.000000000000000 ) ;
#3392 = DIRECTION ( 'NONE',  ( 0.8660254037844387076, -0.4999999999999998335, -1.744608677860798667E-17 ) ) ;
#3393 = VECTOR ( 'NONE', #3894, 1000.000000000000114 ) ;
#3394 = EDGE_LOOP ( 'NONE', ( #767, #165, #2907, #5421 ) ) ;
#3395 = ORIENTED_EDGE ( 'NONE', *, *, #6105, .F. ) ;
#3396 = FACE_OUTER_BOUND ( 'NONE', #3304, .T. ) ;
#3397 = FACE_OUTER_BOUND ( 'NONE', #3603, .T. ) ;
#3398 = EDGE_LOOP ( 'NONE', ( #4735, #2119, #5466, #4673 ) ) ;
#3399 = ADVANCED_FACE ( 'NONE', ( #3487 ), #5980, .F. ) ;
#3400 = DIRECTION ( 'NONE',  ( 0.000000000000000000, 1.000000000000000000, -3.304235192336773540E-16 ) ) ;
#3401 = FACE_OUTER_BOUND ( 'NONE', #6022, .T. ) ;
#3402 = CARTESIAN_POINT ( 'NONE',  ( 84.74999999999998579, 66.77275866404791316, 2.329846684200054404E-15 ) ) ;
#3403 = LINE ( 'NONE', #5049, #5011 ) ;
#3404 = CARTESIAN_POINT ( 'NONE',  ( 33.74999999999997158, 20.00738685968834218, 10.00000000000000000 ) ) ;
#3405 = LINE ( 'NONE', #5862, #2498 ) ;
#3406 = LINE ( 'NONE', #2359, #1417 ) ;
#3407 = CARTESIAN_POINT ( 'NONE',  ( 53.24999999999997868, 20.00738685968833508, 6.981012147346070972E-16 ) ) ;
#3408 = DIRECTION ( 'NONE',  ( -0.8660254037844388186, 0.4999999999999996114, 1.744608677860794044E-17 ) ) ;
#3409 = ORIENTED_EDGE ( 'NONE', *, *, #5538, .F. ) ;
#3410 = ORIENTED_EDGE ( 'NONE', *, *, #803, .F. ) ;
#3411 = DIRECTION ( 'NONE',  ( 1.000000000000000000, -0.000000000000000000, -3.318315740031391761E-16 ) ) ;
#3412 = EDGE_CURVE ( 'NONE', #1741, #325, #440, .T. ) ;
#3413 = ORIENTED_EDGE ( 'NONE', *, *, #1268, .F. ) ;
#3414 = DIRECTION ( 'NONE',  ( -1.000000000000000000, 0.000000000000000000, 3.318315740031391761E-16 ) ) ;
#3415 = VERTEX_POINT ( 'NONE', #6439 ) ;
#3416 = DIRECTION ( 'NONE',  ( 1.000000000000000000, 0.000000000000000000, -0.000000000000000000 ) ) ;
#3417 = EDGE_CURVE ( 'NONE', #1545, #5162, #473, .T. ) ;
#3418 = ADVANCED_FACE ( 'NONE', ( #346 ), #4475, .F. ) ;
#3419 = EDGE_LOOP ( 'NONE', ( #3234, #5779 ) ) ;
#3420 = LINE ( 'NONE', #1472, #266 ) ;
#3421 = DIRECTION ( 'NONE',  ( 0.8660254037844387076, -0.4999999999999998335, -1.744608677860798667E-17 ) ) ;
#3422 = FACE_OUTER_BOUND ( 'NONE', #2100, .T. ) ;
#3423 = EDGE_CURVE ( 'NONE', #2524, #1447, #2508, .T. ) ;
#3424 = VECTOR ( 'NONE', #2968, 1000.000000000000000 ) ;
#3425 = DIRECTION ( 'NONE',  ( 0.000000000000000000, -1.000000000000000000, 0.000000000000000000 ) ) ;
#3426 = ORIENTED_EDGE ( 'NONE', *, *, #4233, .T. ) ;
#3427 = ORIENTED_EDGE ( 'NONE', *, *, #3412, .T. ) ;
#3428 = DIRECTION ( 'NONE',  ( 1.000000000000000000, 0.000000000000000000, 0.000000000000000000 ) ) ;
#3429 = EDGE_CURVE ( 'NONE', #4778, #1497, #4540, .T. ) ;
#3430 = EDGE_LOOP ( 'NONE', ( #3632, #626, #5151, #901 ) ) ;
#3431 = LINE ( 'NONE', #2955, #5912 ) ;
#3432 = FACE_OUTER_BOUND ( 'NONE', #3286, .T. ) ;
#3433 = LINE ( 'NONE', #5424, #2873 ) ;
#3434 = DIRECTION ( 'NONE',  ( -1.000000000000000000, -0.000000000000000000, 0.000000000000000000 ) ) ;
#3435 = AXIS2_PLACEMENT_3D ( 'NONE', #5709, #4672, #4614 ) ;
#3436 = LINE ( 'NONE', #6060, #2676 ) ;
#3437 = FACE_OUTER_BOUND ( 'NONE', #3770, .T. ) ;
#3438 = DIRECTION ( 'NONE',  ( -0.4999999999999985567, -0.8660254037844394848, -3.021750869380467951E-17 ) ) ;
#3439 = VECTOR ( 'NONE', #1761, 1000.000000000000114 ) ;
#3440 = CARTESIAN_POINT ( 'NONE',  ( 23.99999999999999289, 79.33012701892224072, 2.768000560260220670E-15 ) ) ;
#3441 = ORIENTED_EDGE ( 'NONE', *, *, #1984, .F. ) ;
#3442 = CARTESIAN_POINT ( 'NONE',  ( 126.0000000000000000, 79.33012701892225493, 3.000000000000019096 ) ) ;
#3443 = AXIS2_PLACEMENT_3D ( 'NONE', #686, #2183, #6220 ) ;
#3444 = ORIENTED_EDGE ( 'NONE', *, *, #5723, .T. ) ;
#3445 = ADVANCED_FACE ( 'NONE', ( #3884 ), #875, .F. ) ;
#3446 = DIRECTION ( 'NONE',  ( 0.8660254037844383745, 0.5000000000000003331, 0.000000000000000000 ) ) ;
#3447 = EDGE_LOOP ( 'NONE', ( #2630, #2867, #4993, #438 ) ) ;
#3448 = ORIENTED_EDGE ( 'NONE', *, *, #1639, .T. ) ;
#3449 = CARTESIAN_POINT ( 'NONE',  ( 92.24999999999997158, 62.44263164512573638, 10.00000000000000178 ) ) ;
#3450 = EDGE_CURVE ( 'NONE', #2251, #3081, #2880, .T. ) ;
#3451 = DIRECTION ( 'NONE',  ( -0.8660254037844383745, 0.5000000000000004441, 1.744608677860799899E-17 ) ) ;
#3452 = VECTOR ( 'NONE', #2846, 999.9999999999998863 ) ;
#3453 = ADVANCED_FACE ( 'NONE', ( #2913 ), #5164, .F. ) ;
#3454 = CARTESIAN_POINT ( 'NONE',  ( -93.04735208260149193, -35.87859042204483018, 3.000000000000019096 ) ) ;
#3455 = CARTESIAN_POINT ( 'NONE',  ( 122.6723520826012077, 5.041109906770369520, 3.000000000000019096 ) ) ;
#3456 = EDGE_CURVE ( 'NONE', #199, #2901, #6141, .T. ) ;
#3457 = DIRECTION ( 'NONE',  ( 0.8660254037844383745, 0.5000000000000004441, 1.744608677860797742E-17 ) ) ;
#3458 = ORIENTED_EDGE ( 'NONE', *, *, #2596, .F. ) ;
#3459 = ORIENTED_EDGE ( 'NONE', *, *, #2282, .T. ) ;
#3460 = LINE ( 'NONE', #352, #4974 ) ;
#3461 = ORIENTED_EDGE ( 'NONE', *, *, #4587, .F. ) ;
#3462 = FACE_OUTER_BOUND ( 'NONE', #3296, .T. ) ;
#3463 = CC_DESIGN_PERSON_AND_ORGANIZATION_ASSIGNMENT ( #3914, #5411, ( #1445 ) ) ;
#3464 = DIRECTION ( 'NONE',  ( -1.602468905319637943E-15, 1.000000000000000000, 3.489217355721594252E-17 ) ) ;
#3465 = DIRECTION ( 'NONE',  ( 1.000000000000000000, -0.000000000000000000, -1.437389243825479109E-16 ) ) ;
#3466 = LINE ( 'NONE', #983, #228 ) ;
#3467 = VECTOR ( 'NONE', #5373, 1000.000000000000000 ) ;
#3468 = ORIENTED_EDGE ( 'NONE', *, *, #5489, .T. ) ;
#3469 = LINE ( 'NONE', #4059, #766 ) ;
#3470 = VECTOR ( 'NONE', #13, 1000.000000000000000 ) ;
#3471 = VECTOR ( 'NONE', #4720, 1000.000000000000000 ) ;
#3472 = CARTESIAN_POINT ( 'NONE',  ( 28.49999999999999645, 79.33012701892225493, 10.00000000000000355 ) ) ;
#3473 = CARTESIAN_POINT ( 'NONE',  ( 133.4999999999999716, 83.66025403784445302, 2.919088103729243901E-15 ) ) ;
#3474 = CARTESIAN_POINT ( 'NONE',  ( 101.9999999999999858, 36.89488223348483587, 3.000000000000019096 ) ) ;
#3475 = ORIENTED_EDGE ( 'NONE', *, *, #4035, .F. ) ;
#3476 = DIRECTION ( 'NONE',  ( 1.000000000000000000, 0.000000000000000000, 0.000000000000000000 ) ) ;
#3477 = ADVANCED_FACE ( 'NONE', ( #601 ), #4107, .F. ) ;
#3478 = VECTOR ( 'NONE', #5149, 1000.000000000000000 ) ;
#3479 = ORIENTED_EDGE ( 'NONE', *, *, #4724, .F. ) ;
#3480 = EDGE_CURVE ( 'NONE', #4100, #2061, #3083, .T. ) ;
#3481 = DIRECTION ( 'NONE',  ( -0.8660254037844388186, 0.4999999999999996114, 1.744608677860794044E-17 ) ) ;
#3482 = ORIENTED_EDGE ( 'NONE', *, *, #555, .T. ) ;
#3483 = ORIENTED_EDGE ( 'NONE', *, *, #3003, .T. ) ;
#3484 = DIRECTION ( 'NONE',  ( 0.000000000000000000, 0.000000000000000000, 1.000000000000000000 ) ) ;
#3485 = VERTEX_POINT ( 'NONE', #1505 ) ;
#3486 = CARTESIAN_POINT ( 'NONE',  ( 144.7973520826014067, 43.36273402423149292, 3.000000000000019096 ) ) ;
#3487 = FACE_OUTER_BOUND ( 'NONE', #3655, .T. ) ;
#3488 = CARTESIAN_POINT ( 'NONE',  ( 116.2499999999999858, 28.66764089753271705, 10.00000000000000178 ) ) ;
#3489 = DIRECTION ( 'NONE',  ( 0.8660254037844383745, 0.5000000000000003331, 0.000000000000000000 ) ) ;
#3490 = EDGE_LOOP ( 'NONE', ( #4205, #501, #2411, #2938 ) ) ;
#3491 = ORIENTED_EDGE ( 'NONE', *, *, #2933, .F. ) ;
#3492 = CARTESIAN_POINT ( 'NONE',  ( 65.25000000000000000, 15.67725984076614942, 5.470136712655840633E-16 ) ) ;
#3493 = VECTOR ( 'NONE', #2906, 1000.000000000000000 ) ;
#3494 = CC_DESIGN_SECURITY_CLASSIFICATION ( #3695, ( #6356 ) ) ;
#3495 = ORIENTED_EDGE ( 'NONE', *, *, #5608, .T. ) ;
#3496 = DIRECTION ( 'NONE',  ( 0.000000000000000000, -3.304235192336773540E-16, -1.000000000000000000 ) ) ;
#3497 = VECTOR ( 'NONE', #2726, 1000.000000000000000 ) ;
#3498 = VECTOR ( 'NONE', #1335, 1000.000000000000114 ) ;
#3499 = CARTESIAN_POINT ( 'NONE',  ( 18.75000000000000355, 28.66764089753276679, 10.00000000000000178 ) ) ;
#3500 = LINE ( 'NONE', #5459, #2336 ) ;
#3501 = CARTESIAN_POINT ( 'NONE',  ( 141.0000000000000000, 45.55513627132918941, 10.00000000000000178 ) ) ;
#3502 = AXIS2_PLACEMENT_3D ( 'NONE', #2382, #416, #4916 ) ;
#3503 = ORIENTED_EDGE ( 'NONE', *, *, #5113, .F. ) ;
#3504 = LINE ( 'NONE', #1454, #3644 ) ;
#3505 = ADVANCED_FACE ( 'NONE', ( #4605 ), #5670, .F. ) ;
#3506 = EDGE_CURVE ( 'NONE', #2333, #4312, #5613, .T. ) ;
#3507 = CARTESIAN_POINT ( 'NONE',  ( 92.24999999999997158, 28.66764089753272060, 10.00000000000000178 ) ) ;
#3508 = DIRECTION ( 'NONE',  ( -0.000000000000000000, 3.489217355721594252E-17, -1.000000000000000000 ) ) ;
#3509 = DIRECTION ( 'NONE',  ( -0.000000000000000000, 3.489217355721594252E-17, -1.000000000000000000 ) ) ;
#3510 = ORIENTED_EDGE ( 'NONE', *, *, #1030, .T. ) ;
#3511 = DIRECTION ( 'NONE',  ( 1.000000000000000000, 0.000000000000000000, -0.000000000000000000 ) ) ;
#3512 = VERTEX_POINT ( 'NONE', #2544 ) ;
#3513 = CARTESIAN_POINT ( 'NONE',  ( 9.000000000000007105, 36.89488223348482165, 10.00000000000000178 ) ) ;
#3514 = ORIENTED_EDGE ( 'NONE', *, *, #279, .F. ) ;
#3515 = EDGE_LOOP ( 'NONE', ( #146, #4081, #86, #462, #3236, #3174 ) ) ;
#3516 = CARTESIAN_POINT ( 'NONE',  ( 94.49999999999997158, 83.66025403784443881, 2.919088103729243901E-15 ) ) ;
#3517 = VECTOR ( 'NONE', #3301, 1000.000000000000000 ) ;
#3518 = ORIENTED_EDGE ( 'NONE', *, *, #5836, .T. ) ;
#3519 = CARTESIAN_POINT ( 'NONE',  ( 3.000000000000002665, 17.99486378953767840, -9.837193594863434130E-15 ) ) ;
#3520 = CARTESIAN_POINT ( 'NONE',  ( 40.50000000000000711, 101.4800689266309348, -7.352509501688614613 ) ) ;
#3521 = ORIENTED_EDGE ( 'NONE', *, *, #5880, .F. ) ;
#3522 = ORIENTED_EDGE ( 'NONE', *, *, #562, .T. ) ;
#3523 = LINE ( 'NONE', #5646, #6049 ) ;
#3524 = ORIENTED_EDGE ( 'NONE', *, *, #1601, .F. ) ;
#3525 = CARTESIAN_POINT ( 'NONE',  ( 94.49999999999997158, 32.56475521456263067, 10.00000000000000178 ) ) ;
#3526 = AXIS2_PLACEMENT_3D ( 'NONE', #3155, #2526, #1080 ) ;
#3527 = EDGE_CURVE ( 'NONE', #2820, #210, #5196, .T. ) ;
#3528 = DIRECTION ( 'NONE',  ( -0.8660254037844370423, 0.5000000000000027756, 0.000000000000000000 ) ) ;
#3529 = CARTESIAN_POINT ( 'NONE',  ( 113.9999999999999005, 49.88526329025138040, 3.000000000000019096 ) ) ;
#3530 = CARTESIAN_POINT ( 'NONE',  ( 55.49999999999992184, 49.88526329025141592, 10.00000000000000178 ) ) ;
#3531 = VERTEX_POINT ( 'NONE', #14 ) ;
#3532 = DIRECTION ( 'NONE',  ( 0.000000000000000000, 0.000000000000000000, -1.000000000000000000 ) ) ;
#3533 = EDGE_CURVE ( 'NONE', #4033, #5080, #2605, .T. ) ;
#3534 = DIRECTION ( 'NONE',  ( -0.000000000000000000, 3.489217355721594252E-17, -1.000000000000000000 ) ) ;
#3535 = CARTESIAN_POINT ( 'NONE',  ( 116.2500000000000000, 53.78237760728131889, 1.876584053792984316E-15 ) ) ;
#3536 = EDGE_CURVE ( 'NONE', #4936, #666, #2635, .T. ) ;
#3537 = CARTESIAN_POINT ( 'NONE',  ( 55.49999999999992184, 66.33974596215564645, 2.314737929853150582E-15 ) ) ;
#3538 = ORIENTED_EDGE ( 'NONE', *, *, #4621, .F. ) ;
#3539 = VECTOR ( 'NONE', #3983, 1000.000000000000000 ) ;
#3540 = ADVANCED_FACE ( 'NONE', ( #4664 ), #4635, .F. ) ;
#3541 = CARTESIAN_POINT ( 'NONE',  ( 40.50000000000000711, 100.0000000000000000, 3.489217355721594350E-15 ) ) ;
#3542 = VECTOR ( 'NONE', #5837, 1000.000000000000114 ) ;
#3543 = VERTEX_POINT ( 'NONE', #104 ) ;
#3544 = CARTESIAN_POINT ( 'NONE',  ( 92.24999999999995737, 20.00738685968831732, 10.00000000000000000 ) ) ;
#3545 = ORIENTED_EDGE ( 'NONE', *, *, #6437, .F. ) ;
#3546 = VECTOR ( 'NONE', #1134, 1000.000000000000000 ) ;
#3547 = ORIENTED_EDGE ( 'NONE', *, *, #3853, .F. ) ;
#3548 = DIRECTION ( 'NONE',  ( -0.8660254037844383745, 0.5000000000000004441, 1.744608677860799899E-17 ) ) ;
#3549 = EDGE_CURVE ( 'NONE', #1640, #252, #4693, .T. ) ;
#3550 = VERTEX_POINT ( 'NONE', #2126 ) ;
#3551 = DIRECTION ( 'NONE',  ( -1.000000000000000000, 0.000000000000000000, 0.000000000000000000 ) ) ;
#3552 = CARTESIAN_POINT ( 'NONE',  ( -73.54735208260149193, -69.65358116963766122, 3.000000000000019096 ) ) ;
#3553 = LINE ( 'NONE', #2728, #6088 ) ;
#3554 = ORIENTED_EDGE ( 'NONE', *, *, #1639, .F. ) ;
#3555 = ORIENTED_EDGE ( 'NONE', *, *, #3235, .T. ) ;
#3556 = LINE ( 'NONE', #5340, #6147 ) ;
#3557 = EDGE_CURVE ( 'NONE', #2571, #6302, #4136, .T. ) ;
#3558 = VERTEX_POINT ( 'NONE', #540 ) ;
#3559 = DIRECTION ( 'NONE',  ( 1.000000000000000000, 0.000000000000000000, 0.000000000000000000 ) ) ;
#3560 = EDGE_CURVE ( 'NONE', #2571, #6178, #6199, .T. ) ;
#3561 = FACE_OUTER_BOUND ( 'NONE', #2853, .T. ) ;
#3562 = LINE ( 'NONE', #1544, #3961 ) ;
#3563 = ORIENTED_EDGE ( 'NONE', *, *, #3241, .F. ) ;
#3564 = CARTESIAN_POINT ( 'NONE',  ( 84.74999999999998579, 32.99776791645491159, 1.151363845141676593E-15 ) ) ;
#3565 = CARTESIAN_POINT ( 'NONE',  ( 18.74999999999998934, 20.00738685968838482, 6.981012147346087736E-16 ) ) ;
#3566 = VECTOR ( 'NONE', #6564, 1000.000000000000000 ) ;
#3567 = DIRECTION ( 'NONE',  ( -0.8660254037844383745, 0.5000000000000004441, 1.744608677860799899E-17 ) ) ;
#3568 = DIRECTION ( 'NONE',  ( 1.602468905319637943E-15, 1.000000000000000000, 3.489217355721593019E-17 ) ) ;
#3569 = DIRECTION ( 'NONE',  ( -0.000000000000000000, 3.489217355721594252E-17, -1.000000000000000000 ) ) ;
#3570 = VERTEX_POINT ( 'NONE', #1592 ) ;
#3571 = DIRECTION ( 'NONE',  ( 0.8660254037844379305, -0.5000000000000011102, 0.000000000000000000 ) ) ;
#3572 = EDGE_CURVE ( 'NONE', #3922, #3942, #2577, .T. ) ;
#3573 = VECTOR ( 'NONE', #2879, 1000.000000000000000 ) ;
#3574 = ORIENTED_EDGE ( 'NONE', *, *, #5813, .F. ) ;
#3575 = CARTESIAN_POINT ( 'NONE',  ( 0.000000000000000000, 99.99999999999998579, 90.00000000000001421 ) ) ;
#3576 = ORIENTED_EDGE ( 'NONE', *, *, #3778, .F. ) ;
#3577 = VERTEX_POINT ( 'NONE', #1124 ) ;
#3578 = DIRECTION ( 'NONE',  ( -0.000000000000000000, 3.489217355721594252E-17, -1.000000000000000000 ) ) ;
#3579 = VECTOR ( 'NONE', #4908, 1000.000000000000000 ) ;
#3580 = EDGE_CURVE ( 'NONE', #5638, #5560, #6076, .T. ) ;
#3581 = ORIENTED_EDGE ( 'NONE', *, *, #5451, .T. ) ;
#3582 = CARTESIAN_POINT ( 'NONE',  ( 131.2500000000000000, 28.66764089753271350, 3.000000000000019096 ) ) ;
#3583 = DIRECTION ( 'NONE',  ( -0.8660254037844374864, 0.5000000000000021094, 1.744608677860804213E-17 ) ) ;
#3584 = VERTEX_POINT ( 'NONE', #2037 ) ;
#3585 = ORIENTED_EDGE ( 'NONE', *, *, #2340, .F. ) ;
#3586 = CARTESIAN_POINT ( 'NONE',  ( 113.9999999999999716, 32.56475521456263067, 1.136255090794772180E-15 ) ) ;
#3587 = VERTEX_POINT ( 'NONE', #5105 ) ;
#3588 = CARTESIAN_POINT ( 'NONE',  ( 147.0000000000000000, -202.2374841615668686, 3.000000000000019096 ) ) ;
#3589 = PLANE ( 'NONE',  #1559 ) ;
#3590 = FACE_OUTER_BOUND ( 'NONE', #1809, .T. ) ;
#3591 = VECTOR ( 'NONE', #5062, 1000.000000000000114 ) ;
#3592 = VERTEX_POINT ( 'NONE', #1005 ) ;
#3593 = LINE ( 'NONE', #5626, #5028 ) ;
#3594 = LINE ( 'NONE', #6180, #6277 ) ;
#3595 = EDGE_CURVE ( 'NONE', #4967, #5900, #1037, .T. ) ;
#3596 = CARTESIAN_POINT ( 'NONE',  ( 94.49999999999997158, 32.56475521456263067, 1.136255090794772180E-15 ) ) ;
#3597 = DIRECTION ( 'NONE',  ( 0.000000000000000000, -1.000000000000000000, -1.224646799147352961E-16 ) ) ;
#3598 = VECTOR ( 'NONE', #2041, 1000.000000000000000 ) ;
#3599 = LINE ( 'NONE', #2023, #1659 ) ;
#3600 = ORIENTED_EDGE ( 'NONE', *, *, #2162, .F. ) ;
#3601 = LINE ( 'NONE', #3660, #1402 ) ;
#3602 = VECTOR ( 'NONE', #1380, 1000.000000000000114 ) ;
#3603 = EDGE_LOOP ( 'NONE', ( #423, #1094, #1530, #1538 ) ) ;
#3604 = DIRECTION ( 'NONE',  ( 0.000000000000000000, -1.000000000000000000, 0.000000000000000000 ) ) ;
#3605 = CARTESIAN_POINT ( 'NONE',  ( 35.99999999999992184, 66.33974596215564645, 2.314737929853150582E-15 ) ) ;
#3606 = VERTEX_POINT ( 'NONE', #663 ) ;
#3607 = EDGE_CURVE ( 'NONE', #4108, #5051, #1155, .T. ) ;
#3608 = ORIENTED_EDGE ( 'NONE', *, *, #3549, .F. ) ;
#3609 = ORIENTED_EDGE ( 'NONE', *, *, #3527, .T. ) ;
#3610 = DIRECTION ( 'NONE',  ( -1.954618001100627820E-16, 1.224646799147352961E-16, -1.000000000000000000 ) ) ;
#3611 = CARTESIAN_POINT ( 'NONE',  ( -107.6723520826016909, -10.54734736135026729, 3.000000000000019096 ) ) ;
#3612 = EDGE_CURVE ( 'NONE', #4766, #1442, #134, .T. ) ;
#3613 = ADVANCED_FACE ( 'NONE', ( #4192 ), #1657, .F. ) ;
#3614 = VERTEX_POINT ( 'NONE', #3989 ) ;
#3615 = ORIENTED_EDGE ( 'NONE', *, *, #1935, .F. ) ;
#3616 = DIRECTION ( 'NONE',  ( 0.8660254037844383745, -0.5000000000000003331, 0.000000000000000000 ) ) ;
#3617 = VECTOR ( 'NONE', #6515, 1000.000000000000000 ) ;
#3618 = ORIENTED_EDGE ( 'NONE', *, *, #1383, .F. ) ;
#3619 = CARTESIAN_POINT ( 'NONE',  ( 104.2500000000000000, 66.77275866404791316, 10.00000000000000178 ) ) ;
#3620 = DIRECTION ( 'NONE',  ( 0.000000000000000000, -1.000000000000000000, -3.489217355721596717E-17 ) ) ;
#3621 = CARTESIAN_POINT ( 'NONE',  ( 150.0010000000000048, 85.06340628446157837, 10.81072832108001514 ) ) ;
#3622 = VERTEX_POINT ( 'NONE', #6479 ) ;
#3623 = DIRECTION ( 'NONE',  ( 0.8660254037844384856, -0.5000000000000002220, 0.000000000000000000 ) ) ;
#3624 = ADVANCED_FACE ( 'NONE', ( #3893 ), #383, .F. ) ;
#3625 = DIRECTION ( 'NONE',  ( -1.000000000000000000, -0.000000000000000000, 3.318315740031391761E-16 ) ) ;
#3626 = LINE ( 'NONE', #5659, #295 ) ;
#3627 = ORIENTED_EDGE ( 'NONE', *, *, #1137, .T. ) ;
#3628 = DIRECTION ( 'NONE',  ( 0.8660254037844383745, -0.5000000000000003331, 0.000000000000000000 ) ) ;
#3629 = VECTOR ( 'NONE', #3623, 1000.000000000000114 ) ;
#3630 = CARTESIAN_POINT ( 'NONE',  ( 150.0000000000000000, 1.141983802888053159E-14, 34.56121421188652931 ) ) ;
#3631 = DIRECTION ( 'NONE',  ( -0.8660254037844388186, 0.4999999999999996114, 1.744608677860794044E-17 ) ) ;
#3632 = ORIENTED_EDGE ( 'NONE', *, *, #4335, .F. ) ;
#3633 = ORIENTED_EDGE ( 'NONE', *, *, #1585, .F. ) ;
#3634 = VECTOR ( 'NONE', #6507, 1000.000000000000000 ) ;
#3635 = EDGE_CURVE ( 'NONE', #629, #6192, #1848, .T. ) ;
#3636 = ORIENTED_EDGE ( 'NONE', *, *, #4802, .F. ) ;
#3637 = DIRECTION ( 'NONE',  ( 0.8660254037844387076, 0.4999999999999997780, 0.000000000000000000 ) ) ;
#3638 = CARTESIAN_POINT ( 'NONE',  ( 65.25000000000000000, 32.99776791645491159, 10.00000000000000178 ) ) ;
#3639 = VECTOR ( 'NONE', #3886, 1000.000000000000000 ) ;
#3640 = VERTEX_POINT ( 'NONE', #1413 ) ;
#3641 = ADVANCED_FACE ( 'NONE', ( #914 ), #2891, .F. ) ;
#3642 = ORIENTED_EDGE ( 'NONE', *, *, #5727, .T. ) ;
#3643 = LINE ( 'NONE', #1099, #5514 ) ;
#3644 = VECTOR ( 'NONE', #1518, 1000.000000000000000 ) ;
#3645 = EDGE_CURVE ( 'NONE', #6243, #319, #6055, .T. ) ;
#3646 = VERTEX_POINT ( 'NONE', #4982 ) ;
#3647 = LINE ( 'NONE', #547, #1112 ) ;
#3648 = EDGE_CURVE ( 'NONE', #4939, #5824, #3431, .T. ) ;
#3649 = CARTESIAN_POINT ( 'NONE',  ( 87.00000000000000000, 70.66987298107780191, 10.00000000000000178 ) ) ;
#3650 = LINE ( 'NONE', #4057, #3000 ) ;
#3651 = ORIENTED_EDGE ( 'NONE', *, *, #6400, .F. ) ;
#3652 = DIRECTION ( 'NONE',  ( 0.000000000000000000, -0.7460747789757224968, 0.6658621660496463202 ) ) ;
#3653 = LINE ( 'NONE', #58, #3950 ) ;
#3654 = CC_DESIGN_PERSON_AND_ORGANIZATION_ASSIGNMENT ( #5510, #2978, ( #3695 ) ) ;
#3655 = EDGE_LOOP ( 'NONE', ( #3796, #6004, #5168, #3940 ) ) ;
#3656 = DIRECTION ( 'NONE',  ( 0.000000000000000000, -1.734723475976807094E-16, 1.000000000000000000 ) ) ;
#3657 = VECTOR ( 'NONE', #2559, 1000.000000000000114 ) ;
#3658 = CYLINDRICAL_SURFACE ( 'NONE', #4334, 50.00000000000000000 ) ;
#3659 = ORIENTED_EDGE ( 'NONE', *, *, #3480, .T. ) ;
#3660 = CARTESIAN_POINT ( 'NONE',  ( 53.24999999999997868, 28.66764089753274192, 10.00000000000000178 ) ) ;
#3661 = DIRECTION ( 'NONE',  ( -1.000000000000000000, -0.000000000000000000, 0.000000000000000000 ) ) ;
#3662 = CARTESIAN_POINT ( 'NONE',  ( 2.775557561562891351E-14, 17.99486378953768551, 74.56121421188655063 ) ) ;
#3663 = VERTEX_POINT ( 'NONE', #4919 ) ;
#3664 = DIRECTION ( 'NONE',  ( 0.8660254037844388186, 0.4999999999999996114, 1.744608677860794044E-17 ) ) ;
#3665 = VECTOR ( 'NONE', #4343, 1000.000000000000000 ) ;
#3666 = VERTEX_POINT ( 'NONE', #5457 ) ;
#3667 = EDGE_CURVE ( 'NONE', #2599, #4578, #5522, .T. ) ;
#3668 = ORIENTED_EDGE ( 'NONE', *, *, #2340, .T. ) ;
#3669 = CARTESIAN_POINT ( 'NONE',  ( 3.000000000000000000, 3.000000000000002665, 3.000000000000044409 ) ) ;
#3670 = AXIS2_PLACEMENT_3D ( 'NONE', #3037, #3102, #4097 ) ;
#3671 = CARTESIAN_POINT ( 'NONE',  ( 62.99999999999998579, 79.33012701892224072, 10.00000000000000355 ) ) ;
#3672 = VECTOR ( 'NONE', #5070, 1000.000000000000000 ) ;
#3673 = ORIENTED_EDGE ( 'NONE', *, *, #3834, .T. ) ;
#3674 = EDGE_LOOP ( 'NONE', ( #220, #3985, #2804, #680, #5100, #6563 ) ) ;
#3675 = LINE ( 'NONE', #5705, #2424 ) ;
#3676 = VERTEX_POINT ( 'NONE', #3021 ) ;
#3677 = VECTOR ( 'NONE', #4150, 1000.000000000000000 ) ;
#3678 = DIRECTION ( 'NONE',  ( -0.000000000000000000, 3.489217355721594252E-17, -1.000000000000000000 ) ) ;
#3679 = DIRECTION ( 'NONE',  ( 0.000000000000000000, 0.000000000000000000, -1.000000000000000000 ) ) ;
#3680 = CARTESIAN_POINT ( 'NONE',  ( 18.75000000000000355, 28.66764089753276679, 10.00000000000000178 ) ) ;
#3681 = ORIENTED_EDGE ( 'NONE', *, *, #1732, .T. ) ;
#3682 = LINE ( 'NONE', #4647, #130 ) ;
#3683 = DIRECTION ( 'NONE',  ( -3.204937810639274309E-15, -1.000000000000000000, 0.000000000000000000 ) ) ;
#3684 = ORIENTED_EDGE ( 'NONE', *, *, #5362, .F. ) ;
#3685 = PLANE ( 'NONE',  #1662 ) ;
#3686 = VECTOR ( 'NONE', #571, 1000.000000000000000 ) ;
#3687 = VECTOR ( 'NONE', #6466, 999.9999999999998863 ) ;
#3688 = CARTESIAN_POINT ( 'NONE',  ( 150.0000000000000000, 49.99999999999999289, 90.00000000000001421 ) ) ;
#3689 = ORIENTED_EDGE ( 'NONE', *, *, #4350, .T. ) ;
#3690 = DIRECTION ( 'NONE',  ( 0.000000000000000000, -1.000000000000000000, 0.000000000000000000 ) ) ;
#3691 = EDGE_CURVE ( 'NONE', #1365, #5890, #883, .T. ) ;
#3692 = LINE ( 'NONE', #6254, #1742 ) ;
#3693 = EDGE_CURVE ( 'NONE', #3550, #741, #2384, .T. ) ;
#3694 = VECTOR ( 'NONE', #3284, 1000.000000000000000 ) ;
#3695 = SECURITY_CLASSIFICATION ( '', '', #2909 ) ;
#3696 = CARTESIAN_POINT ( 'NONE',  ( 159.4223520826015772, 68.69397708492621746, 3.000000000000019096 ) ) ;
#3697 = VECTOR ( 'NONE', #4961, 1000.000000000000000 ) ;
#3698 = ADVANCED_FACE ( 'NONE', ( #3462 ), #4482, .F. ) ;
#3699 = FACE_OUTER_BOUND ( 'NONE', #6584, .T. ) ;
#3700 = VECTOR ( 'NONE', #1278, 1000.000000000000000 ) ;
#3701 = ORIENTED_EDGE ( 'NONE', *, *, #5523, .F. ) ;
#3702 = CARTESIAN_POINT ( 'NONE',  ( -102.7973520826014635, -18.99109504824800254, 3.000000000000019096 ) ) ;
#3703 = ORIENTED_EDGE ( 'NONE', *, *, #3353, .F. ) ;
#3704 = ORIENTED_EDGE ( 'NONE', *, *, #6312, .F. ) ;
#3705 = PLANE ( 'NONE',  #1227 ) ;
#3706 = DIRECTION ( 'NONE',  ( -0.000000000000000000, 3.489217355721594252E-17, -1.000000000000000000 ) ) ;
#3707 = VERTEX_POINT ( 'NONE', #3926 ) ;
#3708 = DIRECTION ( 'NONE',  ( -0.000000000000000000, 3.489217355721594252E-17, -1.000000000000000000 ) ) ;
#3709 = DIRECTION ( 'NONE',  ( 0.8660254037844383745, -0.5000000000000003331, -1.744608677860795893E-17 ) ) ;
#3710 = VERTEX_POINT ( 'NONE', #6513 ) ;
#3711 = CARTESIAN_POINT ( 'NONE',  ( 23.99999999999999289, 36.89488223348483587, 10.00000000000000178 ) ) ;
#3712 = LINE ( 'NONE', #1520, #778 ) ;
#3713 = CARTESIAN_POINT ( 'NONE',  ( 82.49999999999998579, 36.89488223348483587, 10.00000000000000178 ) ) ;
#3714 = DIRECTION ( 'NONE',  ( 1.000000000000000000, 0.000000000000000000, -0.000000000000000000 ) ) ;
#3715 = EDGE_LOOP ( 'NONE', ( #1465, #6525, #2839, #3170 ) ) ;
#3716 = EDGE_LOOP ( 'NONE', ( #6293, #568, #3792, #5978 ) ) ;
#3717 = CARTESIAN_POINT ( 'NONE',  ( 9.000000000000007105, 70.66987298107780191, 3.000000000000019096 ) ) ;
#3718 = LINE ( 'NONE', #4314, #4370 ) ;
#3719 = ORIENTED_EDGE ( 'NONE', *, *, #4746, .T. ) ;
#3720 = ADVANCED_FACE ( 'NONE', ( #945 ), #5957, .F. ) ;
#3721 = CIRCLE ( 'NONE', #2979, 2.500000000000002220 ) ;
#3722 = ORIENTED_EDGE ( 'NONE', *, *, #6092, .T. ) ;
#3723 = CARTESIAN_POINT ( 'NONE',  ( 104.2499999999999858, 15.67725984076612988, 10.00000000000000000 ) ) ;
#3724 = DIRECTION ( 'NONE',  ( -0.000000000000000000, 3.489217355721594252E-17, -1.000000000000000000 ) ) ;
#3725 = ORIENTED_EDGE ( 'NONE', *, *, #2028, .F. ) ;
#3726 = DIRECTION ( 'NONE',  ( -1.000000000000000000, -0.000000000000000000, -0.000000000000000000 ) ) ;
#3727 = LINE ( 'NONE', #2540, #3566 ) ;
#3728 = ADVANCED_FACE ( 'NONE', ( #2989 ), #2921, .F. ) ;
#3729 = EDGE_CURVE ( 'NONE', #4659, #6350, #4513, .T. ) ;
#3730 = LINE ( 'NONE', #2258, #4521 ) ;
#3731 = DIRECTION ( 'NONE',  ( -0.8660254037844378194, 0.5000000000000015543, 0.000000000000000000 ) ) ;
#3732 = ADVANCED_FACE ( 'NONE', ( #1981 ), #480, .F. ) ;
#3733 = VECTOR ( 'NONE', #393, 1000.000000000000000 ) ;
#3734 = PLANE ( 'NONE',  #2626 ) ;
#3735 = ORIENTED_EDGE ( 'NONE', *, *, #144, .F. ) ;
#3736 = FACE_OUTER_BOUND ( 'NONE', #2836, .T. ) ;
#3737 = ORIENTED_EDGE ( 'NONE', *, *, #1581, .T. ) ;
#3738 = ORIENTED_EDGE ( 'NONE', *, *, #6098, .F. ) ;
#3739 = CARTESIAN_POINT ( 'NONE',  ( 101.9999999999999858, 79.33012701892224072, 10.00000000000000355 ) ) ;
#3740 = VECTOR ( 'NONE', #6451, 1000.000000000000000 ) ;
#3741 = ORIENTED_EDGE ( 'NONE', *, *, #1463, .F. ) ;
#3742 = CARTESIAN_POINT ( 'NONE',  ( 87.00000000000000000, 45.55513627132927468, 3.000000000000019096 ) ) ;
#3743 = PLANE ( 'NONE',  #2962 ) ;
#3744 = EDGE_CURVE ( 'NONE', #4365, #780, #4730, .T. ) ;
#3745 = ORIENTED_EDGE ( 'NONE', *, *, #714, .T. ) ;
#3746 = VECTOR ( 'NONE', #2025, 1000.000000000000000 ) ;
#3747 = PLANE ( 'NONE',  #2509 ) ;
#3748 = LINE ( 'NONE', #1838, #689 ) ;
#3749 = CARTESIAN_POINT ( 'NONE',  ( 92.24999999999997158, 62.44263164512573638, 10.00000000000000178 ) ) ;
#3750 = DIRECTION ( 'NONE',  ( -1.000000000000000000, -0.000000000000000000, 1.880926496205912652E-16 ) ) ;
#3751 = ORIENTED_EDGE ( 'NONE', *, *, #3906, .T. ) ;
#3752 = VECTOR ( 'NONE', #5462, 1000.000000000000000 ) ;
#3753 = VERTEX_POINT ( 'NONE', #5112 ) ;
#3754 = FACE_BOUND ( 'NONE', #2607, .T. ) ;
#3755 = DIRECTION ( 'NONE',  ( 0.8660254037844378194, 0.5000000000000014433, 1.744608677860803597E-17 ) ) ;
#3756 = EDGE_CURVE ( 'NONE', #6429, #3485, #5707, .T. ) ;
#3757 = ORIENTED_EDGE ( 'NONE', *, *, #3091, .T. ) ;
#3758 = ADVANCED_FACE ( 'NONE', ( #6174 ), #5142, .F. ) ;
#3759 = EDGE_LOOP ( 'NONE', ( #1327, #717, #1831, #5780 ) ) ;
#3760 = CARTESIAN_POINT ( 'NONE',  ( 45.75000000000000000, 32.99776791645492580, 10.00000000000000178 ) ) ;
#3761 = LINE ( 'NONE', #1312, #3166 ) ;
#3762 = ORIENTED_EDGE ( 'NONE', *, *, #1375, .T. ) ;
#3763 = CARTESIAN_POINT ( 'NONE',  ( -100.1723520826014493, -23.53772841811646543, 3.000000000000019096 ) ) ;
#3764 = FACE_OUTER_BOUND ( 'NONE', #1476, .T. ) ;
#3765 = VECTOR ( 'NONE', #6486, 1000.000000000000000 ) ;
#3766 = CARTESIAN_POINT ( 'NONE',  ( 96.74999999999998579, 62.44263164512570086, 3.000000000000019096 ) ) ;
#3767 = CARTESIAN_POINT ( 'NONE',  ( 137.2973520826010940, 30.37235296746512603, 3.000000000000019096 ) ) ;
#3768 = ADVANCED_FACE ( 'NONE', ( #2079 ), #1044, .F. ) ;
#3769 = CARTESIAN_POINT ( 'NONE',  ( 65.25000000000000000, 49.45225058835914922, 1.725496510323961677E-15 ) ) ;
#3770 = EDGE_LOOP ( 'NONE', ( #720, #151, #3180, #5573 ) ) ;
#3771 = CARTESIAN_POINT ( 'NONE',  ( 74.99999999999992895, 49.88526329025141592, 1.740605264670865696E-15 ) ) ;
#3772 = EDGE_LOOP ( 'NONE', ( #2484, #2363, #2285, #4481 ) ) ;
#3773 = EDGE_LOOP ( 'NONE', ( #4525, #1453, #3479, #1041 ) ) ;
#3774 = CARTESIAN_POINT ( 'NONE',  ( 112.4999999999999858, 100.0000000000000000, 3.489217355721594350E-15 ) ) ;
#3775 = VECTOR ( 'NONE', #1157, 1000.000000000000000 ) ;
#3776 = VERTEX_POINT ( 'NONE', #2011 ) ;
#3777 = DIRECTION ( 'NONE',  ( 0.8660254037844383745, -0.5000000000000003331, 0.000000000000000000 ) ) ;
#3778 = EDGE_CURVE ( 'NONE', #1243, #728, #3647, .T. ) ;
#3779 = PLANE ( 'NONE',  #4122 ) ;
#3780 = EDGE_CURVE ( 'NONE', #5697, #846, #4611, .T. ) ;
#3781 = VECTOR ( 'NONE', #2374, 999.9999999999998863 ) ;
#3782 = ORIENTED_EDGE ( 'NONE', *, *, #3667, .T. ) ;
#3783 = LINE ( 'NONE', #3711, #4529 ) ;
#3784 = CARTESIAN_POINT ( 'NONE',  ( 94.49999999999991473, 49.88526329025141592, 10.00000000000000178 ) ) ;
#3785 = CARTESIAN_POINT ( 'NONE',  ( 33.74999999999997158, 62.44263164512573638, 10.00000000000000178 ) ) ;
#3786 = LINE ( 'NONE', #6306, #3106 ) ;
#3787 = ORIENTED_EDGE ( 'NONE', *, *, #3269, .T. ) ;
#3788 = EDGE_LOOP ( 'NONE', ( #3725, #340, #3251, #4227, #3615 ) ) ;
#3789 = DIRECTION ( 'NONE',  ( -0.8660254037844387076, -0.4999999999999997780, 0.000000000000000000 ) ) ;
#3790 = DIRECTION ( 'NONE',  ( -0.000000000000000000, 0.000000000000000000, -1.000000000000000000 ) ) ;
#3791 = AXIS2_PLACEMENT_3D ( 'NONE', #89, #4180, #3656 ) ;
#3792 = ORIENTED_EDGE ( 'NONE', *, *, #1763, .F. ) ;
#3793 = EDGE_LOOP ( 'NONE', ( #6417, #4284, #1570, #1997, #3152, #5173, #1432, #5601, #5452, #5784, #5870, #5768 ) ) ;
#3794 = PLANE ( 'NONE',  #2737 ) ;
#3795 = PLANE ( 'NONE',  #624 ) ;
#3796 = ORIENTED_EDGE ( 'NONE', *, *, #3607, .T. ) ;
#3797 = DIRECTION ( 'NONE',  ( -0.8660254037844387076, 0.4999999999999997780, 0.000000000000000000 ) ) ;
#3798 = PLANE ( 'NONE',  #5371 ) ;
#3799 = LINE ( 'NONE', #723, #6003 ) ;
#3800 = CARTESIAN_POINT ( 'NONE',  ( 135.0473520826018898, 26.47523865043477542, 3.000000000000019096 ) ) ;
#3801 = CARTESIAN_POINT ( 'NONE',  ( 111.7499999999999716, 62.44263164512576481, 3.000000000000019096 ) ) ;
#3802 = EDGE_LOOP ( 'NONE', ( #6110, #2262, #973, #206 ) ) ;
#3803 = CARTESIAN_POINT ( 'NONE',  ( 112.9223520826015630, -11.84638546702657180, 3.000000000000019096 ) ) ;
#3804 = ORIENTED_EDGE ( 'NONE', *, *, #5213, .T. ) ;
#3805 = AXIS2_PLACEMENT_3D ( 'NONE', #600, #3551, #5669 ) ;
#3806 = AXIS2_PLACEMENT_3D ( 'NONE', #5533, #2393, #6457 ) ;
#3807 = VECTOR ( 'NONE', #2046, 1000.000000000000114 ) ;
#3808 = ORIENTED_EDGE ( 'NONE', *, *, #4553, .T. ) ;
#3809 = EDGE_CURVE ( 'NONE', #3640, #6042, #4082, .T. ) ;
#3810 = DIRECTION ( 'NONE',  ( -0.4999999999999982792, 0.8660254037844397068, 3.021750869380468567E-17 ) ) ;
#3811 = VECTOR ( 'NONE', #1263, 999.9999999999998863 ) ;
#3812 = CC_DESIGN_APPROVAL ( #2266, ( #1494 ) ) ;
#3813 = ORIENTED_EDGE ( 'NONE', *, *, #627, .F. ) ;
#3814 = DIRECTION ( 'NONE',  ( -1.602468905319638141E-15, 1.000000000000000000, 0.000000000000000000 ) ) ;
#3815 = CARTESIAN_POINT ( 'NONE',  ( 23.99999999999999289, 45.55513627132918941, 3.000000000000019096 ) ) ;
#3816 = LINE ( 'NONE', #1265, #5493 ) ;
#3817 = EDGE_CURVE ( 'NONE', #4979, #1675, #6115, .T. ) ;
#3818 = DIRECTION ( 'NONE',  ( 0.000000000000000000, 1.000000000000000000, 0.000000000000000000 ) ) ;
#3819 = CARTESIAN_POINT ( 'NONE',  ( 112.4999999999999858, 86.48368917940753420, -2.033859505912648061E-14 ) ) ;
#3820 = EDGE_CURVE ( 'NONE', #5541, #4373, #2583, .T. ) ;
#3821 = CARTESIAN_POINT ( 'NONE',  ( 72.74999999999998579, 28.66764089753273126, 3.000000000000019096 ) ) ;
#3822 = ORIENTED_EDGE ( 'NONE', *, *, #5623, .F. ) ;
#3823 = ORIENTED_EDGE ( 'NONE', *, *, #5581, .T. ) ;
#3824 = DIRECTION ( 'NONE',  ( 0.5000000000000004441, -0.8660254037844384856, -3.021750869380464253E-17 ) ) ;
#3825 = LINE ( 'NONE', #3358, #4054 ) ;
#3826 = ORIENTED_EDGE ( 'NONE', *, *, #4594, .T. ) ;
#3827 = ORIENTED_EDGE ( 'NONE', *, *, #2795, .F. ) ;
#3828 = FACE_OUTER_BOUND ( 'NONE', #5550, .T. ) ;
#3829 = DIRECTION ( 'NONE',  ( -1.000000000000000000, -0.000000000000000000, -0.000000000000000000 ) ) ;
#3830 = ORIENTED_EDGE ( 'NONE', *, *, #5366, .F. ) ;
#3831 = CARTESIAN_POINT ( 'NONE',  ( 94.49999999999991473, 66.33974596215564645, 2.314737929853150582E-15 ) ) ;
#3832 = PLANE ( 'NONE',  #367 ) ;
#3833 = VECTOR ( 'NONE', #197, 1000.000000000000000 ) ;
#3834 = EDGE_CURVE ( 'NONE', #6247, #918, #636, .T. ) ;
#3835 = CARTESIAN_POINT ( 'NONE',  ( 9.000000000000007105, 70.66987298107780191, 2.465825473322171841E-15 ) ) ;
#3836 = LINE ( 'NONE', #724, #4465 ) ;
#3837 = DIRECTION ( 'NONE',  ( -1.000000000000000000, 3.204937810639276281E-15, 1.118272463289092942E-31 ) ) ;
#3838 = VERTEX_POINT ( 'NONE', #6149 ) ;
#3839 = EDGE_LOOP ( 'NONE', ( #5619, #4842, #613, #3458, #5795, #5851 ) ) ;
#3840 = LINE ( 'NONE', #3803, #3542 ) ;
#3841 = ORIENTED_EDGE ( 'NONE', *, *, #1689, .T. ) ;
#3842 = VECTOR ( 'NONE', #6091, 1000.000000000000000 ) ;
#3843 = ORIENTED_EDGE ( 'NONE', *, *, #3367, .F. ) ;
#3844 = EDGE_CURVE ( 'NONE', #4096, #2652, #4670, .T. ) ;
#3845 = CARTESIAN_POINT ( 'NONE',  ( 45.75000000000000000, 49.45225058835914922, 10.00000000000000178 ) ) ;
#3846 = VERTEX_POINT ( 'NONE', #6206 ) ;
#3847 = DIRECTION ( 'NONE',  ( -1.000000000000000000, -0.000000000000000000, 0.000000000000000000 ) ) ;
#3848 = EDGE_CURVE ( 'NONE', #3942, #5638, #1573, .T. ) ;
#3849 = DIRECTION ( 'NONE',  ( -0.000000000000000000, 3.489217355721594252E-17, -1.000000000000000000 ) ) ;
#3850 = LINE ( 'NONE', #1198, #6310 ) ;
#3851 = DIRECTION ( 'NONE',  ( -0.000000000000000000, 3.489217355721594252E-17, -1.000000000000000000 ) ) ;
#3852 = CIRCLE ( 'NONE', #6290, 4.499999999999996447 ) ;
#3853 = EDGE_CURVE ( 'NONE', #210, #5381, #4144, .T. ) ;
#3854 = PLANE ( 'NONE',  #4266 ) ;
#3855 = ORIENTED_EDGE ( 'NONE', *, *, #1184, .T. ) ;
#3856 = VERTEX_POINT ( 'NONE', #1073 ) ;
#3857 = LINE ( 'NONE', #2280, #2683 ) ;
#3858 = CARTESIAN_POINT ( 'NONE',  ( 126.0000000000000000, 36.89488223348482165, 1.287342634263795411E-15 ) ) ;
#3859 = VECTOR ( 'NONE', #3664, 1000.000000000000000 ) ;
#3860 = EDGE_CURVE ( 'NONE', #4365, #2944, #1012, .T. ) ;
#3861 = ORIENTED_EDGE ( 'NONE', *, *, #208, .T. ) ;
#3862 = DIRECTION ( 'NONE',  ( 0.4999999999999999445, 0.8660254037844387076, 3.021750869380466102E-17 ) ) ;
#3863 = PLANE ( 'NONE',  #1150 ) ;
#3864 = VERTEX_POINT ( 'NONE', #2641 ) ;
#3865 = VECTOR ( 'NONE', #2965, 1000.000000000000114 ) ;
#3866 = FACE_OUTER_BOUND ( 'NONE', #4870, .T. ) ;
#3867 = CARTESIAN_POINT ( 'NONE',  ( 72.74999999999998579, 20.00738685968832087, 6.981012147346066042E-16 ) ) ;
#3868 = APPROVAL ( #2943, 'Coincidente' ) ;
#3869 = EDGE_CURVE ( 'NONE', #5297, #1010, #2611, .T. ) ;
#3870 = VECTOR ( 'NONE', #4117, 1000.000000000000000 ) ;
#3871 = CARTESIAN_POINT ( 'NONE',  ( 116.2499999999999716, 28.66764089753271705, 1.000276301672652771E-15 ) ) ;
#3872 = LINE ( 'NONE', #3800, #1259 ) ;
#3873 = CARTESIAN_POINT ( 'NONE',  ( 111.7499999999999574, 20.00738685968830310, 6.981012147346058153E-16 ) ) ;
#3874 = EDGE_LOOP ( 'NONE', ( #964, #2593, #3823, #3482, #5247, #3841 ) ) ;
#3875 = LINE ( 'NONE', #4896, #6511 ) ;
#3876 = VERTEX_POINT ( 'NONE', #111 ) ;
#3877 = FACE_OUTER_BOUND ( 'NONE', #6020, .T. ) ;
#3878 = VECTOR ( 'NONE', #1683, 1000.000000000000114 ) ;
#3879 = ORIENTED_EDGE ( 'NONE', *, *, #6580, .F. ) ;
#3880 = CARTESIAN_POINT ( 'NONE',  ( 101.9999999999999858, 45.55513627132918941, 10.00000000000000178 ) ) ;
#3881 = ADVANCED_FACE ( 'NONE', ( #2107 ), #2135, .F. ) ;
#3882 = MECHANICAL_CONTEXT ( 'NONE', #1285, 'mechanical' ) ;
#3883 = FACE_OUTER_BOUND ( 'NONE', #5453, .T. ) ;
#3884 = FACE_OUTER_BOUND ( 'NONE', #5337, .T. ) ;
#3885 = LINE ( 'NONE', #3390, #3498 ) ;
#3886 = DIRECTION ( 'NONE',  ( -0.000000000000000000, 3.489217355721594252E-17, -1.000000000000000000 ) ) ;
#3887 = ORIENTED_EDGE ( 'NONE', *, *, #2668, .T. ) ;
#3888 = VECTOR ( 'NONE', #1903, 1000.000000000000000 ) ;
#3889 = ORIENTED_EDGE ( 'NONE', *, *, #5538, .T. ) ;
#3890 = FACE_OUTER_BOUND ( 'NONE', #1957, .T. ) ;
#3891 = PLANE ( 'NONE',  #1240 ) ;
#3892 = ORIENTED_EDGE ( 'NONE', *, *, #3143, .F. ) ;
#3893 = FACE_OUTER_BOUND ( 'NONE', #6145, .T. ) ;
#3894 = DIRECTION ( 'NONE',  ( -0.8660254037844393737, 0.4999999999999985012, 0.000000000000000000 ) ) ;
#3895 = CARTESIAN_POINT ( 'NONE',  ( 48.00000000000000000, -202.2374841615668686, 3.000000000000019096 ) ) ;
#3896 = DIRECTION ( 'NONE',  ( 0.8660254037844388186, -0.4999999999999996669, 0.000000000000000000 ) ) ;
#3897 = LINE ( 'NONE', #3831, #4165 ) ;
#3898 = AXIS2_PLACEMENT_3D ( 'NONE', #5991, #4951, #2485 ) ;
#3899 = CARTESIAN_POINT ( 'NONE',  ( 18.74999999999998934, 20.00738685968838482, 10.00000000000000000 ) ) ;
#3900 = CARTESIAN_POINT ( 'NONE',  ( 0.000000000000000000, 100.0000000000000000, 3.489217355721594350E-15 ) ) ;
#3901 = DIRECTION ( 'NONE',  ( 0.000000000000000000, -1.000000000000000000, 0.000000000000000000 ) ) ;
#3902 = ADVANCED_FACE ( 'NONE', ( #517, #2552, #4579 ), #1542, .F. ) ;
#3903 = DIRECTION ( 'NONE',  ( 0.000000000000000000, -1.000000000000000000, -3.489217355721595484E-17 ) ) ;
#3904 = EDGE_LOOP ( 'NONE', ( #2450, #3659, #6089, #5439 ) ) ;
#3905 = ORIENTED_EDGE ( 'NONE', *, *, #694, .F. ) ;
#3906 = EDGE_CURVE ( 'NONE', #2095, #6205, #5876, .T. ) ;
#3907 = CARTESIAN_POINT ( 'NONE',  ( 26.24999999999999645, 32.99776791645494001, 1.151363845141677580E-15 ) ) ;
#3908 = EDGE_CURVE ( 'NONE', #1492, #56, #3783, .T. ) ;
#3909 = EDGE_LOOP ( 'NONE', ( #969, #5494, #794, #3618 ) ) ;
#3910 = PLANE ( 'NONE',  #497 ) ;
#3911 = VECTOR ( 'NONE', #3082, 1000.000000000000114 ) ;
#3912 = VERTEX_POINT ( 'NONE', #6238 ) ;
#3913 = DIRECTION ( 'NONE',  ( -1.000000000000000000, -0.000000000000000000, 0.000000000000000000 ) ) ;
#3914 = PERSON_AND_ORGANIZATION ( #18446744073709551615, #18446744073709551615 ) ;
#3915 = VECTOR ( 'NONE', #6271, 1000.000000000000000 ) ;
#3916 = DIRECTION ( 'NONE',  ( -0.8660254037844388186, -0.4999999999999996669, 0.000000000000000000 ) ) ;
#3917 = VECTOR ( 'NONE', #544, 1000.000000000000000 ) ;
#3918 = DIRECTION ( 'NONE',  ( -0.8660254037844388186, -0.4999999999999996669, 0.000000000000000000 ) ) ;
#3919 = CARTESIAN_POINT ( 'NONE',  ( 28.49999999999999645, 70.66987298107780191, 10.00000000000000178 ) ) ;
#3920 = PLANE ( 'NONE',  #2245 ) ;
#3921 = VECTOR ( 'NONE', #3568, 1000.000000000000000 ) ;
#3922 = VERTEX_POINT ( 'NONE', #242 ) ;
#3923 = VERTEX_POINT ( 'NONE', #5269 ) ;
#3924 = LINE ( 'NONE', #4883, #502 ) ;
#3925 = ORIENTED_EDGE ( 'NONE', *, *, #3456, .F. ) ;
#3926 = CARTESIAN_POINT ( 'NONE',  ( 104.2500000000000000, 32.99776791645489737, 1.151363845141676199E-15 ) ) ;
#3927 = LINE ( 'NONE', #5958, #3602 ) ;
#3928 = CARTESIAN_POINT ( 'NONE',  ( 116.2500000000000000, 53.78237760728131889, 10.00000000000000178 ) ) ;
#3929 = DIRECTION ( 'NONE',  ( 1.000000000000000000, -0.000000000000000000, -1.437389243825479109E-16 ) ) ;
#3930 = DIRECTION ( 'NONE',  ( 0.8660254037844387076, -0.4999999999999999445, 0.000000000000000000 ) ) ;
#3931 = EDGE_CURVE ( 'NONE', #2104, #2890, #3816, .T. ) ;
#3932 = LINE ( 'NONE', #1387, #5782 ) ;
#3933 = CARTESIAN_POINT ( 'NONE',  ( 35.99999999999996447, 83.66025403784443881, 2.919088103729244296E-15 ) ) ;
#3934 = CARTESIAN_POINT ( 'NONE',  ( 150.0000000000000000, 38.99486378953768906, 34.56121421188651510 ) ) ;
#3935 = ORIENTED_EDGE ( 'NONE', *, *, #2220, .F. ) ;
#3936 = CARTESIAN_POINT ( 'NONE',  ( -88.17235208260147772, -44.32233810894284431, 3.000000000000019096 ) ) ;
#3937 = EDGE_CURVE ( 'NONE', #1010, #3113, #2237, .T. ) ;
#3938 = ADVANCED_FACE ( 'NONE', ( #5238 ), #1197, .F. ) ;
#3939 = EDGE_CURVE ( 'NONE', #5711, #5141, #5775, .T. ) ;
#3940 = ORIENTED_EDGE ( 'NONE', *, *, #2874, .F. ) ;
#3941 = FACE_OUTER_BOUND ( 'NONE', #4571, .T. ) ;
#3942 = VERTEX_POINT ( 'NONE', #6269 ) ;
#3943 = EDGE_LOOP ( 'NONE', ( #5434, #2210, #2587, #2242 ) ) ;
#3944 = CARTESIAN_POINT ( 'NONE',  ( 67.50000000000000000, 79.33012701892225493, 3.000000000000019096 ) ) ;
#3945 = PERSON_AND_ORGANIZATION ( #18446744073709551615, #18446744073709551615 ) ;
#3946 = ORIENTED_EDGE ( 'NONE', *, *, #4586, .F. ) ;
#3947 = CARTESIAN_POINT ( 'NONE',  ( 141.0000000000000000, 45.55513627132918941, 1.589517721201841282E-15 ) ) ;
#3948 = DIRECTION ( 'NONE',  ( 1.000000000000000000, -0.000000000000000000, -1.437389243825479109E-16 ) ) ;
#3949 = CARTESIAN_POINT ( 'NONE',  ( 57.74999999999999289, 20.00738685968836350, 10.00000000000000000 ) ) ;
#3950 = VECTOR ( 'NONE', #1050, 1000.000000000000000 ) ;
#3951 = CARTESIAN_POINT ( 'NONE',  ( 133.4999999999999716, 83.66025403784443881, 10.00000000000000355 ) ) ;
#3952 = VERTEX_POINT ( 'NONE', #2741 ) ;
#3953 = ORIENTED_EDGE ( 'NONE', *, *, #5608, .F. ) ;
#3954 = DIRECTION ( 'NONE',  ( -0.8660254037844388186, -0.4999999999999996669, 0.000000000000000000 ) ) ;
#3955 = ORIENTED_EDGE ( 'NONE', *, *, #1446, .F. ) ;
#3956 = DIRECTION ( 'NONE',  ( -0.000000000000000000, 3.489217355721594252E-17, -1.000000000000000000 ) ) ;
#3957 = PLANE ( 'NONE',  #1462 ) ;
#3958 = PLANE ( 'NONE',  #4361 ) ;
#3959 = DIRECTION ( 'NONE',  ( 0.000000000000000000, 0.000000000000000000, 1.000000000000000000 ) ) ;
#3960 = EDGE_CURVE ( 'NONE', #4816, #3864, #273, .T. ) ;
#3961 = VECTOR ( 'NONE', #4114, 1000.000000000000000 ) ;
#3962 = ORIENTED_EDGE ( 'NONE', *, *, #284, .F. ) ;
#3963 = PLANE ( 'NONE',  #2792 ) ;
#3964 = EDGE_CURVE ( 'NONE', #2785, #309, #3247, .T. ) ;
#3965 = LINE ( 'NONE', #5896, #2912 ) ;
#3966 = DIRECTION ( 'NONE',  ( 0.000000000000000000, -1.000000000000000000, 0.000000000000000000 ) ) ;
#3967 = CARTESIAN_POINT ( 'NONE',  ( 96.75000000000000000, 28.66764089753272771, 1.000276301672653560E-15 ) ) ;
#3968 = ORIENTED_EDGE ( 'NONE', *, *, #2874, .T. ) ;
#3969 = DIRECTION ( 'NONE',  ( -1.880926496205912652E-16, 0.000000000000000000, -1.000000000000000000 ) ) ;
#3970 = VECTOR ( 'NONE', #2116, 1000.000000000000000 ) ;
#3971 = ORIENTED_EDGE ( 'NONE', *, *, #3371, .T. ) ;
#3972 = PLANE ( 'NONE',  #5612 ) ;
#3973 = ORIENTED_EDGE ( 'NONE', *, *, #4925, .T. ) ;
#3974 = VERTEX_POINT ( 'NONE', #2775 ) ;
#3975 = LINE ( 'NONE', #3880, #153 ) ;
#3976 = APPROVAL_DATE_TIME ( #406, #35 ) ;
#3977 = VERTEX_POINT ( 'NONE', #6303 ) ;
#3978 = CARTESIAN_POINT ( 'NONE',  ( 65.25000000000000000, 66.77275866404791316, 2.329846684200054010E-15 ) ) ;
#3979 = VECTOR ( 'NONE', #4891, 1000.000000000000000 ) ;
#3980 = DIRECTION ( 'NONE',  ( 0.8660254037844378194, 0.5000000000000014433, 1.744608677860803597E-17 ) ) ;
#3981 = CARTESIAN_POINT ( 'NONE',  ( 112.4999999999999858, 86.48368917940753420, -2.033859505912648061E-14 ) ) ;
#3982 = EDGE_CURVE ( 'NONE', #1078, #3415, #3215, .T. ) ;
#3983 = DIRECTION ( 'NONE',  ( 0.000000000000000000, -1.000000000000000000, -3.489217355721596717E-17 ) ) ;
#3984 = EDGE_CURVE ( 'NONE', #3606, #958, #5343, .T. ) ;
#3985 = ORIENTED_EDGE ( 'NONE', *, *, #6162, .T. ) ;
#3986 = EDGE_LOOP ( 'NONE', ( #3889, #2779, #493, #166 ) ) ;
#3987 = LINE ( 'NONE', #1444, #2422 ) ;
#3988 = ORIENTED_EDGE ( 'NONE', *, *, #4444, .F. ) ;
#3989 = CARTESIAN_POINT ( 'NONE',  ( 45.75000000000000000, 15.67725984076615653, 5.470136712655843591E-16 ) ) ;
#3990 = ADVANCED_FACE ( 'NONE', ( #3282 ), #770, .F. ) ;
#3991 = CARTESIAN_POINT ( 'NONE',  ( 62.99999999999998579, 45.55513627132918941, 10.00000000000000178 ) ) ;
#3992 = PLANE ( 'NONE',  #845 ) ;
#3993 = DIRECTION ( 'NONE',  ( 0.5000000000000004441, 0.8660254037844384856, 3.021750869380464253E-17 ) ) ;
#3994 = VECTOR ( 'NONE', #5543, 1000.000000000000114 ) ;
#3995 = ORIENTED_EDGE ( 'NONE', *, *, #5489, .F. ) ;
#3996 = DIRECTION ( 'NONE',  ( 1.000000000000000000, 0.000000000000000000, 0.000000000000000000 ) ) ;
#3997 = VECTOR ( 'NONE', #1938, 1000.000000000000000 ) ;
#3998 = CARTESIAN_POINT ( 'NONE',  ( 72.74999999999998579, 62.44263164512573638, 2.178759140731031568E-15 ) ) ;
#3999 = DIRECTION ( 'NONE',  ( 0.8660254037844397068, 0.4999999999999978906, 1.744608677860790347E-17 ) ) ;
#4000 = CARTESIAN_POINT ( 'NONE',  ( 48.00000000000000000, 36.89488223348482165, 10.00000000000000178 ) ) ;
#4001 = ORIENTED_EDGE ( 'NONE', *, *, #413, .T. ) ;
#4002 = PLANE ( 'NONE',  #5559 ) ;
#4003 = AXIS2_PLACEMENT_3D ( 'NONE', #4239, #3349, #2807 ) ;
#4004 = VERTEX_POINT ( 'NONE', #211 ) ;
#4005 = LINE ( 'NONE', #6040, #3361 ) ;
#4006 = ORIENTED_EDGE ( 'NONE', *, *, #124, .F. ) ;
#4007 = ORIENTED_EDGE ( 'NONE', *, *, #6521, .T. ) ;
#4008 = CARTESIAN_POINT ( 'NONE',  ( 84.74999999999997158, 15.67725984076613699, 5.470136712655835703E-16 ) ) ;
#4009 = EDGE_CURVE ( 'NONE', #2230, #6071, #2205, .T. ) ;
#4010 = ORIENTED_EDGE ( 'NONE', *, *, #2222, .F. ) ;
#4011 = LINE ( 'NONE', #5412, #3781 ) ;
#4012 = CARTESIAN_POINT ( 'NONE',  ( 67.50000000000000000, 36.89488223348482165, 1.287342634263795411E-15 ) ) ;
#4013 = LINE ( 'NONE', #6474, #3634 ) ;
#4014 = ORIENTED_EDGE ( 'NONE', *, *, #305, .T. ) ;
#4015 = ADVANCED_FACE ( 'NONE', ( #5810 ), #3747, .T. ) ;
#4016 = AXIS2_PLACEMENT_3D ( 'NONE', #3118, #5143, #579 ) ;
#4017 = ORIENTED_EDGE ( 'NONE', *, *, #6389, .F. ) ;
#4018 = PLANE ( 'NONE',  #400 ) ;
#4019 = EDGE_CURVE ( 'NONE', #2364, #1698, #2672, .T. ) ;
#4020 = VERTEX_POINT ( 'NONE', #670 ) ;
#4021 = CARTESIAN_POINT ( 'NONE',  ( 121.4999999999999858, 45.55513627132918941, 10.00000000000000178 ) ) ;
#4022 = VECTOR ( 'NONE', #5433, 1000.000000000000000 ) ;
#4023 = EDGE_CURVE ( 'NONE', #1797, #782, #4702, .T. ) ;
#4024 = VECTOR ( 'NONE', #5563, 1000.000000000000000 ) ;
#4025 = PLANE ( 'NONE',  #5615 ) ;
#4026 = CARTESIAN_POINT ( 'NONE',  ( 92.24999999999995737, 20.00738685968831732, 6.981012147346063084E-16 ) ) ;
#4027 = DIRECTION ( 'NONE',  ( -0.5000000000000015543, 0.8660254037844378194, 3.021750869380462404E-17 ) ) ;
#4028 = EDGE_LOOP ( 'NONE', ( #4575, #76, #4463, #6413 ) ) ;
#4029 = CARTESIAN_POINT ( 'NONE',  ( 23.99999999999999289, 36.89488223348483587, 1.287342634263795608E-15 ) ) ;
#4030 = CARTESIAN_POINT ( 'NONE',  ( 45.75000000000000000, 66.77275866404791316, 10.00000000000000178 ) ) ;
#4031 = LINE ( 'NONE', #363, #1495 ) ;
#4032 = CARTESIAN_POINT ( 'NONE',  ( 43.49999999999998579, 36.89488223348483587, 3.000000000000019096 ) ) ;
#4033 = VERTEX_POINT ( 'NONE', #175 ) ;
#4034 = CARTESIAN_POINT ( 'NONE',  ( -107.6723520826015204, -10.54734736134999018, 3.000000000000019096 ) ) ;
#4035 = EDGE_CURVE ( 'NONE', #5318, #5385, #4736, .T. ) ;
#4036 = ORIENTED_EDGE ( 'NONE', *, *, #3, .F. ) ;
#4037 = LINE ( 'NONE', #4127, #3591 ) ;
#4038 = VERTEX_POINT ( 'NONE', #5687 ) ;
#4039 = EDGE_CURVE ( 'NONE', #5179, #2950, #2054, .T. ) ;
#4040 = ORIENTED_EDGE ( 'NONE', *, *, #5609, .T. ) ;
#4041 = CARTESIAN_POINT ( 'NONE',  ( 150.0010000000000048, 85.06340628446157837, 8.710728321080013714 ) ) ;
#4042 = EDGE_CURVE ( 'NONE', #4811, #801, #4091, .T. ) ;
#4043 = VECTOR ( 'NONE', #1210, 1000.000000000000000 ) ;
#4044 = ORIENTED_EDGE ( 'NONE', *, *, #5228, .F. ) ;
#4045 = FACE_OUTER_BOUND ( 'NONE', #2681, .T. ) ;
#4046 = CARTESIAN_POINT ( 'NONE',  ( 137.2973520826016056, 30.37235296746484892, 3.000000000000019096 ) ) ;
#4047 = PLANE ( 'NONE',  #3214 ) ;
#4048 = VERTEX_POINT ( 'NONE', #2619 ) ;
#4049 = ORIENTED_EDGE ( 'NONE', *, *, #3982, .F. ) ;
#4050 = CARTESIAN_POINT ( 'NONE',  ( 57.75000000000000711, 53.78237760728131889, 3.000000000000019096 ) ) ;
#4051 = ORIENTED_EDGE ( 'NONE', *, *, #2175, .F. ) ;
#4052 = CARTESIAN_POINT ( 'NONE',  ( 82.49999999999998579, -202.2374841615668686, 3.000000000000019096 ) ) ;
#4053 = EDGE_CURVE ( 'NONE', #5507, #3710, #2650, .T. ) ;
#4054 = VECTOR ( 'NONE', #1273, 1000.000000000000000 ) ;
#4055 = CARTESIAN_POINT ( 'NONE',  ( 141.0000000000000000, 79.33012701892232599, 3.000000000000019096 ) ) ;
#4056 = CARTESIAN_POINT ( 'NONE',  ( 3.000000000000006661, 38.99486378953768906, 34.56121421188648668 ) ) ;
#4057 = CARTESIAN_POINT ( 'NONE',  ( 92.24999999999997158, -202.2374841615668686, 3.000000000000019096 ) ) ;
#4058 = EDGE_LOOP ( 'NONE', ( #5518, #2767, #3243, #3741 ) ) ;
#4059 = CARTESIAN_POINT ( 'NONE',  ( 133.4999999999999716, 83.66025403784443881, 10.00000000000000355 ) ) ;
#4060 = CARTESIAN_POINT ( 'NONE',  ( 38.25000000000000711, 28.66764089753275613, 10.00000000000000178 ) ) ;
#4061 = EDGE_CURVE ( 'NONE', #1572, #4637, #4650, .T. ) ;
#4062 = LINE ( 'NONE', #1019, #2803 ) ;
#4063 = CARTESIAN_POINT ( 'NONE',  ( 116.2499999999999858, 28.66764089753271705, 1.000276301672653165E-15 ) ) ;
#4064 = DIRECTION ( 'NONE',  ( -1.000000000000000000, -0.000000000000000000, 1.954618001100627820E-16 ) ) ;
#4065 = VERTEX_POINT ( 'NONE', #6124 ) ;
#4066 = CARTESIAN_POINT ( 'NONE',  ( 111.7499999999999574, 20.00738685968830310, 10.00000000000000000 ) ) ;
#4067 = ADVANCED_FACE ( 'NONE', ( #617 ), #4589, .F. ) ;
#4068 = ORIENTED_EDGE ( 'NONE', *, *, #627, .T. ) ;
#4069 = DIRECTION ( 'NONE',  ( 0.000000000000000000, 1.000000000000000000, 3.489217355721594868E-17 ) ) ;
#4070 = VERTEX_POINT ( 'NONE', #6155 ) ;
#4071 = VECTOR ( 'NONE', #3262, 1000.000000000000000 ) ;
#4072 = ORIENTED_EDGE ( 'NONE', *, *, #201, .T. ) ;
#4073 = LINE ( 'NONE', #4041, #2698 ) ;
#4074 = ORIENTED_EDGE ( 'NONE', *, *, #3203, .F. ) ;
#4075 = FACE_OUTER_BOUND ( 'NONE', #1260, .T. ) ;
#4076 = DIRECTION ( 'NONE',  ( 0.000000000000000000, -1.000000000000000000, 0.000000000000000000 ) ) ;
#4077 = ADVANCED_FACE ( 'NONE', ( #6094 ), #30, .F. ) ;
#4078 = ORIENTED_EDGE ( 'NONE', *, *, #5287, .F. ) ;
#4079 = EDGE_LOOP ( 'NONE', ( #1136, #3448, #2110, #2973 ) ) ;
#4080 = DIRECTION ( 'NONE',  ( -0.8660254037844383745, -0.5000000000000003331, -1.744608677860798050E-17 ) ) ;
#4081 = ORIENTED_EDGE ( 'NONE', *, *, #3984, .T. ) ;
#4082 = LINE ( 'NONE', #3117, #1644 ) ;
#4083 = CARTESIAN_POINT ( 'NONE',  ( 77.25000000000001421, 28.66764089753273836, 3.000000000000019096 ) ) ;
#4084 = CARTESIAN_POINT ( 'NONE',  ( 104.2500000000000000, 66.77275866404791316, 3.000000000000019096 ) ) ;
#4085 = ORIENTED_EDGE ( 'NONE', *, *, #6116, .T. ) ;
#4086 = CARTESIAN_POINT ( 'NONE',  ( 3.000000000000000000, 100.0000000000000000, 3.000000000000019096 ) ) ;
#4087 = CARTESIAN_POINT ( 'NONE',  ( 28.49999999999999645, 36.89488223348482165, 1.287342634263795411E-15 ) ) ;
#4088 = EDGE_CURVE ( 'NONE', #2195, #6134, #5092, .T. ) ;
#4089 = AXIS2_PLACEMENT_3D ( 'NONE', #1433, #6469, #1932 ) ;
#4090 = DIRECTION ( 'NONE',  ( 0.000000000000000000, 1.000000000000000000, 3.489217355721594868E-17 ) ) ;
#4091 = LINE ( 'NONE', #3158, #3478 ) ;
#4092 = DIRECTION ( 'NONE',  ( 0.8660254037844385966, 0.4999999999999998890, 0.000000000000000000 ) ) ;
#4093 = ORIENTED_EDGE ( 'NONE', *, *, #774, .T. ) ;
#4094 = CARTESIAN_POINT ( 'NONE',  ( 16.49999999999998579, 32.56475521456263067, 10.00000000000000178 ) ) ;
#4095 = EDGE_CURVE ( 'NONE', #4096, #3570, #2113, .T. ) ;
#4096 = VERTEX_POINT ( 'NONE', #6588 ) ;
#4097 = DIRECTION ( 'NONE',  ( 0.8660254037844374864, -0.5000000000000021094, 0.000000000000000000 ) ) ;
#4098 = EDGE_CURVE ( 'NONE', #4796, #3592, #2529, .T. ) ;
#4099 = CARTESIAN_POINT ( 'NONE',  ( 28.49999999999999645, 36.89488223348482165, 10.00000000000000178 ) ) ;
#4100 = VERTEX_POINT ( 'NONE', #2146 ) ;
#4101 = EDGE_LOOP ( 'NONE', ( #6346, #2470, #5751, #1594 ) ) ;
#4102 = LINE ( 'NONE', #4754, #471 ) ;
#4103 = AXIS2_PLACEMENT_3D ( 'NONE', #3014, #5949, #1473 ) ;
#4104 = EDGE_CURVE ( 'NONE', #958, #2333, #1109, .T. ) ;
#4105 = ORIENTED_EDGE ( 'NONE', *, *, #2431, .F. ) ;
#4106 = CARTESIAN_POINT ( 'NONE',  ( 43.49999999999998579, 79.33012701892225493, 3.000000000000019096 ) ) ;
#4107 = PLANE ( 'NONE',  #2838 ) ;
#4108 = VERTEX_POINT ( 'NONE', #120 ) ;
#4109 = ORIENTED_EDGE ( 'NONE', *, *, #59, .F. ) ;
#4110 = CARTESIAN_POINT ( 'NONE',  ( 96.75000000000000000, 53.78237760728131889, 1.876584053792984316E-15 ) ) ;
#4111 = ORIENTED_EDGE ( 'NONE', *, *, #3385, .T. ) ;
#4112 = CARTESIAN_POINT ( 'NONE',  ( 37.50000000000000711, 100.0000000000000000, 1.639121762966653288E-14 ) ) ;
#4113 = LINE ( 'NONE', #5678, #77 ) ;
#4114 = DIRECTION ( 'NONE',  ( -0.000000000000000000, 3.489217355721594252E-17, -1.000000000000000000 ) ) ;
#4115 = AXIS2_PLACEMENT_3D ( 'NONE', #6330, #4232, #730 ) ;
#4116 = VERTEX_POINT ( 'NONE', #2022 ) ;
#4117 = DIRECTION ( 'NONE',  ( 0.8660254037844388186, 0.4999999999999996114, 1.744608677860794044E-17 ) ) ;
#4118 = LINE ( 'NONE', #4060, #3842 ) ;
#4119 = VECTOR ( 'NONE', #3098, 1000.000000000000000 ) ;
#4120 = AXIS2_PLACEMENT_3D ( 'NONE', #6409, #1405, #313 ) ;
#4121 = DIRECTION ( 'NONE',  ( 0.000000000000000000, 0.000000000000000000, 1.000000000000000000 ) ) ;
#4122 = AXIS2_PLACEMENT_3D ( 'NONE', #2739, #137, #4269 ) ;
#4123 = DIRECTION ( 'NONE',  ( 0.000000000000000000, 0.000000000000000000, -1.000000000000000000 ) ) ;
#4124 = ORIENTED_EDGE ( 'NONE', *, *, #3549, .T. ) ;
#4125 = DIRECTION ( 'NONE',  ( 0.5000000000000013323, 0.8660254037844379305, 3.021750869380462404E-17 ) ) ;
#4126 = EDGE_CURVE ( 'NONE', #5610, #3512, #5629, .T. ) ;
#4127 = CARTESIAN_POINT ( 'NONE',  ( 104.2499999999999858, 15.67725984076612988, 5.470136712655833730E-16 ) ) ;
#4128 = EDGE_CURVE ( 'NONE', #5074, #6573, #1521, .T. ) ;
#4129 = CARTESIAN_POINT ( 'NONE',  ( 67.50000000000000000, 79.33012701892225493, 10.00000000000000355 ) ) ;
#4130 = ORIENTED_EDGE ( 'NONE', *, *, #5983, .F. ) ;
#4131 = EDGE_LOOP ( 'NONE', ( #5641, #4310, #5409, #4866 ) ) ;
#4132 = EDGE_CURVE ( 'NONE', #2061, #2964, #1053, .T. ) ;
#4133 = ADVANCED_FACE ( 'NONE', ( #5595 ), #1020, .F. ) ;
#4134 = ORIENTED_EDGE ( 'NONE', *, *, #1030, .F. ) ;
#4135 = CARTESIAN_POINT ( 'NONE',  ( 26.24999999999999645, 49.45225058835914922, 10.00000000000000178 ) ) ;
#4136 = LINE ( 'NONE', #5701, #2505 ) ;
#4137 = ORIENTED_EDGE ( 'NONE', *, *, #3235, .F. ) ;
#4138 = ADVANCED_FACE ( 'NONE', ( #5121 ), #557, .F. ) ;
#4139 = VERTEX_POINT ( 'NONE', #5658 ) ;
#4140 = LINE ( 'NONE', #6172, #3065 ) ;
#4141 = VECTOR ( 'NONE', #4363, 1000.000000000000000 ) ;
#4142 = UNCERTAINTY_MEASURE_WITH_UNIT (LENGTH_MEASURE( 1.000000000000000082E-05 ), #6234, 'distance_accuracy_value', 'NONE');
#4143 = ORIENTED_EDGE ( 'NONE', *, *, #398, .F. ) ;
#4144 = LINE ( 'NONE', #3619, #3368 ) ;
#4145 = CARTESIAN_POINT ( 'NONE',  ( 130.1723520826014635, 18.03149096353665115, 3.000000000000019096 ) ) ;
#4146 = DIRECTION ( 'NONE',  ( 0.000000000000000000, 0.000000000000000000, -1.000000000000000000 ) ) ;
#4147 = ORIENTED_EDGE ( 'NONE', *, *, #5856, .T. ) ;
#4148 = CARTESIAN_POINT ( 'NONE',  ( -78.42235208260147772, -61.20983348273939839, 3.000000000000019096 ) ) ;
#4149 = LINE ( 'NONE', #3565, #6494 ) ;
#4150 = DIRECTION ( 'NONE',  ( -1.000000000000000000, -0.000000000000000000, 3.318315740031391761E-16 ) ) ;
#4151 = EDGE_CURVE ( 'NONE', #5801, #1741, #4212, .T. ) ;
#4152 = CARTESIAN_POINT ( 'NONE',  ( 147.0000000000000000, 85.06340628446157837, 10.81072832108004000 ) ) ;
#4153 = EDGE_LOOP ( 'NONE', ( #3703, #6074, #697, #2699, #4669, #2347 ) ) ;
#4154 = CARTESIAN_POINT ( 'NONE',  ( 147.0000000000000000, 100.0000000000000000, 3.000000000000019096 ) ) ;
#4155 = ADVANCED_FACE ( 'NONE', ( #253, #2321, #4854, #6316, #6249, #2817, #2287, #4318, #2179, #1711, #747, #2718, #646, #4250, #1209, #1641, #4819, #2754, #1244, #5282, #4748, #4712, #5248, #4784, #6347, #3326, #154 ), #3794, .T. ) ;
#4156 = FACE_OUTER_BOUND ( 'NONE', #2756, .T. ) ;
#4157 = VECTOR ( 'NONE', #6087, 1000.000000000000000 ) ;
#4158 = CARTESIAN_POINT ( 'NONE',  ( 121.4999999999999858, 79.33012701892224072, 10.00000000000000355 ) ) ;
#4159 = VERTEX_POINT ( 'NONE', #718 ) ;
#4160 = ORIENTED_EDGE ( 'NONE', *, *, #1114, .F. ) ;
#4161 = VECTOR ( 'NONE', #2396, 1000.000000000000000 ) ;
#4162 = ORIENTED_EDGE ( 'NONE', *, *, #2595, .T. ) ;
#4163 = DIRECTION ( 'NONE',  ( -0.4999999999999996669, -0.8660254037844388186, -3.021750869380465486E-17 ) ) ;
#4164 = DIRECTION ( 'NONE',  ( 1.602468905319638141E-15, -1.000000000000000000, 0.000000000000000000 ) ) ;
#4165 = VECTOR ( 'NONE', #2790, 1000.000000000000000 ) ;
#4166 = ORIENTED_EDGE ( 'NONE', *, *, #6136, .T. ) ;
#4167 = ORIENTED_EDGE ( 'NONE', *, *, #5805, .T. ) ;
#4168 = LINE ( 'NONE', #49, #2197 ) ;
#4169 = AXIS2_PLACEMENT_3D ( 'NONE', #2355, #3297, #4392 ) ;
#4170 = ORIENTED_EDGE ( 'NONE', *, *, #6105, .T. ) ;
#4171 = DIRECTION ( 'NONE',  ( -1.000000000000000000, -0.000000000000000000, 1.880926496205912652E-16 ) ) ;
#4172 = EDGE_CURVE ( 'NONE', #6265, #5275, #221, .T. ) ;
#4173 = DIRECTION ( 'NONE',  ( 1.000000000000000000, -0.000000000000000000, 0.000000000000000000 ) ) ;
#4174 = EDGE_CURVE ( 'NONE', #5276, #5261, #2682, .T. ) ;
#4175 = LINE ( 'NONE', #113, #2128 ) ;
#4176 = ORIENTED_EDGE ( 'NONE', *, *, #1449, .F. ) ;
#4177 = CARTESIAN_POINT ( 'NONE',  ( 53.24999999999997868, 28.66764089753274192, 10.00000000000000178 ) ) ;
#4178 = CARTESIAN_POINT ( 'NONE',  ( 96.75000000000000000, 28.66764089753272771, 10.00000000000000178 ) ) ;
#4179 = ORIENTED_EDGE ( 'NONE', *, *, #6493, .F. ) ;
#4180 = DIRECTION ( 'NONE',  ( 0.000000000000000000, 1.000000000000000000, 1.734723475976807094E-16 ) ) ;
#4181 = VECTOR ( 'NONE', #5463, 1000.000000000000114 ) ;
#4182 = CARTESIAN_POINT ( 'NONE',  ( 113.9999999999999716, 83.66025403784443881, 2.919088103729244296E-15 ) ) ;
#4183 = ORIENTED_EDGE ( 'NONE', *, *, #1284, .T. ) ;
#4184 = CARTESIAN_POINT ( 'NONE',  ( 109.4999999999999858, 104.4764486738543354, -3.995172996297874146 ) ) ;
#4185 = DIRECTION ( 'NONE',  ( 0.8660254037844383745, 0.5000000000000004441, 1.744608677860797742E-17 ) ) ;
#4186 = DIRECTION ( 'NONE',  ( -0.8660254037844394848, 0.4999999999999983902, 0.000000000000000000 ) ) ;
#4187 = ORIENTED_EDGE ( 'NONE', *, *, #946, .F. ) ;
#4188 = VECTOR ( 'NONE', #2002, 1000.000000000000000 ) ;
#4189 = ORIENTED_EDGE ( 'NONE', *, *, #3089, .T. ) ;
#4190 = EDGE_LOOP ( 'NONE', ( #3221, #1237, #4562, #5043, #5788 ) ) ;
#4191 = DIRECTION ( 'NONE',  ( 0.000000000000000000, 0.000000000000000000, -1.000000000000000000 ) ) ;
#4192 = FACE_OUTER_BOUND ( 'NONE', #2029, .T. ) ;
#4193 = VECTOR ( 'NONE', #6571, 999.9999999999998863 ) ;
#4194 = ORIENTED_EDGE ( 'NONE', *, *, #3844, .F. ) ;
#4195 = LINE ( 'NONE', #6233, #2926 ) ;
#4196 = ADVANCED_FACE ( 'NONE', ( #3828 ), #3259, .F. ) ;
#4197 = LINE ( 'NONE', #734, #3811 ) ;
#4198 = ORIENTED_EDGE ( 'NONE', *, *, #5027, .F. ) ;
#4199 = VECTOR ( 'NONE', #5587, 1000.000000000000000 ) ;
#4200 = DIRECTION ( 'NONE',  ( 1.000000000000000000, -0.000000000000000000, -0.000000000000000000 ) ) ;
#4201 = DIRECTION ( 'NONE',  ( -1.403311819926405723E-16, -0.6658621660496468753, -0.7460747789757220527 ) ) ;
#4202 = CARTESIAN_POINT ( 'NONE',  ( -0.001000000000001000089, 85.06340628446157837, 8.710728321080038583 ) ) ;
#4203 = ADVANCED_FACE ( 'NONE', ( #290 ), #2786, .F. ) ;
#4204 = DIRECTION ( 'NONE',  ( 0.000000000000000000, -1.000000000000000000, -3.489217355721594252E-17 ) ) ;
#4205 = ORIENTED_EDGE ( 'NONE', *, *, #4323, .T. ) ;
#4206 = DIRECTION ( 'NONE',  ( 0.8660254037844388186, 0.4999999999999996669, 0.000000000000000000 ) ) ;
#4207 = CARTESIAN_POINT ( 'NONE',  ( 104.2499999999999858, 15.67725984076612988, 5.470136712655833730E-16 ) ) ;
#4208 = EDGE_CURVE ( 'NONE', #319, #5087, #1175, .T. ) ;
#4209 = EDGE_CURVE ( 'NONE', #5952, #990, #683, .T. ) ;
#4210 = ORIENTED_EDGE ( 'NONE', *, *, #3853, .T. ) ;
#4211 = ORIENTED_EDGE ( 'NONE', *, *, #5187, .F. ) ;
#4212 = LINE ( 'NONE', #4282, #3700 ) ;
#4213 = AXIS2_PLACEMENT_3D ( 'NONE', #74, #631, #4164 ) ;
#4214 = VECTOR ( 'NONE', #1004, 1000.000000000000114 ) ;
#4215 = LINE ( 'NONE', #5320, #5739 ) ;
#4216 = ORIENTED_EDGE ( 'NONE', *, *, #106, .T. ) ;
#4217 = DIRECTION ( 'NONE',  ( 0.4999999999999999445, -0.8660254037844387076, -3.021750869380466102E-17 ) ) ;
#4218 = DIRECTION ( 'NONE',  ( -0.8660254037844383745, -0.5000000000000004441, 0.000000000000000000 ) ) ;
#4219 = VECTOR ( 'NONE', #1303, 1000.000000000000000 ) ;
#4220 = VECTOR ( 'NONE', #5009, 1000.000000000000000 ) ;
#4221 = LOCAL_TIME ( 10, 32, 40.00000000000000000, #1803 ) ;
#4222 = FACE_OUTER_BOUND ( 'NONE', #1479, .T. ) ;
#4223 = CARTESIAN_POINT ( 'NONE',  ( -90.42235208260152035, -40.42522379191304793, 3.000000000000019096 ) ) ;
#4224 = VECTOR ( 'NONE', #1423, 1000.000000000000000 ) ;
#4225 = FACE_OUTER_BOUND ( 'NONE', #2200, .T. ) ;
#4226 = VECTOR ( 'NONE', #586, 1000.000000000000000 ) ;
#4227 = ORIENTED_EDGE ( 'NONE', *, *, #4412, .F. ) ;
#4228 = CARTESIAN_POINT ( 'NONE',  ( 132.4223520826013214, 21.92860528056675307, 3.000000000000019096 ) ) ;
#4229 = ADVANCED_FACE ( 'NONE', ( #5319 ), #3685, .F. ) ;
#4230 = ORIENTED_EDGE ( 'NONE', *, *, #6375, .F. ) ;
#4231 = VERTEX_POINT ( 'NONE', #5786 ) ;
#4232 = DIRECTION ( 'NONE',  ( -0.4999999999999992228, 0.8660254037844391517, 3.021750869380466718E-17 ) ) ;
#4233 = EDGE_CURVE ( 'NONE', #6393, #6313, #5215, .T. ) ;
#4234 = EDGE_LOOP ( 'NONE', ( #4497, #3363, #1993, #1066 ) ) ;
#4235 = CARTESIAN_POINT ( 'NONE',  ( 48.00000000000000000, 36.89488223348482165, 1.287342634263795411E-15 ) ) ;
#4236 = ADVANCED_FACE ( 'NONE', ( #4920 ), #2385, .F. ) ;
#4237 = FACE_OUTER_BOUND ( 'NONE', #2083, .T. ) ;
#4238 = VERTEX_POINT ( 'NONE', #5014 ) ;
#4239 = CARTESIAN_POINT ( 'NONE',  ( 23.99999999999999289, 36.89488223348483587, 10.00000000000000178 ) ) ;
#4240 = DIRECTION ( 'NONE',  ( -0.5000000000000004441, 0.8660254037844383745, 3.021750869380464253E-17 ) ) ;
#4241 = FACE_OUTER_BOUND ( 'NONE', #560, .T. ) ;
#4242 = CARTESIAN_POINT ( 'NONE',  ( 38.24999999999963762, -202.2374841615669254, 3.000000000000019096 ) ) ;
#4243 = VERTEX_POINT ( 'NONE', #357 ) ;
#4244 = ORIENTED_EDGE ( 'NONE', *, *, #578, .F. ) ;
#4245 = FACE_BOUND ( 'NONE', #3515, .T. ) ;
#4246 = CARTESIAN_POINT ( 'NONE',  ( 72.74999999999998579, 53.78237760728132599, 10.00000000000000178 ) ) ;
#4247 = ADVANCED_FACE ( 'NONE', ( #3432 ), #3360, .F. ) ;
#4248 = ORIENTED_EDGE ( 'NONE', *, *, #1607, .F. ) ;
#4249 = VERTEX_POINT ( 'NONE', #1914 ) ;
#4250 = FACE_BOUND ( 'NONE', #5606, .T. ) ;
#4251 = CARTESIAN_POINT ( 'NONE',  ( 28.49999999999999645, 79.33012701892225493, 2.768000560260221065E-15 ) ) ;
#4252 = EDGE_LOOP ( 'NONE', ( #2784, #3324, #5217, #5545 ) ) ;
#4253 = DIRECTION ( 'NONE',  ( 0.4999999999999998335, 0.8660254037844388186, 3.021750869380465486E-17 ) ) ;
#4254 = PLANE ( 'NONE',  #5585 ) ;
#4255 = DIRECTION ( 'NONE',  ( -0.8660254037844378194, 0.5000000000000015543, 0.000000000000000000 ) ) ;
#4256 = CARTESIAN_POINT ( 'NONE',  ( 72.74999999999998579, 28.66764089753273126, 1.000276301672653757E-15 ) ) ;
#4257 = EDGE_CURVE ( 'NONE', #62, #354, #6449, .T. ) ;
#4258 = AXIS2_PLACEMENT_3D ( 'NONE', #4178, #6212, #3683 ) ;
#4259 = CARTESIAN_POINT ( 'NONE',  ( 26.24999999999999645, 66.77275866404791316, 10.00000000000000178 ) ) ;
#4260 = VERTEX_POINT ( 'NONE', #2452 ) ;
#4261 = EDGE_CURVE ( 'NONE', #8, #1419, #6246, .T. ) ;
#4262 = DIRECTION ( 'NONE',  ( 0.8660254037844388186, -0.4999999999999996669, 0.000000000000000000 ) ) ;
#4263 = ORIENTED_EDGE ( 'NONE', *, *, #4711, .F. ) ;
#4264 = ORIENTED_EDGE ( 'NONE', *, *, #2247, .T. ) ;
#4265 = LINE ( 'NONE', #2696, #4966 ) ;
#4266 = AXIS2_PLACEMENT_3D ( 'NONE', #1200, #5879, #3714 ) ;
#4267 = ORIENTED_EDGE ( 'NONE', *, *, #4790, .T. ) ;
#4268 = FACE_OUTER_BOUND ( 'NONE', #2077, .T. ) ;
#4269 = DIRECTION ( 'NONE',  ( 0.000000000000000000, 0.000000000000000000, 1.000000000000000000 ) ) ;
#4270 = ORIENTED_EDGE ( 'NONE', *, *, #3931, .T. ) ;
#4271 = CARTESIAN_POINT ( 'NONE',  ( 94.49999999999997158, 83.66025403784443881, 10.00000000000000355 ) ) ;
#4272 = DIRECTION ( 'NONE',  ( 0.000000000000000000, 1.000000000000000000, 0.000000000000000000 ) ) ;
#4273 = LINE ( 'NONE', #1131, #2958 ) ;
#4274 = CARTESIAN_POINT ( 'NONE',  ( 43.49999999999998579, 70.66987298107788718, 3.000000000000019096 ) ) ;
#4275 = ORIENTED_EDGE ( 'NONE', *, *, #2247, .F. ) ;
#4276 = AXIS2_PLACEMENT_3D ( 'NONE', #2653, #4681, #6128 ) ;
#4277 = ORIENTED_EDGE ( 'NONE', *, *, #2143, .F. ) ;
#4278 = DIRECTION ( 'NONE',  ( -0.8660254037844384856, 0.5000000000000002220, 0.000000000000000000 ) ) ;
#4279 = CARTESIAN_POINT ( 'NONE',  ( 35.99999999999992184, 66.33974596215564645, 2.314737929853150582E-15 ) ) ;
#4280 = EDGE_LOOP ( 'NONE', ( #4358, #3459, #1280, #4 ) ) ;
#4281 = EDGE_LOOP ( 'NONE', ( #4918, #4167, #4453, #5425 ) ) ;
#4282 = CARTESIAN_POINT ( 'NONE',  ( 67.50000000000000000, -202.2374841615668686, 3.000000000000019096 ) ) ;
#4283 = DIRECTION ( 'NONE',  ( -0.8660254037844399289, -0.4999999999999978351, 0.000000000000000000 ) ) ;
#4284 = ORIENTED_EDGE ( 'NONE', *, *, #3089, .F. ) ;
#4285 = LINE ( 'NONE', #4359, #3008 ) ;
#4286 = FACE_BOUND ( 'NONE', #4880, .T. ) ;
#4287 = EDGE_CURVE ( 'NONE', #6364, #5764, #852, .T. ) ;
#4288 = VECTOR ( 'NONE', #2826, 1000.000000000000000 ) ;
#4289 = DIRECTION ( 'NONE',  ( -0.000000000000000000, 3.489217355721594252E-17, -1.000000000000000000 ) ) ;
#4290 = LINE ( 'NONE', #4828, #1904 ) ;
#4291 = CARTESIAN_POINT ( 'NONE',  ( 121.4999999999999858, 36.89488223348483587, 10.00000000000000178 ) ) ;
#4292 = ORIENTED_EDGE ( 'NONE', *, *, #317, .T. ) ;
#4293 = ORIENTED_EDGE ( 'NONE', *, *, #877, .T. ) ;
#4294 = LINE ( 'NONE', #1219, #3439 ) ;
#4295 = ORIENTED_EDGE ( 'NONE', *, *, #1144, .T. ) ;
#4296 = ADVANCED_FACE ( 'NONE', ( #449 ), #2352, .F. ) ;
#4297 = EDGE_CURVE ( 'NONE', #4249, #5145, #4356, .T. ) ;
#4298 = ORIENTED_EDGE ( 'NONE', *, *, #205, .T. ) ;
#4299 = CARTESIAN_POINT ( 'NONE',  ( 37.50000000000000711, 101.4800689266309348, -7.352509501688614613 ) ) ;
#4300 = VECTOR ( 'NONE', #2381, 1000.000000000000000 ) ;
#4301 = ORIENTED_EDGE ( 'NONE', *, *, #6255, .F. ) ;
#4302 = CARTESIAN_POINT ( 'NONE',  ( 122.6723520826013640, 5.041109906770035565, 3.000000000000019096 ) ) ;
#4303 = CARTESIAN_POINT ( 'NONE',  ( 150.0000000000000000, 17.99486378953768551, 74.56121421188652221 ) ) ;
#4304 = VECTOR ( 'NONE', #3604, 1000.000000000000000 ) ;
#4305 = DIRECTION ( 'NONE',  ( 0.000000000000000000, 1.000000000000000000, 0.000000000000000000 ) ) ;
#4306 = EDGE_CURVE ( 'NONE', #5819, #1035, #2991, .T. ) ;
#4307 = LINE ( 'NONE', #6338, #2174 ) ;
#4308 = DIRECTION ( 'NONE',  ( -0.8660254037844383745, -0.5000000000000003331, -1.744608677860798050E-17 ) ) ;
#4309 = LINE ( 'NONE', #773, #1392 ) ;
#4310 = ORIENTED_EDGE ( 'NONE', *, *, #3112, .T. ) ;
#4311 = EDGE_CURVE ( 'NONE', #5364, #4766, #1816, .T. ) ;
#4312 = VERTEX_POINT ( 'NONE', #5423 ) ;
#4313 = FACE_BOUND ( 'NONE', #2878, .T. ) ;
#4314 = CARTESIAN_POINT ( 'NONE',  ( 55.49999999999997868, 83.66025403784443881, 2.919088103729243901E-15 ) ) ;
#4315 = VECTOR ( 'NONE', #577, 1000.000000000000000 ) ;
#4316 = VERTEX_POINT ( 'NONE', #419 ) ;
#4317 = ORIENTED_EDGE ( 'NONE', *, *, #714, .F. ) ;
#4318 = FACE_BOUND ( 'NONE', #5785, .T. ) ;
#4319 = CARTESIAN_POINT ( 'NONE',  ( 3.000000000000002665, 85.06340628446157837, 10.81072832108006310 ) ) ;
#4320 = ORIENTED_EDGE ( 'NONE', *, *, #3034, .T. ) ;
#4321 = LINE ( 'NONE', #224, #4496 ) ;
#4322 = CARTESIAN_POINT ( 'NONE',  ( 121.4999999999999858, 70.66987298107788718, 2.465825473322174997E-15 ) ) ;
#4323 = EDGE_CURVE ( 'NONE', #4978, #3912, #1414, .T. ) ;
#4324 = DIRECTION ( 'NONE',  ( -1.602468905319637155E-15, -1.000000000000000000, 0.000000000000000000 ) ) ;
#4325 = LINE ( 'NONE', #3232, #5310 ) ;
#4326 = LINE ( 'NONE', #5294, #3391 ) ;
#4327 = VERTEX_POINT ( 'NONE', #1885 ) ;
#4328 = ADVANCED_FACE ( 'NONE', ( #6419, #2857 ), #2959, .F. ) ;
#4329 = ORIENTED_EDGE ( 'NONE', *, *, #4132, .F. ) ;
#4330 = LINE ( 'NONE', #3771, #441 ) ;
#4331 = VECTOR ( 'NONE', #2344, 1000.000000000000000 ) ;
#4332 = ORIENTED_EDGE ( 'NONE', *, *, #6389, .T. ) ;
#4333 = AXIS2_PLACEMENT_3D ( 'NONE', #307, #338, #1428 ) ;
#4334 = AXIS2_PLACEMENT_3D ( 'NONE', #3688, #3127, #5150 ) ;
#4335 = EDGE_CURVE ( 'NONE', #868, #1746, #3927, .T. ) ;
#4336 = VECTOR ( 'NONE', #281, 1000.000000000000000 ) ;
#4337 = VERTEX_POINT ( 'NONE', #6480 ) ;
#4338 = CARTESIAN_POINT ( 'NONE',  ( 101.9999999999999858, 36.89488223348483587, 10.00000000000000178 ) ) ;
#4339 = VECTOR ( 'NONE', #4080, 1000.000000000000114 ) ;
#4340 = EDGE_CURVE ( 'NONE', #5997, #5541, #323, .T. ) ;
#4341 = ADVANCED_FACE ( 'NONE', ( #385 ), #3957, .F. ) ;
#4342 = ORIENTED_EDGE ( 'NONE', *, *, #6062, .T. ) ;
#4343 = DIRECTION ( 'NONE',  ( -0.000000000000000000, 3.489217355721594252E-17, -1.000000000000000000 ) ) ;
#4344 = DIRECTION ( 'NONE',  ( -0.8660254037844378194, -0.5000000000000015543, 0.000000000000000000 ) ) ;
#4345 = CARTESIAN_POINT ( 'NONE',  ( 37.50000000000000711, 104.4764486738543354, -3.995172996297861712 ) ) ;
#4346 = CARTESIAN_POINT ( 'NONE',  ( 38.25000000000000711, 28.66764089753275613, 3.000000000000019096 ) ) ;
#4347 = LINE ( 'NONE', #4410, #2417 ) ;
#4348 = ADVANCED_FACE ( 'NONE', ( #3401 ), #5588, .F. ) ;
#4349 = DIRECTION ( 'NONE',  ( 1.602468905319638141E-15, 1.000000000000000000, 0.000000000000000000 ) ) ;
#4350 = EDGE_CURVE ( 'NONE', #6070, #2614, #1983, .T. ) ;
#4351 = VERTEX_POINT ( 'NONE', #1013 ) ;
#4352 = VERTEX_POINT ( 'NONE', #4055 ) ;
#4353 = CARTESIAN_POINT ( 'NONE',  ( 0.000000000000000000, 0.000000000000000000, 0.000000000000000000 ) ) ;
#4354 = CARTESIAN_POINT ( 'NONE',  ( 43.49999999999998579, 36.89488223348483587, 10.00000000000000178 ) ) ;
#4355 = VERTEX_POINT ( 'NONE', #1514 ) ;
#4356 = LINE ( 'NONE', #4455, #5084 ) ;
#4357 = LINE ( 'NONE', #1176, #420 ) ;
#4358 = ORIENTED_EDGE ( 'NONE', *, *, #6568, .T. ) ;
#4359 = CARTESIAN_POINT ( 'NONE',  ( -83.29735208260149193, -52.76608579584110714, 3.000000000000019096 ) ) ;
#4360 = FACE_OUTER_BOUND ( 'NONE', #1256, .T. ) ;
#4361 = AXIS2_PLACEMENT_3D ( 'NONE', #3928, #2893, #2858 ) ;
#4362 = DIRECTION ( 'NONE',  ( 3.204937810639276281E-15, 1.000000000000000000, 0.000000000000000000 ) ) ;
#4363 = DIRECTION ( 'NONE',  ( -0.8660254037844387076, -0.4999999999999998890, -1.744608677860796818E-17 ) ) ;
#4364 = DIRECTION ( 'NONE',  ( -1.602468905319633408E-15, -1.000000000000000000, -3.489217355721594252E-17 ) ) ;
#4365 = VERTEX_POINT ( 'NONE', #2108 ) ;
#4366 = EDGE_CURVE ( 'NONE', #4978, #4096, #1103, .T. ) ;
#4367 = ORIENTED_EDGE ( 'NONE', *, *, #4257, .F. ) ;
#4368 = CARTESIAN_POINT ( 'NONE',  ( 112.4999999999999858, 104.4764486738543354, -3.995172996297875034 ) ) ;
#4369 = ORIENTED_EDGE ( 'NONE', *, *, #2020, .F. ) ;
#4370 = VECTOR ( 'NONE', #287, 1000.000000000000114 ) ;
#4371 = VERTEX_POINT ( 'NONE', #5170 ) ;
#4372 = DIRECTION ( 'NONE',  ( -0.000000000000000000, 3.489217355721594252E-17, -1.000000000000000000 ) ) ;
#4373 = VERTEX_POINT ( 'NONE', #3022 ) ;
#4374 = LINE ( 'NONE', #2338, #2388 ) ;
#4375 = DIRECTION ( 'NONE',  ( 0.000000000000000000, -1.000000000000000000, 0.000000000000000000 ) ) ;
#4376 = CARTESIAN_POINT ( 'NONE',  ( 141.0000000000000000, 79.33012701892224072, 2.768000560260220670E-15 ) ) ;
#4377 = DIRECTION ( 'NONE',  ( 0.4999999999999998335, 0.8660254037844388186, 3.021750869380465486E-17 ) ) ;
#4378 = VECTOR ( 'NONE', #85, 1000.000000000000000 ) ;
#4379 = CARTESIAN_POINT ( 'NONE',  ( 94.49999999999997158, 83.66025403784443881, 3.000000000000019096 ) ) ;
#4380 = VERTEX_POINT ( 'NONE', #84 ) ;
#4381 = ORIENTED_EDGE ( 'NONE', *, *, #1230, .F. ) ;
#4382 = DIRECTION ( 'NONE',  ( -0.000000000000000000, 3.489217355721594252E-17, -1.000000000000000000 ) ) ;
#4383 = CARTESIAN_POINT ( 'NONE',  ( 150.0000000000000000, 49.99999999999999289, 140.0000000000000000 ) ) ;
#4384 = VECTOR ( 'NONE', #5095, 1000.000000000000114 ) ;
#4385 = EDGE_CURVE ( 'NONE', #5088, #1186, #6085, .T. ) ;
#4386 = ORIENTED_EDGE ( 'NONE', *, *, #378, .F. ) ;
#4387 = EDGE_CURVE ( 'NONE', #1568, #156, #548, .T. ) ;
#4388 = DIRECTION ( 'NONE',  ( 0.5000000000000004441, 0.8660254037844384856, 3.021750869380464253E-17 ) ) ;
#4389 = DIRECTION ( 'NONE',  ( 0.000000000000000000, 1.000000000000000000, 0.000000000000000000 ) ) ;
#4390 = CARTESIAN_POINT ( 'NONE',  ( 133.4999999999999147, 66.33974596215564645, 10.00000000000000178 ) ) ;
#4391 = VECTOR ( 'NONE', #27, 1000.000000000000114 ) ;
#4392 = DIRECTION ( 'NONE',  ( -1.880926496205912652E-16, 0.000000000000000000, -1.000000000000000000 ) ) ;
#4393 = DIRECTION ( 'NONE',  ( 0.8660254037844385966, 0.4999999999999998890, 0.000000000000000000 ) ) ;
#4394 = ADVANCED_FACE ( 'NONE', ( #6175 ), #4025, .F. ) ;
#4395 = DIRECTION ( 'NONE',  ( -0.000000000000000000, -1.000000000000000000, -3.489217355721594252E-17 ) ) ;
#4396 = CARTESIAN_POINT ( 'NONE',  ( 82.49999999999998579, -202.2374841615668686, 3.000000000000019096 ) ) ;
#4397 = EDGE_CURVE ( 'NONE', #1477, #1254, #5556, .T. ) ;
#4398 = CARTESIAN_POINT ( 'NONE',  ( 92.24999999999995737, 20.00738685968831732, 6.981012147346063084E-16 ) ) ;
#4399 = ORIENTED_EDGE ( 'NONE', *, *, #3848, .T. ) ;
#4400 = VERTEX_POINT ( 'NONE', #1075 ) ;
#4401 = DIRECTION ( 'NONE',  ( -0.000000000000000000, 0.000000000000000000, -1.000000000000000000 ) ) ;
#4402 = ORIENTED_EDGE ( 'NONE', *, *, #5800, .T. ) ;
#4403 = LINE ( 'NONE', #5504, #3381 ) ;
#4404 = ORIENTED_EDGE ( 'NONE', *, *, #585, .T. ) ;
#4405 = CARTESIAN_POINT ( 'NONE',  ( 116.2499999999999858, 62.44263164512570086, 10.00000000000000178 ) ) ;
#4406 = COORDINATED_UNIVERSAL_TIME_OFFSET ( 3, 0, .BEHIND. ) ;
#4407 = AXIS2_PLACEMENT_3D ( 'NONE', #341, #3484, #3416 ) ;
#4408 = DIRECTION ( 'NONE',  ( 0.4999999999999998335, -0.8660254037844388186, -3.021750869380465486E-17 ) ) ;
#4409 = CARTESIAN_POINT ( 'NONE',  ( -93.04735208260130719, -35.87859042204421911, 3.000000000000019096 ) ) ;
#4410 = CARTESIAN_POINT ( 'NONE',  ( 35.99999999999997868, 32.56475521456263067, 10.00000000000000178 ) ) ;
#4411 = DIRECTION ( 'NONE',  ( -0.000000000000000000, 3.489217355721594252E-17, -1.000000000000000000 ) ) ;
#4412 = EDGE_CURVE ( 'NONE', #5333, #4816, #23, .T. ) ;
#4413 = ORIENTED_EDGE ( 'NONE', *, *, #843, .T. ) ;
#4414 = AXIS2_PLACEMENT_3D ( 'NONE', #6407, #840, #6438 ) ;
#4415 = VERTEX_POINT ( 'NONE', #4613 ) ;
#4416 = DIRECTION ( 'NONE',  ( 0.000000000000000000, -1.224646799147352961E-16, 1.000000000000000000 ) ) ;
#4417 = CARTESIAN_POINT ( 'NONE',  ( 38.25000000000000711, 28.66764089753275613, 10.00000000000000178 ) ) ;
#4418 = VERTEX_POINT ( 'NONE', #53 ) ;
#4419 = DIRECTION ( 'NONE',  ( -0.8660254037844387076, -0.4999999999999998335, -1.744608677860794044E-17 ) ) ;
#4420 = EDGE_CURVE ( 'NONE', #995, #5018, #2486, .T. ) ;
#4421 = DIRECTION ( 'NONE',  ( -1.000000000000000000, 1.602468905319637155E-15, 5.591362316445462519E-32 ) ) ;
#4422 = CARTESIAN_POINT ( 'NONE',  ( 133.4999999999998863, 49.88526329025138040, 3.000000000000019096 ) ) ;
#4423 = PLANE ( 'NONE',  #5222 ) ;
#4424 = EDGE_CURVE ( 'NONE', #2954, #6192, #519, .T. ) ;
#4425 = VECTOR ( 'NONE', #6408, 1000.000000000000000 ) ;
#4426 = CARTESIAN_POINT ( 'NONE',  ( 33.74999999999997158, -202.2374841615668686, 3.000000000000019096 ) ) ;
#4427 = ADVANCED_FACE ( 'NONE', ( #3561 ), #3589, .T. ) ;
#4428 = LINE ( 'NONE', #1892, #4181 ) ;
#4429 = DIRECTION ( 'NONE',  ( -0.000000000000000000, -1.000000000000000000, -3.489217355721593635E-17 ) ) ;
#4430 = LINE ( 'NONE', #1894, #2848 ) ;
#4431 = ORIENTED_EDGE ( 'NONE', *, *, #5696, .F. ) ;
#4432 = CARTESIAN_POINT ( 'NONE',  ( 104.2500000000000000, 49.45225058835914922, 3.000000000000019096 ) ) ;
#4433 = ORIENTED_EDGE ( 'NONE', *, *, #2369, .F. ) ;
#4434 = DIRECTION ( 'NONE',  ( -0.4999999999999985567, -0.8660254037844394848, -3.021750869380467951E-17 ) ) ;
#4435 = EDGE_CURVE ( 'NONE', #2532, #3175, #4113, .T. ) ;
#4436 = EDGE_LOOP ( 'NONE', ( #3004, #3757, #5838, #3475 ) ) ;
#4437 = VECTOR ( 'NONE', #3308, 1000.000000000000000 ) ;
#4438 = VERTEX_POINT ( 'NONE', #4083 ) ;
#4439 = FACE_OUTER_BOUND ( 'NONE', #4884, .T. ) ;
#4440 = VECTOR ( 'NONE', #4552, 1000.000000000000000 ) ;
#4441 = ORIENTED_EDGE ( 'NONE', *, *, #430, .F. ) ;
#4442 = LINE ( 'NONE', #6014, #5798 ) ;
#4443 = VECTOR ( 'NONE', #2244, 1000.000000000000000 ) ;
#4444 = EDGE_CURVE ( 'NONE', #401, #4371, #4581, .T. ) ;
#4445 = AXIS2_PLACEMENT_3D ( 'NONE', #5199, #2877, #1300 ) ;
#4446 = LINE ( 'NONE', #5005, #1638 ) ;
#4447 = LINE ( 'NONE', #3949, #4971 ) ;
#4448 = CARTESIAN_POINT ( 'NONE',  ( 101.9999999999999858, -202.2374841615668686, 3.000000000000019096 ) ) ;
#4449 = EDGE_CURVE ( 'NONE', #4373, #4159, #1543, .T. ) ;
#4450 = EDGE_LOOP ( 'NONE', ( #4894, #1787, #1508, #2766, #174, #5000 ) ) ;
#4451 = ORIENTED_EDGE ( 'NONE', *, *, #6372, .F. ) ;
#4452 = LINE ( 'NONE', #5420, #1031 ) ;
#4453 = ORIENTED_EDGE ( 'NONE', *, *, #6410, .F. ) ;
#4454 = CARTESIAN_POINT ( 'NONE',  ( 112.4999999999999858, 101.4800689266309348, -7.352509501688626159 ) ) ;
#4455 = CARTESIAN_POINT ( 'NONE',  ( 23.99999999999999289, 79.33012701892224072, 10.00000000000000355 ) ) ;
#4456 = DIRECTION ( 'NONE',  ( -0.000000000000000000, 3.489217355721594252E-17, -1.000000000000000000 ) ) ;
#4457 = LINE ( 'NONE', #5960, #4486 ) ;
#4458 = DIRECTION ( 'NONE',  ( 0.8660254037844378194, -0.5000000000000015543, 0.000000000000000000 ) ) ;
#4459 = LINE ( 'NONE', #6033, #1511 ) ;
#4460 = LINE ( 'NONE', #3835, #4713 ) ;
#4461 = CARTESIAN_POINT ( 'NONE',  ( 104.2500000000000000, 49.45225058835914922, 10.00000000000000178 ) ) ;
#4462 = DIRECTION ( 'NONE',  ( 0.8660254037844388186, 0.4999999999999996669, 0.000000000000000000 ) ) ;
#4463 = ORIENTED_EDGE ( 'NONE', *, *, #5703, .T. ) ;
#4464 = FACE_BOUND ( 'NONE', #1655, .T. ) ;
#4465 = VECTOR ( 'NONE', #2762, 1000.000000000000114 ) ;
#4466 = ADVANCED_FACE ( 'NONE', ( #6547 ), #981, .F. ) ;
#4467 = ORIENTED_EDGE ( 'NONE', *, *, #1763, .T. ) ;
#4468 = LINE ( 'NONE', #4900, #2730 ) ;
#4469 = EDGE_CURVE ( 'NONE', #3942, #6126, #2612, .T. ) ;
#4470 = VERTEX_POINT ( 'NONE', #2707 ) ;
#4471 = ORIENTED_EDGE ( 'NONE', *, *, #4209, .F. ) ;
#4472 = DIRECTION ( 'NONE',  ( 1.602468905319637155E-15, 1.000000000000000000, 0.000000000000000000 ) ) ;
#4473 = EDGE_LOOP ( 'NONE', ( #2211, #4895, #3576, #3087 ) ) ;
#4474 = DIRECTION ( 'NONE',  ( 0.8660254037844387076, 0.4999999999999997780, 0.000000000000000000 ) ) ;
#4475 = PLANE ( 'NONE',  #172 ) ;
#4476 = DIRECTION ( 'NONE',  ( -0.000000000000000000, 3.489217355721594252E-17, -1.000000000000000000 ) ) ;
#4477 = DIRECTION ( 'NONE',  ( -0.8660254037844383745, 0.5000000000000003331, 0.000000000000000000 ) ) ;
#4478 = VERTEX_POINT ( 'NONE', #706 ) ;
#4479 = EDGE_LOOP ( 'NONE', ( #4210, #5260, #1343, #3935 ) ) ;
#4480 = LINE ( 'NONE', #4383, #607 ) ;
#4481 = ORIENTED_EDGE ( 'NONE', *, *, #2773, .F. ) ;
#4482 = PLANE ( 'NONE',  #5929 ) ;
#4483 = DIRECTION ( 'NONE',  ( 1.000000000000000000, 0.000000000000000000, -1.880926496205912652E-16 ) ) ;
#4484 = CARTESIAN_POINT ( 'NONE',  ( -85.54735208260144930, -48.86897147881128234, 3.000000000000019096 ) ) ;
#4485 = CARTESIAN_POINT ( 'NONE',  ( -0.001000000000001000089, 85.06340628446157837, 12.91072832108004143 ) ) ;
#4486 = VECTOR ( 'NONE', #5526, 1000.000000000000000 ) ;
#4487 = EDGE_LOOP ( 'NONE', ( #710, #6007, #5008, #644, #189, #6130 ) ) ;
#4488 = LINE ( 'NONE', #2928, #6517 ) ;
#4489 = DIRECTION ( 'NONE',  ( 0.8660254037844387076, -0.4999999999999998890, -1.744608677860796818E-17 ) ) ;
#4490 = CARTESIAN_POINT ( 'NONE',  ( 72.74999999999998579, 53.78237760728132599, 1.876584053792984316E-15 ) ) ;
#4491 = VECTOR ( 'NONE', #2264, 1000.000000000000000 ) ;
#4492 = PLANE ( 'NONE',  #3806 ) ;
#4493 = ORIENTED_EDGE ( 'NONE', *, *, #5940, .T. ) ;
#4494 = CARTESIAN_POINT ( 'NONE',  ( 40.50000000000000711, 86.48368917940751999, 3.017603892716205135E-15 ) ) ;
#4495 = EDGE_CURVE ( 'NONE', #2652, #2316, #5272, .T. ) ;
#4496 = VECTOR ( 'NONE', #1212, 1000.000000000000000 ) ;
#4497 = ORIENTED_EDGE ( 'NONE', *, *, #1759, .F. ) ;
#4498 = PLANE ( 'NONE',  #173 ) ;
#4499 = ORIENTED_EDGE ( 'NONE', *, *, #4340, .T. ) ;
#4500 = ORIENTED_EDGE ( 'NONE', *, *, #3204, .T. ) ;
#4501 = FACE_OUTER_BOUND ( 'NONE', #3394, .T. ) ;
#4502 = EDGE_CURVE ( 'NONE', #4847, #3113, #737, .T. ) ;
#4503 = ADVANCED_FACE ( 'NONE', ( #2743 ), #6339, .T. ) ;
#4504 = VERTEX_POINT ( 'NONE', #5204 ) ;
#4505 = DIRECTION ( 'NONE',  ( -0.8660254037844395958, -0.4999999999999982792, 0.000000000000000000 ) ) ;
#4506 = VECTOR ( 'NONE', #3567, 1000.000000000000000 ) ;
#4507 = CARTESIAN_POINT ( 'NONE',  ( -102.7973520826015204, -18.99109504824825123, 3.000000000000019096 ) ) ;
#4508 = PLANE ( 'NONE',  #2895 ) ;
#4509 = ORIENTED_EDGE ( 'NONE', *, *, #2020, .T. ) ;
#4510 = ORIENTED_EDGE ( 'NONE', *, *, #5013, .F. ) ;
#4511 = FACE_OUTER_BOUND ( 'NONE', #2214, .T. ) ;
#4512 = ORIENTED_EDGE ( 'NONE', *, *, #1326, .T. ) ;
#4513 = LINE ( 'NONE', #979, #1011 ) ;
#4514 = CARTESIAN_POINT ( 'NONE',  ( 92.24999999999997158, 62.44263164512573638, 2.178759140731031568E-15 ) ) ;
#4515 = ADVANCED_FACE ( 'NONE', ( #1773 ), #5307, .F. ) ;
#4516 = FACE_OUTER_BOUND ( 'NONE', #3373, .T. ) ;
#4517 = CYLINDRICAL_SURFACE ( 'NONE', #756, 2.100000000000000977 ) ;
#4518 = VECTOR ( 'NONE', #855, 1000.000000000000000 ) ;
#4519 = ORIENTED_EDGE ( 'NONE', *, *, #3982, .T. ) ;
#4520 = CARTESIAN_POINT ( 'NONE',  ( -75.79735208260147772, -65.75646685260841195, 3.000000000000019096 ) ) ;
#4521 = VECTOR ( 'NONE', #6223, 1000.000000000000114 ) ;
#4522 = DIRECTION ( 'NONE',  ( 1.000000000000000000, -0.000000000000000000, -0.000000000000000000 ) ) ;
#4523 = CARTESIAN_POINT ( 'NONE',  ( 67.50000000000000000, 70.66987298107780191, 3.000000000000019096 ) ) ;
#4524 = LINE ( 'NONE', #859, #1125 ) ;
#4525 = ORIENTED_EDGE ( 'NONE', *, *, #3729, .T. ) ;
#4526 = AXIS2_PLACEMENT_3D ( 'NONE', #3207, #5012, #1883 ) ;
#4527 = CARTESIAN_POINT ( 'NONE',  ( 18.74999999999998934, 62.44263164512570086, 2.178759140731030384E-15 ) ) ;
#4528 = EDGE_CURVE ( 'NONE', #1970, #3587, #1702, .T. ) ;
#4529 = VECTOR ( 'NONE', #3849, 1000.000000000000000 ) ;
#4530 = ORIENTED_EDGE ( 'NONE', *, *, #5013, .T. ) ;
#4531 = FACE_OUTER_BOUND ( 'NONE', #5505, .T. ) ;
#4532 = VERTEX_POINT ( 'NONE', #611 ) ;
#4533 = ORIENTED_EDGE ( 'NONE', *, *, #1362, .T. ) ;
#4534 = CARTESIAN_POINT ( 'NONE',  ( 92.24999999999995737, 20.00738685968831732, 10.00000000000000000 ) ) ;
#4535 = ADVANCED_FACE ( 'NONE', ( #2207 ), #5240, .F. ) ;
#4536 = ORIENTED_EDGE ( 'NONE', *, *, #1001, .T. ) ;
#4537 = CARTESIAN_POINT ( 'NONE',  ( 67.50000000000000000, 45.55513627132927468, 1.589517721201844240E-15 ) ) ;
#4538 = AXIS2_PLACEMENT_3D ( 'NONE', #2517, #6418, #1344 ) ;
#4539 = VECTOR ( 'NONE', #5195, 1000.000000000000000 ) ;
#4540 = LINE ( 'NONE', #2946, #4193 ) ;
#4541 = EDGE_CURVE ( 'NONE', #726, #4365, #4671, .T. ) ;
#4542 = CARTESIAN_POINT ( 'NONE',  ( 142.1723520826012077, 38.81610065436338886, 3.000000000000019096 ) ) ;
#4543 = ORIENTED_EDGE ( 'NONE', *, *, #5854, .T. ) ;
#4544 = VECTOR ( 'NONE', #4722, 1000.000000000000000 ) ;
#4545 = ORIENTED_EDGE ( 'NONE', *, *, #3834, .F. ) ;
#4546 = DIRECTION ( 'NONE',  ( 3.318315740031391761E-16, -1.734723475976807094E-16, 1.000000000000000000 ) ) ;
#4547 = LOCAL_TIME ( 10, 32, 40.00000000000000000, #4406 ) ;
#4548 = ORIENTED_EDGE ( 'NONE', *, *, #506, .T. ) ;
#4549 = CARTESIAN_POINT ( 'NONE',  ( 26.24999999999999645, 66.77275866404791316, 2.329846684200054404E-15 ) ) ;
#4550 = VECTOR ( 'NONE', #957, 1000.000000000000000 ) ;
#4551 = AXIS2_PLACEMENT_3D ( 'NONE', #3499, #4421, #5458 ) ;
#4552 = DIRECTION ( 'NONE',  ( 0.000000000000000000, -1.000000000000000000, -3.489217355721596717E-17 ) ) ;
#4553 = EDGE_CURVE ( 'NONE', #5018, #782, #3315, .T. ) ;
#4554 = DIRECTION ( 'NONE',  ( -0.000000000000000000, 3.489217355721594252E-17, -1.000000000000000000 ) ) ;
#4555 = DIRECTION ( 'NONE',  ( -1.000000000000000000, -0.000000000000000000, 3.318315740031391761E-16 ) ) ;
#4556 = VERTEX_POINT ( 'NONE', #244 ) ;
#4557 = LINE ( 'NONE', #4988, #6406 ) ;
#4558 = DIRECTION ( 'NONE',  ( 1.000000000000000000, -0.000000000000000000, -1.437389243825479109E-16 ) ) ;
#4559 = CARTESIAN_POINT ( 'NONE',  ( 112.4999999999999858, 104.4764486738543354, -3.995172996297874146 ) ) ;
#4560 = DIRECTION ( 'NONE',  ( 0.8660254037844399289, 0.4999999999999976130, 0.000000000000000000 ) ) ;
#4561 = DIRECTION ( 'NONE',  ( 0.000000000000000000, -1.000000000000000000, -1.796801581883919789E-15 ) ) ;
#4562 = ORIENTED_EDGE ( 'NONE', *, *, #660, .T. ) ;
#4563 = CARTESIAN_POINT ( 'NONE',  ( 109.4999999999999858, 101.4800689266309348, -7.352509501688625271 ) ) ;
#4564 = ORIENTED_EDGE ( 'NONE', *, *, #4934, .F. ) ;
#4565 = ADVANCED_FACE ( 'NONE', ( #4704 ), #112, .F. ) ;
#4566 = PLANE ( 'NONE',  #2288 ) ;
#4567 = VERTEX_POINT ( 'NONE', #5708 ) ;
#4568 = ORIENTED_EDGE ( 'NONE', *, *, #4424, .F. ) ;
#4569 = DIRECTION ( 'NONE',  ( 0.8660254037844383745, -0.5000000000000003331, 0.000000000000000000 ) ) ;
#4570 = VECTOR ( 'NONE', #4554, 1000.000000000000000 ) ;
#4571 = EDGE_LOOP ( 'NONE', ( #2729, #1468, #128, #4263 ) ) ;
#4572 = DIRECTION ( 'NONE',  ( -0.8660254037844382635, 0.5000000000000006661, 0.000000000000000000 ) ) ;
#4573 = DIRECTION ( 'NONE',  ( -0.000000000000000000, 1.000000000000000000, 3.489217355721594868E-17 ) ) ;
#4574 = FACE_OUTER_BOUND ( 'NONE', #6361, .T. ) ;
#4575 = ORIENTED_EDGE ( 'NONE', *, *, #5027, .T. ) ;
#4576 = ORIENTED_EDGE ( 'NONE', *, *, #956, .F. ) ;
#4577 = DIRECTION ( 'NONE',  ( -0.8660254037844374864, 0.5000000000000021094, 0.000000000000000000 ) ) ;
#4578 = VERTEX_POINT ( 'NONE', #143 ) ;
#4579 = FACE_OUTER_BOUND ( 'NONE', #5844, .T. ) ;
#4580 = VECTOR ( 'NONE', #1860, 1000.000000000000000 ) ;
#4581 = LINE ( 'NONE', #3649, #5290 ) ;
#4582 = LINE ( 'NONE', #24, #5336 ) ;
#4583 = ORIENTED_EDGE ( 'NONE', *, *, #6039, .T. ) ;
#4584 = CARTESIAN_POINT ( 'NONE',  ( 0.000000000000000000, 17.99486378953768195, 34.56121421188654352 ) ) ;
#4585 = CARTESIAN_POINT ( 'NONE',  ( 135.0473520826014635, 26.47523865043491398, 3.000000000000019096 ) ) ;
#4586 = EDGE_CURVE ( 'NONE', #5207, #4355, #2094, .T. ) ;
#4587 = EDGE_CURVE ( 'NONE', #48, #5207, #177, .T. ) ;
#4588 = DIRECTION ( 'NONE',  ( 0.8660254037844388186, -0.4999999999999996669, 0.000000000000000000 ) ) ;
#4589 = PLANE ( 'NONE',  #3147 ) ;
#4590 = LINE ( 'NONE', #559, #6142 ) ;
#4591 = ORIENTED_EDGE ( 'NONE', *, *, #5223, .F. ) ;
#4592 = VECTOR ( 'NONE', #2915, 1000.000000000000000 ) ;
#4593 = CARTESIAN_POINT ( 'NONE',  ( 131.2500000000000000, 28.66764089753271350, 10.00000000000000178 ) ) ;
#4594 = EDGE_CURVE ( 'NONE', #3846, #1010, #6240, .T. ) ;
#4595 = ADVANCED_FACE ( 'NONE', ( #4241 ), #1164, .F. ) ;
#4596 = EDGE_LOOP ( 'NONE', ( #1862, #4267, #5935, #732, #4680, #5328 ) ) ;
#4597 = DIRECTION ( 'NONE',  ( 1.602468905319633408E-15, 1.000000000000000000, 0.000000000000000000 ) ) ;
#4598 = DIRECTION ( 'NONE',  ( 0.8660254037844378194, 0.5000000000000015543, 0.000000000000000000 ) ) ;
#4599 = ORIENTED_EDGE ( 'NONE', *, *, #3073, .T. ) ;
#4600 = VECTOR ( 'NONE', #6188, 1000.000000000000000 ) ;
#4601 = ORIENTED_EDGE ( 'NONE', *, *, #3780, .F. ) ;
#4602 = PLANE ( 'NONE',  #6112 ) ;
#4603 = EDGE_LOOP ( 'NONE', ( #5762, #3111, #2640, #4677 ) ) ;
#4604 = DIRECTION ( 'NONE',  ( 0.000000000000000000, -1.000000000000000000, -3.489217355721593635E-17 ) ) ;
#4605 = FACE_OUTER_BOUND ( 'NONE', #1964, .T. ) ;
#4606 = ORIENTED_EDGE ( 'NONE', *, *, #3536, .T. ) ;
#4607 = ORIENTED_EDGE ( 'NONE', *, *, #3756, .T. ) ;
#4608 = DIRECTION ( 'NONE',  ( 1.000000000000000000, -0.000000000000000000, -1.437389243825479109E-16 ) ) ;
#4609 = VECTOR ( 'NONE', #3314, 1000.000000000000114 ) ;
#4610 = ORIENTED_EDGE ( 'NONE', *, *, #6207, .T. ) ;
#4611 = LINE ( 'NONE', #52, #6031 ) ;
#4612 = EDGE_CURVE ( 'NONE', #365, #332, #1630, .T. ) ;
#4613 = CARTESIAN_POINT ( 'NONE',  ( 53.24999999999997868, 53.78237760728132599, 3.000000000000019096 ) ) ;
#4614 = DIRECTION ( 'NONE',  ( -0.8660254037844385966, 0.4999999999999998890, 0.000000000000000000 ) ) ;
#4615 = ORIENTED_EDGE ( 'NONE', *, *, #3073, .F. ) ;
#4616 = DIRECTION ( 'NONE',  ( 1.130013531886300531E-16, 0.000000000000000000, 1.000000000000000000 ) ) ;
#4617 = FACE_OUTER_BOUND ( 'NONE', #5985, .T. ) ;
#4618 = EDGE_CURVE ( 'NONE', #2316, #5397, #4273, .T. ) ;
#4619 = VECTOR ( 'NONE', #4472, 1000.000000000000000 ) ;
#4620 = CARTESIAN_POINT ( 'NONE',  ( 150.0000000000000000, 3.000000000000000000, 3.673940397442059375E-16 ) ) ;
#4621 = EDGE_CURVE ( 'NONE', #812, #5096, #4347, .T. ) ;
#4622 = LINE ( 'NONE', #5122, #5289 ) ;
#4623 = EDGE_LOOP ( 'NONE', ( #4040, #4298, #3704, #3563 ) ) ;
#4624 = ADVANCED_FACE ( 'NONE', ( #5913 ), #1440, .F. ) ;
#4625 = CARTESIAN_POINT ( 'NONE',  ( 84.74999999999997158, 15.67725984076613699, 3.000000000000019096 ) ) ;
#4626 = VECTOR ( 'NONE', #5513, 1000.000000000000114 ) ;
#4627 = CARTESIAN_POINT ( 'NONE',  ( 123.7500000000000426, 49.45225058835912080, 1.725496510323960691E-15 ) ) ;
#4628 = ADVANCED_FACE ( 'NONE', ( #3422 ), #6505, .F. ) ;
#4629 = CARTESIAN_POINT ( 'NONE',  ( 150.0010000000000048, 1.141983802888053159E-14, 34.56121421188650089 ) ) ;
#4630 = ORIENTED_EDGE ( 'NONE', *, *, #3269, .F. ) ;
#4631 = ORIENTED_EDGE ( 'NONE', *, *, #3691, .T. ) ;
#4632 = VECTOR ( 'NONE', #6083, 1000.000000000000000 ) ;
#4633 = VERTEX_POINT ( 'NONE', #1907 ) ;
#4634 = CARTESIAN_POINT ( 'NONE',  ( 18.75000000000000355, 53.78237760728131889, 10.00000000000000178 ) ) ;
#4635 = PLANE ( 'NONE',  #4213 ) ;
#4636 = EDGE_LOOP ( 'NONE', ( #3554, #5655, #5668, #1153 ) ) ;
#4637 = VERTEX_POINT ( 'NONE', #2947 ) ;
#4638 = LINE ( 'NONE', #1042, #1464 ) ;
#4639 = AXIS2_PLACEMENT_3D ( 'NONE', #2689, #3661, #621 ) ;
#4640 = EDGE_CURVE ( 'NONE', #726, #4567, #5950, .T. ) ;
#4641 = ORIENTED_EDGE ( 'NONE', *, *, #5933, .F. ) ;
#4642 = DIRECTION ( 'NONE',  ( 0.8660254037844387076, -0.4999999999999998335, -1.744608677860798667E-17 ) ) ;
#4643 = EDGE_CURVE ( 'NONE', #4665, #4997, #6441, .T. ) ;
#4644 = CARTESIAN_POINT ( 'NONE',  ( 53.24999999999997868, 62.44263164512573638, 2.178759140731031568E-15 ) ) ;
#4645 = CARTESIAN_POINT ( 'NONE',  ( 94.49999999999997158, 32.56475521456263067, 1.136255090794772180E-15 ) ) ;
#4646 = VERTEX_POINT ( 'NONE', #5878 ) ;
#4647 = CARTESIAN_POINT ( 'NONE',  ( 26.24999999999999645, 15.67725984076617074, 5.470136712655848522E-16 ) ) ;
#4648 = DIRECTION ( 'NONE',  ( -0.8660254037844383745, 0.5000000000000004441, 1.744608677860799899E-17 ) ) ;
#4649 = VECTOR ( 'NONE', #3090, 1000.000000000000000 ) ;
#4650 = LINE ( 'NONE', #3125, #3677 ) ;
#4651 = VECTOR ( 'NONE', #1069, 1000.000000000000000 ) ;
#4652 = APPROVAL_PERSON_ORGANIZATION ( #372, #3868, #2404 ) ;
#4653 = FACE_OUTER_BOUND ( 'NONE', #6363, .T. ) ;
#4654 = ORIENTED_EDGE ( 'NONE', *, *, #4586, .T. ) ;
#4655 = DIRECTION ( 'NONE',  ( 0.8660254037844385966, 0.4999999999999998890, 0.000000000000000000 ) ) ;
#4656 = CARTESIAN_POINT ( 'NONE',  ( 106.5000000000000000, 36.89488223348482165, 1.287342634263795411E-15 ) ) ;
#4657 = CARTESIAN_POINT ( 'NONE',  ( 65.25000000000000000, 15.67725984076614942, 5.470136712655840633E-16 ) ) ;
#4658 = EDGE_LOOP ( 'NONE', ( #3205, #139, #12, #4512, #576, #4747 ) ) ;
#4659 = VERTEX_POINT ( 'NONE', #5378 ) ;
#4660 = EDGE_CURVE ( 'NONE', #6350, #4418, #3885, .T. ) ;
#4661 = EDGE_CURVE ( 'NONE', #2599, #1277, #1372, .T. ) ;
#4662 = EDGE_LOOP ( 'NONE', ( #6226, #3359, #3032, #2941 ) ) ;
#4663 = PLANE ( 'NONE',  #682 ) ;
#4664 = FACE_OUTER_BOUND ( 'NONE', #6133, .T. ) ;
#4665 = VERTEX_POINT ( 'NONE', #1875 ) ;
#4666 = VERTEX_POINT ( 'NONE', #5414 ) ;
#4667 = CARTESIAN_POINT ( 'NONE',  ( 82.49999999999998579, 79.33012701892224072, 3.000000000000019096 ) ) ;
#4668 = VECTOR ( 'NONE', #2186, 1000.000000000000114 ) ;
#4669 = ORIENTED_EDGE ( 'NONE', *, *, #4449, .F. ) ;
#4670 = LINE ( 'NONE', #4052, #5060 ) ;
#4671 = LINE ( 'NONE', #3819, #2194 ) ;
#4672 = DIRECTION ( 'NONE',  ( 0.4999999999999999445, 0.8660254037844387076, 3.021750869380466102E-17 ) ) ;
#4673 = ORIENTED_EDGE ( 'NONE', *, *, #6580, .T. ) ;
#4674 = CARTESIAN_POINT ( 'NONE',  ( 94.49999999999991473, 49.88526329025141592, 1.740605264670865696E-15 ) ) ;
#4675 = DIRECTION ( 'NONE',  ( -0.000000000000000000, 3.489217355721594252E-17, -1.000000000000000000 ) ) ;
#4676 = VECTOR ( 'NONE', #5351, 1000.000000000000000 ) ;
#4677 = ORIENTED_EDGE ( 'NONE', *, *, #555, .F. ) ;
#4678 = CARTESIAN_POINT ( 'NONE',  ( 122.6723520826015914, 5.041109906770008031, 3.000000000000019096 ) ) ;
#4679 = CARTESIAN_POINT ( 'NONE',  ( 43.49999999999998579, 45.55513627132918941, 1.589517721201841282E-15 ) ) ;
#4680 = ORIENTED_EDGE ( 'NONE', *, *, #1262, .T. ) ;
#4681 = DIRECTION ( 'NONE',  ( 1.000000000000000000, -0.000000000000000000, -1.437389243825479109E-16 ) ) ;
#4682 = DIRECTION ( 'NONE',  ( 0.000000000000000000, 0.000000000000000000, 1.000000000000000000 ) ) ;
#4683 = CLOSED_SHELL ( 'NONE', ( #141, #5730, #4983, #2467, #664, #2852, #6084, #4155, #800, #409, #4427, #2550, #5180, #356, #4067, #3902, #1532, #1173, #920, #3055, #1386, #628, #4515, #4015, #5904, #4503, #2076, #4328, #5572, #3624, #665, #1737, #4077, #3445, #4824, #2885, #2617, #5928, #4138, #270, #2305, #101, #2056, #4595, #469, #6005, #2834, #4196, #837, #2026, #2403, #4957, #4875, #3768, #2751, #2284, #2464, #2963, #1194, #5517, #2059, #5603, #433, #6193, #2708, #3171, #5403, #1496, #4229, #4394, #5391, #3641, #2428, #992, #3211, #5429, #3399, #2627, #4958, #542, #1091, #2882, #3066, #3080, #765, #186, #2145, #4236, #2120, #2438, #839, #1553, #4565, #3505, #1364, #1841, #4348, #1038, #2167, #2019, #4686, #1767, #1900, #6491, #3732, #4296, #2648, #2342, #5210, #1726, #3720, #1631, #2687, #495, #3990, #4466, #6485, #1766, #5501, #4904, #5684, #5339, #4817, #1948, #6129, #3123, #5133, #6253, #4341, #6201, #2910, #1170, #788, #3881, #36, #4203, #3453, #1067, #2080, #3728, #3938, #3167, #2670, #591, #1000, #4799, #1475, #6492, #5549, #2518, #6137, #4133, #6182, #2068, #4991, #3477, #3237, #4247, #3418, #80, #2345, #1717, #865, #388, #4994, #2966, #4826, #1524, #6518, #3698, #4899, #2225, #2715, #2099, #2358, #1355, #4624, #2574, #3540, #2624, #6027, #2334, #297, #6539, #3613, #4628, #1196, #4535, #5530, #3758, #3042, #5766, #2154, #953, #1115 ) ) ;
#4684 = CARTESIAN_POINT ( 'NONE',  ( 77.24999999999998579, 20.00738685968835640, 10.00000000000000000 ) ) ;
#4685 = ORIENTED_EDGE ( 'NONE', *, *, #4502, .F. ) ;
#4686 = ADVANCED_FACE ( 'NONE', ( #842 ), #2408, .F. ) ;
#4687 = CARTESIAN_POINT ( 'NONE',  ( 121.4999999999999858, 45.55513627132918941, 3.000000000000019096 ) ) ;
#4688 = ORIENTED_EDGE ( 'NONE', *, *, #2705, .T. ) ;
#4689 = VECTOR ( 'NONE', #2511, 1000.000000000000000 ) ;
#4690 = EDGE_CURVE ( 'NONE', #5583, #1882, #5447, .T. ) ;
#4691 = EDGE_LOOP ( 'NONE', ( #6143, #4198, #3830, #4752, #2380, #4134, #2277, #4610 ) ) ;
#4692 = DIRECTION ( 'NONE',  ( -0.000000000000000000, 0.000000000000000000, -1.000000000000000000 ) ) ;
#4693 = LINE ( 'NONE', #2102, #3380 ) ;
#4694 = AXIS2_PLACEMENT_3D ( 'NONE', #6422, #2721, #1854 ) ;
#4695 = EDGE_CURVE ( 'NONE', #6263, #3342, #4909, .T. ) ;
#4696 = EDGE_CURVE ( 'NONE', #3306, #6263, #2809, .T. ) ;
#4697 = ORIENTED_EDGE ( 'NONE', *, *, #1959, .T. ) ;
#4698 = CARTESIAN_POINT ( 'NONE',  ( 154.5473520826015772, 60.25022939802790489, 3.000000000000019096 ) ) ;
#4699 = PLANE ( 'NONE',  #5618 ) ;
#4700 = VECTOR ( 'NONE', #1744, 1000.000000000000000 ) ;
#4701 = ORIENTED_EDGE ( 'NONE', *, *, #2565, .F. ) ;
#4702 = LINE ( 'NONE', #2166, #6227 ) ;
#4703 = CARTESIAN_POINT ( 'NONE',  ( 67.50000000000000000, 36.89488223348482165, 1.287342634263795411E-15 ) ) ;
#4704 = FACE_OUTER_BOUND ( 'NONE', #4473, .T. ) ;
#4705 = CARTESIAN_POINT ( 'NONE',  ( 150.0000000000000000, 49.99999999999999289, 90.00000000000001421 ) ) ;
#4706 = ORIENTED_EDGE ( 'NONE', *, *, #959, .T. ) ;
#4707 = CARTESIAN_POINT ( 'NONE',  ( 113.9999999999999716, 83.66025403784443881, 3.000000000000019096 ) ) ;
#4708 = CARTESIAN_POINT ( 'NONE',  ( 3.000000000000000000, -202.2374841615668686, 3.000000000000019096 ) ) ;
#4709 = ORIENTED_EDGE ( 'NONE', *, *, #5856, .F. ) ;
#4710 = ORIENTED_EDGE ( 'NONE', *, *, #2759, .T. ) ;
#4711 = EDGE_CURVE ( 'NONE', #4470, #4108, #810, .T. ) ;
#4712 = FACE_BOUND ( 'NONE', #6345, .T. ) ;
#4713 = VECTOR ( 'NONE', #2426, 1000.000000000000000 ) ;
#4714 = LINE ( 'NONE', #291, #4043 ) ;
#4715 = ORIENTED_EDGE ( 'NONE', *, *, #2123, .F. ) ;
#4716 = DIRECTION ( 'NONE',  ( -0.8660254037844387076, -0.4999999999999998890, -1.744608677860796818E-17 ) ) ;
#4717 = DIRECTION ( 'NONE',  ( -0.000000000000000000, 3.489217355721594252E-17, -1.000000000000000000 ) ) ;
#4718 = AXIS2_PLACEMENT_3D ( 'NONE', #1469, #3913, #5001 ) ;
#4719 = EDGE_CURVE ( 'NONE', #3923, #6502, #4976, .T. ) ;
#4720 = DIRECTION ( 'NONE',  ( 0.8660254037844378194, 0.5000000000000015543, 0.000000000000000000 ) ) ;
#4721 = LINE ( 'NONE', #1318, #4668 ) ;
#4722 = DIRECTION ( 'NONE',  ( 0.000000000000000000, -1.000000000000000000, 0.000000000000000000 ) ) ;
#4723 = ORIENTED_EDGE ( 'NONE', *, *, #6456, .T. ) ;
#4724 = EDGE_CURVE ( 'NONE', #1118, #4418, #376, .T. ) ;
#4725 = FACE_OUTER_BOUND ( 'NONE', #3715, .T. ) ;
#4726 = VECTOR ( 'NONE', #275, 1000.000000000000000 ) ;
#4727 = VERTEX_POINT ( 'NONE', #2847 ) ;
#4728 = ORIENTED_EDGE ( 'NONE', *, *, #1408, .T. ) ;
#4729 = CARTESIAN_POINT ( 'NONE',  ( 96.75000000000041211, -202.2374841615667265, 3.000000000000019096 ) ) ;
#4730 = CIRCLE ( 'NONE', #1652, 4.499999999999995559 ) ;
#4731 = EDGE_LOOP ( 'NONE', ( #70, #1188, #193, #1743 ) ) ;
#4732 = CARTESIAN_POINT ( 'NONE',  ( 26.24999999999999645, 49.45225058835914922, 10.00000000000000178 ) ) ;
#4733 = EDGE_CURVE ( 'NONE', #3606, #1497, #4447, .T. ) ;
#4734 = CARTESIAN_POINT ( 'NONE',  ( 45.75000000000000000, 15.67725984076615653, 5.470136712655843591E-16 ) ) ;
#4735 = ORIENTED_EDGE ( 'NONE', *, *, #5634, .T. ) ;
#4736 = LINE ( 'NONE', #4678, #6331 ) ;
#4737 = DIRECTION ( 'NONE',  ( 0.8660254037844387076, 0.4999999999999997780, 0.000000000000000000 ) ) ;
#4738 = DIRECTION ( 'NONE',  ( 1.000000000000000000, 0.000000000000000000, 0.000000000000000000 ) ) ;
#4739 = DIRECTION ( 'NONE',  ( 0.8660254037844378194, 0.5000000000000015543, 0.000000000000000000 ) ) ;
#4740 = ORIENTED_EDGE ( 'NONE', *, *, #353, .T. ) ;
#4741 = ORIENTED_EDGE ( 'NONE', *, *, #4944, .T. ) ;
#4742 = DIRECTION ( 'NONE',  ( 0.8660254037844383745, 0.5000000000000004441, 1.744608677860797742E-17 ) ) ;
#4743 = DIRECTION ( 'NONE',  ( 0.8660254037844383745, 0.5000000000000004441, 0.000000000000000000 ) ) ;
#4744 = CC_DESIGN_PERSON_AND_ORGANIZATION_ASSIGNMENT ( #3945, #2474, ( #6356 ) ) ;
#4745 = ORIENTED_EDGE ( 'NONE', *, *, #3379, .T. ) ;
#4746 = EDGE_CURVE ( 'NONE', #6126, #4231, #4878, .T. ) ;
#4747 = ORIENTED_EDGE ( 'NONE', *, *, #3367, .T. ) ;
#4748 = FACE_BOUND ( 'NONE', #1562, .T. ) ;
#4749 = VECTOR ( 'NONE', #705, 1000.000000000000000 ) ;
#4750 = AXIS2_PLACEMENT_3D ( 'NONE', #5067, #509, #3637 ) ;
#4751 = DIRECTION ( 'NONE',  ( 1.000000000000000000, 0.000000000000000000, 0.000000000000000000 ) ) ;
#4752 = ORIENTED_EDGE ( 'NONE', *, *, #5362, .T. ) ;
#4753 = CARTESIAN_POINT ( 'NONE',  ( 16.49999999999998579, 32.56475521456263067, 1.136255090794772180E-15 ) ) ;
#4754 = CARTESIAN_POINT ( 'NONE',  ( 33.74999999999997158, 28.66764089753274902, 10.00000000000000178 ) ) ;
#4755 = AXIS2_PLACEMENT_3D ( 'NONE', #4684, #6160, #595 ) ;
#4756 = EDGE_CURVE ( 'NONE', #6531, #4038, #908, .T. ) ;
#4757 = VECTOR ( 'NONE', #5077, 1000.000000000000000 ) ;
#4758 = LINE ( 'NONE', #1250, #6543 ) ;
#4759 = CYLINDRICAL_SURFACE ( 'NONE', #1696, 2.100000000000000977 ) ;
#4760 = CARTESIAN_POINT ( 'NONE',  ( 74.99999999999994316, 49.88526329025139461, 3.000000000000019096 ) ) ;
#4761 = VECTOR ( 'NONE', #3464, 1000.000000000000000 ) ;
#4762 = ORIENTED_EDGE ( 'NONE', *, *, #1406, .F. ) ;
#4763 = DIRECTION ( 'NONE',  ( -0.8660254037844392627, 0.4999999999999987788, 0.000000000000000000 ) ) ;
#4764 = ORIENTED_EDGE ( 'NONE', *, *, #2929, .F. ) ;
#4765 = EDGE_CURVE ( 'NONE', #6578, #4504, #2598, .T. ) ;
#4766 = VERTEX_POINT ( 'NONE', #3662 ) ;
#4767 = LINE ( 'NONE', #6230, #391 ) ;
#4768 = ORIENTED_EDGE ( 'NONE', *, *, #1969, .F. ) ;
#4769 = CARTESIAN_POINT ( 'NONE',  ( 150.0010000000000048, 17.99486378953768195, 34.56121421188649379 ) ) ;
#4770 = DIRECTION ( 'NONE',  ( 1.000000000000000000, 0.000000000000000000, -0.000000000000000000 ) ) ;
#4771 = ORIENTED_EDGE ( 'NONE', *, *, #3809, .T. ) ;
#4772 = DIRECTION ( 'NONE',  ( -0.8660254037844383745, 0.5000000000000004441, 1.744608677860799899E-17 ) ) ;
#4773 = CARTESIAN_POINT ( 'NONE',  ( 26.24999999999999645, 32.99776791645494001, 1.151363845141677580E-15 ) ) ;
#4774 = CARTESIAN_POINT ( 'NONE',  ( -73.54735208260143509, -69.65358116963723489, 3.000000000000019096 ) ) ;
#4775 = CARTESIAN_POINT ( 'NONE',  ( 74.99999999999998579, 83.66025403784443881, 3.000000000000019096 ) ) ;
#4776 = EDGE_CURVE ( 'NONE', #3587, #3707, #5128, .T. ) ;
#4777 = VECTOR ( 'NONE', #483, 1000.000000000000114 ) ;
#4778 = VERTEX_POINT ( 'NONE', #4657 ) ;
#4779 = ORIENTED_EDGE ( 'NONE', *, *, #4449, .T. ) ;
#4780 = CARTESIAN_POINT ( 'NONE',  ( 101.9999999999999858, 45.55513627132918941, 3.000000000000019096 ) ) ;
#4781 = DIRECTION ( 'NONE',  ( -0.000000000000000000, 3.489217355721594252E-17, -1.000000000000000000 ) ) ;
#4782 = ORIENTED_EDGE ( 'NONE', *, *, #4387, .F. ) ;
#4783 = EDGE_LOOP ( 'NONE', ( #3483, #3681, #4111, #4834, #2920, #2764 ) ) ;
#4784 = FACE_BOUND ( 'NONE', #277, .T. ) ;
#4785 = CARTESIAN_POINT ( 'NONE',  ( 150.0000000000000000, 49.99999999999999289, 140.0000000000000000 ) ) ;
#4786 = EDGE_LOOP ( 'NONE', ( #4509, #4745, #5484, #5407 ) ) ;
#4787 = CARTESIAN_POINT ( 'NONE',  ( 116.2499999999999716, 20.00738685968833508, 3.000000000000019096 ) ) ;
#4788 = EDGE_CURVE ( 'NONE', #3846, #4847, #1148, .T. ) ;
#4789 = LINE ( 'NONE', #4426, #4518 ) ;
#4790 = EDGE_CURVE ( 'NONE', #1238, #4659, #5604, .T. ) ;
#4791 = PLANE ( 'NONE',  #1090 ) ;
#4792 = CARTESIAN_POINT ( 'NONE',  ( 28.49999999999999645, -202.2374841615668686, 3.000000000000019096 ) ) ;
#4793 = EDGE_CURVE ( 'NONE', #3977, #2964, #5664, .T. ) ;
#4794 = VECTOR ( 'NONE', #1606, 1000.000000000000114 ) ;
#4795 = DIRECTION ( 'NONE',  ( 0.8660254037844392627, -0.4999999999999987788, 0.000000000000000000 ) ) ;
#4796 = VERTEX_POINT ( 'NONE', #5694 ) ;
#4797 = DIRECTION ( 'NONE',  ( -0.000000000000000000, 3.489217355721594252E-17, -1.000000000000000000 ) ) ;
#4798 = ORIENTED_EDGE ( 'NONE', *, *, #5302, .T. ) ;
#4799 = ADVANCED_FACE ( 'NONE', ( #1027 ), #5190, .F. ) ;
#4800 = EDGE_LOOP ( 'NONE', ( #3808, #6012, #2283, #6278 ) ) ;
#4801 = LINE ( 'NONE', #4729, #73 ) ;
#4802 = EDGE_CURVE ( 'NONE', #2160, #487, #3103, .T. ) ;
#4803 = AXIS2_PLACEMENT_3D ( 'NONE', #6483, #4027, #3024 ) ;
#4804 = ORIENTED_EDGE ( 'NONE', *, *, #1274, .T. ) ;
#4805 = DIRECTION ( 'NONE',  ( 1.000000000000000000, -0.000000000000000000, -1.130013531886300531E-16 ) ) ;
#4806 = LINE ( 'NONE', #2806, #3277 ) ;
#4807 = DIRECTION ( 'NONE',  ( -1.954618001100627820E-16, 0.000000000000000000, -1.000000000000000000 ) ) ;
#4808 = LINE ( 'NONE', #243, #6235 ) ;
#4809 = DIRECTION ( 'NONE',  ( -0.4999999999999982792, 0.8660254037844397068, 3.021750869380468567E-17 ) ) ;
#4810 = FACE_OUTER_BOUND ( 'NONE', #6109, .T. ) ;
#4811 = VERTEX_POINT ( 'NONE', #622 ) ;
#4812 = AXIS2_PLACEMENT_3D ( 'NONE', #1752, #4253, #3797 ) ;
#4813 = ORIENTED_EDGE ( 'NONE', *, *, #4098, .T. ) ;
#4814 = FACE_OUTER_BOUND ( 'NONE', #6432, .T. ) ;
#4815 = FACE_OUTER_BOUND ( 'NONE', #4190, .T. ) ;
#4816 = VERTEX_POINT ( 'NONE', #162 ) ;
#4817 = ADVANCED_FACE ( 'NONE', ( #2568 ), #39, .F. ) ;
#4818 = ORIENTED_EDGE ( 'NONE', *, *, #4311, .T. ) ;
#4819 = FACE_BOUND ( 'NONE', #2097, .T. ) ;
#4820 = DIRECTION ( 'NONE',  ( 0.8660254037844383745, 0.5000000000000004441, 1.744608677860797742E-17 ) ) ;
#4821 = ORIENTED_EDGE ( 'NONE', *, *, #6410, .T. ) ;
#4822 = DIRECTION ( 'NONE',  ( -0.000000000000000000, 3.489217355721594252E-17, -1.000000000000000000 ) ) ;
#4823 = LINE ( 'NONE', #825, #789 ) ;
#4824 = ADVANCED_FACE ( 'NONE', ( #4225 ), #3132, .T. ) ;
#4825 = AXIS2_PLACEMENT_3D ( 'NONE', #6587, #5120, #1954 ) ;
#4826 = ADVANCED_FACE ( 'NONE', ( #5098 ), #2063, .F. ) ;
#4827 = DIRECTION ( 'NONE',  ( -1.000000000000000000, 1.602468905319637155E-15, 5.591362316445462519E-32 ) ) ;
#4828 = CARTESIAN_POINT ( 'NONE',  ( 87.00000000000000000, 45.55513627132927468, 10.00000000000000178 ) ) ;
#4829 = EDGE_CURVE ( 'NONE', #6100, #2951, #1558, .T. ) ;
#4830 = CARTESIAN_POINT ( 'NONE',  ( 72.74999999999998579, 62.44263164512573638, 10.00000000000000178 ) ) ;
#4831 = ORIENTED_EDGE ( 'NONE', *, *, #4306, .F. ) ;
#4832 = EDGE_LOOP ( 'NONE', ( #368, #5246, #4706, #2680, #5317, #4292 ) ) ;
#4833 = DIRECTION ( 'NONE',  ( -1.000000000000000000, -0.000000000000000000, -0.000000000000000000 ) ) ;
#4834 = ORIENTED_EDGE ( 'NONE', *, *, #6228, .T. ) ;
#4835 = CC_DESIGN_PERSON_AND_ORGANIZATION_ASSIGNMENT ( #2373, #936, ( #6356 ) ) ;
#4836 = ORIENTED_EDGE ( 'NONE', *, *, #361, .F. ) ;
#4837 = CARTESIAN_POINT ( 'NONE',  ( 104.2500000000000000, 32.99776791645489737, 10.00000000000000178 ) ) ;
#4838 = VECTOR ( 'NONE', #3789, 1000.000000000000114 ) ;
#4839 = EDGE_LOOP ( 'NONE', ( #453, #5722, #3039, #2354, #3307, #2716 ) ) ;
#4840 = LINE ( 'NONE', #3347, #894 ) ;
#4841 = PLANE ( 'NONE',  #2845 ) ;
#4842 = ORIENTED_EDGE ( 'NONE', *, *, #4039, .F. ) ;
#4843 = DIRECTION ( 'NONE',  ( 1.000000000000000000, 0.000000000000000000, -1.954618001100627820E-16 ) ) ;
#4844 = CARTESIAN_POINT ( 'NONE',  ( 62.99999999999998579, 36.89488223348483587, 10.00000000000000178 ) ) ;
#4845 = DIRECTION ( 'NONE',  ( -0.000000000000000000, 3.489217355721594252E-17, -1.000000000000000000 ) ) ;
#4846 = CARTESIAN_POINT ( 'NONE',  ( 94.49999999999991473, 66.33974596215564645, 3.000000000000019096 ) ) ;
#4847 = VERTEX_POINT ( 'NONE', #1088 ) ;
#4848 = ORIENTED_EDGE ( 'NONE', *, *, #1470, .F. ) ;
#4849 = LINE ( 'NONE', #4353, #1003 ) ;
#4850 = CARTESIAN_POINT ( 'NONE',  ( 48.00000000000000000, 70.66987298107780191, 10.00000000000000178 ) ) ;
#4851 = AXIS2_PLACEMENT_3D ( 'NONE', #1629, #3559, #3053 ) ;
#4852 = ORIENTED_EDGE ( 'NONE', *, *, #3156, .T. ) ;
#4853 = EDGE_CURVE ( 'NONE', #2383, #365, #96, .T. ) ;
#4854 = FACE_BOUND ( 'NONE', #1174, .T. ) ;
#4855 = LINE ( 'NONE', #4785, #5537 ) ;
#4856 = VERTEX_POINT ( 'NONE', #1058 ) ;
#4857 = CARTESIAN_POINT ( 'NONE',  ( 48.00000000000000000, 79.33012701892225493, 2.768000560260221065E-15 ) ) ;
#4858 = DIRECTION ( 'NONE',  ( -1.437389243825479109E-16, 0.000000000000000000, -1.000000000000000000 ) ) ;
#4859 = DIRECTION ( 'NONE',  ( -0.8660254037844378194, 0.5000000000000015543, 0.000000000000000000 ) ) ;
#4860 = DIRECTION ( 'NONE',  ( 0.8660254037844379305, -0.5000000000000013323, 0.000000000000000000 ) ) ;
#4861 = LINE ( 'NONE', #4398, #4969 ) ;
#4862 = ORIENTED_EDGE ( 'NONE', *, *, #1890, .F. ) ;
#4863 = EDGE_LOOP ( 'NONE', ( #2720, #4981, #709, #661 ) ) ;
#4864 = LINE ( 'NONE', #3340, #1714 ) ;
#4865 = VECTOR ( 'NONE', #4476, 1000.000000000000000 ) ;
#4866 = ORIENTED_EDGE ( 'NONE', *, *, #2547, .F. ) ;
#4867 = LOCAL_TIME ( 10, 32, 40.00000000000000000, #5474 ) ;
#4868 = VECTOR ( 'NONE', #427, 1000.000000000000000 ) ;
#4869 = VECTOR ( 'NONE', #2249, 1000.000000000000000 ) ;
#4870 = EDGE_LOOP ( 'NONE', ( #3099, #466, #3953, #3186 ) ) ;
#4871 = LINE ( 'NONE', #1832, #1456 ) ;
#4872 = ORIENTED_EDGE ( 'NONE', *, *, #2565, .T. ) ;
#4873 = DIRECTION ( 'NONE',  ( -0.000000000000000000, 1.000000000000000000, 3.489217355721594868E-17 ) ) ;
#4874 = EDGE_CURVE ( 'NONE', #1741, #1640, #6224, .T. ) ;
#4875 = ADVANCED_FACE ( 'NONE', ( #3699 ), #2093, .F. ) ;
#4876 = PLANE ( 'NONE',  #1748 ) ;
#4877 = CARTESIAN_POINT ( 'NONE',  ( 55.49999999999992184, 49.88526329025141592, 1.740605264670865696E-15 ) ) ;
#4878 = LINE ( 'NONE', #5981, #4331 ) ;
#4879 = CARTESIAN_POINT ( 'NONE',  ( 104.2500000000000000, 66.77275866404791316, 2.329846684200054404E-15 ) ) ;
#4880 = EDGE_LOOP ( 'NONE', ( #3468, #1127 ) ) ;
#4881 = ORIENTED_EDGE ( 'NONE', *, *, #2957, .F. ) ;
#4882 = FACE_BOUND ( 'NONE', #1297, .T. ) ;
#4883 = CARTESIAN_POINT ( 'NONE',  ( 28.49999999999999645, -202.2374841615668686, 3.000000000000019096 ) ) ;
#4884 = EDGE_LOOP ( 'NONE', ( #513, #5680, #1537, #3892 ) ) ;
#4885 = DIRECTION ( 'NONE',  ( -1.437389243825479109E-16, 0.000000000000000000, -1.000000000000000000 ) ) ;
#4886 = CARTESIAN_POINT ( 'NONE',  ( 37.50000000000000711, 101.4800689266309348, -7.352509501688614613 ) ) ;
#4887 = ORIENTED_EDGE ( 'NONE', *, *, #5623, .T. ) ;
#4888 = CARTESIAN_POINT ( 'NONE',  ( 106.5000000000000000, 36.89488223348482165, 1.287342634263795411E-15 ) ) ;
#4889 = DIRECTION ( 'NONE',  ( 0.4999999999999999445, -0.8660254037844387076, -3.021750869380466102E-17 ) ) ;
#4890 = VECTOR ( 'NONE', #254, 1000.000000000000114 ) ;
#4891 = DIRECTION ( 'NONE',  ( 0.000000000000000000, -1.000000000000000000, -3.489217355721594252E-17 ) ) ;
#4892 = LINE ( 'NONE', #6000, #5438 ) ;
#4893 = CARTESIAN_POINT ( 'NONE',  ( 87.00000000000000000, 36.89488223348482165, 3.000000000000019096 ) ) ;
#4894 = ORIENTED_EDGE ( 'NONE', *, *, #2832, .F. ) ;
#4895 = ORIENTED_EDGE ( 'NONE', *, *, #3290, .T. ) ;
#4896 = CARTESIAN_POINT ( 'NONE',  ( 113.9999999999999147, 49.88526329025141592, 10.00000000000000178 ) ) ;
#4897 = VECTOR ( 'NONE', #5278, 1000.000000000000114 ) ;
#4898 = EDGE_LOOP ( 'NONE', ( #3745, #1593, #1691, #892 ) ) ;
#4899 = ADVANCED_FACE ( 'NONE', ( #127 ), #5728, .F. ) ;
#4900 = CARTESIAN_POINT ( 'NONE',  ( 55.49999999999992184, 49.88526329025141592, 1.740605264670865696E-15 ) ) ;
#4901 = ORIENTED_EDGE ( 'NONE', *, *, #1998, .T. ) ;
#4902 = DIRECTION ( 'NONE',  ( -0.000000000000000000, 3.489217355721594252E-17, -1.000000000000000000 ) ) ;
#4903 = APPROVAL_STATUS ( 'not_yet_approved' ) ;
#4904 = ADVANCED_FACE ( 'NONE', ( #1320 ), #6359, .F. ) ;
#4905 = ORIENTED_EDGE ( 'NONE', *, *, #6314, .T. ) ;
#4906 = CARTESIAN_POINT ( 'NONE',  ( 126.0000000000000000, 36.89488223348482165, 1.287342634263795411E-15 ) ) ;
#4907 = EDGE_CURVE ( 'NONE', #1192, #3185, #5327, .T. ) ;
#4908 = DIRECTION ( 'NONE',  ( 0.000000000000000000, -1.000000000000000000, 0.000000000000000000 ) ) ;
#4909 = LINE ( 'NONE', #876, #4219 ) ;
#4910 = VECTOR ( 'NONE', #3218, 1000.000000000000114 ) ;
#4911 = EDGE_CURVE ( 'NONE', #78, #2104, #230, .T. ) ;
#4912 = DIRECTION ( 'NONE',  ( 0.000000000000000000, -1.000000000000000000, 0.000000000000000000 ) ) ;
#4913 = ORIENTED_EDGE ( 'NONE', *, *, #3264, .T. ) ;
#4914 = VERTEX_POINT ( 'NONE', #3873 ) ;
#4915 = CARTESIAN_POINT ( 'NONE',  ( 3.000000000000003109, 85.06340628446157837, 12.91072832108006452 ) ) ;
#4916 = DIRECTION ( 'NONE',  ( -0.8660254037844383745, -0.5000000000000004441, 0.000000000000000000 ) ) ;
#4917 = VECTOR ( 'NONE', #397, 1000.000000000000000 ) ;
#4918 = ORIENTED_EDGE ( 'NONE', *, *, #6015, .T. ) ;
#4919 = CARTESIAN_POINT ( 'NONE',  ( 92.24999999999995737, 20.00738685968831732, 3.000000000000019096 ) ) ;
#4920 = FACE_OUTER_BOUND ( 'NONE', #1784, .T. ) ;
#4921 = CARTESIAN_POINT ( 'NONE',  ( -0.001000000000001000089, 17.99486378953768195, 34.56121421188652221 ) ) ;
#4922 = LINE ( 'NONE', #5492, #643 ) ;
#4923 = AXIS2_PLACEMENT_3D ( 'NONE', #4593, #4125, #6158 ) ;
#4924 = FACE_OUTER_BOUND ( 'NONE', #4623, .T. ) ;
#4925 = EDGE_CURVE ( 'NONE', #1246, #3081, #6324, .T. ) ;
#4926 = FACE_OUTER_BOUND ( 'NONE', #1966, .T. ) ;
#4927 = LINE ( 'NONE', #2494, #1385 ) ;
#4928 = FACE_OUTER_BOUND ( 'NONE', #3275, .T. ) ;
#4929 = ORIENTED_EDGE ( 'NONE', *, *, #413, .F. ) ;
#4930 = LINE ( 'NONE', #303, #5017 ) ;
#4931 = VECTOR ( 'NONE', #4272, 1000.000000000000000 ) ;
#4932 = EDGE_CURVE ( 'NONE', #4811, #4400, #5396, .T. ) ;
#4933 = ORIENTED_EDGE ( 'NONE', *, *, #3612, .F. ) ;
#4934 = EDGE_CURVE ( 'NONE', #6318, #5512, #4861, .T. ) ;
#4935 = DIRECTION ( 'NONE',  ( -0.000000000000000000, 3.489217355721594252E-17, -1.000000000000000000 ) ) ;
#4936 = VERTEX_POINT ( 'NONE', #2261 ) ;
#4937 = CARTESIAN_POINT ( 'NONE',  ( 35.99999999999992184, 66.33974596215564645, 10.00000000000000178 ) ) ;
#4938 = CALENDAR_DATE ( 2026, 14, 9 ) ;
#4939 = VERTEX_POINT ( 'NONE', #2796 ) ;
#4940 = VECTOR ( 'NONE', #5807, 1000.000000000000114 ) ;
#4941 = DIRECTION ( 'NONE',  ( -0.8660254037844378194, -0.5000000000000015543, 0.000000000000000000 ) ) ;
#4942 = CARTESIAN_POINT ( 'NONE',  ( -85.54735208260152035, -48.86897147881133208, 3.000000000000019096 ) ) ;
#4943 = DIRECTION ( 'NONE',  ( -0.000000000000000000, 3.489217355721594252E-17, -1.000000000000000000 ) ) ;
#4944 = EDGE_CURVE ( 'NONE', #4048, #2532, #793, .T. ) ;
#4945 = LINE ( 'NONE', #1941, #3539 ) ;
#4946 = ORIENTED_EDGE ( 'NONE', *, *, #5830, .F. ) ;
#4947 = AXIS2_PLACEMENT_3D ( 'NONE', #5323, #787, #2325 ) ;
#4948 = VERTEX_POINT ( 'NONE', #2828 ) ;
#4949 = CARTESIAN_POINT ( 'NONE',  ( 110.6723520826015914, -15.74349978405650852, 3.000000000000019096 ) ) ;
#4950 = ORIENTED_EDGE ( 'NONE', *, *, #6375, .T. ) ;
#4951 = DIRECTION ( 'NONE',  ( 1.000000000000000000, 0.000000000000000000, 0.000000000000000000 ) ) ;
#4952 = CARTESIAN_POINT ( 'NONE',  ( 84.74999999999998579, 66.77275866404791316, 10.00000000000000178 ) ) ;
#4953 = DIRECTION ( 'NONE',  ( 0.000000000000000000, -0.7460747789757220527, 0.6658621660496468753 ) ) ;
#4954 = CARTESIAN_POINT ( 'NONE',  ( 23.99999999999999289, 36.89488223348483587, 1.287342634263795608E-15 ) ) ;
#4955 = CIRCLE ( 'NONE', #479, 4.499999999999997335 ) ;
#4956 = DIRECTION ( 'NONE',  ( 0.000000000000000000, -1.000000000000000000, -3.489217355721593635E-17 ) ) ;
#4957 = ADVANCED_FACE ( 'NONE', ( #1288 ), #830, .F. ) ;
#4958 = ADVANCED_FACE ( 'NONE', ( #692 ), #2296, .F. ) ;
#4959 = CARTESIAN_POINT ( 'NONE',  ( 28.49999999999999645, 70.66987298107780191, 2.465825473322171841E-15 ) ) ;
#4960 = FACE_OUTER_BOUND ( 'NONE', #4252, .T. ) ;
#4961 = DIRECTION ( 'NONE',  ( 0.000000000000000000, -1.000000000000000000, 0.000000000000000000 ) ) ;
#4962 = VERTEX_POINT ( 'NONE', #1825 ) ;
#4963 = EDGE_LOOP ( 'NONE', ( #2371, #69, #4701, #6170 ) ) ;
#4964 = DIRECTION ( 'NONE',  ( 0.000000000000000000, -1.541976423090495140E-16, 1.000000000000000000 ) ) ;
#4965 = ORIENTED_EDGE ( 'NONE', *, *, #4126, .F. ) ;
#4966 = VECTOR ( 'NONE', #3176, 999.9999999999998863 ) ;
#4967 = VERTEX_POINT ( 'NONE', #3801 ) ;
#4968 = PLANE ( 'NONE',  #3355 ) ;
#4969 = VECTOR ( 'NONE', #4364, 1000.000000000000000 ) ;
#4970 = APPROVAL_ROLE ( '' ) ;
#4971 = VECTOR ( 'NONE', #2311, 1000.000000000000000 ) ;
#4972 = ORIENTED_EDGE ( 'NONE', *, *, #1507, .T. ) ;
#4973 = LINE ( 'NONE', #4906, #2603 ) ;
#4974 = VECTOR ( 'NONE', #1978, 1000.000000000000000 ) ;
#4975 = DIRECTION ( 'NONE',  ( 0.000000000000000000, 0.000000000000000000, -1.000000000000000000 ) ) ;
#4976 = LINE ( 'NONE', #3351, #598 ) ;
#4977 = CARTESIAN_POINT ( 'NONE',  ( 16.49999999999998579, 32.56475521456263067, 10.00000000000000178 ) ) ;
#4978 = VERTEX_POINT ( 'NONE', #4760 ) ;
#4979 = VERTEX_POINT ( 'NONE', #4893 ) ;
#4980 = CARTESIAN_POINT ( 'NONE',  ( 111.7499999999999574, 20.00738685968830310, 3.000000000000019096 ) ) ;
#4981 = ORIENTED_EDGE ( 'NONE', *, *, #2722, .F. ) ;
#4982 = CARTESIAN_POINT ( 'NONE',  ( 18.74999999999998934, 20.00738685968838482, 3.000000000000019096 ) ) ;
#4983 = ADVANCED_FACE ( 'NONE', ( #2362 ), #5898, .F. ) ;
#4984 = CARTESIAN_POINT ( 'NONE',  ( 101.9999999999999858, 45.55513627132918941, 1.589517721201841282E-15 ) ) ;
#4985 = DIRECTION ( 'NONE',  ( -0.8660254037844383745, -0.5000000000000003331, -1.744608677860798050E-17 ) ) ;
#4986 = CARTESIAN_POINT ( 'NONE',  ( 106.5000000000000000, 70.66987298107780191, 2.465825473322171841E-15 ) ) ;
#4987 = ORIENTED_EDGE ( 'NONE', *, *, #6061, .F. ) ;
#4988 = CARTESIAN_POINT ( 'NONE',  ( 62.99999999999998579, 79.33012701892224072, 2.768000560260220670E-15 ) ) ;
#4989 = DIRECTION ( 'NONE',  ( 1.000000000000000000, 0.000000000000000000, -1.880926496205912652E-16 ) ) ;
#4990 = CARTESIAN_POINT ( 'NONE',  ( 96.74999999999998579, 62.44263164512570086, 2.178759140731030384E-15 ) ) ;
#4991 = ADVANCED_FACE ( 'NONE', ( #5834 ), #3734, .F. ) ;
#4992 = LINE ( 'NONE', #6001, #5509 ) ;
#4993 = ORIENTED_EDGE ( 'NONE', *, *, #4323, .F. ) ;
#4994 = ADVANCED_FACE ( 'NONE', ( #1252 ), #3233, .F. ) ;
#4995 = LINE ( 'NONE', #5185, #5455 ) ;
#4996 = VECTOR ( 'NONE', #4456, 1000.000000000000000 ) ;
#4997 = VERTEX_POINT ( 'NONE', #3769 ) ;
#4998 = PLANE ( 'NONE',  #5069 ) ;
#4999 = EDGE_LOOP ( 'NONE', ( #122, #4519, #4187, #3323 ) ) ;
#5000 = ORIENTED_EDGE ( 'NONE', *, *, #1857, .F. ) ;
#5001 = DIRECTION ( 'NONE',  ( 0.000000000000000000, 0.000000000000000000, 1.000000000000000000 ) ) ;
#5002 = EDGE_CURVE ( 'NONE', #2064, #1238, #262, .T. ) ;
#5003 = ORIENTED_EDGE ( 'NONE', *, *, #460, .T. ) ;
#5004 = CARTESIAN_POINT ( 'NONE',  ( 37.50000000000000711, 101.4800689266309348, -4.852509501688611948 ) ) ;
#5005 = CARTESIAN_POINT ( 'NONE',  ( 33.74999999999997158, 28.66764089753274902, 1.000276301672654546E-15 ) ) ;
#5006 = DIRECTION ( 'NONE',  ( -0.4999999999999976685, 0.8660254037844400399, 3.021750869380470416E-17 ) ) ;
#5007 = ORIENTED_EDGE ( 'NONE', *, *, #4104, .F. ) ;
#5008 = ORIENTED_EDGE ( 'NONE', *, *, #1488, .F. ) ;
#5009 = DIRECTION ( 'NONE',  ( 0.000000000000000000, 1.000000000000000000, 0.000000000000000000 ) ) ;
#5010 = ORIENTED_EDGE ( 'NONE', *, *, #4172, .F. ) ;
#5011 = VECTOR ( 'NONE', #1452, 1000.000000000000114 ) ;
#5012 = DIRECTION ( 'NONE',  ( -1.000000000000000000, -3.204937810639276281E-15, -1.118272463289092942E-31 ) ) ;
#5013 = EDGE_CURVE ( 'NONE', #2901, #5297, #4326, .T. ) ;
#5014 = CARTESIAN_POINT ( 'NONE',  ( 106.4999999999999858, 45.55513627132926047, 1.589517721201843845E-15 ) ) ;
#5015 = LINE ( 'NONE', #822, #4996 ) ;
#5016 = LINE ( 'NONE', #451, #3740 ) ;
#5017 = VECTOR ( 'NONE', #1796, 1000.000000000000000 ) ;
#5018 = VERTEX_POINT ( 'NONE', #2763 ) ;
#5019 = DIRECTION ( 'NONE',  ( 1.000000000000000000, -0.000000000000000000, -0.000000000000000000 ) ) ;
#5020 = EDGE_CURVE ( 'NONE', #4979, #1687, #4992, .T. ) ;
#5021 = LINE ( 'NONE', #4703, #4506 ) ;
#5022 = CARTESIAN_POINT ( 'NONE',  ( 133.4999999999999147, 49.88526329025141592, 10.00000000000000178 ) ) ;
#5023 = AXIS2_PLACEMENT_3D ( 'NONE', #5244, #2588, #1546 ) ;
#5024 = CARTESIAN_POINT ( 'NONE',  ( 43.49999999999998579, 79.33012701892224072, 10.00000000000000355 ) ) ;
#5025 = ORIENTED_EDGE ( 'NONE', *, *, #4541, .T. ) ;
#5026 = LINE ( 'NONE', #991, #6187 ) ;
#5027 = EDGE_CURVE ( 'NONE', #3161, #3281, #5565, .T. ) ;
#5028 = VECTOR ( 'NONE', #6121, 1000.000000000000114 ) ;
#5029 = EDGE_CURVE ( 'NONE', #3592, #5801, #4430, .T. ) ;
#5030 = ORIENTED_EDGE ( 'NONE', *, *, #1701, .T. ) ;
#5031 = PLANE ( 'NONE',  #5691 ) ;
#5032 = ORIENTED_EDGE ( 'NONE', *, *, #1658, .F. ) ;
#5033 = VERTEX_POINT ( 'NONE', #4032 ) ;
#5034 = DIRECTION ( 'NONE',  ( -0.000000000000000000, 3.489217355721594252E-17, -1.000000000000000000 ) ) ;
#5035 = CC_DESIGN_DATE_AND_TIME_ASSIGNMENT ( #1332, #3384, ( #3695 ) ) ;
#5036 = EDGE_CURVE ( 'NONE', #5764, #5381, #394, .T. ) ;
#5037 = ORIENTED_EDGE ( 'NONE', *, *, #2547, .T. ) ;
#5038 = LINE ( 'NONE', #6198, #4214 ) ;
#5039 = VECTOR ( 'NONE', #4489, 1000.000000000000000 ) ;
#5040 = CARTESIAN_POINT ( 'NONE',  ( 16.49999999999993250, 66.33974596215564645, 10.00000000000000178 ) ) ;
#5041 = LINE ( 'NONE', #5548, #4689 ) ;
#5042 = ORIENTED_EDGE ( 'NONE', *, *, #4444, .T. ) ;
#5043 = ORIENTED_EDGE ( 'NONE', *, *, #1406, .T. ) ;
#5044 = CARTESIAN_POINT ( 'NONE',  ( 26.24999999999999645, 49.45225058835914922, 1.725496510323961677E-15 ) ) ;
#5045 = ORIENTED_EDGE ( 'NONE', *, *, #4911, .T. ) ;
#5046 = DIRECTION ( 'NONE',  ( -0.8660254037844385966, 0.4999999999999998890, 0.000000000000000000 ) ) ;
#5047 = CARTESIAN_POINT ( 'NONE',  ( 9.000000000000007105, 79.33012701892225493, 10.00000000000000355 ) ) ;
#5048 = CARTESIAN_POINT ( 'NONE',  ( 141.0000000000000000, 45.55513627132918941, 3.000000000000019096 ) ) ;
#5049 = CARTESIAN_POINT ( 'NONE',  ( -80.67235208260144930, -57.31271916570951674, 3.000000000000019096 ) ) ;
#5050 = VECTOR ( 'NONE', #467, 1000.000000000000000 ) ;
#5051 = VERTEX_POINT ( 'NONE', #2495 ) ;
#5052 = LINE ( 'NONE', #919, #1937 ) ;
#5053 = EDGE_CURVE ( 'NONE', #2746, #1378, #2531, .T. ) ;
#5054 = DIRECTION ( 'NONE',  ( -0.4999999999999996669, -0.8660254037844388186, -3.021750869380465486E-17 ) ) ;
#5055 = DIRECTION ( 'NONE',  ( 0.000000000000000000, 1.224646799147352961E-16, -1.000000000000000000 ) ) ;
#5056 = DIRECTION ( 'NONE',  ( -0.000000000000000000, 3.489217355721594252E-17, -1.000000000000000000 ) ) ;
#5057 = EDGE_LOOP ( 'NONE', ( #2103, #4068, #5304, #1871 ) ) ;
#5058 = VECTOR ( 'NONE', #851, 1000.000000000000000 ) ;
#5059 = DIRECTION ( 'NONE',  ( 0.000000000000000000, -1.734723475976807094E-16, 1.000000000000000000 ) ) ;
#5060 = VECTOR ( 'NONE', #5648, 1000.000000000000000 ) ;
#5061 = EDGE_LOOP ( 'NONE', ( #4872, #292, #3409, #1620 ) ) ;
#5062 = DIRECTION ( 'NONE',  ( -0.8660254037844390407, -0.4999999999999992228, -1.744608677860793428E-17 ) ) ;
#5063 = VERTEX_POINT ( 'NONE', #989 ) ;
#5064 = ORIENTED_EDGE ( 'NONE', *, *, #5600, .F. ) ;
#5065 = DIRECTION ( 'NONE',  ( -0.5000000000000004441, 0.8660254037844383745, 3.021750869380464253E-17 ) ) ;
#5066 = EDGE_LOOP ( 'NONE', ( #1471, #4933, #2542, #4277 ) ) ;
#5067 = CARTESIAN_POINT ( 'NONE',  ( 53.24999999999997868, 53.78237760728132599, 10.00000000000000178 ) ) ;
#5068 = AXIS2_PLACEMENT_3D ( 'NONE', #1448, #1946, #1379 ) ;
#5069 = AXIS2_PLACEMENT_3D ( 'NONE', #5971, #4434, #1899 ) ;
#5070 = DIRECTION ( 'NONE',  ( 0.8660254037844388186, 0.4999999999999996669, 0.000000000000000000 ) ) ;
#5071 = EDGE_CURVE ( 'NONE', #3622, #1477, #1389, .T. ) ;
#5072 = CARTESIAN_POINT ( 'NONE',  ( 0.000000000000000000, 85.06340628446157837, 10.81072832108006487 ) ) ;
#5073 = EDGE_CURVE ( 'NONE', #4418, #1676, #4524, .T. ) ;
#5074 = VERTEX_POINT ( 'NONE', #5965 ) ;
#5075 = VECTOR ( 'NONE', #4845, 1000.000000000000000 ) ;
#5076 = ORIENTED_EDGE ( 'NONE', *, *, #187, .F. ) ;
#5077 = DIRECTION ( 'NONE',  ( -5.962354970878714754E-31, -1.000000000000000000, -1.796801581883919789E-15 ) ) ;
#5078 = VECTOR ( 'NONE', #5885, 1000.000000000000000 ) ;
#5079 = LOCAL_TIME ( 10, 32, 40.00000000000000000, #1434 ) ;
#5080 = VERTEX_POINT ( 'NONE', #5934 ) ;
#5081 = DIRECTION ( 'NONE',  ( -0.8660254037844378194, -0.5000000000000015543, 0.000000000000000000 ) ) ;
#5082 = VECTOR ( 'NONE', #5721, 1000.000000000000000 ) ;
#5083 = EDGE_CURVE ( 'NONE', #1152, #1619, #6555, .T. ) ;
#5084 = VECTOR ( 'NONE', #884, 1000.000000000000000 ) ;
#5085 = DIRECTION ( 'NONE',  ( 1.000000000000000000, 0.000000000000000000, -0.000000000000000000 ) ) ;
#5086 = CARTESIAN_POINT ( 'NONE',  ( -90.42235208260144930, -40.42522379191296267, 3.000000000000019096 ) ) ;
#5087 = VERTEX_POINT ( 'NONE', #2998 ) ;
#5088 = VERTEX_POINT ( 'NONE', #2934 ) ;
#5089 = DIRECTION ( 'NONE',  ( -1.000000000000000000, -0.000000000000000000, -0.000000000000000000 ) ) ;
#5090 = LINE ( 'NONE', #6154, #3629 ) ;
#5091 = CARTESIAN_POINT ( 'NONE',  ( 117.7973520826015772, -3.402637780128281442, 3.000000000000019096 ) ) ;
#5092 = LINE ( 'NONE', #988, #4226 ) ;
#5093 = CARTESIAN_POINT ( 'NONE',  ( 150.0000000000000000, 85.06340628446157837, 8.710728321080038583 ) ) ;
#5094 = ORIENTED_EDGE ( 'NONE', *, *, #3333, .T. ) ;
#5095 = DIRECTION ( 'NONE',  ( 0.8660254037844383745, 0.5000000000000004441, 0.000000000000000000 ) ) ;
#5096 = VERTEX_POINT ( 'NONE', #457 ) ;
#5097 = PLANE ( 'NONE',  #5156 ) ;
#5098 = FACE_OUTER_BOUND ( 'NONE', #1310, .T. ) ;
#5099 = ORIENTED_EDGE ( 'NONE', *, *, #3331, .T. ) ;
#5100 = ORIENTED_EDGE ( 'NONE', *, *, #2584, .T. ) ;
#5101 = DIRECTION ( 'NONE',  ( -0.8660254037844374864, 0.5000000000000021094, 1.744608677860804213E-17 ) ) ;
#5102 = EDGE_CURVE ( 'NONE', #2383, #4337, #1459, .T. ) ;
#5103 = ORIENTED_EDGE ( 'NONE', *, *, #5717, .T. ) ;
#5104 = LINE ( 'NONE', #4537, #2702 ) ;
#5105 = CARTESIAN_POINT ( 'NONE',  ( 104.2499999999999858, 32.99776791645488316, 3.000000000000019096 ) ) ;
#5106 = ORIENTED_EDGE ( 'NONE', *, *, #563, .F. ) ;
#5107 = EDGE_CURVE ( 'NONE', #2351, #3838, #2900, .T. ) ;
#5108 = ORIENTED_EDGE ( 'NONE', *, *, #4385, .T. ) ;
#5109 = LINE ( 'NONE', #1009, #298 ) ;
#5110 = EDGE_CURVE ( 'NONE', #2433, #1192, #1956, .T. ) ;
#5111 = ORIENTED_EDGE ( 'NONE', *, *, #4208, .T. ) ;
#5112 = CARTESIAN_POINT ( 'NONE',  ( 38.24999999999999289, 20.00738685968837771, 3.000000000000019096 ) ) ;
#5113 = EDGE_CURVE ( 'NONE', #990, #6502, #2429, .T. ) ;
#5114 = VECTOR ( 'NONE', #4429, 1000.000000000000000 ) ;
#5115 = DIRECTION ( 'NONE',  ( -1.000000000000000000, -0.000000000000000000, 0.000000000000000000 ) ) ;
#5116 = CARTESIAN_POINT ( 'NONE',  ( 84.74999999999998579, 32.99776791645491159, 1.151363845141676593E-15 ) ) ;
#5117 = ORIENTED_EDGE ( 'NONE', *, *, #5743, .F. ) ;
#5118 = LINE ( 'NONE', #4086, #1293 ) ;
#5119 = DIRECTION ( 'NONE',  ( 0.8660254037844387076, -0.4999999999999999445, 0.000000000000000000 ) ) ;
#5120 = DIRECTION ( 'NONE',  ( -0.5000000000000004441, -0.8660254037844383745, -3.021750869380464253E-17 ) ) ;
#5121 = FACE_OUTER_BOUND ( 'NONE', #2735, .T. ) ;
#5122 = CARTESIAN_POINT ( 'NONE',  ( 35.99999999999997868, 32.56475521456263067, 1.136255090794772180E-15 ) ) ;
#5123 = VERTEX_POINT ( 'NONE', #1491 ) ;
#5124 = VECTOR ( 'NONE', #3929, 1000.000000000000000 ) ;
#5125 = LINE ( 'NONE', #3163, #5130 ) ;
#5126 = VECTOR ( 'NONE', #695, 1000.000000000000000 ) ;
#5127 = PLANE ( 'NONE',  #6024 ) ;
#5128 = LINE ( 'NONE', #2691, #5828 ) ;
#5129 = ORIENTED_EDGE ( 'NONE', *, *, #4661, .F. ) ;
#5130 = VECTOR ( 'NONE', #2594, 1000.000000000000000 ) ;
#5131 = EDGE_CURVE ( 'NONE', #1764, #5311, #2460, .T. ) ;
#5132 = EDGE_LOOP ( 'NONE', ( #4599, #6297, #5365, #1902 ) ) ;
#5133 = ADVANCED_FACE ( 'NONE', ( #4928 ), #4492, .F. ) ;
#5134 = ORIENTED_EDGE ( 'NONE', *, *, #5071, .F. ) ;
#5135 = CARTESIAN_POINT ( 'NONE',  ( 65.25000000000000000, 66.77275866404791316, 3.000000000000019096 ) ) ;
#5136 = CARTESIAN_POINT ( 'NONE',  ( -88.17235208260156298, -44.32233810894345538, 3.000000000000019096 ) ) ;
#5137 = EDGE_LOOP ( 'NONE', ( #4467, #5108, #3319, #2833 ) ) ;
#5138 = ORIENTED_EDGE ( 'NONE', *, *, #4132, .T. ) ;
#5139 = CARTESIAN_POINT ( 'NONE',  ( 40.50000000000000711, 100.0000000000000000, 1.596000085651889137E-14 ) ) ;
#5140 = AXIS2_PLACEMENT_3D ( 'NONE', #1421, #5496, #2294 ) ;
#5141 = VERTEX_POINT ( 'NONE', #3934 ) ;
#5142 = PLANE ( 'NONE',  #1340 ) ;
#5143 = DIRECTION ( 'NONE',  ( 0.4999999999999999445, 0.8660254037844387076, 3.021750869380466102E-17 ) ) ;
#5144 = DIRECTION ( 'NONE',  ( -0.5000000000000004441, 0.8660254037844383745, 3.021750869380464253E-17 ) ) ;
#5145 = VERTEX_POINT ( 'NONE', #3440 ) ;
#5146 = CARTESIAN_POINT ( 'NONE',  ( 112.4999999999999858, 86.48368917940753420, -2.033859505912648061E-14 ) ) ;
#5147 = CARTESIAN_POINT ( 'NONE',  ( 121.4999999999999858, 36.89488223348483587, 1.287342634263795608E-15 ) ) ;
#5148 = AXIS2_PLACEMENT_3D ( 'NONE', #4937, #6532, #2876 ) ;
#5149 = DIRECTION ( 'NONE',  ( -0.000000000000000000, 3.489217355721594252E-17, -1.000000000000000000 ) ) ;
#5150 = DIRECTION ( 'NONE',  ( 0.000000000000000000, 0.000000000000000000, 1.000000000000000000 ) ) ;
#5151 = ORIENTED_EDGE ( 'NONE', *, *, #4412, .T. ) ;
#5152 = DIRECTION ( 'NONE',  ( 0.4999999999999999445, 0.8660254037844387076, 3.021750869380466102E-17 ) ) ;
#5153 = EDGE_CURVE ( 'NONE', #5162, #274, #5465, .T. ) ;
#5154 = EDGE_CURVE ( 'NONE', #2614, #3050, #1922, .T. ) ;
#5155 = AXIS2_PLACEMENT_3D ( 'NONE', #2443, #2406, #3916 ) ;
#5156 = AXIS2_PLACEMENT_3D ( 'NONE', #1556, #1087, #2091 ) ;
#5157 = DIRECTION ( 'NONE',  ( 0.000000000000000000, 1.541976423090495140E-16, -1.000000000000000000 ) ) ;
#5158 = DIRECTION ( 'NONE',  ( -0.000000000000000000, 3.489217355721594252E-17, -1.000000000000000000 ) ) ;
#5159 = ORIENTED_EDGE ( 'NONE', *, *, #3869, .T. ) ;
#5160 = ORIENTED_EDGE ( 'NONE', *, *, #1607, .T. ) ;
#5161 = VECTOR ( 'NONE', #4305, 1000.000000000000000 ) ;
#5162 = VERTEX_POINT ( 'NONE', #3474 ) ;
#5163 = PLANE ( 'NONE',  #2623 ) ;
#5164 = PLANE ( 'NONE',  #5804 ) ;
#5165 = VERTEX_POINT ( 'NONE', #5498 ) ;
#5166 = ORIENTED_EDGE ( 'NONE', *, *, #1685, .F. ) ;
#5167 = CARTESIAN_POINT ( 'NONE',  ( 104.2500000000000000, 49.45225058835914922, 10.00000000000000178 ) ) ;
#5168 = ORIENTED_EDGE ( 'NONE', *, *, #2441, .F. ) ;
#5169 = CARTESIAN_POINT ( 'NONE',  ( 48.00000000000000000, 79.33012701892225493, 10.00000000000000355 ) ) ;
#5170 = CARTESIAN_POINT ( 'NONE',  ( 87.00000000000000000, 70.66987298107780191, 2.465825473322171841E-15 ) ) ;
#5171 = CARTESIAN_POINT ( 'NONE',  ( 109.4999999999999858, 101.4800689266309348, -7.352509501688625271 ) ) ;
#5172 = VECTOR ( 'NONE', #68, 1000.000000000000000 ) ;
#5173 = ORIENTED_EDGE ( 'NONE', *, *, #4944, .F. ) ;
#5174 = DIRECTION ( 'NONE',  ( 0.5000000000000004441, 0.8660254037844384856, 3.021750869380464253E-17 ) ) ;
#5175 = DIRECTION ( 'NONE',  ( -0.000000000000000000, -1.000000000000000000, -3.489217355721593635E-17 ) ) ;
#5176 = VECTOR ( 'NONE', #241, 1000.000000000000000 ) ;
#5177 = VECTOR ( 'NONE', #1110, 1000.000000000000114 ) ;
#5178 = VECTOR ( 'NONE', #1482, 999.9999999999998863 ) ;
#5179 = VERTEX_POINT ( 'NONE', #2969 ) ;
#5180 = ADVANCED_FACE ( 'NONE', ( #1054 ), #3658, .T. ) ;
#5181 = CARTESIAN_POINT ( 'NONE',  ( -83.29735208260133561, -52.76608579584055292, 3.000000000000019096 ) ) ;
#5182 = CIRCLE ( 'NONE', #712, 2.500000000000002220 ) ;
#5183 = LINE ( 'NONE', #2592, #1353 ) ;
#5184 = ORIENTED_EDGE ( 'NONE', *, *, #4287, .T. ) ;
#5185 = CARTESIAN_POINT ( 'NONE',  ( 62.99999999999998579, 70.66987298107788718, 2.465825473322174997E-15 ) ) ;
#5186 = EDGE_CURVE ( 'NONE', #6302, #4243, #588, .T. ) ;
#5187 = EDGE_CURVE ( 'NONE', #5063, #3128, #5183, .T. ) ;
#5188 = PLANE ( 'NONE',  #5140 ) ;
#5189 = EDGE_CURVE ( 'NONE', #3194, #508, #3599, .T. ) ;
#5190 = PLANE ( 'NONE',  #2308 ) ;
#5191 = EDGE_LOOP ( 'NONE', ( #4074, #6, #978, #5032, #3822, #3084 ) ) ;
#5192 = CARTESIAN_POINT ( 'NONE',  ( 112.4999999999999858, 101.4800689266309348, -7.352509501688626159 ) ) ;
#5193 = VERTEX_POINT ( 'NONE', #5596 ) ;
#5194 = ORIENTED_EDGE ( 'NONE', *, *, #3908, .F. ) ;
#5195 = DIRECTION ( 'NONE',  ( -0.8660254037844388186, 0.4999999999999996114, 1.744608677860794044E-17 ) ) ;
#5196 = LINE ( 'NONE', #5136, #3686 ) ;
#5197 = ORIENTED_EDGE ( 'NONE', *, *, #4640, .T. ) ;
#5198 = VERTEX_POINT ( 'NONE', #647 ) ;
#5199 = CARTESIAN_POINT ( 'NONE',  ( 0.000000000000000000, 0.000000000000000000, 0.000000000000000000 ) ) ;
#5200 = AXIS2_PLACEMENT_3D ( 'NONE', #5491, #5959, #2353 ) ;
#5201 = EDGE_CURVE ( 'NONE', #3876, #5711, #2148, .T. ) ;
#5202 = ORIENTED_EDGE ( 'NONE', *, *, #2209, .T. ) ;
#5203 = CARTESIAN_POINT ( 'NONE',  ( 84.74999999999998579, 66.77275866404791316, 2.329846684200054404E-15 ) ) ;
#5204 = CARTESIAN_POINT ( 'NONE',  ( 67.50000000000000000, 70.66987298107780191, 2.465825473322171841E-15 ) ) ;
#5205 = DIRECTION ( 'NONE',  ( 0.000000000000000000, 0.000000000000000000, 1.000000000000000000 ) ) ;
#5206 = EDGE_LOOP ( 'NONE', ( #3027, #5184, #5369, #4105 ) ) ;
#5207 = VERTEX_POINT ( 'NONE', #5093 ) ;
#5208 = CARTESIAN_POINT ( 'NONE',  ( 109.4999999999999858, 101.4800689266309348, -4.852509501688624383 ) ) ;
#5209 = DIRECTION ( 'NONE',  ( 6.458517586811652735E-32, -1.000000000000000000, 3.304235192336773540E-16 ) ) ;
#5210 = ADVANCED_FACE ( 'NONE', ( #4653 ), #1021, .F. ) ;
#5211 = VECTOR ( 'NONE', #890, 1000.000000000000000 ) ;
#5212 = ORIENTED_EDGE ( 'NONE', *, *, #1624, .F. ) ;
#5213 = EDGE_CURVE ( 'NONE', #5551, #629, #2561, .T. ) ;
#5214 = EDGE_LOOP ( 'NONE', ( #5747, #1762, #4615, #3200 ) ) ;
#5215 = LINE ( 'NONE', #1947, #1996 ) ;
#5216 = CARTESIAN_POINT ( 'NONE',  ( 62.99999999999998579, 36.89488223348483587, 10.00000000000000178 ) ) ;
#5217 = ORIENTED_EDGE ( 'NONE', *, *, #2949, .F. ) ;
#5218 = CARTESIAN_POINT ( 'NONE',  ( 101.9999999999999858, 45.55513627132918941, 10.00000000000000178 ) ) ;
#5219 = FACE_OUTER_BOUND ( 'NONE', #5227, .T. ) ;
#5220 = PLANE ( 'NONE',  #4639 ) ;
#5221 = DIRECTION ( 'NONE',  ( 0.8660254037844377084, 0.5000000000000016653, 0.000000000000000000 ) ) ;
#5222 = AXIS2_PLACEMENT_3D ( 'NONE', #4390, #1852, #3896 ) ;
#5223 = EDGE_CURVE ( 'NONE', #1254, #2935, #6125, .T. ) ;
#5224 = CARTESIAN_POINT ( 'NONE',  ( 43.49999999999998579, -202.2374841615668686, 3.000000000000019096 ) ) ;
#5225 = ORIENTED_EDGE ( 'NONE', *, *, #1674, .F. ) ;
#5226 = DIRECTION ( 'NONE',  ( -0.8660254037844390407, 0.4999999999999991673, 0.000000000000000000 ) ) ;
#5227 = EDGE_LOOP ( 'NONE', ( #268, #478, #685, #4433 ) ) ;
#5228 = EDGE_CURVE ( 'NONE', #4796, #2447, #618, .T. ) ;
#5229 = VERTEX_POINT ( 'NONE', #3068 ) ;
#5230 = CARTESIAN_POINT ( 'NONE',  ( 43.49999999999998579, 45.55513627132918941, 3.000000000000019096 ) ) ;
#5231 = DIRECTION ( 'NONE',  ( -0.000000000000000000, 3.489217355721594252E-17, -1.000000000000000000 ) ) ;
#5232 = VECTOR ( 'NONE', #2253, 1000.000000000000000 ) ;
#5233 = ORIENTED_EDGE ( 'NONE', *, *, #6312, .T. ) ;
#5234 = LINE ( 'NONE', #6300, #5791 ) ;
#5235 = CARTESIAN_POINT ( 'NONE',  ( 16.49999999999993250, 49.88526329025141592, 10.00000000000000178 ) ) ;
#5236 = EDGE_CURVE ( 'NONE', #2532, #726, #5631, .T. ) ;
#5237 = ORIENTED_EDGE ( 'NONE', *, *, #4765, .F. ) ;
#5238 = FACE_OUTER_BOUND ( 'NONE', #219, .T. ) ;
#5239 = LINE ( 'NONE', #3283, #4609 ) ;
#5240 = PLANE ( 'NONE',  #5401 ) ;
#5241 = FACE_OUTER_BOUND ( 'NONE', #4691, .T. ) ;
#5242 = ORIENTED_EDGE ( 'NONE', *, *, #956, .T. ) ;
#5243 = EDGE_LOOP ( 'NONE', ( #4230, #1306 ) ) ;
#5244 = CARTESIAN_POINT ( 'NONE',  ( 150.0000000000000000, 85.06340628446157837, 10.81072832108004000 ) ) ;
#5245 = CARTESIAN_POINT ( 'NONE',  ( 82.49999999999998579, 36.89488223348483587, 10.00000000000000178 ) ) ;
#5246 = ORIENTED_EDGE ( 'NONE', *, *, #874, .T. ) ;
#5247 = ORIENTED_EDGE ( 'NONE', *, *, #4932, .T. ) ;
#5248 = FACE_BOUND ( 'NONE', #5191, .T. ) ;
#5249 = FACE_OUTER_BOUND ( 'NONE', #1722, .T. ) ;
#5250 = ORIENTED_EDGE ( 'NONE', *, *, #5324, .T. ) ;
#5251 = LINE ( 'NONE', #92, #5875 ) ;
#5252 = EDGE_CURVE ( 'NONE', #2652, #5318, #2087, .T. ) ;
#5253 = DIRECTION ( 'NONE',  ( 0.4999999999999999445, -0.8660254037844387076, -3.021750869380466102E-17 ) ) ;
#5254 = VECTOR ( 'NONE', #3548, 1000.000000000000000 ) ;
#5255 = DIRECTION ( 'NONE',  ( 0.8660254037844383745, -0.5000000000000003331, 0.000000000000000000 ) ) ;
#5256 = DIRECTION ( 'NONE',  ( 0.000000000000000000, -0.7460747789757220527, 0.6658621660496468753 ) ) ;
#5257 = DIRECTION ( 'NONE',  ( -3.204937810639276281E-15, -1.000000000000000000, 0.000000000000000000 ) ) ;
#5258 = ORIENTED_EDGE ( 'NONE', *, *, #5600, .T. ) ;
#5259 = LINE ( 'NONE', #4542, #2471 ) ;
#5260 = ORIENTED_EDGE ( 'NONE', *, *, #482, .T. ) ;
#5261 = VERTEX_POINT ( 'NONE', #1140 ) ;
#5262 = EDGE_CURVE ( 'NONE', #5165, #6042, #3160, .T. ) ;
#5263 = FACE_OUTER_BOUND ( 'NONE', #1660, .T. ) ;
#5264 = AXIS2_PLACEMENT_3D ( 'NONE', #374, #410, #6472 ) ;
#5265 = VERTEX_POINT ( 'NONE', #4182 ) ;
#5266 = CARTESIAN_POINT ( 'NONE',  ( -78.42235208260146351, -61.20983348273922786, 3.000000000000019096 ) ) ;
#5267 = DIRECTION ( 'NONE',  ( -0.000000000000000000, -1.000000000000000000, -3.489217355721594252E-17 ) ) ;
#5268 = ORIENTED_EDGE ( 'NONE', *, *, #468, .T. ) ;
#5269 = CARTESIAN_POINT ( 'NONE',  ( 48.00000000000000000, 70.66987298107780191, 3.000000000000019096 ) ) ;
#5270 = EDGE_CURVE ( 'NONE', #3225, #5096, #4622, .T. ) ;
#5271 = DIRECTION ( 'NONE',  ( -0.4999999999999996669, 0.8660254037844388186, 3.021750869380465486E-17 ) ) ;
#5272 = LINE ( 'NONE', #3713, #3694 ) ;
#5273 = EDGE_CURVE ( 'NONE', #365, #119, #4590, .T. ) ;
#5274 = DIRECTION ( 'NONE',  ( -0.8660254037844388186, 0.4999999999999996669, 0.000000000000000000 ) ) ;
#5275 = VERTEX_POINT ( 'NONE', #6589 ) ;
#5276 = VERTEX_POINT ( 'NONE', #3193 ) ;
#5277 = CARTESIAN_POINT ( 'NONE',  ( -95.29735208260142088, -31.98147610501472826, 3.000000000000019096 ) ) ;
#5278 = DIRECTION ( 'NONE',  ( 0.8660254037844383745, -0.5000000000000003331, 0.000000000000000000 ) ) ;
#5279 = EDGE_CURVE ( 'NONE', #48, #1396, #2956, .T. ) ;
#5280 = ORIENTED_EDGE ( 'NONE', *, *, #3130, .F. ) ;
#5281 = ORIENTED_EDGE ( 'NONE', *, *, #3645, .F. ) ;
#5282 = FACE_BOUND ( 'NONE', #1827, .T. ) ;
#5283 = VECTOR ( 'NONE', #6075, 1000.000000000000114 ) ;
#5284 = LINE ( 'NONE', #684, #4890 ) ;
#5285 = ORIENTED_EDGE ( 'NONE', *, *, #1637, .F. ) ;
#5286 = CARTESIAN_POINT ( 'NONE',  ( 74.99999999999992895, 66.33974596215564645, 10.00000000000000178 ) ) ;
#5287 = EDGE_CURVE ( 'NONE', #5597, #3577, #6096, .T. ) ;
#5288 = DIRECTION ( 'NONE',  ( 0.000000000000000000, 0.000000000000000000, 1.000000000000000000 ) ) ;
#5289 = VECTOR ( 'NONE', #2114, 1000.000000000000114 ) ;
#5290 = VECTOR ( 'NONE', #2012, 1000.000000000000000 ) ;
#5291 = CIRCLE ( 'NONE', #6244, 2.500000000000002220 ) ;
#5292 = LINE ( 'NONE', #3696, #138 ) ;
#5293 = LINE ( 'NONE', #4256, #1051 ) ;
#5294 = CARTESIAN_POINT ( 'NONE',  ( 26.24999999999999645, 66.77275866404791316, 10.00000000000000178 ) ) ;
#5295 = ORIENTED_EDGE ( 'NONE', *, *, #5187, .T. ) ;
#5296 = LINE ( 'NONE', #1361, #4161 ) ;
#5297 = VERTEX_POINT ( 'NONE', #1582 ) ;
#5298 = ORIENTED_EDGE ( 'NONE', *, *, #4128, .F. ) ;
#5299 = LINE ( 'NONE', #3239, #4437 ) ;
#5300 = ORIENTED_EDGE ( 'NONE', *, *, #269, .F. ) ;
#5301 = CARTESIAN_POINT ( 'NONE',  ( 131.2500000000000000, 53.78237760728131178, 1.876584053792983922E-15 ) ) ;
#5302 = EDGE_CURVE ( 'NONE', #5265, #78, #3626, .T. ) ;
#5303 = DIRECTION ( 'NONE',  ( 1.000000000000000000, 0.000000000000000000, 0.000000000000000000 ) ) ;
#5304 = ORIENTED_EDGE ( 'NONE', *, *, #5800, .F. ) ;
#5305 = DIRECTION ( 'NONE',  ( 1.072399862389174615E-16, 0.6658621660496468753, 0.7460747789757220527 ) ) ;
#5306 = DIRECTION ( 'NONE',  ( -0.8660254037844388186, -0.4999999999999996669, 0.000000000000000000 ) ) ;
#5307 = CYLINDRICAL_SURFACE ( 'NONE', #1989, 2.500000000000002220 ) ;
#5308 = EDGE_CURVE ( 'NONE', #5997, #4962, #3761, .T. ) ;
#5309 = CARTESIAN_POINT ( 'NONE',  ( 113.9999999999999716, 83.66025403784443881, 10.00000000000000355 ) ) ;
#5310 = VECTOR ( 'NONE', #5833, 1000.000000000000000 ) ;
#5311 = VERTEX_POINT ( 'NONE', #3327 ) ;
#5312 = ORIENTED_EDGE ( 'NONE', *, *, #4696, .T. ) ;
#5313 = FACE_BOUND ( 'NONE', #2663, .T. ) ;
#5314 = LINE ( 'NONE', #2449, #4220 ) ;
#5315 = EDGE_CURVE ( 'NONE', #4260, #115, #4714, .T. ) ;
#5316 = EDGE_CURVE ( 'NONE', #5074, #4116, #748, .T. ) ;
#5317 = ORIENTED_EDGE ( 'NONE', *, *, #1093, .T. ) ;
#5318 = VERTEX_POINT ( 'NONE', #5859 ) ;
#5319 = FACE_OUTER_BOUND ( 'NONE', #4281, .T. ) ;
#5320 = CARTESIAN_POINT ( 'NONE',  ( 94.49999999999997158, 32.56475521456263067, 10.00000000000000178 ) ) ;
#5321 = EDGE_LOOP ( 'NONE', ( #6332, #1257, #5868, #3105 ) ) ;
#5322 = FACE_OUTER_BOUND ( 'NONE', #2801, .T. ) ;
#5323 = CARTESIAN_POINT ( 'NONE',  ( 72.74999999999998579, 20.00738685968832087, 10.00000000000000000 ) ) ;
#5324 = EDGE_CURVE ( 'NONE', #1378, #918, #5284, .T. ) ;
#5325 = LINE ( 'NONE', #4656, #461 ) ;
#5326 = DIRECTION ( 'NONE',  ( -0.8660254037844383745, -0.5000000000000003331, 0.000000000000000000 ) ) ;
#5327 = LINE ( 'NONE', #757, #3070 ) ;
#5328 = ORIENTED_EDGE ( 'NONE', *, *, #610, .T. ) ;
#5329 = ORIENTED_EDGE ( 'NONE', *, *, #5036, .T. ) ;
#5330 = DIRECTION ( 'NONE',  ( 0.000000000000000000, 1.000000000000000000, 0.000000000000000000 ) ) ;
#5331 = ORIENTED_EDGE ( 'NONE', *, *, #5683, .F. ) ;
#5332 = VECTOR ( 'NONE', #2613, 1000.000000000000114 ) ;
#5333 = VERTEX_POINT ( 'NONE', #6349 ) ;
#5334 = PLANE ( 'NONE',  #2523 ) ;
#5335 = EDGE_CURVE ( 'NONE', #2661, #5820, #719, .T. ) ;
#5336 = VECTOR ( 'NONE', #2047, 1000.000000000000000 ) ;
#5337 = EDGE_LOOP ( 'NONE', ( #4006, #6186, #2227, #4654 ) ) ;
#5338 = CARTESIAN_POINT ( 'NONE',  ( 147.0000000000000284, 49.99999999999999289, 140.0000000000000000 ) ) ;
#5339 = ADVANCED_FACE ( 'NONE', ( #2755 ), #3795, .F. ) ;
#5340 = CARTESIAN_POINT ( 'NONE',  ( 74.99999999999998579, 83.66025403784443881, 2.919088103729243901E-15 ) ) ;
#5341 = EDGE_LOOP ( 'NONE', ( #619, #1122, #6465, #3045 ) ) ;
#5342 = VECTOR ( 'NONE', #1391, 1000.000000000000000 ) ;
#5343 = LINE ( 'NONE', #1736, #5698 ) ;
#5344 = DIRECTION ( 'NONE',  ( 1.602468905319637155E-15, 1.000000000000000000, 3.489217355721593635E-17 ) ) ;
#5345 = DIRECTION ( 'NONE',  ( -1.000000000000000000, 0.000000000000000000, 0.000000000000000000 ) ) ;
#5346 = CARTESIAN_POINT ( 'NONE',  ( 33.74999999999997158, 62.44263164512573638, 10.00000000000000178 ) ) ;
#5347 = ORIENTED_EDGE ( 'NONE', *, *, #5020, .F. ) ;
#5348 = VECTOR ( 'NONE', #5389, 999.9999999999998863 ) ;
#5349 = ORIENTED_EDGE ( 'NONE', *, *, #4385, .F. ) ;
#5350 = DIRECTION ( 'NONE',  ( -0.000000000000000000, -1.000000000000000000, -3.489217355721594252E-17 ) ) ;
#5351 = DIRECTION ( 'NONE',  ( -0.000000000000000000, 3.489217355721594252E-17, -1.000000000000000000 ) ) ;
#5352 = EDGE_LOOP ( 'NONE', ( #5380, #2569 ) ) ;
#5353 = ORIENTED_EDGE ( 'NONE', *, *, #6018, .F. ) ;
#5354 = DIRECTION ( 'NONE',  ( 0.4999999999999992228, -0.8660254037844391517, -3.021750869380466718E-17 ) ) ;
#5355 = FACE_OUTER_BOUND ( 'NONE', #1085, .T. ) ;
#5356 = VERTEX_POINT ( 'NONE', #3260 ) ;
#5357 = DIRECTION ( 'NONE',  ( 0.8660254037844387076, -0.4999999999999999445, 0.000000000000000000 ) ) ;
#5358 = FACE_OUTER_BOUND ( 'NONE', #1589, .T. ) ;
#5359 = VECTOR ( 'NONE', #2168, 1000.000000000000114 ) ;
#5360 = CARTESIAN_POINT ( 'NONE',  ( 3.000000000000002665, 1.141983802888054264E-14, 34.56121421188655063 ) ) ;
#5361 = DIRECTION ( 'NONE',  ( 0.5000000000000016653, -0.8660254037844377084, -3.021750869380462404E-17 ) ) ;
#5362 = EDGE_CURVE ( 'NONE', #2290, #666, #4855, .T. ) ;
#5363 = DIRECTION ( 'NONE',  ( -1.000000000000000000, -0.000000000000000000, -0.000000000000000000 ) ) ;
#5364 = VERTEX_POINT ( 'NONE', #222 ) ;
#5365 = ORIENTED_EDGE ( 'NONE', *, *, #1794, .F. ) ;
#5366 = EDGE_CURVE ( 'NONE', #2290, #3161, #2322, .T. ) ;
#5367 = CYLINDRICAL_SURFACE ( 'NONE', #972, 50.00000000000000000 ) ;
#5368 = EDGE_LOOP ( 'NONE', ( #2644, #1097, #3120, #2323 ) ) ;
#5369 = ORIENTED_EDGE ( 'NONE', *, *, #6169, .F. ) ;
#5370 = DIRECTION ( 'NONE',  ( 0.8660254037844388186, 0.4999999999999996114, 1.744608677860794044E-17 ) ) ;
#5371 = AXIS2_PLACEMENT_3D ( 'NONE', #3332, #6387, #4393 ) ;
#5372 = ORIENTED_EDGE ( 'NONE', *, *, #1234, .F. ) ;
#5373 = DIRECTION ( 'NONE',  ( 0.000000000000000000, -1.000000000000000000, 0.000000000000000000 ) ) ;
#5374 = VECTOR ( 'NONE', #4185, 1000.000000000000000 ) ;
#5375 = DIRECTION ( 'NONE',  ( 0.000000000000000000, -0.7460747789757220527, 0.6658621660496468753 ) ) ;
#5376 = LINE ( 'NONE', #736, #3452 ) ;
#5377 = VECTOR ( 'NONE', #510, 1000.000000000000000 ) ;
#5378 = CARTESIAN_POINT ( 'NONE',  ( 123.7500000000000000, 66.77275866404791316, 3.000000000000019096 ) ) ;
#5379 = FACE_OUTER_BOUND ( 'NONE', #4731, .T. ) ;
#5380 = ORIENTED_EDGE ( 'NONE', *, *, #5279, .F. ) ;
#5381 = VERTEX_POINT ( 'NONE', #1245 ) ;
#5382 = FACE_BOUND ( 'NONE', #2115, .T. ) ;
#5383 = CARTESIAN_POINT ( 'NONE',  ( 94.49999999999991473, 66.33974596215564645, 10.00000000000000178 ) ) ;
#5384 = VECTOR ( 'NONE', #3148, 1000.000000000000114 ) ;
#5385 = VERTEX_POINT ( 'NONE', #784 ) ;
#5386 = CARTESIAN_POINT ( 'NONE',  ( 150.0010000000000332, 17.99486378953768551, 74.56121421188649379 ) ) ;
#5387 = CARTESIAN_POINT ( 'NONE',  ( -61.17235208260149193, -91.08770991330196409, 3.000000000000019096 ) ) ;
#5388 = ORIENTED_EDGE ( 'NONE', *, *, #6255, .T. ) ;
#5389 = DIRECTION ( 'NONE',  ( -0.8660254037844387076, -0.4999999999999999445, 0.000000000000000000 ) ) ;
#5390 = LINE ( 'NONE', #722, #6021 ) ;
#5391 = ADVANCED_FACE ( 'NONE', ( #5355 ), #3863, .F. ) ;
#5392 = VECTOR ( 'NONE', #3421, 1000.000000000000114 ) ;
#5393 = VECTOR ( 'NONE', #3013, 1000.000000000000000 ) ;
#5394 = LINE ( 'NONE', #329, #1618 ) ;
#5395 = DIRECTION ( 'NONE',  ( -0.000000000000000000, 3.489217355721594252E-17, -1.000000000000000000 ) ) ;
#5396 = LINE ( 'NONE', #3372, #75 ) ;
#5397 = VERTEX_POINT ( 'NONE', #2719 ) ;
#5398 = VERTEX_POINT ( 'NONE', #2819 ) ;
#5399 = LINE ( 'NONE', #2765, #4491 ) ;
#5400 = EDGE_CURVE ( 'NONE', #6444, #2165, #4357, .T. ) ;
#5401 = AXIS2_PLACEMENT_3D ( 'NONE', #3749, #4738, #3679 ) ;
#5402 = CC_DESIGN_APPROVAL ( #3868, ( #3695 ) ) ;
#5403 = ADVANCED_FACE ( 'NONE', ( #6384 ), #1279, .F. ) ;
#5404 = VECTOR ( 'NONE', #3408, 1000.000000000000000 ) ;
#5405 = EDGE_CURVE ( 'NONE', #801, #6025, #2180, .T. ) ;
#5406 = AXIS2_PLACEMENT_3D ( 'NONE', #3723, #5354, #2216 ) ;
#5407 = ORIENTED_EDGE ( 'NONE', *, *, #170, .F. ) ;
#5408 = FACE_OUTER_BOUND ( 'NONE', #5740, .T. ) ;
#5409 = ORIENTED_EDGE ( 'NONE', *, *, #5417, .F. ) ;
#5410 = DIRECTION ( 'NONE',  ( 0.8660254037844383745, -0.5000000000000003331, -1.744608677860795893E-17 ) ) ;
#5411 = PERSON_AND_ORGANIZATION_ROLE ( 'design_owner' ) ;
#5412 = CARTESIAN_POINT ( 'NONE',  ( 111.7499999999999574, 28.66764089753270994, 1.000276301672652968E-15 ) ) ;
#5413 = LINE ( 'NONE', #2444, #6222 ) ;
#5414 = CARTESIAN_POINT ( 'NONE',  ( 62.99999999999998579, 45.55513627132918941, 3.000000000000019096 ) ) ;
#5415 = DIRECTION ( 'NONE',  ( 0.8660254037844400399, 0.4999999999999976130, 1.744608677860788806E-17 ) ) ;
#5416 = ORIENTED_EDGE ( 'NONE', *, *, #2922, .T. ) ;
#5417 = EDGE_CURVE ( 'NONE', #4856, #236, #4215, .T. ) ;
#5418 = ORIENTED_EDGE ( 'NONE', *, *, #5796, .T. ) ;
#5419 = DIRECTION ( 'NONE',  ( -1.000000000000000000, 0.000000000000000000, -0.000000000000000000 ) ) ;
#5420 = CARTESIAN_POINT ( 'NONE',  ( 96.74999999999998579, 62.44263164512570086, 10.00000000000000178 ) ) ;
#5421 = ORIENTED_EDGE ( 'NONE', *, *, #4790, .F. ) ;
#5422 = CARTESIAN_POINT ( 'NONE',  ( 125.2973520826016482, 9.587743276638278189, 3.000000000000019096 ) ) ;
#5423 = CARTESIAN_POINT ( 'NONE',  ( 65.25000000000000000, 32.99776791645491159, 1.151363845141676593E-15 ) ) ;
#5424 = CARTESIAN_POINT ( 'NONE',  ( 55.49999999999997868, 32.56475521456263067, 1.136255090794772180E-15 ) ) ;
#5425 = ORIENTED_EDGE ( 'NONE', *, *, #5189, .F. ) ;
#5426 = EDGE_CURVE ( 'NONE', #1572, #1055, #2, .T. ) ;
#5427 = LINE ( 'NONE', #2821, #31 ) ;
#5428 = DIRECTION ( 'NONE',  ( 1.000000000000000000, 0.000000000000000000, -1.880926496205912652E-16 ) ) ;
#5429 = ADVANCED_FACE ( 'NONE', ( #5249 ), #3227, .F. ) ;
#5430 = AXIS2_PLACEMENT_3D ( 'NONE', #4319, #192, #6250 ) ;
#5431 = CARTESIAN_POINT ( 'NONE',  ( 96.75000000000000000, 53.78237760728131889, 10.00000000000000178 ) ) ;
#5432 = CARTESIAN_POINT ( 'NONE',  ( 126.0000000000000000, 70.66987298107780191, 2.465825473322171841E-15 ) ) ;
#5433 = DIRECTION ( 'NONE',  ( -1.602468905319637943E-15, 1.000000000000000000, 3.489217355721594252E-17 ) ) ;
#5434 = ORIENTED_EDGE ( 'NONE', *, *, #4719, .T. ) ;
#5435 = ORIENTED_EDGE ( 'NONE', *, *, #2618, .F. ) ;
#5436 = FACE_OUTER_BOUND ( 'NONE', #933, .T. ) ;
#5437 = EDGE_CURVE ( 'NONE', #2337, #1517, #5823, .T. ) ;
#5438 = VECTOR ( 'NONE', #2459, 1000.000000000000000 ) ;
#5439 = ORIENTED_EDGE ( 'NONE', *, *, #6416, .F. ) ;
#5440 = DIRECTION ( 'NONE',  ( -0.8660254037844377084, -0.5000000000000016653, -1.744608677860802056E-17 ) ) ;
#5441 = ORIENTED_EDGE ( 'NONE', *, *, #1145, .F. ) ;
#5442 = DIRECTION ( 'NONE',  ( 0.4999999999999977796, -0.8660254037844399289, -3.021750869380469800E-17 ) ) ;
#5443 = DATE_TIME_ROLE ( 'creation_date' ) ;
#5444 = ORIENTED_EDGE ( 'NONE', *, *, #6459, .F. ) ;
#5445 = CARTESIAN_POINT ( 'NONE',  ( 123.7500000000000284, 32.99776791645491159, 10.00000000000000178 ) ) ;
#5446 = DIRECTION ( 'NONE',  ( -0.8660254037844387076, -0.4999999999999998335, -1.744608677860794044E-17 ) ) ;
#5447 = LINE ( 'NONE', #772, #4336 ) ;
#5448 = AXIS2_PLACEMENT_3D ( 'NONE', #1986, #3993, #5558 ) ;
#5449 = EDGE_CURVE ( 'NONE', #6042, #2740, #3433, .T. ) ;
#5450 = DIRECTION ( 'NONE',  ( -0.8660254037844399289, -0.4999999999999976130, 0.000000000000000000 ) ) ;
#5451 = EDGE_CURVE ( 'NONE', #6313, #6243, #1851, .T. ) ;
#5452 = ORIENTED_EDGE ( 'NONE', *, *, #3006, .F. ) ;
#5453 = EDGE_LOOP ( 'NONE', ( #3252, #5729, #1912, #6202 ) ) ;
#5454 = CARTESIAN_POINT ( 'NONE',  ( 121.4999999999999858, 45.55513627132918941, 1.589517721201841282E-15 ) ) ;
#5455 = VECTOR ( 'NONE', #4716, 1000.000000000000000 ) ;
#5456 = ORIENTED_EDGE ( 'NONE', *, *, #1680, .F. ) ;
#5457 = CARTESIAN_POINT ( 'NONE',  ( 57.75000000000000711, 28.66764089753274902, 1.000276301672654151E-15 ) ) ;
#5458 = DIRECTION ( 'NONE',  ( -1.602468905319637155E-15, -1.000000000000000000, 0.000000000000000000 ) ) ;
#5459 = CARTESIAN_POINT ( 'NONE',  ( 112.4999999999999858, 104.4764486738543354, -3.995172996297874146 ) ) ;
#5460 = ORIENTED_EDGE ( 'NONE', *, *, #2656, .F. ) ;
#5461 = CIRCLE ( 'NONE', #4694, 4.499999999999997335 ) ;
#5462 = DIRECTION ( 'NONE',  ( 0.8660254037844387076, -0.4999999999999998890, -1.744608677860796818E-17 ) ) ;
#5463 = DIRECTION ( 'NONE',  ( -0.8660254037844383745, -0.5000000000000003331, -1.744608677860798050E-17 ) ) ;
#5464 = CARTESIAN_POINT ( 'NONE',  ( 35.99999999999992184, 49.88526329025141592, 1.740605264670865696E-15 ) ) ;
#5465 = LINE ( 'NONE', #891, #6566 ) ;
#5466 = ORIENTED_EDGE ( 'NONE', *, *, #5536, .F. ) ;
#5467 = LINE ( 'NONE', #2936, #4917 ) ;
#5468 = AXIS2_PLACEMENT_3D ( 'NONE', #4844, #5877, #3350 ) ;
#5469 = EDGE_LOOP ( 'NONE', ( #1177, #3633, #2816, #5816, #4109 ) ) ;
#5470 = LINE ( 'NONE', #898, #3058 ) ;
#5471 = ORIENTED_EDGE ( 'NONE', *, *, #4035, .T. ) ;
#5472 = ORIENTED_EDGE ( 'NONE', *, *, #5813, .T. ) ;
#5473 = CARTESIAN_POINT ( 'NONE',  ( 121.4999999999999858, 36.89488223348483587, 1.287342634263795608E-15 ) ) ;
#5474 = COORDINATED_UNIVERSAL_TIME_OFFSET ( 3, 0, .BEHIND. ) ;
#5475 = EDGE_CURVE ( 'NONE', #1152, #2195, #1415, .T. ) ;
#5476 = ORIENTED_EDGE ( 'NONE', *, *, #5887, .F. ) ;
#5477 = VECTOR ( 'NONE', #240, 1000.000000000000000 ) ;
#5478 = DIRECTION ( 'NONE',  ( 0.8660254037844387076, -0.4999999999999998335, -1.744608677860798667E-17 ) ) ;
#5479 = DIRECTION ( 'NONE',  ( 0.8660254037844383745, -0.5000000000000004441, -1.744608677860797742E-17 ) ) ;
#5480 = CARTESIAN_POINT ( 'NONE',  ( -70.92235208260150614, -74.20021453950617740, 3.000000000000019096 ) ) ;
#5481 = DIRECTION ( 'NONE',  ( 0.4999999999999999445, 0.8660254037844387076, 3.021750869380466102E-17 ) ) ;
#5482 = ORIENTED_EDGE ( 'NONE', *, *, #6334, .F. ) ;
#5483 = VECTOR ( 'NONE', #3451, 1000.000000000000000 ) ;
#5484 = ORIENTED_EDGE ( 'NONE', *, *, #4174, .F. ) ;
#5485 = CARTESIAN_POINT ( 'NONE',  ( 147.0000000000000284, 17.99486378953768195, 34.56121421188652221 ) ) ;
#5486 = EDGE_CURVE ( 'NONE', #4659, #1118, #1915, .T. ) ;
#5487 = ORIENTED_EDGE ( 'NONE', *, *, #2431, .T. ) ;
#5488 = DIRECTION ( 'NONE',  ( 0.5000000000000004441, -0.8660254037844384856, -3.021750869380464253E-17 ) ) ;
#5489 = EDGE_CURVE ( 'NONE', #776, #2160, #3721, .T. ) ;
#5490 = CARTESIAN_POINT ( 'NONE',  ( 40.50000000000000711, 101.4800689266309348, -7.352509501688614613 ) ) ;
#5491 = CARTESIAN_POINT ( 'NONE',  ( 65.25000000000000000, 15.67725984076614942, 10.00000000000000000 ) ) ;
#5492 = CARTESIAN_POINT ( 'NONE',  ( 37.50000000000000711, 101.4800689266309348, -9.852509501688617277 ) ) ;
#5493 = VECTOR ( 'NONE', #1229, 1000.000000000000000 ) ;
#5494 = ORIENTED_EDGE ( 'NONE', *, *, #2832, .T. ) ;
#5495 = PLANE ( 'NONE',  #872 ) ;
#5496 = DIRECTION ( 'NONE',  ( -1.000000000000000000, 0.000000000000000000, 0.000000000000000000 ) ) ;
#5497 = CARTESIAN_POINT ( 'NONE',  ( 127.5473520826013782, 13.48485759366832504, 3.000000000000019096 ) ) ;
#5498 = CARTESIAN_POINT ( 'NONE',  ( 62.99999999999998579, 36.89488223348483587, 3.000000000000019096 ) ) ;
#5499 = EDGE_LOOP ( 'NONE', ( #3555, #5860, #1436, #1089, #1523, #5037 ) ) ;
#5500 = DIRECTION ( 'NONE',  ( 0.000000000000000000, 0.000000000000000000, -1.000000000000000000 ) ) ;
#5501 = ADVANCED_FACE ( 'NONE', ( #4516 ), #3958, .F. ) ;
#5502 = VECTOR ( 'NONE', #4289, 1000.000000000000000 ) ;
#5503 = VERTEX_POINT ( 'NONE', #916 ) ;
#5504 = CARTESIAN_POINT ( 'NONE',  ( -70.92235208260150614, -74.20021453950597845, 3.000000000000019096 ) ) ;
#5505 = EDGE_LOOP ( 'NONE', ( #3328, #5850, #3144, #2024 ) ) ;
#5506 = AXIS2_PLACEMENT_3D ( 'NONE', #4634, #1591, #2604 ) ;
#5507 = VERTEX_POINT ( 'NONE', #853 ) ;
#5508 = CARTESIAN_POINT ( 'NONE',  ( 72.74999999999998579, -202.2374841615668686, 3.000000000000019096 ) ) ;
#5509 = VECTOR ( 'NONE', #5056, 1000.000000000000000 ) ;
#5510 = PERSON_AND_ORGANIZATION ( #18446744073709551615, #18446744073709551615 ) ;
#5511 = AXIS2_PLACEMENT_3D ( 'NONE', #3217, #6208, #2239 ) ;
#5512 = VERTEX_POINT ( 'NONE', #4026 ) ;
#5513 = DIRECTION ( 'NONE',  ( 0.8660254037844387076, -0.4999999999999997780, 0.000000000000000000 ) ) ;
#5514 = VECTOR ( 'NONE', #606, 1000.000000000000000 ) ;
#5515 = LINE ( 'NONE', #2479, #63 ) ;
#5516 = CARTESIAN_POINT ( 'NONE',  ( 106.5000000000000000, 79.33012701892225493, 2.768000560260221065E-15 ) ) ;
#5517 = ADVANCED_FACE ( 'NONE', ( #6420 ), #1347, .F. ) ;
#5518 = ORIENTED_EDGE ( 'NONE', *, *, #1114, .T. ) ;
#5519 = EDGE_LOOP ( 'NONE', ( #379, #5268, #2727, #5632 ) ) ;
#5520 = DIRECTION ( 'NONE',  ( 0.8660254037844395958, 0.4999999999999982236, 1.744608677860792504E-17 ) ) ;
#5521 = ORIENTED_EDGE ( 'NONE', *, *, #1925, .T. ) ;
#5522 = LINE ( 'NONE', #5422, #815 ) ;
#5523 = EDGE_CURVE ( 'NONE', #3922, #5953, #2386, .T. ) ;
#5524 = CARTESIAN_POINT ( 'NONE',  ( 117.7973520826012219, -3.402637780127920841, 3.000000000000019096 ) ) ;
#5525 = LINE ( 'NONE', #5924, #731 ) ;
#5526 = DIRECTION ( 'NONE',  ( 1.954618001100627820E-16, 8.673617379884035472E-17, 1.000000000000000000 ) ) ;
#5527 = EDGE_CURVE ( 'NONE', #6214, #2856, #421, .T. ) ;
#5528 = ORIENTED_EDGE ( 'NONE', *, *, #4009, .F. ) ;
#5529 = LINE ( 'NONE', #1953, #3865 ) ;
#5530 = ADVANCED_FACE ( 'NONE', ( #6548 ), #3992, .F. ) ;
#5531 = DIRECTION ( 'NONE',  ( 0.8660254037844383745, 0.5000000000000003331, 0.000000000000000000 ) ) ;
#5532 = CARTESIAN_POINT ( 'NONE',  ( 111.7499999999999716, 62.44263164512573638, 2.178759140731031568E-15 ) ) ;
#5533 = CARTESIAN_POINT ( 'NONE',  ( 62.99999999999998579, 70.66987298107788718, 10.00000000000000178 ) ) ;
#5534 = ORIENTED_EDGE ( 'NONE', *, *, #6291, .T. ) ;
#5535 = PLANE ( 'NONE',  #3002 ) ;
#5536 = EDGE_CURVE ( 'NONE', #780, #2532, #3500, .T. ) ;
#5537 = VECTOR ( 'NONE', #3829, 1000.000000000000000 ) ;
#5538 = EDGE_CURVE ( 'NONE', #6263, #1764, #5525, .T. ) ;
#5539 = ORIENTED_EDGE ( 'NONE', *, *, #317, .F. ) ;
#5540 = CARTESIAN_POINT ( 'NONE',  ( 3.000000000000000000, 100.0000000000000000, 3.000000000000019096 ) ) ;
#5541 = VERTEX_POINT ( 'NONE', #3402 ) ;
#5542 = EDGE_LOOP ( 'NONE', ( #1338, #2753, #1467, #3585 ) ) ;
#5543 = DIRECTION ( 'NONE',  ( 0.8660254037844383745, -0.5000000000000003331, -1.744608677860795893E-17 ) ) ;
#5544 = VECTOR ( 'NONE', #3508, 1000.000000000000000 ) ;
#5545 = ORIENTED_EDGE ( 'NONE', *, *, #5672, .F. ) ;
#5546 = CARTESIAN_POINT ( 'NONE',  ( 57.74999999999999289, 62.44263164512570086, 3.000000000000019096 ) ) ;
#5547 = DIRECTION ( 'NONE',  ( -0.000000000000000000, 3.489217355721594252E-17, -1.000000000000000000 ) ) ;
#5548 = CARTESIAN_POINT ( 'NONE',  ( 3.000000000000000000, -202.2374841615668686, 3.000000000000019096 ) ) ;
#5549 = ADVANCED_FACE ( 'NONE', ( #2924 ), #949, .F. ) ;
#5550 = EDGE_LOOP ( 'NONE', ( #4905, #2710, #4441, #5010 ) ) ;
#5551 = VERTEX_POINT ( 'NONE', #3529 ) ;
#5552 = DIRECTION ( 'NONE',  ( 0.000000000000000000, 0.000000000000000000, -1.000000000000000000 ) ) ;
#5553 = EDGE_LOOP ( 'NONE', ( #6378, #6177, #3278, #5117 ) ) ;
#5554 = VECTOR ( 'NONE', #2137, 1000.000000000000000 ) ;
#5555 = DIRECTION ( 'NONE',  ( -0.8660254037844388186, 0.4999999999999996669, 0.000000000000000000 ) ) ;
#5556 = LINE ( 'NONE', #2519, #604 ) ;
#5557 = CARTESIAN_POINT ( 'NONE',  ( 72.74999999999998579, 20.00738685968832087, 3.000000000000019096 ) ) ;
#5558 = DIRECTION ( 'NONE',  ( -0.8660254037844383745, 0.5000000000000003331, 0.000000000000000000 ) ) ;
#5559 = AXIS2_PLACEMENT_3D ( 'NONE', #494, #3511, #1493 ) ;
#5560 = VERTEX_POINT ( 'NONE', #4422 ) ;
#5561 = DIRECTION ( 'NONE',  ( -0.000000000000000000, -1.000000000000000000, -3.489217355721593635E-17 ) ) ;
#5562 = LINE ( 'NONE', #6553, #5039 ) ;
#5563 = DIRECTION ( 'NONE',  ( -1.000000000000000000, -0.000000000000000000, -0.000000000000000000 ) ) ;
#5564 = AXIS2_PLACEMENT_3D ( 'NONE', #5286, #824, #2861 ) ;
#5565 = LINE ( 'NONE', #3031, #5716 ) ;
#5566 = EDGE_LOOP ( 'NONE', ( #2049, #3228, #6079, #135, #1270, #6197 ) ) ;
#5567 = LINE ( 'NONE', #3033, #5342 ) ;
#5568 = VECTOR ( 'NONE', #1672, 1000.000000000000000 ) ;
#5569 = EDGE_CURVE ( 'NONE', #325, #252, #5015, .T. ) ;
#5570 = VERTEX_POINT ( 'NONE', #450 ) ;
#5571 = LINE ( 'NONE', #996, #2818 ) ;
#5572 = ADVANCED_FACE ( 'NONE', ( #2487 ), #6450, .F. ) ;
#5573 = ORIENTED_EDGE ( 'NONE', *, *, #3984, .F. ) ;
#5574 = VERTEX_POINT ( 'NONE', #324 ) ;
#5575 = CARTESIAN_POINT ( 'NONE',  ( 45.75000000000000000, 15.67725984076615653, 10.00000000000000000 ) ) ;
#5576 = EDGE_CURVE ( 'NONE', #1970, #3050, #6582, .T. ) ;
#5577 = ORIENTED_EDGE ( 'NONE', *, *, #3318, .T. ) ;
#5578 = DIRECTION ( 'NONE',  ( 1.000000000000000000, 0.000000000000000000, 0.000000000000000000 ) ) ;
#5579 = VECTOR ( 'NONE', #987, 1000.000000000000000 ) ;
#5580 = CARTESIAN_POINT ( 'NONE',  ( 28.49999999999999645, 45.55513627132927468, 1.589517721201844240E-15 ) ) ;
#5581 = EDGE_CURVE ( 'NONE', #1679, #4249, #1515, .T. ) ;
#5582 = VERTEX_POINT ( 'NONE', #5048 ) ;
#5583 = VERTEX_POINT ( 'NONE', #4056 ) ;
#5584 = DIRECTION ( 'NONE',  ( 1.000000000000000000, 0.000000000000000000, -1.880926496205912652E-16 ) ) ;
#5585 = AXIS2_PLACEMENT_3D ( 'NONE', #3196, #5065, #4218 ) ;
#5586 = ORIENTED_EDGE ( 'NONE', *, *, #5252, .T. ) ;
#5587 = DIRECTION ( 'NONE',  ( 0.000000000000000000, 1.000000000000000000, 0.000000000000000000 ) ) ;
#5588 = PLANE ( 'NONE',  #5621 ) ;
#5589 = LINE ( 'NONE', #5624, #2356 ) ;
#5590 = VECTOR ( 'NONE', #5478, 1000.000000000000114 ) ;
#5591 = VERTEX_POINT ( 'NONE', #6086 ) ;
#5592 = LINE ( 'NONE', #3060, #5666 ) ;
#5593 = CARTESIAN_POINT ( 'NONE',  ( 133.4999999999999716, 32.56475521456263067, 1.136255090794772180E-15 ) ) ;
#5594 = CARTESIAN_POINT ( 'NONE',  ( 111.7499999999999574, 28.66764089753270994, 1.000276301672652968E-15 ) ) ;
#5595 = FACE_OUTER_BOUND ( 'NONE', #3490, .T. ) ;
#5596 = CARTESIAN_POINT ( 'NONE',  ( 2.775557561562891351E-14, 38.99486378953768195, 74.56121421188655063 ) ) ;
#5597 = VERTEX_POINT ( 'NONE', #5557 ) ;
#5598 = VECTOR ( 'NONE', #1404, 1000.000000000000114 ) ;
#5599 = DIRECTION ( 'NONE',  ( 0.8660254037844387076, 0.4999999999999997780, 0.000000000000000000 ) ) ;
#5600 = EDGE_CURVE ( 'NONE', #332, #6100, #982, .T. ) ;
#5601 = ORIENTED_EDGE ( 'NONE', *, *, #150, .T. ) ;
#5602 = LINE ( 'NONE', #3630, #3140 ) ;
#5603 = ADVANCED_FACE ( 'NONE', ( #227 ), #6323, .F. ) ;
#5604 = LINE ( 'NONE', #2118, #1455 ) ;
#5605 = ORIENTED_EDGE ( 'NONE', *, *, #1362, .F. ) ;
#5606 = EDGE_LOOP ( 'NONE', ( #4179, #4049, #2988, #5372, #2043, #3813 ) ) ;
#5607 = LINE ( 'NONE', #2723, #259 ) ;
#5608 = EDGE_CURVE ( 'NONE', #5801, #4504, #6391, .T. ) ;
#5609 = EDGE_CURVE ( 'NONE', #1313, #5614, #4325, .T. ) ;
#5610 = VERTEX_POINT ( 'NONE', #2827 ) ;
#5611 = CARTESIAN_POINT ( 'NONE',  ( 18.74999999999998934, 20.00738685968838482, 6.981012147346087736E-16 ) ) ;
#5612 = AXIS2_PLACEMENT_3D ( 'NONE', #432, #2939, #4964 ) ;
#5613 = LINE ( 'NONE', #3638, #2522 ) ;
#5614 = VERTEX_POINT ( 'NONE', #5897 ) ;
#5615 = AXIS2_PLACEMENT_3D ( 'NONE', #481, #5115, #3054 ) ;
#5616 = ORIENTED_EDGE ( 'NONE', *, *, #594, .T. ) ;
#5617 = CARTESIAN_POINT ( 'NONE',  ( 62.99999999999998579, 70.66987298107788718, 3.000000000000019096 ) ) ;
#5618 = AXIS2_PLACEMENT_3D ( 'NONE', #668, #5303, #3212 ) ;
#5619 = ORIENTED_EDGE ( 'NONE', *, *, #6537, .F. ) ;
#5620 = DIRECTION ( 'NONE',  ( -0.000000000000000000, -1.000000000000000000, -3.489217355721593635E-17 ) ) ;
#5621 = AXIS2_PLACEMENT_3D ( 'NONE', #5622, #5085, #6056 ) ;
#5622 = CARTESIAN_POINT ( 'NONE',  ( 131.2500000000000000, 20.00738685968829600, 10.00000000000000000 ) ) ;
#5623 = EDGE_CURVE ( 'NONE', #4312, #2887, #5293, .T. ) ;
#5624 = CARTESIAN_POINT ( 'NONE',  ( 104.2500000000000000, 49.45225058835914922, 1.725496510323961677E-15 ) ) ;
#5625 = ORIENTED_EDGE ( 'NONE', *, *, #5536, .T. ) ;
#5626 = CARTESIAN_POINT ( 'NONE',  ( -85.54735208260146351, -48.86897147881097681, 3.000000000000019096 ) ) ;
#5627 = LINE ( 'NONE', #2646, #4794 ) ;
#5628 = CARTESIAN_POINT ( 'NONE',  ( 112.4999999999999858, 101.4800689266309348, -7.352509501688626159 ) ) ;
#5629 = LINE ( 'NONE', #1490, #4024 ) ;
#5630 = EDGE_CURVE ( 'NONE', #1675, #4532, #4290, .T. ) ;
#5631 = LINE ( 'NONE', #5688, #1994 ) ;
#5632 = ORIENTED_EDGE ( 'NONE', *, *, #587, .F. ) ;
#5633 = CARTESIAN_POINT ( 'NONE',  ( 57.75000000000000711, 28.66764089753274547, 3.000000000000019096 ) ) ;
#5634 = EDGE_CURVE ( 'NONE', #974, #3175, #1756, .T. ) ;
#5635 = ORIENTED_EDGE ( 'NONE', *, *, #946, .T. ) ;
#5636 = DIRECTION ( 'NONE',  ( -1.000000000000000000, -1.602468905319638141E-15, -5.591362316445464709E-32 ) ) ;
#5637 = DIRECTION ( 'NONE',  ( 0.000000000000000000, -1.000000000000000000, 0.000000000000000000 ) ) ;
#5638 = VERTEX_POINT ( 'NONE', #2224 ) ;
#5639 = VECTOR ( 'NONE', #3731, 1000.000000000000000 ) ;
#5640 = ORIENTED_EDGE ( 'NONE', *, *, #1564, .T. ) ;
#5641 = ORIENTED_EDGE ( 'NONE', *, *, #5153, .T. ) ;
#5642 = DIRECTION ( 'NONE',  ( 0.000000000000000000, -1.000000000000000000, 0.000000000000000000 ) ) ;
#5643 = DIRECTION ( 'NONE',  ( -1.000000000000000000, 0.000000000000000000, 0.000000000000000000 ) ) ;
#5644 = ORIENTED_EDGE ( 'NONE', *, *, #1435, .T. ) ;
#5645 = ORIENTED_EDGE ( 'NONE', *, *, #2377, .F. ) ;
#5646 = CARTESIAN_POINT ( 'NONE',  ( 53.24999999999997868, 28.66764089753274192, 1.000276301672654151E-15 ) ) ;
#5647 = EDGE_LOOP ( 'NONE', ( #6068, #5258, #6540, #2031 ) ) ;
#5648 = DIRECTION ( 'NONE',  ( 0.000000000000000000, -1.000000000000000000, 0.000000000000000000 ) ) ;
#5649 = EDGE_CURVE ( 'NONE', #3577, #3606, #1216, .T. ) ;
#5650 = VECTOR ( 'NONE', #5119, 999.9999999999998863 ) ;
#5651 = CARTESIAN_POINT ( 'NONE',  ( 150.0000000000000000, 0.000000000000000000, 0.000000000000000000 ) ) ;
#5652 = EDGE_CURVE ( 'NONE', #3543, #543, #3836, .T. ) ;
#5653 = LINE ( 'NONE', #3680, #4378 ) ;
#5654 = ORIENTED_EDGE ( 'NONE', *, *, #5830, .T. ) ;
#5655 = ORIENTED_EDGE ( 'NONE', *, *, #1062, .T. ) ;
#5656 = DIRECTION ( 'NONE',  ( -0.8660254037844387076, -0.4999999999999997780, 0.000000000000000000 ) ) ;
#5657 = LINE ( 'NONE', #2085, #2657 ) ;
#5658 = CARTESIAN_POINT ( 'NONE',  ( 150.0000000000000000, 0.000000000000000000, 0.000000000000000000 ) ) ;
#5659 = CARTESIAN_POINT ( 'NONE',  ( 113.9999999999999716, 83.66025403784443881, 2.919088103729243901E-15 ) ) ;
#5660 = ORIENTED_EDGE ( 'NONE', *, *, #3844, .T. ) ;
#5661 = AXIS2_PLACEMENT_3D ( 'NONE', #4705, #2170, #2778 ) ;
#5662 = LINE ( 'NONE', #4154, #4600 ) ;
#5663 = LINE ( 'NONE', #3575, #267 ) ;
#5664 = LINE ( 'NONE', #3488, #5172 ) ;
#5665 = ORIENTED_EDGE ( 'NONE', *, *, #3006, .T. ) ;
#5666 = VECTOR ( 'NONE', #5089, 1000.000000000000000 ) ;
#5667 = ORIENTED_EDGE ( 'NONE', *, *, #4618, .F. ) ;
#5668 = ORIENTED_EDGE ( 'NONE', *, *, #5053, .T. ) ;
#5669 = DIRECTION ( 'NONE',  ( 0.000000000000000000, 0.000000000000000000, 1.000000000000000000 ) ) ;
#5670 = PLANE ( 'NONE',  #6558 ) ;
#5671 = EDGE_LOOP ( 'NONE', ( #215, #4001, #5755, #3955 ) ) ;
#5672 = EDGE_CURVE ( 'NONE', #775, #998, #6289, .T. ) ;
#5673 = ORIENTED_EDGE ( 'NONE', *, *, #5989, .T. ) ;
#5674 = LINE ( 'NONE', #3586, #4339 ) ;
#5675 = CIRCLE ( 'NONE', #1951, 50.00000000000000000 ) ;
#5676 = ORIENTED_EDGE ( 'NONE', *, *, #4621, .T. ) ;
#5677 = CARTESIAN_POINT ( 'NONE',  ( 126.0000000000000000, -202.2374841615668686, 3.000000000000019096 ) ) ;
#5678 = CARTESIAN_POINT ( 'NONE',  ( 112.4999999999999858, 100.0000000000000000, 3.947533604548819500E-15 ) ) ;
#5679 = DIRECTION ( 'NONE',  ( -0.8660254037844387076, -0.4999999999999998890, -1.744608677860796818E-17 ) ) ;
#5680 = ORIENTED_EDGE ( 'NONE', *, *, #1299, .T. ) ;
#5681 = DIRECTION ( 'NONE',  ( 0.000000000000000000, -1.000000000000000000, -3.489217355721593635E-17 ) ) ;
#5682 = FACE_OUTER_BOUND ( 'NONE', #5066, .T. ) ;
#5683 = EDGE_CURVE ( 'NONE', #2901, #3846, #4721, .T. ) ;
#5684 = ADVANCED_FACE ( 'NONE', ( #1720 ), #5864, .F. ) ;
#5685 = ORIENTED_EDGE ( 'NONE', *, *, #5083, .F. ) ;
#5686 = VECTOR ( 'NONE', #2437, 1000.000000000000000 ) ;
#5687 = CARTESIAN_POINT ( 'NONE',  ( 23.99999999999999289, 45.55513627132918941, 1.589517721201841282E-15 ) ) ;
#5688 = CARTESIAN_POINT ( 'NONE',  ( 112.4999999999999858, 100.0000000000000000, 3.947533604548819500E-15 ) ) ;
#5689 = EDGE_LOOP ( 'NONE', ( #4972, #1931, #5129, #5212 ) ) ;
#5690 = DIRECTION ( 'NONE',  ( 0.000000000000000000, -1.000000000000000000, -1.796801581883919789E-15 ) ) ;
#5691 = AXIS2_PLACEMENT_3D ( 'NONE', #3544, #2062, #4597 ) ;
#5692 = VECTOR ( 'NONE', #2005, 1000.000000000000000 ) ;
#5693 = CARTESIAN_POINT ( 'NONE',  ( 123.7500000000000284, 32.99776791645489737, 3.000000000000019096 ) ) ;
#5694 = CARTESIAN_POINT ( 'NONE',  ( 82.49999999999998579, 70.66987298107788718, 3.000000000000019096 ) ) ;
#5695 = ORIENTED_EDGE ( 'NONE', *, *, #1045, .F. ) ;
#5696 = EDGE_CURVE ( 'NONE', #2875, #2265, #3872, .T. ) ;
#5697 = VERTEX_POINT ( 'NONE', #2690 ) ;
#5698 = VECTOR ( 'NONE', #2309, 1000.000000000000000 ) ;
#5699 = ORIENTED_EDGE ( 'NONE', *, *, #1234, .T. ) ;
#5700 = DIRECTION ( 'NONE',  ( 1.130013531886300531E-16, -1.224646799147352961E-16, 1.000000000000000000 ) ) ;
#5701 = CARTESIAN_POINT ( 'NONE',  ( 62.99999999999998579, -202.2374841615668686, 3.000000000000019096 ) ) ;
#5702 = EDGE_LOOP ( 'NONE', ( #1608, #6200 ) ) ;
#5703 = EDGE_CURVE ( 'NONE', #941, #4646, #5793, .T. ) ;
#5704 = VERTEX_POINT ( 'NONE', #261 ) ;
#5705 = CARTESIAN_POINT ( 'NONE',  ( 112.4999999999999858, 104.4764486738543354, -3.995172996297875034 ) ) ;
#5706 = ORIENTED_EDGE ( 'NONE', *, *, #3744, .F. ) ;
#5707 = LINE ( 'NONE', #5169, #496 ) ;
#5708 = CARTESIAN_POINT ( 'NONE',  ( 109.4999999999999858, 86.48368917940753420, -1.977431711026470815E-14 ) ) ;
#5709 = CARTESIAN_POINT ( 'NONE',  ( 141.0000000000000000, 45.55513627132918941, 10.00000000000000178 ) ) ;
#5710 = VECTOR ( 'NONE', #3631, 1000.000000000000000 ) ;
#5711 = VERTEX_POINT ( 'NONE', #300 ) ;
#5712 = ORIENTED_EDGE ( 'NONE', *, *, #1326, .F. ) ;
#5713 = CARTESIAN_POINT ( 'NONE',  ( 23.99999999999999289, 36.89488223348483587, 3.000000000000019096 ) ) ;
#5714 = LINE ( 'NONE', #5147, #744 ) ;
#5715 = APPROVAL_PERSON_ORGANIZATION ( #903, #2266, #4970 ) ;
#5716 = VECTOR ( 'NONE', #492, 1000.000000000000000 ) ;
#5717 = EDGE_CURVE ( 'NONE', #4231, #3776, #2327, .T. ) ;
#5718 = VECTOR ( 'NONE', #3030, 1000.000000000000000 ) ;
#5719 = EDGE_LOOP ( 'NONE', ( #1359, #4779, #4369, #1866 ) ) ;
#5720 = DIRECTION ( 'NONE',  ( -0.4999999999999980016, 0.8660254037844398178, 3.021750869380469184E-17 ) ) ;
#5721 = DIRECTION ( 'NONE',  ( 0.8660254037844387076, -0.4999999999999998890, -1.744608677860796818E-17 ) ) ;
#5722 = ORIENTED_EDGE ( 'NONE', *, *, #2922, .F. ) ;
#5723 = EDGE_CURVE ( 'NONE', #4070, #3622, #2725, .T. ) ;
#5724 = FACE_OUTER_BOUND ( 'NONE', #2582, .T. ) ;
#5725 = CARTESIAN_POINT ( 'NONE',  ( 149.6723520826015488, 51.80648171112958522, 3.000000000000019096 ) ) ;
#5726 = CARTESIAN_POINT ( 'NONE',  ( 72.74999999999998579, 28.66764089753273126, 1.000276301672653757E-15 ) ) ;
#5727 = EDGE_CURVE ( 'NONE', #5033, #812, #1251, .T. ) ;
#5728 = PLANE ( 'NONE',  #1884 ) ;
#5729 = ORIENTED_EDGE ( 'NONE', *, *, #2656, .T. ) ;
#5730 = ADVANCED_FACE ( 'NONE', ( #755 ), #4759, .F. ) ;
#5731 = CYLINDRICAL_SURFACE ( 'NONE', #235, 2.500000000000002220 ) ;
#5732 = VERTEX_POINT ( 'NONE', #3473 ) ;
#5733 = ORIENTED_EDGE ( 'NONE', *, *, #2750, .T. ) ;
#5734 = CARTESIAN_POINT ( 'NONE',  ( 53.24999999999997868, 28.66764089753274192, 3.000000000000019096 ) ) ;
#5735 = CARTESIAN_POINT ( 'NONE',  ( 0.000000000000000000, 17.99486378953767840, 2.332656241709963978E-14 ) ) ;
#5736 = ORIENTED_EDGE ( 'NONE', *, *, #1897, .F. ) ;
#5737 = LINE ( 'NONE', #4302, #3775 ) ;
#5738 = DIRECTION ( 'NONE',  ( -0.000000000000000000, 1.000000000000000000, 3.489217355721594868E-17 ) ) ;
#5739 = VECTOR ( 'NONE', #3724, 1000.000000000000000 ) ;
#5740 = EDGE_LOOP ( 'NONE', ( #4762, #2188, #5695, #4965, #4085, #4741, #2218, #4189, #4545, #1002, #860, #2144 ) ) ;
#5741 = DIRECTION ( 'NONE',  ( -0.8660254037844383745, 0.5000000000000003331, 0.000000000000000000 ) ) ;
#5742 = DIRECTION ( 'NONE',  ( -0.000000000000000000, 3.489217355721594252E-17, -1.000000000000000000 ) ) ;
#5743 = EDGE_CURVE ( 'NONE', #4578, #3663, #4927, .T. ) ;
#5744 = DIRECTION ( 'NONE',  ( -0.000000000000000000, 3.489217355721594252E-17, -1.000000000000000000 ) ) ;
#5745 = CARTESIAN_POINT ( 'NONE',  ( 53.24999999999997868, 53.78237760728132599, 1.876584053792984316E-15 ) ) ;
#5746 = ORIENTED_EDGE ( 'NONE', *, *, #6039, .F. ) ;
#5747 = ORIENTED_EDGE ( 'NONE', *, *, #5630, .T. ) ;
#5748 = DIRECTION ( 'NONE',  ( 0.8660254037844383745, 0.5000000000000004441, 0.000000000000000000 ) ) ;
#5749 = LINE ( 'NONE', #1309, #4443 ) ;
#5750 = VECTOR ( 'NONE', #4781, 1000.000000000000000 ) ;
#5751 = ORIENTED_EDGE ( 'NONE', *, *, #4690, .F. ) ;
#5752 = ORIENTED_EDGE ( 'NONE', *, *, #1849, .T. ) ;
#5753 = DIRECTION ( 'NONE',  ( 0.000000000000000000, 3.489217355721594252E-17, -1.000000000000000000 ) ) ;
#5754 = CARTESIAN_POINT ( 'NONE',  ( 106.5000000000000000, 45.55513627132927468, 10.00000000000000178 ) ) ;
#5755 = ORIENTED_EDGE ( 'NONE', *, *, #2260, .F. ) ;
#5756 = CARTESIAN_POINT ( 'NONE',  ( 121.4999999999999858, 70.66987298107788718, 10.00000000000000178 ) ) ;
#5757 = FACE_OUTER_BOUND ( 'NONE', #5647, .T. ) ;
#5758 = CARTESIAN_POINT ( 'NONE',  ( -93.04735208260160562, -35.87859042204513571, 3.000000000000019096 ) ) ;
#5759 = DIRECTION ( 'NONE',  ( 0.000000000000000000, 0.000000000000000000, -1.000000000000000000 ) ) ;
#5760 = AXIS2_PLACEMENT_3D ( 'NONE', #442, #6411, #1474 ) ;
#5761 = CARTESIAN_POINT ( 'NONE',  ( 48.00000000000000000, 36.89488223348482165, 10.00000000000000178 ) ) ;
#5762 = ORIENTED_EDGE ( 'NONE', *, *, #4297, .T. ) ;
#5763 = CARTESIAN_POINT ( 'NONE',  ( 113.9999999999999147, 66.33974596215564645, 10.00000000000000178 ) ) ;
#5764 = VERTEX_POINT ( 'NONE', #4990 ) ;
#5765 = VECTOR ( 'NONE', #3201, 1000.000000000000000 ) ;
#5766 = ADVANCED_FACE ( 'NONE', ( #4960 ), #1388, .F. ) ;
#5767 = EDGE_CURVE ( 'NONE', #2538, #1330, #6035, .T. ) ;
#5768 = ORIENTED_EDGE ( 'NONE', *, *, #1147, .T. ) ;
#5769 = FACE_OUTER_BOUND ( 'NONE', #639, .T. ) ;
#5770 = VECTOR ( 'NONE', #3930, 999.9999999999998863 ) ;
#5771 = ORIENTED_EDGE ( 'NONE', *, *, #7, .F. ) ;
#5772 = DIRECTION ( 'NONE',  ( 0.000000000000000000, 0.000000000000000000, 1.000000000000000000 ) ) ;
#5773 = EDGE_CURVE ( 'NONE', #5080, #1254, #858, .T. ) ;
#5774 = LINE ( 'NONE', #4734, #81 ) ;
#5775 = LINE ( 'NONE', #5845, #2610 ) ;
#5776 = LINE ( 'NONE', #3248, #4749 ) ;
#5777 = CARTESIAN_POINT ( 'NONE',  ( 37.50000000000000711, 86.48368917940753420, -7.894911034008763282E-15 ) ) ;
#5778 = LINE ( 'NONE', #5745, #118 ) ;
#5779 = ORIENTED_EDGE ( 'NONE', *, *, #491, .T. ) ;
#5780 = ORIENTED_EDGE ( 'NONE', *, *, #4098, .F. ) ;
#5781 = LINE ( 'NONE', #1239, #984 ) ;
#5782 = VECTOR ( 'NONE', #1356, 1000.000000000000000 ) ;
#5783 = DIRECTION ( 'NONE',  ( -0.8660254037844387076, -0.4999999999999998335, -1.744608677860796201E-17 ) ) ;
#5784 = ORIENTED_EDGE ( 'NONE', *, *, #994, .F. ) ;
#5785 = EDGE_LOOP ( 'NONE', ( #798, #428, #5667, #4848, #1590, #3905 ) ) ;
#5786 = CARTESIAN_POINT ( 'NONE',  ( 126.0000000000000000, 45.55513627132927468, 1.589517721201843648E-15 ) ) ;
#5787 = CARTESIAN_POINT ( 'NONE',  ( 131.2500000000000000, 62.44263164512573638, 10.00000000000000178 ) ) ;
#5788 = ORIENTED_EDGE ( 'NONE', *, *, #1663, .T. ) ;
#5789 = CARTESIAN_POINT ( 'NONE',  ( 101.9999999999999858, 79.33012701892224072, 3.000000000000019096 ) ) ;
#5790 = DIRECTION ( 'NONE',  ( -0.5000000000000015543, -0.8660254037844378194, -3.021750869380462404E-17 ) ) ;
#5791 = VECTOR ( 'NONE', #1193, 1000.000000000000000 ) ;
#5792 = LINE ( 'NONE', #6190, #1633 ) ;
#5793 = LINE ( 'NONE', #161, #1800 ) ;
#5794 = CARTESIAN_POINT ( 'NONE',  ( 116.2500000000004263, -202.2374841615666696, 3.000000000000019096 ) ) ;
#5795 = ORIENTED_EDGE ( 'NONE', *, *, #5073, .F. ) ;
#5796 = EDGE_CURVE ( 'NONE', #119, #2232, #330, .T. ) ;
#5797 = CARTESIAN_POINT ( 'NONE',  ( 113.9999999999999147, 49.88526329025141592, 1.740605264670865696E-15 ) ) ;
#5798 = VECTOR ( 'NONE', #4375, 1000.000000000000000 ) ;
#5799 = ORIENTED_EDGE ( 'NONE', *, *, #150, .F. ) ;
#5800 = EDGE_CURVE ( 'NONE', #4327, #4556, #1893, .T. ) ;
#5801 = VERTEX_POINT ( 'NONE', #4523 ) ;
#5802 = CARTESIAN_POINT ( 'NONE',  ( 106.5000000000000000, 79.33012701892225493, 3.000000000000019096 ) ) ;
#5803 = EDGE_CURVE ( 'NONE', #231, #1634, #1357, .T. ) ;
#5804 = AXIS2_PLACEMENT_3D ( 'NONE', #1096, #5643, #6108 ) ;
#5805 = EDGE_CURVE ( 'NONE', #4948, #4727, #6554, .T. ) ;
#5806 = ORIENTED_EDGE ( 'NONE', *, *, #5894, .F. ) ;
#5807 = DIRECTION ( 'NONE',  ( 0.8660254037844390407, 0.4999999999999991673, 0.000000000000000000 ) ) ;
#5808 = CARTESIAN_POINT ( 'NONE',  ( 77.24999999999998579, 62.44263164512570086, 10.00000000000000178 ) ) ;
#5809 = ORIENTED_EDGE ( 'NONE', *, *, #6213, .F. ) ;
#5810 = FACE_OUTER_BOUND ( 'NONE', #2332, .T. ) ;
#5811 = PLANE ( 'NONE',  #3345 ) ;
#5812 = CARTESIAN_POINT ( 'NONE',  ( 43.49999999999998579, 70.66987298107788718, 10.00000000000000178 ) ) ;
#5813 = EDGE_CURVE ( 'NONE', #2935, #3225, #2898, .T. ) ;
#5814 = PLANE ( 'NONE',  #5661 ) ;
#5815 = ORIENTED_EDGE ( 'NONE', *, *, #2553, .F. ) ;
#5816 = ORIENTED_EDGE ( 'NONE', *, *, #6116, .F. ) ;
#5817 = CARTESIAN_POINT ( 'NONE',  ( 67.50000000000000000, 45.55513627132926047, 1.589517721201843845E-15 ) ) ;
#5818 = LINE ( 'NONE', #3254, #1781 ) ;
#5819 = VERTEX_POINT ( 'NONE', #426 ) ;
#5820 = VERTEX_POINT ( 'NONE', #3933 ) ;
#5821 = DIRECTION ( 'NONE',  ( -0.5000000000000004441, 0.8660254037844383745, 3.021750869380464253E-17 ) ) ;
#5822 = VECTOR ( 'NONE', #2872, 1000.000000000000000 ) ;
#5823 = LINE ( 'NONE', #6282, #2649 ) ;
#5824 = VERTEX_POINT ( 'NONE', #4490 ) ;
#5825 = FACE_BOUND ( 'NONE', #5702, .T. ) ;
#5826 = PLANE ( 'NONE',  #4947 ) ;
#5827 = AXIS2_PLACEMENT_3D ( 'NONE', #4291, #1757, #2866 ) ;
#5828 = VECTOR ( 'NONE', #1117, 1000.000000000000000 ) ;
#5829 = VECTOR ( 'NONE', #5738, 1000.000000000000000 ) ;
#5830 = EDGE_CURVE ( 'NONE', #5364, #2752, #4031, .T. ) ;
#5831 = VECTOR ( 'NONE', #3245, 1000.000000000000000 ) ;
#5832 = LINE ( 'NONE', #5758, #3471 ) ;
#5833 = DIRECTION ( 'NONE',  ( -0.000000000000000000, 3.489217355721594252E-17, -1.000000000000000000 ) ) ;
#5834 = FACE_OUTER_BOUND ( 'NONE', #1829, .T. ) ;
#5835 = ORIENTED_EDGE ( 'NONE', *, *, #4297, .F. ) ;
#5836 = EDGE_CURVE ( 'NONE', #6412, #4796, #2360, .T. ) ;
#5837 = DIRECTION ( 'NONE',  ( -0.8660254037844383745, 0.5000000000000004441, 0.000000000000000000 ) ) ;
#5838 = ORIENTED_EDGE ( 'NONE', *, *, #6568, .F. ) ;
#5839 = ORIENTED_EDGE ( 'NONE', *, *, #1857, .T. ) ;
#5840 = DIRECTION ( 'NONE',  ( 0.5000000000000004441, -0.8660254037844384856, -3.021750869380464253E-17 ) ) ;
#5841 = ORIENTED_EDGE ( 'NONE', *, *, #2512, .T. ) ;
#5842 = CARTESIAN_POINT ( 'NONE',  ( 106.5000000000000000, 79.33012701892225493, 10.00000000000000355 ) ) ;
#5843 = DIRECTION ( 'NONE',  ( 0.000000000000000000, 1.000000000000000000, 3.489217355721594868E-17 ) ) ;
#5844 = EDGE_LOOP ( 'NONE', ( #530, #2131, #2868, #5225, #1623 ) ) ;
#5845 = CARTESIAN_POINT ( 'NONE',  ( -0.001000000000001000089, 38.99486378953768906, 34.56121421188651510 ) ) ;
#5846 = CARTESIAN_POINT ( 'NONE',  ( 106.5000000000000000, 45.55513627132927468, 3.000000000000019096 ) ) ;
#5847 = DIRECTION ( 'NONE',  ( 0.000000000000000000, 0.7460747789757224968, -0.6658621660496464312 ) ) ;
#5848 = PLANE ( 'NONE',  #1926 ) ;
#5849 = VECTOR ( 'NONE', #1381, 1000.000000000000114 ) ;
#5850 = ORIENTED_EDGE ( 'NONE', *, *, #1877, .T. ) ;
#5851 = ORIENTED_EDGE ( 'NONE', *, *, #4660, .F. ) ;
#5852 = FACE_BOUND ( 'NONE', #2632, .T. ) ;
#5853 = CARTESIAN_POINT ( 'NONE',  ( 101.9999999999999858, 70.66987298107788718, 3.000000000000019096 ) ) ;
#5854 = EDGE_CURVE ( 'NONE', #5385, #2337, #6064, .T. ) ;
#5855 = ORIENTED_EDGE ( 'NONE', *, *, #4695, .T. ) ;
#5856 = EDGE_CURVE ( 'NONE', #2232, #2951, #1458, .T. ) ;
#5857 = ORIENTED_EDGE ( 'NONE', *, *, #3149, .F. ) ;
#5858 = DIRECTION ( 'NONE',  ( -0.000000000000000000, 3.489217355721594252E-17, -1.000000000000000000 ) ) ;
#5859 = CARTESIAN_POINT ( 'NONE',  ( 74.99999999999998579, 32.56475521456263067, 3.000000000000019096 ) ) ;
#5860 = ORIENTED_EDGE ( 'NONE', *, *, #3817, .T. ) ;
#5861 = CARTESIAN_POINT ( 'NONE',  ( 141.0000000000000000, 36.89488223348483587, 10.00000000000000178 ) ) ;
#5862 = CARTESIAN_POINT ( 'NONE',  ( 37.50000000000000711, 104.4764486738543354, -3.995172996297861712 ) ) ;
#5863 = LINE ( 'NONE', #6454, #3765 ) ;
#5864 = PLANE ( 'NONE',  #6163 ) ;
#5865 = DIRECTION ( 'NONE',  ( -0.8660254037844387076, -0.4999999999999997780, 0.000000000000000000 ) ) ;
#5866 = ORIENTED_EDGE ( 'NONE', *, *, #739, .T. ) ;
#5867 = CARTESIAN_POINT ( 'NONE',  ( 23.99999999999999289, 70.66987298107788718, 2.465825473322174997E-15 ) ) ;
#5868 = ORIENTED_EDGE ( 'NONE', *, *, #871, .T. ) ;
#5869 = VECTOR ( 'NONE', #1235, 1000.000000000000114 ) ;
#5870 = ORIENTED_EDGE ( 'NONE', *, *, #1935, .T. ) ;
#5871 = DIRECTION ( 'NONE',  ( -0.8660254037844387076, -0.4999999999999997780, 0.000000000000000000 ) ) ;
#5872 = VECTOR ( 'NONE', #412, 1000.000000000000000 ) ;
#5873 = ORIENTED_EDGE ( 'NONE', *, *, #6400, .T. ) ;
#5874 = LINE ( 'NONE', #4698, #1858 ) ;
#5875 = VECTOR ( 'NONE', #3726, 1000.000000000000000 ) ;
#5876 = LINE ( 'NONE', #1771, #2182 ) ;
#5877 = DIRECTION ( 'NONE',  ( 1.000000000000000000, 0.000000000000000000, -0.000000000000000000 ) ) ;
#5878 = CARTESIAN_POINT ( 'NONE',  ( 3.000000000000000000, 3.000000000000002665, 3.000000000000019096 ) ) ;
#5879 = DIRECTION ( 'NONE',  ( 0.000000000000000000, 0.000000000000000000, 1.000000000000000000 ) ) ;
#5880 = EDGE_CURVE ( 'NONE', #5986, #5570, #2427, .T. ) ;
#5881 = ORIENTED_EDGE ( 'NONE', *, *, #5186, .T. ) ;
#5882 = AXIS2_PLACEMENT_3D ( 'NONE', #2712, #183, #2212 ) ;
#5883 = ORIENTED_EDGE ( 'NONE', *, *, #3124, .F. ) ;
#5884 = PLANE ( 'NONE',  #3012 ) ;
#5885 = DIRECTION ( 'NONE',  ( -0.000000000000000000, 3.489217355721594252E-17, -1.000000000000000000 ) ) ;
#5886 = ORIENTED_EDGE ( 'NONE', *, *, #3533, .F. ) ;
#5887 = EDGE_CURVE ( 'NONE', #5990, #4948, #4892, .T. ) ;
#5888 = DIRECTION ( 'NONE',  ( -1.000000000000000000, -0.000000000000000000, 3.318315740031391761E-16 ) ) ;
#5889 = DIRECTION ( 'NONE',  ( -0.5000000000000004441, -0.8660254037844383745, -3.021750869380464253E-17 ) ) ;
#5890 = VERTEX_POINT ( 'NONE', #2932 ) ;
#5891 = PLANE ( 'NONE',  #5564 ) ;
#5892 = EDGE_CURVE ( 'NONE', #6205, #4415, #2865, .T. ) ;
#5893 = FACE_OUTER_BOUND ( 'NONE', #3802, .T. ) ;
#5894 = EDGE_CURVE ( 'NONE', #5560, #3776, #6523, .T. ) ;
#5895 = AXIS2_PLACEMENT_3D ( 'NONE', #5431, #857, #2391 ) ;
#5896 = CARTESIAN_POINT ( 'NONE',  ( 72.74999999999998579, 62.44263164512573638, 2.178759140731031568E-15 ) ) ;
#5897 = CARTESIAN_POINT ( 'NONE',  ( 141.0000000000000000, 70.66987298107788718, 2.465825473322174997E-15 ) ) ;
#5898 = CYLINDRICAL_SURFACE ( 'NONE', #602, 2.500000000000002220 ) ;
#5899 = ORIENTED_EDGE ( 'NONE', *, *, #6370, .T. ) ;
#5900 = VERTEX_POINT ( 'NONE', #5532 ) ;
#5901 = CARTESIAN_POINT ( 'NONE',  ( 141.0000000000000000, 36.89488223348483587, 10.00000000000000178 ) ) ;
#5902 = ORIENTED_EDGE ( 'NONE', *, *, #2750, .F. ) ;
#5903 = FACE_OUTER_BOUND ( 'NONE', #5542, .T. ) ;
#5904 = ADVANCED_FACE ( 'NONE', ( #955 ), #2997, .T. ) ;
#5905 = VECTOR ( 'NONE', #3814, 1000.000000000000000 ) ;
#5906 = ORIENTED_EDGE ( 'NONE', *, *, #1375, .F. ) ;
#5907 = DIRECTION ( 'NONE',  ( 0.8660254037844399289, 0.4999999999999977796, 0.000000000000000000 ) ) ;
#5908 = APPLICATION_PROTOCOL_DEFINITION ( 'international standard', 'config_control_design', 1994, #6184 ) ;
#5909 = DIRECTION ( 'NONE',  ( -0.8660254037844399289, -0.4999999999999977796, -1.744608677860789114E-17 ) ) ;
#5910 = EDGE_CURVE ( 'NONE', #1568, #1679, #5627, .T. ) ;
#5911 = DIRECTION ( 'NONE',  ( -0.000000000000000000, 3.489217355721594252E-17, -1.000000000000000000 ) ) ;
#5912 = VECTOR ( 'NONE', #2451, 1000.000000000000000 ) ;
#5913 = FACE_OUTER_BOUND ( 'NONE', #3716, .T. ) ;
#5914 = LINE ( 'NONE', #4879, #1708 ) ;
#5915 = EDGE_CURVE ( 'NONE', #2064, #5179, #117, .T. ) ;
#5916 = ORIENTED_EDGE ( 'NONE', *, *, #6169, .T. ) ;
#5917 = ORIENTED_EDGE ( 'NONE', *, *, #5915, .F. ) ;
#5918 = FACE_BOUND ( 'NONE', #1898, .T. ) ;
#5919 = DIRECTION ( 'NONE',  ( -1.000000000000000000, -0.000000000000000000, -0.000000000000000000 ) ) ;
#5920 = VECTOR ( 'NONE', #4772, 1000.000000000000000 ) ;
#5921 = ORIENTED_EDGE ( 'NONE', *, *, #4756, .F. ) ;
#5922 = CARTESIAN_POINT ( 'NONE',  ( 9.000000000000007105, 70.66987298107780191, 10.00000000000000178 ) ) ;
#5923 = CARTESIAN_POINT ( 'NONE',  ( 109.4999999999999858, 101.4800689266309348, -7.352509501688625271 ) ) ;
#5924 = CARTESIAN_POINT ( 'NONE',  ( 38.25000000000000711, 53.78237760728131889, 10.00000000000000178 ) ) ;
#5925 = CARTESIAN_POINT ( 'NONE',  ( 147.0000000000000000, 85.06340628446157837, 8.710728321080038583 ) ) ;
#5926 = LINE ( 'NONE', #5861, #2042 ) ;
#5927 = DIRECTION ( 'NONE',  ( 2.209540906293939790E-16, -0.7460747789757220527, 0.6658621660496468753 ) ) ;
#5928 = ADVANCED_FACE ( 'NONE', ( #5682 ), #2111, .T. ) ;
#5929 = AXIS2_PLACEMENT_3D ( 'NONE', #1480, #6447, #5046 ) ;
#5930 = VECTOR ( 'NONE', #1928, 1000.000000000000114 ) ;
#5931 = LINE ( 'NONE', #3472, #41 ) ;
#5932 = CARTESIAN_POINT ( 'NONE',  ( 37.50000000000000711, 101.4800689266309348, -7.352509501688614613 ) ) ;
#5933 = EDGE_CURVE ( 'NONE', #508, #2433, #5090, .T. ) ;
#5934 = CARTESIAN_POINT ( 'NONE',  ( 28.49999999999999645, 45.55513627132928889, 1.589517721201844634E-15 ) ) ;
#5935 = ORIENTED_EDGE ( 'NONE', *, *, #5486, .T. ) ;
#5936 = CARTESIAN_POINT ( 'NONE',  ( 37.50000000000000711, 101.4800689266309348, -9.852509501688617277 ) ) ;
#5937 = AXIS2_PLACEMENT_3D ( 'NONE', #4099, #533, #6132 ) ;
#5938 = VECTOR ( 'NONE', #574, 1000.000000000000000 ) ;
#5939 = VECTOR ( 'NONE', #1992, 1000.000000000000000 ) ;
#5940 = EDGE_CURVE ( 'NONE', #1035, #274, #5657, .T. ) ;
#5941 = VECTOR ( 'NONE', #5888, 1000.000000000000000 ) ;
#5942 = ORIENTED_EDGE ( 'NONE', *, *, #464, .F. ) ;
#5943 = LINE ( 'NONE', #2370, #3687 ) ;
#5944 = EDGE_CURVE ( 'NONE', #3558, #1211, #2142, .T. ) ;
#5945 = VERTEX_POINT ( 'NONE', #1017 ) ;
#5946 = CARTESIAN_POINT ( 'NONE',  ( 38.25000000000000711, 53.78237760728131889, 1.876584053792984316E-15 ) ) ;
#5947 = CALENDAR_DATE ( 2026, 14, 9 ) ;
#5948 = CARTESIAN_POINT ( 'NONE',  ( 123.7500000000000284, 32.99776791645491159, 10.00000000000000178 ) ) ;
#5949 = DIRECTION ( 'NONE',  ( -0.5000000000000004441, -0.8660254037844383745, -3.021750869380464253E-17 ) ) ;
#5950 = LINE ( 'NONE', #3981, #3164 ) ;
#5951 = FACE_OUTER_BOUND ( 'NONE', #447, .T. ) ;
#5952 = VERTEX_POINT ( 'NONE', #3188 ) ;
#5953 = VERTEX_POINT ( 'NONE', #5593 ) ;
#5954 = CARTESIAN_POINT ( 'NONE',  ( 113.9999999999999147, 66.33974596215564645, 10.00000000000000178 ) ) ;
#5955 = ORIENTED_EDGE ( 'NONE', *, *, #874, .F. ) ;
#5956 = EDGE_CURVE ( 'NONE', #1276, #5123, #1578, .T. ) ;
#5957 = PLANE ( 'NONE',  #5068 ) ;
#5958 = CARTESIAN_POINT ( 'NONE',  ( 40.50000000000000711, 86.48368917940753420, -8.326127807156407952E-15 ) ) ;
#5959 = DIRECTION ( 'NONE',  ( 0.4999999999999992228, -0.8660254037844391517, -3.021750869380466718E-17 ) ) ;
#5960 = CARTESIAN_POINT ( 'NONE',  ( 147.0000000000000000, 17.99486378953767840, -3.029388571111513898E-14 ) ) ;
#5961 = MANIFOLD_SOLID_BREP ( 'Cut-Extrude3', #4683 ) ;
#5962 = CARTESIAN_POINT ( 'NONE',  ( 87.00000000000000000, 79.33012701892225493, 2.768000560260221065E-15 ) ) ;
#5963 = CARTESIAN_POINT ( 'NONE',  ( 109.4999999999999858, 98.48368917940753420, -10.70984600707937773 ) ) ;
#5964 = DIRECTION ( 'NONE',  ( 0.000000000000000000, 1.000000000000000000, 0.000000000000000000 ) ) ;
#5965 = CARTESIAN_POINT ( 'NONE',  ( 131.2500000000000000, 20.00738685968829600, 3.000000000000019096 ) ) ;
#5966 = ORIENTED_EDGE ( 'NONE', *, *, #5279, .T. ) ;
#5967 = CARTESIAN_POINT ( 'NONE',  ( 147.0000000000000000, 3.000000000000002665, 3.000000000000019096 ) ) ;
#5968 = EDGE_CURVE ( 'NONE', #115, #2364, #4149, .T. ) ;
#5969 = VECTOR ( 'NONE', #829, 1000.000000000000000 ) ;
#5970 = ORIENTED_EDGE ( 'NONE', *, *, #751, .F. ) ;
#5971 = CARTESIAN_POINT ( 'NONE',  ( 65.25000000000000000, 49.45225058835914922, 10.00000000000000178 ) ) ;
#5972 = ORIENTED_EDGE ( 'NONE', *, *, #4023, .T. ) ;
#5973 = ORIENTED_EDGE ( 'NONE', *, *, #4733, .F. ) ;
#5974 = LINE ( 'NONE', #3449, #3035 ) ;
#5975 = EDGE_CURVE ( 'NONE', #5711, #6214, #3594, .T. ) ;
#5976 = DATE_AND_TIME ( #6369, #4221 ) ;
#5977 = EDGE_CURVE ( 'NONE', #5229, #4020, #3653, .T. ) ;
#5978 = ORIENTED_EDGE ( 'NONE', *, *, #3906, .F. ) ;
#5979 = CARTESIAN_POINT ( 'NONE',  ( 28.49999999999999645, 70.66987298107780191, 3.000000000000019096 ) ) ;
#5980 = PLANE ( 'NONE',  #4103 ) ;
#5981 = CARTESIAN_POINT ( 'NONE',  ( 126.0000000000000000, 45.55513627132927468, 1.589517721201844240E-15 ) ) ;
#5982 = VECTOR ( 'NONE', #6516, 1000.000000000000000 ) ;
#5983 = EDGE_CURVE ( 'NONE', #5096, #4033, #2589, .T. ) ;
#5984 = CARTESIAN_POINT ( 'NONE',  ( 45.74999999999998579, 32.99776791645489737, 3.000000000000019096 ) ) ;
#5985 = EDGE_LOOP ( 'NONE', ( #4072, #3016, #965, #4987 ) ) ;
#5986 = VERTEX_POINT ( 'NONE', #3122 ) ;
#5987 = LINE ( 'NONE', #4949, #2734 ) ;
#5988 = VECTOR ( 'NONE', #5226, 1000.000000000000114 ) ;
#5989 = EDGE_CURVE ( 'NONE', #925, #3531, #524, .T. ) ;
#5990 = VERTEX_POINT ( 'NONE', #6586 ) ;
#5991 = CARTESIAN_POINT ( 'NONE',  ( 101.9999999999999858, 79.33012701892224072, 10.00000000000000355 ) ) ;
#5992 = CARTESIAN_POINT ( 'NONE',  ( 55.49999999999997868, 83.66025403784443881, 10.00000000000000355 ) ) ;
#5993 = EDGE_CURVE ( 'NONE', #19, #1545, #28, .T. ) ;
#5994 = CARTESIAN_POINT ( 'NONE',  ( 37.50000000000000711, 101.4800689266309348, -7.352509501688614613 ) ) ;
#5995 = LINE ( 'NONE', #1887, #2783 ) ;
#5996 = AXIS2_PLACEMENT_3D ( 'NONE', #5756, #4217, #4655 ) ;
#5997 = VERTEX_POINT ( 'NONE', #1107 ) ;
#5998 = LINE ( 'NONE', #1420, #3752 ) ;
#5999 = PLANE ( 'NONE',  #249 ) ;
#6000 = CARTESIAN_POINT ( 'NONE',  ( 38.25000000000000711, 28.66764089753275613, 1.000276301672654743E-15 ) ) ;
#6001 = CARTESIAN_POINT ( 'NONE',  ( 87.00000000000000000, 36.89488223348482165, 10.00000000000000178 ) ) ;
#6002 = ORIENTED_EDGE ( 'NONE', *, *, #6095, .F. ) ;
#6003 = VECTOR ( 'NONE', #690, 1000.000000000000000 ) ;
#6004 = ORIENTED_EDGE ( 'NONE', *, *, #2902, .T. ) ;
#6005 = ADVANCED_FACE ( 'NONE', ( #4617 ), #2018, .F. ) ;
#6006 = LINE ( 'NONE', #3845, #3493 ) ;
#6007 = ORIENTED_EDGE ( 'NONE', *, *, #5968, .F. ) ;
#6008 = ORIENTED_EDGE ( 'NONE', *, *, #4088, .F. ) ;
#6009 = LINE ( 'NONE', #5508, #3467 ) ;
#6010 = SHAPE_DEFINITION_REPRESENTATION ( #1979, #1734 ) ;
#6011 = EDGE_CURVE ( 'NONE', #6192, #1795, #5714, .T. ) ;
#6012 = ORIENTED_EDGE ( 'NONE', *, *, #2457, .T. ) ;
#6013 = AXIS2_PLACEMENT_3D ( 'NONE', #999, #5253, #2033 ) ;
#6014 = CARTESIAN_POINT ( 'NONE',  ( 72.74999999999998579, -202.2374841615668686, 3.000000000000019096 ) ) ;
#6015 = EDGE_CURVE ( 'NONE', #3194, #4948, #4118, .T. ) ;
#6016 = DIRECTION ( 'NONE',  ( -0.000000000000000000, 3.489217355721594252E-17, -1.000000000000000000 ) ) ;
#6017 = CARTESIAN_POINT ( 'NONE',  ( 84.74999999999998579, 32.99776791645491159, 10.00000000000000178 ) ) ;
#6018 = EDGE_CURVE ( 'NONE', #2752, #5193, #1519, .T. ) ;
#6019 = DIRECTION ( 'NONE',  ( 0.5000000000000004441, 0.8660254037844384856, 3.021750869380464253E-17 ) ) ;
#6020 = EDGE_LOOP ( 'NONE', ( #4818, #6379, #5353, #4946 ) ) ;
#6021 = VECTOR ( 'NONE', #5909, 1000.000000000000114 ) ;
#6022 = EDGE_LOOP ( 'NONE', ( #1551, #516, #5298, #271 ) ) ;
#6023 = CARTESIAN_POINT ( 'NONE',  ( 62.99999999999998579, 79.33012701892224072, 2.768000560260220670E-15 ) ) ;
#6024 = AXIS2_PLACEMENT_3D ( 'NONE', #2567, #5636, #3131 ) ;
#6025 = VERTEX_POINT ( 'NONE', #1547 ) ;
#6026 = CARTESIAN_POINT ( 'NONE',  ( 147.0473520826013498, 47.25984834126140299, 3.000000000000019096 ) ) ;
#6027 = ADVANCED_FACE ( 'NONE', ( #1241 ), #1673, .F. ) ;
#6028 = DIRECTION ( 'NONE',  ( 0.000000000000000000, 0.000000000000000000, -1.000000000000000000 ) ) ;
#6029 = DIRECTION ( 'NONE',  ( 0.4999999999999998335, 0.8660254037844388186, 3.021750869380465486E-17 ) ) ;
#6030 = FACE_OUTER_BOUND ( 'NONE', #4234, .T. ) ;
#6031 = VECTOR ( 'NONE', #3181, 1000.000000000000000 ) ;
#6032 = EDGE_LOOP ( 'NONE', ( #5886, #4130, #264, #3574, #4591, #1724 ) ) ;
#6033 = CARTESIAN_POINT ( 'NONE',  ( -95.29735208260152035, -31.98147610501478511, 3.000000000000019096 ) ) ;
#6034 = LINE ( 'NONE', #3596, #3657 ) ;
#6035 = LINE ( 'NONE', #6455, #856 ) ;
#6036 = DIRECTION ( 'NONE',  ( 0.8660254037844378194, 0.5000000000000014433, 1.744608677860803597E-17 ) ) ;
#6037 = ORIENTED_EDGE ( 'NONE', *, *, #5989, .F. ) ;
#6038 = ORIENTED_EDGE ( 'NONE', *, *, #5417, .T. ) ;
#6039 = EDGE_CURVE ( 'NONE', #846, #6178, #3718, .T. ) ;
#6040 = CARTESIAN_POINT ( 'NONE',  ( 77.25000000000083844, -202.2374841615666128, 3.000000000000019096 ) ) ;
#6041 = VECTOR ( 'NONE', #3199, 1000.000000000000000 ) ;
#6042 = VERTEX_POINT ( 'NONE', #250 ) ;
#6043 = ORIENTED_EDGE ( 'NONE', *, *, #6463, .T. ) ;
#6044 = CARTESIAN_POINT ( 'NONE',  ( -6.968463054065929601E-16, 85.06340628446157837, 8.710728321080063452 ) ) ;
#6045 = AXIS2_PLACEMENT_3D ( 'NONE', #4259, #6292, #1721 ) ;
#6046 = VECTOR ( 'NONE', #5858, 1000.000000000000000 ) ;
#6047 = ORIENTED_EDGE ( 'NONE', *, *, #5252, .F. ) ;
#6048 = CARTESIAN_POINT ( 'NONE',  ( 106.5000000000000000, -202.2374841615668686, 3.000000000000019096 ) ) ;
#6049 = VECTOR ( 'NONE', #3018, 1000.000000000000114 ) ;
#6050 = DIRECTION ( 'NONE',  ( -0.4999999999999996669, 0.8660254037844388186, 3.021750869380465486E-17 ) ) ;
#6051 = EDGE_LOOP ( 'NONE', ( #997, #4320, #350, #3782, #1961, #4162 ) ) ;
#6052 = EDGE_LOOP ( 'NONE', ( #1649, #5699, #5194, #1793 ) ) ;
#6053 = LINE ( 'NONE', #3492, #929 ) ;
#6054 = ORIENTED_EDGE ( 'NONE', *, *, #1651, .T. ) ;
#6055 = LINE ( 'NONE', #6026, #3365 ) ;
#6056 = DIRECTION ( 'NONE',  ( -0.000000000000000000, 0.000000000000000000, -1.000000000000000000 ) ) ;
#6057 = CARTESIAN_POINT ( 'NONE',  ( 67.50000000000000000, 36.89488223348482165, 10.00000000000000178 ) ) ;
#6058 = CARTESIAN_POINT ( 'NONE',  ( 121.4999999999999858, 79.33012701892224072, 2.768000560260220670E-15 ) ) ;
#6059 = ORIENTED_EDGE ( 'NONE', *, *, #5316, .F. ) ;
#6060 = CARTESIAN_POINT ( 'NONE',  ( 141.0000000000000000, 79.33012701892224072, 10.00000000000000355 ) ) ;
#6061 = EDGE_CURVE ( 'NONE', #1460, #1970, #3825, .T. ) ;
#6062 = EDGE_CURVE ( 'NONE', #325, #6412, #2213, .T. ) ;
#6063 = CARTESIAN_POINT ( 'NONE',  ( 123.7500000000000284, 32.99776791645491159, 1.151363845141676593E-15 ) ) ;
#6064 = LINE ( 'NONE', #3370, #2234 ) ;
#6065 = CARTESIAN_POINT ( 'NONE',  ( 53.24999999999997868, -202.2374841615668686, 3.000000000000019096 ) ) ;
#6066 = ORIENTED_EDGE ( 'NONE', *, *, #3635, .T. ) ;
#6067 = DIRECTION ( 'NONE',  ( 1.000000000000000000, 0.000000000000000000, -0.000000000000000000 ) ) ;
#6068 = ORIENTED_EDGE ( 'NONE', *, *, #4612, .T. ) ;
#6069 = CARTESIAN_POINT ( 'NONE',  ( 38.24999999999999289, 20.00738685968837771, 10.00000000000000000 ) ) ;
#6070 = VERTEX_POINT ( 'NONE', #4207 ) ;
#6071 = VERTEX_POINT ( 'NONE', #2679 ) ;
#6072 = CARTESIAN_POINT ( 'NONE',  ( 96.75000000000000000, 28.66764089753272771, 3.000000000000019096 ) ) ;
#6073 = AXIS2_PLACEMENT_3D ( 'NONE', #4461, #3438, #6426 ) ;
#6074 = ORIENTED_EDGE ( 'NONE', *, *, #1925, .F. ) ;
#6075 = DIRECTION ( 'NONE',  ( 0.8660254037844383745, -0.5000000000000003331, -1.744608677860795893E-17 ) ) ;
#6076 = LINE ( 'NONE', #3552, #3672 ) ;
#6077 = CARTESIAN_POINT ( 'NONE',  ( 0.000000000000000000, 49.99999999999999289, 140.0000000000000000 ) ) ;
#6078 = ORIENTED_EDGE ( 'NONE', *, *, #2553, .T. ) ;
#6079 = ORIENTED_EDGE ( 'NONE', *, *, #5189, .T. ) ;
#6080 = LINE ( 'NONE', #18, #3173 ) ;
#6081 = VERTEX_POINT ( 'NONE', #5853 ) ;
#6082 = AXIS2_PLACEMENT_3D ( 'NONE', #673, #1269, #6340 ) ;
#6083 = DIRECTION ( 'NONE',  ( 0.000000000000000000, 1.000000000000000000, 0.000000000000000000 ) ) ;
#6084 = ADVANCED_FACE ( 'NONE', ( #4815, #6344, #3223 ), #3322, .F. ) ;
#6085 = LINE ( 'NONE', #4644, #4440 ) ;
#6086 = CARTESIAN_POINT ( 'NONE',  ( 106.5000000000000000, 36.89488223348482165, 3.000000000000019096 ) ) ;
#6087 = DIRECTION ( 'NONE',  ( -0.000000000000000000, 3.489217355721594252E-17, -1.000000000000000000 ) ) ;
#6088 = VECTOR ( 'NONE', #2693, 1000.000000000000000 ) ;
#6089 = ORIENTED_EDGE ( 'NONE', *, *, #3264, .F. ) ;
#6090 = CARTESIAN_POINT ( 'NONE',  ( 35.99999999999992184, 49.88526329025141592, 1.740605264670865696E-15 ) ) ;
#6091 = DIRECTION ( 'NONE',  ( -0.000000000000000000, 3.489217355721594252E-17, -1.000000000000000000 ) ) ;
#6092 = EDGE_CURVE ( 'NONE', #370, #2887, #779, .T. ) ;
#6093 = FACE_OUTER_BOUND ( 'NONE', #1936, .T. ) ;
#6094 = FACE_OUTER_BOUND ( 'NONE', #5321, .T. ) ;
#6095 = EDGE_CURVE ( 'NONE', #5063, #6265, #6276, .T. ) ;
#6096 = LINE ( 'NONE', #6156, #1774 ) ;
#6097 = VERTEX_POINT ( 'NONE', #743 ) ;
#6098 = EDGE_CURVE ( 'NONE', #882, #5297, #2782, .T. ) ;
#6099 = DIRECTION ( 'NONE',  ( 0.4999999999999998335, -0.8660254037844388186, -3.021750869380465486E-17 ) ) ;
#6100 = VERTEX_POINT ( 'NONE', #4279 ) ;
#6101 = DIRECTION ( 'NONE',  ( -0.000000000000000000, 3.489217355721594252E-17, -1.000000000000000000 ) ) ;
#6102 = ORIENTED_EDGE ( 'NONE', *, *, #4776, .T. ) ;
#6103 = EDGE_LOOP ( 'NONE', ( #5625, #2301, #5025, #6173 ) ) ;
#6104 = LINE ( 'NONE', #4534, #4188 ) ;
#6105 = EDGE_CURVE ( 'NONE', #3622, #5080, #6245, .T. ) ;
#6106 = ORIENTED_EDGE ( 'NONE', *, *, #5335, .F. ) ;
#6107 = DIRECTION ( 'NONE',  ( 0.000000000000000000, 0.000000000000000000, -1.000000000000000000 ) ) ;
#6108 = DIRECTION ( 'NONE',  ( 0.000000000000000000, 0.000000000000000000, 1.000000000000000000 ) ) ;
#6109 = EDGE_LOOP ( 'NONE', ( #3826, #1292, #4685, #3074 ) ) ;
#6110 = ORIENTED_EDGE ( 'NONE', *, *, #5315, .T. ) ;
#6111 = LINE ( 'NONE', #5167, #5938 ) ;
#6112 = AXIS2_PLACEMENT_3D ( 'NONE', #43, #2067, #158 ) ;
#6113 = EDGE_CURVE ( 'NONE', #5512, #1797, #1812, .T. ) ;
#6114 = ORIENTED_EDGE ( 'NONE', *, *, #6196, .T. ) ;
#6115 = LINE ( 'NONE', #1130, #4199 ) ;
#6116 = EDGE_CURVE ( 'NONE', #5610, #4048, #5749, .T. ) ;
#6117 = DIRECTION ( 'NONE',  ( 0.000000000000000000, 1.224646799147352961E-16, -1.000000000000000000 ) ) ;
#6118 = CARTESIAN_POINT ( 'NONE',  ( 82.49999999999998579, 70.66987298107788718, 2.465825473322174997E-15 ) ) ;
#6119 = AXIS2_PLACEMENT_3D ( 'NONE', #2791, #2823, #4858 ) ;
#6120 = ORIENTED_EDGE ( 'NONE', *, *, #660, .F. ) ;
#6121 = DIRECTION ( 'NONE',  ( -0.8660254037844390407, -0.4999999999999991673, 0.000000000000000000 ) ) ;
#6122 = DIRECTION ( 'NONE',  ( -1.000000000000000000, -0.000000000000000000, 3.318315740031391761E-16 ) ) ;
#6123 = FACE_OUTER_BOUND ( 'NONE', #1710, .T. ) ;
#6124 = CARTESIAN_POINT ( 'NONE',  ( 112.4999999999999858, 101.4800689266309348, -9.852509501688627935 ) ) ;
#6125 = LINE ( 'NONE', #4679, #5082 ) ;
#6126 = VERTEX_POINT ( 'NONE', #3858 ) ;
#6127 = VECTOR ( 'NONE', #3706, 1000.000000000000000 ) ;
#6128 = DIRECTION ( 'NONE',  ( 0.000000000000000000, 0.000000000000000000, -1.000000000000000000 ) ) ;
#6129 = ADVANCED_FACE ( 'NONE', ( #1205 ), #1745, .F. ) ;
#6130 = ORIENTED_EDGE ( 'NONE', *, *, #3290, .F. ) ;
#6131 = LINE ( 'NONE', #532, #703 ) ;
#6132 = DIRECTION ( 'NONE',  ( 0.8660254037844383745, -0.5000000000000004441, 0.000000000000000000 ) ) ;
#6133 = EDGE_LOOP ( 'NONE', ( #2770, #545, #3257, #528 ) ) ;
#6134 = VERTEX_POINT ( 'NONE', #6311 ) ;
#6135 = LINE ( 'NONE', #195, #5050 ) ;
#6136 = EDGE_CURVE ( 'NONE', #5033, #3225, #1782, .T. ) ;
#6137 = ADVANCED_FACE ( 'NONE', ( #678 ), #218, .F. ) ;
#6138 = EDGE_LOOP ( 'NONE', ( #5111, #1878, #4248, #4051 ) ) ;
#6139 = LINE ( 'NONE', #1566, #2953 ) ;
#6140 = VECTOR ( 'NONE', #5700, 1000.000000000000000 ) ;
#6141 = LINE ( 'NONE', #3611, #1968 ) ;
#6142 = VECTOR ( 'NONE', #32, 999.9999999999998863 ) ;
#6143 = ORIENTED_EDGE ( 'NONE', *, *, #100, .F. ) ;
#6144 = VECTOR ( 'NONE', #2914, 1000.000000000000114 ) ;
#6145 = EDGE_LOOP ( 'NONE', ( #2637, #1863, #813, #3036 ) ) ;
#6146 = DIRECTION ( 'NONE',  ( 0.8660254037844382635, -0.5000000000000007772, -1.744608677860799899E-17 ) ) ;
#6147 = VECTOR ( 'NONE', #3709, 1000.000000000000114 ) ;
#6148 = ORIENTED_EDGE ( 'NONE', *, *, #2177, .T. ) ;
#6149 = CARTESIAN_POINT ( 'NONE',  ( 57.74999999999999289, 62.44263164512570086, 2.178759140731030384E-15 ) ) ;
#6150 = DIRECTION ( 'NONE',  ( 0.8660254037844387076, -0.4999999999999998890, -1.744608677860796818E-17 ) ) ;
#6151 = PLANE ( 'NONE',  #3435 ) ;
#6152 = ORIENTED_EDGE ( 'NONE', *, *, #4618, .T. ) ;
#6153 = DIRECTION ( 'NONE',  ( -0.8660254037844390407, -0.4999999999999992228, -1.744608677860794661E-17 ) ) ;
#6154 = CARTESIAN_POINT ( 'NONE',  ( 115.5473520826015772, -7.299752097158163089, 3.000000000000019096 ) ) ;
#6155 = CARTESIAN_POINT ( 'NONE',  ( 28.49999999999999645, 36.89488223348482165, 3.000000000000019096 ) ) ;
#6156 = CARTESIAN_POINT ( 'NONE',  ( -75.79735208260146351, -65.75646685260755930, 3.000000000000019096 ) ) ;
#6157 = ORIENTED_EDGE ( 'NONE', *, *, #1160, .T. ) ;
#6158 = DIRECTION ( 'NONE',  ( -0.8660254037844379305, 0.5000000000000013323, 0.000000000000000000 ) ) ;
#6159 = LINE ( 'NONE', #1586, #1431 ) ;
#6160 = DIRECTION ( 'NONE',  ( -0.5000000000000027756, -0.8660254037844370423, -3.021750869380459939E-17 ) ) ;
#6161 = EDGE_LOOP ( 'NONE', ( #414, #729, #42, #1980, #349, #5418 ) ) ;
#6162 = EDGE_CURVE ( 'NONE', #2538, #470, #5818, .T. ) ;
#6163 = AXIS2_PLACEMENT_3D ( 'NONE', #2794, #5361, #5221 ) ;
#6164 = ORIENTED_EDGE ( 'NONE', *, *, #5324, .F. ) ;
#6165 = ORIENTED_EDGE ( 'NONE', *, *, #4719, .F. ) ;
#6166 = LINE ( 'NONE', #2101, #5283 ) ;
#6167 = CARTESIAN_POINT ( 'NONE',  ( 116.2499999999999716, 20.00738685968833508, 6.981012147346070972E-16 ) ) ;
#6168 = EDGE_CURVE ( 'NONE', #3923, #6429, #5314, .T. ) ;
#6169 = EDGE_CURVE ( 'NONE', #2820, #5764, #4452, .T. ) ;
#6170 = ORIENTED_EDGE ( 'NONE', *, *, #1563, .F. ) ;
#6171 = ORIENTED_EDGE ( 'NONE', *, *, #430, .T. ) ;
#6172 = CARTESIAN_POINT ( 'NONE',  ( 92.24999999999997158, 28.66764089753272060, 1.000276301672653362E-15 ) ) ;
#6173 = ORIENTED_EDGE ( 'NONE', *, *, #3744, .T. ) ;
#6174 = FACE_OUTER_BOUND ( 'NONE', #608, .T. ) ;
#6175 = FACE_OUTER_BOUND ( 'NONE', #2246, .T. ) ;
#6176 = LINE ( 'NONE', #3151, #5332 ) ;
#6177 = ORIENTED_EDGE ( 'NONE', *, *, #4934, .T. ) ;
#6178 = VERTEX_POINT ( 'NONE', #6023 ) ;
#6179 = CARTESIAN_POINT ( 'NONE',  ( -88.17235208260149193, -44.32233810894312143, 3.000000000000019096 ) ) ;
#6180 = CARTESIAN_POINT ( 'NONE',  ( 147.0000000000000000, 1.141983802888054106E-14, 34.56121421188652931 ) ) ;
#6181 = VECTOR ( 'NONE', #1132, 1000.000000000000000 ) ;
#6182 = ADVANCED_FACE ( 'NONE', ( #2483 ), #4018, .F. ) ;
#6183 = CARTESIAN_POINT ( 'NONE',  ( 82.49999999999998579, 45.55513627132918941, 10.00000000000000178 ) ) ;
#6184 = APPLICATION_CONTEXT ( 'configuration controlled 3d designs of mechanical parts and assemblies' ) ;
#6185 = DIRECTION ( 'NONE',  ( 0.4999999999999999445, -0.8660254037844387076, -3.021750869380466102E-17 ) ) ;
#6186 = ORIENTED_EDGE ( 'NONE', *, *, #3344, .T. ) ;
#6187 = VECTOR ( 'NONE', #5059, 1000.000000000000000 ) ;
#6188 = DIRECTION ( 'NONE',  ( -1.954618001100627820E-16, -0.000000000000000000, -1.000000000000000000 ) ) ;
#6189 = VECTOR ( 'NONE', #4912, 1000.000000000000000 ) ;
#6190 = CARTESIAN_POINT ( 'NONE',  ( 122.6723520826018614, 5.041109906769869475, 3.000000000000019096 ) ) ;
#6191 = DIRECTION ( 'NONE',  ( -0.8660254037844388186, 0.4999999999999996114, 1.744608677860794044E-17 ) ) ;
#6192 = VERTEX_POINT ( 'NONE', #5454 ) ;
#6193 = ADVANCED_FACE ( 'NONE', ( #1846 ), #3891, .F. ) ;
#6194 = VECTOR ( 'NONE', #5690, 1000.000000000000000 ) ;
#6195 = ORIENTED_EDGE ( 'NONE', *, *, #5940, .F. ) ;
#6196 = EDGE_CURVE ( 'NONE', #2032, #4778, #6053, .T. ) ;
#6197 = ORIENTED_EDGE ( 'NONE', *, *, #4907, .T. ) ;
#6198 = CARTESIAN_POINT ( 'NONE',  ( 127.5473520826011509, 13.48485759366860393, 3.000000000000019096 ) ) ;
#6199 = LINE ( 'NONE', #3671, #5692 ) ;
#6200 = ORIENTED_EDGE ( 'NONE', *, *, #3156, .F. ) ;
#6201 = ADVANCED_FACE ( 'NONE', ( #4511 ), #6415, .F. ) ;
#6202 = ORIENTED_EDGE ( 'NONE', *, *, #308, .F. ) ;
#6203 = CARTESIAN_POINT ( 'NONE',  ( 48.00000000000000000, 79.33012701892225493, 3.000000000000019096 ) ) ;
#6204 = AXIS2_PLACEMENT_3D ( 'NONE', #5628, #4989, #2458 ) ;
#6205 = VERTEX_POINT ( 'NONE', #6445 ) ;
#6206 = CARTESIAN_POINT ( 'NONE',  ( 33.74999999999997158, 62.44263164512572217, 3.000000000000019096 ) ) ;
#6207 = EDGE_CURVE ( 'NONE', #309, #1705, #4480, .T. ) ;
#6208 = DIRECTION ( 'NONE',  ( 1.000000000000000000, 0.000000000000000000, 0.000000000000000000 ) ) ;
#6209 = LINE ( 'NONE', #5116, #1820 ) ;
#6210 = EDGE_LOOP ( 'NONE', ( #382, #4270, #1394, #2851 ) ) ;
#6211 = DIRECTION ( 'NONE',  ( 1.403311819926406463E-16, 0.6658621660496463202, 0.7460747789757224968 ) ) ;
#6212 = DIRECTION ( 'NONE',  ( -1.000000000000000000, 3.204937810639274309E-15, 1.118272463289092504E-31 ) ) ;
#6213 = EDGE_CURVE ( 'NONE', #3238, #3640, #1341, .T. ) ;
#6214 = VERTEX_POINT ( 'NONE', #5485 ) ;
#6215 = EDGE_CURVE ( 'NONE', #3050, #3707, #3987, .T. ) ;
#6216 = VECTOR ( 'NONE', #1870, 1000.000000000000114 ) ;
#6217 = DIRECTION ( 'NONE',  ( -0.8660254037844383745, -0.5000000000000004441, 0.000000000000000000 ) ) ;
#6218 = CARTESIAN_POINT ( 'NONE',  ( 147.0000000000000000, 38.99486378953769616, -2.196854951215644365E-14 ) ) ;
#6219 = ORIENTED_EDGE ( 'NONE', *, *, #6577, .T. ) ;
#6220 = DIRECTION ( 'NONE',  ( 0.000000000000000000, 0.000000000000000000, -1.000000000000000000 ) ) ;
#6221 = VECTOR ( 'NONE', #1614, 1000.000000000000000 ) ;
#6222 = VECTOR ( 'NONE', #6016, 1000.000000000000000 ) ;
#6223 = DIRECTION ( 'NONE',  ( 0.8660254037844387076, -0.4999999999999997780, 0.000000000000000000 ) ) ;
#6224 = LINE ( 'NONE', #4129, #1028 ) ;
#6225 = ORIENTED_EDGE ( 'NONE', *, *, #3572, .T. ) ;
#6226 = ORIENTED_EDGE ( 'NONE', *, *, #2972, .F. ) ;
#6227 = VECTOR ( 'NONE', #2704, 1000.000000000000114 ) ;
#6228 = EDGE_CURVE ( 'NONE', #1243, #5198, #5987, .T. ) ;
#6229 = EDGE_LOOP ( 'NONE', ( #5855, #40, #3751, #2503, #1843, #5312 ) ) ;
#6230 = CARTESIAN_POINT ( 'NONE',  ( 106.5000000000000000, 36.89488223348482165, 10.00000000000000178 ) ) ;
#6231 = CARTESIAN_POINT ( 'NONE',  ( 111.7499999999999716, 62.44263164512573638, 10.00000000000000178 ) ) ;
#6232 = ORIENTED_EDGE ( 'NONE', *, *, #3648, .T. ) ;
#6233 = CARTESIAN_POINT ( 'NONE',  ( 18.75000000000000355, 53.78237760728131889, 10.00000000000000178 ) ) ;
#6234 =( LENGTH_UNIT ( ) NAMED_UNIT ( * ) SI_UNIT ( .MILLI., .METRE. ) );
#6235 = VECTOR ( 'NONE', #1738, 1000.000000000000000 ) ;
#6236 = AXIS2_PLACEMENT_3D ( 'NONE', #4299, #630, #4191 ) ;
#6237 = ORIENTED_EDGE ( 'NONE', *, *, #3456, .T. ) ;
#6238 = CARTESIAN_POINT ( 'NONE',  ( 74.99999999999992895, 49.88526329025141592, 1.740605264670865696E-15 ) ) ;
#6239 = CARTESIAN_POINT ( 'NONE',  ( 133.4999999999999716, 32.56475521456263067, 10.00000000000000178 ) ) ;
#6240 = LINE ( 'NONE', #3785, #708 ) ;
#6241 = LINE ( 'NONE', #2810, #3208 ) ;
#6242 = AXIS2_PLACEMENT_3D ( 'NONE', #2777, #4809, #2275 ) ;
#6243 = VERTEX_POINT ( 'NONE', #2987 ) ;
#6244 = AXIS2_PLACEMENT_3D ( 'NONE', #2515, #5584, #1510 ) ;
#6245 = LINE ( 'NONE', #1707, #5750 ) ;
#6246 = CIRCLE ( 'NONE', #507, 2.500000000000001332 ) ;
#6247 = VERTEX_POINT ( 'NONE', #2952 ) ;
#6248 = ORIENTED_EDGE ( 'NONE', *, *, #5717, .F. ) ;
#6249 = FACE_BOUND ( 'NONE', #6032, .T. ) ;
#6250 = DIRECTION ( 'NONE',  ( 2.065146995210483709E-16, 0.000000000000000000, 1.000000000000000000 ) ) ;
#6251 = ORIENTED_EDGE ( 'NONE', *, *, #1569, .T. ) ;
#6252 = LINE ( 'NONE', #2150, #558 ) ;
#6253 = ADVANCED_FACE ( 'NONE', ( #3397 ), #6542, .F. ) ;
#6254 = CARTESIAN_POINT ( 'NONE',  ( 131.2500000000000000, 28.66764089753271350, 10.00000000000000178 ) ) ;
#6255 = EDGE_CURVE ( 'NONE', #199, #882, #3460, .T. ) ;
#6256 = LINE ( 'NONE', #2185, #3878 ) ;
#6257 = CARTESIAN_POINT ( 'NONE',  ( 112.9223520826018330, -11.84638546702668194, 3.000000000000019096 ) ) ;
#6258 = EDGE_CURVE ( 'NONE', #334, #3531, #1880, .T. ) ;
#6259 = CARTESIAN_POINT ( 'NONE',  ( 74.99999999999992895, 66.33974596215564645, 2.314737929853150582E-15 ) ) ;
#6260 = ORIENTED_EDGE ( 'NONE', *, *, #2418, .T. ) ;
#6261 = LINE ( 'NONE', #4228, #5988 ) ;
#6262 = ORIENTED_EDGE ( 'NONE', *, *, #1962, .T. ) ;
#6263 = VERTEX_POINT ( 'NONE', #912 ) ;
#6264 = FACE_OUTER_BOUND ( 'NONE', #5368, .T. ) ;
#6265 = VERTEX_POINT ( 'NONE', #4980 ) ;
#6266 = DIRECTION ( 'NONE',  ( -0.4999999999999985567, -0.8660254037844394848, -3.021750869380467951E-17 ) ) ;
#6267 = FACE_OUTER_BOUND ( 'NONE', #4280, .T. ) ;
#6268 = ORIENTED_EDGE ( 'NONE', *, *, #3860, .T. ) ;
#6269 = CARTESIAN_POINT ( 'NONE',  ( 126.0000000000000000, 36.89488223348482165, 3.000000000000019096 ) ) ;
#6270 = DIRECTION ( 'NONE',  ( -0.000000000000000000, 3.489217355721594252E-17, -1.000000000000000000 ) ) ;
#6271 = DIRECTION ( 'NONE',  ( -0.000000000000000000, 3.489217355721594252E-17, -1.000000000000000000 ) ) ;
#6272 = DIRECTION ( 'NONE',  ( 0.000000000000000000, 0.7460747789757224968, -0.6658621660496464312 ) ) ;
#6273 = ORIENTED_EDGE ( 'NONE', *, *, #5683, .T. ) ;
#6274 = ORIENTED_EDGE ( 'NONE', *, *, #5002, .F. ) ;
#6275 = CARTESIAN_POINT ( 'NONE',  ( 35.99999999999997868, 32.56475521456263067, 10.00000000000000178 ) ) ;
#6276 = LINE ( 'NONE', #642, #10 ) ;
#6277 = VECTOR ( 'NONE', #5209, 1000.000000000000000 ) ;
#6278 = ORIENTED_EDGE ( 'NONE', *, *, #3034, .F. ) ;
#6279 = EDGE_CURVE ( 'NONE', #2232, #3856, #3924, .T. ) ;
#6280 = ORIENTED_EDGE ( 'NONE', *, *, #1319, .F. ) ;
#6281 = DIRECTION ( 'NONE',  ( -0.000000000000000000, 3.489217355721594252E-17, -1.000000000000000000 ) ) ;
#6282 = CARTESIAN_POINT ( 'NONE',  ( 67.50000000000000000, 45.55513627132927468, 10.00000000000000178 ) ) ;
#6283 = EDGE_LOOP ( 'NONE', ( #1503, #5003, #2229, #6367 ) ) ;
#6284 = LINE ( 'NONE', #3330, #2256 ) ;
#6285 = CARTESIAN_POINT ( 'NONE',  ( 38.24999999999999289, 20.00738685968837771, 6.981012147346085764E-16 ) ) ;
#6286 = EDGE_CURVE ( 'NONE', #6243, #2890, #2350, .T. ) ;
#6287 = EDGE_CURVE ( 'NONE', #1583, #4478, #381, .T. ) ;
#6288 = DIRECTION ( 'NONE',  ( 0.8660254037844378194, -0.5000000000000015543, 0.000000000000000000 ) ) ;
#6289 = LINE ( 'NONE', #3767, #2440 ) ;
#6290 = AXIS2_PLACEMENT_3D ( 'NONE', #5171, #3092, #4146 ) ;
#6291 = EDGE_CURVE ( 'NONE', #918, #868, #1911, .T. ) ;
#6292 = DIRECTION ( 'NONE',  ( 0.4999999999999998335, 0.8660254037844388186, 3.021750869380465486E-17 ) ) ;
#6293 = ORIENTED_EDGE ( 'NONE', *, *, #3162, .T. ) ;
#6294 = LINE ( 'NONE', #3702, #5765 ) ;
#6295 = ORIENTED_EDGE ( 'NONE', *, *, #5727, .F. ) ;
#6296 = AXIS2_PLACEMENT_3D ( 'NONE', #5072, #3411, #6326 ) ;
#6297 = ORIENTED_EDGE ( 'NONE', *, *, #4306, .T. ) ;
#6298 = CARTESIAN_POINT ( 'NONE',  ( 74.99999999999998579, 32.56475521456263067, 10.00000000000000178 ) ) ;
#6299 = VERTEX_POINT ( 'NONE', #4050 ) ;
#6300 = CARTESIAN_POINT ( 'NONE',  ( 37.50000000000000711, 101.4800689266309348, -11.85250950168861195 ) ) ;
#6301 = FACE_OUTER_BOUND ( 'NONE', #3772, .T. ) ;
#6302 = VERTEX_POINT ( 'NONE', #5617 ) ;
#6303 = CARTESIAN_POINT ( 'NONE',  ( 116.2499999999999858, 28.66764089753271705, 3.000000000000019096 ) ) ;
#6304 = LINE ( 'NONE', #3216, #887 ) ;
#6305 = CARTESIAN_POINT ( 'NONE',  ( 150.0000000000000000, 85.06340628446157837, 10.81072832108004000 ) ) ;
#6306 = CARTESIAN_POINT ( 'NONE',  ( 132.4223520826013498, 21.92860528056658609, 3.000000000000019096 ) ) ;
#6307 = ORIENTED_EDGE ( 'NONE', *, *, #1794, .T. ) ;
#6308 = ORIENTED_EDGE ( 'NONE', *, *, #6062, .F. ) ;
#6309 = LINE ( 'NONE', #248, #4700 ) ;
#6310 = VECTOR ( 'NONE', #3818, 1000.000000000000000 ) ;
#6311 = CARTESIAN_POINT ( 'NONE',  ( 48.00000000000000000, 45.55513627132926047, 1.589517721201843451E-15 ) ) ;
#6312 = EDGE_CURVE ( 'NONE', #3558, #4316, #515, .T. ) ;
#6313 = VERTEX_POINT ( 'NONE', #79 ) ;
#6314 = EDGE_CURVE ( 'NONE', #6265, #4914, #109, .T. ) ;
#6315 = ORIENTED_EDGE ( 'NONE', *, *, #5523, .T. ) ;
#6316 = FACE_BOUND ( 'NONE', #2410, .T. ) ;
#6317 = DIRECTION ( 'NONE',  ( 0.8660254037844383745, -0.5000000000000004441, 0.000000000000000000 ) ) ;
#6318 = VERTEX_POINT ( 'NONE', #2608 ) ;
#6319 = FACE_OUTER_BOUND ( 'NONE', #4479, .T. ) ;
#6320 = DIRECTION ( 'NONE',  ( -1.000000000000000000, -0.000000000000000000, 0.000000000000000000 ) ) ;
#6321 = CIRCLE ( 'NONE', #4718, 50.00000000000000000 ) ;
#6322 = DIRECTION ( 'NONE',  ( -5.756360214935807155E-32, -1.000000000000000000, -1.734723475976807094E-16 ) ) ;
#6323 = PLANE ( 'NONE',  #1579 ) ;
#6324 = LINE ( 'NONE', #4830, #3497 ) ;
#6325 = EDGE_LOOP ( 'NONE', ( #6078, #4007, #3441, #2579 ) ) ;
#6326 = DIRECTION ( 'NONE',  ( -3.318315740031390775E-16, 0.000000000000000000, -1.000000000000000000 ) ) ;
#6327 = VECTOR ( 'NONE', #5642, 1000.000000000000000 ) ;
#6328 = ORIENTED_EDGE ( 'NONE', *, *, #716, .F. ) ;
#6329 = ORIENTED_EDGE ( 'NONE', *, *, #5316, .T. ) ;
#6330 = CARTESIAN_POINT ( 'NONE',  ( 84.74999999999998579, 32.99776791645491159, 10.00000000000000178 ) ) ;
#6331 = VECTOR ( 'NONE', #2560, 1000.000000000000114 ) ;
#6332 = ORIENTED_EDGE ( 'NONE', *, *, #5201, .T. ) ;
#6333 = LINE ( 'NONE', #700, #6431 ) ;
#6334 = EDGE_CURVE ( 'NONE', #1795, #5051, #5674, .T. ) ;
#6335 = LINE ( 'NONE', #1770, #6565 ) ;
#6336 = EDGE_CURVE ( 'NONE', #1882, #5193, #4168, .T. ) ;
#6337 = CARTESIAN_POINT ( 'NONE',  ( 9.000000000000007105, 36.89488223348482165, 1.287342634263795411E-15 ) ) ;
#6338 = CARTESIAN_POINT ( 'NONE',  ( 123.7500000000000284, 32.99776791645491159, 1.151363845141676593E-15 ) ) ;
#6339 = PLANE ( 'NONE',  #1345 ) ;
#6340 = DIRECTION ( 'NONE',  ( -0.8660254037844387076, 0.4999999999999997780, 0.000000000000000000 ) ) ;
#6341 = EDGE_LOOP ( 'NONE', ( #2578, #337, #6498, #4413, #1149, #1943 ) ) ;
#6342 = EDGE_LOOP ( 'NONE', ( #3738, #5285, #3069, #4929, #1166, #431 ) ) ;
#6343 = DIRECTION ( 'NONE',  ( 0.8660254037844383745, 0.5000000000000003331, 0.000000000000000000 ) ) ;
#6344 = FACE_BOUND ( 'NONE', #6512, .T. ) ;
#6345 = EDGE_LOOP ( 'NONE', ( #5476, #2270, #1945, #3521, #3545, #2513 ) ) ;
#6346 = ORIENTED_EDGE ( 'NONE', *, *, #6018, .T. ) ;
#6347 = FACE_BOUND ( 'NONE', #1625, .T. ) ;
#6348 = VECTOR ( 'NONE', #2802, 1000.000000000000000 ) ;
#6349 = CARTESIAN_POINT ( 'NONE',  ( 37.50000000000000711, 86.48368917940753420, -7.894911034008763282E-15 ) ) ;
#6350 = VERTEX_POINT ( 'NONE', #2075 ) ;
#6351 = LINE ( 'NONE', #4857, #4071 ) ;
#6352 = CARTESIAN_POINT ( 'NONE',  ( 111.7499999999999574, 28.66764089753270994, 10.00000000000000178 ) ) ;
#6353 = VECTOR ( 'NONE', #4462, 1000.000000000000000 ) ;
#6354 = AXIS2_PLACEMENT_3D ( 'NONE', #3919, #5345, #2881 ) ;
#6355 = AXIS2_PLACEMENT_3D ( 'NONE', #5245, #2713, #3790 ) ;
#6356 = PRODUCT_DEFINITION_FORMATION_WITH_SPECIFIED_SOURCE ( 'Simétric', '', #1445, .NOT_KNOWN. ) ;
#6357 = DIRECTION ( 'NONE',  ( -0.000000000000000000, 3.489217355721594252E-17, -1.000000000000000000 ) ) ;
#6358 = DIRECTION ( 'NONE',  ( 0.8660254037844387076, -0.4999999999999998335, -1.744608677860796201E-17 ) ) ;
#6359 = PLANE ( 'NONE',  #6461 ) ;
#6360 = ORIENTED_EDGE ( 'NONE', *, *, #201, .F. ) ;
#6361 = EDGE_LOOP ( 'NONE', ( #4723, #2800, #2671, #879 ) ) ;
#6362 = LINE ( 'NONE', #1723, #3329 ) ;
#6363 = EDGE_LOOP ( 'NONE', ( #1895, #415, #71, #435 ) ) ;
#6364 = VERTEX_POINT ( 'NONE', #4110 ) ;
#6365 = EDGE_CURVE ( 'NONE', #1118, #132, #4638, .T. ) ;
#6366 = FACE_OUTER_BOUND ( 'NONE', #5689, .T. ) ;
#6367 = ORIENTED_EDGE ( 'NONE', *, *, #6162, .F. ) ;
#6368 = CARTESIAN_POINT ( 'NONE',  ( 150.0000000000000000, 0.000000000000000000, 0.000000000000000000 ) ) ;
#6369 = CALENDAR_DATE ( 2026, 14, 9 ) ;
#6370 = EDGE_CURVE ( 'NONE', #3952, #3550, #5109, .T. ) ;
#6371 = DIRECTION ( 'NONE',  ( 1.602468905319637155E-15, 1.000000000000000000, 3.489217355721593635E-17 ) ) ;
#6372 = EDGE_CURVE ( 'NONE', #775, #741, #6111, .T. ) ;
#6373 = CARTESIAN_POINT ( 'NONE',  ( 109.4999999999999858, 100.0000000000000000, 3.489217355721594350E-15 ) ) ;
#6374 = DIRECTION ( 'NONE',  ( -0.000000000000000000, 3.489217355721594252E-17, -1.000000000000000000 ) ) ;
#6375 = EDGE_CURVE ( 'NONE', #645, #487, #5182, .T. ) ;
#6376 = DIRECTION ( 'NONE',  ( -0.000000000000000000, 3.489217355721594252E-17, -1.000000000000000000 ) ) ;
#6377 = VECTOR ( 'NONE', #6482, 999.9999999999998863 ) ;
#6378 = ORIENTED_EDGE ( 'NONE', *, *, #3134, .T. ) ;
#6379 = ORIENTED_EDGE ( 'NONE', *, *, #585, .F. ) ;
#6380 = CARTESIAN_POINT ( 'NONE',  ( 9.000000000000007105, 79.33012701892225493, 3.000000000000019096 ) ) ;
#6381 = CARTESIAN_POINT ( 'NONE',  ( 144.7973520826015204, 43.36273402423132239, 3.000000000000019096 ) ) ;
#6382 = ORIENTED_EDGE ( 'NONE', *, *, #2052, .F. ) ;
#6383 = DIRECTION ( 'NONE',  ( 0.8660254037844387076, -0.4999999999999998890, -1.744608677860796818E-17 ) ) ;
#6384 = FACE_OUTER_BOUND ( 'NONE', #1111, .T. ) ;
#6385 = ORIENTED_EDGE ( 'NONE', *, *, #1689, .F. ) ;
#6386 = PLANE ( 'NONE',  #1610 ) ;
#6387 = DIRECTION ( 'NONE',  ( 0.4999999999999999445, -0.8660254037844387076, -3.021750869380466102E-17 ) ) ;
#6388 = VECTOR ( 'NONE', #3901, 1000.000000000000000 ) ;
#6389 = EDGE_CURVE ( 'NONE', #1277, #6318, #4140, .T. ) ;
#6390 = DIRECTION ( 'NONE',  ( -0.000000000000000000, 3.489217355721594252E-17, -1.000000000000000000 ) ) ;
#6391 = LINE ( 'NONE', #654, #3833 ) ;
#6392 = CARTESIAN_POINT ( 'NONE',  ( 150.0000000000000000, 100.0000000000000000, 3.489217355721594350E-15 ) ) ;
#6393 = VERTEX_POINT ( 'NONE', #1595 ) ;
#6394 = ORIENTED_EDGE ( 'NONE', *, *, #5956, .T. ) ;
#6395 = DIRECTION ( 'NONE',  ( 0.4999999999999999445, -0.8660254037844387076, -3.021750869380466102E-17 ) ) ;
#6396 = ORIENTED_EDGE ( 'NONE', *, *, #4151, .T. ) ;
#6397 = EDGE_CURVE ( 'NONE', #4070, #4033, #1539, .T. ) ;
#6398 = VECTOR ( 'NONE', #521, 1000.000000000000114 ) ;
#6399 = ORIENTED_EDGE ( 'NONE', *, *, #6279, .F. ) ;
#6400 = EDGE_CURVE ( 'NONE', #5597, #2032, #2549, .T. ) ;
#6401 = LINE ( 'NONE', #834, #5930 ) ;
#6402 = VECTOR ( 'NONE', #1840, 1000.000000000000000 ) ;
#6403 = ORIENTED_EDGE ( 'NONE', *, *, #4095, .T. ) ;
#6404 = PLANE ( 'NONE',  #2600 ) ;
#6405 = DATE_AND_TIME ( #6470, #4867 ) ;
#6406 = VECTOR ( 'NONE', #6452, 1000.000000000000000 ) ;
#6407 = CARTESIAN_POINT ( 'NONE',  ( 40.50000000000000711, 101.4800689266309348, -7.352509501688614613 ) ) ;
#6408 = DIRECTION ( 'NONE',  ( 0.000000000000000000, -1.000000000000000000, -3.489217355721593635E-17 ) ) ;
#6409 = CARTESIAN_POINT ( 'NONE',  ( 84.74999999999998579, 49.45225058835914922, 10.00000000000000178 ) ) ;
#6410 = EDGE_CURVE ( 'NONE', #508, #4727, #3643, .T. ) ;
#6411 = DIRECTION ( 'NONE',  ( 1.000000000000000000, -0.000000000000000000, -3.318315740031391761E-16 ) ) ;
#6412 = VERTEX_POINT ( 'NONE', #4667 ) ;
#6413 = ORIENTED_EDGE ( 'NONE', *, *, #2465, .T. ) ;
#6414 = FACE_BOUND ( 'NONE', #6051, .T. ) ;
#6415 = PLANE ( 'NONE',  #3502 ) ;
#6416 = EDGE_CURVE ( 'NONE', #4116, #1108, #1571, .T. ) ;
#6417 = ORIENTED_EDGE ( 'NONE', *, *, #6291, .F. ) ;
#6418 = DIRECTION ( 'NONE',  ( 0.5000000000000004441, 0.8660254037844384856, 3.021750869380464253E-17 ) ) ;
#6419 = FACE_BOUND ( 'NONE', #5243, .T. ) ;
#6420 = FACE_OUTER_BOUND ( 'NONE', #2279, .T. ) ;
#6421 = DIRECTION ( 'NONE',  ( -0.000000000000000000, 1.000000000000000000, 0.000000000000000000 ) ) ;
#6422 = CARTESIAN_POINT ( 'NONE',  ( 40.50000000000000711, 101.4800689266309348, -7.352509501688614613 ) ) ;
#6423 = DIRECTION ( 'NONE',  ( 0.8660254037844378194, -0.5000000000000015543, 0.000000000000000000 ) ) ;
#6424 = EDGE_CURVE ( 'NONE', #3676, #2383, #2132, .T. ) ;
#6425 = FACE_OUTER_BOUND ( 'NONE', #5206, .T. ) ;
#6426 = DIRECTION ( 'NONE',  ( 0.8660254037844393737, -0.4999999999999985012, 0.000000000000000000 ) ) ;
#6427 = CARTESIAN_POINT ( 'NONE',  ( -97.92235208260146351, -27.43484273514629024, 3.000000000000019096 ) ) ;
#6428 = ORIENTED_EDGE ( 'NONE', *, *, #4053, .F. ) ;
#6429 = VERTEX_POINT ( 'NONE', #6203 ) ;
#6430 = CARTESIAN_POINT ( 'NONE',  ( 43.49999999999998579, -202.2374841615668686, 3.000000000000019096 ) ) ;
#6431 = VECTOR ( 'NONE', #1731, 1000.000000000000000 ) ;
#6432 = EDGE_LOOP ( 'NONE', ( #304, #5094, #693, #99 ) ) ;
#6433 = CARTESIAN_POINT ( 'NONE',  ( 55.49999999999997868, 32.56475521456263067, 3.000000000000019096 ) ) ;
#6434 = AXIS2_PLACEMENT_3D ( 'NONE', #2389, #6320, #5288 ) ;
#6435 = ORIENTED_EDGE ( 'NONE', *, *, #6113, .F. ) ;
#6436 = CARTESIAN_POINT ( 'NONE',  ( 65.25000000000000000, 49.45225058835914922, 1.725496510323961677E-15 ) ) ;
#6437 = EDGE_CURVE ( 'NONE', #4727, #5986, #3523, .T. ) ;
#6438 = DIRECTION ( 'NONE',  ( 0.000000000000000000, 0.000000000000000000, -1.000000000000000000 ) ) ;
#6439 = CARTESIAN_POINT ( 'NONE',  ( 9.000000000000007105, 36.89488223348482165, 1.287342634263795411E-15 ) ) ;
#6440 = VECTOR ( 'NONE', #3956, 1000.000000000000000 ) ;
#6441 = LINE ( 'NONE', #347, #2731 ) ;
#6442 = DIRECTION ( 'NONE',  ( -0.8660254037844385966, 0.4999999999999998890, 0.000000000000000000 ) ) ;
#6443 = EDGE_LOOP ( 'NONE', ( #2501, #3040, #3988, #2379 ) ) ;
#6444 = VERTEX_POINT ( 'NONE', #5044 ) ;
#6445 = CARTESIAN_POINT ( 'NONE',  ( 53.24999999999997868, 62.44263164512573638, 3.000000000000019096 ) ) ;
#6446 = ORIENTED_EDGE ( 'NONE', *, *, #3506, .T. ) ;
#6447 = DIRECTION ( 'NONE',  ( 0.4999999999999999445, 0.8660254037844387076, 3.021750869380466102E-17 ) ) ;
#6448 = EDGE_CURVE ( 'NONE', #3052, #4380, #6080, .T. ) ;
#6449 = LINE ( 'NONE', #5524, #3393 ) ;
#6450 = CYLINDRICAL_SURFACE ( 'NONE', #3190, 2.500000000000002220 ) ;
#6451 = DIRECTION ( 'NONE',  ( -0.000000000000000000, 3.489217355721594252E-17, -1.000000000000000000 ) ) ;
#6452 = DIRECTION ( 'NONE',  ( 0.000000000000000000, -1.000000000000000000, -3.489217355721593635E-17 ) ) ;
#6453 = VECTOR ( 'NONE', #5440, 1000.000000000000114 ) ;
#6454 = CARTESIAN_POINT ( 'NONE',  ( 126.0000000000000000, 45.55513627132927468, 10.00000000000000178 ) ) ;
#6455 = CARTESIAN_POINT ( 'NONE',  ( 87.00000000000000000, 79.33012701892225493, 10.00000000000000355 ) ) ;
#6456 = EDGE_CURVE ( 'NONE', #6097, #4065, #5291, .T. ) ;
#6457 = DIRECTION ( 'NONE',  ( 0.8660254037844385966, 0.4999999999999998890, 0.000000000000000000 ) ) ;
#6458 = ORIENTED_EDGE ( 'NONE', *, *, #1557, .F. ) ;
#6459 = EDGE_CURVE ( 'NONE', #252, #3974, #3556, .T. ) ;
#6460 = LINE ( 'NONE', #960, #2361 ) ;
#6461 = AXIS2_PLACEMENT_3D ( 'NONE', #1792, #3302, #4795 ) ;
#6462 = AXIS2_PLACEMENT_3D ( 'NONE', #816, #3428, #1411 ) ;
#6463 = EDGE_CURVE ( 'NONE', #3128, #4914, #4806, .T. ) ;
#6464 = AXIS2_PLACEMENT_3D ( 'NONE', #1580, #3064, #3097 ) ;
#6465 = ORIENTED_EDGE ( 'NONE', *, *, #65, .F. ) ;
#6466 = DIRECTION ( 'NONE',  ( -0.8660254037844387076, -0.4999999999999999445, 0.000000000000000000 ) ) ;
#6467 = VERTEX_POINT ( 'NONE', #4303 ) ;
#6468 = ORIENTED_EDGE ( 'NONE', *, *, #5302, .F. ) ;
#6469 = DIRECTION ( 'NONE',  ( 1.000000000000000000, 0.000000000000000000, 0.000000000000000000 ) ) ;
#6470 = CALENDAR_DATE ( 2026, 14, 9 ) ;
#6471 = DIRECTION ( 'NONE',  ( -0.4999999999999982792, 0.8660254037844395958, 3.021750869380468567E-17 ) ) ;
#6472 = DIRECTION ( 'NONE',  ( 0.000000000000000000, 0.000000000000000000, -1.000000000000000000 ) ) ;
#6473 = DIRECTION ( 'NONE',  ( -0.000000000000000000, 3.489217355721594252E-17, -1.000000000000000000 ) ) ;
#6474 = CARTESIAN_POINT ( 'NONE',  ( 87.00000000000000000, 79.33012701892225493, 2.768000560260221065E-15 ) ) ;
#6475 = ORIENTED_EDGE ( 'NONE', *, *, #2222, .T. ) ;
#6476 = ORIENTED_EDGE ( 'NONE', *, *, #4287, .F. ) ;
#6477 = DIRECTION ( 'NONE',  ( -0.000000000000000000, 3.489217355721594252E-17, -1.000000000000000000 ) ) ;
#6478 = ORIENTED_EDGE ( 'NONE', *, *, #5983, .T. ) ;
#6479 = CARTESIAN_POINT ( 'NONE',  ( 28.49999999999999645, 45.55513627132927468, 3.000000000000019096 ) ) ;
#6480 = CARTESIAN_POINT ( 'NONE',  ( 43.49999999999998579, 79.33012701892224072, 2.768000560260220670E-15 ) ) ;
#6481 = VECTOR ( 'NONE', #2960, 1000.000000000000000 ) ;
#6482 = DIRECTION ( 'NONE',  ( -0.8660254037844387076, -0.4999999999999999445, 0.000000000000000000 ) ) ;
#6483 = CARTESIAN_POINT ( 'NONE',  ( 18.74999999999998934, 62.44263164512570086, 10.00000000000000178 ) ) ;
#6484 = FACE_OUTER_BOUND ( 'NONE', #3904, .T. ) ;
#6485 = ADVANCED_FACE ( 'NONE', ( #2235 ), #2669, .F. ) ;
#6486 = DIRECTION ( 'NONE',  ( -0.000000000000000000, 3.489217355721594252E-17, -1.000000000000000000 ) ) ;
#6487 = CARTESIAN_POINT ( 'NONE',  ( 45.75000000000000000, 32.99776791645492580, 1.151363845141677185E-15 ) ) ;
#6488 = DIRECTION ( 'NONE',  ( -0.000000000000000000, 3.489217355721594252E-17, -1.000000000000000000 ) ) ;
#6489 = EDGE_LOOP ( 'NONE', ( #2124, #1105, #4301, #5883 ) ) ;
#6490 = PLANE ( 'NONE',  #867 ) ;
#6491 = ADVANCED_FACE ( 'NONE', ( #4237 ), #4699, .F. ) ;
#6492 = ADVANCED_FACE ( 'NONE', ( #6267 ), #3779, .F. ) ;
#6493 = EDGE_CURVE ( 'NONE', #3415, #4020, #702, .T. ) ;
#6494 = VECTOR ( 'NONE', #615, 999.9999999999998863 ) ;
#6495 = VERTEX_POINT ( 'NONE', #769 ) ;
#6496 = DIRECTION ( 'NONE',  ( 0.5000000000000004441, -0.8660254037844384856, -3.021750869380464253E-17 ) ) ;
#6497 = ORIENTED_EDGE ( 'NONE', *, *, #3580, .F. ) ;
#6498 = ORIENTED_EDGE ( 'NONE', *, *, #4528, .T. ) ;
#6499 = PLANE ( 'NONE',  #5148 ) ;
#6500 = PERSON_AND_ORGANIZATION ( #18446744073709551615, #18446744073709551615 ) ;
#6501 = CC_DESIGN_PERSON_AND_ORGANIZATION_ASSIGNMENT ( #807, #2841, ( #1494 ) ) ;
#6502 = VERTEX_POINT ( 'NONE', #2701 ) ;
#6503 = CARTESIAN_POINT ( 'NONE',  ( 18.75000000000000355, 53.78237760728131889, 1.876584053792984316E-15 ) ) ;
#6504 = CARTESIAN_POINT ( 'NONE',  ( 55.49999999999992184, 49.88526329025141592, 10.00000000000000178 ) ) ;
#6505 = PLANE ( 'NONE',  #4120 ) ;
#6506 = VECTOR ( 'NONE', #2709, 1000.000000000000000 ) ;
#6507 = DIRECTION ( 'NONE',  ( 0.8660254037844383745, 0.5000000000000004441, 1.744608677860797742E-17 ) ) ;
#6508 = ORIENTED_EDGE ( 'NONE', *, *, #3258, .T. ) ;
#6509 = ORIENTED_EDGE ( 'NONE', *, *, #4553, .F. ) ;
#6510 = CARTESIAN_POINT ( 'NONE',  ( 74.99999999999992895, 49.88526329025141592, 10.00000000000000178 ) ) ;
#6511 = VECTOR ( 'NONE', #265, 1000.000000000000000 ) ;
#6512 = EDGE_LOOP ( 'NONE', ( #2176, #1509, #5654, #1063 ) ) ;
#6513 = CARTESIAN_POINT ( 'NONE',  ( 77.24999999999998579, 62.44263164512570086, 2.178759140731030384E-15 ) ) ;
#6514 = CARTESIAN_POINT ( 'NONE',  ( 96.75000000000000000, 53.78237760728131889, 1.876584053792984316E-15 ) ) ;
#6515 = DIRECTION ( 'NONE',  ( 1.000000000000000000, -0.000000000000000000, -0.000000000000000000 ) ) ;
#6516 = DIRECTION ( 'NONE',  ( 1.000000000000000000, -0.000000000000000000, -0.000000000000000000 ) ) ;
#6517 = VECTOR ( 'NONE', #4956, 1000.000000000000000 ) ;
#6518 = ADVANCED_FACE ( 'NONE', ( #1697 ), #3743, .F. ) ;
#6519 = EDGE_LOOP ( 'NONE', ( #847, #4275, #2566, #2556, #5809, #2695 ) ) ;
#6520 = DIRECTION ( 'NONE',  ( 0.8660254037844378194, 0.5000000000000014433, 1.744608677860803597E-17 ) ) ;
#6521 = EDGE_CURVE ( 'NONE', #5570, #3614, #5774, .T. ) ;
#6522 = CARTESIAN_POINT ( 'NONE',  ( 3.000000000000015543, 2.999999999999985789, 140.0000000000000000 ) ) ;
#6523 = LINE ( 'NONE', #5022, #5544 ) ;
#6524 = DIRECTION ( 'NONE',  ( -0.8660254037844388186, 0.4999999999999996669, 0.000000000000000000 ) ) ;
#6525 = ORIENTED_EDGE ( 'NONE', *, *, #3143, .T. ) ;
#6526 = FACE_OUTER_BOUND ( 'NONE', #1540, .T. ) ;
#6527 = AXIS2_PLACEMENT_3D ( 'NONE', #6239, #2996, #5531 ) ;
#6528 = ORIENTED_EDGE ( 'NONE', *, *, #6092, .F. ) ;
#6529 = FACE_OUTER_BOUND ( 'NONE', #4999, .T. ) ;
#6530 = EDGE_LOOP ( 'NONE', ( #1576, #4901, #2394, #4404 ) ) ;
#6531 = VERTEX_POINT ( 'NONE', #3815 ) ;
#6532 = DIRECTION ( 'NONE',  ( -0.4999999999999996669, -0.8660254037844388186, -3.021750869380465486E-17 ) ) ;
#6533 = ORIENTED_EDGE ( 'NONE', *, *, #5029, .T. ) ;
#6534 = VECTOR ( 'NONE', #3079, 1000.000000000000000 ) ;
#6535 = CARTESIAN_POINT ( 'NONE',  ( 38.24999999999999289, 62.44263164512570086, 10.00000000000000178 ) ) ;
#6536 = DIRECTION ( 'NONE',  ( -0.8660254037844383745, -0.5000000000000003331, 0.000000000000000000 ) ) ;
#6537 = EDGE_CURVE ( 'NONE', #2950, #6350, #4197, .T. ) ;
#6538 = CARTESIAN_POINT ( 'NONE',  ( 65.25000000000000000, 32.99776791645491159, 10.00000000000000178 ) ) ;
#6539 = ADVANCED_FACE ( 'NONE', ( #6301 ), #4841, .F. ) ;
#6540 = ORIENTED_EDGE ( 'NONE', *, *, #1974, .F. ) ;
#6541 = VERTEX_POINT ( 'NONE', #171 ) ;
#6542 = PLANE ( 'NONE',  #6462 ) ;
#6543 = VECTOR ( 'NONE', #160, 1000.000000000000000 ) ;
#6544 = ORIENTED_EDGE ( 'NONE', *, *, #3506, .F. ) ;
#6545 = VECTOR ( 'NONE', #2238, 1000.000000000000114 ) ;
#6546 = DIRECTION ( 'NONE',  ( -0.000000000000000000, 3.489217355721594252E-17, -1.000000000000000000 ) ) ;
#6547 = FACE_OUTER_BOUND ( 'NONE', #541, .T. ) ;
#6548 = FACE_OUTER_BOUND ( 'NONE', #2236, .T. ) ;
#6549 = DIRECTION ( 'NONE',  ( 0.000000000000000000, 1.000000000000000000, 3.489217355721594868E-17 ) ) ;
#6550 = VECTOR ( 'NONE', #4642, 1000.000000000000114 ) ;
#6551 = ORIENTED_EDGE ( 'NONE', *, *, #1145, .T. ) ;
#6552 = DIRECTION ( 'NONE',  ( -0.5000000000000021094, -0.8660254037844374864, -3.021750869380461172E-17 ) ) ;
#6553 = CARTESIAN_POINT ( 'NONE',  ( 141.0000000000000000, 45.55513627132918941, 1.589517721201841282E-15 ) ) ;
#6554 = LINE ( 'NONE', #6487, #2772 ) ;
#6555 = LINE ( 'NONE', #4000, #4868 ) ;
#6556 = VERTEX_POINT ( 'NONE', #1733 ) ;
#6557 = CARTESIAN_POINT ( 'NONE',  ( 55.49999999999997868, 83.66025403784443881, 2.919088103729243113E-15 ) ) ;
#6558 = AXIS2_PLACEMENT_3D ( 'NONE', #3109, #3177, #2072 ) ;
#6559 = ORIENTED_EDGE ( 'NONE', *, *, #4261, .T. ) ;
#6560 = DIRECTION ( 'NONE',  ( -0.8660254037844393737, 0.4999999999999989453, 1.744608677860793428E-17 ) ) ;
#6561 = VECTOR ( 'NONE', #3620, 1000.000000000000000 ) ;
#6562 = EDGE_LOOP ( 'NONE', ( #6446, #4887, #6528, #3413 ) ) ;
#6563 = ORIENTED_EDGE ( 'NONE', *, *, #657, .T. ) ;
#6564 = DIRECTION ( 'NONE',  ( -0.000000000000000000, 3.489217355721594252E-17, -1.000000000000000000 ) ) ;
#6565 = VECTOR ( 'NONE', #5843, 1000.000000000000000 ) ;
#6566 = VECTOR ( 'NONE', #6488, 1000.000000000000000 ) ;
#6567 = VECTOR ( 'NONE', #6281, 1000.000000000000000 ) ;
#6568 = EDGE_CURVE ( 'NONE', #5385, #3374, #1226, .T. ) ;
#6569 = VERTEX_POINT ( 'NONE', #2306 ) ;
#6570 = FACE_OUTER_BOUND ( 'NONE', #247, .T. ) ;
#6571 = DIRECTION ( 'NONE',  ( -0.8660254037844378194, 0.5000000000000014433, 1.744608677860802673E-17 ) ) ;
#6572 = CARTESIAN_POINT ( 'NONE',  ( 16.49999999999993250, 49.88526329025141592, 1.740605264670865696E-15 ) ) ;
#6573 = VERTEX_POINT ( 'NONE', #2774 ) ;
#6574 = EDGE_CURVE ( 'NONE', #2951, #2661, #2272, .T. ) ;
#6575 = ORIENTED_EDGE ( 'NONE', *, *, #1383, .T. ) ;
#6576 = CARTESIAN_POINT ( 'NONE',  ( 28.49999999999999645, 36.89488223348482165, 10.00000000000000178 ) ) ;
#6577 = EDGE_CURVE ( 'NONE', #4504, #1640, #6335, .T. ) ;
#6578 = VERTEX_POINT ( 'NONE', #3311 ) ;
#6579 = DIRECTION ( 'NONE',  ( 0.4999999999999998335, -0.8660254037844388186, -3.021750869380465486E-17 ) ) ;
#6580 = EDGE_CURVE ( 'NONE', #780, #974, #3675, .T. ) ;
#6581 = CARTESIAN_POINT ( 'NONE',  ( 37.50000000000000711, 86.48368917940753420, -7.894911034008763282E-15 ) ) ;
#6582 = LINE ( 'NONE', #3023, #4570 ) ;
#6583 = DIRECTION ( 'NONE',  ( -0.8660254037844393737, 0.4999999999999985012, 1.744608677860792196E-17 ) ) ;
#6584 = EDGE_LOOP ( 'NONE', ( #234, #5972, #6509, #2732 ) ) ;
#6585 = LINE ( 'NONE', #4029, #3115 ) ;
#6586 = CARTESIAN_POINT ( 'NONE',  ( 38.24999999999999289, 20.00738685968837771, 6.981012147346085764E-16 ) ) ;
#6587 = CARTESIAN_POINT ( 'NONE',  ( 126.0000000000000000, 36.89488223348482165, 10.00000000000000178 ) ) ;
#6588 = CARTESIAN_POINT ( 'NONE',  ( 82.49999999999998579, 45.55513627132918941, 3.000000000000019096 ) ) ;
#6589 = CARTESIAN_POINT ( 'NONE',  ( 104.2499999999999858, 15.67725984076612988, 3.000000000000019096 ) ) ;
#6590 = ORIENTED_EDGE ( 'NONE', *, *, #701, .F. ) ;
ENDSEC;
END-ISO-10303-21;
