ISO-10303-21;
HEADER;
FILE_DESCRIPTION (( 'STEP AP203' ),
    '1' );
FILE_NAME ('eslabon_AD_v2.STEP',
    '2026-09-14T13:32:37',
    ( '' ),
    ( '' ),
    'SwSTEP 2.0',
    'SolidWorks 2026',
    '' );
FILE_SCHEMA (( 'CONFIG_CONTROL_DESIGN' ));
ENDSEC;

DATA;
#1 = CYLINDRICAL_SURFACE ( 'NONE', #2292, 0.7500000000000002220 ) ;
#2 = EDGE_CURVE ( 'NONE', #1598, #1624, #1233, .T. ) ;
#3 = CARTESIAN_POINT ( 'NONE',  ( 4.510281037539697183E-14, 78.00000000000001421, 4.000000000000000000 ) ) ;
#4 = EDGE_LOOP ( 'NONE', ( #1619, #1327, #460, #1362 ) ) ;
#5 = EDGE_CURVE ( 'NONE', #1017, #1099, #685, .T. ) ;
#6 = ADVANCED_FACE ( 'NONE', ( #184 ), #1430, .T. ) ;
#7 = CARTESIAN_POINT ( 'NONE',  ( -1.249999999999965805, 87.91500000000003467, 0.000000000000000000 ) ) ;
#8 = DIRECTION ( 'NONE',  ( 0.000000000000000000, 0.000000000000000000, 1.000000000000000000 ) ) ;
#9 = VERTEX_POINT ( 'NONE', #2185 ) ;
#10 = CIRCLE ( 'NONE', #932, 7.531438111449051398 ) ;
#11 = CARTESIAN_POINT ( 'NONE',  ( -6.011178813614780175E-15, 87.91500000000003467, 0.000000000000000000 ) ) ;
#12 = CIRCLE ( 'NONE', #2140, 10.00000000000000178 ) ;
#13 = VERTEX_POINT ( 'NONE', #1441 ) ;
#14 = VECTOR ( 'NONE', #372, 1000.000000000000000 ) ;
#15 = CARTESIAN_POINT ( 'NONE',  ( -13.54999999999999893, 100.9174675727972783, 0.000000000000000000 ) ) ;
#16 = LINE ( 'NONE', #2068, #622 ) ;
#17 = LINE ( 'NONE', #829, #374 ) ;
#18 = ORIENTED_EDGE ( 'NONE', *, *, #927, .F. ) ;
#19 = CARTESIAN_POINT ( 'NONE',  ( 12.00000000000001066, 78.00000000000001421, 0.000000000000000000 ) ) ;
#20 = ORIENTED_EDGE ( 'NONE', *, *, #537, .F. ) ;
#21 = AXIS2_PLACEMENT_3D ( 'NONE', #28, #1534, #567 ) ;
#22 = APPROVAL_DATE_TIME ( #2396, #1843 ) ;
#23 = CARTESIAN_POINT ( 'NONE',  ( -1.460351472855927223E-15, 112.0000000000000000, 0.000000000000000000 ) ) ;
#24 = ORIENTED_EDGE ( 'NONE', *, *, #845, .F. ) ;
#25 = EDGE_CURVE ( 'NONE', #153, #102, #2161, .T. ) ;
#26 = CIRCLE ( 'NONE', #1844, 7.504999999999999893 ) ;
#27 = DIRECTION ( 'NONE',  ( 0.5473462944917323325, 0.4476740263921619167, 0.7071067811865473507 ) ) ;
#28 = CARTESIAN_POINT ( 'NONE',  ( -1.460351472855927223E-15, 112.0000000000000000, 7.000000000000000000 ) ) ;
#29 = EDGE_LOOP ( 'NONE', ( #1818, #2173, #1679, #1748 ) ) ;
#30 = DIRECTION ( 'NONE',  ( -1.000000000000000000, 0.000000000000000000, 0.000000000000000000 ) ) ;
#31 = AXIS2_PLACEMENT_3D ( 'NONE', #2376, #903, #1100 ) ;
#32 = EDGE_LOOP ( 'NONE', ( #1486, #887, #841, #1905, #2015, #141 ) ) ;
#33 = EDGE_CURVE ( 'NONE', #955, #760, #1532, .T. ) ;
#34 = CARTESIAN_POINT ( 'NONE',  ( -24.90015137032919412, 109.7678571428571388, 4.000000000000000000 ) ) ;
#35 = VERTEX_POINT ( 'NONE', #1815 ) ;
#36 = DIRECTION ( 'NONE',  ( -0.000000000000000000, -0.000000000000000000, -1.000000000000000000 ) ) ;
#37 = DIRECTION ( 'NONE',  ( -0.000000000000000000, -0.000000000000000000, -1.000000000000000000 ) ) ;
#38 = ADVANCED_FACE ( 'NONE', ( #313 ), #1648, .T. ) ;
#39 = ORIENTED_EDGE ( 'NONE', *, *, #2224, .T. ) ;
#40 = LINE ( 'NONE', #967, #638 ) ;
#41 = ORIENTED_EDGE ( 'NONE', *, *, #697, .T. ) ;
#42 = APPROVAL_PERSON_ORGANIZATION ( #2180, #48, #516 ) ;
#43 = CARTESIAN_POINT ( 'NONE',  ( -0.7500000000000062172, 87.91500000000003467, 4.000000000000000000 ) ) ;
#44 = ORIENTED_EDGE ( 'NONE', *, *, #1870, .T. ) ;
#45 = AXIS2_PLACEMENT_3D ( 'NONE', #2031, #367, #379 ) ;
#46 = CARTESIAN_POINT ( 'NONE',  ( -7.501357960453899132, 89.34977546334366139, 7.000000000000000000 ) ) ;
#47 = CARTESIAN_POINT ( 'NONE',  ( -10.32245236692260271, 3.075390764414115186, 0.000000000000000000 ) ) ;
#48 = APPROVAL ( #322, 'UNSPECIFIED' ) ;
#49 = VECTOR ( 'NONE', #767, 1000.000000000000000 ) ;
#50 = ORIENTED_EDGE ( 'NONE', *, *, #2084, .F. ) ;
#51 = CARTESIAN_POINT ( 'NONE',  ( -14.94009082219750439, -1.339285714285713080, 4.000000000000000000 ) ) ;
#52 = AXIS2_PLACEMENT_3D ( 'NONE', #437, #232, #1164 ) ;
#53 = ORIENTED_EDGE ( 'NONE', *, *, #1558, .F. ) ;
#54 = DIRECTION ( 'NONE',  ( -1.000000000000000000, 0.000000000000000000, 0.000000000000000000 ) ) ;
#55 = PLANE ( 'NONE',  #1516 ) ;
#56 = ORIENTED_EDGE ( 'NONE', *, *, #580, .F. ) ;
#57 = CYLINDRICAL_SURFACE ( 'NONE', #332, 7.504999999999999893 ) ;
#58 = CIRCLE ( 'NONE', #2227, 1.249999999999959588 ) ;
#59 = FACE_OUTER_BOUND ( 'NONE', #2188, .T. ) ;
#60 = CYLINDRICAL_SURFACE ( 'NONE', #852, 10.00000000000000178 ) ;
#61 = CIRCLE ( 'NONE', #138, 25.00000000000000000 ) ;
#62 = EDGE_LOOP ( 'NONE', ( #1744, #901, #692, #1092 ) ) ;
#63 = CARTESIAN_POINT ( 'NONE',  ( 3.550000000000003375, 87.95500000000002672, 4.000000000000000000 ) ) ;
#64 = VERTEX_POINT ( 'NONE', #324 ) ;
#65 = DIRECTION ( 'NONE',  ( -0.9960060548131672853, -0.08928571428571437096, 0.000000000000000000 ) ) ;
#66 = EDGE_CURVE ( 'NONE', #390, #1484, #170, .T. ) ;
#67 = CIRCLE ( 'NONE', #2276, 8.004999999999983018 ) ;
#68 = DIRECTION ( 'NONE',  ( -0.000000000000000000, -0.000000000000000000, -1.000000000000000000 ) ) ;
#69 = EDGE_LOOP ( 'NONE', ( #24, #2284, #268, #50 ) ) ;
#70 = CYLINDRICAL_SURFACE ( 'NONE', #1381, 2.000000000000000000 ) ;
#71 = DIRECTION ( 'NONE',  ( 1.000000000000000000, -5.782411586589354681E-16, 0.000000000000000000 ) ) ;
#72 = CARTESIAN_POINT ( 'NONE',  ( -1.460351472855927223E-15, 112.0000000000000000, 7.000000000000000000 ) ) ;
#73 = ORIENTED_EDGE ( 'NONE', *, *, #1141, .F. ) ;
#74 = LINE ( 'NONE', #797, #2070 ) ;
#75 = ADVANCED_FACE ( 'NONE', ( #889 ), #2388, .T. ) ;
#76 = ORIENTED_EDGE ( 'NONE', *, *, #1391, .F. ) ;
#77 = CARTESIAN_POINT ( 'NONE',  ( 15.50000000000000000, 64.76808374630067533, 4.000000000000000000 ) ) ;
#78 = EDGE_CURVE ( 'NONE', #1436, #2201, #145, .T. ) ;
#79 = EDGE_CURVE ( 'NONE', #352, #1964, #556, .T. ) ;
#80 = FACE_OUTER_BOUND ( 'NONE', #1193, .T. ) ;
#81 = ORIENTED_EDGE ( 'NONE', *, *, #1063, .F. ) ;
#82 = DIRECTION ( 'NONE',  ( 0.000000000000000000, 0.000000000000000000, 1.000000000000000000 ) ) ;
#83 = FACE_OUTER_BOUND ( 'NONE', #1477, .T. ) ;
#84 = FACE_OUTER_BOUND ( 'NONE', #1322, .T. ) ;
#85 = VECTOR ( 'NONE', #1289, 1000.000000000000000 ) ;
#86 = ORIENTED_EDGE ( 'NONE', *, *, #594, .F. ) ;
#87 = FACE_OUTER_BOUND ( 'NONE', #1638, .T. ) ;
#88 = ORIENTED_EDGE ( 'NONE', *, *, #1294, .T. ) ;
#89 = AXIS2_PLACEMENT_3D ( 'NONE', #2315, #1228, #1581 ) ;
#90 = FACE_BOUND ( 'NONE', #2273, .T. ) ;
#91 = VECTOR ( 'NONE', #691, 1000.000000000000000 ) ;
#92 = DIRECTION ( 'NONE',  ( 0.9583699910868307414, -0.2855292632712592149, 0.000000000000000000 ) ) ;
#93 = ORIENTED_EDGE ( 'NONE', *, *, #1364, .T. ) ;
#94 = CARTESIAN_POINT ( 'NONE',  ( -6.011178813614780175E-15, 87.91500000000003467, 4.000000000000000000 ) ) ;
#95 = DIRECTION ( 'NONE',  ( 0.000000000000000000, 0.000000000000000000, -1.000000000000000000 ) ) ;
#96 = CARTESIAN_POINT ( 'NONE',  ( -1.460351472855927223E-15, 112.0000000000000000, 4.000000000000000000 ) ) ;
#97 = ADVANCED_FACE ( 'NONE', ( #1303 ), #1499, .T. ) ;
#98 = CIRCLE ( 'NONE', #1451, 1.799999999999998712 ) ;
#99 = EDGE_LOOP ( 'NONE', ( #1332, #2135, #1547, #18 ) ) ;
#100 = CARTESIAN_POINT ( 'NONE',  ( -7.505000000000001670, 112.0000000000000000, 4.000000000000000000 ) ) ;
#101 = AXIS2_PLACEMENT_3D ( 'NONE', #77, #1550, #2071 ) ;
#102 = VERTEX_POINT ( 'NONE', #1705 ) ;
#103 = DIRECTION ( 'NONE',  ( -0.000000000000000000, -0.000000000000000000, 1.000000000000000000 ) ) ;
#104 = DIRECTION ( 'NONE',  ( -0.000000000000000000, -0.000000000000000000, -1.000000000000000000 ) ) ;
#105 = EDGE_CURVE ( 'NONE', #1952, #2248, #1969, .T. ) ;
#106 = CARTESIAN_POINT ( 'NONE',  ( -9.493739424420208906, 112.0000000000000000, 7.000000000000000000 ) ) ;
#107 = ADVANCED_FACE ( 'NONE', ( #196 ), #569, .T. ) ;
#108 = VERTEX_POINT ( 'NONE', #2088 ) ;
#109 = DIRECTION ( 'NONE',  ( -0.000000000000000000, -0.000000000000000000, 1.000000000000000000 ) ) ;
#110 = DIRECTION ( 'NONE',  ( -0.000000000000000000, -0.000000000000000000, -1.000000000000000000 ) ) ;
#111 = LINE ( 'NONE', #1736, #2304 ) ;
#112 = EDGE_CURVE ( 'NONE', #1970, #1165, #67, .T. ) ;
#113 = EDGE_LOOP ( 'NONE', ( #156, #1058, #631, #2073, #1297, #670, #1445, #174 ) ) ;
#114 = CARTESIAN_POINT ( 'NONE',  ( -14.94009082219750439, -1.339285714285715079, 4.000000000000000000 ) ) ;
#115 = ORIENTED_EDGE ( 'NONE', *, *, #858, .T. ) ;
#116 = CARTESIAN_POINT ( 'NONE',  ( -5.521320093955839582E-15, 91.91500000000003467, 0.000000000000000000 ) ) ;
#117 = CARTESIAN_POINT ( 'NONE',  ( -5.521320093955839582E-15, 91.91500000000003467, 0.000000000000000000 ) ) ;
#118 = ORIENTED_EDGE ( 'NONE', *, *, #772, .T. ) ;
#119 = DIRECTION ( 'NONE',  ( 1.000000000000000000, 0.000000000000000000, 0.000000000000000000 ) ) ;
#120 = CARTESIAN_POINT ( 'NONE',  ( 4.967865995816470814, -0.4453381199528840817, 4.000000000000000000 ) ) ;
#121 = ORIENTED_EDGE ( 'NONE', *, *, #1675, .F. ) ;
#122 = PRODUCT_RELATED_PRODUCT_CATEGORY ( 'detail', '', ( #194 ) ) ;
#123 = DIRECTION ( 'NONE',  ( 0.08928571428571435709, -0.9960060548131671743, 0.000000000000000000 ) ) ;
#124 = SECURITY_CLASSIFICATION ( '', '', #563 ) ;
#125 = CIRCLE ( 'NONE', #161, 1.450000000000002176 ) ;
#126 = FACE_OUTER_BOUND ( 'NONE', #338, .T. ) ;
#127 = VECTOR ( 'NONE', #1485, 1000.000000000000000 ) ;
#128 = CARTESIAN_POINT ( 'NONE',  ( -17.10000000000001208, 64.76808374630067533, 0.000000000000000000 ) ) ;
#129 = AXIS2_PLACEMENT_3D ( 'NONE', #309, #1810, #139 ) ;
#130 = FACE_OUTER_BOUND ( 'NONE', #2398, .T. ) ;
#131 = VERTEX_POINT ( 'NONE', #1336 ) ;
#132 = PERSON_AND_ORGANIZATION ( #2150, #849 ) ;
#133 = DIRECTION ( 'NONE',  ( -1.672832994793040529E-16, 1.000000000000000000, -0.000000000000000000 ) ) ;
#134 = ORIENTED_EDGE ( 'NONE', *, *, #2, .T. ) ;
#135 = LINE ( 'NONE', #1239, #698 ) ;
#136 = AXIS2_PLACEMENT_3D ( 'NONE', #358, #1483, #1459 ) ;
#137 = DIRECTION ( 'NONE',  ( 0.2855292632712590484, -0.9583699910868307414, 0.000000000000000000 ) ) ;
#138 = AXIS2_PLACEMENT_3D ( 'NONE', #522, #1491, #611 ) ;
#139 = DIRECTION ( 'NONE',  ( 1.000000000000000000, 0.000000000000000000, 0.000000000000000000 ) ) ;
#140 = ADVANCED_FACE ( 'NONE', ( #59 ), #974, .F. ) ;
#141 = ORIENTED_EDGE ( 'NONE', *, *, #1245, .F. ) ;
#142 = DIRECTION ( 'NONE',  ( -1.000000000000000000, 0.000000000000000000, 0.000000000000000000 ) ) ;
#143 = CARTESIAN_POINT ( 'NONE',  ( -1.565157521573618649, 32.46897545947416575, 0.000000000000000000 ) ) ;
#144 = AXIS2_PLACEMENT_3D ( 'NONE', #915, #1076, #2220 ) ;
#145 = LINE ( 'NONE', #878, #453 ) ;
#146 = DIRECTION ( 'NONE',  ( 1.000000000000000000, 0.000000000000000000, 0.000000000000000000 ) ) ;
#147 = DIRECTION ( 'NONE',  ( 0.000000000000000000, 0.000000000000000000, 1.000000000000000000 ) ) ;
#148 = VERTEX_POINT ( 'NONE', #1533 ) ;
#149 = DIRECTION ( 'NONE',  ( -0.000000000000000000, -0.000000000000000000, -1.000000000000000000 ) ) ;
#150 = EDGE_CURVE ( 'NONE', #1549, #725, #1324, .T. ) ;
#151 = DIRECTION ( 'NONE',  ( -1.000000000000000000, 0.000000000000000000, 0.000000000000000000 ) ) ;
#152 = ADVANCED_FACE ( 'NONE', ( #388 ), #2044, .T. ) ;
#153 = VERTEX_POINT ( 'NONE', #1314 ) ;
#154 = CARTESIAN_POINT ( 'NONE',  ( 1.565157521573617760, 32.46897545947413022, 0.000000000000000000 ) ) ;
#155 = CARTESIAN_POINT ( 'NONE',  ( 13.55000000000000249, 100.9174675727972783, 4.000000000000000000 ) ) ;
#156 = ORIENTED_EDGE ( 'NONE', *, *, #428, .F. ) ;
#157 = DIRECTION ( 'NONE',  ( -0.2855292632712590484, 0.9583699910868307414, 0.000000000000000000 ) ) ;
#158 = FACE_OUTER_BOUND ( 'NONE', #1197, .T. ) ;
#159 = DIRECTION ( 'NONE',  ( 1.000000000000000000, 0.000000000000000000, 0.000000000000000000 ) ) ;
#160 = ORIENTED_EDGE ( 'NONE', *, *, #2349, .T. ) ;
#161 = AXIS2_PLACEMENT_3D ( 'NONE', #461, #1773, #1795 ) ;
#162 = CC_DESIGN_APPROVAL ( #2167, ( #124 ) ) ;
#163 = DIRECTION ( 'NONE',  ( -1.003699796875824194E-16, 1.000000000000000000, 0.000000000000000000 ) ) ;
#164 = CIRCLE ( 'NONE', #2178, 4.000000000000000888 ) ;
#165 = CARTESIAN_POINT ( 'NONE',  ( 5.809354470151385286, 107.2485343692569870, 0.4999999999999831246 ) ) ;
#166 = ORIENTED_EDGE ( 'NONE', *, *, #1798, .T. ) ;
#167 = LINE ( 'NONE', #1074, #1213 ) ;
#168 = VECTOR ( 'NONE', #1321, 1000.000000000000000 ) ;
#169 = EDGE_LOOP ( 'NONE', ( #1894, #1482, #1929, #1041 ) ) ;
#170 = LINE ( 'NONE', #2169, #262 ) ;
#171 = FACE_BOUND ( 'NONE', #1476, .T. ) ;
#172 = EDGE_CURVE ( 'NONE', #2001, #955, #1672, .T. ) ;
#173 = DIRECTION ( 'NONE',  ( 1.000000000000000000, -5.782411586589354681E-16, 0.000000000000000000 ) ) ;
#174 = ORIENTED_EDGE ( 'NONE', *, *, #633, .F. ) ;
#175 = CARTESIAN_POINT ( 'NONE',  ( -3.549999999999999378, 100.9174675727972783, 4.000000000000000000 ) ) ;
#176 = CIRCLE ( 'NONE', #1683, 1.600000000000009415 ) ;
#177 = VERTEX_POINT ( 'NONE', #1508 ) ;
#178 = CIRCLE ( 'NONE', #1262, 1.849999999999976552 ) ;
#179 = AXIS2_PLACEMENT_3D ( 'NONE', #2289, #2301, #637 ) ;
#180 = ADVANCED_FACE ( 'NONE', ( #1698 ), #1137, .T. ) ;
#181 = CARTESIAN_POINT ( 'NONE',  ( -6.011178813614780175E-15, 87.91500000000003467, 0.000000000000000000 ) ) ;
#182 = ORIENTED_EDGE ( 'NONE', *, *, #183, .T. ) ;
#183 = EDGE_CURVE ( 'NONE', #2241, #1613, #938, .T. ) ;
#184 = FACE_OUTER_BOUND ( 'NONE', #555, .T. ) ;
#185 = DIRECTION ( 'NONE',  ( -0.000000000000000000, -0.000000000000000000, 1.000000000000000000 ) ) ;
#186 = EDGE_CURVE ( 'NONE', #64, #1150, #589, .T. ) ;
#187 = AXIS2_PLACEMENT_3D ( 'NONE', #1125, #229, #1115 ) ;
#188 = LINE ( 'NONE', #3, #1692 ) ;
#189 = ORIENTED_EDGE ( 'NONE', *, *, #1793, .T. ) ;
#190 = CARTESIAN_POINT ( 'NONE',  ( 7.501357960453890250, 89.34977546334366139, 4.000000000000000000 ) ) ;
#191 = CARTESIAN_POINT ( 'NONE',  ( 7.501357960453897356, 89.34977546334366139, 7.000000000000000000 ) ) ;
#192 = ORIENTED_EDGE ( 'NONE', *, *, #402, .F. ) ;
#193 = PLANE ( 'NONE',  #397 ) ;
#194 = PRODUCT ( 'eslabon_AD_v2', 'eslabon_AD_v2', '', ( #502 ) ) ;
#195 = ORIENTED_EDGE ( 'NONE', *, *, #495, .T. ) ;
#196 = FACE_OUTER_BOUND ( 'NONE', #1633, .T. ) ;
#197 = LINE ( 'NONE', #696, #1904 ) ;
#198 = DIRECTION ( 'NONE',  ( 1.000000000000000000, 0.000000000000000000, 0.000000000000000000 ) ) ;
#199 = CC_DESIGN_DATE_AND_TIME_ASSIGNMENT ( #1839, #574, ( #124 ) ) ;
#200 = EDGE_LOOP ( 'NONE', ( #822, #1561, #1811, #1147 ) ) ;
#201 = CARTESIAN_POINT ( 'NONE',  ( -1.450000000000008171, 87.91500000000003467, 0.2000000000000469180 ) ) ;
#202 = APPROVAL_PERSON_ORGANIZATION ( #1449, #1843, #529 ) ;
#203 = EDGE_CURVE ( 'NONE', #1964, #1326, #763, .T. ) ;
#204 = ORIENTED_EDGE ( 'NONE', *, *, #2055, .T. ) ;
#205 = DIRECTION ( 'NONE',  ( 1.000000000000000000, 0.000000000000000000, 0.000000000000000000 ) ) ;
#206 = AXIS2_PLACEMENT_3D ( 'NONE', #2133, #850, #612 ) ;
#207 = ORIENTED_EDGE ( 'NONE', *, *, #1719, .T. ) ;
#208 = VECTOR ( 'NONE', #995, 1000.000000000000114 ) ;
#209 = CARTESIAN_POINT ( 'NONE',  ( -6.196386746643808507, 106.9319810294340130, 0.000000000000000000 ) ) ;
#210 = DIRECTION ( 'NONE',  ( 1.000000000000000000, 0.000000000000000000, 0.000000000000000000 ) ) ;
#211 = ADVANCED_FACE ( 'NONE', ( #761 ), #1878, .T. ) ;
#212 = ORIENTED_EDGE ( 'NONE', *, *, #2171, .T. ) ;
#213 = CARTESIAN_POINT ( 'NONE',  ( 0.000000000000000000, 0.000000000000000000, 4.000000000000000000 ) ) ;
#214 = ORIENTED_EDGE ( 'NONE', *, *, #1541, .F. ) ;
#215 = VECTOR ( 'NONE', #1639, 1000.000000000000114 ) ;
#216 = ADVANCED_FACE ( 'NONE', ( #1151 ), #1888, .T. ) ;
#217 = LINE ( 'NONE', #620, #2105 ) ;
#218 = ORIENTED_EDGE ( 'NONE', *, *, #172, .T. ) ;
#219 = AXIS2_PLACEMENT_3D ( 'NONE', #251, #997, #1718 ) ;
#220 = CARTESIAN_POINT ( 'NONE',  ( -10.32245236692260271, 3.075390764414115186, -0.001000000000000132727 ) ) ;
#221 = FACE_OUTER_BOUND ( 'NONE', #2259, .T. ) ;
#222 = ORIENTED_EDGE ( 'NONE', *, *, #317, .F. ) ;
#223 = ORIENTED_EDGE ( 'NONE', *, *, #357, .T. ) ;
#224 = DIRECTION ( 'NONE',  ( 0.000000000000000000, 0.000000000000000000, 1.000000000000000000 ) ) ;
#225 = VERTEX_POINT ( 'NONE', #1395 ) ;
#226 = ADVANCED_FACE ( 'NONE', ( #2097 ), #1746, .F. ) ;
#227 = LINE ( 'NONE', #34, #127 ) ;
#228 = VERTEX_POINT ( 'NONE', #1556 ) ;
#229 = DIRECTION ( 'NONE',  ( 0.9583699910868307414, 0.2855292632712590484, 0.000000000000000000 ) ) ;
#230 = FACE_OUTER_BOUND ( 'NONE', #1382, .T. ) ;
#231 = VERTEX_POINT ( 'NONE', #1913 ) ;
#232 = DIRECTION ( 'NONE',  ( 0.9583699910868307414, 0.2855292632712593259, 0.000000000000000000 ) ) ;
#233 = ORIENTED_EDGE ( 'NONE', *, *, #956, .T. ) ;
#234 = DIRECTION ( 'NONE',  ( 1.672832994793040529E-16, -1.000000000000000000, 0.000000000000000000 ) ) ;
#235 = CARTESIAN_POINT ( 'NONE',  ( -1.460351472855927223E-15, 112.0000000000000000, 4.000000000000000000 ) ) ;
#236 = ORIENTED_EDGE ( 'NONE', *, *, #495, .F. ) ;
#237 = AXIS2_PLACEMENT_3D ( 'NONE', #1414, #2318, #630 ) ;
#238 = LINE ( 'NONE', #456, #2271 ) ;
#239 = DIRECTION ( 'NONE',  ( 0.9583699910868307414, -0.2855292632712592149, 0.000000000000000000 ) ) ;
#240 = VECTOR ( 'NONE', #1112, 1000.000000000000114 ) ;
#241 = CARTESIAN_POINT ( 'NONE',  ( -4.000000000000002665, 112.0000000000000000, 3.500000000000000000 ) ) ;
#242 = VECTOR ( 'NONE', #334, 1000.000000000000000 ) ;
#243 = ORIENTED_EDGE ( 'NONE', *, *, #534, .T. ) ;
#244 = ADVANCED_FACE ( 'NONE', ( #83, #2109 ), #2280, .T. ) ;
#245 = DIRECTION ( 'NONE',  ( -0.000000000000000000, -0.000000000000000000, -1.000000000000000000 ) ) ;
#246 = VERTEX_POINT ( 'NONE', #1779 ) ;
#247 = FACE_OUTER_BOUND ( 'NONE', #2250, .T. ) ;
#248 = DIRECTION ( 'NONE',  ( 1.000000000000000000, 0.000000000000000000, 0.000000000000000000 ) ) ;
#249 = AXIS2_PLACEMENT_3D ( 'NONE', #1919, #810, #30 ) ;
#250 = EDGE_LOOP ( 'NONE', ( #587, #2005, #1309, #2293 ) ) ;
#251 = CARTESIAN_POINT ( 'NONE',  ( -5.521320093955839582E-15, 91.91500000000003467, 3.600000000000015632 ) ) ;
#252 = EDGE_CURVE ( 'NONE', #1767, #1484, #2302, .T. ) ;
#253 = VECTOR ( 'NONE', #424, 1000.000000000000000 ) ;
#254 = CARTESIAN_POINT ( 'NONE',  ( -1.460351472855927223E-15, 112.0000000000000000, 5.500000000000000000 ) ) ;
#255 = CARTESIAN_POINT ( 'NONE',  ( -5.521320093955839582E-15, 91.91500000000003467, 0.000000000000000000 ) ) ;
#256 = EDGE_CURVE ( 'NONE', #2100, #436, #952, .T. ) ;
#257 = ORIENTED_EDGE ( 'NONE', *, *, #1784, .F. ) ;
#258 = EDGE_CURVE ( 'NONE', #745, #1739, #1569, .T. ) ;
#259 = DIRECTION ( 'NONE',  ( 1.000000000000000000, 0.000000000000000000, 0.000000000000000000 ) ) ;
#260 = ORIENTED_EDGE ( 'NONE', *, *, #112, .F. ) ;
#261 = FACE_OUTER_BOUND ( 'NONE', #1276, .T. ) ;
#262 = VECTOR ( 'NONE', #506, 1000.000000000000000 ) ;
#263 = CARTESIAN_POINT ( 'NONE',  ( -5.809354470151386174, 107.2485343692569870, 0.4999999999999831246 ) ) ;
#264 = VERTEX_POINT ( 'NONE', #1372 ) ;
#265 = DIRECTION ( 'NONE',  ( 1.000000000000000000, 0.000000000000000000, 0.000000000000000000 ) ) ;
#266 = CARTESIAN_POINT ( 'NONE',  ( 5.809354470151385286, 107.2485343692569870, 4.000000000000000000 ) ) ;
#267 = DIRECTION ( 'NONE',  ( 0.000000000000000000, 0.000000000000000000, 1.000000000000000000 ) ) ;
#268 = ORIENTED_EDGE ( 'NONE', *, *, #627, .F. ) ;
#269 = CARTESIAN_POINT ( 'NONE',  ( 1.249999999999953593, 87.91500000000003467, 0.000000000000000000 ) ) ;
#270 = VERTEX_POINT ( 'NONE', #1187 ) ;
#271 = CARTESIAN_POINT ( 'NONE',  ( 4.967865995816470814, -0.4453381199528840817, 0.000000000000000000 ) ) ;
#272 = DIRECTION ( 'NONE',  ( -1.000000000000000000, 0.000000000000000000, 0.000000000000000000 ) ) ;
#273 = EDGE_CURVE ( 'NONE', #148, #455, #687, .T. ) ;
#274 = ORIENTED_EDGE ( 'NONE', *, *, #1245, .T. ) ;
#275 = DIRECTION ( 'NONE',  ( -0.9960060548131672853, 0.08928571428571430157, 0.000000000000000000 ) ) ;
#276 = FACE_OUTER_BOUND ( 'NONE', #366, .T. ) ;
#277 = CARTESIAN_POINT ( 'NONE',  ( 1.449999999999995959, 87.91500000000003467, 3.600000000000015632 ) ) ;
#278 = AXIS2_PLACEMENT_3D ( 'NONE', #2057, #1879, #1325 ) ;
#279 = VERTEX_POINT ( 'NONE', #816 ) ;
#280 = CARTESIAN_POINT ( 'NONE',  ( -2.000000000000000000, 0.000000000000000000, 0.000000000000000000 ) ) ;
#281 = ORIENTED_EDGE ( 'NONE', *, *, #2143, .T. ) ;
#282 = CIRCLE ( 'NONE', #2218, 4.000000000000000888 ) ;
#283 = DIRECTION ( 'NONE',  ( -0.000000000000000000, -0.000000000000000000, 1.000000000000000000 ) ) ;
#284 = ADVANCED_FACE ( 'NONE', ( #1384 ), #1592, .F. ) ;
#285 = AXIS2_PLACEMENT_3D ( 'NONE', #1910, #801, #248 ) ;
#286 = CARTESIAN_POINT ( 'NONE',  ( -8.004999999999984794, 112.0000000000000000, 0.000000000000000000 ) ) ;
#287 = ADVANCED_FACE ( 'NONE', ( #805 ), #1174, .T. ) ;
#288 = EDGE_LOOP ( 'NONE', ( #2029, #1335, #873, #764 ) ) ;
#289 = EDGE_CURVE ( 'NONE', #1513, #131, #660, .T. ) ;
#290 = CARTESIAN_POINT ( 'NONE',  ( -5.521320093955839582E-15, 91.91500000000003467, 4.000000000000000000 ) ) ;
#291 = DIRECTION ( 'NONE',  ( -1.672832994793040529E-16, 1.000000000000000000, 0.000000000000000000 ) ) ;
#292 = FACE_OUTER_BOUND ( 'NONE', #2085, .T. ) ;
#293 = VECTOR ( 'NONE', #806, 1000.000000000000000 ) ;
#294 = ORIENTED_EDGE ( 'NONE', *, *, #633, .T. ) ;
#295 = DIRECTION ( 'NONE',  ( 0.7071067811865393571, 0.000000000000000000, 0.7071067811865555663 ) ) ;
#296 = AXIS2_PLACEMENT_3D ( 'NONE', #328, #1279, #1807 ) ;
#297 = VERTEX_POINT ( 'NONE', #2121 ) ;
#298 = AXIS2_PLACEMENT_3D ( 'NONE', #1817, #2355, #2010 ) ;
#299 = DIRECTION ( 'NONE',  ( 0.000000000000000000, 0.000000000000000000, 1.000000000000000000 ) ) ;
#300 = PLANE ( 'NONE',  #2141 ) ;
#301 = ORIENTED_EDGE ( 'NONE', *, *, #1616, .T. ) ;
#302 = AXIS2_PLACEMENT_3D ( 'NONE', #925, #398, #2056 ) ;
#303 = DIRECTION ( 'NONE',  ( -1.000000000000000000, 0.000000000000000000, 0.000000000000000000 ) ) ;
#304 = CARTESIAN_POINT ( 'NONE',  ( -24.90015137032919412, 109.7678571428571388, 0.000000000000000000 ) ) ;
#305 = DIRECTION ( 'NONE',  ( -1.000000000000000000, 0.000000000000000000, 0.000000000000000000 ) ) ;
#306 = VERTEX_POINT ( 'NONE', #304 ) ;
#307 = DIRECTION ( 'NONE',  ( 1.000000000000000000, 0.000000000000000000, 0.000000000000000000 ) ) ;
#308 = DIRECTION ( 'NONE',  ( 1.000000000000000000, 0.000000000000000000, 0.000000000000000000 ) ) ;
#309 = CARTESIAN_POINT ( 'NONE',  ( -1.460351472855927223E-15, 112.0000000000000000, 5.500000000000000000 ) ) ;
#310 = EDGE_LOOP ( 'NONE', ( #1398, #1958, #2282, #1828, #2198, #423 ) ) ;
#311 = PLANE ( 'NONE',  #1588 ) ;
#312 = DIRECTION ( 'NONE',  ( 1.000000000000000000, 0.000000000000000000, 0.000000000000000000 ) ) ;
#313 = FACE_OUTER_BOUND ( 'NONE', #1244, .T. ) ;
#314 = CARTESIAN_POINT ( 'NONE',  ( -1.460351472855927223E-15, 112.0000000000000000, 4.000000000000000000 ) ) ;
#315 = VECTOR ( 'NONE', #1442, 1000.000000000000000 ) ;
#316 = DIRECTION ( 'NONE',  ( 0.000000000000000000, 0.000000000000000000, 1.000000000000000000 ) ) ;
#317 = EDGE_CURVE ( 'NONE', #1260, #1687, #1358, .T. ) ;
#318 = CIRCLE ( 'NONE', #625, 1.600000000000012967 ) ;
#319 = CIRCLE ( 'NONE', #129, 4.000000000000000888 ) ;
#320 = DIRECTION ( 'NONE',  ( 0.000000000000000000, 0.000000000000000000, 1.000000000000000000 ) ) ;
#321 = ORIENTED_EDGE ( 'NONE', *, *, #853, .F. ) ;
#322 = APPROVAL_STATUS ( 'not_yet_approved' ) ;
#323 = CYLINDRICAL_SURFACE ( 'NONE', #701, 1.799999999999998712 ) ;
#324 = CARTESIAN_POINT ( 'NONE',  ( -4.049999999999985612, 100.9174675727972783, 0.000000000000000000 ) ) ;
#325 = FACE_BOUND ( 'NONE', #776, .T. ) ;
#326 = AXIS2_PLACEMENT_3D ( 'NONE', #1434, #104, #1948 ) ;
#327 = EDGE_CURVE ( 'NONE', #847, #1767, #2146, .T. ) ;
#328 = CARTESIAN_POINT ( 'NONE',  ( 13.55000000000000249, 100.9174675727972783, 0.000000000000000000 ) ) ;
#329 = ADVANCED_FACE ( 'NONE', ( #276 ), #1758, .F. ) ;
#330 = ORIENTED_EDGE ( 'NONE', *, *, #882, .T. ) ;
#331 = CIRCLE ( 'NONE', #943, 0.7500000000000002220 ) ;
#332 = AXIS2_PLACEMENT_3D ( 'NONE', #2237, #1211, #2108 ) ;
#333 = CARTESIAN_POINT ( 'NONE',  ( -25.00000000000000000, 112.0000000000000000, 0.000000000000000000 ) ) ;
#334 = DIRECTION ( 'NONE',  ( -0.000000000000000000, -0.000000000000000000, -1.000000000000000000 ) ) ;
#335 = VERTEX_POINT ( 'NONE', #1212 ) ;
#336 = CALENDAR_DATE ( 2026, 14, 9 ) ;
#337 = CARTESIAN_POINT ( 'NONE',  ( -24.90015137032919412, 109.7678571428571388, 4.000000000000000000 ) ) ;
#338 = EDGE_LOOP ( 'NONE', ( #1559, #1439, #44, #2298, #2042, #963 ) ) ;
#339 = APPLICATION_CONTEXT ( 'configuration controlled 3d designs of mechanical parts and assemblies' ) ;
#340 = VECTOR ( 'NONE', #432, 1000.000000000000000 ) ;
#341 = EDGE_LOOP ( 'NONE', ( #709, #2278, #561, #56 ) ) ;
#342 = DIRECTION ( 'NONE',  ( -1.000000000000000000, 0.000000000000000000, 0.000000000000000000 ) ) ;
#343 = CARTESIAN_POINT ( 'NONE',  ( -6.011178813614780175E-15, 87.91500000000003467, 4.000000000000000000 ) ) ;
#344 = ORIENTED_EDGE ( 'NONE', *, *, #902, .T. ) ;
#345 = CARTESIAN_POINT ( 'NONE',  ( -12.00000000000000355, 78.00000000000002842, 4.000000000000000000 ) ) ;
#346 = CARTESIAN_POINT ( 'NONE',  ( -4.000000000000002665, 112.0000000000000000, 3.500000000000000000 ) ) ;
#347 = ORIENTED_EDGE ( 'NONE', *, *, #382, .T. ) ;
#348 = APPROVAL_STATUS ( 'not_yet_approved' ) ;
#349 = ADVANCED_FACE ( 'NONE', ( #1966 ), #1954, .T. ) ;
#350 = DIRECTION ( 'NONE',  ( -0.000000000000000000, 0.000000000000000000, 1.000000000000000000 ) ) ;
#351 = ORIENTED_EDGE ( 'NONE', *, *, #756, .F. ) ;
#352 = VERTEX_POINT ( 'NONE', #1545 ) ;
#353 = CARTESIAN_POINT ( 'NONE',  ( -9.455821949541000748, 111.1523446942481996, 4.000000000000000000 ) ) ;
#354 = DIRECTION ( 'NONE',  ( 0.08928571428571430157, 0.9960060548131671743, 0.000000000000000000 ) ) ;
#355 = ORIENTED_EDGE ( 'NONE', *, *, #1040, .T. ) ;
#356 = CIRCLE ( 'NONE', #2175, 1.799999999999998712 ) ;
#357 = EDGE_CURVE ( 'NONE', #1952, #820, #624, .T. ) ;
#358 = CARTESIAN_POINT ( 'NONE',  ( -7.806255641895631925E-15, 90.02222529472305723, 4.000000000000000000 ) ) ;
#359 = VECTOR ( 'NONE', #133, 1000.000000000000000 ) ;
#360 = ORIENTED_EDGE ( 'NONE', *, *, #150, .T. ) ;
#361 = ADVANCED_FACE ( 'NONE', ( #1977 ), #1608, .T. ) ;
#362 = EDGE_CURVE ( 'NONE', #2095, #1687, #2258, .T. ) ;
#363 = DIRECTION ( 'NONE',  ( 0.000000000000000000, -0.000000000000000000, -1.000000000000000000 ) ) ;
#364 = AXIS2_PLACEMENT_3D ( 'NONE', #191, #1667, #1154 ) ;
#365 = VERTEX_POINT ( 'NONE', #337 ) ;
#366 = EDGE_LOOP ( 'NONE', ( #2272, #2391, #1119, #2387 ) ) ;
#367 = DIRECTION ( 'NONE',  ( -0.000000000000000000, 0.000000000000000000, 1.000000000000000000 ) ) ;
#368 = DIRECTION ( 'NONE',  ( 0.000000000000000000, -0.000000000000000000, -1.000000000000000000 ) ) ;
#369 = EDGE_LOOP ( 'NONE', ( #93, #780, #1641 ) ) ;
#370 = DIRECTION ( 'NONE',  ( -0.000000000000000000, -0.000000000000000000, 1.000000000000000000 ) ) ;
#371 = AXIS2_PLACEMENT_3D ( 'NONE', #1471, #1295, #1849 ) ;
#372 = DIRECTION ( 'NONE',  ( -0.000000000000000000, -0.000000000000000000, -1.000000000000000000 ) ) ;
#373 = ORIENTED_EDGE ( 'NONE', *, *, #2247, .T. ) ;
#374 = VECTOR ( 'NONE', #972, 1000.000000000000000 ) ;
#375 = CARTESIAN_POINT ( 'NONE',  ( 6.448958890708480496, 16.07664977984298105, 0.000000000000000000 ) ) ;
#376 = ORIENTED_EDGE ( 'NONE', *, *, #1974, .T. ) ;
#377 = EDGE_CURVE ( 'NONE', #279, #1970, #167, .T. ) ;
#378 = DIRECTION ( 'NONE',  ( -0.08928571428571435709, 0.9960060548131671743, 0.000000000000000000 ) ) ;
#379 = DIRECTION ( 'NONE',  ( 1.000000000000000000, 0.000000000000000000, 0.000000000000000000 ) ) ;
#380 = CARTESIAN_POINT ( 'NONE',  ( -6.011178813614780175E-15, 87.91500000000003467, 4.000000000000000000 ) ) ;
#381 = EDGE_LOOP ( 'NONE', ( #2011, #1712 ) ) ;
#382 = EDGE_CURVE ( 'NONE', #1842, #1085, #1789, .T. ) ;
#383 = CARTESIAN_POINT ( 'NONE',  ( -13.89999999999998614, 64.76808374630067533, 0.000000000000000000 ) ) ;
#384 = ORIENTED_EDGE ( 'NONE', *, *, #1056, .F. ) ;
#385 = PERSON_AND_ORGANIZATION ( #2150, #849 ) ;
#386 = DIRECTION ( 'NONE',  ( 1.000000000000000000, 0.000000000000000000, 0.000000000000000000 ) ) ;
#387 = ORIENTED_EDGE ( 'NONE', *, *, #580, .T. ) ;
#388 = FACE_OUTER_BOUND ( 'NONE', #467, .T. ) ;
#389 = CYLINDRICAL_SURFACE ( 'NONE', #1404, 1.600000000000011191 ) ;
#390 = VERTEX_POINT ( 'NONE', #143 ) ;
#391 = EDGE_CURVE ( 'NONE', #1000, #1882, #2103, .T. ) ;
#392 = CARTESIAN_POINT ( 'NONE',  ( -12.00000000000000355, 78.00000000000002842, 0.000000000000000000 ) ) ;
#393 = ORIENTED_EDGE ( 'NONE', *, *, #273, .F. ) ;
#394 = CARTESIAN_POINT ( 'NONE',  ( -1.460351472855927223E-15, 112.0000000000000000, 0.000000000000000000 ) ) ;
#395 = AXIS2_PLACEMENT_3D ( 'NONE', #1770, #1735, #71 ) ;
#396 = ORIENTED_EDGE ( 'NONE', *, *, #756, .T. ) ;
#397 = AXIS2_PLACEMENT_3D ( 'NONE', #1669, #923, #1875 ) ;
#398 = DIRECTION ( 'NONE',  ( -0.000000000000000000, -0.000000000000000000, 1.000000000000000000 ) ) ;
#399 = DIRECTION ( 'NONE',  ( -0.000000000000000000, -0.000000000000000000, 1.000000000000000000 ) ) ;
#400 = VERTEX_POINT ( 'NONE', #2360 ) ;
#401 = EDGE_CURVE ( 'NONE', #1851, #1670, #1048, .T. ) ;
#402 = EDGE_CURVE ( 'NONE', #629, #1021, #1248, .T. ) ;
#403 = CARTESIAN_POINT ( 'NONE',  ( 7.501357960453897356, 89.34977546334366139, 4.000000000000000000 ) ) ;
#404 = ORIENTED_EDGE ( 'NONE', *, *, #1403, .T. ) ;
#405 = AXIS2_PLACEMENT_3D ( 'NONE', #2110, #267, #1747 ) ;
#406 = DIRECTION ( 'NONE',  ( -0.000000000000000000, 0.000000000000000000, 1.000000000000000000 ) ) ;
#407 = ORIENTED_EDGE ( 'NONE', *, *, #1369, .F. ) ;
#408 = CARTESIAN_POINT ( 'NONE',  ( 13.55000000000000249, 100.9174675727972783, 4.000000000000000000 ) ) ;
#409 = LINE ( 'NONE', #1490, #1288 ) ;
#410 = ORIENTED_EDGE ( 'NONE', *, *, #464, .T. ) ;
#411 = CARTESIAN_POINT ( 'NONE',  ( -1.460351472855927223E-15, 112.0000000000000000, 0.4999999999999831246 ) ) ;
#412 = EDGE_LOOP ( 'NONE', ( #766, #1665, #118, #1567 ) ) ;
#413 = DIRECTION ( 'NONE',  ( -1.000000000000000000, 0.000000000000000000, 0.000000000000000000 ) ) ;
#414 = EDGE_LOOP ( 'NONE', ( #1155, #1072, #301, #1572 ) ) ;
#415 = DIRECTION ( 'NONE',  ( -1.000000000000000000, 0.000000000000000000, 0.000000000000000000 ) ) ;
#416 = ORIENTED_EDGE ( 'NONE', *, *, #2052, .T. ) ;
#417 = EDGE_CURVE ( 'NONE', #1952, #1652, #12, .T. ) ;
#418 = FACE_OUTER_BOUND ( 'NONE', #1530, .T. ) ;
#419 = CARTESIAN_POINT ( 'NONE',  ( 4.967865995816470814, -0.4453381199528840817, -0.001000000000000132727 ) ) ;
#420 = DIRECTION ( 'NONE',  ( -1.000000000000000000, 0.000000000000000000, 0.000000000000000000 ) ) ;
#421 = ORIENTED_EDGE ( 'NONE', *, *, #258, .T. ) ;
#422 = DIRECTION ( 'NONE',  ( -1.000000000000000000, 0.000000000000000000, 0.000000000000000000 ) ) ;
#423 = ORIENTED_EDGE ( 'NONE', *, *, #1208, .F. ) ;
#424 = DIRECTION ( 'NONE',  ( 1.003699796875824194E-16, -1.000000000000000000, 0.000000000000000000 ) ) ;
#425 = ADVANCED_FACE ( 'NONE', ( #1084 ), #323, .F. ) ;
#426 = DIRECTION ( 'NONE',  ( 0.000000000000000000, 0.000000000000000000, 1.000000000000000000 ) ) ;
#427 = ORIENTED_EDGE ( 'NONE', *, *, #1341, .T. ) ;
#428 = EDGE_CURVE ( 'NONE', #1513, #958, #2256, .T. ) ;
#429 = AXIS2_PLACEMENT_3D ( 'NONE', #733, #1622, #520 ) ;
#430 = EDGE_CURVE ( 'NONE', #1021, #2223, #1285, .T. ) ;
#431 = DIRECTION ( 'NONE',  ( 0.000000000000000000, -0.000000000000000000, -1.000000000000000000 ) ) ;
#432 = DIRECTION ( 'NONE',  ( 0.2855292632712592704, 0.9583699910868307414, 0.000000000000000000 ) ) ;
#433 = AXIS2_PLACEMENT_3D ( 'NONE', #530, #2351, #2205 ) ;
#434 = DIRECTION ( 'NONE',  ( 1.000000000000000000, 0.000000000000000000, 0.000000000000000000 ) ) ;
#435 = CIRCLE ( 'NONE', #742, 1.450000000000002176 ) ;
#436 = VERTEX_POINT ( 'NONE', #863 ) ;
#437 = CARTESIAN_POINT ( 'NONE',  ( 7.447342393662123250, 2.218802974600341482, -0.001000000000000132727 ) ) ;
#438 = ORIENTED_EDGE ( 'NONE', *, *, #1082, .T. ) ;
#439 = DIRECTION ( 'NONE',  ( -0.08928571428571437096, 0.9960060548131671743, 0.000000000000000000 ) ) ;
#440 = CARTESIAN_POINT ( 'NONE',  ( -0.7500000000000062172, 87.91500000000003467, 0.000000000000000000 ) ) ;
#441 = VECTOR ( 'NONE', #163, 1000.000000000000000 ) ;
#442 = ORIENTED_EDGE ( 'NONE', *, *, #1650, .F. ) ;
#443 = FACE_OUTER_BOUND ( 'NONE', #518, .T. ) ;
#444 = AXIS2_PLACEMENT_3D ( 'NONE', #213, #942, #1729 ) ;
#445 = CARTESIAN_POINT ( 'NONE',  ( 7.501357960453890250, 89.34977546334366139, 7.000000000000000000 ) ) ;
#446 = CARTESIAN_POINT ( 'NONE',  ( -1.460351472855927223E-15, 112.0000000000000000, 3.500000000000000000 ) ) ;
#447 = AXIS2_PLACEMENT_3D ( 'NONE', #880, #724, #557 ) ;
#448 = VERTEX_POINT ( 'NONE', #900 ) ;
#449 = CARTESIAN_POINT ( 'NONE',  ( 14.94009082219750972, -1.339285714285714413, 0.000000000000000000 ) ) ;
#450 = ORIENTED_EDGE ( 'NONE', *, *, #25, .T. ) ;
#451 = FACE_BOUND ( 'NONE', #369, .T. ) ;
#452 = EDGE_CURVE ( 'NONE', #1035, #1345, #164, .T. ) ;
#453 = VECTOR ( 'NONE', #1901, 1000.000000000000000 ) ;
#454 = DIRECTION ( 'NONE',  ( 1.000000000000000000, 0.000000000000000000, 0.000000000000000000 ) ) ;
#455 = VERTEX_POINT ( 'NONE', #1258 ) ;
#456 = CARTESIAN_POINT ( 'NONE',  ( -10.32245236692260271, 3.075390764414115186, 0.000000000000000000 ) ) ;
#457 = CARTESIAN_POINT ( 'NONE',  ( -1.800000000000000266, 112.0000000000000000, 7.000000000000000000 ) ) ;
#458 = DIRECTION ( 'NONE',  ( -0.2855292632712590484, -0.9583699910868308525, 0.000000000000000000 ) ) ;
#459 = EDGE_CURVE ( 'NONE', #543, #1613, #2168, .T. ) ;
#460 = ORIENTED_EDGE ( 'NONE', *, *, #1756, .T. ) ;
#461 = CARTESIAN_POINT ( 'NONE',  ( -6.011178813614780175E-15, 87.91500000000003467, 3.600000000000015632 ) ) ;
#462 = ORIENTED_EDGE ( 'NONE', *, *, #627, .T. ) ;
#463 = CARTESIAN_POINT ( 'NONE',  ( -13.54999999999999893, 100.9174675727972783, 0.000000000000000000 ) ) ;
#464 = EDGE_CURVE ( 'NONE', #760, #153, #1090, .T. ) ;
#465 = DIRECTION ( 'NONE',  ( -1.000000000000000000, 0.000000000000000000, 0.000000000000000000 ) ) ;
#466 = CARTESIAN_POINT ( 'NONE',  ( -1.460351472855927223E-15, 112.0000000000000000, 0.000000000000000000 ) ) ;
#467 = EDGE_LOOP ( 'NONE', ( #573, #2193, #787, #599 ) ) ;
#468 = CARTESIAN_POINT ( 'NONE',  ( 1.849999999999970557, 87.91500000000003467, 4.000000000000000000 ) ) ;
#469 = DIRECTION ( 'NONE',  ( -0.000000000000000000, -0.000000000000000000, 1.000000000000000000 ) ) ;
#470 = DIRECTION ( 'NONE',  ( -0.000000000000000000, -0.000000000000000000, 1.000000000000000000 ) ) ;
#471 = CIRCLE ( 'NONE', #21, 4.000000000000000888 ) ;
#472 = CC_DESIGN_APPROVAL ( #1843, ( #1943 ) ) ;
#473 = ORIENTED_EDGE ( 'NONE', *, *, #401, .T. ) ;
#474 = DIRECTION ( 'NONE',  ( -0.000000000000000000, -0.000000000000000000, -1.000000000000000000 ) ) ;
#475 = ORIENTED_EDGE ( 'NONE', *, *, #853, .T. ) ;
#476 = AXIS2_PLACEMENT_3D ( 'NONE', #466, #480, #2118 ) ;
#477 = CARTESIAN_POINT ( 'NONE',  ( 7.447342393662123250, 2.218802974600341482, 0.000000000000000000 ) ) ;
#478 = AXIS2_PLACEMENT_3D ( 'NONE', #114, #1016, #123 ) ;
#479 = CC_DESIGN_PERSON_AND_ORGANIZATION_ASSIGNMENT ( #912, #729, ( #1943 ) ) ;
#480 = DIRECTION ( 'NONE',  ( -0.000000000000000000, -0.000000000000000000, -1.000000000000000000 ) ) ;
#481 = VERTEX_POINT ( 'NONE', #2027 ) ;
#482 = CARTESIAN_POINT ( 'NONE',  ( 0.000000000000000000, 0.000000000000000000, 0.000000000000000000 ) ) ;
#483 = DIRECTION ( 'NONE',  ( -1.000000000000000000, 0.000000000000000000, -0.000000000000000000 ) ) ;
#484 = LINE ( 'NONE', #1967, #1877 ) ;
#485 = VECTOR ( 'NONE', #149, 1000.000000000000000 ) ;
#486 = ORIENTED_EDGE ( 'NONE', *, *, #2224, .F. ) ;
#487 = LINE ( 'NONE', #1001, #738 ) ;
#488 = LINE ( 'NONE', #271, #2194 ) ;
#489 = LINE ( 'NONE', #1617, #242 ) ;
#490 = EDGE_LOOP ( 'NONE', ( #410, #1554, #2305, #1717 ) ) ;
#491 = AXIS2_PLACEMENT_3D ( 'NONE', #1806, #1981, #2207 ) ;
#492 = PERSON_AND_ORGANIZATION_ROLE ( 'creator' ) ;
#493 = CARTESIAN_POINT ( 'NONE',  ( -10.32245236692260271, 3.075390764414115186, 4.000000000000000000 ) ) ;
#494 = LINE ( 'NONE', #661, #1601 ) ;
#495 = EDGE_CURVE ( 'NONE', #862, #9, #318, .T. ) ;
#496 = VERTEX_POINT ( 'NONE', #1840 ) ;
#497 = DIRECTION ( 'NONE',  ( -0.000000000000000000, -0.000000000000000000, -1.000000000000000000 ) ) ;
#498 = CYLINDRICAL_SURFACE ( 'NONE', #1023, 1.450000000000002176 ) ;
#499 = FACE_BOUND ( 'NONE', #1028, .T. ) ;
#500 = EDGE_CURVE ( 'NONE', #2358, #1495, #1012, .T. ) ;
#501 = ORIENTED_EDGE ( 'NONE', *, *, #362, .F. ) ;
#502 = MECHANICAL_CONTEXT ( 'NONE', #339, 'mechanical' ) ;
#503 = DIRECTION ( 'NONE',  ( -0.000000000000000000, -0.000000000000000000, -1.000000000000000000 ) ) ;
#504 = EDGE_CURVE ( 'NONE', #2210, #1087, #2159, .T. ) ;
#505 = ADVANCED_FACE ( 'NONE', ( #947 ), #1505, .T. ) ;
#506 = DIRECTION ( 'NONE',  ( -0.000000000000000000, -0.000000000000000000, 1.000000000000000000 ) ) ;
#507 = DIRECTION ( 'NONE',  ( 1.000000000000000000, 0.000000000000000000, 0.000000000000000000 ) ) ;
#508 = VECTOR ( 'NONE', #856, 1000.000000000000114 ) ;
#509 = CARTESIAN_POINT ( 'NONE',  ( -7.501357960453905349, 89.34977546334366139, 4.000000000000000000 ) ) ;
#510 = ORIENTED_EDGE ( 'NONE', *, *, #758, .T. ) ;
#511 = LINE ( 'NONE', #1205, #1340 ) ;
#512 = AXIS2_PLACEMENT_3D ( 'NONE', #1354, #1392, #2094 ) ;
#513 = FACE_OUTER_BOUND ( 'NONE', #1591, .T. ) ;
#514 = EDGE_LOOP ( 'NONE', ( #2025, #1897, #944, #222 ) ) ;
#515 = DESIGN_CONTEXT ( 'detailed design', #964, 'design' ) ;
#516 = APPROVAL_ROLE ( '' ) ;
#517 = DIRECTION ( 'NONE',  ( -0.000000000000000000, -0.000000000000000000, -1.000000000000000000 ) ) ;
#518 = EDGE_LOOP ( 'NONE', ( #663, #1235, #351, #737 ) ) ;
#519 = EDGE_LOOP ( 'NONE', ( #1418, #614, #1935, #1374 ) ) ;
#520 = DIRECTION ( 'NONE',  ( 1.000000000000000000, 0.000000000000000000, 0.000000000000000000 ) ) ;
#521 = VECTOR ( 'NONE', #1582, 1000.000000000000000 ) ;
#522 = CARTESIAN_POINT ( 'NONE',  ( -1.460351472855927223E-15, 112.0000000000000000, 4.000000000000000000 ) ) ;
#523 = ORIENTED_EDGE ( 'NONE', *, *, #504, .T. ) ;
#524 = AXIS2_PLACEMENT_3D ( 'NONE', #1204, #1932, #1423 ) ;
#525 = EDGE_CURVE ( 'NONE', #297, #496, #2028, .T. ) ;
#526 = DIRECTION ( 'NONE',  ( 1.000000000000000000, 0.000000000000000000, 0.000000000000000000 ) ) ;
#527 = CARTESIAN_POINT ( 'NONE',  ( 13.89999999999998970, 64.76808374630067533, 6.000000000000000000 ) ) ;
#528 = ORIENTED_EDGE ( 'NONE', *, *, #828, .F. ) ;
#529 = APPROVAL_ROLE ( '' ) ;
#530 = CARTESIAN_POINT ( 'NONE',  ( 8.484329347884225031E-15, 8.000000000000001776, -0.001000000000000132727 ) ) ;
#531 = ORIENTED_EDGE ( 'NONE', *, *, #1429, .T. ) ;
#532 = AXIS2_PLACEMENT_3D ( 'NONE', #220, #239, #794 ) ;
#533 = DIRECTION ( 'NONE',  ( -0.000000000000000000, -0.000000000000000000, -1.000000000000000000 ) ) ;
#534 = EDGE_CURVE ( 'NONE', #2365, #642, #2251, .T. ) ;
#535 = CARTESIAN_POINT ( 'NONE',  ( 3.550000000000003375, 87.95500000000002672, 0.4999999999999830136 ) ) ;
#536 = ORIENTED_EDGE ( 'NONE', *, *, #401, .F. ) ;
#537 = EDGE_CURVE ( 'NONE', #1876, #785, #1331, .T. ) ;
#538 = DIRECTION ( 'NONE',  ( 0.000000000000000000, 0.000000000000000000, -1.000000000000000000 ) ) ;
#539 = DIRECTION ( 'NONE',  ( 0.000000000000000000, 0.000000000000000000, -1.000000000000000000 ) ) ;
#540 = EDGE_CURVE ( 'NONE', #610, #1159, #282, .T. ) ;
#541 = ORIENTED_EDGE ( 'NONE', *, *, #618, .F. ) ;
#542 = DIRECTION ( 'NONE',  ( 1.000000000000000000, 0.000000000000000000, 0.000000000000000000 ) ) ;
#543 = VERTEX_POINT ( 'NONE', #1696 ) ;
#544 = EDGE_LOOP ( 'NONE', ( #675, #2017, #1133, #421 ) ) ;
#545 = FACE_BOUND ( 'NONE', #695, .T. ) ;
#546 = FACE_OUTER_BOUND ( 'NONE', #99, .T. ) ;
#547 = CC_DESIGN_SECURITY_CLASSIFICATION ( #124, ( #1943 ) ) ;
#548 = ORIENTED_EDGE ( 'NONE', *, *, #1240, .F. ) ;
#549 = VECTOR ( 'NONE', #1706, 1000.000000000000000 ) ;
#550 = LINE ( 'NONE', #1094, #485 ) ;
#551 = AXIS2_PLACEMENT_3D ( 'NONE', #2290, #2325, #986 ) ;
#552 = ORIENTED_EDGE ( 'NONE', *, *, #1723, .F. ) ;
#553 = CIRCLE ( 'NONE', #1909, 1.249999999999959588 ) ;
#554 = DIRECTION ( 'NONE',  ( 0.5473462944917323325, -0.4476740263921619167, -0.7071067811865473507 ) ) ;
#555 = EDGE_LOOP ( 'NONE', ( #648, #1312 ) ) ;
#556 = LINE ( 'NONE', #1720, #1614 ) ;
#557 = DIRECTION ( 'NONE',  ( -1.000000000000000000, 0.000000000000000000, 0.000000000000000000 ) ) ;
#558 = EDGE_LOOP ( 'NONE', ( #1939, #665, #1163 ) ) ;
#559 = CIRCLE ( 'NONE', #1915, 7.504999999999999893 ) ;
#560 = CYLINDRICAL_SURFACE ( 'NONE', #1223, 1.600000000000011191 ) ;
#561 = ORIENTED_EDGE ( 'NONE', *, *, #150, .F. ) ;
#562 = CIRCLE ( 'NONE', #1921, 0.7500000000000002220 ) ;
#563 = SECURITY_CLASSIFICATION_LEVEL ( 'unclassified' ) ;
#564 = DIRECTION ( 'NONE',  ( 0.2855292632712590484, 0.9583699910868308525, 0.000000000000000000 ) ) ;
#565 = ORIENTED_EDGE ( 'NONE', *, *, #1537, .F. ) ;
#566 = DIRECTION ( 'NONE',  ( -0.000000000000000000, -0.000000000000000000, -1.000000000000000000 ) ) ;
#567 = DIRECTION ( 'NONE',  ( 1.000000000000000000, 0.000000000000000000, 0.000000000000000000 ) ) ;
#568 = EDGE_CURVE ( 'NONE', #984, #2399, #1169, .T. ) ;
#569 = CONICAL_SURFACE ( 'NONE', #1497, 9.500000000000014211, 0.7853981633974517207 ) ;
#570 = CARTESIAN_POINT ( 'NONE',  ( -4.967865995816452163, -0.4453381199528829160, 0.000000000000000000 ) ) ;
#571 = ORIENTED_EDGE ( 'NONE', *, *, #1825, .T. ) ;
#572 = CARTESIAN_POINT ( 'NONE',  ( -1.460351472855927223E-15, 112.0000000000000000, 0.000000000000000000 ) ) ;
#573 = ORIENTED_EDGE ( 'NONE', *, *, #1253, .F. ) ;
#574 = DATE_TIME_ROLE ( 'classification_date' ) ;
#575 = CARTESIAN_POINT ( 'NONE',  ( -1.460351472855927223E-15, 112.0000000000000000, 4.000000000000000000 ) ) ;
#576 = VERTEX_POINT ( 'NONE', #585 ) ;
#577 = EDGE_CURVE ( 'NONE', #365, #306, #227, .T. ) ;
#578 = DIRECTION ( 'NONE',  ( 1.000000000000000000, 0.000000000000000000, 0.000000000000000000 ) ) ;
#579 = DIRECTION ( 'NONE',  ( -1.000000000000000000, 0.000000000000000000, 0.000000000000000000 ) ) ;
#580 = EDGE_CURVE ( 'NONE', #1165, #1549, #1479, .T. ) ;
#581 = ORIENTED_EDGE ( 'NONE', *, *, #1829, .T. ) ;
#582 = FACE_OUTER_BOUND ( 'NONE', #1691, .T. ) ;
#583 = ORIENTED_EDGE ( 'NONE', *, *, #1695, .F. ) ;
#584 = AXIS2_PLACEMENT_3D ( 'NONE', #664, #2377, #146 ) ;
#585 = CARTESIAN_POINT ( 'NONE',  ( 14.94009082219750972, -1.339285714285713080, 4.000000000000000000 ) ) ;
#586 = VECTOR ( 'NONE', #517, 1000.000000000000000 ) ;
#587 = ORIENTED_EDGE ( 'NONE', *, *, #669, .F. ) ;
#588 = VECTOR ( 'NONE', #1742, 1000.000000000000000 ) ;
#589 = LINE ( 'NONE', #2235, #2240 ) ;
#590 = LINE ( 'NONE', #1500, #1168 ) ;
#591 = ORIENTED_EDGE ( 'NONE', *, *, #1650, .T. ) ;
#592 = CARTESIAN_POINT ( 'NONE',  ( -7.806255641895631925E-15, 90.02222529472305723, 7.000000000000000000 ) ) ;
#593 = DIRECTION ( 'NONE',  ( -1.000000000000000000, -1.672832994793040529E-16, 0.000000000000000000 ) ) ;
#594 = EDGE_CURVE ( 'NONE', #1652, #35, #913, .T. ) ;
#595 = ORIENTED_EDGE ( 'NONE', *, *, #643, .F. ) ;
#596 = CIRCLE ( 'NONE', #1103, 25.00000000000000000 ) ;
#597 = CARTESIAN_POINT ( 'NONE',  ( 15.50000000000000000, 64.76808374630067533, 0.000000000000000000 ) ) ;
#598 = AXIS2_PLACEMENT_3D ( 'NONE', #2020, #2209, #1091 ) ;
#599 = ORIENTED_EDGE ( 'NONE', *, *, #1571, .T. ) ;
#600 = DIRECTION ( 'NONE',  ( -1.000000000000000000, 0.000000000000000000, 0.000000000000000000 ) ) ;
#601 = DIRECTION ( 'NONE',  ( -0.2855292632712592149, -0.9583699910868307414, 0.000000000000000000 ) ) ;
#602 = ORIENTED_EDGE ( 'NONE', *, *, #1812, .F. ) ;
#603 = CARTESIAN_POINT ( 'NONE',  ( 8.484329347884225031E-15, 8.000000000000001776, 0.000000000000000000 ) ) ;
#604 = EDGE_CURVE ( 'NONE', #1347, #13, #2074, .T. ) ;
#605 = ORIENTED_EDGE ( 'NONE', *, *, #537, .T. ) ;
#606 = CARTESIAN_POINT ( 'NONE',  ( -6.011178813614780175E-15, 87.91500000000003467, 3.600000000000015632 ) ) ;
#607 = EDGE_CURVE ( 'NONE', #820, #719, #2064, .T. ) ;
#608 = ADVANCED_FACE ( 'NONE', ( #1310 ), #896, .F. ) ;
#609 = FACE_OUTER_BOUND ( 'NONE', #113, .T. ) ;
#610 = VERTEX_POINT ( 'NONE', #2040 ) ;
#611 = DIRECTION ( 'NONE',  ( 1.000000000000000000, 0.000000000000000000, 0.000000000000000000 ) ) ;
#612 = DIRECTION ( 'NONE',  ( -1.000000000000000000, 0.000000000000000000, 0.000000000000000000 ) ) ;
#613 = CYLINDRICAL_SURFACE ( 'NONE', #813, 7.504999999999999893 ) ;
#614 = ORIENTED_EDGE ( 'NONE', *, *, #618, .T. ) ;
#615 = PLANE ( 'NONE',  #364 ) ;
#616 = ORIENTED_EDGE ( 'NONE', *, *, #2327, .T. ) ;
#617 = CARTESIAN_POINT ( 'NONE',  ( -7.501357960453899132, 89.34977546334366139, 4.000000000000000000 ) ) ;
#618 = EDGE_CURVE ( 'NONE', #1495, #2358, #1992, .T. ) ;
#619 = AXIS2_PLACEMENT_3D ( 'NONE', #482, #2370, #693 ) ;
#620 = CARTESIAN_POINT ( 'NONE',  ( 25.00000000000000000, 112.0000000000000000, 4.000000000000000000 ) ) ;
#621 = VERTEX_POINT ( 'NONE', #43 ) ;
#622 = VECTOR ( 'NONE', #399, 1000.000000000000000 ) ;
#623 = CARTESIAN_POINT ( 'NONE',  ( -3.549999999999999378, 100.9174675727972783, 0.4999999999999831246 ) ) ;
#624 = LINE ( 'NONE', #266, #586 ) ;
#625 = AXIS2_PLACEMENT_3D ( 'NONE', #1620, #363, #1098 ) ;
#626 = DIRECTION ( 'NONE',  ( -0.2855292632712591039, 0.9583699910868307414, 0.000000000000000000 ) ) ;
#627 = EDGE_CURVE ( 'NONE', #1326, #1964, #1410, .T. ) ;
#628 = VECTOR ( 'NONE', #554, 1000.000000000000114 ) ;
#629 = VERTEX_POINT ( 'NONE', #759 ) ;
#630 = DIRECTION ( 'NONE',  ( -1.000000000000000000, 0.000000000000000000, 0.000000000000000000 ) ) ;
#631 = ORIENTED_EDGE ( 'NONE', *, *, #2112, .F. ) ;
#632 = DIRECTION ( 'NONE',  ( -0.2855292632712591039, 0.9583699910868307414, 0.000000000000000000 ) ) ;
#633 = EDGE_CURVE ( 'NONE', #958, #1652, #730, .T. ) ;
#634 = FACE_OUTER_BOUND ( 'NONE', #32, .T. ) ;
#635 = VECTOR ( 'NONE', #1229, 1000.000000000000000 ) ;
#636 = ORIENTED_EDGE ( 'NONE', *, *, #66, .F. ) ;
#637 = DIRECTION ( 'NONE',  ( 1.000000000000000000, 0.000000000000000000, 0.000000000000000000 ) ) ;
#638 = VECTOR ( 'NONE', #224, 1000.000000000000000 ) ;
#639 = DIRECTION ( 'NONE',  ( -1.000000000000000000, 0.000000000000000000, 0.000000000000000000 ) ) ;
#640 = CARTESIAN_POINT ( 'NONE',  ( 4.225929459876659743E-15, 87.95500000000002672, 0.000000000000000000 ) ) ;
#641 = CONICAL_SURFACE ( 'NONE', #2310, 1.450000000000002176, 0.7853981633974359555 ) ;
#642 = VERTEX_POINT ( 'NONE', #375 ) ;
#643 = EDGE_CURVE ( 'NONE', #1376, #177, #2261, .T. ) ;
#644 = DIRECTION ( 'NONE',  ( -0.000000000000000000, -0.000000000000000000, -1.000000000000000000 ) ) ;
#645 = ORIENTED_EDGE ( 'NONE', *, *, #1945, .T. ) ;
#646 = CARTESIAN_POINT ( 'NONE',  ( 17.10000000000001208, 64.76808374630067533, 6.000000000000000000 ) ) ;
#647 = FACE_BOUND ( 'NONE', #1280, .T. ) ;
#648 = ORIENTED_EDGE ( 'NONE', *, *, #2247, .F. ) ;
#649 = DIRECTION ( 'NONE',  ( 0.000000000000000000, 0.000000000000000000, 1.000000000000000000 ) ) ;
#650 = DIRECTION ( 'NONE',  ( 0.08928571428571442647, -0.9960060548131671743, 0.000000000000000000 ) ) ;
#651 = CARTESIAN_POINT ( 'NONE',  ( 25.00000000000000000, 112.0000000000000000, 4.000000000000000000 ) ) ;
#652 = ORIENTED_EDGE ( 'NONE', *, *, #1253, .T. ) ;
#653 = ADVANCED_FACE ( 'NONE', ( #2242 ), #193, .F. ) ;
#654 = CARTESIAN_POINT ( 'NONE',  ( -17.10000000000001208, 64.76808374630067533, 6.000000000000000000 ) ) ;
#655 = VERTEX_POINT ( 'NONE', #1496 ) ;
#656 = CARTESIAN_POINT ( 'NONE',  ( 14.94009082219750972, -1.339285714285713080, 0.000000000000000000 ) ) ;
#657 = DIRECTION ( 'NONE',  ( -0.000000000000000000, -0.000000000000000000, 1.000000000000000000 ) ) ;
#658 = ORIENTED_EDGE ( 'NONE', *, *, #1222, .T. ) ;
#659 = DIRECTION ( 'NONE',  ( -0.000000000000000000, -0.000000000000000000, -1.000000000000000000 ) ) ;
#660 = LINE ( 'NONE', #1011, #1949 ) ;
#661 = CARTESIAN_POINT ( 'NONE',  ( -4.000000000000002665, 112.0000000000000000, 5.500000000000000000 ) ) ;
#662 = AXIS2_PLACEMENT_3D ( 'NONE', #1301, #1123, #564 ) ;
#663 = ORIENTED_EDGE ( 'NONE', *, *, #949, .T. ) ;
#664 = CARTESIAN_POINT ( 'NONE',  ( -6.011178813614780175E-15, 87.91500000000003467, 0.000000000000000000 ) ) ;
#665 = ORIENTED_EDGE ( 'NONE', *, *, #1899, .T. ) ;
#666 = FACE_OUTER_BOUND ( 'NONE', #991, .T. ) ;
#667 = AXIS2_PLACEMENT_3D ( 'NONE', #2283, #8, #259 ) ;
#668 = CARTESIAN_POINT ( 'NONE',  ( -1.460351472855927223E-15, 112.0000000000000000, 3.500000000000000000 ) ) ;
#669 = EDGE_CURVE ( 'NONE', #1517, #881, #217, .T. ) ;
#670 = ORIENTED_EDGE ( 'NONE', *, *, #105, .F. ) ;
#671 = CALENDAR_DATE ( 2026, 14, 9 ) ;
#672 = DIRECTION ( 'NONE',  ( -1.000000000000000000, 0.000000000000000000, 0.000000000000000000 ) ) ;
#673 = DIRECTION ( 'NONE',  ( 1.000000000000000000, 0.000000000000000000, 0.000000000000000000 ) ) ;
#674 = AXIS2_PLACEMENT_3D ( 'NONE', #1780, #1938, #1396 ) ;
#675 = ORIENTED_EDGE ( 'NONE', *, *, #1812, .T. ) ;
#676 = CARTESIAN_POINT ( 'NONE',  ( -1.460351472855927223E-15, 112.0000000000000000, 5.500000000000000000 ) ) ;
#677 = CIRCLE ( 'NONE', #2043, 0.7500000000000002220 ) ;
#678 = PLANE ( 'NONE',  #1261 ) ;
#679 = ADVANCED_FACE ( 'NONE', ( #2311 ), #1215, .F. ) ;
#680 = LINE ( 'NONE', #1032, #1727 ) ;
#681 = ADVANCED_FACE ( 'NONE', ( #1754 ), #1552, .T. ) ;
#682 = LINE ( 'NONE', #346, #1134 ) ;
#683 = EDGE_CURVE ( 'NONE', #2115, #1165, #1366, .T. ) ;
#684 = ORIENTED_EDGE ( 'NONE', *, *, #1756, .F. ) ;
#685 = CIRCLE ( 'NONE', #31, 2.000000000000000000 ) ;
#686 = DIRECTION ( 'NONE',  ( -0.000000000000000000, -0.000000000000000000, 1.000000000000000000 ) ) ;
#687 = LINE ( 'NONE', #839, #1827 ) ;
#688 = DIRECTION ( 'NONE',  ( -0.000000000000000000, -0.000000000000000000, -1.000000000000000000 ) ) ;
#689 = DIRECTION ( 'NONE',  ( 0.7071067811865497932, 0.000000000000000000, -0.7071067811865453523 ) ) ;
#690 = ORIENTED_EDGE ( 'NONE', *, *, #828, .T. ) ;
#691 = DIRECTION ( 'NONE',  ( -0.000000000000000000, -0.000000000000000000, 1.000000000000000000 ) ) ;
#692 = ORIENTED_EDGE ( 'NONE', *, *, #2125, .T. ) ;
#693 = DIRECTION ( 'NONE',  ( 1.000000000000000000, 0.000000000000000000, 0.000000000000000000 ) ) ;
#694 = DIRECTION ( 'NONE',  ( 1.000000000000000000, 0.000000000000000000, 0.000000000000000000 ) ) ;
#695 = EDGE_LOOP ( 'NONE', ( #1884, #1452, #166, #602, #2092, #581 ) ) ;
#696 = CARTESIAN_POINT ( 'NONE',  ( -9.455821949541000748, 111.1523446942481996, 7.000000000000000000 ) ) ;
#697 = EDGE_CURVE ( 'NONE', #2241, #865, #1182, .T. ) ;
#698 = VECTOR ( 'NONE', #1231, 1000.000000000000000 ) ;
#699 = DIRECTION ( 'NONE',  ( 0.2855292632712592704, -0.9583699910868306304, 0.000000000000000000 ) ) ;
#700 = VERTEX_POINT ( 'NONE', #1019 ) ;
#701 = AXIS2_PLACEMENT_3D ( 'NONE', #2371, #2182, #877 ) ;
#702 = DIRECTION ( 'NONE',  ( 1.000000000000000000, 0.000000000000000000, 0.000000000000000000 ) ) ;
#703 = AXIS2_PLACEMENT_3D ( 'NONE', #836, #2322, #1731 ) ;
#704 = DIRECTION ( 'NONE',  ( 0.2855292632712590484, 0.9583699910868308525, 0.000000000000000000 ) ) ;
#705 = EDGE_LOOP ( 'NONE', ( #1302, #1317, #427, #373 ) ) ;
#706 = ADVANCED_FACE ( 'NONE', ( #1922 ), #1170, .F. ) ;
#707 = DIRECTION ( 'NONE',  ( -0.000000000000000000, 0.000000000000000000, 1.000000000000000000 ) ) ;
#708 = ORIENTED_EDGE ( 'NONE', *, *, #1978, .F. ) ;
#709 = ORIENTED_EDGE ( 'NONE', *, *, #683, .F. ) ;
#710 = DIRECTION ( 'NONE',  ( -0.000000000000000000, -0.000000000000000000, 1.000000000000000000 ) ) ;
#711 = ADVANCED_FACE ( 'NONE', ( #1405, #1529, #647, #609 ), #55, .T. ) ;
#712 = AXIS2_PLACEMENT_3D ( 'NONE', #640, #1799, #871 ) ;
#713 = DIRECTION ( 'NONE',  ( -0.000000000000000000, 0.000000000000000000, 1.000000000000000000 ) ) ;
#714 = ADVANCED_FACE ( 'NONE', ( #1565, #634 ), #969, .F. ) ;
#715 = ORIENTED_EDGE ( 'NONE', *, *, #33, .T. ) ;
#716 = CIRCLE ( 'NONE', #1563, 9.500000000000014211 ) ;
#717 = CARTESIAN_POINT ( 'NONE',  ( 15.50000000000000000, 64.76808374630067533, 0.000000000000000000 ) ) ;
#718 = FACE_OUTER_BOUND ( 'NONE', #966, .T. ) ;
#719 = VERTEX_POINT ( 'NONE', #1934 ) ;
#720 = CARTESIAN_POINT ( 'NONE',  ( -1.460351472855927223E-15, 112.0000000000000000, 7.000000000000000000 ) ) ;
#721 = ORIENTED_EDGE ( 'NONE', *, *, #1466, .F. ) ;
#722 = CARTESIAN_POINT ( 'NONE',  ( -1.460351472855927223E-15, 112.0000000000000000, 3.500000000000000000 ) ) ;
#723 = CARTESIAN_POINT ( 'NONE',  ( -8.004999999999984794, 112.0000000000000000, 0.000000000000000000 ) ) ;
#724 = DIRECTION ( 'NONE',  ( -0.000000000000000000, -0.000000000000000000, -1.000000000000000000 ) ) ;
#725 = VERTEX_POINT ( 'NONE', #263 ) ;
#726 = CYLINDRICAL_SURFACE ( 'NONE', #371, 1.600000000000009415 ) ;
#727 = CARTESIAN_POINT ( 'NONE',  ( 10.65276645548326506, 62.97124900303582962, 4.000000000000000000 ) ) ;
#728 = ORIENTED_EDGE ( 'NONE', *, *, #1323, .F. ) ;
#729 = PERSON_AND_ORGANIZATION_ROLE ( 'creator' ) ;
#730 = LINE ( 'NONE', #2231, #857 ) ;
#731 = ORIENTED_EDGE ( 'NONE', *, *, #2228, .F. ) ;
#732 = DIRECTION ( 'NONE',  ( 1.000000000000000000, 0.000000000000000000, 0.000000000000000000 ) ) ;
#733 = CARTESIAN_POINT ( 'NONE',  ( 0.000000000000000000, 0.000000000000000000, 4.000000000000000000 ) ) ;
#734 = EDGE_CURVE ( 'NONE', #153, #496, #2277, .T. ) ;
#735 = CARTESIAN_POINT ( 'NONE',  ( 1.799999999999997158, 112.0000000000000000, 3.500000000000000000 ) ) ;
#736 = LOCAL_TIME ( 10, 32, 37.00000000000000000, #1474 ) ;
#737 = ORIENTED_EDGE ( 'NONE', *, *, #1501, .F. ) ;
#738 = VECTOR ( 'NONE', #1560, 1000.000000000000000 ) ;
#739 = CARTESIAN_POINT ( 'NONE',  ( -4.049999999999982947, 87.95500000000002672, 0.000000000000000000 ) ) ;
#740 = AXIS2_PLACEMENT_3D ( 'NONE', #1805, #2004, #1275 ) ;
#741 = ORIENTED_EDGE ( 'NONE', *, *, #1573, .F. ) ;
#742 = AXIS2_PLACEMENT_3D ( 'NONE', #884, #2357, #1435 ) ;
#743 = ADVANCED_FACE ( 'NONE', ( #1380 ), #1207, .T. ) ;
#744 = DIRECTION ( 'NONE',  ( 0.000000000000000000, 0.000000000000000000, 1.000000000000000000 ) ) ;
#745 = VERTEX_POINT ( 'NONE', #2130 ) ;
#746 = DIRECTION ( 'NONE',  ( -0.000000000000000000, -0.000000000000000000, 1.000000000000000000 ) ) ;
#747 = LINE ( 'NONE', #47, #1009 ) ;
#748 = DIRECTION ( 'NONE',  ( 0.7071067811865500152, 0.000000000000000000, 0.7071067811865450192 ) ) ;
#749 = ORIENTED_EDGE ( 'NONE', *, *, #2, .F. ) ;
#750 = AXIS2_PLACEMENT_3D ( 'NONE', #1836, #1666, #883 ) ;
#751 = ADVANCED_FACE ( 'NONE', ( #80 ), #1007, .F. ) ;
#752 = CARTESIAN_POINT ( 'NONE',  ( 0.000000000000000000, 27.21557346902749686, 4.000000000000000000 ) ) ;
#753 = AXIS2_PLACEMENT_3D ( 'NONE', #788, #1701, #800 ) ;
#754 = ORIENTED_EDGE ( 'NONE', *, *, #1743, .T. ) ;
#755 = CIRCLE ( 'NONE', #1183, 25.00000000000000000 ) ;
#756 = EDGE_CURVE ( 'NONE', #1099, #1017, #779, .T. ) ;
#757 = PERSON_AND_ORGANIZATION_ROLE ( 'classification_officer' ) ;
#758 = EDGE_CURVE ( 'NONE', #1495, #621, #2286, .T. ) ;
#759 = CARTESIAN_POINT ( 'NONE',  ( 3.550000000000003375, 87.95500000000002672, 0.4999999999999831246 ) ) ;
#760 = VERTEX_POINT ( 'NONE', #106 ) ;
#761 = FACE_OUTER_BOUND ( 'NONE', #1781, .T. ) ;
#762 = FACE_OUTER_BOUND ( 'NONE', #1176, .T. ) ;
#763 = CIRCLE ( 'NONE', #2352, 1.450000000000002176 ) ;
#764 = ORIENTED_EDGE ( 'NONE', *, *, #186, .F. ) ;
#765 = CARTESIAN_POINT ( 'NONE',  ( -14.94009082219750439, -1.339285714285715079, 0.000000000000000000 ) ) ;
#766 = ORIENTED_EDGE ( 'NONE', *, *, #2187, .F. ) ;
#767 = DIRECTION ( 'NONE',  ( -0.000000000000000000, -0.000000000000000000, -1.000000000000000000 ) ) ;
#768 = ORIENTED_EDGE ( 'NONE', *, *, #1618, .F. ) ;
#769 = DIRECTION ( 'NONE',  ( 1.000000000000000000, 0.000000000000000000, 0.000000000000000000 ) ) ;
#770 = CARTESIAN_POINT ( 'NONE',  ( 5.724937745310816339, 7.999999999999994671, 0.000000000000000000 ) ) ;
#771 = VERTEX_POINT ( 'NONE', #811 ) ;
#772 = EDGE_CURVE ( 'NONE', #1660, #306, #1014, .T. ) ;
#773 = FACE_OUTER_BOUND ( 'NONE', #544, .T. ) ;
#774 = CARTESIAN_POINT ( 'NONE',  ( -10.65276645548323842, 62.97124900303575856, 0.000000000000000000 ) ) ;
#775 = LOCAL_TIME ( 10, 32, 37.00000000000000000, #1769 ) ;
#776 = EDGE_LOOP ( 'NONE', ( #595, #257 ) ) ;
#777 = VECTOR ( 'NONE', #1937, 1000.000000000000000 ) ;
#778 = DIRECTION ( 'NONE',  ( -1.000000000000000000, 0.000000000000000000, 0.000000000000000000 ) ) ;
#779 = CIRCLE ( 'NONE', #285, 2.000000000000000000 ) ;
#780 = ORIENTED_EDGE ( 'NONE', *, *, #1920, .T. ) ;
#781 = ADVANCED_FACE ( 'NONE', ( #718 ), #1425, .T. ) ;
#782 = CIRCLE ( 'NONE', #667, 1.799999999999998712 ) ;
#783 = CARTESIAN_POINT ( 'NONE',  ( 3.903127820947815962E-15, 27.21557346902749686, -0.001000000000000132727 ) ) ;
#784 = DIRECTION ( 'NONE',  ( -0.000000000000000000, -0.000000000000000000, -1.000000000000000000 ) ) ;
#785 = VERTEX_POINT ( 'NONE', #2013 ) ;
#786 = ADVANCED_FACE ( 'NONE', ( #1999, #1626 ), #1776, .T. ) ;
#787 = ORIENTED_EDGE ( 'NONE', *, *, #1440, .T. ) ;
#788 = CARTESIAN_POINT ( 'NONE',  ( 15.50000000000000000, 64.76808374630067533, 6.000000000000000000 ) ) ;
#789 = VECTOR ( 'NONE', #1979, 1000.000000000000000 ) ;
#790 = DIRECTION ( 'NONE',  ( -1.000000000000000000, 0.000000000000000000, 0.000000000000000000 ) ) ;
#791 = VECTOR ( 'NONE', #2034, 1000.000000000000114 ) ;
#792 = VERTEX_POINT ( 'NONE', #1973 ) ;
#793 = DIRECTION ( 'NONE',  ( -1.000000000000000000, 0.000000000000000000, 0.000000000000000000 ) ) ;
#794 = DIRECTION ( 'NONE',  ( 0.2855292632712592149, 0.9583699910868307414, 0.000000000000000000 ) ) ;
#795 = FACE_BOUND ( 'NONE', #1030, .T. ) ;
#796 = EDGE_LOOP ( 'NONE', ( #1677, #486, #1068, #1858 ) ) ;
#797 = CARTESIAN_POINT ( 'NONE',  ( 3.550000000000003375, 87.95500000000002672, 4.000000000000000000 ) ) ;
#798 = ORIENTED_EDGE ( 'NONE', *, *, #2373, .F. ) ;
#799 = AXIS2_PLACEMENT_3D ( 'NONE', #408, #36, #2255 ) ;
#800 = DIRECTION ( 'NONE',  ( -1.000000000000000000, 0.000000000000000000, 0.000000000000000000 ) ) ;
#801 = DIRECTION ( 'NONE',  ( -0.000000000000000000, 0.000000000000000000, 1.000000000000000000 ) ) ;
#802 = ADVANCED_FACE ( 'NONE', ( #499, #1057 ), #846, .F. ) ;
#803 = EDGE_LOOP ( 'NONE', ( #1393, #2243, #2102, #834 ) ) ;
#804 = CARTESIAN_POINT ( 'NONE',  ( 7.504999999999998117, 112.0000000000000000, 4.000000000000000000 ) ) ;
#805 = FACE_OUTER_BOUND ( 'NONE', #414, .T. ) ;
#806 = DIRECTION ( 'NONE',  ( -0.000000000000000000, -0.000000000000000000, 1.000000000000000000 ) ) ;
#807 = ORIENTED_EDGE ( 'NONE', *, *, #540, .T. ) ;
#808 = DIRECTION ( 'NONE',  ( 1.000000000000000000, 0.000000000000000000, 0.000000000000000000 ) ) ;
#809 = ORIENTED_EDGE ( 'NONE', *, *, #1558, .T. ) ;
#810 = DIRECTION ( 'NONE',  ( -0.000000000000000000, -0.000000000000000000, -1.000000000000000000 ) ) ;
#811 = CARTESIAN_POINT ( 'NONE',  ( 6.448958890708481384, 16.07664977984298105, 4.000000000000000000 ) ) ;
#812 = VERTEX_POINT ( 'NONE', #2155 ) ;
#813 = AXIS2_PLACEMENT_3D ( 'NONE', #1902, #1914, #579 ) ;
#814 = EDGE_CURVE ( 'NONE', #1306, #922, #682, .T. ) ;
#815 = LINE ( 'NONE', #570, #908 ) ;
#816 = CARTESIAN_POINT ( 'NONE',  ( 7.504999999999998117, 112.0000000000000000, 0.4999999999999831246 ) ) ;
#817 = VECTOR ( 'NONE', #110, 1000.000000000000000 ) ;
#818 = CARTESIAN_POINT ( 'NONE',  ( 1.449999999999995959, 87.91500000000003467, 0.000000000000000000 ) ) ;
#819 = AXIS2_PLACEMENT_3D ( 'NONE', #1578, #426, #454 ) ;
#820 = VERTEX_POINT ( 'NONE', #165 ) ;
#821 = CYLINDRICAL_SURFACE ( 'NONE', #1986, 25.00000000000000000 ) ;
#822 = ORIENTED_EDGE ( 'NONE', *, *, #1117, .F. ) ;
#823 = FACE_BOUND ( 'NONE', #1886, .T. ) ;
#824 = CARTESIAN_POINT ( 'NONE',  ( -7.447342393662109927, 2.218802974600336153, 0.000000000000000000 ) ) ;
#825 = VECTOR ( 'NONE', #2083, 1000.000000000000000 ) ;
#826 = ORIENTED_EDGE ( 'NONE', *, *, #1829, .F. ) ;
#827 = ADVANCED_FACE ( 'NONE', ( #1963 ), #300, .F. ) ;
#828 = EDGE_CURVE ( 'NONE', #576, #1975, #489, .T. ) ;
#829 = CARTESIAN_POINT ( 'NONE',  ( -13.89999999999998614, 64.76808374630067533, 6.000000000000000000 ) ) ;
#830 = DIRECTION ( 'NONE',  ( -0.000000000000000000, -0.000000000000000000, -1.000000000000000000 ) ) ;
#831 = CARTESIAN_POINT ( 'NONE',  ( -0.7500000000000062172, 87.91500000000003467, 0.000000000000000000 ) ) ;
#832 = ORIENTED_EDGE ( 'NONE', *, *, #1429, .F. ) ;
#833 = LINE ( 'NONE', #1599, #2215 ) ;
#834 = ORIENTED_EDGE ( 'NONE', *, *, #183, .F. ) ;
#835 = CARTESIAN_POINT ( 'NONE',  ( -7.501357960453905349, 89.34977546334366139, 7.000000000000000000 ) ) ;
#836 = CARTESIAN_POINT ( 'NONE',  ( -1.460351472855927223E-15, 112.0000000000000000, 0.000000000000000000 ) ) ;
#837 = ORIENTED_EDGE ( 'NONE', *, *, #391, .T. ) ;
#838 = DIRECTION ( 'NONE',  ( -0.000000000000000000, -0.000000000000000000, -1.000000000000000000 ) ) ;
#839 = CARTESIAN_POINT ( 'NONE',  ( 24.90015137032918346, 109.7678571428571388, 4.000000000000000000 ) ) ;
#840 = DIRECTION ( 'NONE',  ( 0.000000000000000000, 0.000000000000000000, 1.000000000000000000 ) ) ;
#841 = ORIENTED_EDGE ( 'NONE', *, *, #464, .F. ) ;
#842 = CARTESIAN_POINT ( 'NONE',  ( 3.999999999999999112, 112.0000000000000000, 7.000000000000000000 ) ) ;
#843 = ORIENTED_EDGE ( 'NONE', *, *, #1148, .T. ) ;
#844 = DIRECTION ( 'NONE',  ( 1.000000000000000000, 0.000000000000000000, 0.000000000000000000 ) ) ;
#845 = EDGE_CURVE ( 'NONE', #352, #2124, #553, .T. ) ;
#846 = PLANE ( 'NONE',  #2183 ) ;
#847 = VERTEX_POINT ( 'NONE', #1590 ) ;
#848 = PERSON_AND_ORGANIZATION ( #2150, #849 ) ;
#849 = ORGANIZATION ( 'UNSPECIFIED', 'UNSPECIFIED', '' ) ;
#850 = DIRECTION ( 'NONE',  ( -0.000000000000000000, -0.000000000000000000, -1.000000000000000000 ) ) ;
#851 = CARTESIAN_POINT ( 'NONE',  ( -2.000000000000000000, 0.000000000000000000, 4.000000000000000000 ) ) ;
#852 = AXIS2_PLACEMENT_3D ( 'NONE', #2257, #961, #420 ) ;
#853 = EDGE_CURVE ( 'NONE', #246, #1767, #1271, .T. ) ;
#854 = VECTOR ( 'NONE', #650, 1000.000000000000000 ) ;
#855 = ORIENTED_EDGE ( 'NONE', *, *, #459, .F. ) ;
#856 = DIRECTION ( 'NONE',  ( -0.7071067811865393571, 8.659560562354833018E-17, 0.7071067811865555663 ) ) ;
#857 = VECTOR ( 'NONE', #2217, 1000.000000000000000 ) ;
#858 = EDGE_CURVE ( 'NONE', #35, #1835, #1033, .T. ) ;
#859 = LINE ( 'NONE', #477, #1881 ) ;
#860 = EDGE_CURVE ( 'NONE', #1159, #610, #319, .T. ) ;
#861 = CYLINDRICAL_SURFACE ( 'NONE', #1054, 0.7500000000000002220 ) ;
#862 = VERTEX_POINT ( 'NONE', #2176 ) ;
#863 = CARTESIAN_POINT ( 'NONE',  ( -1.450000000000007505, 91.91500000000003467, 3.600000000000015632 ) ) ;
#864 = VECTOR ( 'NONE', #1927, 1000.000000000000114 ) ;
#865 = VERTEX_POINT ( 'NONE', #1787 ) ;
#866 = PLANE ( 'NONE',  #478 ) ;
#867 = AXIS2_PLACEMENT_3D ( 'NONE', #1267, #1078, #2199 ) ;
#868 = DIRECTION ( 'NONE',  ( 1.000000000000000000, 0.000000000000000000, 0.000000000000000000 ) ) ;
#869 = EDGE_LOOP ( 'NONE', ( #1498, #541 ) ) ;
#870 = CC_DESIGN_DATE_AND_TIME_ASSIGNMENT ( #1047, #1606, ( #1313 ) ) ;
#871 = DIRECTION ( 'NONE',  ( -1.000000000000000000, 0.000000000000000000, 0.000000000000000000 ) ) ;
#872 = CARTESIAN_POINT ( 'NONE',  ( 25.00000000000000000, 112.0000000000000000, 0.000000000000000000 ) ) ;
#873 = ORIENTED_EDGE ( 'NONE', *, *, #1743, .F. ) ;
#874 = VECTOR ( 'NONE', #746, 1000.000000000000000 ) ;
#875 = FACE_OUTER_BOUND ( 'NONE', #1656, .T. ) ;
#876 = ADVANCED_FACE ( 'NONE', ( #130 ), #861, .F. ) ;
#877 = DIRECTION ( 'NONE',  ( -1.000000000000000000, 0.000000000000000000, 0.000000000000000000 ) ) ;
#878 = CARTESIAN_POINT ( 'NONE',  ( 1.449999999999995959, 87.91500000000003467, 3.600000000000015632 ) ) ;
#879 = FACE_BOUND ( 'NONE', #558, .T. ) ;
#880 = CARTESIAN_POINT ( 'NONE',  ( -1.460351472855927223E-15, 112.0000000000000000, 4.000000000000000000 ) ) ;
#881 = VERTEX_POINT ( 'NONE', #872 ) ;
#882 = EDGE_CURVE ( 'NONE', #700, #1750, #435, .T. ) ;
#883 = DIRECTION ( 'NONE',  ( 1.000000000000000000, 0.000000000000000000, 0.000000000000000000 ) ) ;
#884 = CARTESIAN_POINT ( 'NONE',  ( -6.011178813614780175E-15, 87.91500000000003467, 0.2000000000000469180 ) ) ;
#885 = ORIENTED_EDGE ( 'NONE', *, *, #252, .F. ) ;
#886 = DIRECTION ( 'NONE',  ( 1.000000000000000000, 0.000000000000000000, 0.000000000000000000 ) ) ;
#887 = ORIENTED_EDGE ( 'NONE', *, *, #25, .F. ) ;
#888 = ADVANCED_FACE ( 'NONE', ( #513 ), #1255, .T. ) ;
#889 = FACE_OUTER_BOUND ( 'NONE', #2383, .T. ) ;
#890 = VECTOR ( 'NONE', #2098, 1000.000000000000000 ) ;
#891 = CARTESIAN_POINT ( 'NONE',  ( -6.011178813614780175E-15, 87.91500000000003467, 0.000000000000000000 ) ) ;
#892 = AXIS2_PLACEMENT_3D ( 'NONE', #1337, #2281, #434 ) ;
#893 = CARTESIAN_POINT ( 'NONE',  ( 1.249999999999954259, 91.91500000000003467, 0.000000000000000000 ) ) ;
#894 = ORIENTED_EDGE ( 'NONE', *, *, #1052, .F. ) ;
#895 = DIRECTION ( 'NONE',  ( 0.000000000000000000, 0.000000000000000000, 1.000000000000000000 ) ) ;
#896 = CONICAL_SURFACE ( 'NONE', #1518, 8.004999999999983018, 0.7853981633974482790 ) ;
#897 = DIRECTION ( 'NONE',  ( 0.9583699910868307414, 0.2855292632712593259, 0.000000000000000000 ) ) ;
#898 = ORIENTED_EDGE ( 'NONE', *, *, #2254, .T. ) ;
#899 = PERSON_AND_ORGANIZATION_ROLE ( 'design_supplier' ) ;
#900 = CARTESIAN_POINT ( 'NONE',  ( 3.999999999999999112, 112.0000000000000000, 4.000000000000000000 ) ) ;
#901 = ORIENTED_EDGE ( 'NONE', *, *, #814, .T. ) ;
#902 = EDGE_CURVE ( 'NONE', #1376, #785, #1447, .T. ) ;
#903 = DIRECTION ( 'NONE',  ( -0.000000000000000000, 0.000000000000000000, 1.000000000000000000 ) ) ;
#904 = PLANE ( 'NONE',  #429 ) ;
#905 = DIRECTION ( 'NONE',  ( 0.000000000000000000, 0.000000000000000000, 1.000000000000000000 ) ) ;
#906 = VERTEX_POINT ( 'NONE', #727 ) ;
#907 = AXIS2_PLACEMENT_3D ( 'NONE', #1401, #103, #1783 ) ;
#908 = VECTOR ( 'NONE', #2096, 1000.000000000000114 ) ;
#909 = DIRECTION ( 'NONE',  ( 0.000000000000000000, 0.000000000000000000, -1.000000000000000000 ) ) ;
#910 = CARTESIAN_POINT ( 'NONE',  ( -7.501357960453905349, 89.34977546334366139, 7.000000000000000000 ) ) ;
#911 = EDGE_LOOP ( 'NONE', ( #1848, #1682, #1931, #721 ) ) ;
#912 = PERSON_AND_ORGANIZATION ( #2150, #849 ) ;
#913 = LINE ( 'NONE', #1334, #49 ) ;
#914 = EDGE_LOOP ( 'NONE', ( #2137, #510, #809, #1272 ) ) ;
#915 = CARTESIAN_POINT ( 'NONE',  ( -1.460351472855927223E-15, 112.0000000000000000, 4.000000000000000000 ) ) ;
#916 = LINE ( 'NONE', #1431, #1673 ) ;
#917 = DIRECTION ( 'NONE',  ( 1.000000000000000000, 0.000000000000000000, 0.000000000000000000 ) ) ;
#918 = ORIENTED_EDGE ( 'NONE', *, *, #452, .T. ) ;
#919 = ADVANCED_FACE ( 'NONE', ( #1738 ), #990, .F. ) ;
#920 = LINE ( 'NONE', #739, #980 ) ;
#921 = DIRECTION ( 'NONE',  ( -0.000000000000000000, -0.000000000000000000, -1.000000000000000000 ) ) ;
#922 = VERTEX_POINT ( 'NONE', #2394 ) ;
#923 = DIRECTION ( 'NONE',  ( -0.9960060548131671743, -0.08928571428571441260, 0.000000000000000000 ) ) ;
#924 = ORIENTED_EDGE ( 'NONE', *, *, #1719, .F. ) ;
#925 = CARTESIAN_POINT ( 'NONE',  ( -6.011178813614780175E-15, 87.91500000000003467, 0.000000000000000000 ) ) ;
#926 = DIRECTION ( 'NONE',  ( 1.000000000000000000, 0.000000000000000000, 0.000000000000000000 ) ) ;
#927 = EDGE_CURVE ( 'NONE', #820, #35, #1951, .T. ) ;
#928 = DIRECTION ( 'NONE',  ( -1.000000000000000000, 0.000000000000000000, 0.000000000000000000 ) ) ;
#929 = AXIS2_PLACEMENT_3D ( 'NONE', #1427, #838, #2338 ) ;
#930 = EDGE_LOOP ( 'NONE', ( #1461, #552, #1492, #1203 ) ) ;
#931 = ADVANCED_FACE ( 'NONE', ( #977 ), #1655, .T. ) ;
#932 = AXIS2_PLACEMENT_3D ( 'NONE', #2354, #688, #342 ) ;
#933 = EDGE_CURVE ( 'NONE', #958, #629, #74, .T. ) ;
#934 = DIRECTION ( 'NONE',  ( -0.000000000000000000, 0.000000000000000000, 1.000000000000000000 ) ) ;
#935 = VERTEX_POINT ( 'NONE', #51 ) ;
#936 = CARTESIAN_POINT ( 'NONE',  ( -5.521320093955839582E-15, 91.91500000000003467, 0.2000000000000469180 ) ) ;
#937 = ORIENTED_EDGE ( 'NONE', *, *, #2058, .F. ) ;
#938 = LINE ( 'NONE', #783, #874 ) ;
#939 = CARTESIAN_POINT ( 'NONE',  ( 13.89999999999998970, 64.76808374630067533, 4.000000000000000000 ) ) ;
#940 = EDGE_LOOP ( 'NONE', ( #1121, #1286, #41 ) ) ;
#941 = AXIS2_PLACEMENT_3D ( 'NONE', #2049, #538, #2393 ) ;
#942 = DIRECTION ( 'NONE',  ( -0.000000000000000000, -0.000000000000000000, -1.000000000000000000 ) ) ;
#943 = AXIS2_PLACEMENT_3D ( 'NONE', #1156, #1515, #54 ) ;
#944 = ORIENTED_EDGE ( 'NONE', *, *, #1487, .F. ) ;
#945 = AXIS2_PLACEMENT_3D ( 'NONE', #1357, #2132, #1531 ) ;
#946 = PERSON_AND_ORGANIZATION ( #2150, #849 ) ;
#947 = FACE_OUTER_BOUND ( 'NONE', #930, .T. ) ;
#948 = ORIENTED_EDGE ( 'NONE', *, *, #568, .F. ) ;
#949 = EDGE_CURVE ( 'NONE', #1882, #1000, #2032, .T. ) ;
#950 = DIRECTION ( 'NONE',  ( -0.000000000000000000, 0.000000000000000000, 1.000000000000000000 ) ) ;
#951 = CARTESIAN_POINT ( 'NONE',  ( -5.809354470151386174, 107.2485343692569870, 4.000000000000000000 ) ) ;
#952 = CIRCLE ( 'NONE', #2314, 1.450000000000002176 ) ;
#953 = ORIENTED_EDGE ( 'NONE', *, *, #1240, .T. ) ;
#954 = LINE ( 'NONE', #2285, #1181 ) ;
#955 = VERTEX_POINT ( 'NONE', #2091 ) ;
#956 = EDGE_CURVE ( 'NONE', #2001, #2177, #1850, .T. ) ;
#957 = DIRECTION ( 'NONE',  ( 0.000000000000000000, 0.000000000000000000, -1.000000000000000000 ) ) ;
#958 = VERTEX_POINT ( 'NONE', #63 ) ;
#959 = EDGE_CURVE ( 'NONE', #279, #820, #1833, .T. ) ;
#960 = CARTESIAN_POINT ( 'NONE',  ( -5.521320093955839582E-15, 91.91500000000003467, 0.2000000000000469180 ) ) ;
#961 = DIRECTION ( 'NONE',  ( -0.000000000000000000, -0.000000000000000000, -1.000000000000000000 ) ) ;
#962 = EDGE_CURVE ( 'NONE', #436, #1842, #2212, .T. ) ;
#963 = ORIENTED_EDGE ( 'NONE', *, *, #2179, .F. ) ;
#964 = APPLICATION_CONTEXT ( 'configuration controlled 3d designs of mechanical parts and assemblies' ) ;
#965 = DIRECTION ( 'NONE',  ( -0.000000000000000000, -0.000000000000000000, 1.000000000000000000 ) ) ;
#966 = EDGE_LOOP ( 'NONE', ( #2203, #450, #571, #2246 ) ) ;
#967 = CARTESIAN_POINT ( 'NONE',  ( 3.999999999999999112, 112.0000000000000000, 3.500000000000000000 ) ) ;
#968 = AXIS2_PLACEMENT_3D ( 'NONE', #1399, #2126, #307 ) ;
#969 = PLANE ( 'NONE',  #1553 ) ;
#970 = AXIS2_PLACEMENT_3D ( 'NONE', #23, #406, #386 ) ;
#971 = EDGE_LOOP ( 'NONE', ( #121, #837, #2356, #1320 ) ) ;
#972 = DIRECTION ( 'NONE',  ( -0.000000000000000000, -0.000000000000000000, -1.000000000000000000 ) ) ;
#973 = VECTOR ( 'NONE', #2294, 1000.000000000000000 ) ;
#974 = PLANE ( 'NONE',  #532 ) ;
#975 = LINE ( 'NONE', #2089, #2332 ) ;
#976 = ORIENTED_EDGE ( 'NONE', *, *, #377, .F. ) ;
#977 = FACE_OUTER_BOUND ( 'NONE', #2206, .T. ) ;
#978 = ORIENTED_EDGE ( 'NONE', *, *, #568, .T. ) ;
#979 = LINE ( 'NONE', #993, #825 ) ;
#980 = VECTOR ( 'NONE', #1860, 1000.000000000000227 ) ;
#981 = VECTOR ( 'NONE', #1319, 1000.000000000000227 ) ;
#982 = DIRECTION ( 'NONE',  ( -0.000000000000000000, 0.000000000000000000, -1.000000000000000000 ) ) ;
#983 = VECTOR ( 'NONE', #699, 1000.000000000000000 ) ;
#984 = VERTEX_POINT ( 'NONE', #2023 ) ;
#985 = DIRECTION ( 'NONE',  ( 0.7071067811865388020, 0.000000000000000000, 0.7071067811865563435 ) ) ;
#986 = DIRECTION ( 'NONE',  ( -1.000000000000000000, 0.000000000000000000, 0.000000000000000000 ) ) ;
#987 = LINE ( 'NONE', #851, #635 ) ;
#988 = ADVANCED_FACE ( 'NONE', ( #773 ), #615, .F. ) ;
#989 = EDGE_LOOP ( 'NONE', ( #645, #1668, #2082, #2087 ) ) ;
#990 = CYLINDRICAL_SURFACE ( 'NONE', #1251, 2.000000000000000000 ) ;
#991 = EDGE_LOOP ( 'NONE', ( #715, #2226, #2107, #548 ) ) ;
#992 = AXIS2_PLACEMENT_3D ( 'NONE', #722, #1661, #1064 ) ;
#993 = CARTESIAN_POINT ( 'NONE',  ( 1.449999999999996625, 91.91500000000003467, 0.000000000000000000 ) ) ;
#994 = EDGE_CURVE ( 'NONE', #225, #1260, #782, .T. ) ;
#995 = DIRECTION ( 'NONE',  ( -0.7071067811865474617, 0.000000000000000000, -0.7071067811865474617 ) ) ;
#996 = ORIENTED_EDGE ( 'NONE', *, *, #1034, .T. ) ;
#997 = DIRECTION ( 'NONE',  ( 0.000000000000000000, 0.000000000000000000, 1.000000000000000000 ) ) ;
#998 = CARTESIAN_POINT ( 'NONE',  ( -5.521320093955839582E-15, 91.91500000000003467, 3.600000000000015632 ) ) ;
#999 = DIRECTION ( 'NONE',  ( -0.000000000000000000, 0.000000000000000000, -1.000000000000000000 ) ) ;
#1000 = VERTEX_POINT ( 'NONE', #2101 ) ;
#1001 = CARTESIAN_POINT ( 'NONE',  ( 1.565157521573622645, 32.46897545947413732, -0.001000000000000132727 ) ) ;
#1002 = ORIENTED_EDGE ( 'NONE', *, *, #1208, .T. ) ;
#1003 = CARTESIAN_POINT ( 'NONE',  ( 10.32245236692259915, 3.075390764414112077, 0.000000000000000000 ) ) ;
#1004 = EDGE_CURVE ( 'NONE', #865, #1347, #1296, .T. ) ;
#1005 = ADVANCED_FACE ( 'NONE', ( #1096 ), #1891, .F. ) ;
#1006 = LOCAL_TIME ( 10, 32, 37.00000000000000000, #1976 ) ;
#1007 = PLANE ( 'NONE',  #1830 ) ;
#1008 = ORIENTED_EDGE ( 'NONE', *, *, #1458, .F. ) ;
#1009 = VECTOR ( 'NONE', #601, 1000.000000000000114 ) ;
#1010 = DIRECTION ( 'NONE',  ( -0.08928571428571428770, -0.9960060548131671743, 0.000000000000000000 ) ) ;
#1011 = CARTESIAN_POINT ( 'NONE',  ( -3.549999999999982503, -5.938557131515264664E-16, 4.000000000000000000 ) ) ;
#1012 = CIRCLE ( 'NONE', #1989, 0.7500000000000002220 ) ;
#1013 = PLANE ( 'NONE',  #1142 ) ;
#1014 = CIRCLE ( 'NONE', #703, 25.00000000000000000 ) ;
#1015 = ORIENTED_EDGE ( 'NONE', *, *, #1695, .T. ) ;
#1016 = DIRECTION ( 'NONE',  ( -0.9960060548131672853, -0.08928571428571437096, 0.000000000000000000 ) ) ;
#1017 = VERTEX_POINT ( 'NONE', #1982 ) ;
#1018 = CARTESIAN_POINT ( 'NONE',  ( -1.450000000000007505, 91.91500000000003467, 0.000000000000000000 ) ) ;
#1019 = CARTESIAN_POINT ( 'NONE',  ( 1.449999999999995959, 87.91500000000003467, 0.2000000000000469180 ) ) ;
#1020 = CONICAL_SURFACE ( 'NONE', #712, 4.049999999999998934, 0.7853981633974517207 ) ;
#1021 = VERTEX_POINT ( 'NONE', #2163 ) ;
#1022 = DIRECTION ( 'NONE',  ( -0.7071067811865453523, -7.097229326464534449E-17, -0.7071067811865496822 ) ) ;
#1023 = AXIS2_PLACEMENT_3D ( 'NONE', #1959, #1480, #159 ) ;
#1024 = CIRCLE ( 'NONE', #447, 4.000000000000000888 ) ;
#1025 = DIRECTION ( 'NONE',  ( -0.000000000000000000, -0.000000000000000000, -1.000000000000000000 ) ) ;
#1026 = DIRECTION ( 'NONE',  ( 1.000000000000000000, 0.000000000000000000, 0.000000000000000000 ) ) ;
#1027 = ADVANCED_FACE ( 'NONE', ( #1574 ), #866, .T. ) ;
#1028 = EDGE_LOOP ( 'NONE', ( #1464, #2038 ) ) ;
#1029 = FACE_OUTER_BOUND ( 'NONE', #519, .T. ) ;
#1030 = EDGE_LOOP ( 'NONE', ( #1863, #1854 ) ) ;
#1031 = DIRECTION ( 'NONE',  ( -0.000000000000000000, 0.000000000000000000, 1.000000000000000000 ) ) ;
#1032 = CARTESIAN_POINT ( 'NONE',  ( 1.799999999999997158, 112.0000000000000000, 7.000000000000000000 ) ) ;
#1033 = LINE ( 'NONE', #1640, #1636 ) ;
#1034 = EDGE_CURVE ( 'NONE', #1085, #1842, #2253, .T. ) ;
#1035 = VERTEX_POINT ( 'NONE', #842 ) ;
#1036 =( NAMED_UNIT ( * ) SI_UNIT ( $, .STERADIAN. ) SOLID_ANGLE_UNIT ( ) );
#1037 = CARTESIAN_POINT ( 'NONE',  ( -4.967865995816452163, -0.4453381199528829160, 4.000000000000000000 ) ) ;
#1038 = ADVANCED_FACE ( 'NONE', ( #87 ), #1589, .T. ) ;
#1039 = LINE ( 'NONE', #818, #293 ) ;
#1040 = EDGE_CURVE ( 'NONE', #1709, #1750, #1585, .T. ) ;
#1041 = ORIENTED_EDGE ( 'NONE', *, *, #382, .F. ) ;
#1042 = FACE_OUTER_BOUND ( 'NONE', #412, .T. ) ;
#1043 = FACE_OUTER_BOUND ( 'NONE', #4, .T. ) ;
#1044 = DIRECTION ( 'NONE',  ( -0.000000000000000000, -0.000000000000000000, 1.000000000000000000 ) ) ;
#1045 = DIRECTION ( 'NONE',  ( -1.000000000000000000, 0.000000000000000000, 0.000000000000000000 ) ) ;
#1046 = ORIENTED_EDGE ( 'NONE', *, *, #1819, .T. ) ;
#1047 = DATE_AND_TIME ( #336, #1006 ) ;
#1048 = LINE ( 'NONE', #1450, #1050 ) ;
#1049 = VECTOR ( 'NONE', #1422, 1000.000000000000000 ) ;
#1050 = VECTOR ( 'NONE', #686, 1000.000000000000000 ) ;
#1051 = EDGE_LOOP ( 'NONE', ( #976, #2018, #2266, #260 ) ) ;
#1052 = EDGE_CURVE ( 'NONE', #264, #2115, #1930, .T. ) ;
#1053 = PLANE ( 'NONE',  #1129 ) ;
#1054 = AXIS2_PLACEMENT_3D ( 'NONE', #1987, #1602, #2165 ) ;
#1055 = DIRECTION ( 'NONE',  ( -0.000000000000000000, -0.000000000000000000, -1.000000000000000000 ) ) ;
#1056 = EDGE_CURVE ( 'NONE', #1216, #1436, #125, .T. ) ;
#1057 = FACE_OUTER_BOUND ( 'NONE', #381, .T. ) ;
#1058 = ORIENTED_EDGE ( 'NONE', *, *, #289, .T. ) ;
#1059 = CARTESIAN_POINT ( 'NONE',  ( 0.7499999999999946709, 91.91500000000003467, 4.000000000000000000 ) ) ;
#1060 = CARTESIAN_POINT ( 'NONE',  ( -1.460351472855927223E-15, 112.0000000000000000, 7.000000000000000000 ) ) ;
#1061 = VECTOR ( 'NONE', #2122, 1000.000000000000227 ) ;
#1062 = AXIS2_PLACEMENT_3D ( 'NONE', #1577, #1055, #1611 ) ;
#1063 = EDGE_CURVE ( 'NONE', #9, #1598, #2149, .T. ) ;
#1064 = DIRECTION ( 'NONE',  ( 1.000000000000000000, 0.000000000000000000, 0.000000000000000000 ) ) ;
#1065 = CARTESIAN_POINT ( 'NONE',  ( 3.999999999999999112, 112.0000000000000000, 5.500000000000000000 ) ) ;
#1066 = CONICAL_SURFACE ( 'NONE', #867, 10.00000000000000178, 0.7853981633974517207 ) ;
#1067 = CARTESIAN_POINT ( 'NONE',  ( 1.449999999999996625, 91.91500000000003467, 3.600000000000015632 ) ) ;
#1068 = ORIENTED_EDGE ( 'NONE', *, *, #1063, .T. ) ;
#1069 = FACE_OUTER_BOUND ( 'NONE', #796, .T. ) ;
#1070 = CARTESIAN_POINT ( 'NONE',  ( -7.447342393662109927, 2.218802974600336153, -0.001000000000000132727 ) ) ;
#1071 = EDGE_CURVE ( 'NONE', #1306, #228, #1823, .T. ) ;
#1072 = ORIENTED_EDGE ( 'NONE', *, *, #669, .T. ) ;
#1073 = AXIS2_PLACEMENT_3D ( 'NONE', #419, #1521, #1199 ) ;
#1074 = CARTESIAN_POINT ( 'NONE',  ( 8.004999999999981242, 112.0000000000000000, 0.000000000000000000 ) ) ;
#1075 = ORIENTED_EDGE ( 'NONE', *, *, #1537, .T. ) ;
#1076 = DIRECTION ( 'NONE',  ( -0.000000000000000000, 0.000000000000000000, -1.000000000000000000 ) ) ;
#1077 = CARTESIAN_POINT ( 'NONE',  ( -1.460351472855927223E-15, 112.0000000000000000, 4.000000000000000000 ) ) ;
#1078 = DIRECTION ( 'NONE',  ( -0.000000000000000000, -0.000000000000000000, 1.000000000000000000 ) ) ;
#1079 = EDGE_LOOP ( 'NONE', ( #2184, #2065 ) ) ;
#1080 = CARTESIAN_POINT ( 'NONE',  ( -1.800000000000000266, 112.0000000000000000, 3.500000000000000000 ) ) ;
#1081 = DIRECTION ( 'NONE',  ( -0.000000000000000000, -0.000000000000000000, -1.000000000000000000 ) ) ;
#1082 = EDGE_CURVE ( 'NONE', #935, #231, #135, .T. ) ;
#1083 = EDGE_LOOP ( 'NONE', ( #404, #1868, #536, #1201 ) ) ;
#1084 = FACE_OUTER_BOUND ( 'NONE', #514, .T. ) ;
#1085 = VERTEX_POINT ( 'NONE', #1375 ) ;
#1086 = LOCAL_TIME ( 10, 32, 37.00000000000000000, #1110 ) ;
#1087 = VERTEX_POINT ( 'NONE', #2136 ) ;
#1088 = CIRCLE ( 'NONE', #45, 25.00000000000000000 ) ;
#1089 = DIRECTION ( 'NONE',  ( -0.000000000000000000, -0.000000000000000000, 1.000000000000000000 ) ) ;
#1090 = CIRCLE ( 'NONE', #1365, 9.493739424420207129 ) ;
#1091 = DIRECTION ( 'NONE',  ( -1.000000000000000000, 0.000000000000000000, 0.000000000000000000 ) ) ;
#1092 = ORIENTED_EDGE ( 'NONE', *, *, #1768, .F. ) ;
#1093 = AXIS2_PLACEMENT_3D ( 'NONE', #11, #2397, #1703 ) ;
#1094 = CARTESIAN_POINT ( 'NONE',  ( 2.000000000000000000, 2.449293598294706414E-16, 4.000000000000000000 ) ) ;
#1095 = VECTOR ( 'NONE', #1472, 1000.000000000000000 ) ;
#1096 = FACE_OUTER_BOUND ( 'NONE', #1368, .T. ) ;
#1097 = ORIENTED_EDGE ( 'NONE', *, *, #1870, .F. ) ;
#1098 = DIRECTION ( 'NONE',  ( 1.000000000000000000, 0.000000000000000000, 0.000000000000000000 ) ) ;
#1099 = VERTEX_POINT ( 'NONE', #280 ) ;
#1100 = DIRECTION ( 'NONE',  ( 1.000000000000000000, 0.000000000000000000, 0.000000000000000000 ) ) ;
#1101 = LINE ( 'NONE', #1846, #315 ) ;
#1102 = EDGE_CURVE ( 'NONE', #1260, #225, #356, .T. ) ;
#1103 = AXIS2_PLACEMENT_3D ( 'NONE', #572, #934, #2225 ) ;
#1104 = LINE ( 'NONE', #535, #1647 ) ;
#1105 = ORIENTED_EDGE ( 'NONE', *, *, #1664, .F. ) ;
#1106 = AXIS2_PLACEMENT_3D ( 'NONE', #1467, #713, #198 ) ;
#1107 = LINE ( 'NONE', #1820, #215 ) ;
#1108 = DIRECTION ( 'NONE',  ( -0.000000000000000000, -0.000000000000000000, -1.000000000000000000 ) ) ;
#1109 = ORIENTED_EDGE ( 'NONE', *, *, #1968, .T. ) ;
#1110 = COORDINATED_UNIVERSAL_TIME_OFFSET ( 3, 0, .BEHIND. ) ;
#1111 = ADVANCED_FACE ( 'NONE', ( #1042 ), #821, .T. ) ;
#1112 = DIRECTION ( 'NONE',  ( 0.2855292632712590484, -0.9583699910868307414, 0.000000000000000000 ) ) ;
#1113 = ORIENTED_EDGE ( 'NONE', *, *, #1056, .T. ) ;
#1114 = EDGE_CURVE ( 'NONE', #1975, #455, #2113, .T. ) ;
#1115 = DIRECTION ( 'NONE',  ( -0.2855292632712590484, 0.9583699910868307414, 0.000000000000000000 ) ) ;
#1116 = FACE_BOUND ( 'NONE', #1079, .T. ) ;
#1117 = EDGE_CURVE ( 'NONE', #2248, #279, #833, .T. ) ;
#1118 = DIRECTION ( 'NONE',  ( 1.000000000000000000, -2.775557561562891351E-15, 0.000000000000000000 ) ) ;
#1119 = ORIENTED_EDGE ( 'NONE', *, *, #959, .T. ) ;
#1120 = FACE_OUTER_BOUND ( 'NONE', #911, .T. ) ;
#1121 = ORIENTED_EDGE ( 'NONE', *, *, #1004, .T. ) ;
#1122 = COORDINATED_UNIVERSAL_TIME_OFFSET ( 3, 0, .BEHIND. ) ;
#1123 = DIRECTION ( 'NONE',  ( 0.9583699910868308525, -0.2855292632712590484, 0.000000000000000000 ) ) ;
#1124 = ORIENTED_EDGE ( 'NONE', *, *, #5, .T. ) ;
#1125 = CARTESIAN_POINT ( 'NONE',  ( 10.32245236692259915, 3.075390764414112077, -0.001000000000000132727 ) ) ;
#1126 = LINE ( 'NONE', #1889, #549 ) ;
#1127 = AXIS2_PLACEMENT_3D ( 'NONE', #2324, #659, #142 ) ;
#1128 = ORIENTED_EDGE ( 'NONE', *, *, #540, .F. ) ;
#1129 = AXIS2_PLACEMENT_3D ( 'NONE', #1217, #1971, #1957 ) ;
#1130 = CARTESIAN_POINT ( 'NONE',  ( 3.550000000000003375, 87.95500000000002672, 0.4999999999999830136 ) ) ;
#1131 = VECTOR ( 'NONE', #2386, 1000.000000000000114 ) ;
#1132 = EDGE_CURVE ( 'NONE', #2365, #108, #487, .T. ) ;
#1133 = ORIENTED_EDGE ( 'NONE', *, *, #1469, .F. ) ;
#1134 = VECTOR ( 'NONE', #320, 1000.000000000000000 ) ;
#1135 = CARTESIAN_POINT ( 'NONE',  ( 15.50000000000000000, 64.76808374630067533, 4.000000000000000000 ) ) ;
#1136 = ORIENTED_EDGE ( 'NONE', *, *, #1618, .T. ) ;
#1137 = PLANE ( 'NONE',  #187 ) ;
#1138 = DIRECTION ( 'NONE',  ( -0.000000000000000000, 0.000000000000000000, 1.000000000000000000 ) ) ;
#1139 = ADVANCED_FACE ( 'NONE', ( #2306 ), #1053, .T. ) ;
#1140 = ORIENTED_EDGE ( 'NONE', *, *, #1318, .F. ) ;
#1141 = EDGE_CURVE ( 'NONE', #2312, #700, #1192, .T. ) ;
#1142 = AXIS2_PLACEMENT_3D ( 'NONE', #2291, #999, #305 ) ;
#1143 = LINE ( 'NONE', #403, #981 ) ;
#1144 = VECTOR ( 'NONE', #283, 1000.000000000000000 ) ;
#1145 = VECTOR ( 'NONE', #1972, 1000.000000000000000 ) ;
#1146 = ADVANCED_FACE ( 'NONE', ( #1029 ), #1782, .F. ) ;
#1147 = ORIENTED_EDGE ( 'NONE', *, *, #2181, .T. ) ;
#1148 = EDGE_CURVE ( 'NONE', #2399, #792, #1662, .T. ) ;
#1149 = DIRECTION ( 'NONE',  ( 0.000000000000000000, 0.000000000000000000, -1.000000000000000000 ) ) ;
#1150 = VERTEX_POINT ( 'NONE', #2389 ) ;
#1151 = FACE_OUTER_BOUND ( 'NONE', #2233, .T. ) ;
#1152 = DIRECTION ( 'NONE',  ( -1.000000000000000000, 0.000000000000000000, 0.000000000000000000 ) ) ;
#1153 = VERTEX_POINT ( 'NONE', #353 ) ;
#1154 = DIRECTION ( 'NONE',  ( -0.08928571428571425994, -0.9960060548131671743, 0.000000000000000000 ) ) ;
#1155 = ORIENTED_EDGE ( 'NONE', *, *, #2152, .F. ) ;
#1156 = CARTESIAN_POINT ( 'NONE',  ( -5.521320093955839582E-15, 91.91500000000003467, 4.000000000000000000 ) ) ;
#1157 = EDGE_LOOP ( 'NONE', ( #1520, #53 ) ) ;
#1158 = CARTESIAN_POINT ( 'NONE',  ( 5.724937745310816339, 7.999999999999994671, -0.001000000000000132727 ) ) ;
#1159 = VERTEX_POINT ( 'NONE', #1304 ) ;
#1160 = CARTESIAN_POINT ( 'NONE',  ( 8.673617379884035472E-16, 37.72237744992079200, 4.000000000000000000 ) ) ;
#1161 = DIRECTION ( 'NONE',  ( 0.000000000000000000, 0.000000000000000000, 1.000000000000000000 ) ) ;
#1162 = CARTESIAN_POINT ( 'NONE',  ( 0.000000000000000000, 0.000000000000000000, 4.000000000000000000 ) ) ;
#1163 = ORIENTED_EDGE ( 'NONE', *, *, #2072, .T. ) ;
#1164 = DIRECTION ( 'NONE',  ( -0.2855292632712592704, 0.9583699910868306304, 0.000000000000000000 ) ) ;
#1165 = VERTEX_POINT ( 'NONE', #723 ) ;
#1166 = CC_DESIGN_APPROVAL ( #48, ( #1313 ) ) ;
#1167 = CARTESIAN_POINT ( 'NONE',  ( -2.000000000000000000, 0.000000000000000000, 4.000000000000000000 ) ) ;
#1168 = VECTOR ( 'NONE', #1522, 1000.000000000000000 ) ;
#1169 = CIRCLE ( 'NONE', #1632, 0.7500000000000002220 ) ;
#1170 = CYLINDRICAL_SURFACE ( 'NONE', #1171, 0.7500000000000002220 ) ;
#1171 = AXIS2_PLACEMENT_3D ( 'NONE', #2142, #657, #1196 ) ;
#1172 = EDGE_LOOP ( 'NONE', ( #438, #2090, #528, #407 ) ) ;
#1173 = DIRECTION ( 'NONE',  ( -0.000000000000000000, -0.000000000000000000, -1.000000000000000000 ) ) ;
#1174 = CYLINDRICAL_SURFACE ( 'NONE', #551, 25.00000000000000000 ) ;
#1175 = DIRECTION ( 'NONE',  ( -0.000000000000000000, -0.000000000000000000, -1.000000000000000000 ) ) ;
#1176 = EDGE_LOOP ( 'NONE', ( #807, #1645 ) ) ;
#1177 = ADVANCED_FACE ( 'NONE', ( #2170 ), #2363, .T. ) ;
#1178 = EDGE_LOOP ( 'NONE', ( #1338, #1523, #2051, #937 ) ) ;
#1179 = FACE_OUTER_BOUND ( 'NONE', #1172, .T. ) ;
#1180 = CIRCLE ( 'NONE', #750, 15.00000000000000000 ) ;
#1181 = VECTOR ( 'NONE', #1741, 1000.000000000000000 ) ;
#1182 = LINE ( 'NONE', #824, #1333 ) ;
#1183 = AXIS2_PLACEMENT_3D ( 'NONE', #1995, #1444, #2186 ) ;
#1184 = EDGE_LOOP ( 'NONE', ( #330, #652, #1113, #1502 ) ) ;
#1185 = CARTESIAN_POINT ( 'NONE',  ( 0.000000000000000000, 27.21557346902749686, 0.000000000000000000 ) ) ;
#1186 = EDGE_CURVE ( 'NONE', #610, #1035, #1278, .T. ) ;
#1187 = CARTESIAN_POINT ( 'NONE',  ( 5.204170427930421283E-15, 37.72237744992078490, 0.000000000000000000 ) ) ;
#1188 = FACE_OUTER_BOUND ( 'NONE', #288, .T. ) ;
#1189 = ADVANCED_FACE ( 'NONE', ( #1465 ), #1, .F. ) ;
#1190 = ORIENTED_EDGE ( 'NONE', *, *, #258, .F. ) ;
#1191 = ADVANCED_FACE ( 'NONE', ( #545, #1832, #1116, #1634, #879, #1250, #171, #325, #2019 ), #904, .T. ) ;
#1192 = LINE ( 'NONE', #269, #1708 ) ;
#1193 = EDGE_LOOP ( 'NONE', ( #1400, #636, #2127, #475 ) ) ;
#1194 = AXIS2_PLACEMENT_3D ( 'NONE', #1845, #1263, #732 ) ;
#1195 = DIRECTION ( 'NONE',  ( 1.000000000000000000, 1.460819769243624764E-15, 0.000000000000000000 ) ) ;
#1196 = DIRECTION ( 'NONE',  ( 1.000000000000000000, 0.000000000000000000, 0.000000000000000000 ) ) ;
#1197 = EDGE_LOOP ( 'NONE', ( #236, #616, #749, #81 ) ) ;
#1198 = CARTESIAN_POINT ( 'NONE',  ( 0.000000000000000000, 0.000000000000000000, 4.000000000000000000 ) ) ;
#1199 = DIRECTION ( 'NONE',  ( -0.08928571428571432933, -0.9960060548131671743, 0.000000000000000000 ) ) ;
#1200 = CARTESIAN_POINT ( 'NONE',  ( 7.501357960453897356, 89.34977546334366139, 7.000000000000000000 ) ) ;
#1201 = ORIENTED_EDGE ( 'NONE', *, *, #1364, .F. ) ;
#1202 = CARTESIAN_POINT ( 'NONE',  ( -1.249999999999965805, 87.91500000000003467, 0.000000000000000000 ) ) ;
#1203 = ORIENTED_EDGE ( 'NONE', *, *, #1438, .F. ) ;
#1204 = CARTESIAN_POINT ( 'NONE',  ( -15.50000000000000000, 64.76808374630067533, 0.000000000000000000 ) ) ;
#1205 = CARTESIAN_POINT ( 'NONE',  ( 10.65276645548326506, 62.97124900303582962, -0.001000000000000132727 ) ) ;
#1206 = VECTOR ( 'NONE', #37, 1000.000000000000000 ) ;
#1207 = CYLINDRICAL_SURFACE ( 'NONE', #512, 25.00000000000000000 ) ;
#1208 = EDGE_CURVE ( 'NONE', #935, #365, #1649, .T. ) ;
#1209 = ORIENTED_EDGE ( 'NONE', *, *, #902, .F. ) ;
#1210 = AXIS2_PLACEMENT_3D ( 'NONE', #1247, #1826, #542 ) ;
#1211 = DIRECTION ( 'NONE',  ( -0.000000000000000000, -0.000000000000000000, -1.000000000000000000 ) ) ;
#1212 = CARTESIAN_POINT ( 'NONE',  ( 4.049999999999989164, 87.95500000000002672, 0.000000000000000000 ) ) ;
#1213 = VECTOR ( 'NONE', #2016, 1000.000000000000114 ) ;
#1214 = LINE ( 'NONE', #1200, #1061 ) ;
#1215 = CONICAL_SURFACE ( 'NONE', #476, 8.004999999999983018, 0.7853981633974482790 ) ;
#1216 = VERTEX_POINT ( 'NONE', #1856 ) ;
#1217 = CARTESIAN_POINT ( 'NONE',  ( 3.550000000000011813, 3.563134278909187789E-16, 4.000000000000000000 ) ) ;
#1218 = ORIENTED_EDGE ( 'NONE', *, *, #1186, .T. ) ;
#1219 = FACE_OUTER_BOUND ( 'NONE', #1184, .T. ) ;
#1220 = EDGE_CURVE ( 'NONE', #148, #1517, #1088, .T. ) ;
#1221 = DIRECTION ( 'NONE',  ( -0.2855292632712590484, -0.9583699910868308525, 0.000000000000000000 ) ) ;
#1222 = EDGE_CURVE ( 'NONE', #264, #2030, #1942, .T. ) ;
#1223 = AXIS2_PLACEMENT_3D ( 'NONE', #1281, #2239, #1998 ) ;
#1224 = ORIENTED_EDGE ( 'NONE', *, *, #956, .F. ) ;
#1225 = DIRECTION ( 'NONE',  ( -0.000000000000000000, -0.000000000000000000, -1.000000000000000000 ) ) ;
#1226 = AXIS2_PLACEMENT_3D ( 'NONE', #380, #147, #928 ) ;
#1227 = CIRCLE ( 'NONE', #179, 4.000000000000000888 ) ;
#1228 = DIRECTION ( 'NONE',  ( -0.000000000000000000, -0.000000000000000000, -1.000000000000000000 ) ) ;
#1229 = DIRECTION ( 'NONE',  ( -0.000000000000000000, -0.000000000000000000, -1.000000000000000000 ) ) ;
#1230 = ORIENTED_EDGE ( 'NONE', *, *, #1978, .T. ) ;
#1231 = DIRECTION ( 'NONE',  ( -0.000000000000000000, -0.000000000000000000, -1.000000000000000000 ) ) ;
#1232 = FACE_BOUND ( 'NONE', #1724, .T. ) ;
#1233 = CIRCLE ( 'NONE', #1194, 1.600000000000012967 ) ;
#1234 = DIRECTION ( 'NONE',  ( 0.7071067811865493491, 0.000000000000000000, -0.7071067811865456854 ) ) ;
#1235 = ORIENTED_EDGE ( 'NONE', *, *, #1675, .T. ) ;
#1236 = DIRECTION ( 'NONE',  ( 0.2855292632712592704, 0.9583699910868307414, 0.000000000000000000 ) ) ;
#1237 = CARTESIAN_POINT ( 'NONE',  ( -3.549999999999997158, 87.95500000000002672, 4.000000000000000000 ) ) ;
#1238 = CARTESIAN_POINT ( 'NONE',  ( -1.460351472855927223E-15, 112.0000000000000000, 7.000000000000000000 ) ) ;
#1239 = CARTESIAN_POINT ( 'NONE',  ( -14.94009082219750439, -1.339285714285713080, 4.000000000000000000 ) ) ;
#1240 = EDGE_CURVE ( 'NONE', #955, #1153, #197, .T. ) ;
#1241 = FACE_BOUND ( 'NONE', #2374, .T. ) ;
#1242 = CARTESIAN_POINT ( 'NONE',  ( 4.225929459876659743E-15, 87.95500000000002672, 0.000000000000000000 ) ) ;
#1243 = DIRECTION ( 'NONE',  ( 0.000000000000000000, 0.000000000000000000, -1.000000000000000000 ) ) ;
#1244 = EDGE_LOOP ( 'NONE', ( #2021, #214, #1543, #2328 ) ) ;
#1245 = EDGE_CURVE ( 'NONE', #745, #2001, #10, .T. ) ;
#1246 =( GEOMETRIC_REPRESENTATION_CONTEXT ( 3 ) GLOBAL_UNCERTAINTY_ASSIGNED_CONTEXT ( ( #1657 ) ) GLOBAL_UNIT_ASSIGNED_CONTEXT ( ( #1408, #2359, #1036 ) ) REPRESENTATION_CONTEXT ( 'NONE', 'WORKASPACE' ) );
#1247 = CARTESIAN_POINT ( 'NONE',  ( 4.225929459876659743E-15, 87.95500000000002672, 4.000000000000000000 ) ) ;
#1248 = CIRCLE ( 'NONE', #1514, 3.550000000000012257 ) ;
#1249 = ORIENTED_EDGE ( 'NONE', *, *, #1329, .T. ) ;
#1250 = FACE_BOUND ( 'NONE', #2197, .T. ) ;
#1251 = AXIS2_PLACEMENT_3D ( 'NONE', #1548, #1351, #422 ) ;
#1252 = CARTESIAN_POINT ( 'NONE',  ( -13.54999999999999893, 100.9174675727972783, 4.000000000000000000 ) ) ;
#1253 = EDGE_CURVE ( 'NONE', #1750, #1216, #1101, .T. ) ;
#1254 = EDGE_LOOP ( 'NONE', ( #531, #1256, #1700 ) ) ;
#1255 = PLANE ( 'NONE',  #1792 ) ;
#1256 = ORIENTED_EDGE ( 'NONE', *, *, #1541, .T. ) ;
#1257 = DATE_AND_TIME ( #671, #775 ) ;
#1258 = CARTESIAN_POINT ( 'NONE',  ( 24.90015137032918346, 109.7678571428571388, 0.000000000000000000 ) ) ;
#1259 = AXIS2_PLACEMENT_3D ( 'NONE', #2380, #370, #702 ) ;
#1260 = VERTEX_POINT ( 'NONE', #2007 ) ;
#1261 = AXIS2_PLACEMENT_3D ( 'NONE', #2320, #1031, #308 ) ;
#1262 = AXIS2_PLACEMENT_3D ( 'NONE', #343, #2390, #2172 ) ;
#1263 = DIRECTION ( 'NONE',  ( 0.000000000000000000, -0.000000000000000000, 1.000000000000000000 ) ) ;
#1264 = DIRECTION ( 'NONE',  ( 1.000000000000000000, 0.000000000000000000, 0.000000000000000000 ) ) ;
#1265 = CONICAL_SURFACE ( 'NONE', #219, 1.450000000000002176, 0.7853981633974359555 ) ;
#1266 = EDGE_CURVE ( 'NONE', #2358, #655, #916, .T. ) ;
#1267 = CARTESIAN_POINT ( 'NONE',  ( 13.55000000000000249, 100.9174675727972783, 0.4999999999999831246 ) ) ;
#1268 = ADVANCED_FACE ( 'NONE', ( #158 ), #389, .F. ) ;
#1269 = ORIENTED_EDGE ( 'NONE', *, *, #2046, .T. ) ;
#1270 = DIRECTION ( 'NONE',  ( -0.000000000000000000, -0.000000000000000000, -1.000000000000000000 ) ) ;
#1271 = LINE ( 'NONE', #1801, #91 ) ;
#1272 = ORIENTED_EDGE ( 'NONE', *, *, #1266, .F. ) ;
#1273 = VECTOR ( 'NONE', #27, 1000.000000000000114 ) ;
#1274 = CARTESIAN_POINT ( 'NONE',  ( 4.049999999999998046, 4.064984177347085896E-16, 0.000000000000000000 ) ) ;
#1275 = DIRECTION ( 'NONE',  ( -1.000000000000000000, 0.000000000000000000, 0.000000000000000000 ) ) ;
#1276 = EDGE_LOOP ( 'NONE', ( #2264, #2157, #344, #1136 ) ) ;
#1277 = DIRECTION ( 'NONE',  ( -1.000000000000000000, 0.000000000000000000, 0.000000000000000000 ) ) ;
#1278 = LINE ( 'NONE', #1065, #1753 ) ;
#1279 = DIRECTION ( 'NONE',  ( 0.000000000000000000, -0.000000000000000000, -1.000000000000000000 ) ) ;
#1280 = EDGE_LOOP ( 'NONE', ( #1525, #2006 ) ) ;
#1281 = CARTESIAN_POINT ( 'NONE',  ( -15.50000000000000000, 64.76808374630067533, 6.000000000000000000 ) ) ;
#1282 = ORIENTED_EDGE ( 'NONE', *, *, #2254, .F. ) ;
#1283 = APPROVAL_ROLE ( '' ) ;
#1284 = ADVANCED_FACE ( 'NONE', ( #221 ), #1946, .T. ) ;
#1285 = LINE ( 'NONE', #1594, #359 ) ;
#1286 = ORIENTED_EDGE ( 'NONE', *, *, #2008, .F. ) ;
#1287 = ORIENTED_EDGE ( 'NONE', *, *, #1768, .T. ) ;
#1288 = VECTOR ( 'NONE', #784, 1000.000000000000000 ) ;
#1289 = DIRECTION ( 'NONE',  ( -0.08928571428571437096, 0.9960060548131671743, 0.000000000000000000 ) ) ;
#1290 = AXIS2_PLACEMENT_3D ( 'NONE', #575, #1519, #2086 ) ;
#1291 = DIRECTION ( 'NONE',  ( 1.000000000000000000, 0.000000000000000000, 0.000000000000000000 ) ) ;
#1292 = EDGE_LOOP ( 'NONE', ( #2219, #2395, #591, #1621, #281, #2368, #387, #1732 ) ) ;
#1293 = AXIS2_PLACEMENT_3D ( 'NONE', #2191, #1081, #151 ) ;
#1294 = EDGE_CURVE ( 'NONE', #2030, #725, #1509, .T. ) ;
#1295 = DIRECTION ( 'NONE',  ( -0.000000000000000000, -0.000000000000000000, -1.000000000000000000 ) ) ;
#1296 = LINE ( 'NONE', #603, #2144 ) ;
#1297 = ORIENTED_EDGE ( 'NONE', *, *, #1470, .F. ) ;
#1298 = ADVANCED_FACE ( 'NONE', ( #1349 ), #613, .F. ) ;
#1299 = APPROVAL_DATE_TIME ( #1852, #2167 ) ;
#1300 = ADVANCED_FACE ( 'NONE', ( #795, #762 ), #2269, .T. ) ;
#1301 = CARTESIAN_POINT ( 'NONE',  ( -7.447342393662109927, 2.218802974600336153, -0.001000000000000132727 ) ) ;
#1302 = ORIENTED_EDGE ( 'NONE', *, *, #1148, .F. ) ;
#1303 = FACE_OUTER_BOUND ( 'NONE', #490, .T. ) ;
#1304 = CARTESIAN_POINT ( 'NONE',  ( -4.000000000000002665, 112.0000000000000000, 5.500000000000000000 ) ) ;
#1305 = LINE ( 'NONE', #893, #791 ) ;
#1306 = VERTEX_POINT ( 'NONE', #241 ) ;
#1307 = AXIS2_PLACEMENT_3D ( 'NONE', #1757, #431, #1371 ) ;
#1308 = LINE ( 'NONE', #2036, #441 ) ;
#1309 = ORIENTED_EDGE ( 'NONE', *, *, #273, .T. ) ;
#1310 = FACE_OUTER_BOUND ( 'NONE', #1051, .T. ) ;
#1311 = AXIS2_PLACEMENT_3D ( 'NONE', #1926, #95, #483 ) ;
#1312 = ORIENTED_EDGE ( 'NONE', *, *, #1819, .F. ) ;
#1313 = PRODUCT_DEFINITION ( 'UNKNOWN', '', #1943, #515 ) ;
#1314 = CARTESIAN_POINT ( 'NONE',  ( 9.493739424420205353, 112.0000000000000000, 7.000000000000000000 ) ) ;
#1315 = LINE ( 'NONE', #1596, #521 ) ;
#1316 = LINE ( 'NONE', #1544, #1527 ) ;
#1317 = ORIENTED_EDGE ( 'NONE', *, *, #1323, .T. ) ;
#1318 = EDGE_CURVE ( 'NONE', #1513, #1021, #1359, .T. ) ;
#1319 = DIRECTION ( 'NONE',  ( 0.08928571428571427382, 0.9960060548131671743, 0.000000000000000000 ) ) ;
#1320 = ORIENTED_EDGE ( 'NONE', *, *, #5, .F. ) ;
#1321 = DIRECTION ( 'NONE',  ( -0.000000000000000000, -0.000000000000000000, 1.000000000000000000 ) ) ;
#1322 = EDGE_LOOP ( 'NONE', ( #754, #192, #2048, #2330 ) ) ;
#1323 = EDGE_CURVE ( 'NONE', #2399, #984, #1511, .T. ) ;
#1324 = LINE ( 'NONE', #209, #1273 ) ;
#1325 = DIRECTION ( 'NONE',  ( 1.000000000000000000, 0.000000000000000000, -0.000000000000000000 ) ) ;
#1326 = VERTEX_POINT ( 'NONE', #2078 ) ;
#1327 = ORIENTED_EDGE ( 'NONE', *, *, #203, .T. ) ;
#1328 = VECTOR ( 'NONE', #497, 1000.000000000000000 ) ;
#1329 = EDGE_CURVE ( 'NONE', #13, #543, #975, .T. ) ;
#1330 = DIRECTION ( 'NONE',  ( -0.08928571428571435709, 0.9960060548131671743, 0.000000000000000000 ) ) ;
#1331 = CIRCLE ( 'NONE', #1867, 1.600000000000009415 ) ;
#1332 = ORIENTED_EDGE ( 'NONE', *, *, #607, .T. ) ;
#1333 = VECTOR ( 'NONE', #1221, 999.9999999999998863 ) ;
#1334 = CARTESIAN_POINT ( 'NONE',  ( 3.550000000000002043, 100.9174675727972783, 4.000000000000000000 ) ) ;
#1335 = ORIENTED_EDGE ( 'NONE', *, *, #430, .F. ) ;
#1336 = CARTESIAN_POINT ( 'NONE',  ( -3.549999999999999378, 100.9174675727972783, 4.000000000000000000 ) ) ;
#1337 = CARTESIAN_POINT ( 'NONE',  ( -5.521320093955839582E-15, 91.91500000000003467, 0.000000000000000000 ) ) ;
#1338 = ORIENTED_EDGE ( 'NONE', *, *, #1528, .F. ) ;
#1339 = DIRECTION ( 'NONE',  ( 1.000000000000000000, 0.000000000000000000, 0.000000000000000000 ) ) ;
#1340 = VECTOR ( 'NONE', #1044, 1000.000000000000000 ) ;
#1341 = EDGE_CURVE ( 'NONE', #984, #2341, #16, .T. ) ;
#1342 = CARTESIAN_POINT ( 'NONE',  ( -7.501357960453899132, 89.34977546334366139, 7.000000000000000000 ) ) ;
#1343 = CIRCLE ( 'NONE', #296, 9.500000000000015987 ) ;
#1344 = CIRCLE ( 'NONE', #1106, 8.004999999999983018 ) ;
#1345 = VERTEX_POINT ( 'NONE', #1866 ) ;
#1346 = CARTESIAN_POINT ( 'NONE',  ( -5.521320093955839582E-15, 91.91500000000003467, 0.000000000000000000 ) ) ;
#1347 = VERTEX_POINT ( 'NONE', #770 ) ;
#1348 = DIRECTION ( 'NONE',  ( -0.000000000000000000, 0.000000000000000000, 1.000000000000000000 ) ) ;
#1349 = FACE_OUTER_BOUND ( 'NONE', #1426, .T. ) ;
#1350 = ORIENTED_EDGE ( 'NONE', *, *, #1397, .F. ) ;
#1351 = DIRECTION ( 'NONE',  ( -0.000000000000000000, -0.000000000000000000, -1.000000000000000000 ) ) ;
#1352 = VERTEX_POINT ( 'NONE', #2236 ) ;
#1353 = CARTESIAN_POINT ( 'NONE',  ( -1.460351472855927223E-15, 112.0000000000000000, 4.000000000000000000 ) ) ;
#1354 = CARTESIAN_POINT ( 'NONE',  ( -1.460351472855927223E-15, 112.0000000000000000, 4.000000000000000000 ) ) ;
#1355 = ORIENTED_EDGE ( 'NONE', *, *, #417, .F. ) ;
#1356 = EDGE_CURVE ( 'NONE', #400, #1660, #409, .T. ) ;
#1357 = CARTESIAN_POINT ( 'NONE',  ( -6.011178813614780175E-15, 87.91500000000003467, 0.000000000000000000 ) ) ;
#1358 = LINE ( 'NONE', #457, #777 ) ;
#1359 = LINE ( 'NONE', #1699, #1206 ) ;
#1360 = ORIENTED_EDGE ( 'NONE', *, *, #1635, .F. ) ;
#1361 = DIRECTION ( 'NONE',  ( -0.000000000000000000, 0.000000000000000000, 1.000000000000000000 ) ) ;
#1362 = ORIENTED_EDGE ( 'NONE', *, *, #256, .T. ) ;
#1363 = CARTESIAN_POINT ( 'NONE',  ( -1.849999999999982103, 91.91500000000003467, 4.000000000000000000 ) ) ;
#1364 = EDGE_CURVE ( 'NONE', #1627, #1851, #1126, .T. ) ;
#1365 = AXIS2_PLACEMENT_3D ( 'NONE', #720, #503, #1462 ) ;
#1366 = LINE ( 'NONE', #286, #208 ) ;
#1367 = VECTOR ( 'NONE', #1542, 1000.000000000000000 ) ;
#1368 = EDGE_LOOP ( 'NONE', ( #1075, #76, #212, #1579 ) ) ;
#1369 = EDGE_CURVE ( 'NONE', #935, #576, #1786, .T. ) ;
#1370 = ADVANCED_FACE ( 'NONE', ( #230 ), #60, .T. ) ;
#1371 = DIRECTION ( 'NONE',  ( 1.000000000000000000, 0.000000000000000000, 0.000000000000000000 ) ) ;
#1372 = CARTESIAN_POINT ( 'NONE',  ( -7.505000000000001670, 112.0000000000000000, 4.000000000000000000 ) ) ;
#1373 = LINE ( 'NONE', #1955, #864 ) ;
#1374 = ORIENTED_EDGE ( 'NONE', *, *, #2334, .T. ) ;
#1375 = CARTESIAN_POINT ( 'NONE',  ( 1.849999999999971223, 91.91500000000003467, 4.000000000000000000 ) ) ;
#1376 = VERTEX_POINT ( 'NONE', #939 ) ;
#1377 = FACE_OUTER_BOUND ( 'NONE', #69, .T. ) ;
#1378 = CIRCLE ( 'NONE', #326, 4.000000000000000888 ) ;
#1379 = CONICAL_SURFACE ( 'NONE', #1686, 1.249999999999959588, 0.7853981633974369547 ) ;
#1380 = FACE_OUTER_BOUND ( 'NONE', #250, .T. ) ;
#1381 = AXIS2_PLACEMENT_3D ( 'NONE', #1198, #1173, #2060 ) ;
#1382 = EDGE_LOOP ( 'NONE', ( #207, #1838, #1907, #1918 ) ) ;
#1383 = FACE_OUTER_BOUND ( 'NONE', #1406, .T. ) ;
#1384 = FACE_OUTER_BOUND ( 'NONE', #2162, .T. ) ;
#1385 = DIRECTION ( 'NONE',  ( -0.000000000000000000, -0.000000000000000000, -1.000000000000000000 ) ) ;
#1386 = ORIENTED_EDGE ( 'NONE', *, *, #402, .T. ) ;
#1387 = DIRECTION ( 'NONE',  ( -0.000000000000000000, -0.000000000000000000, -1.000000000000000000 ) ) ;
#1388 = ORIENTED_EDGE ( 'NONE', *, *, #2084, .T. ) ;
#1389 = AXIS2_PLACEMENT_3D ( 'NONE', #1609, #2353, #157 ) ;
#1390 = CARTESIAN_POINT ( 'NONE',  ( -1.450000000000007505, 91.91500000000003467, 0.2000000000000469180 ) ) ;
#1391 = EDGE_CURVE ( 'NONE', #1814, #847, #590, .T. ) ;
#1392 = DIRECTION ( 'NONE',  ( -0.000000000000000000, -0.000000000000000000, -1.000000000000000000 ) ) ;
#1393 = ORIENTED_EDGE ( 'NONE', *, *, #2008, .T. ) ;
#1394 = CARTESIAN_POINT ( 'NONE',  ( 1.449999999999996625, 91.91500000000003467, 3.600000000000015632 ) ) ;
#1395 = CARTESIAN_POINT ( 'NONE',  ( 1.799999999999997158, 112.0000000000000000, 5.500000000000000000 ) ) ;
#1396 = DIRECTION ( 'NONE',  ( -1.000000000000000000, 0.000000000000000000, 0.000000000000000000 ) ) ;
#1397 = EDGE_CURVE ( 'NONE', #390, #246, #747, .T. ) ;
#1398 = ORIENTED_EDGE ( 'NONE', *, *, #1369, .T. ) ;
#1399 = CARTESIAN_POINT ( 'NONE',  ( -1.460351472855927223E-15, 112.0000000000000000, 3.500000000000000000 ) ) ;
#1400 = ORIENTED_EDGE ( 'NONE', *, *, #252, .T. ) ;
#1401 = CARTESIAN_POINT ( 'NONE',  ( -5.521320093955839582E-15, 91.91500000000003467, 0.000000000000000000 ) ) ;
#1402 = EDGE_CURVE ( 'NONE', #1345, #1035, #471, .T. ) ;
#1403 = EDGE_CURVE ( 'NONE', #1627, #1087, #1315, .T. ) ;
#1404 = AXIS2_PLACEMENT_3D ( 'NONE', #2245, #1175, #1152 ) ;
#1405 = FACE_BOUND ( 'NONE', #1448, .T. ) ;
#1406 = EDGE_LOOP ( 'NONE', ( #1504, #393, #1413, #690 ) ) ;
#1407 = AXIS2_PLACEMENT_3D ( 'NONE', #1991, #2196, #312 ) ;
#1408 =( LENGTH_UNIT ( ) NAMED_UNIT ( * ) SI_UNIT ( .MILLI., .METRE. ) );
#1409 = CARTESIAN_POINT ( 'NONE',  ( -10.32245236692260271, 3.075390764414115186, 4.000000000000000000 ) ) ;
#1410 = CIRCLE ( 'NONE', #1595, 1.450000000000002176 ) ;
#1411 = DIRECTION ( 'NONE',  ( -0.000000000000000000, 0.000000000000000000, 1.000000000000000000 ) ) ;
#1412 = AXIS2_PLACEMENT_3D ( 'NONE', #411, #921, #808 ) ;
#1413 = ORIENTED_EDGE ( 'NONE', *, *, #2081, .F. ) ;
#1414 = CARTESIAN_POINT ( 'NONE',  ( -5.521320093955839582E-15, 91.91500000000003467, 4.000000000000000000 ) ) ;
#1415 = FACE_BOUND ( 'NONE', #2295, .T. ) ;
#1416 = DIRECTION ( 'NONE',  ( 0.000000000000000000, 0.000000000000000000, 1.000000000000000000 ) ) ;
#1417 = CONICAL_SURFACE ( 'NONE', #2039, 1.249999999999959588, 0.7853981633974369547 ) ;
#1418 = ORIENTED_EDGE ( 'NONE', *, *, #758, .F. ) ;
#1419 = DIRECTION ( 'NONE',  ( 0.000000000000000000, 0.000000000000000000, 1.000000000000000000 ) ) ;
#1420 = FACE_OUTER_BOUND ( 'NONE', #1157, .T. ) ;
#1421 = ORIENTED_EDGE ( 'NONE', *, *, #78, .F. ) ;
#1422 = DIRECTION ( 'NONE',  ( 0.08928571428571430157, 0.9960060548131671743, 0.000000000000000000 ) ) ;
#1423 = DIRECTION ( 'NONE',  ( 1.000000000000000000, 0.000000000000000000, 0.000000000000000000 ) ) ;
#1424 = AXIS2_PLACEMENT_3D ( 'NONE', #1238, #533, #1277 ) ;
#1425 = CYLINDRICAL_SURFACE ( 'NONE', #1293, 9.493739424420207129 ) ;
#1426 = EDGE_LOOP ( 'NONE', ( #894, #658, #88, #1575 ) ) ;
#1427 = CARTESIAN_POINT ( 'NONE',  ( -1.460351472855927223E-15, 112.0000000000000000, 0.4999999999999831246 ) ) ;
#1428 = DIRECTION ( 'NONE',  ( 1.000000000000000000, 0.000000000000000000, 0.000000000000000000 ) ) ;
#1429 = EDGE_CURVE ( 'NONE', #906, #771, #2160, .T. ) ;
#1430 = PLANE ( 'NONE',  #144 ) ;
#1431 = CARTESIAN_POINT ( 'NONE',  ( 0.7499999999999942268, 87.91500000000003467, 0.000000000000000000 ) ) ;
#1432 = LINE ( 'NONE', #2364, #983 ) ;
#1433 = ORIENTED_EDGE ( 'NONE', *, *, #327, .T. ) ;
#1434 = CARTESIAN_POINT ( 'NONE',  ( -1.460351472855927223E-15, 112.0000000000000000, 4.000000000000000000 ) ) ;
#1435 = DIRECTION ( 'NONE',  ( -1.000000000000000000, 0.000000000000000000, 0.000000000000000000 ) ) ;
#1436 = VERTEX_POINT ( 'NONE', #277 ) ;
#1437 = DIRECTION ( 'NONE',  ( 1.000000000000000000, 0.000000000000000000, 0.000000000000000000 ) ) ;
#1438 = EDGE_CURVE ( 'NONE', #812, #2365, #1759, .T. ) ;
#1439 = ORIENTED_EDGE ( 'NONE', *, *, #1680, .F. ) ;
#1440 = EDGE_CURVE ( 'NONE', #700, #1436, #1039, .T. ) ;
#1441 = CARTESIAN_POINT ( 'NONE',  ( 5.724937745310816339, 7.999999999999994671, 4.000000000000000000 ) ) ;
#1442 = DIRECTION ( 'NONE',  ( -0.000000000000000000, -0.000000000000000000, 1.000000000000000000 ) ) ;
#1443 = AXIS2_PLACEMENT_3D ( 'NONE', #1906, #965, #1837 ) ;
#1444 = DIRECTION ( 'NONE',  ( -0.000000000000000000, 0.000000000000000000, 1.000000000000000000 ) ) ;
#1445 = ORIENTED_EDGE ( 'NONE', *, *, #417, .T. ) ;
#1446 = CARTESIAN_POINT ( 'NONE',  ( -6.011178813614780175E-15, 87.91500000000003467, 0.000000000000000000 ) ) ;
#1447 = LINE ( 'NONE', #527, #14 ) ;
#1448 = EDGE_LOOP ( 'NONE', ( #204, #1454 ) ) ;
#1449 = PERSON_AND_ORGANIZATION ( #2150, #849 ) ;
#1450 = CARTESIAN_POINT ( 'NONE',  ( -12.00000000000000000, 78.00000000000002842, -0.001000000000000132727 ) ) ;
#1451 = AXIS2_PLACEMENT_3D ( 'NONE', #446, #840, #1026 ) ;
#1452 = ORIENTED_EDGE ( 'NONE', *, *, #525, .T. ) ;
#1453 = VECTOR ( 'NONE', #439, 1000.000000000000000 ) ;
#1454 = ORIENTED_EDGE ( 'NONE', *, *, #2058, .T. ) ;
#1455 = CARTESIAN_POINT ( 'NONE',  ( -0.7500000000000057732, 91.91500000000003467, 0.000000000000000000 ) ) ;
#1456 = CARTESIAN_POINT ( 'NONE',  ( 6.448958890708480496, 16.07664977984298460, -0.001000000000000132727 ) ) ;
#1457 = ORIENTED_EDGE ( 'NONE', *, *, #1597, .T. ) ;
#1458 = EDGE_CURVE ( 'NONE', #1159, #1345, #494, .T. ) ;
#1459 = DIRECTION ( 'NONE',  ( -1.000000000000000000, 0.000000000000000000, 0.000000000000000000 ) ) ;
#1460 = DIRECTION ( 'NONE',  ( 1.000000000000000000, 0.000000000000000000, -0.000000000000000000 ) ) ;
#1461 = ORIENTED_EDGE ( 'NONE', *, *, #1573, .T. ) ;
#1462 = DIRECTION ( 'NONE',  ( -1.000000000000000000, 0.000000000000000000, 0.000000000000000000 ) ) ;
#1463 = ORIENTED_EDGE ( 'NONE', *, *, #1947, .F. ) ;
#1464 = ORIENTED_EDGE ( 'NONE', *, *, #1487, .T. ) ;
#1465 = FACE_OUTER_BOUND ( 'NONE', #914, .T. ) ;
#1466 = EDGE_CURVE ( 'NONE', #1750, #700, #2153, .T. ) ;
#1467 = CARTESIAN_POINT ( 'NONE',  ( -1.460351472855927223E-15, 112.0000000000000000, 0.000000000000000000 ) ) ;
#1468 = ORIENTED_EDGE ( 'NONE', *, *, #994, .T. ) ;
#1469 = EDGE_CURVE ( 'NONE', #745, #102, #1214, .T. ) ;
#1470 = EDGE_CURVE ( 'NONE', #2248, #264, #559, .T. ) ;
#1471 = CARTESIAN_POINT ( 'NONE',  ( 15.50000000000000000, 64.76808374630067533, 6.000000000000000000 ) ) ;
#1472 = DIRECTION ( 'NONE',  ( -0.000000000000000000, -0.000000000000000000, -1.000000000000000000 ) ) ;
#1473 = EDGE_LOOP ( 'NONE', ( #996, #347 ) ) ;
#1474 = COORDINATED_UNIVERSAL_TIME_OFFSET ( 3, 0, .BEHIND. ) ;
#1475 = DIRECTION ( 'NONE',  ( 0.000000000000000000, 0.000000000000000000, 1.000000000000000000 ) ) ;
#1476 = EDGE_LOOP ( 'NONE', ( #885, #2119, #565 ) ) ;
#1477 = EDGE_LOOP ( 'NONE', ( #1269, #1015 ) ) ;
#1478 = DIRECTION ( 'NONE',  ( -0.000000000000000000, 0.000000000000000000, 1.000000000000000000 ) ) ;
#1479 = CIRCLE ( 'NONE', #970, 8.004999999999983018 ) ;
#1480 = DIRECTION ( 'NONE',  ( -0.000000000000000000, -0.000000000000000000, 1.000000000000000000 ) ) ;
#1481 = ORIENTED_EDGE ( 'NONE', *, *, #1402, .F. ) ;
#1482 = ORIENTED_EDGE ( 'NONE', *, *, #256, .F. ) ;
#1483 = DIRECTION ( 'NONE',  ( -0.000000000000000000, -0.000000000000000000, -1.000000000000000000 ) ) ;
#1484 = VERTEX_POINT ( 'NONE', #1771 ) ;
#1485 = DIRECTION ( 'NONE',  ( -0.000000000000000000, -0.000000000000000000, -1.000000000000000000 ) ) ;
#1486 = ORIENTED_EDGE ( 'NONE', *, *, #1469, .T. ) ;
#1487 = EDGE_CURVE ( 'NONE', #1687, #2095, #98, .T. ) ;
#1488 = VECTOR ( 'NONE', #458, 999.9999999999998863 ) ;
#1489 = DIRECTION ( 'NONE',  ( 0.000000000000000000, 0.000000000000000000, 1.000000000000000000 ) ) ;
#1490 = CARTESIAN_POINT ( 'NONE',  ( -25.00000000000000000, 112.0000000000000000, 4.000000000000000000 ) ) ;
#1491 = DIRECTION ( 'NONE',  ( -0.000000000000000000, 0.000000000000000000, 1.000000000000000000 ) ) ;
#1492 = ORIENTED_EDGE ( 'NONE', *, *, #1132, .F. ) ;
#1493 = CIRCLE ( 'NONE', #1307, 1.600000000000012967 ) ;
#1494 = CARTESIAN_POINT ( 'NONE',  ( 3.550000000000002043, 100.9174675727972783, 4.000000000000000000 ) ) ;
#1495 = VERTEX_POINT ( 'NONE', #831 ) ;
#1496 = CARTESIAN_POINT ( 'NONE',  ( 0.7499999999999942268, 87.91500000000003467, 4.000000000000000000 ) ) ;
#1497 = AXIS2_PLACEMENT_3D ( 'NONE', #15, #1161, #578 ) ;
#1498 = ORIENTED_EDGE ( 'NONE', *, *, #500, .F. ) ;
#1499 = CYLINDRICAL_SURFACE ( 'NONE', #1925, 9.493739424420207129 ) ;
#1500 = CARTESIAN_POINT ( 'NONE',  ( -10.65276645548324197, 62.97124900303575856, -0.001000000000000132727 ) ) ;
#1501 = EDGE_CURVE ( 'NONE', #1882, #1099, #987, .T. ) ;
#1502 = ORIENTED_EDGE ( 'NONE', *, *, #1440, .F. ) ;
#1503 = CARTESIAN_POINT ( 'NONE',  ( 17.10000000000001208, 64.76808374630067533, 0.000000000000000000 ) ) ;
#1504 = ORIENTED_EDGE ( 'NONE', *, *, #1114, .T. ) ;
#1505 = PLANE ( 'NONE',  #662 ) ;
#1506 = ORIENTED_EDGE ( 'NONE', *, *, #317, .T. ) ;
#1507 = ADVANCED_FACE ( 'NONE', ( #1420 ), #1013, .T. ) ;
#1508 = CARTESIAN_POINT ( 'NONE',  ( 17.10000000000001208, 64.76808374630067533, 4.000000000000000000 ) ) ;
#1509 = LINE ( 'NONE', #951, #890 ) ;
#1510 = ADVANCED_FACE ( 'NONE', ( #1188 ), #1570, .F. ) ;
#1511 = CIRCLE ( 'NONE', #2067, 0.7500000000000002220 ) ;
#1512 = VECTOR ( 'NONE', #109, 1000.000000000000000 ) ;
#1513 = VERTEX_POINT ( 'NONE', #1237 ) ;
#1514 = AXIS2_PLACEMENT_3D ( 'NONE', #1629, #1791, #1437 ) ;
#1515 = DIRECTION ( 'NONE',  ( 0.000000000000000000, 0.000000000000000000, 1.000000000000000000 ) ) ;
#1516 = AXIS2_PLACEMENT_3D ( 'NONE', #235, #2297, #272 ) ;
#1517 = VERTEX_POINT ( 'NONE', #651 ) ;
#1518 = AXIS2_PLACEMENT_3D ( 'NONE', #394, #1896, #1659 ) ;
#1519 = DIRECTION ( 'NONE',  ( -0.000000000000000000, -0.000000000000000000, -1.000000000000000000 ) ) ;
#1520 = ORIENTED_EDGE ( 'NONE', *, *, #2334, .F. ) ;
#1521 = DIRECTION ( 'NONE',  ( -0.9960060548131672853, 0.08928571428571434321, 0.000000000000000000 ) ) ;
#1522 = DIRECTION ( 'NONE',  ( -0.000000000000000000, -0.000000000000000000, 1.000000000000000000 ) ) ;
#1523 = ORIENTED_EDGE ( 'NONE', *, *, #1571, .F. ) ;
#1524 = CIRCLE ( 'NONE', #941, 1.249999999999959588 ) ;
#1525 = ORIENTED_EDGE ( 'NONE', *, *, #1597, .F. ) ;
#1526 = DIRECTION ( 'NONE',  ( 0.08928571428571435709, -0.9960060548131671743, 0.000000000000000000 ) ) ;
#1527 = VECTOR ( 'NONE', #1912, 1000.000000000000000 ) ;
#1528 = EDGE_CURVE ( 'NONE', #1216, #481, #111, .T. ) ;
#1529 = FACE_BOUND ( 'NONE', #1473, .T. ) ;
#1530 = EDGE_LOOP ( 'NONE', ( #583, #355, #1916, #73 ) ) ;
#1531 = DIRECTION ( 'NONE',  ( 1.000000000000000000, 0.000000000000000000, 0.000000000000000000 ) ) ;
#1532 = CIRCLE ( 'NONE', #491, 9.493739424420207129 ) ;
#1533 = CARTESIAN_POINT ( 'NONE',  ( 24.90015137032918346, 109.7678571428571388, 4.000000000000000000 ) ) ;
#1534 = DIRECTION ( 'NONE',  ( 0.000000000000000000, 0.000000000000000000, 1.000000000000000000 ) ) ;
#1535 = ORIENTED_EDGE ( 'NONE', *, *, #452, .F. ) ;
#1536 = CARTESIAN_POINT ( 'NONE',  ( -1.450000000000007505, 91.91500000000003467, 3.600000000000015632 ) ) ;
#1537 = EDGE_CURVE ( 'NONE', #1484, #847, #1373, .T. ) ;
#1538 = ORIENTED_EDGE ( 'NONE', *, *, #2143, .F. ) ;
#1539 = CYLINDRICAL_SURFACE ( 'NONE', #249, 3.550000000000012257 ) ;
#1540 = ADVANCED_FACE ( 'NONE', ( #292 ), #2340, .F. ) ;
#1541 = EDGE_CURVE ( 'NONE', #771, #108, #484, .T. ) ;
#1542 = DIRECTION ( 'NONE',  ( -0.000000000000000000, -0.000000000000000000, 1.000000000000000000 ) ) ;
#1543 = ORIENTED_EDGE ( 'NONE', *, *, #2052, .F. ) ;
#1544 = CARTESIAN_POINT ( 'NONE',  ( -9.493739424420208906, 112.0000000000000000, 7.000000000000000000 ) ) ;
#1545 = CARTESIAN_POINT ( 'NONE',  ( -1.249999999999965139, 91.91500000000003467, 0.000000000000000000 ) ) ;
#1546 = DIRECTION ( 'NONE',  ( -1.000000000000000000, 0.000000000000000000, 0.000000000000000000 ) ) ;
#1547 = ORIENTED_EDGE ( 'NONE', *, *, #858, .F. ) ;
#1548 = CARTESIAN_POINT ( 'NONE',  ( 0.000000000000000000, 0.000000000000000000, 4.000000000000000000 ) ) ;
#1549 = VERTEX_POINT ( 'NONE', #2303 ) ;
#1550 = DIRECTION ( 'NONE',  ( -0.000000000000000000, 0.000000000000000000, 1.000000000000000000 ) ) ;
#1551 = AXIS2_PLACEMENT_3D ( 'NONE', #1162, #1138, #210 ) ;
#1552 = CYLINDRICAL_SURFACE ( 'NONE', #819, 4.000000000000000888 ) ;
#1553 = AXIS2_PLACEMENT_3D ( 'NONE', #1716, #982, #790 ) ;
#1554 = ORIENTED_EDGE ( 'NONE', *, *, #734, .T. ) ;
#1555 = LINE ( 'NONE', #1394, #1688 ) ;
#1556 = CARTESIAN_POINT ( 'NONE',  ( 3.999999999999999112, 112.0000000000000000, 3.500000000000000000 ) ) ;
#1557 = DIRECTION ( 'NONE',  ( -0.7071067811865453523, -1.182871554410755906E-16, 0.7071067811865496822 ) ) ;
#1558 = EDGE_CURVE ( 'NONE', #621, #655, #1764, .T. ) ;
#1559 = ORIENTED_EDGE ( 'NONE', *, *, #1114, .F. ) ;
#1560 = DIRECTION ( 'NONE',  ( -0.000000000000000000, -0.000000000000000000, 1.000000000000000000 ) ) ;
#1561 = ORIENTED_EDGE ( 'NONE', *, *, #1470, .T. ) ;
#1562 = LINE ( 'NONE', #1587, #1144 ) ;
#1563 = AXIS2_PLACEMENT_3D ( 'NONE', #463, #1775, #1195 ) ;
#1564 = ADVANCED_FACE ( 'NONE', ( #84 ), #1020, .F. ) ;
#1565 = FACE_BOUND ( 'NONE', #2214, .T. ) ;
#1566 = EDGE_CURVE ( 'NONE', #225, #2095, #680, .T. ) ;
#1567 = ORIENTED_EDGE ( 'NONE', *, *, #577, .F. ) ;
#1568 = DIRECTION ( 'NONE',  ( 0.000000000000000000, 0.000000000000000000, 1.000000000000000000 ) ) ;
#1569 = LINE ( 'NONE', #445, #817 ) ;
#1570 = PLANE ( 'NONE',  #1644 ) ;
#1571 = EDGE_CURVE ( 'NONE', #1436, #1216, #2190, .T. ) ;
#1572 = ORIENTED_EDGE ( 'NONE', *, *, #1356, .F. ) ;
#1573 = EDGE_CURVE ( 'NONE', #812, #906, #511, .T. ) ;
#1574 = FACE_OUTER_BOUND ( 'NONE', #2238, .T. ) ;
#1575 = ORIENTED_EDGE ( 'NONE', *, *, #2361, .T. ) ;
#1576 = CLOSED_SHELL ( 'NONE', ( #2262, #1038, #2200, #1928, #1189, #2014, #876, #1177, #284, #608, #1693, #681, #97, #1898, #1725, #1268, #2216, #329, #2230, #287, #1111, #425, #1540, #1191, #1933, #2331, #743, #1027, #1752, #1859, #1370, #1298, #211, #919, #1139, #1871, #1642, #1796, #751, #653, #1005, #349, #140, #180, #827, #361, #888, #38, #505, #216, #711, #714, #988, #781, #1887, #931, #75, #802, #226, #1300, #679, #107, #2123, #1510, #2392, #1564, #786, #1997, #706, #6, #244, #152, #1146, #1507, #1284, #1710, #1895, #2288 ) ) ;
#1577 = CARTESIAN_POINT ( 'NONE',  ( -1.460351472855927223E-15, 112.0000000000000000, 7.000000000000000000 ) ) ;
#1578 = CARTESIAN_POINT ( 'NONE',  ( -1.460351472855927223E-15, 112.0000000000000000, 3.500000000000000000 ) ) ;
#1579 = ORIENTED_EDGE ( 'NONE', *, *, #66, .T. ) ;
#1580 = LINE ( 'NONE', #1628, #1512 ) ;
#1581 = DIRECTION ( 'NONE',  ( -1.000000000000000000, 0.000000000000000000, 0.000000000000000000 ) ) ;
#1582 = DIRECTION ( 'NONE',  ( -0.000000000000000000, -0.000000000000000000, 1.000000000000000000 ) ) ;
#1583 = ORIENTED_EDGE ( 'NONE', *, *, #428, .T. ) ;
#1584 = CC_DESIGN_PERSON_AND_ORGANIZATION_ASSIGNMENT ( #848, #492, ( #1313 ) ) ;
#1585 = LINE ( 'NONE', #1202, #508 ) ;
#1586 = ORIENTED_EDGE ( 'NONE', *, *, #2156, .F. ) ;
#1587 = CARTESIAN_POINT ( 'NONE',  ( -5.724937745310796799, 8.000000000000008882, -0.001000000000000132727 ) ) ;
#1588 = AXIS2_PLACEMENT_3D ( 'NONE', #1274, #1022, #1965 ) ;
#1589 = CONICAL_SURFACE ( 'NONE', #2099, 1.450000000000002176, 0.7853981633974359555 ) ;
#1590 = CARTESIAN_POINT ( 'NONE',  ( -10.65276645548324197, 62.97124900303575856, 4.000000000000000000 ) ) ;
#1591 = EDGE_LOOP ( 'NONE', ( #855, #2317, #1697, #182 ) ) ;
#1592 = CONICAL_SURFACE ( 'NONE', #89, 8.004999999999983018, 0.7853981633974482790 ) ;
#1593 = APPLICATION_PROTOCOL_DEFINITION ( 'international standard', 'config_control_design', 1994, #964 ) ;
#1594 = CARTESIAN_POINT ( 'NONE',  ( -3.549999999999982503, -5.938557131515264664E-16, 0.4999999999999831246 ) ) ;
#1595 = AXIS2_PLACEMENT_3D ( 'NONE', #936, #744, #778 ) ;
#1596 = CARTESIAN_POINT ( 'NONE',  ( 12.00000000000001066, 78.00000000000001421, -0.001000000000000132727 ) ) ;
#1597 = EDGE_CURVE ( 'NONE', #448, #922, #1378, .T. ) ;
#1598 = VERTEX_POINT ( 'NONE', #128 ) ;
#1599 = CARTESIAN_POINT ( 'NONE',  ( 7.504999999999998117, 112.0000000000000000, 4.000000000000000000 ) ) ;
#1600 = DIRECTION ( 'NONE',  ( 0.2855292632712592704, -0.9583699910868306304, 0.000000000000000000 ) ) ;
#1601 = VECTOR ( 'NONE', #470, 1000.000000000000000 ) ;
#1602 = DIRECTION ( 'NONE',  ( -0.000000000000000000, -0.000000000000000000, 1.000000000000000000 ) ) ;
#1603 = EDGE_CURVE ( 'NONE', #1150, #335, #1800, .T. ) ;
#1604 = VECTOR ( 'NONE', #632, 1000.000000000000000 ) ;
#1605 = ORIENTED_EDGE ( 'NONE', *, *, #1980, .T. ) ;
#1606 = DATE_TIME_ROLE ( 'creation_date' ) ;
#1607 = AXIS2_PLACEMENT_3D ( 'NONE', #1623, #905, #1291 ) ;
#1608 = PLANE ( 'NONE',  #433 ) ;
#1609 = CARTESIAN_POINT ( 'NONE',  ( 10.32245236692259915, 3.075390764414112077, -0.001000000000000132727 ) ) ;
#1610 = DIRECTION ( 'NONE',  ( -1.000000000000000000, 0.000000000000000000, 0.000000000000000000 ) ) ;
#1611 = DIRECTION ( 'NONE',  ( -1.000000000000000000, 0.000000000000000000, 0.000000000000000000 ) ) ;
#1612 = EDGE_CURVE ( 'NONE', #13, #1613, #1765, .T. ) ;
#1613 = VERTEX_POINT ( 'NONE', #752 ) ;
#1614 = VECTOR ( 'NONE', #2268, 1000.000000000000114 ) ;
#1615 = DIRECTION ( 'NONE',  ( -0.000000000000000000, -0.000000000000000000, -1.000000000000000000 ) ) ;
#1616 = EDGE_CURVE ( 'NONE', #881, #1660, #596, .T. ) ;
#1617 = CARTESIAN_POINT ( 'NONE',  ( 14.94009082219750972, -1.339285714285713080, 4.000000000000000000 ) ) ;
#1618 = EDGE_CURVE ( 'NONE', #785, #1876, #176, .T. ) ;
#1619 = ORIENTED_EDGE ( 'NONE', *, *, #1974, .F. ) ;
#1620 = CARTESIAN_POINT ( 'NONE',  ( -15.50000000000000000, 64.76808374630067533, 4.000000000000000000 ) ) ;
#1621 = ORIENTED_EDGE ( 'NONE', *, *, #2037, .T. ) ;
#1622 = DIRECTION ( 'NONE',  ( -0.000000000000000000, 0.000000000000000000, 1.000000000000000000 ) ) ;
#1623 = CARTESIAN_POINT ( 'NONE',  ( -13.54999999999999893, 100.9174675727972783, 0.4999999999999831246 ) ) ;
#1624 = VERTEX_POINT ( 'NONE', #383 ) ;
#1625 = FACE_OUTER_BOUND ( 'NONE', #29, .T. ) ;
#1626 = FACE_BOUND ( 'NONE', #1704, .T. ) ;
#1627 = VERTEX_POINT ( 'NONE', #19 ) ;
#1628 = CARTESIAN_POINT ( 'NONE',  ( 8.673617379884035472E-16, 37.72237744992079200, -0.001000000000000132727 ) ) ;
#1629 = CARTESIAN_POINT ( 'NONE',  ( 4.225929459876659743E-15, 87.95500000000002672, 0.4999999999999831246 ) ) ;
#1630 = AXIS2_PLACEMENT_3D ( 'NONE', #1077, #1478, #1264 ) ;
#1631 = EDGE_LOOP ( 'NONE', ( #2054, #1803 ) ) ;
#1632 = AXIS2_PLACEMENT_3D ( 'NONE', #1346, #1149, #415 ) ;
#1633 = EDGE_LOOP ( 'NONE', ( #360, #1586, #731, #1463 ) ) ;
#1634 = FACE_BOUND ( 'NONE', #2379, .T. ) ;
#1635 = EDGE_CURVE ( 'NONE', #1739, #2177, #1960, .T. ) ;
#1636 = VECTOR ( 'NONE', #1234, 1000.000000000000000 ) ;
#1637 = CARTESIAN_POINT ( 'NONE',  ( 14.94009082219750972, -1.339285714285714413, 4.000000000000000000 ) ) ;
#1638 = EDGE_LOOP ( 'NONE', ( #384, #2131, #1873, #1421 ) ) ;
#1639 = DIRECTION ( 'NONE',  ( 0.2855292632712591039, 0.9583699910868307414, 0.000000000000000000 ) ) ;
#1640 = CARTESIAN_POINT ( 'NONE',  ( 3.550000000000002043, 100.9174675727972783, 0.4999999999999831246 ) ) ;
#1641 = ORIENTED_EDGE ( 'NONE', *, *, #2299, .F. ) ;
#1642 = ADVANCED_FACE ( 'NONE', ( #1069 ), #560, .F. ) ;
#1643 = CARTESIAN_POINT ( 'NONE',  ( -7.447342393662109927, 2.218802974600336153, 4.000000000000000000 ) ) ;
#1644 = AXIS2_PLACEMENT_3D ( 'NONE', #2316, #1557, #2147 ) ;
#1645 = ORIENTED_EDGE ( 'NONE', *, *, #860, .T. ) ;
#1646 = CIRCLE ( 'NONE', #598, 1.249999999999959588 ) ;
#1647 = VECTOR ( 'NONE', #689, 1000.000000000000114 ) ;
#1648 = PLANE ( 'NONE',  #1389 ) ;
#1649 = LINE ( 'NONE', #1994, #85 ) ;
#1650 = EDGE_CURVE ( 'NONE', #335, #1835, #1308, .T. ) ;
#1651 = DIRECTION ( 'NONE',  ( -0.000000000000000000, -0.000000000000000000, -1.000000000000000000 ) ) ;
#1652 = VERTEX_POINT ( 'NONE', #1494 ) ;
#1653 = CARTESIAN_POINT ( 'NONE',  ( -5.521320093955839582E-15, 91.91500000000003467, 0.000000000000000000 ) ) ;
#1654 = VECTOR ( 'NONE', #378, 1000.000000000000227 ) ;
#1655 = CYLINDRICAL_SURFACE ( 'NONE', #2372, 7.531438111449051398 ) ;
#1656 = EDGE_LOOP ( 'NONE', ( #115, #442, #2308, #1702 ) ) ;
#1657 = UNCERTAINTY_MEASURE_WITH_UNIT (LENGTH_MEASURE( 1.000000000000000082E-05 ), #1408, 'distance_accuracy_value', 'NONE');
#1658 = CALENDAR_DATE ( 2026, 14, 9 ) ;
#1659 = DIRECTION ( 'NONE',  ( -1.000000000000000000, 0.000000000000000000, 0.000000000000000000 ) ) ;
#1660 = VERTEX_POINT ( 'NONE', #333 ) ;
#1661 = DIRECTION ( 'NONE',  ( 0.000000000000000000, 0.000000000000000000, 1.000000000000000000 ) ) ;
#1662 = LINE ( 'NONE', #1455, #1865 ) ;
#1663 = LINE ( 'NONE', #1456, #1961 ) ;
#1664 = EDGE_CURVE ( 'NONE', #2124, #352, #58, .T. ) ;
#1665 = ORIENTED_EDGE ( 'NONE', *, *, #1356, .T. ) ;
#1666 = DIRECTION ( 'NONE',  ( -0.000000000000000000, 0.000000000000000000, 1.000000000000000000 ) ) ;
#1667 = DIRECTION ( 'NONE',  ( -0.9960060548131672853, 0.08928571428571427382, 0.000000000000000000 ) ) ;
#1668 = ORIENTED_EDGE ( 'NONE', *, *, #1329, .F. ) ;
#1669 = CARTESIAN_POINT ( 'NONE',  ( -4.967865995816452163, -0.4453381199528829160, -0.001000000000000132727 ) ) ;
#1670 = VERTEX_POINT ( 'NONE', #345 ) ;
#1671 = CIRCLE ( 'NONE', #2213, 1.450000000000002176 ) ;
#1672 = LINE ( 'NONE', #46, #1654 ) ;
#1673 = VECTOR ( 'NONE', #1816, 1000.000000000000000 ) ;
#1674 = DIRECTION ( 'NONE',  ( -1.000000000000000000, 1.060541168485527932E-15, 0.000000000000000000 ) ) ;
#1675 = EDGE_CURVE ( 'NONE', #1000, #1017, #550, .T. ) ;
#1676 = DIRECTION ( 'NONE',  ( -0.2855292632712592149, -0.9583699910868307414, 0.000000000000000000 ) ) ;
#1677 = ORIENTED_EDGE ( 'NONE', *, *, #2327, .F. ) ;
#1678 = CARTESIAN_POINT ( 'NONE',  ( 7.447342393662123250, 2.218802974600341482, 4.000000000000000000 ) ) ;
#1679 = ORIENTED_EDGE ( 'NONE', *, *, #1402, .T. ) ;
#1680 = EDGE_CURVE ( 'NONE', #231, #1975, #1180, .T. ) ;
#1681 = CARTESIAN_POINT ( 'NONE',  ( -1.460351472855927223E-15, 112.0000000000000000, 5.500000000000000000 ) ) ;
#1682 = ORIENTED_EDGE ( 'NONE', *, *, #2046, .F. ) ;
#1683 = AXIS2_PLACEMENT_3D ( 'NONE', #717, #909, #2012 ) ;
#1684 = DIRECTION ( 'NONE',  ( -1.000000000000000000, 0.000000000000000000, 0.000000000000000000 ) ) ;
#1685 = DIRECTION ( 'NONE',  ( 0.000000000000000000, 0.000000000000000000, -1.000000000000000000 ) ) ;
#1686 = AXIS2_PLACEMENT_3D ( 'NONE', #116, #299, #844 ) ;
#1687 = VERTEX_POINT ( 'NONE', #1080 ) ;
#1688 = VECTOR ( 'NONE', #985, 1000.000000000000000 ) ;
#1689 = ORIENTED_EDGE ( 'NONE', *, *, #2171, .F. ) ;
#1690 = DIRECTION ( 'NONE',  ( -0.000000000000000000, -0.000000000000000000, -1.000000000000000000 ) ) ;
#1691 = EDGE_LOOP ( 'NONE', ( #826, #1224, #218, #953 ) ) ;
#1692 = VECTOR ( 'NONE', #173, 1000.000000000000000 ) ;
#1693 = ADVANCED_FACE ( 'NONE', ( #1625 ), #2366, .F. ) ;
#1694 = PERSON_AND_ORGANIZATION ( #2150, #849 ) ;
#1695 = EDGE_CURVE ( 'NONE', #1709, #2312, #1524, .T. ) ;
#1696 = CARTESIAN_POINT ( 'NONE',  ( -5.724937745310796799, 8.000000000000008882, 4.000000000000000000 ) ) ;
#1697 = ORIENTED_EDGE ( 'NONE', *, *, #697, .F. ) ;
#1698 = FACE_OUTER_BOUND ( 'NONE', #1774, .T. ) ;
#1699 = CARTESIAN_POINT ( 'NONE',  ( -3.549999999999997158, 87.95500000000002672, 4.000000000000000000 ) ) ;
#1700 = ORIENTED_EDGE ( 'NONE', *, *, #1723, .T. ) ;
#1701 = DIRECTION ( 'NONE',  ( -0.000000000000000000, -0.000000000000000000, -1.000000000000000000 ) ) ;
#1702 = ORIENTED_EDGE ( 'NONE', *, *, #1793, .F. ) ;
#1703 = DIRECTION ( 'NONE',  ( -1.000000000000000000, 0.000000000000000000, 0.000000000000000000 ) ) ;
#1704 = EDGE_LOOP ( 'NONE', ( #948, #728 ) ) ;
#1705 = CARTESIAN_POINT ( 'NONE',  ( 9.455821949540997196, 111.1523446942482138, 7.000000000000000000 ) ) ;
#1706 = DIRECTION ( 'NONE',  ( -1.000000000000000000, 5.782411586589354681E-16, 0.000000000000000000 ) ) ;
#1707 = APPROVAL_PERSON_ORGANIZATION ( #1694, #2167, #1283 ) ;
#1708 = VECTOR ( 'NONE', #295, 1000.000000000000114 ) ;
#1709 = VERTEX_POINT ( 'NONE', #7 ) ;
#1710 = ADVANCED_FACE ( 'NONE', ( #1120 ), #1417, .T. ) ;
#1711 = DIRECTION ( 'NONE',  ( 1.000000000000000000, -1.060541168485527932E-15, 0.000000000000000000 ) ) ;
#1712 = ORIENTED_EDGE ( 'NONE', *, *, #1071, .F. ) ;
#1713 = LINE ( 'NONE', #1130, #253 ) ;
#1714 = AXIS2_PLACEMENT_3D ( 'NONE', #1135, #1853, #2053 ) ;
#1715 = AXIS2_PLACEMENT_3D ( 'NONE', #1917, #1361, #1339 ) ;
#1716 = CARTESIAN_POINT ( 'NONE',  ( -1.460351472855927223E-15, 112.0000000000000000, 7.000000000000000000 ) ) ;
#1717 = ORIENTED_EDGE ( 'NONE', *, *, #2260, .F. ) ;
#1718 = DIRECTION ( 'NONE',  ( 1.000000000000000000, 0.000000000000000000, 0.000000000000000000 ) ) ;
#1719 = EDGE_CURVE ( 'NONE', #131, #2223, #2211, .T. ) ;
#1720 = CARTESIAN_POINT ( 'NONE',  ( -1.249999999999965139, 91.91500000000003467, 0.000000000000000000 ) ) ;
#1721 = DIRECTION ( 'NONE',  ( -1.000000000000000000, 0.000000000000000000, 0.000000000000000000 ) ) ;
#1722 = VECTOR ( 'NONE', #2202, 1000.000000000000114 ) ;
#1723 = EDGE_CURVE ( 'NONE', #108, #906, #1107, .T. ) ;
#1724 = EDGE_LOOP ( 'NONE', ( #243, #1230, #1762 ) ) ;
#1725 = ADVANCED_FACE ( 'NONE', ( #2022 ), #726, .F. ) ;
#1726 = DIRECTION ( 'NONE',  ( -1.000000000000000000, 0.000000000000000000, 0.000000000000000000 ) ) ;
#1727 = VECTOR ( 'NONE', #1615, 1000.000000000000000 ) ;
#1728 = ORIENTED_EDGE ( 'NONE', *, *, #2373, .T. ) ;
#1729 = DIRECTION ( 'NONE',  ( -1.000000000000000000, 0.000000000000000000, 0.000000000000000000 ) ) ;
#1730 = AXIS2_PLACEMENT_3D ( 'NONE', #2120, #275, #1010 ) ;
#1731 = DIRECTION ( 'NONE',  ( 1.000000000000000000, 0.000000000000000000, 0.000000000000000000 ) ) ;
#1732 = ORIENTED_EDGE ( 'NONE', *, *, #1947, .T. ) ;
#1733 = CARTESIAN_POINT ( 'NONE',  ( 1.249999999999953593, 87.91500000000003467, 0.000000000000000000 ) ) ;
#1734 = AXIS2_PLACEMENT_3D ( 'NONE', #2244, #1348, #769 ) ;
#1735 = DIRECTION ( 'NONE',  ( -5.782411586589354681E-16, -1.000000000000000000, 0.000000000000000000 ) ) ;
#1736 = CARTESIAN_POINT ( 'NONE',  ( -1.450000000000008171, 87.91500000000003467, 3.600000000000015632 ) ) ;
#1737 = ORIENTED_EDGE ( 'NONE', *, *, #933, .F. ) ;
#1738 = FACE_OUTER_BOUND ( 'NONE', #971, .T. ) ;
#1739 = VERTEX_POINT ( 'NONE', #190 ) ;
#1740 = CC_DESIGN_PERSON_AND_ORGANIZATION_ASSIGNMENT ( #946, #757, ( #124 ) ) ;
#1741 = DIRECTION ( 'NONE',  ( -0.000000000000000000, -0.000000000000000000, -1.000000000000000000 ) ) ;
#1742 = DIRECTION ( 'NONE',  ( -0.000000000000000000, -0.000000000000000000, -1.000000000000000000 ) ) ;
#1743 = EDGE_CURVE ( 'NONE', #1150, #1021, #920, .T. ) ;
#1744 = ORIENTED_EDGE ( 'NONE', *, *, #2321, .T. ) ;
#1745 = LINE ( 'NONE', #2313, #1962 ) ;
#1746 = CYLINDRICAL_SURFACE ( 'NONE', #2050, 4.000000000000000888 ) ;
#1747 = DIRECTION ( 'NONE',  ( -1.000000000000000000, 0.000000000000000000, 0.000000000000000000 ) ) ;
#1748 = ORIENTED_EDGE ( 'NONE', *, *, #1186, .F. ) ;
#1749 = DIRECTION ( 'NONE',  ( 0.000000000000000000, 0.000000000000000000, 1.000000000000000000 ) ) ;
#1750 = VERTEX_POINT ( 'NONE', #201 ) ;
#1751 = LINE ( 'NONE', #1003, #2192 ) ;
#1752 = ADVANCED_FACE ( 'NONE', ( #2093 ), #1539, .F. ) ;
#1753 = VECTOR ( 'NONE', #185, 1000.000000000000000 ) ;
#1754 = FACE_OUTER_BOUND ( 'NONE', #62, .T. ) ;
#1755 = ORIENTED_EDGE ( 'NONE', *, *, #79, .F. ) ;
#1756 = EDGE_CURVE ( 'NONE', #1326, #2100, #979, .T. ) ;
#1757 = CARTESIAN_POINT ( 'NONE',  ( -15.50000000000000000, 64.76808374630067533, 4.000000000000000000 ) ) ;
#1758 = CYLINDRICAL_SURFACE ( 'NONE', #206, 7.504999999999999893 ) ;
#1759 = LINE ( 'NONE', #2326, #1488 ) ;
#1760 = ORIENTED_EDGE ( 'NONE', *, *, #430, .T. ) ;
#1761 = DIRECTION ( 'NONE',  ( 1.000000000000000000, 0.000000000000000000, 0.000000000000000000 ) ) ;
#1762 = ORIENTED_EDGE ( 'NONE', *, *, #1438, .T. ) ;
#1763 = CYLINDRICAL_SURFACE ( 'NONE', #907, 1.450000000000002176 ) ;
#1764 = CIRCLE ( 'NONE', #405, 0.7500000000000002220 ) ;
#1765 = LINE ( 'NONE', #1678, #1722 ) ;
#1766 = CARTESIAN_POINT ( 'NONE',  ( -10.32245236692260271, 3.075390764414115186, -0.001000000000000132727 ) ) ;
#1767 = VERTEX_POINT ( 'NONE', #1908 ) ;
#1768 = EDGE_CURVE ( 'NONE', #228, #448, #40, .T. ) ;
#1769 = COORDINATED_UNIVERSAL_TIME_OFFSET ( 3, 0, .BEHIND. ) ;
#1770 = CARTESIAN_POINT ( 'NONE',  ( 4.510281037539697183E-14, 78.00000000000001421, -0.001000000000000132727 ) ) ;
#1771 = CARTESIAN_POINT ( 'NONE',  ( -1.565157521573617760, 32.46897545947416575, 4.000000000000000000 ) ) ;
#1772 = EDGE_LOOP ( 'NONE', ( #2287, #189, #1737, #294 ) ) ;
#1773 = DIRECTION ( 'NONE',  ( -0.000000000000000000, -0.000000000000000000, -1.000000000000000000 ) ) ;
#1774 = EDGE_LOOP ( 'NONE', ( #2063, #798, #1831, #473 ) ) ;
#1775 = DIRECTION ( 'NONE',  ( 0.000000000000000000, -0.000000000000000000, -1.000000000000000000 ) ) ;
#1776 = PLANE ( 'NONE',  #1869 ) ;
#1777 = ORIENTED_EDGE ( 'NONE', *, *, #289, .F. ) ;
#1778 = PERSON_AND_ORGANIZATION_ROLE ( 'design_owner' ) ;
#1779 = CARTESIAN_POINT ( 'NONE',  ( -6.448958890708468061, 16.07664977984303434, 0.000000000000000000 ) ) ;
#1780 = CARTESIAN_POINT ( 'NONE',  ( -6.011178813614780175E-15, 87.91500000000003467, 0.2000000000000469180 ) ) ;
#1781 = EDGE_LOOP ( 'NONE', ( #223, #1956, #86, #1355 ) ) ;
#1782 = CYLINDRICAL_SURFACE ( 'NONE', #584, 0.7500000000000002220 ) ;
#1783 = DIRECTION ( 'NONE',  ( 1.000000000000000000, 0.000000000000000000, 0.000000000000000000 ) ) ;
#1784 = EDGE_CURVE ( 'NONE', #177, #1376, #1802, .T. ) ;
#1785 = CARTESIAN_POINT ( 'NONE',  ( -6.011178813614780175E-15, 87.91500000000003467, 3.600000000000015632 ) ) ;
#1786 = CIRCLE ( 'NONE', #1551, 15.00000000000000000 ) ;
#1787 = CARTESIAN_POINT ( 'NONE',  ( -5.724937745310796799, 8.000000000000010658, 0.000000000000000000 ) ) ;
#1788 = EDGE_LOOP ( 'NONE', ( #1861, #1386, #1140, #1583 ) ) ;
#1789 = CIRCLE ( 'NONE', #740, 1.849999999999976552 ) ;
#1790 = CARTESIAN_POINT ( 'NONE',  ( 0.7499999999999942268, 87.91500000000003467, 0.000000000000000000 ) ) ;
#1791 = DIRECTION ( 'NONE',  ( -0.000000000000000000, -0.000000000000000000, -1.000000000000000000 ) ) ;
#1792 = AXIS2_PLACEMENT_3D ( 'NONE', #1070, #2367, #704 ) ;
#1793 = EDGE_CURVE ( 'NONE', #35, #629, #1713, .T. ) ;
#1794 = ORIENTED_EDGE ( 'NONE', *, *, #459, .T. ) ;
#1795 = DIRECTION ( 'NONE',  ( -1.000000000000000000, 0.000000000000000000, 0.000000000000000000 ) ) ;
#1796 = ADVANCED_FACE ( 'NONE', ( #261 ), #2296, .F. ) ;
#1797 = LINE ( 'NONE', #2164, #1604 ) ;
#1798 = EDGE_CURVE ( 'NONE', #496, #1352, #2000, .T. ) ;
#1799 = DIRECTION ( 'NONE',  ( -0.000000000000000000, -0.000000000000000000, -1.000000000000000000 ) ) ;
#1800 = CIRCLE ( 'NONE', #2267, 4.049999999999998934 ) ;
#1801 = CARTESIAN_POINT ( 'NONE',  ( -6.448958890708468061, 16.07664977984303434, -0.001000000000000132727 ) ) ;
#1802 = CIRCLE ( 'NONE', #101, 1.600000000000011191 ) ;
#1803 = ORIENTED_EDGE ( 'NONE', *, *, #845, .T. ) ;
#1804 = CARTESIAN_POINT ( 'NONE',  ( -5.521320093955839582E-15, 91.91500000000003467, 3.600000000000015632 ) ) ;
#1805 = CARTESIAN_POINT ( 'NONE',  ( -5.521320093955839582E-15, 91.91500000000003467, 4.000000000000000000 ) ) ;
#1806 = CARTESIAN_POINT ( 'NONE',  ( -1.460351472855927223E-15, 112.0000000000000000, 7.000000000000000000 ) ) ;
#1807 = DIRECTION ( 'NONE',  ( 1.000000000000000000, 0.000000000000000000, 0.000000000000000000 ) ) ;
#1808 = ORIENTED_EDGE ( 'NONE', *, *, #1082, .F. ) ;
#1809 = DIRECTION ( 'NONE',  ( 0.000000000000000000, 0.000000000000000000, -1.000000000000000000 ) ) ;
#1810 = DIRECTION ( 'NONE',  ( 0.000000000000000000, 0.000000000000000000, 1.000000000000000000 ) ) ;
#1811 = ORIENTED_EDGE ( 'NONE', *, *, #1052, .T. ) ;
#1812 = EDGE_CURVE ( 'NONE', #1739, #1352, #1143, .T. ) ;
#1813 = CARTESIAN_POINT ( 'NONE',  ( 0.000000000000000000, 0.000000000000000000, 4.000000000000000000 ) ) ;
#1814 = VERTEX_POINT ( 'NONE', #774 ) ;
#1815 = CARTESIAN_POINT ( 'NONE',  ( 3.550000000000002043, 100.9174675727972783, 0.4999999999999831246 ) ) ;
#1816 = DIRECTION ( 'NONE',  ( -0.000000000000000000, -0.000000000000000000, 1.000000000000000000 ) ) ;
#1817 = CARTESIAN_POINT ( 'NONE',  ( -1.460351472855927223E-15, 112.0000000000000000, 4.000000000000000000 ) ) ;
#1818 = ORIENTED_EDGE ( 'NONE', *, *, #860, .F. ) ;
#1819 = EDGE_CURVE ( 'NONE', #792, #2341, #331, .T. ) ;
#1820 = CARTESIAN_POINT ( 'NONE',  ( -7.447342393662109927, 2.218802974600336153, 4.000000000000000000 ) ) ;
#1821 = DIRECTION ( 'NONE',  ( -0.2855292632712592704, 0.9583699910868306304, 0.000000000000000000 ) ) ;
#1822 = EDGE_LOOP ( 'NONE', ( #462, #376, #160, #684 ) ) ;
#1823 = CIRCLE ( 'NONE', #968, 4.000000000000000888 ) ;
#1824 = LOCAL_TIME ( 10, 32, 37.00000000000000000, #1122 ) ;
#1825 = EDGE_CURVE ( 'NONE', #102, #1352, #954, .T. ) ;
#1826 = DIRECTION ( 'NONE',  ( -0.000000000000000000, 0.000000000000000000, 1.000000000000000000 ) ) ;
#1827 = VECTOR ( 'NONE', #1025, 1000.000000000000000 ) ;
#1828 = ORIENTED_EDGE ( 'NONE', *, *, #2152, .T. ) ;
#1829 = EDGE_CURVE ( 'NONE', #2177, #1153, #1893, .T. ) ;
#1830 = AXIS2_PLACEMENT_3D ( 'NONE', #1766, #92, #1950 ) ;
#1831 = ORIENTED_EDGE ( 'NONE', *, *, #1920, .F. ) ;
#1832 = FACE_OUTER_BOUND ( 'NONE', #310, .T. ) ;
#1833 = CIRCLE ( 'NONE', #1412, 7.504999999999999893 ) ;
#1834 = DIRECTION ( 'NONE',  ( -0.000000000000000000, -0.000000000000000000, 1.000000000000000000 ) ) ;
#1835 = VERTEX_POINT ( 'NONE', #2062 ) ;
#1836 = CARTESIAN_POINT ( 'NONE',  ( 0.000000000000000000, 0.000000000000000000, 0.000000000000000000 ) ) ;
#1837 = DIRECTION ( 'NONE',  ( 1.000000000000000000, 0.000000000000000000, 0.000000000000000000 ) ) ;
#1838 = ORIENTED_EDGE ( 'NONE', *, *, #2156, .T. ) ;
#1839 = DATE_AND_TIME ( #2204, #736 ) ;
#1840 = CARTESIAN_POINT ( 'NONE',  ( 9.493739424420205353, 112.0000000000000000, 4.000000000000000000 ) ) ;
#1841 = VECTOR ( 'NONE', #1270, 1000.000000000000000 ) ;
#1842 = VERTEX_POINT ( 'NONE', #1363 ) ;
#1843 = APPROVAL ( #2195, 'UNSPECIFIED' ) ;
#1844 = AXIS2_PLACEMENT_3D ( 'NONE', #1847, #1651, #917 ) ;
#1845 = CARTESIAN_POINT ( 'NONE',  ( -15.50000000000000000, 64.76808374630067533, 0.000000000000000000 ) ) ;
#1846 = CARTESIAN_POINT ( 'NONE',  ( -1.450000000000008171, 87.91500000000003467, 0.000000000000000000 ) ) ;
#1847 = CARTESIAN_POINT ( 'NONE',  ( -1.460351472855927223E-15, 112.0000000000000000, 0.4999999999999831246 ) ) ;
#1848 = ORIENTED_EDGE ( 'NONE', *, *, #1040, .F. ) ;
#1849 = DIRECTION ( 'NONE',  ( -1.000000000000000000, 0.000000000000000000, 0.000000000000000000 ) ) ;
#1850 = LINE ( 'NONE', #910, #1095 ) ;
#1851 = VERTEX_POINT ( 'NONE', #392 ) ;
#1852 = DATE_AND_TIME ( #1874, #1824 ) ;
#1853 = DIRECTION ( 'NONE',  ( -0.000000000000000000, 0.000000000000000000, 1.000000000000000000 ) ) ;
#1854 = ORIENTED_EDGE ( 'NONE', *, *, #994, .F. ) ;
#1855 = CARTESIAN_POINT ( 'NONE',  ( -1.460351472855927223E-15, 112.0000000000000000, 7.000000000000000000 ) ) ;
#1856 = CARTESIAN_POINT ( 'NONE',  ( -1.450000000000008171, 87.91500000000003467, 3.600000000000015632 ) ) ;
#1857 = CARTESIAN_POINT ( 'NONE',  ( 1.249999999999954259, 91.91500000000003467, 0.000000000000000000 ) ) ;
#1858 = ORIENTED_EDGE ( 'NONE', *, *, #1968, .F. ) ;
#1859 = ADVANCED_FACE ( 'NONE', ( #247 ), #2104, .F. ) ;
#1860 = DIRECTION ( 'NONE',  ( 0.7071067811865496822, 0.000000000000000000, 0.7071067811865453523 ) ) ;
#1861 = ORIENTED_EDGE ( 'NONE', *, *, #933, .T. ) ;
#1862 = DIRECTION ( 'NONE',  ( -1.000000000000000000, 0.000000000000000000, 0.000000000000000000 ) ) ;
#1863 = ORIENTED_EDGE ( 'NONE', *, *, #1102, .F. ) ;
#1864 = DIRECTION ( 'NONE',  ( 1.672832994793040529E-16, -1.000000000000000000, 0.000000000000000000 ) ) ;
#1865 = VECTOR ( 'NONE', #1089, 1000.000000000000000 ) ;
#1866 = CARTESIAN_POINT ( 'NONE',  ( -4.000000000000002665, 112.0000000000000000, 7.000000000000000000 ) ) ;
#1867 = AXIS2_PLACEMENT_3D ( 'NONE', #597, #957, #1862 ) ;
#1868 = ORIENTED_EDGE ( 'NONE', *, *, #2072, .F. ) ;
#1869 = AXIS2_PLACEMENT_3D ( 'NONE', #117, #539, #2382 ) ;
#1870 = EDGE_CURVE ( 'NONE', #231, #306, #2249, .T. ) ;
#1871 = ADVANCED_FACE ( 'NONE', ( #1179 ), #1872, .T. ) ;
#1872 = CYLINDRICAL_SURFACE ( 'NONE', #444, 15.00000000000000000 ) ;
#1873 = ORIENTED_EDGE ( 'NONE', *, *, #2055, .F. ) ;
#1874 = CALENDAR_DATE ( 2026, 14, 9 ) ;
#1875 = DIRECTION ( 'NONE',  ( 0.08928571428571441260, -0.9960060548131671743, 0.000000000000000000 ) ) ;
#1876 = VERTEX_POINT ( 'NONE', #1503 ) ;
#1877 = VECTOR ( 'NONE', #626, 1000.000000000000000 ) ;
#1878 = CYLINDRICAL_SURFACE ( 'NONE', #799, 10.00000000000000178 ) ;
#1879 = DIRECTION ( 'NONE',  ( 0.000000000000000000, 0.000000000000000000, 1.000000000000000000 ) ) ;
#1880 = CONICAL_SURFACE ( 'NONE', #2114, 1.450000000000002176, 0.7853981633974359555 ) ;
#1881 = VECTOR ( 'NONE', #1600, 1000.000000000000000 ) ;
#1882 = VERTEX_POINT ( 'NONE', #1167 ) ;
#1883 = PLANE ( 'NONE',  #2041 ) ;
#1884 = ORIENTED_EDGE ( 'NONE', *, *, #2375, .T. ) ;
#1885 = CARTESIAN_POINT ( 'NONE',  ( 5.809354470151387950, 107.2485343692569870, 0.4999999999999831246 ) ) ;
#1886 = EDGE_LOOP ( 'NONE', ( #134, #1109 ) ) ;
#1887 = ADVANCED_FACE ( 'NONE', ( #582 ), #1883, .T. ) ;
#1888 = PLANE ( 'NONE',  #1073 ) ;
#1889 = CARTESIAN_POINT ( 'NONE',  ( 4.510281037539697183E-14, 78.00000000000001421, 0.000000000000000000 ) ) ;
#1890 = EDGE_LOOP ( 'NONE', ( #1433, #321, #898, #2035 ) ) ;
#1891 = PLANE ( 'NONE',  #52 ) ;
#1892 = EDGE_LOOP ( 'NONE', ( #1008, #1128, #1218, #918 ) ) ;
#1893 = LINE ( 'NONE', #617, #2232 ) ;
#1894 = ORIENTED_EDGE ( 'NONE', *, *, #962, .F. ) ;
#1895 = ADVANCED_FACE ( 'NONE', ( #2275 ), #1880, .T. ) ;
#1896 = DIRECTION ( 'NONE',  ( -0.000000000000000000, -0.000000000000000000, -1.000000000000000000 ) ) ;
#1897 = ORIENTED_EDGE ( 'NONE', *, *, #1566, .T. ) ;
#1898 = ADVANCED_FACE ( 'NONE', ( #666 ), #2343, .T. ) ;
#1899 = EDGE_CURVE ( 'NONE', #2210, #1670, #1797, .T. ) ;
#1900 = FACE_OUTER_BOUND ( 'NONE', #169, .T. ) ;
#1901 = DIRECTION ( 'NONE',  ( 0.7071067811865388020, 0.000000000000000000, 0.7071067811865563435 ) ) ;
#1902 = CARTESIAN_POINT ( 'NONE',  ( -1.460351472855927223E-15, 112.0000000000000000, 4.000000000000000000 ) ) ;
#1903 = CIRCLE ( 'NONE', #929, 7.504999999999999893 ) ;
#1904 = VECTOR ( 'NONE', #2221, 1000.000000000000000 ) ;
#1905 = ORIENTED_EDGE ( 'NONE', *, *, #33, .F. ) ;
#1906 = CARTESIAN_POINT ( 'NONE',  ( 13.55000000000000249, 100.9174675727972783, 0.4999999999999831246 ) ) ;
#1907 = ORIENTED_EDGE ( 'NONE', *, *, #1294, .F. ) ;
#1908 = CARTESIAN_POINT ( 'NONE',  ( -6.448958890708468061, 16.07664977984303434, 4.000000000000000000 ) ) ;
#1909 = AXIS2_PLACEMENT_3D ( 'NONE', #2336, #1243, #1045 ) ;
#1910 = CARTESIAN_POINT ( 'NONE',  ( 0.000000000000000000, 0.000000000000000000, 0.000000000000000000 ) ) ;
#1911 = ORIENTED_EDGE ( 'NONE', *, *, #2299, .T. ) ;
#1912 = DIRECTION ( 'NONE',  ( -0.000000000000000000, -0.000000000000000000, -1.000000000000000000 ) ) ;
#1913 = CARTESIAN_POINT ( 'NONE',  ( -14.94009082219750439, -1.339285714285713080, 0.000000000000000000 ) ) ;
#1914 = DIRECTION ( 'NONE',  ( -0.000000000000000000, -0.000000000000000000, -1.000000000000000000 ) ) ;
#1915 = AXIS2_PLACEMENT_3D ( 'NONE', #96, #1411, #673 ) ;
#1916 = ORIENTED_EDGE ( 'NONE', *, *, #882, .F. ) ;
#1917 = CARTESIAN_POINT ( 'NONE',  ( 0.000000000000000000, 0.000000000000000000, 4.000000000000000000 ) ) ;
#1918 = ORIENTED_EDGE ( 'NONE', *, *, #2112, .T. ) ;
#1919 = CARTESIAN_POINT ( 'NONE',  ( 4.225929459876659743E-15, 87.95500000000002672, 4.000000000000000000 ) ) ;
#1920 = EDGE_CURVE ( 'NONE', #1851, #270, #1751, .T. ) ;
#1921 = AXIS2_PLACEMENT_3D ( 'NONE', #290, #82, #793 ) ;
#1922 = FACE_OUTER_BOUND ( 'NONE', #705, .T. ) ;
#1923 = ORIENTED_EDGE ( 'NONE', *, *, #814, .F. ) ;
#1924 = FACE_OUTER_BOUND ( 'NONE', #2080, .T. ) ;
#1925 = AXIS2_PLACEMENT_3D ( 'NONE', #1855, #566, #600 ) ;
#1926 = CARTESIAN_POINT ( 'NONE',  ( -6.011178813614780175E-15, 87.91500000000003467, 0.000000000000000000 ) ) ;
#1927 = DIRECTION ( 'NONE',  ( -0.2855292632712592704, 0.9583699910868306304, 0.000000000000000000 ) ) ;
#1928 = ADVANCED_FACE ( 'NONE', ( #1377 ), #1379, .T. ) ;
#1929 = ORIENTED_EDGE ( 'NONE', *, *, #2300, .T. ) ;
#1930 = LINE ( 'NONE', #100, #2026 ) ;
#1931 = ORIENTED_EDGE ( 'NONE', *, *, #1141, .T. ) ;
#1932 = DIRECTION ( 'NONE',  ( 0.000000000000000000, -0.000000000000000000, 1.000000000000000000 ) ) ;
#1933 = ADVANCED_FACE ( 'NONE', ( #2116, #451, #90, #126, #1241, #823, #1415, #2128, #1232 ), #678, .F. ) ;
#1934 = CARTESIAN_POINT ( 'NONE',  ( 6.196386746643807619, 106.9319810294340130, 0.000000000000000000 ) ) ;
#1935 = ORIENTED_EDGE ( 'NONE', *, *, #1266, .T. ) ;
#1936 = PLANE ( 'NONE',  #1730 ) ;
#1937 = DIRECTION ( 'NONE',  ( -0.000000000000000000, -0.000000000000000000, -1.000000000000000000 ) ) ;
#1938 = DIRECTION ( 'NONE',  ( 0.000000000000000000, 0.000000000000000000, 1.000000000000000000 ) ) ;
#1939 = ORIENTED_EDGE ( 'NONE', *, *, #504, .F. ) ;
#1940 = DIRECTION ( 'NONE',  ( 0.000000000000000000, 0.000000000000000000, 1.000000000000000000 ) ) ;
#1941 = ORIENTED_EDGE ( 'NONE', *, *, #2349, .F. ) ;
#1942 = CIRCLE ( 'NONE', #1630, 7.504999999999999893 ) ;
#1943 = PRODUCT_DEFINITION_FORMATION_WITH_SPECIFIED_SOURCE ( 'ANY', '', #194, .NOT_KNOWN. ) ;
#1944 = LINE ( 'NONE', #1018, #2384 ) ;
#1945 = EDGE_CURVE ( 'NONE', #865, #543, #1562, .T. ) ;
#1946 = CONICAL_SURFACE ( 'NONE', #892, 1.249999999999959588, 0.7853981633974369547 ) ;
#1947 = EDGE_CURVE ( 'NONE', #1549, #64, #716, .T. ) ;
#1948 = DIRECTION ( 'NONE',  ( -1.000000000000000000, 0.000000000000000000, 0.000000000000000000 ) ) ;
#1949 = VECTOR ( 'NONE', #291, 1000.000000000000000 ) ;
#1950 = DIRECTION ( 'NONE',  ( 0.2855292632712592149, 0.9583699910868307414, 0.000000000000000000 ) ) ;
#1951 = CIRCLE ( 'NONE', #1443, 10.00000000000000178 ) ;
#1952 = VERTEX_POINT ( 'NONE', #1983 ) ;
#1953 = FACE_OUTER_BOUND ( 'NONE', #200, .T. ) ;
#1954 = PLANE ( 'NONE',  #395 ) ;
#1955 = CARTESIAN_POINT ( 'NONE',  ( 7.447342393662123250, 2.218802974600341482, 4.000000000000000000 ) ) ;
#1956 = ORIENTED_EDGE ( 'NONE', *, *, #927, .T. ) ;
#1957 = DIRECTION ( 'NONE',  ( 1.003699796875824194E-16, -1.000000000000000000, 0.000000000000000000 ) ) ;
#1958 = ORIENTED_EDGE ( 'NONE', *, *, #2081, .T. ) ;
#1959 = CARTESIAN_POINT ( 'NONE',  ( -6.011178813614780175E-15, 87.91500000000003467, 0.000000000000000000 ) ) ;
#1960 = CIRCLE ( 'NONE', #136, 7.531438111449051398 ) ;
#1961 = VECTOR ( 'NONE', #1834, 1000.000000000000000 ) ;
#1962 = VECTOR ( 'NONE', #748, 1000.000000000000000 ) ;
#1963 = FACE_OUTER_BOUND ( 'NONE', #803, .T. ) ;
#1964 = VERTEX_POINT ( 'NONE', #1390 ) ;
#1965 = DIRECTION ( 'NONE',  ( 1.003699796875824194E-16, -1.000000000000000000, 0.000000000000000000 ) ) ;
#1966 = FACE_OUTER_BOUND ( 'NONE', #1083, .T. ) ;
#1967 = CARTESIAN_POINT ( 'NONE',  ( 10.32245236692259915, 3.075390764414112077, 4.000000000000000000 ) ) ;
#1968 = EDGE_CURVE ( 'NONE', #1624, #1598, #2079, .T. ) ;
#1969 = CIRCLE ( 'NONE', #1734, 7.504999999999999893 ) ;
#1970 = VERTEX_POINT ( 'NONE', #2139 ) ;
#1971 = DIRECTION ( 'NONE',  ( -1.000000000000000000, -1.003699796875824194E-16, 0.000000000000000000 ) ) ;
#1972 = DIRECTION ( 'NONE',  ( -0.000000000000000000, -0.000000000000000000, -1.000000000000000000 ) ) ;
#1973 = CARTESIAN_POINT ( 'NONE',  ( -0.7500000000000057732, 91.91500000000003467, 4.000000000000000000 ) ) ;
#1974 = EDGE_CURVE ( 'NONE', #1964, #436, #1944, .T. ) ;
#1975 = VERTEX_POINT ( 'NONE', #656 ) ;
#1976 = COORDINATED_UNIVERSAL_TIME_OFFSET ( 3, 0, .BEHIND. ) ;
#1977 = FACE_OUTER_BOUND ( 'NONE', #989, .T. ) ;
#1978 = EDGE_CURVE ( 'NONE', #642, #812, #488, .T. ) ;
#1979 = DIRECTION ( 'NONE',  ( -0.08928571428571432933, -0.9960060548131671743, 0.000000000000000000 ) ) ;
#1980 = EDGE_CURVE ( 'NONE', #177, #1876, #2151, .T. ) ;
#1981 = DIRECTION ( 'NONE',  ( -0.000000000000000000, -0.000000000000000000, -1.000000000000000000 ) ) ;
#1982 = CARTESIAN_POINT ( 'NONE',  ( 2.000000000000000000, 2.449293598294706414E-16, 0.000000000000000000 ) ) ;
#1983 = CARTESIAN_POINT ( 'NONE',  ( 5.809354470151385286, 107.2485343692569870, 4.000000000000000000 ) ) ;
#1984 = CIRCLE ( 'NONE', #1127, 9.493739424420207129 ) ;
#1985 = DIRECTION ( 'NONE',  ( 1.000000000000000000, 0.000000000000000000, 0.000000000000000000 ) ) ;
#1986 = AXIS2_PLACEMENT_3D ( 'NONE', #314, #474, #1610 ) ;
#1987 = CARTESIAN_POINT ( 'NONE',  ( -5.521320093955839582E-15, 91.91500000000003467, 0.000000000000000000 ) ) ;
#1988 = ORIENTED_EDGE ( 'NONE', *, *, #1318, .T. ) ;
#1989 = AXIS2_PLACEMENT_3D ( 'NONE', #181, #2339, #672 ) ;
#1990 = DIRECTION ( 'NONE',  ( -1.000000000000000000, 0.000000000000000000, 0.000000000000000000 ) ) ;
#1991 = CARTESIAN_POINT ( 'NONE',  ( -1.460351472855927223E-15, 112.0000000000000000, 3.500000000000000000 ) ) ;
#1992 = CIRCLE ( 'NONE', #1093, 0.7500000000000002220 ) ;
#1993 = ORIENTED_EDGE ( 'NONE', *, *, #643, .T. ) ;
#1994 = CARTESIAN_POINT ( 'NONE',  ( -14.94009082219750439, -1.339285714285715079, 4.000000000000000000 ) ) ;
#1995 = CARTESIAN_POINT ( 'NONE',  ( -1.460351472855927223E-15, 112.0000000000000000, 0.000000000000000000 ) ) ;
#1996 = ORIENTED_EDGE ( 'NONE', *, *, #1071, .T. ) ;
#1997 = ADVANCED_FACE ( 'NONE', ( #1043 ), #1763, .T. ) ;
#1998 = DIRECTION ( 'NONE',  ( -1.000000000000000000, 0.000000000000000000, 0.000000000000000000 ) ) ;
#1999 = FACE_OUTER_BOUND ( 'NONE', #1631, .T. ) ;
#2000 = CIRCLE ( 'NONE', #2344, 9.493739424420207129 ) ;
#2001 = VERTEX_POINT ( 'NONE', #835 ) ;
#2002 = APPROVAL_DATE_TIME ( #1257, #48 ) ;
#2003 = CIRCLE ( 'NONE', #1607, 10.00000000000000000 ) ;
#2004 = DIRECTION ( 'NONE',  ( 0.000000000000000000, 0.000000000000000000, 1.000000000000000000 ) ) ;
#2005 = ORIENTED_EDGE ( 'NONE', *, *, #1220, .F. ) ;
#2006 = ORIENTED_EDGE ( 'NONE', *, *, #2125, .F. ) ;
#2007 = CARTESIAN_POINT ( 'NONE',  ( -1.800000000000000266, 112.0000000000000000, 5.500000000000000000 ) ) ;
#2008 = EDGE_CURVE ( 'NONE', #2241, #1347, #859, .T. ) ;
#2009 = VECTOR ( 'NONE', #354, 1000.000000000000000 ) ;
#2010 = DIRECTION ( 'NONE',  ( 1.000000000000000000, 0.000000000000000000, 0.000000000000000000 ) ) ;
#2011 = ORIENTED_EDGE ( 'NONE', *, *, #2321, .F. ) ;
#2012 = DIRECTION ( 'NONE',  ( -1.000000000000000000, 0.000000000000000000, 0.000000000000000000 ) ) ;
#2013 = CARTESIAN_POINT ( 'NONE',  ( 13.89999999999998970, 64.76808374630067533, 0.000000000000000000 ) ) ;
#2014 = ADVANCED_FACE ( 'NONE', ( #1219 ), #498, .T. ) ;
#2015 = ORIENTED_EDGE ( 'NONE', *, *, #172, .F. ) ;
#2016 = DIRECTION ( 'NONE',  ( 0.7071067811865474617, 8.659560562354932858E-17, -0.7071067811865474617 ) ) ;
#2017 = ORIENTED_EDGE ( 'NONE', *, *, #1825, .F. ) ;
#2018 = ORIENTED_EDGE ( 'NONE', *, *, #2181, .F. ) ;
#2019 = FACE_BOUND ( 'NONE', #1254, .T. ) ;
#2020 = CARTESIAN_POINT ( 'NONE',  ( -6.011178813614780175E-15, 87.91500000000003467, 0.000000000000000000 ) ) ;
#2021 = ORIENTED_EDGE ( 'NONE', *, *, #1132, .T. ) ;
#2022 = FACE_OUTER_BOUND ( 'NONE', #2111, .T. ) ;
#2023 = CARTESIAN_POINT ( 'NONE',  ( 0.7499999999999946709, 91.91500000000003467, 0.000000000000000000 ) ) ;
#2024 = CC_DESIGN_PERSON_AND_ORGANIZATION_ASSIGNMENT ( #385, #899, ( #1943 ) ) ;
#2025 = ORIENTED_EDGE ( 'NONE', *, *, #1102, .T. ) ;
#2026 = VECTOR ( 'NONE', #644, 1000.000000000000000 ) ;
#2027 = CARTESIAN_POINT ( 'NONE',  ( -1.849999999999982769, 87.91500000000003467, 4.000000000000000000 ) ) ;
#2028 = CIRCLE ( 'NONE', #1290, 9.493739424420207129 ) ;
#2029 = ORIENTED_EDGE ( 'NONE', *, *, #2228, .T. ) ;
#2030 = VERTEX_POINT ( 'NONE', #2378 ) ;
#2031 = CARTESIAN_POINT ( 'NONE',  ( -1.460351472855927223E-15, 112.0000000000000000, 4.000000000000000000 ) ) ;
#2032 = CIRCLE ( 'NONE', #1715, 2.000000000000000000 ) ;
#2033 = MANIFOLD_SOLID_BREP ( 'Chafl\X2\00e1\X0\n3', #1576 ) ;
#2034 = DIRECTION ( 'NONE',  ( 0.7071067811865393571, 0.000000000000000000, 0.7071067811865555663 ) ) ;
#2035 = ORIENTED_EDGE ( 'NONE', *, *, #1391, .T. ) ;
#2036 = CARTESIAN_POINT ( 'NONE',  ( 4.049999999999987388, 100.9174675727972783, 0.000000000000000000 ) ) ;
#2037 = EDGE_CURVE ( 'NONE', #1835, #719, #1343, .T. ) ;
#2038 = ORIENTED_EDGE ( 'NONE', *, *, #362, .T. ) ;
#2039 = AXIS2_PLACEMENT_3D ( 'NONE', #1446, #895, #526 ) ;
#2040 = CARTESIAN_POINT ( 'NONE',  ( 3.999999999999999112, 112.0000000000000000, 5.500000000000000000 ) ) ;
#2041 = AXIS2_PLACEMENT_3D ( 'NONE', #1342, #65, #1526 ) ;
#2042 = ORIENTED_EDGE ( 'NONE', *, *, #1616, .F. ) ;
#2043 = AXIS2_PLACEMENT_3D ( 'NONE', #94, #1568, #303 ) ;
#2044 = CYLINDRICAL_SURFACE ( 'NONE', #302, 1.450000000000002176 ) ;
#2045 = DIRECTION ( 'NONE',  ( -0.000000000000000000, -0.000000000000000000, 1.000000000000000000 ) ) ;
#2046 = EDGE_CURVE ( 'NONE', #2312, #1709, #1646, .T. ) ;
#2047 = CARTESIAN_POINT ( 'NONE',  ( -7.505000000000001670, 112.0000000000000000, 0.4999999999999831246 ) ) ;
#2048 = ORIENTED_EDGE ( 'NONE', *, *, #2154, .T. ) ;
#2049 = CARTESIAN_POINT ( 'NONE',  ( -6.011178813614780175E-15, 87.91500000000003467, 0.000000000000000000 ) ) ;
#2050 = AXIS2_PLACEMENT_3D ( 'NONE', #254, #469, #119 ) ;
#2051 = ORIENTED_EDGE ( 'NONE', *, *, #78, .T. ) ;
#2052 = EDGE_CURVE ( 'NONE', #642, #771, #1663, .T. ) ;
#2053 = DIRECTION ( 'NONE',  ( 1.000000000000000000, 0.000000000000000000, 0.000000000000000000 ) ) ;
#2054 = ORIENTED_EDGE ( 'NONE', *, *, #1664, .T. ) ;
#2055 = EDGE_CURVE ( 'NONE', #2201, #481, #2270, .T. ) ;
#2056 = DIRECTION ( 'NONE',  ( 1.000000000000000000, 0.000000000000000000, 0.000000000000000000 ) ) ;
#2057 = CARTESIAN_POINT ( 'NONE',  ( -1.460351472855927223E-15, 112.0000000000000000, 5.500000000000000000 ) ) ;
#2058 = EDGE_CURVE ( 'NONE', #481, #2201, #178, .T. ) ;
#2059 = PRODUCT_DEFINITION_SHAPE ( 'NONE', 'NONE',  #1313 ) ;
#2060 = DIRECTION ( 'NONE',  ( -1.000000000000000000, 0.000000000000000000, 0.000000000000000000 ) ) ;
#2061 = ORIENTED_EDGE ( 'NONE', *, *, #577, .T. ) ;
#2062 = CARTESIAN_POINT ( 'NONE',  ( 4.049999999999987388, 100.9174675727972783, 0.000000000000000000 ) ) ;
#2063 = ORIENTED_EDGE ( 'NONE', *, *, #1899, .F. ) ;
#2064 = LINE ( 'NONE', #1885, #628 ) ;
#2065 = ORIENTED_EDGE ( 'NONE', *, *, #391, .F. ) ;
#2066 = CARTESIAN_POINT ( 'NONE',  ( -1.460351472855927223E-15, 112.0000000000000000, 0.000000000000000000 ) ) ;
#2067 = AXIS2_PLACEMENT_3D ( 'NONE', #255, #1685, #1721 ) ;
#2068 = CARTESIAN_POINT ( 'NONE',  ( 0.7499999999999946709, 91.91500000000003467, 0.000000000000000000 ) ) ;
#2069 = ORIENTED_EDGE ( 'NONE', *, *, #607, .F. ) ;
#2070 = VECTOR ( 'NONE', #245, 1000.000000000000000 ) ;
#2071 = DIRECTION ( 'NONE',  ( 1.000000000000000000, 0.000000000000000000, 0.000000000000000000 ) ) ;
#2072 = EDGE_CURVE ( 'NONE', #1670, #1087, #188, .T. ) ;
#2073 = ORIENTED_EDGE ( 'NONE', *, *, #1222, .F. ) ;
#2074 = LINE ( 'NONE', #1158, #168 ) ;
#2075 = ORIENTED_EDGE ( 'NONE', *, *, #1403, .F. ) ;
#2076 = AXIS2_PLACEMENT_3D ( 'NONE', #72, #1385, #1546 ) ;
#2077 = DIRECTION ( 'NONE',  ( 1.000000000000000000, 0.000000000000000000, 0.000000000000000000 ) ) ;
#2078 = CARTESIAN_POINT ( 'NONE',  ( 1.449999999999996625, 91.91500000000003467, 0.2000000000000469180 ) ) ;
#2079 = CIRCLE ( 'NONE', #524, 1.600000000000012967 ) ;
#2080 = EDGE_LOOP ( 'NONE', ( #1941, #2319, #2337, #2323 ) ) ;
#2081 = EDGE_CURVE ( 'NONE', #576, #148, #2222, .T. ) ;
#2082 = ORIENTED_EDGE ( 'NONE', *, *, #604, .F. ) ;
#2083 = DIRECTION ( 'NONE',  ( -0.000000000000000000, -0.000000000000000000, 1.000000000000000000 ) ) ;
#2084 = EDGE_CURVE ( 'NONE', #2124, #1326, #1305, .T. ) ;
#2085 = EDGE_LOOP ( 'NONE', ( #2252, #1468, #1506, #501 ) ) ;
#2086 = DIRECTION ( 'NONE',  ( -1.000000000000000000, 0.000000000000000000, 0.000000000000000000 ) ) ;
#2087 = ORIENTED_EDGE ( 'NONE', *, *, #1004, .F. ) ;
#2088 = CARTESIAN_POINT ( 'NONE',  ( 1.565157521573622645, 32.46897545947413732, 4.000000000000000000 ) ) ;
#2089 = CARTESIAN_POINT ( 'NONE',  ( 8.484329347884225031E-15, 8.000000000000001776, 4.000000000000000000 ) ) ;
#2090 = ORIENTED_EDGE ( 'NONE', *, *, #1680, .T. ) ;
#2091 = CARTESIAN_POINT ( 'NONE',  ( -9.455821949541000748, 111.1523446942481996, 7.000000000000000000 ) ) ;
#2092 = ORIENTED_EDGE ( 'NONE', *, *, #1635, .T. ) ;
#2093 = FACE_OUTER_BOUND ( 'NONE', #1788, .T. ) ;
#2094 = DIRECTION ( 'NONE',  ( -1.000000000000000000, 0.000000000000000000, 0.000000000000000000 ) ) ;
#2095 = VERTEX_POINT ( 'NONE', #735 ) ;
#2096 = DIRECTION ( 'NONE',  ( -0.08928571428571441260, 0.9960060548131671743, 0.000000000000000000 ) ) ;
#2097 = FACE_OUTER_BOUND ( 'NONE', #1892, .T. ) ;
#2098 = DIRECTION ( 'NONE',  ( -0.000000000000000000, -0.000000000000000000, -1.000000000000000000 ) ) ;
#2099 = AXIS2_PLACEMENT_3D ( 'NONE', #2342, #1940, #1761 ) ;
#2100 = VERTEX_POINT ( 'NONE', #1067 ) ;
#2101 = CARTESIAN_POINT ( 'NONE',  ( 2.000000000000000000, 2.449293598294706414E-16, 4.000000000000000000 ) ) ;
#2102 = ORIENTED_EDGE ( 'NONE', *, *, #1612, .T. ) ;
#2103 = CIRCLE ( 'NONE', #2335, 2.000000000000000000 ) ;
#2104 = PLANE ( 'NONE',  #2307 ) ;
#2105 = VECTOR ( 'NONE', #68, 1000.000000000000000 ) ;
#2106 = CARTESIAN_POINT ( 'NONE',  ( 9.493739424420205353, 112.0000000000000000, 7.000000000000000000 ) ) ;
#2107 = ORIENTED_EDGE ( 'NONE', *, *, #2375, .F. ) ;
#2108 = DIRECTION ( 'NONE',  ( -1.000000000000000000, 0.000000000000000000, 0.000000000000000000 ) ) ;
#2109 = FACE_BOUND ( 'NONE', #869, .T. ) ;
#2110 = CARTESIAN_POINT ( 'NONE',  ( -6.011178813614780175E-15, 87.91500000000003467, 4.000000000000000000 ) ) ;
#2111 = EDGE_LOOP ( 'NONE', ( #1993, #1605, #605, #1209 ) ) ;
#2112 = EDGE_CURVE ( 'NONE', #2030, #131, #2117, .T. ) ;
#2113 = LINE ( 'NONE', #449, #1049 ) ;
#2114 = AXIS2_PLACEMENT_3D ( 'NONE', #606, #316, #868 ) ;
#2115 = VERTEX_POINT ( 'NONE', #2047 ) ;
#2116 = FACE_BOUND ( 'NONE', #1292, .T. ) ;
#2117 = CIRCLE ( 'NONE', #2234, 10.00000000000000000 ) ;
#2118 = DIRECTION ( 'NONE',  ( -1.000000000000000000, 0.000000000000000000, 0.000000000000000000 ) ) ;
#2119 = ORIENTED_EDGE ( 'NONE', *, *, #327, .F. ) ;
#2120 = CARTESIAN_POINT ( 'NONE',  ( 14.94009082219750972, -1.339285714285714413, 4.000000000000000000 ) ) ;
#2121 = CARTESIAN_POINT ( 'NONE',  ( -9.493739424420208906, 112.0000000000000000, 4.000000000000000000 ) ) ;
#2122 = DIRECTION ( 'NONE',  ( 0.08928571428571427382, 0.9960060548131671743, 0.000000000000000000 ) ) ;
#2123 = ADVANCED_FACE ( 'NONE', ( #546 ), #1066, .T. ) ;
#2124 = VERTEX_POINT ( 'NONE', #1857 ) ;
#2125 = EDGE_CURVE ( 'NONE', #922, #448, #1024, .T. ) ;
#2126 = DIRECTION ( 'NONE',  ( 0.000000000000000000, 0.000000000000000000, 1.000000000000000000 ) ) ;
#2127 = ORIENTED_EDGE ( 'NONE', *, *, #1397, .T. ) ;
#2128 = FACE_BOUND ( 'NONE', #940, .T. ) ;
#2129 = DIRECTION ( 'NONE',  ( -0.000000000000000000, -0.000000000000000000, -1.000000000000000000 ) ) ;
#2130 = CARTESIAN_POINT ( 'NONE',  ( 7.501357960453890250, 89.34977546334366139, 7.000000000000000000 ) ) ;
#2131 = ORIENTED_EDGE ( 'NONE', *, *, #1528, .T. ) ;
#2132 = DIRECTION ( 'NONE',  ( 0.000000000000000000, 0.000000000000000000, 1.000000000000000000 ) ) ;
#2133 = CARTESIAN_POINT ( 'NONE',  ( -1.460351472855927223E-15, 112.0000000000000000, 4.000000000000000000 ) ) ;
#2134 = DIRECTION ( 'NONE',  ( -0.7071067811865388020, 8.659560562354826855E-17, 0.7071067811865563435 ) ) ;
#2135 = ORIENTED_EDGE ( 'NONE', *, *, #2037, .F. ) ;
#2136 = CARTESIAN_POINT ( 'NONE',  ( 12.00000000000001066, 78.00000000000001421, 4.000000000000000000 ) ) ;
#2137 = ORIENTED_EDGE ( 'NONE', *, *, #500, .T. ) ;
#2138 = AXIS2_PLACEMENT_3D ( 'NONE', #2208, #710, #507 ) ;
#2139 = CARTESIAN_POINT ( 'NONE',  ( 8.004999999999981242, 112.0000000000000000, 0.000000000000000000 ) ) ;
#2140 = AXIS2_PLACEMENT_3D ( 'NONE', #155, #350, #886 ) ;
#2141 = AXIS2_PLACEMENT_3D ( 'NONE', #2346, #897, #1821 ) ;
#2142 = CARTESIAN_POINT ( 'NONE',  ( -5.521320093955839582E-15, 91.91500000000003467, 0.000000000000000000 ) ) ;
#2143 = EDGE_CURVE ( 'NONE', #719, #1970, #1344, .T. ) ;
#2144 = VECTOR ( 'NONE', #1711, 1000.000000000000000 ) ;
#2145 = ORIENTED_EDGE ( 'NONE', *, *, #377, .T. ) ;
#2146 = LINE ( 'NONE', #1037, #854 ) ;
#2147 = DIRECTION ( 'NONE',  ( -1.672832994793040529E-16, 1.000000000000000000, -0.000000000000000000 ) ) ;
#2148 = ORIENTED_EDGE ( 'NONE', *, *, #203, .F. ) ;
#2149 = LINE ( 'NONE', #654, #1328 ) ;
#2150 = PERSON ( 'UNSPECIFIED', 'UNSPECIFIED', 'UNSPECIFIED', ('UNSPECIFIED'), ('UNSPECIFIED'), ('UNSPECIFIED') ) ;
#2151 = LINE ( 'NONE', #646, #1145 ) ;
#2152 = EDGE_CURVE ( 'NONE', #1517, #400, #2385, .T. ) ;
#2153 = CIRCLE ( 'NONE', #674, 1.450000000000002176 ) ;
#2154 = EDGE_CURVE ( 'NONE', #629, #335, #1104, .T. ) ;
#2155 = CARTESIAN_POINT ( 'NONE',  ( 10.65276645548326329, 62.97124900303582962, 0.000000000000000000 ) ) ;
#2156 = EDGE_CURVE ( 'NONE', #2223, #725, #2003, .T. ) ;
#2157 = ORIENTED_EDGE ( 'NONE', *, *, #1784, .T. ) ;
#2158 = APPLICATION_PROTOCOL_DEFINITION ( 'international standard', 'config_control_design', 1994, #339 ) ;
#2159 = LINE ( 'NONE', #493, #2369 ) ;
#2160 = LINE ( 'NONE', #120, #789 ) ;
#2161 = CIRCLE ( 'NONE', #1424, 9.493739424420207129 ) ;
#2162 = EDGE_LOOP ( 'NONE', ( #2347, #2145, #1538, #2069 ) ) ;
#2163 = CARTESIAN_POINT ( 'NONE',  ( -3.549999999999997158, 87.95500000000002672, 0.4999999999999831246 ) ) ;
#2164 = CARTESIAN_POINT ( 'NONE',  ( 10.32245236692259915, 3.075390764414112077, 4.000000000000000000 ) ) ;
#2165 = DIRECTION ( 'NONE',  ( 1.000000000000000000, 0.000000000000000000, 0.000000000000000000 ) ) ;
#2166 = ORIENTED_EDGE ( 'NONE', *, *, #1612, .F. ) ;
#2167 = APPROVAL ( #348, 'UNSPECIFIED' ) ;
#2168 = LINE ( 'NONE', #1643, #1131 ) ;
#2169 = CARTESIAN_POINT ( 'NONE',  ( -1.565157521573618649, 32.46897545947416575, -0.001000000000000132727 ) ) ;
#2170 = FACE_OUTER_BOUND ( 'NONE', #1822, .T. ) ;
#2171 = EDGE_CURVE ( 'NONE', #1814, #390, #1432, .T. ) ;
#2172 = DIRECTION ( 'NONE',  ( -1.000000000000000000, 0.000000000000000000, 0.000000000000000000 ) ) ;
#2173 = ORIENTED_EDGE ( 'NONE', *, *, #1458, .T. ) ;
#2174 = DIRECTION ( 'NONE',  ( -0.000000000000000000, 0.000000000000000000, 1.000000000000000000 ) ) ;
#2175 = AXIS2_PLACEMENT_3D ( 'NONE', #676, #1749, #2329 ) ;
#2176 = CARTESIAN_POINT ( 'NONE',  ( -13.89999999999998614, 64.76808374630067533, 4.000000000000000000 ) ) ;
#2177 = VERTEX_POINT ( 'NONE', #509 ) ;
#2178 = AXIS2_PLACEMENT_3D ( 'NONE', #1060, #1419, #1428 ) ;
#2179 = EDGE_CURVE ( 'NONE', #455, #881, #755, .T. ) ;
#2180 = PERSON_AND_ORGANIZATION ( #2150, #849 ) ;
#2181 = EDGE_CURVE ( 'NONE', #2115, #279, #26, .T. ) ;
#2182 = DIRECTION ( 'NONE',  ( -0.000000000000000000, -0.000000000000000000, -1.000000000000000000 ) ) ;
#2183 = AXIS2_PLACEMENT_3D ( 'NONE', #668, #1416, #1460 ) ;
#2184 = ORIENTED_EDGE ( 'NONE', *, *, #949, .F. ) ;
#2185 = CARTESIAN_POINT ( 'NONE',  ( -17.10000000000001208, 64.76808374630067533, 4.000000000000000000 ) ) ;
#2186 = DIRECTION ( 'NONE',  ( 1.000000000000000000, 0.000000000000000000, 0.000000000000000000 ) ) ;
#2187 = EDGE_CURVE ( 'NONE', #400, #365, #61, .T. ) ;
#2188 = EDGE_LOOP ( 'NONE', ( #1911, #1728, #523, #2075 ) ) ;
#2189 = DIRECTION ( 'NONE',  ( -1.000000000000000000, 0.000000000000000000, 0.000000000000000000 ) ) ;
#2190 = CIRCLE ( 'NONE', #2381, 1.450000000000002176 ) ;
#2191 = CARTESIAN_POINT ( 'NONE',  ( -1.460351472855927223E-15, 112.0000000000000000, 7.000000000000000000 ) ) ;
#2192 = VECTOR ( 'NONE', #137, 1000.000000000000114 ) ;
#2193 = ORIENTED_EDGE ( 'NONE', *, *, #1466, .T. ) ;
#2194 = VECTOR ( 'NONE', #2309, 1000.000000000000114 ) ;
#2195 = APPROVAL_STATUS ( 'not_yet_approved' ) ;
#2196 = DIRECTION ( 'NONE',  ( 0.000000000000000000, 0.000000000000000000, 1.000000000000000000 ) ) ;
#2197 = EDGE_LOOP ( 'NONE', ( #39, #195 ) ) ;
#2198 = ORIENTED_EDGE ( 'NONE', *, *, #2187, .T. ) ;
#2199 = DIRECTION ( 'NONE',  ( 1.000000000000000000, 0.000000000000000000, 0.000000000000000000 ) ) ;
#2200 = ADVANCED_FACE ( 'NONE', ( #418 ), #2345, .T. ) ;
#2201 = VERTEX_POINT ( 'NONE', #468 ) ;
#2202 = DIRECTION ( 'NONE',  ( -0.2855292632712592704, 0.9583699910868306304, 0.000000000000000000 ) ) ;
#2203 = ORIENTED_EDGE ( 'NONE', *, *, #734, .F. ) ;
#2204 = CALENDAR_DATE ( 2026, 14, 9 ) ;
#2205 = DIRECTION ( 'NONE',  ( -1.000000000000000000, 1.060541168485527932E-15, 0.000000000000000000 ) ) ;
#2206 = EDGE_LOOP ( 'NONE', ( #1360, #1190, #274, #233 ) ) ;
#2207 = DIRECTION ( 'NONE',  ( -1.000000000000000000, 0.000000000000000000, 0.000000000000000000 ) ) ;
#2208 = CARTESIAN_POINT ( 'NONE',  ( -5.521320093955839582E-15, 91.91500000000003467, 0.000000000000000000 ) ) ;
#2209 = DIRECTION ( 'NONE',  ( 0.000000000000000000, 0.000000000000000000, -1.000000000000000000 ) ) ;
#2210 = VERTEX_POINT ( 'NONE', #1160 ) ;
#2211 = LINE ( 'NONE', #175, #1841 ) ;
#2212 = LINE ( 'NONE', #1536, #973 ) ;
#2213 = AXIS2_PLACEMENT_3D ( 'NONE', #1804, #1225, #1990 ) ;
#2214 = EDGE_LOOP ( 'NONE', ( #1535, #1481 ) ) ;
#2215 = VECTOR ( 'NONE', #1387, 1000.000000000000000 ) ;
#2216 = ADVANCED_FACE ( 'NONE', ( #443 ), #70, .F. ) ;
#2217 = DIRECTION ( 'NONE',  ( -1.003699796875824194E-16, 1.000000000000000000, 0.000000000000000000 ) ) ;
#2218 = AXIS2_PLACEMENT_3D ( 'NONE', #1681, #1475, #205 ) ;
#2219 = ORIENTED_EDGE ( 'NONE', *, *, #186, .T. ) ;
#2220 = DIRECTION ( 'NONE',  ( -1.000000000000000000, 0.000000000000000000, 0.000000000000000000 ) ) ;
#2221 = DIRECTION ( 'NONE',  ( -0.000000000000000000, -0.000000000000000000, -1.000000000000000000 ) ) ;
#2222 = LINE ( 'NONE', #1637, #2009 ) ;
#2223 = VERTEX_POINT ( 'NONE', #623 ) ;
#2224 = EDGE_CURVE ( 'NONE', #9, #862, #1493, .T. ) ;
#2225 = DIRECTION ( 'NONE',  ( 1.000000000000000000, 0.000000000000000000, 0.000000000000000000 ) ) ;
#2226 = ORIENTED_EDGE ( 'NONE', *, *, #2260, .T. ) ;
#2227 = AXIS2_PLACEMENT_3D ( 'NONE', #1653, #1809, #2189 ) ;
#2228 = EDGE_CURVE ( 'NONE', #64, #2223, #1745, .T. ) ;
#2229 = SHAPE_DEFINITION_REPRESENTATION ( #2059, #2350 ) ;
#2230 = ADVANCED_FACE ( 'NONE', ( #1953 ), #57, .F. ) ;
#2231 = CARTESIAN_POINT ( 'NONE',  ( 3.550000000000011813, 3.563134278909187789E-16, 4.000000000000000000 ) ) ;
#2232 = VECTOR ( 'NONE', #1330, 1000.000000000000227 ) ;
#2233 = EDGE_LOOP ( 'NONE', ( #416, #832, #741, #708 ) ) ;
#2234 = AXIS2_PLACEMENT_3D ( 'NONE', #1252, #368, #1118 ) ;
#2235 = CARTESIAN_POINT ( 'NONE',  ( -4.049999999999968736, -6.774973628911761509E-16, 0.000000000000000000 ) ) ;
#2236 = CARTESIAN_POINT ( 'NONE',  ( 9.455821949540997196, 111.1523446942482138, 4.000000000000000000 ) ) ;
#2237 = CARTESIAN_POINT ( 'NONE',  ( -1.460351472855927223E-15, 112.0000000000000000, 4.000000000000000000 ) ) ;
#2238 = EDGE_LOOP ( 'NONE', ( #1097, #1808, #1002, #2061 ) ) ;
#2239 = DIRECTION ( 'NONE',  ( -0.000000000000000000, -0.000000000000000000, -1.000000000000000000 ) ) ;
#2240 = VECTOR ( 'NONE', #1864, 1000.000000000000000 ) ;
#2241 = VERTEX_POINT ( 'NONE', #1185 ) ;
#2242 = FACE_OUTER_BOUND ( 'NONE', #1890, .T. ) ;
#2243 = ORIENTED_EDGE ( 'NONE', *, *, #604, .T. ) ;
#2244 = CARTESIAN_POINT ( 'NONE',  ( -1.460351472855927223E-15, 112.0000000000000000, 4.000000000000000000 ) ) ;
#2245 = CARTESIAN_POINT ( 'NONE',  ( -15.50000000000000000, 64.76808374630067533, 6.000000000000000000 ) ) ;
#2246 = ORIENTED_EDGE ( 'NONE', *, *, #1798, .F. ) ;
#2247 = EDGE_CURVE ( 'NONE', #2341, #792, #562, .T. ) ;
#2248 = VERTEX_POINT ( 'NONE', #804 ) ;
#2249 = LINE ( 'NONE', #765, #1453 ) ;
#2250 = EDGE_LOOP ( 'NONE', ( #1988, #1760, #924, #1777 ) ) ;
#2251 = LINE ( 'NONE', #2265, #240 ) ;
#2252 = ORIENTED_EDGE ( 'NONE', *, *, #1566, .F. ) ;
#2253 = CIRCLE ( 'NONE', #237, 1.849999999999976552 ) ;
#2254 = EDGE_CURVE ( 'NONE', #246, #1814, #815, .T. ) ;
#2255 = DIRECTION ( 'NONE',  ( -1.000000000000000000, 0.000000000000000000, 0.000000000000000000 ) ) ;
#2256 = CIRCLE ( 'NONE', #1210, 3.550000000000012257 ) ;
#2257 = CARTESIAN_POINT ( 'NONE',  ( -13.54999999999999893, 100.9174675727972783, 4.000000000000000000 ) ) ;
#2258 = CIRCLE ( 'NONE', #1407, 1.799999999999998712 ) ;
#2259 = EDGE_LOOP ( 'NONE', ( #1755, #1105, #1388, #2148 ) ) ;
#2260 = EDGE_CURVE ( 'NONE', #760, #297, #1316, .T. ) ;
#2261 = CIRCLE ( 'NONE', #1714, 1.600000000000011191 ) ;
#2262 = ADVANCED_FACE ( 'NONE', ( #1924 ), #641, .T. ) ;
#2263 = CARTESIAN_POINT ( 'NONE',  ( -3.549999999999982503, -5.938557131515264664E-16, 4.000000000000000000 ) ) ;
#2264 = ORIENTED_EDGE ( 'NONE', *, *, #1980, .F. ) ;
#2265 = CARTESIAN_POINT ( 'NONE',  ( 10.32245236692259915, 3.075390764414112077, 0.000000000000000000 ) ) ;
#2266 = ORIENTED_EDGE ( 'NONE', *, *, #683, .T. ) ;
#2267 = AXIS2_PLACEMENT_3D ( 'NONE', #1242, #2174, #1985 ) ;
#2268 = DIRECTION ( 'NONE',  ( -0.7071067811865393571, 8.659560562354833018E-17, 0.7071067811865555663 ) ) ;
#2269 = PLANE ( 'NONE',  #278 ) ;
#2270 = CIRCLE ( 'NONE', #1226, 1.849999999999976552 ) ;
#2271 = VECTOR ( 'NONE', #1676, 1000.000000000000114 ) ;
#2272 = ORIENTED_EDGE ( 'NONE', *, *, #105, .T. ) ;
#2273 = EDGE_LOOP ( 'NONE', ( #1282, #1350, #1689 ) ) ;
#2274 = CC_DESIGN_PERSON_AND_ORGANIZATION_ASSIGNMENT ( #132, #1778, ( #194 ) ) ;
#2275 = FACE_OUTER_BOUND ( 'NONE', #1178, .T. ) ;
#2276 = AXIS2_PLACEMENT_3D ( 'NONE', #2066, #950, #2077 ) ;
#2277 = LINE ( 'NONE', #2106, #588 ) ;
#2278 = ORIENTED_EDGE ( 'NONE', *, *, #2361, .F. ) ;
#2279 = CARTESIAN_POINT ( 'NONE',  ( -5.521320093955839582E-15, 91.91500000000003467, 3.600000000000015632 ) ) ;
#2280 = PLANE ( 'NONE',  #1311 ) ;
#2281 = DIRECTION ( 'NONE',  ( 0.000000000000000000, 0.000000000000000000, 1.000000000000000000 ) ) ;
#2282 = ORIENTED_EDGE ( 'NONE', *, *, #1220, .T. ) ;
#2283 = CARTESIAN_POINT ( 'NONE',  ( -1.460351472855927223E-15, 112.0000000000000000, 5.500000000000000000 ) ) ;
#2284 = ORIENTED_EDGE ( 'NONE', *, *, #79, .T. ) ;
#2285 = CARTESIAN_POINT ( 'NONE',  ( 9.455821949540997196, 111.1523446942482138, 7.000000000000000000 ) ) ;
#2286 = LINE ( 'NONE', #440, #1367 ) ;
#2287 = ORIENTED_EDGE ( 'NONE', *, *, #594, .T. ) ;
#2288 = ADVANCED_FACE ( 'NONE', ( #1900 ), #1265, .T. ) ;
#2289 = CARTESIAN_POINT ( 'NONE',  ( -1.460351472855927223E-15, 112.0000000000000000, 3.500000000000000000 ) ) ;
#2290 = CARTESIAN_POINT ( 'NONE',  ( -1.460351472855927223E-15, 112.0000000000000000, 4.000000000000000000 ) ) ;
#2291 = CARTESIAN_POINT ( 'NONE',  ( -1.460351472855927223E-15, 112.0000000000000000, 4.000000000000000000 ) ) ;
#2292 = AXIS2_PLACEMENT_3D ( 'NONE', #891, #2045, #926 ) ;
#2293 = ORIENTED_EDGE ( 'NONE', *, *, #2179, .T. ) ;
#2294 = DIRECTION ( 'NONE',  ( -0.7071067811865388020, 8.659560562354826855E-17, 0.7071067811865563435 ) ) ;
#2295 = EDGE_LOOP ( 'NONE', ( #768, #20 ) ) ;
#2296 = CYLINDRICAL_SURFACE ( 'NONE', #753, 1.600000000000009415 ) ;
#2297 = DIRECTION ( 'NONE',  ( -0.000000000000000000, 0.000000000000000000, -1.000000000000000000 ) ) ;
#2298 = ORIENTED_EDGE ( 'NONE', *, *, #772, .F. ) ;
#2299 = EDGE_CURVE ( 'NONE', #1627, #270, #238, .T. ) ;
#2300 = EDGE_CURVE ( 'NONE', #2100, #1085, #1555, .T. ) ;
#2301 = DIRECTION ( 'NONE',  ( 0.000000000000000000, 0.000000000000000000, 1.000000000000000000 ) ) ;
#2302 = LINE ( 'NONE', #1409, #340 ) ;
#2303 = CARTESIAN_POINT ( 'NONE',  ( -6.196386746643808507, 106.9319810294340130, 0.000000000000000000 ) ) ;
#2304 = VECTOR ( 'NONE', #2134, 1000.000000000000000 ) ;
#2305 = ORIENTED_EDGE ( 'NONE', *, *, #525, .F. ) ;
#2306 = FACE_OUTER_BOUND ( 'NONE', #1772, .T. ) ;
#2307 = AXIS2_PLACEMENT_3D ( 'NONE', #2263, #593, #234 ) ;
#2308 = ORIENTED_EDGE ( 'NONE', *, *, #2154, .F. ) ;
#2309 = DIRECTION ( 'NONE',  ( 0.08928571428571432933, 0.9960060548131671743, 0.000000000000000000 ) ) ;
#2310 = AXIS2_PLACEMENT_3D ( 'NONE', #2279, #649, #265 ) ;
#2311 = FACE_OUTER_BOUND ( 'NONE', #341, .T. ) ;
#2312 = VERTEX_POINT ( 'NONE', #1733 ) ;
#2313 = CARTESIAN_POINT ( 'NONE',  ( -4.049999999999985612, 100.9174675727972783, 0.000000000000000000 ) ) ;
#2314 = AXIS2_PLACEMENT_3D ( 'NONE', #998, #830, #639 ) ;
#2315 = CARTESIAN_POINT ( 'NONE',  ( -1.460351472855927223E-15, 112.0000000000000000, 0.000000000000000000 ) ) ;
#2316 = CARTESIAN_POINT ( 'NONE',  ( -3.549999999999982503, -5.938557131515264664E-16, 0.4999999999999831246 ) ) ;
#2317 = ORIENTED_EDGE ( 'NONE', *, *, #1945, .F. ) ;
#2318 = DIRECTION ( 'NONE',  ( 0.000000000000000000, 0.000000000000000000, 1.000000000000000000 ) ) ;
#2319 = ORIENTED_EDGE ( 'NONE', *, *, #962, .T. ) ;
#2320 = CARTESIAN_POINT ( 'NONE',  ( 0.000000000000000000, 0.000000000000000000, 0.000000000000000000 ) ) ;
#2321 = EDGE_CURVE ( 'NONE', #228, #1306, #1227, .T. ) ;
#2322 = DIRECTION ( 'NONE',  ( -0.000000000000000000, 0.000000000000000000, 1.000000000000000000 ) ) ;
#2323 = ORIENTED_EDGE ( 'NONE', *, *, #2300, .F. ) ;
#2324 = CARTESIAN_POINT ( 'NONE',  ( -1.460351472855927223E-15, 112.0000000000000000, 4.000000000000000000 ) ) ;
#2325 = DIRECTION ( 'NONE',  ( -0.000000000000000000, -0.000000000000000000, -1.000000000000000000 ) ) ;
#2326 = CARTESIAN_POINT ( 'NONE',  ( -7.447342393662109927, 2.218802974600336153, 0.000000000000000000 ) ) ;
#2327 = EDGE_CURVE ( 'NONE', #862, #1624, #17, .T. ) ;
#2328 = ORIENTED_EDGE ( 'NONE', *, *, #534, .F. ) ;
#2329 = DIRECTION ( 'NONE',  ( 1.000000000000000000, 0.000000000000000000, 0.000000000000000000 ) ) ;
#2330 = ORIENTED_EDGE ( 'NONE', *, *, #1603, .F. ) ;
#2331 = ADVANCED_FACE ( 'NONE', ( #1383 ), #1936, .F. ) ;
#2332 = VECTOR ( 'NONE', #1674, 1000.000000000000000 ) ;
#2333 = DIRECTION ( 'NONE',  ( -0.000000000000000000, -0.000000000000000000, 1.000000000000000000 ) ) ;
#2334 = EDGE_CURVE ( 'NONE', #655, #621, #677, .T. ) ;
#2335 = AXIS2_PLACEMENT_3D ( 'NONE', #1813, #707, #694 ) ;
#2336 = CARTESIAN_POINT ( 'NONE',  ( -5.521320093955839582E-15, 91.91500000000003467, 0.000000000000000000 ) ) ;
#2337 = ORIENTED_EDGE ( 'NONE', *, *, #1034, .F. ) ;
#2338 = DIRECTION ( 'NONE',  ( 1.000000000000000000, 1.849138948409654541E-15, 0.000000000000000000 ) ) ;
#2339 = DIRECTION ( 'NONE',  ( 0.000000000000000000, 0.000000000000000000, -1.000000000000000000 ) ) ;
#2340 = CYLINDRICAL_SURFACE ( 'NONE', #2076, 1.799999999999998712 ) ;
#2341 = VERTEX_POINT ( 'NONE', #1059 ) ;
#2342 = CARTESIAN_POINT ( 'NONE',  ( -6.011178813614780175E-15, 87.91500000000003467, 3.600000000000015632 ) ) ;
#2343 = CYLINDRICAL_SURFACE ( 'NONE', #1062, 9.493739424420207129 ) ;
#2344 = AXIS2_PLACEMENT_3D ( 'NONE', #1353, #1690, #413 ) ;
#2345 = CONICAL_SURFACE ( 'NONE', #945, 1.249999999999959588, 0.7853981633974369547 ) ;
#2346 = CARTESIAN_POINT ( 'NONE',  ( 7.447342393662123250, 2.218802974600341482, -0.001000000000000132727 ) ) ;
#2347 = ORIENTED_EDGE ( 'NONE', *, *, #959, .F. ) ;
#2348 = CARTESIAN_POINT ( 'NONE',  ( -0.7500000000000057732, 91.91500000000003467, 0.000000000000000000 ) ) ;
#2349 = EDGE_CURVE ( 'NONE', #436, #2100, #1671, .T. ) ;
#2350 = ADVANCED_BREP_SHAPE_REPRESENTATION ( 'eslabon_AD_v2', ( #2033, #619 ), #1246 ) ;
#2351 = DIRECTION ( 'NONE',  ( 1.060541168485527932E-15, 1.000000000000000000, 0.000000000000000000 ) ) ;
#2352 = AXIS2_PLACEMENT_3D ( 'NONE', #960, #1489, #1684 ) ;
#2353 = DIRECTION ( 'NONE',  ( 0.9583699910868307414, 0.2855292632712590484, 0.000000000000000000 ) ) ;
#2354 = CARTESIAN_POINT ( 'NONE',  ( -7.806255641895631925E-15, 90.02222529472305723, 7.000000000000000000 ) ) ;
#2355 = DIRECTION ( 'NONE',  ( -0.000000000000000000, 0.000000000000000000, 1.000000000000000000 ) ) ;
#2356 = ORIENTED_EDGE ( 'NONE', *, *, #1501, .T. ) ;
#2357 = DIRECTION ( 'NONE',  ( 0.000000000000000000, 0.000000000000000000, 1.000000000000000000 ) ) ;
#2358 = VERTEX_POINT ( 'NONE', #1790 ) ;
#2359 =( NAMED_UNIT ( * ) PLANE_ANGLE_UNIT ( ) SI_UNIT ( $, .RADIAN. ) );
#2360 = CARTESIAN_POINT ( 'NONE',  ( -25.00000000000000000, 112.0000000000000000, 4.000000000000000000 ) ) ;
#2361 = EDGE_CURVE ( 'NONE', #725, #2115, #1903, .T. ) ;
#2362 = ORIENTED_EDGE ( 'NONE', *, *, #1341, .F. ) ;
#2363 = CYLINDRICAL_SURFACE ( 'NONE', #2138, 1.450000000000002176 ) ;
#2364 = CARTESIAN_POINT ( 'NONE',  ( 7.447342393662123250, 2.218802974600341482, 0.000000000000000000 ) ) ;
#2365 = VERTEX_POINT ( 'NONE', #154 ) ;
#2366 = CYLINDRICAL_SURFACE ( 'NONE', #1259, 4.000000000000000888 ) ;
#2367 = DIRECTION ( 'NONE',  ( 0.9583699910868308525, -0.2855292632712590484, 0.000000000000000000 ) ) ;
#2368 = ORIENTED_EDGE ( 'NONE', *, *, #112, .T. ) ;
#2369 = VECTOR ( 'NONE', #1236, 1000.000000000000000 ) ;
#2370 = DIRECTION ( 'NONE',  ( 0.000000000000000000, 0.000000000000000000, 1.000000000000000000 ) ) ;
#2371 = CARTESIAN_POINT ( 'NONE',  ( -1.460351472855927223E-15, 112.0000000000000000, 7.000000000000000000 ) ) ;
#2372 = AXIS2_PLACEMENT_3D ( 'NONE', #592, #1108, #1726 ) ;
#2373 = EDGE_CURVE ( 'NONE', #270, #2210, #1580, .T. ) ;
#2374 = EDGE_LOOP ( 'NONE', ( #396, #1124 ) ) ;
#2375 = EDGE_CURVE ( 'NONE', #1153, #297, #1984, .T. ) ;
#2376 = CARTESIAN_POINT ( 'NONE',  ( 0.000000000000000000, 0.000000000000000000, 0.000000000000000000 ) ) ;
#2377 = DIRECTION ( 'NONE',  ( -0.000000000000000000, -0.000000000000000000, 1.000000000000000000 ) ) ;
#2378 = CARTESIAN_POINT ( 'NONE',  ( -5.809354470151386174, 107.2485343692569870, 4.000000000000000000 ) ) ;
#2379 = EDGE_LOOP ( 'NONE', ( #1794, #2166, #1249 ) ) ;
#2380 = CARTESIAN_POINT ( 'NONE',  ( -1.460351472855927223E-15, 112.0000000000000000, 5.500000000000000000 ) ) ;
#2381 = AXIS2_PLACEMENT_3D ( 'NONE', #1785, #2129, #465 ) ;
#2382 = DIRECTION ( 'NONE',  ( -1.000000000000000000, 0.000000000000000000, -0.000000000000000000 ) ) ;
#2383 = EDGE_LOOP ( 'NONE', ( #1923, #1996, #1287, #1457 ) ) ;
#2384 = VECTOR ( 'NONE', #2333, 1000.000000000000000 ) ;
#2385 = CIRCLE ( 'NONE', #298, 25.00000000000000000 ) ;
#2386 = DIRECTION ( 'NONE',  ( 0.2855292632712591039, 0.9583699910868307414, 0.000000000000000000 ) ) ;
#2387 = ORIENTED_EDGE ( 'NONE', *, *, #357, .F. ) ;
#2388 = CYLINDRICAL_SURFACE ( 'NONE', #992, 4.000000000000000888 ) ;
#2389 = CARTESIAN_POINT ( 'NONE',  ( -4.049999999999982947, 87.95500000000002672, 0.000000000000000000 ) ) ;
#2390 = DIRECTION ( 'NONE',  ( 0.000000000000000000, 0.000000000000000000, 1.000000000000000000 ) ) ;
#2391 = ORIENTED_EDGE ( 'NONE', *, *, #1117, .T. ) ;
#2392 = ADVANCED_FACE ( 'NONE', ( #875 ), #311, .T. ) ;
#2393 = DIRECTION ( 'NONE',  ( -1.000000000000000000, 0.000000000000000000, 0.000000000000000000 ) ) ;
#2394 = CARTESIAN_POINT ( 'NONE',  ( -4.000000000000002665, 112.0000000000000000, 4.000000000000000000 ) ) ;
#2395 = ORIENTED_EDGE ( 'NONE', *, *, #1603, .T. ) ;
#2396 = DATE_AND_TIME ( #1658, #1086 ) ;
#2397 = DIRECTION ( 'NONE',  ( 0.000000000000000000, 0.000000000000000000, -1.000000000000000000 ) ) ;
#2398 = EDGE_LOOP ( 'NONE', ( #978, #843, #1046, #2362 ) ) ;
#2399 = VERTEX_POINT ( 'NONE', #2348 ) ;
ENDSEC;
END-ISO-10303-21;
