ISO-10303-21;
HEADER;
FILE_DESCRIPTION (( 'STEP AP203' ),
    '1' );
FILE_NAME ('hexagon_nut_M4_thread.STEP',
    '2026-09-14T13:32:39',
    ( '' ),
    ( '' ),
    'SwSTEP 2.0',
    'SolidWorks 2026',
    '' );
FILE_SCHEMA (( 'CONFIG_CONTROL_DESIGN' ));
ENDSEC;

DATA;
#1 = CARTESIAN_POINT ( 'NONE',  ( -1.966656441285000056, 0.7717838910829999399, -0.2508572182389999794 ) ) ;
#2 = CARTESIAN_POINT ( 'NONE',  ( 2.110000000000999965, -0.2320529924340000161, -2.671451169646000157 ) ) ;
#3 = CARTESIAN_POINT ( 'NONE',  ( -1.153706102616000040, -1.779206334281000057, -2.479874597099000599 ) ) ;
#4 = ORIENTED_EDGE ( 'NONE', *, *, #1612, .F. ) ;
#5 = CARTESIAN_POINT ( 'NONE',  ( -2.109999999999999876, -2.584004746200915215E-16, 0.3499999999999999778 ) ) ;
#6 = LINE ( 'NONE', #571, #31 ) ;
#7 = AXIS2_PLACEMENT_3D ( 'NONE', #437, #288, #124 ) ;
#8 = EDGE_CURVE ( 'NONE', #122, #130, #335, .T. ) ;
#9 = VECTOR ( 'NONE', #807, 1000.000000000000000 ) ;
#10 = CARTESIAN_POINT ( 'NONE',  ( -0.5053789254800000741, 1.910382302926000087, 0.000000000000000000 ) ) ;
#11 = DIRECTION ( 'NONE',  ( -0.5000000000001900702, 0.8660254037843290176, 0.000000000000000000 ) ) ;
#12 = CARTESIAN_POINT ( 'NONE',  ( 1.995880148320000158, -0.7885717291039999743, -2.982773828780999725 ) ) ;
#13 = CARTESIAN_POINT ( 'NONE',  ( 1.383680476351999866, -1.603303423578000153, -2.336500888316999980 ) ) ;
#14 = EDGE_LOOP ( 'NONE', ( #527, #1498, #355, #914, #1607, #327 ) ) ;
#15 = CARTESIAN_POINT ( 'NONE',  ( 1.645336663039999925, -1.110223024624999952E-15, 0.3499999999999999778 ) ) ;
#16 = CARTESIAN_POINT ( 'NONE',  ( -2.109999944857495979, -0.2064258293695263036, -1.879901956486087489 ) ) ;
#17 = CARTESIAN_POINT ( 'NONE',  ( 0.8422222605520000016, 2.215294807964999890, -1.600000000000000089 ) ) ;
#18 = CARTESIAN_POINT ( 'NONE',  ( -3.672608738517999960, 0.2632077020879999840, -0.02499999999814999860 ) ) ;
#19 = CARTESIAN_POINT ( 'NONE',  ( -2.018539372285999889, -0.6411760265450000551, -2.974931456748999725 ) ) ;
#20 = CARTESIAN_POINT ( 'NONE',  ( 0.7278633361559999626, 1.992252920359000257, -2.523214523006999777 ) ) ;
#21 = CARTESIAN_POINT ( 'NONE',  ( 0.7629164392269999206, 2.692037782541000013, -3.025000000003999823 ) ) ;
#22 = CARTESIAN_POINT ( 'NONE',  ( -2.076395631043167267, 0.4012676827208099262, -1.630464965819160339 ) ) ;
#23 = CARTESIAN_POINT ( 'NONE',  ( -0.1961197919079999963, 2.106081568728000342, -1.073856243953000167 ) ) ;
#24 = CARTESIAN_POINT ( 'NONE',  ( 2.109999999999999876, 0.2370003563799999990, -0.8282876070850000438 ) ) ;
#25 = CARTESIAN_POINT ( 'NONE',  ( 0.7629164392289999874, -2.692037782534999923, -0.4749999999989999999 ) ) ;
#26 = CARTESIAN_POINT ( 'NONE',  ( -2.109999966805722771, -3.905429732931867300E-08, -1.890801340971915989 ) ) ;
#27 = CARTESIAN_POINT ( 'NONE',  ( -2.073004063728000279, 0.4166610520279999674, -2.331298963817999947 ) ) ;
#28 = CARTESIAN_POINT ( 'NONE',  ( 1.087339199435999992, 3.836800541714000090, -2.709999999997000586 ) ) ;
#29 = CARTESIAN_POINT ( 'NONE',  ( 1.826983009323000245E-11, 4.281821205119999973, -0.1749999999969999720 ) ) ;
#30 = CARTESIAN_POINT ( 'NONE',  ( -0.9698409503780001106, 1.888282890909999789, -1.031331353722999999 ) ) ;
#31 = VECTOR ( 'NONE', #1144, 1000.000000000000114 ) ;
#32 = CARTESIAN_POINT ( 'NONE',  ( 4.062374697689000058, 4.134649384745999967, -2.665000000001000124 ) ) ;
#33 = CARTESIAN_POINT ( 'NONE',  ( 0.8260481920480000628, 1.963055317848000136, -0.7101889764069998501 ) ) ;
#34 = DIRECTION ( 'NONE',  ( 0.000000000000000000, 0.000000000000000000, -1.000000000000000000 ) ) ;
#35 = CARTESIAN_POINT ( 'NONE',  ( -0.8860957401010001178, 1.923588330345000097, -2.017720775592000138 ) ) ;
#36 = CARTESIAN_POINT ( 'NONE',  ( -7.424026671073999086E-16, -4.041451884326999533, -3.200000000000000178 ) ) ;
#37 = VERTEX_POINT ( 'NONE', #1712 ) ;
#38 = CARTESIAN_POINT ( 'NONE',  ( 1.087339199437000081, -3.836800541710000179, -0.7899999999979999687 ) ) ;
#39 = CARTESIAN_POINT ( 'NONE',  ( 1.342196722283000021, 1.640788610630999900, -1.160551421751000012 ) ) ;
#40 = ORIENTED_EDGE ( 'NONE', *, *, #137, .T. ) ;
#41 = EDGE_CURVE ( 'NONE', #1794, #1132, #1021, .T. ) ;
#42 = LINE ( 'NONE', #905, #178 ) ;
#43 = CARTESIAN_POINT ( 'NONE',  ( 2.109999999999999876, 5.168009492401999050E-16, -0.8408013433570000750 ) ) ;
#44 = CARTESIAN_POINT ( 'NONE',  ( 4.062374697680000146, 4.134649384761999613, 0.06500000000427999525 ) ) ;
#45 = CARTESIAN_POINT ( 'NONE',  ( -1.198069858980999935, -1.758262820948999883, -0.1007988549970000036 ) ) ;
#46 = CARTESIAN_POINT ( 'NONE',  ( 2.109999999998999787, 0.2665934222500000450, -2.645122391829000108 ) ) ;
#47 = CARTESIAN_POINT ( 'NONE',  ( -2.850308754443999781, -2.901019284273000043, -3.399999999974999909 ) ) ;
#48 = CARTESIAN_POINT ( 'NONE',  ( 1.029178404377000255, 1.865001670073999973, -2.821964850695999782 ) ) ;
#49 = DIRECTION ( 'NONE',  ( -0.8660254037843289066, 0.5000000000001899592, 0.000000000000000000 ) ) ;
#50 = CC_DESIGN_PERSON_AND_ORGANIZATION_ASSIGNMENT ( #318, #219, ( #1637 ) ) ;
#51 = FACE_OUTER_BOUND ( 'NONE', #560, .T. ) ;
#52 = CARTESIAN_POINT ( 'NONE',  ( 1.945537119177999985, 0.8301282384339999654, -1.914256295027000121 ) ) ;
#53 = CARTESIAN_POINT ( 'NONE',  ( 3.756822801709000181, 2.720500886345000424, -0.6850000000039998538 ) ) ;
#54 = DIRECTION ( 'NONE',  ( 0.5000000000001900702, 0.8660254037843290176, 0.000000000000000000 ) ) ;
#55 = CARTESIAN_POINT ( 'NONE',  ( -1.611753891620999912, 1.381128947142999941, -2.388131245949999926 ) ) ;
#56 = CARTESIAN_POINT ( 'NONE',  ( -2.850308754472999695, 2.901019284245999863, -2.200000000025000180 ) ) ;
#57 = CARTESIAN_POINT ( 'NONE',  ( 0.7629164392289999874, -2.692037782534999923, -0.4749999999989999999 ) ) ;
#58 = CARTESIAN_POINT ( 'NONE',  ( 0.2355388344659999911, -1.883758377596999933, -3.200000000000000178 ) ) ;
#59 = DIRECTION ( 'NONE',  ( 0.000000000000000000, 0.000000000000000000, -1.000000000000000000 ) ) ;
#60 = CARTESIAN_POINT ( 'NONE',  ( 0.2531354668920000051, -2.098086644752999774, -0.7208287553320000818 ) ) ;
#61 = VECTOR ( 'NONE', #880, 1000.000000000000114 ) ;
#62 = CARTESIAN_POINT ( 'NONE',  ( 0.2982577059660000418, 2.088813612944000031, -3.200000000000000178 ) ) ;
#63 = PLANE ( 'NONE',  #774 ) ;
#64 = CARTESIAN_POINT ( 'NONE',  ( -2.097345977347667922, -0.2340229888827689009, -1.596819051566720660 ) ) ;
#65 = CARTESIAN_POINT ( 'NONE',  ( 2.098969135274999953, 0.2304055073079999960, -0.5470182947160000531 ) ) ;
#66 = CARTESIAN_POINT ( 'NONE',  ( -3.672608738517999960, 0.2632077020879999840, -0.02499999999814999860 ) ) ;
#67 = VERTEX_POINT ( 'NONE', #454 ) ;
#68 = LINE ( 'NONE', #617, #683 ) ;
#69 = CARTESIAN_POINT ( 'NONE',  ( -0.2194392515870000337, -2.104102711946999715, -0.7457697063570000173 ) ) ;
#70 = CARTESIAN_POINT ( 'NONE',  ( 1.645336663041000014, -1.107638051418999847, -1.824999999999999956 ) ) ;
#71 = CARTESIAN_POINT ( 'NONE',  ( -1.522757829034999899, -1.467749641654000126, -0.4053622311410000068 ) ) ;
#72 = CARTESIAN_POINT ( 'NONE',  ( 1.323393440920999975, 1.649715656026000010, -1.441110113968000039 ) ) ;
#73 = CARTESIAN_POINT ( 'NONE',  ( 1.691839668397999930, -1.273193701355999963, -2.031060889358999866 ) ) ;
#74 = CARTESIAN_POINT ( 'NONE',  ( -0.2623281643770000171, -2.103418329230000161, -3.129640459205000003 ) ) ;
#75 = CARTESIAN_POINT ( 'NONE',  ( -2.076063214210788210, 0.3902818624048952634, -0.9299001139277225381 ) ) ;
#76 = ADVANCED_FACE ( 'NONE', ( #760 ), #1446, .T. ) ;
#77 = ORIENTED_EDGE ( 'NONE', *, *, #495, .F. ) ;
#78 = CARTESIAN_POINT ( 'NONE',  ( 1.087339199434999903, -3.836800541705999823, -2.889999999998999591 ) ) ;
#79 = CARTESIAN_POINT ( 'NONE',  ( 2.080007589971000215, -0.4659198375219999466, -0.5837995309169999869 ) ) ;
#80 = CARTESIAN_POINT ( 'NONE',  ( -1.645336663039999925, 0.4219573529215645546, -2.828571428571430957 ) ) ;
#81 = CARTESIAN_POINT ( 'NONE',  ( 0.09917434444162000207, -2.112613000700000132, -0.02897121516938000116 ) ) ;
#82 = EDGE_CURVE ( 'NONE', #1360, #702, #799, .T. ) ;
#83 = CARTESIAN_POINT ( 'NONE',  ( -2.109999959450092888, -4.277482502316326540E-13, -1.190801332671756807 ) ) ;
#84 = CARTESIAN_POINT ( 'NONE',  ( 1.942608299373000058, 0.8852671092550000731, -0.5114989279670000277 ) ) ;
#85 = DIRECTION ( 'NONE',  ( 1.000000000000000000, 0.000000000000000000, 0.000000000000000000 ) ) ;
#86 = ORIENTED_EDGE ( 'NONE', *, *, #1287, .F. ) ;
#87 = CARTESIAN_POINT ( 'NONE',  ( -2.344999999999999751, -1.578650308429000004, -3.040000000000000036 ) ) ;
#88 = CARTESIAN_POINT ( 'NONE',  ( 2.026943030209999996, 0.5947031445599999522, -1.927409154858000129 ) ) ;
#89 = PLANE ( 'NONE',  #740 ) ;
#90 = CARTESIAN_POINT ( 'NONE',  ( -1.928085928093999923, -0.8692325088940000555, -0.4436023063160000057 ) ) ;
#91 = CIRCLE ( 'NONE', #150, 2.109999999999999876 ) ;
#92 = CARTESIAN_POINT ( 'NONE',  ( 0.9621312960310000051, 1.890588437229999919, -1.418246135153000020 ) ) ;
#93 = CARTESIAN_POINT ( 'NONE',  ( 0.9211183005259999668, -1.910579651412999791, -2.084141188028999725 ) ) ;
#94 = CARTESIAN_POINT ( 'NONE',  ( -0.1952725756430000181, 2.106639977818000276, -2.755505452655000020 ) ) ;
#95 = CARTESIAN_POINT ( 'NONE',  ( 3.500000000000000000, -2.020725942163999811, 0.000000000000000000 ) ) ;
#96 = EDGE_LOOP ( 'NONE', ( #1617, #1687, #1275, #1516 ) ) ;
#97 = CARTESIAN_POINT ( 'NONE',  ( -3.672608738521999872, -0.2632077020660000266, -3.475000000019000002 ) ) ;
#98 = EDGE_CURVE ( 'NONE', #518, #904, #287, .T. ) ;
#99 = MANIFOLD_SOLID_BREP ( 'abed9879febd[1]', #1690 ) ;
#100 = CARTESIAN_POINT ( 'NONE',  ( 0.8663240872905496603, 1.646021530344639938, -3.028571428571267710 ) ) ;
#101 = CARTESIAN_POINT ( 'NONE',  ( -2.065618922023999993, -0.4523327506259999797, -0.4667842613640000304 ) ) ;
#102 = CARTESIAN_POINT ( 'NONE',  ( 1.088878733045000047, 1.819709354525999911, -1.425867045289999968 ) ) ;
#103 = CARTESIAN_POINT ( 'NONE',  ( 1.771262059516000020, -1.163551982472000201, -2.023944310799000057 ) ) ;
#104 = DIRECTION ( 'NONE',  ( -0.8660254037843289066, 0.5000000000001899592, 0.000000000000000000 ) ) ;
#105 = VERTEX_POINT ( 'NONE', #1521 ) ;
#106 = CARTESIAN_POINT ( 'NONE',  ( 2.344999999999999751, 3.819167204710999825E-14, -4.165000000000000036 ) ) ;
#107 = EDGE_CURVE ( 'NONE', #1413, #1802, #112, .T. ) ;
#108 = CARTESIAN_POINT ( 'NONE',  ( -0.03459043848880467842, 2.040847087342153809, 0.000000000000000000 ) ) ;
#109 = CARTESIAN_POINT ( 'NONE',  ( 2.109999999999999876, -0.1247766041830000172, -1.265786868751000105 ) ) ;
#110 = DIRECTION ( 'NONE',  ( 0.000000000000000000, 0.000000000000000000, -1.000000000000000000 ) ) ;
#111 = CARTESIAN_POINT ( 'NONE',  ( -1.131957402151999803, 1.796169308735000136, -2.703159627543999743 ) ) ;
#112 = B_SPLINE_CURVE_WITH_KNOTS ( 'NONE', 7,
 ( #643, #1340, #661, #225, #65, #1504, #1785, #1757, #84, #516, #651, #1139, #575, #1676, #1684, #1537, #1529, #404, #685, #1557, #966, #699, #1694, #1112, #1256, #692, #1120, #422, #144, #1129, #973, #1, #565, #1799, #256, #1002, #824, #540, #1385, #1669, #263, #994, #282, #1392 ),
 .UNSPECIFIED., .F., .F.,
 ( 8, 6, 6, 6, 6, 6, 6, 8 ),
 ( 0.000000000000000000, 0.03045417103791000016, 0.1623473946629999942, 0.2490840723649999922, 0.3403687073499999660, 0.4324802608989999908, 0.4885837319390000100, 0.5000115671216872615 ),
 .UNSPECIFIED. ) ;
#113 = CARTESIAN_POINT ( 'NONE',  ( -1.658200729765999970, -1.349428970686000095, -1.114734292517999936 ) ) ;
#114 = EDGE_LOOP ( 'NONE', ( #552, #943, #407, #578 ) ) ;
#115 = CARTESIAN_POINT ( 'NONE',  ( 0.7629164392339999878, -2.692037782534999923, -2.574999999995000177 ) ) ;
#116 = CARTESIAN_POINT ( 'NONE',  ( -0.7833301955570000086, 1.777496685033999935, 0.000000000000000000 ) ) ;
#117 = CARTESIAN_POINT ( 'NONE',  ( 2.024281353172999953, -0.6167743756379999720, -1.292140330380999957 ) ) ;
#118 = FACE_OUTER_BOUND ( 'NONE', #1395, .T. ) ;
#119 = CARTESIAN_POINT ( 'NONE',  ( 1.321382869116999981, 1.667196150054000015, -2.140544509885999869 ) ) ;
#120 = AXIS2_PLACEMENT_3D ( 'NONE', #680, #1760, #1658 ) ;
#121 = CARTESIAN_POINT ( 'NONE',  ( -0.6961863891109999480, -2.005001171098999890, -1.053022700799000066 ) ) ;
#122 = VERTEX_POINT ( 'NONE', #849 ) ;
#123 = CARTESIAN_POINT ( 'NONE',  ( -2.054096731047940327, 0.4997172287536056912, -1.635781665432793686 ) ) ;
#124 = DIRECTION ( 'NONE',  ( -1.098835820790999913E-16, 1.000000000000000000, 0.000000000000000000 ) ) ;
#125 = CARTESIAN_POINT ( 'NONE',  ( -0.3176860752010000066, 2.090843056874000183, -3.167405328666000219 ) ) ;
#126 = LINE ( 'NONE', #1417, #1161 ) ;
#127 = PRODUCT_RELATED_PRODUCT_CATEGORY ( 'detail', '', ( #1333 ) ) ;
#128 = CARTESIAN_POINT ( 'NONE',  ( -2.109999989344961246, 1.751145750758173469E-12, -3.009199131748323985 ) ) ;
#129 = CARTESIAN_POINT ( 'NONE',  ( -0.5460509369789999790, -2.051847723348999786, -1.044777911494000122 ) ) ;
#130 = VERTEX_POINT ( 'NONE', #985 ) ;
#131 = CARTESIAN_POINT ( 'NONE',  ( -1.364109833017999929, 1.621905960395999990, -1.706324661700999945 ) ) ;
#132 = CARTESIAN_POINT ( 'NONE',  ( -0.3907410635140000088, -2.081437493553000007, -1.736498166245999952 ) ) ;
#133 = CARTESIAN_POINT ( 'NONE',  ( 2.441352484924450561, 0.0001436370650910847105, -0.3499999999999544031 ) ) ;
#134 = CARTESIAN_POINT ( 'NONE',  ( 3.500000000000000000, -2.020725942163999811, 0.000000000000000000 ) ) ;
#135 = CYLINDRICAL_SURFACE ( 'NONE', #1600, 2.109999999999999876 ) ;
#136 = CARTESIAN_POINT ( 'NONE',  ( -2.107683379788610090, -0.1120924277699245492, -3.003279693792615390 ) ) ;
#137 = EDGE_CURVE ( 'NONE', #653, #1292, #126, .T. ) ;
#138 = CARTESIAN_POINT ( 'NONE',  ( 0.3532970265729999393, -2.088186992623000116, -0.9971164163150000315 ) ) ;
#139 = ORIENTED_EDGE ( 'NONE', *, *, #1103, .T. ) ;
#140 = CARTESIAN_POINT ( 'NONE',  ( 1.386320363242000031, 1.386317130886999927, -3.200000000000000178 ) ) ;
#141 = CARTESIAN_POINT ( 'NONE',  ( 2.098355606614999758, -0.2932634638250000148, -1.556284607368999984 ) ) ;
#142 = CARTESIAN_POINT ( 'NONE',  ( -1.477203022074000005, 1.038916130980999997, 0.000000000000000000 ) ) ;
#143 = CARTESIAN_POINT ( 'NONE',  ( 2.109999999999999876, 5.168009492401999050E-16, -1.259198667835000007 ) ) ;
#144 = CARTESIAN_POINT ( 'NONE',  ( -1.662277412884999972, 1.322988378285000044, -0.2840996787879999652 ) ) ;
#145 = CARTESIAN_POINT ( 'NONE',  ( 2.109999999999999876, 5.168009492401999050E-16, -2.940801343357000164 ) ) ;
#146 = CARTESIAN_POINT ( 'NONE',  ( -1.708155269383000219, -1.255805449743000013, -2.520178620072000442 ) ) ;
#147 = ORIENTED_EDGE ( 'NONE', *, *, #1441, .T. ) ;
#148 = CARTESIAN_POINT ( 'NONE',  ( 1.712249074698000140, -0.2442439391620000178, -3.200000000000000178 ) ) ;
#149 = CYLINDRICAL_SURFACE ( 'NONE', #1633, 2.109999999999999876 ) ;
#150 = AXIS2_PLACEMENT_3D ( 'NONE', #490, #209, #896 ) ;
#151 = CARTESIAN_POINT ( 'NONE',  ( 0.4317710080019999674, 2.075360673391000166, -0.6886862078140000287 ) ) ;
#152 = ADVANCED_BREP_SHAPE_REPRESENTATION ( 'hexagon_nut_M4_thread', ( #99, #391 ), #447 ) ;
#153 = ADVANCED_FACE ( 'NONE', ( #1147 ), #1281, .T. ) ;
#154 = CARTESIAN_POINT ( 'NONE',  ( 3.672608738542999962, -0.2632077020699999936, -1.074999999999999956 ) ) ;
#155 = CARTESIAN_POINT ( 'NONE',  ( 2.109999999999999876, 5.168009492401999050E-16, -2.659198656643000369 ) ) ;
#156 = CARTESIAN_POINT ( 'NONE',  ( -0.3009967405910000116, 2.097890644625000078, -2.468307279922000053 ) ) ;
#157 = ORIENTED_EDGE ( 'NONE', *, *, #953, .T. ) ;
#158 = LINE ( 'NONE', #5, #1279 ) ;
#159 = CARTESIAN_POINT ( 'NONE',  ( 1.261355768371000163, -1.701158446277000191, -1.644732534485999764 ) ) ;
#160 = CC_DESIGN_PERSON_AND_ORGANIZATION_ASSIGNMENT ( #1813, #556, ( #1333 ) ) ;
#161 = CARTESIAN_POINT ( 'NONE',  ( -3.672608738517999960, -0.2632077020699999936, -1.375000000001000089 ) ) ;
#162 = CARTESIAN_POINT ( 'NONE',  ( -1.645336663039999925, 1.107638051418999847, -0.7750000000000000222 ) ) ;
#163 = LINE ( 'NONE', #333, #359 ) ;
#164 = CARTESIAN_POINT ( 'NONE',  ( 1.551777753367999946, 1.472328468641999955, -2.574712373735000170 ) ) ;
#165 = CARTESIAN_POINT ( 'NONE',  ( 0.7629164392339999878, -2.692037782534999923, -2.574999999995000177 ) ) ;
#166 = LINE ( 'NONE', #1032, #511 ) ;
#167 = CARTESIAN_POINT ( 'NONE',  ( 1.258526269988999857, -1.186406223927000125, -3.200000000000000178 ) ) ;
#168 = ORIENTED_EDGE ( 'NONE', *, *, #564, .F. ) ;
#169 = CARTESIAN_POINT ( 'NONE',  ( 0.8422222605500000459, -2.215294807966999624, -1.900000000001999867 ) ) ;
#170 = CARTESIAN_POINT ( 'NONE',  ( -1.262162788889999998, 1.703618068543999886, -0.5947799897119999679 ) ) ;
#171 = CARTESIAN_POINT ( 'NONE',  ( 0.000000000000000000, 0.000000000000000000, 0.000000000000000000 ) ) ;
#172 = CARTESIAN_POINT ( 'NONE',  ( -2.106720211538483767, 0.1205071198742917599, -1.897167102976219599 ) ) ;
#173 = CARTESIAN_POINT ( 'NONE',  ( 1.555407845730000016, -1.468202673831999983, -0.9250024964940000149 ) ) ;
#174 = CARTESIAN_POINT ( 'NONE',  ( -4.062374697729000061, 4.134649384748000145, -1.885000000018999922 ) ) ;
#175 = CARTESIAN_POINT ( 'NONE',  ( -3.756822801749000185, 2.720500886345000424, -1.764999999995999991 ) ) ;
#176 = CARTESIAN_POINT ( 'NONE',  ( 0.08680808503753999206, -1.919784597058999731, -3.200000000000000178 ) ) ;
#177 = ORIENTED_EDGE ( 'NONE', *, *, #137, .F. ) ;
#178 = VECTOR ( 'NONE', #179, 1000.000000000000000 ) ;
#179 = DIRECTION ( 'NONE',  ( 0.000000000000000000, 0.000000000000000000, -1.000000000000000000 ) ) ;
#180 = CARTESIAN_POINT ( 'NONE',  ( 0.7629164392289999874, 2.692037782538999835, -0.9250000000000000444 ) ) ;
#181 = LOCAL_TIME ( 10, 32, 39.00000000000000000, #1619 ) ;
#182 = CARTESIAN_POINT ( 'NONE',  ( 2.345000000000999840, -1.578650308429000004, 0.5900000000000000799 ) ) ;
#183 = DIRECTION ( 'NONE',  ( 0.000000000000000000, 0.000000000000000000, 1.000000000000000000 ) ) ;
#184 = ADVANCED_FACE ( 'NONE', ( #118 ), #1806, .F. ) ;
#185 = CARTESIAN_POINT ( 'NONE',  ( -2.109039639654447740, 0.06875453224539980479, -2.312829274652647982 ) ) ;
#186 = CARTESIAN_POINT ( 'NONE',  ( 1.902837983066999882E-11, -6.102623828612999901, -3.009999999980999874 ) ) ;
#187 = CARTESIAN_POINT ( 'NONE',  ( 1.364330115245999897, 1.622616231380000107, -2.843656725438000077 ) ) ;
#188 = FACE_OUTER_BOUND ( 'NONE', #14, .T. ) ;
#189 = ORIENTED_EDGE ( 'NONE', *, *, #1096, .F. ) ;
#190 = B_SPLINE_SURFACE_WITH_KNOTS ( 'NONE', 14, 1, ( 
 ( #480, #1060 ),
 ( #1303, #1049 ),
 ( #1608, #169 ),
 ( #1618, #346 ),
 ( #915, #1207 ),
 ( #1725, #449 ),
 ( #1016, #598 ),
 ( #307, #875 ),
 ( #32, #459 ),
 ( #1025, #1589 ),
 ( #963, #218 ),
 ( #78, #115 ),
 ( #926, #500 ),
 ( #87, #1525 ),
 ( #509, #246 ),
 ( #1499, #1069 ),
 ( #934, #228 ),
 ( #803, #1666 ),
 ( #366, #820 ),
 ( #1216, #1639 ),
 ( #1109, #236 ),
 ( #811, #1789 ),
 ( #1507, #97 ),
 ( #793, #1361 ),
 ( #394, #783 ),
 ( #1382, #528 ),
 ( #1372, #665 ),
 ( #106, #1628 ) ),
 .UNSPECIFIED., .F., .F., .F.,
 ( 15, 13, 15 ),
 ( 2, 2 ),
 ( 0.000000000000000000, 9.483087029538999957, 18.96617405907699805 ),
 ( 0.000000000000000000, 1.000000000000000000 ),
 .UNSPECIFIED. ) ;
#191 = CARTESIAN_POINT ( 'NONE',  ( 2.110000000002000053, -0.2318031576920000225, -0.1530405318589999897 ) ) ;
#192 = SECURITY_CLASSIFICATION_LEVEL ( 'unclassified' ) ;
#193 = CARTESIAN_POINT ( 'NONE',  ( -0.8428418444780000351, 1.945504331832999867, -0.6202387887069999994 ) ) ;
#194 = CARTESIAN_POINT ( 'NONE',  ( -5.234349714121999675, 0.3751342052069999711, 0.2899999999960000130 ) ) ;
#195 = CARTESIAN_POINT ( 'NONE',  ( -2.109999968942338100, 0.02009510474843509420, -1.891862374567908622 ) ) ;
#196 = CARTESIAN_POINT ( 'NONE',  ( -0.4515905288069999579, 2.073120469298999957, -2.460294283881000243 ) ) ;
#197 = CARTESIAN_POINT ( 'NONE',  ( 2.345000000000999840, -1.578650308429000004, -1.510000000000000009 ) ) ;
#198 = CARTESIAN_POINT ( 'NONE',  ( -2.344999999999999751, 1.578650308429000004, -1.090000000000000080 ) ) ;
#199 = ADVANCED_FACE ( 'NONE', ( #411 ), #1264, .F. ) ;
#200 = ORIENTED_EDGE ( 'NONE', *, *, #1135, .T. ) ;
#201 = CARTESIAN_POINT ( 'NONE',  ( 0.6375839013752886419, 2.011364404752920443, 4.255493527005604903E-15 ) ) ;
#202 = CARTESIAN_POINT ( 'NONE',  ( -1.715144491621000133, -1.247747319555000178, -0.8391355258670001316 ) ) ;
#203 = CARTESIAN_POINT ( 'NONE',  ( 1.411054872587347075, 1.609185445681892146, -0.04618168011167501225 ) ) ;
#204 = CARTESIAN_POINT ( 'NONE',  ( -7.424026671073999086E-16, -4.041451884326999533, -3.200000000000000178 ) ) ;
#205 = CARTESIAN_POINT ( 'NONE',  ( -2.109155690470168487, -0.07815360842387039653, -1.605072109103015121 ) ) ;
#206 = CARTESIAN_POINT ( 'NONE',  ( -2.344999999999999751, -1.578650308429000004, -2.409999999999999698 ) ) ;
#207 = CARTESIAN_POINT ( 'NONE',  ( -0.8422222605550000463, 2.215294807964999890, -0.8499999999999999778 ) ) ;
#208 = ORIENTED_EDGE ( 'NONE', *, *, #1381, .F. ) ;
#209 = DIRECTION ( 'NONE',  ( 0.000000000000000000, 0.000000000000000000, -1.000000000000000000 ) ) ;
#210 = CARTESIAN_POINT ( 'NONE',  ( -0.8926031924760000624, -1.924300264193999910, -0.7825916214470000076 ) ) ;
#211 = AXIS2_PLACEMENT_3D ( 'NONE', #666, #937, #349 ) ;
#212 = CARTESIAN_POINT ( 'NONE',  ( -7.424026671073999086E-16, -4.041451884326999533, 0.000000000000000000 ) ) ;
#213 = CARTESIAN_POINT ( 'NONE',  ( 0.5605558257290745861, -2.034375843633324354, -0.004244681513488854016 ) ) ;
#214 = CARTESIAN_POINT ( 'NONE',  ( -2.041585730028744550, 0.6125631897819578953, -1.223300580791850889 ) ) ;
#215 = CARTESIAN_POINT ( 'NONE',  ( 1.842527648284000064, -1.048305793910999872, -2.016828132951000274 ) ) ;
#216 = CARTESIAN_POINT ( 'NONE',  ( 2.109999999999999876, -1.421359640813999883E-15, -1.959199115360999777 ) ) ;
#217 = ORIENTED_EDGE ( 'NONE', *, *, #370, .T. ) ;
#218 = CARTESIAN_POINT ( 'NONE',  ( 2.635922512659000017, -1.908801641853999920, -2.500000000010000001 ) ) ;
#219 = PERSON_AND_ORGANIZATION_ROLE ( 'creator' ) ;
#220 = CARTESIAN_POINT ( 'NONE',  ( 1.814495763487999902, -1.118532421390999954, -0.6206933727779999632 ) ) ;
#221 = EDGE_CURVE ( 'NONE', #1802, #1068, #1546, .T. ) ;
#222 = DIRECTION ( 'NONE',  ( 1.000000000000000000, 0.000000000000000000, 0.000000000000000000 ) ) ;
#223 = CARTESIAN_POINT ( 'NONE',  ( 1.041706567114000004, -1.857828413954000002, -0.2588812929820000219 ) ) ;
#224 = CARTESIAN_POINT ( 'NONE',  ( -0.2631774639700000251, 2.095771565480999854, -1.351887292058999934 ) ) ;
#225 = CARTESIAN_POINT ( 'NONE',  ( 2.104482815410000374, 0.1729451938209999873, -0.5500633671459999041 ) ) ;
#226 = CARTESIAN_POINT ( 'NONE',  ( -0.8589491365979999848, -1.937883148629999885, -3.162265767782999948 ) ) ;
#227 = ORIENTED_EDGE ( 'NONE', *, *, #1103, .F. ) ;
#228 = CARTESIAN_POINT ( 'NONE',  ( 0.7629164392269999206, 2.692037782541000013, -3.025000000003999823 ) ) ;
#229 = CARTESIAN_POINT ( 'NONE',  ( 2.093296171078999901, 0.3006779457379999965, -1.943304298756999948 ) ) ;
#230 = CARTESIAN_POINT ( 'NONE',  ( -1.295741680104482096, 1.230998717406040388, -2.885714285713969041 ) ) ;
#231 = CARTESIAN_POINT ( 'NONE',  ( -1.175839958084999859, -1.763502627125000055, -0.3813021717550000300 ) ) ;
#232 = CARTESIAN_POINT ( 'NONE',  ( 0.02773668238407000011, 2.114929632698999917, -1.367262004110999962 ) ) ;
#233 = CARTESIAN_POINT ( 'NONE',  ( -1.971863509127453229, -0.8139842243342523265, -2.265583686616802872 ) ) ;
#234 = CARTESIAN_POINT ( 'NONE',  ( -0.7156089453309999460, -1.997867503996000327, -3.154109127447000116 ) ) ;
#235 = VERTEX_POINT ( 'NONE', #1410 ) ;
#236 = CARTESIAN_POINT ( 'NONE',  ( 9.693338405527000182E-12, -4.281821205087000592, -3.325000000024999736 ) ) ;
#237 = CARTESIAN_POINT ( 'NONE',  ( 0.5539917945769999852, -2.044588998611999831, -0.7046943002739999296 ) ) ;
#238 = CARTESIAN_POINT ( 'NONE',  ( -0.06634599777793827313, 1.858900367122110486, -2.971428571428303300 ) ) ;
#239 = CARTESIAN_POINT ( 'NONE',  ( 0.6184242635446105529, -2.017437817527386379, -0.001061178728499151923 ) ) ;
#240 = AXIS2_PLACEMENT_3D ( 'NONE', #1322, #315, #1616 ) ;
#241 = CARTESIAN_POINT ( 'NONE',  ( -2.109999999999999876, -2.584004746200915215E-16, -3.200000000000000178 ) ) ;
#242 = CARTESIAN_POINT ( 'NONE',  ( 0.2384750595899999825, -2.100567603710999709, -2.121606905971999968 ) ) ;
#243 = CARTESIAN_POINT ( 'NONE',  ( 0.6470489517309999661, 2.025912668988000043, -2.800276839371000026 ) ) ;
#244 = ADVANCED_FACE ( 'NONE', ( #1564 ), #135, .F. ) ;
#245 = ORIENTED_EDGE ( 'NONE', *, *, #716, .F. ) ;
#246 = CARTESIAN_POINT ( 'NONE',  ( -1.645336663039999925, 1.107638051418999847, -2.875000000000000000 ) ) ;
#247 = CARTESIAN_POINT ( 'NONE',  ( 0.6375839013752886419, 2.011364404752920443, 4.255493527005604903E-15 ) ) ;
#248 = CARTESIAN_POINT ( 'NONE',  ( 1.297150159575999995, -1.673341780020999980, -1.360712631738999923 ) ) ;
#249 = CARTESIAN_POINT ( 'NONE',  ( 1.178066392619000036, -1.763783750730999911, -2.068602882515000019 ) ) ;
#250 = CARTESIAN_POINT ( 'NONE',  ( -1.881184726143000141, 0.9803406944790000743, -2.644327872009999858 ) ) ;
#251 = CARTESIAN_POINT ( 'NONE',  ( -2.088544468614999872, -0.3348119150709999992, -2.573089324493000429 ) ) ;
#252 = ORIENTED_EDGE ( 'NONE', *, *, #495, .T. ) ;
#253 = CARTESIAN_POINT ( 'NONE',  ( 1.105813506845809924, 1.797018777886689955, -0.02725774970101004988 ) ) ;
#254 = CARTESIAN_POINT ( 'NONE',  ( -1.124515191511999967, 1.799707706453999911, -3.121986209239000054 ) ) ;
#255 = CARTESIAN_POINT ( 'NONE',  ( 1.675131992537999936, -1.306786044586000006, -1.333015170026000007 ) ) ;
#256 = CARTESIAN_POINT ( 'NONE',  ( -2.063050992217999813, 0.4675117507219999635, -0.2340277343200000137 ) ) ;
#257 = CARTESIAN_POINT ( 'NONE',  ( 2.070186536701999813, 0.5425772418110000883, -2.212153205180000359 ) ) ;
#258 = CARTESIAN_POINT ( 'NONE',  ( -1.312068249649000151, -1.668840179957000069, -1.090079691358999847 ) ) ;
#259 = ORIENTED_EDGE ( 'NONE', *, *, #1117, .T. ) ;
#260 = CARTESIAN_POINT ( 'NONE',  ( 0.6456617211149999758, -2.013534655544000351, -1.681220147269000043 ) ) ;
#261 = DIRECTION ( 'NONE',  ( -1.000000000000000000, 3.296507462372000475E-16, 0.000000000000000000 ) ) ;
#262 = CARTESIAN_POINT ( 'NONE',  ( 1.981970886105000051, -0.7344798737490000340, -1.298728929638999885 ) ) ;
#263 = CARTESIAN_POINT ( 'NONE',  ( -2.109222767179263602, 0.06493359523560428281, -0.2126273580292963317 ) ) ;
#264 = CARTESIAN_POINT ( 'NONE',  ( 0.1239102790630000062, -2.110886774013000178, -2.827671707998999917 ) ) ;
#265 = VECTOR ( 'NONE', #882, 1000.000000000000000 ) ;
#266 = CARTESIAN_POINT ( 'NONE',  ( 2.109999999999999876, 5.168009492401999050E-16, -2.240801332165000215 ) ) ;
#267 = ORIENTED_EDGE ( 'NONE', *, *, #221, .T. ) ;
#268 = CC_DESIGN_APPROVAL ( #379, ( #458 ) ) ;
#269 = CARTESIAN_POINT ( 'NONE',  ( 1.476982490573999884, 1.261595094287000007, -3.200000000000000178 ) ) ;
#270 = CARTESIAN_POINT ( 'NONE',  ( -0.7447369594220000222, -1.992172193503000122, -1.755673841673000002 ) ) ;
#271 = CARTESIAN_POINT ( 'NONE',  ( 2.153804186675246868, 1.095536445289689409, -0.3000000000000265787 ) ) ;
#272 = EDGE_CURVE ( 'NONE', #130, #1360, #1248, .T. ) ;
#273 = CARTESIAN_POINT ( 'NONE',  ( -0.9722133417090000895, -1.880162519885999917, -1.487347842352999994 ) ) ;
#274 = CARTESIAN_POINT ( 'NONE',  ( 0.000000000000000000, 0.000000000000000000, 0.3499999999999999778 ) ) ;
#275 = CARTESIAN_POINT ( 'NONE',  ( 0.8212812193039999986, 1.953890053274000005, -2.110115159158999720 ) ) ;
#276 = CARTESIAN_POINT ( 'NONE',  ( -1.925522820877000107, -0.8750477345939999818, -2.543267350531999593 ) ) ;
#277 = ORIENTED_EDGE ( 'NONE', *, *, #1691, .T. ) ;
#278 = CARTESIAN_POINT ( 'NONE',  ( 0.2159553420129999846, 2.112255735596999973, -1.795557471358000035 ) ) ;
#279 = CARTESIAN_POINT ( 'NONE',  ( -0.5696606443949999710, -2.045591328535999676, -1.746086591125000087 ) ) ;
#280 = CARTESIAN_POINT ( 'NONE',  ( -1.645337447851999757, -8.264284304116001148E-08, 9.714451465470000167E-17 ) ) ;
#281 = DIRECTION ( 'NONE',  ( -1.098835820790999913E-16, 1.000000000000000000, 0.000000000000000000 ) ) ;
#282 = CARTESIAN_POINT ( 'NONE',  ( -2.109999973167931309, 0.02164631611377973441, -0.2103415924523611702 ) ) ;
#283 = CARTESIAN_POINT ( 'NONE',  ( 0.2291543329309999877, 2.107054213666999853, -2.077885788519000521 ) ) ;
#284 = CARTESIAN_POINT ( 'NONE',  ( -2.013206740298000064, -0.6403698724149999855, -2.556494792880000144 ) ) ;
#285 = ORIENTED_EDGE ( 'NONE', *, *, #942, .F. ) ;
#286 = CARTESIAN_POINT ( 'NONE',  ( 0.3824915028090000169, 2.088530845684999804, -1.804371383699000075 ) ) ;
#287 = B_SPLINE_CURVE_WITH_KNOTS ( 'NONE', 8,
 ( #789, #960, #1624, #1513, #233, #363, #669, #372, #1233, #1655, #921, #1213, #1221, #1635, #949, #1240, #1646, #931, #1098, #242, #497, #1203, #1366, #1066, #93, #940, #249, #1349, #808, #1377, #73, #103, #215, #1077, #635, #1485, #506, #1496, #532, #1105, #1775, #780, #1661, #389 ),
 .UNSPECIFIED., .F., .F.,
 ( 9, 7, 7, 7, 7, 7, 9 ),
 ( 0.4999800597332678675, 0.6245844907390000200, 0.7342531946129999820, 0.7881920784500000554, 0.8769932709060000997, 0.9583343790499999626, 1.000000000000000000 ),
 .UNSPECIFIED. ) ;
#288 = DIRECTION ( 'NONE',  ( 1.000000000000000000, 1.098835820790999913E-16, 0.000000000000000000 ) ) ;
#289 = CARTESIAN_POINT ( 'NONE',  ( -2.080251363353180949, 0.3655728526869441719, -0.5101790587350917283 ) ) ;
#290 = CARTESIAN_POINT ( 'NONE',  ( 1.758992283590000193E-11, -4.281821205094999527, -1.225000000000999956 ) ) ;
#291 = CARTESIAN_POINT ( 'NONE',  ( 1.231067113133999857, -1.731826354696999859, -2.765380942443000034 ) ) ;
#292 = CARTESIAN_POINT ( 'NONE',  ( 1.731364736074000099, 1.268798102109999881, -2.588795419828000099 ) ) ;
#293 = ORIENTED_EDGE ( 'NONE', *, *, #1228, .F. ) ;
#294 = CARTESIAN_POINT ( 'NONE',  ( 0.7727676470411650733, 1.912474549260481105, -3.200000000000000178 ) ) ;
#295 = ADVANCED_FACE ( 'NONE', ( #899 ), #320, .T. ) ;
#296 = CARTESIAN_POINT ( 'NONE',  ( 0.4233960159229999687, -2.069081395427000203, -1.693316724483999947 ) ) ;
#297 = AXIS2_PLACEMENT_3D ( 'NONE', #171, #34, #222 ) ;
#298 = LOCAL_TIME ( 10, 32, 39.00000000000000000, #1104 ) ;
#299 = CARTESIAN_POINT ( 'NONE',  ( 1.645336663039999925, 1.107638051418999847, -1.675000000000000044 ) ) ;
#300 = CARTESIAN_POINT ( 'NONE',  ( -0.7629164392220000313, 2.692037782539999924, -1.525000000001000222 ) ) ;
#301 = LINE ( 'NONE', #869, #1715 ) ;
#302 = CARTESIAN_POINT ( 'NONE',  ( -3.500000000000000000, 2.020725942163999811, -3.200000000000000178 ) ) ;
#303 = CARTESIAN_POINT ( 'NONE',  ( -2.635922512682999930, 1.908801641842999830, -3.549999999987999644 ) ) ;
#304 = CARTESIAN_POINT ( 'NONE',  ( 1.034719412845999997, 1.843250637410999815, -1.841190315574999792 ) ) ;
#305 = CARTESIAN_POINT ( 'NONE',  ( 0.7646442151900000317, -1.658270620122000105, -3.200000000000000178 ) ) ;
#306 = ORIENTED_EDGE ( 'NONE', *, *, #1797, .F. ) ;
#307 = CARTESIAN_POINT ( 'NONE',  ( 2.189182168876999858E-11, 6.102623828649999638, -2.589999999998999769 ) ) ;
#308 = CARTESIAN_POINT ( 'NONE',  ( 2.109999999999999876, 0.000000000000000000, 0.3499999999999999778 ) ) ;
#309 = B_SPLINE_CURVE_WITH_KNOTS ( 'NONE', 7,
 ( #339, #1620, #510, #1753, #1609, #502, #1630, #367, #1650, #917, #927, #1345, #766, #1481, #348, #794, #202, #1335, #520, #1093, #1492, #1072, #210, #1500, #1227, #358, #69, #1084, #1641, #906, #60, #237, #1199, #1470, #619, #639, #1209, #376, #220, #784, #1354, #79, #647, #1217 ),
 .UNSPECIFIED., .F., .F.,
 ( 8, 6, 6, 6, 6, 6, 6, 8 ),
 ( 0.5000016749012134998, 0.5020094075969999681, 0.5542372425860000451, 0.6344919949189999908, 0.7156658542690000901, 0.7780209314980000013, 0.8770197087339999253, 1.000000000000000000 ),
 .UNSPECIFIED. ) ;
#310 = CARTESIAN_POINT ( 'NONE',  ( 1.995168331520000171, -4.440892098500005920E-16, -1.592500000000000249 ) ) ;
#311 = CARTESIAN_POINT ( 'NONE',  ( -1.672923143787106159, -1.306793566921416794, -0.1353700962875493963 ) ) ;
#312 = CARTESIAN_POINT ( 'NONE',  ( -1.790826881727000108, 1.133491267117999968, -2.372081685423000241 ) ) ;
#313 = CARTESIAN_POINT ( 'NONE',  ( 1.200369046262999895, -3.157327276159999752, -1.585000000001999920 ) ) ;
#314 = CARTESIAN_POINT ( 'NONE',  ( -1.645336663039999925, 1.107638051418999847, -0.7750000000000000222 ) ) ;
#315 = DIRECTION ( 'NONE',  ( 0.000000000000000000, 0.000000000000000000, 1.000000000000000000 ) ) ;
#316 = ORIENTED_EDGE ( 'NONE', *, *, #1665, .F. ) ;
#317 = LINE ( 'NONE', #884, #1080 ) ;
#318 = PERSON_AND_ORGANIZATION ( #1644, #18446744073709551615 ) ;
#319 = CARTESIAN_POINT ( 'NONE',  ( -0.2111584985939999881, 2.105201908454000126, -0.6546655812389999829 ) ) ;
#320 = B_SPLINE_SURFACE_WITH_KNOTS ( 'NONE', 14, 1, ( 
 ( #1027, #1162 ),
 ( #1171, #182 ),
 ( #1727, #461 ),
 ( #1746, #1718 ),
 ( #482, #1326 ),
 ( #18, #194 ),
 ( #321, #1289 ),
 ( #887, #1051 ),
 ( #472, #44 ),
 ( #610, #1009 ),
 ( #1306, #1296 ),
 ( #25, #1180 ),
 ( #735, #1039 ),
 ( #1190, #1452 ),
 ( #162, #331 ),
 ( #600, #1154 ),
 ( #746, #1601 ),
 ( #1316, #53 ),
 ( #154, #1463 ),
 ( #757, #621 ),
 ( #290, #589 ),
 ( #858, #582 ),
 ( #1572, #1425 ),
 ( #1736, #1709 ),
 ( #300, #718 ),
 ( #726, #868 ),
 ( #440, #1432 ),
 ( #451, #1018 ) ),
 .UNSPECIFIED., .F., .F., .F.,
 ( 15, 13, 15 ),
 ( 2, 2 ),
 ( 0.000000000000000000, 9.483087029538999957, 18.96617405907699805 ),
 ( 0.000000000000000000, 1.000000000000000000 ),
 .UNSPECIFIED. ) ;
#321 = CARTESIAN_POINT ( 'NONE',  ( -2.850308754449999427, 2.901019284243000040, -0.1000000000030000086 ) ) ;
#322 = CARTESIAN_POINT ( 'NONE',  ( -3.500000000000000000, -2.020725942163999811, 0.000000000000000000 ) ) ;
#323 = CARTESIAN_POINT ( 'NONE',  ( -1.507487008210000035, 1.493115851533999949, -2.396155705724999585 ) ) ;
#324 = ORIENTED_EDGE ( 'NONE', *, *, #8, .F. ) ;
#325 = CARTESIAN_POINT ( 'NONE',  ( 1.813107195981000119, 1.120979229028999935, -2.879160052885000098 ) ) ;
#326 = CARTESIAN_POINT ( 'NONE',  ( -1.603721151692000024, 1.380313058788000147, -0.9883577963239997821 ) ) ;
#327 = ORIENTED_EDGE ( 'NONE', *, *, #1819, .T. ) ;
#328 = VECTOR ( 'NONE', #1062, 1000.000000000000114 ) ;
#329 = DIRECTION ( 'NONE',  ( 0.000000000000000000, 0.000000000000000000, -1.000000000000000000 ) ) ;
#330 = CARTESIAN_POINT ( 'NONE',  ( -1.645336663039999925, -0.7384253676126432131, -0.6500000000000016875 ) ) ;
#331 = CARTESIAN_POINT ( 'NONE',  ( -2.344999999999999751, 1.578650308429000004, -0.4600000000000000200 ) ) ;
#332 = EDGE_CURVE ( 'NONE', #37, #616, #1581, .T. ) ;
#333 = CARTESIAN_POINT ( 'NONE',  ( -2.109999999999999876, -2.584004746200915215E-16, 0.3499999999999999778 ) ) ;
#334 = CARTESIAN_POINT ( 'NONE',  ( 0.8642264422770000731, 1.934564942669000143, -2.530991015134000044 ) ) ;
#335 = LINE ( 'NONE', #1445, #61 ) ;
#336 = CARTESIAN_POINT ( 'NONE',  ( 3.172040408117000113E-11, 6.102623828633999992, -0.4899999999880000345 ) ) ;
#337 = ORIENTED_EDGE ( 'NONE', *, *, #1548, .T. ) ;
#338 = CARTESIAN_POINT ( 'NONE',  ( -3.500000000000000000, 2.020725942163999811, 0.000000000000000000 ) ) ;
#339 = CARTESIAN_POINT ( 'NONE',  ( -2.109999998725926140, 3.804766835690750765E-08, -0.9091991185046117696 ) ) ;
#340 = CARTESIAN_POINT ( 'NONE',  ( 1.482397487466000197, -0.7138849151969999252, -3.200000000000000178 ) ) ;
#341 = CARTESIAN_POINT ( 'NONE',  ( -1.334400943029000031, 1.652804777871000219, -1.990072830423000205 ) ) ;
#342 = CARTESIAN_POINT ( 'NONE',  ( -1.774914110548866164, 1.172401766391176103, -1.255795798110076023 ) ) ;
#343 = CARTESIAN_POINT ( 'NONE',  ( 3.672608738536000228, -0.2632077020640000153, -3.175000000015999468 ) ) ;
#344 = CARTESIAN_POINT ( 'NONE',  ( 3.672608738542999962, -0.2632077020699999936, -1.074999999999999956 ) ) ;
#345 = CARTESIAN_POINT ( 'NONE',  ( 2.109999999999999876, 0.2377329858519999783, -1.246646373392999996 ) ) ;
#346 = CARTESIAN_POINT ( 'NONE',  ( -0.7629164392170000308, -2.692037782534999923, -1.974999999994000222 ) ) ;
#347 = CALENDAR_DATE ( 2026, 14, 9 ) ;
#348 = CARTESIAN_POINT ( 'NONE',  ( -1.875052183760999913, -0.9873960636929998147, -0.8551861130879999662 ) ) ;
#349 = DIRECTION ( 'NONE',  ( 1.000000000000000000, 0.000000000000000000, 0.000000000000000000 ) ) ;
#350 = CARTESIAN_POINT ( 'NONE',  ( -0.9047303286689999391, -1.918902797659999937, -0.3648907010720000010 ) ) ;
#351 = CARTESIAN_POINT ( 'NONE',  ( -1.872762905307000292, -1.043921545582999988, -1.552515473868999907 ) ) ;
#352 = CARTESIAN_POINT ( 'NONE',  ( 1.200369046262999895, 3.157327276158000018, -3.385000000001999965 ) ) ;
#353 = CARTESIAN_POINT ( 'NONE',  ( -1.410234573150329185, -1.570321808625547044, -3.197322152643490512 ) ) ;
#354 = CARTESIAN_POINT ( 'NONE',  ( -2.109999991020420573, 0.07840978524909322789, -0.9133391738355666201 ) ) ;
#355 = ORIENTED_EDGE ( 'NONE', *, *, #272, .T. ) ;
#356 = CARTESIAN_POINT ( 'NONE',  ( -1.645337447851999757, -8.264284304116001148E-08, 9.714451465470000167E-17 ) ) ;
#357 = APPROVAL_DATE_TIME ( #629, #980 ) ;
#358 = CARTESIAN_POINT ( 'NONE',  ( -0.3364447047820000036, -2.086348460316999720, -0.7520050687189999694 ) ) ;
#359 = VECTOR ( 'NONE', #1155, 1000.000000000000000 ) ;
#360 = CARTESIAN_POINT ( 'NONE',  ( 2.016757104662135980, 0.7164107989427060952, -0.1029534713436699722 ) ) ;
#361 = CARTESIAN_POINT ( 'NONE',  ( -0.05010755958588999914, -2.114478804705000048, -0.3184423395809999890 ) ) ;
#362 = CARTESIAN_POINT ( 'NONE',  ( 1.525285229065000081, 1.463743951607000104, -1.455603369094000010 ) ) ;
#363 = CARTESIAN_POINT ( 'NONE',  ( -1.881383828957006621, -1.002477553547120870, -2.254681638754003625 ) ) ;
#364 = CARTESIAN_POINT ( 'NONE',  ( -3.500000000000000000, -2.020725942163999811, 0.000000000000000000 ) ) ;
#365 = VERTEX_POINT ( 'NONE', #1442 ) ;
#366 = CARTESIAN_POINT ( 'NONE',  ( 5.234349714159000300, -0.3751342051899999586, -3.489999999985999857 ) ) ;
#367 = CARTESIAN_POINT ( 'NONE',  ( -2.108584524028000118, -0.1255161457689999982, -0.9025714537250000280 ) ) ;
#368 = CYLINDRICAL_SURFACE ( 'NONE', #860, 2.109999999999999876 ) ;
#369 = CARTESIAN_POINT ( 'NONE',  ( 0.4030868554940000292, -2.073650300081999909, -0.01281384867724000114 ) ) ;
#370 = EDGE_CURVE ( 'NONE', #1794, #1206, #1305, .T. ) ;
#371 = CARTESIAN_POINT ( 'NONE',  ( 1.209578570522000129, 1.739214779024999880, -1.433488414871999961 ) ) ;
#372 = CARTESIAN_POINT ( 'NONE',  ( -1.641225810440151811, -1.342052721183654596, -2.232869323403697592 ) ) ;
#373 = CARTESIAN_POINT ( 'NONE',  ( 0.1330417741510000196, 2.108635076557999533, -2.772815613836999926 ) ) ;
#374 = EDGE_LOOP ( 'NONE', ( #1540, #227, #1648, #1268, #4, #306, #1024, #862, #1235 ) ) ;
#375 = FACE_OUTER_BOUND ( 'NONE', #1459, .T. ) ;
#376 = CARTESIAN_POINT ( 'NONE',  ( 1.673294359823999988, -1.306303875788999980, -0.6329967226520000212 ) ) ;
#377 = CARTESIAN_POINT ( 'NONE',  ( -0.8422222605560000241, -2.215294807966999624, -2.650000000002000089 ) ) ;
#378 = CARTESIAN_POINT ( 'NONE',  ( 2.080289645014000044, -0.4637198580140000082, -0.1652856534929999788 ) ) ;
#379 = APPROVAL ( #531, 'Coincidente' ) ;
#380 = CARTESIAN_POINT ( 'NONE',  ( -2.110000017728189903, 0.2051818062816717636, -1.201634925812629318 ) ) ;
#381 = CARTESIAN_POINT ( 'NONE',  ( 1.645336663039999925, 3.774758283726000032E-15, -3.850000000000000089 ) ) ;
#382 = CARTESIAN_POINT ( 'NONE',  ( 1.010909508769000098, -1.857620132062000051, -3.060288922169000170 ) ) ;
#383 = ORIENTED_EDGE ( 'NONE', *, *, #82, .F. ) ;
#384 = CARTESIAN_POINT ( 'NONE',  ( -0.6475249152650001117, -1.850534536562000065, 0.000000000000000000 ) ) ;
#385 = CARTESIAN_POINT ( 'NONE',  ( -1.645337447851999757, -8.264284304116001148E-08, 9.714451465470000167E-17 ) ) ;
#386 = VECTOR ( 'NONE', #1314, 1000.000000000000000 ) ;
#387 = ADVANCED_FACE ( 'NONE', ( #946 ), #89, .T. ) ;
#388 = APPROVAL_DATE_TIME ( #1798, #379 ) ;
#389 = CARTESIAN_POINT ( 'NONE',  ( 2.109999999999999876, -1.421359640813999883E-15, -1.959199115360999777 ) ) ;
#390 = CARTESIAN_POINT ( 'NONE',  ( -1.804504136005000037, 1.115207891173999766, -2.652466260040999835 ) ) ;
#391 = AXIS2_PLACEMENT_3D ( 'NONE', #972, #421, #1255 ) ;
#392 = CARTESIAN_POINT ( 'NONE',  ( -2.109949544872507410, -0.01510385878173880342, -2.590003389630102237 ) ) ;
#393 = ORIENTED_EDGE ( 'NONE', *, *, #705, .F. ) ;
#394 = CARTESIAN_POINT ( 'NONE',  ( -1.087339199427999947, 3.836800541713000001, -3.939999999995999591 ) ) ;
#395 = CARTESIAN_POINT ( 'NONE',  ( -1.666408797680999809, 0.3915982238099999790, 0.000000000000000000 ) ) ;
#396 = CARTESIAN_POINT ( 'NONE',  ( 1.434519230867000061, -1.563813161514000072, -1.351479238257999871 ) ) ;
#397 = DIRECTION ( 'NONE',  ( 0.000000000000000000, 0.000000000000000000, 1.000000000000000000 ) ) ;
#398 = CARTESIAN_POINT ( 'NONE',  ( -1.863924122770000080, -0.9972784427830000409, -2.954474383926000147 ) ) ;
#399 = CARTESIAN_POINT ( 'NONE',  ( 0.1800497198580000013, -2.107610305184999699, -2.406312745194999714 ) ) ;
#400 = ORIENTED_EDGE ( 'NONE', *, *, #1612, .T. ) ;
#401 = B_SPLINE_CURVE_WITH_KNOTS ( 'NONE', 7,
 ( #62, #1336, #928, #1642, #1493, #1355, #1085, #847, #1271, #958, #420, #125, #1821, #1555, #681, #991, #254, #1667, #403, #555, #563, #538, #1136, #1127, #838, #674, #1805, #1110, #1682, #1254, #1526, #1796 ),
 .UNSPECIFIED., .F., .F.,
 ( 8, 6, 6, 6, 6, 8 ),
 ( 0.2274132274391926500, 0.2322489066810000113, 0.2906725635829999765, 0.3750138707330000210, 0.4582406662480000836, 0.4999990228920998536 ),
 .UNSPECIFIED. ) ;
#402 = CARTESIAN_POINT ( 'NONE',  ( 0.000000000000000000, 0.000000000000000000, 0.3499999999999999778 ) ) ;
#403 = CARTESIAN_POINT ( 'NONE',  ( -1.379260430511000113, 1.604759354151999995, -3.105117886718999909 ) ) ;
#404 = CARTESIAN_POINT ( 'NONE',  ( 0.3405301656749999961, 2.093165423709000272, -0.4021840788239999798 ) ) ;
#405 = CARTESIAN_POINT ( 'NONE',  ( 2.109999999999999876, -0.2648233486119999647, -2.954784147407000017 ) ) ;
#406 = CARTESIAN_POINT ( 'NONE',  ( 0.06429941260584999541, -2.115373723335999934, -2.412418109100999963 ) ) ;
#407 = ORIENTED_EDGE ( 'NONE', *, *, #867, .F. ) ;
#408 = CARTESIAN_POINT ( 'NONE',  ( 1.200369046262000028, -3.157327276159999752, -0.1150000000010000106 ) ) ;
#409 = CARTESIAN_POINT ( 'NONE',  ( -1.971984160336844427, -0.8136380650854356800, -1.847204438321270237 ) ) ;
#410 = CARTESIAN_POINT ( 'NONE',  ( 0.4716570004771827862, 2.043314345072286820, 0.000000000000000000 ) ) ;
#411 = FACE_OUTER_BOUND ( 'NONE', #835, .T. ) ;
#412 = CARTESIAN_POINT ( 'NONE',  ( 2.020626362086999972, -0.6917094555999999672, -2.695963516561000084 ) ) ;
#413 = VECTOR ( 'NONE', #877, 1000.000000000000114 ) ;
#414 = CARTESIAN_POINT ( 'NONE',  ( -0.8416563310979998658, -1.945688314679000053, -1.061268159893000051 ) ) ;
#415 = ORIENTED_EDGE ( 'NONE', *, *, #1117, .F. ) ;
#416 = LOCAL_TIME ( 10, 32, 39.00000000000000000, #1384 ) ;
#417 = CARTESIAN_POINT ( 'NONE',  ( 1.050284349180348631, 1.721515705401404750, -3.200000000000000178 ) ) ;
#418 = CARTESIAN_POINT ( 'NONE',  ( 2.040246145033000058, -0.5822022750539999070, -1.571768117593000058 ) ) ;
#419 = B_SPLINE_CURVE_WITH_KNOTS ( 'NONE', 8,
 ( #1020, #46, #612, #737, #474, #292, #164, #1042, #1328, #334, #20, #623, #1748, #861, #1182, #901, #156, #196, #442, #759, #1030, #1444, #1309, #1298, #323, #55, #1192, #312, #1004, #1720, #1566, #1427, #879, #27, #889, #720, #584, #1455, #463, #185, #1156, #1711, #1012, #1574 ),
 .UNSPECIFIED., .F., .F.,
 ( 9, 7, 7, 7, 7, 7, 9 ),
 ( 0.000000000000000000, 0.1608848919789999943, 0.2497653031590000017, 0.3413485984049999811, 0.4330686725910000145, 0.4896074290509999649, 0.4999800597332678675 ),
 .UNSPECIFIED. ) ;
#420 = CARTESIAN_POINT ( 'NONE',  ( -0.2076954122889999865, 2.105594820272999712, -3.173247311534000303 ) ) ;
#421 = DIRECTION ( 'NONE',  ( 0.000000000000000000, 0.000000000000000000, 1.000000000000000000 ) ) ;
#422 = CARTESIAN_POINT ( 'NONE',  ( -1.547135043324000092, 1.455966084383000014, -0.2933096321800000017 ) ) ;
#423 = CARTESIAN_POINT ( 'NONE',  ( 0.3813572531859999448, 2.087315899850999745, -2.085943443514999718 ) ) ;
#424 = EDGE_CURVE ( 'NONE', #645, #653, #1621, .T. ) ;
#425 = CARTESIAN_POINT ( 'NONE',  ( -1.515180344183000072, -1.475660907320999859, -2.504785423662999833 ) ) ;
#426 = ORIENTED_EDGE ( 'NONE', *, *, #221, .F. ) ;
#427 = CARTESIAN_POINT ( 'NONE',  ( 1.284213641135999895, 1.501919480538000062, -3.200000000000000178 ) ) ;
#428 = CARTESIAN_POINT ( 'NONE',  ( -1.671776867388000021, -0.2597059530509999714, 0.000000000000000000 ) ) ;
#429 = CARTESIAN_POINT ( 'NONE',  ( -2.008683810896999766, 0.6659810051790000518, -0.5264836101790000278 ) ) ;
#430 = APPROVAL_DATE_TIME ( #744, #1125 ) ;
#431 = DIRECTION ( 'NONE',  ( 0.000000000000000000, 0.000000000000000000, -1.000000000000000000 ) ) ;
#432 = CC_DESIGN_PERSON_AND_ORGANIZATION_ASSIGNMENT ( #1520, #814, ( #458 ) ) ;
#433 = CARTESIAN_POINT ( 'NONE',  ( 1.872275829212999954, 1.057591323950000106, -2.183516123588999935 ) ) ;
#434 = CARTESIAN_POINT ( 'NONE',  ( -2.096701591242708052, -0.2389811412555338244, -1.178157792095362311 ) ) ;
#435 = VERTEX_POINT ( 'NONE', #658 ) ;
#436 = CARTESIAN_POINT ( 'NONE',  ( -1.834016655966000053, 1.060401971766999907, -1.667606256472999871 ) ) ;
#437 = CARTESIAN_POINT ( 'NONE',  ( 3.500000000000000000, -2.020725942163999811, 0.000000000000000000 ) ) ;
#438 = B_SPLINE_CURVE_WITH_KNOTS ( 'NONE', 8,
 ( #1542, #16, #580, #1533, #409, #1699, #1126, #970, #1134, #990, #1286, #1007, #270, #279, #132, #1261, #837, #1681, #1569, #1397, #1811, #296, #260, #979, #1689, #1407, #1430, #159, #846, #697, #1252, #1804, #828, #554, #545, #1270, #1820, #1116, #562, #418, #1415, #141, #706, #1277 ),
 .UNSPECIFIED., .F., .F.,
 ( 9, 7, 7, 7, 7, 7, 9 ),
 ( 0.4999539077934227471, 0.6245097532229999526, 0.7340842796119999569, 0.7889441948049999986, 0.8723581836849999549, 0.9115071107839999298, 1.000000000000000000 ),
 .UNSPECIFIED. ) ;
#439 = CARTESIAN_POINT ( 'NONE',  ( -2.109999995675968965, -3.066259269060567227E-16, -0.4908008765231151593 ) ) ;
#440 = CARTESIAN_POINT ( 'NONE',  ( 1.645336663039999925, 1.107638051418999847, -1.675000000000000044 ) ) ;
#441 = CARTESIAN_POINT ( 'NONE',  ( -2.079972538463896292, -0.4661341733573658441, -0.1845868734244012210 ) ) ;
#442 = CARTESIAN_POINT ( 'NONE',  ( -0.5997963668540000626, 2.036013852074999964, -2.452281879663000375 ) ) ;
#443 = CARTESIAN_POINT ( 'NONE',  ( 2.635922512674999663, 1.908801641840999874, -3.099999999991000177 ) ) ;
#444 = CARTESIAN_POINT ( 'NONE',  ( -1.896289818571999852, 0.9413364819610000600, -1.660542554602000065 ) ) ;
#445 = CARTESIAN_POINT ( 'NONE',  ( -1.166411832561737416, -1.723764899481536217, -3.200000000000000178 ) ) ;
#446 = AXIS2_PLACEMENT_3D ( 'NONE', #1334, #59, #753 ) ;
#447 =( GEOMETRIC_REPRESENTATION_CONTEXT ( 3 ) GLOBAL_UNCERTAINTY_ASSIGNED_CONTEXT ( ( #1091 ) ) GLOBAL_UNIT_ASSIGNED_CONTEXT ( ( #547, #1119, #848 ) ) REPRESENTATION_CONTEXT ( 'NONE', 'WORKASPACE' ) );
#448 = ADVANCED_FACE ( 'NONE', ( #1229 ), #368, .F. ) ;
#449 = CARTESIAN_POINT ( 'NONE',  ( -3.672608738500999781, 0.2632077020849999949, -2.124999999979999998 ) ) ;
#450 = CARTESIAN_POINT ( 'NONE',  ( 1.924555726624000096, 0.9285794386390000543, -0.7907388761630000928 ) ) ;
#451 = CARTESIAN_POINT ( 'NONE',  ( 1.645336663039999925, 8.437694987150998803E-15, -1.750000000000000000 ) ) ;
#452 = CARTESIAN_POINT ( 'NONE',  ( -1.362964932310000155, -1.624464429074000016, -0.1119355480789999968 ) ) ;
#453 = CARTESIAN_POINT ( 'NONE',  ( 0.7575243355999999872, -1.979870717536000191, -0.9750964675300000106 ) ) ;
#454 = CARTESIAN_POINT ( 'NONE',  ( 1.482397487466000197, -0.7138849151969999252, -3.200000000000000178 ) ) ;
#455 = CARTESIAN_POINT ( 'NONE',  ( 1.930035568957000125, 0.9152602715609999828, -2.891487840371000040 ) ) ;
#456 = CARTESIAN_POINT ( 'NONE',  ( -1.375808528199999881, 1.608136869503000055, -1.005372865617000011 ) ) ;
#457 = VERTEX_POINT ( 'NONE', #1218 ) ;
#458 = PRODUCT_DEFINITION ( 'General', '', #1637, #819 ) ;
#459 = CARTESIAN_POINT ( 'NONE',  ( 2.850308754392999688, 2.901019284246999952, -2.350000000022999913 ) ) ;
#460 = CARTESIAN_POINT ( 'NONE',  ( -1.645336663039999925, 1.107638051418999847, -0.7750000000000000222 ) ) ;
#461 = CARTESIAN_POINT ( 'NONE',  ( 1.200369046262000028, -3.157327276159999752, 0.5150000000000000133 ) ) ;
#462 = DIRECTION ( 'NONE',  ( 1.000000000000000000, 0.000000000000000000, 0.000000000000000000 ) ) ;
#463 = CARTESIAN_POINT ( 'NONE',  ( -2.108399536793551743, 0.08593328698312385772, -2.313736864837769858 ) ) ;
#464 = CARTESIAN_POINT ( 'NONE',  ( 5.234349714159000300, -0.3751342051899999586, -2.859999999987000052 ) ) ;
#465 = CARTESIAN_POINT ( 'NONE',  ( -2.635922512685999752, -1.908801641855999875, 0.04999999999896999336 ) ) ;
#466 = CARTESIAN_POINT ( 'NONE',  ( -0.6638146991530000651, 2.009552986501999872, -1.048637479427000141 ) ) ;
#467 = ORIENTED_EDGE ( 'NONE', *, *, #631, .T. ) ;
#468 = ADVANCED_FACE ( 'NONE', ( #1763 ), #1346, .F. ) ;
#469 = CYLINDRICAL_SURFACE ( 'NONE', #446, 2.109999999999999876 ) ;
#470 = DATE_AND_TIME ( #618, #181 ) ;
#471 = CARTESIAN_POINT ( 'NONE',  ( 2.109999999999999876, 5.168009492401999050E-16, -2.240801332165000215 ) ) ;
#472 = CARTESIAN_POINT ( 'NONE',  ( 2.850308754417000046, 2.901019284244000129, -0.2500000000029999891 ) ) ;
#473 = CARTESIAN_POINT ( 'NONE',  ( -7.424026671073999086E-16, -4.041451884326999533, 0.000000000000000000 ) ) ;
#474 = CARTESIAN_POINT ( 'NONE',  ( 1.880112594676000004, 1.040809479164999996, -2.602871440945999648 ) ) ;
#475 = CARTESIAN_POINT ( 'NONE',  ( -3.756822801735999917, 2.720500886342000157, -3.235000000009000232 ) ) ;
#476 = CARTESIAN_POINT ( 'NONE',  ( -1.087339199424000036, -3.836800541708000001, -0.1899999999980000187 ) ) ;
#477 = CARTESIAN_POINT ( 'NONE',  ( 0.8801438151239999730, -1.576965750832999946, -3.200000000000000178 ) ) ;
#478 = VERTEX_POINT ( 'NONE', #1771 ) ;
#479 = VECTOR ( 'NONE', #758, 1000.000000000000114 ) ;
#480 = CARTESIAN_POINT ( 'NONE',  ( 2.344999999999999751, 1.554312234474999853E-14, -2.064999999999999947 ) ) ;
#481 = CARTESIAN_POINT ( 'NONE',  ( 1.640091084243000097, 1.341356597988999866, -1.882837546149999985 ) ) ;
#482 = CARTESIAN_POINT ( 'NONE',  ( -2.635922512685999752, -1.908801641855999875, 0.04999999999896999336 ) ) ;
#483 = CARTESIAN_POINT ( 'NONE',  ( -1.693200533294000110, 1.310185717017999796, -1.964127595509000068 ) ) ;
#484 = CARTESIAN_POINT ( 'NONE',  ( -1.262526408810999978, 1.704257702560000087, -1.294787370536999882 ) ) ;
#485 = CARTESIAN_POINT ( 'NONE',  ( -5.234349714129000297, 0.3751342052139999828, -1.809999999983999963 ) ) ;
#486 = DIRECTION ( 'NONE',  ( 0.000000000000000000, 0.000000000000000000, -1.000000000000000000 ) ) ;
#487 = CARTESIAN_POINT ( 'NONE',  ( -1.447143071934000158, -1.535538007663999949, -3.200000000000000178 ) ) ;
#488 = EDGE_CURVE ( 'NONE', #37, #67, #537, .T. ) ;
#489 = ORIENTED_EDGE ( 'NONE', *, *, #564, .T. ) ;
#490 = CARTESIAN_POINT ( 'NONE',  ( 0.000000000000000000, 0.000000000000000000, -3.200000000000000178 ) ) ;
#491 = PERSON_AND_ORGANIZATION ( #1644, #18446744073709551615 ) ;
#492 = LINE ( 'NONE', #1050, #328 ) ;
#493 = CARTESIAN_POINT ( 'NONE',  ( 1.105813506845809924, 1.797018777886689955, -0.02725774970101004988 ) ) ;
#494 = CARTESIAN_POINT ( 'NONE',  ( -1.795139585433999985, -1.127730921873000058, -0.4283062847369999981 ) ) ;
#495 = EDGE_CURVE ( 'NONE', #1132, #1352, #821, .T. ) ;
#496 = CARTESIAN_POINT ( 'NONE',  ( -1.725628786976000084, -1.272485058937999902, -1.538440846484000035 ) ) ;
#497 = CARTESIAN_POINT ( 'NONE',  ( 0.3271072505659999852, -2.087777070536000146, -2.116887870035999875 ) ) ;
#498 = CARTESIAN_POINT ( 'NONE',  ( -3.756822801743000095, -2.720500886351000069, -0.2650000000050000137 ) ) ;
#499 = EDGE_LOOP ( 'NONE', ( #1657, #721, #1420, #189 ) ) ;
#500 = CARTESIAN_POINT ( 'NONE',  ( -0.8422222605560000241, -2.215294807966999624, -2.650000000002000089 ) ) ;
#501 = DATE_TIME_ROLE ( 'classification_date' ) ;
#502 = CARTESIAN_POINT ( 'NONE',  ( -2.109920064108194993, -0.01901099393034019758, -0.9081953244176166340 ) ) ;
#503 = CARTESIAN_POINT ( 'NONE',  ( 4.410871667914999743E-11, 4.281821205116999707, -2.274999999974000264 ) ) ;
#504 = CARTESIAN_POINT ( 'NONE',  ( 0.3026438381240000308, -2.092338627919000160, -0.01819970228052999670 ) ) ;
#505 = CARTESIAN_POINT ( 'NONE',  ( -0.1666603981360000042, 2.107249501274000014, -1.357012255974999970 ) ) ;
#506 = CARTESIAN_POINT ( 'NONE',  ( 2.055990448735999898, -0.4793428924049999984, -1.984717012433000027 ) ) ;
#507 = CARTESIAN_POINT ( 'NONE',  ( -0.9964585485379999774, -1.866288055460999962, -3.170422916433000005 ) ) ;
#508 = EDGE_LOOP ( 'NONE', ( #597, #267, #844, #672 ) ) ;
#509 = CARTESIAN_POINT ( 'NONE',  ( -2.344999999999999751, 1.578650308429000004, -3.189999999999999947 ) ) ;
#510 = CARTESIAN_POINT ( 'NONE',  ( -2.109992005796619274, -0.007604457917263321085, -0.9087975995042667510 ) ) ;
#511 = VECTOR ( 'NONE', #486, 1000.000000000000000 ) ;
#512 = APPROVAL_PERSON_ORGANIZATION ( #491, #1125, #1208 ) ;
#513 = CARTESIAN_POINT ( 'NONE',  ( -2.109999972197321938, 6.363433272069812796E-12, -2.309198667588156173 ) ) ;
#514 = CARTESIAN_POINT ( 'NONE',  ( -0.7602170602069999727, -1.978537603584999971, -0.3566848350229999687 ) ) ;
#515 = DIRECTION ( 'NONE',  ( 1.000000000000000000, 0.000000000000000000, 0.000000000000000000 ) ) ;
#516 = CARTESIAN_POINT ( 'NONE',  ( 1.828387888871999989, 1.111759469144999901, -0.4983098277950000488 ) ) ;
#517 = CARTESIAN_POINT ( 'NONE',  ( -2.099709036007778362, 0.2361169159617391988, -2.603276959018734793 ) ) ;
#518 = VERTEX_POINT ( 'NONE', #513 ) ;
#519 = CARTESIAN_POINT ( 'NONE',  ( -0.5053714187840000482, -1.910385869699999795, 0.000000000000000000 ) ) ;
#520 = CARTESIAN_POINT ( 'NONE',  ( -1.514168482517999959, -1.477326613375000042, -0.8230844917599999810 ) ) ;
#521 = DIRECTION ( 'NONE',  ( 0.000000000000000000, 0.000000000000000000, -1.000000000000000000 ) ) ;
#522 = CARTESIAN_POINT ( 'NONE',  ( 1.817235491648000023, -1.113685411929999924, -0.2020043972750000250 ) ) ;
#523 = CARTESIAN_POINT ( 'NONE',  ( 1.697555190058999797, 1.267627699049999945, -1.469348884851000125 ) ) ;
#524 = CARTESIAN_POINT ( 'NONE',  ( 1.645336663039999925, 1.107638051418999847, -3.775000000000000355 ) ) ;
#525 = CARTESIAN_POINT ( 'NONE',  ( -0.1075874901849999954, -2.112909331800999713, -3.121483277005000279 ) ) ;
#526 = CARTESIAN_POINT ( 'NONE',  ( -2.059180854815007233, 0.4669284510459978388, -0.9340402534292303605 ) ) ;
#527 = ORIENTED_EDGE ( 'NONE', *, *, #1588, .T. ) ;
#528 = CARTESIAN_POINT ( 'NONE',  ( 0.8422222605520000016, 2.215294807964999890, -3.699999999998000000 ) ) ;
#529 = EDGE_CURVE ( 'NONE', #1142, #235, #401, .T. ) ;
#530 = CARTESIAN_POINT ( 'NONE',  ( 1.701519682232979669, 0.5469034109440181757, -3.114285714285665030 ) ) ;
#531 = APPROVAL_STATUS ( 'not_yet_approved' ) ;
#532 = CARTESIAN_POINT ( 'NONE',  ( 2.084212541769999927, -0.3440716846680000329, -1.977426250610999858 ) ) ;
#533 = CARTESIAN_POINT ( 'NONE',  ( -1.946040977316999987, 0.8395239826610000344, -2.636189108652000179 ) ) ;
#534 = B_SPLINE_CURVE_WITH_KNOTS ( 'NONE', 7,
 ( #128, #1282, #1003, #136, #693, #850, #710, #825, #1807, #19, #1121, #1393, #398, #686, #1815, #1426, #558, #1547, #566, #1130, #1685, #967, #1257, #833, #1403, #1530, #700, #1565, #549, #264, #719, #995, #974, #1538, #1703, #291, #1273, #1265, #1558, #576, #412, #1411, #2, #155 ),
 .UNSPECIFIED., .F., .F.,
 ( 8, 6, 6, 6, 6, 6, 6, 8 ),
 ( 0.4999990228920998536, 0.5197318136920000553, 0.5879231159280000618, 0.6329258624479999762, 0.7190053032269999589, 0.7754680714389999840, 0.8774669473510000595, 1.000000000000000000 ),
 .UNSPECIFIED. ) ;
#535 = ORIENTED_EDGE ( 'NONE', *, *, #41, .T. ) ;
#536 = CARTESIAN_POINT ( 'NONE',  ( -1.328130756938999957, -1.279002264443000136, 0.000000000000000000 ) ) ;
#537 = B_SPLINE_CURVE_WITH_KNOTS ( 'NONE', 14,
 ( #632, #70, #640, #1782, #1094, #785, #1652, #503, #1237, #1501, #918, #1482, #377, #1509, #80, #1200, #230, #795, #1631, #238, #805, #100, #1790, #1472, #530, #648, #1610, #340 ),
 .UNSPECIFIED., .F., .F.,
 ( 15, 13, 15 ),
 ( 0.000000000000000000, 9.483087029538999957, 13.09569161222018074 ),
 .UNSPECIFIED. ) ;
#538 = CARTESIAN_POINT ( 'NONE',  ( -1.796348018581000128, 1.129273175329000178, -3.071717423209999964 ) ) ;
#539 = VECTOR ( 'NONE', #776, 1000.000000000000000 ) ;
#540 = CARTESIAN_POINT ( 'NONE',  ( -2.106115388671967459, 0.1297933312608782752, -0.2160556898222737165 ) ) ;
#541 = DIRECTION ( 'NONE',  ( -0.5000000000001900702, -0.8660254037843290176, 0.000000000000000000 ) ) ;
#542 = CC_DESIGN_SECURITY_CLASSIFICATION ( #983, ( #1637 ) ) ;
#543 = CARTESIAN_POINT ( 'NONE',  ( -2.108844195942999988, -0.1259004573040000130, -2.584152960386999709 ) ) ;
#544 = EDGE_LOOP ( 'NONE', ( #976, #40, #782, #1313 ) ) ;
#545 = CARTESIAN_POINT ( 'NONE',  ( 1.721841178328999966, -1.222530633024999869, -1.609587497294999947 ) ) ;
#546 = CARTESIAN_POINT ( 'NONE',  ( 3.500000000000000000, 2.020725942163999811, 0.000000000000000000 ) ) ;
#547 =( LENGTH_UNIT ( ) NAMED_UNIT ( * ) SI_UNIT ( .MILLI., .METRE. ) );
#548 = CARTESIAN_POINT ( 'NONE',  ( 0.000000000000000000, 0.000000000000000000, 0.3499999999999999778 ) ) ;
#549 = CARTESIAN_POINT ( 'NONE',  ( 0.01677396839703000284, -2.115362645001999997, -2.833317662022000416 ) ) ;
#550 = EDGE_CURVE ( 'NONE', #105, #653, #822, .T. ) ;
#551 = CARTESIAN_POINT ( 'NONE',  ( -0.1675515853860000126, -2.108640691054999738, -2.424628751725999898 ) ) ;
#552 = ORIENTED_EDGE ( 'NONE', *, *, #1665, .T. ) ;
#553 = CARTESIAN_POINT ( 'NONE',  ( 1.281406241787000022, 1.681135137445999961, -1.856753124831999946 ) ) ;
#554 = CARTESIAN_POINT ( 'NONE',  ( 1.683786514176999871, -1.275142996310999921, -1.613012505874000135 ) ) ;
#555 = CARTESIAN_POINT ( 'NONE',  ( -1.603623546791999921, 1.380338237683999880, -3.088362380843999944 ) ) ;
#556 = PERSON_AND_ORGANIZATION_ROLE ( 'design_owner' ) ;
#557 = DIRECTION ( 'NONE',  ( 1.000000000000000000, 0.000000000000000000, 0.000000000000000000 ) ) ;
#558 = CARTESIAN_POINT ( 'NONE',  ( -1.597246436013000093, -1.384001496151999744, -2.929655076490000010 ) ) ;
#559 = CARTESIAN_POINT ( 'NONE',  ( -0.05175690769454999868, -2.115717753004000112, -2.418523388605999802 ) ) ;
#560 = EDGE_LOOP ( 'NONE', ( #1532, #871, #86, #77 ) ) ;
#561 = CARTESIAN_POINT ( 'NONE',  ( -0.4812010660489999814, 2.063933147748999719, -1.758649739928999978 ) ) ;
#562 = CARTESIAN_POINT ( 'NONE',  ( 1.994148136746000111, -0.7223688640790000282, -1.579510045113999839 ) ) ;
#563 = CARTESIAN_POINT ( 'NONE',  ( -1.705356992011999973, 1.259150606640000003, -3.080039541518000412 ) ) ;
#564 = EDGE_CURVE ( 'NONE', #1405, #365, #1644, .T. ) ;
#565 = CARTESIAN_POINT ( 'NONE',  ( -2.004706162714000151, 0.6723879310209999183, -0.2452473076890000214 ) ) ;
#566 = CARTESIAN_POINT ( 'NONE',  ( -1.479125196463000114, -1.507166949721000071, -2.920655014237000024 ) ) ;
#567 = AXIS2_PLACEMENT_3D ( 'NONE', #1389, #1780, #1101 ) ;
#568 = CARTESIAN_POINT ( 'NONE',  ( -0.5562002236420000578, -2.041889317260999981, -2.445446234245000294 ) ) ;
#569 = ORIENTED_EDGE ( 'NONE', *, *, #1779, .F. ) ;
#570 = CARTESIAN_POINT ( 'NONE',  ( -0.1194319943910000098, 2.113220926856000048, -1.777927697199999990 ) ) ;
#571 = CARTESIAN_POINT ( 'NONE',  ( 2.474675557025000149E-16, 4.041451884326999533, -3.200000000000000178 ) ) ;
#572 = ADVANCED_FACE ( 'NONE', ( #1674 ), #971, .T. ) ;
#573 = CARTESIAN_POINT ( 'NONE',  ( -1.808712406771000092, 1.110639969661999960, -0.5521452261000000528 ) ) ;
#574 = APPROVAL_STATUS ( 'not_yet_approved' ) ;
#575 = CARTESIAN_POINT ( 'NONE',  ( 1.316932041147000021, 1.667385674195000167, -0.4587372362090000322 ) ) ;
#576 = CARTESIAN_POINT ( 'NONE',  ( 1.932182939839000246, -0.9099792521070000362, -2.708215603289000128 ) ) ;
#577 = CARTESIAN_POINT ( 'NONE',  ( -2.103662515710680303, -0.1709152115935273220, -1.181769762539109925 ) ) ;
#578 = ORIENTED_EDGE ( 'NONE', *, *, #1737, .F. ) ;
#579 = CARTESIAN_POINT ( 'NONE',  ( -0.6746851872269998829, 2.015656053512999701, -1.748183235476000075 ) ) ;
#580 = CARTESIAN_POINT ( 'NONE',  ( -2.086920000134021347, -0.4128949428092077989, -1.869000228462495583 ) ) ;
#581 = CARTESIAN_POINT ( 'NONE',  ( -2.107020717347576344, 0.1468093852843798952, -0.4985523046353599885 ) ) ;
#582 = CARTESIAN_POINT ( 'NONE',  ( -4.062374697753000419, -4.134649384772999703, -0.9850000000110000764 ) ) ;
#583 = CARTESIAN_POINT ( 'NONE',  ( 1.736257484392000006, -1.261266745662000144, -3.010740109599999936 ) ) ;
#584 = CARTESIAN_POINT ( 'NONE',  ( -2.106639842134806262, 0.1202662462029032014, -2.315551942888809833 ) ) ;
#585 = CARTESIAN_POINT ( 'NONE',  ( -0.7629164392170000308, -2.692037782534999923, -1.974999999994000222 ) ) ;
#586 = CARTESIAN_POINT ( 'NONE',  ( -1.041496988878999996, 1.856551133896000128, -1.727255579865000001 ) ) ;
#587 = CARTESIAN_POINT ( 'NONE',  ( -0.3001553475370000168, 2.092910321221999936, -1.068334115631000003 ) ) ;
#588 = CARTESIAN_POINT ( 'NONE',  ( 1.804164397810999798, 1.136568526613999985, -0.7782239155549999232 ) ) ;
#589 = CARTESIAN_POINT ( 'NONE',  ( 4.803287166412999901E-11, -6.102623828620999724, -0.9099999999890000524 ) ) ;
#590 = CARTESIAN_POINT ( 'NONE',  ( -0.2152629354710000054, 2.103590762119999624, -2.054429179556000129 ) ) ;
#591 = CC_DESIGN_DATE_AND_TIME_ASSIGNMENT ( #470, #501, ( #983 ) ) ;
#592 = CARTESIAN_POINT ( 'NONE',  ( 2.071766916359999655, -0.5316934911819999332, -0.8688748941299999640 ) ) ;
#593 = CARTESIAN_POINT ( 'NONE',  ( -1.087339199427999947, 3.836800541713000001, -3.309999999996000142 ) ) ;
#594 = CARTESIAN_POINT ( 'NONE',  ( -4.062374697738000862, 4.134649384759999435, -0.4150000000110000142 ) ) ;
#595 = AXIS2_PLACEMENT_3D ( 'NONE', #1469, #1598, #1480 ) ;
#596 = CARTESIAN_POINT ( 'NONE',  ( 0.1180409793520000028, 2.109289998907999397, -1.090422668435999887 ) ) ;
#597 = ORIENTED_EDGE ( 'NONE', *, *, #107, .T. ) ;
#598 = CARTESIAN_POINT ( 'NONE',  ( -2.850308754472999695, 2.901019284245999863, -2.200000000025000180 ) ) ;
#599 = CARTESIAN_POINT ( 'NONE',  ( -1.385463600512000015, 1.599507060799999936, -0.5862928189260000478 ) ) ;
#600 = CARTESIAN_POINT ( 'NONE',  ( -0.8422222605550000463, 2.215294807964999890, -0.8499999999999999778 ) ) ;
#601 = CARTESIAN_POINT ( 'NONE',  ( -1.950401385259999953, 0.8828645209979999464, -1.938198490170999877 ) ) ;
#602 = FACE_OUTER_BOUND ( 'NONE', #1578, .T. ) ;
#603 = CARTESIAN_POINT ( 'NONE',  ( 3.672608738561000230, 0.2632077020849999949, -2.424999999984000176 ) ) ;
#604 = CARTESIAN_POINT ( 'NONE',  ( 4.062374697664999701, -4.134649384773999792, -1.464999999990999946 ) ) ;
#605 = EDGE_CURVE ( 'NONE', #1405, #37, #1527, .T. ) ;
#606 = CARTESIAN_POINT ( 'NONE',  ( 0.01339821088280000044, 2.114281744268000196, -1.084900453093999850 ) ) ;
#607 = VERTEX_POINT ( 'NONE', #471 ) ;
#608 = CARTESIAN_POINT ( 'NONE',  ( 2.109999999999999876, -3.982651479448019696E-15, -0.1408013321649999872 ) ) ;
#609 = CARTESIAN_POINT ( 'NONE',  ( 2.078942416508999802, 0.4741262095759999906, -0.8157671648529999375 ) ) ;
#610 = CARTESIAN_POINT ( 'NONE',  ( 3.672608738542999962, 0.2632077020870000061, -0.3249999999979999998 ) ) ;
#611 = CARTESIAN_POINT ( 'NONE',  ( -1.018004194883999958, -1.872370638362000017, -0.08966478192601999575 ) ) ;
#612 = CARTESIAN_POINT ( 'NONE',  ( 2.071504470087999650, 0.5335011005939999107, -2.631029660738999798 ) ) ;
#613 = CARTESIAN_POINT ( 'NONE',  ( -3.756822801739000184, -2.720500886354999981, -1.735000000010000099 ) ) ;
#614 = CARTESIAN_POINT ( 'NONE',  ( 5.234349714177000124, -0.3751342051959999924, -1.390000000007000081 ) ) ;
#615 = CARTESIAN_POINT ( 'NONE',  ( 1.655553424644999883, 1.329571309145999969, -1.183870294125999978 ) ) ;
#616 = VERTEX_POINT ( 'NONE', #856 ) ;
#617 = CARTESIAN_POINT ( 'NONE',  ( -3.500000000000000000, -2.020725942163999811, -3.200000000000000178 ) ) ;
#618 = CALENDAR_DATE ( 2026, 14, 9 ) ;
#619 = CARTESIAN_POINT ( 'NONE',  ( 1.077926812444000015, -1.833345576529000098, -0.6749944207049999312 ) ) ;
#620 = B_SPLINE_CURVE_WITH_KNOTS ( 'NONE', 8,
 ( #1065, #1645, #1220, #930, #788, #1348, #1087, #660, #798, #1634, #1232, #1212, #523, #1376, #362, #72, #371, #102, #92, #939, #1774, #1654, #668, #642, #1495, #232, #1765, #505, #224, #1484, #1365, #1357, #1239, #1076, #484, #1613, #1054, #342, #1784, #910, #214, #1097, #380, #83 ),
 .UNSPECIFIED., .F., .F.,
 ( 9, 7, 7, 7, 7, 7, 9 ),
 ( 0.000000000000000000, 0.05299358245911000437, 0.1315493216979999880, 0.2186593921559999987, 0.2772390783500000011, 0.3762492505929999620, 0.5000353688765365456 ),
 .UNSPECIFIED. ) ;
#621 = CARTESIAN_POINT ( 'NONE',  ( 4.062374697664999701, -4.134649384773999792, -0.8350000000100000763 ) ) ;
#622 = CARTESIAN_POINT ( 'NONE',  ( -1.836073240751999958, 1.105115705005000004, -1.951163038390999915 ) ) ;
#623 = CARTESIAN_POINT ( 'NONE',  ( 0.5871904397669999165, 2.038924316162000316, -2.515438524010999988 ) ) ;
#624 = CARTESIAN_POINT ( 'NONE',  ( -2.635922512696000197, -1.908801641853999920, -2.050000000012000001 ) ) ;
#625 = CARTESIAN_POINT ( 'NONE',  ( 3.672608738542999962, 0.2632077020870000061, -0.3249999999979999998 ) ) ;
#626 = PLANE ( 'NONE',  #240 ) ;
#627 = ORIENTED_EDGE ( 'NONE', *, *, #529, .F. ) ;
#628 = DIRECTION ( 'NONE',  ( 0.000000000000000000, 0.000000000000000000, -1.000000000000000000 ) ) ;
#629 = DATE_AND_TIME ( #347, #1489 ) ;
#630 = CARTESIAN_POINT ( 'NONE',  ( -2.109999999999999876, -2.584004746200915215E-16, 0.3499999999999999778 ) ) ;
#631 = EDGE_CURVE ( 'NONE', #478, #616, #1295, .T. ) ;
#632 = CARTESIAN_POINT ( 'NONE',  ( 1.645336663039999925, 7.054383835760999284E-15, -1.750000000000000000 ) ) ;
#633 = CARTESIAN_POINT ( 'NONE',  ( 0.6375827421779999282, -2.011364769403999997, 6.071532165919001246E-18 ) ) ;
#634 = CARTESIAN_POINT ( 'NONE',  ( -2.057831758087000029, -0.5371177207999999759, -1.580680175159000056 ) ) ;
#635 = CARTESIAN_POINT ( 'NONE',  ( 1.958860490813999933, -0.8038714299739999625, -2.002595537174999940 ) ) ;
#636 = CARTESIAN_POINT ( 'NONE',  ( 4.803287166412999901E-11, -6.102623828620999724, -1.540000000010000036 ) ) ;
#637 = EDGE_LOOP ( 'NONE', ( #1259, #217, #147, #489 ) ) ;
#638 = DIRECTION ( 'NONE',  ( 1.000000000000000000, 0.000000000000000000, 0.000000000000000000 ) ) ;
#639 = CARTESIAN_POINT ( 'NONE',  ( 1.234974614310999863, -1.727984255657999846, -0.6650946610619999921 ) ) ;
#640 = CARTESIAN_POINT ( 'NONE',  ( 0.8422222605500000459, -2.215294807966999624, -1.900000000001999867 ) ) ;
#641 = CARTESIAN_POINT ( 'NONE',  ( 0.5411449950604708681, -2.039591946579964343, -0.005305830840521594260 ) ) ;
#642 = CARTESIAN_POINT ( 'NONE',  ( 0.2218656023950000000, 2.102154093700999926, -1.377511733584000142 ) ) ;
#643 = CARTESIAN_POINT ( 'NONE',  ( 2.109999999999999876, 5.168009492401999050E-16, -0.5591986566429999472 ) ) ;
#644 = CARTESIAN_POINT ( 'NONE',  ( -1.998553441254000029, 0.6940034438059999866, -2.628049946395000003 ) ) ;
#645 = VERTEX_POINT ( 'NONE', #876 ) ;
#646 = CARTESIAN_POINT ( 'NONE',  ( -0.7833240073240000934, -1.777500832564000044, 0.000000000000000000 ) ) ;
#647 = CARTESIAN_POINT ( 'NONE',  ( 2.109999999999999876, -0.2329007971360000095, -0.5714959341550001071 ) ) ;
#648 = CARTESIAN_POINT ( 'NONE',  ( 1.743562363515545943, 0.09702006617826297585, -3.142857142857098829 ) ) ;
#649 = CARTESIAN_POINT ( 'NONE',  ( -2.097942025187999882, -0.2584511404110000354, -0.4771408015439999595 ) ) ;
#650 = CARTESIAN_POINT ( 'NONE',  ( -2.104934829381416073, -0.1562198763877559182, -1.600945558370951760 ) ) ;
#651 = CARTESIAN_POINT ( 'NONE',  ( 1.683725690321999924, 1.320635915657999870, -0.4851228512000000381 ) ) ;
#652 = CARTESIAN_POINT ( 'NONE',  ( -0.5675882188460000810, -2.045698599554000019, -3.145953122876999686 ) ) ;
#653 = VERTEX_POINT ( 'NONE', #1037 ) ;
#654 = CARTESIAN_POINT ( 'NONE',  ( 0.3029876599268991333, -2.059145928928509228, 0.000000000000000000 ) ) ;
#655 = CARTESIAN_POINT ( 'NONE',  ( 1.814009890689000093, 1.098176960536999980, -1.898546432121000160 ) ) ;
#656 = VECTOR ( 'NONE', #1363, 1000.000000000000000 ) ;
#657 = VECTOR ( 'NONE', #1583, 1000.000000000000000 ) ;
#658 = CARTESIAN_POINT ( 'NONE',  ( 2.109999999999999876, 5.168009492401999050E-16, -2.940801343357000164 ) ) ;
#659 = CARTESIAN_POINT ( 'NONE',  ( 0.1568300589369999998, -2.106700808989999896, -0.3075270070270000322 ) ) ;
#660 = CARTESIAN_POINT ( 'NONE',  ( 2.022843825602000045, 0.6065580036569999667, -1.508346920339000086 ) ) ;
#661 = CARTESIAN_POINT ( 'NONE',  ( 2.108160904518999956, 0.1153435840799999917, -0.5531084688720000475 ) ) ;
#662 = CARTESIAN_POINT ( 'NONE',  ( -2.075755302578461414, 0.3920352904588707554, -2.611594268123397899 ) ) ;
#663 = EDGE_LOOP ( 'NONE', ( #1223, #1048, #1733, #1090, #883, #177 ) ) ;
#664 = EDGE_CURVE ( 'NONE', #1478, #1068, #978, .T. ) ;
#665 = CARTESIAN_POINT ( 'NONE',  ( 1.645336663039999925, 1.107638051418999847, -3.775000000000000355 ) ) ;
#666 = CARTESIAN_POINT ( 'NONE',  ( 0.000000000000000000, 0.000000000000000000, 0.3499999999999999778 ) ) ;
#667 = CARTESIAN_POINT ( 'NONE',  ( -2.012521289830000004, -0.6414636467980000534, -0.4564280481480000318 ) ) ;
#668 = CARTESIAN_POINT ( 'NONE',  ( 0.3180485723979999957, 2.088148930800999725, -1.382636675772999757 ) ) ;
#669 = CARTESIAN_POINT ( 'NONE',  ( -1.770582573667921933, -1.179339152727683970, -2.243776799685082590 ) ) ;
#670 = CARTESIAN_POINT ( 'NONE',  ( -1.212029723855866159, -1.728436780233875814, -3.183933159445800243 ) ) ;
#671 = CARTESIAN_POINT ( 'NONE',  ( -2.109994954055223637, -0.006041577829667556243, -2.590481887226636193 ) ) ;
#672 = ORIENTED_EDGE ( 'NONE', *, *, #1548, .F. ) ;
#673 = CARTESIAN_POINT ( 'NONE',  ( 0.4716574055935816023, -2.043314413831289311, 0.000000000000000000 ) ) ;
#674 = CARTESIAN_POINT ( 'NONE',  ( -2.058307454137074277, 0.4708761238967927865, -3.034253533277607495 ) ) ;
#675 = CARTESIAN_POINT ( 'NONE',  ( -0.1682405318220000223, -2.109953842079000275, -1.443082335278000006 ) ) ;
#676 = DIRECTION ( 'NONE',  ( 1.000000000000000000, 0.000000000000000000, 0.000000000000000000 ) ) ;
#677 = CARTESIAN_POINT ( 'NONE',  ( -1.716663840184999845, 1.242956641750999847, -2.660604894042999824 ) ) ;
#678 = CARTESIAN_POINT ( 'NONE',  ( -1.013790188440000017, -1.864901989300999707, -2.471267520197000245 ) ) ;
#679 = ORIENTED_EDGE ( 'NONE', *, *, #631, .F. ) ;
#680 = CARTESIAN_POINT ( 'NONE',  ( 0.000000000000000000, 0.000000000000000000, -3.200000000000000178 ) ) ;
#681 = CARTESIAN_POINT ( 'NONE',  ( -0.8390151366129999788, 1.947019205928999908, -3.138853408506000253 ) ) ;
#682 = VECTOR ( 'NONE', #431, 1000.000000000000000 ) ;
#683 = VECTOR ( 'NONE', #733, 1000.000000000000114 ) ;
#684 = CARTESIAN_POINT ( 'NONE',  ( -0.3359194489990000032, -2.094364984021000353, -1.451936052681999989 ) ) ;
#685 = CARTESIAN_POINT ( 'NONE',  ( 0.1763422039599999991, 2.109024269572000065, -0.3935102524460000195 ) ) ;
#686 = CARTESIAN_POINT ( 'NONE',  ( -1.751435885536999804, -1.179760947138000171, -2.943155359259999937 ) ) ;
#687 = CARTESIAN_POINT ( 'NONE',  ( -0.3924900999719999617, -2.085822777719000154, -1.036533117043999974 ) ) ;
#688 = ORIENTED_EDGE ( 'NONE', *, *, #1205, .F. ) ;
#689 = CARTESIAN_POINT ( 'NONE',  ( 1.618900806606999865, -0.4913705825920000048, -3.200000000000000178 ) ) ;
#690 = DIRECTION ( 'NONE',  ( 1.000000000000000000, 0.000000000000000000, 0.000000000000000000 ) ) ;
#691 = CARTESIAN_POINT ( 'NONE',  ( -1.408418194155999892, 1.162282658839999927, 0.000000000000000000 ) ) ;
#692 = CARTESIAN_POINT ( 'NONE',  ( -1.281769759532000119, 1.685109382372999898, -0.3117318156169999743 ) ) ;
#693 = CARTESIAN_POINT ( 'NONE',  ( -2.105367410708219200, -0.1494056043572105918, -3.001306596998496001 ) ) ;
#694 = CARTESIAN_POINT ( 'NONE',  ( -1.790864376653000134, -1.134745115100000090, -2.527874588946999790 ) ) ;
#695 = ORIENTED_EDGE ( 'NONE', *, *, #1230, .F. ) ;
#696 = FACE_OUTER_BOUND ( 'NONE', #374, .T. ) ;
#697 = CARTESIAN_POINT ( 'NONE',  ( 1.513822436941000049, -1.471274641465000199, -1.626712383277000074 ) ) ;
#698 = CARTESIAN_POINT ( 'NONE',  ( 2.154082248488129903, -1.095811620512408879, -0.3999999999998480882 ) ) ;
#699 = CARTESIAN_POINT ( 'NONE',  ( -0.5049275910359999342, 2.063348380547999739, -0.3574533267579999563 ) ) ;
#700 = CARTESIAN_POINT ( 'NONE',  ( -0.1973914949729999868, -2.105286997533999838, -2.844609519593999991 ) ) ;
#701 = CARTESIAN_POINT ( 'NONE',  ( 0.4905538767879999429, -2.062301644060999806, -0.9897761847770000232 ) ) ;
#702 = VERTEX_POINT ( 'NONE', #1744 ) ;
#703 = CARTESIAN_POINT ( 'NONE',  ( -0.8623629575469999864, 1.946234373023999931, -1.737718761405000034 ) ) ;
#704 = B_SPLINE_CURVE_WITH_KNOTS ( 'NONE', 8,
 ( #1767, #353, #1099, #1222, #922, #1786, #670, #781, #507, #226, #234, #652, #1350, #74, #525, #1776, #1078, #1647, #941, #1505, #1367, #382, #950, #1514, #583, #1677, #12, #1418, #405, #145 ),
 .UNSPECIFIED., .F., .F.,
 ( 9, 7, 7, 7, 9 ),
 ( 0.6297384092330766681, 0.6603369673350000246, 0.7535644659769999976, 0.8401677476019999702, 1.000000000000000000 ),
 .UNSPECIFIED. ) ;
#705 = EDGE_CURVE ( 'NONE', #904, #37, #492, .T. ) ;
#706 = CARTESIAN_POINT ( 'NONE',  ( 2.109999999999999876, -0.1466232344470000115, -1.548542623395000151 ) ) ;
#707 = CARTESIAN_POINT ( 'NONE',  ( -1.029545764767999971, 1.595010299622999783, 0.000000000000000000 ) ) ;
#708 = MECHANICAL_CONTEXT ( 'NONE', #1073, 'mechanical' ) ;
#709 = DIRECTION ( 'NONE',  ( -0.8660254037843289066, 0.5000000000001899592, 0.000000000000000000 ) ) ;
#710 = CARTESIAN_POINT ( 'NONE',  ( -2.098426070506736352, -0.2238404670270065233, -2.997360455264835633 ) ) ;
#711 = AXIS2_PLACEMENT_3D ( 'NONE', #274, #1814, #557 ) ;
#712 = CARTESIAN_POINT ( 'NONE',  ( 1.243640303834999905, -1.720728375201999949, -2.346102102264000511 ) ) ;
#713 = ORIENTED_EDGE ( 'NONE', *, *, #98, .F. ) ;
#714 = CARTESIAN_POINT ( 'NONE',  ( 2.344999999999999751, -3.996802888650999786E-15, 0.03499999999999999639 ) ) ;
#715 = CARTESIAN_POINT ( 'NONE',  ( 2.109999999999999876, 5.168009492401999050E-16, -0.8408013433570000750 ) ) ;
#716 = EDGE_CURVE ( 'NONE', #235, #1759, #1762, .T. ) ;
#717 = CARTESIAN_POINT ( 'NONE',  ( -2.092133171171922434, 0.2930380563961790252, -0.5063034334211006238 ) ) ;
#718 = CARTESIAN_POINT ( 'NONE',  ( -1.087339199420999991, 3.836800541710999823, -1.209999999998000009 ) ) ;
#719 = CARTESIAN_POINT ( 'NONE',  ( 0.2304841496960000069, -2.100097847615999935, -2.822025674079999824 ) ) ;
#720 = CARTESIAN_POINT ( 'NONE',  ( -2.099419302438000123, 0.2309004210719999839, -2.321405870218999912 ) ) ;
#721 = ORIENTED_EDGE ( 'NONE', *, *, #1308, .T. ) ;
#722 = DIRECTION ( 'NONE',  ( 0.000000000000000000, 0.000000000000000000, -1.000000000000000000 ) ) ;
#723 = CARTESIAN_POINT ( 'NONE',  ( -1.013421955340186198, -1.796581531098377038, -3.200000000000000178 ) ) ;
#724 = CARTESIAN_POINT ( 'NONE',  ( -1.288396928601781344, -1.476859048615985603, -0.6000000000000009770 ) ) ;
#725 = B_SPLINE_CURVE_WITH_KNOTS ( 'NONE', 7,
 ( #778, #1632, #1502, #806, #1201, #919, #1347, #1364, #649, #1374, #101, #1755, #667, #90, #1238, #494, #1064, #947, #71, #1622, #231, #1219, #350, #514, #796, #1086, #1211, #1764, #361, #929, #659, #1483, #1494, #1231, #223, #786, #1783, #1356, #522, #1095, #1653, #378, #191, #764 ),
 .UNSPECIFIED., .F., .F.,
 ( 8, 6, 6, 6, 6, 6, 6, 8 ),
 ( 0.4999997411049624252, 0.5047192489459999543, 0.5565038894560000449, 0.6329889497910000662, 0.7150513721790000554, 0.7696310502819999622, 0.8775992098010000353, 1.000000000000000000 ),
 .UNSPECIFIED. ) ;
#726 = CARTESIAN_POINT ( 'NONE',  ( 0.8422222605520000016, 2.215294807964999890, -1.600000000000000089 ) ) ;
#727 = CARTESIAN_POINT ( 'NONE',  ( -0.7581287478029999916, 1.979643794420000047, -2.025062543005000215 ) ) ;
#728 = CARTESIAN_POINT ( 'NONE',  ( 1.881651258138999916, -1.037476575253999833, -0.8969387145389999816 ) ) ;
#729 = CARTESIAN_POINT ( 'NONE',  ( 1.087339199434999903, -3.836800541705999823, -2.259999999997999609 ) ) ;
#730 = CARTESIAN_POINT ( 'NONE',  ( 2.109999999999999876, 5.168009492401999050E-16, -2.940801343357000164 ) ) ;
#731 = CARTESIAN_POINT ( 'NONE',  ( 0.5126086410629999701, -1.787257548211000024, -3.200000000000000178 ) ) ;
#732 = ORIENTED_EDGE ( 'NONE', *, *, #1651, .T. ) ;
#733 = DIRECTION ( 'NONE',  ( 0.8660254037843289066, -0.5000000000001899592, 0.000000000000000000 ) ) ;
#734 = CARTESIAN_POINT ( 'NONE',  ( 0.3897126177457576057, -2.206348334732834537, -0.4999999999998036571 ) ) ;
#735 = CARTESIAN_POINT ( 'NONE',  ( -0.8422222605540000684, -2.215294807966999624, -0.5500000000000000444 ) ) ;
#736 = CARTESIAN_POINT ( 'NONE',  ( -1.831393034651000058E-16, -3.662786069302000609E-17, -3.200000000000000178 ) ) ;
#737 = CARTESIAN_POINT ( 'NONE',  ( 1.994356231359000198, 0.7937264259089998886, -2.616947231516999928 ) ) ;
#738 = CARTESIAN_POINT ( 'NONE',  ( 4.410871667914999743E-11, 4.281821205116999707, -2.274999999974000264 ) ) ;
#739 = CARTESIAN_POINT ( 'NONE',  ( 2.109999999999999876, 0.2334567532450000094, -2.928474711086000326 ) ) ;
#740 = AXIS2_PLACEMENT_3D ( 'NONE', #212, #1063, #777 ) ;
#741 = APPLICATION_CONTEXT ( 'configuration controlled 3d designs of mechanical parts and assemblies' ) ;
#742 = CARTESIAN_POINT ( 'NONE',  ( 2.109999999999999876, 5.168009492401999050E-16, -1.259198667835000007 ) ) ;
#743 = CARTESIAN_POINT ( 'NONE',  ( 2.109999999999999876, 0.000000000000000000, 0.3499999999999999778 ) ) ;
#744 = DATE_AND_TIME ( #765, #1717 ) ;
#745 = CARTESIAN_POINT ( 'NONE',  ( 1.186078533958999870, 1.764927878483000034, -0.7316879170489999362 ) ) ;
#746 = CARTESIAN_POINT ( 'NONE',  ( 0.7629164392289999874, 2.692037782538999835, -0.9250000000000000444 ) ) ;
#747 = DIRECTION ( 'NONE',  ( 0.000000000000000000, 0.000000000000000000, -1.000000000000000000 ) ) ;
#748 = LINE ( 'NONE', #36, #1517 ) ;
#749 = CARTESIAN_POINT ( 'NONE',  ( 3.756822801720000271, -2.720500886357000159, -2.185000000004999610 ) ) ;
#750 = CARTESIAN_POINT ( 'NONE',  ( 1.203967084108999996, 1.753127835208000196, -2.832809590514000053 ) ) ;
#751 = CARTESIAN_POINT ( 'NONE',  ( 0.9868554010019998657, -1.485571451639999818, -3.200000000000000178 ) ) ;
#752 = ORIENTED_EDGE ( 'NONE', *, *, #797, .F. ) ;
#753 = DIRECTION ( 'NONE',  ( 1.000000000000000000, 0.000000000000000000, 0.000000000000000000 ) ) ;
#754 = PERSON_AND_ORGANIZATION ( #1644, #18446744073709551615 ) ;
#755 = CARTESIAN_POINT ( 'NONE',  ( -1.612642495030000234, 1.370301257441000065, -0.5692532741550000441 ) ) ;
#756 = EDGE_CURVE ( 'NONE', #924, #1413, #309, .T. ) ;
#757 = CARTESIAN_POINT ( 'NONE',  ( 2.850308754417999690, -2.901019284265999865, -1.149999999999999911 ) ) ;
#758 = DIRECTION ( 'NONE',  ( 0.8660254037843289066, 0.5000000000001899592, 0.000000000000000000 ) ) ;
#759 = CARTESIAN_POINT ( 'NONE',  ( -0.7444491356690000616, 1.986846250788999901, -2.444269480135000006 ) ) ;
#760 = FACE_OUTER_BOUND ( 'NONE', #1560, .T. ) ;
#761 = CARTESIAN_POINT ( 'NONE',  ( 0.7629164392289999874, 2.692037782538999835, -0.9250000000000000444 ) ) ;
#762 = CARTESIAN_POINT ( 'NONE',  ( 1.444007223879999913, -0.8382010278789999713, -3.200000000000000178 ) ) ;
#763 = EDGE_LOOP ( 'NONE', ( #426, #139, #818, #535, #415 ) ) ;
#764 = CARTESIAN_POINT ( 'NONE',  ( 2.109999999999999876, -3.982651479448019696E-15, -0.1408013321649999872 ) ) ;
#765 = CALENDAR_DATE ( 2026, 14, 9 ) ;
#766 = CARTESIAN_POINT ( 'NONE',  ( -2.021737606235000317, -0.6119315197589999533, -0.8764597643289999684 ) ) ;
#767 = CARTESIAN_POINT ( 'NONE',  ( 1.667090476181743997, 1.342148649096309265, -0.06510561052233999890 ) ) ;
#768 = PLANE ( 'NONE',  #1571 ) ;
#769 = CARTESIAN_POINT ( 'NONE',  ( -2.101560410561048808, -0.1951653403480118898, -1.598882293847662783 ) ) ;
#770 = CARTESIAN_POINT ( 'NONE',  ( -2.344999999999999751, 1.578650308429000004, -2.560000000000000053 ) ) ;
#771 = CARTESIAN_POINT ( 'NONE',  ( -2.850308754449999427, 2.901019284243000040, -0.1000000000030000086 ) ) ;
#772 = VERTEX_POINT ( 'NONE', #945 ) ;
#773 = B_SPLINE_CURVE_WITH_KNOTS ( 'NONE', 6,
 ( #1468, #762, #1714, #1196, #167, #1331, #751, #477, #305, #1448, #731, #58, #176, #1185, #1176, #1023, #1458, #1751, #723, #445, #1437, #487 ),
 .UNSPECIFIED., .F., .F.,
 ( 7, 5, 5, 5, 7 ),
 ( 0.000000000000000000, 0.2270766573979999814, 0.4659517023200000496, 0.7221621958670000341, 0.9999945304702758664 ),
 .UNSPECIFIED. ) ;
#774 = AXIS2_PLACEMENT_3D ( 'NONE', #878, #54, #1307 ) ;
#775 = CARTESIAN_POINT ( 'NONE',  ( 0.8016216015033971187, 1.959365971961146702, -0.009085916566997667004 ) ) ;
#776 = DIRECTION ( 'NONE',  ( 0.000000000000000000, 0.000000000000000000, -1.000000000000000000 ) ) ;
#777 = DIRECTION ( 'NONE',  ( 0.000000000000000000, 0.000000000000000000, -1.000000000000000000 ) ) ;
#778 = CARTESIAN_POINT ( 'NONE',  ( -2.109999995675968965, -3.066259269060567227E-16, -0.4908008765231151593 ) ) ;
#779 = DIRECTION ( 'NONE',  ( 0.000000000000000000, 0.000000000000000000, -1.000000000000000000 ) ) ;
#780 = CARTESIAN_POINT ( 'NONE',  ( 2.107418294092999744, -0.1380790215719999992, -1.966489852626000179 ) ) ;
#781 = CARTESIAN_POINT ( 'NONE',  ( -1.169906280679302801, -1.756698516402052768, -3.181255833408910050 ) ) ;
#782 = ORIENTED_EDGE ( 'NONE', *, *, #1038, .F. ) ;
#783 = CARTESIAN_POINT ( 'NONE',  ( -0.7629164392230000091, 2.692037782539999924, -3.625000000006000089 ) ) ;
#784 = CARTESIAN_POINT ( 'NONE',  ( 1.930885782184999844, -0.9131731857950000641, -0.6083949359199999352 ) ) ;
#785 = CARTESIAN_POINT ( 'NONE',  ( -3.672608738500999781, 0.2632077020849999949, -2.124999999979999998 ) ) ;
#786 = CARTESIAN_POINT ( 'NONE',  ( 1.214980929488000072, -1.745332328067000116, -0.2480842400119999958 ) ) ;
#787 = EDGE_CURVE ( 'NONE', #904, #772, #1553, .T. ) ;
#788 = CARTESIAN_POINT ( 'NONE',  ( 2.084959768787999934, 0.3502961213019999964, -1.522255566472999977 ) ) ;
#789 = CARTESIAN_POINT ( 'NONE',  ( -2.109999972197321938, 6.363433272069812796E-12, -2.309198667588156173 ) ) ;
#790 = CARTESIAN_POINT ( 'NONE',  ( -0.6783130566130000094, 2.004871256153999859, -2.729436651652000112 ) ) ;
#791 = CARTESIAN_POINT ( 'NONE',  ( -2.106600556303398264, 0.1568198492011691481, -0.9174794126414511641 ) ) ;
#792 = VERTEX_POINT ( 'NONE', #1576 ) ;
#793 = CARTESIAN_POINT ( 'NONE',  ( -3.756822801735999917, 2.720500886342000157, -3.865000000008000036 ) ) ;
#794 = CARTESIAN_POINT ( 'NONE',  ( -1.800607842886999821, -1.120894881097000084, -0.8471606107209999070 ) ) ;
#795 = CARTESIAN_POINT ( 'NONE',  ( -0.9574942494252017822, 1.548359083262707880, -2.914285714285406392 ) ) ;
#796 = CARTESIAN_POINT ( 'NONE',  ( -0.6114370395479999942, -2.025437412916999858, -0.3484784053189999842 ) ) ;
#797 = EDGE_CURVE ( 'NONE', #1142, #67, #1399, .T. ) ;
#798 = CARTESIAN_POINT ( 'NONE',  ( 1.951613649560000052, 0.8125549727949999967, -1.496838530257999844 ) ) ;
#799 = LINE ( 'NONE', #1792, #1543 ) ;
#800 = CARTESIAN_POINT ( 'NONE',  ( -2.109999999146023431, 1.241462803292946084E-08, -2.590800884409618643 ) ) ;
#801 = CARTESIAN_POINT ( 'NONE',  ( -1.705944020390999905, 1.258518029715999909, -0.9799942440709999980 ) ) ;
#802 = ORIENTED_EDGE ( 'NONE', *, *, #1552, .T. ) ;
#803 = CARTESIAN_POINT ( 'NONE',  ( 3.756822801719000182, 2.720500886340000424, -3.415000000008000303 ) ) ;
#804 = CARTESIAN_POINT ( 'NONE',  ( 2.076623354465000126, 0.3999143878879999892, -1.938006078661000053 ) ) ;
#805 = CARTESIAN_POINT ( 'NONE',  ( 0.4150369560130393043, 1.818397274302709254, -2.999999999999781952 ) ) ;
#806 = CARTESIAN_POINT ( 'NONE',  ( -2.109867489294304566, -0.02681305758360760447, -0.4893851249786809188 ) ) ;
#807 = DIRECTION ( 'NONE',  ( 0.000000000000000000, 0.000000000000000000, -1.000000000000000000 ) ) ;
#808 = CARTESIAN_POINT ( 'NONE',  ( 1.407963161847999967, -1.578413813087000239, -2.053063213079000082 ) ) ;
#809 = CARTESIAN_POINT ( 'NONE',  ( -1.618468636458999965, 1.362503549644999756, -2.668743998564999664 ) ) ;
#810 = ORIENTED_EDGE ( 'NONE', *, *, #756, .T. ) ;
#811 = CARTESIAN_POINT ( 'NONE',  ( -4.062374697726000683, -4.134649384780000325, -3.715000000018000126 ) ) ;
#812 = CARTESIAN_POINT ( 'NONE',  ( -1.671777145465000114, 0.2597048468969999635, 0.000000000000000000 ) ) ;
#813 = EDGE_CURVE ( 'NONE', #772, #1243, #158, .T. ) ;
#814 = PERSON_AND_ORGANIZATION_ROLE ( 'creator' ) ;
#815 = CARTESIAN_POINT ( 'NONE',  ( 0.000000000000000000, 0.000000000000000000, 0.3499999999999999778 ) ) ;
#816 = FACE_OUTER_BOUND ( 'NONE', #499, .T. ) ;
#817 = CARTESIAN_POINT ( 'NONE',  ( -2.069339805926000420, -0.4381205690000000152, -2.567557748576000165 ) ) ;
#818 = ORIENTED_EDGE ( 'NONE', *, *, #370, .F. ) ;
#819 = DESIGN_CONTEXT ( 'detailed design', #741, 'design' ) ;
#820 = CARTESIAN_POINT ( 'NONE',  ( 3.672608738536000228, -0.2632077020640000153, -3.175000000015999468 ) ) ;
#821 = B_SPLINE_CURVE_WITH_KNOTS ( 'NONE', 3,
 ( #1754, #907, #360, #767, #203, #493 ),
 .UNSPECIFIED., .F., .F.,
 ( 4, 2, 4 ),
 ( 0.000000000000000000, 0.5000000000000000000, 1.000000000000000000 ),
 .UNSPECIFIED. ) ;
#822 = LINE ( 'NONE', #546, #1342 ) ;
#823 = CARTESIAN_POINT ( 'NONE',  ( -0.6643030784929999655, -2.016793631991999902, -1.469641247228999914 ) ) ;
#824 = CARTESIAN_POINT ( 'NONE',  ( -2.096940436589000090, 0.2573493293910000257, -0.2228080662100000164 ) ) ;
#825 = CARTESIAN_POINT ( 'NONE',  ( -2.077835165619000168, -0.3890739152580000026, -2.988568993059000256 ) ) ;
#826 = CARTESIAN_POINT ( 'NONE',  ( -0.9812675163130000211, -1.874459164472000117, -1.069514157167999802 ) ) ;
#827 = ORIENTED_EDGE ( 'NONE', *, *, #942, .T. ) ;
#828 = CARTESIAN_POINT ( 'NONE',  ( 1.643898661817999818, -1.326396241533999820, -1.616437505102999994 ) ) ;
#829 = CARTESIAN_POINT ( 'NONE',  ( -1.288439242147844555, 1.476851171181749356, -0.1000000000001351058 ) ) ;
#830 = CIRCLE ( 'NONE', #120, 2.109999999999999876 ) ;
#831 = CARTESIAN_POINT ( 'NONE',  ( -0.5018468302559999650, -2.063226788442999560, -1.460788918613000087 ) ) ;
#832 = CARTESIAN_POINT ( 'NONE',  ( 2.474675557025000149E-16, 4.041451884326999533, 0.000000000000000000 ) ) ;
#833 = CARTESIAN_POINT ( 'NONE',  ( -0.7254763099860001008, -1.992562200238999770, -2.873117207155000408 ) ) ;
#834 = CARTESIAN_POINT ( 'NONE',  ( -2.106196634719269323, -0.1367894604953067139, -1.183575948726945937 ) ) ;
#835 = EDGE_LOOP ( 'NONE', ( #245, #157, #1168, #285, #1302 ) ) ;
#836 = CARTESIAN_POINT ( 'NONE',  ( 1.773237034674000068, 0.4360910296180000034, -3.200000000000000178 ) ) ;
#837 = CARTESIAN_POINT ( 'NONE',  ( -0.02875765231802000083, -2.113162687846999788, -1.717313522524999803 ) ) ;
#838 = CARTESIAN_POINT ( 'NONE',  ( -1.996917817777000170, 0.6994722673010000946, -3.046751153273000057 ) ) ;
#839 = CARTESIAN_POINT ( 'NONE',  ( 1.004798045318999966, -1.863526229257000066, -1.379127708443000033 ) ) ;
#840 = CARTESIAN_POINT ( 'NONE',  ( -2.109999999999999876, -2.584004746200915215E-16, 0.3499999999999999778 ) ) ;
#841 = ADVANCED_FACE ( 'NONE', ( #696 ), #866, .T. ) ;
#842 = CARTESIAN_POINT ( 'NONE',  ( 0.6785975331040000613, 2.010429409557999758, -2.102057525258000048 ) ) ;
#843 = CARTESIAN_POINT ( 'NONE',  ( -2.108098061804204448, -0.1026209027966777793, -1.185382223462026152 ) ) ;
#844 = ORIENTED_EDGE ( 'NONE', *, *, #664, .F. ) ;
#845 = CARTESIAN_POINT ( 'NONE',  ( 0.04807552871944000689, 2.120491790104999996, -1.786743001574999878 ) ) ;
#846 = CARTESIAN_POINT ( 'NONE',  ( 1.367882708441000128, -1.612481905646000024, -1.637434604698000173 ) ) ;
#847 = CARTESIAN_POINT ( 'NONE',  ( 0.1247111683750000144, 2.109215214406999550, -3.190773213434999978 ) ) ;
#848 =( NAMED_UNIT ( * ) SI_UNIT ( $, .STERADIAN. ) SOLID_ANGLE_UNIT ( ) );
#849 = CARTESIAN_POINT ( 'NONE',  ( 2.474675557025000149E-16, 4.041451884326999533, 0.000000000000000000 ) ) ;
#850 = CARTESIAN_POINT ( 'NONE',  ( -2.102281046833631706, -0.1866613459373041295, -2.999333520274826803 ) ) ;
#851 = EDGE_CURVE ( 'NONE', #1627, #645, #166, .T. ) ;
#852 = CARTESIAN_POINT ( 'NONE',  ( 2.080003129076999802, -0.4659546518549999572, -2.265403649466000147 ) ) ;
#853 = EDGE_LOOP ( 'NONE', ( #200, #1059, #874, #1550 ) ) ;
#854 = CARTESIAN_POINT ( 'NONE',  ( 1.357287981357000017, 1.618493849992000078, -1.861940823594999905 ) ) ;
#855 = CARTESIAN_POINT ( 'NONE',  ( -1.666408256052999803, -0.3915997850940000080, 0.000000000000000000 ) ) ;
#856 = CARTESIAN_POINT ( 'NONE',  ( 2.109999999999999876, -1.421359640813999883E-15, -1.540800884639000001 ) ) ;
#857 = B_SPLINE_CURVE_WITH_KNOTS ( 'NONE', 3,
 ( #1178, #1734, #775, #201 ),
 .UNSPECIFIED., .F., .F.,
 ( 4, 4 ),
 ( 0.000000000000000000, 1.000000000000000000 ),
 .UNSPECIFIED. ) ;
#858 = CARTESIAN_POINT ( 'NONE',  ( -2.850308754449999427, -2.901019284265999865, -1.299999999998999956 ) ) ;
#859 = CARTESIAN_POINT ( 'NONE',  ( 1.533337261862999901, 1.492967762205000160, -2.154878123067999862 ) ) ;
#860 = AXIS2_PLACEMENT_3D ( 'NONE', #1210, #521, #1074 ) ;
#861 = CARTESIAN_POINT ( 'NONE',  ( 0.2970836334669999523, 2.097896601501999747, -2.499886042448000278 ) ) ;
#862 = ORIENTED_EDGE ( 'NONE', *, *, #705, .T. ) ;
#863 = CARTESIAN_POINT ( 'NONE',  ( 1.716940957457999906, 0.7135623816010000509, -3.200000000000000178 ) ) ;
#864 = PLANE ( 'NONE',  #7 ) ;
#865 = CARTESIAN_POINT ( 'NONE',  ( 3.672608738542999962, -0.2632077020699999936, -1.074999999999999956 ) ) ;
#866 = B_SPLINE_SURFACE_WITH_KNOTS ( 'NONE', 14, 1, ( 
 ( #714, #15 ),
 ( #1293, #1810 ),
 ( #408, #1341 ),
 ( #476, #1044 ),
 ( #498, #465 ),
 ( #1067, #66 ),
 ( #594, #771 ),
 ( #336, #29 ),
 ( #1605, #1625 ),
 ( #1057, #625 ),
 ( #1194, #1585 ),
 ( #38, #57 ),
 ( #1436, #1741 ),
 ( #1022, #1311 ),
 ( #198, #314 ),
 ( #912, #207 ),
 ( #1722, #761 ),
 ( #891, #1750 ),
 ( #614, #344 ),
 ( #604, #1615 ),
 ( #636, #1166 ),
 ( #1175, #1447 ),
 ( #903, #1476 ),
 ( #175, #1330 ),
 ( #1320, #1184 ),
 ( #1467, #1204 ),
 ( #881, #1731 ),
 ( #1758, #872 ) ),
 .UNSPECIFIED., .F., .F., .F.,
 ( 15, 13, 15 ),
 ( 2, 2 ),
 ( 0.000000000000000000, 9.483087029538999957, 18.96617405907699805 ),
 ( 0.000000000000000000, 1.000000000000000000 ),
 .UNSPECIFIED. ) ;
#867 = EDGE_CURVE ( 'NONE', #435, #792, #886, .T. ) ;
#868 = CARTESIAN_POINT ( 'NONE',  ( 1.200369046260999939, 3.157327276159000107, -1.285000000001000009 ) ) ;
#869 = CARTESIAN_POINT ( 'NONE',  ( 2.474675557025000149E-16, 4.041451884326999533, 0.000000000000000000 ) ) ;
#870 = DIRECTION ( 'NONE',  ( 0.8660254037843289066, 0.5000000000001899592, 0.000000000000000000 ) ) ;
#871 = ORIENTED_EDGE ( 'NONE', *, *, #1280, .F. ) ;
#872 = CARTESIAN_POINT ( 'NONE',  ( 1.645336663039999925, 8.437694987150998803E-15, -1.750000000000000000 ) ) ;
#873 = CARTESIAN_POINT ( 'NONE',  ( 1.923412840167999960, 0.9313295180530001272, -1.208982641955000048 ) ) ;
#874 = ORIENTED_EDGE ( 'NONE', *, *, #851, .F. ) ;
#875 = CARTESIAN_POINT ( 'NONE',  ( 4.410871667914999743E-11, 4.281821205116999707, -2.274999999974000264 ) ) ;
#876 = CARTESIAN_POINT ( 'NONE',  ( 3.500000000000000000, -2.020725942163999811, -3.200000000000000178 ) ) ;
#877 = DIRECTION ( 'NONE',  ( 0.9118476033094167210, -2.315065891071501798E-14, 0.4105288641969922492 ) ) ;
#878 = CARTESIAN_POINT ( 'NONE',  ( 3.500000000000000000, 2.020725942163999811, 0.000000000000000000 ) ) ;
#879 = CARTESIAN_POINT ( 'NONE',  ( -2.052746995434000077, 0.5083749173610000449, -2.336245456686000033 ) ) ;
#880 = DIRECTION ( 'NONE',  ( -0.8660254037843289066, -0.5000000000001899592, 0.000000000000000000 ) ) ;
#881 = CARTESIAN_POINT ( 'NONE',  ( 2.345000000000999840, 1.578650308429000004, -1.989999999999999991 ) ) ;
#882 = DIRECTION ( 'NONE',  ( 0.000000000000000000, 0.000000000000000000, -1.000000000000000000 ) ) ;
#883 = ORIENTED_EDGE ( 'NONE', *, *, #1511, .F. ) ;
#884 = CARTESIAN_POINT ( 'NONE',  ( -7.424026671073999086E-16, -4.041451884326999533, 0.000000000000000000 ) ) ;
#885 = CARTESIAN_POINT ( 'NONE',  ( -2.635922512684999663, 1.908801641845000008, -1.449999999998999867 ) ) ;
#886 = B_SPLINE_CURVE_WITH_KNOTS ( 'NONE', 7,
 ( #730, #739, #1595, #1300, #455, #325, #1457, #187, #750, #48, #1214, #243, #1378, #373, #1241, #1793, #94, #1662, #1486, #790, #1106, #1386, #111, #1800, #1522, #809, #677, #390, #250, #533, #644, #1249, #662, #961, #517, #1497, #1359, #800 ),
 .UNSPECIFIED., .F., .F.,
 ( 8, 6, 6, 6, 6, 6, 8 ),
 ( 0.000000000000000000, 0.1232754042800000005, 0.2317239131450000156, 0.2894282502309999949, 0.3770220382889999944, 0.4584103209100000020, 0.5000012809955420856 ),
 .UNSPECIFIED. ) ;
#887 = CARTESIAN_POINT ( 'NONE',  ( 1.826983009323000245E-11, 4.281821205119999973, -0.1749999999969999720 ) ) ;
#888 = DIRECTION ( 'NONE',  ( 0.8660254037843289066, -0.5000000000001899592, 0.000000000000000000 ) ) ;
#889 = CARTESIAN_POINT ( 'NONE',  ( -2.088574283453000113, 0.3240763010569999714, -2.326352430348999967 ) ) ;
#890 = CARTESIAN_POINT ( 'NONE',  ( 9.693338405527000182E-12, -4.281821205087000592, -3.325000000024999736 ) ) ;
#891 = CARTESIAN_POINT ( 'NONE',  ( 3.756822801709000181, 2.720500886345000424, -1.314999999996000035 ) ) ;
#892 = AXIS2_PLACEMENT_3D ( 'NONE', #364, #541, #104 ) ;
#893 = ADVANCED_FACE ( 'NONE', ( #816 ), #1113, .T. ) ;
#894 = LINE ( 'NONE', #1577, #265 ) ;
#895 = ORIENTED_EDGE ( 'NONE', *, *, #867, .T. ) ;
#896 = DIRECTION ( 'NONE',  ( 1.000000000000000000, 0.000000000000000000, 0.000000000000000000 ) ) ;
#897 = DATE_TIME_ROLE ( 'creation_date' ) ;
#898 = CARTESIAN_POINT ( 'NONE',  ( 2.016770882738000203, 0.7062646687790000710, -0.8032521403520000991 ) ) ;
#899 = FACE_OUTER_BOUND ( 'NONE', #1388, .T. ) ;
#900 = CARTESIAN_POINT ( 'NONE',  ( -0.6261837667129999119, 2.025942856667999781, -2.032403941411999870 ) ) ;
#901 = CARTESIAN_POINT ( 'NONE',  ( -0.1492117531230000016, 2.110181007366999761, -2.476320753502000205 ) ) ;
#902 = DIRECTION ( 'NONE',  ( 0.000000000000000000, 0.000000000000000000, -1.000000000000000000 ) ) ;
#903 = CARTESIAN_POINT ( 'NONE',  ( -5.234349714110999585, -0.3751342051980000036, -1.690000000006000036 ) ) ;
#904 = VERTEX_POINT ( 'NONE', #216 ) ;
#905 = CARTESIAN_POINT ( 'NONE',  ( -2.109999999999999876, -2.584004746200915215E-16, 0.3499999999999999778 ) ) ;
#906 = CARTESIAN_POINT ( 'NONE',  ( 0.1355163039659999791, -2.111169570682999819, -0.7270641047070000029 ) ) ;
#907 = CARTESIAN_POINT ( 'NONE',  ( 2.110000000000001652, 0.3584043136555665754, -0.1218774017543349381 ) ) ;
#908 = CARTESIAN_POINT ( 'NONE',  ( -2.085192785055999920, 0.4054122055270000247, -1.912253055124000012 ) ) ;
#909 = B_SPLINE_CURVE_WITH_KNOTS ( 'NONE', 7,
 ( #1756, #1474, #205, #1339, #650, #769, #64, #634, #1202, #351, #496, #1623, #920, #273, #1556, #823, #831, #684, #675, #1391, #1668, #1138, #1401, #1683, #839, #248, #396, #1675, #255, #1409, #1693, #262, #117, #984, #1545, #959, #109, #143 ),
 .UNSPECIFIED., .F., .F.,
 ( 8, 6, 6, 6, 6, 6, 8 ),
 ( 0.5000185306092173043, 0.5206520428220000607, 0.6614189872400000336, 0.7499501440130000862, 0.8417878145720000260, 0.9341131910250000114, 1.000000000000000000 ),
 .UNSPECIFIED. ) ;
#910 = CARTESIAN_POINT ( 'NONE',  ( -1.973663297803562200, 0.8088054951250633895, -1.234130453412634276 ) ) ;
#911 = CARTESIAN_POINT ( 'NONE',  ( -4.062374697726000683, -4.134649384780000325, -3.085000000017999788 ) ) ;
#912 = CARTESIAN_POINT ( 'NONE',  ( -1.200369046268000117, 3.157327276159000107, -1.164999999998999947 ) ) ;
#913 = CARTESIAN_POINT ( 'NONE',  ( 2.016192953981000180, 0.7084190814779999235, -1.221534130269000151 ) ) ;
#914 = ORIENTED_EDGE ( 'NONE', *, *, #1096, .T. ) ;
#915 = CARTESIAN_POINT ( 'NONE',  ( -3.756822801739000184, -2.720500886354999981, -2.365000000000999858 ) ) ;
#916 = SHAPE_DEFINITION_REPRESENTATION ( #1056, #152 ) ;
#917 = CARTESIAN_POINT ( 'NONE',  ( -2.089866918748000124, -0.3227627625539999379, -0.8921270068110001006 ) ) ;
#918 = CARTESIAN_POINT ( 'NONE',  ( 2.635922512659000017, -1.908801641853999920, -2.500000000010000001 ) ) ;
#919 = CARTESIAN_POINT ( 'NONE',  ( -2.109558314143040292, -0.04468621988408432583, -0.4884412822877300386 ) ) ;
#920 = CARTESIAN_POINT ( 'NONE',  ( -1.340929485840000046, -1.650780160301999810, -1.510276022830999931 ) ) ;
#921 = CARTESIAN_POINT ( 'NONE',  ( -1.074389475972999941, -1.835538746282999956, -2.193179769053000161 ) ) ;
#922 = CARTESIAN_POINT ( 'NONE',  ( -1.293905725426088171, -1.668469832235367711, -3.189288527529960504 ) ) ;
#923 = CARTESIAN_POINT ( 'NONE',  ( -2.099801726206523167, 0.2350527940374343427, -0.9216196810310797183 ) ) ;
#924 = VERTEX_POINT ( 'NONE', #1636 ) ;
#925 = AXIS2_PLACEMENT_3D ( 'NONE', #1535, #261, #981 ) ;
#926 = CARTESIAN_POINT ( 'NONE',  ( -1.200369046265999939, -3.157327276160999840, -2.965000000000000302 ) ) ;
#927 = CARTESIAN_POINT ( 'NONE',  ( -2.072435080454000378, -0.4203953616200000187, -0.8869047369149999360 ) ) ;
#928 = CARTESIAN_POINT ( 'NONE',  ( 0.2801184494769879962, 2.091356838798803963, -3.199032877002631281 ) ) ;
#929 = CARTESIAN_POINT ( 'NONE',  ( 0.05352272367745999904, -2.113546066179000427, -0.3129847125950000475 ) ) ;
#930 = CARTESIAN_POINT ( 'NONE',  ( 2.097472115009999971, 0.2631859138810000442, -1.526891906145999789 ) ) ;
#931 = CARTESIAN_POINT ( 'NONE',  ( 0.05980535010019000230, -2.113215067576999839, -2.131044897258999704 ) ) ;
#932 = CYLINDRICAL_SURFACE ( 'NONE', #957, 2.109999999999999876 ) ;
#933 = ORIENTED_EDGE ( 'NONE', *, *, #813, .F. ) ;
#934 = CARTESIAN_POINT ( 'NONE',  ( 1.087339199435999992, 3.836800541714000090, -3.339999999996000390 ) ) ;
#935 = CARTESIAN_POINT ( 'NONE',  ( 2.104432018001000326, 0.2006992717389999847, -1.948602452123999962 ) ) ;
#936 = ADVANCED_FACE ( 'NONE', ( #1234 ), #932, .F. ) ;
#937 = DIRECTION ( 'NONE',  ( 0.000000000000000000, 0.000000000000000000, -1.000000000000000000 ) ) ;
#938 = CARTESIAN_POINT ( 'NONE',  ( 0.5991983660435369341, -2.023297942981197917, -0.002122353127751823443 ) ) ;
#939 = CARTESIAN_POINT ( 'NONE',  ( 0.8302288172449999726, 1.951337781667000115, -1.410625255495999930 ) ) ;
#940 = CARTESIAN_POINT ( 'NONE',  ( 1.052523022941999953, -1.842311446495999983, -2.076372045772000074 ) ) ;
#941 = CARTESIAN_POINT ( 'NONE',  ( 0.6151741202179999979, -2.030030254628999664, -3.083019798816000190 ) ) ;
#942 = EDGE_CURVE ( 'NONE', #1284, #435, #704, .T. ) ;
#943 = ORIENTED_EDGE ( 'NONE', *, *, #1230, .T. ) ;
#944 = CARTESIAN_POINT ( 'NONE',  ( -1.533690400090000017, -0.9102753863070000007, 0.000000000000000000 ) ) ;
#945 = CARTESIAN_POINT ( 'NONE',  ( -2.110000000309115720, -3.904742328086907577E-08, -1.609198654689880437 ) ) ;
#946 = FACE_OUTER_BOUND ( 'NONE', #853, .T. ) ;
#947 = CARTESIAN_POINT ( 'NONE',  ( -1.622411792218999782, -1.361979549509999998, -0.4130106958870000122 ) ) ;
#948 = CARTESIAN_POINT ( 'NONE',  ( 2.109999999999999876, 0.000000000000000000, 0.000000000000000000 ) ) ;
#949 = CARTESIAN_POINT ( 'NONE',  ( -0.3888827370569999942, -2.081800012124999544, -2.154796738997999839 ) ) ;
#950 = CARTESIAN_POINT ( 'NONE',  ( 1.355494307218999772, -1.638557058886000117, -3.038729406409000244 ) ) ;
#951 = CARTESIAN_POINT ( 'NONE',  ( -1.998276645216999770, 0.6957558405089999676, -0.9465430572969999456 ) ) ;
#952 = EDGE_LOOP ( 'NONE', ( #1672, #277, #383, #997 ) ) ;
#953 = EDGE_CURVE ( 'NONE', #235, #1817, #534, .T. ) ;
#954 = EDGE_CURVE ( 'NONE', #607, #1243, #1787, .T. ) ;
#955 = CARTESIAN_POINT ( 'NONE',  ( -1.029540764570999967, -1.595014529425999861, 0.000000000000000000 ) ) ;
#956 = B_SPLINE_CURVE_WITH_KNOTS ( 'NONE', 7,
 ( #1379, #1107, #671, #1663, #1242, #392, #1539, #543, #1114, #251, #817, #975, #284, #276, #1801, #694, #146, #1258, #425, #1122, #3, #678, #1404, #1267, #568, #1283, #551, #559, #406, #399, #1678, #1394, #996, #1671, #968, #712, #13, #1131, #1686, #1141, #1149, #852, #1816, #266 ),
 .UNSPECIFIED., .F., .F.,
 ( 8, 6, 6, 6, 6, 6, 6, 8 ),
 ( 0.5000012809955420856, 0.5015963713690000381, 0.5569138121180000622, 0.6338811034829999747, 0.7199532101200000200, 0.7810100179539999354, 0.8770099878810000416, 1.000000000000000000 ),
 .UNSPECIFIED. ) ;
#957 = AXIS2_PLACEMENT_3D ( 'NONE', #1656, #1089, #85 ) ;
#958 = CARTESIAN_POINT ( 'NONE',  ( -0.09696800766341000244, 2.113590293608999637, -3.179089208059000082 ) ) ;
#959 = CARTESIAN_POINT ( 'NONE',  ( 2.101391430829000484, -0.2495584200179999657, -1.272375364303000023 ) ) ;
#960 = CARTESIAN_POINT ( 'NONE',  ( -2.109999942183776511, -0.2065115906740147000, -2.298294861381089405 ) ) ;
#961 = CARTESIAN_POINT ( 'NONE',  ( -2.089429806528018130, 0.3143443535011741785, -2.607435574727836602 ) ) ;
#962 = ORIENTED_EDGE ( 'NONE', *, *, #1640, .F. ) ;
#963 = CARTESIAN_POINT ( 'NONE',  ( 3.756822801720000271, -2.720500886357000159, -2.815000000001000036 ) ) ;
#964 = DIRECTION ( 'NONE',  ( 0.000000000000000000, 0.000000000000000000, -1.000000000000000000 ) ) ;
#965 = CARTESIAN_POINT ( 'NONE',  ( 2.109999999999999876, 5.168009492401999050E-16, -2.659198656643000369 ) ) ;
#966 = CARTESIAN_POINT ( 'NONE',  ( -0.3337627862829999903, 2.095423362079000373, -0.3665811531579999949 ) ) ;
#967 = CARTESIAN_POINT ( 'NONE',  ( -1.024927661763000097, -1.858806530877999963, -2.890331851957999909 ) ) ;
#968 = CARTESIAN_POINT ( 'NONE',  ( 1.092066103688000167, -1.823787248998999910, -2.355702067099000097 ) ) ;
#969 = VERTEX_POINT ( 'NONE', #1172 ) ;
#970 = CARTESIAN_POINT ( 'NONE',  ( -1.641618289130689856, -1.341558404350852607, -1.814503420377443943 ) ) ;
#971 = PLANE ( 'NONE',  #925 ) ;
#972 = CARTESIAN_POINT ( 'NONE',  ( 0.000000000000000000, 0.000000000000000000, 0.000000000000000000 ) ) ;
#973 = CARTESIAN_POINT ( 'NONE',  ( -1.851111394616999917, 1.027576705973999971, -0.2656772786800000175 ) ) ;
#974 = CARTESIAN_POINT ( 'NONE',  ( 0.7142089486239999729, -2.001163235666000073, -2.795979032810000042 ) ) ;
#975 = CARTESIAN_POINT ( 'NONE',  ( -2.044189524240000111, -0.5401090009650000301, -2.562026266462000379 ) ) ;
#976 = ORIENTED_EDGE ( 'NONE', *, *, #550, .T. ) ;
#977 = CARTESIAN_POINT ( 'NONE',  ( -1.683900798421999800, 1.283163098928000068, -1.681733417683999976 ) ) ;
#978 = B_SPLINE_CURVE_WITH_KNOTS ( 'NONE', 7,
 ( #43, #24, #609, #898, #450, #588, #1026, #1462, #745, #1590, #33, #1726, #151, #1304, #1160, #1000, #319, #1599, #1451, #1440, #193, #1716, #1708, #170, #599, #755, #1325, #573, #1145, #1700, #429, #1563, #289, #717, #1288, #581, #1153, #439 ),
 .UNSPECIFIED., .F., .F.,
 ( 8, 6, 6, 6, 6, 6, 8 ),
 ( 0.000000000000000000, 0.1251466226860000197, 0.2326499397129999924, 0.2908315708579999881, 0.3757006500700000307, 0.4612391611539999881, 0.4999997411049624252 ),
 .UNSPECIFIED. ) ;
#979 = CARTESIAN_POINT ( 'NONE',  ( 0.7772482216839999847, -1.969985707351999960, -1.673922208154000169 ) ) ;
#980 = APPROVAL ( #574, 'Coincidente' ) ;
#981 = DIRECTION ( 'NONE',  ( 0.000000000000000000, 0.000000000000000000, 1.000000000000000000 ) ) ;
#982 = VECTOR ( 'NONE', #1424, 1000.000000000000000 ) ;
#983 = SECURITY_CLASSIFICATION ( '', '', #192 ) ;
#984 = CARTESIAN_POINT ( 'NONE',  ( 2.058420851274000096, -0.4962617696809999424, -1.285551937101999886 ) ) ;
#985 = CARTESIAN_POINT ( 'NONE',  ( -3.500000000000000000, 2.020725942163999811, 0.000000000000000000 ) ) ;
#986 = CARTESIAN_POINT ( 'NONE',  ( 1.990386649557999599, 0.8069982975459999430, -2.197831194478999883 ) ) ;
#987 = CARTESIAN_POINT ( 'NONE',  ( -0.08023310339238000355, -2.114248293887000418, -1.020041613865999786 ) ) ;
#988 = VERTEX_POINT ( 'NONE', #1053 ) ;
#989 = CARTESIAN_POINT ( 'NONE',  ( 1.555071714823000217, 1.129096028695999898, -3.200000000000000178 ) ) ;
#990 = CARTESIAN_POINT ( 'NONE',  ( -1.227355563359999957, -1.732788365521999996, -1.784432655940000112 ) ) ;
#991 = CARTESIAN_POINT ( 'NONE',  ( -0.9849726922320000133, 1.879710369102000067, -3.130419612115999950 ) ) ;
#992 = EDGE_CURVE ( 'NONE', #457, #1627, #1473, .T. ) ;
#993 = CARTESIAN_POINT ( 'NONE',  ( -2.109999971218784243, 1.924451204066124875E-08, -0.2091986685900503740 ) ) ;
#994 = CARTESIAN_POINT ( 'NONE',  ( -2.109740898152668631, 0.04329212260052158617, -0.2114844910869885519 ) ) ;
#995 = CARTESIAN_POINT ( 'NONE',  ( 0.5267491633619999503, -2.052303198216000268, -2.806180571002000246 ) ) ;
#996 = CARTESIAN_POINT ( 'NONE',  ( 0.7616052950989999903, -1.981793300105999966, -2.374901213125999888 ) ) ;
#997 = ORIENTED_EDGE ( 'NONE', *, *, #272, .F. ) ;
#998 = CARTESIAN_POINT ( 'NONE',  ( 1.119838873042999783, 1.793716516252999993, -1.846377917247999934 ) ) ;
#999 = CARTESIAN_POINT ( 'NONE',  ( -1.648655635271000008, -0.5228624030970000502, 0.000000000000000000 ) ) ;
#1000 = CARTESIAN_POINT ( 'NONE',  ( -0.1009071289980000008, 2.113357678453000155, -0.6604833126600000437 ) ) ;
#1001 = APPROVAL_STATUS ( 'not_yet_approved' ) ;
#1002 = CARTESIAN_POINT ( 'NONE',  ( -2.083092504150999780, 0.3628746359439999902, -0.2284179343849999932 ) ) ;
#1003 = CARTESIAN_POINT ( 'NONE',  ( -2.109227764649510561, -0.07474099556951747936, -3.005252814936033801 ) ) ;
#1004 = CARTESIAN_POINT ( 'NONE',  ( -1.864277760562000008, 0.9998326826579999604, -2.364056131134000260 ) ) ;
#1005 = VERTEX_POINT ( 'NONE', #204 ) ;
#1006 = CARTESIAN_POINT ( 'NONE',  ( -2.110000002569826005, 0.1006923378946833897, -1.614515262633482662 ) ) ;
#1007 = CARTESIAN_POINT ( 'NONE',  ( -0.9139627964409999805, -1.921684897023000049, -1.765259646282999917 ) ) ;
#1008 = CARTESIAN_POINT ( 'NONE',  ( -0.8422222605550000463, 2.215294807964999890, -0.8499999999999999778 ) ) ;
#1009 = CARTESIAN_POINT ( 'NONE',  ( 5.234349714166000034, 0.3751342052050000153, -0.01000000000311000031 ) ) ;
#1010 = CARTESIAN_POINT ( 'NONE',  ( -2.019891524997702081, -0.6944907733037735120, -0.1722846562975650364 ) ) ;
#1011 = VECTOR ( 'NONE', #1591, 1000.000000000000000 ) ;
#1012 = CARTESIAN_POINT ( 'NONE',  ( -2.109999974695782932, 0.01719094935255591552, -2.310106349232409428 ) ) ;
#1013 = CARTESIAN_POINT ( 'NONE',  ( -1.200369046265999939, 3.157327276158000018, -2.635000000001000320 ) ) ;
#1014 = CARTESIAN_POINT ( 'NONE',  ( 1.781683330138000176, 0.2950970422160000273, -3.200000000000000178 ) ) ;
#1015 = LINE ( 'NONE', #1586, #1045 ) ;
#1016 = CARTESIAN_POINT ( 'NONE',  ( -4.062374697729000061, 4.134649384748000145, -2.515000000000999769 ) ) ;
#1017 = CARTESIAN_POINT ( 'NONE',  ( 1.389477374772714935, -1.890257943692543074, -0.4499999999997380540 ) ) ;
#1018 = CARTESIAN_POINT ( 'NONE',  ( 2.344999999999999751, -9.325873406850999395E-15, -1.435000000000000053 ) ) ;
#1019 = CARTESIAN_POINT ( 'NONE',  ( -1.524737838352000052, 1.493954852286000001, -1.977097010345000072 ) ) ;
#1020 = CARTESIAN_POINT ( 'NONE',  ( 2.109999999999999876, 5.168009492401999050E-16, -2.659198656643000369 ) ) ;
#1021 = LINE ( 'NONE', #1174, #1803 ) ;
#1022 = CARTESIAN_POINT ( 'NONE',  ( -2.344999999999999751, -1.578650308429000004, -0.9399999999999999467 ) ) ;
#1023 = CARTESIAN_POINT ( 'NONE',  ( -0.3735538211060000502, -1.940470842247999927, -3.200000000000000178 ) ) ;
#1024 = ORIENTED_EDGE ( 'NONE', *, *, #787, .F. ) ;
#1025 = CARTESIAN_POINT ( 'NONE',  ( 5.234349714159000300, 0.3751342052169999719, -2.739999999998999680 ) ) ;
#1026 = CARTESIAN_POINT ( 'NONE',  ( 1.658263920365000033, 1.326058091901000102, -0.7657035630740000043 ) ) ;
#1027 = CARTESIAN_POINT ( 'NONE',  ( 1.645336663039999925, -1.110223024624999952E-15, 0.3499999999999999778 ) ) ;
#1028 = ADVANCED_FACE ( 'NONE', ( #1433, #1728 ), #768, .F. ) ;
#1029 = CARTESIAN_POINT ( 'NONE',  ( -2.105409095800029995, 0.1405565518134870018, -1.898227917941595733 ) ) ;
#1030 = CARTESIAN_POINT ( 'NONE',  ( -0.8844204776469999363, 1.926017829468000153, -2.436256494895999936 ) ) ;
#1031 = CARTESIAN_POINT ( 'NONE',  ( -3.672608738500999781, 0.2632077020849999949, -2.124999999979999998 ) ) ;
#1032 = CARTESIAN_POINT ( 'NONE',  ( 3.500000000000000000, -2.020725942163999811, 0.000000000000000000 ) ) ;
#1033 = CARTESIAN_POINT ( 'NONE',  ( -0.4031531941300000033, 2.073766024684000175, -1.062811905208999930 ) ) ;
#1034 = ORIENTED_EDGE ( 'NONE', *, *, #1038, .T. ) ;
#1035 = DIRECTION ( 'NONE',  ( 0.000000000000000000, 0.000000000000000000, -1.000000000000000000 ) ) ;
#1036 = PERSON_AND_ORGANIZATION_ROLE ( 'classification_officer' ) ;
#1037 = CARTESIAN_POINT ( 'NONE',  ( 3.500000000000000000, 2.020725942163999811, -3.200000000000000178 ) ) ;
#1038 = EDGE_CURVE ( 'NONE', #122, #1292, #301, .T. ) ;
#1039 = CARTESIAN_POINT ( 'NONE',  ( -1.200369046267000028, -3.157327276159000107, -0.2349999999999999867 ) ) ;
#1040 = LINE ( 'NONE', #322, #1253 ) ;
#1041 = B_SPLINE_CURVE_WITH_KNOTS ( 'NONE', 7,
 ( #1710, #1317, #441, #1010, #1454, #1573, #311, #452, #45, #611, #1297, #1602, #1582, #1443, #1643, #81, #1772, #504, #369, #1510, #641, #213, #1075, #938, #239, #633 ),
 .UNSPECIFIED., .F., .F.,
 ( 8, 6, 6, 6, 8 ),
 ( 0.5000115671216872615, 0.6230408142290000395, 0.7343827456700000589, 0.7882462648920000037, 0.7988586077873754965 ),
 .UNSPECIFIED. ) ;
#1042 = CARTESIAN_POINT ( 'NONE',  ( 1.346008205846999983, 1.646640876109999763, -2.560619229462000490 ) ) ;
#1043 = CARTESIAN_POINT ( 'NONE',  ( 2.344999999999999751, 1.554312234474999853E-14, -1.435000000000000053 ) ) ;
#1044 = CARTESIAN_POINT ( 'NONE',  ( -0.7629164392220000313, -2.692037782533999835, 0.1250000000000000000 ) ) ;
#1045 = VECTOR ( 'NONE', #49, 1000.000000000000114 ) ;
#1046 = CARTESIAN_POINT ( 'NONE',  ( 0.6252410589460000168, 2.032498138111000330, -1.117480929700000125 ) ) ;
#1047 = VECTOR ( 'NONE', #281, 1000.000000000000000 ) ;
#1048 = ORIENTED_EDGE ( 'NONE', *, *, #1701, .F. ) ;
#1049 = CARTESIAN_POINT ( 'NONE',  ( 1.645336663041000014, -1.107638051418999847, -1.824999999999999956 ) ) ;
#1050 = CARTESIAN_POINT ( 'NONE',  ( 1.995168331520000171, -4.440892098500005920E-16, -1.907499999999999973 ) ) ;
#1051 = CARTESIAN_POINT ( 'NONE',  ( 3.172040408117000113E-11, 6.102623828633999992, 0.1399999999950000129 ) ) ;
#1052 = ADVANCED_FACE ( 'NONE', ( #1338 ), #63, .T. ) ;
#1053 = CARTESIAN_POINT ( 'NONE',  ( -2.109999959450092888, -4.277482502316326540E-13, -1.190801332671756807 ) ) ;
#1054 = CARTESIAN_POINT ( 'NONE',  ( -1.647115146895490767, 1.334607988128080791, -1.266632563802285505 ) ) ;
#1055 = CARTESIAN_POINT ( 'NONE',  ( -0.8422222605560000241, -2.215294807966999624, -2.650000000002000089 ) ) ;
#1056 = PRODUCT_DEFINITION_SHAPE ( 'NONE', 'NONE',  #458 ) ;
#1057 = CARTESIAN_POINT ( 'NONE',  ( 5.234349714166000034, 0.3751342052050000153, -0.6399999999919999683 ) ) ;
#1058 = FACE_BOUND ( 'NONE', #637, .T. ) ;
#1059 = ORIENTED_EDGE ( 'NONE', *, *, #1701, .T. ) ;
#1060 = CARTESIAN_POINT ( 'NONE',  ( 1.645336663039999925, 9.547918011776000727E-15, -1.750000000000000000 ) ) ;
#1061 = PERSON_AND_ORGANIZATION_ROLE ( 'design_supplier' ) ;
#1062 = DIRECTION ( 'NONE',  ( -0.9118476033094167210, 2.315065891071501798E-14, 0.4105288641969922492 ) ) ;
#1063 = DIRECTION ( 'NONE',  ( 0.5000000000001900702, -0.8660254037843290176, 0.000000000000000000 ) ) ;
#1064 = CARTESIAN_POINT ( 'NONE',  ( -1.713449123320000211, -1.248357050792000100, -0.4206586754380000071 ) ) ;
#1065 = CARTESIAN_POINT ( 'NONE',  ( 2.109999999999999876, -1.421359640813999883E-15, -1.540800884639000001 ) ) ;
#1066 = CARTESIAN_POINT ( 'NONE',  ( 0.7848271815660000650, -1.968097771461000400, -2.091910794143000185 ) ) ;
#1067 = CARTESIAN_POINT ( 'NONE',  ( -5.234349714121999675, 0.3751342052069999711, -0.3399999999919999794 ) ) ;
#1068 = VERTEX_POINT ( 'NONE', #1592 ) ;
#1069 = CARTESIAN_POINT ( 'NONE',  ( -0.8422222605540000684, 2.215294807964999890, -2.949999999998000000 ) ) ;
#1070 = B_SPLINE_CURVE_WITH_KNOTS ( 'NONE', 6,
 ( #1092, #673, #654, #1795, #1353, #1649, #519, #384, #646, #1244, #955, #1518, #536, #1769, #1083, #944, #1673, #999, #855, #428, #1554, #1423 ),
 .UNSPECIFIED., .F., .F.,
 ( 7, 5, 5, 5, 7 ),
 ( 9.561465166087601751E-06, 0.2778379175829999714, 0.5340483998339999872, 0.7729234879730000340, 1.000000000000000000 ),
 .UNSPECIFIED. ) ;
#1071 = COORDINATED_UNIVERSAL_TIME_OFFSET ( 3, 0, .BEHIND. ) ;
#1072 = CARTESIAN_POINT ( 'NONE',  ( -1.030499884664000110, -1.854114868737000155, -0.7907082256680000310 ) ) ;
#1073 = APPLICATION_CONTEXT ( 'configuration controlled 3d designs of mechanical parts and assemblies' ) ;
#1074 = DIRECTION ( 'NONE',  ( 1.000000000000000000, 0.000000000000000000, 0.000000000000000000 ) ) ;
#1075 = CARTESIAN_POINT ( 'NONE',  ( 0.5799079218473258690, -2.028944238395927968, -0.003183521432262404610 ) ) ;
#1076 = CARTESIAN_POINT ( 'NONE',  ( -1.127676344520999852, 1.799597030549999976, -1.303450193173999905 ) ) ;
#1077 = CARTESIAN_POINT ( 'NONE',  ( 1.905186665469000173, -0.9281628665579999549, -2.009712007457999938 ) ) ;
#1078 = CARTESIAN_POINT ( 'NONE',  ( 0.3335292636329999505, -2.091958244346000306, -3.098173354646999833 ) ) ;
#1079 = ORIENTED_EDGE ( 'NONE', *, *, #1205, .T. ) ;
#1080 = VECTOR ( 'NONE', #329, 1000.000000000000000 ) ;
#1081 = EDGE_CURVE ( 'NONE', #924, #988, #163, .T. ) ;
#1082 = AXIS2_PLACEMENT_3D ( 'NONE', #1729, #779, #515 ) ;
#1083 = CARTESIAN_POINT ( 'NONE',  ( -1.477200536323000080, -1.038919522998999811, 0.000000000000000000 ) ) ;
#1084 = CARTESIAN_POINT ( 'NONE',  ( -0.1013753925819999985, -2.114195276738999763, -0.7395344669890000500 ) ) ;
#1085 = CARTESIAN_POINT ( 'NONE',  ( 0.2437679177103148076, 2.095891473090849555, -3.197098687967519393 ) ) ;
#1086 = CARTESIAN_POINT ( 'NONE',  ( -0.3588833438810000165, -2.081822890223000044, -0.3348152420439999832 ) ) ;
#1087 = CARTESIAN_POINT ( 'NONE',  ( 2.047592044315999615, 0.5222078510029999343, -1.512983100780999957 ) ) ;
#1088 = CARTESIAN_POINT ( 'NONE',  ( 2.344999999999999751, 3.819167204710999825E-14, -3.535000000000000142 ) ) ;
#1089 = DIRECTION ( 'NONE',  ( 0.000000000000000000, 0.000000000000000000, -1.000000000000000000 ) ) ;
#1090 = ORIENTED_EDGE ( 'NONE', *, *, #1691, .F. ) ;
#1091 = UNCERTAINTY_MEASURE_WITH_UNIT (LENGTH_MEASURE( 1.000000000000000082E-05 ), #547, 'distance_accuracy_value', 'NONE');
#1092 = CARTESIAN_POINT ( 'NONE',  ( 0.6375827421779999282, -2.011364769403999997, 6.071532165919001246E-18 ) ) ;
#1093 = CARTESIAN_POINT ( 'NONE',  ( -1.285504292683999905, -1.680241340213000090, -0.8069427155930000151 ) ) ;
#1094 = CARTESIAN_POINT ( 'NONE',  ( -2.635922512696000197, -1.908801641853999920, -2.050000000012000001 ) ) ;
#1095 = CARTESIAN_POINT ( 'NONE',  ( 1.932563983706999888, -0.9090385156630000907, -0.1897642512199999854 ) ) ;
#1096 = EDGE_CURVE ( 'NONE', #1360, #457, #1040, .T. ) ;
#1097 = CARTESIAN_POINT ( 'NONE',  ( -2.087197459059261462, 0.4103794130661171380, -1.212469293610208609 ) ) ;
#1098 = CARTESIAN_POINT ( 'NONE',  ( 0.1492933890370000127, -2.109055441665999453, -2.126325900667999758 ) ) ;
#1099 = CARTESIAN_POINT ( 'NONE',  ( -1.372370080083899380, -1.604092187719106555, -3.194644272424403297 ) ) ;
#1100 = ORIENTED_EDGE ( 'NONE', *, *, #1640, .T. ) ;
#1101 = DIRECTION ( 'NONE',  ( 1.000000000000000000, 0.000000000000000000, 0.000000000000000000 ) ) ;
#1102 = CARTESIAN_POINT ( 'NONE',  ( -1.664687990874999857, 0.1286616046819999970, 0.000000000000000000 ) ) ;
#1103 = EDGE_CURVE ( 'NONE', #1802, #1206, #1041, .T. ) ;
#1104 = COORDINATED_UNIVERSAL_TIME_OFFSET ( 3, 0, .BEHIND. ) ;
#1105 = CARTESIAN_POINT ( 'NONE',  ( 2.094515744631999965, -0.2757075474250000324, -1.973780809880999909 ) ) ;
#1106 = CARTESIAN_POINT ( 'NONE',  ( -0.8354197593730000593, 1.949431164204999956, -2.720676884735999668 ) ) ;
#1107 = CARTESIAN_POINT ( 'NONE',  ( -2.109999999376955149, -0.003020782905616450388, -2.590641385936059304 ) ) ;
#1108 = ORIENTED_EDGE ( 'NONE', *, *, #332, .F. ) ;
#1109 = CARTESIAN_POINT ( 'NONE',  ( 1.902837983066999882E-11, -6.102623828612999901, -3.639999999980000123 ) ) ;
#1110 = CARTESIAN_POINT ( 'NONE',  ( -2.089263674306558460, 0.3156057494699016086, -3.025902087515043526 ) ) ;
#1111 = CALENDAR_DATE ( 2026, 14, 9 ) ;
#1112 = CARTESIAN_POINT ( 'NONE',  ( -0.8343111412360000312, 1.950928479396999871, -0.3391983217579999654 ) ) ;
#1113 = PLANE ( 'NONE',  #892 ) ;
#1114 = CARTESIAN_POINT ( 'NONE',  ( -2.101726254617999778, -0.2305980968130000031, -2.578621095965000443 ) ) ;
#1115 = ORIENTED_EDGE ( 'NONE', *, *, #1552, .F. ) ;
#1116 = CARTESIAN_POINT ( 'NONE',  ( 1.937118944087999894, -0.8582947376799999750, -1.587252549345999908 ) ) ;
#1117 = EDGE_CURVE ( 'NONE', #1068, #1132, #725, .T. ) ;
#1118 = CARTESIAN_POINT ( 'NONE',  ( -0.9111751401530000516, 1.692000693688999968, 0.000000000000000000 ) ) ;
#1119 =( NAMED_UNIT ( * ) PLANE_ANGLE_UNIT ( ) SI_UNIT ( $, .RADIAN. ) );
#1120 = CARTESIAN_POINT ( 'NONE',  ( -1.419808771520999935, 1.577104015441999962, -0.3025202141620000340 ) ) ;
#1121 = CARTESIAN_POINT ( 'NONE',  ( -1.975495141164000046, -0.7635619590380000599, -2.968112661448000456 ) ) ;
#1122 = CARTESIAN_POINT ( 'NONE',  ( -1.285020693757999988, -1.681485187440000084, -2.488482407975999955 ) ) ;
#1123 = ORIENTED_EDGE ( 'NONE', *, *, #851, .T. ) ;
#1124 = CARTESIAN_POINT ( 'NONE',  ( 0.2982577059660000418, 2.088813612944000031, -3.200000000000000178 ) ) ;
#1125 = APPROVAL ( #1001, 'Coincidente' ) ;
#1126 = CARTESIAN_POINT ( 'NONE',  ( -1.770872103048122481, -1.178877674231139094, -1.825406345284986021 ) ) ;
#1127 = CARTESIAN_POINT ( 'NONE',  ( -1.942768712953000021, 0.8481464627670000089, -3.055073884732000256 ) ) ;
#1128 = APPROVAL_ROLE ( '' ) ;
#1129 = CARTESIAN_POINT ( 'NONE',  ( -1.763959302281000063, 1.179644917060999942, -0.2748890158539999962 ) ) ;
#1130 = CARTESIAN_POINT ( 'NONE',  ( -1.295076196496999898, -1.673754005631999942, -2.907547679876999691 ) ) ;
#1131 = CARTESIAN_POINT ( 'NONE',  ( 1.673231073648000056, -1.306388043686999900, -2.314603223623000083 ) ) ;
#1132 = VERTEX_POINT ( 'NONE', #608 ) ;
#1133 = CARTESIAN_POINT ( 'NONE',  ( -1.597064599338000157, 1.385417331036999933, -1.688797327721999864 ) ) ;
#1134 = CARTESIAN_POINT ( 'NONE',  ( -1.368070910275999807, -1.616614521081999989, -1.794021039007000162 ) ) ;
#1135 = EDGE_CURVE ( 'NONE', #457, #1005, #317, .T. ) ;
#1136 = CARTESIAN_POINT ( 'NONE',  ( -1.875725015695999698, 0.9918567150139999677, -3.063395836289000140 ) ) ;
#1137 = CC_DESIGN_APPROVAL ( #980, ( #983 ) ) ;
#1138 = CARTESIAN_POINT ( 'NONE',  ( 0.5193040472819999698, -2.059957547899999852, -1.406678577619999926 ) ) ;
#1139 = CARTESIAN_POINT ( 'NONE',  ( 1.511867448670000114, 1.507209909289999983, -0.4719336763640000210 ) ) ;
#1140 = CARTESIAN_POINT ( 'NONE',  ( 2.109999999999999876, 5.168009492401999050E-16, -2.240801332165000215 ) ) ;
#1141 = CARTESIAN_POINT ( 'NONE',  ( 1.930859131218999991, -0.9132386764940000345, -2.290000057515999998 ) ) ;
#1142 = VERTEX_POINT ( 'NONE', #1450 ) ;
#1143 = CARTESIAN_POINT ( 'NONE',  ( 0.6204506427958283998, 1.986686453060495516, -3.200000000000000178 ) ) ;
#1144 = DIRECTION ( 'NONE',  ( -0.8660254037843289066, -0.5000000000001899592, 0.000000000000000000 ) ) ;
#1145 = CARTESIAN_POINT ( 'NONE',  ( -1.888684663727999924, 0.9684172574860000493, -0.5435918376499999649 ) ) ;
#1146 = COORDINATED_UNIVERSAL_TIME_OFFSET ( 3, 0, .BEHIND. ) ;
#1147 = FACE_OUTER_BOUND ( 'NONE', #1664, .T. ) ;
#1148 = CARTESIAN_POINT ( 'NONE',  ( 2.109999999998999787, 0.2711184856600000193, -2.226486284346000044 ) ) ;
#1149 = CARTESIAN_POINT ( 'NONE',  ( 2.019957095978999639, -0.6942585854620000330, -2.277702713427000258 ) ) ;
#1150 = ORIENTED_EDGE ( 'NONE', *, *, #1779, .T. ) ;
#1151 = CARTESIAN_POINT ( 'NONE',  ( 0.5459922876360000510, 2.049558221717999729, -1.813185790673000009 ) ) ;
#1152 = FACE_OUTER_BOUND ( 'NONE', #114, .T. ) ;
#1153 = CARTESIAN_POINT ( 'NONE',  ( -2.109999990052670693, 0.07340456662545669086, -0.4946766451556814936 ) ) ;
#1154 = CARTESIAN_POINT ( 'NONE',  ( -1.200369046268000117, 3.157327276159000107, -0.5350000000010000090 ) ) ;
#1155 = DIRECTION ( 'NONE',  ( 0.000000000000000000, 0.000000000000000000, -1.000000000000000000 ) ) ;
#1156 = CARTESIAN_POINT ( 'NONE',  ( -2.109519784505718754, 0.05157001798545318011, -2.311921656133672176 ) ) ;
#1157 = CARTESIAN_POINT ( 'NONE',  ( -1.087339199425999992, -3.836800541706999912, -1.659999999995000142 ) ) ;
#1158 = CARTESIAN_POINT ( 'NONE',  ( -1.763065692161999820, 1.174593038584000215, -1.674669760136999974 ) ) ;
#1159 = CARTESIAN_POINT ( 'NONE',  ( -0.8193958458700000280, 1.955934458045999857, -1.039984054118000101 ) ) ;
#1160 = CARTESIAN_POINT ( 'NONE',  ( 0.009596105892823000166, 2.114778314816999849, -0.6663011017769999711 ) ) ;
#1161 = VECTOR ( 'NONE', #709, 1000.000000000000114 ) ;
#1162 = CARTESIAN_POINT ( 'NONE',  ( 2.344999999999999751, -3.996802888650999786E-15, 0.6650000000000000355 ) ) ;
#1163 = CARTESIAN_POINT ( 'NONE',  ( -2.107813172013759395, 0.1004428273854481857, -1.896106235181085120 ) ) ;
#1164 = LINE ( 'NONE', #302, #657 ) ;
#1165 = CARTESIAN_POINT ( 'NONE',  ( 0.8422222605520000016, 2.215294807964999890, -3.699999999998000000 ) ) ;
#1166 = CARTESIAN_POINT ( 'NONE',  ( 1.758992283590000193E-11, -4.281821205094999527, -1.225000000000999956 ) ) ;
#1167 = CARTESIAN_POINT ( 'NONE',  ( -1.113645383184999949, 1.807207150094999992, -1.022679101942999935 ) ) ;
#1168 = ORIENTED_EDGE ( 'NONE', *, *, #1737, .T. ) ;
#1169 = LINE ( 'NONE', #338, #1487 ) ;
#1170 = CARTESIAN_POINT ( 'NONE',  ( 1.645336663039999925, 7.054383835760999284E-15, -1.750000000000000000 ) ) ;
#1171 = CARTESIAN_POINT ( 'NONE',  ( 1.645336663039999925, -1.107638051418999847, 0.2750000000000000222 ) ) ;
#1172 = CARTESIAN_POINT ( 'NONE',  ( -3.500000000000000000, 2.020725942163999811, -3.200000000000000178 ) ) ;
#1173 = CYLINDRICAL_SURFACE ( 'NONE', #1082, 2.109999999999999876 ) ;
#1174 = CARTESIAN_POINT ( 'NONE',  ( 2.109999999999999876, 0.000000000000000000, 0.3499999999999999778 ) ) ;
#1175 = CARTESIAN_POINT ( 'NONE',  ( -4.062374697753000419, -4.134649384772999703, -1.614999999990999857 ) ) ;
#1176 = CARTESIAN_POINT ( 'NONE',  ( -0.2195098956969999959, -1.948224303931999968, -3.200000000000000178 ) ) ;
#1177 = EDGE_LOOP ( 'NONE', ( #393, #713, #316, #1438, #627, #1638, #1768 ) ) ;
#1178 = CARTESIAN_POINT ( 'NONE',  ( 1.105813506845809924, 1.797018777886689955, -0.02725774970101004988 ) ) ;
#1179 = CARTESIAN_POINT ( 'NONE',  ( 2.850308754417999690, -2.901019284265999865, -1.149999999999999911 ) ) ;
#1180 = CARTESIAN_POINT ( 'NONE',  ( 1.087339199437000081, -3.836800541710000179, -0.1600000000010000090 ) ) ;
#1181 = CARTESIAN_POINT ( 'NONE',  ( -0.4911256726310000986, 2.062169809456999570, -2.039745341436000281 ) ) ;
#1182 = CARTESIAN_POINT ( 'NONE',  ( 0.1498092518189999833, 2.109821326826999854, -2.492109163648999814 ) ) ;
#1183 = CARTESIAN_POINT ( 'NONE',  ( 2.850308754392999688, 2.901019284246999952, -2.350000000022999913 ) ) ;
#1184 = CARTESIAN_POINT ( 'NONE',  ( -0.7629164392220000313, 2.692037782539999924, -1.525000000001000222 ) ) ;
#1185 = CARTESIAN_POINT ( 'NONE',  ( -0.06547151601422999956, -1.941343896046000106, -3.200000000000000178 ) ) ;
#1186 = ORIENTED_EDGE ( 'NONE', *, *, #1287, .T. ) ;
#1187 = ADVANCED_FACE ( 'NONE', ( #51 ), #469, .F. ) ;
#1188 = CYLINDRICAL_SURFACE ( 'NONE', #1371, 2.109999999999999876 ) ;
#1189 = CARTESIAN_POINT ( 'NONE',  ( 1.885357771858000131, 0.9667276287269999102, -1.906401152681000077 ) ) ;
#1190 = CARTESIAN_POINT ( 'NONE',  ( -1.645336663039999925, -1.107638051418999847, -0.6250000000000000000 ) ) ;
#1191 = CARTESIAN_POINT ( 'NONE',  ( -0.3538466506919999977, 2.088097282649999720, -2.047087113941999714 ) ) ;
#1192 = CARTESIAN_POINT ( 'NONE',  ( -1.706444421323000116, 1.260935959711000143, -2.380106765708999816 ) ) ;
#1193 = CARTESIAN_POINT ( 'NONE',  ( 2.635922512659000017, -1.908801641853999920, -2.500000000010000001 ) ) ;
#1194 = CARTESIAN_POINT ( 'NONE',  ( 3.756822801715000271, -2.720500886348999892, -0.7150000000050000803 ) ) ;
#1195 = AXIS2_PLACEMENT_3D ( 'NONE', #548, #1402, #1702 ) ;
#1196 = CARTESIAN_POINT ( 'NONE',  ( 1.331473213748999962, -1.075845445914999976, -3.200000000000000178 ) ) ;
#1197 = ORIENTED_EDGE ( 'NONE', *, *, #1479, .T. ) ;
#1198 = CARTESIAN_POINT ( 'NONE',  ( -1.447143071934000158, -1.535538007663999949, -3.200000000000000178 ) ) ;
#1199 = CARTESIAN_POINT ( 'NONE',  ( 0.7352186248309999783, -1.992622749251000025, -0.6947929828819999765 ) ) ;
#1200 = CARTESIAN_POINT ( 'NONE',  ( -1.528784913019353375, 0.8439174204193330420, -2.857142857142568548 ) ) ;
#1201 = CARTESIAN_POINT ( 'NONE',  ( -2.109734983520460183, -0.03575003501483019208, -0.4889132044769166074 ) ) ;
#1202 = CARTESIAN_POINT ( 'NONE',  ( -1.984374301971000065, -0.7966074129320001029, -1.566592736998000168 ) ) ;
#1203 = CARTESIAN_POINT ( 'NONE',  ( 0.4149485065809999651, -2.070725861826999914, -2.112168798772000144 ) ) ;
#1204 = CARTESIAN_POINT ( 'NONE',  ( 0.8422222605520000016, 2.215294807964999890, -1.600000000000000089 ) ) ;
#1205 = EDGE_CURVE ( 'NONE', #1759, #1142, #91, .T. ) ;
#1206 = VERTEX_POINT ( 'NONE', #1439 ) ;
#1207 = CARTESIAN_POINT ( 'NONE',  ( -2.635922512696000197, -1.908801641853999920, -2.050000000012000001 ) ) ;
#1208 = APPROVAL_ROLE ( '' ) ;
#1209 = CARTESIAN_POINT ( 'NONE',  ( 1.379807704620999997, -1.607290204928000010, -0.6551933555189999314 ) ) ;
#1210 = CARTESIAN_POINT ( 'NONE',  ( 0.000000000000000000, 0.000000000000000000, 0.3499999999999999778 ) ) ;
#1211 = CARTESIAN_POINT ( 'NONE',  ( -0.2567145102050000238, -2.098580335137999686, -0.3293575498669999990 ) ) ;
#1212 = CARTESIAN_POINT ( 'NONE',  ( 1.773021771508999977, 1.160783663949000122, -1.476221162687999966 ) ) ;
#1213 = CARTESIAN_POINT ( 'NONE',  ( -0.9127149273579999722, -1.922314558344000002, -2.183584974356000075 ) ) ;
#1214 = CARTESIAN_POINT ( 'NONE',  ( 0.8425853826509999145, 1.956397137572999823, -2.811121620487999628 ) ) ;
#1215 = ORIENTED_EDGE ( 'NONE', *, *, #1797, .T. ) ;
#1216 = CARTESIAN_POINT ( 'NONE',  ( 4.062374697691000236, -4.134649384782000503, -3.565000000018999859 ) ) ;
#1217 = CARTESIAN_POINT ( 'NONE',  ( 2.109999999999999876, 5.168009492401999050E-16, -0.5591986566429999472 ) ) ;
#1218 = CARTESIAN_POINT ( 'NONE',  ( -7.424026671073999086E-16, -4.041451884326999533, 0.000000000000000000 ) ) ;
#1219 = CARTESIAN_POINT ( 'NONE',  ( -1.043679415967999846, -1.847013339722999969, -0.3730962344390000296 ) ) ;
#1220 = CARTESIAN_POINT ( 'NONE',  ( 2.105824012733000128, 0.1756116267269999809, -1.531528335966000132 ) ) ;
#1221 = CARTESIAN_POINT ( 'NONE',  ( -0.7432814784709999012, -1.992748804060999968, -2.173990187809999863 ) ) ;
#1222 = CARTESIAN_POINT ( 'NONE',  ( -1.333582388286946419, -1.636818154641891621, -3.191966384268481782 ) ) ;
#1223 = ORIENTED_EDGE ( 'NONE', *, *, #424, .F. ) ;
#1224 = CIRCLE ( 'NONE', #595, 2.109999999999999876 ) ;
#1225 = APPROVAL_PERSON_ORGANIZATION ( #1761, #980, #1629 ) ;
#1226 = CYLINDRICAL_SURFACE ( 'NONE', #567, 2.109999999999999876 ) ;
#1227 = CARTESIAN_POINT ( 'NONE',  ( -0.6019570927570000451, -2.028146918111999764, -0.7663570239779999849 ) ) ;
#1228 = EDGE_CURVE ( 'NONE', #130, #969, #1169, .T. ) ;
#1229 = FACE_OUTER_BOUND ( 'NONE', #96, .T. ) ;
#1230 = EDGE_CURVE ( 'NONE', #518, #792, #42, .T. ) ;
#1231 = CARTESIAN_POINT ( 'NONE',  ( 0.8565973587630000274, -1.950107685546000225, -0.2696769013149999394 ) ) ;
#1232 = CARTESIAN_POINT ( 'NONE',  ( 1.840765347441000177, 1.048883461520999871, -1.483093370784000165 ) ) ;
#1233 = CARTESIAN_POINT ( 'NONE',  ( -1.367402133594999958, -1.617198933173999986, -2.212373246194000220 ) ) ;
#1234 = FACE_OUTER_BOUND ( 'NONE', #508, .T. ) ;
#1235 = ORIENTED_EDGE ( 'NONE', *, *, #605, .F. ) ;
#1236 = CARTESIAN_POINT ( 'NONE',  ( -3.500000000000000000, -2.020725942163999811, 0.000000000000000000 ) ) ;
#1237 = CARTESIAN_POINT ( 'NONE',  ( 2.850308754392999688, 2.901019284246999952, -2.350000000022999913 ) ) ;
#1238 = CARTESIAN_POINT ( 'NONE',  ( -1.866857523587000189, -1.001025088396999996, -0.4359540803490000171 ) ) ;
#1239 = CARTESIAN_POINT ( 'NONE',  ( -0.9847093504950000797, 1.882676389906000169, -1.312112182674999961 ) ) ;
#1240 = CARTESIAN_POINT ( 'NONE',  ( -0.1191120287439999953, -2.108530334267999962, -2.140483017999999849 ) ) ;
#1241 = CARTESIAN_POINT ( 'NONE',  ( 0.02372236697235999975, 2.114588483202999747, -2.767045481207999647 ) ) ;
#1242 = CARTESIAN_POINT ( 'NONE',  ( -2.109969726768004872, -0.01208312591367773255, -2.590162889078976960 ) ) ;
#1243 = VERTEX_POINT ( 'NONE', #1324 ) ;
#1244 = CARTESIAN_POINT ( 'NONE',  ( -0.9111695628609999265, -1.692004932431999897, 0.000000000000000000 ) ) ;
#1245 = B_SPLINE_CURVE_WITH_KNOTS ( 'NONE', 7,
 ( #742, #345, #1312, #913, #873, #1477, #615, #39, #1294, #1596, #1742, #1046, #1301, #596, #606, #1732, #23, #587, #1033, #466, #1159, #30, #1167, #1724, #456, #326, #801, #1369, #1626, #1351, #951, #526, #75, #1515, #923, #791, #354, #1488 ),
 .UNSPECIFIED., .F., .F.,
 ( 8, 6, 6, 6, 6, 6, 8 ),
 ( 0.000000000000000000, 0.1255341793260000005, 0.2332082235269999915, 0.2884338514940000264, 0.3749642986809999523, 0.4585983265579999801, 0.5000016749012134998 ),
 .UNSPECIFIED. ) ;
#1246 = CARTESIAN_POINT ( 'NONE',  ( -1.648656500853000084, 0.5228604145299999839, 0.000000000000000000 ) ) ;
#1247 = PERSON_AND_ORGANIZATION ( #1644, #18446744073709551615 ) ;
#1248 = LINE ( 'NONE', #1272, #1011 ) ;
#1249 = CARTESIAN_POINT ( 'NONE',  ( -2.058720557996418066, 0.4690133076350468389, -2.615753035922968817 ) ) ;
#1250 = CARTESIAN_POINT ( 'NONE',  ( -2.109999949732781044, -0.03421208845064046405, -1.188994935440515155 ) ) ;
#1251 = ORIENTED_EDGE ( 'NONE', *, *, #332, .T. ) ;
#1252 = CARTESIAN_POINT ( 'NONE',  ( 1.558854333457999841, -1.424531898646000050, -1.623287453527000102 ) ) ;
#1253 = VECTOR ( 'NONE', #888, 1000.000000000000114 ) ;
#1254 = CARTESIAN_POINT ( 'NONE',  ( -2.106542032184175905, 0.1581658973776461363, -3.017550449558255465 ) ) ;
#1255 = DIRECTION ( 'NONE',  ( 1.000000000000000000, 0.000000000000000000, 0.000000000000000000 ) ) ;
#1256 = CARTESIAN_POINT ( 'NONE',  ( -0.9889629284999998937, 1.871880287520999886, -0.3300694660010000114 ) ) ;
#1257 = CARTESIAN_POINT ( 'NONE',  ( -0.8781659706500000162, -1.932475869399000068, -2.881724792621999764 ) ) ;
#1258 = CARTESIAN_POINT ( 'NONE',  ( -1.616011151807999813, -1.369731202839000073, -2.512482270974000009 ) ) ;
#1259 = ORIENTED_EDGE ( 'NONE', *, *, #1280, .T. ) ;
#1260 = CARTESIAN_POINT ( 'NONE',  ( 1.538961418036999929, 1.451146198154000144, -1.874982623139999971 ) ) ;
#1261 = CARTESIAN_POINT ( 'NONE',  ( -0.1196487023490000051, -2.108564964900999872, -1.722112924810999868 ) ) ;
#1262 = CARTESIAN_POINT ( 'NONE',  ( -1.328134182576000022, 1.278998383454999832, 0.000000000000000000 ) ) ;
#1263 = APPLICATION_PROTOCOL_DEFINITION ( 'international standard', 'config_control_design', 1994, #1073 ) ;
#1264 = CYLINDRICAL_SURFACE ( 'NONE', #711, 2.109999999999999876 ) ;
#1265 = CARTESIAN_POINT ( 'NONE',  ( 1.676376282868999867, -1.302194885187999862, -2.732727734360000049 ) ) ;
#1266 = EDGE_CURVE ( 'NONE', #904, #607, #1579, .T. ) ;
#1267 = CARTESIAN_POINT ( 'NONE',  ( -0.7135689371229999578, -1.996855605515999832, -2.454053954494999967 ) ) ;
#1268 = ORIENTED_EDGE ( 'NONE', *, *, #756, .F. ) ;
#1269 = CARTESIAN_POINT ( 'NONE',  ( 1.619637643549999950, 0.9903516080620000661, -3.200000000000000178 ) ) ;
#1270 = CARTESIAN_POINT ( 'NONE',  ( 1.758009473523999722, -1.168636056713999949, -1.606162480635999978 ) ) ;
#1271 = CARTESIAN_POINT ( 'NONE',  ( 0.01400017271212999903, 2.114793795894999828, -3.184931156628999727 ) ) ;
#1272 = CARTESIAN_POINT ( 'NONE',  ( -3.500000000000000000, 2.020725942163999811, 0.000000000000000000 ) ) ;
#1273 = CARTESIAN_POINT ( 'NONE',  ( 1.380376073327999942, -1.607474733378999820, -2.755179421709000209 ) ) ;
#1274 = CARTESIAN_POINT ( 'NONE',  ( 0.6255935424490000063, -2.026120560066000387, -0.9824363253249999151 ) ) ;
#1275 = ORIENTED_EDGE ( 'NONE', *, *, #954, .F. ) ;
#1276 = CARTESIAN_POINT ( 'NONE',  ( 0.4616146109157989730, 2.045606530485866159, -3.200000000000000178 ) ) ;
#1277 = CARTESIAN_POINT ( 'NONE',  ( 2.109999999999999876, -1.421359640813999883E-15, -1.540800884639000001 ) ) ;
#1278 = CARTESIAN_POINT ( 'NONE',  ( -0.6475317494450000266, 1.850530607440999953, 0.000000000000000000 ) ) ;
#1279 = VECTOR ( 'NONE', #722, 1000.000000000000000 ) ;
#1280 = EDGE_CURVE ( 'NONE', #365, #1794, #1224, .T. ) ;
#1281 = PLANE ( 'NONE',  #1773 ) ;
#1282 = CARTESIAN_POINT ( 'NONE',  ( -2.109999968907275036, -0.03737047248397750571, -3.007225961421639227 ) ) ;
#1283 = CARTESIAN_POINT ( 'NONE',  ( -0.2825179698810000306, -2.094195320902000113, -2.430734244101999675 ) ) ;
#1284 = VERTEX_POINT ( 'NONE', #1198 ) ;
#1285 = CARTESIAN_POINT ( 'NONE',  ( -2.104393946291713391, 0.2013840345086541639, -1.619831848111898065 ) ) ;
#1286 = CARTESIAN_POINT ( 'NONE',  ( -1.075433385258000030, -1.834891361386999931, -1.774845438396999819 ) ) ;
#1287 = EDGE_CURVE ( 'NONE', #1352, #365, #857, .T. ) ;
#1288 = CARTESIAN_POINT ( 'NONE',  ( -2.101062168010781939, 0.2200688702755577153, -0.5024278749766635244 ) ) ;
#1289 = CARTESIAN_POINT ( 'NONE',  ( -4.062374697738000862, 4.134649384759999435, 0.2150000000049999693 ) ) ;
#1290 = CARTESIAN_POINT ( 'NONE',  ( 1.718621979069999917, 1.288115152890999981, -2.169200827397999909 ) ) ;
#1291 = CARTESIAN_POINT ( 'NONE',  ( 1.350865713493999865, -1.642513510350000150, -0.9390476477860000282 ) ) ;
#1292 = VERTEX_POINT ( 'NONE', #1460 ) ;
#1293 = CARTESIAN_POINT ( 'NONE',  ( 2.345000000000999840, -1.578650308429000004, -0.03999999999981999899 ) ) ;
#1294 = CARTESIAN_POINT ( 'NONE',  ( 1.181273913572000067, 1.768210136520999898, -1.149781763103999932 ) ) ;
#1295 = LINE ( 'NONE', #308, #982 ) ;
#1296 = CARTESIAN_POINT ( 'NONE',  ( 3.756822801715000271, -2.720500886348999892, -0.08499999999814999985 ) ) ;
#1297 = CARTESIAN_POINT ( 'NONE',  ( -0.8256135275449999478, -1.964807082936999905, -0.07853240700312999478 ) ) ;
#1298 = CARTESIAN_POINT ( 'NONE',  ( -1.394474803498999993, 1.596027367705000088, -2.404180728108999965 ) ) ;
#1299 = CARTESIAN_POINT ( 'NONE',  ( 2.189182168876999858E-11, 6.102623828649999638, -1.959999999981000052 ) ) ;
#1300 = CARTESIAN_POINT ( 'NONE',  ( 2.019541195356999719, 0.6958390651589999587, -2.903814017931000357 ) ) ;
#1301 = CARTESIAN_POINT ( 'NONE',  ( 0.4248229152290000088, 2.076825660992999811, -1.106711288092000034 ) ) ;
#1302 = ORIENTED_EDGE ( 'NONE', *, *, #1381, .T. ) ;
#1303 = CARTESIAN_POINT ( 'NONE',  ( 2.345000000000999840, -1.578650308429000004, -2.140000000000000124 ) ) ;
#1304 = CARTESIAN_POINT ( 'NONE',  ( 0.1198591457250000047, 2.109472489662000072, -0.6721189794709999665 ) ) ;
#1305 = CIRCLE ( 'NONE', #297, 2.109999999999999876 ) ;
#1306 = CARTESIAN_POINT ( 'NONE',  ( 2.635922512671000195, -1.908801641855000009, -0.4000000000010000556 ) ) ;
#1307 = DIRECTION ( 'NONE',  ( 0.000000000000000000, 0.000000000000000000, -1.000000000000000000 ) ) ;
#1308 = EDGE_CURVE ( 'NONE', #702, #1005, #68, .T. ) ;
#1309 = CARTESIAN_POINT ( 'NONE',  ( -1.273647345607999970, 1.689088322800000208, -2.412206197528000029 ) ) ;
#1310 = CARTESIAN_POINT ( 'NONE',  ( 4.062374697689000058, 4.134649384745999967, -2.035000000015000143 ) ) ;
#1311 = CARTESIAN_POINT ( 'NONE',  ( -1.645336663039999925, -1.107638051418999847, -0.6250000000000000000 ) ) ;
#1312 = CARTESIAN_POINT ( 'NONE',  ( 2.078750099045000077, 0.4755932863039999958, -1.234087432926000094 ) ) ;
#1313 = ORIENTED_EDGE ( 'NONE', *, *, #1588, .F. ) ;
#1314 = DIRECTION ( 'NONE',  ( 0.000000000000000000, 0.000000000000000000, -1.000000000000000000 ) ) ;
#1315 = CARTESIAN_POINT ( 'NONE',  ( -2.850308754449999427, -2.901019284265999865, -1.299999999998999956 ) ) ;
#1316 = CARTESIAN_POINT ( 'NONE',  ( 2.635922512670000106, 1.908801641845000008, -1.000000000001000089 ) ) ;
#1317 = CARTESIAN_POINT ( 'NONE',  ( -2.109999950234747956, -0.2330386590295948079, -0.1968942329699799876 ) ) ;
#1318 = CARTESIAN_POINT ( 'NONE',  ( 2.109999999999999876, -0.2656830412910000105, -0.8548295396070000329 ) ) ;
#1319 = CARTESIAN_POINT ( 'NONE',  ( 2.850308754425999513, -2.901019284275000221, -3.249999999978000265 ) ) ;
#1320 = CARTESIAN_POINT ( 'NONE',  ( -1.087339199420999991, 3.836800541710999823, -1.840000000002000036 ) ) ;
#1321 = ADVANCED_FACE ( 'NONE', ( #1344 ), #1188, .F. ) ;
#1322 = CARTESIAN_POINT ( 'NONE',  ( -1.831393034651000058E-16, -3.662786069302000609E-17, 0.000000000000000000 ) ) ;
#1323 = ORIENTED_EDGE ( 'NONE', *, *, #954, .T. ) ;
#1324 = CARTESIAN_POINT ( 'NONE',  ( -2.109999966805722771, -3.905429732931867300E-08, -1.890801340971915989 ) ) ;
#1325 = CARTESIAN_POINT ( 'NONE',  ( -1.716386409533000146, 1.245020476647999974, -0.5606989408490000715 ) ) ;
#1326 = CARTESIAN_POINT ( 'NONE',  ( -3.756822801743000095, -2.720500886351000069, 0.3650000000019999469 ) ) ;
#1327 = CARTESIAN_POINT ( 'NONE',  ( -2.108687764885490701, 0.08036658440574860618, -1.895045322026127632 ) ) ;
#1328 = CARTESIAN_POINT ( 'NONE',  ( 0.9952846444239999979, 1.866332538207000180, -2.538767883570000272 ) ) ;
#1329 = CARTESIAN_POINT ( 'NONE',  ( 0.8422222605500000459, -2.215294807966999624, -1.900000000001999867 ) ) ;
#1330 = CARTESIAN_POINT ( 'NONE',  ( -2.635922512684999663, 1.908801641845000008, -1.449999999998999867 ) ) ;
#1331 = CARTESIAN_POINT ( 'NONE',  ( 1.175558646268999974, -1.289869203075999948, -3.200000000000000178 ) ) ;
#1332 = ORIENTED_EDGE ( 'NONE', *, *, #98, .T. ) ;
#1333 = PRODUCT ( 'hexagon_nut_M4_thread', 'hexagon_nut_M4_thread', '', ( #708 ) ) ;
#1334 = CARTESIAN_POINT ( 'NONE',  ( 0.000000000000000000, 0.000000000000000000, 0.3499999999999999778 ) ) ;
#1335 = CARTESIAN_POINT ( 'NONE',  ( -1.619382481167000121, -1.366884100127000012, -0.8311102281879999554 ) ) ;
#1336 = CARTESIAN_POINT ( 'NONE',  ( 0.2891913180136358452, 2.090108186655706746, -3.199516436464362013 ) ) ;
#1337 = ADVANCED_FACE ( 'NONE', ( #1752 ), #190, .T. ) ;
#1338 = FACE_OUTER_BOUND ( 'NONE', #544, .T. ) ;
#1339 = CARTESIAN_POINT ( 'NONE',  ( -2.107467065476006152, -0.1172086311793172630, -1.603008832687485619 ) ) ;
#1340 = CARTESIAN_POINT ( 'NONE',  ( 2.109999999999999876, 0.05767137613453000161, -0.5561535794019999424 ) ) ;
#1341 = CARTESIAN_POINT ( 'NONE',  ( 0.8422222605520000016, -2.215294807966999624, 0.2000000000000000111 ) ) ;
#1342 = VECTOR ( 'NONE', #964, 1000.000000000000000 ) ;
#1343 = ORIENTED_EDGE ( 'NONE', *, *, #716, .T. ) ;
#1344 = FACE_OUTER_BOUND ( 'NONE', #1614, .T. ) ;
#1345 = CARTESIAN_POINT ( 'NONE',  ( -2.049694954797999902, -0.5168995691310001028, -0.8816823209919999460 ) ) ;
#1346 = CYLINDRICAL_SURFACE ( 'NONE', #211, 2.109999999999999876 ) ;
#1347 = CARTESIAN_POINT ( 'NONE',  ( -2.109337487009995904, -0.05362134899490401951, -0.4879693584171988507 ) ) ;
#1348 = CARTESIAN_POINT ( 'NONE',  ( 2.068317744486000365, 0.4367124963029999640, -1.517619312208000171 ) ) ;
#1349 = CARTESIAN_POINT ( 'NONE',  ( 1.296830750199999827, -1.675587236313999862, -2.060833226773000515 ) ) ;
#1350 = CARTESIAN_POINT ( 'NONE',  ( -0.4160834291540000396, -2.080972197633000231, -3.137797114563999568 ) ) ;
#1351 = CARTESIAN_POINT ( 'NONE',  ( -1.944131231896999878, 0.8452611338010000974, -0.9549065058379999638 ) ) ;
#1352 = VERTEX_POINT ( 'NONE', #253 ) ;
#1353 = CARTESIAN_POINT ( 'NONE',  ( -0.03458515580021929992, -2.040848011267622386, 0.000000000000000000 ) ) ;
#1354 = CARTESIAN_POINT ( 'NONE',  ( 2.019970561971999867, -0.6942073711749999765, -0.5960980736420000703 ) ) ;
#1355 = CARTESIAN_POINT ( 'NONE',  ( 0.2528638324197119425, 2.094826880829818272, -3.197582227038981983 ) ) ;
#1356 = CARTESIAN_POINT ( 'NONE',  ( 1.677281998727999879, -1.300983521116999997, -0.2142495114780000043 ) ) ;
#1357 = CARTESIAN_POINT ( 'NONE',  ( -0.8349230537439999988, 1.952717819555999990, -1.320774175596000077 ) ) ;
#1358 = CARTESIAN_POINT ( 'NONE',  ( 2.344999999999999751, 1.578650308429000004, -3.459999999999999964 ) ) ;
#1359 = CARTESIAN_POINT ( 'NONE',  ( -2.109999993124633821, 0.07876531604983216805, -2.594959704974195702 ) ) ;
#1360 = VERTEX_POINT ( 'NONE', #1236 ) ;
#1361 = CARTESIAN_POINT ( 'NONE',  ( -2.635922512682999930, 1.908801641842999830, -3.549999999987999644 ) ) ;
#1362 = CARTESIAN_POINT ( 'NONE',  ( 2.054475032602999907, 0.4980428090399999785, -1.932707694642999963 ) ) ;
#1363 = DIRECTION ( 'NONE',  ( -1.098835820790999913E-16, 1.000000000000000000, 0.000000000000000000 ) ) ;
#1364 = CARTESIAN_POINT ( 'NONE',  ( -2.106165057676999908, -0.1605810881960000047, -0.4823192459510000085 ) ) ;
#1365 = CARTESIAN_POINT ( 'NONE',  ( -0.6796966056459999850, 2.009099236905999675, -1.329437008383999919 ) ) ;
#1366 = CARTESIAN_POINT ( 'NONE',  ( 0.6446790652369999153, -2.014482367210999936, -2.099680762284999780 ) ) ;
#1367 = CARTESIAN_POINT ( 'NONE',  ( 0.8838180877029999660, -1.925200418820000037, -3.067866251213999806 ) ) ;
#1368 = ADVANCED_FACE ( 'NONE', ( #375 ), #1226, .F. ) ;
#1369 = CARTESIAN_POINT ( 'NONE',  ( -1.797316782872000029, 1.127949584398000082, -0.9716314285349999524 ) ) ;
#1370 = ORIENTED_EDGE ( 'NONE', *, *, #1081, .T. ) ;
#1371 = AXIS2_PLACEMENT_3D ( 'NONE', #1743, #628, #638 ) ;
#1372 = CARTESIAN_POINT ( 'NONE',  ( 2.344999999999999751, 1.578650308429000004, -4.089999999999999858 ) ) ;
#1373 = CARTESIAN_POINT ( 'NONE',  ( 3.500000000000000000, -2.020725942163999811, -3.200000000000000178 ) ) ;
#1374 = CARTESIAN_POINT ( 'NONE',  ( -2.084413834076999983, -0.3558166209700000526, -0.4719624535099999907 ) ) ;
#1375 = B_SPLINE_CURVE_WITH_KNOTS ( 'NONE', 8,
 ( #1523, #1250, #1531, #843, #834, #577, #1704, #434, #1419, #1412, #1387, #1559, #113, #1696, #258, #826, #414, #121, #129, #687, #1808, #987, #1549, #138, #701, #1274, #453, #1603, #1593, #1291, #173, #1465, #728, #1739, #592, #1318, #1434 ),
 .UNSPECIFIED., .F., .F.,
 ( 9, 7, 7, 7, 7, 9 ),
 ( 0.5000353688765365456, 0.5206755109260000625, 0.6615086741510000090, 0.7557514107110000490, 0.8396495462199999871, 1.000000000000000000 ),
 .UNSPECIFIED. ) ;
#1376 = CARTESIAN_POINT ( 'NONE',  ( 1.614808672186000216, 1.368803989062999937, -1.462476261673000044 ) ) ;
#1377 = CARTESIAN_POINT ( 'NONE',  ( 1.604781938629000093, -1.376568379263999775, -2.038177789776999926 ) ) ;
#1378 = CARTESIAN_POINT ( 'NONE',  ( 0.4456295554060000219, 2.072605696039000023, -2.789429606146000218 ) ) ;
#1379 = CARTESIAN_POINT ( 'NONE',  ( -2.109999999146023431, 1.241462803292946084E-08, -2.590800884409618643 ) ) ;
#1380 = ORIENTED_EDGE ( 'NONE', *, *, #664, .T. ) ;
#1381 = EDGE_CURVE ( 'NONE', #1284, #1759, #830, .T. ) ;
#1382 = CARTESIAN_POINT ( 'NONE',  ( 1.200369046262999895, 3.157327276158000018, -4.015000000001000657 ) ) ;
#1383 = CARTESIAN_POINT ( 'NONE',  ( -0.1993362691495516592, 2.006733713111370054, 0.000000000000000000 ) ) ;
#1384 = COORDINATED_UNIVERSAL_TIME_OFFSET ( 3, 0, .BEHIND. ) ;
#1385 = CARTESIAN_POINT ( 'NONE',  ( -2.107409799516155147, 0.1081880832801041803, -0.2149129663257016709 ) ) ;
#1386 = CARTESIAN_POINT ( 'NONE',  ( -0.9871530907919999764, 1.879649061523999798, -2.711917974818000232 ) ) ;
#1387 = CARTESIAN_POINT ( 'NONE',  ( -1.914464629209999824, -0.9515321378640000383, -1.139376588309999994 ) ) ;
#1388 = EDGE_LOOP ( 'NONE', ( #168, #1490, #1251, #1150, #732, #1380, #259, #252, #1186 ) ) ;
#1389 = CARTESIAN_POINT ( 'NONE',  ( 0.000000000000000000, 0.000000000000000000, 0.3499999999999999778 ) ) ;
#1390 = CARTESIAN_POINT ( 'NONE',  ( -1.618796201504999921, 0.6520755212500000120, 0.000000000000000000 ) ) ;
#1391 = CARTESIAN_POINT ( 'NONE',  ( 0.1733426360360000029, -2.110047719506000341, -1.425046641233000067 ) ) ;
#1392 = CARTESIAN_POINT ( 'NONE',  ( -2.109999971218784243, 1.924451204066124875E-08, -0.2091986685900503740 ) ) ;
#1393 = CARTESIAN_POINT ( 'NONE',  ( -1.923843737035000112, -0.8825016706269999123, -2.961293645814999653 ) ) ;
#1394 = CARTESIAN_POINT ( 'NONE',  ( 0.5867405692650000670, -2.034917445427000260, -2.384502455094000162 ) ) ;
#1395 = EDGE_LOOP ( 'NONE', ( #1587, #1343, #1079 ) ) ;
#1396 = CARTESIAN_POINT ( 'NONE',  ( 1.776762043313000028, 0.1546831446630000106, -3.200000000000000178 ) ) ;
#1397 = CARTESIAN_POINT ( 'NONE',  ( 0.2440206887780000111, -2.100071118117000424, -1.702915487337999911 ) ) ;
#1398 = CC_DESIGN_APPROVAL ( #1125, ( #1637 ) ) ;
#1399 = B_SPLINE_CURVE_WITH_KNOTS ( 'NONE', 6,
 ( #1124, #1276, #1143, #294, #1713, #417, #427, #140, #269, #989, #1269, #863, #1541, #836, #1014, #1396, #1561, #148, #1429, #689, #1551, #1698 ),
 .UNSPECIFIED., .F., .F.,
 ( 7, 5, 5, 5, 7 ),
 ( 6.271014387663898033E-06, 0.2778374661529999790, 0.5340482398579999845, 0.7729233783890000486, 1.000000000000000000 ),
 .UNSPECIFIED. ) ;
#1400 = CARTESIAN_POINT ( 'NONE',  ( -0.5746403955299281829, 2.028405682943282162, -0.1500000000001304734 ) ) ;
#1401 = CARTESIAN_POINT ( 'NONE',  ( 0.6874446813170000947, -2.010104882229999834, -1.397495746389000093 ) ) ;
#1402 = DIRECTION ( 'NONE',  ( 0.000000000000000000, 0.000000000000000000, -1.000000000000000000 ) ) ;
#1403 = CARTESIAN_POINT ( 'NONE',  ( -0.5683665031740000595, -2.038537301742999741, -2.864508831307000403 ) ) ;
#1404 = CARTESIAN_POINT ( 'NONE',  ( -0.8666024372040000978, -1.937686809968999890, -2.462660952812000037 ) ) ;
#1405 = VERTEX_POINT ( 'NONE', #356 ) ;
#1406 = CARTESIAN_POINT ( 'NONE',  ( 0.9471123869510000848, 1.888049611765000080, -1.836002651975000122 ) ) ;
#1407 = CARTESIAN_POINT ( 'NONE',  ( 1.029392973761000141, -1.853743777787000058, -1.659327344793000147 ) ) ;
#1408 = CARTESIAN_POINT ( 'NONE',  ( -1.237307058313000141, 1.387849954847999889, 0.000000000000000000 ) ) ;
#1409 = CARTESIAN_POINT ( 'NONE',  ( 1.775634959570999927, -1.162100480761999899, -1.323782758749999955 ) ) ;
#1410 = CARTESIAN_POINT ( 'NONE',  ( -2.109999989344961246, 1.751145750758173469E-12, -3.009199131748323985 ) ) ;
#1411 = CARTESIAN_POINT ( 'NONE',  ( 2.080225564335000055, -0.4642203137529999912, -2.683709794962000128 ) ) ;
#1412 = CARTESIAN_POINT ( 'NONE',  ( -2.002652419689999963, -0.7320188718019998708, -1.151701571396000157 ) ) ;
#1413 = VERTEX_POINT ( 'NONE', #1491 ) ;
#1414 = CARTESIAN_POINT ( 'NONE',  ( -2.110000000309115720, -3.904742328086907577E-08, -1.609198654689880437 ) ) ;
#1415 = CARTESIAN_POINT ( 'NONE',  ( 2.075062377854000051, -0.4388162871469999948, -1.564026423530999965 ) ) ;
#1416 = CARTESIAN_POINT ( 'NONE',  ( -1.533692443823000184, 0.9102723008719999509, 0.000000000000000000 ) ) ;
#1417 = CARTESIAN_POINT ( 'NONE',  ( 3.500000000000000000, 2.020725942163999811, -3.200000000000000178 ) ) ;
#1418 = CARTESIAN_POINT ( 'NONE',  ( 2.072013937096000014, -0.5299722988529999013, -2.968784015927999675 ) ) ;
#1419 = CARTESIAN_POINT ( 'NONE',  ( -2.062099172472000141, -0.5042793037850000770, -1.164031324689000169 ) ) ;
#1420 = ORIENTED_EDGE ( 'NONE', *, *, #1135, .F. ) ;
#1421 = CARTESIAN_POINT ( 'NONE',  ( 1.202164824133000076, 1.739614295741999994, -1.851565493674000029 ) ) ;
#1422 = CC_DESIGN_PERSON_AND_ORGANIZATION_ASSIGNMENT ( #754, #1036, ( #983 ) ) ;
#1423 = CARTESIAN_POINT ( 'NONE',  ( -1.645337447851999757, -8.264284304116001148E-08, 9.714451465470000167E-17 ) ) ;
#1424 = DIRECTION ( 'NONE',  ( 0.000000000000000000, 0.000000000000000000, -1.000000000000000000 ) ) ;
#1425 = CARTESIAN_POINT ( 'NONE',  ( -5.234349714110999585, -0.3751342051980000036, -1.059999999992000008 ) ) ;
#1426 = CARTESIAN_POINT ( 'NONE',  ( -1.651853767600999889, -1.318345722961999922, -2.934155118762999948 ) ) ;
#1427 = CARTESIAN_POINT ( 'NONE',  ( -2.027861012088000070, 0.5989423750100000277, -2.341191957362999787 ) ) ;
#1428 = ORIENTED_EDGE ( 'NONE', *, *, #488, .T. ) ;
#1429 = CARTESIAN_POINT ( 'NONE',  ( 1.671290647238000027, -0.3702095212679999969, -3.200000000000000178 ) ) ;
#1430 = CARTESIAN_POINT ( 'NONE',  ( 1.148286404957000073, -1.781764931134000030, -1.652030127181000063 ) ) ;
#1431 = CARTESIAN_POINT ( 'NONE',  ( -0.5748404538554185983, -2.028358083866581119, -0.5499999999997048361 ) ) ;
#1432 = CARTESIAN_POINT ( 'NONE',  ( 2.345000000000999840, 1.578650308429000004, -1.360000000000000098 ) ) ;
#1433 = FACE_BOUND ( 'NONE', #1597, .T. ) ;
#1434 = CARTESIAN_POINT ( 'NONE',  ( 2.109999999999999876, 5.168009492401999050E-16, -0.8408013433570000750 ) ) ;
#1435 = CARTESIAN_POINT ( 'NONE',  ( 3.756822801719000182, 2.720500886340000424, -2.785000000007000320 ) ) ;
#1436 = CARTESIAN_POINT ( 'NONE',  ( -1.200369046267000028, -3.157327276159000107, -0.8650000000009999690 ) ) ;
#1437 = CARTESIAN_POINT ( 'NONE',  ( -1.311510573624919518, -1.636317177632568898, -3.200000000000000178 ) ) ;
#1438 = ORIENTED_EDGE ( 'NONE', *, *, #953, .F. ) ;
#1439 = CARTESIAN_POINT ( 'NONE',  ( 0.6375827421779999282, -2.011364769403999997, 6.071532165919001246E-18 ) ) ;
#1440 = CARTESIAN_POINT ( 'NONE',  ( -0.6909877456459999623, 2.000117035031999890, -0.6287259613899999211 ) ) ;
#1441 = EDGE_CURVE ( 'NONE', #1206, #1405, #1070, .T. ) ;
#1442 = CARTESIAN_POINT ( 'NONE',  ( 0.6375839013752886419, 2.011364404752920443, 4.255493527005604903E-15 ) ) ;
#1443 = CARTESIAN_POINT ( 'NONE',  ( -0.1051556672100000117, -2.109845218459999838, -0.03974286254630000209 ) ) ;
#1444 = CARTESIAN_POINT ( 'NONE',  ( -1.018627072966000080, 1.854056895974000030, -2.428243031193999979 ) ) ;
#1445 = CARTESIAN_POINT ( 'NONE',  ( 2.474675557025000149E-16, 4.041451884326999533, 0.000000000000000000 ) ) ;
#1446 = B_SPLINE_SURFACE_WITH_KNOTS ( 'NONE', 14, 1, ( 
 ( #1584, #1043 ),
 ( #1466, #197 ),
 ( #1329, #313 ),
 ( #585, #1157 ),
 ( #624, #613 ),
 ( #1031, #485 ),
 ( #56, #174 ),
 ( #738, #1299 ),
 ( #1183, #1310 ),
 ( #603, #1475 ),
 ( #1193, #749 ),
 ( #165, #729 ),
 ( #1055, #1456 ),
 ( #1749, #206 ),
 ( #1730, #770 ),
 ( #1604, #1013 ),
 ( #21, #28 ),
 ( #443, #1435 ),
 ( #343, #464 ),
 ( #1319, #1594 ),
 ( #890, #186 ),
 ( #47, #911 ),
 ( #1740, #1575 ),
 ( #303, #475 ),
 ( #1721, #593 ),
 ( #1165, #352 ),
 ( #524, #1358 ),
 ( #381, #1088 ) ),
 .UNSPECIFIED., .F., .F., .F.,
 ( 15, 13, 15 ),
 ( 2, 2 ),
 ( 0.000000000000000000, 9.483087029538999957, 18.96617405907699805 ),
 ( 0.000000000000000000, 1.000000000000000000 ),
 .UNSPECIFIED. ) ;
#1447 = CARTESIAN_POINT ( 'NONE',  ( -2.850308754449999427, -2.901019284265999865, -1.299999999998999956 ) ) ;
#1448 = CARTESIAN_POINT ( 'NONE',  ( 0.6416698822780000366, -1.728594017686999829, -3.200000000000000178 ) ) ;
#1449 = ORIENTED_EDGE ( 'NONE', *, *, #550, .F. ) ;
#1450 = CARTESIAN_POINT ( 'NONE',  ( 0.2982577059660000418, 2.088813612944000031, -3.200000000000000178 ) ) ;
#1451 = CARTESIAN_POINT ( 'NONE',  ( -0.4289507200430000000, 2.068874506122000412, -0.6430299048270000650 ) ) ;
#1452 = CARTESIAN_POINT ( 'NONE',  ( -2.344999999999999751, -1.578650308429000004, -0.3099999999999999978 ) ) ;
#1453 = ADVANCED_FACE ( 'NONE', ( #1562 ), #864, .T. ) ;
#1454 = CARTESIAN_POINT ( 'NONE',  ( -1.930741663556793108, -0.9135335961493935564, -0.1599833871283535824 ) ) ;
#1455 = CARTESIAN_POINT ( 'NONE',  ( -2.107599565424855825, 0.1031044656345390109, -2.314644422456246797 ) ) ;
#1456 = CARTESIAN_POINT ( 'NONE',  ( -1.200369046265999939, -3.157327276160999840, -2.334999999999999964 ) ) ;
#1457 = CARTESIAN_POINT ( 'NONE',  ( 1.671272405520999982, 1.308988408023000094, -2.866827280704999925 ) ) ;
#1458 = CARTESIAN_POINT ( 'NONE',  ( -0.6910941669141915655, -1.894493135219887270, -3.200000000000000178 ) ) ;
#1459 = EDGE_LOOP ( 'NONE', ( #933, #1215, #467, #1778 ) ) ;
#1460 = CARTESIAN_POINT ( 'NONE',  ( 2.474675557025000149E-16, 4.041451884326999533, -3.200000000000000178 ) ) ;
#1461 = PERSON_AND_ORGANIZATION ( #1644, #18446744073709551615 ) ;
#1462 = CARTESIAN_POINT ( 'NONE',  ( 1.346411460928999881, 1.637291744861000042, -0.7424404167449999425 ) ) ;
#1463 = CARTESIAN_POINT ( 'NONE',  ( 5.234349714177000124, -0.3751342051959999924, -0.7599999999930000527 ) ) ;
#1464 = CARTESIAN_POINT ( 'NONE',  ( -2.109343828532830312, 0.06028129119969125732, -1.893984370258735783 ) ) ;
#1465 = CARTESIAN_POINT ( 'NONE',  ( 1.733867971917000039, -1.264951522554000007, -0.9109672501480000628 ) ) ;
#1466 = CARTESIAN_POINT ( 'NONE',  ( 1.645336663041000014, -1.107638051418999847, -1.824999999999999956 ) ) ;
#1467 = CARTESIAN_POINT ( 'NONE',  ( 1.200369046260999939, 3.157327276159000107, -1.914999999998999947 ) ) ;
#1468 = CARTESIAN_POINT ( 'NONE',  ( 1.482397487466000197, -0.7138849151969999252, -3.200000000000000178 ) ) ;
#1469 = CARTESIAN_POINT ( 'NONE',  ( 0.000000000000000000, 0.000000000000000000, 0.000000000000000000 ) ) ;
#1470 = CARTESIAN_POINT ( 'NONE',  ( 0.9106279309929998789, -1.921936255265999982, -0.6848932123080000434 ) ) ;
#1471 = ADVANCED_FACE ( 'NONE', ( #1152 ), #149, .F. ) ;
#1472 = CARTESIAN_POINT ( 'NONE',  ( 1.534475320748039273, 0.9795824487095496913, -3.085714285714215244 ) ) ;
#1473 = LINE ( 'NONE', #473, #479 ) ;
#1474 = CARTESIAN_POINT ( 'NONE',  ( -2.109999999431776629, -0.03907677250477578634, -1.607135383588147670 ) ) ;
#1475 = CARTESIAN_POINT ( 'NONE',  ( 5.234349714159000300, 0.3751342052169999719, -2.109999999989999875 ) ) ;
#1476 = CARTESIAN_POINT ( 'NONE',  ( -3.672608738517999960, -0.2632077020699999936, -1.375000000001000089 ) ) ;
#1477 = CARTESIAN_POINT ( 'NONE',  ( 1.802299993382999954, 1.139783177650000034, -1.196429300778000027 ) ) ;
#1478 = VERTEX_POINT ( 'NONE', #715 ) ;
#1479 = EDGE_CURVE ( 'NONE', #1243, #616, #438, .T. ) ;
#1480 = DIRECTION ( 'NONE',  ( 1.000000000000000000, 0.000000000000000000, 0.000000000000000000 ) ) ;
#1481 = CARTESIAN_POINT ( 'NONE',  ( -1.937888689965000077, -0.8484029759219999800, -0.8632121021999998867 ) ) ;
#1482 = CARTESIAN_POINT ( 'NONE',  ( 0.7629164392339999878, -2.692037782534999923, -2.574999999995000177 ) ) ;
#1483 = CARTESIAN_POINT ( 'NONE',  ( 0.4623286799679999781, -2.068854861558000025, -0.2912732754860000162 ) ) ;
#1484 = CARTESIAN_POINT ( 'NONE',  ( -0.5204854968709999863, 2.051367201571999921, -1.338100499431999824 ) ) ;
#1485 = CARTESIAN_POINT ( 'NONE',  ( 2.003245956443999720, -0.6762183100089999011, -1.995478694223000060 ) ) ;
#1486 = CARTESIAN_POINT ( 'NONE',  ( -0.4115541664690000045, 2.072357393504000278, -2.743965280453999789 ) ) ;
#1487 = VECTOR ( 'NONE', #1035, 1000.000000000000000 ) ;
#1488 = CARTESIAN_POINT ( 'NONE',  ( -2.109999998725926140, 3.804766835690750765E-08, -0.9091991185046117696 ) ) ;
#1489 = LOCAL_TIME ( 10, 32, 39.00000000000000000, #1071 ) ;
#1490 = ORIENTED_EDGE ( 'NONE', *, *, #605, .T. ) ;
#1491 = CARTESIAN_POINT ( 'NONE',  ( 2.109999999999999876, 5.168009492401999050E-16, -0.5591986566429999472 ) ) ;
#1492 = CARTESIAN_POINT ( 'NONE',  ( -1.161837209186000086, -1.772512647501000016, -0.7988251737179999923 ) ) ;
#1493 = CARTESIAN_POINT ( 'NONE',  ( 0.2619544186535703867, 2.093716222117238512, -3.198065771869140761 ) ) ;
#1494 = CARTESIAN_POINT ( 'NONE',  ( 0.6624669211160000293, -2.020767479135999967, -0.2804739616039999550 ) ) ;
#1495 = CARTESIAN_POINT ( 'NONE',  ( 0.1249910716259999971, 2.111093889941999979, -1.372386839610999942 ) ) ;
#1496 = CARTESIAN_POINT ( 'NONE',  ( 2.071362936339999905, -0.4119869886779999879, -1.981071655702000056 ) ) ;
#1497 = CARTESIAN_POINT ( 'NONE',  ( -2.106569655954417808, 0.1575308890478933077, -2.599118365181204648 ) ) ;
#1498 = ORIENTED_EDGE ( 'NONE', *, *, #8, .T. ) ;
#1499 = CARTESIAN_POINT ( 'NONE',  ( -1.200369046265999939, 3.157327276158000018, -3.265000000001000213 ) ) ;
#1500 = CARTESIAN_POINT ( 'NONE',  ( -0.7493361680879999653, -1.982463646233999732, -0.7744746212480000391 ) ) ;
#1501 = CARTESIAN_POINT ( 'NONE',  ( 3.672608738561000230, 0.2632077020849999949, -2.424999999984000176 ) ) ;
#1502 = CARTESIAN_POINT ( 'NONE',  ( -2.109955827561029729, -0.01787555066407948631, -0.4898570438025048324 ) ) ;
#1503 = LINE ( 'NONE', #1512, #9 ) ;
#1504 = CARTESIAN_POINT ( 'NONE',  ( 2.091626567468999998, 0.2876545584619999985, -0.5439732504659999801 ) ) ;
#1505 = CARTESIAN_POINT ( 'NONE',  ( 0.7516010838599999078, -1.982818987315999593, -3.075443240831000402 ) ) ;
#1506 = ORIENTED_EDGE ( 'NONE', *, *, #1511, .T. ) ;
#1507 = CARTESIAN_POINT ( 'NONE',  ( -5.234349714132000564, -0.3751342051930000032, -3.789999999986999768 ) ) ;
#1508 = CARTESIAN_POINT ( 'NONE',  ( 2.109999999999999876, -1.421359640813999883E-15, -1.959199115360999777 ) ) ;
#1509 = CARTESIAN_POINT ( 'NONE',  ( -1.645336663039999925, -1.107638051418999847, -2.725000000000000089 ) ) ;
#1510 = CARTESIAN_POINT ( 'NONE',  ( 0.5216783698630043098, -2.044591784037643745, -0.006366966440692533626 ) ) ;
#1511 = EDGE_CURVE ( 'NONE', #1292, #969, #6, .T. ) ;
#1512 = CARTESIAN_POINT ( 'NONE',  ( 2.109999999999999876, 0.000000000000000000, 0.3499999999999999778 ) ) ;
#1513 = CARTESIAN_POINT ( 'NONE',  ( -2.040683292544074323, -0.6165637141297005686, -2.276485138052030344 ) ) ;
#1514 = CARTESIAN_POINT ( 'NONE',  ( 1.558869434518999952, -1.464251309160000014, -3.024729887439999931 ) ) ;
#1515 = CARTESIAN_POINT ( 'NONE',  ( -2.089614970494257484, 0.3129319693040397699, -0.9257599190433833947 ) ) ;
#1516 = ORIENTED_EDGE ( 'NONE', *, *, #1266, .F. ) ;
#1517 = VECTOR ( 'NONE', #870, 1000.000000000000114 ) ;
#1518 = CARTESIAN_POINT ( 'NONE',  ( -1.237303133299000102, -1.387854002946000032, 0.000000000000000000 ) ) ;
#1519 = CARTESIAN_POINT ( 'NONE',  ( 0.3029856367261909988, 2.059145951959923337, 0.000000000000000000 ) ) ;
#1520 = PERSON_AND_ORGANIZATION ( #1644, #18446744073709551615 ) ;
#1521 = CARTESIAN_POINT ( 'NONE',  ( 3.500000000000000000, 2.020725942163999811, 0.000000000000000000 ) ) ;
#1522 = CARTESIAN_POINT ( 'NONE',  ( -1.395083904033999955, 1.591652707681999956, -2.685640991677999967 ) ) ;
#1523 = CARTESIAN_POINT ( 'NONE',  ( -2.109999959450092888, -4.277482502316326540E-13, -1.190801332671756807 ) ) ;
#1524 = ORIENTED_EDGE ( 'NONE', *, *, #1081, .F. ) ;
#1525 = CARTESIAN_POINT ( 'NONE',  ( -1.645336663039999925, -1.107638051418999847, -2.725000000000000089 ) ) ;
#1526 = CARTESIAN_POINT ( 'NONE',  ( -2.110000032595012343, 0.07908306198938089282, -3.013374737269954640 ) ) ;
#1527 = B_SPLINE_CURVE_WITH_KNOTS ( 'NONE', 14,
 ( #385, #1692, #829, #1400, #1812, #1544, #271, #133, #698, #1017, #734, #1431, #724, #330, #460, #1008, #180, #1580, #865, #1179, #1735, #1315, #161, #885, #1570, #17, #299, #1170 ),
 .UNSPECIFIED., .F., .F.,
 ( 15, 13, 15 ),
 ( 3.161029009846366478, 9.483087029538999957, 18.96617405907699805 ),
 .UNSPECIFIED. ) ;
#1528 = DATE_AND_TIME ( #1111, #416 ) ;
#1529 = CARTESIAN_POINT ( 'NONE',  ( 0.5029904380690000121, 2.062392078485999924, -0.4108571368880000185 ) ) ;
#1530 = CARTESIAN_POINT ( 'NONE',  ( -0.3035247399930000034, -2.090790918741000315, -2.850255557105000115 ) ) ;
#1531 = CARTESIAN_POINT ( 'NONE',  ( -2.109365973724103505, -0.06842373760981008968, -1.187188559746547467 ) ) ;
#1532 = ORIENTED_EDGE ( 'NONE', *, *, #41, .F. ) ;
#1533 = CARTESIAN_POINT ( 'NONE',  ( -2.040743236122010362, -0.6162969385801095878, -1.858101440816104510 ) ) ;
#1534 = CC_DESIGN_DATE_AND_TIME_ASSIGNMENT ( #1528, #897, ( #458 ) ) ;
#1535 = CARTESIAN_POINT ( 'NONE',  ( -3.500000000000000000, 2.020725942163999811, 0.000000000000000000 ) ) ;
#1536 = LINE ( 'NONE', #134, #1047 ) ;
#1537 = CARTESIAN_POINT ( 'NONE',  ( 0.6621068068519999628, 2.016946969337999995, -0.4195297051379999753 ) ) ;
#1538 = CARTESIAN_POINT ( 'NONE',  ( 0.8957323165649999641, -1.930066343595999934, -2.785779285837999719 ) ) ;
#1539 = CARTESIAN_POINT ( 'NONE',  ( -2.109924317564317864, -0.01812455066986730021, -2.589843889924089204 ) ) ;
#1540 = ORIENTED_EDGE ( 'NONE', *, *, #1441, .F. ) ;
#1541 = CARTESIAN_POINT ( 'NONE',  ( 1.751544589754000070, 0.5760821487449999667, -3.200000000000000178 ) ) ;
#1542 = CARTESIAN_POINT ( 'NONE',  ( -2.109999966805722771, -3.905429732931867300E-08, -1.890801340971915989 ) ) ;
#1543 = VECTOR ( 'NONE', #1766, 1000.000000000000000 ) ;
#1544 = CARTESIAN_POINT ( 'NONE',  ( 1.389924781987051716, 1.890481256787669206, -0.2500000000000811018 ) ) ;
#1545 = CARTESIAN_POINT ( 'NONE',  ( 2.084173042570999890, -0.3736237747599999715, -1.278963695961000013 ) ) ;
#1546 = LINE ( 'NONE', #840, #682 ) ;
#1547 = CARTESIAN_POINT ( 'NONE',  ( -1.539617763567000086, -1.446996633187999981, -2.925155046500000022 ) ) ;
#1548 = EDGE_CURVE ( 'NONE', #1413, #1478, #894, .T. ) ;
#1549 = CARTESIAN_POINT ( 'NONE',  ( 0.2147386845269999844, -2.103642414602999722, -1.004456940539000032 ) ) ;
#1550 = ORIENTED_EDGE ( 'NONE', *, *, #992, .F. ) ;
#1551 = CARTESIAN_POINT ( 'NONE',  ( 1.555656034055000081, -0.6063606002239999571, -3.200000000000000178 ) ) ;
#1552 = EDGE_CURVE ( 'NONE', #67, #1284, #773, .T. ) ;
#1553 = B_SPLINE_CURVE_WITH_KNOTS ( 'NONE', 7,
 ( #1508, #1770, #935, #229, #804, #1362, #88, #52, #1189, #655, #1781, #481, #1260, #854, #553, #1421, #998, #304, #1406, #1568, #1151, #286, #278, #845, #570, #561, #579, #703, #586, #1706, #131, #1133, #977, #1158, #436, #444, #1688, #1818, #123, #22, #1680, #1285, #1006, #1414 ),
 .UNSPECIFIED., .F., .F.,
 ( 8, 6, 6, 6, 6, 6, 6, 8 ),
 ( 0.000000000000000000, 0.05298853538454000034, 0.1315368224039999978, 0.1834170066659999987, 0.2715644372709999921, 0.3762103678450000044, 0.4468503866640000100, 0.5000185306092173043 ),
 .UNSPECIFIED. ) ;
#1554 = CARTESIAN_POINT ( 'NONE',  ( -1.664687898014999945, -0.1286622397459999956, 0.000000000000000000 ) ) ;
#1555 = CARTESIAN_POINT ( 'NONE',  ( -0.6880295971310000924, 2.001056516029999788, -3.147287846215999885 ) ) ;
#1556 = CARTESIAN_POINT ( 'NONE',  ( -0.8216234944990000733, -1.955541239159999778, -1.478494125315999996 ) ) ;
#1557 = CARTESIAN_POINT ( 'NONE',  ( -0.1607763052209999766, 2.110955810904000085, -0.3757100003480000061 ) ) ;
#1558 = CARTESIAN_POINT ( 'NONE',  ( 1.816613326713999887, -1.114788575267000148, -2.720469257959999609 ) ) ;
#1559 = CARTESIAN_POINT ( 'NONE',  ( -1.798958709437000092, -1.158612302110999970, -1.127055423734000028 ) ) ;
#1560 = EDGE_LOOP ( 'NONE', ( #1108, #1428, #802, #827, #895, #1100, #1323, #1197 ) ) ;
#1561 = CARTESIAN_POINT ( 'NONE',  ( 1.741410339921000139, -0.1148692369259999985, -3.200000000000000178 ) ) ;
#1562 = FACE_OUTER_BOUND ( 'NONE', #1788, .T. ) ;
#1563 = CARTESIAN_POINT ( 'NONE',  ( -2.065443157189375434, 0.4375302961776477706, -0.5140547755089767135 ) ) ;
#1564 = FACE_OUTER_BOUND ( 'NONE', #763, .T. ) ;
#1565 = CARTESIAN_POINT ( 'NONE',  ( -0.09047619443519999693, -2.113493446531000242, -2.838963563330999751 ) ) ;
#1566 = CARTESIAN_POINT ( 'NONE',  ( -1.998423467296999823, 0.6880927394160000210, -2.346138515227999655 ) ) ;
#1567 = ORIENTED_EDGE ( 'NONE', *, *, #1266, .T. ) ;
#1568 = CARTESIAN_POINT ( 'NONE',  ( 0.7048053123940000164, 1.995799672438999917, -1.822000996921000038 ) ) ;
#1569 = CARTESIAN_POINT ( 'NONE',  ( 0.1533343632760000019, -2.108914845907000402, -1.707714818573999871 ) ) ;
#1570 = CARTESIAN_POINT ( 'NONE',  ( -0.7629164392220000313, 2.692037782539999924, -1.525000000001000222 ) ) ;
#1571 = AXIS2_PLACEMENT_3D ( 'NONE', #736, #183, #462 ) ;
#1572 = CARTESIAN_POINT ( 'NONE',  ( -3.672608738517999960, -0.2632077020699999936, -1.375000000001000089 ) ) ;
#1573 = CARTESIAN_POINT ( 'NONE',  ( -1.814252846410552733, -1.118969794497386872, -0.1476794957772280259 ) ) ;
#1574 = CARTESIAN_POINT ( 'NONE',  ( -2.109999972197321938, 6.363433272069812796E-12, -2.309198667588156173 ) ) ;
#1575 = CARTESIAN_POINT ( 'NONE',  ( -5.234349714132000564, -0.3751342051930000032, -3.159999999985999786 ) ) ;
#1576 = CARTESIAN_POINT ( 'NONE',  ( -2.109999999146023431, 1.241462803292946084E-08, -2.590800884409618643 ) ) ;
#1577 = CARTESIAN_POINT ( 'NONE',  ( 2.109999999999999876, 0.000000000000000000, 0.3499999999999999778 ) ) ;
#1578 = EDGE_LOOP ( 'NONE', ( #1524, #810, #337, #1679 ) ) ;
#1579 = LINE ( 'NONE', #743, #386 ) ;
#1580 = CARTESIAN_POINT ( 'NONE',  ( 2.635922512670000106, 1.908801641845000008, -1.000000000001000089 ) ) ;
#1581 = LINE ( 'NONE', #310, #413 ) ;
#1582 = CARTESIAN_POINT ( 'NONE',  ( -0.4165052090970000065, -2.079202154896999666, -0.05626163317234000177 ) ) ;
#1583 = DIRECTION ( 'NONE',  ( -3.296507462372000475E-16, -1.000000000000000000, 0.000000000000000000 ) ) ;
#1584 = CARTESIAN_POINT ( 'NONE',  ( 1.645336663039999925, 9.547918011776000727E-15, -1.750000000000000000 ) ) ;
#1585 = CARTESIAN_POINT ( 'NONE',  ( 2.635922512671000195, -1.908801641855000009, -0.4000000000010000556 ) ) ;
#1586 = CARTESIAN_POINT ( 'NONE',  ( 3.500000000000000000, 2.020725942163999811, 0.000000000000000000 ) ) ;
#1587 = ORIENTED_EDGE ( 'NONE', *, *, #529, .T. ) ;
#1588 = EDGE_CURVE ( 'NONE', #105, #122, #1015, .T. ) ;
#1589 = CARTESIAN_POINT ( 'NONE',  ( 3.672608738561000230, 0.2632077020849999949, -2.424999999984000176 ) ) ;
#1590 = CARTESIAN_POINT ( 'NONE',  ( 1.011767269938999902, 1.874104814141999809, -0.7209377253479999359 ) ) ;
#1591 = DIRECTION ( 'NONE',  ( -3.296507462372000475E-16, -1.000000000000000000, 0.000000000000000000 ) ) ;
#1592 = CARTESIAN_POINT ( 'NONE',  ( -2.109999995675968965, -3.066259269060567227E-16, -0.4908008765231151593 ) ) ;
#1593 = CARTESIAN_POINT ( 'NONE',  ( 1.008634096241999956, -1.858515912112000068, -0.9604157258919999718 ) ) ;
#1594 = CARTESIAN_POINT ( 'NONE',  ( 4.062374697691000236, -4.134649384782000503, -2.935000000016999788 ) ) ;
#1595 = CARTESIAN_POINT ( 'NONE',  ( 2.079864242114000117, 0.4670298448479999753, -2.916141859062999941 ) ) ;
#1596 = CARTESIAN_POINT ( 'NONE',  ( 1.006377192408000054, 1.877076236676000098, -1.139014334122999905 ) ) ;
#1597 = EDGE_LOOP ( 'NONE', ( #1115, #752, #688, #208 ) ) ;
#1598 = DIRECTION ( 'NONE',  ( 0.000000000000000000, 0.000000000000000000, -1.000000000000000000 ) ) ;
#1599 = CARTESIAN_POINT ( 'NONE',  ( -0.3206682242510000003, 2.090347198866999712, -0.6488477863120000189 ) ) ;
#1600 = AXIS2_PLACEMENT_3D ( 'NONE', #815, #110, #676 ) ;
#1601 = CARTESIAN_POINT ( 'NONE',  ( 1.087339199440999993, 3.836800541711999912, -0.6099999999979999199 ) ) ;
#1602 = CARTESIAN_POINT ( 'NONE',  ( -0.6240058768639999975, -2.034078767156999756, -0.06739834822967000205 ) ) ;
#1603 = CARTESIAN_POINT ( 'NONE',  ( 0.8854818307899999796, -1.923867366231999831, -0.9677562411529999631 ) ) ;
#1604 = CARTESIAN_POINT ( 'NONE',  ( -0.8422222605540000684, 2.215294807964999890, -2.949999999998000000 ) ) ;
#1605 = CARTESIAN_POINT ( 'NONE',  ( 4.062374697680000146, 4.134649384761999613, -0.5650000000109999254 ) ) ;
#1606 = ADVANCED_FACE ( 'NONE', ( #1058, #188 ), #626, .T. ) ;
#1607 = ORIENTED_EDGE ( 'NONE', *, *, #992, .T. ) ;
#1608 = CARTESIAN_POINT ( 'NONE',  ( 1.200369046262999895, -3.157327276159999752, -2.214999999999999858 ) ) ;
#1609 = CARTESIAN_POINT ( 'NONE',  ( -2.109952038209665925, -0.01520886996794094601, -0.9083960823003816021 ) ) ;
#1610 = CARTESIAN_POINT ( 'NONE',  ( 1.665478550259182233, -0.3337144057089719840, -3.171428571428519305 ) ) ;
#1611 = CARTESIAN_POINT ( 'NONE',  ( 0.07618194834144000060, 2.114138510296999840, -2.069827641627999704 ) ) ;
#1612 = EDGE_CURVE ( 'NONE', #478, #924, #1245, .T. ) ;
#1613 = CARTESIAN_POINT ( 'NONE',  ( -1.388056886424000158, 1.597595269781000082, -1.286123896804999944 ) ) ;
#1614 = EDGE_LOOP ( 'NONE', ( #695, #1332, #1567, #962 ) ) ;
#1615 = CARTESIAN_POINT ( 'NONE',  ( 2.850308754417999690, -2.901019284265999865, -1.149999999999999911 ) ) ;
#1616 = DIRECTION ( 'NONE',  ( 1.000000000000000000, 0.000000000000000000, 0.000000000000000000 ) ) ;
#1617 = ORIENTED_EDGE ( 'NONE', *, *, #787, .T. ) ;
#1618 = CARTESIAN_POINT ( 'NONE',  ( -1.087339199425999992, -3.836800541706999912, -2.289999999998999947 ) ) ;
#1619 = COORDINATED_UNIVERSAL_TIME_OFFSET ( 3, 0, .BEHIND. ) ;
#1620 = CARTESIAN_POINT ( 'NONE',  ( -2.109999999099581025, -0.003802210307212039106, -0.9089983587887207062 ) ) ;
#1621 = LINE ( 'NONE', #1373, #656 ) ;
#1622 = CARTESIAN_POINT ( 'NONE',  ( -1.300070096368999950, -1.669152343768000035, -0.3895086787130000450 ) ) ;
#1623 = CARTESIAN_POINT ( 'NONE',  ( -1.546719237448999973, -1.476477060790000184, -1.524363524945000048 ) ) ;
#1624 = CARTESIAN_POINT ( 'NONE',  ( -2.086900778038748960, -0.4130727469223413051, -2.287388497170500745 ) ) ;
#1625 = CARTESIAN_POINT ( 'NONE',  ( 2.850308754417000046, 2.901019284244000129, -0.2500000000029999891 ) ) ;
#1626 = CARTESIAN_POINT ( 'NONE',  ( -1.876955418376000218, 0.9897758482020000415, -0.9632691550380000356 ) ) ;
#1627 = VERTEX_POINT ( 'NONE', #95 ) ;
#1628 = CARTESIAN_POINT ( 'NONE',  ( 1.645336663039999925, 3.774758283726000032E-15, -3.850000000000000089 ) ) ;
#1629 = APPROVAL_ROLE ( '' ) ;
#1630 = CARTESIAN_POINT ( 'NONE',  ( -2.109880096695140317, -0.02281303619164220045, -0.9079945670396468715 ) ) ;
#1631 = CARTESIAN_POINT ( 'NONE',  ( -0.5368534934909606759, 1.765194531346362616, -2.942857142856845520 ) ) ;
#1632 = CARTESIAN_POINT ( 'NONE',  ( -2.109999996360664376, -0.008937777200314744874, -0.4903289609719397868 ) ) ;
#1633 = AXIS2_PLACEMENT_3D ( 'NONE', #402, #1707, #690 ) ;
#1634 = CARTESIAN_POINT ( 'NONE',  ( 1.900402614069999885, 0.9325777720379999636, -1.489965821720000028 ) ) ;
#1635 = CARTESIAN_POINT ( 'NONE',  ( -0.5679996863690000009, -2.046078806588000010, -2.164394013342999745 ) ) ;
#1636 = CARTESIAN_POINT ( 'NONE',  ( -2.109999998725926140, 3.804766835690750765E-08, -0.9091991185046117696 ) ) ;
#1637 = PRODUCT_DEFINITION_FORMATION_WITH_SPECIFIED_SOURCE ( 'Simétric', '', #1333, .NOT_KNOWN. ) ;
#1638 = ORIENTED_EDGE ( 'NONE', *, *, #797, .T. ) ;
#1639 = CARTESIAN_POINT ( 'NONE',  ( 2.850308754425999513, -2.901019284275000221, -3.249999999978000265 ) ) ;
#1640 = EDGE_CURVE ( 'NONE', #792, #607, #956, .T. ) ;
#1641 = CARTESIAN_POINT ( 'NONE',  ( 0.01714464227185999792, -2.116554877528999956, -0.7332993240590000017 ) ) ;
#1642 = CARTESIAN_POINT ( 'NONE',  ( 0.2710393871517087216, 2.092559529743070357, -3.198549322001206008 ) ) ;
#1643 = CARTESIAN_POINT ( 'NONE',  ( -0.003078012568433999719, -2.114110862711999772, -0.03435699951637999350 ) ) ;
#1644 = B_SPLINE_CURVE_WITH_KNOTS ( 'NONE', 6,
 ( #280, #1102, #812, #395, #1246, #1390, #1416, #142, #691, #1262, #1408, #707, #1118, #116, #1278, #10, #1383, #108, #1659, #1519, #410, #247 ),
 .UNSPECIFIED., .F., .F.,
 ( 7, 5, 5, 5, 7 ),
 ( 0.000000000000000000, 0.2270766001699999759, 0.4659518305570000130, 0.7221625141519999458, 0.9999947558770446721 ),
 .UNSPECIFIED. ) ;
#1645 = CARTESIAN_POINT ( 'NONE',  ( 2.109999999999999876, 0.08780513600031999988, -1.536164754309000013 ) ) ;
#1646 = CARTESIAN_POINT ( 'NONE',  ( -0.02974477682456000069, -2.113037501480000024, -2.135763938613000068 ) ) ;
#1647 = CARTESIAN_POINT ( 'NONE',  ( 0.4754893468370000043, -2.066491042672000233, -3.090596358955000067 ) ) ;
#1648 = ORIENTED_EDGE ( 'NONE', *, *, #107, .F. ) ;
#1649 = CARTESIAN_POINT ( 'NONE',  ( -0.1993294651795093353, -2.006735578018723043, 0.000000000000000000 ) ) ;
#1650 = CARTESIAN_POINT ( 'NONE',  ( -2.101927953242999969, -0.2243515079950000046, -0.8973492104190000651 ) ) ;
#1651 = EDGE_CURVE ( 'NONE', #988, #1478, #1375, .T. ) ;
#1652 = CARTESIAN_POINT ( 'NONE',  ( -2.850308754472999695, 2.901019284245999863, -2.200000000025000180 ) ) ;
#1653 = CARTESIAN_POINT ( 'NONE',  ( 2.020818994799999935, -0.6909739102490001228, -0.1775257843459999707 ) ) ;
#1654 = CARTESIAN_POINT ( 'NONE',  ( 0.5547683306680000204, 2.040873388471000194, -1.395382316460999972 ) ) ;
#1655 = CARTESIAN_POINT ( 'NONE',  ( -1.226506416711000025, -1.733419798581999904, -2.202775961462000165 ) ) ;
#1656 = CARTESIAN_POINT ( 'NONE',  ( 0.000000000000000000, 0.000000000000000000, 0.3499999999999999778 ) ) ;
#1657 = ORIENTED_EDGE ( 'NONE', *, *, #82, .T. ) ;
#1658 = DIRECTION ( 'NONE',  ( 1.000000000000000000, 0.000000000000000000, 0.000000000000000000 ) ) ;
#1659 = CARTESIAN_POINT ( 'NONE',  ( 0.1335528028258082811, 2.058371522260149078, 0.000000000000000000 ) ) ;
#1660 = CALENDAR_DATE ( 2026, 14, 9 ) ;
#1661 = CARTESIAN_POINT ( 'NONE',  ( 2.109999999999999876, -0.06903934689771999700, -1.962844407933999946 ) ) ;
#1662 = CARTESIAN_POINT ( 'NONE',  ( -0.3039901450969999530, 2.092758291213999478, -2.749735408504999867 ) ) ;
#1663 = CARTESIAN_POINT ( 'NONE',  ( -2.109984863178099967, -0.009062362214064208221, -2.590322388276046883 ) ) ;
#1664 = EDGE_LOOP ( 'NONE', ( #1034, #1506, #293, #324 ) ) ;
#1665 = EDGE_CURVE ( 'NONE', #1817, #518, #419, .T. ) ;
#1666 = CARTESIAN_POINT ( 'NONE',  ( 2.635922512674999663, 1.908801641840999874, -3.099999999991000177 ) ) ;
#1667 = CARTESIAN_POINT ( 'NONE',  ( -1.256344189730999927, 1.707755665175999971, -3.113552365344000261 ) ) ;
#1668 = CARTESIAN_POINT ( 'NONE',  ( 0.3472970689519999654, -2.093370058841999892, -1.415862082045000081 ) ) ;
#1669 = CARTESIAN_POINT ( 'NONE',  ( -2.108445676512969769, 0.08656687410655715398, -0.2137701859019280892 ) ) ;
#1670 = CARTESIAN_POINT ( 'NONE',  ( 0.9585020502740000392, 1.885910702190999988, -2.118173279516999852 ) ) ;
#1671 = CARTESIAN_POINT ( 'NONE',  ( 0.9307404904810000490, -1.911159445735999940, -2.365301232640000251 ) ) ;
#1672 = ORIENTED_EDGE ( 'NONE', *, *, #1228, .T. ) ;
#1673 = CARTESIAN_POINT ( 'NONE',  ( -1.618794969039999865, -0.6520779028909999830, 0.000000000000000000 ) ) ;
#1674 = FACE_OUTER_BOUND ( 'NONE', #952, .T. ) ;
#1675 = CARTESIAN_POINT ( 'NONE',  ( 1.561003015182000020, -1.441189280082999957, -1.342246880605000081 ) ) ;
#1676 = CARTESIAN_POINT ( 'NONE',  ( 0.9641114424950000261, 1.884030002053999953, -0.4368765922970000437 ) ) ;
#1677 = CARTESIAN_POINT ( 'NONE',  ( 1.883119062232999852, -1.034283901965000085, -2.996756993988000328 ) ) ;
#1678 = CARTESIAN_POINT ( 'NONE',  ( 0.2949278960989999976, -2.092483669940999658, -2.400207244651999972 ) ) ;
#1679 = ORIENTED_EDGE ( 'NONE', *, *, #1651, .F. ) ;
#1680 = CARTESIAN_POINT ( 'NONE',  ( -2.093181967465225668, 0.3017000873850463893, -1.625148386265106826 ) ) ;
#1681 = CARTESIAN_POINT ( 'NONE',  ( 0.06232259738592000470, -2.113281962283999782, -1.712514150183999995 ) ) ;
#1682 = CARTESIAN_POINT ( 'NONE',  ( -2.099625957625920414, 0.2370671049110375239, -3.021726254387444577 ) ) ;
#1683 = CARTESIAN_POINT ( 'NONE',  ( 0.8498657913009999287, -1.944361504533000051, -1.388312254743999885 ) ) ;
#1684 = CARTESIAN_POINT ( 'NONE',  ( 0.8163140409800000441, 1.957277119757999895, -0.4282027663809999662 ) ) ;
#1685 = CARTESIAN_POINT ( 'NONE',  ( -1.164339210277999914, -1.772268083970999886, -2.898939370607000132 ) ) ;
#1686 = CARTESIAN_POINT ( 'NONE',  ( 1.814452256478000125, -1.118609155695999835, -2.302299096077999874 ) ) ;
#1687 = ORIENTED_EDGE ( 'NONE', *, *, #813, .T. ) ;
#1688 = CARTESIAN_POINT ( 'NONE',  ( -1.949502618277999977, 0.8181907604400000533, -1.653478560928000052 ) ) ;
#1689 = CARTESIAN_POINT ( 'NONE',  ( 0.9054430679370000234, -1.916617042341000055, -1.666624580112000098 ) ) ;
#1690 = CLOSED_SHELL ( 'NONE', ( #936, #468, #448, #1471, #184, #244, #1723, #1368, #1321, #199, #1337, #76, #841, #295, #1187, #893, #572, #387, #1028, #1606, #153, #1453, #1052 ) ) ;
#1691 = EDGE_CURVE ( 'NONE', #969, #702, #1164, .T. ) ;
#1692 = CARTESIAN_POINT ( 'NONE',  ( -1.645337916238841958, 0.7384254338124486283, -0.05000000000013519325 ) ) ;
#1693 = CARTESIAN_POINT ( 'NONE',  ( 1.861451622240000159, -1.008795888192000056, -1.314549273618000003 ) ) ;
#1694 = CARTESIAN_POINT ( 'NONE',  ( -0.6723848622049999335, 2.015007999470999955, -0.3483261485599999929 ) ) ;
#1695 = CARTESIAN_POINT ( 'NONE',  ( 0.5315694785079999596, 2.055027599945999484, -2.094000488383000125 ) ) ;
#1696 = CARTESIAN_POINT ( 'NONE',  ( -1.494823457987000115, -1.520516785931000259, -1.102409383973999901 ) ) ;
#1697 = ORIENTED_EDGE ( 'NONE', *, *, #424, .T. ) ;
#1698 = CARTESIAN_POINT ( 'NONE',  ( 1.482397487466000197, -0.7138849151969999252, -3.200000000000000178 ) ) ;
#1699 = CARTESIAN_POINT ( 'NONE',  ( -1.881582068487833936, -1.002065748636237430, -1.836306773457088148 ) ) ;
#1700 = CARTESIAN_POINT ( 'NONE',  ( -1.955537900752000180, 0.8197132799499999845, -0.5350379776920000108 ) ) ;
#1701 = EDGE_CURVE ( 'NONE', #1005, #645, #748, .T. ) ;
#1702 = DIRECTION ( 'NONE',  ( 1.000000000000000000, 0.000000000000000000, 0.000000000000000000 ) ) ;
#1703 = CARTESIAN_POINT ( 'NONE',  ( 1.068801613828000097, -1.839879236090999903, -2.775580674122000158 ) ) ;
#1704 = CARTESIAN_POINT ( 'NONE',  ( -2.100496944222951079, -0.2049838849237042571, -1.179963697409400769 ) ) ;
#1705 = EDGE_LOOP ( 'NONE', ( #400, #1370, #569, #679 ) ) ;
#1706 = CARTESIAN_POINT ( 'NONE',  ( -1.209528305654000047, 1.747887497813999991, -1.716791133647999956 ) ) ;
#1707 = DIRECTION ( 'NONE',  ( 0.000000000000000000, 0.000000000000000000, -1.000000000000000000 ) ) ;
#1708 = CARTESIAN_POINT ( 'NONE',  ( -1.129795956418999880, 1.796578137583999979, -0.6032663959199999759 ) ) ;
#1709 = CARTESIAN_POINT ( 'NONE',  ( -3.756822801749000185, 2.720500886345000424, -1.135000000004999787 ) ) ;
#1710 = CARTESIAN_POINT ( 'NONE',  ( -2.109999971218784243, 1.924451204066124875E-08, -0.2091986685900503740 ) ) ;
#1711 = CARTESIAN_POINT ( 'NONE',  ( -2.109839908442504353, 0.03438155522709399753, -2.311014013150614943 ) ) ;
#1712 = CARTESIAN_POINT ( 'NONE',  ( 1.645336663039999925, 7.054383835760999284E-15, -1.750000000000000000 ) ) ;
#1713 = CARTESIAN_POINT ( 'NONE',  ( 0.9166552627114900043, 1.823731069604522581, -3.200000000000000178 ) ) ;
#1714 = CARTESIAN_POINT ( 'NONE',  ( 1.393536532931999972, -0.9593428152440000023, -3.200000000000000178 ) ) ;
#1715 = VECTOR ( 'NONE', #747, 1000.000000000000000 ) ;
#1716 = CARTESIAN_POINT ( 'NONE',  ( -0.9895819802479999261, 1.877460902947999832, -0.6117523520979999407 ) ) ;
#1717 = LOCAL_TIME ( 10, 32, 39.00000000000000000, #1146 ) ;
#1718 = CARTESIAN_POINT ( 'NONE',  ( -1.087339199424000036, -3.836800541708000001, 0.4399999999990000243 ) ) ;
#1719 = CARTESIAN_POINT ( 'NONE',  ( -2.109781250988849166, 0.04018983799360332371, -1.892923385955043170 ) ) ;
#1720 = CARTESIAN_POINT ( 'NONE',  ( -1.964530973507999878, 0.7755607634039999310, -2.351085119256000056 ) ) ;
#1721 = CARTESIAN_POINT ( 'NONE',  ( -0.7629164392230000091, 2.692037782539999924, -3.625000000006000089 ) ) ;
#1722 = CARTESIAN_POINT ( 'NONE',  ( 1.087339199440999993, 3.836800541711999912, -1.240000000001999947 ) ) ;
#1723 = ADVANCED_FACE ( 'NONE', ( #602 ), #1173, .F. ) ;
#1724 = CARTESIAN_POINT ( 'NONE',  ( -1.249401068527999925, 1.713501124298999923, -1.014026348025000024 ) ) ;
#1725 = CARTESIAN_POINT ( 'NONE',  ( -5.234349714129000297, 0.3751342052139999828, -2.439999999998999858 ) ) ;
#1726 = CARTESIAN_POINT ( 'NONE',  ( 0.6317200753650000777, 2.030438954852999967, -0.6994387514009999807 ) ) ;
#1727 = CARTESIAN_POINT ( 'NONE',  ( 0.8422222605520000016, -2.215294807966999624, 0.2000000000000000111 ) ) ;
#1728 = FACE_OUTER_BOUND ( 'NONE', #663, .T. ) ;
#1729 = CARTESIAN_POINT ( 'NONE',  ( 0.000000000000000000, 0.000000000000000000, 0.3499999999999999778 ) ) ;
#1730 = CARTESIAN_POINT ( 'NONE',  ( -1.645336663039999925, 1.107638051418999847, -2.875000000000000000 ) ) ;
#1731 = CARTESIAN_POINT ( 'NONE',  ( 1.645336663039999925, 1.107638051418999847, -1.675000000000000044 ) ) ;
#1732 = CARTESIAN_POINT ( 'NONE',  ( -0.09146228373355000385, 2.113214893062999700, -1.079378321545000130 ) ) ;
#1733 = ORIENTED_EDGE ( 'NONE', *, *, #1308, .F. ) ;
#1734 = CARTESIAN_POINT ( 'NONE',  ( 0.9592568576801933089, 1.887203880101363751, -0.01817183313400384803 ) ) ;
#1735 = CARTESIAN_POINT ( 'NONE',  ( 1.758992283590000193E-11, -4.281821205094999527, -1.225000000000999956 ) ) ;
#1736 = CARTESIAN_POINT ( 'NONE',  ( -2.635922512684999663, 1.908801641845000008, -1.449999999998999867 ) ) ;
#1737 = EDGE_CURVE ( 'NONE', #1817, #435, #1503, .T. ) ;
#1738 = CARTESIAN_POINT ( 'NONE',  ( -1.009252415023000005, 1.858182394528000048, -2.010378718997999581 ) ) ;
#1739 = CARTESIAN_POINT ( 'NONE',  ( 1.995137602126999754, -0.7910915557479999416, -0.8829101583189999936 ) ) ;
#1740 = CARTESIAN_POINT ( 'NONE',  ( -3.672608738521999872, -0.2632077020660000266, -3.475000000019000002 ) ) ;
#1741 = CARTESIAN_POINT ( 'NONE',  ( -0.8422222605540000684, -2.215294807966999624, -0.5500000000000000444 ) ) ;
#1742 = CARTESIAN_POINT ( 'NONE',  ( 0.8200942149109999857, 1.965618395895999626, -1.128248342200000032 ) ) ;
#1743 = CARTESIAN_POINT ( 'NONE',  ( 0.000000000000000000, 0.000000000000000000, 0.3499999999999999778 ) ) ;
#1744 = CARTESIAN_POINT ( 'NONE',  ( -3.500000000000000000, -2.020725942163999811, -3.200000000000000178 ) ) ;
#1745 = CC_DESIGN_PERSON_AND_ORGANIZATION_ASSIGNMENT ( #1461, #1061, ( #1637 ) ) ;
#1746 = CARTESIAN_POINT ( 'NONE',  ( -0.7629164392220000313, -2.692037782533999835, 0.1250000000000000000 ) ) ;
#1747 = CARTESIAN_POINT ( 'NONE',  ( -2.033928022898999988, 0.6479712625070001009, -1.925229031433000060 ) ) ;
#1748 = CARTESIAN_POINT ( 'NONE',  ( 0.4432418673669999976, 2.074221131883000169, -2.507662529115000094 ) ) ;
#1749 = CARTESIAN_POINT ( 'NONE',  ( -1.645336663039999925, -1.107638051418999847, -2.725000000000000089 ) ) ;
#1750 = CARTESIAN_POINT ( 'NONE',  ( 2.635922512670000106, 1.908801641845000008, -1.000000000001000089 ) ) ;
#1751 = CARTESIAN_POINT ( 'NONE',  ( -0.8543264157258539937, -1.853747431418267810, -3.200000000000000178 ) ) ;
#1752 = FACE_OUTER_BOUND ( 'NONE', #1177, .T. ) ;
#1753 = CARTESIAN_POINT ( 'NONE',  ( -2.109976018813434884, -0.01140668454983607277, -0.9085968406687980892 ) ) ;
#1754 = CARTESIAN_POINT ( 'NONE',  ( 2.109999999999999876, -3.982651479448019696E-15, -0.1408013321649999872 ) ) ;
#1755 = CARTESIAN_POINT ( 'NONE',  ( -2.041623496720999853, -0.5476597038020000197, -0.4616061464569999884 ) ) ;
#1756 = CARTESIAN_POINT ( 'NONE',  ( -2.110000000309115720, -3.904742328086907577E-08, -1.609198654689880437 ) ) ;
#1757 = CARTESIAN_POINT ( 'NONE',  ( 2.024001243964000274, 0.6464549184350000255, -0.5246952817500000199 ) ) ;
#1758 = CARTESIAN_POINT ( 'NONE',  ( 2.344999999999999751, -9.325873406850999395E-15, -2.064999999999999947 ) ) ;
#1759 = VERTEX_POINT ( 'NONE', #241 ) ;
#1760 = DIRECTION ( 'NONE',  ( 0.000000000000000000, 0.000000000000000000, -1.000000000000000000 ) ) ;
#1761 = PERSON_AND_ORGANIZATION ( #1644, #18446744073709551615 ) ;
#1762 = LINE ( 'NONE', #630, #539 ) ;
#1763 = FACE_OUTER_BOUND ( 'NONE', #1705, .T. ) ;
#1764 = CARTESIAN_POINT ( 'NONE',  ( -0.1536549735609999967, -2.109483735426000095, -0.3238999206320000157 ) ) ;
#1765 = CARTESIAN_POINT ( 'NONE',  ( -0.06958482063918000615, 2.113645691894000311, -1.362137163837999987 ) ) ;
#1766 = DIRECTION ( 'NONE',  ( 0.000000000000000000, 0.000000000000000000, -1.000000000000000000 ) ) ;
#1767 = CARTESIAN_POINT ( 'NONE',  ( -1.447143071934000158, -1.535538007663999949, -3.200000000000000178 ) ) ;
#1768 = ORIENTED_EDGE ( 'NONE', *, *, #488, .F. ) ;
#1769 = CARTESIAN_POINT ( 'NONE',  ( -1.408415246765999829, -1.162286317489999998, 0.000000000000000000 ) ) ;
#1770 = CARTESIAN_POINT ( 'NONE',  ( 2.109999999999999876, 0.1003487116620000036, -1.953900681500999825 ) ) ;
#1771 = CARTESIAN_POINT ( 'NONE',  ( 2.109999999999999876, 5.168009492401999050E-16, -1.259198667835000007 ) ) ;
#1772 = CARTESIAN_POINT ( 'NONE',  ( 0.2012111463320000182, -2.105346365684000354, -0.02358548099967000197 ) ) ;
#1773 = AXIS2_PLACEMENT_3D ( 'NONE', #832, #11, #397 ) ;
#1774 = CARTESIAN_POINT ( 'NONE',  ( 0.6941123013729999514, 2.001538537369000004, -1.403003956175000067 ) ) ;
#1775 = CARTESIAN_POINT ( 'NONE',  ( 2.102254913328999830, -0.2070059667120000280, -1.970135337869999725 ) ) ;
#1776 = CARTESIAN_POINT ( 'NONE',  ( 0.1903028806089999969, -2.106294222328999766, -3.105750692097999810 ) ) ;
#1777 = APPROVAL_PERSON_ORGANIZATION ( #1247, #379, #1128 ) ;
#1778 = ORIENTED_EDGE ( 'NONE', *, *, #1479, .F. ) ;
#1779 = EDGE_CURVE ( 'NONE', #616, #988, #620, .T. ) ;
#1780 = DIRECTION ( 'NONE',  ( 0.000000000000000000, 0.000000000000000000, -1.000000000000000000 ) ) ;
#1781 = CARTESIAN_POINT ( 'NONE',  ( 1.732033658781000129, 1.223390355858000156, -1.890692082371000060 ) ) ;
#1782 = CARTESIAN_POINT ( 'NONE',  ( -0.7629164392170000308, -2.692037782534999923, -1.974999999994000222 ) ) ;
#1783 = CARTESIAN_POINT ( 'NONE',  ( 1.373846047402000004, -1.614452075925999930, -0.2372849253799999836 ) ) ;
#1784 = CARTESIAN_POINT ( 'NONE',  ( -1.884339542017350322, 0.9963058037792402732, -1.244961521260189219 ) ) ;
#1785 = CARTESIAN_POINT ( 'NONE',  ( 2.082465116094999846, 0.3446231131690000171, -0.5409282116740000701 ) ) ;
#1786 = CARTESIAN_POINT ( 'NONE',  ( -1.253375777452184980, -1.699018521547006166, -3.186610759499025392 ) ) ;
#1787 = B_SPLINE_CURVE_WITH_KNOTS ( 'NONE', 8,
 ( #1140, #1148, #257, #986, #433, #1290, #859, #119, #1670, #275, #842, #1695, #423, #283, #1611, #590, #1191, #1181, #900, #727, #35, #1738, #341, #1019, #483, #622, #601, #1747, #908, #1029, #172, #1163, #1327, #1464, #1719, #195, #26 ),
 .UNSPECIFIED., .F., .F.,
 ( 9, 7, 7, 7, 7, 9 ),
 ( 0.000000000000000000, 0.1636208199629999860, 0.2557185828050000387, 0.3396353631310000121, 0.4878286417520000251, 0.4999539077934227471 ),
 .UNSPECIFIED. ) ;
#1788 = EDGE_LOOP ( 'NONE', ( #1123, #1697, #1449, #1809 ) ) ;
#1789 = CARTESIAN_POINT ( 'NONE',  ( -2.850308754443999781, -2.901019284273000043, -3.399999999974999909 ) ) ;
#1790 = CARTESIAN_POINT ( 'NONE',  ( 1.249581791087124305, 1.357447515709437669, -3.057142857142748582 ) ) ;
#1791 = APPLICATION_PROTOCOL_DEFINITION ( 'international standard', 'config_control_design', 1994, #741 ) ;
#1792 = CARTESIAN_POINT ( 'NONE',  ( -3.500000000000000000, -2.020725942163999811, 0.000000000000000000 ) ) ;
#1793 = CARTESIAN_POINT ( 'NONE',  ( -0.08587572940326998472, 2.113927314667999990, -2.761275437655000164 ) ) ;
#1794 = VERTEX_POINT ( 'NONE', #948 ) ;
#1795 = CARTESIAN_POINT ( 'NONE',  ( 0.1335564718524235861, -2.058371800682871289, 0.000000000000000000 ) ) ;
#1796 = CARTESIAN_POINT ( 'NONE',  ( -2.109999989344961246, 1.751145750758173469E-12, -3.009199131748323985 ) ) ;
#1797 = EDGE_CURVE ( 'NONE', #772, #478, #909, .T. ) ;
#1798 = DATE_AND_TIME ( #1660, #298 ) ;
#1799 = CARTESIAN_POINT ( 'NONE',  ( -2.036886177254999986, 0.5708250956779999941, -0.2396374900049999812 ) ) ;
#1800 = CARTESIAN_POINT ( 'NONE',  ( -1.268379990912000155, 1.699829442433999915, -2.694400756179000211 ) ) ;
#1801 = CARTESIAN_POINT ( 'NONE',  ( -1.863497016533999906, -1.007489158814000030, -2.535570749526999901 ) ) ;
#1802 = VERTEX_POINT ( 'NONE', #993 ) ;
#1803 = VECTOR ( 'NONE', #902, 1000.000000000000000 ) ;
#1804 = CARTESIAN_POINT ( 'NONE',  ( 1.602234445597000123, -1.376216291858000096, -1.619862490330999938 ) ) ;
#1805 = CARTESIAN_POINT ( 'NONE',  ( -2.075478948792469414, 0.3936017260757576075, -3.030077868292814447 ) ) ;
#1806 = CYLINDRICAL_SURFACE ( 'NONE', #1195, 2.109999999999999876 ) ;
#1807 = CARTESIAN_POINT ( 'NONE',  ( -2.052714144357000059, -0.5160896686919999032, -2.981750226456999719 ) ) ;
#1808 = CARTESIAN_POINT ( 'NONE',  ( -0.2367812886789999738, -2.106661576250000056, -1.028287641337999991 ) ) ;
#1809 = ORIENTED_EDGE ( 'NONE', *, *, #1819, .F. ) ;
#1810 = CARTESIAN_POINT ( 'NONE',  ( 1.645336663039999925, -1.107638051418999847, 0.2750000000000000222 ) ) ;
#1811 = CARTESIAN_POINT ( 'NONE',  ( 0.3341258757349999664, -2.086778253523000171, -1.698116117582999962 ) ) ;
#1812 = CARTESIAN_POINT ( 'NONE',  ( 0.3893125307660276757, 2.206216818135644520, -0.2000000000001153355 ) ) ;
#1813 = PERSON_AND_ORGANIZATION ( #1644, #18446744073709551615 ) ;
#1814 = DIRECTION ( 'NONE',  ( 0.000000000000000000, 0.000000000000000000, -1.000000000000000000 ) ) ;
#1815 = CARTESIAN_POINT ( 'NONE',  ( -1.703294499239999871, -1.250203965018999996, -2.938655211033000203 ) ) ;
#1816 = CARTESIAN_POINT ( 'NONE',  ( 2.110000000000999965, -0.2329181149289999697, -2.253099401567999926 ) ) ;
#1817 = VERTEX_POINT ( 'NONE', #965 ) ;
#1818 = CARTESIAN_POINT ( 'NONE',  ( -2.026377833452421395, 0.5966836033904138192, -1.641098430492931248 ) ) ;
#1819 = EDGE_CURVE ( 'NONE', #1627, #105, #1536, .T. ) ;
#1820 = CARTESIAN_POINT ( 'NONE',  ( 1.869621327124999954, -0.9889966940380000571, -1.594995465836000159 ) ) ;
#1821 = CARTESIAN_POINT ( 'NONE',  ( -0.4264479651869999555, 2.069416288917000024, -3.161563236189000037 ) ) ;
ENDSEC;
END-ISO-10303-21;
