ISO-10303-21;
HEADER;
FILE_DESCRIPTION (( 'STEP AP203' ),
    '1' );
FILE_NAME ('pan_head_screw_M3_l10mm_thread.STEP',
    '2026-09-14T13:32:39',
    ( '' ),
    ( '' ),
    'SwSTEP 2.0',
    'SolidWorks 2026',
    '' );
FILE_SCHEMA (( 'CONFIG_CONTROL_DESIGN' ));
ENDSEC;

DATA;
#1 = CARTESIAN_POINT ( 'NONE',  ( -1.246955656237000110, -0.6486407247659999875, -2.965596972025000166 ) ) ;
#2 = CARTESIAN_POINT ( 'NONE',  ( 1.399999999999999911, 0.07784251251179000186, -8.249363242584999867 ) ) ;
#3 = EDGE_CURVE ( 'NONE', #1367, #2917, #554, .T. ) ;
#4 = CARTESIAN_POINT ( 'NONE',  ( -0.4068842142349999857, -1.353293378912000078, -5.902020634113999797 ) ) ;
#5 = VERTEX_POINT ( 'NONE', #4636 ) ;
#6 = CARTESIAN_POINT ( 'NONE',  ( 1.337679787049000035, 2.765673762771000188, -10.30384615386999947 ) ) ;
#7 = CARTESIAN_POINT ( 'NONE',  ( -1.399716054887757410, -0.03014201077639793586, -10.00207482959463512 ) ) ;
#8 = LINE ( 'NONE', #93, #4506 ) ;
#9 = CARTESIAN_POINT ( 'NONE',  ( -1.399999029318594657, 0.001762432182466988325, -11.00388836139868332 ) ) ;
#10 = EDGE_CURVE ( 'NONE', #2076, #3345, #3390, .T. ) ;
#11 = CARTESIAN_POINT ( 'NONE',  ( -1.351993255045000009, -0.3794865334979999894, -6.274434459482000292 ) ) ;
#12 = CARTESIAN_POINT ( 'NONE',  ( -0.6889818364830000430, -1.239340687724999945, -2.711604277316999934 ) ) ;
#13 = EDGE_CURVE ( 'NONE', #634, #2095, #4386, .T. ) ;
#14 = CARTESIAN_POINT ( 'NONE',  ( -1.132766211602999951, 0.8480800199180000831, -6.347371999558999889 ) ) ;
#15 = LINE ( 'NONE', #1866, #53 ) ;
#16 = ORIENTED_EDGE ( 'NONE', *, *, #4360, .T. ) ;
#17 = CARTESIAN_POINT ( 'NONE',  ( 3.086771334363999753, 1.478060008326999908, -7.655769230803000092 ) ) ;
#18 = CARTESIAN_POINT ( 'NONE',  ( 1.399999999999999911, 3.429011037612999484E-16, -4.046212107184000040 ) ) ;
#19 = DIRECTION ( 'NONE',  ( 1.000000000000000000, 0.000000000000000000, 0.000000000000000000 ) ) ;
#20 = CARTESIAN_POINT ( 'NONE',  ( 1.075240473600000080, 0.7795309783169999118, -6.842307692307999289 ) ) ;
#21 = CARTESIAN_POINT ( 'NONE',  ( -0.6622366492499999202, -1.239693056614999955, -8.210236946718000084 ) ) ;
#22 = CARTESIAN_POINT ( 'NONE',  ( -1.399999991182353520, 0.1183863699152091914, -7.302940922176818006 ) ) ;
#23 = AXIS2_PLACEMENT_3D ( 'NONE', #273, #1296, #3160 ) ;
#24 = CARTESIAN_POINT ( 'NONE',  ( 0.6780876855060000707, 2.283193464110000015, -11.50961538460999911 ) ) ;
#25 = CARTESIAN_POINT ( 'NONE',  ( 1.959418117455999919, -4.051127429916999922, -10.77115384622000072 ) ) ;
#26 = CARTESIAN_POINT ( 'NONE',  ( -1.399999999977819209, 3.247293668466285418E-10, -6.503788184316054100 ) ) ;
#27 = AXIS2_PLACEMENT_3D ( 'NONE', #735, #248, #3082 ) ;
#28 = CARTESIAN_POINT ( 'NONE',  ( -1.137088144925999966, -0.8183199833710000926, -5.746569623819000050 ) ) ;
#29 = CARTESIAN_POINT ( 'NONE',  ( -1.283781733253309909, 0.5792215867014316455, -8.829922610311893294 ) ) ;
#30 = VECTOR ( 'NONE', #4847, 1000.000000000000114 ) ;
#31 = ORIENTED_EDGE ( 'NONE', *, *, #3668, .T. ) ;
#32 = CARTESIAN_POINT ( 'NONE',  ( 1.301132651174000010, -0.5357973935409999777, -4.284861167038999774 ) ) ;
#33 = CARTESIAN_POINT ( 'NONE',  ( -1.075240473600000080, 0.7795309783160000450, -3.207692307691999645 ) ) ;
#34 = CARTESIAN_POINT ( 'NONE',  ( 1.012904539200000009, -0.9693892866010000997, -2.814539891119999915 ) ) ;
#35 = CARTESIAN_POINT ( 'NONE',  ( 0.1221110988909999834, -1.402710119572999847, -10.66433682603999955 ) ) ;
#36 = B_SPLINE_CURVE_WITH_KNOTS ( 'NONE', 7,
 ( #2712, #396, #2132, #3989, #3958, #3504, #1643, #5370, #5859, #1673, #4717, #2285, #2835, #1421, #4142, #3288, #4599, #1363, #5979, #5059, #5547, #5642, #6009, #2375, #5150, #427, #1823, #4233, #945, #5120, #3712, #1916 ),
 .UNSPECIFIED., .F., .F.,
 ( 8, 6, 6, 6, 6, 8 ),
 ( 0.4957959134346401897, 0.6099981471409999800, 0.6863886973450000761, 0.7730660864839999924, 0.8721427551440000814, 1.000000000000000000 ),
 .UNSPECIFIED. ) ;
#37 = CARTESIAN_POINT ( 'NONE',  ( 1.399999999999999911, -0.1120553927719999954, -5.760157441140999701 ) ) ;
#38 = ORIENTED_EDGE ( 'NONE', *, *, #4762, .F. ) ;
#39 = CARTESIAN_POINT ( 'NONE',  ( 1.009862417743000007, 1.799255404721999962, -12.03409090909000057 ) ) ;
#40 = CARTESIAN_POINT ( 'NONE',  ( 0.1577469496439999896, -1.402960360273999951, -9.869868178737000619 ) ) ;
#41 = DIRECTION ( 'NONE',  ( 1.000000000000000000, 0.000000000000000000, 0.000000000000000000 ) ) ;
#42 = CARTESIAN_POINT ( 'NONE',  ( 0.4023519246989999965, 1.354103927111999894, -11.15176351266999966 ) ) ;
#43 = CARTESIAN_POINT ( 'NONE',  ( -1.227662753999255951, 0.02204062399408787676, -12.22010399674417691 ) ) ;
#44 = CARTESIAN_POINT ( 'NONE',  ( -0.5435333664489999661, -1.306372876906000124, -2.702627740569000014 ) ) ;
#45 = B_SPLINE_CURVE_WITH_KNOTS ( 'NONE', 6,
 ( #4606, #4545, #433, #1737, #2291, #5552, #3596, #2229, #4087, #5953, #3318, #1889 ),
 .UNSPECIFIED., .F., .F.,
 ( 7, 5, 7 ),
 ( 0.7786414624584170330, 0.8127829747870000121, 1.000000000000000000 ),
 .UNSPECIFIED. ) ;
#46 = CARTESIAN_POINT ( 'NONE',  ( -0.7089688479590000592, 1.215279959797000098, -6.379157739930000126 ) ) ;
#47 = CARTESIAN_POINT ( 'NONE',  ( 1.075240473600000080, 0.6141759223099999554, -12.35454545454000019 ) ) ;
#48 = ORIENTED_EDGE ( 'NONE', *, *, #4229, .T. ) ;
#49 = CARTESIAN_POINT ( 'NONE',  ( -0.4629252851460000096, -1.558718743917000049, -7.534615384617000089 ) ) ;
#50 = CARTESIAN_POINT ( 'NONE',  ( -1.398346667563695300, -0.06898460173564295583, -10.29228926106404884 ) ) ;
#51 = CARTESIAN_POINT ( 'NONE',  ( 1.574999999999999956, 1.707090152885999964E-15, -7.125000000000000000 ) ) ;
#52 = CARTESIAN_POINT ( 'NONE',  ( -0.06601358725048001030, -1.403936784246999858, -8.174971579885999873 ) ) ;
#53 = VECTOR ( 'NONE', #956, 1000.000000000000000 ) ;
#54 = CARTESIAN_POINT ( 'NONE',  ( -0.7628624360800000392, 1.206179006909999796, -7.376362187376000357 ) ) ;
#55 = CARTESIAN_POINT ( 'NONE',  ( -0.7607984106090001086, 1.816692929059999795, -11.22692307692999947 ) ) ;
#56 = CARTESIAN_POINT ( 'NONE',  ( 0.7607984106090001086, 1.816692929058000061, -10.82307692304999946 ) ) ;
#57 = CARTESIAN_POINT ( 'NONE',  ( -0.7875378835439998948, -1.170108193247000106, -6.425937256847999990 ) ) ;
#58 = CARTESIAN_POINT ( 'NONE',  ( -1.114408847255000001, -2.661071112480000167, -7.298076923076000533 ) ) ;
#59 = VERTEX_POINT ( 'NONE', #5304 ) ;
#60 = FACE_OUTER_BOUND ( 'NONE', #1390, .T. ) ;
#61 = CARTESIAN_POINT ( 'NONE',  ( -1.399999999999999911, 1.714505518806294391E-16, -11.40000000000000036 ) ) ;
#62 = CARTESIAN_POINT ( 'NONE',  ( -1.034565340938000011, -0.9598162702159999116, -2.944278300011999860 ) ) ;
#63 = CARTESIAN_POINT ( 'NONE',  ( -1.399999999977127318, 3.125581761505026026E-10, -9.796211797384074771 ) ) ;
#64 = VERTEX_POINT ( 'NONE', #2403 ) ;
#65 = CARTESIAN_POINT ( 'NONE',  ( -0.08300526979760000645, 1.573236784856999915, -12.26363636363999987 ) ) ;
#66 = CARTESIAN_POINT ( 'NONE',  ( 1.390171252826000181, -0.2172135672659999961, -9.766134299116000506 ) ) ;
#67 = FACE_OUTER_BOUND ( 'NONE', #584, .T. ) ;
#68 = CARTESIAN_POINT ( 'NONE',  ( -1.029731491393000242, 0.9526427523940000919, -10.35561701396999901 ) ) ;
#69 = CARTESIAN_POINT ( 'NONE',  ( 1.399999999999999911, 2.400307726328999650E-15, -10.04621210718000057 ) ) ;
#70 = CARTESIAN_POINT ( 'NONE',  ( -0.7380930072479999771, 1.015284466455000034, -12.14962644780999845 ) ) ;
#71 = CARTESIAN_POINT ( 'NONE',  ( -0.1786150410690000023, 1.402265961627000124, -10.11863238073999938 ) ) ;
#72 = VERTEX_POINT ( 'NONE', #217 ) ;
#73 = CARTESIAN_POINT ( 'NONE',  ( -0.6780876855060000707, 2.283193464108999926, -7.540384615390999912 ) ) ;
#74 = CARTESIAN_POINT ( 'NONE',  ( -1.399889751989709774, -0.02300369628441611969, -10.29490427792460849 ) ) ;
#75 = CARTESIAN_POINT ( 'NONE',  ( 1.085041929272000161, 0.8876871612710000026, -8.699222082572999781 ) ) ;
#76 = CARTESIAN_POINT ( 'NONE',  ( 1.278811894343000022, -0.5909805910789999173, -8.080642452265999864 ) ) ;
#77 = ADVANCED_FACE ( 'NONE', ( #4264 ), #4290, .T. ) ;
#78 = CARTESIAN_POINT ( 'NONE',  ( 1.370005539396999872, -0.3275029556260000141, -8.564892016947000641 ) ) ;
#79 = CARTESIAN_POINT ( 'NONE',  ( 0.5346947924250000650, 1.310675269212000060, -3.452078518144999997 ) ) ;
#80 = CARTESIAN_POINT ( 'NONE',  ( 0.8421899740650000687, -0.8870420118979999158, -2.399999999999999911 ) ) ;
#81 = CARTESIAN_POINT ( 'NONE',  ( 0.005610913546318000746, -1.402207398498000135, -6.378472127754999832 ) ) ;
#82 = CARTESIAN_POINT ( 'NONE',  ( -1.399396939769999904, -0.1287771166340000162, -4.288892006172000393 ) ) ;
#83 = CARTESIAN_POINT ( 'NONE',  ( 0.001297007313049999963, 1.401151612914999900, -8.921286054709998581 ) ) ;
#84 = ORIENTED_EDGE ( 'NONE', *, *, #5855, .F. ) ;
#85 = CARTESIAN_POINT ( 'NONE',  ( -0.1215851738659999848, -2.304459325135000292, -11.81136363635000031 ) ) ;
#86 = CARTESIAN_POINT ( 'NONE',  ( 1.337679787042999724, -2.765673762762999921, -3.496153846162999734 ) ) ;
#87 = CARTESIAN_POINT ( 'NONE',  ( 0.9596576917110000160, 1.040433475941999975, -7.980459077620998265 ) ) ;
#88 = CARTESIAN_POINT ( 'NONE',  ( 1.286313898071999917, -0.5731210142189998580, -10.57955022211999996 ) ) ;
#89 = VERTEX_POINT ( 'NONE', #3347 ) ;
#90 = ADVANCED_FACE ( 'NONE', ( #1943 ), #3319, .T. ) ;
#91 = CARTESIAN_POINT ( 'NONE',  ( 1.574999999999999956, 0.8996378962550000136, -12.57954545453999984 ) ) ;
#92 = CARTESIAN_POINT ( 'NONE',  ( 1.223620690483999907, 0.6907373982819999814, -7.712910027940999669 ) ) ;
#93 = CARTESIAN_POINT ( 'NONE',  ( -1.399999999999999911, 1.714505518806294391E-16, -12.40000000000000036 ) ) ;
#94 = CARTESIAN_POINT ( 'NONE',  ( -1.060666342555000030, 0.9176591193339999064, -11.06054527601999915 ) ) ;
#95 = B_SPLINE_CURVE_WITH_KNOTS ( 'NONE', 7,
 ( #1477, #571, #4283, #4316, #5148, #3341, #113, #5202, #5175, #5696, #544, #1539, #997, #4258, #969, #2833, #1506, #3370, #144, #4684 ),
 .UNSPECIFIED., .F., .F.,
 ( 8, 6, 6, 8 ),
 ( 0.7036227999059820881, 0.7377580209580000270, 0.8489362640449999997, 0.9999777120988351253 ),
 .UNSPECIFIED. ) ;
#96 = CARTESIAN_POINT ( 'NONE',  ( -1.228052208744480511, -1.949326970999108732E-08, -12.21879896980884617 ) ) ;
#97 = CARTESIAN_POINT ( 'NONE',  ( -0.6398939041319999799, -1.111220103203000020, -11.97468517527000031 ) ) ;
#98 = DIRECTION ( 'NONE',  ( 1.000000000000000000, 0.000000000000000000, 1.319112643190696996E-15 ) ) ;
#99 = VERTEX_POINT ( 'NONE', #608 ) ;
#100 = CARTESIAN_POINT ( 'NONE',  ( -0.4629252851460000096, 1.558718743918000138, -7.765384615390000356 ) ) ;
#101 = CARTESIAN_POINT ( 'NONE',  ( -0.9691998623390000178, -1.011482193523000062, -10.23201436783000062 ) ) ;
#102 = CARTESIAN_POINT ( 'NONE',  ( 1.959418117455999919, -4.051127429910000188, -6.721153846185000447 ) ) ;
#103 = CARTESIAN_POINT ( 'NONE',  ( -0.8836578407680000247, -1.089824777895000096, -8.225431898862000324 ) ) ;
#104 = CARTESIAN_POINT ( 'NONE',  ( -0.9136592818709999841, -0.8481714523660000005, -12.16435723158000037 ) ) ;
#105 = CARTESIAN_POINT ( 'NONE',  ( 3.753850618406000095, -1.173470705913999934, -11.16346153842999911 ) ) ;
#106 = CARTESIAN_POINT ( 'NONE',  ( -0.1414035764409269647, -1.365726477679990003, -2.399999999999999467 ) ) ;
#107 = CARTESIAN_POINT ( 'NONE',  ( -1.399999999977902476, 3.225068244967128927E-10, -5.003788184316332988 ) ) ;
#108 = CARTESIAN_POINT ( 'NONE',  ( -1.399999999924623761, -0.0009617624359137722130, -4.296157148874059750 ) ) ;
#109 = CARTESIAN_POINT ( 'NONE',  ( 1.399999999999999911, 0.1216803187409999931, -9.039295400420998661 ) ) ;
#110 = AXIS2_PLACEMENT_3D ( 'NONE', #3398, #2092, #3946 ) ;
#111 = CARTESIAN_POINT ( 'NONE',  ( -0.9065773509502255134, -0.5370639450425703787, -0.7414415395848762413 ) ) ;
#112 = ORIENTED_EDGE ( 'NONE', *, *, #2494, .T. ) ;
#113 = CARTESIAN_POINT ( 'NONE',  ( -1.367132359402504882, -0.1777116121731151244, -11.50326370688726030 ) ) ;
#114 = LINE ( 'NONE', #61, #4010 ) ;
#115 = CARTESIAN_POINT ( 'NONE',  ( -0.2358257118520000195, 1.390256608800000127, -7.907848080733000273 ) ) ;
#116 = CARTESIAN_POINT ( 'NONE',  ( -0.8837343594220000709, -1.089762730157999959, -9.725437486059998804 ) ) ;
#117 = ADVANCED_FACE ( 'NONE', ( #2896 ), #4088, .F. ) ;
#118 = ORIENTED_EDGE ( 'NONE', *, *, #542, .T. ) ;
#119 = CARTESIAN_POINT ( 'NONE',  ( -0.7015571599400000080, -0.1531733132530000152, -5.000000000000000000 ) ) ;
#120 = CARTESIAN_POINT ( 'NONE',  ( 1.124121543031000092, 0.8363893086629999862, -7.702883574483999851 ) ) ;
#121 = CARTESIAN_POINT ( 'NONE',  ( 1.399999999999999911, -3.429011037612999484E-16, -5.753788184292000452 ) ) ;
#122 = CARTESIAN_POINT ( 'NONE',  ( 2.107315219975999909, -1.009060281498999956, -4.419230769223999822 ) ) ;
#123 = AXIS2_PLACEMENT_3D ( 'NONE', #250, #5305, #2926 ) ;
#124 = CARTESIAN_POINT ( 'NONE',  ( 0.3235543373229999853, 1.363904729835000218, -7.147318198966999603 ) ) ;
#125 = CARTESIAN_POINT ( 'NONE',  ( 1.218207866591999977, 0.7005601510310000002, -3.212275744133000099 ) ) ;
#126 = CARTESIAN_POINT ( 'NONE',  ( 1.302855458040000025, -0.2311544855220000194, -11.80616745439000148 ) ) ;
#127 = CARTESIAN_POINT ( 'NONE',  ( -1.574999999999999956, 1.141848099093000002, -9.432692307691000977 ) ) ;
#128 = VERTEX_POINT ( 'NONE', #2624 ) ;
#129 = CARTESIAN_POINT ( 'NONE',  ( 1.075240473600000080, 1.110223024624999873E-14, -9.900000000000000355 ) ) ;
#130 = CARTESIAN_POINT ( 'NONE',  ( -3.753850618401000094, 1.173470705921000112, -6.963461538482000002 ) ) ;
#131 = CARTESIAN_POINT ( 'NONE',  ( 1.363288093612000207, -0.3620504701389999913, -11.06687494635000135 ) ) ;
#132 = CARTESIAN_POINT ( 'NONE',  ( -1.399999997821742559, 0.02811733106510786243, -10.50538612610736600 ) ) ;
#133 = CARTESIAN_POINT ( 'NONE',  ( -0.2687743313949999546, -1.386516917557000017, -7.394033189241000059 ) ) ;
#134 = CARTESIAN_POINT ( 'NONE',  ( -1.229452428747916937, -0.1126265818836546806, -12.21213121263451740 ) ) ;
#135 = CARTESIAN_POINT ( 'NONE',  ( -0.4629252851469999874, 1.558718743917000049, -10.76538461538999947 ) ) ;
#136 = CARTESIAN_POINT ( 'NONE',  ( -1.399999999694351294, -2.023773469227337085E-14, -10.79621210494344652 ) ) ;
#137 = CARTESIAN_POINT ( 'NONE',  ( 1.020285328795000002, 0.9699539701049999518, -6.985718415675000514 ) ) ;
#138 = CARTESIAN_POINT ( 'NONE',  ( 1.389892763086999938, -0.2202695029449999731, -4.058733330212999313 ) ) ;
#139 = CARTESIAN_POINT ( 'NONE',  ( 1.399999999999999911, -3.429011037612999484E-16, -9.046211797359999807 ) ) ;
#140 = CARTESIAN_POINT ( 'NONE',  ( -1.203312752492132764, -0.7266994051113322417, -10.96057490701711146 ) ) ;
#141 = CARTESIAN_POINT ( 'NONE',  ( 1.075240473600000080, 0.7795309783169999118, -6.842307692307999289 ) ) ;
#142 = VECTOR ( 'NONE', #5030, 1000.000000000000000 ) ;
#143 = ORIENTED_EDGE ( 'NONE', *, *, #4393, .F. ) ;
#144 = CARTESIAN_POINT ( 'NONE',  ( -0.4960211890372856480, -1.314002799314203829, -11.40831018815225484 ) ) ;
#145 = DIRECTION ( 'NONE',  ( 0.000000000000000000, 0.000000000000000000, 1.000000000000000000 ) ) ;
#146 = DIRECTION ( 'NONE',  ( -0.2133083745830045563, -0.9769849217530212071, 0.000000000000000000 ) ) ;
#147 = PLANE ( 'NONE',  #1962 ) ;
#148 = CARTESIAN_POINT ( 'NONE',  ( -0.9474374472700000105, -1.050904717670000155, -2.729556568677000250 ) ) ;
#149 = ORIENTED_EDGE ( 'NONE', *, *, #3962, .T. ) ;
#150 = CARTESIAN_POINT ( 'NONE',  ( 1.574999999999999956, -0.8996378962550000136, -12.17045454544999927 ) ) ;
#151 = CARTESIAN_POINT ( 'NONE',  ( 1.015601119225999938, 0.9669332324859999384, -7.693242530547999891 ) ) ;
#152 = CARTESIAN_POINT ( 'NONE',  ( 1.326864064192999848, -0.4785838989080000716, -3.573750986520999984 ) ) ;
#153 = CARTESIAN_POINT ( 'NONE',  ( 1.304490697952999989, 0.5269162767870000375, -4.015677157657999707 ) ) ;
#154 = CARTESIAN_POINT ( 'NONE',  ( -0.2754068512989999440, 1.384515081654999813, -7.113103861597000588 ) ) ;
#155 = CARTESIAN_POINT ( 'NONE',  ( -1.013932546256000045, 0.9784022482970000656, -3.064875810852000004 ) ) ;
#156 = CARTESIAN_POINT ( 'NONE',  ( -1.244319355756620116, 0.2299656206823839644, -12.08289939066537144 ) ) ;
#157 = CARTESIAN_POINT ( 'NONE',  ( 3.086771334364999841, -1.478060008329000086, -9.144230769213999466 ) ) ;
#158 = ORIENTED_EDGE ( 'NONE', *, *, #3240, .F. ) ;
#159 = CARTESIAN_POINT ( 'NONE',  ( 1.287222460044000094, -0.5709136919539999910, -7.579415576745000216 ) ) ;
#160 = CARTESIAN_POINT ( 'NONE',  ( -0.5370639450421332839, -0.9065773509522279117, -0.7414415395836421174 ) ) ;
#161 = CARTESIAN_POINT ( 'NONE',  ( -0.7500299991500000152, 1.213365952415000004, -2.877180573887999859 ) ) ;
#162 = CARTESIAN_POINT ( 'NONE',  ( 0.9701087075359999812, 1.012024479469999960, -8.689608045343998555 ) ) ;
#163 = CARTESIAN_POINT ( 'NONE',  ( 1.126655586275000287, -0.8344813156440000768, -7.304521474009000315 ) ) ;
#164 = CARTESIAN_POINT ( 'NONE',  ( -0.6022075920110000480, -1.105604262600000220, -12.14084851215000072 ) ) ;
#165 = CARTESIAN_POINT ( 'NONE',  ( 0.9189642935059999518, 1.082929252205999893, -4.477147044422999933 ) ) ;
#166 = CARTESIAN_POINT ( 'NONE',  ( -1.009304657546000072, -0.9722750743760000258, -7.235199606215999779 ) ) ;
#167 = EDGE_CURVE ( 'NONE', #4018, #2789, #4480, .T. ) ;
#168 = CARTESIAN_POINT ( 'NONE',  ( -1.085070182656999949, 0.8897494312779999914, -6.850867074542999369 ) ) ;
#169 = CARTESIAN_POINT ( 'NONE',  ( -1.056593251773999986, -0.9299730312859999515, -10.44634243626000014 ) ) ;
#170 = CARTESIAN_POINT ( 'NONE',  ( 1.959418117459000186, -4.051127429914999745, -4.771153846189999825 ) ) ;
#171 = CARTESIAN_POINT ( 'NONE',  ( 1.194060201468000182, 0.4729129648010000353, -11.96297825259000014 ) ) ;
#172 = B_SPLINE_CURVE_WITH_KNOTS ( 'NONE', 7,
 ( #1655, #1259, #2697, #895, #1232, #5992, #1807, #838, #4494, #5876, #2208, #3662, #5960, #4954, #1290, #5531, #3126, #409, #2667, #5042, #5445, #3603, #3154, #865, #3211, #808, #5072, #4525, #5469, #380, #353, #4067, #5014, #4986, #1319, #1743, #1347, #1718, #4123, #3185, #328, #2756, #2268, #4095 ),
 .UNSPECIFIED., .F., .F.,
 ( 8, 6, 6, 6, 6, 6, 6, 8 ),
 ( 0.000000000000000000, 0.09446816999874999010, 0.1386830586139999877, 0.2226841962630000116, 0.3453363838610000180, 0.4140083822939999991, 0.4985869752579999981, 0.4999985567606038961 ),
 .UNSPECIFIED. ) ;
#173 = CYLINDRICAL_SURFACE ( 'NONE', #110, 1.399999999999999911 ) ;
#174 = FACE_OUTER_BOUND ( 'NONE', #1184, .T. ) ;
#175 = ORIENTED_EDGE ( 'NONE', *, *, #5907, .F. ) ;
#176 = B_SPLINE_CURVE_WITH_KNOTS ( 'NONE', 7,
 ( #5989, #1344, #4952, #2694, #4576, #4121, #1317, #5011, #5467, #5529, #4550, #2180, #5958, #1287, #377, #4000, #4923, #747, #5444, #3182, #2603, #2722, #1742, #5039, #406, #3577, #2265, #4033, #5906, #1804, #3660, #1230 ),
 .UNSPECIFIED., .F., .F.,
 ( 8, 6, 6, 6, 6, 8 ),
 ( 0.5000152950415589492, 0.6008610439170000150, 0.6578642875679999724, 0.7566116067739999673, 0.9035873113679999680, 1.000000000000000000 ),
 .UNSPECIFIED. ) ;
#177 = CARTESIAN_POINT ( 'NONE',  ( -1.399999999999999911, 1.714505518806294391E-16, -12.40000000000000036 ) ) ;
#178 = CARTESIAN_POINT ( 'NONE',  ( -0.1523028816670000118, -1.396168738327999925, -4.887434412713999698 ) ) ;
#179 = CARTESIAN_POINT ( 'NONE',  ( 1.364468833765999811, 0.3562280751859999706, -6.233459897127999305 ) ) ;
#180 = CARTESIAN_POINT ( 'NONE',  ( 0.5750335636589999355, 0.7326707007989998743, -0.08751284532406000682 ) ) ;
#181 = ORIENTED_EDGE ( 'NONE', *, *, #1379, .T. ) ;
#182 = DIRECTION ( 'NONE',  ( 0.000000000000000000, 0.000000000000000000, 1.000000000000000000 ) ) ;
#183 = CARTESIAN_POINT ( 'NONE',  ( 0.4629252851460000096, -1.558718743918000138, -4.015384615385999112 ) ) ;
#184 = CYLINDRICAL_SURFACE ( 'NONE', #123, 2.799999999999999822 ) ;
#185 = CARTESIAN_POINT ( 'NONE',  ( 1.337679787042999724, -2.765673762762999921, -4.996153846168000179 ) ) ;
#186 = EDGE_CURVE ( 'NONE', #1696, #4823, #5654, .T. ) ;
#187 = CARTESIAN_POINT ( 'NONE',  ( 1.361555547616999817, 0.3704225914959999866, -7.232643148700999447 ) ) ;
#188 = CARTESIAN_POINT ( 'NONE',  ( -0.8437640558039999350, 1.126552422308999990, -3.077620464619000185 ) ) ;
#189 = CARTESIAN_POINT ( 'NONE',  ( 0.8440690439970000014, 0.8892411328260000358, -12.27159459453000068 ) ) ;
#190 = CARTESIAN_POINT ( 'NONE',  ( -1.959418117459000186, 4.051127429914999745, -8.971153846183000269 ) ) ;
#191 = EDGE_LOOP ( 'NONE', ( #1764, #4384, #5180 ) ) ;
#192 = EDGE_CURVE ( 'NONE', #5709, #5532, #1495, .T. ) ;
#193 = CARTESIAN_POINT ( 'NONE',  ( 1.399999999999999911, -3.429011037612999484E-16, -3.046211797360000251 ) ) ;
#194 = CARTESIAN_POINT ( 'NONE',  ( -1.399999407486063330, 0.001333246717838040482, -2.796287597794441915 ) ) ;
#195 = CARTESIAN_POINT ( 'NONE',  ( -1.393227649923497902, 0.1403826587613520582, -10.51177879810845361 ) ) ;
#196 = CARTESIAN_POINT ( 'NONE',  ( 1.338783175104000023, -0.4386299445459999613, -7.278978117442999718 ) ) ;
#197 = EDGE_CURVE ( 'NONE', #1857, #5672, #5853, .T. ) ;
#198 = CARTESIAN_POINT ( 'NONE',  ( 0.6870209129390000280, -1.225673396988000041, -8.630538058313000249 ) ) ;
#199 = CARTESIAN_POINT ( 'NONE',  ( -1.374407587348899895, 0.1134137014613098848, -11.52186869202421171 ) ) ;
#200 = CARTESIAN_POINT ( 'NONE',  ( 1.279058850084000110, 0.5904028924880000417, -4.511815114554999617 ) ) ;
#201 = CARTESIAN_POINT ( 'NONE',  ( -0.4560377874730000003, -1.331715121350000031, -7.197482796820000139 ) ) ;
#202 = CARTESIAN_POINT ( 'NONE',  ( -1.399761924157999937, 0.1112078967929999995, -6.802532947298999488 ) ) ;
#203 = CARTESIAN_POINT ( 'NONE',  ( -0.5706294785859999941, -1.286641330721999932, -10.41197916241999977 ) ) ;
#204 = CARTESIAN_POINT ( 'NONE',  ( -0.6780876855060000707, -2.283193464108999926, -4.309615384615000266 ) ) ;
#205 = CARTESIAN_POINT ( 'NONE',  ( 0.5985523653670000721, 1.151168183562000236, -11.91102887939999988 ) ) ;
#206 =( BOUNDED_CURVE ( )  B_SPLINE_CURVE ( 2, ( #261, #3389, #5382 ),
 .UNSPECIFIED., .F., .F. ) 
 B_SPLINE_CURVE_WITH_KNOTS ( ( 3, 3 ),
 ( 0.000000000000000000, 1.000000000000000000 ),
 .UNSPECIFIED. ) 
 CURVE ( )  GEOMETRIC_REPRESENTATION_ITEM ( )  RATIONAL_B_SPLINE_CURVE ( ( 1.000000000000000000, 1.073592871613054056, 1.000000000000000000 ) ) 
 REPRESENTATION_ITEM ( '' )  );
#207 = DIRECTION ( 'NONE',  ( 0.000000000000000000, 0.000000000000000000, 1.000000000000000000 ) ) ;
#208 = CARTESIAN_POINT ( 'NONE',  ( -3.753850618408000273, 1.173470705920000023, -5.463461538467999645 ) ) ;
#209 = EDGE_LOOP ( 'NONE', ( #5117, #6023, #4580 ) ) ;
#210 = FACE_OUTER_BOUND ( 'NONE', #3232, .T. ) ;
#211 = CARTESIAN_POINT ( 'NONE',  ( 0.1520828689479999662, -1.393368409453000112, -4.870131487666998993 ) ) ;
#212 = CARTESIAN_POINT ( 'NONE',  ( -1.398706223985999975, 0.1208046211349999982, -6.010654935413999311 ) ) ;
#213 = CARTESIAN_POINT ( 'NONE',  ( -1.337679787039999901, -2.765673762764000010, -9.553846153798000174 ) ) ;
#214 = VECTOR ( 'NONE', #4355, 1000.000000000000000 ) ;
#215 = ORIENTED_EDGE ( 'NONE', *, *, #2628, .T. ) ;
#216 = FACE_OUTER_BOUND ( 'NONE', #851, .T. ) ;
#217 = CARTESIAN_POINT ( 'NONE',  ( -2.799999999999999822, 3.429011037612588783E-16, -2.399999999999999911 ) ) ;
#218 = DIRECTION ( 'NONE',  ( 0.000000000000000000, 0.000000000000000000, 1.000000000000000000 ) ) ;
#219 = CARTESIAN_POINT ( 'NONE',  ( -0.4742041847369999896, 1.322704582078000124, -4.893834045541000322 ) ) ;
#220 = CARTESIAN_POINT ( 'NONE',  ( -0.4541796693830000287, 1.345029217877000027, -7.102813958263999972 ) ) ;
#221 = CARTESIAN_POINT ( 'NONE',  ( -1.087863207042000013, 0.8930913027750000399, -3.058502898564000372 ) ) ;
#222 = AXIS2_PLACEMENT_3D ( 'NONE', #3254, #5690, #1442 ) ;
#223 = CARTESIAN_POINT ( 'NONE',  ( 0.9565971844139999902, 1.034313180932999954, -3.688202964527999672 ) ) ;
#224 = EDGE_LOOP ( 'NONE', ( #942, #5753, #5486, #1859, #5056, #557, #2228, #500 ) ) ;
#225 = CARTESIAN_POINT ( 'NONE',  ( 0.6780876855060000707, 2.283193464110000015, -10.00961538460999911 ) ) ;
#226 = AXIS2_PLACEMENT_3D ( 'NONE', #3734, #5572, #1909 ) ;
#227 = ORIENTED_EDGE ( 'NONE', *, *, #1881, .T. ) ;
#228 = CARTESIAN_POINT ( 'NONE',  ( -0.5400678327369999865, -1.299908591914000100, -3.202531503431999660 ) ) ;
#229 = CARTESIAN_POINT ( 'NONE',  ( -1.399999999992914468, -3.896026763036143151E-08, -2.796211813496375598 ) ) ;
#230 = CARTESIAN_POINT ( 'NONE',  ( 1.399999999999999911, -2.641105195205000040E-17, -5.546212107183999152 ) ) ;
#231 = CARTESIAN_POINT ( 'NONE',  ( -1.384886234590337661, -0.2328650077633113713, -7.490528075706828659 ) ) ;
#232 = PERSON_AND_ORGANIZATION ( #18446744073709551615, #18446744073709551615 ) ;
#233 = CARTESIAN_POINT ( 'NONE',  ( -0.08139237359836999641, 1.405250309859000124, -4.416580256076999333 ) ) ;
#234 = CARTESIAN_POINT ( 'NONE',  ( -1.399999999954162355, -3.904650872520812343E-08, -5.796211813473838959 ) ) ;
#235 = CARTESIAN_POINT ( 'NONE',  ( -0.6032831737349999557, -0.6032831737349999557, -0.4196563988270000101 ) ) ;
#236 = FACE_OUTER_BOUND ( 'NONE', #1554, .T. ) ;
#237 = CARTESIAN_POINT ( 'NONE',  ( 3.753850618405000006, 1.173470705918000068, -4.136538461534000177 ) ) ;
#238 = CARTESIAN_POINT ( 'NONE',  ( -0.2919439906610000190, 1.280069163488999795, -11.85985565342999948 ) ) ;
#239 = CARTESIAN_POINT ( 'NONE',  ( 1.399999999999999911, -3.429011037612999484E-16, -10.75378820263999913 ) ) ;
#240 = CARTESIAN_POINT ( 'NONE',  ( 2.562725153496999919, -0.8011194905359999563, -6.438461538434999909 ) ) ;
#241 = ORIENTED_EDGE ( 'NONE', *, *, #633, .F. ) ;
#242 = CARTESIAN_POINT ( 'NONE',  ( -1.399999999977357135, 3.346527872694169282E-10, -9.503788184317050636 ) ) ;
#243 = CARTESIAN_POINT ( 'NONE',  ( 1.371137261045999978, 0.3213059490579999733, -8.527890966053998767 ) ) ;
#244 = CARTESIAN_POINT ( 'NONE',  ( -1.399999999768481551, 0.002294356048017439850, -6.003918304845066167 ) ) ;
#245 = CARTESIAN_POINT ( 'NONE',  ( 1.075240473600000080, -0.7795309783160000450, -8.457692307691999645 ) ) ;
#246 = CONICAL_SURFACE ( 'NONE', #4321, 0.9374999999996350697, 0.7531512809620001248 ) ;
#247 = VERTEX_POINT ( 'NONE', #1965 ) ;
#248 = DIRECTION ( 'NONE',  ( 0.000000000000000000, 0.000000000000000000, 1.000000000000000000 ) ) ;
#249 = CARTESIAN_POINT ( 'NONE',  ( 2.107315219971999554, 1.009060281501999778, -4.880769230779000267 ) ) ;
#250 = CARTESIAN_POINT ( 'NONE',  ( 0.000000000000000000, 0.000000000000000000, -2.399999999999999911 ) ) ;
#251 = DIRECTION ( 'NONE',  ( 1.000000000000000000, 0.000000000000000000, 0.000000000000000000 ) ) ;
#252 = CARTESIAN_POINT ( 'NONE',  ( -1.337679787043999813, -2.765673762771000188, -6.553846153821999643 ) ) ;
#253 = CARTESIAN_POINT ( 'NONE',  ( -1.366053552947000149, 0.3244046052559999560, -3.022346397865999901 ) ) ;
#254 = B_SPLINE_CURVE_WITH_KNOTS ( 'NONE', 7,
 ( #5731, #3923, #2989, #1547, #5339, #2499, #3410, #1612, #2897, #2959, #4817, #5797, #3538, #1187, #3568, #3115, #5002, #3170, #768, #796, #315, #4541, #343, #2625, #1757, #2657, #3591, #821, #4912, #5402, #5435, #4942, #2684, #3620, #4975, #4481, #1276, #3142 ),
 .UNSPECIFIED., .F., .F.,
 ( 8, 6, 6, 6, 6, 6, 8 ),
 ( 0.000000000000000000, 0.09595196980009999821, 0.2232301491889999989, 0.3176278766369999840, 0.4125011383319999725, 0.4981359891380000016, 0.5000019640333930315 ),
 .UNSPECIFIED. ) ;
#255 = DIRECTION ( 'NONE',  ( 1.000000000000000000, 0.000000000000000000, 0.000000000000000000 ) ) ;
#256 = CARTESIAN_POINT ( 'NONE',  ( 1.075240473600000080, 2.220446049249999903E-15, -8.400000000000000355 ) ) ;
#257 = ORIENTED_EDGE ( 'NONE', *, *, #3942, .T. ) ;
#258 = CARTESIAN_POINT ( 'NONE',  ( -1.394340012473504364, -0.1301873161043425320, -3.288803903951672769 ) ) ;
#259 = CARTESIAN_POINT ( 'NONE',  ( -1.399999940756174732, 0.0005332756210152777687, -2.796242127230520236 ) ) ;
#260 = CARTESIAN_POINT ( 'NONE',  ( -0.7579369350420001039, 1.184479266361000205, -10.58346977779999953 ) ) ;
#261 = CARTESIAN_POINT ( 'NONE',  ( 0.6032831737349999557, -0.6032831737349999557, -0.9202546635849999657 ) ) ;
#262 = DIRECTION ( 'NONE',  ( 0.000000000000000000, 0.000000000000000000, 1.000000000000000000 ) ) ;
#263 = FACE_OUTER_BOUND ( 'NONE', #948, .T. ) ;
#264 = EDGE_CURVE ( 'NONE', #4979, #4334, #399, .T. ) ;
#265 = CARTESIAN_POINT ( 'NONE',  ( -1.395455694869699004, 0.1166738438624294188, -3.302850335359881928 ) ) ;
#266 = CARTESIAN_POINT ( 'NONE',  ( -1.377162276855999901, -0.2879456901269999980, -7.279797453720000533 ) ) ;
#267 = CARTESIAN_POINT ( 'NONE',  ( 0.8643984532690000000, 1.109476524180999846, -6.973890611589999899 ) ) ;
#268 = CARTESIAN_POINT ( 'NONE',  ( 0.4029935418279999571, -1.344713614050999873, -11.35560678679000013 ) ) ;
#269 = CARTESIAN_POINT ( 'NONE',  ( 0.4336410467549999814, -1.344335035160999947, -10.35392990261000001 ) ) ;
#270 = ADVANCED_FACE ( 'NONE', ( #4377 ), #5230, .T. ) ;
#271 = CARTESIAN_POINT ( 'NONE',  ( -2.562725153499000097, -0.8011194905299999780, -5.111538461547000090 ) ) ;
#272 = CARTESIAN_POINT ( 'NONE',  ( -0.4629252851460000096, 1.558718743918000138, -7.765384615390000356 ) ) ;
#273 = CARTESIAN_POINT ( 'NONE',  ( 0.000000000000000000, 0.000000000000000000, -11.40000000000000036 ) ) ;
#274 = ORIENTED_EDGE ( 'NONE', *, *, #3639, .T. ) ;
#275 = CARTESIAN_POINT ( 'NONE',  ( 0.7274345272149999042, -1.200031262712000002, -7.835420760339999902 ) ) ;
#276 = CARTESIAN_POINT ( 'NONE',  ( -0.2910634229619999958, 1.380637099241999843, -8.404656168307999664 ) ) ;
#277 = CARTESIAN_POINT ( 'NONE',  ( 1.075240473600000080, -0.7795309783160000450, -6.957692307691999645 ) ) ;
#278 = LINE ( 'NONE', #731, #327 ) ;
#279 = ADVANCED_FACE ( 'NONE', ( #2057 ), #173, .T. ) ;
#280 = VERTEX_POINT ( 'NONE', #5261 ) ;
#281 = DIRECTION ( 'NONE',  ( 1.000000000000000000, 0.000000000000000000, 0.000000000000000000 ) ) ;
#282 = CARTESIAN_POINT ( 'NONE',  ( 1.075240473600000080, 0.7795309783160000450, -5.342307692308000178 ) ) ;
#283 = CARTESIAN_POINT ( 'NONE',  ( 0.000000000000000000, 0.000000000000000000, -12.40000000000000036 ) ) ;
#284 = CARTESIAN_POINT ( 'NONE',  ( -0.1557115679690000143, 1.397902163639999973, -3.912362872120000112 ) ) ;
#285 = CARTESIAN_POINT ( 'NONE',  ( 1.399999999999999911, 0.000000000000000000, -12.40000000000000036 ) ) ;
#286 = CARTESIAN_POINT ( 'NONE',  ( 1.075240473600000080, 0.7795309783160000450, -3.842307692308000178 ) ) ;
#287 = EDGE_CURVE ( 'NONE', #3836, #128, #4886, .T. ) ;
#288 = CARTESIAN_POINT ( 'NONE',  ( -1.167834387312999933, 0.7744100093689999520, -3.550386469345999885 ) ) ;
#289 = ORIENTED_EDGE ( 'NONE', *, *, #1906, .T. ) ;
#290 = CARTESIAN_POINT ( 'NONE',  ( -0.08300526979773999170, -1.573236784856999915, -11.53636363635999906 ) ) ;
#291 = ORIENTED_EDGE ( 'NONE', *, *, #3790, .F. ) ;
#292 = CARTESIAN_POINT ( 'NONE',  ( -1.399999532709945926, 0.001297004028891299114, -5.003861906337338183 ) ) ;
#293 = CARTESIAN_POINT ( 'NONE',  ( 0.8844917919339999601, -1.098909356399999870, -10.11727176032999864 ) ) ;
#294 = CARTESIAN_POINT ( 'NONE',  ( -0.1713931591070000093, 1.198323624087999972, -12.32268044903000082 ) ) ;
#295 = CARTESIAN_POINT ( 'NONE',  ( 1.080622068371000166, 0.8926525627639999572, -4.198845347709999842 ) ) ;
#296 = APPROVAL_STATUS ( 'not_yet_approved' ) ;
#297 = CARTESIAN_POINT ( 'NONE',  ( -0.7720517638090000911, 1.176982757867000018, -4.375042965937999462 ) ) ;
#298 = CARTESIAN_POINT ( 'NONE',  ( 1.323827298357999949, 0.4881979916260000274, -6.018103787064000620 ) ) ;
#299 = CARTESIAN_POINT ( 'NONE',  ( 0.1608742407020000154, -1.397153049631000066, -4.662068747031999472 ) ) ;
#300 = CARTESIAN_POINT ( 'NONE',  ( 1.020759745941000052, -0.9646783613750000708, -11.31402659620999884 ) ) ;
#301 = CARTESIAN_POINT ( 'NONE',  ( -1.377802018968999898, -0.2619910371040000130, -10.48883110216999981 ) ) ;
#302 = B_SPLINE_SURFACE_WITH_KNOTS ( 'NONE', 13, 1, ( 
 ( #1518, #5342 ),
 ( #3896, #648 ),
 ( #2900, #4787 ),
 ( #1646, #5309 ),
 ( #3961, #4879 ),
 ( #4294, #4753 ),
 ( #1129, #2564 ),
 ( #5734, #5829 ),
 ( #3413, #5705 ),
 ( #5213, #3381 ),
 ( #1035, #1099 ),
 ( #2436, #2961 ),
 ( #4359, #5243 ),
 ( #1064, #2929 ),
 ( #4625, #2800 ),
 ( #4167, #5373 ),
 ( #5574, #5541 ),
 ( #875, #5115 ),
 ( #6034, #2248 ),
 ( #5024, #1676 ),
 ( #1359, #4105 ),
 ( #2338, #4455 ),
 ( #6004, #391 ),
 ( #422, #3221 ),
 ( #286, #3165 ),
 ( #4562, #2310 ) ),
 .UNSPECIFIED., .F., .F., .F.,
 ( 14, 12, 14 ),
 ( 2, 2 ),
 ( 0.000000000000000000, 9.454572418137001222, 18.90914483627499720 ),
 ( 0.000000000000000000, 1.000000000000000000 ),
 .UNSPECIFIED. ) ;
#303 = DIRECTION ( 'NONE',  ( -0.6839411288811879652, 8.375863142895745153E-17, 0.7295372041402179430 ) ) ;
#304 = CARTESIAN_POINT ( 'NONE',  ( -0.6032831737349999557, -0.6032831737349999557, -2.030303992914999967 ) ) ;
#305 = DIRECTION ( 'NONE',  ( 0.000000000000000000, 0.000000000000000000, 1.000000000000000000 ) ) ;
#306 = ORIENTED_EDGE ( 'NONE', *, *, #5706, .F. ) ;
#307 = CARTESIAN_POINT ( 'NONE',  ( 1.399999999996000000, -0.1663640635180000105, -7.763244455810999867 ) ) ;
#308 = CARTESIAN_POINT ( 'NONE',  ( 1.088545969549999937, 0.8906126034689999527, -8.491632769111998158 ) ) ;
#309 = CARTESIAN_POINT ( 'NONE',  ( 1.219818299414999974, -0.6976565429239999228, -9.587536322056999794 ) ) ;
#310 = CARTESIAN_POINT ( 'NONE',  ( -0.7607984106099999755, 1.816692929058999928, -9.726923076934999912 ) ) ;
#311 = VERTEX_POINT ( 'NONE', #5199 ) ;
#312 = CARTESIAN_POINT ( 'NONE',  ( -1.281245890859999959, -0.5828569262980000110, -5.469828653853000766 ) ) ;
#313 = ADVANCED_FACE ( 'NONE', ( #5785 ), #5392, .T. ) ;
#314 = CARTESIAN_POINT ( 'NONE',  ( -1.959418117459000186, -4.051127429911000277, -5.278846153832999377 ) ) ;
#315 = CARTESIAN_POINT ( 'NONE',  ( -0.7895331216139999109, 1.166392286329999806, -10.87383985470000169 ) ) ;
#316 = CARTESIAN_POINT ( 'NONE',  ( -1.126050877863999933, 0.8363783315970000354, -3.847051747736000227 ) ) ;
#317 = DIRECTION ( 'NONE',  ( 0.000000000000000000, 0.000000000000000000, -1.000000000000000000 ) ) ;
#318 = CARTESIAN_POINT ( 'NONE',  ( -1.328551808803946521, -0.4480036534581378072, -9.270336138441738427 ) ) ;
#319 = CARTESIAN_POINT ( 'NONE',  ( 1.165168553412000207, -0.7783911652180000029, -4.300658532855000438 ) ) ;
#320 = VERTEX_POINT ( 'NONE', #4901 ) ;
#321 = CARTESIAN_POINT ( 'NONE',  ( -1.399997663588491426, 0.002594004347950258898, -5.003935628246580336 ) ) ;
#322 = VECTOR ( 'NONE', #5635, 1000.000000000000000 ) ;
#323 = CARTESIAN_POINT ( 'NONE',  ( -0.8591273197540000295, -1.112103351233000081, -8.931150985807001064 ) ) ;
#324 = CARTESIAN_POINT ( 'NONE',  ( -1.116722479129999890, 0.5205992840950000033, -12.25049022772000029 ) ) ;
#325 = CARTESIAN_POINT ( 'NONE',  ( -0.2169559011439999852, 1.385864162268999999, -4.116425536113000661 ) ) ;
#326 = CARTESIAN_POINT ( 'NONE',  ( 1.276017446458999949, 0.000000000000000000, -11.99039311210000136 ) ) ;
#327 = VECTOR ( 'NONE', #5366, 1000.000000000000000 ) ;
#328 = CARTESIAN_POINT ( 'NONE',  ( -1.399992134281351275, 0.005321307086024548542, -4.504090361037581758 ) ) ;
#329 = CARTESIAN_POINT ( 'NONE',  ( 1.399999999999999911, 1.371604415045000014E-15, -6.753787892815999783 ) ) ;
#330 = CARTESIAN_POINT ( 'NONE',  ( -1.377040372476000085, -0.2615487130699999940, -4.781274668142000195 ) ) ;
#331 = CARTESIAN_POINT ( 'NONE',  ( -0.3524535526589999690, 1.363599437588000063, -7.901099973728000769 ) ) ;
#332 = FACE_OUTER_BOUND ( 'NONE', #4614, .T. ) ;
#333 = CARTESIAN_POINT ( 'NONE',  ( 0.6780876855060000707, -2.283193464110000015, -2.740384615385000000 ) ) ;
#334 = CARTESIAN_POINT ( 'NONE',  ( -1.125757444843999977, 0.7087573738269999923, -11.80280822667000074 ) ) ;
#335 = CARTESIAN_POINT ( 'NONE',  ( 1.574999999999999956, -1.141848099093000002, -8.232692307691001687 ) ) ;
#336 = CARTESIAN_POINT ( 'NONE',  ( 1.059810101425999962, 0.9250115572010000342, -5.696660491549999428 ) ) ;
#337 = CARTESIAN_POINT ( 'NONE',  ( -0.6829022889110000216, -1.232092708657999802, -7.919079614741999507 ) ) ;
#338 = CARTESIAN_POINT ( 'NONE',  ( 1.065809576108999845, -0.9228896602160000517, -4.810535606665999886 ) ) ;
#339 = DIRECTION ( 'NONE',  ( 1.000000000000000000, 0.000000000000000000, 0.000000000000000000 ) ) ;
#340 = ORIENTED_EDGE ( 'NONE', *, *, #2809, .T. ) ;
#341 = CARTESIAN_POINT ( 'NONE',  ( -1.399961484085416874, -0.01359651246293164945, -8.503015366757532334 ) ) ;
#342 = CARTESIAN_POINT ( 'NONE',  ( 0.9065773509502255134, 0.5370639450425703787, -0.7414415395848762413 ) ) ;
#343 = CARTESIAN_POINT ( 'NONE',  ( -0.9772793499180001398, 1.016662010986999931, -10.86028812332000015 ) ) ;
#344 = CARTESIAN_POINT ( 'NONE',  ( -1.399999089788728224, 0.001706652925130878063, -3.796308804750445631 ) ) ;
#345 = CARTESIAN_POINT ( 'NONE',  ( -1.399999999999999911, 1.714505518806294391E-16, -11.40000000000000036 ) ) ;
#346 = CIRCLE ( 'NONE', #3164, 1.399999999999999911 ) ;
#347 = CARTESIAN_POINT ( 'NONE',  ( 1.394950331945000066, 0.1556861450570000138, -3.744938080815999992 ) ) ;
#348 = ORIENTED_EDGE ( 'NONE', *, *, #3500, .T. ) ;
#349 = CARTESIAN_POINT ( 'NONE',  ( -1.399999843256511944, 0.0008673616633318771436, -6.503837485351567693 ) ) ;
#350 = CARTESIAN_POINT ( 'NONE',  ( 0.001194306293130999955, -1.406333501648999951, -8.878741170477999489 ) ) ;
#351 = CARTESIAN_POINT ( 'NONE',  ( -1.195078889122999755, 0.3041043740430000031, -12.23692142316000009 ) ) ;
#352 = CARTESIAN_POINT ( 'NONE',  ( 0.07579349291524999088, 1.401646145871999982, -4.133089484462000307 ) ) ;
#353 = CARTESIAN_POINT ( 'NONE',  ( -1.156201779418000175, 0.7941308798799999735, -4.551686843015000150 ) ) ;
#354 = CARTESIAN_POINT ( 'NONE',  ( -1.399971565646236593, -0.01168234228382616403, -7.003124169668056176 ) ) ;
#355 = DIRECTION ( 'NONE',  ( 0.000000000000000000, 0.000000000000000000, 1.000000000000000000 ) ) ;
#356 = CARTESIAN_POINT ( 'NONE',  ( -1.395145905368782469, 0.1205790953372027491, -7.803072958766546385 ) ) ;
#357 = CARTESIAN_POINT ( 'NONE',  ( -0.3688156129953658047, -1.350546202900516413, -2.399999999999920419 ) ) ;
#358 = CARTESIAN_POINT ( 'NONE',  ( 1.574999999999999956, 3.748225233356999987E-16, -5.174999999999999822 ) ) ;
#359 = CARTESIAN_POINT ( 'NONE',  ( -1.399999999977432630, 3.635370556748441151E-10, -11.29621179738091286 ) ) ;
#360 = ADVANCED_FACE ( 'NONE', ( #3133 ), #1864, .T. ) ;
#361 = CARTESIAN_POINT ( 'NONE',  ( 1.323403569294000048, 0.4895230433540000425, -5.725602986599000133 ) ) ;
#362 = CARTESIAN_POINT ( 'NONE',  ( -0.8280327740650061941, 1.132081190836551343, -11.37096438474300264 ) ) ;
#363 = CARTESIAN_POINT ( 'NONE',  ( 0.8926689740850000110, -1.080623328908000058, -4.823848284202999714 ) ) ;
#364 = CARTESIAN_POINT ( 'NONE',  ( -0.9924847366190000519, 0.9949588159679999544, -9.066385979420999774 ) ) ;
#365 = ORIENTED_EDGE ( 'NONE', *, *, #2494, .F. ) ;
#366 = CYLINDRICAL_SURFACE ( 'NONE', #5669, 1.399999999999999911 ) ;
#367 = CARTESIAN_POINT ( 'NONE',  ( 1.075240473600000080, 1.580147765169999976E-15, -5.400000000000000355 ) ) ;
#368 = CARTESIAN_POINT ( 'NONE',  ( 0.006384446559745999769, 1.406239152238999868, -8.129169633435001430 ) ) ;
#369 = CARTESIAN_POINT ( 'NONE',  ( -1.394814771587999935, -0.1667248935849999780, -3.994306385930000314 ) ) ;
#370 = CARTESIAN_POINT ( 'NONE',  ( 1.285964982035000093, -0.5739658224420000066, -9.079601779182999266 ) ) ;
#371 = ORIENTED_EDGE ( 'NONE', *, *, #2145, .T. ) ;
#372 = CARTESIAN_POINT ( 'NONE',  ( -1.399999516808838607, 0.001318887130300208698, -9.503863150178530006 ) ) ;
#373 = VERTEX_POINT ( 'NONE', #359 ) ;
#374 = CARTESIAN_POINT ( 'NONE',  ( -1.370042356549000084, 0.3264309674049999943, -5.022406424091999888 ) ) ;
#375 = CARTESIAN_POINT ( 'NONE',  ( 1.361053758571000083, 0.3728110565180000058, -10.52492854203000050 ) ) ;
#376 = CARTESIAN_POINT ( 'NONE',  ( -0.1557106485169999777, 1.397902137980999937, -5.412362924352000171 ) ) ;
#377 = CARTESIAN_POINT ( 'NONE',  ( -0.5513515938569999442, -1.296859821600999885, -6.703183880923999638 ) ) ;
#378 = CARTESIAN_POINT ( 'NONE',  ( -0.2901562491829999813, 1.377963224842000178, -6.404704713664999716 ) ) ;
#379 = ADVANCED_FACE ( 'NONE', ( #2155 ), #2740, .T. ) ;
#380 = CARTESIAN_POINT ( 'NONE',  ( -1.106491574664000055, 0.8649427107760000455, -4.556592569205999865 ) ) ;
#381 = CARTESIAN_POINT ( 'NONE',  ( -1.399829405982965902, -0.02336386125223334498, -7.002460147186260642 ) ) ;
#382 = CARTESIAN_POINT ( 'NONE',  ( -1.395796044463830654, -0.1122258563926152031, -4.789827824835321657 ) ) ;
#383 = ADVANCED_FACE ( 'NONE', ( #5020 ), #814, .T. ) ;
#384 = CARTESIAN_POINT ( 'NONE',  ( -1.399972111014033294, 0.009446893138219673164, -9.296749083136980119 ) ) ;
#385 = CARTESIAN_POINT ( 'NONE',  ( -0.9908380907059999299, -0.9942504773070000024, -5.233573119205999546 ) ) ;
#386 = CARTESIAN_POINT ( 'NONE',  ( -0.7326707007989998743, -0.5750335636589999355, -0.08751284532406000682 ) ) ;
#387 = CARTESIAN_POINT ( 'NONE',  ( -1.399999999703332554, -1.998404832457070790E-14, -6.003787890508217373 ) ) ;
#388 = CARTESIAN_POINT ( 'NONE',  ( 0.03903227049064000170, 1.402072991895999987, -5.631003420973000217 ) ) ;
#389 = CARTESIAN_POINT ( 'NONE',  ( -1.399998379830887263, 0.002204654384833956270, -11.29633711152624009 ) ) ;
#390 = CARTESIAN_POINT ( 'NONE',  ( -1.399999999978539078, 3.136888428976448929E-10, -3.503788184315598464 ) ) ;
#391 = CARTESIAN_POINT ( 'NONE',  ( -1.114408847255000001, 2.661071112481999901, -3.501923076921999556 ) ) ;
#392 = CARTESIAN_POINT ( 'NONE',  ( 1.387419462446000118, 0.2457533852520000228, -9.239819508274999649 ) ) ;
#393 = B_SPLINE_SURFACE_WITH_KNOTS ( 'NONE', 13, 1, ( 
 ( #4671, #1900 ),
 ( #3274, #1039 ),
 ( #1492, #3755 ),
 ( #3810, #4245 ),
 ( #4219, #1408 ),
 ( #2904, #130 ),
 ( #5628, #4728 ),
 ( #3356, #558 ),
 ( #2875, #1869 ),
 ( #3301, #473 ),
 ( #4758, #4271 ),
 ( #49, #5163 ),
 ( #586, #2386 ),
 ( #982, #4703 ),
 ( #100, #73 ),
 ( #1927, #5653 ),
 ( #1985, #17 ),
 ( #1952, #1461 ),
 ( #3327, #5189 ),
 ( #3837, #1012 ),
 ( #3726, #5711 ),
 ( #1524, #5595 ),
 ( #5105, #2790 ),
 ( #4644, #4188 ),
 ( #5135, #958 ),
 ( #3869, #5248 ) ),
 .UNSPECIFIED., .F., .F., .F.,
 ( 14, 12, 14 ),
 ( 2, 2 ),
 ( 0.000000000000000000, 9.454572418137001222, 18.90914483627499720 ),
 ( 0.000000000000000000, 1.000000000000000000 ),
 .UNSPECIFIED. ) ;
#394 = ORIENTED_EDGE ( 'NONE', *, *, #3690, .F. ) ;
#395 = CYLINDRICAL_SURFACE ( 'NONE', #3325, 1.399999999999999911 ) ;
#396 = CARTESIAN_POINT ( 'NONE',  ( -1.325547824091571902, -0.1357458464879553184, -11.75453419795704058 ) ) ;
#397 = CARTESIAN_POINT ( 'NONE',  ( -1.020361905457999985, 0.9616566518209999082, -8.063930083075000255 ) ) ;
#398 = CARTESIAN_POINT ( 'NONE',  ( -1.399549538335466581, -0.03675833583661440584, -4.001698647141661347 ) ) ;
#399 =( BOUNDED_CURVE ( )  B_SPLINE_CURVE ( 2, ( #3434, #1504, #4804 ),
 .UNSPECIFIED., .F., .F. ) 
 B_SPLINE_CURVE_WITH_KNOTS ( ( 3, 3 ),
 ( 0.000000000000000000, 1.000000000000000000 ),
 .UNSPECIFIED. ) 
 CURVE ( )  GEOMETRIC_REPRESENTATION_ITEM ( )  RATIONAL_B_SPLINE_CURVE ( ( 1.000000000000000000, 1.073592871612109922, 1.000000000000000000 ) ) 
 REPRESENTATION_ITEM ( '' )  );
#400 = CARTESIAN_POINT ( 'NONE',  ( 0.1158285789930000032, -1.403845033052000035, -9.164699674776001004 ) ) ;
#401 = ORIENTED_EDGE ( 'NONE', *, *, #5142, .T. ) ;
#402 = CARTESIAN_POINT ( 'NONE',  ( -1.134506392523999763, 0.8239035240380000458, -9.553773942984998158 ) ) ;
#403 = ORIENTED_EDGE ( 'NONE', *, *, #1345, .F. ) ;
#404 = CARTESIAN_POINT ( 'NONE',  ( -0.5026790715109998864, 1.319253156882000066, -6.599807841887000315 ) ) ;
#405 = CARTESIAN_POINT ( 'NONE',  ( -0.6750668905629999550, 1.239016340966000218, -5.381538129151000938 ) ) ;
#406 = CARTESIAN_POINT ( 'NONE',  ( 1.045736769996999938, -0.9489690641150000383, -6.604913629640999595 ) ) ;
#407 = AXIS2_PLACEMENT_3D ( 'NONE', #3801, #5702, #1484 ) ;
#408 = CARTESIAN_POINT ( 'NONE',  ( 1.390452950503999974, 0.2163011079689999838, -6.533917159365000060 ) ) ;
#409 = CARTESIAN_POINT ( 'NONE',  ( 0.4455667585450000523, 1.334214952999999815, -4.654445803406000337 ) ) ;
#410 = ORIENTED_EDGE ( 'NONE', *, *, #2430, .F. ) ;
#411 = CARTESIAN_POINT ( 'NONE',  ( 1.338800428422999955, -0.4385698712090000395, -7.071401120324000367 ) ) ;
#412 = CARTESIAN_POINT ( 'NONE',  ( -1.720674083314999878E-14, 0.000000000000000000, -0.08751284532406000682 ) ) ;
#413 = CARTESIAN_POINT ( 'NONE',  ( 1.274797305555999793, 0.6002826054430000502, -9.511208775054999620 ) ) ;
#414 = CARTESIAN_POINT ( 'NONE',  ( 1.959418117454000186, 4.051127429916999922, -6.028846153850000888 ) ) ;
#415 = CARTESIAN_POINT ( 'NONE',  ( 0.7607984106080000197, 1.816692929058999928, -3.323076923073000177 ) ) ;
#416 = VECTOR ( 'NONE', #4352, 1000.000000000000000 ) ;
#417 = CARTESIAN_POINT ( 'NONE',  ( -1.114408847256999957, 2.661071112481000256, -9.501923076940000712 ) ) ;
#418 = CARTESIAN_POINT ( 'NONE',  ( 1.399999999999999911, 0.1239636198420000085, -5.746742060805999586 ) ) ;
#419 = CARTESIAN_POINT ( 'NONE',  ( -1.399999999983710719, 0.0004409318096661122969, -11.29623686023992235 ) ) ;
#420 = CARTESIAN_POINT ( 'NONE',  ( 1.330770853386000097, -0.4953400617079999901, -4.782162257154999985 ) ) ;
#421 = AXIS2_PLACEMENT_3D ( 'NONE', #3457, #4889, #1653 ) ;
#422 = CARTESIAN_POINT ( 'NONE',  ( 0.4629252851469999874, 1.558718743917000049, -3.784615384614999911 ) ) ;
#423 = CARTESIAN_POINT ( 'NONE',  ( -1.399981045188903650, 0.007540828398000391612, -9.004216522552738411 ) ) ;
#424 = VERTEX_POINT ( 'NONE', #387 ) ;
#425 = CARTESIAN_POINT ( 'NONE',  ( 0.003747450370044000043, -1.406161459967000038, -4.378595773264000179 ) ) ;
#426 = CARTESIAN_POINT ( 'NONE',  ( -0.09835254002978999210, -1.402235386415999763, -8.384338665065001805 ) ) ;
#427 = CARTESIAN_POINT ( 'NONE',  ( 1.066372201406999842, -0.8605392179090000093, -11.58290191046000039 ) ) ;
#428 = CARTESIAN_POINT ( 'NONE',  ( 1.349695650623999876, 0.3852875300879999854, -8.231662446561001545 ) ) ;
#429 = CARTESIAN_POINT ( 'NONE',  ( -0.3378103301090000232, -1.375892288029000099, -7.690357257434000005 ) ) ;
#430 = CARTESIAN_POINT ( 'NONE',  ( 1.399999999999999911, -0.1174836812360000038, -9.052889654400999575 ) ) ;
#431 = ORIENTED_EDGE ( 'NONE', *, *, #2593, .F. ) ;
#432 = ADVANCED_FACE ( 'NONE', ( #844 ), #1216, .F. ) ;
#433 = CARTESIAN_POINT ( 'NONE',  ( 0.9663279305017723475, 0.6850214452933681697, -12.40000000000000036 ) ) ;
#434 = CARTESIAN_POINT ( 'NONE',  ( 1.076400402441000104, -0.9064215428110000694, -9.809496217902998083 ) ) ;
#435 = CARTESIAN_POINT ( 'NONE',  ( -1.399999516662344679, 0.001319086744060489567, -9.796286775202737829 ) ) ;
#436 = CARTESIAN_POINT ( 'NONE',  ( -0.6443255570410000299, -1.250047922778000142, -8.916640274229001406 ) ) ;
#437 = CARTESIAN_POINT ( 'NONE',  ( -1.399673401195951516, -0.04000411818842049966, -6.293938230273129264 ) ) ;
#438 = CARTESIAN_POINT ( 'NONE',  ( -1.276341467444120692, -0.5967249412436006484, -2.761427387907204878 ) ) ;
#439 = CARTESIAN_POINT ( 'NONE',  ( 0.1227428908340000013, 1.398421787009000106, -6.428170541073000344 ) ) ;
#440 = AXIS2_PLACEMENT_3D ( 'NONE', #5832, #5376, #4427 ) ;
#441 = CARTESIAN_POINT ( 'NONE',  ( 1.075240473600000080, -0.6141759223099999554, -11.44545454544999963 ) ) ;
#442 = ORIENTED_EDGE ( 'NONE', *, *, #3727, .T. ) ;
#443 = CARTESIAN_POINT ( 'NONE',  ( 0.8896156702879999267, -1.093682747916999931, -7.116862357273999962 ) ) ;
#444 = CARTESIAN_POINT ( 'NONE',  ( 1.362075429806000049, 0.3679308479569999846, -9.525209732924999173 ) ) ;
#445 = CARTESIAN_POINT ( 'NONE',  ( 1.363305818701000094, -0.3619637615340000059, -5.066869956879000547 ) ) ;
#446 = PRODUCT_DEFINITION_SHAPE ( 'NONE', 'NONE',  #5491 ) ;
#447 = CARTESIAN_POINT ( 'NONE',  ( -1.337679787049000035, 2.765673762762999921, -2.746153846139999910 ) ) ;
#448 = CARTESIAN_POINT ( 'NONE',  ( 1.075240473600000080, 6.720802900034000044E-15, -9.900000000000000355 ) ) ;
#449 = CARTESIAN_POINT ( 'NONE',  ( -1.361978959731713790, 0.2266039274000294090, -11.52911744486388024 ) ) ;
#450 = CARTESIAN_POINT ( 'NONE',  ( 0.6780876855060000707, -2.283193464110000015, -9.790384615385999467 ) ) ;
#451 = EDGE_CURVE ( 'NONE', #2429, #3994, #5582, .T. ) ;
#452 = CARTESIAN_POINT ( 'NONE',  ( -0.8854148253860000262, -1.097911507347999915, -3.432788094889999808 ) ) ;
#453 = CARTESIAN_POINT ( 'NONE',  ( -1.364440870528000005, -0.3545352128240000233, -5.775975687599000707 ) ) ;
#454 = EDGE_CURVE ( 'NONE', #64, #1766, #1843, .T. ) ;
#455 = ORIENTED_EDGE ( 'NONE', *, *, #3223, .T. ) ;
#456 = CARTESIAN_POINT ( 'NONE',  ( -0.1215851738669999904, 2.304459325135000292, -11.53863636363000111 ) ) ;
#457 = DIRECTION ( 'NONE',  ( 0.000000000000000000, 0.000000000000000000, 1.000000000000000000 ) ) ;
#458 = CARTESIAN_POINT ( 'NONE',  ( -1.393808039150975286, -0.1361561341505735379, -2.996038593173187881 ) ) ;
#459 = CARTESIAN_POINT ( 'NONE',  ( -1.389777081616999865, 0.2193626991469999898, -8.016258104977000087 ) ) ;
#460 = EDGE_CURVE ( 'NONE', #1857, #1790, #5961, .T. ) ;
#461 = CARTESIAN_POINT ( 'NONE',  ( -1.320079645068561902, -0.4731121732479131592, -5.976405162140948413 ) ) ;
#462 = ORIENTED_EDGE ( 'NONE', *, *, #5973, .F. ) ;
#463 = CARTESIAN_POINT ( 'NONE',  ( -0.7607984106070000418, -1.816692929056999972, -10.07307692308000036 ) ) ;
#464 = EDGE_LOOP ( 'NONE', ( #472, #257, #241, #5993 ) ) ;
#465 = DIRECTION ( 'NONE',  ( 1.000000000000000000, 0.000000000000000000, 0.000000000000000000 ) ) ;
#466 = CARTESIAN_POINT ( 'NONE',  ( -1.399998382203631930, 0.002203039160417463987, -11.00391340563864340 ) ) ;
#467 = CARTESIAN_POINT ( 'NONE',  ( -1.226213477582665412, 0.05506937481087389313, -12.22206175678976869 ) ) ;
#468 = CARTESIAN_POINT ( 'NONE',  ( -0.8377863529599999248, 1.125079235896999874, -4.077856392238999206 ) ) ;
#469 = EDGE_CURVE ( 'NONE', #2688, #5296, #3183, .T. ) ;
#470 = DIRECTION ( 'NONE',  ( 0.000000000000000000, 0.000000000000000000, 1.000000000000000000 ) ) ;
#471 = FACE_OUTER_BOUND ( 'NONE', #5553, .T. ) ;
#472 = ORIENTED_EDGE ( 'NONE', *, *, #3861, .T. ) ;
#473 = CARTESIAN_POINT ( 'NONE',  ( 3.086771334367999664, -1.478060008324999952, -7.194230769246999557 ) ) ;
#474 = CARTESIAN_POINT ( 'NONE',  ( -1.075240473600000080, 0.7795309783160000450, -4.707692307691999645 ) ) ;
#475 = CARTESIAN_POINT ( 'NONE',  ( -0.1906957894809999943, -1.396232828224999833, -11.18203439796999987 ) ) ;
#476 = CARTESIAN_POINT ( 'NONE',  ( 1.337679787043999813, -2.765673762758000365, -6.496153846182000535 ) ) ;
#477 = CARTESIAN_POINT ( 'NONE',  ( 1.384851193380999934, 0.2331354668889999981, -9.740512778950998651 ) ) ;
#478 = CARTESIAN_POINT ( 'NONE',  ( 1.574999999999999956, 1.141848099093000002, -9.617307692308999734 ) ) ;
#479 = CARTESIAN_POINT ( 'NONE',  ( 0.7607984106070000418, -1.816692929060999884, -10.47692307690999947 ) ) ;
#480 = DIRECTION ( 'NONE',  ( 0.000000000000000000, 0.000000000000000000, 1.000000000000000000 ) ) ;
#481 = DIRECTION ( 'NONE',  ( 1.000000000000000000, 0.000000000000000000, 0.000000000000000000 ) ) ;
#482 = DIRECTION ( 'NONE',  ( 1.000000000000000000, 0.000000000000000000, 0.000000000000000000 ) ) ;
#483 = CARTESIAN_POINT ( 'NONE',  ( -2.107315219970999909, 1.009060281498999956, -8.169230769206999199 ) ) ;
#484 = ORIENTED_EDGE ( 'NONE', *, *, #2514, .F. ) ;
#485 = DIRECTION ( 'NONE',  ( 0.9118476033093435573, 2.680058996888008998E-15, 0.4105288641971548413 ) ) ;
#486 = CARTESIAN_POINT ( 'NONE',  ( -1.075240473600000080, -0.7795309783160000450, -3.092307692308000178 ) ) ;
#487 = CARTESIAN_POINT ( 'NONE',  ( -0.1774298865439999928, -1.405094043572999940, -2.888795582486999969 ) ) ;
#488 = CARTESIAN_POINT ( 'NONE',  ( 1.324828684602999962, 0.4592259442200000152, -8.227237571769000724 ) ) ;
#489 = CARTESIAN_POINT ( 'NONE',  ( -1.367816296110144991, -0.3194082269520768236, -5.985532632803680642 ) ) ;
#490 = EDGE_CURVE ( 'NONE', #2076, #2429, #1956, .T. ) ;
#491 = EDGE_LOOP ( 'NONE', ( #4903, #4244, #1663 ) ) ;
#492 = CARTESIAN_POINT ( 'NONE',  ( 1.574999999999999956, 0.8996378962550000136, -12.07954545453999984 ) ) ;
#493 = CARTESIAN_POINT ( 'NONE',  ( 0.5305149195669999207, -1.301912367749000099, -9.848017480929000200 ) ) ;
#494 = DIRECTION ( 'NONE',  ( -0.2055172342865889956, 2.516860231386878999E-17, 0.9786534966019337922 ) ) ;
#495 = CARTESIAN_POINT ( 'NONE',  ( -0.2848240550269999782, 1.382043301334999974, -10.40501577373999886 ) ) ;
#496 = CARTESIAN_POINT ( 'NONE',  ( -1.227294949620254538, 0.03305597672832982781, -12.22075655550438178 ) ) ;
#497 = LINE ( 'NONE', #5070, #416 ) ;
#498 = CARTESIAN_POINT ( 'NONE',  ( 1.196122843279000092, 0.1904384181810000187, -12.32903458410000042 ) ) ;
#499 = CARTESIAN_POINT ( 'NONE',  ( -1.399999999977127318, 3.125581761505026026E-10, -9.796211797384074771 ) ) ;
#500 = ORIENTED_EDGE ( 'NONE', *, *, #1593, .T. ) ;
#501 = CARTESIAN_POINT ( 'NONE',  ( 1.267004356127999998, 0.6217632295869999215, -11.50034837880000005 ) ) ;
#502 = CARTESIAN_POINT ( 'NONE',  ( -1.319992244267600645, -0.5000504518445935132, -11.26740259462998317 ) ) ;
#503 = CARTESIAN_POINT ( 'NONE',  ( 2.562725153496999919, -0.8011194905359999563, -6.438461538434999909 ) ) ;
#504 = CARTESIAN_POINT ( 'NONE',  ( -1.399999998195258222, -0.1267198801177044920, -8.289008948663189713 ) ) ;
#505 = CARTESIAN_POINT ( 'NONE',  ( 0.7431606463040000277, 1.218828920450000020, -7.464755985403000338 ) ) ;
#506 = AXIS2_PLACEMENT_3D ( 'NONE', #2123, #3979, #5940 ) ;
#507 = CARTESIAN_POINT ( 'NONE',  ( -0.6780876855060000707, -2.283193464108999926, -10.75961538461000089 ) ) ;
#508 = CARTESIAN_POINT ( 'NONE',  ( -0.6780876855060000707, 2.283193464108999926, -10.54038461538999982 ) ) ;
#509 = CARTESIAN_POINT ( 'NONE',  ( -1.359847769121106165, -0.3784874015810030246, -6.482178662223452292 ) ) ;
#510 = AXIS2_PLACEMENT_3D ( 'NONE', #2773, #2739, #5001 ) ;
#511 = DIRECTION ( 'NONE',  ( 0.9118476033093435573, 4.020088495332514029E-15, 0.4105288641971548413 ) ) ;
#512 = CARTESIAN_POINT ( 'NONE',  ( -0.4789907914749999551, 1.323699510666999979, -8.893553520611000351 ) ) ;
#513 = AXIS2_PLACEMENT_3D ( 'NONE', #1745, #355, #4582 ) ;
#514 = ORIENTED_EDGE ( 'NONE', *, *, #656, .T. ) ;
#515 = CARTESIAN_POINT ( 'NONE',  ( 1.075240473600000080, 0.6141759223099999554, -12.35454545454000019 ) ) ;
#516 = CARTESIAN_POINT ( 'NONE',  ( 1.075240473600000080, -0.7795309783160000450, -2.457692307692000089 ) ) ;
#517 = CARTESIAN_POINT ( 'NONE',  ( -0.9434157148000000825, -1.046996318076999888, -2.937171828285999986 ) ) ;
#518 = CARTESIAN_POINT ( 'NONE',  ( 1.399999999999999911, -3.429011037612999484E-16, -10.54621179735999981 ) ) ;
#519 = EDGE_CURVE ( 'NONE', #1398, #2124, #3418, .T. ) ;
#520 = ORIENTED_EDGE ( 'NONE', *, *, #1695, .F. ) ;
#521 = CARTESIAN_POINT ( 'NONE',  ( -0.1215851738669999904, -2.304459325135000292, -11.76136363636000048 ) ) ;
#522 = CARTESIAN_POINT ( 'NONE',  ( -0.9420499304309999378, -1.055836374962999979, -9.936722451539999668 ) ) ;
#523 = CARTESIAN_POINT ( 'NONE',  ( 0.8643982213270000603, 1.109476713144999849, -9.973890594681998678 ) ) ;
#524 = CARTESIAN_POINT ( 'NONE',  ( 1.324828673777000088, 0.4592259764080000584, -11.22723756984000154 ) ) ;
#525 = CARTESIAN_POINT ( 'NONE',  ( 1.272443459457999859, -0.5991905455839999783, -6.081220743180999477 ) ) ;
#526 = CARTESIAN_POINT ( 'NONE',  ( 0.7652417886660001223, 0.9599620159320000345, -12.26402201836000039 ) ) ;
#527 = CARTESIAN_POINT ( 'NONE',  ( 0.1526520854700000041, 1.398253841132999886, -10.13746335413000033 ) ) ;
#528 = ORIENTED_EDGE ( 'NONE', *, *, #4890, .F. ) ;
#529 = CARTESIAN_POINT ( 'NONE',  ( 0.8559758501170000589, 1.110080319673000249, -11.46719925029000109 ) ) ;
#530 = CARTESIAN_POINT ( 'NONE',  ( -1.350389959519000094, -0.3996371886160000053, -10.27331014663000097 ) ) ;
#531 = CARTESIAN_POINT ( 'NONE',  ( -2.107315219971999554, 1.009060281498000089, -6.669230769221000443 ) ) ;
#532 = CARTESIAN_POINT ( 'NONE',  ( 1.249075808810000021, 0.6439272392959999314, -9.715890572832998728 ) ) ;
#533 = CONICAL_SURFACE ( 'NONE', #4135, 1.399999999999999911, 0.2069921942200000364 ) ;
#534 = CARTESIAN_POINT ( 'NONE',  ( -0.4504155663403326959, 1.328733295627905431, -2.602786245730560388 ) ) ;
#535 = CARTESIAN_POINT ( 'NONE',  ( 1.075240473600000080, 1.493645328225999988E-14, -11.40000000000000036 ) ) ;
#536 = CC_DESIGN_PERSON_AND_ORGANIZATION_ASSIGNMENT ( #4464, #2542, ( #2242 ) ) ;
#537 = CARTESIAN_POINT ( 'NONE',  ( 3.086771334364999841, 1.478060008326999908, -10.65576923080999983 ) ) ;
#538 = CARTESIAN_POINT ( 'NONE',  ( -1.203263739256002607, -0.7267833669495582516, -6.460569411495496794 ) ) ;
#539 = DIRECTION ( 'NONE',  ( 1.000000000000000000, 0.000000000000000000, 0.000000000000000000 ) ) ;
#540 = CARTESIAN_POINT ( 'NONE',  ( 1.399999999999999911, -2.641105195205000040E-17, -5.546212107183999152 ) ) ;
#541 = CARTESIAN_POINT ( 'NONE',  ( -2.107315219973999731, -1.009060281501999778, -7.130769230768000178 ) ) ;
#542 = EDGE_CURVE ( 'NONE', #59, #3011, #778, .T. ) ;
#543 = EDGE_LOOP ( 'NONE', ( #1132, #5147, #1868, #2496, #4682, #2599, #2282, #2360, #3809, #1245, #3375, #2138 ) ) ;
#544 = CARTESIAN_POINT ( 'NONE',  ( -1.263518733533000038, -0.5809813061430000314, -11.47674001512999986 ) ) ;
#545 = CARTESIAN_POINT ( 'NONE',  ( 1.399999999999999911, 0.1074434328050000026, -8.540104909529000921 ) ) ;
#546 = CARTESIAN_POINT ( 'NONE',  ( 1.328949390191999980, 0.4718585097699999897, -8.019068375111000790 ) ) ;
#547 = DIRECTION ( 'NONE',  ( 1.000000000000000000, 0.000000000000000000, 0.000000000000000000 ) ) ;
#548 = ORIENTED_EDGE ( 'NONE', *, *, #4884, .T. ) ;
#549 = CARTESIAN_POINT ( 'NONE',  ( -2.534454738846999788, 0.8327467029100000806, -12.39772727273000008 ) ) ;
#550 = CARTESIAN_POINT ( 'NONE',  ( -1.399995785761851241, 0.004497507895776049237, -7.504043534859929032 ) ) ;
#551 = CARTESIAN_POINT ( 'NONE',  ( 1.149539264182000142, 0.8058427956020000060, -9.997547375230000810 ) ) ;
#552 = CARTESIAN_POINT ( 'NONE',  ( -0.6711883949410000216, 1.241239143273999979, -10.38178987225999883 ) ) ;
#553 = CARTESIAN_POINT ( 'NONE',  ( -1.382382566528000067, -0.2335604886980000294, -6.282889407889999944 ) ) ;
#554 = B_SPLINE_CURVE_WITH_KNOTS ( 'NONE', 7,
 ( #5985, #3656, #975, #2839, #7, #5586, #1313, #1920, #1369, #2748, #4238, #4692, #5525, #4572, #522, #5035, #950, #1340, #3718, #859, #5494, #40, #4663, #3205, #493, #5066, #4607, #3178, #887, #434, #2293, #2379, #3234, #921, #3266, #66, #2782, #1890 ),
 .UNSPECIFIED., .F., .F.,
 ( 8, 6, 6, 6, 6, 6, 8 ),
 ( 0.4999790056113105341, 0.5059761897079999571, 0.5981151242459999962, 0.7241116341019999680, 0.8260990878530000137, 0.9135677033629999721, 1.000000000000000000 ),
 .UNSPECIFIED. ) ;
#555 = CARTESIAN_POINT ( 'NONE',  ( -0.8362444403780000535, 0.9357311085339999890, -12.14079797716000009 ) ) ;
#556 = CARTESIAN_POINT ( 'NONE',  ( -1.040540948135000088, 0.9568318712910000023, -10.06302720342999812 ) ) ;
#557 = ORIENTED_EDGE ( 'NONE', *, *, #1279, .F. ) ;
#558 = CARTESIAN_POINT ( 'NONE',  ( 1.959418117462999875, 4.051127429918999212, -7.078846153877000447 ) ) ;
#559 = CARTESIAN_POINT ( 'NONE',  ( -1.102442060352999853, -0.8652744844679999270, -10.24325565273999850 ) ) ;
#560 = CARTESIAN_POINT ( 'NONE',  ( 3.086771334362999664, -1.478060008326999908, -6.144230769232000178 ) ) ;
#561 = CARTESIAN_POINT ( 'NONE',  ( -1.039972518838000015, -0.9418207833310000554, -8.237645686537000245 ) ) ;
#562 = CARTESIAN_POINT ( 'NONE',  ( -1.196062583045979899, -0.3370401964684601182, -12.19880668858210271 ) ) ;
#563 = EDGE_CURVE ( 'NONE', #2230, #89, #2596, .T. ) ;
#564 = CARTESIAN_POINT ( 'NONE',  ( 1.574999999999999956, 1.141848099093000002, -11.56730769230000178 ) ) ;
#565 = DIRECTION ( 'NONE',  ( 0.000000000000000000, 0.000000000000000000, 1.000000000000000000 ) ) ;
#566 = DIRECTION ( 'NONE',  ( 1.000000000000000000, 0.000000000000000000, 0.000000000000000000 ) ) ;
#567 = CARTESIAN_POINT ( 'NONE',  ( 0.4693814627869999923, -1.324222382290000111, -4.144119323068999883 ) ) ;
#568 = CARTESIAN_POINT ( 'NONE',  ( -0.1690483967580000135, 1.392081450994000047, -8.911598311017000285 ) ) ;
#569 = CARTESIAN_POINT ( 'NONE',  ( -1.399999999977067811, 3.363047355623540520E-10, -11.00378818430995231 ) ) ;
#570 = VERTEX_POINT ( 'NONE', #4523 ) ;
#571 = CARTESIAN_POINT ( 'NONE',  ( -1.376326651527757905, -0.02965614408423428855, -11.51273017213921257 ) ) ;
#572 = DIRECTION ( 'NONE',  ( 0.000000000000000000, 0.000000000000000000, 1.000000000000000000 ) ) ;
#573 = CARTESIAN_POINT ( 'NONE',  ( 0.1215521749279999952, 1.399755100122999973, -7.928091272925000155 ) ) ;
#574 = CARTESIAN_POINT ( 'NONE',  ( -0.4749235502379999807, -1.331292158276000004, -10.69844641587999945 ) ) ;
#575 = ORIENTED_EDGE ( 'NONE', *, *, #3861, .F. ) ;
#576 = CYLINDRICAL_SURFACE ( 'NONE', #992, 1.399999999999999911 ) ;
#577 = CARTESIAN_POINT ( 'NONE',  ( -1.399974715519660240, 0.008994972455243388509, -7.504299177840427326 ) ) ;
#578 = CARTESIAN_POINT ( 'NONE',  ( -1.399999999977127318, 3.125581761505026026E-10, -9.796211797384074771 ) ) ;
#579 = CARTESIAN_POINT ( 'NONE',  ( 2.562725153498000008, -0.8011194905319999338, -4.938461538448000177 ) ) ;
#580 = CARTESIAN_POINT ( 'NONE',  ( 1.249075805379999959, 0.6439272462580000189, -11.21589057238999843 ) ) ;
#581 = CARTESIAN_POINT ( 'NONE',  ( -0.2935568368340000234, 1.380844899062000142, -3.112126374277999652 ) ) ;
#582 = CARTESIAN_POINT ( 'NONE',  ( -0.5174684930770000468, 1.137152763450000048, -12.16730221131000000 ) ) ;
#583 = CARTESIAN_POINT ( 'NONE',  ( 0.7607984106070000418, -1.816692929058999928, -8.976923076912999733 ) ) ;
#584 = EDGE_LOOP ( 'NONE', ( #5399, #3899, #5928, #2804 ) ) ;
#585 = CARTESIAN_POINT ( 'NONE',  ( 1.287597449346000067, -0.5699997689020001035, -3.079359851133999904 ) ) ;
#586 = CARTESIAN_POINT ( 'NONE',  ( -1.075240473600000080, -0.7795309783160000450, -7.592307692308000178 ) ) ;
#587 = CARTESIAN_POINT ( 'NONE',  ( -1.203315050911651030, -0.7266954712995401522, -11.25299706069429995 ) ) ;
#588 = CARTESIAN_POINT ( 'NONE',  ( 0.4629252851469999874, 1.558718743915999960, -6.784615384614000710 ) ) ;
#589 = CARTESIAN_POINT ( 'NONE',  ( -1.120817941632999970, -0.8569924986219998875, -7.451833527939000668 ) ) ;
#590 = CARTESIAN_POINT ( 'NONE',  ( -1.225584442086000037, -0.6868459567479999750, -8.755578056521001074 ) ) ;
#591 = CARTESIAN_POINT ( 'NONE',  ( -0.7607984106070000418, -1.816692929056999972, -10.07307692308000036 ) ) ;
#592 = CARTESIAN_POINT ( 'NONE',  ( 0.9719521784169999901, -0.6794543870029999821, -2.399999999999999911 ) ) ;
#593 = CARTESIAN_POINT ( 'NONE',  ( 1.371137260183000084, 0.3213059538310000240, -7.027890965779999277 ) ) ;
#594 = CARTESIAN_POINT ( 'NONE',  ( 1.130725584961999930, -0.8340529917390000492, -4.096802728280000139 ) ) ;
#595 = CARTESIAN_POINT ( 'NONE',  ( 1.959418117462999875, 4.051127429918999212, -7.528846153858999912 ) ) ;
#596 = CARTESIAN_POINT ( 'NONE',  ( -0.8855892331269999973, -1.097770832699000110, -10.93280073765000004 ) ) ;
#597 = CARTESIAN_POINT ( 'NONE',  ( 2.562725153494999741, 0.8011194905279999112, -5.861538461524999910 ) ) ;
#598 = ADVANCED_BREP_SHAPE_REPRESENTATION ( 'pan_head_screw_M3_l10mm_thread', ( #3912, #5114 ), #5901 ) ;
#599 = ORIENTED_EDGE ( 'NONE', *, *, #5783, .T. ) ;
#600 = CARTESIAN_POINT ( 'NONE',  ( 1.009862417743000007, 1.799255404721999962, -12.08409090908000039 ) ) ;
#601 = CARTESIAN_POINT ( 'NONE',  ( -0.3687788476239999835, -1.350556241003000091, -11.40000000000000036 ) ) ;
#602 = CARTESIAN_POINT ( 'NONE',  ( 1.361847089944000277, -0.3292968753349999611, -11.27266694941000047 ) ) ;
#603 = CARTESIAN_POINT ( 'NONE',  ( -1.399999999977621590, 3.245765466445925786E-10, -8.003788184316698917 ) ) ;
#604 = CARTESIAN_POINT ( 'NONE',  ( -1.362547695256712377, -0.3656523513519177593, -2.775340896141430314 ) ) ;
#605 = AXIS2_PLACEMENT_3D ( 'NONE', #304, #2153, #3103 ) ;
#606 = EDGE_LOOP ( 'NONE', ( #462, #3528, #158, #3685, #575, #1361, #3663, #1024, #4539 ) ) ;
#607 = CARTESIAN_POINT ( 'NONE',  ( -0.08300526979753000689, -1.573236784856999915, -12.03636363634999995 ) ) ;
#608 = CARTESIAN_POINT ( 'NONE',  ( -1.399999995562203781, -3.899973108738579060E-08, -10.29621181188288404 ) ) ;
#609 = LINE ( 'NONE', #4356, #4997 ) ;
#610 = DIRECTION ( 'NONE',  ( 0.000000000000000000, 0.000000000000000000, 1.000000000000000000 ) ) ;
#611 = CARTESIAN_POINT ( 'NONE',  ( -0.6260743689350000141, 1.278607474699000157, -7.092530087170000108 ) ) ;
#612 = CARTESIAN_POINT ( 'NONE',  ( -1.393328569884710433, 0.1384541906791300625, -3.011669273176826866 ) ) ;
#613 = B_SPLINE_CURVE_WITH_KNOTS ( 'NONE', 7,
 ( #2528, #4291, #1061, #5273, #2466, #4387, #3476, #645, #3830, #1157, #702, #3893, #1580, #2071, #4421, #4327, #4784, #2103, #2561, #1514, #4750, #3378, #5676, #3446, #1485, #3348, #5210, #152, #1032, #3859, #1096, #1126 ),
 .UNSPECIFIED., .F., .F.,
 ( 8, 6, 6, 6, 6, 8 ),
 ( 0.5000152871256441367, 0.6008747607669999713, 0.6578780034289999357, 0.7566315799880000137, 0.9036072807220000280, 1.000000000000000000 ),
 .UNSPECIFIED. ) ;
#614 = ADVANCED_FACE ( 'NONE', ( #4065 ), #4433, .T. ) ;
#615 = CARTESIAN_POINT ( 'NONE',  ( -0.05111674788730000141, -1.290706122033000058, -11.93224217572999990 ) ) ;
#616 = CARTESIAN_POINT ( 'NONE',  ( -2.562725153493999652, 0.8011194905319999338, -8.688461538479000268 ) ) ;
#617 = ORIENTED_EDGE ( 'NONE', *, *, #4577, .F. ) ;
#618 = CARTESIAN_POINT ( 'NONE',  ( 0.4629252851460000096, -1.558718743918000138, -10.01538461538000035 ) ) ;
#619 = DIRECTION ( 'NONE',  ( 0.000000000000000000, 0.000000000000000000, 1.000000000000000000 ) ) ;
#620 = CARTESIAN_POINT ( 'NONE',  ( 0.1200794159289999968, -1.404539152342000108, -10.16442058686999950 ) ) ;
#621 = CARTESIAN_POINT ( 'NONE',  ( -1.395934951140636926, 0.1123878215921674945, -10.51018065070659269 ) ) ;
#622 = CARTESIAN_POINT ( 'NONE',  ( 0.7284659753759999967, -1.206826834337999976, -7.335590517331999294 ) ) ;
#623 = CARTESIAN_POINT ( 'NONE',  ( -0.8214084744490000034, -0.9464696694369999497, -12.15651416921000028 ) ) ;
#624 = CARTESIAN_POINT ( 'NONE',  ( -0.9772587972629999120, 1.017007510797000025, -3.360302687886999706 ) ) ;
#625 = LINE ( 'NONE', #4196, #5793 ) ;
#626 = CARTESIAN_POINT ( 'NONE',  ( -0.6750651109409999684, 1.239017233141999963, -6.881538241145999990 ) ) ;
#627 = LINE ( 'NONE', #1597, #5470 ) ;
#628 = VECTOR ( 'NONE', #485, 1000.000000000000000 ) ;
#629 = CARTESIAN_POINT ( 'NONE',  ( 0.1237189173639999806, -1.404529443126000032, -4.164215570830000601 ) ) ;
#630 = CARTESIAN_POINT ( 'NONE',  ( 1.043518089266999960, 0.9513020935249999477, -8.987327516620000623 ) ) ;
#631 = CARTESIAN_POINT ( 'NONE',  ( 1.173240293823999858, -0.7938727818499999866, -10.80108308850999954 ) ) ;
#632 = CARTESIAN_POINT ( 'NONE',  ( 2.107315219972999643, 1.009060281504999823, -6.380769230788999380 ) ) ;
#633 = EDGE_CURVE ( 'NONE', #4844, #3273, #850, .T. ) ;
#634 = VERTEX_POINT ( 'NONE', #1375 ) ;
#635 = CARTESIAN_POINT ( 'NONE',  ( -2.534454738846999788, 0.8327467029100000806, -11.94772727273000079 ) ) ;
#636 = CARTESIAN_POINT ( 'NONE',  ( 0.9453448442969999421, 1.043127907290000156, -8.479804451874999316 ) ) ;
#637 = CARTESIAN_POINT ( 'NONE',  ( 1.282291483941000232, 0.5827768938149999745, -8.012282379449001013 ) ) ;
#638 = CARTESIAN_POINT ( 'NONE',  ( -1.037286972778000083, -0.9570204913959999837, -10.73691966594999947 ) ) ;
#639 = CARTESIAN_POINT ( 'NONE',  ( 0.7924821713760000774, -1.164482188043999944, -2.623641167705999866 ) ) ;
#640 = ADVANCED_FACE ( 'NONE', ( #3241 ), #5101, .T. ) ;
#641 = ORIENTED_EDGE ( 'NONE', *, *, #1073, .F. ) ;
#642 = CARTESIAN_POINT ( 'NONE',  ( 1.008249237210000038, -0.9842846106839998610, -5.315337830125999474 ) ) ;
#643 = ADVANCED_FACE ( 'NONE', ( #4668 ), #2695, .F. ) ;
#644 = CARTESIAN_POINT ( 'NONE',  ( -1.399999999784398597, 0.002248754573134510715, -7.503915712909425828 ) ) ;
#645 = CARTESIAN_POINT ( 'NONE',  ( -1.085755643745999866, -0.8867159589690000177, -3.741710632130000214 ) ) ;
#646 = DIRECTION ( 'NONE',  ( 0.000000000000000000, 0.000000000000000000, 1.000000000000000000 ) ) ;
#647 = CARTESIAN_POINT ( 'NONE',  ( -1.337679787046999857, 2.765673762761999832, -5.746153846139999466 ) ) ;
#648 = CARTESIAN_POINT ( 'NONE',  ( 1.574999999999999956, -1.141848099093000002, -2.232692307692000000 ) ) ;
#649 = CARTESIAN_POINT ( 'NONE',  ( 0.6023360029300000029, -1.154165127038000005, -11.88648596898999976 ) ) ;
#650 = CARTESIAN_POINT ( 'NONE',  ( 1.959418117458000097, -4.051127429915999834, -9.721153846196999737 ) ) ;
#651 = ORIENTED_EDGE ( 'NONE', *, *, #1709, .T. ) ;
#652 = CARTESIAN_POINT ( 'NONE',  ( 0.4050848573269999475, -1.364072071642999928, -3.148169406300000084 ) ) ;
#653 = CARTESIAN_POINT ( 'NONE',  ( 0.3751209474100000163, 1.371830173793000096, -2.942524504485000136 ) ) ;
#654 = CARTESIAN_POINT ( 'NONE',  ( -1.359167547326000092, 0.3567714470789999925, -10.52422118080999880 ) ) ;
#655 = CARTESIAN_POINT ( 'NONE',  ( 1.574999999999999956, 1.157291225193999921E-15, -4.125000000000000000 ) ) ;
#656 = EDGE_CURVE ( 'NONE', #3747, #4939, #2886, .T. ) ;
#657 = CARTESIAN_POINT ( 'NONE',  ( -1.388732423749036160, 0.2325729855842572913, -4.309431235487264367 ) ) ;
#658 = CARTESIAN_POINT ( 'NONE',  ( -0.7627133097480000012, -1.183090842297000123, -7.216766526291999995 ) ) ;
#659 = LINE ( 'NONE', #3974, #4898 ) ;
#660 = DIRECTION ( 'NONE',  ( 1.000000000000000000, 0.000000000000000000, 0.000000000000000000 ) ) ;
#661 = DIRECTION ( 'NONE',  ( 0.000000000000000000, 0.000000000000000000, 1.000000000000000000 ) ) ;
#662 = CARTESIAN_POINT ( 'NONE',  ( 1.222090004948999997, 0.3972518046660000191, -11.96754270375000040 ) ) ;
#663 = CARTESIAN_POINT ( 'NONE',  ( 1.376929108173000182, -0.3328573341639999850, -10.77270820977000021 ) ) ;
#664 = CARTESIAN_POINT ( 'NONE',  ( -1.337679787046999857, 2.765673762761999832, -5.746153846139999466 ) ) ;
#665 = EDGE_LOOP ( 'NONE', ( #2771, #4883, #3791, #1001 ) ) ;
#666 = CARTESIAN_POINT ( 'NONE',  ( -0.2307439051590000345, -1.385366424857999990, -7.891917820601000777 ) ) ;
#667 = CARTESIAN_POINT ( 'NONE',  ( -1.319967076360992531, -0.5001272210102705174, -4.974975608999937293 ) ) ;
#668 = CARTESIAN_POINT ( 'NONE',  ( -1.147527306248000034, 0.8096470368989999722, -6.052696954970000043 ) ) ;
#669 = CARTESIAN_POINT ( 'NONE',  ( 0.6472119932470000725, 1.248465390061000102, -5.166826933661000432 ) ) ;
#670 = VERTEX_POINT ( 'NONE', #2844 ) ;
#671 = DIRECTION ( 'NONE',  ( 0.000000000000000000, 0.000000000000000000, 1.000000000000000000 ) ) ;
#672 = CARTESIAN_POINT ( 'NONE',  ( -1.398720820459000036, 0.1216339539219999932, -7.510702063491000224 ) ) ;
#673 = CARTESIAN_POINT ( 'NONE',  ( -1.399999999983388088, 0.0004396960604023903915, -9.796236790005131922 ) ) ;
#674 = CARTESIAN_POINT ( 'NONE',  ( 0.9453450655509999523, 1.043127693536000100, -3.979804469250999954 ) ) ;
#675 = FACE_OUTER_BOUND ( 'NONE', #1254, .T. ) ;
#676 = CARTESIAN_POINT ( 'NONE',  ( 0.6813248509720001289, 1.244475481759999891, -3.168664006145999856 ) ) ;
#677 = CARTESIAN_POINT ( 'NONE',  ( -1.720674083314999878E-14, 0.000000000000000000, -0.08751284532406000682 ) ) ;
#678 = CARTESIAN_POINT ( 'NONE',  ( -1.114408847256999957, 2.661071112481000256, -9.951923076928000711 ) ) ;
#679 = ORIENTED_EDGE ( 'NONE', *, *, #5406, .T. ) ;
#680 = B_SPLINE_CURVE_WITH_KNOTS ( 'NONE', 7,
 ( #750, #1108, #4895, #719, #2577, #2607, #4004, #4436, #266, #5841, #5417, #1563, #2972, #3098, #1233, #4955, #2482, #166, #2022, #3877, #658, #4372, #2513, #201, #5935, #4495, #3579, #4068, #1744, #1838, #3244, #809, #4581, #443, #6024, #3213, #866, #5505, #1378, #411, #3604, #5471, #781, #2725 ),
 .UNSPECIFIED., .F., .F.,
 ( 8, 6, 6, 6, 6, 6, 6, 8 ),
 ( 0.4999601704156390047, 0.5082645381910000371, 0.5941088125610000104, 0.6331498766589999105, 0.7231562346679999420, 0.8188145855470000400, 0.9118393983940000780, 1.000000000000000000 ),
 .UNSPECIFIED. ) ;
#681 = CARTESIAN_POINT ( 'NONE',  ( -1.399433757571014736, -0.05213404026630889809, -3.293248758982703528 ) ) ;
#682 = CARTESIAN_POINT ( 'NONE',  ( 0.7368416197890000907, 1.221740669693999859, -2.964371706008000373 ) ) ;
#683 = CARTESIAN_POINT ( 'NONE',  ( -1.327685516061258619, 0.4759473660722243205, -8.531172916298272568 ) ) ;
#684 = CARTESIAN_POINT ( 'NONE',  ( -1.399999999724315769, -1.986800481079686875E-14, -7.503787890649174841 ) ) ;
#685 = DIRECTION ( 'NONE',  ( 0.000000000000000000, 0.000000000000000000, 1.000000000000000000 ) ) ;
#686 = CARTESIAN_POINT ( 'NONE',  ( -0.7871574211580000258, 1.168231962860000195, -3.374008673319000007 ) ) ;
#687 = CARTESIAN_POINT ( 'NONE',  ( -0.5223041292410001146, 1.315810673476000225, -5.891155840738999672 ) ) ;
#688 = CARTESIAN_POINT ( 'NONE',  ( -0.4240951951799999953, 1.348079610963999864, -6.896950197154999351 ) ) ;
#689 = CARTESIAN_POINT ( 'NONE',  ( -0.9773443494439999490, -1.014265123955000014, -10.43981493981999975 ) ) ;
#690 = CARTESIAN_POINT ( 'NONE',  ( -1.959418117459000186, 4.051127429914999745, -4.021153846148999733 ) ) ;
#691 = CARTESIAN_POINT ( 'NONE',  ( 0.06283686887737999216, 1.302555855871000201, -11.87970406747999874 ) ) ;
#692 = CARTESIAN_POINT ( 'NONE',  ( -0.6830028602309999863, -1.232036960409999882, -10.91908611098999948 ) ) ;
#693 = CARTESIAN_POINT ( 'NONE',  ( 1.075240473600000080, -0.7795309783160000450, -5.457692307691999645 ) ) ;
#694 = ORIENTED_EDGE ( 'NONE', *, *, #1641, .F. ) ;
#695 = CARTESIAN_POINT ( 'NONE',  ( -0.1524522213260000036, -1.396151554115000026, -9.387442929771001587 ) ) ;
#696 = CARTESIAN_POINT ( 'NONE',  ( -1.386617660174608302, -0.2534663888669697052, -4.989381204022778959 ) ) ;
#697 = CARTESIAN_POINT ( 'NONE',  ( -1.399986839725509968, 0.006883053653620120789, -6.004179132526545004 ) ) ;
#698 = VECTOR ( 'NONE', #5357, 1000.000000000000000 ) ;
#699 = VERTEX_POINT ( 'NONE', #5707 ) ;
#700 = CARTESIAN_POINT ( 'NONE',  ( 1.371593334288999877, -0.3187736381569999944, -5.271963724374000293 ) ) ;
#701 = CARTESIAN_POINT ( 'NONE',  ( -0.4629252851460000096, -1.558718743917000049, -4.534615384613999822 ) ) ;
#702 = CARTESIAN_POINT ( 'NONE',  ( -0.9385898690730000160, -1.043716048866999868, -3.729496671608999669 ) ) ;
#703 = CARTESIAN_POINT ( 'NONE',  ( 0.8643987554569999565, 1.109476278255000059, -3.973890633609000300 ) ) ;
#704 = DIRECTION ( 'NONE',  ( 0.2133083745830045286, -0.9769849217530210961, 0.000000000000000000 ) ) ;
#705 = CARTESIAN_POINT ( 'NONE',  ( -1.399999999992914468, -3.896026763036143151E-08, -2.796211813496375598 ) ) ;
#706 = AXIS2_PLACEMENT_3D ( 'NONE', #4499, #6029, #2672 ) ;
#707 = CARTESIAN_POINT ( 'NONE',  ( 1.399999999999999911, 0.07784250774096000691, -3.749363242854999889 ) ) ;
#708 = ORIENTED_EDGE ( 'NONE', *, *, #2987, .F. ) ;
#709 = EDGE_CURVE ( 'NONE', #4939, #1820, #1215, .T. ) ;
#710 = CARTESIAN_POINT ( 'NONE',  ( 1.114408847256000090, 2.661071112481999901, -9.548076923059999999 ) ) ;
#711 = VECTOR ( 'NONE', #2799, 1000.000000000000000 ) ;
#712 = VERTEX_POINT ( 'NONE', #2470 ) ;
#713 = CARTESIAN_POINT ( 'NONE',  ( 1.399999999999999911, -0.1168292742420000002, -7.552852457436999067 ) ) ;
#714 = CARTESIAN_POINT ( 'NONE',  ( -1.326070797871999885, 0.4808430794329999758, -2.823886036884000195 ) ) ;
#715 = CARTESIAN_POINT ( 'NONE',  ( -0.7480463378430000088, 1.215746351057000130, -8.584921908204998786 ) ) ;
#716 = CARTESIAN_POINT ( 'NONE',  ( -0.8545326509449999719, -1.115779393536999953, -7.430818428629000216 ) ) ;
#717 = PERSON_AND_ORGANIZATION ( #18446744073709551615, #18446744073709551615 ) ;
#718 = CARTESIAN_POINT ( 'NONE',  ( -0.2282246747390000163, 1.394217101721000107, -4.408271909623000084 ) ) ;
#719 = CARTESIAN_POINT ( 'NONE',  ( -1.399727776115228473, -0.03130384446122855963, -7.294432440816336793 ) ) ;
#720 = CARTESIAN_POINT ( 'NONE',  ( 0.4991143213819999591, 1.315121347906999860, -6.950064306656000390 ) ) ;
#721 = ADVANCED_FACE ( 'NONE', ( #799 ), #1667, .T. ) ;
#722 = CARTESIAN_POINT ( 'NONE',  ( -1.399590369970076686, -0.04372191424927727305, -10.50130265424441234 ) ) ;
#723 = DIRECTION ( 'NONE',  ( 0.000000000000000000, 0.000000000000000000, 1.000000000000000000 ) ) ;
#724 = CARTESIAN_POINT ( 'NONE',  ( -0.6780876855060000707, 2.283193464108999926, -7.990384615389999112 ) ) ;
#725 = CARTESIAN_POINT ( 'NONE',  ( -2.562725153493999652, 0.8011194905319999338, -8.688461538479000268 ) ) ;
#726 = CARTESIAN_POINT ( 'NONE',  ( 1.399999999999999911, -3.429011037612999484E-16, -5.753788184292000452 ) ) ;
#727 = EDGE_LOOP ( 'NONE', ( #3511, #4518, #2424, #2811 ) ) ;
#728 = CARTESIAN_POINT ( 'NONE',  ( 0.3526948258020000115, -1.358249780029000098, -9.358570339369999047 ) ) ;
#729 = CARTESIAN_POINT ( 'NONE',  ( 1.342415772342999913, 0.4256467854359999858, -8.521784472410999456 ) ) ;
#730 = CARTESIAN_POINT ( 'NONE',  ( -1.399999999703332554, -1.998404832457070790E-14, -6.003787890508217373 ) ) ;
#731 = CARTESIAN_POINT ( 'NONE',  ( 1.075240473600000080, 3.950369412924000157E-15, -9.900000000000000355 ) ) ;
#732 = EDGE_CURVE ( 'NONE', #5788, #1476, #5438, .T. ) ;
#733 = AXIS2_PLACEMENT_3D ( 'NONE', #3938, #5810, #1626 ) ;
#734 = ORIENTED_EDGE ( 'NONE', *, *, #3844, .F. ) ;
#735 = CARTESIAN_POINT ( 'NONE',  ( 0.000000000000000000, 0.000000000000000000, -2.399999999999999911 ) ) ;
#736 = CARTESIAN_POINT ( 'NONE',  ( -2.562725153499000097, -0.8011194905299999780, -5.111538461547000090 ) ) ;
#737 = FACE_OUTER_BOUND ( 'NONE', #1226, .T. ) ;
#738 = CARTESIAN_POINT ( 'NONE',  ( 1.020285497718000256, 0.9699537779599999299, -3.985718430136999668 ) ) ;
#739 = CARTESIAN_POINT ( 'NONE',  ( 1.255796522226000134, -0.6282368518240000199, -3.790687433766000147 ) ) ;
#740 = CARTESIAN_POINT ( 'NONE',  ( -1.006196084544000113, -0.9756720932739999519, -5.734938405012000473 ) ) ;
#741 = CARTESIAN_POINT ( 'NONE',  ( -1.399999999693450459, 7.157851920772465015E-14, -9.296212104971328216 ) ) ;
#742 = CARTESIAN_POINT ( 'NONE',  ( 1.009862417743000007, -1.799255404721999962, -11.26590909091000015 ) ) ;
#743 = ORIENTED_EDGE ( 'NONE', *, *, #1535, .F. ) ;
#744 = CARTESIAN_POINT ( 'NONE',  ( -1.340703493089999920, 0.4313779734289999723, -6.528555308602999929 ) ) ;
#745 = CARTESIAN_POINT ( 'NONE',  ( 0.6781891795919999799, -1.230806858017999827, -10.13111552806000049 ) ) ;
#746 = CARTESIAN_POINT ( 'NONE',  ( -1.298003296043999999, 0.5383399731829999757, -10.53506561402999964 ) ) ;
#747 = CARTESIAN_POINT ( 'NONE',  ( -0.1905484236380000362, -1.396254043782999998, -6.682025994209999986 ) ) ;
#748 = DATE_AND_TIME ( #3549, #3167 ) ;
#749 = CARTESIAN_POINT ( 'NONE',  ( 0.4307443580979999909, 1.353400061307999946, -4.445794906808000491 ) ) ;
#750 = CARTESIAN_POINT ( 'NONE',  ( -1.399999994839461026, -3.899737018972135837E-08, -7.296211811746782239 ) ) ;
#751 = CARTESIAN_POINT ( 'NONE',  ( -1.353738969884999976, -0.3646527153960000267, -4.775275220361000272 ) ) ;
#752 = CARTESIAN_POINT ( 'NONE',  ( 1.392340103578999955, -0.1659177499169999792, -11.26322742831000134 ) ) ;
#753 = CARTESIAN_POINT ( 'NONE',  ( -0.8901731186700000409, -1.090335111649999966, -10.43328697291000040 ) ) ;
#754 = FACE_OUTER_BOUND ( 'NONE', #4412, .T. ) ;
#755 = CARTESIAN_POINT ( 'NONE',  ( 1.075240473600000080, 6.498758295109999777E-15, -8.400000000000000355 ) ) ;
#756 = CARTESIAN_POINT ( 'NONE',  ( -1.959418117459000186, 4.051127429914999745, -8.521153846181000802 ) ) ;
#757 = EDGE_CURVE ( 'NONE', #5926, #128, #5664, .T. ) ;
#758 = VERTEX_POINT ( 'NONE', #3451 ) ;
#759 = CARTESIAN_POINT ( 'NONE',  ( 1.399999999999999911, 2.914659381971000159E-15, -11.25378789281000103 ) ) ;
#760 = CARTESIAN_POINT ( 'NONE',  ( -1.359845787467023559, -0.3784966569610368481, -4.982178129013430379 ) ) ;
#761 = B_SPLINE_CURVE_WITH_KNOTS ( 'NONE', 7,
 ( #1004, #2840, #2404, #2866, #4722, #1921, #2294, #551, #2350, #2321, #1860, #523, #3774, #3719, #4239, #4211, #5647, #4265, #4693, #2783, #1944, #6016, #4664, #3802, #5587, #1341, #1399, #3206, #3267, #5097, #5128, #3295, #951, #5067, #2814, #888, #1831, #2749, #1428, #5157, #435, #922, #673, #578 ),
 .UNSPECIFIED., .F., .F.,
 ( 8, 6, 6, 6, 6, 6, 6, 8 ),
 ( 0.000000000000000000, 0.08550633739200000361, 0.1682990550239999994, 0.2523020900669999955, 0.3601817662269999887, 0.4135841238330000280, 0.4996653799950000474, 0.5000152998345511746 ),
 .UNSPECIFIED. ) ;
#762 = CARTESIAN_POINT ( 'NONE',  ( -0.2904410630760000389, 1.381444197660999906, -6.112305117717999892 ) ) ;
#763 = CARTESIAN_POINT ( 'NONE',  ( 0.8609172376060000298, 1.110699797361999863, -5.181279708882000179 ) ) ;
#764 = B_SPLINE_CURVE_WITH_KNOTS ( 'NONE', 13,
 ( #2919, #516, #5697, #1915, #4284, #2834, #5612, #4685, #3342, #3767, #3371, #5641, #486, #33, #1970, #3793, #5176, #1053, #86, #1026, #4775, #1478, #5203, #1420, #3287, #998 ),
 .UNSPECIFIED., .F., .F.,
 ( 14, 12, 14 ),
 ( 0.000000000000000000, 9.454572418137001222, 18.90914483627499720 ),
 .UNSPECIFIED. ) ;
#765 = EDGE_LOOP ( 'NONE', ( #4655, #4027, #4972, #5394, #5162 ) ) ;
#766 = DIRECTION ( 'NONE',  ( 0.000000000000000000, 0.000000000000000000, 1.000000000000000000 ) ) ;
#767 = CARTESIAN_POINT ( 'NONE',  ( -3.753850618405000006, -1.173470705918000068, -5.336538461546000534 ) ) ;
#768 = CARTESIAN_POINT ( 'NONE',  ( -0.4691161779179999769, 1.324386489223000174, -10.89413690708000004 ) ) ;
#769 = CARTESIAN_POINT ( 'NONE',  ( -1.085080569262999894, 0.8897369372140000454, -3.850866153189999697 ) ) ;
#770 = CARTESIAN_POINT ( 'NONE',  ( -1.381721358592999938, -0.2370286928399999993, -7.782691284830000278 ) ) ;
#771 = CARTESIAN_POINT ( 'NONE',  ( 0.4023524633939999928, 1.354103746812000075, -3.651763544682000262 ) ) ;
#772 = CARTESIAN_POINT ( 'NONE',  ( -1.503821374738000038, -2.019265272015000168, -11.35681818182000136 ) ) ;
#773 = ORIENTED_EDGE ( 'NONE', *, *, #905, .T. ) ;
#774 = CARTESIAN_POINT ( 'NONE',  ( -1.399998432676432536, 0.002168401175385273934, -6.503911436811534053 ) ) ;
#775 = DIRECTION ( 'NONE',  ( 1.000000000000000000, 0.000000000000000000, 4.350751249082060661E-15 ) ) ;
#776 = CARTESIAN_POINT ( 'NONE',  ( -0.8453722537429999573, 0.8805021407749999973, -12.27738914378000068 ) ) ;
#777 = CARTESIAN_POINT ( 'NONE',  ( 0.2328587593999999761, 1.384998500020999890, -4.142039461522999844 ) ) ;
#778 = B_SPLINE_CURVE_WITH_KNOTS ( 'NONE', 7,
 ( #5743, #3391, #3459, #1497, #1074, #5318, #5658, #3423, #1591, #1138, #4829, #4250, #590, #4369, #4339, #3333, #5715, #3904, #3361, #2510, #4763, #3815, #1465, #1989, #1529, #198, #2446, #4275, #5193, #4797, #4858, #1017, #2047, #2390, #78, #5775, #1931, #4306 ),
 .UNSPECIFIED., .F., .F.,
 ( 8, 6, 6, 6, 6, 6, 8 ),
 ( 0.4999865577842329545, 0.5010789188399999983, 0.5946193535829999988, 0.7235954006420000084, 0.8177512449039999742, 0.9128311223020000309, 1.000000000000000000 ),
 .UNSPECIFIED. ) ;
#779 = DATE_AND_TIME ( #3031, #4531 ) ;
#780 = CARTESIAN_POINT ( 'NONE',  ( -0.08300526979753000689, -1.573236784856999915, -12.03636363634999995 ) ) ;
#781 = CARTESIAN_POINT ( 'NONE',  ( 1.399999999999999911, -0.1107729519210000069, -7.052508558205000000 ) ) ;
#782 = CARTESIAN_POINT ( 'NONE',  ( -1.399999997962577014, 3.991219247462263198E-15, -4.796212109399639267 ) ) ;
#783 = CARTESIAN_POINT ( 'NONE',  ( -1.038451991350000103, 0.9468963557110000595, -9.355046158462000605 ) ) ;
#784 = CARTESIAN_POINT ( 'NONE',  ( 1.399999999999999911, 0.000000000000000000, -12.40000000000000036 ) ) ;
#785 = CARTESIAN_POINT ( 'NONE',  ( -1.574999999999999956, 1.141848099093000002, -4.482692307691999112 ) ) ;
#786 = CARTESIAN_POINT ( 'NONE',  ( -0.6370786358950000228, 1.152920986170000051, -11.83949548686999975 ) ) ;
#787 = CARTESIAN_POINT ( 'NONE',  ( 2.562725153493000008, 0.8011194905299999780, -8.861538461510001241 ) ) ;
#788 = CARTESIAN_POINT ( 'NONE',  ( 0.4985409967989999913, 1.315408978377999860, -5.657640502837999463 ) ) ;
#789 = ORIENTED_EDGE ( 'NONE', *, *, #1445, .F. ) ;
#790 = CARTESIAN_POINT ( 'NONE',  ( 1.065793124826999838, -0.9229094262969999019, -7.810537054545999780 ) ) ;
#791 = CARTESIAN_POINT ( 'NONE',  ( -0.07326280751887000176, -1.401792877339999910, -3.382945799189999825 ) ) ;
#792 = CARTESIAN_POINT ( 'NONE',  ( 1.399999999999999911, -2.641105195205000040E-17, -5.253787892815999783 ) ) ;
#793 = ORIENTED_EDGE ( 'NONE', *, *, #13, .F. ) ;
#794 = CARTESIAN_POINT ( 'NONE',  ( 1.390343777865999941, -0.2152981380879999962, -8.266025429669998204 ) ) ;
#795 = CARTESIAN_POINT ( 'NONE',  ( -1.574999999999999956, -1.141848099093000002, -4.817307692307999822 ) ) ;
#796 = CARTESIAN_POINT ( 'NONE',  ( -0.6857917755359999035, 1.226336540839999989, -10.88061725762000087 ) ) ;
#797 = CARTESIAN_POINT ( 'NONE',  ( -1.399998482986655413, 0.002133315171247337268, -3.796333056557103625 ) ) ;
#798 = CARTESIAN_POINT ( 'NONE',  ( -1.389409041316000071, -0.1809424000519999909, -7.785905307225999827 ) ) ;
#799 = FACE_OUTER_BOUND ( 'NONE', #5073, .T. ) ;
#800 = VERTEX_POINT ( 'NONE', #1223 ) ;
#801 = CARTESIAN_POINT ( 'NONE',  ( -1.098764055829999808, 0.8716818036679999659, -6.557158839310999632 ) ) ;
#802 = VECTOR ( 'NONE', #661, 1000.000000000000000 ) ;
#803 = CARTESIAN_POINT ( 'NONE',  ( -1.369601729392148526, -0.3105029348965762104, -8.986046803823068529 ) ) ;
#804 = CARTESIAN_POINT ( 'NONE',  ( -1.302052960922000180, 0.5331590755310000596, -5.327126467658000131 ) ) ;
#805 = CARTESIAN_POINT ( 'NONE',  ( 0.3862617159900000319, 1.347961312619999852, -4.150989797647000046 ) ) ;
#806 = EDGE_CURVE ( 'NONE', #5577, #2846, #5877, .T. ) ;
#807 = AXIS2_PLACEMENT_3D ( 'NONE', #818, #3196, #940 ) ;
#808 = CARTESIAN_POINT ( 'NONE',  ( -0.8606645589059999102, 1.107566177501000171, -4.576214480513000282 ) ) ;
#809 = CARTESIAN_POINT ( 'NONE',  ( 0.6928777869499999076, -1.222122124674999810, -7.130151326720999272 ) ) ;
#810 = CARTESIAN_POINT ( 'NONE',  ( 1.399999999999999911, 2.400307726328999650E-15, -9.753787892815999783 ) ) ;
#811 = CARTESIAN_POINT ( 'NONE',  ( 1.399999999999999911, -3.429011037612999484E-16, -9.546211815708000259 ) ) ;
#812 = CARTESIAN_POINT ( 'NONE',  ( 1.399999999999999911, -3.429011037612999484E-16, -5.046211815708000259 ) ) ;
#813 = CARTESIAN_POINT ( 'NONE',  ( 1.075240473600000080, -2.442490654175000051E-15, -2.399999999999999911 ) ) ;
#814 = PLANE ( 'NONE',  #506 ) ;
#815 = CARTESIAN_POINT ( 'NONE',  ( -0.9185836334830000949, 1.017289231039999908, -11.58811914432000023 ) ) ;
#816 = CARTESIAN_POINT ( 'NONE',  ( 1.065713738979999770, -0.9230047945649999530, -9.310544040743000238 ) ) ;
#817 = CARTESIAN_POINT ( 'NONE',  ( 0.7847827440789999498, -1.163336608005999917, -4.831562196521000274 ) ) ;
#818 = CARTESIAN_POINT ( 'NONE',  ( 4.163336342343999394E-15, 0.000000000000000000, -5.000000000000000000 ) ) ;
#819 = VERTEX_POINT ( 'NONE', #1192 ) ;
#820 = FACE_OUTER_BOUND ( 'NONE', #2003, .T. ) ;
#821 = CARTESIAN_POINT ( 'NONE',  ( -1.337154368406000104, 0.4419768716490000138, -10.82161343717000079 ) ) ;
#822 = FACE_OUTER_BOUND ( 'NONE', #3407, .T. ) ;
#823 = CARTESIAN_POINT ( 'NONE',  ( 1.303158671138000102, -0.5304594600469998422, -3.784536614197000048 ) ) ;
#824 = VECTOR ( 'NONE', #3032, 1000.000000000000000 ) ;
#825 = EDGE_CURVE ( 'NONE', #4149, #2653, #5286, .T. ) ;
#826 = CARTESIAN_POINT ( 'NONE',  ( -1.255528436269000236, -0.6311592689430000069, -9.259128455628999887 ) ) ;
#827 = ADVANCED_FACE ( 'NONE', ( #4114 ), #856, .T. ) ;
#828 = ORIENTED_EDGE ( 'NONE', *, *, #10, .F. ) ;
#829 = CARTESIAN_POINT ( 'NONE',  ( -1.439812932702999815, -0.4206408430269999998, -0.2303039929150000054 ) ) ;
#830 = APPROVAL_PERSON_ORGANIZATION ( #232, #4410, #5776 ) ;
#831 = ORIENTED_EDGE ( 'NONE', *, *, #2345, .T. ) ;
#832 = CARTESIAN_POINT ( 'NONE',  ( -1.060677411625999822, 0.9176464903650000116, -5.060544323192999627 ) ) ;
#833 = CARTESIAN_POINT ( 'NONE',  ( -1.248434885021999952, -0.6452008117529999254, -8.965809776705999212 ) ) ;
#834 = B_SPLINE_CURVE_WITH_KNOTS ( 'NONE', 7,
 ( #1978, #2073, #2563, #187, #5275, #4914, #2468, #3021, #1614, #4330, #3478, #4786, #1549, #124, #5242, #5733, #3412, #5372, #2435, #154, #220, #611, #4423, #1128, #5308, #3895, #2105, #3832, #2008, #1098, #4293, #2530 ),
 .UNSPECIFIED., .F., .F.,
 ( 8, 6, 6, 6, 6, 8 ),
 ( 0.000000000000000000, 0.09868087326921000380, 0.2049639582919999814, 0.2608061665870000101, 0.4047868391670000343, 0.4999923964392222198 ),
 .UNSPECIFIED. ) ;
#835 = CARTESIAN_POINT ( 'NONE',  ( 0.08537785754339000110, 1.401375187613000062, -5.426067232939999485 ) ) ;
#836 = CARTESIAN_POINT ( 'NONE',  ( 0.5944796744729999860, 1.270890698851999900, -4.163608328082999854 ) ) ;
#837 = CARTESIAN_POINT ( 'NONE',  ( 1.342832819167000036, 0.4286609505639999984, -6.521622601061999980 ) ) ;
#838 = CARTESIAN_POINT ( 'NONE',  ( 1.129463257945000132, 0.8290956441999999260, -4.703397129709999902 ) ) ;
#839 = CARTESIAN_POINT ( 'NONE',  ( -1.224051143068000114, -0.6887724682079999772, -6.963016180964999968 ) ) ;
#840 = CARTESIAN_POINT ( 'NONE',  ( 1.159052140982999912, -0.7880486373949999734, -4.593730582479000013 ) ) ;
#841 = CARTESIAN_POINT ( 'NONE',  ( -1.296279354712999821, 0.5471508256360000377, -9.327985888869999798 ) ) ;
#842 = CARTESIAN_POINT ( 'NONE',  ( -0.06598281590893000093, -1.403938358006000087, -5.174969836037999649 ) ) ;
#843 = CARTESIAN_POINT ( 'NONE',  ( 1.337679787042999724, -2.765673762762999921, -3.496153846162999734 ) ) ;
#844 = FACE_OUTER_BOUND ( 'NONE', #1123, .T. ) ;
#845 = CARTESIAN_POINT ( 'NONE',  ( -0.7275455467070000015, 1.155829299127000054, -11.60326952783000110 ) ) ;
#846 = CARTESIAN_POINT ( 'NONE',  ( 0.7846388446850000031, -1.163433669086000100, -9.331572038936000624 ) ) ;
#847 = CARTESIAN_POINT ( 'NONE',  ( 0.8399214719630000436, -1.123486173016000178, -4.827705274594999096 ) ) ;
#848 = DIRECTION ( 'NONE',  ( 1.000000000000000000, 0.000000000000000000, 0.000000000000000000 ) ) ;
#849 = CARTESIAN_POINT ( 'NONE',  ( -0.5259785675399999416, 1.312534176088999915, -9.098494350624001470 ) ) ;
#850 = B_SPLINE_CURVE_WITH_KNOTS ( 'NONE', 8,
 ( #5990, #2236, #408, #3694, #837, #1346, #5131, #4216, #4612, #1773, #5530, #1431, #4094, #5012, #2357, #439, #3661, #5559, #1806, #378, #4185, #5959, #46, #4155, #2266, #3210, #14, #5592, #5071, #1865, #6021, #1404, #1896, #4641, #4122, #3723, #2298, #894, #955, #2819, #3631, #2754, #3271, #1835 ),
 .UNSPECIFIED., .F., .F.,
 ( 9, 7, 7, 7, 7, 7, 9 ),
 ( 0.000000000000000000, 0.1348764724719999919, 0.3076465994310000340, 0.4363521564960000099, 0.6107030012249999862, 0.6373564088760000912, 0.6515950066096792836 ),
 .UNSPECIFIED. ) ;
#851 = EDGE_LOOP ( 'NONE', ( #410, #2889, #2552, #3866 ) ) ;
#852 = CARTESIAN_POINT ( 'NONE',  ( 1.371028821022000077, -0.3219050036239999857, -8.272143412367000792 ) ) ;
#853 = CARTESIAN_POINT ( 'NONE',  ( 1.399999999999999911, -3.429011037612999484E-16, -7.253788184291999563 ) ) ;
#854 = CARTESIAN_POINT ( 'NONE',  ( -1.274913106392999929, 0.5894973037470000454, -4.830672981243999686 ) ) ;
#855 = CARTESIAN_POINT ( 'NONE',  ( -0.3883206852910000562, -1.354324338386999838, -3.901044325208999908 ) ) ;
#856 = CYLINDRICAL_SURFACE ( 'NONE', #2651, 1.399999999999999911 ) ;
#857 = VERTEX_POINT ( 'NONE', #2715 ) ;
#858 = CARTESIAN_POINT ( 'NONE',  ( -1.399997584083626068, 0.002637770403413605257, -9.503938115924519536 ) ) ;
#859 = CARTESIAN_POINT ( 'NONE',  ( -0.1001113301810000050, -1.402283736168999928, -9.884436890653001129 ) ) ;
#860 = CARTESIAN_POINT ( 'NONE',  ( 1.044299740178999958, 0.9483559778229999626, -6.695125001000000076 ) ) ;
#861 = CARTESIAN_POINT ( 'NONE',  ( 0.6191024886079999900, -1.268251019741999830, -8.842656255259001341 ) ) ;
#862 = CARTESIAN_POINT ( 'NONE',  ( -1.389778347738999997, 0.2193553401590000174, -5.308681261791999617 ) ) ;
#863 = CARTESIAN_POINT ( 'NONE',  ( -0.4796273512959999819, 1.317027835445000017, -4.100997745654999527 ) ) ;
#864 = CARTESIAN_POINT ( 'NONE',  ( 1.080521450683000095, 0.5545100920429999469, -12.30127412890000116 ) ) ;
#865 = CARTESIAN_POINT ( 'NONE',  ( -0.5236200986979999694, 1.313711156775000166, -4.598642981149000164 ) ) ;
#866 = CARTESIAN_POINT ( 'NONE',  ( 1.129203348260999995, -0.8358002552750000147, -7.096932647267999883 ) ) ;
#867 = CARTESIAN_POINT ( 'NONE',  ( -0.08929210870529999400, -1.401986486583000069, -4.676290277486000235 ) ) ;
#868 = CARTESIAN_POINT ( 'NONE',  ( -1.399999999693450459, 7.157851920772465015E-14, -9.296212104971328216 ) ) ;
#869 = CARTESIAN_POINT ( 'NONE',  ( -1.267512796928180752, -0.6167374361370449032, -5.260194509454105827 ) ) ;
#870 = CARTESIAN_POINT ( 'NONE',  ( -0.7607984106070000418, -1.816692929058000061, -2.573076923079000267 ) ) ;
#871 = CARTESIAN_POINT ( 'NONE',  ( -0.8536453782414530345, 1.113380417811150602, -2.576728264592502704 ) ) ;
#872 = CARTESIAN_POINT ( 'NONE',  ( -1.077962956439000086, 0.8434358682879999902, -11.57298693676999868 ) ) ;
#873 = CARTESIAN_POINT ( 'NONE',  ( -1.163918966220000017, 0.7808939881990000220, -11.34323937004999827 ) ) ;
#874 = CARTESIAN_POINT ( 'NONE',  ( -1.319951299269892520, -0.5001753356427374175, -3.474972759786660870 ) ) ;
#875 = CARTESIAN_POINT ( 'NONE',  ( 2.562725153498000008, -0.8011194905310000669, -3.438461538452999733 ) ) ;
#876 = CARTESIAN_POINT ( 'NONE',  ( -0.9286569028730000674, 1.053589566676000233, -9.071292430889000613 ) ) ;
#877 = EDGE_CURVE ( 'NONE', #424, #3964, #1137, .T. ) ;
#878 = ORIENTED_EDGE ( 'NONE', *, *, #3249, .T. ) ;
#879 = CARTESIAN_POINT ( 'NONE',  ( 1.075240473600000080, -0.6141759223099999554, -11.44545454544999963 ) ) ;
#880 = DIRECTION ( 'NONE',  ( 1.000000000000000000, 0.000000000000000000, 0.000000000000000000 ) ) ;
#881 = CARTESIAN_POINT ( 'NONE',  ( 1.126009082549000118, -0.8353411073349999993, -2.804582518951000303 ) ) ;
#882 = CARTESIAN_POINT ( 'NONE',  ( -1.379617297918999785, 0.2537265305450000508, -4.810693282210000810 ) ) ;
#883 = CARTESIAN_POINT ( 'NONE',  ( -1.200139138546000073, -0.7392129654360000135, -7.752262212628000526 ) ) ;
#884 = CARTESIAN_POINT ( 'NONE',  ( 0.3859288597919999786, -1.355980833734000246, -5.856699969732000355 ) ) ;
#885 = ORIENTED_EDGE ( 'NONE', *, *, #3639, .F. ) ;
#886 = CARTESIAN_POINT ( 'NONE',  ( -0.5026754484840000314, 1.319254261640000037, -9.599808055151999753 ) ) ;
#887 = CARTESIAN_POINT ( 'NONE',  ( 1.002940686880999799, -0.9891668460689998499, -9.815744377837999579 ) ) ;
#888 = CARTESIAN_POINT ( 'NONE',  ( -1.389771088190999926, 0.2193975062119999930, -9.808683679877999495 ) ) ;
#889 = CARTESIAN_POINT ( 'NONE',  ( 1.123818608752999992, -0.8382417346489999810, -8.804788783754998960 ) ) ;
#890 = CARTESIAN_POINT ( 'NONE',  ( 0.1469332088539999914, -1.397839023979000173, -6.162898983362000038 ) ) ;
#891 = CARTESIAN_POINT ( 'NONE',  ( 0.000000000000000000, 0.000000000000000000, -12.40000000000000036 ) ) ;
#892 = AXIS2_PLACEMENT_3D ( 'NONE', #1662, #3039, #4993 ) ;
#893 = ADVANCED_FACE ( 'NONE', ( #1996 ), #4971, .F. ) ;
#894 = CARTESIAN_POINT ( 'NONE',  ( -1.393822705612536961, 0.1346244235437975001, -6.303874753281822230 ) ) ;
#895 = CARTESIAN_POINT ( 'NONE',  ( 1.364766551011000084, 0.3547444396359999974, -4.733545233420000997 ) ) ;
#896 = AXIS2_PLACEMENT_3D ( 'NONE', #4202, #145, #1392 ) ;
#897 = ORIENTED_EDGE ( 'NONE', *, *, #4769, .T. ) ;
#898 = CARTESIAN_POINT ( 'NONE',  ( 1.302589166438999913, -0.5319661575759999650, -6.784627573707999737 ) ) ;
#899 = CARTESIAN_POINT ( 'NONE',  ( -1.399999998000033496, 0.02413923439934308884, -7.797584221078759370 ) ) ;
#900 = CARTESIAN_POINT ( 'NONE',  ( 1.278820987335999915, -0.5909593258129999249, -5.080641148381999983 ) ) ;
#901 = CARTESIAN_POINT ( 'NONE',  ( 0.6780876855060000707, 2.283193464108999926, -5.059615384612000000 ) ) ;
#902 = CIRCLE ( 'NONE', #2450, 1.500000000000000000 ) ;
#903 = ADVANCED_FACE ( 'NONE', ( #174 ), #2027, .T. ) ;
#904 = CARTESIAN_POINT ( 'NONE',  ( -0.5883048430749999724, 1.300278858260000003, -7.387373782276999812 ) ) ;
#905 = EDGE_CURVE ( 'NONE', #4823, #2124, #1438, .T. ) ;
#906 = CARTESIAN_POINT ( 'NONE',  ( 1.308827892769000023, 0.2373531396230000035, -11.77492634926000115 ) ) ;
#907 = CARTESIAN_POINT ( 'NONE',  ( -1.389769874821000117, 0.2194045529469999811, -11.30868408398000113 ) ) ;
#908 = CARTESIAN_POINT ( 'NONE',  ( 0.6072678296680000809, -1.263261836367999935, -3.343125612105999789 ) ) ;
#909 = AXIS2_PLACEMENT_3D ( 'NONE', #4566, #4082, #2195 ) ;
#910 = CARTESIAN_POINT ( 'NONE',  ( -1.285168462054000038, -0.5754236853549999919, -5.762726829826000596 ) ) ;
#911 = CARTESIAN_POINT ( 'NONE',  ( 0.07989878307359001008, 1.406061364569999972, -9.133268333821000340 ) ) ;
#912 = VERTEX_POINT ( 'NONE', #4078 ) ;
#913 = CARTESIAN_POINT ( 'NONE',  ( -1.503821374738000038, 2.019265272014000079, -11.49318181816999918 ) ) ;
#914 = CARTESIAN_POINT ( 'NONE',  ( -0.5302106732439999526, -1.304344874836000034, -8.409515116409000512 ) ) ;
#915 = CARTESIAN_POINT ( 'NONE',  ( -0.6100643766440000393, -1.269010434202000104, -2.914417949335999847 ) ) ;
#916 = CARTESIAN_POINT ( 'NONE',  ( 0.8609172220299999845, 1.110699809695999907, -8.181279707758999820 ) ) ;
#917 = ADVANCED_FACE ( 'NONE', ( #1753 ), #1300, .T. ) ;
#918 = CARTESIAN_POINT ( 'NONE',  ( -0.6432493890579999984, -1.253166948171999806, -9.208911836747999402 ) ) ;
#919 = ORIENTED_EDGE ( 'NONE', *, *, #1641, .T. ) ;
#920 = CARTESIAN_POINT ( 'NONE',  ( -1.399999999983609467, 0.0004396295372582334276, -9.503813172950232868 ) ) ;
#921 = CARTESIAN_POINT ( 'NONE',  ( 1.341169506141000056, -0.4301484919549999897, -9.778479074817999717 ) ) ;
#922 = CARTESIAN_POINT ( 'NONE',  ( -1.399999838878360547, 0.0008793915617178534212, -9.796261782611381363 ) ) ;
#923 = CARTESIAN_POINT ( 'NONE',  ( -1.399758310167999786, 0.1112494428859999995, -11.01011164740000048 ) ) ;
#924 = CARTESIAN_POINT ( 'NONE',  ( 0.5378462312939998879, -1.305297822982999900, -6.140081607542999365 ) ) ;
#925 = CARTESIAN_POINT ( 'NONE',  ( -1.399999999999999911, 1.714505518806294391E-16, -12.40000000000000036 ) ) ;
#926 = CARTESIAN_POINT ( 'NONE',  ( 0.000000000000000000, 0.000000000000000000, -12.40000000000000036 ) ) ;
#927 = APPROVAL_DATE_TIME ( #1775, #2216 ) ;
#928 = FACE_OUTER_BOUND ( 'NONE', #209, .T. ) ;
#929 = EDGE_LOOP ( 'NONE', ( #5899, #5094, #996, #2033 ) ) ;
#930 = CARTESIAN_POINT ( 'NONE',  ( 1.374275500851000142, 0.2091760411170000000, -11.52249761498999980 ) ) ;
#931 = CARTESIAN_POINT ( 'NONE',  ( 0.4629252851460000096, -1.558718743918000138, -4.015384615385999112 ) ) ;
#932 = CARTESIAN_POINT ( 'NONE',  ( -2.101570034747999905E-15, 0.000000000000000000, -0.2303039929150000054 ) ) ;
#933 = CARTESIAN_POINT ( 'NONE',  ( -1.574999999999999956, -1.141848099093000002, -6.317307692308000711 ) ) ;
#934 = CARTESIAN_POINT ( 'NONE',  ( 1.399999999999999911, -3.429011037612999484E-16, -2.399999999999999911 ) ) ;
#935 = CARTESIAN_POINT ( 'NONE',  ( -0.4012463061679999998, 1.364792927170999981, -7.398387641671000381 ) ) ;
#936 = CARTESIAN_POINT ( 'NONE',  ( -3.086771334362999664, -1.478060008331000041, -10.35576923077000089 ) ) ;
#937 = CARTESIAN_POINT ( 'NONE',  ( -1.399999513942217888, 0.001322793885213256705, -11.29628698591319846 ) ) ;
#938 = LINE ( 'NONE', #3336, #5280 ) ;
#939 = CARTESIAN_POINT ( 'NONE',  ( -1.399999999941182960, -0.0009109307304211941309, -5.796160038164346773 ) ) ;
#940 = DIRECTION ( 'NONE',  ( 1.000000000000000000, 0.000000000000000000, 0.000000000000000000 ) ) ;
#941 = EDGE_CURVE ( 'NONE', #4670, #4838, #2067, .T. ) ;
#942 = ORIENTED_EDGE ( 'NONE', *, *, #4296, .F. ) ;
#943 = CARTESIAN_POINT ( 'NONE',  ( -0.3898228917360000434, -1.357579253386999918, -4.401031163671000002 ) ) ;
#944 = FACE_OUTER_BOUND ( 'NONE', #3140, .T. ) ;
#945 = CARTESIAN_POINT ( 'NONE',  ( 1.305658006070000043, -0.4602628254259999996, -11.55821485179999897 ) ) ;
#946 = CARTESIAN_POINT ( 'NONE',  ( -1.399526402507796696, 0.04767877006016705416, -4.798922266654370716 ) ) ;
#947 = DIRECTION ( 'NONE',  ( 0.000000000000000000, 0.000000000000000000, 1.000000000000000000 ) ) ;
#948 = EDGE_LOOP ( 'NONE', ( #4544, #5770, #3716, #2260, #4323 ) ) ;
#949 = CARTESIAN_POINT ( 'NONE',  ( -1.399999999977357135, 3.346527872694169282E-10, -9.503788184317050636 ) ) ;
#950 = CARTESIAN_POINT ( 'NONE',  ( -0.6819210950390000026, -1.243341832660999957, -9.918723021024000275 ) ) ;
#951 = CARTESIAN_POINT ( 'NONE',  ( -1.302041480073999891, 0.5331855392260000936, -9.827128100386000042 ) ) ;
#952 = CARTESIAN_POINT ( 'NONE',  ( -1.399999995562203781, -3.899973108738579060E-08, -10.29621181188288404 ) ) ;
#953 = LINE ( 'NONE', #4666, #2935 ) ;
#954 = CARTESIAN_POINT ( 'NONE',  ( 0.6032831737349999557, 0.6032831737349999557, -0.4196563988270000101 ) ) ;
#955 = CARTESIAN_POINT ( 'NONE',  ( -1.395880669462646440, 0.1122458298546065020, -6.302597586325378920 ) ) ;
#956 = DIRECTION ( 'NONE',  ( 0.000000000000000000, 0.000000000000000000, 1.000000000000000000 ) ) ;
#957 = EDGE_LOOP ( 'NONE', ( #897, #5695, #4806, #1919, #3120, #4124, #599, #3442, #2813 ) ) ;
#958 = CARTESIAN_POINT ( 'NONE',  ( 1.574999999999999956, 1.141848099093000002, -8.117307692309001510 ) ) ;
#959 = CARTESIAN_POINT ( 'NONE',  ( -1.399338560533932352, -0.04600198465115620805, -10.29359675805455510 ) ) ;
#960 = CARTESIAN_POINT ( 'NONE',  ( 2.562725153494999741, 0.8011194905279999112, -5.861538461524999910 ) ) ;
#961 = CARTESIAN_POINT ( 'NONE',  ( 0.5279231393559999930, 1.307965295949000017, -9.659294897465001029 ) ) ;
#962 = CARTESIAN_POINT ( 'NONE',  ( 1.399999999999999911, -3.429011037612999484E-16, -12.40000000000000036 ) ) ;
#963 = CARTESIAN_POINT ( 'NONE',  ( 1.075240473600000080, 0.7795309783160000450, -11.34230769230000035 ) ) ;
#964 = CARTESIAN_POINT ( 'NONE',  ( -0.7607984106090001086, 1.816692929059999795, -11.22692307692999947 ) ) ;
#965 = CARTESIAN_POINT ( 'NONE',  ( 1.399999999999999911, 0.000000000000000000, -12.40000000000000036 ) ) ;
#966 = CARTESIAN_POINT ( 'NONE',  ( 1.250672067013000044, -0.6387082450599999017, -4.083774771044999419 ) ) ;
#967 = CARTESIAN_POINT ( 'NONE',  ( -0.2253403318520000032, 1.383693684884999886, -8.908368987071998646 ) ) ;
#968 = VERTEX_POINT ( 'NONE', #2052 ) ;
#969 = CARTESIAN_POINT ( 'NONE',  ( -0.9457050115487647401, -1.034637456662384380, -11.44161289962269556 ) ) ;
#970 = LINE ( 'NONE', #4232, #4892 ) ;
#971 = DIRECTION ( 'NONE',  ( 0.000000000000000000, 0.000000000000000000, 1.000000000000000000 ) ) ;
#972 = CARTESIAN_POINT ( 'NONE',  ( 1.230931472944000182, -0.6771762648419998865, -10.58621851786000079 ) ) ;
#973 = EDGE_LOOP ( 'NONE', ( #5983, #2320, #2347, #3687 ) ) ;
#974 = CARTESIAN_POINT ( 'NONE',  ( -2.534454738844999611, -0.8327467029100000806, -12.35227272725999903 ) ) ;
#975 = CARTESIAN_POINT ( 'NONE',  ( -1.399952671472566301, -0.01507184605673929714, -10.00293150763236305 ) ) ;
#976 = LINE ( 'NONE', #5620, #2660 ) ;
#977 = CARTESIAN_POINT ( 'NONE',  ( 0.006384003328998999992, 1.406239159032999897, -11.12916960836999891 ) ) ;
#978 = CARTESIAN_POINT ( 'NONE',  ( -0.1036421690309999866, -1.408152794222000015, -6.177073750783001138 ) ) ;
#979 = CARTESIAN_POINT ( 'NONE',  ( -1.259964995242942809, -3.287894764187151465E-08, -12.06683335374577126 ) ) ;
#980 = CARTESIAN_POINT ( 'NONE',  ( 1.111840173886999850, 0.8524038636880000297, -10.20173784620999946 ) ) ;
#981 = ORIENTED_EDGE ( 'NONE', *, *, #2356, .T. ) ;
#982 = CARTESIAN_POINT ( 'NONE',  ( -1.075240473600000080, 0.7795309783160000450, -7.707692307690999556 ) ) ;
#983 = CARTESIAN_POINT ( 'NONE',  ( 0.000000000000000000, 0.000000000000000000, -2.399999999999999911 ) ) ;
#984 = CARTESIAN_POINT ( 'NONE',  ( 1.114408847258000046, -2.661071112481999901, -6.201923076923001155 ) ) ;
#985 = ADVANCED_FACE ( 'NONE', ( #4343 ), #2087, .T. ) ;
#986 = CARTESIAN_POINT ( 'NONE',  ( 1.349695644476999856, 0.3852875532380000134, -9.731662445203999923 ) ) ;
#987 = CARTESIAN_POINT ( 'NONE',  ( -0.09080678538502150177, 1.400032129813692405, -2.623624306257275940 ) ) ;
#988 = AXIS2_PLACEMENT_3D ( 'NONE', #5752, #1569, #1115 ) ;
#989 = CARTESIAN_POINT ( 'NONE',  ( 1.574999999999999956, 2.191314920105999798E-14, -11.62500000000000000 ) ) ;
#990 = CARTESIAN_POINT ( 'NONE',  ( -2.562725153500000186, -0.8011194905290000001, -11.11153846158000036 ) ) ;
#991 = CARTESIAN_POINT ( 'NONE',  ( -0.8855007854190000138, -1.097842179000000140, -6.432794325901999954 ) ) ;
#992 = AXIS2_PLACEMENT_3D ( 'NONE', #2431, #3828, #5701 ) ;
#993 = CARTESIAN_POINT ( 'NONE',  ( -1.052138423103000209, -0.9370357346710000979, -4.238273034572999975 ) ) ;
#994 = CARTESIAN_POINT ( 'NONE',  ( -0.2811348159150000026, 1.372658269364999795, -8.905139617229000493 ) ) ;
#995 = VECTOR ( 'NONE', #5714, 1000.000000000000000 ) ;
#996 = ORIENTED_EDGE ( 'NONE', *, *, #2798, .T. ) ;
#997 = CARTESIAN_POINT ( 'NONE',  ( -1.169345814774000125, -0.7512193746040001230, -11.46444352585999837 ) ) ;
#998 = CARTESIAN_POINT ( 'NONE',  ( 1.075240473600000080, 7.900738825847999130E-16, -3.899999999999999911 ) ) ;
#999 = CARTESIAN_POINT ( 'NONE',  ( 0.4781319633359999988, -1.322894206496000091, -2.851175692148999907 ) ) ;
#1000 = CARTESIAN_POINT ( 'NONE',  ( -1.386621270950606055, -0.2534321641038277395, -9.781806465766688774 ) ) ;
#1001 = ORIENTED_EDGE ( 'NONE', *, *, #2798, .F. ) ;
#1002 = CARTESIAN_POINT ( 'NONE',  ( -0.08300526979747999134, 1.573236784858000004, -11.76363636363999987 ) ) ;
#1003 = CARTESIAN_POINT ( 'NONE',  ( 0.6284330408289999781, 1.259964596438999829, -7.665599703201000814 ) ) ;
#1004 = CARTESIAN_POINT ( 'NONE',  ( 1.399999999999999911, 2.400307726328999650E-15, -10.04621210718000057 ) ) ;
#1005 = CARTESIAN_POINT ( 'NONE',  ( -1.367797621804033525, 0.3392561323878791613, -10.31556428529742142 ) ) ;
#1006 = EDGE_CURVE ( 'NONE', #424, #280, #3909, .T. ) ;
#1007 = CARTESIAN_POINT ( 'NONE',  ( 1.348483177340000116, -0.4072534982850000151, -6.069551290537000376 ) ) ;
#1008 = EDGE_CURVE ( 'NONE', #2966, #247, #627, .T. ) ;
#1009 = CARTESIAN_POINT ( 'NONE',  ( 0.4191791693940000174, -1.229000779584000114, -11.89989830342000054 ) ) ;
#1010 = CARTESIAN_POINT ( 'NONE',  ( -2.799999999999999822, 3.429011037612588783E-16, -2.399999999999999911 ) ) ;
#1011 = VERTEX_POINT ( 'NONE', #3464 ) ;
#1012 = CARTESIAN_POINT ( 'NONE',  ( -1.959418117454000186, -4.051127429910000188, -7.828846153789000617 ) ) ;
#1013 = CARTESIAN_POINT ( 'NONE',  ( -0.8837500338199999472, -1.089750018944999788, -11.22543863059999936 ) ) ;
#1014 = CARTESIAN_POINT ( 'NONE',  ( -0.6780876855060000707, 2.283193464110000015, -6.490384615388999912 ) ) ;
#1015 = CARTESIAN_POINT ( 'NONE',  ( 0.2723003096959999980, 1.386123051013000040, -9.644232747183998811 ) ) ;
#1016 = AXIS2_PLACEMENT_3D ( 'NONE', #2934, #619, #5739 ) ;
#1017 = CARTESIAN_POINT ( 'NONE',  ( 1.252273412740000147, -0.6354590032950000467, -8.583569746363998831 ) ) ;
#1018 = CARTESIAN_POINT ( 'NONE',  ( -3.086771334363999753, 1.478060008329999953, -11.39423076922000000 ) ) ;
#1019 = CARTESIAN_POINT ( 'NONE',  ( -0.6780876855060000707, -2.283193464108999926, -10.30961538460999982 ) ) ;
#1020 = CARTESIAN_POINT ( 'NONE',  ( 0.2865688804170000159, -1.373722819861999955, -6.362419238253999687 ) ) ;
#1021 = CARTESIAN_POINT ( 'NONE',  ( 1.055128485827000029, -0.9328822453199999698, -5.603839968902999402 ) ) ;
#1022 = FACE_OUTER_BOUND ( 'NONE', #191, .T. ) ;
#1023 = CARTESIAN_POINT ( 'NONE',  ( -1.399999998171740589, -0.1267037115542611891, -10.99658631382138907 ) ) ;
#1024 = ORIENTED_EDGE ( 'NONE', *, *, #5050, .T. ) ;
#1025 = CARTESIAN_POINT ( 'NONE',  ( 1.574999999999999956, 8.768363676546999312E-15, -12.17500000000000071 ) ) ;
#1026 = CARTESIAN_POINT ( 'NONE',  ( -1.337679787042999724, -2.765673762766000188, -3.553846153838999822 ) ) ;
#1027 = CARTESIAN_POINT ( 'NONE',  ( 1.399999999999999911, 2.914659381971000159E-15, -11.25378789281000103 ) ) ;
#1028 = CARTESIAN_POINT ( 'NONE',  ( 0.4074999999999999734, -1.500000000000000000, -2.030303992914999967 ) ) ;
#1029 = ORIENTED_EDGE ( 'NONE', *, *, #1081, .T. ) ;
#1030 = CARTESIAN_POINT ( 'NONE',  ( -1.026647369640000029, -1.378536982480000006, -12.08181818183000011 ) ) ;
#1031 = CARTESIAN_POINT ( 'NONE',  ( -1.399957859393728299, 0.01124366450914552305, -7.504426998876563282 ) ) ;
#1032 = CARTESIAN_POINT ( 'NONE',  ( 1.363317352076000022, -0.3619073360099999692, -3.566866709971000304 ) ) ;
#1033 = CARTESIAN_POINT ( 'NONE',  ( 1.075240473600000080, 7.900738825847999130E-16, -3.899999999999999911 ) ) ;
#1034 = CARTESIAN_POINT ( 'NONE',  ( 1.191418547117000015, 0.7519335884619999799, -11.20896775239999954 ) ) ;
#1035 = CARTESIAN_POINT ( 'NONE',  ( 0.7607984106070000418, -1.816692929058999928, -2.976923076918000177 ) ) ;
#1036 = CARTESIAN_POINT ( 'NONE',  ( 1.134453830717000011, -0.6615786459519999996, -11.83710033870999823 ) ) ;
#1037 = CARTESIAN_POINT ( 'NONE',  ( -0.5648829949659999183, 1.311201792179000014, -10.09638758698999972 ) ) ;
#1038 = ORIENTED_EDGE ( 'NONE', *, *, #2593, .T. ) ;
#1039 = CARTESIAN_POINT ( 'NONE',  ( 1.574999999999999956, -1.141848099093000002, -6.732692307693000089 ) ) ;
#1040 = CARTESIAN_POINT ( 'NONE',  ( 1.399999999999999911, -3.429011037612999484E-16, -11.04621181569999955 ) ) ;
#1041 = CARTESIAN_POINT ( 'NONE',  ( -1.399999999999999911, 1.714505518806294391E-16, -12.40000000000000036 ) ) ;
#1042 = CARTESIAN_POINT ( 'NONE',  ( -1.359847732818115995, -0.3784875597011571613, -8.274601561620103851 ) ) ;
#1043 = CARTESIAN_POINT ( 'NONE',  ( -1.390837185000841858, 0.1842030531726037423, -2.514259131618165721 ) ) ;
#1044 = CARTESIAN_POINT ( 'NONE',  ( -1.959418117455000274, 4.051127429909000099, -10.47115384616000000 ) ) ;
#1045 = CARTESIAN_POINT ( 'NONE',  ( 3.086771334362999664, -1.478060008326999908, -10.19423076923000160 ) ) ;
#1046 = FACE_OUTER_BOUND ( 'NONE', #5463, .T. ) ;
#1047 = CARTESIAN_POINT ( 'NONE',  ( -0.1131166628760000015, -1.400388719876999977, -4.177612498090999438 ) ) ;
#1048 = CARTESIAN_POINT ( 'NONE',  ( -1.959418117463999964, 4.051127429906999922, -7.471153846145999644 ) ) ;
#1049 = DIRECTION ( 'NONE',  ( 1.000000000000000000, 0.000000000000000000, 0.000000000000000000 ) ) ;
#1050 = CARTESIAN_POINT ( 'NONE',  ( 3.753850618407000184, -1.173470705918999935, -6.213461538445999466 ) ) ;
#1051 = ORIENTED_EDGE ( 'NONE', *, *, #1721, .F. ) ;
#1052 = CARTESIAN_POINT ( 'NONE',  ( -1.399999999977621590, 3.245765466445925786E-10, -8.003788184316698917 ) ) ;
#1053 = CARTESIAN_POINT ( 'NONE',  ( 2.562725153498000008, -0.8011194905310000669, -3.438461538452999733 ) ) ;
#1054 = CARTESIAN_POINT ( 'NONE',  ( 1.165303095424000013, -0.7920704437410001075, -11.30128836724999886 ) ) ;
#1055 = CARTESIAN_POINT ( 'NONE',  ( -0.6122509059880000271, -1.267933591721999820, -10.70697577662000022 ) ) ;
#1056 = FACE_OUTER_BOUND ( 'NONE', #5794, .T. ) ;
#1057 = ADVANCED_FACE ( 'NONE', ( #236 ), #5882, .T. ) ;
#1058 = ORIENTED_EDGE ( 'NONE', *, *, #4811, .T. ) ;
#1059 = CARTESIAN_POINT ( 'NONE',  ( 1.439812932702999815, -0.4206408430269999998, -0.2303039929150000054 ) ) ;
#1060 = DIRECTION ( 'NONE',  ( 1.000000000000000000, 0.000000000000000000, 0.000000000000000000 ) ) ;
#1061 = CARTESIAN_POINT ( 'NONE',  ( -1.386614879199577599, -0.2534927258852192056, -3.781803023421035803 ) ) ;
#1062 = CARTESIAN_POINT ( 'NONE',  ( 1.371137264396000033, 0.3213059305350000061, -4.027890967116999121 ) ) ;
#1063 = CARTESIAN_POINT ( 'NONE',  ( -2.107315219971999554, 1.009060281498000089, -6.669230769221000443 ) ) ;
#1064 = CARTESIAN_POINT ( 'NONE',  ( -1.075240473600000080, 0.7795309783160000450, -3.207692307691999645 ) ) ;
#1065 = CARTESIAN_POINT ( 'NONE',  ( -1.259536523966847010, -0.06790733087576936167, -12.06209868052339829 ) ) ;
#1066 = CYLINDRICAL_SURFACE ( 'NONE', #3831, 1.399999999999999911 ) ;
#1067 = ORIENTED_EDGE ( 'NONE', *, *, #5419, .T. ) ;
#1068 = CARTESIAN_POINT ( 'NONE',  ( 0.6780876855060000707, -2.283193464110000015, -10.24038461538000000 ) ) ;
#1069 = CARTESIAN_POINT ( 'NONE',  ( -0.7326707007989998743, 0.5750335636589999355, -0.08751284532406000682 ) ) ;
#1070 = CYLINDRICAL_SURFACE ( 'NONE', #4329, 1.399999999999999911 ) ;
#1071 = CARTESIAN_POINT ( 'NONE',  ( -1.221936583917007324, 0.6938127189132871075, -8.544866160764129859 ) ) ;
#1072 = CARTESIAN_POINT ( 'NONE',  ( -0.005916741465381999965, -1.406099259294000037, -7.379142446206000017 ) ) ;
#1073 = EDGE_CURVE ( 'NONE', #712, #4080, #4698, .T. ) ;
#1074 = CARTESIAN_POINT ( 'NONE',  ( -1.399990579612191866, -0.005490446182267248558, -8.795899736800725677 ) ) ;
#1075 = CARTESIAN_POINT ( 'NONE',  ( -1.288272755155109417, 0.5683496529537046538, -4.329259117225648268 ) ) ;
#1076 = CARTESIAN_POINT ( 'NONE',  ( -2.107315219970999909, 1.009060281500000045, -11.16923076918999946 ) ) ;
#1077 = CARTESIAN_POINT ( 'NONE',  ( 0.08537773880398999427, 1.401375194846999905, -6.926067226197999638 ) ) ;
#1078 = CARTESIAN_POINT ( 'NONE',  ( 0.5738674207239999880, -1.292467272198000172, -10.34553421164000042 ) ) ;
#1079 = CARTESIAN_POINT ( 'NONE',  ( 1.248442739879000118, -0.6431978510379999792, -5.584058464275999611 ) ) ;
#1080 = CARTESIAN_POINT ( 'NONE',  ( -0.05557716229507999456, 1.400820334581000193, -8.918056830581999606 ) ) ;
#1081 = EDGE_CURVE ( 'NONE', #5296, #1731, #5504, .T. ) ;
#1082 = CLOSED_SHELL ( 'NONE', ( #2536, #4515, #5220, #4322, #2093, #2867, #2655, #4206, #90, #4154, #3095, #1516, #614, #5451, #640, #4249, #3068, #985, #2423, #4176, #1966, #2171, #5615, #827, #3937, #1171, #2235, #3693, #2978, #5576, #917, #5229, #2682, #279, #2352, #5334, #77, #270, #313, #5125, #360, #4417, #379, #6028, #721, #643, #383, #1273, #1948, #5431, #4959, #5665, #5393, #432, #3406, #5865, #1200, #893, #117, #5310, #2621, #3153, #3422, #5602, #2206, #4771, #4601, #903, #1057, #3041, #3132, #3548, #1730, #1794, #3251, #5031, #1500, #3311, #4058, #2162 ) ) ;
#1083 = CARTESIAN_POINT ( 'NONE',  ( -0.7015571599400000080, 0.1531733132530000152, -5.000000000000000000 ) ) ;
#1084 = EDGE_CURVE ( 'NONE', #670, #3915, #5206, .T. ) ;
#1085 = CARTESIAN_POINT ( 'NONE',  ( 0.7607984106080000197, 1.816692929056999972, -6.323076923065999999 ) ) ;
#1086 = ORIENTED_EDGE ( 'NONE', *, *, #4696, .T. ) ;
#1087 = LINE ( 'NONE', #177, #5013 ) ;
#1088 = CARTESIAN_POINT ( 'NONE',  ( -0.6828843329160000364, -1.232102660816000173, -4.919078454933000444 ) ) ;
#1089 = CARTESIAN_POINT ( 'NONE',  ( 1.399999999999999911, -3.429011037612999484E-16, -8.046211815708000259 ) ) ;
#1090 = DIRECTION ( 'NONE',  ( 0.000000000000000000, 0.000000000000000000, 1.000000000000000000 ) ) ;
#1091 = CARTESIAN_POINT ( 'NONE',  ( -1.399999999992914468, -3.896026763036143151E-08, -2.796211813496375598 ) ) ;
#1092 = AXIS2_PLACEMENT_3D ( 'NONE', #1306, #4632, #3200 ) ;
#1093 = VERTEX_POINT ( 'NONE', #3554 ) ;
#1094 = CARTESIAN_POINT ( 'NONE',  ( -1.730252897596999961, -0.5685098153829999390, -11.62727272725999939 ) ) ;
#1095 = CARTESIAN_POINT ( 'NONE',  ( -1.051354479500000050, 0.9325263930210000440, -7.561530574690999984 ) ) ;
#1096 = CARTESIAN_POINT ( 'NONE',  ( 1.399999999998999822, -0.1211223827620000054, -3.553096442563000057 ) ) ;
#1097 = CARTESIAN_POINT ( 'NONE',  ( -1.337679787042999724, -2.765673762765000099, -5.053846153833999821 ) ) ;
#1098 = CARTESIAN_POINT ( 'NONE',  ( -1.388073115654854917, 0.2392789348907040370, -7.017389061637376635 ) ) ;
#1099 = CARTESIAN_POINT ( 'NONE',  ( 1.114408847256999957, -2.661071112482999990, -2.751923076919000177 ) ) ;
#1100 = CARTESIAN_POINT ( 'NONE',  ( -0.6312443823979999591, 1.082789439357000116, -12.15846056306000023 ) ) ;
#1101 = CARTESIAN_POINT ( 'NONE',  ( -1.574999999999999956, -1.141848099093000002, -9.317307692309000799 ) ) ;
#1102 = ORIENTED_EDGE ( 'NONE', *, *, #1805, .F. ) ;
#1103 = CARTESIAN_POINT ( 'NONE',  ( 0.5780710630899998925, -1.291532665510999989, -7.637685258093999785 ) ) ;
#1104 = FACE_OUTER_BOUND ( 'NONE', #1888, .T. ) ;
#1105 = CARTESIAN_POINT ( 'NONE',  ( -1.363730133268649558, 0.3598802281045455076, -8.524327107209471066 ) ) ;
#1106 = CARTESIAN_POINT ( 'NONE',  ( -0.9518044605059999830, -1.039015655109000180, -7.437824616472000550 ) ) ;
#1107 = CARTESIAN_POINT ( 'NONE',  ( -1.061847968491000049, 0.9164768226530000117, -4.352874731811000153 ) ) ;
#1108 = CARTESIAN_POINT ( 'NONE',  ( -1.399999995161811173, -0.01043502165276840622, -7.295618684957408284 ) ) ;
#1109 = CARTESIAN_POINT ( 'NONE',  ( -1.370040089227999802, 0.3264397506480000155, -6.814830293353000279 ) ) ;
#1110 = CARTESIAN_POINT ( 'NONE',  ( 1.314547313922000082, -0.5087986509720000550, -10.28315908657999955 ) ) ;
#1111 = AXIS2_PLACEMENT_3D ( 'NONE', #2758, #2182, #1719 ) ;
#1112 = CARTESIAN_POINT ( 'NONE',  ( 0.7607984106090001086, 1.816692929058000061, -4.823076923070999555 ) ) ;
#1113 = FACE_OUTER_BOUND ( 'NONE', #2489, .T. ) ;
#1114 = CARTESIAN_POINT ( 'NONE',  ( 0.7846194832479999048, -1.163446726524999919, -10.83157336314999775 ) ) ;
#1115 = DIRECTION ( 'NONE',  ( 0.000000000000000000, 0.000000000000000000, -1.000000000000000000 ) ) ;
#1116 = CONICAL_SURFACE ( 'NONE', #5799, 1.399999999999999911, 0.2069921942200000364 ) ;
#1117 = ORIENTED_EDGE ( 'NONE', *, *, #1593, .F. ) ;
#1118 = DIRECTION ( 'NONE',  ( 1.000000000000000000, 0.000000000000000000, 0.000000000000000000 ) ) ;
#1119 = CARTESIAN_POINT ( 'NONE',  ( 0.2195874089719999922, -1.385449641380000152, -4.866274415522000574 ) ) ;
#1120 = B_SPLINE_CURVE_WITH_KNOTS ( 'NONE', 13,
 ( #4017, #245, #2620, #3015, #5792, #4872, #3533, #2099, #5890, #5822, #2192, #4383, #2161, #3984, #4416, #1244, #4448, #4937, #4477, #213, #1152, #2556, #310, #3111, #2587, #3953 ),
 .UNSPECIFIED., .F., .F.,
 ( 14, 12, 14 ),
 ( 0.000000000000000000, 9.454572418137001222, 18.90914483627499720 ),
 .UNSPECIFIED. ) ;
#1121 = CARTESIAN_POINT ( 'NONE',  ( -0.7449888462629999930, 1.190520358371999876, -6.084281180385000098 ) ) ;
#1122 = CARTESIAN_POINT ( 'NONE',  ( -0.3793629872029999905, 1.357791157689999917, -5.107084513733000541 ) ) ;
#1123 = EDGE_LOOP ( 'NONE', ( #5328, #617, #4147, #1604, #5201, #3560, #3779, #1067, #4628 ) ) ;
#1124 = CARTESIAN_POINT ( 'NONE',  ( -1.399808129847941451, -0.02399110057734472543, -5.502424480137033669 ) ) ;
#1125 = CARTESIAN_POINT ( 'NONE',  ( 1.281353245764000004, 0.5850023109320000581, -7.719723653642000194 ) ) ;
#1126 = CARTESIAN_POINT ( 'NONE',  ( 1.399999999999999911, -3.429011037612999484E-16, -3.546211815707999815 ) ) ;
#1127 = CARTESIAN_POINT ( 'NONE',  ( 1.364747373550999843, 0.3548401899540000182, -5.025963022417999859 ) ) ;
#1128 = CARTESIAN_POINT ( 'NONE',  ( -0.9305376980830000200, 1.072139055844999911, -7.071964047459000646 ) ) ;
#1129 = CARTESIAN_POINT ( 'NONE',  ( -1.337679787049000035, 2.765673762762999921, -2.746153846139999910 ) ) ;
#1130 = DIRECTION ( 'NONE',  ( 4.350154311376000520E-15, 0.000000000000000000, -1.000000000000000000 ) ) ;
#1131 = CARTESIAN_POINT ( 'NONE',  ( -0.6780876855060000707, -2.283193464110000015, -9.259615384612001066 ) ) ;
#1132 = ORIENTED_EDGE ( 'NONE', *, *, #3173, .T. ) ;
#1133 = CARTESIAN_POINT ( 'NONE',  ( -1.039097614609999942, -0.9554487069389999698, -3.237054294051000092 ) ) ;
#1134 = CARTESIAN_POINT ( 'NONE',  ( -1.277816426035000008, 0.5931658373689999708, -2.830778044031000196 ) ) ;
#1135 = CARTESIAN_POINT ( 'NONE',  ( -1.399999989540553491, 0.1204424156386539324, -8.510634231700294094 ) ) ;
#1136 = CARTESIAN_POINT ( 'NONE',  ( 1.389771665732000061, -0.2215866639430000007, -7.266383283334000076 ) ) ;
#1137 = B_SPLINE_CURVE_WITH_KNOTS ( 'NONE', 7,
 ( #4604, #2810, #3146, #2778, #489, #2346, #461, #1736, #5982, #1856, #3684, #3623, #5062, #5925, #1797, #4, #3653, #4633, #5521, #1337, #884, #3715, #2745, #2289, #5005, #5583, #4146, #5550, #1366, #3595, #3231, #5461, #1280, #1633, #4837, #4378, #37, #726 ),
 .UNSPECIFIED., .F., .F.,
 ( 8, 6, 6, 6, 6, 6, 8 ),
 ( 0.4999932250395043853, 0.5638837360849999758, 0.6574312822029999559, 0.7649981091649999954, 0.8670856013269999663, 0.9108240078629999958, 1.000000000000000000 ),
 .UNSPECIFIED. ) ;
#1138 = CARTESIAN_POINT ( 'NONE',  ( -1.363015165692999853, -0.3606355976010000020, -8.775622036017999505 ) ) ;
#1139 = DATE_AND_TIME ( #3425, #5307 ) ;
#1140 = CARTESIAN_POINT ( 'NONE',  ( 0.4206408430269999998, -1.439812932702999815, -0.2303039929150000054 ) ) ;
#1141 = CARTESIAN_POINT ( 'NONE',  ( -0.7820251840540000110, 1.170563330502000010, -5.874373377011000485 ) ) ;
#1142 = CARTESIAN_POINT ( 'NONE',  ( 1.257765457145999966, 0.6241556626120000617, -7.009569111043999712 ) ) ;
#1143 = CARTESIAN_POINT ( 'NONE',  ( 0.7063836559849999697, -1.223234793375999940, -10.33713859092999776 ) ) ;
#1144 = CARTESIAN_POINT ( 'NONE',  ( -0.9374999999996350697, 1.148106374200196801E-16, -0.8303039929149998999 ) ) ;
#1145 = CARTESIAN_POINT ( 'NONE',  ( 0.2858689262710000234, 1.274646080683000227, -11.89222399107000072 ) ) ;
#1146 = CARTESIAN_POINT ( 'NONE',  ( -1.056888573389000108, -0.9260337338940001217, -10.94651603352000002 ) ) ;
#1147 = CARTESIAN_POINT ( 'NONE',  ( -0.7607984106090001086, 1.816692929060999884, -6.726923076926999201 ) ) ;
#1148 = ORIENTED_EDGE ( 'NONE', *, *, #1827, .T. ) ;
#1149 = CARTESIAN_POINT ( 'NONE',  ( -0.3082468573850000171, -1.369442480078000068, -7.896399875294999759 ) ) ;
#1150 = CARTESIAN_POINT ( 'NONE',  ( -1.085070790178999989, 0.8897487005979999308, -8.350867020657000594 ) ) ;
#1151 = CARTESIAN_POINT ( 'NONE',  ( 1.387765501694999903, -0.2423503793170000142, -9.559986972395000393 ) ) ;
#1152 = CARTESIAN_POINT ( 'NONE',  ( -2.562725153500999831, -0.8011194905310000669, -9.611538461575998227 ) ) ;
#1153 = EDGE_CURVE ( 'NONE', #5281, #4844, #4958, .T. ) ;
#1154 = EDGE_LOOP ( 'NONE', ( #2156, #1521, #5977, #5561 ) ) ;
#1155 = CARTESIAN_POINT ( 'NONE',  ( -1.399884875759676461, -0.01919330265298346827, -5.502697221242773828 ) ) ;
#1156 = CARTESIAN_POINT ( 'NONE',  ( 3.086771334365999930, -1.478060008329000086, -4.644230769242999379 ) ) ;
#1157 = CARTESIAN_POINT ( 'NONE',  ( -0.9907730292140000117, -0.9943153112550000561, -3.733567912149999835 ) ) ;
#1158 = CARTESIAN_POINT ( 'NONE',  ( -0.8857100613080001184, 1.096761649367000047, -4.867143109718999661 ) ) ;
#1159 = CARTESIAN_POINT ( 'NONE',  ( -0.6032831737349999557, 0.6032831737349999557, -2.030303992914999967 ) ) ;
#1160 = CARTESIAN_POINT ( 'NONE',  ( -1.399554939148092814, 0.04621999924890172334, -3.006415084761073331 ) ) ;
#1161 = CARTESIAN_POINT ( 'NONE',  ( -1.098773287150000222, 0.8716703093069999575, -3.557158002922999884 ) ) ;
#1162 = FACE_OUTER_BOUND ( 'NONE', #2377, .T. ) ;
#1163 = ORIENTED_EDGE ( 'NONE', *, *, #1561, .T. ) ;
#1164 = CARTESIAN_POINT ( 'NONE',  ( 0.9758210058320000435, -1.024693126421000189, -7.610693710907000309 ) ) ;
#1165 = CARTESIAN_POINT ( 'NONE',  ( 1.060271946517000075, -0.9277364388969999709, -10.10343120427999963 ) ) ;
#1166 = CARTESIAN_POINT ( 'NONE',  ( 0.9393238674830001189, 1.040293568832000082, -10.68723604739000166 ) ) ;
#1167 = DIRECTION ( 'NONE',  ( 0.000000000000000000, 0.000000000000000000, 1.000000000000000000 ) ) ;
#1168 = CARTESIAN_POINT ( 'NONE',  ( 1.112579499133000027, -0.6540234860640000703, -12.02897696098999880 ) ) ;
#1169 = CARTESIAN_POINT ( 'NONE',  ( 1.325120236800000129, 1.554312234475500188E-15, -5.287500000000000533 ) ) ;
#1170 = CARTESIAN_POINT ( 'NONE',  ( -1.034973452825999951, 0.9470351012300000093, -5.855181542439999554 ) ) ;
#1171 = ADVANCED_FACE ( 'NONE', ( #332 ), #1723, .T. ) ;
#1172 = CARTESIAN_POINT ( 'NONE',  ( 1.173303183695999952, -0.7937714095310000051, -6.301076411407999345 ) ) ;
#1173 = CARTESIAN_POINT ( 'NONE',  ( -1.126988242821999942, -0.8385044288570000504, -10.45287038372000055 ) ) ;
#1174 = CARTESIAN_POINT ( 'NONE',  ( 1.399999999999999911, 0.000000000000000000, -12.40000000000000036 ) ) ;
#1175 = CARTESIAN_POINT ( 'NONE',  ( -1.337679787042000079, -2.765673762767999921, -8.053846153800000351 ) ) ;
#1176 = CARTESIAN_POINT ( 'NONE',  ( -2.107315219969999820, 1.009060281500999912, -9.669230769206999199 ) ) ;
#1177 = CARTESIAN_POINT ( 'NONE',  ( 1.114408847258000046, -2.661071112481999901, -5.751923076919999822 ) ) ;
#1178 = ORIENTED_EDGE ( 'NONE', *, *, #3433, .T. ) ;
#1179 = CARTESIAN_POINT ( 'NONE',  ( 1.173304010697999944, -0.7937700763769999224, -7.801076323598999274 ) ) ;
#1180 = CARTESIAN_POINT ( 'NONE',  ( -1.399999999977423970, 3.031776848945420279E-10, -8.296211797383673314 ) ) ;
#1181 = CARTESIAN_POINT ( 'NONE',  ( 1.399999999999999911, -3.429011037612999484E-16, -6.253788202640000016 ) ) ;
#1182 = VECTOR ( 'NONE', #1871, 1000.000000000000114 ) ;
#1183 = CARTESIAN_POINT ( 'NONE',  ( 1.399999999999999911, 0.07784251172485999459, -5.249363242629000226 ) ) ;
#1184 = EDGE_LOOP ( 'NONE', ( #1482, #2140, #3203, #4348 ) ) ;
#1185 = CARTESIAN_POINT ( 'NONE',  ( 0.7421357604759999393, -1.192403658112000109, -5.334474424008999627 ) ) ;
#1186 = CARTESIAN_POINT ( 'NONE',  ( 2.562725153491999919, 0.8011194905269999333, -4.361538461547999290 ) ) ;
#1187 = CARTESIAN_POINT ( 'NONE',  ( 0.1173669695170000138, 1.400105290296999927, -10.92785343024999989 ) ) ;
#1188 = CARTESIAN_POINT ( 'NONE',  ( -0.1220337269330000057, 1.405063100585000058, -4.914312575699000263 ) ) ;
#1189 = CARTESIAN_POINT ( 'NONE',  ( -2.562725153499000097, -0.8011194905249999776, -6.611538461554999913 ) ) ;
#1190 = DIRECTION ( 'NONE',  ( 0.000000000000000000, 0.000000000000000000, 1.000000000000000000 ) ) ;
#1191 = CIRCLE ( 'NONE', #3531, 1.399999999999999911 ) ;
#1192 = CARTESIAN_POINT ( 'NONE',  ( -1.399999998356867392, -3.903713950044327341E-08, -5.503788199904820821 ) ) ;
#1193 = CARTESIAN_POINT ( 'NONE',  ( -0.7607984106080000197, -1.816692929058999928, -8.573076923080000356 ) ) ;
#1194 = ORIENTED_EDGE ( 'NONE', *, *, #757, .F. ) ;
#1195 = CARTESIAN_POINT ( 'NONE',  ( 0.7693305090959999815, -1.202631908260999971, -3.125952980130999759 ) ) ;
#1196 = CARTESIAN_POINT ( 'NONE',  ( 1.301697501341000152, -0.5343154761310000556, -10.07719780844000113 ) ) ;
#1197 = B_SPLINE_CURVE_WITH_KNOTS ( 'NONE', 7,
 ( #2860, #5178, #4110, #2774, #1449, #458, #1853, #4658, #2315, #4173, #5580, #3228, #5613, #1, #3315, #3680, #62, #517, #5091, #915, #3768, #2343, #487, #2252, #1885, #1393, #999, #4204, #3742, #1333, #1792, #3649, #34, #5519, #3199, #881, #2741, #1690, #4468, #1480, #5420, #3825, #5698, #4006 ),
 .UNSPECIFIED., .F., .F.,
 ( 8, 6, 6, 6, 6, 6, 6, 8 ),
 ( 0.4999954212520405505, 0.5216934758799999239, 0.5621628229049999703, 0.6616659207210000559, 0.7812137020299999568, 0.8652158025550000797, 0.9116868972580000063, 1.000000000000000000 ),
 .UNSPECIFIED. ) ;
#1198 = CARTESIAN_POINT ( 'NONE',  ( 0.3426581091730000472, 1.362993253106000058, -10.64840323353999985 ) ) ;
#1199 = CARTESIAN_POINT ( 'NONE',  ( -1.394962156833904565, -0.1555058879745651323, -7.494948439721381028 ) ) ;
#1200 = ADVANCED_FACE ( 'NONE', ( #2671 ), #4192, .F. ) ;
#1201 = B_SPLINE_CURVE_WITH_KNOTS ( 'NONE', 7,
 ( #4598, #2683, #341, #2711, #2251, #4141, #4172, #5946, #5978, #5487, #5457, #1756, #4540, #5546, #3590, #1275, #4630, #6038, #1791, #3648, #6008, #1822, #914, #4109, #3619, #426, #2284, #2194, #3141, #3710, #5518, #5579, #1852, #4973, #1304, #3113, #3169, #4565, #1332, #5027, #852, #794, #5920, #4081 ),
 .UNSPECIFIED., .F., .F.,
 ( 8, 6, 6, 6, 6, 6, 6, 8 ),
 ( 0.4999776941047750500, 0.5053877637479999851, 0.5954149506789999657, 0.6405280830239999945, 0.7245320495010000306, 0.8250005882019999515, 0.9143321456930000313, 1.000000000000000000 ),
 .UNSPECIFIED. ) ;
#1202 = CARTESIAN_POINT ( 'NONE',  ( 0.6066552672530000079, 1.288803222909999935, -4.456246249317000974 ) ) ;
#1203 = CARTESIAN_POINT ( 'NONE',  ( 1.399999999999999911, -3.429011037612999484E-16, -6.046211797359999807 ) ) ;
#1204 = LINE ( 'NONE', #3428, #5483 ) ;
#1205 = CARTESIAN_POINT ( 'NONE',  ( -0.3687788476239999835, -1.350556241003000091, -11.40000000000000036 ) ) ;
#1206 = CARTESIAN_POINT ( 'NONE',  ( -1.400000000000004130, 2.317094541411104745E-11, -2.503788202641290095 ) ) ;
#1207 = CARTESIAN_POINT ( 'NONE',  ( 0.6780876855050000929, -2.283193464108999926, -3.790384615385000266 ) ) ;
#1208 = CARTESIAN_POINT ( 'NONE',  ( 2.107315219971999554, 1.009060281503999956, -7.880769230798000180 ) ) ;
#1209 = CARTESIAN_POINT ( 'NONE',  ( -1.114408847256000090, -2.661071112481999901, -8.348076923067999644 ) ) ;
#1210 = ORIENTED_EDGE ( 'NONE', *, *, #2780, .F. ) ;
#1211 = CARTESIAN_POINT ( 'NONE',  ( 1.330767322809000008, -0.4953524961649999336, -7.782162980634000249 ) ) ;
#1212 = CARTESIAN_POINT ( 'NONE',  ( -1.399999059703165294, 0.001734628478727129764, -8.296310394901814433 ) ) ;
#1213 = CARTESIAN_POINT ( 'NONE',  ( -2.562725153494999741, 0.8011194905310000669, -7.188461538466999201 ) ) ;
#1214 = CARTESIAN_POINT ( 'NONE',  ( -1.499999999999414024, 1.836970198720312071E-16, -0.2303039929150018650 ) ) ;
#1215 = B_SPLINE_CURVE_WITH_KNOTS ( 'NONE', 7,
 ( #979, #3353, #2963, #1065, #1924, #4297, #4821, #2407, #5735, #1949, #2011, #4268, #1458, #97, #2930, #3806, #3323, #3777, #5214, #615, #1552, #5679, #3414, #5650, #1009, #649, #2040, #3834, #3382, #4700, #5768, #1036, #4754, #3897, #3298, #126, #1981, #1519 ),
 .UNSPECIFIED., .F., .F.,
 ( 8, 6, 6, 6, 6, 6, 8 ),
 ( 0.4949430741823592772, 0.5149488067680000336, 0.6514100414779999682, 0.7280070357479999643, 0.8109155428440000257, 0.9001975099339999398, 1.000000000000000000 ),
 .UNSPECIFIED. ) ;
#1216 = B_SPLINE_SURFACE_WITH_KNOTS ( 'NONE', 13, 1, ( 
 ( #5848, #1749 ),
 ( #4472, #335 ),
 ( #3527, #4962 ),
 ( #4932, #1209 ),
 ( #2188, #2703 ),
 ( #725, #4558 ),
 ( #3074, #756 ),
 ( #2214, #4011 ),
 ( #787, #4074 ),
 ( #5450, #2614 ),
 ( #3104, #5885 ),
 ( #1694, #3609 ),
 ( #2673, #3559 ),
 ( #5425, #1725 ),
 ( #1239, #4442 ),
 ( #2645, #4502 ),
 ( #5478, #4044 ),
 ( #5816, #1632 ),
 ( #5914, #3493 ),
 ( #3584, #1267 ),
 ( #5360, #4533 ),
 ( #1176, #4707 ),
 ( #2365, #417 ),
 ( #4620, #3306 ),
 ( #3702, #478 ),
 ( #448, #1384 ) ),
 .UNSPECIFIED., .F., .F., .F.,
 ( 14, 12, 14 ),
 ( 2, 2 ),
 ( 0.000000000000000000, 9.454572418137001222, 18.90914483627499720 ),
 ( 0.000000000000000000, 1.000000000000000000 ),
 .UNSPECIFIED. ) ;
#1217 = VERTEX_POINT ( 'NONE', #3782 ) ;
#1218 = CARTESIAN_POINT ( 'NONE',  ( -1.383591272019000007, -0.2588210193359999911, -5.489058426643000033 ) ) ;
#1219 = CARTESIAN_POINT ( 'NONE',  ( -1.075240473600000080, -0.7795309783160000450, -4.592307692308000178 ) ) ;
#1220 = CARTESIAN_POINT ( 'NONE',  ( 1.399999999999999911, -3.429011037612999484E-16, -10.25378818429000205 ) ) ;
#1221 = CARTESIAN_POINT ( 'NONE',  ( -1.399999848287994508, 0.0008533272060928424147, -3.796260301094633860 ) ) ;
#1222 = CARTESIAN_POINT ( 'NONE',  ( 0.02273878445558000227, -1.409639188280999988, -3.877481848192000147 ) ) ;
#1223 = CARTESIAN_POINT ( 'NONE',  ( -1.399999996436557259, -3.884890507365227307E-08, -4.003788200438926026 ) ) ;
#1224 = ORIENTED_EDGE ( 'NONE', *, *, #2987, .T. ) ;
#1225 = CARTESIAN_POINT ( 'NONE',  ( -0.6339840422550000465, -1.255136747173000167, -4.415988956236000185 ) ) ;
#1226 = EDGE_LOOP ( 'NONE', ( #5124, #4029, #1424, #4236 ) ) ;
#1227 = CARTESIAN_POINT ( 'NONE',  ( -1.399762153425999855, 0.1112052736639999873, -6.510109136319000456 ) ) ;
#1228 = DIRECTION ( 'NONE',  ( 0.000000000000000000, 0.000000000000000000, 1.000000000000000000 ) ) ;
#1229 = CARTESIAN_POINT ( 'NONE',  ( -0.9452312129849999023, 1.034911064544000059, -5.362310224957000493 ) ) ;
#1230 = CARTESIAN_POINT ( 'NONE',  ( 1.399999999999999911, -3.429011037612999484E-16, -6.546211815708000259 ) ) ;
#1231 =( NAMED_UNIT ( * ) PLANE_ANGLE_UNIT ( ) SI_UNIT ( $, .RADIAN. ) );
#1232 = CARTESIAN_POINT ( 'NONE',  ( 1.329744540896999894, 0.4692662120099999612, -4.726798224932999837 ) ) ;
#1233 = CARTESIAN_POINT ( 'NONE',  ( -1.105773578601000118, -0.8609758579699999803, -7.243564485171999578 ) ) ;
#1234 = CARTESIAN_POINT ( 'NONE',  ( -1.397477094225435978, -0.08981851508907694182, -4.791104654061390633 ) ) ;
#1235 = CARTESIAN_POINT ( 'NONE',  ( 1.399999999999999911, -0.05535293269074999939, -11.25693421168999997 ) ) ;
#1236 = CARTESIAN_POINT ( 'NONE',  ( -0.6622159265689999685, -1.239704270377000039, -5.210235612111999259 ) ) ;
#1237 = CARTESIAN_POINT ( 'NONE',  ( -1.114408847256000090, -2.661071112481999901, -3.848076923077000000 ) ) ;
#1238 = CARTESIAN_POINT ( 'NONE',  ( -1.574999999999999956, 1.141848099093000002, -7.932692307691000977 ) ) ;
#1239 = CARTESIAN_POINT ( 'NONE',  ( -0.4629252851469999874, 1.558718743917000049, -9.265384615389999468 ) ) ;
#1240 = ORIENTED_EDGE ( 'NONE', *, *, #3617, .T. ) ;
#1241 = DIRECTION ( 'NONE',  ( 0.000000000000000000, 0.000000000000000000, 1.000000000000000000 ) ) ;
#1242 = CARTESIAN_POINT ( 'NONE',  ( 0.4181214091970000268, -1.338978646877000189, -4.854703572932999478 ) ) ;
#1243 = CARTESIAN_POINT ( 'NONE',  ( 0.7680525840670000548, -1.199904363399999951, -9.625926194388000567 ) ) ;
#1244 = CARTESIAN_POINT ( 'NONE',  ( 0.7607984106090001086, 1.816692929058999928, -9.323076923062000532 ) ) ;
#1245 = ORIENTED_EDGE ( 'NONE', *, *, #4314, .F. ) ;
#1246 = CARTESIAN_POINT ( 'NONE',  ( 0.5296584657239999938, -1.302141582618000060, -5.348066697069000064 ) ) ;
#1247 = CARTESIAN_POINT ( 'NONE',  ( 1.114408847256999957, 2.661071112481999901, -5.048076923069999999 ) ) ;
#1248 = DIRECTION ( 'NONE',  ( 1.000000000000000000, 0.000000000000000000, 0.000000000000000000 ) ) ;
#1249 = CARTESIAN_POINT ( 'NONE',  ( 0.8377227688810000572, 1.145027776330999947, -4.971459533044999546 ) ) ;
#1250 = EDGE_CURVE ( 'NONE', #5231, #4108, #4730, .T. ) ;
#1251 = CARTESIAN_POINT ( 'NONE',  ( 0.5253867025130000146, -1.303997437247000013, -3.848330838050999958 ) ) ;
#1252 = DIRECTION ( 'NONE',  ( 1.000000000000000000, 0.000000000000000000, 4.350751249082060661E-15 ) ) ;
#1253 = CARTESIAN_POINT ( 'NONE',  ( -1.385728781753694960, -0.2263030880466481709, -4.490903082999758489 ) ) ;
#1254 = EDGE_LOOP ( 'NONE', ( #4449, #2737, #5804, #348 ) ) ;
#1255 = CARTESIAN_POINT ( 'NONE',  ( 1.369740943187000015, 0.3097980717859999955, -6.736087537309999540 ) ) ;
#1256 = CARTESIAN_POINT ( 'NONE',  ( -1.720674083314999878E-14, 0.000000000000000000, -0.08751284532406000682 ) ) ;
#1257 = CARTESIAN_POINT ( 'NONE',  ( 0.8914945008610000166, 0.7957579736830000527, -12.39420558867999844 ) ) ;
#1258 = CARTESIAN_POINT ( 'NONE',  ( 0.8397178383620000908, 1.122499205196999972, -4.179895076250999431 ) ) ;
#1259 = CARTESIAN_POINT ( 'NONE',  ( 1.400000000001999867, 0.1187068473999999957, -4.747040819952000668 ) ) ;
#1260 = CARTESIAN_POINT ( 'NONE',  ( -1.399999998776229937, 2.829090043829363132E-16, -3.003787894485886234 ) ) ;
#1261 = CARTESIAN_POINT ( 'NONE',  ( -1.338711192807999772, -0.4153315881069999937, -4.772275418007000169 ) ) ;
#1262 = CARTESIAN_POINT ( 'NONE',  ( -1.399930278212952794, 0.01417017622285828178, -9.297017573238857580 ) ) ;
#1263 = CARTESIAN_POINT ( 'NONE',  ( -0.5169821182798202130, -1.310083964991663574, -2.408730664679350486 ) ) ;
#1264 = EDGE_CURVE ( 'NONE', #4823, #1680, #5565, .T. ) ;
#1265 = B_SPLINE_SURFACE_WITH_KNOTS ( 'NONE', 13, 1, ( 
 ( #5536, #813 ),
 ( #4619, #5048 ),
 ( #333, #4129 ),
 ( #1353, #870 ),
 ( #3583, #2186 ),
 ( #5019, #2762 ),
 ( #5939, #447 ),
 ( #2305, #5449 ),
 ( #4042, #5913 ),
 ( #1266, #1724 ),
 ( #4532, #4162 ),
 ( #3159, #3701 ),
 ( #5475, #3131 ),
 ( #2730, #4991 ),
 ( #5566, #1382 ),
 ( #4073, #415 ),
 ( #3248, #1748 ),
 ( #3608, #5998 ),
 ( #1295, #843 ),
 ( #2702, #4557 ),
 ( #2243, #4100 ),
 ( #5966, #3216 ),
 ( #1781, #5079 ),
 ( #3637, #5510 ),
 ( #1324, #2274 ),
 ( #1813, #2389 ) ),
 .UNSPECIFIED., .F., .F., .F.,
 ( 14, 12, 14 ),
 ( 2, 2 ),
 ( 0.000000000000000000, 9.454572418137001222, 18.90914483627499720 ),
 ( 0.000000000000000000, 1.000000000000000000 ),
 .UNSPECIFIED. ) ;
#1266 = CARTESIAN_POINT ( 'NONE',  ( 3.086771334363999753, -1.478060008326000041, -3.144230769233999911 ) ) ;
#1267 = CARTESIAN_POINT ( 'NONE',  ( -1.959418117458000097, -4.051127429910000188, -9.328846153780000705 ) ) ;
#1268 = CARTESIAN_POINT ( 'NONE',  ( -0.6032831737349999557, 0.6032831737349999557, -2.030303992914999967 ) ) ;
#1269 = CARTESIAN_POINT ( 'NONE',  ( 1.075240473600000080, 1.110223024624999873E-14, -9.900000000000000355 ) ) ;
#1270 = CARTESIAN_POINT ( 'NONE',  ( -1.359837844333427359, -0.3785337532737066413, -3.482175991863400988 ) ) ;
#1271 = EDGE_CURVE ( 'NONE', #5296, #3745, #1902, .T. ) ;
#1272 = CARTESIAN_POINT ( 'NONE',  ( 0.6852252115290000667, 1.241480481121999935, -9.168935801549999098 ) ) ;
#1273 = ADVANCED_FACE ( 'NONE', ( #1841 ), #2843, .T. ) ;
#1274 = ORIENTED_EDGE ( 'NONE', *, *, #2862, .F. ) ;
#1275 = CARTESIAN_POINT ( 'NONE',  ( -1.053251905561999990, -0.9257970100089999432, -8.446406038056000654 ) ) ;
#1276 = CARTESIAN_POINT ( 'NONE',  ( -1.399999999760289660, 0.002344690385543171142, -10.79634538033060487 ) ) ;
#1277 = CARTESIAN_POINT ( 'NONE',  ( -0.7336280130089999352, 1.203870005389000131, -8.085255299838998155 ) ) ;
#1278 = CARTESIAN_POINT ( 'NONE',  ( -1.399999998893086683, -0.01782637839004352215, -7.795198832628376095 ) ) ;
#1279 = EDGE_CURVE ( 'NONE', #1755, #3747, #5107, .T. ) ;
#1280 = CARTESIAN_POINT ( 'NONE',  ( 1.296180087775999912, -0.5485972845789999219, -5.785636011529000200 ) ) ;
#1281 = CARTESIAN_POINT ( 'NONE',  ( -2.562725153500000186, -0.8011194905290000001, -11.11153846158000036 ) ) ;
#1282 = ORIENTED_EDGE ( 'NONE', *, *, #167, .F. ) ;
#1283 = CARTESIAN_POINT ( 'NONE',  ( -1.020363531153000158, 0.9616549467739999857, -5.063929949353999760 ) ) ;
#1284 = AXIS2_PLACEMENT_3D ( 'NONE', #4134, #1752, #4536 ) ;
#1285 = CARTESIAN_POINT ( 'NONE',  ( 0.7326707007989998743, 0.5750335636589999355, -0.08751284532406000682 ) ) ;
#1286 = CARTESIAN_POINT ( 'NONE',  ( 1.149539329202999838, 0.8058426942340000121, -5.497547382071999778 ) ) ;
#1287 = CARTESIAN_POINT ( 'NONE',  ( -0.6622433245350000108, -1.239689444256999895, -6.710237376630999506 ) ) ;
#1288 = DIRECTION ( 'NONE',  ( 1.000000000000000000, 0.000000000000000000, 0.000000000000000000 ) ) ;
#1289 = VECTOR ( 'NONE', #3270, 1000.000000000000000 ) ;
#1290 = CARTESIAN_POINT ( 'NONE',  ( 0.7337804390850001246, 1.200093938007000149, -4.672446895895999930 ) ) ;
#1291 = CARTESIAN_POINT ( 'NONE',  ( -1.399999997732430002, -3.903108697993185570E-08, -7.003788199693964600 ) ) ;
#1292 = CARTESIAN_POINT ( 'NONE',  ( -1.399579469330753279, -0.04492820425324049044, -4.793658344526395609 ) ) ;
#1293 = CARTESIAN_POINT ( 'NONE',  ( -1.274504283031000051, 0.5903217593259999507, -7.830725147390999119 ) ) ;
#1294 = CARTESIAN_POINT ( 'NONE',  ( -1.114408847256999957, -2.661071112480000167, -5.798076923076999734 ) ) ;
#1295 = CARTESIAN_POINT ( 'NONE',  ( 1.959418117462999875, -4.051127429914999745, -3.721153846167000179 ) ) ;
#1296 = DIRECTION ( 'NONE',  ( 0.000000000000000000, 0.000000000000000000, 1.000000000000000000 ) ) ;
#1297 = CARTESIAN_POINT ( 'NONE',  ( 0.3020817116879999653, 1.368626273065000065, -5.646070499236000018 ) ) ;
#1298 = CARTESIAN_POINT ( 'NONE',  ( 0.6069963284620000232, -1.263392314931999882, -9.343142713000000654 ) ) ;
#1299 = CARTESIAN_POINT ( 'NONE',  ( 1.399999999999999911, -3.429011037612999484E-16, -3.253788202640000460 ) ) ;
#1300 = CYLINDRICAL_SURFACE ( 'NONE', #2549, 1.399999999999999911 ) ;
#1301 = CARTESIAN_POINT ( 'NONE',  ( -1.399999999954162355, -3.904650872520812343E-08, -5.796211813473838959 ) ) ;
#1302 = CARTESIAN_POINT ( 'NONE',  ( 1.399999999999999911, -3.429011037612999484E-16, -9.253788202639999128 ) ) ;
#1303 = ORIENTED_EDGE ( 'NONE', *, *, #877, .T. ) ;
#1304 = CARTESIAN_POINT ( 'NONE',  ( 1.002979160683999948, -0.9896622856250001377, -8.315763125091001129 ) ) ;
#1305 = FACE_OUTER_BOUND ( 'NONE', #973, .T. ) ;
#1306 = CARTESIAN_POINT ( 'NONE',  ( 0.000000000000000000, 0.000000000000000000, -12.40000000000000036 ) ) ;
#1307 = APPLICATION_CONTEXT ( 'configuration controlled 3d designs of mechanical parts and assemblies' ) ;
#1308 = CARTESIAN_POINT ( 'NONE',  ( -1.399954947099904867, -0.01470508067431352227, -4.002952355571892440 ) ) ;
#1309 = VECTOR ( 'NONE', #4298, 1000.000000000000000 ) ;
#1310 = CARTESIAN_POINT ( 'NONE',  ( -0.5023717832419999363, -1.322268129099000156, -9.200067405402998943 ) ) ;
#1311 = ORIENTED_EDGE ( 'NONE', *, *, #709, .T. ) ;
#1312 = CARTESIAN_POINT ( 'NONE',  ( -1.389771151259999948, 0.2193971439019999914, -9.516260080337000105 ) ) ;
#1313 = CARTESIAN_POINT ( 'NONE',  ( -1.399290196922174712, -0.04520762187593163617, -10.00121816824328391 ) ) ;
#1314 = CARTESIAN_POINT ( 'NONE',  ( 1.384851195030999849, 0.2331354542360000170, -6.740512779674000754 ) ) ;
#1315 = CARTESIAN_POINT ( 'NONE',  ( 0.5558894667810000412, 1.313657216018000007, -10.45309559032999935 ) ) ;
#1316 = CARTESIAN_POINT ( 'NONE',  ( -1.399999065572245849, 0.001729206929155234149, -5.296310086736824907 ) ) ;
#1317 = CARTESIAN_POINT ( 'NONE',  ( -1.203266671687592160, -0.7267783477319634811, -6.752991636099215711 ) ) ;
#1318 = CARTESIAN_POINT ( 'NONE',  ( 1.179993108666000046, 0.2850022107019999917, -12.32208885056999925 ) ) ;
#1319 = CARTESIAN_POINT ( 'NONE',  ( -1.368886236749000007, 0.3300014095320000229, -4.522616309145999658 ) ) ;
#1320 = CARTESIAN_POINT ( 'NONE',  ( -0.09377489369180999623, -1.402627950731999862, -6.884078217076000428 ) ) ;
#1321 = CARTESIAN_POINT ( 'NONE',  ( 1.036505911411999881, -0.9457933870359999107, -4.605071020077000199 ) ) ;
#1322 = CARTESIAN_POINT ( 'NONE',  ( -1.247520189494000009, 0.6445632468959999750, -9.334152041884999917 ) ) ;
#1323 = CARTESIAN_POINT ( 'NONE',  ( -3.753850618408000273, 1.173470705920000023, -5.913461538463000267 ) ) ;
#1324 = CARTESIAN_POINT ( 'NONE',  ( 1.574999999999999956, 1.141848099093000002, -4.067307692307999822 ) ) ;
#1325 = CARTESIAN_POINT ( 'NONE',  ( 0.3673707315941044382, 1.363194935742914726, -2.649676165174573494 ) ) ;
#1326 = CARTESIAN_POINT ( 'NONE',  ( -0.4262170609559999823, 1.287426689181000006, -11.62458378280999938 ) ) ;
#1327 = DIRECTION ( 'NONE',  ( 0.000000000000000000, 0.000000000000000000, 1.000000000000000000 ) ) ;
#1328 = CARTESIAN_POINT ( 'NONE',  ( -1.203216102138550347, -0.7268649590046063480, -3.460564070876394727 ) ) ;
#1329 = CARTESIAN_POINT ( 'NONE',  ( -1.439812932702999815, 0.4206408430269999998, -0.2303039929150000054 ) ) ;
#1330 = CARTESIAN_POINT ( 'NONE',  ( -1.399157172370000035, 0.1170445488440000070, -9.010440986228999805 ) ) ;
#1331 = ORIENTED_EDGE ( 'NONE', *, *, #5786, .F. ) ;
#1332 = CARTESIAN_POINT ( 'NONE',  ( 1.304134604386999907, -0.5278661163279999569, -8.284380131523999324 ) ) ;
#1333 = CARTESIAN_POINT ( 'NONE',  ( 0.7629719232779998972, -1.181749984192999925, -2.833177440478999998 ) ) ;
#1334 = CARTESIAN_POINT ( 'NONE',  ( 1.399999999999999911, -0.1081954509699999956, -3.759937835973999665 ) ) ;
#1335 = EDGE_CURVE ( 'NONE', #758, #5, #5353, .T. ) ;
#1336 = B_SPLINE_CURVE_WITH_KNOTS ( 'NONE', 7,
 ( #3466, #5884, #4961, #2486, #4345, #662, #171, #4408, #2026, #2976, #4835, #2518, #4376, #205, #2054, #3911, #1145, #3007, #691, #1631, #238, #3944, #5815, #786, #4043, #2644, #4500, #334, #2187, #4828, #2573, #2540, #1527, #3903, #2114, #5742, #3029, #5285 ),
 .UNSPECIFIED., .F., .F.,
 ( 8, 6, 6, 6, 6, 6, 8 ),
 ( 0.000000000000000000, 0.06891360491344999950, 0.1577537342889999972, 0.2528119936909999921, 0.3561376876819999926, 0.4738069654829999977, 0.4957959134346401897 ),
 .UNSPECIFIED. ) ;
#1337 = CARTESIAN_POINT ( 'NONE',  ( 0.2594876642699999736, -1.381709818405000068, -5.863992596093000387 ) ) ;
#1338 = ORIENTED_EDGE ( 'NONE', *, *, #806, .T. ) ;
#1339 = CARTESIAN_POINT ( 'NONE',  ( -0.2530597061799999548, 1.382877363301999951, -9.614362516943000259 ) ) ;
#1340 = CARTESIAN_POINT ( 'NONE',  ( -0.5357092228279999313, -1.309681002412000028, -9.909722654557999277 ) ) ;
#1341 = CARTESIAN_POINT ( 'NONE',  ( -0.9452217781280001230, 1.034919608315000072, -9.862310947808001771 ) ) ;
#1342 = CARTESIAN_POINT ( 'NONE',  ( 1.399999999999999911, -3.429011037612999484E-16, -10.54621179735999981 ) ) ;
#1343 = CARTESIAN_POINT ( 'NONE',  ( -1.399762918158999891, 0.1111964705819999955, -5.302532297711000098 ) ) ;
#1344 = CARTESIAN_POINT ( 'NONE',  ( -1.399999998194009221, -0.1267188663902549250, -6.789009006285017911 ) ) ;
#1345 = EDGE_CURVE ( 'NONE', #5532, #712, #3670, .T. ) ;
#1346 = CARTESIAN_POINT ( 'NONE',  ( 1.305130724857999969, 0.5309235451189999733, -6.515475468256999747 ) ) ;
#1347 = CARTESIAN_POINT ( 'NONE',  ( -1.399002374286999917, 0.1186918516359999898, -4.510534685882999995 ) ) ;
#1348 = ORIENTED_EDGE ( 'NONE', *, *, #4811, .F. ) ;
#1349 = CARTESIAN_POINT ( 'NONE',  ( 1.370558223103999884, -0.3244917932540000161, -6.772291876384000098 ) ) ;
#1350 = CARTESIAN_POINT ( 'NONE',  ( -1.398738412600090797, -0.06738282243207034672, -4.792381492420035194 ) ) ;
#1351 = CARTESIAN_POINT ( 'NONE',  ( -1.362358712697999907, 0.3417884857440000035, -7.815781223426999880 ) ) ;
#1352 = CARTESIAN_POINT ( 'NONE',  ( -0.9083873526237674634, -1.076108105140492599, -2.434612549863628850 ) ) ;
#1353 = CARTESIAN_POINT ( 'NONE',  ( -1.114408847256999957, -2.661071112481000256, -2.798076923076999734 ) ) ;
#1354 = CARTESIAN_POINT ( 'NONE',  ( 1.387772167373999999, 0.2422837045449999782, -7.532440153866000188 ) ) ;
#1355 = EDGE_CURVE ( 'NONE', #5231, #670, #5134, .T. ) ;
#1356 = CARTESIAN_POINT ( 'NONE',  ( -1.304692772322995076, 0.4472674627807715075, -11.54362751772617912 ) ) ;
#1357 = CARTESIAN_POINT ( 'NONE',  ( 1.262337533586999960, -0.6502560021850000149, -9.291623721364999255 ) ) ;
#1358 = CARTESIAN_POINT ( 'NONE',  ( 0.4182435482949999894, -1.338940500512999954, -3.354696314334999929 ) ) ;
#1359 = CARTESIAN_POINT ( 'NONE',  ( -2.562725153499000097, -0.8011194905290000001, -3.611538461543000178 ) ) ;
#1360 = CARTESIAN_POINT ( 'NONE',  ( -1.302188731753999962, 0.5322574558060000349, -9.034652084338999245 ) ) ;
#1361 = ORIENTED_EDGE ( 'NONE', *, *, #1451, .F. ) ;
#1362 = CARTESIAN_POINT ( 'NONE',  ( -1.395242981930068904, -0.1511091703722280410, -4.495198337454006321 ) ) ;
#1363 = CARTESIAN_POINT ( 'NONE',  ( 0.01246766819062000015, -1.354754044027000059, -11.64711922324999982 ) ) ;
#1364 = CARTESIAN_POINT ( 'NONE',  ( 1.191418581428999923, 0.7519335303180000318, -8.208967756218001455 ) ) ;
#1365 = CARTESIAN_POINT ( 'NONE',  ( -0.6238485266280000552, -1.262565451279999973, -7.707696138243000483 ) ) ;
#1366 = CARTESIAN_POINT ( 'NONE',  ( 1.091990483847000037, -0.8795507127659999425, -5.807747440791000137 ) ) ;
#1367 = VERTEX_POINT ( 'NONE', #5497 ) ;
#1368 = CARTESIAN_POINT ( 'NONE',  ( 0.4629252851460000096, -1.558718743918000138, -10.01538461538000035 ) ) ;
#1369 = CARTESIAN_POINT ( 'NONE',  ( -1.379121736831999900, -0.2837133765250000605, -9.987627914565999632 ) ) ;
#1370 = CYLINDRICAL_SURFACE ( 'NONE', #1873, 1.399999999999999911 ) ;
#1371 = CARTESIAN_POINT ( 'NONE',  ( 1.384851193040999906, 0.2331354694970000085, -11.24051277880000121 ) ) ;
#1372 = CARTESIAN_POINT ( 'NONE',  ( 1.374191816877000205, -0.3071263589420000217, -6.063716725004999475 ) ) ;
#1373 = CARTESIAN_POINT ( 'NONE',  ( 0.4709312266089999977, -1.323790548240999954, -2.644028944012999816 ) ) ;
#1374 = AXIS2_PLACEMENT_3D ( 'NONE', #4929, #1565, #3522 ) ;
#1375 = CARTESIAN_POINT ( 'NONE',  ( -1.399999999826275099, 2.972316830961095851E-09, -4.503787890961480578 ) ) ;
#1376 = CARTESIAN_POINT ( 'NONE',  ( 1.324243519036000016, 0.4868925981259999980, -10.22575843865999978 ) ) ;
#1377 = ORIENTED_EDGE ( 'NONE', *, *, #3, .F. ) ;
#1378 = CARTESIAN_POINT ( 'NONE',  ( 1.298525568320000101, -0.5425788756960000514, -7.077697544280000308 ) ) ;
#1379 = EDGE_CURVE ( 'NONE', #1941, #2230, #5784, .T. ) ;
#1380 = CARTESIAN_POINT ( 'NONE',  ( -0.8446880633529999516, 1.119805538327999894, -9.369775748538000215 ) ) ;
#1381 = CARTESIAN_POINT ( 'NONE',  ( 1.399999999999999911, 0.1210288699799999951, -8.746908872729999729 ) ) ;
#1382 = CARTESIAN_POINT ( 'NONE',  ( -0.4629252851460000096, 1.558718743917000049, -3.265384615385999556 ) ) ;
#1383 = VECTOR ( 'NONE', #2829, 1000.000000000000000 ) ;
#1384 = CARTESIAN_POINT ( 'NONE',  ( 1.574999999999999956, 7.702294485860999821E-15, -9.674999999999998934 ) ) ;
#1385 = CARTESIAN_POINT ( 'NONE',  ( 0.7607984106090001086, 1.816692929058000061, -10.82307692304999946 ) ) ;
#1386 = CARTESIAN_POINT ( 'NONE',  ( -0.6857873146957117472, 1.226481479432671273, -11.38064349627915561 ) ) ;
#1387 = CARTESIAN_POINT ( 'NONE',  ( 0.000000000000000000, 0.000000000000000000, -12.40000000000000036 ) ) ;
#1388 = LINE ( 'NONE', #3255, #5379 ) ;
#1389 = CARTESIAN_POINT ( 'NONE',  ( 0.7607984106090001086, 1.816692929058000061, -7.823076923062000532 ) ) ;
#1390 = EDGE_LOOP ( 'NONE', ( #5096, #5432, #3535, #1282 ) ) ;
#1391 = CARTESIAN_POINT ( 'NONE',  ( 1.252802806533999780, -0.6343800241630001002, -4.291076236664000731 ) ) ;
#1392 = DIRECTION ( 'NONE',  ( 1.000000000000000000, 0.000000000000000000, 0.000000000000000000 ) ) ;
#1393 = CARTESIAN_POINT ( 'NONE',  ( 0.3764033922019999756, -1.352576147480999857, -2.857175706324999620 ) ) ;
#1394 = B_SPLINE_CURVE_WITH_KNOTS ( 'NONE', 7,
 ( #2967, #4430, #681, #5710, #3900, #258, #3868, #2933, #2014, #2537, #5282, #4885, #4825, #3512, #1523, #2111, #1133, #1555, #5834, #3454, #228, #1650, #5314, #2996, #5805, #5378, #652, #2506, #1195, #4757, #3385, #5247, #585, #4301, #2079, #2440, #4364, #193 ),
 .UNSPECIFIED., .F., .F.,
 ( 8, 6, 6, 6, 6, 6, 8 ),
 ( 0.5000134553882513710, 0.5207587961909999619, 0.5605594592470000137, 0.6616651476020000144, 0.7516696559620000828, 0.9071783114629999867, 1.000000000000000000 ),
 .UNSPECIFIED. ) ;
#1395 = CARTESIAN_POINT ( 'NONE',  ( -1.132051209134000036, -0.8415218104170000268, -9.245336193615001363 ) ) ;
#1396 = ORIENTED_EDGE ( 'NONE', *, *, #1084, .T. ) ;
#1397 = CARTESIAN_POINT ( 'NONE',  ( -0.9779375988339998882, 1.003586490380000251, -9.567316272652000464 ) ) ;
#1398 = VERTEX_POINT ( 'NONE', #6018 ) ;
#1399 = CARTESIAN_POINT ( 'NONE',  ( -0.9944846195079999340, 0.9892012719620001393, -9.858496476791000163 ) ) ;
#1400 = VECTOR ( 'NONE', #4741, 1000.000000000000000 ) ;
#1401 = CARTESIAN_POINT ( 'NONE',  ( -1.389266498570982833, 0.2269876669205084796, -10.30911378158598524 ) ) ;
#1402 = CARTESIAN_POINT ( 'NONE',  ( -0.9844147291109999198, -1.004698750067000157, -6.232899016660000235 ) ) ;
#1403 = CARTESIAN_POINT ( 'NONE',  ( 1.340661426527000044, -0.4319693312300000310, -2.571014213943000115 ) ) ;
#1404 = CARTESIAN_POINT ( 'NONE',  ( -1.350480961717000161, 0.3750907737449999946, -6.317771360008999970 ) ) ;
#1405 = PRODUCT_DEFINITION_FORMATION_WITH_SPECIFIED_SOURCE ( 'Simétric', '', #2242, .NOT_KNOWN. ) ;
#1406 = CARTESIAN_POINT ( 'NONE',  ( 1.399999999999999911, -2.641105195205000040E-17, -5.546212107183999152 ) ) ;
#1407 = ORIENTED_EDGE ( 'NONE', *, *, #5152, .T. ) ;
#1408 = CARTESIAN_POINT ( 'NONE',  ( -3.086771334367999664, -1.478060008331000041, -6.905769230758000532 ) ) ;
#1409 = CARTESIAN_POINT ( 'NONE',  ( -0.5514677795369999913, -1.296809239266000002, -11.20319103930000004 ) ) ;
#1410 = CARTESIAN_POINT ( 'NONE',  ( -0.4629252851460000096, 1.558718743918000138, -6.265384615388000178 ) ) ;
#1411 = CARTESIAN_POINT ( 'NONE',  ( 1.363303042846000013, -0.3619773477599999567, -8.066870738650999684 ) ) ;
#1412 = CARTESIAN_POINT ( 'NONE',  ( 0.8605643098572036687, 1.119288431046658205, -2.680889703496509124 ) ) ;
#1413 = CARTESIAN_POINT ( 'NONE',  ( 1.278115283224000143, 0.5926071563470000081, -3.511680146946000391 ) ) ;
#1414 = CARTESIAN_POINT ( 'NONE',  ( 3.753850618406000095, -1.173470705913999934, -10.71346153839999893 ) ) ;
#1415 = DIRECTION ( 'NONE',  ( 0.000000000000000000, 0.000000000000000000, 1.000000000000000000 ) ) ;
#1416 = CARTESIAN_POINT ( 'NONE',  ( 1.339506902124000032, -0.4360768895320000227, -4.071254944387000307 ) ) ;
#1417 = CARTESIAN_POINT ( 'NONE',  ( 0.2420360798650000034, 1.391159319668999972, -8.934981549254999322 ) ) ;
#1418 = ORIENTED_EDGE ( 'NONE', *, *, #2887, .T. ) ;
#1419 = CARTESIAN_POINT ( 'NONE',  ( 1.399999999999999911, -0.1093294289779999928, -4.260002496670000305 ) ) ;
#1420 = CARTESIAN_POINT ( 'NONE',  ( 0.4629252851469999874, 1.558718743917000049, -3.784615384614999911 ) ) ;
#1421 = CARTESIAN_POINT ( 'NONE',  ( -0.3980634462470000190, -1.287247688920999833, -11.66957354784000067 ) ) ;
#1422 = CARTESIAN_POINT ( 'NONE',  ( 1.078493128402999934, -0.9065609588369999416, -10.60187361865999911 ) ) ;
#1423 = CARTESIAN_POINT ( 'NONE',  ( -0.4629252851460000096, -1.558718743917000049, -6.034615384617000977 ) ) ;
#1424 = ORIENTED_EDGE ( 'NONE', *, *, #4517, .F. ) ;
#1425 = EDGE_CURVE ( 'NONE', #3273, #2789, #4184, .T. ) ;
#1426 = DIRECTION ( 'NONE',  ( -0.2133083745830045286, 0.9769849217530210961, 0.000000000000000000 ) ) ;
#1427 = CARTESIAN_POINT ( 'NONE',  ( 1.328379559819000022, 0.4737067038170000299, -7.726536521269999014 ) ) ;
#1428 = CARTESIAN_POINT ( 'NONE',  ( -1.399998388898759938, 0.002198475862114497494, -9.796336760340439653 ) ) ;
#1429 = CARTESIAN_POINT ( 'NONE',  ( -1.110449745730999860, 0.8564219856689999633, -10.34849206816000056 ) ) ;
#1430 = CARTESIAN_POINT ( 'NONE',  ( 0.6655981183489999564, -1.248396408877999963, -6.132215815653999869 ) ) ;
#1431 = CARTESIAN_POINT ( 'NONE',  ( 0.7484022304109999579, 1.201808778587000193, -6.465534432374000495 ) ) ;
#1432 = CARTESIAN_POINT ( 'NONE',  ( -1.327087961219653556, 0.4778665707368926485, -10.03128613450070894 ) ) ;
#1433 = ORIENTED_EDGE ( 'NONE', *, *, #1264, .F. ) ;
#1434 = CARTESIAN_POINT ( 'NONE',  ( 1.371947677542000088, 3.024272397417999976E-15, -11.53358248788999951 ) ) ;
#1435 = FACE_OUTER_BOUND ( 'NONE', #3754, .T. ) ;
#1436 = CARTESIAN_POINT ( 'NONE',  ( 1.220220539425999950, 0.6969287893319999760, -8.712510702744999946 ) ) ;
#1437 = DIRECTION ( 'NONE',  ( -0.9118476033093435573, -3.350073746110263486E-15, 0.4105288641971548413 ) ) ;
#1438 =( BOUNDED_CURVE ( )  B_SPLINE_CURVE ( 2, ( #2768, #2678, #2219 ),
 .UNSPECIFIED., .F., .F. ) 
 B_SPLINE_CURVE_WITH_KNOTS ( ( 3, 3 ),
 ( 0.000000000000000000, 1.000000000000000000 ),
 .UNSPECIFIED. ) 
 CURVE ( )  GEOMETRIC_REPRESENTATION_ITEM ( )  RATIONAL_B_SPLINE_CURVE ( ( 1.000000000000000000, 1.073592871613074040, 1.000000000000000000 ) ) 
 REPRESENTATION_ITEM ( '' )  );
#1439 = CARTESIAN_POINT ( 'NONE',  ( 1.399999999999999911, -3.429011037612999484E-16, -7.546211797359999807 ) ) ;
#1440 = CARTESIAN_POINT ( 'NONE',  ( 1.326412534641999930, 0.4800269762539999818, -3.518586585196000094 ) ) ;
#1441 = CARTESIAN_POINT ( 'NONE',  ( -1.075240473600000080, 0.7795309783160000450, -10.70769230768999947 ) ) ;
#1442 = DIRECTION ( 'NONE',  ( -0.9769849217530210961, -0.2133083745830045286, 0.000000000000000000 ) ) ;
#1443 = CARTESIAN_POINT ( 'NONE',  ( 0.7863573582580000165, -1.168420762103999921, -5.624052980248999134 ) ) ;
#1444 = CARTESIAN_POINT ( 'NONE',  ( -3.086771334367999664, -1.478060008331000041, -7.355769230770000000 ) ) ;
#1445 = EDGE_CURVE ( 'NONE', #5868, #1968, #5569, .T. ) ;
#1446 = EDGE_LOOP ( 'NONE', ( #1224, #3955, #3931, #1396, #3089, #4208, #2710, #1163, #1649 ) ) ;
#1447 = CARTESIAN_POINT ( 'NONE',  ( 1.574999999999999956, 0.8996378962550000136, -12.12954545453999877 ) ) ;
#1448 = DIRECTION ( 'NONE',  ( 1.000000000000000000, 0.000000000000000000, 0.000000000000000000 ) ) ;
#1449 = CARTESIAN_POINT ( 'NONE',  ( -1.396283668111032217, -0.1089925100211804609, -2.997588524936315668 ) ) ;
#1450 = CARTESIAN_POINT ( 'NONE',  ( -0.8462523226690000788, -1.122331199913999988, -10.72264101476000064 ) ) ;
#1451 = EDGE_CURVE ( 'NONE', #2874, #5281, #953, .T. ) ;
#1452 = VERTEX_POINT ( 'NONE', #4214 ) ;
#1453 = CARTESIAN_POINT ( 'NONE',  ( -0.6032831737349999557, 0.6032831737349999557, -0.9202546635849999657 ) ) ;
#1454 = CARTESIAN_POINT ( 'NONE',  ( 0.000000000000000000, 0.000000000000000000, -12.40000000000000036 ) ) ;
#1455 = CARTESIAN_POINT ( 'NONE',  ( -1.399999999977819209, 3.247293668466285418E-10, -6.503788184316054100 ) ) ;
#1456 = CARTESIAN_POINT ( 'NONE',  ( 1.399999999999999911, 0.07784251815831999544, -11.24936324226000117 ) ) ;
#1457 = CARTESIAN_POINT ( 'NONE',  ( 1.400000000001000000, 0.1217171563329999956, -3.246869711824000415 ) ) ;
#1458 = CARTESIAN_POINT ( 'NONE',  ( -0.8396774035789998925, -0.9730515990390000702, -11.99138739526000030 ) ) ;
#1459 = CARTESIAN_POINT ( 'NONE',  ( 0.2881929625529999761, 1.381263910253000216, -10.14517893393999870 ) ) ;
#1460 = VERTEX_POINT ( 'NONE', #69 ) ;
#1461 = CARTESIAN_POINT ( 'NONE',  ( 3.753850618408000273, -1.173470705915000023, -7.713461538410999907 ) ) ;
#1462 = CARTESIAN_POINT ( 'NONE',  ( 0.6027534711360000852, -1.290877094839999906, -11.13642551537000003 ) ) ;
#1463 = CARTESIAN_POINT ( 'NONE',  ( 1.010351731058999780, 0.9723985700189999859, -8.692812751503002033 ) ) ;
#1464 = CARTESIAN_POINT ( 'NONE',  ( 1.574999999999999956, 5.786456125970999881E-15, -10.12500000000000000 ) ) ;
#1465 = CARTESIAN_POINT ( 'NONE',  ( 0.2417622751050000074, -1.389168992792999990, -8.657507387891000050 ) ) ;
#1466 = VECTOR ( 'NONE', #4425, 1000.000000000000000 ) ;
#1467 = CARTESIAN_POINT ( 'NONE',  ( 0.9477781216669999287, 1.051420293618000157, -3.479548984506999787 ) ) ;
#1468 = CARTESIAN_POINT ( 'NONE',  ( 0.2546260901100000362, -1.306892086972999856, -2.399999999999999911 ) ) ;
#1469 = LINE ( 'NONE', #5113, #711 ) ;
#1470 = AXIS2_PLACEMENT_3D ( 'NONE', #2497, #5824, #5795 ) ;
#1471 = CARTESIAN_POINT ( 'NONE',  ( 0.9734974821919999410, -1.020125177708000042, -5.610577290473000467 ) ) ;
#1472 = CARTESIAN_POINT ( 'NONE',  ( -1.399999999724315769, -1.986800481079686875E-14, -7.503787890649174841 ) ) ;
#1473 = EDGE_CURVE ( 'NONE', #2757, #5788, #5567, .T. ) ;
#1474 = CARTESIAN_POINT ( 'NONE',  ( 0.7272916033630000276, -1.200117888613000172, -10.83543023710999975 ) ) ;
#1475 = VECTOR ( 'NONE', #610, 1000.000000000000000 ) ;
#1476 = VERTEX_POINT ( 'NONE', #705 ) ;
#1477 = CARTESIAN_POINT ( 'NONE',  ( -1.375928859498803725, 1.806392864879113186E-10, -11.51462444456988443 ) ) ;
#1478 = CARTESIAN_POINT ( 'NONE',  ( -2.107315219971999554, 1.009060281500000045, -3.669230769227999733 ) ) ;
#1479 = B_SPLINE_CURVE_WITH_KNOTS ( 'NONE', 7,
 ( #1089, #2952, #4809, #3100, #546, #637, #2399, #4438, #87, #1939, #3794, #5670, #2892, #573, #2427, #4285, #115, #331, #4127, #3666, #2272, #4098, #2211, #5937, #5996, #5534, #1293, #1811, #5964, #1351, #4160, #4583, #356, #3214, #2240, #1746, #899, #2760 ),
 .UNSPECIFIED., .F., .F.,
 ( 8, 6, 6, 6, 6, 6, 8 ),
 ( 0.000000000000000000, 0.09500488359858000331, 0.2227466308140000073, 0.3172102124689999969, 0.4110527954300000064, 0.4807944833219999770, 0.5000052401962779003 ),
 .UNSPECIFIED. ) ;
#1480 = CARTESIAN_POINT ( 'NONE',  ( 1.338580605982000016, -0.4393418629810000309, -2.779019867788999676 ) ) ;
#1481 = CARTESIAN_POINT ( 'NONE',  ( -1.040038645214999891, -0.9417477604540001046, -9.737651273878999092 ) ) ;
#1482 = ORIENTED_EDGE ( 'NONE', *, *, #2254, .F. ) ;
#1483 = CARTESIAN_POINT ( 'NONE',  ( -0.1215851738669999904, 2.304459325135000292, -12.48863636363000040 ) ) ;
#1484 = DIRECTION ( 'NONE',  ( 1.000000000000000000, 0.000000000000000000, 0.000000000000000000 ) ) ;
#1485 = CARTESIAN_POINT ( 'NONE',  ( 1.045855938414000041, -0.9488377273680000945, -3.604903635588000199 ) ) ;
#1486 = CARTESIAN_POINT ( 'NONE',  ( -0.4629252851460000096, 1.558718743917000049, -4.765384615387000089 ) ) ;
#1487 = CARTESIAN_POINT ( 'NONE',  ( -1.340693233196999845, 0.4314076636329999825, -11.02855708372999999 ) ) ;
#1488 = CARTESIAN_POINT ( 'NONE',  ( 0.02211998522261000161, -1.409372556488999839, -6.169986885884999772 ) ) ;
#1489 = CARTESIAN_POINT ( 'NONE',  ( 0.05982296694388999914, 1.239012473264999858, -12.20911328268999796 ) ) ;
#1490 = DIRECTION ( 'NONE',  ( 0.000000000000000000, 0.000000000000000000, 1.000000000000000000 ) ) ;
#1491 = ORIENTED_EDGE ( 'NONE', *, *, #563, .T. ) ;
#1492 = CARTESIAN_POINT ( 'NONE',  ( 0.4629252851460000096, -1.558718743917000049, -7.015384615384999023 ) ) ;
#1493 = CARTESIAN_POINT ( 'NONE',  ( -0.7564725203700000122, -1.187090924807999937, -10.21634749579999912 ) ) ;
#1494 = CARTESIAN_POINT ( 'NONE',  ( -1.959418117455000274, -4.051127429915999834, -6.778846153818999909 ) ) ;
#1495 = B_SPLINE_CURVE_WITH_KNOTS ( 'NONE', 7,
 ( #569, #1023, #5326, #4346, #3913, #3009, #140, #1146, #4770, #596, #4866, #692, #3821, #3848, #3368, #5294, #3883, #1995, #2550, #5751, #2453, #2422, #4312, #5693, #5720, #1568, #4409, #1474, #1114, #2888, #2947, #4281, #631, #4738, #4836, #663, #2977, #239 ),
 .UNSPECIFIED., .F., .F.,
 ( 8, 6, 6, 6, 6, 6, 8 ),
 ( 0.5000050842729357736, 0.6008373910859999834, 0.6968379470909999984, 0.7595809330389999836, 0.8135835492390000034, 0.8675859834610000210, 1.000000000000000000 ),
 .UNSPECIFIED. ) ;
#1496 = LINE ( 'NONE', #1464, #5767 ) ;
#1497 = CARTESIAN_POINT ( 'NONE',  ( -1.399995289725165293, -0.004117851599104695171, -8.795977755815901133 ) ) ;
#1498 = CARTESIAN_POINT ( 'NONE',  ( -0.3562126434740000014, 1.362187935561999907, -3.400873082267000136 ) ) ;
#1499 = CARTESIAN_POINT ( 'NONE',  ( 2.107315219971999554, 1.009060281501999778, -10.88076923080000036 ) ) ;
#1500 = ADVANCED_FACE ( 'NONE', ( #4331 ), #302, .F. ) ;
#1501 = CARTESIAN_POINT ( 'NONE',  ( 0.000000000000000000, 0.000000000000000000, -11.40000000000000036 ) ) ;
#1502 = CARTESIAN_POINT ( 'NONE',  ( 0.7889384089499998920, -1.166775014454999981, -4.123879849662999142 ) ) ;
#1503 = CARTESIAN_POINT ( 'NONE',  ( 1.075240473600000080, -0.7795309783160000450, -6.957692307691999645 ) ) ;
#1504 = CARTESIAN_POINT ( 'NONE',  ( 0.5370639450425699346, -0.9065773509502244032, -0.7414415395848761303 ) ) ;
#1505 = VERTEX_POINT ( 'NONE', #1329 ) ;
#1506 = CARTESIAN_POINT ( 'NONE',  ( -0.7362962762339737566, -1.199388358865612236, -11.42495061906932996 ) ) ;
#1507 = DIRECTION ( 'NONE',  ( -1.000000000000000000, 0.000000000000000000, 0.000000000000000000 ) ) ;
#1508 = CARTESIAN_POINT ( 'NONE',  ( -0.2444313282644685892, -1.379235435420596678, -11.39274599766908658 ) ) ;
#1509 = CARTESIAN_POINT ( 'NONE',  ( -0.9459505325240000762, -1.044817688983999959, -10.72978050759999924 ) ) ;
#1510 = LINE ( 'NONE', #1543, #5874 ) ;
#1511 = ORIENTED_EDGE ( 'NONE', *, *, #3105, .F. ) ;
#1512 = DIRECTION ( 'NONE',  ( 0.9769849217530212071, 0.2133083745830045563, 0.000000000000000000 ) ) ;
#1513 = CARTESIAN_POINT ( 'NONE',  ( 1.574999999999999956, -3.108624468949999707E-15, -4.125000000000000000 ) ) ;
#1514 = CARTESIAN_POINT ( 'NONE',  ( 0.2426507548970000261, -1.391124859589999874, -3.657411530569000035 ) ) ;
#1515 = CARTESIAN_POINT ( 'NONE',  ( 2.562725153491999919, 0.8011194905269999333, -4.361538461547999290 ) ) ;
#1516 = ADVANCED_FACE ( 'NONE', ( #1847 ), #5974, .T. ) ;
#1517 = CARTESIAN_POINT ( 'NONE',  ( -1.075240473600000080, 0.7795309783160000450, -6.207692307692000533 ) ) ;
#1518 = CARTESIAN_POINT ( 'NONE',  ( 1.075240473600000080, -2.442490654175000051E-15, -2.399999999999999911 ) ) ;
#1519 = CARTESIAN_POINT ( 'NONE',  ( 1.317946782369000092, 0.000000000000000000, -11.79072960775999945 ) ) ;
#1520 = CARTESIAN_POINT ( 'NONE',  ( -1.075240473600000080, 0.7795309783160000450, -9.207692307691999645 ) ) ;
#1521 = ORIENTED_EDGE ( 'NONE', *, *, #4045, .T. ) ;
#1522 = EDGE_CURVE ( 'NONE', #2622, #1093, #3711, .T. ) ;
#1523 = CARTESIAN_POINT ( 'NONE',  ( -1.193095460938000008, -0.7507426713540000796, -3.251499040761000270 ) ) ;
#1524 = CARTESIAN_POINT ( 'NONE',  ( -2.107315219970999909, 1.009060281498999956, -8.169230769206999199 ) ) ;
#1525 = CARTESIAN_POINT ( 'NONE',  ( 0.003234323751484999981, -1.408032942019999956, -10.17101611184000021 ) ) ;
#1526 = CARTESIAN_POINT ( 'NONE',  ( 0.1429204551680000046, 1.399282033451999974, -8.636909700709999527 ) ) ;
#1527 = CARTESIAN_POINT ( 'NONE',  ( -1.316461564882921875, 0.1304086938195505863, -11.76916621800822327 ) ) ;
#1528 = EDGE_CURVE ( 'NONE', #3345, #3994, #1388, .T. ) ;
#1529 = CARTESIAN_POINT ( 'NONE',  ( 0.4704700873349999535, -1.323878707275999878, -8.644054887142001320 ) ) ;
#1530 = CARTESIAN_POINT ( 'NONE',  ( -1.233819399133843753, 0.6717219822030759957, -4.335869206769398687 ) ) ;
#1531 = CARTESIAN_POINT ( 'NONE',  ( -0.4629252851469999874, 1.558718743917000049, -10.76538461538999947 ) ) ;
#1532 = CARTESIAN_POINT ( 'NONE',  ( 1.399999999999999911, -3.429011037612999484E-16, -6.253788202640000016 ) ) ;
#1533 = CARTESIAN_POINT ( 'NONE',  ( -0.5750335636589999355, -0.7326707007989998743, -0.08751284532406000682 ) ) ;
#1534 = PLANE ( 'NONE',  #3048 ) ;
#1535 = EDGE_CURVE ( 'NONE', #280, #5231, #2954, .T. ) ;
#1536 = CARTESIAN_POINT ( 'NONE',  ( -1.439812932702999815, -0.4206408430269999998, -0.2303039929150000054 ) ) ;
#1537 = CARTESIAN_POINT ( 'NONE',  ( -3.753850618408000273, -1.173470705913999934, -6.386538461544000178 ) ) ;
#1538 = ORIENTED_EDGE ( 'NONE', *, *, #542, .F. ) ;
#1539 = CARTESIAN_POINT ( 'NONE',  ( -1.219877744161999900, -0.6680852305969999794, -11.47059029384000084 ) ) ;
#1540 = CARTESIAN_POINT ( 'NONE',  ( -0.7875195899310000192, -1.170120505504000041, -4.925936012643998829 ) ) ;
#1541 = CARTESIAN_POINT ( 'NONE',  ( 0.1099670592710000061, -1.398698924969000057, -11.37254543070000068 ) ) ;
#1542 = CARTESIAN_POINT ( 'NONE',  ( -1.350454188009990286, -0.3824198959107039109, -10.77425806207001457 ) ) ;
#1543 = CARTESIAN_POINT ( 'NONE',  ( 1.574999999999999956, 6.943747351164999802E-15, -11.62500000000000000 ) ) ;
#1544 = ORIENTED_EDGE ( 'NONE', *, *, #3435, .T. ) ;
#1545 = CARTESIAN_POINT ( 'NONE',  ( 0.6894253614759999760, -1.228337926031999983, -11.49090909090999801 ) ) ;
#1546 = CARTESIAN_POINT ( 'NONE',  ( 1.053826451624999994, 0.9251245036269999389, -7.696456235129999435 ) ) ;
#1547 = CARTESIAN_POINT ( 'NONE',  ( 1.363651773324999983, 0.3602673234200000074, -11.02565080579000067 ) ) ;
#1548 = CARTESIAN_POINT ( 'NONE',  ( 0.4629252851460000096, 1.558718743917000049, -5.284615384613999822 ) ) ;
#1549 = CARTESIAN_POINT ( 'NONE',  ( 0.5191674301049999940, 1.307019670602999950, -7.158898291955000381 ) ) ;
#1550 = CARTESIAN_POINT ( 'NONE',  ( -1.251214912965000092, 0.6334401820720000353, -3.041074677241999868 ) ) ;
#1551 = B_SPLINE_CURVE_WITH_KNOTS ( 'NONE', 13,
 ( #1033, #2500, #931, #3411, #2467, #5563, #3245, #5274, #1515, #122, #4751, #4818, #2759, #474, #1486, #5764, #3379, #579, #185, #1097, #3894, #4616, #2329, #1548, #4357, #5075 ),
 .UNSPECIFIED., .F., .F.,
 ( 14, 12, 14 ),
 ( 0.000000000000000000, 9.454572418137001222, 18.90914483627499720 ),
 .UNSPECIFIED. ) ;
#1552 = CARTESIAN_POINT ( 'NONE',  ( 0.04410403384666999882, -1.294677504514000210, -11.92576603307000127 ) ) ;
#1553 = CARTESIAN_POINT ( 'NONE',  ( 2.562725153500000186, -0.8011194905299999780, -9.438461538418000174 ) ) ;
#1554 = EDGE_LOOP ( 'NONE', ( #5335, #6006, #2439, #4426 ) ) ;
#1555 = CARTESIAN_POINT ( 'NONE',  ( -0.9467661402689999672, -1.044377734451999995, -3.229831987504999891 ) ) ;
#1556 = CARTESIAN_POINT ( 'NONE',  ( 0.1825606690519999964, 1.401288069728999996, -2.931591342016000024 ) ) ;
#1557 = CARTESIAN_POINT ( 'NONE',  ( 0.5412609921880000563, 1.305486310176000142, -8.660053761627001023 ) ) ;
#1558 = CARTESIAN_POINT ( 'NONE',  ( 0.4988911503659999025, -1.320498714209999980, -7.350032562408999937 ) ) ;
#1559 = CARTESIAN_POINT ( 'NONE',  ( -0.3505912629919999968, -1.204945455081999794, -12.12520107695999982 ) ) ;
#1560 = PERSON_AND_ORGANIZATION ( #18446744073709551615, #18446744073709551615 ) ;
#1561 = EDGE_CURVE ( 'NONE', #2095, #1452, #3305, .T. ) ;
#1562 = CARTESIAN_POINT ( 'NONE',  ( -1.398636243106859967, 0.07005742710924774130, -3.300194959260581928 ) ) ;
#1563 = CARTESIAN_POINT ( 'NONE',  ( -1.274392649116000253, -0.5961643314180000708, -7.261403809554999533 ) ) ;
#1564 = CARTESIAN_POINT ( 'NONE',  ( 1.399999999999999911, 1.371604415045000014E-15, -7.046212107184000040 ) ) ;
#1565 = DIRECTION ( 'NONE',  ( -0.9769849217530210961, -0.2133083745830045286, 0.000000000000000000 ) ) ;
#1566 = CARTESIAN_POINT ( 'NONE',  ( -3.086771334365999930, 1.478060008329000086, -4.944230769213000976 ) ) ;
#1567 = CARTESIAN_POINT ( 'NONE',  ( 1.114408847255000001, -2.661071112482999990, -7.701923076917999822 ) ) ;
#1568 = CARTESIAN_POINT ( 'NONE',  ( 0.6069753035520000228, -1.263402416125999794, -10.84314403720999920 ) ) ;
#1569 = DIRECTION ( 'NONE',  ( 0.9769849217530210961, -0.2133083745830045286, 0.000000000000000000 ) ) ;
#1570 = ORIENTED_EDGE ( 'NONE', *, *, #4508, .F. ) ;
#1571 = CARTESIAN_POINT ( 'NONE',  ( -0.1523285295160000108, -1.396165788578000111, -7.887435875438001176 ) ) ;
#1572 = CARTESIAN_POINT ( 'NONE',  ( -0.07337923039489999133, -1.401786249578999888, -4.882952408975999248 ) ) ;
#1573 = CIRCLE ( 'NONE', #3526, 4.948166881526999461 ) ;
#1574 = CARTESIAN_POINT ( 'NONE',  ( 0.2423438341689999886, -1.391178360217000032, -9.657429087889999764 ) ) ;
#1575 = CARTESIAN_POINT ( 'NONE',  ( 0.006384529174817000184, 1.406239150922000025, -5.129169638105000928 ) ) ;
#1576 = AXIS2_PLACEMENT_3D ( 'NONE', #3019, #1977, #2006 ) ;
#1577 = ORIENTED_EDGE ( 'NONE', *, *, #3873, .F. ) ;
#1578 = DIRECTION ( 'NONE',  ( 0.2055172342865889956, 0.000000000000000000, 0.9786534966019337922 ) ) ;
#1579 = CARTESIAN_POINT ( 'NONE',  ( -1.339251455165999971, 0.4347329565320000033, -7.528759276496000297 ) ) ;
#1580 = CARTESIAN_POINT ( 'NONE',  ( -0.8259525346129998891, -1.132666287204000088, -3.721354189548000235 ) ) ;
#1581 = CARTESIAN_POINT ( 'NONE',  ( 0.2958970860050000318, 1.376547824011999932, -3.938066210623999641 ) ) ;
#1582 = CARTESIAN_POINT ( 'NONE',  ( -0.7607984106090001086, 1.816692929060999884, -6.726923076926999201 ) ) ;
#1583 = CARTESIAN_POINT ( 'NONE',  ( -0.03777144083231999405, 1.409224929822999961, -3.126633346118000478 ) ) ;
#1584 = CARTESIAN_POINT ( 'NONE',  ( -1.399997721583075672, 0.002561607849416543646, -3.503933786818117291 ) ) ;
#1585 = CARTESIAN_POINT ( 'NONE',  ( -3.753850618406000095, -1.173470705918999935, -9.836538461561000091 ) ) ;
#1586 = ORIENTED_EDGE ( 'NONE', *, *, #3080, .F. ) ;
#1587 = CARTESIAN_POINT ( 'NONE',  ( -0.5750335636589999355, 0.7326707007989998743, -0.08751284532406000682 ) ) ;
#1588 = DIRECTION ( 'NONE',  ( 0.000000000000000000, 0.000000000000000000, 1.000000000000000000 ) ) ;
#1589 = CARTESIAN_POINT ( 'NONE',  ( -1.062012346293999876, 0.9275225710939999368, -10.56093560982000135 ) ) ;
#1590 = CARTESIAN_POINT ( 'NONE',  ( 1.399999999999999911, -3.429011037612999484E-16, -7.253788184291999563 ) ) ;
#1591 = CARTESIAN_POINT ( 'NONE',  ( -1.386841351723000049, -0.2446110665800000361, -8.782303177541999517 ) ) ;
#1592 = COORDINATED_UNIVERSAL_TIME_OFFSET ( 3, 0, .BEHIND. ) ;
#1593 = EDGE_CURVE ( 'NONE', #3400, #5544, #2419, .T. ) ;
#1594 = CARTESIAN_POINT ( 'NONE',  ( -1.400000000971515890, 0.1162800036393752956, -4.302821199827538301 ) ) ;
#1595 = CARTESIAN_POINT ( 'NONE',  ( 1.212590750626999947, 0.7105668824659999716, -6.004048941034000109 ) ) ;
#1596 = CARTESIAN_POINT ( 'NONE',  ( 0.4180909042829999978, -1.338988172234000018, -6.354705385775000437 ) ) ;
#1597 = CARTESIAN_POINT ( 'NONE',  ( 2.799999999999999822, 0.000000000000000000, -2.399999999999999911 ) ) ;
#1598 = AXIS2_PLACEMENT_3D ( 'NONE', #3886, #5754, #3286 ) ;
#1599 = CARTESIAN_POINT ( 'NONE',  ( -2.107315219975999909, -1.009060281503999956, -4.130769230774999912 ) ) ;
#1600 = CARTESIAN_POINT ( 'NONE',  ( 0.7607984106080000197, -1.816692929058999928, -7.476923076917999289 ) ) ;
#1601 = CARTESIAN_POINT ( 'NONE',  ( 0.000000000000000000, 0.000000000000000000, -12.40000000000000036 ) ) ;
#1602 = CARTESIAN_POINT ( 'NONE',  ( -0.6780876855060000707, -2.283193464108999926, -5.809615384616000355 ) ) ;
#1603 = CC_DESIGN_SECURITY_CLASSIFICATION ( #1897, ( #1405 ) ) ;
#1604 = ORIENTED_EDGE ( 'NONE', *, *, #5591, .F. ) ;
#1605 = CARTESIAN_POINT ( 'NONE',  ( 0.000000000000000000, 0.000000000000000000, -12.40000000000000036 ) ) ;
#1606 = CARTESIAN_POINT ( 'NONE',  ( 0.2866001767339999562, -1.373716290842000198, -4.862417425387000058 ) ) ;
#1607 = CARTESIAN_POINT ( 'NONE',  ( 1.399999999999999911, -3.429011037612999484E-16, -9.546211815708000259 ) ) ;
#1608 = CARTESIAN_POINT ( 'NONE',  ( 0.9565971262129999708, 1.034313236836999828, -5.188202959975999562 ) ) ;
#1609 = ORIENTED_EDGE ( 'NONE', *, *, #264, .F. ) ;
#1610 = CARTESIAN_POINT ( 'NONE',  ( -1.399980811277290460, -0.009596897599382146413, -5.503242707914017373 ) ) ;
#1611 = CARTESIAN_POINT ( 'NONE',  ( -0.4629252851460000096, 1.558718743917000049, -4.765384615387000089 ) ) ;
#1612 = CARTESIAN_POINT ( 'NONE',  ( 1.062509834217000071, 0.9255544992660000858, -10.98914553214999934 ) ) ;
#1613 = CARTESIAN_POINT ( 'NONE',  ( -0.001044067907620000075, 1.408608967734000128, -4.921138295737000234 ) ) ;
#1614 = CARTESIAN_POINT ( 'NONE',  ( 0.9721131143869999880, 1.022231116572999809, -7.189266431174999639 ) ) ;
#1615 = B_SPLINE_CURVE_WITH_KNOTS ( 'NONE', 7,
 ( #4701, #2902, #4642, #3778, #1376, #5560, #3724, #980, #6022, #4669, #4269, #3354, #1898, #5132, #5651, #5215, #4726, #1459, #527, #71, #5102, #1037, #3807, #5680, #556, #3242, #4755, #1432, #5593, #3272, #3324, #2299 ),
 .UNSPECIFIED., .F., .F.,
 ( 8, 6, 6, 6, 6, 8 ),
 ( 0.000000000000000000, 0.09811114489915999382, 0.1400794183769999979, 0.2480801977629999988, 0.4037331745019999696, 0.4999790056113105341 ),
 .UNSPECIFIED. ) ;
#1616 = CARTESIAN_POINT ( 'NONE',  ( -1.345377065949999951, 0.4044610663079999946, -3.027028138766000076 ) ) ;
#1617 = EDGE_CURVE ( 'NONE', #2837, #2821, #3740, .T. ) ;
#1618 = CARTESIAN_POINT ( 'NONE',  ( 0.6472121172899999442, 1.248465321465000111, -3.666826941699999676 ) ) ;
#1619 = CARTESIAN_POINT ( 'NONE',  ( -0.4629252851460000096, -1.558718743917000049, -9.034615384618998490 ) ) ;
#1620 = VERTEX_POINT ( 'NONE', #3396 ) ;
#1621 = FACE_OUTER_BOUND ( 'NONE', #4853, .T. ) ;
#1622 = CARTESIAN_POINT ( 'NONE',  ( 1.324233963538000047, 0.4869226064369999718, -3.018179155624999943 ) ) ;
#1623 = CARTESIAN_POINT ( 'NONE',  ( 1.399999999999999911, 0.1389863649179999827, -10.74588811757000073 ) ) ;
#1624 = CARTESIAN_POINT ( 'NONE',  ( -1.349812049699725014, -0.3848493184308942050, -7.481688114048486327 ) ) ;
#1625 = CARTESIAN_POINT ( 'NONE',  ( 0.000000000000000000, 0.000000000000000000, 0.000000000000000000 ) ) ;
#1626 = DIRECTION ( 'NONE',  ( 1.000000000000000000, 0.000000000000000000, 0.000000000000000000 ) ) ;
#1627 = CARTESIAN_POINT ( 'NONE',  ( 0.4235323349389999992, 1.355171071320999898, -5.945377477392000287 ) ) ;
#1628 = CARTESIAN_POINT ( 'NONE',  ( 0.8398958764139999866, -1.123505307867999958, -6.327707087443999789 ) ) ;
#1629 = CARTESIAN_POINT ( 'NONE',  ( 1.077425440176000171, -0.8983372064949999292, -10.30909510212999969 ) ) ;
#1630 = CARTESIAN_POINT ( 'NONE',  ( 2.562725153498000008, -0.8011194905319999338, -4.938461538448000177 ) ) ;
#1631 = CARTESIAN_POINT ( 'NONE',  ( -0.1706000657019999811, 1.296494622540999897, -11.86665123881000028 ) ) ;
#1632 = CARTESIAN_POINT ( 'NONE',  ( 3.753850618405000006, -1.173470705913999934, -9.213461538399998929 ) ) ;
#1633 = CARTESIAN_POINT ( 'NONE',  ( 1.337377944151000086, -0.4435432077700000031, -5.779266344957000534 ) ) ;
#1634 = ORIENTED_EDGE ( 'NONE', *, *, #5907, .T. ) ;
#1635 = CARTESIAN_POINT ( 'NONE',  ( 0.1519105207320000095, -1.393387210071999949, -9.370141330427999904 ) ) ;
#1636 = CARTESIAN_POINT ( 'NONE',  ( -1.267512944234338024, -0.6167371068708157322, -4.967772470414053565 ) ) ;
#1637 = CARTESIAN_POINT ( 'NONE',  ( -1.399956132980952228, 0.01147166404139849001, -6.004439958897692442 ) ) ;
#1638 = CARTESIAN_POINT ( 'NONE',  ( 0.6032831737349999557, -0.6032831737349999557, -0.4196563988270000101 ) ) ;
#1639 = ORIENTED_EDGE ( 'NONE', *, *, #5522, .F. ) ;
#1640 = CARTESIAN_POINT ( 'NONE',  ( -1.399942436718583760, -0.01439520370085074254, -5.502969963867538894 ) ) ;
#1641 = EDGE_CURVE ( 'NONE', #2631, #2174, #1910, .T. ) ;
#1642 = CARTESIAN_POINT ( 'NONE',  ( 0.6780876855060000707, 2.283193464108999926, -5.509615384615000444 ) ) ;
#1643 = CARTESIAN_POINT ( 'NONE',  ( -1.095189539451776106, -0.7726505287373577335, -11.71733502035407071 ) ) ;
#1644 = CARTESIAN_POINT ( 'NONE',  ( 0.7000634426809999589, 1.234009420272999868, -4.962293755925999861 ) ) ;
#1645 = CARTESIAN_POINT ( 'NONE',  ( -2.107315219973999731, -1.009060281501999778, -5.630769230764999911 ) ) ;
#1646 = CARTESIAN_POINT ( 'NONE',  ( -0.7607984106070000418, -1.816692929058000061, -2.573076923079000267 ) ) ;
#1647 = CARTESIAN_POINT ( 'NONE',  ( -1.399999848094565902, 0.0008538708657743061510, -3.503836718531460281 ) ) ;
#1648 = DIRECTION ( 'NONE',  ( 0.000000000000000000, 0.000000000000000000, 1.000000000000000000 ) ) ;
#1649 = ORIENTED_EDGE ( 'NONE', *, *, #3509, .T. ) ;
#1650 = CARTESIAN_POINT ( 'NONE',  ( -0.4337442617990000526, -1.340765056751000106, -3.196103760153000017 ) ) ;
#1651 = CARTESIAN_POINT ( 'NONE',  ( 1.253637062379999945, -0.6326757071319999426, -10.08339431607000058 ) ) ;
#1652 = CARTESIAN_POINT ( 'NONE',  ( -1.256561565023999849, 0.6246229405309999816, -10.54048857813999973 ) ) ;
#1653 = DIRECTION ( 'NONE',  ( 0.9769849217530210961, 0.2133083745830045286, 0.000000000000000000 ) ) ;
#1654 = CARTESIAN_POINT ( 'NONE',  ( -1.399999999999999911, 1.714505518806294391E-16, -11.40000000000000036 ) ) ;
#1655 = CARTESIAN_POINT ( 'NONE',  ( 1.399999999999999911, -3.429011037612999484E-16, -4.753788202640000016 ) ) ;
#1656 = CARTESIAN_POINT ( 'NONE',  ( -0.3688156129953658047, -1.350546202900516413, -2.399999999999920419 ) ) ;
#1657 = CARTESIAN_POINT ( 'NONE',  ( 0.4820976679519999863, -1.316125584346000021, -6.350848442022999585 ) ) ;
#1658 = CARTESIAN_POINT ( 'NONE',  ( 0.04497555731550000047, -1.402294065436000103, -11.37623550087999824 ) ) ;
#1659 = CARTESIAN_POINT ( 'NONE',  ( 1.399999999999999911, -3.429011037612999484E-16, -10.25378818429000205 ) ) ;
#1660 = CARTESIAN_POINT ( 'NONE',  ( -3.753850618405000006, -1.173470705918000068, -4.886538461566000358 ) ) ;
#1661 = CARTESIAN_POINT ( 'NONE',  ( 3.086771334363999753, 1.478060008326999908, -8.105769230798999914 ) ) ;
#1662 = CARTESIAN_POINT ( 'NONE',  ( 4.163336342343999394E-15, 0.000000000000000000, -5.000000000000000000 ) ) ;
#1663 = ORIENTED_EDGE ( 'NONE', *, *, #1279, .T. ) ;
#1664 = CARTESIAN_POINT ( 'NONE',  ( 0.2195579873179999975, -1.385454304258000091, -7.866276105380999084 ) ) ;
#1665 = CARTESIAN_POINT ( 'NONE',  ( -1.254498903928999987, 0.6308194232109999300, -8.333275650026997994 ) ) ;
#1666 = CARTESIAN_POINT ( 'NONE',  ( -0.7607984106070000418, -1.816692929058999928, -7.073076923076000000 ) ) ;
#1667 = CONICAL_SURFACE ( 'NONE', #4003, 1.399999999999999911, 0.2069921942200000364 ) ;
#1668 = CARTESIAN_POINT ( 'NONE',  ( 0.4023522506890000461, 1.354103818100000023, -5.151763532041999660 ) ) ;
#1669 = AXIS2_PLACEMENT_3D ( 'NONE', #2526, #766, #2623 ) ;
#1670 = ORIENTED_EDGE ( 'NONE', *, *, #3954, .T. ) ;
#1671 = CARTESIAN_POINT ( 'NONE',  ( -1.399999999933211337, -3.903914808767054766E-08, -4.296211813469565044 ) ) ;
#1672 = CARTESIAN_POINT ( 'NONE',  ( -1.114408847256000090, 2.661071112481999901, -5.451923076923999467 ) ) ;
#1673 = CARTESIAN_POINT ( 'NONE',  ( -0.8133719646710000362, -1.070306221976999872, -11.69501922186999998 ) ) ;
#1674 = CARTESIAN_POINT ( 'NONE',  ( -1.254509478773000009, 0.6307991393949999859, -3.833274352347999958 ) ) ;
#1675 = CARTESIAN_POINT ( 'NONE',  ( -1.399999996939706115, -0.007352618566694721532, -4.003370274509739701 ) ) ;
#1676 = CARTESIAN_POINT ( 'NONE',  ( -1.959418117461999786, -4.051127429911000277, -3.328846153845999911 ) ) ;
#1677 = AXIS2_PLACEMENT_3D ( 'NONE', #5827, #4913, #251 ) ;
#1678 = DIRECTION ( 'NONE',  ( 0.000000000000000000, 0.000000000000000000, 1.000000000000000000 ) ) ;
#1679 = CARTESIAN_POINT ( 'NONE',  ( 1.075240473600000080, 4.931528142395999563E-15, -11.40000000000000036 ) ) ;
#1680 = VERTEX_POINT ( 'NONE', #2612 ) ;
#1681 = CARTESIAN_POINT ( 'NONE',  ( 0.5279233240680000216, 1.307965213695999829, -6.659294908890000642 ) ) ;
#1682 = CARTESIAN_POINT ( 'NONE',  ( -0.1329622329300000072, -1.404343263120999996, -8.886321463318999747 ) ) ;
#1683 = CARTESIAN_POINT ( 'NONE',  ( -0.4807054491309999955, 1.119592179285999967, -12.30348565805999961 ) ) ;
#1684 = CARTESIAN_POINT ( 'NONE',  ( 0.9738689018689999921, 1.008043693859999923, -4.189918202921000479 ) ) ;
#1685 = PERSON_AND_ORGANIZATION_ROLE ( 'classification_officer' ) ;
#1686 = CARTESIAN_POINT ( 'NONE',  ( -1.730252897596999961, -0.5685098153829999390, -11.62727272725999939 ) ) ;
#1687 = CARTESIAN_POINT ( 'NONE',  ( -0.3121967498793685736, -1.358582424750256479, -2.399999999999999467 ) ) ;
#1688 = CARTESIAN_POINT ( 'NONE',  ( 0.4257022768380000488, -1.347224643829999957, -4.646849757799000002 ) ) ;
#1689 = CC_DESIGN_DATE_AND_TIME_ASSIGNMENT ( #1139, #3001, ( #1897 ) ) ;
#1690 = CARTESIAN_POINT ( 'NONE',  ( 1.248416517788999869, -0.6432501803969999932, -2.791636359209999974 ) ) ;
#1691 = CARTESIAN_POINT ( 'NONE',  ( 1.387770557829999918, -0.2423002743730000019, -5.059984124452000742 ) ) ;
#1692 = CARTESIAN_POINT ( 'NONE',  ( 0.7607984106070000418, -1.816692929059999795, -4.476923076927000089 ) ) ;
#1693 = CARTESIAN_POINT ( 'NONE',  ( -3.753850618409000361, -1.173470705918999935, -8.336538461568999026 ) ) ;
#1694 = CARTESIAN_POINT ( 'NONE',  ( -0.4629252851460000096, -1.558718743917000049, -9.034615384618998490 ) ) ;
#1695 = EDGE_CURVE ( 'NONE', #4177, #5926, #4365, .T. ) ;
#1696 = VERTEX_POINT ( 'NONE', #2547 ) ;
#1697 = CARTESIAN_POINT ( 'NONE',  ( 0.1520532791289999908, -1.393371638794999923, -7.870133177542999015 ) ) ;
#1698 = CARTESIAN_POINT ( 'NONE',  ( -0.5727971224530000738, -1.283142782150000105, -3.412215250051000126 ) ) ;
#1699 = CIRCLE ( 'NONE', #3071, 1.500000000000000000 ) ;
#1700 = CARTESIAN_POINT ( 'NONE',  ( 0.6892106503089999725, 1.240731828488000010, -6.169153355977999631 ) ) ;
#1701 = CARTESIAN_POINT ( 'NONE',  ( 0.5750335636589999355, -0.7326707007989998743, -0.08751284532406000682 ) ) ;
#1702 = ORIENTED_EDGE ( 'NONE', *, *, #2332, .F. ) ;
#1703 = CARTESIAN_POINT ( 'NONE',  ( 0.9260578653859999898, -1.061978981405000022, -5.321716745489999845 ) ) ;
#1704 = CARTESIAN_POINT ( 'NONE',  ( -1.959418117459000186, 4.051127429914999745, -4.471153846132001064 ) ) ;
#1705 = DIRECTION ( 'NONE',  ( 0.000000000000000000, 0.000000000000000000, 1.000000000000000000 ) ) ;
#1706 = CARTESIAN_POINT ( 'NONE',  ( 1.226839971214999991, 0.6848084022950000627, -5.005713976971000179 ) ) ;
#1707 = CARTESIAN_POINT ( 'NONE',  ( -1.211083777262000227, -0.7117453270369999974, -3.961522686049999908 ) ) ;
#1708 = CARTESIAN_POINT ( 'NONE',  ( 0.000000000000000000, 0.000000000000000000, -11.40000000000000036 ) ) ;
#1709 = EDGE_CURVE ( 'NONE', #758, #3011, #5814, .T. ) ;
#1710 = CARTESIAN_POINT ( 'NONE',  ( -2.534454738845999699, -0.8327467029110000585, -11.40227272725999974 ) ) ;
#1711 = ORIENTED_EDGE ( 'NONE', *, *, #4674, .F. ) ;
#1712 = CARTESIAN_POINT ( 'NONE',  ( 1.399999999999999911, -3.429011037612999484E-16, -11.04621181569999955 ) ) ;
#1713 = CARTESIAN_POINT ( 'NONE',  ( 0.5029431775129999949, -1.318634353243000046, -8.849782012803999010 ) ) ;
#1714 = CARTESIAN_POINT ( 'NONE',  ( -1.399998442626011252, 0.002161507645729879735, -5.296334659038964610 ) ) ;
#1715 = CARTESIAN_POINT ( 'NONE',  ( 1.362093494697000029, 0.3678441974000000170, -4.232791592919999957 ) ) ;
#1716 = CARTESIAN_POINT ( 'NONE',  ( 0.3656976696600000021, -1.220123583726000049, -12.08341574515999994 ) ) ;
#1717 = EDGE_CURVE ( 'NONE', #64, #2647, #3465, .T. ) ;
#1718 = CARTESIAN_POINT ( 'NONE',  ( -1.399960671943845325, 0.01064252111400610344, -4.504392829296592460 ) ) ;
#1719 = DIRECTION ( 'NONE',  ( 1.000000000000000000, 0.000000000000000000, 1.319112643190696996E-15 ) ) ;
#1720 = FACE_OUTER_BOUND ( 'NONE', #2681, .T. ) ;
#1721 = EDGE_CURVE ( 'NONE', #2779, #3770, #2025, .T. ) ;
#1722 = CARTESIAN_POINT ( 'NONE',  ( 0.3840526389240000449, 1.355564603287000125, -9.443222059373001187 ) ) ;
#1723 = CYLINDRICAL_SURFACE ( 'NONE', #3798, 1.399999999999999911 ) ;
#1724 = CARTESIAN_POINT ( 'NONE',  ( 2.107315219974999820, -1.009060281500999912, -2.919230769239999912 ) ) ;
#1725 = CARTESIAN_POINT ( 'NONE',  ( -1.574999999999999956, 1.141848099093000002, -8.982692307690999911 ) ) ;
#1726 = CARTESIAN_POINT ( 'NONE',  ( 0.7491704415940000361, 1.198697829702000117, -5.673249301121999544 ) ) ;
#1727 = CARTESIAN_POINT ( 'NONE',  ( -0.9452202035440000483, 1.034921034137999962, -11.36231106844000038 ) ) ;
#1728 = CARTESIAN_POINT ( 'NONE',  ( 1.173364159889000113, -0.7936731019530000042, -3.301069936508000069 ) ) ;
#1729 = CARTESIAN_POINT ( 'NONE',  ( 1.275376165558000041, 0.5989519375420000458, -9.218868081635999800 ) ) ;
#1730 = ADVANCED_FACE ( 'NONE', ( #754 ), #5065, .F. ) ;
#1731 = VERTEX_POINT ( 'NONE', #2213 ) ;
#1732 = PLANE ( 'NONE',  #510 ) ;
#1733 = DIRECTION ( 'NONE',  ( 0.000000000000000000, 0.000000000000000000, 1.000000000000000000 ) ) ;
#1734 = CARTESIAN_POINT ( 'NONE',  ( 0.2723005966509999820, 1.386122986216000053, -8.144232763743000092 ) ) ;
#1735 = CARTESIAN_POINT ( 'NONE',  ( -0.8223899153899999481, -1.155176252263999892, -3.928005571862000611 ) ) ;
#1736 = CARTESIAN_POINT ( 'NONE',  ( -1.242781645977999894, -0.6552187975640000328, -5.965160567198999786 ) ) ;
#1737 = CARTESIAN_POINT ( 'NONE',  ( 0.9750231198812265854, 0.6675542128395941521, -12.40000000000000036 ) ) ;
#1738 = ORIENTED_EDGE ( 'NONE', *, *, #1522, .F. ) ;
#1739 = CARTESIAN_POINT ( 'NONE',  ( -1.399998442389868591, 0.002161671399397179383, -5.003911054289384097 ) ) ;
#1740 = CARTESIAN_POINT ( 'NONE',  ( 0.6032831737349999557, -0.6032831737349999557, -0.4196563988270000101 ) ) ;
#1741 = CARTESIAN_POINT ( 'NONE',  ( -1.041168336649999970, 0.9407443344700000543, -5.354681235279000084 ) ) ;
#1742 = CARTESIAN_POINT ( 'NONE',  ( 0.7681666161769999945, -1.199831364358000085, -6.625918630960000222 ) ) ;
#1743 = CARTESIAN_POINT ( 'NONE',  ( -1.388647265848999890, 0.2248917369070000116, -4.516575901695000006 ) ) ;
#1744 = CARTESIAN_POINT ( 'NONE',  ( 0.2455241616970000318, -1.388838692922999885, -7.157295372091000196 ) ) ;
#1745 = CARTESIAN_POINT ( 'NONE',  ( 0.000000000000000000, 0.000000000000000000, -12.40000000000000036 ) ) ;
#1746 = CARTESIAN_POINT ( 'NONE',  ( -1.399514413107003197, 0.04827850066714106658, -7.798956357515264948 ) ) ;
#1747 = CARTESIAN_POINT ( 'NONE',  ( 0.6780876855060000707, -2.283193464110000015, -5.740384615384999556 ) ) ;
#1748 = CARTESIAN_POINT ( 'NONE',  ( 2.107315219972999643, 1.009060281501999778, -3.380769230776000001 ) ) ;
#1749 = CARTESIAN_POINT ( 'NONE',  ( 1.574999999999999956, 4.884981308350999589E-15, -8.175000000000000711 ) ) ;
#1750 = CARTESIAN_POINT ( 'NONE',  ( 1.250052943721999821, 0.4694876938349999418, -11.75914416783000149 ) ) ;
#1751 = CARTESIAN_POINT ( 'NONE',  ( -1.959418117455000274, 4.051127429909000099, -10.02115384613999893 ) ) ;
#1752 = DIRECTION ( 'NONE',  ( 0.000000000000000000, 0.000000000000000000, 1.000000000000000000 ) ) ;
#1753 = FACE_OUTER_BOUND ( 'NONE', #2718, .T. ) ;
#1754 = CARTESIAN_POINT ( 'NONE',  ( -1.156410568892999979, 0.7938287757460000815, -9.051666010182000122 ) ) ;
#1755 = VERTEX_POINT ( 'NONE', #4585 ) ;
#1756 = CARTESIAN_POINT ( 'NONE',  ( -1.274648078144000163, -0.5972596451499999626, -8.468933199993999850 ) ) ;
#1757 = CARTESIAN_POINT ( 'NONE',  ( -1.131423820609000153, 0.8331218368589999868, -10.84673687129000008 ) ) ;
#1758 = CARTESIAN_POINT ( 'NONE',  ( -0.9779450698439999812, 1.003579265163000001, -8.067315682353999762 ) ) ;
#1759 = CC_DESIGN_PERSON_AND_ORGANIZATION_ASSIGNMENT ( #5319, #1685, ( #1897 ) ) ;
#1760 = DIRECTION ( 'NONE',  ( -0.2055172342865889956, 2.516860231386878999E-17, 0.9786534966019337922 ) ) ;
#1761 = B_SPLINE_CURVE_WITH_KNOTS ( 'NONE', 7,
 ( #1907, #3334, #5633, #5688, #1440, #1413, #5140, #1958, #1467, #5168, #2852, #79, #2416, #4276, #2391, #1932, #5194, #1498, #3362, #3517, #686, #3065, #624, #4798, #5384, #5254, #5354, #5840, #3461, #2512, #2147, #5745, #265, #4894, #1562, #2021, #4830, #3392 ),
 .UNSPECIFIED., .F., .F.,
 ( 8, 6, 6, 6, 6, 6, 8 ),
 ( 0.000000000000000000, 0.09669258774897999953, 0.2249050319349999993, 0.3169886106690000260, 0.4129432773789999955, 0.4814256653060000057, 0.5000134553882513710 ),
 .UNSPECIFIED. ) ;
#1762 = VECTOR ( 'NONE', #2880, 1000.000000000000000 ) ;
#1763 = CARTESIAN_POINT ( 'NONE',  ( 1.331179521397999999, -0.4645476005259999708, -9.072923885440999925 ) ) ;
#1764 = ORIENTED_EDGE ( 'NONE', *, *, #2281, .T. ) ;
#1765 = CARTESIAN_POINT ( 'NONE',  ( -1.337679787040999990, -2.765673762766000188, -11.05384615378000035 ) ) ;
#1766 = VERTEX_POINT ( 'NONE', #934 ) ;
#1767 = CARTESIAN_POINT ( 'NONE',  ( -0.8381558696059999702, 1.128664718252000210, -5.077977621037000233 ) ) ;
#1768 = B_SPLINE_CURVE_WITH_KNOTS ( 'NONE', 7,
 ( #26, #5170, #4679, #509, #2369, #4226, #538, #3364, #1846, #991, #57, #2854, #3762, #3705, #2393, #4254, #1960, #1934, #81, #4278, #5196, #1020, #2883, #1596, #1657, #3878, #5322, #3520, #3845, #1628, #5842, #5386, #1172, #2449, #4832, #2578, #2545, #1532 ),
 .UNSPECIFIED., .F., .F.,
 ( 8, 6, 6, 6, 6, 6, 8 ),
 ( 0.5000051029819411186, 0.6008502351700000244, 0.6968507946120000573, 0.7595996687149999538, 0.8136022862679999079, 0.8676047218639999503, 1.000000000000000000 ),
 .UNSPECIFIED. ) ;
#1769 = VECTOR ( 'NONE', #511, 1000.000000000000000 ) ;
#1770 = CARTESIAN_POINT ( 'NONE',  ( 0.8880207382539999639, 1.110552988106000116, -10.47481853790000095 ) ) ;
#1771 = CARTESIAN_POINT ( 'NONE',  ( -1.163930984263999990, 0.7808761886820000386, -5.343238150858001134 ) ) ;
#1772 = CARTESIAN_POINT ( 'NONE',  ( -0.2839908324089999714, 1.374258096778999905, -4.112568544563000472 ) ) ;
#1773 = CARTESIAN_POINT ( 'NONE',  ( 0.9677417046830000258, 1.027931595295999978, -6.481282725901000852 ) ) ;
#1774 = CIRCLE ( 'NONE', #3332, 0.9313806714460000080 ) ;
#1775 = DATE_AND_TIME ( #5041, #4235 ) ;
#1776 = CARTESIAN_POINT ( 'NONE',  ( -1.026647369640000029, 1.378536982479000139, -11.71818181817000060 ) ) ;
#1777 = CARTESIAN_POINT ( 'NONE',  ( 0.5315463462499999681, -1.301390539587000017, -6.847951784809999332 ) ) ;
#1778 = CARTESIAN_POINT ( 'NONE',  ( 1.121169222555000067, -0.8428310133609999699, -4.597510711188999899 ) ) ;
#1779 = CARTESIAN_POINT ( 'NONE',  ( 1.387360466013999982, 0.2463291004420000430, -9.532210344553000425 ) ) ;
#1780 = CARTESIAN_POINT ( 'NONE',  ( -0.1905098906260000169, -1.396259587682000092, -5.182023796831000340 ) ) ;
#1781 = CARTESIAN_POINT ( 'NONE',  ( -1.114408847255000001, 2.661071112481999901, -3.951923076924999556 ) ) ;
#1782 = B_SPLINE_CURVE_WITH_KNOTS ( 'NONE', 7,
 ( #3304, #1930, #2794, #477, #3783, #986, #3331, #532, #2333, #1872, #3730, #5598, #3277, #5138, #961, #5192, #1015, #3147, #5585, #1339, #5493, #886, #5126, #5462, #3233, #1397, #3265, #2781, #4059, #402, #4178, #4148, #5006, #5524, #3717, #1312, #4635, #858, #5095, #3625, #372, #3204, #920, #949 ),
 .UNSPECIFIED., .F., .F.,
 ( 8, 6, 6, 6, 6, 6, 6, 8 ),
 ( 0.000000000000000000, 0.06194825656769999828, 0.1588696975560000002, 0.2642940546220000075, 0.3661736455310000138, 0.4135751009909999776, 0.4996552247180000017, 0.5000050868217574829 ),
 .UNSPECIFIED. ) ;
#1783 = CARTESIAN_POINT ( 'NONE',  ( -0.7019016145319577626, 1.214767677408217894, -2.587101083858424744 ) ) ;
#1784 = CARTESIAN_POINT ( 'NONE',  ( 1.273164264355999942, 0.6040176860770000156, -5.718556701531000819 ) ) ;
#1785 = FACE_OUTER_BOUND ( 'NONE', #2923, .T. ) ;
#1786 = EDGE_CURVE ( 'NONE', #3770, #1505, #1957, .T. ) ;
#1787 = CARTESIAN_POINT ( 'NONE',  ( 0.8400239518319999599, -1.123409551482000168, -3.327698015968000078 ) ) ;
#1788 = DIRECTION ( 'NONE',  ( 0.000000000000000000, 0.000000000000000000, 1.000000000000000000 ) ) ;
#1789 = CARTESIAN_POINT ( 'NONE',  ( -1.388904165782999911, 0.2234685091709999738, -9.016494184967999814 ) ) ;
#1790 = VERTEX_POINT ( 'NONE', #386 ) ;
#1791 = CARTESIAN_POINT ( 'NONE',  ( -0.9325114258520000865, -1.045770429589000017, -8.436739188134000145 ) ) ;
#1792 = CARTESIAN_POINT ( 'NONE',  ( 0.8482086674890000344, -1.118786732262999850, -2.827177530631000302 ) ) ;
#1793 = CARTESIAN_POINT ( 'NONE',  ( -1.397158758097852616, 0.09531239506949007456, -4.801632541562265821 ) ) ;
#1794 = ADVANCED_FACE ( 'NONE', ( #1842 ), #1265, .F. ) ;
#1795 = CARTESIAN_POINT ( 'NONE',  ( 1.390244774198000188, -0.2163994090080000043, -3.766088023922999906 ) ) ;
#1796 = AXIS2_PLACEMENT_3D ( 'NONE', #2720, #1228, #4062 ) ;
#1797 = CARTESIAN_POINT ( 'NONE',  ( -0.5348440847269999576, -1.305617931396999998, -5.909705081509000202 ) ) ;
#1798 = ORIENTED_EDGE ( 'NONE', *, *, #4491, .T. ) ;
#1799 = CARTESIAN_POINT ( 'NONE',  ( 0.4629252851469999874, 1.558718743917000049, -11.28461538459999858 ) ) ;
#1800 = EDGE_LOOP ( 'NONE', ( #401, #3589, #181, #1491, #1178, #48, #2100 ) ) ;
#1801 = CARTESIAN_POINT ( 'NONE',  ( 1.349695649934999908, 0.3852875326829999780, -6.731662446408000378 ) ) ;
#1802 = CARTESIAN_POINT ( 'NONE',  ( 0.6032831737349999557, 0.6032831737349999557, -0.4196563988270000101 ) ) ;
#1803 = CARTESIAN_POINT ( 'NONE',  ( 0.8643985234309999877, 1.109476467246999887, -5.473890616695999078 ) ) ;
#1804 = CARTESIAN_POINT ( 'NONE',  ( 1.387769336877000104, -0.2423123880520000051, -6.559984812987000424 ) ) ;
#1805 = EDGE_CURVE ( 'NONE', #5127, #3212, #4683, .T. ) ;
#1806 = CARTESIAN_POINT ( 'NONE',  ( -0.1878287197100000083, 1.396152932280000147, -6.410571212685000297 ) ) ;
#1807 = CARTESIAN_POINT ( 'NONE',  ( 1.226932457767999862, 0.6846370853519999633, -4.713302639035000574 ) ) ;
#1808 = EDGE_LOOP ( 'NONE', ( #3948, #3340, #5833, #4478, #1634, #84, #5492, #1544, #789 ) ) ;
#1809 = CARTESIAN_POINT ( 'NONE',  ( -1.399573537880655749, -0.03504324226032830975, -7.001796133602149474 ) ) ;
#1810 = CARTESIAN_POINT ( 'NONE',  ( -0.6032831737349999557, -0.6032831737349999557, -0.4196563988270000101 ) ) ;
#1811 = CARTESIAN_POINT ( 'NONE',  ( -1.309820968915999861, 0.5097086551899999707, -7.825744174479998705 ) ) ;
#1812 = CARTESIAN_POINT ( 'NONE',  ( -1.319966983598332533, -0.5001274986393414723, -5.267398031887096543 ) ) ;
#1813 = CARTESIAN_POINT ( 'NONE',  ( 1.574999999999999956, -4.954247994864999824E-15, -4.125000000000000000 ) ) ;
#1814 = CARTESIAN_POINT ( 'NONE',  ( 1.399999999999999911, -2.824728543431499496E-16, -2.753788184292000008 ) ) ;
#1815 = CARTESIAN_POINT ( 'NONE',  ( 1.399999999999999911, -3.429011037612999484E-16, -5.753788184292000452 ) ) ;
#1816 = CARTESIAN_POINT ( 'NONE',  ( -1.085060634841999994, 0.8897609160789999860, -11.35086792146999990 ) ) ;
#1817 = CARTESIAN_POINT ( 'NONE',  ( -0.3081274725510000367, -1.369470026342999747, -3.396392927921999760 ) ) ;
#1818 = CARTESIAN_POINT ( 'NONE',  ( -1.399454701889000008, -0.1229152840340000108, -5.789225206324000617 ) ) ;
#1819 = SPHERICAL_SURFACE ( 'NONE', #807, 5.000000000000000000 ) ;
#1820 = VERTEX_POINT ( 'NONE', #3813 ) ;
#1821 = CARTESIAN_POINT ( 'NONE',  ( -0.1285997501300000234, -1.404465416177999915, -4.386074827918999830 ) ) ;
#1822 = CARTESIAN_POINT ( 'NONE',  ( -0.6270973119210000446, -1.260629935180999972, -8.415515355419000088 ) ) ;
#1823 = CARTESIAN_POINT ( 'NONE',  ( 1.163212726131999997, -0.7387044725540000689, -11.57466526535000106 ) ) ;
#1824 = CARTESIAN_POINT ( 'NONE',  ( 0.9565971135839999029, 1.034313248989999767, -8.188202958987998770 ) ) ;
#1825 = CARTESIAN_POINT ( 'NONE',  ( -0.1857449267079999966, -1.404526388846000007, -7.681690277404000788 ) ) ;
#1826 = CARTESIAN_POINT ( 'NONE',  ( -0.04076249219644000055, -1.413898714045000116, -9.173544507919999091 ) ) ;
#1827 = EDGE_CURVE ( 'NONE', #1460, #5849, #1496, .T. ) ;
#1828 = ORIENTED_EDGE ( 'NONE', *, *, #2704, .F. ) ;
#1829 = CARTESIAN_POINT ( 'NONE',  ( 2.107315219974999820, -1.009060281498000089, -10.41923076924000036 ) ) ;
#1830 = ORIENTED_EDGE ( 'NONE', *, *, #4588, .F. ) ;
#1831 = CARTESIAN_POINT ( 'NONE',  ( -1.399758816594000033, 0.1112436115710000034, -9.802534977712999975 ) ) ;
#1832 = CARTESIAN_POINT ( 'NONE',  ( -1.020352822906999801, 0.9616661774110000227, -11.06393083014000212 ) ) ;
#1833 = CARTESIAN_POINT ( 'NONE',  ( -1.399999998017776859, -0.02000205979493417663, -6.295075161442835743 ) ) ;
#1834 = CARTESIAN_POINT ( 'NONE',  ( 1.399999999999999911, -0.1090714851420000048, -2.552411845045000405 ) ) ;
#1835 = CARTESIAN_POINT ( 'NONE',  ( -1.399999997840960964, 2.389310537614930396E-14, -6.296212109389125011 ) ) ;
#1836 = CARTESIAN_POINT ( 'NONE',  ( -1.026647369640000029, 1.378536982479000139, -12.21818181816999882 ) ) ;
#1837 = ORIENTED_EDGE ( 'NONE', *, *, #5481, .F. ) ;
#1838 = CARTESIAN_POINT ( 'NONE',  ( 0.3634357746870000017, -1.360935337978000037, -7.150462160324000394 ) ) ;
#1839 = DIRECTION ( 'NONE',  ( 0.000000000000000000, 0.000000000000000000, 1.000000000000000000 ) ) ;
#1840 = CARTESIAN_POINT ( 'NONE',  ( 0.6829994864409999478, 1.242739787169000021, -9.461218308831998769 ) ) ;
#1841 = FACE_OUTER_BOUND ( 'NONE', #4948, .T. ) ;
#1842 = FACE_OUTER_BOUND ( 'NONE', #1951, .T. ) ;
#1843 = LINE ( 'NONE', #962, #4287 ) ;
#1844 = DIRECTION ( 'NONE',  ( 0.000000000000000000, 0.000000000000000000, 1.000000000000000000 ) ) ;
#1845 = CARTESIAN_POINT ( 'NONE',  ( 0.8397825013140000072, -1.123590054479000067, -9.327715117064000694 ) ) ;
#1846 = CARTESIAN_POINT ( 'NONE',  ( -0.9756088915059999422, -1.016166938717000034, -6.439651705934999804 ) ) ;
#1847 = FACE_OUTER_BOUND ( 'NONE', #2473, .T. ) ;
#1848 = CARTESIAN_POINT ( 'NONE',  ( 2.562725153495999830, 0.8011194905299999780, -7.361538461524999910 ) ) ;
#1849 = B_SPLINE_SURFACE_WITH_KNOTS ( 'NONE', 11, 1, ( 
 ( #3376, #2838 ),
 ( #4209, #3292 ),
 ( #3772, #1545 ),
 ( #521, #4289 ),
 ( #5271, #2924 ),
 ( #5208, #1094 ),
 ( #5645, #5238 ),
 ( #1974, #5618 ),
 ( #2957, #1002 ),
 ( #39, #5181 ),
 ( #492, #4324 ),
 ( #150, #2864 ),
 ( #5155, #2348 ),
 ( #4691, #607 ),
 ( #4720, #1030 ),
 ( #974, #5673 ),
 ( #549, #2378 ),
 ( #4748, #4237 ),
 ( #1483, #65 ),
 ( #2402, #4263 ),
 ( #91, #2004 ),
 ( #1942, #3800 ) ),
 .UNSPECIFIED., .F., .F., .F.,
 ( 12, 10, 12 ),
 ( 2, 2 ),
 ( 0.000000000000000000, 6.303048278757999334, 12.60609655751700053 ),
 ( 0.000000000000000000, 1.000000000000000000 ),
 .UNSPECIFIED. ) ;
#1850 = ORIENTED_EDGE ( 'NONE', *, *, #4527, .F. ) ;
#1851 = CARTESIAN_POINT ( 'NONE',  ( 1.075240473600000080, 6.720802900034000044E-15, -9.900000000000000355 ) ) ;
#1852 = CARTESIAN_POINT ( 'NONE',  ( 0.8309196137490000300, -1.136084234943000038, -8.328524750816999500 ) ) ;
#1853 = CARTESIAN_POINT ( 'NONE',  ( -1.390716382800964324, -0.1632523233110281247, -2.994488646348964167 ) ) ;
#1854 = CARTESIAN_POINT ( 'NONE',  ( -1.399998433337455994, 0.002167943717185009164, -8.003911410810124138 ) ) ;
#1855 = EDGE_CURVE ( 'NONE', #2917, #570, #1782, .T. ) ;
#1856 = CARTESIAN_POINT ( 'NONE',  ( -1.119641435519999950, -0.8569003253579999813, -5.951798307270999899 ) ) ;
#1857 = VERTEX_POINT ( 'NONE', #829 ) ;
#1858 = CARTESIAN_POINT ( 'NONE',  ( -0.4629252851460000096, -1.558718743917000049, -10.53461538461000124 ) ) ;
#1859 = ORIENTED_EDGE ( 'NONE', *, *, #709, .F. ) ;
#1860 = CARTESIAN_POINT ( 'NONE',  ( 0.9453446556069999840, 1.043128089074000009, -9.979804437077000046 ) ) ;
#1861 = CARTESIAN_POINT ( 'NONE',  ( -1.399999514653785360, 0.001321824738196181355, -11.00386331714574872 ) ) ;
#1862 = CARTESIAN_POINT ( 'NONE',  ( -0.4714930028060000389, -1.328350294909000029, -6.198331333038000324 ) ) ;
#1863 = CARTESIAN_POINT ( 'NONE',  ( 0.001292120807996000086, -1.408477289428999857, -2.671124654752000005 ) ) ;
#1864 = CONICAL_SURFACE ( 'NONE', #3137, 1.399999999999999911, 0.2069921942200000364 ) ;
#1865 = CARTESIAN_POINT ( 'NONE',  ( -1.325509764975000060, 0.4510882013730000417, -6.322317099485998959 ) ) ;
#1866 = CARTESIAN_POINT ( 'NONE',  ( 1.399999999999999911, 0.000000000000000000, -12.40000000000000036 ) ) ;
#1867 = CONICAL_SURFACE ( 'NONE', #5277, 0.4739140810729999820, 0.2312561258890000193 ) ;
#1868 = ORIENTED_EDGE ( 'NONE', *, *, #1786, .T. ) ;
#1869 = CARTESIAN_POINT ( 'NONE',  ( 3.753850618401000094, 1.173470705912000200, -7.136538461513000087 ) ) ;
#1870 = CARTESIAN_POINT ( 'NONE',  ( -1.399999995562203781, -3.899973108738579060E-08, -10.29621181188288404 ) ) ;
#1871 = DIRECTION ( 'NONE',  ( -0.9118476033094170541, 1.539518817562558438E-14, 0.4105288641969915830 ) ) ;
#1872 = CARTESIAN_POINT ( 'NONE',  ( 1.122896164474999958, 0.8538415415510000051, -9.702046160431001098 ) ) ;
#1873 = AXIS2_PLACEMENT_3D ( 'NONE', #3235, #3320, #41 ) ;
#1874 = CARTESIAN_POINT ( 'NONE',  ( 1.258146097659004203, 0.6208801306669972098, -2.717301432098860214 ) ) ;
#1875 = CARTESIAN_POINT ( 'NONE',  ( 0.4629252851469999874, 1.558718743917000049, -11.28461538459999858 ) ) ;
#1876 = CC_DESIGN_DATE_AND_TIME_ASSIGNMENT ( #779, #2083, ( #5491 ) ) ;
#1877 = DIRECTION ( 'NONE',  ( 0.6839411288811879652, 0.000000000000000000, 0.7295372041402179430 ) ) ;
#1878 = FACE_OUTER_BOUND ( 'NONE', #665, .T. ) ;
#1879 = CARTESIAN_POINT ( 'NONE',  ( 0.6852711245160000297, -1.226616501919999935, -4.130650782350000050 ) ) ;
#1880 = CARTESIAN_POINT ( 'NONE',  ( 1.574999999999999956, 6.661338147750999985E-15, -7.125000000000000000 ) ) ;
#1881 = EDGE_CURVE ( 'NONE', #5849, #3400, #2220, .T. ) ;
#1882 = ORIENTED_EDGE ( 'NONE', *, *, #1355, .F. ) ;
#1883 = CARTESIAN_POINT ( 'NONE',  ( 1.574999999999999956, -0.8996378962550000136, -11.22045454544999998 ) ) ;
#1884 = DIRECTION ( 'NONE',  ( 0.000000000000000000, 0.000000000000000000, 1.000000000000000000 ) ) ;
#1885 = CARTESIAN_POINT ( 'NONE',  ( 0.1255342533579999753, -1.402429046262000156, -2.871713971850000213 ) ) ;
#1886 = CARTESIAN_POINT ( 'NONE',  ( 0.5757067743959999317, -1.292556330294000189, -10.63783026826999922 ) ) ;
#1887 = CARTESIAN_POINT ( 'NONE',  ( 1.574999999999999956, -2.664535259099999805E-15, -5.174999999999999822 ) ) ;
#1888 = EDGE_LOOP ( 'NONE', ( #3197, #2932, #5823, #5456, #2535 ) ) ;
#1889 = CARTESIAN_POINT ( 'NONE',  ( 1.075240473600000080, 5.267159217232000209E-15, -12.40000000000000036 ) ) ;
#1890 = CARTESIAN_POINT ( 'NONE',  ( 1.399999999999999911, 2.400307726328999650E-15, -9.753787892815999783 ) ) ;
#1891 = DIRECTION ( 'NONE',  ( 1.313481271718000177E-15, 0.000000000000000000, -1.000000000000000000 ) ) ;
#1892 = CARTESIAN_POINT ( 'NONE',  ( 0.2723002624310000286, 1.386123061786999955, -11.14423274444999912 ) ) ;
#1893 = CARTESIAN_POINT ( 'NONE',  ( -0.7722149650659999587, -1.171208323067000068, -6.217603064988999506 ) ) ;
#1894 = CARTESIAN_POINT ( 'NONE',  ( -0.6658294326529999863, 1.234649924527000175, -4.089427069664999692 ) ) ;
#1895 = EDGE_CURVE ( 'NONE', #1941, #1755, #45, .T. ) ;
#1896 = CARTESIAN_POINT ( 'NONE',  ( -1.361237727381999996, 0.3330913072900000271, -6.315312439548000256 ) ) ;
#1897 = SECURITY_CLASSIFICATION ( '', '', #5744 ) ;
#1898 = CARTESIAN_POINT ( 'NONE',  ( 0.9325488350499999690, 1.045530304810999844, -10.18674987408999932 ) ) ;
#1899 = ORIENTED_EDGE ( 'NONE', *, *, #5758, .T. ) ;
#1900 = CARTESIAN_POINT ( 'NONE',  ( 1.574999999999999956, 6.661338147750999985E-15, -6.675000000000000711 ) ) ;
#1901 = CARTESIAN_POINT ( 'NONE',  ( -1.386621878138533326, -0.2534264102985144818, -11.28180679281089382 ) ) ;
#1902 = LINE ( 'NONE', #1041, #2355 ) ;
#1903 = CARTESIAN_POINT ( 'NONE',  ( 1.387769634554999909, -0.2423094356000000116, -8.059984645171001105 ) ) ;
#1904 = EDGE_CURVE ( 'NONE', #2821, #5263, #1573, .T. ) ;
#1905 = CARTESIAN_POINT ( 'NONE',  ( -0.9195763953620000875, 1.085374877565000062, -7.365348428997999797 ) ) ;
#1906 = EDGE_CURVE ( 'NONE', #5246, #1505, #4998, .T. ) ;
#1907 = CARTESIAN_POINT ( 'NONE',  ( 1.399999999999999911, -3.429011037612999484E-16, -3.546211815707999815 ) ) ;
#1908 = CARTESIAN_POINT ( 'NONE',  ( 1.574999999999999956, 2.191314920105999798E-14, -11.17499999999999893 ) ) ;
#1909 = DIRECTION ( 'NONE',  ( 1.000000000000000000, 0.000000000000000000, 0.000000000000000000 ) ) ;
#1910 = LINE ( 'NONE', #3763, #802 ) ;
#1911 = CARTESIAN_POINT ( 'NONE',  ( -0.7607984106070000418, -1.816692929058999928, -7.073076923076000000 ) ) ;
#1912 =( BOUNDED_CURVE ( )  B_SPLINE_CURVE ( 2, ( #954, #3751, #180 ),
 .UNSPECIFIED., .F., .F. ) 
 B_SPLINE_CURVE_WITH_KNOTS ( ( 3, 3 ),
 ( 0.000000000000000000, 1.000000000000000000 ),
 .UNSPECIFIED. ) 
 CURVE ( )  GEOMETRIC_REPRESENTATION_ITEM ( )  RATIONAL_B_SPLINE_CURVE ( ( 1.000000000000000000, 1.002765153013119859, 1.000000000000000000 ) ) 
 REPRESENTATION_ITEM ( '' )  );
#1913 = ORIENTED_EDGE ( 'NONE', *, *, #5211, .F. ) ;
#1914 = CYLINDRICAL_SURFACE ( 'NONE', #1598, 1.399999999999999911 ) ;
#1915 = CARTESIAN_POINT ( 'NONE',  ( -0.7607984106070000418, -1.816692929058000061, -2.573076923079000267 ) ) ;
#1916 = CARTESIAN_POINT ( 'NONE',  ( 1.371947677542000088, 3.024272397417999976E-15, -11.53358248788999951 ) ) ;
#1917 = CARTESIAN_POINT ( 'NONE',  ( -1.399999998172977822, -0.1267058449742544390, -9.789009746437681514 ) ) ;
#1918 = B_SPLINE_CURVE_WITH_KNOTS ( 'NONE', 13,
 ( #3960, #2960, #4819, #5828, #1645, #3862, #647, #2501, #3925, #4849, #3054, #4358, #5800, #1517, #5704, #2038, #2991, #3380, #5765, #252, #1189, #1063, #1582, #5341, #3448, #2928 ),
 .UNSPECIFIED., .F., .F.,
 ( 14, 12, 14 ),
 ( 0.000000000000000000, 9.454572418137001222, 18.90914483627499720 ),
 .UNSPECIFIED. ) ;
#1919 = ORIENTED_EDGE ( 'NONE', *, *, #3593, .T. ) ;
#1920 = CARTESIAN_POINT ( 'NONE',  ( -1.394645155533999814, -0.1684293217770000128, -9.994209214460999746 ) ) ;
#1921 = CARTESIAN_POINT ( 'NONE',  ( 1.304490675106000142, 0.5269163377959998895, -10.01567715396999958 ) ) ;
#1922 = CARTESIAN_POINT ( 'NONE',  ( -0.8381468617739999960, 1.128671188059999997, -11.07797824778000084 ) ) ;
#1923 = CARTESIAN_POINT ( 'NONE',  ( -1.227915185051781766, 0.01102146815643076198, -12.21945146777902558 ) ) ;
#1924 = CARTESIAN_POINT ( 'NONE',  ( -1.258444914123139302, -0.09053248612918117499, -12.06052092181841218 ) ) ;
#1925 = CARTESIAN_POINT ( 'NONE',  ( -0.08300526979760000645, 1.573236784856999915, -12.26363636363999987 ) ) ;
#1926 = VERTEX_POINT ( 'NONE', #5729 ) ;
#1927 = CARTESIAN_POINT ( 'NONE',  ( 0.7607984106090001086, 1.816692929058000061, -7.823076923062000532 ) ) ;
#1928 = CARTESIAN_POINT ( 'NONE',  ( 0.2423146106060000138, -1.391183450660999910, -11.15743075958000041 ) ) ;
#1929 = CARTESIAN_POINT ( 'NONE',  ( 0.7607984106080000197, 1.816692929056999972, -6.323076923065999999 ) ) ;
#1930 = CARTESIAN_POINT ( 'NONE',  ( 1.399999999999999911, 0.07784251728515999280, -9.749363242313998867 ) ) ;
#1931 = CARTESIAN_POINT ( 'NONE',  ( 1.399999999999999911, -0.1095289921110000064, -8.552437850221000559 ) ) ;
#1932 = CARTESIAN_POINT ( 'NONE',  ( -0.1269937363619999815, 1.403877740118000039, -3.414028494797000324 ) ) ;
#1933 = CARTESIAN_POINT ( 'NONE',  ( 0.3888982493400000018, -1.255156898769999918, -2.399999999999999911 ) ) ;
#1934 = CARTESIAN_POINT ( 'NONE',  ( -0.07340830062195999317, -1.401784592819999897, -6.382954059413000536 ) ) ;
#1935 = CARTESIAN_POINT ( 'NONE',  ( -1.323414489733000021, -0.4885105940299999117, -4.268079115827999814 ) ) ;
#1936 = ORIENTED_EDGE ( 'NONE', *, *, #2010, .T. ) ;
#1937 = CARTESIAN_POINT ( 'NONE',  ( -0.1215851738669999904, 2.304459325135000292, -12.03863636364000023 ) ) ;
#1938 = CARTESIAN_POINT ( 'NONE',  ( 0.000000000000000000, 0.000000000000000000, -12.40000000000000036 ) ) ;
#1939 = CARTESIAN_POINT ( 'NONE',  ( 0.8358223397589999992, 1.146194891091000034, -7.971335072965000101 ) ) ;
#1940 = CARTESIAN_POINT ( 'NONE',  ( -1.359856632020326694, -0.3784459928196408085, -9.774603956451914044 ) ) ;
#1941 = VERTEX_POINT ( 'NONE', #3408 ) ;
#1942 = CARTESIAN_POINT ( 'NONE',  ( 1.574999999999999956, 8.768363676546999312E-15, -12.62500000000000000 ) ) ;
#1943 = FACE_OUTER_BOUND ( 'NONE', #2520, .T. ) ;
#1944 = CARTESIAN_POINT ( 'NONE',  ( -0.2910610197459999604, 1.380637371170999828, -9.904656304850000481 ) ) ;
#1945 = CARTESIAN_POINT ( 'NONE',  ( 0.000000000000000000, 0.000000000000000000, -12.40000000000000036 ) ) ;
#1946 = CARTESIAN_POINT ( 'NONE',  ( -1.302040063556999971, 0.5331888021230000163, -11.03470559774000037 ) ) ;
#1947 = CARTESIAN_POINT ( 'NONE',  ( -1.304084569423999973, -0.5208255527139999952, -6.265979298643000739 ) ) ;
#1948 = ADVANCED_FACE ( 'NONE', ( #3746 ), #1849, .F. ) ;
#1949 = CARTESIAN_POINT ( 'NONE',  ( -1.135445852551000057, -0.6083994212840000415, -12.02354392230000002 ) ) ;
#1950 = CARTESIAN_POINT ( 'NONE',  ( -1.730252897595999872, 0.5685098153819999611, -12.17272727273999777 ) ) ;
#1951 = EDGE_LOOP ( 'NONE', ( #4964, #5367, #5377, #2662, #5007, #4933, #2863, #1240, #3985 ) ) ;
#1952 = CARTESIAN_POINT ( 'NONE',  ( 2.562725153499000097, -0.8011194905340000005, -7.938461538420000352 ) ) ;
#1953 = DIRECTION ( 'NONE',  ( 0.000000000000000000, 0.000000000000000000, 1.000000000000000000 ) ) ;
#1954 = CARTESIAN_POINT ( 'NONE',  ( -0.4629252851460000096, -1.558718743917000049, -6.034615384617000977 ) ) ;
#1955 = CARTESIAN_POINT ( 'NONE',  ( 1.399999999999999911, -3.429011037612999484E-16, -8.046211815708000259 ) ) ;
#1956 = LINE ( 'NONE', #2908, #1762 ) ;
#1957 = CIRCLE ( 'NONE', #706, 1.500000000000000000 ) ;
#1958 = CARTESIAN_POINT ( 'NONE',  ( 1.057536946222000118, 0.9314341263230000445, -3.488709877923000136 ) ) ;
#1959 = CARTESIAN_POINT ( 'NONE',  ( 1.114408847256000090, 2.661071112481999901, -10.59807692304999982 ) ) ;
#1960 = CARTESIAN_POINT ( 'NONE',  ( -0.1523303964670000288, -1.396165573830000062, -6.387435981911999683 ) ) ;
#1961 = CARTESIAN_POINT ( 'NONE',  ( 0.6032831737349999557, -0.6032831737349999557, -0.4196563988270000101 ) ) ;
#1962 = AXIS2_PLACEMENT_3D ( 'NONE', #2001, #4777, #5151 ) ;
#1963 = CARTESIAN_POINT ( 'NONE',  ( -1.360986612979999899, -0.3711923173599999681, -4.275016294538000139 ) ) ;
#1964 = CARTESIAN_POINT ( 'NONE',  ( -1.388275444111972456, 0.2372431324094379790, -8.809696683483904778 ) ) ;
#1965 = CARTESIAN_POINT ( 'NONE',  ( 2.799999999999703171, 0.000000000000000000, -0.8575369645580002143 ) ) ;
#1966 = ADVANCED_FACE ( 'NONE', ( #3346 ), #576, .T. ) ;
#1967 = AXIS2_PLACEMENT_3D ( 'NONE', #283, #1705, #1248 ) ;
#1968 = VERTEX_POINT ( 'NONE', #1059 ) ;
#1969 = CARTESIAN_POINT ( 'NONE',  ( -1.026647369640000029, 1.378536982479000139, -12.21818181816999882 ) ) ;
#1970 = CARTESIAN_POINT ( 'NONE',  ( -0.4629252851460000096, 1.558718743917000049, -3.265384615385999556 ) ) ;
#1971 = CARTESIAN_POINT ( 'NONE',  ( 0.5018900441299999349, -1.313755115215999858, -11.34973802484999972 ) ) ;
#1972 = FACE_OUTER_BOUND ( 'NONE', #2164, .T. ) ;
#1973 = EDGE_LOOP ( 'NONE', ( #1609, #2949, #4596, #1210 ) ) ;
#1974 = CARTESIAN_POINT ( 'NONE',  ( -1.503821374738000038, 2.019265272014000079, -11.94318181817999935 ) ) ;
#1975 = EDGE_CURVE ( 'NONE', #819, #1217, #4397, .T. ) ;
#1976 = CARTESIAN_POINT ( 'NONE',  ( 0.07448092376096999978, 1.406248998463000222, -7.632962755786000031 ) ) ;
#1977 = DIRECTION ( 'NONE',  ( 4.350154311376000520E-15, 0.000000000000000000, -1.000000000000000000 ) ) ;
#1978 = CARTESIAN_POINT ( 'NONE',  ( 1.399999999999999911, -3.429011037612999484E-16, -7.253788184291999563 ) ) ;
#1979 = B_SPLINE_CURVE_WITH_KNOTS ( 'NONE', 7,
 ( #5446, #2361, #2410, #2847, #2441, #2822, #5217, #529, #4302, #2328, #501, #3780, #930, #1434 ),
 .UNSPECIFIED., .F., .F.,
 ( 8, 6, 8 ),
 ( 0.000000000000000000, 0.4218458159999999846, 1.000000000000000000 ),
 .UNSPECIFIED. ) ;
#1980 = CARTESIAN_POINT ( 'NONE',  ( 0.09043777686021001183, 1.402893053286999869, -3.133888504848000078 ) ) ;
#1981 = CARTESIAN_POINT ( 'NONE',  ( 1.316326589007000170, -0.1156969570799999958, -11.79844481423999980 ) ) ;
#1982 = CARTESIAN_POINT ( 'NONE',  ( -0.6780876855050000929, 2.283193464108999926, -9.490384615390999201 ) ) ;
#1983 = ORIENTED_EDGE ( 'NONE', *, *, #5685, .F. ) ;
#1984 = CARTESIAN_POINT ( 'NONE',  ( 1.574999999999999956, -1.141848099093000002, -10.18269230769000089 ) ) ;
#1985 = CARTESIAN_POINT ( 'NONE',  ( 2.107315219971999554, 1.009060281503999956, -7.880769230798000180 ) ) ;
#1986 = CARTESIAN_POINT ( 'NONE',  ( 1.387764652648999952, -0.2423587835219999931, -11.05998745007999950 ) ) ;
#1987 = CARTESIAN_POINT ( 'NONE',  ( -1.399999998380057731, 3.574479037413147431E-15, -10.50378789528146406 ) ) ;
#1988 = CARTESIAN_POINT ( 'NONE',  ( -0.1376518984890000019, -1.403514275880000106, -7.386588151006999503 ) ) ;
#1989 = CARTESIAN_POINT ( 'NONE',  ( 0.3578920401300000331, -1.362125039474999966, -8.650781404147000586 ) ) ;
#1990 = CARTESIAN_POINT ( 'NONE',  ( 2.107315219974999820, -1.009060281498000089, -10.41923076924000036 ) ) ;
#1991 = CARTESIAN_POINT ( 'NONE',  ( -0.4629252851460000096, -1.558718743917000049, -10.53461538461000124 ) ) ;
#1992 = CARTESIAN_POINT ( 'NONE',  ( 0.9453448330510000330, 1.043127917683000172, -6.979804451010000577 ) ) ;
#1993 = CARTESIAN_POINT ( 'NONE',  ( -0.3854302270239999828, -1.355165991023000061, -4.193303007866999721 ) ) ;
#1994 = CARTESIAN_POINT ( 'NONE',  ( -0.7489023370820000469, 1.201231080229000048, -8.876836605074000630 ) ) ;
#1995 = CARTESIAN_POINT ( 'NONE',  ( -0.07355825496269999264, -1.401776035039999924, -10.88296257296999947 ) ) ;
#1996 = FACE_OUTER_BOUND ( 'NONE', #606, .T. ) ;
#1997 = ORIENTED_EDGE ( 'NONE', *, *, #2780, .T. ) ;
#1998 = CARTESIAN_POINT ( 'NONE',  ( -1.267518976148462206, -0.6167236977144515686, -7.967773298712588215 ) ) ;
#1999 = LINE ( 'NONE', #3314, #4592 ) ;
#2000 = CYLINDRICAL_SURFACE ( 'NONE', #5694, 1.399999999999999911 ) ;
#2001 = CARTESIAN_POINT ( 'NONE',  ( 1.500000000000000000, 0.4074999999999999734, -2.030303992914999967 ) ) ;
#2002 = CARTESIAN_POINT ( 'NONE',  ( 1.134791975098000005, -0.8286044624949999715, -2.596418024169000027 ) ) ;
#2003 = EDGE_LOOP ( 'NONE', ( #2250, #4909, #4444, #1102 ) ) ;
#2004 = CARTESIAN_POINT ( 'NONE',  ( 1.075240473600000080, 0.6141759223099999554, -12.35454545454000019 ) ) ;
#2005 = CARTESIAN_POINT ( 'NONE',  ( 0.8083680298419999577, 1.147903669963000084, -7.677600970378000156 ) ) ;
#2006 = DIRECTION ( 'NONE',  ( 1.000000000000000000, 0.000000000000000000, 4.350751249082060661E-15 ) ) ;
#2007 = CARTESIAN_POINT ( 'NONE',  ( 1.257765477605000015, 0.6241556200359998918, -4.009569113718999489 ) ) ;
#2008 = CARTESIAN_POINT ( 'NONE',  ( -1.364215479437502099, 0.3574840980668153589, -7.024189248715770439 ) ) ;
#2009 = CARTESIAN_POINT ( 'NONE',  ( -0.1663520052189999821, 1.401868510409999935, -3.119379431856999840 ) ) ;
#2010 = EDGE_CURVE ( 'NONE', #72, #2966, #3230, .T. ) ;
#2011 = CARTESIAN_POINT ( 'NONE',  ( -1.054425805109999725, -0.7439278845900000325, -12.01281796849999850 ) ) ;
#2012 = CARTESIAN_POINT ( 'NONE',  ( -3.753850618405000006, 1.173470705915000023, -8.913461538437999820 ) ) ;
#2013 = ORIENTED_EDGE ( 'NONE', *, *, #5838, .T. ) ;
#2014 = CARTESIAN_POINT ( 'NONE',  ( -1.373059905619000043, -0.2808545096850000311, -3.280155836322999896 ) ) ;
#2015 = LINE ( 'NONE', #1268, #3458 ) ;
#2016 = CARTESIAN_POINT ( 'NONE',  ( -0.9059857042719999809, 1.095981984228999950, -2.866309742150999984 ) ) ;
#2017 = CARTESIAN_POINT ( 'NONE',  ( 1.304490688629000195, 0.5269163016850000325, -5.515677156156000294 ) ) ;
#2018 = CARTESIAN_POINT ( 'NONE',  ( -0.5217049334199999056, -1.310200057408000163, -7.408923036622000247 ) ) ;
#2019 = DIRECTION ( 'NONE',  ( -0.9769849217530212071, -0.2133083745830045563, 0.000000000000000000 ) ) ;
#2020 = COORDINATED_UNIVERSAL_TIME_OFFSET ( 3, 0, .BEHIND. ) ;
#2021 = CARTESIAN_POINT ( 'NONE',  ( -1.399545413310189890, 0.04671202908105907131, -3.298867315047515625 ) ) ;
#2022 = CARTESIAN_POINT ( 'NONE',  ( -0.9742249617079999924, -1.006624122421999834, -7.232411367700000149 ) ) ;
#2023 = CARTESIAN_POINT ( 'NONE',  ( -1.163928488154000185, 0.7808798856120000575, -6.843238404083000326 ) ) ;
#2024 = CARTESIAN_POINT ( 'NONE',  ( -0.1490579759969999918, -1.404216963599000056, -10.38722614355000040 ) ) ;
#2025 = LINE ( 'NONE', #1144, #4992 ) ;
#2026 = CARTESIAN_POINT ( 'NONE',  ( 1.065569025825000127, 0.7310160935230000101, -11.94665492456000067 ) ) ;
#2027 = PLANE ( 'NONE',  #988 ) ;
#2028 = ORIENTED_EDGE ( 'NONE', *, *, #2366, .F. ) ;
#2029 = CARTESIAN_POINT ( 'NONE',  ( -0.08300526979760000645, 1.573236784856999915, -12.26363636363999987 ) ) ;
#2030 = CARTESIAN_POINT ( 'NONE',  ( -1.340703530639999919, 0.4313778693789999674, -8.320978338375999428 ) ) ;
#2031 = CARTESIAN_POINT ( 'NONE',  ( 1.045646577937000110, -0.9490684436880000296, -9.604921192674000352 ) ) ;
#2032 = CARTESIAN_POINT ( 'NONE',  ( -1.399999985025290439, 0.1667543769910838081, -4.013266641593066453 ) ) ;
#2033 = ORIENTED_EDGE ( 'NONE', *, *, #3223, .F. ) ;
#2034 = CARTESIAN_POINT ( 'NONE',  ( 0.2871135720540000102, -1.382068276924000028, -5.362495831493000686 ) ) ;
#2035 = CARTESIAN_POINT ( 'NONE',  ( -1.388185002521000078, 0.2274295444269999744, -7.516721658524999405 ) ) ;
#2036 = CARTESIAN_POINT ( 'NONE',  ( 1.399999999999999911, -3.429011037612999484E-16, -6.253788202640000016 ) ) ;
#2037 = CARTESIAN_POINT ( 'NONE',  ( 1.399999999999999911, 0.000000000000000000, -12.40000000000000036 ) ) ;
#2038 = CARTESIAN_POINT ( 'NONE',  ( 0.7607984106080000197, 1.816692929056999972, -6.323076923065999999 ) ) ;
#2039 = CARTESIAN_POINT ( 'NONE',  ( -1.319239309432999940, 0.4829450360769999562, -3.031709992715000190 ) ) ;
#2040 = CARTESIAN_POINT ( 'NONE',  ( 0.6937978289679999078, -1.106562227968999945, -11.87953508512000056 ) ) ;
#2041 = CARTESIAN_POINT ( 'NONE',  ( -1.337679787039999901, -2.765673762764000010, -9.553846153798000174 ) ) ;
#2042 = ORIENTED_EDGE ( 'NONE', *, *, #4588, .T. ) ;
#2043 = CARTESIAN_POINT ( 'NONE',  ( 1.365872480377000153, -0.3491761919919999513, -7.566134566065000122 ) ) ;
#2044 = CARTESIAN_POINT ( 'NONE',  ( -1.399999644498010065, 0.001066589810420755409, -2.796272440944797211 ) ) ;
#2045 = CARTESIAN_POINT ( 'NONE',  ( 1.399999999999999911, 0.1074434318540000155, -5.540104909583000392 ) ) ;
#2046 = CARTESIAN_POINT ( 'NONE',  ( 1.369311615113000036, -0.3312436679749999890, -7.272680808896000215 ) ) ;
#2047 = CARTESIAN_POINT ( 'NONE',  ( 1.300774654186000134, -0.5367346121329999997, -8.577344003125000782 ) ) ;
#2048 = DIRECTION ( 'NONE',  ( 1.000000000000000000, 0.000000000000000000, 0.000000000000000000 ) ) ;
#2049 = CARTESIAN_POINT ( 'NONE',  ( 1.363378590116999911, 0.3616076165600000114, -4.525573499341000172 ) ) ;
#2050 = CARTESIAN_POINT ( 'NONE',  ( 0.9078727875679999393, 1.091620344528000164, -5.976360062974999110 ) ) ;
#2051 = CARTESIAN_POINT ( 'NONE',  ( -1.399997644534513475, 0.002604560354572886798, -6.796359842507325943 ) ) ;
#2052 = CARTESIAN_POINT ( 'NONE',  ( -1.399999999977621590, 3.245765466445925786E-10, -8.003788184316698917 ) ) ;
#2053 = CARTESIAN_POINT ( 'NONE',  ( 1.337679787042999724, -2.765673762762999921, -4.996153846168000179 ) ) ;
#2054 = CARTESIAN_POINT ( 'NONE',  ( 0.4989586897830000090, 1.202641164778999849, -11.90475665474000166 ) ) ;
#2055 = B_SPLINE_CURVE_WITH_KNOTS ( 'NONE', 7,
 ( #4075, #3672, #906, #5969, #1750, #2276, #6000, #3585, #5452, #3703, #5512, #5570, #3106, #4503, #3610, #3134, #5479, #3640, #1326, #5021, #845, #4994, #815, #3192, #872, #4534, #2732, #1356, #3218, #449, #199, #2511 ),
 .UNSPECIFIED., .F., .F.,
 ( 8, 6, 6, 6, 6, 8 ),
 ( 0.000000000000000000, 0.1395853325099999931, 0.3275024243990000139, 0.4373752426899999435, 0.5730798092540000388, 0.7036227999059820881 ),
 .UNSPECIFIED. ) ;
#2056 = AXIS2_PLACEMENT_3D ( 'NONE', #4007, #3035, #660 ) ;
#2057 = FACE_OUTER_BOUND ( 'NONE', #5026, .T. ) ;
#2058 = CARTESIAN_POINT ( 'NONE',  ( -1.959418117454000186, 4.051127429909000099, -5.521153846144000177 ) ) ;
#2059 = VERTEX_POINT ( 'NONE', #3956 ) ;
#2060 = CARTESIAN_POINT ( 'NONE',  ( 1.399999999999999911, -3.429011037612999484E-16, -10.75378820263999913 ) ) ;
#2061 = CARTESIAN_POINT ( 'NONE',  ( -0.6750655439830000049, 1.239017015658999910, -8.381538213881999155 ) ) ;
#2062 = VECTOR ( 'NONE', #1578, 1000.000000000000114 ) ;
#2063 = CARTESIAN_POINT ( 'NONE',  ( 1.329152738801000044, 0.4711970656719999817, -6.226684451843999213 ) ) ;
#2064 = CARTESIAN_POINT ( 'NONE',  ( -0.7336292249570000035, 1.203869319767000068, -5.085255221430000638 ) ) ;
#2065 = EDGE_CURVE ( 'NONE', #819, #670, #3986, .T. ) ;
#2066 = VECTOR ( 'NONE', #3515, 1000.000000000000000 ) ;
#2067 =( BOUNDED_CURVE ( )  B_SPLINE_CURVE ( 2, ( #1961, #3879, #5748 ),
 .UNSPECIFIED., .F., .F. ) 
 B_SPLINE_CURVE_WITH_KNOTS ( ( 3, 3 ),
 ( 0.000000000000000000, 1.000000000000000000 ),
 .UNSPECIFIED. ) 
 CURVE ( )  GEOMETRIC_REPRESENTATION_ITEM ( )  RATIONAL_B_SPLINE_CURVE ( ( 1.000000000000000000, 1.002765153012959987, 1.000000000000000000 ) ) 
 REPRESENTATION_ITEM ( '' )  );
#2068 = ORIENTED_EDGE ( 'NONE', *, *, #1617, .T. ) ;
#2069 = CARTESIAN_POINT ( 'NONE',  ( -0.3831180849359999696, -1.356626936775000125, -5.400731304287999635 ) ) ;
#2070 = CARTESIAN_POINT ( 'NONE',  ( -1.574999999999999956, 1.141848099093000002, -4.932692307692000178 ) ) ;
#2071 = CARTESIAN_POINT ( 'NONE',  ( -0.6621298142560000377, -1.239750862062000136, -3.710230066398000126 ) ) ;
#2072 = CARTESIAN_POINT ( 'NONE',  ( -0.6892463641430000010, 1.224135749588999955, -4.880386698146999436 ) ) ;
#2073 = CARTESIAN_POINT ( 'NONE',  ( 1.399999999999999911, 0.1239963499220000098, -7.246740200419999667 ) ) ;
#2074 = CARTESIAN_POINT ( 'NONE',  ( -1.287787784345000075, 0.5594134754169999280, -3.036392160749999736 ) ) ;
#2075 = CARTESIAN_POINT ( 'NONE',  ( -1.370049328902999797, 0.3264039633100000448, -3.522404848976000036 ) ) ;
#2076 = VERTEX_POINT ( 'NONE', #4479 ) ;
#2077 = CARTESIAN_POINT ( 'NONE',  ( 0.4629252851469999874, 1.558718743917000049, -9.784615384611001332 ) ) ;
#2078 = ORIENTED_EDGE ( 'NONE', *, *, #451, .T. ) ;
#2079 = CARTESIAN_POINT ( 'NONE',  ( 1.365986982134000050, -0.3485944735149999474, -3.066101121370000016 ) ) ;
#2080 = CARTESIAN_POINT ( 'NONE',  ( -1.399999111218975356, 0.001599903478890208480, -2.796302754639067079 ) ) ;
#2081 = CARTESIAN_POINT ( 'NONE',  ( 0.9280765872260000604, 1.049691531075999995, -8.686403301862998916 ) ) ;
#2082 = CARTESIAN_POINT ( 'NONE',  ( -1.248814174434000002, -0.6447115307909999649, -7.465843681779999130 ) ) ;
#2083 = DATE_TIME_ROLE ( 'creation_date' ) ;
#2084 = CARTESIAN_POINT ( 'NONE',  ( -1.136475251395999919, 0.8198419115910000610, -4.345943938737000245 ) ) ;
#2085 = CARTESIAN_POINT ( 'NONE',  ( 0.5976547562820000437, 1.292363191888000085, -5.955705613720999381 ) ) ;
#2086 = CARTESIAN_POINT ( 'NONE',  ( 0.7781987513220001151, 1.168430441104999939, -6.967976779449999825 ) ) ;
#2087 = CYLINDRICAL_SURFACE ( 'NONE', #2056, 1.399999999999999911 ) ;
#2088 = VECTOR ( 'NONE', #4950, 1000.000000000000000 ) ;
#2089 = CARTESIAN_POINT ( 'NONE',  ( 2.107315219975999909, -1.009060281498999956, -4.419230769223999822 ) ) ;
#2090 = CARTESIAN_POINT ( 'NONE',  ( -1.574999999999999956, -1.141848099093000002, -7.817307692307999822 ) ) ;
#2091 = EDGE_CURVE ( 'NONE', #4979, #4702, #4107, .T. ) ;
#2092 = DIRECTION ( 'NONE',  ( 0.000000000000000000, 0.000000000000000000, 1.000000000000000000 ) ) ;
#2093 = ADVANCED_FACE ( 'NONE', ( #4910 ), #4354, .T. ) ;
#2094 = CARTESIAN_POINT ( 'NONE',  ( -1.075240473600000080, 0.7795309783160000450, -6.207692307692000533 ) ) ;
#2095 = VERTEX_POINT ( 'NONE', #1671 ) ;
#2096 = CARTESIAN_POINT ( 'NONE',  ( -0.8855767236670000209, -1.097780924163000105, -9.432799830789999618 ) ) ;
#2097 = CARTESIAN_POINT ( 'NONE',  ( -0.5527498735970000077, 1.300631766843999948, -8.389244639589000130 ) ) ;
#2098 = CARTESIAN_POINT ( 'NONE',  ( 1.075240473600000080, 2.370221647753999984E-15, -6.899999999999999467 ) ) ;
#2099 = CARTESIAN_POINT ( 'NONE',  ( 1.337679787049000035, 2.765673762765000099, -8.803846153877000091 ) ) ;
#2100 = ORIENTED_EDGE ( 'NONE', *, *, #3690, .T. ) ;
#2101 = CARTESIAN_POINT ( 'NONE',  ( 1.399999999999999911, -0.1065913036419999932, -5.259846654554000800 ) ) ;
#2102 = CARTESIAN_POINT ( 'NONE',  ( 2.562725153498000008, -0.8011194905319999338, -4.938461538448000177 ) ) ;
#2103 = CARTESIAN_POINT ( 'NONE',  ( -0.1903888628760000146, -1.396276990999000045, -3.682016895189999861 ) ) ;
#2104 = CARTESIAN_POINT ( 'NONE',  ( 0.9619575495459999903, 1.038509068355000009, -4.980626865992000774 ) ) ;
#2105 = CARTESIAN_POINT ( 'NONE',  ( -1.281798388372751507, 0.5839481674348169227, -7.037789503281963732 ) ) ;
#2106 = CARTESIAN_POINT ( 'NONE',  ( 0.9462724621829999849, 1.052842393616000072, -3.187009346194000337 ) ) ;
#2107 = CARTESIAN_POINT ( 'NONE',  ( 1.399999999999999911, 3.429011037612999484E-16, -3.753787892816000227 ) ) ;
#2108 = ORIENTED_EDGE ( 'NONE', *, *, #1975, .T. ) ;
#2109 = CARTESIAN_POINT ( 'NONE',  ( 0.000000000000000000, 0.000000000000000000, -12.40000000000000036 ) ) ;
#2110 = ORIENTED_EDGE ( 'NONE', *, *, #3668, .F. ) ;
#2111 = CARTESIAN_POINT ( 'NONE',  ( -1.121575681326000051, -0.8571314092499999759, -3.244276424869000142 ) ) ;
#2112 = CARTESIAN_POINT ( 'NONE',  ( 1.340723064502999939, -0.4317488821500000684, -10.07100129809999878 ) ) ;
#2113 = CARTESIAN_POINT ( 'NONE',  ( 0.7791689704199999955, 1.171030360446000174, -8.675484406098000534 ) ) ;
#2114 = CARTESIAN_POINT ( 'NONE',  ( -1.321272512973351576, 0.07836198474515050638, -11.76629465429397747 ) ) ;
#2115 = APPROVAL_STATUS ( 'not_yet_approved' ) ;
#2116 = CARTESIAN_POINT ( 'NONE',  ( 1.046801575208000212, 0.9476348157280000128, -4.487605178185000376 ) ) ;
#2117 = CARTESIAN_POINT ( 'NONE',  ( -1.076772064272000229, 0.8992260376790000009, -5.851580831665999405 ) ) ;
#2118 = CARTESIAN_POINT ( 'NONE',  ( 0.3988979677289999359, 1.350303436314999939, -6.944065099918999451 ) ) ;
#2119 = DIRECTION ( 'NONE',  ( 1.000000000000000000, 0.000000000000000000, 0.000000000000000000 ) ) ;
#2120 = CARTESIAN_POINT ( 'NONE',  ( -1.399999998814142721, -0.02186097106828522457, -10.50254528524267883 ) ) ;
#2121 = CARTESIAN_POINT ( 'NONE',  ( 2.562725153491999919, 0.8011194905269999333, -4.361538461547999290 ) ) ;
#2122 = CARTESIAN_POINT ( 'NONE',  ( -2.562725153500000186, -0.8011194905269999333, -8.111538461574999914 ) ) ;
#2123 = CARTESIAN_POINT ( 'NONE',  ( 1.397846756600999774, 6.847474224680998893E-15, -12.40000000000000036 ) ) ;
#2124 = VERTEX_POINT ( 'NONE', #3891 ) ;
#2125 = CARTESIAN_POINT ( 'NONE',  ( -0.9756791798599999677, -1.016099451096000195, -9.439657210735001414 ) ) ;
#2126 = CARTESIAN_POINT ( 'NONE',  ( -1.399999998202868357, -0.1267229414146824051, -4.996585220790756843 ) ) ;
#2127 = CARTESIAN_POINT ( 'NONE',  ( -0.5514467595620000662, -1.296818391910000035, -9.703189744199999467 ) ) ;
#2128 = CARTESIAN_POINT ( 'NONE',  ( -0.4206408430269999998, 1.439812932702999815, -0.2303039929150000054 ) ) ;
#2129 = ORIENTED_EDGE ( 'NONE', *, *, #5863, .F. ) ;
#2130 = CARTESIAN_POINT ( 'NONE',  ( 0.1605254084300000161, -1.402418826034000032, -5.369709371577999768 ) ) ;
#2131 = CARTESIAN_POINT ( 'NONE',  ( -3.753850618404000361, 1.173470705915000023, -4.413461538478000712 ) ) ;
#2132 = CARTESIAN_POINT ( 'NONE',  ( -1.310874825725415471, -0.2717819066541556916, -11.74708453481391679 ) ) ;
#2133 = CARTESIAN_POINT ( 'NONE',  ( -0.9452384177909999297, 1.034904540060999967, -3.862309672954999940 ) ) ;
#2134 = CARTESIAN_POINT ( 'NONE',  ( -1.399735183428506335, -0.03565273940046977119, -7.794185568746647697 ) ) ;
#2135 = CARTESIAN_POINT ( 'NONE',  ( 0.000000000000000000, 0.000000000000000000, -12.40000000000000036 ) ) ;
#2136 = B_SPLINE_CURVE_WITH_KNOTS ( 'NONE', 7,
 ( #1205, #3343, #5881, #5725, #1508, #3372, #5843, #3069, #2920, #1658, #1541, #4928, #3553, #268, #1971, #5387, #3853, #5234, #2609, #300, #5204, #1054, #3521, #4776, #4743, #602, #2492, #2459, #752, #4318, #1235, #1027 ),
 .UNSPECIFIED., .F., .F.,
 ( 8, 6, 6, 6, 6, 8 ),
 ( 0.7075667795827451645, 0.7329547369520000855, 0.7846189182990001010, 0.8667792524669999388, 0.9559491321940000175, 1.000000000000000000 ),
 .UNSPECIFIED. ) ;
#2137 = CARTESIAN_POINT ( 'NONE',  ( 1.044299799839999876, 0.9483559086299999663, -3.695125006149000413 ) ) ;
#2138 = ORIENTED_EDGE ( 'NONE', *, *, #2618, .F. ) ;
#2139 = CARTESIAN_POINT ( 'NONE',  ( -0.1215851738669999904, -2.304459325135000292, -11.31136363635999942 ) ) ;
#2140 = ORIENTED_EDGE ( 'NONE', *, *, #287, .T. ) ;
#2141 = CARTESIAN_POINT ( 'NONE',  ( -0.7336279249060000396, 1.203870055634999936, -6.585255305551999783 ) ) ;
#2142 = CARTESIAN_POINT ( 'NONE',  ( 1.399999999999999911, -0.1090146340600000041, -10.05240861356000082 ) ) ;
#2143 = CARTESIAN_POINT ( 'NONE',  ( -0.3769173249040000395, 1.153754173053999965, -12.31001942803000127 ) ) ;
#2144 = CARTESIAN_POINT ( 'NONE',  ( 1.214054889122999858, 0.7079764541619999463, -4.211795264804999661 ) ) ;
#2145 = EDGE_CURVE ( 'NONE', #1820, #311, #5761, .T. ) ;
#2146 = PERSON_AND_ORGANIZATION ( #18446744073709551615, #18446744073709551615 ) ;
#2147 = CARTESIAN_POINT ( 'NONE',  ( -1.380438562049999929, 0.2485837174159999940, -3.310397458973999729 ) ) ;
#2148 = CARTESIAN_POINT ( 'NONE',  ( -1.389545024201827461, 0.2240280264243705022, -5.808945546216175870 ) ) ;
#2149 = CARTESIAN_POINT ( 'NONE',  ( -1.385262612596000142, -0.2093633182690000094, -4.784274409702999442 ) ) ;
#2150 = CARTESIAN_POINT ( 'NONE',  ( 0.000000000000000000, 0.000000000000000000, -12.40000000000000036 ) ) ;
#2151 = CARTESIAN_POINT ( 'NONE',  ( -1.326228045532000133, -0.4532897470370000348, -10.47758030998000045 ) ) ;
#2152 = CARTESIAN_POINT ( 'NONE',  ( -3.753850618404000361, 1.173470705915000023, -3.963461538465000711 ) ) ;
#2153 = DIRECTION ( 'NONE',  ( 0.9769849217530210961, 0.2133083745830045286, 0.000000000000000000 ) ) ;
#2154 = UNCERTAINTY_MEASURE_WITH_UNIT (LENGTH_MEASURE( 1.000000000000000082E-05 ), #4370, 'distance_accuracy_value', 'NONE');
#2155 = FACE_OUTER_BOUND ( 'NONE', #2269, .T. ) ;
#2156 = ORIENTED_EDGE ( 'NONE', *, *, #1345, .T. ) ;
#2157 = CARTESIAN_POINT ( 'NONE',  ( -1.359856536314699937, -0.3784464513081864934, -9.482181021395968301 ) ) ;
#2158 = CARTESIAN_POINT ( 'NONE',  ( 0.08537775703281000328, 1.401375193737000036, -8.426067227233000168 ) ) ;
#2159 = CARTESIAN_POINT ( 'NONE',  ( 1.399999999996000000, -0.1211664668350000001, -9.553098948316998573 ) ) ;
#2160 = VECTOR ( 'NONE', #2388, 1000.000000000000000 ) ;
#2161 = CARTESIAN_POINT ( 'NONE',  ( -1.075240473600000080, -0.7795309783160000450, -9.092307692307000977 ) ) ;
#2162 = ADVANCED_FACE ( 'NONE', ( #5400, #3444 ), #4940, .F. ) ;
#2163 = VECTOR ( 'NONE', #2580, 1000.000000000000000 ) ;
#2164 = EDGE_LOOP ( 'NONE', ( #5818, #5891, #1086, #1433 ) ) ;
#2165 = CARTESIAN_POINT ( 'NONE',  ( -1.227516292923999996, -0.6825841141849999794, -5.463418032931000035 ) ) ;
#2166 = CARTESIAN_POINT ( 'NONE',  ( 1.399999999999999911, 0.000000000000000000, -12.40000000000000036 ) ) ;
#2167 = DIRECTION ( 'NONE',  ( 0.000000000000000000, 0.000000000000000000, 1.000000000000000000 ) ) ;
#2168 = CARTESIAN_POINT ( 'NONE',  ( -1.399999544889291014, 0.001279990248018521033, -3.796284552929596767 ) ) ;
#2169 = CARTESIAN_POINT ( 'NONE',  ( -1.315981405864000031, -0.5050004942210000181, -3.974636480038999942 ) ) ;
#2170 = VECTOR ( 'NONE', #2885, 1000.000000000000000 ) ;
#2171 = ADVANCED_FACE ( 'NONE', ( #216 ), #366, .T. ) ;
#2172 = CARTESIAN_POINT ( 'NONE',  ( 0.5279235338639999275, 1.307965120670999903, -3.659294921856999672 ) ) ;
#2173 = EDGE_CURVE ( 'NONE', #5, #857, #1201, .T. ) ;
#2174 = VERTEX_POINT ( 'NONE', #2654 ) ;
#2175 = CARTESIAN_POINT ( 'NONE',  ( -1.329152530325968362, -0.4461636319517128801, -4.478018103591134391 ) ) ;
#2176 = EDGE_LOOP ( 'NONE', ( #2401, #919, #1586, #2199 ) ) ;
#2177 = CARTESIAN_POINT ( 'NONE',  ( -1.399997649018340340, 0.002602080069166479506, -6.503936087272985667 ) ) ;
#2178 = CARTESIAN_POINT ( 'NONE',  ( 0.7292413815110000419, -1.206062786358000238, -8.835529965162999488 ) ) ;
#2179 = CARTESIAN_POINT ( 'NONE',  ( -1.161824917488999853, 0.4144730850109999976, -12.24370412761000004 ) ) ;
#2180 = CARTESIAN_POINT ( 'NONE',  ( -0.8836633676899999790, -1.089820296501999852, -6.725432302413000052 ) ) ;
#2181 = CARTESIAN_POINT ( 'NONE',  ( 0.6894253614759999760, -1.228337926031999983, -11.49090909090999801 ) ) ;
#2182 = DIRECTION ( 'NONE',  ( 1.313481271718000177E-15, 0.000000000000000000, -1.000000000000000000 ) ) ;
#2183 = CARTESIAN_POINT ( 'NONE',  ( 0.7863284064480000612, -1.166020877383000087, -4.624020832749999421 ) ) ;
#2184 = CARTESIAN_POINT ( 'NONE',  ( -0.3697465539049999972, 1.366997950974999876, -9.400203762502000515 ) ) ;
#2185 = DIRECTION ( 'NONE',  ( 0.000000000000000000, 0.000000000000000000, 1.000000000000000000 ) ) ;
#2186 = CARTESIAN_POINT ( 'NONE',  ( -2.107315219974999820, -1.009060281501999778, -2.630769230763000177 ) ) ;
#2187 = CARTESIAN_POINT ( 'NONE',  ( -1.196017121406000028, 0.5861215298470000556, -11.79510913143000117 ) ) ;
#2188 = CARTESIAN_POINT ( 'NONE',  ( -2.107315219974999820, -1.009060281501999778, -8.630769230761000443 ) ) ;
#2189 = CARTESIAN_POINT ( 'NONE',  ( -0.9294195680489999445, 1.073108489105000007, -5.572046997692000403 ) ) ;
#2190 = CARTESIAN_POINT ( 'NONE',  ( -0.3844386800080000222, -1.348489518122000019, -7.900882055667000081 ) ) ;
#2191 = CARTESIAN_POINT ( 'NONE',  ( 1.399999999997000089, -0.1663598277120000024, -4.763244215043999752 ) ) ;
#2192 = CARTESIAN_POINT ( 'NONE',  ( 0.7607984106070000418, -1.816692929058999928, -8.976923076912999733 ) ) ;
#2193 = ORIENTED_EDGE ( 'NONE', *, *, #2962, .T. ) ;
#2194 = CARTESIAN_POINT ( 'NONE',  ( 0.1556263002180000021, -1.402844745274999916, -8.369986623158000683 ) ) ;
#2195 = DIRECTION ( 'NONE',  ( 1.000000000000000000, 0.000000000000000000, 0.000000000000000000 ) ) ;
#2196 = CARTESIAN_POINT ( 'NONE',  ( 1.400000000001999867, 0.1187391458610000117, -5.039462652641000240 ) ) ;
#2197 = CARTESIAN_POINT ( 'NONE',  ( -1.268438364442000088, -0.6110389445949999665, -3.968079904841000261 ) ) ;
#2198 = CARTESIAN_POINT ( 'NONE',  ( -1.340713485231999957, 0.4313490542010000039, -3.528553579593000311 ) ) ;
#2199 = ORIENTED_EDGE ( 'NONE', *, *, #4861, .F. ) ;
#2200 = CARTESIAN_POINT ( 'NONE',  ( 0.7607984106090001086, 1.816692929058000061, -10.82307692304999946 ) ) ;
#2201 = VERTEX_POINT ( 'NONE', #4510 ) ;
#2202 = CARTESIAN_POINT ( 'NONE',  ( -1.399999999983912335, 0.0004336811140829234979, -6.503812834839978407 ) ) ;
#2203 = CARTESIAN_POINT ( 'NONE',  ( 0.3822789650299999731, -1.356555585129999963, -8.856908429056000287 ) ) ;
#2204 = CARTESIAN_POINT ( 'NONE',  ( 0.7781988377900000975, 1.168430382234000087, -5.467976785374999871 ) ) ;
#2205 = CARTESIAN_POINT ( 'NONE',  ( 0.3102172468119999693, 1.368985687679000085, -4.146514567270999763 ) ) ;
#2206 = ADVANCED_FACE ( 'NONE', ( #4051 ), #1732, .T. ) ;
#2207 = CARTESIAN_POINT ( 'NONE',  ( 1.245838704137000041, -0.3377398443090000035, -12.00966989419000086 ) ) ;
#2208 = CARTESIAN_POINT ( 'NONE',  ( 1.023770792078000147, 0.9581644198529999379, -4.693922648622999461 ) ) ;
#2209 = CARTESIAN_POINT ( 'NONE',  ( -1.069370174394999928, -0.9183544061790001045, -6.947280850153000564 ) ) ;
#2210 = CARTESIAN_POINT ( 'NONE',  ( 1.399999999999999911, -3.429011037612999484E-16, -4.546211797359999807 ) ) ;
#2211 = CARTESIAN_POINT ( 'NONE',  ( -0.9706632738419999074, 1.022675107848000087, -7.860792243578998750 ) ) ;
#2212 = CARTESIAN_POINT ( 'NONE',  ( -0.4347475359410000184, -1.342417546939000061, -5.196129195405999823 ) ) ;
#2213 = CARTESIAN_POINT ( 'NONE',  ( -0.3688156129953658047, -1.350546202900516413, -2.399999999999920419 ) ) ;
#2214 = CARTESIAN_POINT ( 'NONE',  ( 1.337679787049000035, 2.765673762765000099, -8.803846153877000091 ) ) ;
#2215 = CARTESIAN_POINT ( 'NONE',  ( -0.2739634430670000453, 1.384801421577000147, -5.613186811789999453 ) ) ;
#2216 = APPROVAL ( #2115, 'Coincidente' ) ;
#2217 = CARTESIAN_POINT ( 'NONE',  ( -3.753850618408000273, 1.173470705920000023, -9.963461538462999201 ) ) ;
#2218 = CARTESIAN_POINT ( 'NONE',  ( -0.7874462655970000391, -1.170169851237000236, -3.425931025765000193 ) ) ;
#2219 = CARTESIAN_POINT ( 'NONE',  ( 0.4206408430269999998, 1.439812932702999815, -0.2303039929150000054 ) ) ;
#2220 = B_SPLINE_CURVE_WITH_KNOTS ( 'NONE', 13,
 ( #3177, #5034, #1368, #463, #4571, #2319, #5064, #6, #2812, #1829, #2717, #1858, #2747, #2259, #4662, #2200, #2689, #4116, #3686, #1765, #1281, #5984, #6014, #1799, #5927, #3655 ),
 .UNSPECIFIED., .F., .F.,
 ( 14, 12, 14 ),
 ( 0.000000000000000000, 9.454572418137001222, 18.90914483627499720 ),
 .UNSPECIFIED. ) ;
#2221 = CARTESIAN_POINT ( 'NONE',  ( -1.051958035858999940, 0.9318547839990000137, -9.061479443287000279 ) ) ;
#2222 = ORIENTED_EDGE ( 'NONE', *, *, #5973, .T. ) ;
#2223 = CARTESIAN_POINT ( 'NONE',  ( 0.000000000000000000, 0.000000000000000000, -12.40000000000000036 ) ) ;
#2224 = LINE ( 'NONE', #5488, #3910 ) ;
#2225 = CARTESIAN_POINT ( 'NONE',  ( -1.233800363522000065, 0.6674263247070000293, -4.835667247872000196 ) ) ;
#2226 = CARTESIAN_POINT ( 'NONE',  ( 0.1520020974029999972, -1.403607916035000125, -3.870193988671000174 ) ) ;
#2227 = CARTESIAN_POINT ( 'NONE',  ( 0.8522791145629999843, -1.133298420815000096, -9.119915494422999203 ) ) ;
#2228 = ORIENTED_EDGE ( 'NONE', *, *, #5142, .F. ) ;
#2229 = CARTESIAN_POINT ( 'NONE',  ( 1.071157521543999902, 0.4142524604329999582, -12.40000000000000036 ) ) ;
#2230 = VERTEX_POINT ( 'NONE', #3679 ) ;
#2231 = CARTESIAN_POINT ( 'NONE',  ( -1.302052910440000044, 0.5331591898840000177, -5.034703770671999479 ) ) ;
#2232 = CARTESIAN_POINT ( 'NONE',  ( -0.5241156453680000382, -1.309641785791000101, -8.909059853845999299 ) ) ;
#2233 = CARTESIAN_POINT ( 'NONE',  ( -1.399997663942613269, 0.002593807848440913937, -5.296359231326460026 ) ) ;
#2234 = CARTESIAN_POINT ( 'NONE',  ( 1.324432078679999902, 0.4862999490439999795, -4.225793453170999747 ) ) ;
#2235 = ADVANCED_FACE ( 'NONE', ( #820 ), #395, .T. ) ;
#2236 = CARTESIAN_POINT ( 'NONE',  ( 1.399999999999999911, 0.1081437441150000095, -6.540064897957999612 ) ) ;
#2237 = CARTESIAN_POINT ( 'NONE',  ( -1.730252897595999872, 0.5685098153829999390, -11.67272727273000044 ) ) ;
#2238 = CARTESIAN_POINT ( 'NONE',  ( 1.254954807659000027, -0.6299716140459999947, -6.790796595445000250 ) ) ;
#2239 = CARTESIAN_POINT ( 'NONE',  ( -0.6481851062980000799, -1.246352755428999926, -4.709357884594999710 ) ) ;
#2240 = CARTESIAN_POINT ( 'NONE',  ( -1.398543242198877268, 0.07240606592266037034, -7.800328524976871236 ) ) ;
#2241 = CARTESIAN_POINT ( 'NONE',  ( -0.9386581632289999755, -1.043654629462000161, -5.229501878618000532 ) ) ;
#2242 = PRODUCT ( 'pan_head_screw_M3_l10mm_thread', 'pan_head_screw_M3_l10mm_thread', '', ( #3905 ) ) ;
#2243 = CARTESIAN_POINT ( 'NONE',  ( -3.753850618402000183, -1.173470705916999979, -3.836538461545999645 ) ) ;
#2244 = DIRECTION ( 'NONE',  ( 1.000000000000000000, 0.000000000000000000, 0.000000000000000000 ) ) ;
#2245 = CARTESIAN_POINT ( 'NONE',  ( -1.223673916096344128, 0.6906397286075255382, -5.544661558418626512 ) ) ;
#2246 = CARTESIAN_POINT ( 'NONE',  ( -1.399999837971872108, 0.0008818630079102609707, -11.29626192308404775 ) ) ;
#2247 = CARTESIAN_POINT ( 'NONE',  ( -1.267487006935295923, -0.6167947624227608783, -3.467768908925735083 ) ) ;
#2248 = CARTESIAN_POINT ( 'NONE',  ( 1.959418117462999875, -4.051127429914999745, -3.271153846155999911 ) ) ;
#2249 = CARTESIAN_POINT ( 'NONE',  ( 0.8212404649650000277, 1.156015299361999871, -9.177925685955001356 ) ) ;
#2250 = ORIENTED_EDGE ( 'NONE', *, *, #3954, .F. ) ;
#2251 = CARTESIAN_POINT ( 'NONE',  ( -1.399768922454697195, -0.02719177609634994275, -8.502242544323868501 ) ) ;
#2252 = CARTESIAN_POINT ( 'NONE',  ( -0.02551746572843999888, -1.413273322208999927, -2.880255627232999771 ) ) ;
#2253 = CARTESIAN_POINT ( 'NONE',  ( 1.399999999999999911, 1.885956070686999931E-15, -8.253787892815998006 ) ) ;
#2254 = EDGE_CURVE ( 'NONE', #3836, #5246, #2696, .T. ) ;
#2255 = CARTESIAN_POINT ( 'NONE',  ( -0.9455869722220000551, -1.052607837842999938, -3.936991961590000422 ) ) ;
#2256 = AXIS2_PLACEMENT_3D ( 'NONE', #1601, #207, #1049 ) ;
#2257 = CARTESIAN_POINT ( 'NONE',  ( 0.9727412584679999696, -1.027561301024999985, -9.110930238492999322 ) ) ;
#2258 = ORIENTED_EDGE ( 'NONE', *, *, #5415, .T. ) ;
#2259 = CARTESIAN_POINT ( 'NONE',  ( -1.075240473600000080, 0.7795309783160000450, -10.70769230768999947 ) ) ;
#2260 = ORIENTED_EDGE ( 'NONE', *, *, #4674, .T. ) ;
#2261 = CARTESIAN_POINT ( 'NONE',  ( -0.8381544043890000184, 1.128665770781000166, -6.577977722988999965 ) ) ;
#2262 = AXIS2_PLACEMENT_3D ( 'NONE', #3706, #1190, #848 ) ;
#2263 = CARTESIAN_POINT ( 'NONE',  ( 1.389621497053999954, -0.2232075602799999947, -8.766475415936000104 ) ) ;
#2264 = CARTESIAN_POINT ( 'NONE',  ( 0.7579138475370000849, 0.9319638301910000422, -12.38262437724999820 ) ) ;
#2265 = CARTESIAN_POINT ( 'NONE',  ( 1.278808964615000043, -0.5909874425569999756, -6.580642872367000074 ) ) ;
#2266 = CARTESIAN_POINT ( 'NONE',  ( -0.9415058140809999809, 1.056392490746999924, -6.363261406977000156 ) ) ;
#2267 = CONICAL_SURFACE ( 'NONE', #2557, 0.4739140810729999820, 0.2312561258890000193 ) ;
#2268 = CARTESIAN_POINT ( 'NONE',  ( -1.399999999865015443, 0.001773773202259211956, -4.503888714520787317 ) ) ;
#2269 = EDGE_LOOP ( 'NONE', ( #514, #3565, #4157, #1711 ) ) ;
#2270 = CARTESIAN_POINT ( 'NONE',  ( -1.399999998023988779, -0.005841204203115668396, -7.003456183816658687 ) ) ;
#2271 = DIRECTION ( 'NONE',  ( 1.000000000000000000, 0.000000000000000000, 4.350751249082060661E-15 ) ) ;
#2272 = CARTESIAN_POINT ( 'NONE',  ( -0.7841987025050000115, 1.169763918272999748, -7.874196810366998811 ) ) ;
#2273 = CARTESIAN_POINT ( 'NONE',  ( 1.337679787047999946, 2.765673762767000277, -5.803846153861999646 ) ) ;
#2274 = CARTESIAN_POINT ( 'NONE',  ( 1.075240473600000080, 0.7795309783160000450, -3.842307692308000178 ) ) ;
#2275 = CARTESIAN_POINT ( 'NONE',  ( -1.364958992433700891, 0.3537796483636513889, -7.316399150273414698 ) ) ;
#2276 = CARTESIAN_POINT ( 'NONE',  ( 1.202733596997000109, 0.5797322429569999880, -11.75126041764000107 ) ) ;
#2277 = CARTESIAN_POINT ( 'NONE',  ( 0.000000000000000000, 0.000000000000000000, -2.030303992914999967 ) ) ;
#2278 = LINE ( 'NONE', #2707, #4689 ) ;
#2279 = CARTESIAN_POINT ( 'NONE',  ( -1.399989628351858251, -0.005465365701520474330, -5.795901162155465691 ) ) ;
#2280 = CARTESIAN_POINT ( 'NONE',  ( 0.9445980079569999965, 1.053515011143000057, -9.186916430052999516 ) ) ;
#2281 = EDGE_CURVE ( 'NONE', #1766, #2647, #3260, .T. ) ;
#2282 = ORIENTED_EDGE ( 'NONE', *, *, #5146, .T. ) ;
#2283 = CARTESIAN_POINT ( 'NONE',  ( -1.352599742260176763, -0.3741807475412637918, -4.482312964234382413 ) ) ;
#2284 = CARTESIAN_POINT ( 'NONE',  ( 0.02841458731776999938, -1.409234304313000008, -8.377162049617000505 ) ) ;
#2285 = CARTESIAN_POINT ( 'NONE',  ( -0.6605893531049999989, -1.171981275563000136, -11.68510234077999854 ) ) ;
#2286 = CARTESIAN_POINT ( 'NONE',  ( -1.310268338690000034, 0.5086398516510000078, -4.825678576944000042 ) ) ;
#2287 = CARTESIAN_POINT ( 'NONE',  ( 0.1219219517710000006, -1.402994519167999998, -7.664350503045000096 ) ) ;
#2288 = AXIS2_PLACEMENT_3D ( 'NONE', #2384, #3753, #3299 ) ;
#2289 = CARTESIAN_POINT ( 'NONE',  ( 0.7401264903909999804, -1.199932612251000119, -5.834826575751000277 ) ) ;
#2290 = ORIENTED_EDGE ( 'NONE', *, *, #1904, .T. ) ;
#2291 = CARTESIAN_POINT ( 'NONE',  ( 0.9833564367815695872, 0.6499387915584248221, -12.40000000000000036 ) ) ;
#2292 = B_SPLINE_SURFACE_WITH_KNOTS ( 'NONE', 13, 1, ( 
 ( #1269, #6001 ),
 ( #5539, #3219 ),
 ( #5082, #450 ),
 ( #4165, #6032 ),
 ( #5916, #3611 ),
 ( #4535, #2217 ),
 ( #5942, #1751 ),
 ( #5660, #3843 ),
 ( #3761, #2853 ),
 ( #3280, #1045 ),
 ( #3335, #2448 ),
 ( #1991, #1019 ),
 ( #5717, #4709 ),
 ( #1441, #3308 ),
 ( #1531, #508 ),
 ( #56, #1959 ),
 ( #1499, #537 ),
 ( #3393, #1414 ),
 ( #2882, #25 ),
 ( #4308, #5255 ),
 ( #990, #3817 ),
 ( #1076, #2942 ),
 ( #964, #4734 ),
 ( #5604, #2392 ),
 ( #5169, #3363 ),
 ( #4799, #1908 ) ),
 .UNSPECIFIED., .F., .F., .F.,
 ( 14, 12, 14 ),
 ( 2, 2 ),
 ( 0.000000000000000000, 9.454572418137001222, 18.90914483627499720 ),
 ( 0.000000000000000000, 1.000000000000000000 ),
 .UNSPECIFIED. ) ;
#2293 = CARTESIAN_POINT ( 'NONE',  ( 1.141815369326000029, -0.8175187349480000920, -9.803247679820998428 ) ) ;
#2294 = CARTESIAN_POINT ( 'NONE',  ( 1.257765443826000196, 0.6241556903330000017, -10.00956910930000099 ) ) ;
#2295 = CARTESIAN_POINT ( 'NONE',  ( -0.3975767277899999730, -1.355684075379999909, -8.901480110494000897 ) ) ;
#2296 = CARTESIAN_POINT ( 'NONE',  ( 1.222781649602000087, -0.6894505799400000301, -6.087055994374999557 ) ) ;
#2297 = CARTESIAN_POINT ( 'NONE',  ( -1.261755005369672222, 0.6515742325782352129, -4.041704252547241083 ) ) ;
#2298 = CARTESIAN_POINT ( 'NONE',  ( -1.391354962138305007, 0.1569589796829417017, -6.305151933036127865 ) ) ;
#2299 = CARTESIAN_POINT ( 'NONE',  ( -1.399999995324919810, -3.901868100843165158E-08, -10.00378819918757678 ) ) ;
#2300 = VERTEX_POINT ( 'NONE', #601 ) ;
#2301 = CARTESIAN_POINT ( 'NONE',  ( -0.5400212878379999637, -1.309125106553999940, -6.909963204819000282 ) ) ;
#2302 = CARTESIAN_POINT ( 'NONE',  ( 1.399999999999999911, 1.885956070686999931E-15, -8.546212107184000928 ) ) ;
#2303 = CARTESIAN_POINT ( 'NONE',  ( 1.051407806215999940, 0.9378663856040000413, -9.488210508316999636 ) ) ;
#2304 = CARTESIAN_POINT ( 'NONE',  ( 1.399999999997000089, -0.1211414254559999987, -5.053097524954999642 ) ) ;
#2305 = CARTESIAN_POINT ( 'NONE',  ( 1.959418117457000008, 4.051127429916999922, -3.028846153850999645 ) ) ;
#2306 = CARTESIAN_POINT ( 'NONE',  ( 1.219915331509999978, 0.6974810550509999985, -7.504896963711000346 ) ) ;
#2307 = CARTESIAN_POINT ( 'NONE',  ( -1.328401795037521538, 0.4736348369434446592, -5.531036546569690238 ) ) ;
#2308 = CARTESIAN_POINT ( 'NONE',  ( -1.340692758157999931, 0.4314090426020000257, -11.32098020207000033 ) ) ;
#2309 = LINE ( 'NONE', #965, #1383 ) ;
#2310 = CARTESIAN_POINT ( 'NONE',  ( 1.574999999999999956, -4.954247994864999824E-15, -3.674999999999999822 ) ) ;
#2311 = CARTESIAN_POINT ( 'NONE',  ( -0.4629252851460000096, 1.558718743918000138, -7.765384615390000356 ) ) ;
#2312 = ORIENTED_EDGE ( 'NONE', *, *, #3613, .T. ) ;
#2313 = CARTESIAN_POINT ( 'NONE',  ( -1.254692933657000076, -0.6337990074709999311, -4.466543834723999851 ) ) ;
#2314 = DIRECTION ( 'NONE',  ( 1.000000000000000000, 0.000000000000000000, 0.000000000000000000 ) ) ;
#2315 = CARTESIAN_POINT ( 'NONE',  ( -1.371053994127999998, -0.2907327562670000143, -2.987156998181999867 ) ) ;
#2316 = CARTESIAN_POINT ( 'NONE',  ( -1.399762204173000013, 0.1112046906050000034, -8.010109103172000644 ) ) ;
#2317 = CARTESIAN_POINT ( 'NONE',  ( -0.9684647192060000798, -1.023111528364999856, -9.231544606844000356 ) ) ;
#2318 = VERTEX_POINT ( 'NONE', #4716 ) ;
#2319 = CARTESIAN_POINT ( 'NONE',  ( -2.562725153493999652, 0.8011194905359999563, -10.18846153848000036 ) ) ;
#2320 = ORIENTED_EDGE ( 'NONE', *, *, #2541, .T. ) ;
#2321 = CARTESIAN_POINT ( 'NONE',  ( 1.020285201003999997, 0.9699541159050000250, -9.985718404715999696 ) ) ;
#2322 = CARTESIAN_POINT ( 'NONE',  ( -1.399999994873393661, 0.1134910213150949060, -10.30266267044999040 ) ) ;
#2323 = DIRECTION ( 'NONE',  ( 1.000000000000000000, 0.000000000000000000, 1.319112643190696996E-15 ) ) ;
#2324 = CARTESIAN_POINT ( 'NONE',  ( -1.387517851330425822, -0.2447905650265659594, -2.782297795978365684 ) ) ;
#2325 = CARTESIAN_POINT ( 'NONE',  ( 1.201982924791999974, 2.944009082951999998E-15, -12.34293845337000128 ) ) ;
#2326 = DIRECTION ( 'NONE',  ( 0.000000000000000000, 0.000000000000000000, 1.000000000000000000 ) ) ;
#2327 = ORIENTED_EDGE ( 'NONE', *, *, #1271, .F. ) ;
#2328 = CARTESIAN_POINT ( 'NONE',  ( 1.159418333214000008, 0.8088594247079999855, -11.48929167892000081 ) ) ;
#2329 = CARTESIAN_POINT ( 'NONE',  ( -0.7607984106090001086, 1.816692929058999928, -5.226923076926000000 ) ) ;
#2330 = CARTESIAN_POINT ( 'NONE',  ( -0.3141364616540000543, -1.375646741348999891, -11.18908688794000028 ) ) ;
#2331 = CARTESIAN_POINT ( 'NONE',  ( 3.753850618407000184, -1.173470705918999935, -6.663461538433000264 ) ) ;
#2332 = EDGE_CURVE ( 'NONE', #800, #2201, #970, .T. ) ;
#2333 = CARTESIAN_POINT ( 'NONE',  ( 1.191418551941999970, 0.7519335803709999988, -9.708967752932998962 ) ) ;
#2334 = DIRECTION ( 'NONE',  ( 0.000000000000000000, 0.000000000000000000, 1.000000000000000000 ) ) ;
#2335 = CARTESIAN_POINT ( 'NONE',  ( -1.574999999999999956, 1.141848099093000002, -10.93269230768999911 ) ) ;
#2336 = FACE_OUTER_BOUND ( 'NONE', #5617, .T. ) ;
#2337 = FACE_OUTER_BOUND ( 'NONE', #3326, .T. ) ;
#2338 = CARTESIAN_POINT ( 'NONE',  ( -2.107315219971999554, 1.009060281500000045, -3.669230769227999733 ) ) ;
#2339 = FACE_OUTER_BOUND ( 'NONE', #5517, .T. ) ;
#2340 = ORIENTED_EDGE ( 'NONE', *, *, #192, .F. ) ;
#2341 = CARTESIAN_POINT ( 'NONE',  ( -1.125036787398999927, -0.8523629843380000626, -4.452184716231000650 ) ) ;
#2342 = CYLINDRICAL_SURFACE ( 'NONE', #5870, 1.399999999999999911 ) ;
#2343 = CARTESIAN_POINT ( 'NONE',  ( -0.3273351154880000391, -1.377904988339000214, -2.897335127139999855 ) ) ;
#2344 = CARTESIAN_POINT ( 'NONE',  ( 0.6472119650900000076, 1.248465405718000021, -8.166826931833000458 ) ) ;
#2345 = EDGE_CURVE ( 'NONE', #2757, #1620, #5149, .T. ) ;
#2346 = CARTESIAN_POINT ( 'NONE',  ( -1.346504908973716219, -0.3971099466085405982, -5.980968734698414835 ) ) ;
#2347 = ORIENTED_EDGE ( 'NONE', *, *, #3352, .F. ) ;
#2348 = CARTESIAN_POINT ( 'NONE',  ( 0.6894253614759999760, -1.228337926031999983, -11.99090909090999979 ) ) ;
#2349 = CARTESIAN_POINT ( 'NONE',  ( 1.399999999999999911, 0.1198577898270000025, -7.746975399556999875 ) ) ;
#2350 = CARTESIAN_POINT ( 'NONE',  ( 1.088545877122000016, 0.8906127269210000197, -9.991632760375999567 ) ) ;
#2351 = CARTESIAN_POINT ( 'NONE',  ( 1.044299681689000003, 0.9483560457009999611, -11.19512499594999788 ) ) ;
#2352 = ADVANCED_FACE ( 'NONE', ( #944 ), #2342, .T. ) ;
#2353 = DIRECTION ( 'NONE',  ( 0.9118476033093435573, 2.010044247666754391E-15, 0.4105288641971548413 ) ) ;
#2354 = CARTESIAN_POINT ( 'NONE',  ( -1.055209204527000066, -0.9335278043960000272, -2.738536554697999836 ) ) ;
#2355 = VECTOR ( 'NONE', #6027, 1000.000000000000000 ) ;
#2356 = EDGE_CURVE ( 'NONE', #4139, #2874, #2458, .T. ) ;
#2357 = CARTESIAN_POINT ( 'NONE',  ( 0.3613336957139999805, 1.359642411138999973, -6.441910218554000700 ) ) ;
#2358 = B_SPLINE_CURVE_WITH_KNOTS ( 'NONE', 7,
 ( #63, #1917, #1000, #1940, #3769, #5643, #3795, #5671, #1481, #3344, #5205, #116, #2428, #3110, #2127, #5791, #3532, #4906, #3983, #1574, #2493, #4476, #1243, #3440, #2031, #309, #5365, #4936, #4016, #1151, #2159, #1607 ),
 .UNSPECIFIED., .F., .F.,
 ( 8, 6, 6, 6, 6, 8 ),
 ( 0.5000152998345511746, 0.6008506826370000331, 0.6578539268980000410, 0.7565964901689999911, 0.9035721973290000708, 1.000000000000000000 ),
 .UNSPECIFIED. ) ;
#2359 = CARTESIAN_POINT ( 'NONE',  ( 1.399999999999999911, 1.371604415045000014E-15, -6.753787892815999783 ) ) ;
#2360 = ORIENTED_EDGE ( 'NONE', *, *, #519, .F. ) ;
#2361 = CARTESIAN_POINT ( 'NONE',  ( -0.2196075190089999962, 1.389549462059999962, -11.40800874013000055 ) ) ;
#2362 = CARTESIAN_POINT ( 'NONE',  ( -1.267554325228183787, -0.6166451102551377961, -11.26020021276494099 ) ) ;
#2363 = CARTESIAN_POINT ( 'NONE',  ( 2.107315219973999731, -1.009060281500000045, -5.919230769240000356 ) ) ;
#2364 = CARTESIAN_POINT ( 'NONE',  ( -0.3139898406700000200, -1.375681642671999994, -8.189078390364000981 ) ) ;
#2365 = CARTESIAN_POINT ( 'NONE',  ( -0.7607984106099999755, 1.816692929058999928, -9.726923076934999912 ) ) ;
#2366 = EDGE_CURVE ( 'NONE', #5610, #3770, #5573, .T. ) ;
#2367 = CARTESIAN_POINT ( 'NONE',  ( 1.337679787042000079, -2.765673762761999832, -10.99615384622000036 ) ) ;
#2368 = CARTESIAN_POINT ( 'NONE',  ( 0.6282310137500000113, -1.102843155776999984, -2.399999999999999911 ) ) ;
#2369 = CARTESIAN_POINT ( 'NONE',  ( -1.319971012435286806, -0.5001152165616596923, -6.474976319865406005 ) ) ;
#2370 = CARTESIAN_POINT ( 'NONE',  ( -0.5897773996547577280, -0.6651416809710424261, -0.2744543435636022655 ) ) ;
#2371 = CARTESIAN_POINT ( 'NONE',  ( 0.7662968901819999790, 1.200851058650999947, -8.966386698827999879 ) ) ;
#2372 = ORIENTED_EDGE ( 'NONE', *, *, #2332, .T. ) ;
#2373 = CARTESIAN_POINT ( 'NONE',  ( -1.386618275461717120, -0.2534605590549671716, -7.989381535379466825 ) ) ;
#2374 = CARTESIAN_POINT ( 'NONE',  ( 0.6989233783009999312, 0.000000000000000000, -2.399999999999999911 ) ) ;
#2375 = CARTESIAN_POINT ( 'NONE',  ( 0.7752220846589999992, -1.124656991055000166, -11.60391437186999930 ) ) ;
#2376 = CARTESIAN_POINT ( 'NONE',  ( 1.399999999999999911, -3.429011037612999484E-16, -8.046211815708000259 ) ) ;
#2377 = EDGE_LOOP ( 'NONE', ( #5919, #4486, #149, #455, #16, #3890, #5639, #118, #2042 ) ) ;
#2378 = CARTESIAN_POINT ( 'NONE',  ( -1.730252897595999872, 0.5685098153819999611, -12.17272727273999777 ) ) ;
#2379 = CARTESIAN_POINT ( 'NONE',  ( 1.254725666364000070, -0.6304428528869999715, -9.790826260410998572 ) ) ;
#2380 = CARTESIAN_POINT ( 'NONE',  ( 0.000000000000000000, 0.000000000000000000, -0.8575369645580001032 ) ) ;
#2381 = CARTESIAN_POINT ( 'NONE',  ( 0.5279231092730000130, 1.307965309397999931, -11.15929489559999865 ) ) ;
#2382 = CARTESIAN_POINT ( 'NONE',  ( -1.225499999410691432, 0.06606446531630366659, -12.22271439605879095 ) ) ;
#2383 = CARTESIAN_POINT ( 'NONE',  ( -1.130460990945071353, 0.5571581556110523081, -12.10703833378342864 ) ) ;
#2384 = CARTESIAN_POINT ( 'NONE',  ( 0.000000000000000000, 0.000000000000000000, -12.40000000000000036 ) ) ;
#2385 = ORIENTED_EDGE ( 'NONE', *, *, #451, .F. ) ;
#2386 = CARTESIAN_POINT ( 'NONE',  ( -1.574999999999999956, -1.141848099093000002, -7.367307692307999645 ) ) ;
#2387 = CARTESIAN_POINT ( 'NONE',  ( -1.315708080969000049, -0.5021703985879999443, -10.26720189668999872 ) ) ;
#2388 = DIRECTION ( 'NONE',  ( 0.9118476033093435573, 4.466764994813683596E-15, 0.4105288641971548413 ) ) ;
#2389 = CARTESIAN_POINT ( 'NONE',  ( 1.075240473600000080, 3.390133826158999795E-15, -3.899999999999999911 ) ) ;
#2390 = CARTESIAN_POINT ( 'NONE',  ( 1.340163727794000170, -0.4337450874839999804, -8.571118267709998406 ) ) ;
#2391 = CARTESIAN_POINT ( 'NONE',  ( -0.01049143292736999869, 1.407953637495999999, -3.420606037176999958 ) ) ;
#2392 = CARTESIAN_POINT ( 'NONE',  ( 0.6780876855060000707, 2.283193464110000015, -11.05961538460999982 ) ) ;
#2393 = CARTESIAN_POINT ( 'NONE',  ( -0.3082484973830000308, -1.369442101564000147, -6.396399970732999485 ) ) ;
#2394 = CARTESIAN_POINT ( 'NONE',  ( -1.399992292293803731, -0.004808639622286167009, -4.295938490943473909 ) ) ;
#2395 = CARTESIAN_POINT ( 'NONE',  ( -3.753850618401000094, 1.173470705921000112, -7.413461538464000355 ) ) ;
#2396 = VERTEX_POINT ( 'NONE', #3741 ) ;
#2397 = CARTESIAN_POINT ( 'NONE',  ( 1.574999999999999956, 0.8996378962550000136, -11.62954545454000055 ) ) ;
#2398 = CARTESIAN_POINT ( 'NONE',  ( -0.6032831737349999557, 0.6032831737349999557, -0.9202546635849999657 ) ) ;
#2399 = CARTESIAN_POINT ( 'NONE',  ( 1.225002922535000094, 0.6881998058890000936, -8.005495809154000497 ) ) ;
#2400 = CARTESIAN_POINT ( 'NONE',  ( -1.395026859546861786, -0.1545040519230636844, -10.78743013720610122 ) ) ;
#2401 = ORIENTED_EDGE ( 'NONE', *, *, #3844, .T. ) ;
#2402 = CARTESIAN_POINT ( 'NONE',  ( 1.009862417743000007, 1.799255404721999962, -12.53409090908999879 ) ) ;
#2403 = CARTESIAN_POINT ( 'NONE',  ( 1.399999999999999911, 4.830948964663999614E-16, -2.546212107184000040 ) ) ;
#2404 = CARTESIAN_POINT ( 'NONE',  ( 1.390379911693000015, 0.2148948493429999884, -10.03399749239000016 ) ) ;
#2405 = CARTESIAN_POINT ( 'NONE',  ( -1.293532814817267340, 0.5553014677833965074, -10.32846532138740159 ) ) ;
#2406 = CARTESIAN_POINT ( 'NONE',  ( -1.395103179201764743, -0.1198877913753828711, -6.289390628294159846 ) ) ;
#2407 = CARTESIAN_POINT ( 'NONE',  ( -1.235208723116000051, -0.3117638101269999962, -12.04503281554000083 ) ) ;
#2408 = CARTESIAN_POINT ( 'NONE',  ( 0.6894253614759999760, 1.228337926031999983, -12.30909090908000003 ) ) ;
#2409 = ORIENTED_EDGE ( 'NONE', *, *, #4627, .T. ) ;
#2410 = CARTESIAN_POINT ( 'NONE',  ( -0.06543859039703998903, 1.409362043317999857, -11.41602556796999934 ) ) ;
#2411 = CARTESIAN_POINT ( 'NONE',  ( -1.038824331472999907, -0.9411379951649999631, -10.23763495449999894 ) ) ;
#2412 = CARTESIAN_POINT ( 'NONE',  ( 0.7607984106080000197, -1.816692929059999795, -5.976923076919000266 ) ) ;
#2413 = CARTESIAN_POINT ( 'NONE',  ( -0.1905390343479999860, -1.396255394788000093, -8.182025458775999738 ) ) ;
#2414 = EDGE_CURVE ( 'NONE', #2622, #2230, #114, .T. ) ;
#2415 = CARTESIAN_POINT ( 'NONE',  ( -1.115457695543755401, -0.5500352978334729359, -12.18549786568150139 ) ) ;
#2416 = CARTESIAN_POINT ( 'NONE',  ( 0.3789189694030000166, 1.357340953396999783, -3.442917887011999856 ) ) ;
#2417 = CARTESIAN_POINT ( 'NONE',  ( 0.1144457490329999910, -1.340723142489999908, -2.399999999999999911 ) ) ;
#2418 = CARTESIAN_POINT ( 'NONE',  ( 0.000000000000000000, 0.000000000000000000, -1.830303992915000233 ) ) ;
#2419 = LINE ( 'NONE', #4680, #1769 ) ;
#2420 = CARTESIAN_POINT ( 'NONE',  ( -1.227198727085080376, 0.6841435230686682134, -8.836665475574372763 ) ) ;
#2421 = B_SPLINE_CURVE_WITH_KNOTS ( 'NONE', 7,
 ( #792, #1183, #3047, #2652, #4507, #3919, #4907, #3472, #5398, #5854, #4049, #1608, #763, #669, #4843, #1668, #3564, #3441, #1575, #5300, #1122, #2983, #5332, #2064, #1767, #4547, #1283, #832, #5869, #3598, #5903, #4460, #2231, #3627, #374, #4061, #4118, #321, #1739, #5986, #292, #4090, #5929, #5495 ),
 .UNSPECIFIED., .F., .F.,
 ( 8, 6, 6, 6, 6, 6, 6, 8 ),
 ( 0.000000000000000000, 0.06194825489238999644, 0.1588696885969999861, 0.2642940080600000297, 0.3661749606849999950, 0.4135773073510000120, 0.4996610507370000120, 0.5000051079267385790 ),
 .UNSPECIFIED. ) ;
#2422 = CARTESIAN_POINT ( 'NONE',  ( 0.2864073969780000506, -1.373756496624000123, -10.86242859218999968 ) ) ;
#2423 = ADVANCED_FACE ( 'NONE', ( #2806 ), #5233, .T. ) ;
#2424 = ORIENTED_EDGE ( 'NONE', *, *, #2984, .T. ) ;
#2425 = CARTESIAN_POINT ( 'NONE',  ( 1.009862417741999918, -1.799255404721999962, -11.76590909091000015 ) ) ;
#2426 = DIRECTION ( 'NONE',  ( 1.224646799147353207E-16, 1.000000000000000000, -0.000000000000000000 ) ) ;
#2427 = CARTESIAN_POINT ( 'NONE',  ( 0.002574030405489999805, 1.408410586814999865, -7.921343295184001043 ) ) ;
#2428 = CARTESIAN_POINT ( 'NONE',  ( -0.8261240036100000461, -1.132541230271000066, -9.721366236461999932 ) ) ;
#2429 = VERTEX_POINT ( 'NONE', #5668 ) ;
#2430 = EDGE_CURVE ( 'NONE', #5709, #5700, #1999, .T. ) ;
#2431 = CARTESIAN_POINT ( 'NONE',  ( 0.000000000000000000, 0.000000000000000000, -12.40000000000000036 ) ) ;
#2432 = CARTESIAN_POINT ( 'NONE',  ( 0.9754569508679999945, 1.006885335338000065, -7.690028786092000246 ) ) ;
#2433 = FACE_OUTER_BOUND ( 'NONE', #4546, .T. ) ;
#2434 = CARTESIAN_POINT ( 'NONE',  ( 1.399999999999999911, 0.1074434265709999919, -4.040104909883999618 ) ) ;
#2435 = CARTESIAN_POINT ( 'NONE',  ( -0.02489972070048999953, 1.401536128504999867, -7.127375543177000061 ) ) ;
#2436 = CARTESIAN_POINT ( 'NONE',  ( -0.4629252851460000096, -1.558718743917000049, -3.034615384616999645 ) ) ;
#2437 = CARTESIAN_POINT ( 'NONE',  ( -1.218125387679240390, 0.3429436153875870530, -12.09093988669799380 ) ) ;
#2438 = CARTESIAN_POINT ( 'NONE',  ( 1.075240473600000080, -0.7795309783160000450, -8.457692307691999645 ) ) ;
#2439 = ORIENTED_EDGE ( 'NONE', *, *, #3683, .T. ) ;
#2440 = CARTESIAN_POINT ( 'NONE',  ( 1.388663872963000090, -0.2332805111860000169, -3.059471538006999669 ) ) ;
#2441 = CARTESIAN_POINT ( 'NONE',  ( 0.2455146993159999791, 1.388862709291000197, -11.43206876785000148 ) ) ;
#2442 = AXIS2_PLACEMENT_3D ( 'NONE', #5468, #262, #1288 ) ;
#2443 = CARTESIAN_POINT ( 'NONE',  ( -1.085902626121000081, -0.8865359532550000088, -11.24172382411999926 ) ) ;
#2444 = CARTESIAN_POINT ( 'NONE',  ( 0.6032831737349999557, 0.6032831737349999557, -2.030303992914999967 ) ) ;
#2445 = CARTESIAN_POINT ( 'NONE',  ( -0.3974021014000000407, -1.355263927179999772, -7.401477819790001078 ) ) ;
#2446 = CARTESIAN_POINT ( 'NONE',  ( 0.7909266792219999953, -1.165492192677999972, -8.623746040472999752 ) ) ;
#2447 = CARTESIAN_POINT ( 'NONE',  ( 1.337679787049000035, 2.765673762771000188, -10.30384615386999947 ) ) ;
#2448 = CARTESIAN_POINT ( 'NONE',  ( 1.114408847258000046, -2.661071112482999990, -10.25192307691999893 ) ) ;
#2449 = CARTESIAN_POINT ( 'NONE',  ( 1.262370693568999780, -0.6501809359560001278, -6.291619136826000158 ) ) ;
#2450 = AXIS2_PLACEMENT_3D ( 'NONE', #4150, #1891, #4180 ) ;
#2451 = CARTESIAN_POINT ( 'NONE',  ( 1.389739519074000063, -0.2219334264090000175, -5.558827922824000289 ) ) ;
#2452 = CARTESIAN_POINT ( 'NONE',  ( 1.337679787046999857, 2.765673762765000099, -7.303846153860000356 ) ) ;
#2453 = CARTESIAN_POINT ( 'NONE',  ( 0.2193929831940000241, -1.385480442998000106, -10.86628558243000064 ) ) ;
#2454 = CARTESIAN_POINT ( 'NONE',  ( -3.086771334363999753, 1.478060008326000041, -6.444230769229000622 ) ) ;
#2455 = VECTOR ( 'NONE', #1733, 1000.000000000000000 ) ;
#2456 = EDGE_LOOP ( 'NONE', ( #3966, #1038, #831, #3827 ) ) ;
#2457 = CARTESIAN_POINT ( 'NONE',  ( -1.319970745436198412, -0.5001160308808227928, -7.974976271643981818 ) ) ;
#2458 = LINE ( 'NONE', #3824, #3045 ) ;
#2459 = CARTESIAN_POINT ( 'NONE',  ( 1.384690023606000020, -0.2208465803720000287, -11.26637400896999885 ) ) ;
#2460 = CARTESIAN_POINT ( 'NONE',  ( -1.399999997521856221, -0.07725128489482617489, -10.79182103695142914 ) ) ;
#2461 = EDGE_CURVE ( 'NONE', #2647, #1011, #764, .T. ) ;
#2462 = CARTESIAN_POINT ( 'NONE',  ( 1.370255657603000277, -0.3261437467669999757, -2.564813966602000228 ) ) ;
#2463 = ORIENTED_EDGE ( 'NONE', *, *, #1451, .T. ) ;
#2464 = CARTESIAN_POINT ( 'NONE',  ( -1.399999998579465332, -0.004798478142310974755, -5.503515453289313797 ) ) ;
#2465 = CARTESIAN_POINT ( 'NONE',  ( 0.4313468781230000437, 1.338879814021999959, -7.653599115878000347 ) ) ;
#2466 = CARTESIAN_POINT ( 'NONE',  ( -1.319950508266628741, -0.5001777425139805056, -3.767395056390672181 ) ) ;
#2467 = CARTESIAN_POINT ( 'NONE',  ( -2.107315219975999909, -1.009060281503999956, -4.130769230774999912 ) ) ;
#2468 = CARTESIAN_POINT ( 'NONE',  ( 1.211467634669000093, 0.7125455519660000014, -7.211498378745998750 ) ) ;
#2469 = CARTESIAN_POINT ( 'NONE',  ( -0.9322820957870000536, 1.056494258747000092, -3.071248193590999875 ) ) ;
#2470 = CARTESIAN_POINT ( 'NONE',  ( -1.399999998380057731, 3.574479037413147431E-15, -10.50378789528146406 ) ) ;
#2471 = CARTESIAN_POINT ( 'NONE',  ( 2.562725153493000008, 0.8011194905299999780, -8.861538461510001241 ) ) ;
#2472 = AXIS2_PLACEMENT_3D ( 'NONE', #1256, #4119, #775 ) ;
#2473 = EDGE_LOOP ( 'NONE', ( #5523, #4756, #1274, #5551 ) ) ;
#2474 = CARTESIAN_POINT ( 'NONE',  ( -1.114408847256999957, -2.661071112481000256, -10.29807692307000089 ) ) ;
#2475 = CARTESIAN_POINT ( 'NONE',  ( -0.6032831737349999557, -0.6032831737349999557, -0.9202546635849999657 ) ) ;
#2476 = CARTESIAN_POINT ( 'NONE',  ( 1.370286644381000007, -0.3259749935170000446, -10.06480427658999943 ) ) ;
#2477 = CARTESIAN_POINT ( 'NONE',  ( 1.371137261556999887, 0.3213059462329999616, -5.527890966215999846 ) ) ;
#2478 = CARTESIAN_POINT ( 'NONE',  ( 0.8325465420959999863, -1.132699244988000009, -7.328368236334999786 ) ) ;
#2479 = CC_DESIGN_APPROVAL ( #6020, ( #1405 ) ) ;
#2480 = CARTESIAN_POINT ( 'NONE',  ( -0.7169644970380000260, -1.032865566798999879, -12.14867815500000070 ) ) ;
#2481 = CARTESIAN_POINT ( 'NONE',  ( -0.9777565985610000565, 1.005085198413000036, -4.359805620587000163 ) ) ;
#2482 = CARTESIAN_POINT ( 'NONE',  ( -1.042967827832000038, -0.9365031730949998634, -7.237987872045000159 ) ) ;
#2483 = CARTESIAN_POINT ( 'NONE',  ( -0.9452289272680000076, 1.034913134368000032, -6.862310400075999794 ) ) ;
#2484 = CARTESIAN_POINT ( 'NONE',  ( -1.364226349846999975, -0.3267134483840000159, -10.48508069446000057 ) ) ;
#2485 = CARTESIAN_POINT ( 'NONE',  ( -1.399999999933211337, -3.903914808767054766E-08, -4.296211813469565044 ) ) ;
#2486 = CARTESIAN_POINT ( 'NONE',  ( 1.261214629221999894, 0.2406163328560000092, -11.97667708210000015 ) ) ;
#2487 = DIRECTION ( 'NONE',  ( 0.9769849217530212071, -0.2133083745830045563, 0.000000000000000000 ) ) ;
#2488 = CARTESIAN_POINT ( 'NONE',  ( 1.075240473600000080, 6.942847504959998496E-15, -6.899999999999999467 ) ) ;
#2489 = EDGE_LOOP ( 'NONE', ( #175, #274, #2068, #2290 ) ) ;
#2490 = CARTESIAN_POINT ( 'NONE',  ( -0.08300526979753000689, -1.573236784856999915, -12.03636363634999995 ) ) ;
#2491 = CARTESIAN_POINT ( 'NONE',  ( -0.5728775264809999879, -1.283106886629000076, -4.912220236938999562 ) ) ;
#2492 = CARTESIAN_POINT ( 'NONE',  ( 1.374515959642000018, -0.2753524860600000124, -11.26952051650000008 ) ) ;
#2493 = CARTESIAN_POINT ( 'NONE',  ( 0.4258295886319999890, -1.355146451952999875, -9.646923431754000688 ) ) ;
#2494 = EDGE_CURVE ( 'NONE', #3011, #5127, #5636, .T. ) ;
#2495 = CARTESIAN_POINT ( 'NONE',  ( -0.8245445523419999700, -1.153597626304000201, -2.720579710937000240 ) ) ;
#2496 = ORIENTED_EDGE ( 'NONE', *, *, #3500, .F. ) ;
#2497 = CARTESIAN_POINT ( 'NONE',  ( 0.7015571599400000080, -0.1531733132530000152, -5.000000000000000000 ) ) ;
#2498 = CARTESIAN_POINT ( 'NONE',  ( 0.6780876855050000929, -2.283193464108999926, -4.240384615382999378 ) ) ;
#2499 = CARTESIAN_POINT ( 'NONE',  ( 1.279952526918999967, 0.5883064116070000349, -11.01194382681000050 ) ) ;
#2500 = CARTESIAN_POINT ( 'NONE',  ( 1.075240473600000080, -0.7795309783160000450, -3.957692307692000089 ) ) ;
#2501 = CARTESIAN_POINT ( 'NONE',  ( 1.337679787047999946, 2.765673762767000277, -5.803846153861999646 ) ) ;
#2502 = CARTESIAN_POINT ( 'NONE',  ( -1.397329938855531140, 0.09239885533763654568, -3.009042196903954913 ) ) ;
#2503 = CARTESIAN_POINT ( 'NONE',  ( 0.5885319790159999620, 1.075792705495999924, -12.24889008931999967 ) ) ;
#2504 = CARTESIAN_POINT ( 'NONE',  ( 1.337679787040999990, -2.765673762765000099, -9.496153846204000715 ) ) ;
#2505 = ORIENTED_EDGE ( 'NONE', *, *, #3519, .F. ) ;
#2506 = CARTESIAN_POINT ( 'NONE',  ( 0.5936263795310000591, -1.298383963562999899, -3.137060146421000173 ) ) ;
#2507 = CARTESIAN_POINT ( 'NONE',  ( -0.4490185530099999878, -1.334098186584999901, -10.19706375926000064 ) ) ;
#2508 = CARTESIAN_POINT ( 'NONE',  ( -0.9070078162460001314, 1.096195553308000115, -8.573854582774000477 ) ) ;
#2509 = LINE ( 'NONE', #655, #2066 ) ;
#2510 = CARTESIAN_POINT ( 'NONE',  ( -0.1143850432419999952, -1.400326069191000000, -8.677684201141001807 ) ) ;
#2511 = CARTESIAN_POINT ( 'NONE',  ( -1.375928859498803725, 1.806392864879113186E-10, -11.51462444456988443 ) ) ;
#2512 = CARTESIAN_POINT ( 'NONE',  ( -1.364283627744000027, 0.3333307368380000191, -3.315289439775999991 ) ) ;
#2513 = CARTESIAN_POINT ( 'NONE',  ( -0.5627662285990000512, -1.291928456533999903, -7.203910855109000089 ) ) ;
#2514 = EDGE_CURVE ( 'NONE', #2631, #3495, #5343, .T. ) ;
#2515 = CARTESIAN_POINT ( 'NONE',  ( 1.149539311535000108, 0.8058427212950000085, -6.997547380237000070 ) ) ;
#2516 = CARTESIAN_POINT ( 'NONE',  ( -1.395905216757352241, -0.1092086406344553867, -10.49757460318003766 ) ) ;
#2517 = CARTESIAN_POINT ( 'NONE',  ( -0.4629252851460000096, -1.558718743917000049, -4.534615384613999822 ) ) ;
#2518 = CARTESIAN_POINT ( 'NONE',  ( 0.8611243078029999776, 0.9684475888010000144, -11.92903587043000080 ) ) ;
#2519 = CARTESIAN_POINT ( 'NONE',  ( 0.7607984106080000197, -1.816692929059999795, -5.976923076919000266 ) ) ;
#2520 = EDGE_LOOP ( 'NONE', ( #3437, #1670, #365, #2979 ) ) ;
#2521 = CARTESIAN_POINT ( 'NONE',  ( -0.7875366426079999371, -1.170109028453999889, -7.925937172447999224 ) ) ;
#2522 = CARTESIAN_POINT ( 'NONE',  ( 0.1910636292759999855, 1.393611867056999909, -8.432066964607999537 ) ) ;
#2523 = CARTESIAN_POINT ( 'NONE',  ( -1.257631855336000193, 0.6239672533300000268, -6.040425567385999450 ) ) ;
#2524 = DIRECTION ( 'NONE',  ( 0.000000000000000000, 0.000000000000000000, 1.000000000000000000 ) ) ;
#2525 = ORIENTED_EDGE ( 'NONE', *, *, #4325, .T. ) ;
#2526 = CARTESIAN_POINT ( 'NONE',  ( 0.000000000000000000, 0.000000000000000000, -2.399999999999999911 ) ) ;
#2527 = CARTESIAN_POINT ( 'NONE',  ( -1.399936789372682622, 0.01349231694624136550, -7.504554819615339767 ) ) ;
#2528 = CARTESIAN_POINT ( 'NONE',  ( -1.399999999978613463, 2.925259711441442908E-10, -3.796211797382677666 ) ) ;
#2529 = CARTESIAN_POINT ( 'NONE',  ( 1.388250791498999881, 0.2374933756550000052, -5.032712571546000824 ) ) ;
#2530 = CARTESIAN_POINT ( 'NONE',  ( -1.399999997732430002, -3.903108697993185570E-08, -7.003788199693964600 ) ) ;
#2531 = CARTESIAN_POINT ( 'NONE',  ( -0.7493343874119999803, 1.187882186819000152, -3.083992822674999967 ) ) ;
#2532 =( BOUNDED_CURVE ( )  B_SPLINE_CURVE ( 2, ( #1701, #4969, #1638 ),
 .UNSPECIFIED., .F., .T. ) 
 B_SPLINE_CURVE_WITH_KNOTS ( ( 3, 3 ),
 ( 0.000000000000000000, 1.000000000000000000 ),
 .UNSPECIFIED. ) 
 CURVE ( )  GEOMETRIC_REPRESENTATION_ITEM ( )  RATIONAL_B_SPLINE_CURVE ( ( 1.000000000000000000, 1.002765153012963983, 1.000000000000000000 ) ) 
 REPRESENTATION_ITEM ( '' )  );
#2533 = CARTESIAN_POINT ( 'NONE',  ( 1.369740947307000134, 0.3097980508839999758, -3.736087538515999729 ) ) ;
#2534 = CARTESIAN_POINT ( 'NONE',  ( 0.4629252851460000096, -1.558718743917000049, -8.515384615383998934 ) ) ;
#2535 = ORIENTED_EDGE ( 'NONE', *, *, #2984, .F. ) ;
#2536 = ADVANCED_FACE ( 'NONE', ( #3109 ), #3642, .T. ) ;
#2537 = CARTESIAN_POINT ( 'NONE',  ( -1.362440732360000073, -0.3297957107589999937, -3.277313407813999824 ) ) ;
#2538 = CARTESIAN_POINT ( 'NONE',  ( 1.390096491838999970, -0.2180383026789999845, -10.05860648870999974 ) ) ;
#2539 = CARTESIAN_POINT ( 'NONE',  ( 1.383442318431999940, 0.2779935806859999969, -10.73798698197999890 ) ) ;
#2540 = CARTESIAN_POINT ( 'NONE',  ( -1.313159463144827122, 0.1563227407781655198, -11.77060215097456464 ) ) ;
#2541 = EDGE_CURVE ( 'NONE', #2995, #59, #2278, .T. ) ;
#2542 = PERSON_AND_ORGANIZATION_ROLE ( 'design_owner' ) ;
#2543 = CARTESIAN_POINT ( 'NONE',  ( 1.387794750394999888, 0.2420599483649999717, -4.532452872363999852 ) ) ;
#2544 = CARTESIAN_POINT ( 'NONE',  ( -1.245615901562509897, 0.6488349275150573359, -5.834412229856726917 ) ) ;
#2545 = CARTESIAN_POINT ( 'NONE',  ( 1.399999999995000133, -0.1663643720440000084, -6.263244473348000163 ) ) ;
#2546 = CARTESIAN_POINT ( 'NONE',  ( 0.2885394749089999489, -1.377884836066999963, -10.36232790121999869 ) ) ;
#2547 = CARTESIAN_POINT ( 'NONE',  ( 1.439812932702999815, 0.4206408430269999998, -0.2303039929150000054 ) ) ;
#2548 = CARTESIAN_POINT ( 'NONE',  ( -1.075240473600000080, 0.7795309783160000450, -7.707692307690999556 ) ) ;
#2549 = AXIS2_PLACEMENT_3D ( 'NONE', #5226, #5171, #539 ) ;
#2550 = CARTESIAN_POINT ( 'NONE',  ( 0.005453466857995000264, -1.402207603763999888, -10.87848106164999962 ) ) ;
#2551 = CARTESIAN_POINT ( 'NONE',  ( 1.075240473600000080, 5.773159728051000181E-15, -5.400000000000000355 ) ) ;
#2552 = ORIENTED_EDGE ( 'NONE', *, *, #5337, .T. ) ;
#2553 = CARTESIAN_POINT ( 'NONE',  ( 0.005475754482902999917, -1.402207575905000114, -9.378479797005001117 ) ) ;
#2554 = CARTESIAN_POINT ( 'NONE',  ( -1.399997649270760869, 0.002601940153879440942, -8.296359693573281291 ) ) ;
#2555 = CARTESIAN_POINT ( 'NONE',  ( -1.399995613106816750, 0.004588710659124867718, -6.004048718850717670 ) ) ;
#2556 = CARTESIAN_POINT ( 'NONE',  ( -2.107315219969999820, 1.009060281500999912, -9.669230769206999199 ) ) ;
#2557 = AXIS2_PLACEMENT_3D ( 'NONE', #6025, #1839, #3698 ) ;
#2558 = ORIENTED_EDGE ( 'NONE', *, *, #1425, .F. ) ;
#2559 = CARTESIAN_POINT ( 'NONE',  ( 1.390531900959000033, -0.2131902881899999935, -5.265905623022000270 ) ) ;
#2560 = CARTESIAN_POINT ( 'NONE',  ( 1.337679787050999991, 2.765673762769000010, -4.303846153835999999 ) ) ;
#2561 = CARTESIAN_POINT ( 'NONE',  ( -0.06585504501969000057, -1.403944884188000009, -3.674962595135000232 ) ) ;
#2562 = CARTESIAN_POINT ( 'NONE',  ( 0.5956294137600000038, 1.271364366670000079, -3.956064104544999793 ) ) ;
#2563 = CARTESIAN_POINT ( 'NONE',  ( 1.387187344020999857, 0.2480115429560000029, -7.239691252410000111 ) ) ;
#2564 = CARTESIAN_POINT ( 'NONE',  ( -1.959418117457000008, 4.051127429909000099, -2.521153846141999999 ) ) ;
#2565 = CARTESIAN_POINT ( 'NONE',  ( -0.2530617782890000056, 1.382877259076000120, -3.614362399101000101 ) ) ;
#2566 = ORIENTED_EDGE ( 'NONE', *, *, #3593, .F. ) ;
#2567 = CARTESIAN_POINT ( 'NONE',  ( 1.574999999999999956, 4.884981308350999589E-15, -8.625000000000000000 ) ) ;
#2568 = ORIENTED_EDGE ( 'NONE', *, *, #3867, .T. ) ;
#2569 = B_SPLINE_CURVE_WITH_KNOTS ( 'NONE', 11,
 ( #3578, #441, #2181, #4036, #4002, #1686, #2237, #1776, #4579, #3550, #3632, #5503, #3097, #780, #2638, #5908, #1950, #1836, #1925, #2408, #47, #4156 ),
 .UNSPECIFIED., .F., .F.,
 ( 12, 10, 12 ),
 ( 0.000000000000000000, 6.303048278757998446, 12.60609655751700053 ),
 .UNSPECIFIED. ) ;
#2570 = CARTESIAN_POINT ( 'NONE',  ( 1.399999999999999911, -3.429011037612999484E-16, -7.546211797359999807 ) ) ;
#2571 = CARTESIAN_POINT ( 'NONE',  ( -1.387424051110999867, 0.2443670083070000054, -2.810102536882000290 ) ) ;
#2572 = CARTESIAN_POINT ( 'NONE',  ( -0.07393004437341998969, 1.410630964995000181, -10.62459393365000082 ) ) ;
#2573 = CARTESIAN_POINT ( 'NONE',  ( -1.288413188859000025, 0.3203033586819999945, -11.77972254496000026 ) ) ;
#2574 = B_SPLINE_CURVE_WITH_KNOTS ( 'NONE', 7,
 ( #2861, #2460, #2400, #4234, #5699, #1542, #2953, #4810, #4286, #2893, #638, #1509, #1450, #1055, #574, #2921, #3289, #4205, #35, #4261, #1886, #3743, #5614, #4744, #1422, #972, #88, #2836, #3316, #5179, #4688, #518 ),
 .UNSPECIFIED., .F., .F.,
 ( 8, 6, 6, 6, 6, 8 ),
 ( 0.5000019640333930315, 0.5614808523069999557, 0.6614213134549999928, 0.7808139903319999409, 0.9066465632750000392, 1.000000000000000000 ),
 .UNSPECIFIED. ) ;
#2575 =( NAMED_UNIT ( * ) SI_UNIT ( $, .STERADIAN. ) SOLID_ANGLE_UNIT ( ) );
#2576 = LINE ( 'NONE', #4435, #2677 ) ;
#2577 = CARTESIAN_POINT ( 'NONE',  ( -1.399455573494358784, -0.04173576136772566558, -7.293839325078311120 ) ) ;
#2578 = CARTESIAN_POINT ( 'NONE',  ( 1.376935625800000063, -0.3328103187509999783, -6.272705537359000161 ) ) ;
#2579 = CARTESIAN_POINT ( 'NONE',  ( -1.399999998380057731, 3.574479037413147431E-15, -10.50378789528146406 ) ) ;
#2580 = DIRECTION ( 'NONE',  ( -0.9118476033094164990, -1.053354980437414397E-14, 0.4105288641969928598 ) ) ;
#2581 = CARTESIAN_POINT ( 'NONE',  ( 3.753850618401000094, 1.173470705912000200, -7.586538461525999644 ) ) ;
#2582 = CARTESIAN_POINT ( 'NONE',  ( 0.000000000000000000, 0.000000000000000000, -11.40000000000000036 ) ) ;
#2583 = ORIENTED_EDGE ( 'NONE', *, *, #4842, .T. ) ;
#2584 = CARTESIAN_POINT ( 'NONE',  ( -0.3083554908310000009, -1.369417401706999993, -9.396406197181999431 ) ) ;
#2585 = CARTESIAN_POINT ( 'NONE',  ( -1.399999843272980549, 0.0008673150098527217331, -8.296261096171729577 ) ) ;
#2586 = CARTESIAN_POINT ( 'NONE',  ( 1.066733720992000034, 0.9213269561399999308, -6.197056934398000649 ) ) ;
#2587 = CARTESIAN_POINT ( 'NONE',  ( 1.075240473600000080, 0.7795309783160000450, -9.842307692308999378 ) ) ;
#2588 = ORIENTED_EDGE ( 'NONE', *, *, #4861, .T. ) ;
#2589 = CARTESIAN_POINT ( 'NONE',  ( -1.399999999999999911, 1.714505518806294391E-16, -12.40000000000000036 ) ) ;
#2590 = CARTESIAN_POINT ( 'NONE',  ( -3.086771334365999930, 1.478060008329000086, -5.394230769228000710 ) ) ;
#2591 = CARTESIAN_POINT ( 'NONE',  ( -0.6032831737349999557, 0.6032831737349999557, -0.4196563988270000101 ) ) ;
#2592 = CARTESIAN_POINT ( 'NONE',  ( 1.088546074117000106, 0.8906124627910000369, -3.991632779040999335 ) ) ;
#2593 = EDGE_CURVE ( 'NONE', #2846, #2757, #3525, .T. ) ;
#2594 = LINE ( 'NONE', #285, #3555 ) ;
#2595 = CARTESIAN_POINT ( 'NONE',  ( -0.8468048144040000169, -1.120585390898000133, -5.722694925374000263 ) ) ;
#2596 = B_SPLINE_CURVE_WITH_KNOTS ( 'NONE', 7,
 ( #3784, #134, #4732, #562, #3841, #2415, #5252, #104, #623, #2480, #164, #3874, #1559, #2636, #2604, #5351, #1716, #3125, #4985, #4492, #3602, #1168, #3030, #2207, #4891, #326 ),
 .UNSPECIFIED., .F., .F.,
 ( 8, 6, 6, 6, 8 ),
 ( 0.4387070182601084389, 0.5524556572329999415, 0.6867731323619999939, 0.8328889179570000412, 1.000000000000000000 ),
 .UNSPECIFIED. ) ;
#2597 = CARTESIAN_POINT ( 'NONE',  ( -1.399999997586660161, -0.07587596810706030703, -9.291899212131017549 ) ) ;
#2598 = CARTESIAN_POINT ( 'NONE',  ( 0.3848517939960000023, -1.355972647950999921, -4.356759271076999340 ) ) ;
#2599 = ORIENTED_EDGE ( 'NONE', *, *, #287, .F. ) ;
#2600 = CARTESIAN_POINT ( 'NONE',  ( -0.9779449596120000088, 1.003579371724999891, -6.567315691062000305 ) ) ;
#2601 = CARTESIAN_POINT ( 'NONE',  ( 0.7845370652650001109, -1.170201859285999957, -10.12419307795000023 ) ) ;
#2602 = CARTESIAN_POINT ( 'NONE',  ( 0.03244410636682000526, 1.211839138099000124, -12.33493979604000046 ) ) ;
#2603 = CARTESIAN_POINT ( 'NONE',  ( 0.4259583763909999821, -1.355105976034999937, -6.646915868408999728 ) ) ;
#2604 = CARTESIAN_POINT ( 'NONE',  ( 0.07228754025847999864, -1.265171205195000148, -12.10038725627000034 ) ) ;
#2605 = PERSON_AND_ORGANIZATION_ROLE ( 'creator' ) ;
#2606 = CARTESIAN_POINT ( 'NONE',  ( -0.9324847743919999488, 1.046034847895000119, -4.363271139107999907 ) ) ;
#2607 = CARTESIAN_POINT ( 'NONE',  ( -1.399092675157800336, -0.05216473025662118207, -7.293246214800109151 ) ) ;
#2608 = CARTESIAN_POINT ( 'NONE',  ( 1.075240473600000080, 2.370221647753999984E-15, -6.899999999999999467 ) ) ;
#2609 = CARTESIAN_POINT ( 'NONE',  ( 0.8608751255770000776, -1.108851911106000010, -11.32626381668000093 ) ) ;
#2610 = DIRECTION ( 'NONE',  ( 0.000000000000000000, 0.000000000000000000, 1.000000000000000000 ) ) ;
#2611 = EDGE_CURVE ( 'NONE', #912, #2653, #2734, .T. ) ;
#2612 = CARTESIAN_POINT ( 'NONE',  ( 0.6032831737349999557, 0.6032831737349999557, -0.4196563988270000101 ) ) ;
#2613 = CARTESIAN_POINT ( 'NONE',  ( -0.4629252851460000096, -1.558718743917000049, -7.534615384617000089 ) ) ;
#2614 = CARTESIAN_POINT ( 'NONE',  ( 3.086771334364999841, -1.478060008329000086, -8.694230769217000443 ) ) ;
#2615 = ORIENTED_EDGE ( 'NONE', *, *, #4133, .T. ) ;
#2616 = CARTESIAN_POINT ( 'NONE',  ( -1.399999998175204929, -0.1267059893693317785, -9.496586184357150628 ) ) ;
#2617 = CARTESIAN_POINT ( 'NONE',  ( -1.203254227649524388, -0.7267996592488635832, -4.960568345096106668 ) ) ;
#2618 = EDGE_CURVE ( 'NONE', #247, #5868, #5476, .T. ) ;
#2619 = CARTESIAN_POINT ( 'NONE',  ( -1.303199351348000024, 0.5291943635200000440, -6.034470607104999829 ) ) ;
#2620 = CARTESIAN_POINT ( 'NONE',  ( 0.4629252851460000096, -1.558718743917000049, -8.515384615383998934 ) ) ;
#2621 = ADVANCED_FACE ( 'NONE', ( #2337 ), #1867, .F. ) ;
#2622 = VERTEX_POINT ( 'NONE', #6033 ) ;
#2623 = DIRECTION ( 'NONE',  ( 1.000000000000000000, 0.000000000000000000, 0.000000000000000000 ) ) ;
#2624 = CARTESIAN_POINT ( 'NONE',  ( -0.5750335636589999355, 0.7326707007989998743, -0.08751284532406000682 ) ) ;
#2625 = CARTESIAN_POINT ( 'NONE',  ( -1.059030673882999984, 0.9285946172229999629, -10.85351278161000010 ) ) ;
#2626 = CARTESIAN_POINT ( 'NONE',  ( -1.399997724483458938, 0.002559976920179273755, -3.796357308349493476 ) ) ;
#2627 = CARTESIAN_POINT ( 'NONE',  ( -1.371392984613999833, -0.2927275262010000656, -7.779477315491000411 ) ) ;
#2628 = EDGE_CURVE ( 'NONE', #4838, #1968, #4501, .T. ) ;
#2629 = CARTESIAN_POINT ( 'NONE',  ( 0.1396623467390000206, 1.403556405107999838, -3.636701578852999717 ) ) ;
#2630 = CARTESIAN_POINT ( 'NONE',  ( -1.043474425587000098, -0.9504690525890000519, -4.445006398541000436 ) ) ;
#2631 = VERTEX_POINT ( 'NONE', #107 ) ;
#2632 = CARTESIAN_POINT ( 'NONE',  ( 0.4023521985130000256, 1.354103835250999976, -6.651763528947000736 ) ) ;
#2633 = CARTESIAN_POINT ( 'NONE',  ( 1.011159113501000073, -0.9711718155330000268, -8.814681517769999530 ) ) ;
#2634 = CARTESIAN_POINT ( 'NONE',  ( -0.9938146459269999733, 0.7142370297030000703, -12.26407616487999874 ) ) ;
#2635 = CARTESIAN_POINT ( 'NONE',  ( -0.003101878996210000097, 1.402208328686999961, -4.128614495897999781 ) ) ;
#2636 = CARTESIAN_POINT ( 'NONE',  ( -0.07514822530980999615, -1.257389908342000151, -12.10888552036999855 ) ) ;
#2637 = APPROVAL_STATUS ( 'not_yet_approved' ) ;
#2638 = CARTESIAN_POINT ( 'NONE',  ( -1.026647369640000029, -1.378536982480000006, -12.08181818183000011 ) ) ;
#2639 = CARTESIAN_POINT ( 'NONE',  ( 1.075240473600000080, 3.950369412924000157E-15, -9.900000000000000355 ) ) ;
#2640 = CARTESIAN_POINT ( 'NONE',  ( 1.389930170802999854, -0.2198627917590000036, -4.558708878782000262 ) ) ;
#2641 = CARTESIAN_POINT ( 'NONE',  ( -1.144963146025000045, 0.8102603686299999497, -9.345227026226000433 ) ) ;
#2642 = CARTESIAN_POINT ( 'NONE',  ( 1.326841138476999804, -0.4786572852889999785, -5.073755316498999690 ) ) ;
#2643 = CARTESIAN_POINT ( 'NONE',  ( -0.6780876855060000707, 2.283193464108999926, -4.540384615387999645 ) ) ;
#2644 = CARTESIAN_POINT ( 'NONE',  ( -0.9435681851610000503, 0.9223975070529999432, -11.81822571092000018 ) ) ;
#2645 = CARTESIAN_POINT ( 'NONE',  ( 0.7607984106090001086, 1.816692929058999928, -9.323076923062000532 ) ) ;
#2646 = CARTESIAN_POINT ( 'NONE',  ( -1.399999998356867392, -3.903713950044327341E-08, -5.503788199904820821 ) ) ;
#2647 = VERTEX_POINT ( 'NONE', #4735 ) ;
#2648 = CARTESIAN_POINT ( 'NONE',  ( -0.9756078138299999480, -1.016167973378999889, -7.939651621536999215 ) ) ;
#2649 = CARTESIAN_POINT ( 'NONE',  ( 0.2867254852839999923, -1.373690141587999847, -3.362410166689000057 ) ) ;
#2650 = B_SPLINE_CURVE_WITH_KNOTS ( 'NONE', 7,
 ( #1052, #2950, #2373, #2918, #2457, #1998, #3851, #4839, #2648, #5427, #2521, #337, #4047, #2190, #1149, #666, #1571, #3108, #5789, #1697, #1664, #4934, #3950, #3043, #4965, #4380, #3012, #275, #3438, #5819, #3561, #790, #1179, #4413, #1211, #4504, #307, #3076 ),
 .UNSPECIFIED., .F., .F.,
 ( 8, 6, 6, 6, 6, 6, 8 ),
 ( 0.5000051033010644019, 0.6008504043269999872, 0.6968509638280000473, 0.7595999152410000121, 0.8136025328189999684, 0.8676049684409999907, 1.000000000000000000 ),
 .UNSPECIFIED. ) ;
#2651 = AXIS2_PLACEMENT_3D ( 'NONE', #4660, #947, #4543 ) ;
#2652 = CARTESIAN_POINT ( 'NONE',  ( 1.384851195546000113, 0.2331354502909999959, -5.240512779898999440 ) ) ;
#2653 = VERTEX_POINT ( 'NONE', #3787 ) ;
#2654 = CARTESIAN_POINT ( 'NONE',  ( -1.399999997962577014, 3.991219247462263198E-15, -4.796212109399639267 ) ) ;
#2655 = ADVANCED_FACE ( 'NONE', ( #1878 ), #3309, .T. ) ;
#2656 = DIRECTION ( 'NONE',  ( 0.000000000000000000, 0.000000000000000000, 1.000000000000000000 ) ) ;
#2657 = CARTESIAN_POINT ( 'NONE',  ( -1.249932292436999992, 0.6397250057690000435, -10.83384600984999935 ) ) ;
#2658 = CARTESIAN_POINT ( 'NONE',  ( -1.302061720224999775, 0.5331388827429999200, -3.827125221849999814 ) ) ;
#2659 = CARTESIAN_POINT ( 'NONE',  ( -1.342920625966000037, -0.4023689744130000134, -7.773049291665000027 ) ) ;
#2660 = VECTOR ( 'NONE', #5183, 1000.000000000000000 ) ;
#2661 = CARTESIAN_POINT ( 'NONE',  ( -0.7336344438709999638, 1.203866366861000126, -3.585254883766999967 ) ) ;
#2662 = ORIENTED_EDGE ( 'NONE', *, *, #4066, .T. ) ;
#2663 = CARTESIAN_POINT ( 'NONE',  ( 0.2723005960750000121, 1.386122985985000167, -6.644232763713000978 ) ) ;
#2664 = CARTESIAN_POINT ( 'NONE',  ( -1.190585174803000079, -0.7532984838420000440, -8.958877376207000864 ) ) ;
#2665 = CARTESIAN_POINT ( 'NONE',  ( 0.2958966909849999882, 1.376547908924000030, -5.438066187790999706 ) ) ;
#2666 = CARTESIAN_POINT ( 'NONE',  ( 0.1545829668189999950, 1.395904066683999911, -4.137564464416999321 ) ) ;
#2667 = CARTESIAN_POINT ( 'NONE',  ( 0.3431412337799999435, 1.361394821095999852, -4.648445274730000243 ) ) ;
#2668 = CARTESIAN_POINT ( 'NONE',  ( -0.6914311034479999618, -1.239631882547000075, -6.919292291687000329 ) ) ;
#2669 = LINE ( 'NONE', #2791, #2750 ) ;
#2670 = CARTESIAN_POINT ( 'NONE',  ( -1.399999999977432630, 3.635370556748441151E-10, -11.29621179738091286 ) ) ;
#2671 = FACE_OUTER_BOUND ( 'NONE', #957, .T. ) ;
#2672 = DIRECTION ( 'NONE',  ( 1.000000000000000000, 0.000000000000000000, 1.319112643190696996E-15 ) ) ;
#2673 = CARTESIAN_POINT ( 'NONE',  ( -1.075240473600000080, -0.7795309783160000450, -9.092307692307000977 ) ) ;
#2674 = CARTESIAN_POINT ( 'NONE',  ( -0.7850541622650000217, 1.187643041627999940, -5.582331124471999750 ) ) ;
#2675 = CARTESIAN_POINT ( 'NONE',  ( -1.126030843310999785, 0.8364050108249999615, -11.34705364028000041 ) ) ;
#2676 = CARTESIAN_POINT ( 'NONE',  ( 1.173315369880999715, -0.7937517648080000265, -4.801075117488999844 ) ) ;
#2677 = VECTOR ( 'NONE', #3972, 1000.000000000000000 ) ;
#2678 = CARTESIAN_POINT ( 'NONE',  ( 0.5370639450421332839, 0.9065773509522279117, -0.7414415395836421174 ) ) ;
#2679 = CARTESIAN_POINT ( 'NONE',  ( 1.214819587345999929, 0.7066184743319999795, -9.211883221694000312 ) ) ;
#2680 = LOCAL_TIME ( 10, 32, 39.00000000000000000, #4493 ) ;
#2681 = EDGE_LOOP ( 'NONE', ( #6013, #2193, #3597, #3042 ) ) ;
#2682 = ADVANCED_FACE ( 'NONE', ( #1046 ), #5661, .T. ) ;
#2683 = CARTESIAN_POINT ( 'NONE',  ( -1.399999997201385238, -0.006798293761849091149, -8.503401781939455617 ) ) ;
#2684 = CARTESIAN_POINT ( 'NONE',  ( -1.399954187129316852, 0.01172332962417999523, -10.79687848345896306 ) ) ;
#2685 = CARTESIAN_POINT ( 'NONE',  ( 1.369740943603000138, 0.3097980696779999987, -8.236087537433000705 ) ) ;
#2686 = CARTESIAN_POINT ( 'NONE',  ( -1.396029349501667571, -0.1068636260211892619, -7.790132611379704919 ) ) ;
#2687 = CARTESIAN_POINT ( 'NONE',  ( 0.5748057769100000103, -1.292944799043999948, -9.137885494719000690 ) ) ;
#2688 = VERTEX_POINT ( 'NONE', #4710 ) ;
#2689 = CARTESIAN_POINT ( 'NONE',  ( 2.107315219971999554, 1.009060281501999778, -10.88076923080000036 ) ) ;
#2690 = ORIENTED_EDGE ( 'NONE', *, *, #2818, .T. ) ;
#2691 = CARTESIAN_POINT ( 'NONE',  ( 0.8609172164889999923, 1.110699814050999823, -6.681279707358999786 ) ) ;
#2692 = CARTESIAN_POINT ( 'NONE',  ( 0.6651416809716041989, 0.5897773996546348263, -0.2744543435620334093 ) ) ;
#2693 = CARTESIAN_POINT ( 'NONE',  ( 0.5157165850439999755, 1.084719667396000009, -12.36527378101999908 ) ) ;
#2694 = CARTESIAN_POINT ( 'NONE',  ( -1.359848375621442562, -0.3784845574196416540, -6.774601734593050040 ) ) ;
#2695 = PLANE ( 'NONE',  #4686 ) ;
#2696 =( BOUNDED_CURVE ( )  B_SPLINE_CURVE ( 2, ( #3226, #5090, #2398 ),
 .UNSPECIFIED., .F., .F. ) 
 B_SPLINE_CURVE_WITH_KNOTS ( ( 3, 3 ),
 ( 0.000000000000000000, 1.000000000000000000 ),
 .UNSPECIFIED. ) 
 CURVE ( )  GEOMETRIC_REPRESENTATION_ITEM ( )  RATIONAL_B_SPLINE_CURVE ( ( 1.000000000000000000, 1.073592871612109922, 1.000000000000000000 ) ) 
 REPRESENTATION_ITEM ( '' )  );
#2697 = CARTESIAN_POINT ( 'NONE',  ( 1.388257182540000079, 0.2374287687980000117, -4.740292676513000458 ) ) ;
#2698 = CARTESIAN_POINT ( 'NONE',  ( 0.1619853325509999775, -1.402285917577000163, -6.869626725068999740 ) ) ;
#2699 = CARTESIAN_POINT ( 'NONE',  ( -1.399999998132572587, -0.02246411081909613708, -4.794935215629497982 ) ) ;
#2700 = CARTESIAN_POINT ( 'NONE',  ( -1.399953518584186263, 0.01180855756862748095, -9.296883328099402988 ) ) ;
#2701 = CARTESIAN_POINT ( 'NONE',  ( -3.086771334362999664, -1.478060008331000041, -5.855769230769000799 ) ) ;
#2702 = CARTESIAN_POINT ( 'NONE',  ( -1.959418117461999786, -4.051127429911000277, -3.778846153834999999 ) ) ;
#2703 = CARTESIAN_POINT ( 'NONE',  ( -3.086771334365999930, -1.478060008327999997, -8.405769230785999468 ) ) ;
#2704 = EDGE_CURVE ( 'NONE', #1093, #1755, #1469, .T. ) ;
#2705 = CARTESIAN_POINT ( 'NONE',  ( -1.054048647753000001, 0.9389953724539999991, -5.561756797090999349 ) ) ;
#2706 = CARTESIAN_POINT ( 'NONE',  ( -1.399758130946000101, 0.1112514900100000093, -11.30253542560000035 ) ) ;
#2707 = CARTESIAN_POINT ( 'NONE',  ( -1.399999999999999911, 1.714505518806294391E-16, -12.40000000000000036 ) ) ;
#2708 = CARTESIAN_POINT ( 'NONE',  ( -1.106926315915000236, -0.8596979934239999954, -5.743661789949999985 ) ) ;
#2709 = CARTESIAN_POINT ( 'NONE',  ( -1.399999998513730359, 4.035264960719486815E-15, -7.796212110745794455 ) ) ;
#2710 = ORIENTED_EDGE ( 'NONE', *, *, #4970, .T. ) ;
#2711 = CARTESIAN_POINT ( 'NONE',  ( -1.399884458147064636, -0.02039442879842787854, -8.502628954131468575 ) ) ;
#2712 = CARTESIAN_POINT ( 'NONE',  ( -1.323982436493659431, 5.398978722317808454E-10, -11.76198838639109390 ) ) ;
#2713 = CARTESIAN_POINT ( 'NONE',  ( -1.370040736626999989, 0.3264372410070000008, -8.022406790026000323 ) ) ;
#2714 = CARTESIAN_POINT ( 'NONE',  ( 0.2800193881120000006, -1.383766326139999947, -3.862907000148000147 ) ) ;
#2715 = CARTESIAN_POINT ( 'NONE',  ( 1.399999999999999911, 1.885956070686999931E-15, -8.253787892815998006 ) ) ;
#2716 = ORIENTED_EDGE ( 'NONE', *, *, #2414, .T. ) ;
#2717 = CARTESIAN_POINT ( 'NONE',  ( 0.7607984106070000418, -1.816692929060999884, -10.47692307690999947 ) ) ;
#2718 = EDGE_LOOP ( 'NONE', ( #3025, #2746, #5866, #2558 ) ) ;
#2719 = CARTESIAN_POINT ( 'NONE',  ( -0.2530606722970000222, 1.382877315371999982, -6.614362462003000154 ) ) ;
#2720 = CARTESIAN_POINT ( 'NONE',  ( 0.000000000000000000, 0.000000000000000000, -2.030303992914999967 ) ) ;
#2721 = CARTESIAN_POINT ( 'NONE',  ( 0.9453448878490000595, 1.043127865113999908, -5.479804455298999954 ) ) ;
#2722 = CARTESIAN_POINT ( 'NONE',  ( 0.6029032650789999392, -1.290807140410999976, -6.636416280136999468 ) ) ;
#2723 = CARTESIAN_POINT ( 'NONE',  ( 0.9779606397419999819, 0.7265051316930000169, -12.28675637055000003 ) ) ;
#2724 = DIRECTION ( 'NONE',  ( 1.000000000000000000, 0.000000000000000000, 0.000000000000000000 ) ) ;
#2725 = CARTESIAN_POINT ( 'NONE',  ( 1.399999999999999911, 1.371604415045000014E-15, -7.046212107184000040 ) ) ;
#2726 = CARTESIAN_POINT ( 'NONE',  ( -0.4343679104040000238, -1.341131020585000000, -4.696130379901000573 ) ) ;
#2727 = EDGE_CURVE ( 'NONE', #4459, #6015, #3430, .T. ) ;
#2728 = CARTESIAN_POINT ( 'NONE',  ( -1.399999998173023785, -0.1267029698148346983, -11.28900990986260666 ) ) ;
#2729 = CARTESIAN_POINT ( 'NONE',  ( -1.959418117454000186, 4.051127429909000099, -5.971153846150000000 ) ) ;
#2730 = CARTESIAN_POINT ( 'NONE',  ( -1.574999999999999956, 1.141848099093000002, -3.432692307691999734 ) ) ;
#2731 = CARTESIAN_POINT ( 'NONE',  ( -1.328609776456579183, 0.4508200885075178133, -2.529812888195176690 ) ) ;
#2732 = CARTESIAN_POINT ( 'NONE',  ( -1.260430281629943527, 0.5522869628398413555, -11.55089019530403149 ) ) ;
#2733 = CARTESIAN_POINT ( 'NONE',  ( -0.7586394424664549829, 1.181771240210313101, -11.37580395063508121 ) ) ;
#2734 = LINE ( 'NONE', #4591, #322 ) ;
#2735 = CARTESIAN_POINT ( 'NONE',  ( -0.1105996380699999920, -1.400527694791000144, -5.677470043256000132 ) ) ;
#2736 = CARTESIAN_POINT ( 'NONE',  ( -1.075240473600000080, 0.7795309783160000450, -7.707692307690999556 ) ) ;
#2737 = ORIENTED_EDGE ( 'NONE', *, *, #5949, .T. ) ;
#2738 = CARTESIAN_POINT ( 'NONE',  ( -1.195734897854000112, -0.7463229082209998921, -4.459363553450999440 ) ) ;
#2739 = DIRECTION ( 'NONE',  ( 0.2133083745830045286, 0.9769849217530210961, 0.000000000000000000 ) ) ;
#2740 = CONICAL_SURFACE ( 'NONE', #23, 1.399999999999999911, 0.2069921942200000364 ) ;
#2741 = CARTESIAN_POINT ( 'NONE',  ( 1.159188701624999984, -0.7872048065169999775, -2.801263313308000047 ) ) ;
#2742 = CARTESIAN_POINT ( 'NONE',  ( -1.134514736345000108, 0.8238921463680000112, -8.053773142317000477 ) ) ;
#2743 = CARTESIAN_POINT ( 'NONE',  ( -0.4847803885970000115, -1.328216599794999730, -7.699025235868999673 ) ) ;
#2744 = AXIS2_PLACEMENT_3D ( 'NONE', #4450, #182, #281 ) ;
#2745 = CARTESIAN_POINT ( 'NONE',  ( 0.6279146772220001171, -1.264505430765999971, -5.842117880107000616 ) ) ;
#2746 = ORIENTED_EDGE ( 'NONE', *, *, #2803, .T. ) ;
#2747 = CARTESIAN_POINT ( 'NONE',  ( -1.075240473600000080, -0.7795309783160000450, -10.59230769230000035 ) ) ;
#2748 = CARTESIAN_POINT ( 'NONE',  ( -1.352481383360000011, -0.3972734640090000435, -9.981047228795000947 ) ) ;
#2749 = CARTESIAN_POINT ( 'NONE',  ( -1.399997583352001751, 0.002638169652952423137, -9.796361752886614482 ) ) ;
#2750 = VECTOR ( 'NONE', #646, 1000.000000000000000 ) ;
#2751 = CARTESIAN_POINT ( 'NONE',  ( -0.2665482045179999870, -1.387407178753999881, -8.893901012257000360 ) ) ;
#2752 = CARTESIAN_POINT ( 'NONE',  ( 0.9997654950500000082, -0.9967696923440000356, -6.108621240853000067 ) ) ;
#2753 = DIRECTION ( 'NONE',  ( 0.000000000000000000, 0.000000000000000000, 1.000000000000000000 ) ) ;
#2754 = CARTESIAN_POINT ( 'NONE',  ( -1.399587951325514501, 0.04493363497116877048, -6.298766227608704860 ) ) ;
#2755 = AXIS2_PLACEMENT_3D ( 'NONE', #4631, #971, #2807 ) ;
#2756 = CARTESIAN_POINT ( 'NONE',  ( -1.399997378015977567, 0.003547542803179773441, -4.503989537879779625 ) ) ;
#2757 = VERTEX_POINT ( 'NONE', #5143 ) ;
#2758 = CARTESIAN_POINT ( 'NONE',  ( -2.101570034747999905E-15, 0.000000000000000000, -0.2303039929150000054 ) ) ;
#2759 = CARTESIAN_POINT ( 'NONE',  ( -1.075240473600000080, -0.7795309783160000450, -4.592307692308000178 ) ) ;
#2760 = CARTESIAN_POINT ( 'NONE',  ( -1.399999998513730359, 4.035264960719486815E-15, -7.796212110745794455 ) ) ;
#2761 = CARTESIAN_POINT ( 'NONE',  ( 1.219891491039000186, -0.6975242037659999950, -5.087527769539000211 ) ) ;
#2762 = CARTESIAN_POINT ( 'NONE',  ( -2.562725153493999652, 0.8011194905319999338, -2.688461538472000090 ) ) ;
#2763 = DESIGN_CONTEXT ( 'detailed design', #1307, 'design' ) ;
#2764 = CARTESIAN_POINT ( 'NONE',  ( -1.330128425589506280, 0.4680098377492966089, -7.323127602697923955 ) ) ;
#2765 = CARTESIAN_POINT ( 'NONE',  ( -1.399999992797454018, 0.1198417233736317200, -5.510600089016591596 ) ) ;
#2766 = CARTESIAN_POINT ( 'NONE',  ( -1.399999027895093562, 0.001763724368536366723, -11.29631204872729278 ) ) ;
#2767 = CARTESIAN_POINT ( 'NONE',  ( 0.005763639485638000388, -1.402207180635999917, -3.378463461712999827 ) ) ;
#2768 = CARTESIAN_POINT ( 'NONE',  ( 0.6032831737349999557, 0.6032831737349999557, -0.9202546635849999657 ) ) ;
#2769 = CARTESIAN_POINT ( 'NONE',  ( -1.399999308490047278, -0.001821821705259488123, -5.796108262889990925 ) ) ;
#2770 = CARTESIAN_POINT ( 'NONE',  ( -1.399998104512956365, 0.003016322234787340278, -9.003959342924861886 ) ) ;
#2771 = ORIENTED_EDGE ( 'NONE', *, *, #1855, .T. ) ;
#2772 = CARTESIAN_POINT ( 'NONE',  ( -0.08300526979747999134, 1.573236784858000004, -11.76363636363999987 ) ) ;
#2773 = CARTESIAN_POINT ( 'NONE',  ( -1.500000000000000000, -0.4074999999999999734, -2.030303992914999967 ) ) ;
#2774 = CARTESIAN_POINT ( 'NONE',  ( -1.398141544294638772, -0.08177822421071490044, -2.999138425515516015 ) ) ;
#2775 = CARTESIAN_POINT ( 'NONE',  ( -1.340703628286000093, 0.4313775823880000027, -8.028555285223001547 ) ) ;
#2776 = CC_DESIGN_PERSON_AND_ORGANIZATION_ASSIGNMENT ( #2146, #5809, ( #1405 ) ) ;
#2777 = AXIS2_PLACEMENT_3D ( 'NONE', #983, #4646, #19 ) ;
#2778 = CARTESIAN_POINT ( 'NONE',  ( -1.383886228802471141, -0.2404185053069410605, -5.990096407533793688 ) ) ;
#2779 = VERTEX_POINT ( 'NONE', #2418 ) ;
#2780 = EDGE_CURVE ( 'NONE', #4334, #4670, #938, .T. ) ;
#2781 = CARTESIAN_POINT ( 'NONE',  ( -1.060667651890999874, 0.9176576255100000745, -9.560545163320998796 ) ) ;
#2782 = CARTESIAN_POINT ( 'NONE',  ( 1.399999999999999911, -0.1086023955520000056, -9.759960967131998899 ) ) ;
#2783 = CARTESIAN_POINT ( 'NONE',  ( -0.1557094400290000014, 1.397902104960999869, -9.912362993003998923 ) ) ;
#2784 = CARTESIAN_POINT ( 'NONE',  ( -1.399997573309326615, 0.002643645599155442730, -11.00393844986554548 ) ) ;
#2785 = CARTESIAN_POINT ( 'NONE',  ( -1.155217749077000144, -0.7959377765430000196, -6.248196298337000520 ) ) ;
#2786 = CARTESIAN_POINT ( 'NONE',  ( -1.325334684819047482, -0.4834520375124795599, -2.768384378313998972 ) ) ;
#2787 = CARTESIAN_POINT ( 'NONE',  ( 0.000000000000000000, 0.000000000000000000, -12.40000000000000036 ) ) ;
#2788 = CYLINDRICAL_SURFACE ( 'NONE', #2288, 1.399999999999999911 ) ;
#2789 = VERTEX_POINT ( 'NONE', #4197 ) ;
#2790 = CARTESIAN_POINT ( 'NONE',  ( -1.114408847258000046, 2.661071112481000256, -8.001923076936998669 ) ) ;
#2791 = CARTESIAN_POINT ( 'NONE',  ( -1.399999999999999911, 1.714505518806294391E-16, -12.40000000000000036 ) ) ;
#2792 = CARTESIAN_POINT ( 'NONE',  ( -0.3688155646270000476, 1.350546216412999989, -11.40000000000000036 ) ) ;
#2793 = CARTESIAN_POINT ( 'NONE',  ( 1.075240473600000080, 5.267159217232000209E-15, -12.40000000000000036 ) ) ;
#2794 = CARTESIAN_POINT ( 'NONE',  ( 1.394950330707000141, 0.1556861641469999835, -9.744938079731999991 ) ) ;
#2795 = CARTESIAN_POINT ( 'NONE',  ( 1.400000000000004130, 0.1850017278041825863, -2.743272639320767592 ) ) ;
#2796 = CARTESIAN_POINT ( 'NONE',  ( 2.107315219971999554, 1.009060281501999778, -10.88076923080000036 ) ) ;
#2797 = CARTESIAN_POINT ( 'NONE',  ( -0.4509380472510929327, 1.328119696514794335, -11.39516095848722799 ) ) ;
#2798 = EDGE_CURVE ( 'NONE', #2917, #4392, #2309, .T. ) ;
#2799 = DIRECTION ( 'NONE',  ( -1.000000000000000000, -4.898587196589000452E-15, 0.000000000000000000 ) ) ;
#2800 = CARTESIAN_POINT ( 'NONE',  ( -0.6780876855050000929, 2.283193464108999926, -3.040384615385000266 ) ) ;
#2801 = CARTESIAN_POINT ( 'NONE',  ( 1.337679787046999857, 2.765673762765000099, -7.303846153860000356 ) ) ;
#2802 = B_SPLINE_CURVE_WITH_KNOTS ( 'NONE', 7,
 ( #5835, #2997, #4855, #5465, #803, #4574, #3658, #833, #2664, #3180, #5037, #3091, #323, #436, #2232, #2295, #2751, #1682, #350, #5068, #2203, #1713, #861, #2178, #4981, #3545, #2633, #3122, #4520, #889, #5871, #5904, #3628, #5527, #4609, #2263, #5956, #4548 ),
 .UNSPECIFIED., .F., .F.,
 ( 8, 6, 6, 6, 6, 6, 8 ),
 ( 0.4999904182845847922, 0.5620815549260000932, 0.6591379995330000074, 0.7652400439780000507, 0.8650180116539999409, 0.9111877529090000039, 1.000000000000000000 ),
 .UNSPECIFIED. ) ;
#2803 = EDGE_CURVE ( 'NONE', #4012, #4018, #1768, .T. ) ;
#2804 = ORIENTED_EDGE ( 'NONE', *, *, #825, .F. ) ;
#2805 = CARTESIAN_POINT ( 'NONE',  ( 1.340380501418999781, -0.4329721901279999785, -4.278646474066000849 ) ) ;
#2806 = FACE_OUTER_BOUND ( 'NONE', #4282, .T. ) ;
#2807 = DIRECTION ( 'NONE',  ( 1.000000000000000000, 0.000000000000000000, 0.000000000000000000 ) ) ;
#2808 = CARTESIAN_POINT ( 'NONE',  ( 1.394950331326000104, 0.1556861545989999818, -8.244938080274000214 ) ) ;
#2809 = EDGE_CURVE ( 'NONE', #320, #1452, #1204, .T. ) ;
#2810 = CARTESIAN_POINT ( 'NONE',  ( -1.399999997423651887, -0.08028312180669679166, -5.999224488023438440 ) ) ;
#2811 = ORIENTED_EDGE ( 'NONE', *, *, #3617, .F. ) ;
#2812 = CARTESIAN_POINT ( 'NONE',  ( 2.562725153493999652, 0.8011194905249999776, -10.36153846151000124 ) ) ;
#2813 = ORIENTED_EDGE ( 'NONE', *, *, #1250, .T. ) ;
#2814 = CARTESIAN_POINT ( 'NONE',  ( -1.370032856380000164, 0.3264677587270000125, -9.814831926968999198 ) ) ;
#2815 = CARTESIAN_POINT ( 'NONE',  ( -1.335772696871749154, 0.4490856716113608704, -10.32201456270689377 ) ) ;
#2816 = CARTESIAN_POINT ( 'NONE',  ( 0.7863405728529999639, -1.177285971092999928, -6.124351228716999884 ) ) ;
#2817 = CARTESIAN_POINT ( 'NONE',  ( -1.216240663258515875, -0.7040858875416425855, -2.754469749282809854 ) ) ;
#2818 = EDGE_CURVE ( 'NONE', #2846, #3016, #659, .T. ) ;
#2819 = CARTESIAN_POINT ( 'NONE',  ( -1.397527947213906607, 0.08983196514796852605, -6.301320441029105268 ) ) ;
#2820 = CARTESIAN_POINT ( 'NONE',  ( -0.4206408430269999998, -1.439812932702999815, -0.2303039929150000054 ) ) ;
#2821 = VERTEX_POINT ( 'NONE', #3489 ) ;
#2822 = CARTESIAN_POINT ( 'NONE',  ( 0.3961443724970000191, 1.348833841287000013, -11.44009866991000024 ) ) ;
#2823 = DIRECTION ( 'NONE',  ( 1.313481271718000177E-15, 0.000000000000000000, -1.000000000000000000 ) ) ;
#2824 = CARTESIAN_POINT ( 'NONE',  ( 1.114408847256999957, 2.661071112480000167, -6.548076923065999644 ) ) ;
#2825 = CARTESIAN_POINT ( 'NONE',  ( 1.399999999997000089, -0.1211459986090000079, -8.053097784894999833 ) ) ;
#2826 = CARTESIAN_POINT ( 'NONE',  ( -0.2076718054160000271, 1.397999399309999946, -7.409409298059999927 ) ) ;
#2827 = CARTESIAN_POINT ( 'NONE',  ( -2.107315219970999909, 1.009060281500000045, -11.16923076918999946 ) ) ;
#2828 = CARTESIAN_POINT ( 'NONE',  ( 0.9347139300749999213, -0.7517087812880000053, -2.399999999999999911 ) ) ;
#2829 = DIRECTION ( 'NONE',  ( 0.000000000000000000, 0.000000000000000000, 1.000000000000000000 ) ) ;
#2830 = CARTESIAN_POINT ( 'NONE',  ( 0.3567614607959999629, -1.362243884385999859, -5.650844419794999851 ) ) ;
#2831 = CARTESIAN_POINT ( 'NONE',  ( -1.078733313320000109, 0.9044042177380000602, -8.851763927266000920 ) ) ;
#2832 = ORIENTED_EDGE ( 'NONE', *, *, #806, .F. ) ;
#2833 = CARTESIAN_POINT ( 'NONE',  ( -0.8456741256547108954, -1.122747412924318011, -11.43327843581723791 ) ) ;
#2834 = CARTESIAN_POINT ( 'NONE',  ( -2.562725153493999652, 0.8011194905319999338, -2.688461538472000090 ) ) ;
#2835 = CARTESIAN_POINT ( 'NONE',  ( -0.5787394902509999106, -1.213324877899999876, -11.68014684752000143 ) ) ;
#2836 = CARTESIAN_POINT ( 'NONE',  ( 1.331391588063999931, -0.4638464013490000148, -10.57288260554000026 ) ) ;
#2837 = VERTEX_POINT ( 'NONE', #235 ) ;
#2838 = CARTESIAN_POINT ( 'NONE',  ( 1.075240473600000080, 4.931528142395999563E-15, -11.40000000000000036 ) ) ;
#2839 = CARTESIAN_POINT ( 'NONE',  ( -1.399858022916699918, -0.02260731546667413619, -10.00250316673638729 ) ) ;
#2840 = CARTESIAN_POINT ( 'NONE',  ( 1.399999999999999911, 0.1074434395150000027, -10.04010490913999831 ) ) ;
#2841 = CARTESIAN_POINT ( 'NONE',  ( -0.3793597352429999847, 1.357791757746999783, -11.10708470055999975 ) ) ;
#2842 = CARTESIAN_POINT ( 'NONE',  ( 1.399999999999999911, -3.429011037612999484E-16, -6.046211797359999807 ) ) ;
#2843 = CONICAL_SURFACE ( 'NONE', #4398, 1.399999999999999911, 0.2069921942200000364 ) ;
#2844 = CARTESIAN_POINT ( 'NONE',  ( -1.399999999978068121, 3.010950091776791004E-10, -5.296211797383427289 ) ) ;
#2845 = CARTESIAN_POINT ( 'NONE',  ( -0.6032831737349999557, 0.6032831737349999557, -0.9202546635849999657 ) ) ;
#2846 = VERTEX_POINT ( 'NONE', #4437 ) ;
#2847 = CARTESIAN_POINT ( 'NONE',  ( 0.09063802611316999769, 1.409177683692000027, -11.42404514797000026 ) ) ;
#2848 = CARTESIAN_POINT ( 'NONE',  ( -1.391509143778999924, -0.1877504547199999874, -10.28552735511000016 ) ) ;
#2849 = CARTESIAN_POINT ( 'NONE',  ( 2.107315219972999643, 1.009060281504999823, -6.380769230788999380 ) ) ;
#2850 = CARTESIAN_POINT ( 'NONE',  ( -0.5513441875009998938, -1.296863045355000077, -8.203183424622000786 ) ) ;
#2851 = CARTESIAN_POINT ( 'NONE',  ( -0.3631433006639985805, 1.355179541888394290, -2.607944367215606629 ) ) ;
#2852 = CARTESIAN_POINT ( 'NONE',  ( 0.6835734156480000046, 1.243173391550999929, -3.461235631710999794 ) ) ;
#2853 = CARTESIAN_POINT ( 'NONE',  ( 3.753850618408000273, 1.173470705913999934, -10.13653846151999893 ) ) ;
#2854 = CARTESIAN_POINT ( 'NONE',  ( -0.6829035955839999339, -1.232091984418000052, -6.419079699141999384 ) ) ;
#2855 = CARTESIAN_POINT ( 'NONE',  ( 0.8864398694070000362, -1.096743144623999910, -4.117109965165999697 ) ) ;
#2856 = CARTESIAN_POINT ( 'NONE',  ( 1.399999999999999911, 0.000000000000000000, -12.40000000000000036 ) ) ;
#2857 = ORIENTED_EDGE ( 'NONE', *, *, #5522, .T. ) ;
#2858 = CARTESIAN_POINT ( 'NONE',  ( 1.574999999999999956, -0.8996378962550000136, -11.72045454544999998 ) ) ;
#2859 = CARTESIAN_POINT ( 'NONE',  ( 1.399999999999999911, 1.885956070686999931E-15, -8.546212107184000928 ) ) ;
#2860 = CARTESIAN_POINT ( 'NONE',  ( -1.399999998776229937, 2.829090043829363132E-16, -3.003787894485886234 ) ) ;
#2861 = CARTESIAN_POINT ( 'NONE',  ( -1.399999999694351294, -2.023773469227337085E-14, -10.79621210494344652 ) ) ;
#2862 = EDGE_CURVE ( 'NONE', #4139, #2059, #3805, .T. ) ;
#2863 = ORIENTED_EDGE ( 'NONE', *, *, #4517, .T. ) ;
#2864 = CARTESIAN_POINT ( 'NONE',  ( 1.075240473600000080, -0.6141759223099999554, -11.94545454545000140 ) ) ;
#2865 = CARTESIAN_POINT ( 'NONE',  ( -0.8602883357370000317, 1.107855962838000030, -7.576241430192999893 ) ) ;
#2866 = CARTESIAN_POINT ( 'NONE',  ( 1.371137257440000035, 0.3213059690010000025, -10.02789096490000098 ) ) ;
#2867 = ADVANCED_FACE ( 'NONE', ( #1720 ), #3605, .T. ) ;
#2868 = CONICAL_SURFACE ( 'NONE', #4428, 0.4739140810729999820, 0.2312561258890000193 ) ;
#2869 = CARTESIAN_POINT ( 'NONE',  ( 1.394950330592999999, 0.1556861658949999783, -11.24493807962999981 ) ) ;
#2870 = CARTESIAN_POINT ( 'NONE',  ( 1.362956361762000190, 0.3636688576519999661, -3.233031785167999939 ) ) ;
#2871 = B_SPLINE_CURVE_WITH_KNOTS ( 'NONE', 7,
 ( #3998, #3061, #5740, #3387, #1622, #4794, #5315, #5249, #4399, #682, #4336, #653, #1556, #4366, #5806, #2936, #161, #2016, #3419, #4887, #1134, #714, #3484, #2571, #5283, #2080, #194, #2044, #4431, #259, #3968, #229 ),
 .UNSPECIFIED., .F., .F.,
 ( 8, 6, 6, 6, 6, 8 ),
 ( 0.000000000000000000, 0.09812091493337998793, 0.2510783622900000234, 0.4032584629189999714, 0.4997575070729999847, 0.4999697307442669825 ),
 .UNSPECIFIED. ) ;
#2872 = CARTESIAN_POINT ( 'NONE',  ( -1.070281069410675689, 0.6555013584098863255, -12.11509733071844153 ) ) ;
#2873 = CARTESIAN_POINT ( 'NONE',  ( -2.101570034747999905E-15, 0.000000000000000000, -0.2303039929150000054 ) ) ;
#2874 = VERTEX_POINT ( 'NONE', #2608 ) ;
#2875 = CARTESIAN_POINT ( 'NONE',  ( 2.562725153495999830, 0.8011194905299999780, -7.361538461524999910 ) ) ;
#2876 = CARTESIAN_POINT ( 'NONE',  ( 1.278762964138000058, -0.5910950101429999215, -11.08064946796000072 ) ) ;
#2877 = CARTESIAN_POINT ( 'NONE',  ( -2.562725153499000097, -0.8011194905249999776, -6.611538461554999913 ) ) ;
#2878 = EDGE_CURVE ( 'NONE', #1398, #3384, #1774, .T. ) ;
#2879 = CARTESIAN_POINT ( 'NONE',  ( -1.267519313388364877, -0.6167229498121296061, -8.260195404338237068 ) ) ;
#2880 = DIRECTION ( 'NONE',  ( 0.000000000000000000, 0.000000000000000000, 1.000000000000000000 ) ) ;
#2881 = CARTESIAN_POINT ( 'NONE',  ( 1.114408847258000046, -2.661071112482999990, -10.70192307691999822 ) ) ;
#2882 = CARTESIAN_POINT ( 'NONE',  ( 1.337679787042000079, -2.765673762761999832, -10.99615384622000036 ) ) ;
#2883 = CARTESIAN_POINT ( 'NONE',  ( 0.3528318830509999948, -1.358214183174000000, -6.358562309734000273 ) ) ;
#2884 = CARTESIAN_POINT ( 'NONE',  ( 1.369675420616000006, -0.3292880276530000261, -4.064994532345000522 ) ) ;
#2885 = DIRECTION ( 'NONE',  ( 0.000000000000000000, 0.000000000000000000, 1.000000000000000000 ) ) ;
#2886 = B_SPLINE_CURVE_WITH_KNOTS ( 'NONE', 7,
 ( #2325, #5500, #498, #1318, #3184, #5040, #864, #2723, #4578, #189, #526, #4332, #2503, #4361, #3864, #5160, #1489, #5278, #5244, #4242, #582, #1100, #70, #555, #4788, #2872, #2383, #2901, #2437, #156, #4725, #5186 ),
 .UNSPECIFIED., .F., .F.,
 ( 8, 6, 6, 6, 6, 8 ),
 ( 0.000000000000000000, 0.08639090871251001169, 0.1809841522639999978, 0.2818901521380000053, 0.3931662710739999844, 0.4949430741823592772 ),
 .UNSPECIFIED. ) ;
#2887 = EDGE_CURVE ( 'NONE', #1790, #2837, #5624, .T. ) ;
#2888 = CARTESIAN_POINT ( 'NONE',  ( 0.8397638029360000589, -1.123604029592999876, -10.82771644128999888 ) ) ;
#2889 = ORIENTED_EDGE ( 'NONE', *, *, #192, .T. ) ;
#2890 = CARTESIAN_POINT ( 'NONE',  ( 0.6894253614759999760, -1.228337926031999983, -11.99090909090999979 ) ) ;
#2891 = DIRECTION ( 'NONE',  ( 0.000000000000000000, 0.000000000000000000, 1.000000000000000000 ) ) ;
#2892 = CARTESIAN_POINT ( 'NONE',  ( 0.3966824001009999767, 1.352186301314999950, -7.943961877515000936 ) ) ;
#2893 = CARTESIAN_POINT ( 'NONE',  ( -1.119011783593999887, -0.8600379689499999536, -10.74405867158000127 ) ) ;
#2894 = ORIENTED_EDGE ( 'NONE', *, *, #1528, .T. ) ;
#2895 = CARTESIAN_POINT ( 'NONE',  ( -0.9065773509522307982, 0.5370639450421339500, -0.7414415395836430056 ) ) ;
#2896 = FACE_OUTER_BOUND ( 'NONE', #1446, .T. ) ;
#2897 = CARTESIAN_POINT ( 'NONE',  ( 0.9542314637120000720, 1.045260239265000113, -10.98005127197999897 ) ) ;
#2898 = FACE_OUTER_BOUND ( 'NONE', #3618, .T. ) ;
#2899 = CARTESIAN_POINT ( 'NONE',  ( -0.5026748531689999577, 1.319254443104999952, -11.09980809019000070 ) ) ;
#2900 = CARTESIAN_POINT ( 'NONE',  ( 0.4629252851460000096, -1.558718743917000049, -2.515384615384000266 ) ) ;
#2901 = CARTESIAN_POINT ( 'NONE',  ( -1.179996021429394748, 0.4525038453902429092, -12.09898589298188654 ) ) ;
#2902 = CARTESIAN_POINT ( 'NONE',  ( 1.399999999999999911, 0.1232800036609999900, -10.24678091771999888 ) ) ;
#2903 = ORIENTED_EDGE ( 'NONE', *, *, #3173, .F. ) ;
#2904 = CARTESIAN_POINT ( 'NONE',  ( -2.562725153494999741, 0.8011194905310000669, -7.188461538466999201 ) ) ;
#2905 = CARTESIAN_POINT ( 'NONE',  ( -1.359858454919019133, -0.3784374777530072897, -11.27460444703119968 ) ) ;
#2906 = CARTESIAN_POINT ( 'NONE',  ( 0.000000000000000000, 0.000000000000000000, -11.40000000000000036 ) ) ;
#2907 = CARTESIAN_POINT ( 'NONE',  ( -1.085827623629000094, -0.8866278145809999289, -8.241717092150000923 ) ) ;
#2908 = CARTESIAN_POINT ( 'NONE',  ( 1.399999999999999911, 0.000000000000000000, -12.40000000000000036 ) ) ;
#2909 = EDGE_CURVE ( 'NONE', #2174, #1926, #5424, .T. ) ;
#2910 = CARTESIAN_POINT ( 'NONE',  ( -2.562725153493999652, 0.8011194905359999563, -10.18846153848000036 ) ) ;
#2911 = CARTESIAN_POINT ( 'NONE',  ( 1.075240473600000080, 0.000000000000000000, -2.399999999999999911 ) ) ;
#2912 = CARTESIAN_POINT ( 'NONE',  ( 4.163336342343999394E-15, 0.000000000000000000, -5.000000000000000000 ) ) ;
#2913 = CARTESIAN_POINT ( 'NONE',  ( 1.127539159212999964, -0.8382769187930000365, -5.597102109336000275 ) ) ;
#2914 = LINE ( 'NONE', #2856, #2170 ) ;
#2915 = CARTESIAN_POINT ( 'NONE',  ( -0.6032831737349999557, -0.6032831737349999557, -0.9202546635849999657 ) ) ;
#2916 = CARTESIAN_POINT ( 'NONE',  ( -2.562725153499000097, -0.8011194905249999776, -6.611538461554999913 ) ) ;
#2917 = VERTEX_POINT ( 'NONE', #810 ) ;
#2918 = CARTESIAN_POINT ( 'NONE',  ( -1.359847634697849639, -0.3784880294165372527, -7.982178626052811587 ) ) ;
#2919 = CARTESIAN_POINT ( 'NONE',  ( 1.075240473600000080, 0.000000000000000000, -2.399999999999999911 ) ) ;
#2920 = CARTESIAN_POINT ( 'NONE',  ( -0.02009646735372000101, -1.402366854003000096, -11.37992558938999998 ) ) ;
#2921 = CARTESIAN_POINT ( 'NONE',  ( -0.3301015405370000266, -1.377200764584999959, -10.68991956808000054 ) ) ;
#2922 = CARTESIAN_POINT ( 'NONE',  ( -0.7825720439180000598, 1.164824886120999992, -4.081713313334000226 ) ) ;
#2923 = EDGE_LOOP ( 'NONE', ( #5728, #3355, #4473 ) ) ;
#2924 = CARTESIAN_POINT ( 'NONE',  ( -1.026647369640000029, -1.378536982479000139, -11.58181818182000100 ) ) ;
#2925 = CARTESIAN_POINT ( 'NONE',  ( -0.9280514998300000151, 1.054116043754999898, -7.571337903683000192 ) ) ;
#2926 = DIRECTION ( 'NONE',  ( 1.000000000000000000, 0.000000000000000000, 0.000000000000000000 ) ) ;
#2927 = CARTESIAN_POINT ( 'NONE',  ( 1.342415779009999977, 0.4256467612190000249, -4.021784473829000284 ) ) ;
#2928 = CARTESIAN_POINT ( 'NONE',  ( 1.075240473600000080, 2.370221647753999984E-15, -6.899999999999999467 ) ) ;
#2929 = CARTESIAN_POINT ( 'NONE',  ( -1.574999999999999956, 1.141848099093000002, -2.982692307692000000 ) ) ;
#2930 = CARTESIAN_POINT ( 'NONE',  ( -0.5640598571680001116, -1.155200737666000066, -11.96868332018000025 ) ) ;
#2931 = LINE ( 'NONE', #2964, #1309 ) ;
#2932 = ORIENTED_EDGE ( 'NONE', *, *, #1271, .T. ) ;
#2933 = CARTESIAN_POINT ( 'NONE',  ( -1.381626146190999993, -0.2315388331780000031, -3.282998261606000057 ) ) ;
#2934 = CARTESIAN_POINT ( 'NONE',  ( 0.000000000000000000, 0.000000000000000000, -2.399999999999999911 ) ) ;
#2935 = VECTOR ( 'NONE', #2353, 1000.000000000000000 ) ;
#2936 = CARTESIAN_POINT ( 'NONE',  ( -0.5769764279849999289, 1.304569125538999952, -2.888049322415000120 ) ) ;
#2937 = CARTESIAN_POINT ( 'NONE',  ( 1.301142981230999807, 0.5460956406989999623, -10.72218772174000101 ) ) ;
#2938 = CARTESIAN_POINT ( 'NONE',  ( 0.3764379842090000428, -1.358450662100999962, -7.357254022844999852 ) ) ;
#2939 = B_SPLINE_CURVE_WITH_KNOTS ( 'NONE', 7,
 ( #18, #2434, #5241, #1062, #2927, #153, #2007, #3860, #2592, #738, #674, #703, #3924, #2562, #3990, #4976, #1581, #4453, #5798, #284, #3505, #3085, #5860, #5403, #4388, #2133, #4422, #2990, #769, #316, #4943, #1674, #2658, #4877, #3539, #4513, #4848, #2626, #797, #344, #2168, #1221, #3020, #4023 ),
 .UNSPECIFIED., .F., .F.,
 ( 8, 6, 6, 6, 6, 6, 6, 8 ),
 ( 0.000000000000000000, 0.08550632523166999677, 0.1682989464999999907, 0.2523019797190000357, 0.3601840803069999986, 0.4135880258450000402, 0.4996757385610000046, 0.5000152871256441367 ),
 .UNSPECIFIED. ) ;
#2940 = CARTESIAN_POINT ( 'NONE',  ( -1.399999999998488676, 0.09140242337098489211, -2.508983582203351936 ) ) ;
#2941 = CARTESIAN_POINT ( 'NONE',  ( -1.020923345558999884, 0.9618557001010000773, -4.356340153317000308 ) ) ;
#2942 = CARTESIAN_POINT ( 'NONE',  ( -3.086771334363999753, 1.478060008329999953, -10.94423076919999893 ) ) ;
#2943 = CARTESIAN_POINT ( 'NONE',  ( -0.5527495125299999312, 1.300631899065999963, -6.889244661192999608 ) ) ;
#2944 = CARTESIAN_POINT ( 'NONE',  ( 1.357085520775999754, -0.3855620117349999876, -10.27581650633999999 ) ) ;
#2945 = CARTESIAN_POINT ( 'NONE',  ( -1.399988438506044819, -0.005770351043189065991, -4.295883826577374442 ) ) ;
#2946 = CARTESIAN_POINT ( 'NONE',  ( -0.8710281727879999325, 1.115849771293000003, -8.868480217429999257 ) ) ;
#2947 = CARTESIAN_POINT ( 'NONE',  ( 0.8925173196100000261, -1.080748588007000022, -10.82385945097000146 ) ) ;
#2948 = CARTESIAN_POINT ( 'NONE',  ( -1.337679787043999813, -2.765673762771000188, -6.553846153821999643 ) ) ;
#2949 = ORIENTED_EDGE ( 'NONE', *, *, #2091, .T. ) ;
#2950 = CARTESIAN_POINT ( 'NONE',  ( -1.399999998197790640, -0.1267200283024988161, -7.996585386374355231 ) ) ;
#2951 = CARTESIAN_POINT ( 'NONE',  ( -1.056799482481000085, -0.9261354040800000575, -4.946508377840999948 ) ) ;
#2952 = CARTESIAN_POINT ( 'NONE',  ( 1.399999999999999911, 0.1193786922889999991, -8.039426300663999214 ) ) ;
#2953 = CARTESIAN_POINT ( 'NONE',  ( -1.325957703535766585, -0.4558551754455088534, -10.76986709320630631 ) ) ;
#2954 = B_SPLINE_CURVE_WITH_KNOTS ( 'NONE', 7,
 ( #1301, #939, #2769, #5862, #3615, #4653, #2279, #1818, #4915, #453, #4198, #910, #4593, #28, #2708, #3675, #3507, #740, #3055, #2595, #3992, #5484, #5085, #3644, #5515, #2735, #3195, #5054, #5719, #2830, #5172, #3366, #1443, #5144, #1471, #1021, #2913, #1079, #4711, #4736, #4255, #2451, #4279, #540 ),
 .UNSPECIFIED., .F., .F.,
 ( 8, 6, 6, 6, 6, 6, 6, 8 ),
 ( 0.4999829298574142156, 0.5007078416600000415, 0.5934541179879999628, 0.6341667148990000058, 0.7241693539859999085, 0.8173528658740000230, 0.9116931823520000311, 1.000000000000000000 ),
 .UNSPECIFIED. ) ;
#2955 = CARTESIAN_POINT ( 'NONE',  ( 1.253486795120999808, -0.6329831525500000389, -2.583413685586000152 ) ) ;
#2956 = ORIENTED_EDGE ( 'NONE', *, *, #3435, .F. ) ;
#2957 = CARTESIAN_POINT ( 'NONE',  ( -0.1215851738669999904, 2.304459325135000292, -11.98863636363000218 ) ) ;
#2958 = CARTESIAN_POINT ( 'NONE',  ( -1.106117643444999965, 0.8654155594789999517, -7.556626723853999472 ) ) ;
#2959 = CARTESIAN_POINT ( 'NONE',  ( 0.8303333110889999924, 1.150010277885999965, -10.97096033629000011 ) ) ;
#2960 = CARTESIAN_POINT ( 'NONE',  ( 1.075240473600000080, -0.7795309783160000450, -5.457692307691999645 ) ) ;
#2961 = CARTESIAN_POINT ( 'NONE',  ( -0.6780876855060000707, -2.283193464108999926, -2.809615384617000000 ) ) ;
#2962 = EDGE_CURVE ( 'NONE', #1367, #5270, #2669, .T. ) ;
#2963 = CARTESIAN_POINT ( 'NONE',  ( -1.260153741513069692, -0.04526881365316026001, -12.06367667901771057 ) ) ;
#2964 = CARTESIAN_POINT ( 'NONE',  ( 1.399999999999999911, 0.000000000000000000, -12.40000000000000036 ) ) ;
#2965 = AXIS2_PLACEMENT_3D ( 'NONE', #4132, #480, #3673 ) ;
#2966 = VERTEX_POINT ( 'NONE', #3349 ) ;
#2967 = CARTESIAN_POINT ( 'NONE',  ( -1.399999997840383426, 1.074715403476256270E-14, -3.296212107668686997 ) ) ;
#2968 = DIRECTION ( 'NONE',  ( 1.000000000000000000, 0.000000000000000000, 0.000000000000000000 ) ) ;
#2969 = CARTESIAN_POINT ( 'NONE',  ( -0.5713906388380000090, 1.308100081727000097, -8.595986397229998133 ) ) ;
#2970 = CARTESIAN_POINT ( 'NONE',  ( 0.9715104800119999107, -1.009747299006999999, -7.317821961585000423 ) ) ;
#2971 = CARTESIAN_POINT ( 'NONE',  ( -0.6475623966040000568, 1.255624217820999977, -4.383351893863999926 ) ) ;
#2972 = CARTESIAN_POINT ( 'NONE',  ( -1.222290383571999817, -0.6911154323510000363, -7.255272171764000966 ) ) ;
#2973 = CARTESIAN_POINT ( 'NONE',  ( -1.389776588257999990, 0.2193655606089999766, -6.808681847899999973 ) ) ;
#2974 = CARTESIAN_POINT ( 'NONE',  ( -0.2943005208469999801, -1.382672754064000031, -10.39547651098999914 ) ) ;
#2975 = CARTESIAN_POINT ( 'NONE',  ( -1.114408847256000090, 2.661071112481999901, -5.001923076932000001 ) ) ;
#2976 = CARTESIAN_POINT ( 'NONE',  ( 1.005067892362000004, 0.8164153777510000376, -11.94077903089999992 ) ) ;
#2977 = CARTESIAN_POINT ( 'NONE',  ( 1.399999999994000044, -0.1663878763799999938, -10.76324580934999986 ) ) ;
#2978 = ADVANCED_FACE ( 'NONE', ( #4785 ), #5732, .T. ) ;
#2979 = ORIENTED_EDGE ( 'NONE', *, *, #1709, .F. ) ;
#2980 = CARTESIAN_POINT ( 'NONE',  ( -0.7876188208670000801, -1.170053714542000023, -9.425942761797999836 ) ) ;
#2981 = CARTESIAN_POINT ( 'NONE',  ( 1.149539318518999931, 0.8058427112049999508, -8.497547380931999683 ) ) ;
#2982 = CARTESIAN_POINT ( 'NONE',  ( -1.008198288076000093, 0.9840841024879999344, -6.065331570730999822 ) ) ;
#2983 = CARTESIAN_POINT ( 'NONE',  ( -0.5026798951690000239, 1.319252905124000064, -5.099807793392000299 ) ) ;
#2984 = EDGE_CURVE ( 'NONE', #2688, #64, #4292, .T. ) ;
#2985 = ORIENTED_EDGE ( 'NONE', *, *, #1445, .T. ) ;
#2986 = CARTESIAN_POINT ( 'NONE',  ( -1.325485564864999910, -0.4782525062290000073, -5.476238698936001015 ) ) ;
#2987 = EDGE_CURVE ( 'NONE', #1011, #4108, #1551, .T. ) ;
#2988 = CARTESIAN_POINT ( 'NONE',  ( -1.399999999724315769, -1.986800481079686875E-14, -7.503787890649174841 ) ) ;
#2989 = CARTESIAN_POINT ( 'NONE',  ( 1.387885698867000084, 0.2411555566599999922, -11.03250441085000055 ) ) ;
#2990 = CARTESIAN_POINT ( 'NONE',  ( -1.041176084554000125, 0.9407358834110000068, -3.854680585026999839 ) ) ;
#2991 = CARTESIAN_POINT ( 'NONE',  ( 2.107315219972999643, 1.009060281504999823, -6.380769230788999380 ) ) ;
#2992 = CARTESIAN_POINT ( 'NONE',  ( 0.3759427972670000284, 1.358198604536000165, -3.150314501984000426 ) ) ;
#2993 = CARTESIAN_POINT ( 'NONE',  ( 1.249075849027999841, 0.6439271565540000131, -3.715890578050999871 ) ) ;
#2994 = CARTESIAN_POINT ( 'NONE',  ( -3.086771334363999753, 1.478060008329999953, -9.894230769219001687 ) ) ;
#2995 = VERTEX_POINT ( 'NONE', #4189 ) ;
#2996 = CARTESIAN_POINT ( 'NONE',  ( -0.2118427836679999954, -1.391602797708000105, -3.183248760314000059 ) ) ;
#2997 = CARTESIAN_POINT ( 'NONE',  ( -1.399999996268141533, -0.07802150780484803927, -8.999353041822724109 ) ) ;
#2998 = CARTESIAN_POINT ( 'NONE',  ( 0.4622193815499999747, 1.330711155708999893, -10.65540397760999980 ) ) ;
#2999 = CARTESIAN_POINT ( 'NONE',  ( -1.325001697442457216, -0.4587111522364155647, -7.477268377611696160 ) ) ;
#3000 = CARTESIAN_POINT ( 'NONE',  ( 0.7015571599400000080, 0.1531733132530000152, -5.000000000000000000 ) ) ;
#3001 = DATE_TIME_ROLE ( 'classification_date' ) ;
#3002 = FACE_OUTER_BOUND ( 'NONE', #3501, .T. ) ;
#3003 = CARTESIAN_POINT ( 'NONE',  ( -0.2553047105336043177, -1.363804573458224256, -2.399999999999999467 ) ) ;
#3004 = CARTESIAN_POINT ( 'NONE',  ( 1.399999999999999911, 0.1074434344100000105, -7.040104909437999936 ) ) ;
#3005 = CARTESIAN_POINT ( 'NONE',  ( -0.002815209195379999880, -1.407499937552999958, -10.37897448236000031 ) ) ;
#3006 = CARTESIAN_POINT ( 'NONE',  ( 1.075240473600000080, -0.7795309783160000450, -3.957692307692000089 ) ) ;
#3007 = CARTESIAN_POINT ( 'NONE',  ( 0.1749251262129999929, 1.294230862511000169, -11.88596262469999942 ) ) ;
#3008 =( BOUNDED_CURVE ( )  B_SPLINE_CURVE ( 2, ( #1587, #3026, #3417 ),
 .UNSPECIFIED., .F., .F. ) 
 B_SPLINE_CURVE_WITH_KNOTS ( ( 3, 3 ),
 ( 0.000000000000000000, 1.000000000000000000 ),
 .UNSPECIFIED. ) 
 CURVE ( )  GEOMETRIC_REPRESENTATION_ITEM ( )  RATIONAL_B_SPLINE_CURVE ( ( 1.000000000000000000, 1.002765153012963983, 1.000000000000000000 ) ) 
 REPRESENTATION_ITEM ( '' )  );
#3009 = CARTESIAN_POINT ( 'NONE',  ( -1.267552759267085660, -0.6166485902021296983, -10.96777793812270652 ) ) ;
#3010 = CARTESIAN_POINT ( 'NONE',  ( 1.959418117455999919, -4.051127429910000188, -6.271153846168999735 ) ) ;
#3011 = VERTEX_POINT ( 'NONE', #2302 ) ;
#3012 = CARTESIAN_POINT ( 'NONE',  ( 0.6681467575230000122, -1.233397413501000184, -7.839277643579999122 ) ) ;
#3013 = CARTESIAN_POINT ( 'NONE',  ( -0.9452294808450000252, 1.034912633126999992, -8.362310357666000726 ) ) ;
#3014 = CARTESIAN_POINT ( 'NONE',  ( 1.282626315074000045, 0.5819802888049999678, -6.219908567427999913 ) ) ;
#3015 = CARTESIAN_POINT ( 'NONE',  ( -0.7607984106080000197, -1.816692929058999928, -8.573076923080000356 ) ) ;
#3016 = VERTEX_POINT ( 'NONE', #4159 ) ;
#3017 = CARTESIAN_POINT ( 'NONE',  ( 1.082746835688000120, -0.8993115876870000358, -5.308958367524000188 ) ) ;
#3018 = CARTESIAN_POINT ( 'NONE',  ( -2.107315219971999554, 1.009060281500999912, -5.169230769224999911 ) ) ;
#3019 = CARTESIAN_POINT ( 'NONE',  ( -1.720674083314999878E-14, 0.000000000000000000, -0.08751284532406000682 ) ) ;
#3020 = CARTESIAN_POINT ( 'NONE',  ( -1.399999999984526733, 0.0004266638655303648590, -3.796236049245633737 ) ) ;
#3021 = CARTESIAN_POINT ( 'NONE',  ( 1.061822912015000009, 0.9221536067550000215, -7.196859182895000373 ) ) ;
#3022 = CARTESIAN_POINT ( 'NONE',  ( -1.399999998480796926, 0.02310999211964733999, -3.005101501545669240 ) ) ;
#3023 = CARTESIAN_POINT ( 'NONE',  ( -1.389783614414000112, 0.2193247467479999824, -3.516255928470000125 ) ) ;
#3024 = CARTESIAN_POINT ( 'NONE',  ( -3.086771334365999930, -1.478060008327999997, -8.855769230785000445 ) ) ;
#3025 = ORIENTED_EDGE ( 'NONE', *, *, #3942, .F. ) ;
#3026 = CARTESIAN_POINT ( 'NONE',  ( -0.5897773996546350483, 0.6651416809716065304, -0.2744543435620278582 ) ) ;
#3027 = CARTESIAN_POINT ( 'NONE',  ( 0.000000000000000000, 0.000000000000000000, -12.40000000000000036 ) ) ;
#3028 = CARTESIAN_POINT ( 'NONE',  ( 0.9889808277970000283, 0.9945833998569999501, -10.69106623569000192 ) ) ;
#3029 = CARTESIAN_POINT ( 'NONE',  ( -1.323681030599067610, 0.02613704066662516159, -11.76342364519626926 ) ) ;
#3030 = CARTESIAN_POINT ( 'NONE',  ( 1.191584206186000028, -0.5009935603189999975, -12.01932083775999871 ) ) ;
#3031 = CALENDAR_DATE ( 2026, 14, 9 ) ;
#3032 = DIRECTION ( 'NONE',  ( 0.9118476033094164990, -1.539518817562557492E-14, 0.4105288641969928598 ) ) ;
#3033 = CARTESIAN_POINT ( 'NONE',  ( -1.400000001550147699, 0.1120086327549833366, -5.802578414191398970 ) ) ;
#3034 = CARTESIAN_POINT ( 'NONE',  ( 0.2958965743499999967, 1.376547933995000195, -6.938066181048999859 ) ) ;
#3035 = DIRECTION ( 'NONE',  ( 0.000000000000000000, 0.000000000000000000, 1.000000000000000000 ) ) ;
#3036 = CARTESIAN_POINT ( 'NONE',  ( -1.337679787042999724, -2.765673762765000099, -5.053846153833999821 ) ) ;
#3037 = CARTESIAN_POINT ( 'NONE',  ( 1.114408847256999957, 2.661071112481999901, -8.048076923060998311 ) ) ;
#3038 = AXIS2_PLACEMENT_3D ( 'NONE', #4742, #2426, #4657 ) ;
#3039 = DIRECTION ( 'NONE',  ( 0.000000000000000000, 1.000000000000000000, 0.000000000000000000 ) ) ;
#3040 = CARTESIAN_POINT ( 'NONE',  ( 0.6780876855060000707, -2.283193464110000015, -5.290384615384999378 ) ) ;
#3041 = ADVANCED_FACE ( 'NONE', ( #2898 ), #2267, .F. ) ;
#3042 = ORIENTED_EDGE ( 'NONE', *, *, #5253, .F. ) ;
#3043 = CARTESIAN_POINT ( 'NONE',  ( 0.4180929744150000404, -1.338987525846000004, -7.854705262752000650 ) ) ;
#3044 = CARTESIAN_POINT ( 'NONE',  ( -1.041166474268000020, 0.9407463658810000240, -8.354681391580999872 ) ) ;
#3045 = VECTOR ( 'NONE', #5119, 1000.000000000000000 ) ;
#3046 = CARTESIAN_POINT ( 'NONE',  ( -0.1635126811730000240, 1.402143979014000008, -6.119540248516999625 ) ) ;
#3047 = CARTESIAN_POINT ( 'NONE',  ( 1.394950331428000068, 0.1556861530260000015, -5.244938080363000132 ) ) ;
#3048 = AXIS2_PLACEMENT_3D ( 'NONE', #4199, #5198, #3397 ) ;
#3049 = ORIENTED_EDGE ( 'NONE', *, *, #5477, .T. ) ;
#3050 = CARTESIAN_POINT ( 'NONE',  ( 1.343323455154000090, -0.4223356024570000256, -5.278021787301000245 ) ) ;
#3051 = CARTESIAN_POINT ( 'NONE',  ( -0.6780876855060000707, 2.283193464108999926, -4.990384615386999734 ) ) ;
#3052 = CARTESIAN_POINT ( 'NONE',  ( 1.399999999999999911, 1.371604415045000014E-15, -7.046212107184000040 ) ) ;
#3053 = CARTESIAN_POINT ( 'NONE',  ( -0.9739519809960001107, 1.019208579273999993, -4.860522693689999230 ) ) ;
#3054 = CARTESIAN_POINT ( 'NONE',  ( 0.7607984106080000197, -1.816692929059999795, -5.976923076919000266 ) ) ;
#3055 = CARTESIAN_POINT ( 'NONE',  ( -0.9694480593290000225, -1.011329593527000137, -5.732030668860999434 ) ) ;
#3056 = CARTESIAN_POINT ( 'NONE',  ( -1.302061298137000112, 0.5331398538510000451, -3.534702577666000156 ) ) ;
#3057 = EDGE_CURVE ( 'NONE', #1452, #2201, #2939, .T. ) ;
#3058 = CARTESIAN_POINT ( 'NONE',  ( 1.959418117459000186, 4.051127429911000277, -9.028846153817001507 ) ) ;
#3059 = ORIENTED_EDGE ( 'NONE', *, *, #2065, .F. ) ;
#3060 = CARTESIAN_POINT ( 'NONE',  ( -1.167825066212999863, 0.7744239861569999217, -6.550387423294999678 ) ) ;
#3061 = CARTESIAN_POINT ( 'NONE',  ( 1.399999999999999911, 0.1232878055370000003, -3.039204029712999855 ) ) ;
#3062 = CARTESIAN_POINT ( 'NONE',  ( -1.043425157603999898, 0.9535032051730000235, -8.562778383737999377 ) ) ;
#3063 = CARTESIAN_POINT ( 'NONE',  ( -1.040957926317999771, -0.9524050667519999847, -7.444829536800999570 ) ) ;
#3064 = CARTESIAN_POINT ( 'NONE',  ( 0.000000000000000000, 0.000000000000000000, -11.40000000000000036 ) ) ;
#3065 = CARTESIAN_POINT ( 'NONE',  ( -0.8859727659199999605, 1.097447503521999934, -3.367155177483999839 ) ) ;
#3066 = CARTESIAN_POINT ( 'NONE',  ( -1.368631675656768021, 0.3348671910969561183, -5.815312146515818625 ) ) ;
#3067 = CARTESIAN_POINT ( 'NONE',  ( 1.390379912607000001, 0.2148948391319999707, -7.033997492980000210 ) ) ;
#3068 = ADVANCED_FACE ( 'NONE', ( #4482 ), #3959, .T. ) ;
#3069 = CARTESIAN_POINT ( 'NONE',  ( -0.08502049878654001358, -1.398923182175999980, -11.38361571164000097 ) ) ;
#3070 = CARTESIAN_POINT ( 'NONE',  ( -1.400000000005024337, -0.3035362886492135037, -2.486534981416375079 ) ) ;
#3071 = AXIS2_PLACEMENT_3D ( 'NONE', #2873, #3695, #98 ) ;
#3072 = CARTESIAN_POINT ( 'NONE',  ( -1.075240473600000080, 0.7795309783160000450, -4.707692307691999645 ) ) ;
#3073 = CARTESIAN_POINT ( 'NONE',  ( 1.337679787042999724, -2.765673762760000098, -7.996153846202001425 ) ) ;
#3074 = CARTESIAN_POINT ( 'NONE',  ( -1.337679787049000035, 2.765673762762999921, -8.746153846127999287 ) ) ;
#3075 = ORIENTED_EDGE ( 'NONE', *, *, #4699, .T. ) ;
#3076 = CARTESIAN_POINT ( 'NONE',  ( 1.399999999999999911, -3.429011037612999484E-16, -7.753788202640000016 ) ) ;
#3077 = CARTESIAN_POINT ( 'NONE',  ( 1.020285338545000142, 0.9699539596320000401, -8.485718416484001381 ) ) ;
#3078 = CARTESIAN_POINT ( 'NONE',  ( -1.337679787046999857, 2.765673762762999921, -7.246153846143000621 ) ) ;
#3079 = CARTESIAN_POINT ( 'NONE',  ( 1.201982924791999974, 2.944009082951999998E-15, -12.34293845337000128 ) ) ;
#3080 = EDGE_CURVE ( 'NONE', #3915, #2174, #3949, .T. ) ;
#3081 = ORIENTED_EDGE ( 'NONE', *, *, #5685, .T. ) ;
#3082 = DIRECTION ( 'NONE',  ( 1.000000000000000000, 0.000000000000000000, 0.000000000000000000 ) ) ;
#3083 = CARTESIAN_POINT ( 'NONE',  ( 3.753850618405000006, 1.173470705918000068, -4.586538461518999910 ) ) ;
#3084 = CARTESIAN_POINT ( 'NONE',  ( 1.075240473600000080, 3.160295530338999676E-15, -8.400000000000000355 ) ) ;
#3085 = CARTESIAN_POINT ( 'NONE',  ( -0.4240998140179999543, 1.348078515582000092, -3.896949930157999731 ) ) ;
#3086 = CARTESIAN_POINT ( 'NONE',  ( -1.398411212708239759, -0.07128651395616358855, -7.792159075146526170 ) ) ;
#3087 = CARTESIAN_POINT ( 'NONE',  ( 1.191418611503999969, 0.7519334791600000845, -3.708967759572999956 ) ) ;
#3088 = CARTESIAN_POINT ( 'NONE',  ( -0.5149326749299999451, -1.312975699125999984, -4.408509740681999745 ) ) ;
#3089 = ORIENTED_EDGE ( 'NONE', *, *, #3080, .T. ) ;
#3090 = CARTESIAN_POINT ( 'NONE',  ( -1.254498872816999899, 0.6308194835270000134, -6.540853185215000920 ) ) ;
#3091 = CARTESIAN_POINT ( 'NONE',  ( -0.9550632581119999909, -1.035763244600000021, -8.938083832202000423 ) ) ;
#3092 = B_SPLINE_CURVE_WITH_KNOTS ( 'NONE', 7,
 ( #4487, #5008, #3574, #1314, #1255, #1801, #3997, #3179, #5464, #5441, #860, #3149, #2691, #5955, #1681, #2632, #2663, #4030, #5036, #2719, #4573, #404, #3544, #2141, #2261, #2600, #3657, #5526, #801, #3121, #3060, #3090, #4920, #744, #4949, #5410, #1227, #2177, #774, #4980, #4519, #349, #2202, #1455 ),
 .UNSPECIFIED., .F., .F.,
 ( 8, 6, 6, 6, 6, 6, 6, 8 ),
 ( 0.000000000000000000, 0.06194825530684999748, 0.1588696903390000026, 0.2642940152750000160, 0.3661747174299999630, 0.4135768992780000097, 0.4996599746690000288, 0.5000051029819411186 ),
 .UNSPECIFIED. ) ;
#3093 = CARTESIAN_POINT ( 'NONE',  ( -0.5807438680420000665, 1.074569512221999812, -12.29695613578000035 ) ) ;
#3094 = CARTESIAN_POINT ( 'NONE',  ( 0.7818965632230000518, 1.164992276414000161, -4.175823371949999974 ) ) ;
#3095 = ADVANCED_FACE ( 'NONE', ( #822 ), #5548, .T. ) ;
#3096 = APPROVAL_DATE_TIME ( #748, #4410 ) ;
#3097 = CARTESIAN_POINT ( 'NONE',  ( 0.6894253614759999760, -1.228337926031999983, -11.99090909090999979 ) ) ;
#3098 = CARTESIAN_POINT ( 'NONE',  ( -1.134791925536999813, -0.8213730285199999370, -7.246352816492000137 ) ) ;
#3099 = CARTESIAN_POINT ( 'NONE',  ( -1.399999528899291912, 0.001302282038459937584, -6.796285820011118695 ) ) ;
#3100 = CARTESIAN_POINT ( 'NONE',  ( 1.364366529617999868, 0.3567364176150000232, -8.025853947861998350 ) ) ;
#3101 = CARTESIAN_POINT ( 'NONE',  ( 0.7682030113910000013, -1.199808062301999989, -5.125916216871000408 ) ) ;
#3102 = CARTESIAN_POINT ( 'NONE',  ( -1.075240473600000080, -0.7795309783160000450, -4.592307692308000178 ) ) ;
#3103 = DIRECTION ( 'NONE',  ( 0.000000000000000000, 0.000000000000000000, -1.000000000000000000 ) ) ;
#3104 = CARTESIAN_POINT ( 'NONE',  ( 0.7607984106070000418, -1.816692929058999928, -8.976923076912999733 ) ) ;
#3105 = EDGE_CURVE ( 'NONE', #857, #968, #5930, .T. ) ;
#3106 = CARTESIAN_POINT ( 'NONE',  ( 0.2952778233560000021, 1.319898198168999892, -11.67205322390000077 ) ) ;
#3107 = ORIENTED_EDGE ( 'NONE', *, *, #4842, .F. ) ;
#3108 = CARTESIAN_POINT ( 'NONE',  ( -0.07340632803004999707, -1.401784705269000231, -7.882953947420999086 ) ) ;
#3109 = FACE_OUTER_BOUND ( 'NONE', #5722, .T. ) ;
#3110 = CARTESIAN_POINT ( 'NONE',  ( -0.6623290824090000140, -1.239643030214000019, -9.710242899918998916 ) ) ;
#3111 = CARTESIAN_POINT ( 'NONE',  ( 0.4629252851469999874, 1.558718743917000049, -9.784615384611001332 ) ) ;
#3112 = ORIENTED_EDGE ( 'NONE', *, *, #460, .T. ) ;
#3113 = CARTESIAN_POINT ( 'NONE',  ( 1.077951999603999900, -0.9050606269059999764, -8.309381684913001109 ) ) ;
#3114 = CARTESIAN_POINT ( 'NONE',  ( 1.574999999999999956, 3.748225233356999987E-16, -5.625000000000000000 ) ) ;
#3115 = CARTESIAN_POINT ( 'NONE',  ( -0.1210518131490000010, 1.404896301880000031, -10.91436721048000003 ) ) ;
#3116 = CARTESIAN_POINT ( 'NONE',  ( 1.070186703147000040, 0.9169025089960000097, -4.989797658650999779 ) ) ;
#3117 = CARTESIAN_POINT ( 'NONE',  ( 1.142867008787000094, -0.8162082443729999914, -3.803153016342999848 ) ) ;
#3118 = CARTESIAN_POINT ( 'NONE',  ( 1.324828693746000097, 0.4592259170329999751, -3.727237573395000059 ) ) ;
#3119 = CARTESIAN_POINT ( 'NONE',  ( -1.371491884274372630, -0.3007781222282058242, -4.486607917781433308 ) ) ;
#3120 = ORIENTED_EDGE ( 'NONE', *, *, #633, .T. ) ;
#3121 = CARTESIAN_POINT ( 'NONE',  ( -1.134514611494000125, 0.8238923165530001036, -6.553773154294000314 ) ) ;
#3122 = CARTESIAN_POINT ( 'NONE',  ( 1.050838912057999952, -0.9286997769999999486, -8.811383970820999778 ) ) ;
#3123 = CARTESIAN_POINT ( 'NONE',  ( 0.2350709473750000056, 1.185148857961999980, -12.34721115327999996 ) ) ;
#3124 = CARTESIAN_POINT ( 'NONE',  ( 0.7215788325969999528, 1.204000889767999904, -4.171751690417000447 ) ) ;
#3125 = CARTESIAN_POINT ( 'NONE',  ( 0.5051460291850000672, -1.168063400944000074, -12.07493883414000102 ) ) ;
#3126 = CARTESIAN_POINT ( 'NONE',  ( 0.5454335713210000103, 1.298052817877999976, -4.660446166398999779 ) ) ;
#3127 = CARTESIAN_POINT ( 'NONE',  ( -1.278265493412000131, -0.5893521847370000177, -6.969424629571000729 ) ) ;
#3128 = CARTESIAN_POINT ( 'NONE',  ( 1.080272021042999908, -0.8954786525519999874, -4.601290852520000030 ) ) ;
#3129 = CARTESIAN_POINT ( 'NONE',  ( -1.399995351657782994, 0.004723471434340530475, -9.296480593724961494 ) ) ;
#3130 = CARTESIAN_POINT ( 'NONE',  ( -0.5513211962559999568, -1.296873052243999958, -5.203182008155000204 ) ) ;
#3131 = CARTESIAN_POINT ( 'NONE',  ( -1.075240473600000080, -0.7795309783160000450, -3.092307692308000178 ) ) ;
#3132 = ADVANCED_FACE ( 'NONE', ( #1972 ), #147, .T. ) ;
#3133 = FACE_OUTER_BOUND ( 'NONE', #765, .T. ) ;
#3134 = CARTESIAN_POINT ( 'NONE',  ( -0.1482084520059999966, 1.347474014868999870, -11.64303343697999971 ) ) ;
#3135 = CARTESIAN_POINT ( 'NONE',  ( 1.376930031720000169, -0.3328506722369999893, -9.272707831098999876 ) ) ;
#3136 = CARTESIAN_POINT ( 'NONE',  ( -0.3843278720919999780, -1.348521515103000112, -3.400875508677000170 ) ) ;
#3137 = AXIS2_PLACEMENT_3D ( 'NONE', #2582, #305, #2244 ) ;
#3138 = CARTESIAN_POINT ( 'NONE',  ( -0.8608835822570000129, 1.107397353484000035, -9.076198787268998203 ) ) ;
#3139 = VECTOR ( 'NONE', #1507, 1000.000000000000000 ) ;
#3140 = EDGE_LOOP ( 'NONE', ( #793, #679, #340, #5886 ) ) ;
#3141 = CARTESIAN_POINT ( 'NONE',  ( 0.2815918043710000096, -1.383075901231999971, -8.362812023537999906 ) ) ;
#3142 = CARTESIAN_POINT ( 'NONE',  ( -1.399999999694351294, -2.023773469227337085E-14, -10.79621210494344652 ) ) ;
#3143 = CARTESIAN_POINT ( 'NONE',  ( -0.8381545020399999713, 1.128665700437000208, -8.077977716187000112 ) ) ;
#3144 = CARTESIAN_POINT ( 'NONE',  ( -1.399864849475735085, -0.02205708292917622770, -4.002534444250113843 ) ) ;
#3145 = AXIS2_PLACEMENT_3D ( 'NONE', #2380, #3688, #465 ) ;
#3146 = CARTESIAN_POINT ( 'NONE',  ( -1.394628842885244246, -0.1605680030132173863, -5.994660680015701182 ) ) ;
#3147 = CARTESIAN_POINT ( 'NONE',  ( 0.1396616357659999919, 1.403556490808000046, -9.636701538503000819 ) ) ;
#3148 = ORIENTED_EDGE ( 'NONE', *, *, #5838, .F. ) ;
#3149 = CARTESIAN_POINT ( 'NONE',  ( 0.9565971088540000666, 1.034313253472999961, -6.688202958618999716 ) ) ;
#3150 = CARTESIAN_POINT ( 'NONE',  ( 1.024470168247999968, 0.9731279401269999907, -10.48568934112999962 ) ) ;
#3151 = CARTESIAN_POINT ( 'NONE',  ( 0.4991144328119999640, 1.315121305616999914, -5.450064313397999349 ) ) ;
#3152 = CARTESIAN_POINT ( 'NONE',  ( 1.046730408651000088, 0.9326552648179999849, -4.195869654339999144 ) ) ;
#3153 = ADVANCED_FACE ( 'NONE', ( #5267 ), #5726, .T. ) ;
#3154 = CARTESIAN_POINT ( 'NONE',  ( -0.3765083910970000169, 1.366183189621000160, -4.607402830839999908 ) ) ;
#3155 = CARTESIAN_POINT ( 'NONE',  ( -1.382232525539999868, -0.2659547195440000178, -6.988647900222000331 ) ) ;
#3156 = CARTESIAN_POINT ( 'NONE',  ( -1.044708171809000108, -0.9491389528719998969, -4.737530207817999717 ) ) ;
#3157 = CARTESIAN_POINT ( 'NONE',  ( 1.399999999999999911, -3.429011037612999484E-16, -9.546211815708000259 ) ) ;
#3158 = CARTESIAN_POINT ( 'NONE',  ( -1.020523755986781689, -0.9703881747959519632, -2.443258572569174447 ) ) ;
#3159 = CARTESIAN_POINT ( 'NONE',  ( -0.6780876855060000707, -2.283193464108999926, -3.259615384616000089 ) ) ;
#3160 = DIRECTION ( 'NONE',  ( 1.000000000000000000, 0.000000000000000000, 0.000000000000000000 ) ) ;
#3161 = CARTESIAN_POINT ( 'NONE',  ( 0.9672665593429999875, 1.027650265893999881, -5.688855808598999531 ) ) ;
#3162 = CARTESIAN_POINT ( 'NONE',  ( 1.173249199096999984, -0.7938584294109999329, -9.301082143120000367 ) ) ;
#3163 = CARTESIAN_POINT ( 'NONE',  ( 0.6071525933550000476, -1.263317225626999996, -4.843132870646999599 ) ) ;
#3164 = AXIS2_PLACEMENT_3D ( 'NONE', #4860, #3939, #5878 ) ;
#3165 = CARTESIAN_POINT ( 'NONE',  ( 1.574999999999999956, 1.141848099093000002, -3.617307692308000089 ) ) ;
#3166 = CARTESIAN_POINT ( 'NONE',  ( 1.337679787042999724, -2.765673762760000098, -7.996153846202001425 ) ) ;
#3167 = LOCAL_TIME ( 10, 32, 39.00000000000000000, #1592 ) ;
#3168 = ORIENTED_EDGE ( 'NONE', *, *, #1008, .T. ) ;
#3169 = CARTESIAN_POINT ( 'NONE',  ( 1.144515264613999994, -0.8140544959030000527, -8.302999831198999203 ) ) ;
#3170 = CARTESIAN_POINT ( 'NONE',  ( -0.3562021244310000223, 1.362613021030000260, -10.90088089956000061 ) ) ;
#3171 = CARTESIAN_POINT ( 'NONE',  ( 0.4023522008220000168, 1.354103834917000038, -8.151763529076999859 ) ) ;
#3172 = CARTESIAN_POINT ( 'NONE',  ( 1.399999999999999911, 0.000000000000000000, -12.40000000000000036 ) ) ;
#3173 = EDGE_CURVE ( 'NONE', #247, #5610, #3808, .T. ) ;
#3174 = CARTESIAN_POINT ( 'NONE',  ( -0.1981015154180000015, -1.403525726840999965, -9.182386142722000599 ) ) ;
#3175 = EDGE_CURVE ( 'NONE', #5700, #4353, #2574, .T. ) ;
#3176 = ORIENTED_EDGE ( 'NONE', *, *, #5152, .F. ) ;
#3177 = CARTESIAN_POINT ( 'NONE',  ( 1.075240473600000080, 3.950369412924000157E-15, -9.900000000000000355 ) ) ;
#3178 = CARTESIAN_POINT ( 'NONE',  ( 0.9221412817529999195, -1.064892651175000093, -9.821992023656001436 ) ) ;
#3179 = CARTESIAN_POINT ( 'NONE',  ( 1.249075826874999962, 0.6439272020540000030, -6.715890575179999544 ) ) ;
#3180 = CARTESIAN_POINT ( 'NONE',  ( -1.121846507162000073, -0.8552691310569999761, -8.951946206079000490 ) ) ;
#3181 = CARTESIAN_POINT ( 'NONE',  ( -0.7892185662779999111, 1.164263770025999900, -5.373830552605999955 ) ) ;
#3182 = CARTESIAN_POINT ( 'NONE',  ( 0.2424760472820000068, -1.391155322154000062, -6.657421524755999798 ) ) ;
#3183 = B_SPLINE_CURVE_WITH_KNOTS ( 'NONE', 3,
 ( #1814, #2795, #3671, #1874, #4194, #4649, #3759, #1412, #4223, #1325, #5632, #987, #5968, #2851, #534, #4101, #1783, #871, #3638, #5511, #3191, #2731, #4586, #1043, #2940, #5222 ),
 .UNSPECIFIED., .F., .F.,
 ( 4, 2, 2, 2, 2, 2, 2, 2, 2, 2, 2, 2, 4 ),
 ( 1.259029965734697596E-18, 0.0005480105876628744510, 0.0008220158814943108634, 0.001096021175325747384, 0.001644031762988620209, 0.002192042350651493034, 0.002466047644482929554, 0.002740052938314366509, 0.003014058232145802596, 0.003288063525977239117, 0.003836074113640111725, 0.004110079407471547812, 0.004384084701302983465 ),
 .UNSPECIFIED. ) ;
#3184 = CARTESIAN_POINT ( 'NONE',  ( 1.155167536128000050, 0.3778270022580000331, -12.31514696720000046 ) ) ;
#3185 = CARTESIAN_POINT ( 'NONE',  ( -1.399984268673856169, 0.007095061360305934123, -4.504191183993417447 ) ) ;
#3186 = CARTESIAN_POINT ( 'NONE',  ( 0.03390380928182000486, -1.409245876675999876, -6.876851859138000123 ) ) ;
#3187 = CARTESIAN_POINT ( 'NONE',  ( 1.251215821941000117, -0.6376069953180000249, -4.583702250235999642 ) ) ;
#3188 = CARTESIAN_POINT ( 'NONE',  ( -1.366650695805999849, 0.3405519028489999989, -9.315653107815998979 ) ) ;
#3189 = CARTESIAN_POINT ( 'NONE',  ( -2.562725153494999741, 0.8011194905319999338, -5.688461538471000445 ) ) ;
#3190 = CARTESIAN_POINT ( 'NONE',  ( 1.075240473600000080, 0.7795309783160000450, -5.342307692308000178 ) ) ;
#3191 = CARTESIAN_POINT ( 'NONE',  ( -1.223131176024233602, 0.7054933645536651809, -2.545481575930909734 ) ) ;
#3192 = CARTESIAN_POINT ( 'NONE',  ( -1.002738983476000101, 0.9342751002770000035, -11.58055098346999934 ) ) ;
#3193 = CARTESIAN_POINT ( 'NONE',  ( 0.7273115750820000613, -1.200105785188000151, -9.335428912904999876 ) ) ;
#3194 = CARTESIAN_POINT ( 'NONE',  ( 1.399999999998999822, -0.1663415847230000078, -3.263243178099999753 ) ) ;
#3195 = CARTESIAN_POINT ( 'NONE',  ( 0.006812243703830999503, -1.408169301867000067, -5.670813506346999766 ) ) ;
#3196 = DIRECTION ( 'NONE',  ( 0.000000000000000000, 1.000000000000000000, 0.000000000000000000 ) ) ;
#3197 = ORIENTED_EDGE ( 'NONE', *, *, #469, .T. ) ;
#3198 = CARTESIAN_POINT ( 'NONE',  ( 0.000000000000000000, 0.000000000000000000, -12.40000000000000036 ) ) ;
#3199 = CARTESIAN_POINT ( 'NONE',  ( 1.090501803390000246, -0.8818390731409999628, -2.807901681085000156 ) ) ;
#3200 = DIRECTION ( 'NONE',  ( 1.000000000000000000, 0.000000000000000000, 0.000000000000000000 ) ) ;
#3201 = CARTESIAN_POINT ( 'NONE',  ( 0.7382752196999999850, -1.194692626496999921, -3.834729070939999929 ) ) ;
#3202 = CARTESIAN_POINT ( 'NONE',  ( -1.199209440427000173, -0.7393092323759999918, -9.252232242822000075 ) ) ;
#3203 = ORIENTED_EDGE ( 'NONE', *, *, #4890, .T. ) ;
#3204 = CARTESIAN_POINT ( 'NONE',  ( -1.399999838927336704, 0.0008792584932777971389, -9.503838161570755005 ) ) ;
#3205 = CARTESIAN_POINT ( 'NONE',  ( 0.4104257984000000414, -1.348747165373999968, -9.855301978614001257 ) ) ;
#3206 = CARTESIAN_POINT ( 'NONE',  ( -1.041158189457999983, 0.9407554022609999622, -9.854682086880000469 ) ) ;
#3207 = CARTESIAN_POINT ( 'NONE',  ( 1.399999999999999911, 0.1248026553029999847, -10.53911792456000107 ) ) ;
#3208 = CARTESIAN_POINT ( 'NONE',  ( 0.6819821380939999900, 0.9903650001109999268, -12.37683827637999912 ) ) ;
#3209 = CARTESIAN_POINT ( 'NONE',  ( -1.330452548235902421, 0.4964521764557794370, -4.032227024422194717 ) ) ;
#3210 = CARTESIAN_POINT ( 'NONE',  ( -1.043102157036999822, 0.9577143784199999565, -6.355316404316999623 ) ) ;
#3211 = CARTESIAN_POINT ( 'NONE',  ( -0.6621124888209999337, 1.243125433815000180, -4.589879976873000977 ) ) ;
#3212 = VERTEX_POINT ( 'NONE', #2376 ) ;
#3213 = CARTESIAN_POINT ( 'NONE',  ( 1.058031701081000087, -0.9292338519560000565, -7.103576206885001021 ) ) ;
#3214 = CARTESIAN_POINT ( 'NONE',  ( -1.397086837040509844, 0.09651017839082964844, -7.801700726315818457 ) ) ;
#3215 = CARTESIAN_POINT ( 'NONE',  ( -0.8260266495019999988, -1.132612238109000025, -5.221359396481999759 ) ) ;
#3216 = CARTESIAN_POINT ( 'NONE',  ( -2.107315219971999554, 1.009060281500000045, -3.669230769227999733 ) ) ;
#3217 = CARTESIAN_POINT ( 'NONE',  ( -1.227861603109963173, 0.6829125206053411334, -7.336586391145673680 ) ) ;
#3218 = CARTESIAN_POINT ( 'NONE',  ( -1.338669708802770142, 0.3383036745882437857, -11.53637017817681176 ) ) ;
#3219 = CARTESIAN_POINT ( 'NONE',  ( 1.574999999999999956, -1.141848099093000002, -9.732692307692000000 ) ) ;
#3220 = CARTESIAN_POINT ( 'NONE',  ( 0.7274600109670000814, -1.200015814609000087, -4.835419070529999530 ) ) ;
#3221 = CARTESIAN_POINT ( 'NONE',  ( 0.6780876855050000929, 2.283193464108999926, -3.559615384615999911 ) ) ;
#3222 = CARTESIAN_POINT ( 'NONE',  ( -1.399999999951848206, 0.001508142844401160398, -9.003873616068357677 ) ) ;
#3223 = EDGE_CURVE ( 'NONE', #5270, #4392, #2358, .T. ) ;
#3224 = ORIENTED_EDGE ( 'NONE', *, *, #5600, .T. ) ;
#3225 = CARTESIAN_POINT ( 'NONE',  ( 0.6232246254979999511, -1.266417432042999724, -4.342402250815000642 ) ) ;
#3226 = CARTESIAN_POINT ( 'NONE',  ( -0.4206408430269999998, 1.439812932702999815, -0.2303039929150000054 ) ) ;
#3227 = AXIS2_PLACEMENT_3D ( 'NONE', #1083, #2487, #3339 ) ;
#3228 = CARTESIAN_POINT ( 'NONE',  ( -1.331289517759999930, -0.4381584365860000108, -2.978484745224000196 ) ) ;
#3229 = CARTESIAN_POINT ( 'NONE',  ( -1.167825191254999950, 0.7744237987009999769, -8.050387410499999064 ) ) ;
#3230 = CIRCLE ( 'NONE', #27, 2.799999999999999822 ) ;
#3231 = CARTESIAN_POINT ( 'NONE',  ( 1.156729664653999956, -0.7905675681599999560, -5.801499463841999216 ) ) ;
#3232 = EDGE_LOOP ( 'NONE', ( #1850, #2013, #5954, #2566 ) ) ;
#3233 = CARTESIAN_POINT ( 'NONE',  ( -0.8381479268760000378, 1.128670423099000120, -9.577978173676999774 ) ) ;
#3234 = CARTESIAN_POINT ( 'NONE',  ( 1.302434118221000192, -0.5323755137389999392, -9.784652292390999762 ) ) ;
#3235 = CARTESIAN_POINT ( 'NONE',  ( 0.000000000000000000, 0.000000000000000000, -12.40000000000000036 ) ) ;
#3236 = CIRCLE ( 'NONE', #3145, 2.799999999999999822 ) ;
#3237 = CARTESIAN_POINT ( 'NONE',  ( -1.389770189757999930, 0.2194027279359999916, -11.01626040057000111 ) ) ;
#3238 = CARTESIAN_POINT ( 'NONE',  ( -1.273801211523999832, -0.5890116696339999791, -6.261751373913999608 ) ) ;
#3239 = CARTESIAN_POINT ( 'NONE',  ( 1.399999999999999911, 4.830948964663999614E-16, -2.546212107184000040 ) ) ;
#3240 = EDGE_CURVE ( 'NONE', #4018, #424, #4746, .T. ) ;
#3241 = FACE_OUTER_BOUND ( 'NONE', #3765, .T. ) ;
#3242 = CARTESIAN_POINT ( 'NONE',  ( -1.220489231581533440, 0.6964420620939361095, -10.04503590809653701 ) ) ;
#3243 = ORIENTED_EDGE ( 'NONE', *, *, #4393, .T. ) ;
#3244 = CARTESIAN_POINT ( 'NONE',  ( 0.4776252165410000416, -1.321484304875000015, -7.143628372161999529 ) ) ;
#3245 = CARTESIAN_POINT ( 'NONE',  ( -1.337679787050999991, 2.765673762759000454, -4.246153846163999823 ) ) ;
#3246 = CARTESIAN_POINT ( 'NONE',  ( 0.9170118720580000549, -1.084823375817999924, -11.11542839605999866 ) ) ;
#3247 = DIRECTION ( 'NONE',  ( 0.000000000000000000, 0.000000000000000000, 1.000000000000000000 ) ) ;
#3248 = CARTESIAN_POINT ( 'NONE',  ( 3.086771334367999664, 1.478060008326999908, -3.605769230777999823 ) ) ;
#3249 = EDGE_CURVE ( 'NONE', #2874, #4086, #3450, .T. ) ;
#3250 = CARTESIAN_POINT ( 'NONE',  ( 1.399999999999999911, 0.1211334893200000096, -7.539326482598999846 ) ) ;
#3251 = ADVANCED_FACE ( 'NONE', ( #2339 ), #1819, .T. ) ;
#3252 = CARTESIAN_POINT ( 'NONE',  ( 1.959418117455999919, -4.051127429916999922, -11.22115384617999823 ) ) ;
#3253 = CARTESIAN_POINT ( 'NONE',  ( -1.041156495274000005, 0.9407572500630000389, -11.35468222905999980 ) ) ;
#3254 = CARTESIAN_POINT ( 'NONE',  ( 0.1531733132530000152, -0.7015571599400000080, -5.000000000000000000 ) ) ;
#3255 = CARTESIAN_POINT ( 'NONE',  ( -1.399999999999999911, 1.714505518806294391E-16, -12.40000000000000036 ) ) ;
#3256 = CARTESIAN_POINT ( 'NONE',  ( -2.562725153500000186, -0.8011194905269999333, -8.111538461574999914 ) ) ;
#3257 = AXIS2_PLACEMENT_3D ( 'NONE', #4243, #2326, #4186 ) ;
#3258 = VERTEX_POINT ( 'NONE', #2709 ) ;
#3259 = CARTESIAN_POINT ( 'NONE',  ( 1.096159764292999883, -0.8749116527360000228, -4.307394228144000081 ) ) ;
#3260 = LINE ( 'NONE', #2374, #3139 ) ;
#3261 = FACE_OUTER_BOUND ( 'NONE', #2176, .T. ) ;
#3262 = CARTESIAN_POINT ( 'NONE',  ( -1.339619825757999871, 0.4253659468549999545, -4.820683890168000474 ) ) ;
#3263 = CARTESIAN_POINT ( 'NONE',  ( 1.365488427085999934, -0.3511203628429999668, -9.066246350244998808 ) ) ;
#3264 = EDGE_LOOP ( 'NONE', ( #2312, #2372, #4780, #4564 ) ) ;
#3265 = CARTESIAN_POINT ( 'NONE',  ( -1.020354089490000060, 0.9616648490639999602, -9.563930725966999447 ) ) ;
#3266 = CARTESIAN_POINT ( 'NONE',  ( 1.370511007373000023, -0.3247501761660000485, -9.772306707047999197 ) ) ;
#3267 = CARTESIAN_POINT ( 'NONE',  ( -1.085062359162999979, 0.8897588420199999959, -9.850867768526999413 ) ) ;
#3268 = CARTESIAN_POINT ( 'NONE',  ( -1.241578122977251120, 0.6567819025891821205, -10.33491667751399845 ) ) ;
#3269 = CARTESIAN_POINT ( 'NONE',  ( -1.239477962450999948, -0.6551538803240000153, -6.257523215886999779 ) ) ;
#3270 = DIRECTION ( 'NONE',  ( 0.000000000000000000, 0.000000000000000000, 1.000000000000000000 ) ) ;
#3271 = CARTESIAN_POINT ( 'NONE',  ( -1.399999997642356941, 0.02246681660152361273, -6.297489157915955538 ) ) ;
#3272 = CARTESIAN_POINT ( 'NONE',  ( -1.387811183750351063, 0.2418928608448317752, -10.01753764253329315 ) ) ;
#3273 = VERTEX_POINT ( 'NONE', #5918 ) ;
#3274 = CARTESIAN_POINT ( 'NONE',  ( 1.075240473600000080, -0.7795309783160000450, -6.957692307691999645 ) ) ;
#3275 = CARTESIAN_POINT ( 'NONE',  ( 1.219806033033999926, -0.6976787182210000271, -11.08753775519999962 ) ) ;
#3276 = CARTESIAN_POINT ( 'NONE',  ( 3.753850618409000361, 1.173470705913999934, -6.086538461535000444 ) ) ;
#3277 = CARTESIAN_POINT ( 'NONE',  ( 0.8609171380869999890, 1.110699876096999938, -9.681279701702999674 ) ) ;
#3278 = CARTESIAN_POINT ( 'NONE',  ( 1.326851201416999970, 0.4786253024679999468, -7.518669093118999669 ) ) ;
#3279 = CARTESIAN_POINT ( 'NONE',  ( 2.562725153493999652, 0.8011194905249999776, -10.36153846151000124 ) ) ;
#3280 = CARTESIAN_POINT ( 'NONE',  ( 2.107315219974999820, -1.009060281498000089, -10.41923076924000036 ) ) ;
#3281 = DIRECTION ( 'NONE',  ( 0.000000000000000000, 0.000000000000000000, 1.000000000000000000 ) ) ;
#3282 = CARTESIAN_POINT ( 'NONE',  ( 1.399999999999999911, -0.1101302160980000000, -4.052472024424999653 ) ) ;
#3283 = CARTESIAN_POINT ( 'NONE',  ( 1.218315537944999916, 0.7003665345400000852, -9.004710377957000134 ) ) ;
#3284 = EDGE_CURVE ( 'NONE', #912, #2995, #5122, .T. ) ;
#3285 = ORIENTED_EDGE ( 'NONE', *, *, #2065, .T. ) ;
#3286 = DIRECTION ( 'NONE',  ( 1.000000000000000000, 0.000000000000000000, 0.000000000000000000 ) ) ;
#3287 = CARTESIAN_POINT ( 'NONE',  ( 1.075240473600000080, 0.7795309783160000450, -3.842307692308000178 ) ) ;
#3288 = CARTESIAN_POINT ( 'NONE',  ( -0.1961256258799999874, -1.339521859803000092, -11.65834076108000161 ) ) ;
#3289 = CARTESIAN_POINT ( 'NONE',  ( -0.1804516257639999788, -1.404665907545000092, -10.68139396315000056 ) ) ;
#3290 = CARTESIAN_POINT ( 'NONE',  ( 1.959418117454000186, 4.051127429916999922, -5.578846153857000445 ) ) ;
#3291 = ORIENTED_EDGE ( 'NONE', *, *, #3519, .T. ) ;
#3292 = CARTESIAN_POINT ( 'NONE',  ( 1.075240473600000080, -0.6141759223099999554, -11.44545454544999963 ) ) ;
#3293 = CC_DESIGN_PERSON_AND_ORGANIZATION_ASSIGNMENT ( #4001, #4893, ( #1405 ) ) ;
#3294 = ORIENTED_EDGE ( 'NONE', *, *, #1895, .T. ) ;
#3295 = CARTESIAN_POINT ( 'NONE',  ( -1.254489781218999900, 0.6308369200230000695, -9.833276769429000197 ) ) ;
#3296 = CARTESIAN_POINT ( 'NONE',  ( 0.1396615800599999846, 1.403556497569000028, -11.13670153533999851 ) ) ;
#3297 = CARTESIAN_POINT ( 'NONE',  ( -1.046469748045000037, -0.9392696738510000198, -6.237997925701999513 ) ) ;
#3298 = CARTESIAN_POINT ( 'NONE',  ( 1.277561812677999953, -0.3448866599989999782, -11.81389353846000034 ) ) ;
#3299 = DIRECTION ( 'NONE',  ( 1.000000000000000000, 0.000000000000000000, 0.000000000000000000 ) ) ;
#3300 = ORIENTED_EDGE ( 'NONE', *, *, #186, .T. ) ;
#3301 = CARTESIAN_POINT ( 'NONE',  ( 2.107315219973999731, -1.009060281500999912, -7.419230769240000356 ) ) ;
#3302 = CARTESIAN_POINT ( 'NONE',  ( -1.398897674204106156, -0.05749589739989555137, -10.29294300605951484 ) ) ;
#3303 = CARTESIAN_POINT ( 'NONE',  ( -1.075240473600000080, -0.7795309783160000450, -6.092307692308000178 ) ) ;
#3304 = CARTESIAN_POINT ( 'NONE',  ( 1.399999999999999911, 2.400307726328999650E-15, -9.753787892815999783 ) ) ;
#3305 = B_SPLINE_CURVE_WITH_KNOTS ( 'NONE', 7,
 ( #2485, #108, #4344, #4802, #3735, #2394, #2945, #82, #3337, #1963, #1935, #3788, #5197, #993, #5227, #5662, #5259, #5637, #1993, #1047, #4227, #629, #4310, #3819, #567, #1879, #1502, #2855, #4767, #5691, #594, #966, #5607, #1416, #2884, #138, #3282, #3310 ),
 .UNSPECIFIED., .F., .F.,
 ( 8, 6, 6, 6, 6, 6, 8 ),
 ( 0.4999858377376400487, 0.5007512115529999530, 0.5978807069609999303, 0.7237937785850000472, 0.8175684122090000061, 0.9123530400869999113, 1.000000000000000000 ),
 .UNSPECIFIED. ) ;
#3306 = CARTESIAN_POINT ( 'NONE',  ( 0.6780876855060000707, 2.283193464110000015, -9.559615384609001509 ) ) ;
#3307 = CARTESIAN_POINT ( 'NONE',  ( -0.6780876855060000707, 2.283193464108999926, -10.99038461538000178 ) ) ;
#3308 = CARTESIAN_POINT ( 'NONE',  ( -1.574999999999999956, 1.141848099093000002, -10.48269230768999982 ) ) ;
#3309 = CYLINDRICAL_SURFACE ( 'NONE', #5383, 1.399999999999999911 ) ;
#3310 = CARTESIAN_POINT ( 'NONE',  ( 1.399999999999999911, 3.429011037612999484E-16, -4.046212107184000040 ) ) ;
#3311 = ADVANCED_FACE ( 'NONE', ( #1022 ), #1534, .F. ) ;
#3312 = ORIENTED_EDGE ( 'NONE', *, *, #2010, .F. ) ;
#3313 = DIRECTION ( 'NONE',  ( 0.000000000000000000, 0.000000000000000000, 1.000000000000000000 ) ) ;
#3314 = CARTESIAN_POINT ( 'NONE',  ( -1.399999999999999911, 1.714505518806294391E-16, -12.40000000000000036 ) ) ;
#3315 = CARTESIAN_POINT ( 'NONE',  ( -1.187297446020000091, -0.7593152745889999444, -2.958489698980000249 ) ) ;
#3316 = CARTESIAN_POINT ( 'NONE',  ( 1.365595074930999964, -0.3505815707030000006, -10.56621537036000014 ) ) ;
#3317 = ORIENTED_EDGE ( 'NONE', *, *, #2430, .T. ) ;
#3318 = CARTESIAN_POINT ( 'NONE',  ( 1.091854542194000022, 0.1010678212190000008, -12.40000000000000036 ) ) ;
#3319 = CYLINDRICAL_SURFACE ( 'NONE', #407, 1.399999999999999911 ) ;
#3320 = DIRECTION ( 'NONE',  ( 0.000000000000000000, 0.000000000000000000, 1.000000000000000000 ) ) ;
#3321 = CARTESIAN_POINT ( 'NONE',  ( 0.1785268028060000012, 1.401658102262000050, -10.43136223172999877 ) ) ;
#3322 = CARTESIAN_POINT ( 'NONE',  ( -1.396734740349460768, -0.09994799861783798534, -6.290527514906475659 ) ) ;
#3323 = CARTESIAN_POINT ( 'NONE',  ( -0.4026034058939999549, -1.224602445081000024, -11.95668942496999954 ) ) ;
#3324 = CARTESIAN_POINT ( 'NONE',  ( -1.399999985299709371, 0.1209403161883115529, -10.01066253219840441 ) ) ;
#3325 = AXIS2_PLACEMENT_3D ( 'NONE', #3198, #5058, #880 ) ;
#3326 = EDGE_LOOP ( 'NONE', ( #3980, #3573, #291 ) ) ;
#3327 = CARTESIAN_POINT ( 'NONE',  ( 1.337679787042999724, -2.765673762760000098, -7.996153846202001425 ) ) ;
#3328 = CARTESIAN_POINT ( 'NONE',  ( -1.131835709310000215, -0.8254650170180000135, -10.24606602768000130 ) ) ;
#3329 = CARTESIAN_POINT ( 'NONE',  ( -1.114408847256999957, 2.661071112482999990, -6.951923076927999823 ) ) ;
#3330 = EDGE_CURVE ( 'NONE', #3495, #1926, #2914, .T. ) ;
#3331 = CARTESIAN_POINT ( 'NONE',  ( 1.324828675450999915, 0.4592259714299999906, -9.727237570140999878 ) ) ;
#3332 = AXIS2_PLACEMENT_3D ( 'NONE', #412, #3580, #2271 ) ;
#3333 = CARTESIAN_POINT ( 'NONE',  ( -0.8349314787819999140, -1.147293401453999939, -8.721257944167000176 ) ) ;
#3334 = CARTESIAN_POINT ( 'NONE',  ( 1.400000000001000000, 0.1214972623730000006, -3.539305880601999910 ) ) ;
#3335 = CARTESIAN_POINT ( 'NONE',  ( 0.7607984106070000418, -1.816692929060999884, -10.47692307690999947 ) ) ;
#3336 = CARTESIAN_POINT ( 'NONE',  ( 0.6032831737349999557, -0.6032831737349999557, -2.030303992914999967 ) ) ;
#3337 = CARTESIAN_POINT ( 'NONE',  ( -1.386397282196000003, -0.2507791448789999933, -4.281953840371000020 ) ) ;
#3338 = CARTESIAN_POINT ( 'NONE',  ( 1.362978715417999975, 0.3635600799259999794, -9.025461136762000791 ) ) ;
#3339 = DIRECTION ( 'NONE',  ( 0.2133083745830045286, 0.9769849217530210961, 0.000000000000000000 ) ) ;
#3340 = ORIENTED_EDGE ( 'NONE', *, *, #1721, .T. ) ;
#3341 = CARTESIAN_POINT ( 'NONE',  ( -1.370459492458092621, -0.1482065089768542232, -11.50515628500573406 ) ) ;
#3342 = CARTESIAN_POINT ( 'NONE',  ( 2.562725153493999652, 0.8011194905299999780, -2.861538461525000354 ) ) ;
#3343 = CARTESIAN_POINT ( 'NONE',  ( -0.3380010882085329182, -1.358960320495891327, -11.39818650256788146 ) ) ;
#3344 = CARTESIAN_POINT ( 'NONE',  ( -0.9909235509349999527, -0.9941653030720000173, -9.733579959345998844 ) ) ;
#3345 = VERTEX_POINT ( 'NONE', #1472 ) ;
#3346 = FACE_OUTER_BOUND ( 'NONE', #5346, .T. ) ;
#3347 = CARTESIAN_POINT ( 'NONE',  ( 1.276017446458999949, 0.000000000000000000, -11.99039311210000136 ) ) ;
#3348 = CARTESIAN_POINT ( 'NONE',  ( 1.219947095054999986, -0.6974236452419999566, -3.587521271152000146 ) ) ;
#3349 = CARTESIAN_POINT ( 'NONE',  ( 2.799999999999999822, 0.000000000000000000, -2.399999999999999911 ) ) ;
#3350 = CARTESIAN_POINT ( 'NONE',  ( -0.7860894507779998541, 1.166452522398000013, -10.37404639164999942 ) ) ;
#3351 = CARTESIAN_POINT ( 'NONE',  ( 0.8982735006809998701, -1.092986306697000032, -6.116486761088000712 ) ) ;
#3352 = EDGE_CURVE ( 'NONE', #2653, #59, #5555, .T. ) ;
#3353 = CARTESIAN_POINT ( 'NONE',  ( -1.260296468257189106, -0.02262903195571479634, -12.06525490616052210 ) ) ;
#3354 = CARTESIAN_POINT ( 'NONE',  ( 0.9717206892199999890, 1.010148098316999921, -10.18974751919999910 ) ) ;
#3355 = ORIENTED_EDGE ( 'NONE', *, *, #1617, .F. ) ;
#3356 = CARTESIAN_POINT ( 'NONE',  ( 1.337679787046999857, 2.765673762765000099, -7.303846153860000356 ) ) ;
#3357 = CARTESIAN_POINT ( 'NONE',  ( -0.6588038527759999541, -1.245697560058000031, -10.20991949464000115 ) ) ;
#3358 = CARTESIAN_POINT ( 'NONE',  ( -1.337679787043999813, -2.765673762771000188, -6.553846153821999643 ) ) ;
#3359 = CARTESIAN_POINT ( 'NONE',  ( -1.203263586336895230, -0.7267836326884360432, -8.252991290170506034 ) ) ;
#3360 = B_SPLINE_CURVE_WITH_KNOTS ( 'NONE', 7,
 ( #5520, #1675, #1308, #3144, #3570, #398, #3594, #369, #3622, #3540, #2169, #2197, #1707, #5489, #2255, #1735, #5437, #4084, #855, #3991, #1222, #2226, #2714, #4514, #1251, #3201, #4055, #4112, #4454, #4024, #3117, #739, #823, #5923, #3651, #1795, #1334, #5861 ),
 .UNSPECIFIED., .F., .F.,
 ( 8, 6, 6, 6, 6, 6, 8 ),
 ( 0.4999992611522622865, 0.5058498885269999690, 0.5976471068110000839, 0.7234458070700000576, 0.8254871876070000170, 0.9138948545260000556, 1.000000000000000000 ),
 .UNSPECIFIED. ) ;
#3361 = CARTESIAN_POINT ( 'NONE',  ( -0.3909103451370000148, -1.354050601638999929, -8.693620682983999259 ) ) ;
#3362 = CARTESIAN_POINT ( 'NONE',  ( -0.4663904960419999468, 1.325091566500000040, -3.394294661142000180 ) ) ;
#3363 = CARTESIAN_POINT ( 'NONE',  ( 1.574999999999999956, 1.141848099093000002, -11.11730769230000071 ) ) ;
#3364 = CARTESIAN_POINT ( 'NONE',  ( -1.056813961584000205, -0.9261188819290000485, -6.446509621988999683 ) ) ;
#3365 = B_SPLINE_CURVE_WITH_KNOTS ( 'NONE', 7,
 ( #684, #5317, #1199, #231, #3872, #1624, #2999, #2082, #5251, #589, #3063, #1106, #716, #4305, #2018, #2445, #133, #1988, #1072, #3840, #2938, #1558, #4796, #622, #2478, #2970, #4338, #4401, #4857, #163, #3421, #5808, #4368, #196, #2046, #1136, #5774, #1590 ),
 .UNSPECIFIED., .F., .F.,
 ( 8, 6, 6, 6, 6, 6, 8 ),
 ( 0.4999989779862872297, 0.5618747524430000029, 0.6599554306770000212, 0.7641731147489999598, 0.8652794859749999290, 0.9118341228449999836, 1.000000000000000000 ),
 .UNSPECIFIED. ) ;
#3366 = CARTESIAN_POINT ( 'NONE',  ( 0.6830690509800000365, -1.227790390050000013, -5.630792327255000451 ) ) ;
#3367 = CARTESIAN_POINT ( 'NONE',  ( -2.562725153494999741, 0.8011194905310000669, -7.188461538466999201 ) ) ;
#3368 = CARTESIAN_POINT ( 'NONE',  ( -0.3083731234930000564, -1.369413329986000072, -10.89640722332000067 ) ) ;
#3369 = ORIENTED_EDGE ( 'NONE', *, *, #5415, .F. ) ;
#3370 = CARTESIAN_POINT ( 'NONE',  ( -0.6191618127678499839, -1.263429837260543920, -11.41662799046626731 ) ) ;
#3371 = CARTESIAN_POINT ( 'NONE',  ( 0.7607984106070000418, -1.816692929058999928, -2.976923076918000177 ) ) ;
#3372 = CARTESIAN_POINT ( 'NONE',  ( -0.2129178189590384129, -1.384327671496310641, -11.39093253103716918 ) ) ;
#3373 = CARTESIAN_POINT ( 'NONE',  ( -1.399999529994070846, 0.001300767427464866654, -8.003862120250142098 ) ) ;
#3374 = CARTESIAN_POINT ( 'NONE',  ( -0.6047523374150000075, 1.264467988823000155, -4.093283986520999562 ) ) ;
#3375 = ORIENTED_EDGE ( 'NONE', *, *, #4443, .T. ) ;
#3376 = CARTESIAN_POINT ( 'NONE',  ( 1.574999999999999956, 5.405871572061000221E-15, -11.62500000000000000 ) ) ;
#3377 = CARTESIAN_POINT ( 'NONE',  ( 1.075240473600000080, -0.7795309783160000450, -3.957692307692000089 ) ) ;
#3378 = CARTESIAN_POINT ( 'NONE',  ( 0.6030653671369999858, -1.290731414181999881, -3.636406285506000202 ) ) ;
#3379 = CARTESIAN_POINT ( 'NONE',  ( 2.107315219971999554, 1.009060281501999778, -4.880769230779000267 ) ) ;
#3380 = CARTESIAN_POINT ( 'NONE',  ( 2.562725153496999919, -0.8011194905359999563, -6.438461538434999909 ) ) ;
#3381 = CARTESIAN_POINT ( 'NONE',  ( 3.086771334363999753, -1.478060008326000041, -2.694230769238000089 ) ) ;
#3382 = CARTESIAN_POINT ( 'NONE',  ( 0.8623124296309999659, -0.9866582576669999938, -11.86564694640000006 ) ) ;
#3383 = FACE_OUTER_BOUND ( 'NONE', #5088, .T. ) ;
#3384 = VERTEX_POINT ( 'NONE', #5228 ) ;
#3385 = CARTESIAN_POINT ( 'NONE',  ( 1.060990414961999972, -0.9340668157770000146, -3.103726473448000345 ) ) ;
#3386 = CARTESIAN_POINT ( 'NONE',  ( -0.4206408430269999998, -1.439812932702999815, -0.2303039929150000054 ) ) ;
#3387 = CARTESIAN_POINT ( 'NONE',  ( 1.361993783016000048, 0.3683235272440000263, -3.025186940266999969 ) ) ;
#3388 = CARTESIAN_POINT ( 'NONE',  ( 0.07505677319976000739, 1.405783499465000030, -10.63299928916999981 ) ) ;
#3389 = CARTESIAN_POINT ( 'NONE',  ( 0.9065773509522307982, -0.5370639450421339500, -0.7414415395836430056 ) ) ;
#3390 = B_SPLINE_CURVE_WITH_KNOTS ( 'NONE', 7,
 ( #4179, #2349, #4210, #5619, #1427, #1125, #92, #120, #5675, #1546, #151, #2432, #3445, #2005, #4749, #1003, #5209, #2465, #5646, #1976, #3892, #3773, #3409, #5182, #5239, #2865, #2925, #4721, #1095, #2958, #5272, #4846, #5762, #1579, #3829, #2035, #672, #2527, #1031, #577, #4816, #550, #644, #2988 ),
 .UNSPECIFIED., .F., .F.,
 ( 8, 6, 6, 6, 6, 6, 6, 8 ),
 ( 0.000000000000000000, 0.09538390640145999466, 0.1403759850250000107, 0.2243770747880000083, 0.3452864865420000040, 0.4139332684990000288, 0.4982094024240000252, 0.4999989779862872297 ),
 .UNSPECIFIED. ) ;
#3391 = CARTESIAN_POINT ( 'NONE',  ( -1.399999999856372579, -0.001372645832608486308, -8.796133794140544637 ) ) ;
#3392 = CARTESIAN_POINT ( 'NONE',  ( -1.399999997840383426, 1.074715403476256270E-14, -3.296212107668686997 ) ) ;
#3393 = CARTESIAN_POINT ( 'NONE',  ( 2.562725153500000186, -0.8011194905319999338, -10.93846153840000035 ) ) ;
#3394 = DIRECTION ( 'NONE',  ( 0.000000000000000000, 0.000000000000000000, 1.000000000000000000 ) ) ;
#3395 = CARTESIAN_POINT ( 'NONE',  ( -1.286418964367999740, -0.5540011825259999467, -10.47142487506999942 ) ) ;
#3396 = CARTESIAN_POINT ( 'NONE',  ( 1.399999999999999911, -3.429011037612999484E-16, -3.046211797360000251 ) ) ;
#3397 = DIRECTION ( 'NONE',  ( 1.000000000000000000, 0.000000000000000000, 0.000000000000000000 ) ) ;
#3398 = CARTESIAN_POINT ( 'NONE',  ( 0.000000000000000000, 0.000000000000000000, -12.40000000000000036 ) ) ;
#3399 = CARTESIAN_POINT ( 'NONE',  ( -2.107315219971999554, 1.009060281498000089, -6.669230769221000443 ) ) ;
#3400 = VERTEX_POINT ( 'NONE', #4228 ) ;
#3401 = CARTESIAN_POINT ( 'NONE',  ( 1.075240473600000080, 5.506858014691999587E-15, -12.40000000000000036 ) ) ;
#3402 = CARTESIAN_POINT ( 'NONE',  ( -1.399999529846085222, 0.001300971933759199894, -8.296285745544059509 ) ) ;
#3403 = CARTESIAN_POINT ( 'NONE',  ( 0.1531733132530000152, 0.7015571599400000080, -5.000000000000000000 ) ) ;
#3404 = CARTESIAN_POINT ( 'NONE',  ( -1.399999999983711829, 0.0004335896220345884008, -8.003812829640201798 ) ) ;
#3405 = LINE ( 'NONE', #925, #1289 ) ;
#3406 = ADVANCED_FACE ( 'NONE', ( #5663 ), #4138, .F. ) ;
#3407 = EDGE_LOOP ( 'NONE', ( #4747, #2894, #2385, #5033 ) ) ;
#3408 = CARTESIAN_POINT ( 'NONE',  ( 0.9478688382950001268, 0.7194752708670000274, -12.40000000000000036 ) ) ;
#3409 = CARTESIAN_POINT ( 'NONE',  ( -0.3823464754679999911, 1.364055127949000079, -7.607054365904999393 ) ) ;
#3410 = CARTESIAN_POINT ( 'NONE',  ( 1.221557340072999986, 0.6945030919430000838, -11.00508950696000099 ) ) ;
#3411 = CARTESIAN_POINT ( 'NONE',  ( -0.7607984106070000418, -1.816692929058000061, -4.073076923073999822 ) ) ;
#3412 = CARTESIAN_POINT ( 'NONE',  ( 0.1156616899440000013, 1.398749417918000004, -7.135352470581000084 ) ) ;
#3413 = CARTESIAN_POINT ( 'NONE',  ( 2.562725153493999652, 0.8011194905299999780, -2.861538461525000354 ) ) ;
#3414 = CARTESIAN_POINT ( 'NONE',  ( 0.2344825666390000229, -1.278000081024999846, -11.91282534429999984 ) ) ;
#3415 = CARTESIAN_POINT ( 'NONE',  ( 1.337679787049000035, 2.765673762765000099, -8.803846153877000091 ) ) ;
#3416 = ORIENTED_EDGE ( 'NONE', *, *, #4745, .F. ) ;
#3417 = CARTESIAN_POINT ( 'NONE',  ( -0.6032831737349999557, 0.6032831737349999557, -0.4196563988270000101 ) ) ;
#3418 = CIRCLE ( 'NONE', #5269, 4.948166881526999461 ) ;
#3419 = CARTESIAN_POINT ( 'NONE',  ( -1.040256624928000084, 0.9562573875709999838, -2.855431580510000344 ) ) ;
#3420 = CARTESIAN_POINT ( 'NONE',  ( 0.5780193429050000109, 1.285862185038999961, -10.66240420737000072 ) ) ;
#3421 = CARTESIAN_POINT ( 'NONE',  ( 1.159855372643000093, -0.7862300720809999310, -7.301196258201000155 ) ) ;
#3422 = ADVANCED_FACE ( 'NONE', ( #1113 ), #4471, .T. ) ;
#3423 = CARTESIAN_POINT ( 'NONE',  ( -1.399160373545000002, -0.1271426630039999839, -8.788984827407000822 ) ) ;
#3424 = AXIS2_PLACEMENT_3D ( 'NONE', #2135, #4136, #482 ) ;
#3425 = CALENDAR_DATE ( 2026, 14, 9 ) ;
#3426 = CARTESIAN_POINT ( 'NONE',  ( 0.7709096424499999323, 1.197807551566999917, -4.466695479957000003 ) ) ;
#3427 = CARTESIAN_POINT ( 'NONE',  ( 1.273861334136999979, 0.6024266258299999510, -6.011076703199000448 ) ) ;
#3428 = CARTESIAN_POINT ( 'NONE',  ( 1.399999999999999911, 0.000000000000000000, -12.40000000000000036 ) ) ;
#3429 = CARTESIAN_POINT ( 'NONE',  ( 1.033655264877000102, -0.9479106697159999095, -10.31284498513000081 ) ) ;
#3430 = CIRCLE ( 'NONE', #5972, 1.399999999999999911 ) ;
#3431 = CARTESIAN_POINT ( 'NONE',  ( -0.7607984106090001086, 1.816692929058999928, -5.226923076926000000 ) ) ;
#3432 = CARTESIAN_POINT ( 'NONE',  ( -1.075240473600000080, -0.7795309783160000450, -7.592307692308000178 ) ) ;
#3433 = EDGE_CURVE ( 'NONE', #89, #3654, #1336, .T. ) ;
#3434 = CARTESIAN_POINT ( 'NONE',  ( 0.4206408430269999998, -1.439812932702999815, -0.2303039929150000054 ) ) ;
#3435 = EDGE_CURVE ( 'NONE', #4334, #1968, #206, .T. ) ;
#3436 = CARTESIAN_POINT ( 'NONE',  ( 1.337679787047999946, 2.765673762767000277, -5.803846153861999646 ) ) ;
#3437 = ORIENTED_EDGE ( 'NONE', *, *, #1335, .T. ) ;
#3438 = CARTESIAN_POINT ( 'NONE',  ( 0.7847580392470000499, -1.163353273417000011, -7.831563886337999492 ) ) ;
#3439 = CARTESIAN_POINT ( 'NONE',  ( -1.163929094753000104, 0.7808789872380000885, -8.343238342547000030 ) ) ;
#3440 = CARTESIAN_POINT ( 'NONE',  ( 0.9170346598860000809, -1.084804112630999962, -9.615426724351001653 ) ) ;
#3441 = CARTESIAN_POINT ( 'NONE',  ( 0.1396620430200000151, 1.403556441792999987, -5.136701561615999445 ) ) ;
#3442 = ORIENTED_EDGE ( 'NONE', *, *, #1535, .T. ) ;
#3443 = EDGE_CURVE ( 'NONE', #857, #3212, #3970, .T. ) ;
#3444 = FACE_OUTER_BOUND ( 'NONE', #5440, .T. ) ;
#3445 = CARTESIAN_POINT ( 'NONE',  ( 0.9335033245889999831, 1.044876973944999898, -7.686814996783999376 ) ) ;
#3446 = CARTESIAN_POINT ( 'NONE',  ( 0.9172739698490000038, -1.084601767664000072, -3.615409166767999949 ) ) ;
#3447 = CARTESIAN_POINT ( 'NONE',  ( 0.1193395413930000010, 1.400062553483000016, -4.927964363844999696 ) ) ;
#3448 = CARTESIAN_POINT ( 'NONE',  ( 1.075240473600000080, 0.7795309783169999118, -6.842307692307999289 ) ) ;
#3449 = CARTESIAN_POINT ( 'NONE',  ( 0.5320714171289999683, 1.311796040192999779, -3.159490635042999873 ) ) ;
#3450 = B_SPLINE_CURVE_WITH_KNOTS ( 'NONE', 13,
 ( #2098, #277, #5852, #1666, #5397, #1213, #3078, #2801, #1848, #4654, #4999, #5455, #3707, #2736, #2311, #1389, #4563, #5575, #3166, #5025, #3256, #483, #5116, #4079, #6035, #6005 ),
 .UNSPECIFIED., .F., .F.,
 ( 14, 12, 14 ),
 ( 0.000000000000000000, 9.454572418137001222, 18.90914483627499720 ),
 .UNSPECIFIED. ) ;
#3451 = CARTESIAN_POINT ( 'NONE',  ( 1.399999999999999911, -3.429011037612999484E-16, -8.753788184290998586 ) ) ;
#3452 = CARTESIAN_POINT ( 'NONE',  ( -2.562725153500999831, -0.8011194905310000669, -9.611538461575998227 ) ) ;
#3453 = ORIENTED_EDGE ( 'NONE', *, *, #4251, .F. ) ;
#3454 = CARTESIAN_POINT ( 'NONE',  ( -0.6418040428379999662, -1.249350887242999919, -3.208960033998999872 ) ) ;
#3455 = CARTESIAN_POINT ( 'NONE',  ( 0.4607679418939999438, -1.327084779171999962, -10.14463274696999839 ) ) ;
#3456 = CARTESIAN_POINT ( 'NONE',  ( -0.3825000633979999676, 1.370401615313000088, -8.607053522432000392 ) ) ;
#3457 = CARTESIAN_POINT ( 'NONE',  ( -0.1531733132530000152, 0.7015571599400000080, -5.000000000000000000 ) ) ;
#3458 = VECTOR ( 'NONE', #1844, 1000.000000000000000 ) ;
#3459 = CARTESIAN_POINT ( 'NONE',  ( -1.399998429810282108, -0.002745250750386107278, -8.796055774929909532 ) ) ;
#3460 = DIRECTION ( 'NONE',  ( 0.000000000000000000, 0.000000000000000000, 1.000000000000000000 ) ) ;
#3461 = CARTESIAN_POINT ( 'NONE',  ( -1.342062320975000000, 0.4168296139329999983, -3.320181112031000303 ) ) ;
#3462 = CARTESIAN_POINT ( 'NONE',  ( 1.387265147192999981, 0.2472571192759999703, -6.032157460916999447 ) ) ;
#3463 = CARTESIAN_POINT ( 'NONE',  ( 1.342415770624999949, 0.4256467916760000025, -7.021784472045999870 ) ) ;
#3464 = CARTESIAN_POINT ( 'NONE',  ( 1.075240473600000080, 7.900738825847999130E-16, -3.899999999999999911 ) ) ;
#3465 = LINE ( 'NONE', #5781, #2163 ) ;
#3466 = CARTESIAN_POINT ( 'NONE',  ( 1.276017446458999949, 0.000000000000000000, -11.99039311210000136 ) ) ;
#3467 = CARTESIAN_POINT ( 'NONE',  ( 1.114408847256999957, 2.661071112480000167, -6.098076923069999822 ) ) ;
#3468 = ORIENTED_EDGE ( 'NONE', *, *, #2461, .F. ) ;
#3469 = CARTESIAN_POINT ( 'NONE',  ( -1.056878020909999938, -0.9260457773709999119, -9.446515126695000930 ) ) ;
#3470 = CARTESIAN_POINT ( 'NONE',  ( 0.2958965922559999573, 1.376547930147000054, -8.438066182084000388 ) ) ;
#3471 = CARTESIAN_POINT ( 'NONE',  ( -0.8388108770050000107, 1.130082023769000132, -6.077964634181999948 ) ) ;
#3472 = CARTESIAN_POINT ( 'NONE',  ( 1.249075832239000095, 0.6439271910960000511, -5.215890575871999779 ) ) ;
#3473 = EDGE_LOOP ( 'NONE', ( #5133, #3317, #5952, #1348 ) ) ;
#3474 = CARTESIAN_POINT ( 'NONE',  ( -1.399712201024837732, -0.02878850351233505286, -5.502151740652159617 ) ) ;
#3475 = CARTESIAN_POINT ( 'NONE',  ( 3.086771334364999841, 1.478060008327999997, -5.105769230782001067 ) ) ;
#3476 = CARTESIAN_POINT ( 'NONE',  ( -1.203214194883047039, -0.7268682292676861278, -3.752985752759321780 ) ) ;
#3477 = CARTESIAN_POINT ( 'NONE',  ( -0.2421759206530000041, 1.389404685533999873, -4.907486971441000101 ) ) ;
#3478 = CARTESIAN_POINT ( 'NONE',  ( 0.7613108606849999793, 1.190157487999000008, -7.174083381144999549 ) ) ;
#3479 = CARTESIAN_POINT ( 'NONE',  ( -1.395550890844955649, 0.1154470973848075316, -3.010355738402429537 ) ) ;
#3480 = CARTESIAN_POINT ( 'NONE',  ( 0.2723009166779999379, 1.386122913495000164, -3.644232782215000022 ) ) ;
#3481 = CARTESIAN_POINT ( 'NONE',  ( 1.075240473600000080, 0.7795309783160000450, -9.842307692308999378 ) ) ;
#3482 = ORIENTED_EDGE ( 'NONE', *, *, #5406, .F. ) ;
#3483 = CARTESIAN_POINT ( 'NONE',  ( 1.331943174511000194, -0.4620160899030000268, -7.572774880443999379 ) ) ;
#3484 = CARTESIAN_POINT ( 'NONE',  ( -1.362755937947000007, 0.3641018893749999874, -2.816994516529999881 ) ) ;
#3485 = CARTESIAN_POINT ( 'NONE',  ( 1.350318278842000064, 0.4145080556680000305, -10.73008735512000023 ) ) ;
#3486 = FACE_OUTER_BOUND ( 'NONE', #4634, .T. ) ;
#3487 = LINE ( 'NONE', #1169, #824 ) ;
#3488 = CARTESIAN_POINT ( 'NONE',  ( -1.296267088787825594, 0.5483754377278097225, -5.828045061739985044 ) ) ;
#3489 = CARTESIAN_POINT ( 'NONE',  ( -0.5750335636589999355, -0.7326707007989998743, -0.08751284532406000682 ) ) ;
#3490 = CARTESIAN_POINT ( 'NONE',  ( 1.399999999999999911, -0.1291766198909999885, -10.26113061600999998 ) ) ;
#3491 = CARTESIAN_POINT ( 'NONE',  ( 3.753850618405000006, -1.173470705915000023, -4.713461538430999909 ) ) ;
#3492 = CARTESIAN_POINT ( 'NONE',  ( 2.107315219973999731, -1.009060281500999912, -7.419230769240000356 ) ) ;
#3493 = CARTESIAN_POINT ( 'NONE',  ( 1.959418117458000097, -4.051127429915999834, -9.271153846224001072 ) ) ;
#3494 = CARTESIAN_POINT ( 'NONE',  ( 2.107315219973999731, -1.009060281500000045, -5.919230769240000356 ) ) ;
#3495 = VERTEX_POINT ( 'NONE', #5837 ) ;
#3496 = CARTESIAN_POINT ( 'NONE',  ( 0.2194160398099999909, -1.385476791749000069, -9.366284258181000411 ) ) ;
#3497 = CARTESIAN_POINT ( 'NONE',  ( -0.2307197860870000006, -1.385370594734999905, -4.891916433597000236 ) ) ;
#3498 = CARTESIAN_POINT ( 'NONE',  ( -1.399934199780496602, 0.01376591104203822406, -6.004570371599371015 ) ) ;
#3499 = CARTESIAN_POINT ( 'NONE',  ( -1.399999999999999911, 1.714505518806294391E-16, -2.399999999999999911 ) ) ;
#3500 = EDGE_CURVE ( 'NONE', #5926, #1505, #4113, .T. ) ;
#3501 = EDGE_LOOP ( 'NONE', ( #2327, #1029, #5666 ) ) ;
#3502 = CARTESIAN_POINT ( 'NONE',  ( -1.073482535701000051, -0.9137020278339998969, -5.447630668908000295 ) ) ;
#3503 = CARTESIAN_POINT ( 'NONE',  ( 0.4629252851460000096, 1.558718743917000049, -5.284615384613999822 ) ) ;
#3504 = CARTESIAN_POINT ( 'NONE',  ( -1.171116282215499238, -0.6583199397131404007, -11.72476708553836566 ) ) ;
#3505 = CARTESIAN_POINT ( 'NONE',  ( -0.2910662015630000043, 1.380636786161000051, -3.904656010449000014 ) ) ;
#3506 = CARTESIAN_POINT ( 'NONE',  ( -1.399999999977067811, 3.363047355623540520E-10, -11.00378818430995231 ) ) ;
#3507 = CARTESIAN_POINT ( 'NONE',  ( -1.041409867018000091, -0.9384605911950001378, -5.737846171362999570 ) ) ;
#3508 = CARTESIAN_POINT ( 'NONE',  ( -1.399999999978539078, 3.136888428976448929E-10, -3.503788184315598464 ) ) ;
#3509 = EDGE_CURVE ( 'NONE', #1452, #1011, #2509, .T. ) ;
#3510 = CARTESIAN_POINT ( 'NONE',  ( 0.6780876855050000929, -2.283193464108999926, -8.740384615388000711 ) ) ;
#3511 = ORIENTED_EDGE ( 'NONE', *, *, #732, .F. ) ;
#3512 = CARTESIAN_POINT ( 'NONE',  ( -1.252760453323000123, -0.6377546672859999433, -3.258721946902999989 ) ) ;
#3513 = DIRECTION ( 'NONE',  ( 0.000000000000000000, 0.000000000000000000, 1.000000000000000000 ) ) ;
#3514 = CARTESIAN_POINT ( 'NONE',  ( -0.2229094082510000019, 1.396488210787000028, -10.61619099350999917 ) ) ;
#3515 = DIRECTION ( 'NONE',  ( -0.9118476033093435573, -6.700147492220517505E-16, 0.4105288641971548413 ) ) ;
#3516 = B_SPLINE_CURVE_WITH_KNOTS ( 'NONE', 7,
 ( #2670, #2728, #1901, #2905, #502, #2362, #587, #2443, #5596, #5629, #5136, #1013, #5655, #3838, #1409, #4729, #2330, #475, #4672, #1928, #5106, #1462, #4303, #3246, #4190, #3275, #2876, #5164, #131, #1986, #5712, #1040 ),
 .UNSPECIFIED., .F., .F.,
 ( 8, 6, 6, 6, 6, 8 ),
 ( 0.5000153017753073970, 0.6008483959439999689, 0.6578516404409999740, 0.7565931502650000695, 0.9035688582540000180, 1.000000000000000000 ),
 .UNSPECIFIED. ) ;
#3517 = CARTESIAN_POINT ( 'NONE',  ( -0.6820451138659999746, 1.228556668791999762, -3.380863264557000036 ) ) ;
#3518 = CARTESIAN_POINT ( 'NONE',  ( 0.2430991988760000111, 1.390653045767999973, -5.935043145948000642 ) ) ;
#3519 = EDGE_CURVE ( 'NONE', #3345, #4218, #3365, .T. ) ;
#3520 = CARTESIAN_POINT ( 'NONE',  ( 0.7274326719210000292, -1.200032387351999796, -6.335420883362000488 ) ) ;
#3521 = CARTESIAN_POINT ( 'NONE',  ( 1.224993084460999970, -0.6962032637049999639, -11.29492005489000128 ) ) ;
#3522 = DIRECTION ( 'NONE',  ( -0.2133083745830045286, 0.9769849217530210961, 0.000000000000000000 ) ) ;
#3523 = CARTESIAN_POINT ( 'NONE',  ( -2.107315219971999554, 1.009060281500999912, -5.169230769224999911 ) ) ;
#3524 = CARTESIAN_POINT ( 'NONE',  ( 1.959418117455000274, -4.051127429915999834, -8.221153846200000004 ) ) ;
#3525 = B_SPLINE_CURVE_WITH_KNOTS ( 'NONE', 7,
 ( #390, #4623, #5514, #1270, #874, #2247, #1328, #4966, #4014, #452, #2218, #6002, #1698, #3136, #1817, #5083, #3674, #791, #2767, #5888, #3562, #2649, #5428, #1358, #4048, #908, #4104, #4077, #5971, #1787, #5917, #5023, #1728, #4996, #5943, #5482, #3194, #1299 ),
 .UNSPECIFIED., .F., .F.,
 ( 8, 6, 6, 6, 6, 6, 8 ),
 ( 0.5000051232891948860, 0.6008627197610000303, 0.6968632829490000180, 0.7596178420900000505, 0.8136204611879999105, 0.8676228983479999934, 1.000000000000000000 ),
 .UNSPECIFIED. ) ;
#3526 = AXIS2_PLACEMENT_3D ( 'NONE', #119, #1512, #1426 ) ;
#3527 = CARTESIAN_POINT ( 'NONE',  ( 0.4629252851460000096, -1.558718743917000049, -8.515384615383998934 ) ) ;
#3528 = ORIENTED_EDGE ( 'NONE', *, *, #877, .F. ) ;
#3529 = CARTESIAN_POINT ( 'NONE',  ( 0.4819648573170000061, -1.316174225374000084, -9.350856471579000129 ) ) ;
#3530 = CARTESIAN_POINT ( 'NONE',  ( -1.389777016949000021, 0.2193630708270000174, -8.308681705119001393 ) ) ;
#3531 = AXIS2_PLACEMENT_3D ( 'NONE', #5430, #2524, #339 ) ;
#3532 = CARTESIAN_POINT ( 'NONE',  ( -0.3141115179280000169, -1.375652680628000057, -9.689085442285000127 ) ) ;
#3533 = CARTESIAN_POINT ( 'NONE',  ( -1.337679787049000035, 2.765673762762999921, -8.746153846127999287 ) ) ;
#3534 = CIRCLE ( 'NONE', #4603, 4.948166881526999461 ) ;
#3535 = ORIENTED_EDGE ( 'NONE', *, *, #5783, .F. ) ;
#3536 = CARTESIAN_POINT ( 'NONE',  ( 1.399999999999999911, 0.000000000000000000, -11.40000000000000036 ) ) ;
#3537 = CARTESIAN_POINT ( 'NONE',  ( 1.075240473600000080, 2.501955406458999992E-15, -5.400000000000000355 ) ) ;
#3538 = CARTESIAN_POINT ( 'NONE',  ( 0.3919869163820000058, 1.353486119033000090, -10.94368634976000010 ) ) ;
#3539 = CARTESIAN_POINT ( 'NONE',  ( -1.370049684265000067, 0.3264025896759999990, -3.814828125900000089 ) ) ;
#3540 = CARTESIAN_POINT ( 'NONE',  ( -1.353136969314999938, -0.3947821427140000283, -3.981192670678999956 ) ) ;
#3541 = CARTESIAN_POINT ( 'NONE',  ( -1.399998481053039256, 0.002134674284347355157, -3.503909519764779379 ) ) ;
#3542 = CARTESIAN_POINT ( 'NONE',  ( -1.026647369640000029, -1.378536982479000139, -11.58181818182000100 ) ) ;
#3543 = ORIENTED_EDGE ( 'NONE', *, *, #460, .F. ) ;
#3544 = CARTESIAN_POINT ( 'NONE',  ( -0.6213053606910000637, 1.267712454154000135, -6.592531867547999802 ) ) ;
#3545 = CARTESIAN_POINT ( 'NONE',  ( 0.9695019186059999905, -1.011648045737999935, -8.817979048290998989 ) ) ;
#3546 = CARTESIAN_POINT ( 'NONE',  ( 0.5956290489250000153, 1.271364537592999833, -5.456064081711000213 ) ) ;
#3547 = CARTESIAN_POINT ( 'NONE',  ( 0.9350669261859999581, 1.043259478371000082, -4.186942450986999908 ) ) ;
#3548 = ADVANCED_FACE ( 'NONE', ( #3486 ), #5087, .F. ) ;
#3549 = CALENDAR_DATE ( 2026, 14, 9 ) ;
#3550 = CARTESIAN_POINT ( 'NONE',  ( 0.6894253614759999760, 1.228337926031999983, -11.80909090908000003 ) ) ;
#3551 = CARTESIAN_POINT ( 'NONE',  ( -0.08586564411325998958, 1.405136802486000036, -5.916326538556999637 ) ) ;
#3552 = CARTESIAN_POINT ( 'NONE',  ( 0.5526729293659999875, -1.300303552044000055, -4.639241026976999471 ) ) ;
#3553 = CARTESIAN_POINT ( 'NONE',  ( 0.2387980356459999953, -1.381010515390999949, -11.36516519689999960 ) ) ;
#3554 = CARTESIAN_POINT ( 'NONE',  ( 1.190000000000000169, 0.000000000000000000, -12.40000000000000036 ) ) ;
#3555 = VECTOR ( 'NONE', #5004, 1000.000000000000000 ) ;
#3556 = B_SPLINE_SURFACE_WITH_KNOTS ( 'NONE', 11, 1, ( 
 ( #1679, #4947 ),
 ( #879, #1883 ),
 ( #4917, #742 ),
 ( #290, #2139 ),
 ( #3542, #772 ),
 ( #4485, #1710 ),
 ( #3572, #5057 ),
 ( #5089, #913 ),
 ( #2772, #456 ),
 ( #5232, #4231 ),
 ( #4807, #2397 ),
 ( #4774, #2858 ),
 ( #2890, #2425 ),
 ( #2490, #85 ),
 ( #5667, #5640 ),
 ( #4715, #5723 ),
 ( #3766, #635 ),
 ( #1969, #3823 ),
 ( #2029, #1937 ),
 ( #3792, #600 ),
 ( #515, #1447 ),
 ( #3401, #1025 ) ),
 .UNSPECIFIED., .F., .F., .F.,
 ( 12, 10, 12 ),
 ( 2, 2 ),
 ( 0.000000000000000000, 6.303048278757999334, 12.60609655751700053 ),
 ( 0.000000000000000000, 1.000000000000000000 ),
 .UNSPECIFIED. ) ;
#3557 = CARTESIAN_POINT ( 'NONE',  ( 1.075240473600000080, 3.552713678800999489E-15, -3.899999999999999911 ) ) ;
#3558 = CARTESIAN_POINT ( 'NONE',  ( 2.562725153499000097, -0.8011194905340000005, -7.938461538420000352 ) ) ;
#3559 = CARTESIAN_POINT ( 'NONE',  ( -1.574999999999999956, -1.141848099093000002, -8.867307692308999734 ) ) ;
#3560 = ORIENTED_EDGE ( 'NONE', *, *, #3796, .F. ) ;
#3561 = CARTESIAN_POINT ( 'NONE',  ( 0.8926460257480000049, -1.080642285399000091, -7.823849974039998934 ) ) ;
#3562 = CARTESIAN_POINT ( 'NONE',  ( 0.2197137881840000029, -1.385429604941000203, -3.366267156756999945 ) ) ;
#3563 = CARTESIAN_POINT ( 'NONE',  ( -0.03524234977364000543, 1.409242174574999895, -6.126776229476000424 ) ) ;
#3564 = CARTESIAN_POINT ( 'NONE',  ( 0.2723006578569999725, 1.386122972239000051, -5.144232767276999851 ) ) ;
#3565 = ORIENTED_EDGE ( 'NONE', *, *, #4781, .T. ) ;
#3566 = CARTESIAN_POINT ( 'NONE',  ( -0.6946450121899999663, -1.238074868367999848, -5.419492433929000264 ) ) ;
#3567 = CARTESIAN_POINT ( 'NONE',  ( 1.114408847256000090, -2.661071112481000256, -4.701923076916999733 ) ) ;
#3568 = CARTESIAN_POINT ( 'NONE',  ( -0.001552456105087000101, 1.408400270735999937, -10.92111016109000055 ) ) ;
#3569 = CARTESIAN_POINT ( 'NONE',  ( 1.399999999999999911, -3.429011037612999484E-16, -5.046211815708000259 ) ) ;
#3570 = CARTESIAN_POINT ( 'NONE',  ( -1.399729710063648991, -0.02940828246996242401, -4.002116541206400591 ) ) ;
#3571 = CARTESIAN_POINT ( 'NONE',  ( -0.9779533133380000631, 1.003571292680999871, -3.567315031011999871 ) ) ;
#3572 = CARTESIAN_POINT ( 'NONE',  ( -1.730252897595999872, 0.5685098153829999390, -11.67272727273000044 ) ) ;
#3573 = ORIENTED_EDGE ( 'NONE', *, *, #941, .F. ) ;
#3574 = CARTESIAN_POINT ( 'NONE',  ( 1.394950331256999965, 0.1556861556690000148, -6.744938080213000120 ) ) ;
#3575 = CARTESIAN_POINT ( 'NONE',  ( 1.387020166880000183, 0.2496247905939999734, -10.53202288065999959 ) ) ;
#3576 = CARTESIAN_POINT ( 'NONE',  ( -1.126042954447000088, 0.8363888831129999701, -5.347052496223001050 ) ) ;
#3577 = CARTESIAN_POINT ( 'NONE',  ( 1.219873784814999862, -0.6975562222399999124, -6.587529838704000440 ) ) ;
#3578 = CARTESIAN_POINT ( 'NONE',  ( 1.075240473600000080, 1.238048637262999994E-14, -11.40000000000000036 ) ) ;
#3579 = CARTESIAN_POINT ( 'NONE',  ( 0.004186294282665000040, -1.408620849258000129, -7.170960719998999977 ) ) ;
#3580 = DIRECTION ( 'NONE',  ( 4.350154311376000520E-15, 0.000000000000000000, -1.000000000000000000 ) ) ;
#3581 = CARTESIAN_POINT ( 'NONE',  ( -1.094209549888000010, 0.8804441839919999735, -9.350136652617999644 ) ) ;
#3582 = CARTESIAN_POINT ( 'NONE',  ( 0.000000000000000000, 0.000000000000000000, -12.40000000000000036 ) ) ;
#3583 = CARTESIAN_POINT ( 'NONE',  ( -3.086771334363999753, -1.478060008331000041, -2.855769230768999911 ) ) ;
#3584 = CARTESIAN_POINT ( 'NONE',  ( -1.337679787039999901, -2.765673762764000010, -9.553846153798000174 ) ) ;
#3585 = CARTESIAN_POINT ( 'NONE',  ( 0.9831853303879998229, 0.9125019574610000461, -11.72491007416000031 ) ) ;
#3586 = CARTESIAN_POINT ( 'NONE',  ( -2.799999999999699174, 3.429011037612225907E-16, -0.8575369645580002143 ) ) ;
#3587 = CARTESIAN_POINT ( 'NONE',  ( 0.3528628260120000304, -1.358206144546999949, -4.858560496881000113 ) ) ;
#3588 = CARTESIAN_POINT ( 'NONE',  ( 1.052829685747999955, 0.9362484334899999761, -9.195909734331001673 ) ) ;
#3589 = ORIENTED_EDGE ( 'NONE', *, *, #1895, .F. ) ;
#3590 = CARTESIAN_POINT ( 'NONE',  ( -1.089577555980999923, -0.8821471205259999726, -8.449628256011001426 ) ) ;
#3591 = CARTESIAN_POINT ( 'NONE',  ( -1.297931332030000107, 0.5429264890759999407, -10.82772972900999875 ) ) ;
#3592 = CARTESIAN_POINT ( 'NONE',  ( 0.1396619707479999917, 1.403556450581999959, -8.136701557513999816 ) ) ;
#3593 = EDGE_CURVE ( 'NONE', #2059, #4844, #176, .T. ) ;
#3594 = CARTESIAN_POINT ( 'NONE',  ( -1.399324347277516312, -0.04410689899108462264, -4.001280762797404300 ) ) ;
#3595 = CARTESIAN_POINT ( 'NONE',  ( 1.125389407949999976, -0.8357866902810000553, -5.804623470193000401 ) ) ;
#3596 = CARTESIAN_POINT ( 'NONE',  ( 1.040587721379000019, 0.5162337210049999792, -12.40000000000000036 ) ) ;
#3597 = ORIENTED_EDGE ( 'NONE', *, *, #3962, .F. ) ;
#3598 = CARTESIAN_POINT ( 'NONE',  ( -1.134516471278999905, 0.8238897805439999722, -5.053772975831000380 ) ) ;
#3599 = CARTESIAN_POINT ( 'NONE',  ( 1.271458286444000052, 0.6078907423320000225, -10.51074029922000008 ) ) ;
#3600 = CARTESIAN_POINT ( 'NONE',  ( -1.370042403138999942, 0.3264307898280000009, -5.314829770699999401 ) ) ;
#3601 = DIRECTION ( 'NONE',  ( 1.000000000000000000, 0.000000000000000000, 0.000000000000000000 ) ) ;
#3602 = CARTESIAN_POINT ( 'NONE',  ( 1.011097388487000037, -0.7925067168369999138, -12.03864256059999960 ) ) ;
#3603 = CARTESIAN_POINT ( 'NONE',  ( -0.2236417770109999925, 1.399356859385000096, -4.616161527660000097 ) ) ;
#3604 = CARTESIAN_POINT ( 'NONE',  ( 1.369320334331000089, -0.3311971013669999797, -7.065104181250000615 ) ) ;
#3605 = CYLINDRICAL_SURFACE ( 'NONE', #513, 1.399999999999999911 ) ;
#3606 = CARTESIAN_POINT ( 'NONE',  ( 0.8192777306080000210, 1.157443022984000036, -9.470213699325000789 ) ) ;
#3607 = CARTESIAN_POINT ( 'NONE',  ( 0.4629252851460000096, -1.558718743917000049, -5.515384615383999822 ) ) ;
#3608 = CARTESIAN_POINT ( 'NONE',  ( 3.753850618401000094, -1.173470705913999934, -3.663461538448999910 ) ) ;
#3609 = CARTESIAN_POINT ( 'NONE',  ( -0.6780876855060000707, -2.283193464110000015, -8.809615384612000000 ) ) ;
#3610 = CARTESIAN_POINT ( 'NONE',  ( -0.05337388780500999796, 1.352137576221000170, -11.64918987455999932 ) ) ;
#3611 = CARTESIAN_POINT ( 'NONE',  ( -3.086771334362999664, -1.478060008331000041, -9.905769230770999911 ) ) ;
#3612 = CARTESIAN_POINT ( 'NONE',  ( 0.4821276519709999930, -1.316114600791999933, -4.850846629188000136 ) ) ;
#3613 = EDGE_CURVE ( 'NONE', #320, #800, #4908, .T. ) ;
#3614 = AXIS2_PLACEMENT_3D ( 'NONE', #677, #1130, #1252 ) ;
#3615 = CARTESIAN_POINT ( 'NONE',  ( -1.399995851281366388, -0.003643598965443970925, -5.796004712448985075 ) ) ;
#3616 = CARTESIAN_POINT ( 'NONE',  ( -1.255538269784000072, 0.6284616507779999806, -9.040705947817999188 ) ) ;
#3617 = EDGE_CURVE ( 'NONE', #1476, #64, #6003, .T. ) ;
#3618 = EDGE_LOOP ( 'NONE', ( #4288, #5902, #5945 ) ) ;
#3619 = CARTESIAN_POINT ( 'NONE',  ( -0.3271911048700000268, -1.365315989412999809, -8.397514265758001528 ) ) ;
#3620 = CARTESIAN_POINT ( 'NONE',  ( -1.399972512143260683, 0.009378709897569666859, -10.79674520743355437 ) ) ;
#3621 = CARTESIAN_POINT ( 'NONE',  ( -1.060675731336000016, 0.9176484074999999851, -8.060544467835997651 ) ) ;
#3622 = CARTESIAN_POINT ( 'NONE',  ( -1.379494493246999909, -0.2816017084580000329, -3.987749226517999457 ) ) ;
#3623 = CARTESIAN_POINT ( 'NONE',  ( -0.9592446539009999995, -1.031027929622000183, -5.938437022271000565 ) ) ;
#3624 = ORIENTED_EDGE ( 'NONE', *, *, #2909, .F. ) ;
#3625 = CARTESIAN_POINT ( 'NONE',  ( -1.399999033628457790, 0.001758515375931784608, -9.503888138773472605 ) ) ;
#3626 = ORIENTED_EDGE ( 'NONE', *, *, #1904, .F. ) ;
#3627 = CARTESIAN_POINT ( 'NONE',  ( -1.340705486575999972, 0.4313722042940000279, -5.028554963677999368 ) ) ;
#3628 = CARTESIAN_POINT ( 'NONE',  ( 1.297019151527000203, -0.5464528828810000238, -8.785506026912999644 ) ) ;
#3629 = CARTESIAN_POINT ( 'NONE',  ( -1.340705538446000045, 0.4313720585599999935, -5.320977990978999372 ) ) ;
#3630 = CARTESIAN_POINT ( 'NONE',  ( 1.399999999999999911, -3.429011037612999484E-16, -4.253788184291999563 ) ) ;
#3631 = CARTESIAN_POINT ( 'NONE',  ( -1.398763858945738736, 0.06739162732970561953, -6.300043321339505731 ) ) ;
#3632 = CARTESIAN_POINT ( 'NONE',  ( 1.075240473600000080, 0.6141759223099999554, -11.85454545454000019 ) ) ;
#3633 = CARTESIAN_POINT ( 'NONE',  ( -1.357799280338999992, -0.3768302356730000580, -6.982240038280999705 ) ) ;
#3634 = CARTESIAN_POINT ( 'NONE',  ( 1.339729475081999910, -0.4352877047900000074, -4.571205194614000433 ) ) ;
#3635 = CARTESIAN_POINT ( 'NONE',  ( 0.9429064677699998676, 1.055061778889000212, -9.479210522098000524 ) ) ;
#3636 = CARTESIAN_POINT ( 'NONE',  ( -0.7607984106080000197, -1.816692929058999928, -5.573076923079000267 ) ) ;
#3637 = CARTESIAN_POINT ( 'NONE',  ( 0.6780876855050000929, 2.283193464108999926, -4.009615384614999556 ) ) ;
#3638 = CARTESIAN_POINT ( 'NONE',  ( -0.9243408720848753646, 1.055520484329822040, -2.571560948290808390 ) ) ;
#3639 = EDGE_CURVE ( 'NONE', #5672, #2837, #497, .T. ) ;
#3640 = CARTESIAN_POINT ( 'NONE',  ( -0.3353761824250000023, 1.314980633378999952, -11.63073060533000103 ) ) ;
#3641 = FACE_OUTER_BOUND ( 'NONE', #5154, .T. ) ;
#3642 = CYLINDRICAL_SURFACE ( 'NONE', #1284, 2.799999999999999822 ) ;
#3643 = VECTOR ( 'NONE', #1760, 1000.000000000000114 ) ;
#3644 = CARTESIAN_POINT ( 'NONE',  ( -0.4476577620400000179, -1.334555417105999897, -5.696982608349999921 ) ) ;
#3645 = CARTESIAN_POINT ( 'NONE',  ( -1.369206474417000052, 0.3288084396930000541, -9.022546562195000064 ) ) ;
#3646 = CC_DESIGN_APPROVAL ( #2216, ( #1897 ) ) ;
#3647 = EDGE_LOOP ( 'NONE', ( #4919, #1899, #1798, #306 ) ) ;
#3648 = CARTESIAN_POINT ( 'NONE',  ( -0.8071509711820000765, -1.148759773510000137, -8.427516623427999676 ) ) ;
#3649 = CARTESIAN_POINT ( 'NONE',  ( 0.9710378738019999068, -1.010195678931999907, -2.817858967225999933 ) ) ;
#3650 = CARTESIAN_POINT ( 'NONE',  ( -1.254499010320000218, 0.6308192198989999167, -8.040853168347000590 ) ) ;
#3651 = CARTESIAN_POINT ( 'NONE',  ( 1.370731664181999987, -0.3235409176369999917, -3.772237299832999824 ) ) ;
#3652 = B_SPLINE_CURVE_WITH_KNOTS ( 'NONE', 7,
 ( #5896, #1278, #2134, #4977, #3086, #4945, #2686, #798, #770, #2627, #4483, #2659, #4542, #6011, #883, #4145, #4602, #5061, #5549, #1365, #2743, #429, #1825, #3682, #2287, #5347, #1103, #3932, #5771, #1164, #3967, #4396, #159, #3483, #2043, #5738, #713, #2570 ),
 .UNSPECIFIED., .F., .F.,
 ( 8, 6, 6, 6, 6, 6, 8 ),
 ( 0.5000052401962779003, 0.5141920290370000091, 0.5591944495500000833, 0.6597007256029999711, 0.7810704203530000056, 0.9070241985439999599, 1.000000000000000000 ),
 .UNSPECIFIED. ) ;
#3653 = CARTESIAN_POINT ( 'NONE',  ( -0.2742046755720000673, -1.386279060786000050, -5.894336861318999254 ) ) ;
#3654 = VERTEX_POINT ( 'NONE', #5100 ) ;
#3655 = CARTESIAN_POINT ( 'NONE',  ( 1.075240473600000080, 1.238048637262999994E-14, -11.40000000000000036 ) ) ;
#3656 = CARTESIAN_POINT ( 'NONE',  ( -1.399999995949601672, -0.007535966201520171923, -10.00335985190092636 ) ) ;
#3657 = CARTESIAN_POINT ( 'NONE',  ( -1.020361789619000037, 0.9616567732430000293, -6.563930092600999799 ) ) ;
#3658 = CARTESIAN_POINT ( 'NONE',  ( -1.324485142056875064, -0.4602461251605728942, -8.977176510867952430 ) ) ;
#3659 = CARTESIAN_POINT ( 'NONE',  ( -0.4240963110040000261, 1.348079345865000001, -5.396950132645999432 ) ) ;
#3660 = CARTESIAN_POINT ( 'NONE',  ( 1.399999999997000089, -0.1211474730170000041, -6.553097868701000195 ) ) ;
#3661 = CARTESIAN_POINT ( 'NONE',  ( 0.01947853438858000025, 1.406398434173000034, -6.422304018491999500 ) ) ;
#3662 = CARTESIAN_POINT ( 'NONE',  ( 0.9846779371879998966, 0.9977779104930000198, -4.690764427206000065 ) ) ;
#3663 = ORIENTED_EDGE ( 'NONE', *, *, #4769, .F. ) ;
#3664 = CARTESIAN_POINT ( 'NONE',  ( 1.076712329997000062, -0.9060651048830000720, -6.809469458577000367 ) ) ;
#3665 = CARTESIAN_POINT ( 'NONE',  ( -1.255645085890999990, -0.6319298294159999552, -4.759090204516999378 ) ) ;
#3666 = CARTESIAN_POINT ( 'NONE',  ( -0.6813769138509999657, 1.228670049365000017, -7.880900564390000085 ) ) ;
#3667 = CARTESIAN_POINT ( 'NONE',  ( -1.039957690493999998, -0.9418371567490000373, -5.237644433676999611 ) ) ;
#3668 = EDGE_CURVE ( 'NONE', #968, #3258, #3405, .T. ) ;
#3669 = CARTESIAN_POINT ( 'NONE',  ( 1.075240473600000080, 2.501955406458999992E-15, -5.400000000000000355 ) ) ;
#3670 = B_SPLINE_CURVE_WITH_KNOTS ( 'NONE', 6,
 ( #4367, #1623, #2539, #3485, #2937, #4856, #4827, #5713, #5349, #3028, #1166, #5316, #5381, #3420, #2998, #1198, #3388, #2572, #3514, #4922, #4432, #260, #5741, #5836, #1589, #5284, #1652, #746, #4795, #654, #4304, #195, #621, #5773, #4400, #132, #1987 ),
 .UNSPECIFIED., .F., .F.,
 ( 7, 5, 5, 5, 5, 5, 5, 7 ),
 ( 0.000000000000000000, 0.09480493688726000789, 0.1407658908679999821, 0.2247664148640000081, 0.3256198725549999673, 0.4157510315649999844, 0.4808232799200000129, 0.5000026121114239386 ),
 .UNSPECIFIED. ) ;
#3671 = CARTESIAN_POINT ( 'NONE',  ( 1.363581697223027023, 0.3665240972227902239, -2.732951808817299266 ) ) ;
#3672 = CARTESIAN_POINT ( 'NONE',  ( 1.319606701416000005, 0.1185337424509999987, -11.78282523134999948 ) ) ;
#3673 = DIRECTION ( 'NONE',  ( 1.000000000000000000, 0.000000000000000000, 0.000000000000000000 ) ) ;
#3674 = CARTESIAN_POINT ( 'NONE',  ( -0.1521926736149999959, -1.396181406269000114, -3.387428127475999862 ) ) ;
#3675 = CARTESIAN_POINT ( 'NONE',  ( -1.075010974143999931, -0.8997745022859999775, -5.740753968337000579 ) ) ;
#3676 = CARTESIAN_POINT ( 'NONE',  ( 1.399999999999999911, 0.1228680819190000051, -9.246804292386000768 ) ) ;
#3677 = ORIENTED_EDGE ( 'NONE', *, *, #3882, .T. ) ;
#3678 = CARTESIAN_POINT ( 'NONE',  ( -0.2604260226419999880, -1.388222487606000088, -4.393553200387000146 ) ) ;
#3679 = CARTESIAN_POINT ( 'NONE',  ( -1.228052208744480511, -1.949326970999108732E-08, -12.21879896980884617 ) ) ;
#3680 = CARTESIAN_POINT ( 'NONE',  ( -1.116212445555000210, -0.8635060521020000435, -2.951383771283000446 ) ) ;
#3681 = CARTESIAN_POINT ( 'NONE',  ( -0.6213054359870000543, 1.267712421198000206, -8.092531862923999952 ) ) ;
#3682 = CARTESIAN_POINT ( 'NONE',  ( -0.03150004001510000456, -1.413569709431999888, -7.673021840324000031 ) ) ;
#3683 = EDGE_CURVE ( 'NONE', #1680, #1398, #1912, .T. ) ;
#3684 = CARTESIAN_POINT ( 'NONE',  ( -1.043683489985000268, -0.9479450089750000030, -5.945118046666999945 ) ) ;
#3685 = ORIENTED_EDGE ( 'NONE', *, *, #2803, .F. ) ;
#3686 = CARTESIAN_POINT ( 'NONE',  ( 1.337679787042000079, -2.765673762761999832, -10.99615384622000036 ) ) ;
#3687 = ORIENTED_EDGE ( 'NONE', *, *, #2611, .F. ) ;
#3688 = DIRECTION ( 'NONE',  ( 0.000000000000000000, 0.000000000000000000, 1.000000000000000000 ) ) ;
#3689 = CARTESIAN_POINT ( 'NONE',  ( -1.167815502543000150, 0.7744383263069999357, -11.05038840205000028 ) ) ;
#3690 = EDGE_CURVE ( 'NONE', #311, #3400, #1510, .T. ) ;
#3691 = CARTESIAN_POINT ( 'NONE',  ( -0.5860699996989999772, -1.277523085623999854, -6.205418756712000494 ) ) ;
#3692 = CARTESIAN_POINT ( 'NONE',  ( 0.3575495302220000338, -1.362339335629999981, -2.650803547544000160 ) ) ;
#3693 = ADVANCED_FACE ( 'NONE', ( #1056 ), #5757, .T. ) ;
#3694 = CARTESIAN_POINT ( 'NONE',  ( 1.371354954262000048, 0.3234679788279999912, -6.527769697399000037 ) ) ;
#3695 = DIRECTION ( 'NONE',  ( 1.313481271718000177E-15, 0.000000000000000000, -1.000000000000000000 ) ) ;
#3696 = ORIENTED_EDGE ( 'NONE', *, *, #1006, .F. ) ;
#3697 = CARTESIAN_POINT ( 'NONE',  ( -1.396111021508999794, -0.1535670525439999934, -6.995056303945999865 ) ) ;
#3698 = DIRECTION ( 'NONE',  ( 1.000000000000000000, 0.000000000000000000, 0.000000000000000000 ) ) ;
#3699 = CARTESIAN_POINT ( 'NONE',  ( 0.5368827463739999084, 1.309192525658999795, -9.452221794231999041 ) ) ;
#3700 = DIRECTION ( 'NONE',  ( 1.000000000000000000, 0.000000000000000000, 0.000000000000000000 ) ) ;
#3701 = CARTESIAN_POINT ( 'NONE',  ( -0.4629252851460000096, -1.558718743917000049, -3.034615384616999645 ) ) ;
#3702 = CARTESIAN_POINT ( 'NONE',  ( 1.075240473600000080, 0.7795309783160000450, -9.842307692308999378 ) ) ;
#3703 = CARTESIAN_POINT ( 'NONE',  ( 0.7448021952109999955, 1.132840398721999930, -11.70373710081000063 ) ) ;
#3704 = CARTESIAN_POINT ( 'NONE',  ( 0.8925353047940000062, -1.080733735004999918, -9.323858126737000873 ) ) ;
#3705 = CARTESIAN_POINT ( 'NONE',  ( -0.3844402018570000079, -1.348489078581999845, -6.400882145585001126 ) ) ;
#3706 = CARTESIAN_POINT ( 'NONE',  ( 0.000000000000000000, 0.000000000000000000, -12.40000000000000036 ) ) ;
#3707 = CARTESIAN_POINT ( 'NONE',  ( -1.075240473600000080, -0.7795309783160000450, -7.592307692308000178 ) ) ;
#3708 = ORIENTED_EDGE ( 'NONE', *, *, #4781, .F. ) ;
#3709 = CARTESIAN_POINT ( 'NONE',  ( 0.9756406009300000459, -1.005801167528999951, -4.317497499755999613 ) ) ;
#3710 = CARTESIAN_POINT ( 'NONE',  ( 0.4046449622430000059, -1.350189278813999971, -8.355636963990999533 ) ) ;
#3711 = CIRCLE ( 'NONE', #3424, 1.190000000000000169 ) ;
#3712 = CARTESIAN_POINT ( 'NONE',  ( 1.370224813254999896, -0.1548149850479999812, -11.54178660353999852 ) ) ;
#3713 = CARTESIAN_POINT ( 'NONE',  ( -1.399999997962577014, 3.991219247462263198E-15, -4.796212109399639267 ) ) ;
#3714 = AXIS2_PLACEMENT_3D ( 'NONE', #2912, #5225, #4166 ) ;
#3715 = CARTESIAN_POINT ( 'NONE',  ( 0.5093089028549999675, -1.316759269729000037, -5.849408568493999816 ) ) ;
#3716 = ORIENTED_EDGE ( 'NONE', *, *, #3987, .F. ) ;
#3717 = CARTESIAN_POINT ( 'NONE',  ( -1.370032938003999945, 0.3264674398050000370, -9.522408551504998542 ) ) ;
#3718 = CARTESIAN_POINT ( 'NONE',  ( -0.3827990268540000240, -1.355923593091999946, -9.900719796550999874 ) ) ;
#3719 = CARTESIAN_POINT ( 'NONE',  ( 0.5956285760220000336, 1.271364759147000090, -9.956064052112999718 ) ) ;
#3720 = CARTESIAN_POINT ( 'NONE',  ( -1.399999838208817238, 0.0008812169004903390749, -11.00383827287992311 ) ) ;
#3721 = CARTESIAN_POINT ( 'NONE',  ( -0.2288314672049999998, -1.394112637050999970, -6.184159421969999570 ) ) ;
#3722 = CARTESIAN_POINT ( 'NONE',  ( 1.062453778909000057, -0.9247913940599998828, -2.603223994091000026 ) ) ;
#3723 = CARTESIAN_POINT ( 'NONE',  ( -1.383094221734000095, 0.2209503405519999963, -6.308819874799000083 ) ) ;
#3724 = CARTESIAN_POINT ( 'NONE',  ( 1.213598352208999920, 0.7087855200089999697, -10.21174273705000068 ) ) ;
#3725 = ORIENTED_EDGE ( 'NONE', *, *, #4066, .F. ) ;
#3726 = CARTESIAN_POINT ( 'NONE',  ( -2.562725153500000186, -0.8011194905269999333, -8.111538461574999914 ) ) ;
#3727 = EDGE_CURVE ( 'NONE', #6015, #2300, #1191, .T. ) ;
#3728 = CARTESIAN_POINT ( 'NONE',  ( -1.399999995632011940, -0.01150189632532012084, -10.29555804360667892 ) ) ;
#3729 = CARTESIAN_POINT ( 'NONE',  ( 1.326977122543999910, 0.4782221411210000328, -8.726270358935000360 ) ) ;
#3730 = CARTESIAN_POINT ( 'NONE',  ( 1.044299690031999850, 0.9483560360880000095, -9.695124996667999540 ) ) ;
#3731 = CARTESIAN_POINT ( 'NONE',  ( 0.3764359654900000240, 1.372145964488000081, -7.442593911726999245 ) ) ;
#3732 = CARTESIAN_POINT ( 'NONE',  ( -0.4629252851460000096, -1.558718743917000049, -10.53461538461000124 ) ) ;
#3733 = CARTESIAN_POINT ( 'NONE',  ( 1.399999999999999911, 0.000000000000000000, -12.40000000000000036 ) ) ;
#3734 = CARTESIAN_POINT ( 'NONE',  ( 0.000000000000000000, 0.000000000000000000, -12.40000000000000036 ) ) ;
#3735 = CARTESIAN_POINT ( 'NONE',  ( -1.399995375334305292, -0.003846924295866963571, -4.295993155356937265 ) ) ;
#3736 = CARTESIAN_POINT ( 'NONE',  ( 1.574999999999999956, -1.141848099093000002, -7.182692307691999289 ) ) ;
#3737 = CIRCLE ( 'NONE', #1111, 1.500000000000000000 ) ;
#3738 = ORIENTED_EDGE ( 'NONE', *, *, #5786, .T. ) ;
#3739 = CARTESIAN_POINT ( 'NONE',  ( 1.390039202435999988, -0.2186690657809999827, -4.266217445469000502 ) ) ;
#3740 =( BOUNDED_CURVE ( )  B_SPLINE_CURVE ( 2, ( #3846, #2370, #1533 ),
 .UNSPECIFIED., .F., .F. ) 
 B_SPLINE_CURVE_WITH_KNOTS ( ( 3, 3 ),
 ( 0.000000000000000000, 1.000000000000000000 ),
 .UNSPECIFIED. ) 
 CURVE ( )  GEOMETRIC_REPRESENTATION_ITEM ( )  RATIONAL_B_SPLINE_CURVE ( ( 1.000000000000000000, 1.002765153013119859, 1.000000000000000000 ) ) 
 REPRESENTATION_ITEM ( '' )  );
#3741 = CARTESIAN_POINT ( 'NONE',  ( 1.399999999999999911, -3.429011037612999484E-16, -3.546211815707999815 ) ) ;
#3742 = CARTESIAN_POINT ( 'NONE',  ( 0.6723229924720000028, -1.237101709725999976, -2.839176926434999970 ) ) ;
#3743 = CARTESIAN_POINT ( 'NONE',  ( 0.7196251163989999533, -1.221852588876000123, -10.62884129880000117 ) ) ;
#3744 = CARTESIAN_POINT ( 'NONE',  ( -1.574999999999999956, -1.141848099093000002, -5.867307692308000533 ) ) ;
#3745 = VERTEX_POINT ( 'NONE', #3499 ) ;
#3746 = FACE_OUTER_BOUND ( 'NONE', #1800, .T. ) ;
#3747 = VERTEX_POINT ( 'NONE', #3079 ) ;
#3748 = CARTESIAN_POINT ( 'NONE',  ( 1.399999999999999911, -3.429011037612999484E-16, -5.046211815708000259 ) ) ;
#3749 = CARTESIAN_POINT ( 'NONE',  ( 0.5750335636589999355, -0.7326707007989998743, -0.08751284532406000682 ) ) ;
#3750 = CARTESIAN_POINT ( 'NONE',  ( -1.398040558796706634, -0.07998331336731226426, -6.291664409558695326 ) ) ;
#3751 = CARTESIAN_POINT ( 'NONE',  ( 0.5897773996547577280, 0.6651416809710424261, -0.2744543435636022655 ) ) ;
#3752 = DIRECTION ( 'NONE',  ( 0.000000000000000000, 0.000000000000000000, 1.000000000000000000 ) ) ;
#3753 = DIRECTION ( 'NONE',  ( 0.000000000000000000, 0.000000000000000000, 1.000000000000000000 ) ) ;
#3754 = EDGE_LOOP ( 'NONE', ( #2258, #2716, #5103 ) ) ;
#3755 = CARTESIAN_POINT ( 'NONE',  ( 0.6780876855050000929, -2.283193464110000015, -6.790384615383000089 ) ) ;
#3756 = DIRECTION ( 'NONE',  ( 1.000000000000000000, 0.000000000000000000, 1.319112643190696996E-15 ) ) ;
#3757 = CARTESIAN_POINT ( 'NONE',  ( 1.363374224616999975, 0.3616289409410000100, -8.733149309362000068 ) ) ;
#3758 = CARTESIAN_POINT ( 'NONE',  ( 1.326835616568000198, -0.4786749597450000171, -8.073756359330999999 ) ) ;
#3759 = CARTESIAN_POINT ( 'NONE',  ( 1.054376452793961638, 0.9255456102280164021, -2.696467173704905296 ) ) ;
#3760 = CARTESIAN_POINT ( 'NONE',  ( 3.753850618408000273, 1.173470705913999934, -10.58653846154000000 ) ) ;
#3761 = CARTESIAN_POINT ( 'NONE',  ( 2.562725153493999652, 0.8011194905249999776, -10.36153846151000124 ) ) ;
#3762 = CARTESIAN_POINT ( 'NONE',  ( -0.5728975865770000730, -1.283097930070999926, -6.412221481146000102 ) ) ;
#3763 = CARTESIAN_POINT ( 'NONE',  ( -1.399999999999999911, 1.714505518806294391E-16, -12.40000000000000036 ) ) ;
#3764 = CARTESIAN_POINT ( 'NONE',  ( 1.277750849963000146, 0.5934558814620000122, -9.011627858936000379 ) ) ;
#3765 = EDGE_LOOP ( 'NONE', ( #2222, #3285, #1882, #1983 ) ) ;
#3766 = CARTESIAN_POINT ( 'NONE',  ( -1.730252897595999872, 0.5685098153819999611, -12.17272727273999777 ) ) ;
#3767 = CARTESIAN_POINT ( 'NONE',  ( 2.107315219974999820, -1.009060281500999912, -2.919230769239999912 ) ) ;
#3768 = CARTESIAN_POINT ( 'NONE',  ( -0.4724431624980000577, -1.332212381800000012, -2.905875677253999978 ) ) ;
#3769 = CARTESIAN_POINT ( 'NONE',  ( -1.319988623524424476, -0.5000614961571731021, -9.767401940584598208 ) ) ;
#3770 = VERTEX_POINT ( 'NONE', #1214 ) ;
#3771 = EDGE_CURVE ( 'NONE', #4086, #5849, #1120, .T. ) ;
#3772 = CARTESIAN_POINT ( 'NONE',  ( 1.009862417743000007, -1.799255404721999962, -11.71590909090999943 ) ) ;
#3773 = CARTESIAN_POINT ( 'NONE',  ( -0.2318854528749999810, 1.397520857552000173, -7.615688637994999510 ) ) ;
#3774 = CARTESIAN_POINT ( 'NONE',  ( 0.7781984612969999882, 1.168430638927000054, -9.967976759566999689 ) ) ;
#3775 = CARTESIAN_POINT ( 'NONE',  ( -0.9394655392080000222, 1.039871333532000008, -10.36274213203999928 ) ) ;
#3776 = CARTESIAN_POINT ( 'NONE',  ( 1.399999999999999911, -3.429011037612999484E-16, -3.253788202640000460 ) ) ;
#3777 = CARTESIAN_POINT ( 'NONE',  ( -0.3181918881649999920, -1.249460824221999777, -11.95069706696000011 ) ) ;
#3778 = CARTESIAN_POINT ( 'NONE',  ( 1.361998594310999788, 0.3683004198429999931, -10.23276532910000114 ) ) ;
#3779 = ORIENTED_EDGE ( 'NONE', *, *, #3771, .F. ) ;
#3780 = CARTESIAN_POINT ( 'NONE',  ( 1.339395504154000216, 0.4192374737149999753, -11.51141062097000045 ) ) ;
#3781 = CARTESIAN_POINT ( 'NONE',  ( -1.219759410374000153, -0.6955105056900000582, -10.25498460524999977 ) ) ;
#3782 = CARTESIAN_POINT ( 'NONE',  ( 1.399999999999999911, -2.641105195205000040E-17, -5.253787892815999783 ) ) ;
#3783 = CARTESIAN_POINT ( 'NONE',  ( 1.369740939896000098, 0.3097980884850000116, -9.736087536346998306 ) ) ;
#3784 = CARTESIAN_POINT ( 'NONE',  ( -1.228052208744480511, -1.949326970999108732E-08, -12.21879896980884617 ) ) ;
#3785 = CARTESIAN_POINT ( 'NONE',  ( 3.086771334362999664, -1.478060008326999908, -10.64423076923000089 ) ) ;
#3786 = CARTESIAN_POINT ( 'NONE',  ( 1.072322908065999947, -0.4076835841329999877, -2.399999999999999911 ) ) ;
#3787 = CARTESIAN_POINT ( 'NONE',  ( 1.399999999999999911, -3.429011037612999484E-16, -9.046211797359999807 ) ) ;
#3788 = CARTESIAN_POINT ( 'NONE',  ( -1.274145281625000070, -0.6012833492380000866, -4.261141459820000144 ) ) ;
#3789 = CARTESIAN_POINT ( 'NONE',  ( -0.9816048229460000440, 1.016278606485000013, -8.860122866135000663 ) ) ;
#3790 = EDGE_CURVE ( 'NONE', #4702, #4670, #2532, .T. ) ;
#3791 = ORIENTED_EDGE ( 'NONE', *, *, #4360, .F. ) ;
#3792 = CARTESIAN_POINT ( 'NONE',  ( 0.6894253614759999760, 1.228337926031999983, -12.30909090908000003 ) ) ;
#3793 = CARTESIAN_POINT ( 'NONE',  ( 0.7607984106080000197, 1.816692929058999928, -3.323076923073000177 ) ) ;
#3794 = CARTESIAN_POINT ( 'NONE',  ( 0.6987199997390000084, 1.234565549112000005, -7.962212594420000400 ) ) ;
#3795 = CARTESIAN_POINT ( 'NONE',  ( -1.203306301245406607, -0.7267104609244021685, -9.752996079580832145 ) ) ;
#3796 = EDGE_CURVE ( 'NONE', #5849, #2917, #278, .T. ) ;
#3797 = B_SPLINE_CURVE_WITH_KNOTS ( 'NONE', 7,
 ( #4665, #1456, #2869, #1371, #4638, #4752, #524, #580, #1034, #6017, #2351, #5212, #4213, #5621, #2381, #42, #1892, #3296, #977, #4266, #2841, #2899, #4151, #4181, #1922, #3803, #1832, #94, #4240, #4695, #3689, #5648, #1946, #1487, #5556, #3237, #923, #2784, #466, #9, #1861, #3720, #4878, #3506 ),
 .UNSPECIFIED., .F., .F.,
 ( 8, 6, 6, 6, 6, 6, 6, 8 ),
 ( 0.000000000000000000, 0.06194825692903999786, 0.1588696986900000052, 0.2642940612520000010, 0.3661734693419999576, 0.4135748051779999934, 0.4996544429119999520, 0.5000050842729357736 ),
 .UNSPECIFIED. ) ;
#3798 = AXIS2_PLACEMENT_3D ( 'NONE', #3582, #2185, #4099 ) ;
#3799 = ORIENTED_EDGE ( 'NONE', *, *, #4577, .T. ) ;
#3800 = CARTESIAN_POINT ( 'NONE',  ( 1.075240473600000080, 5.506858014691999587E-15, -12.40000000000000036 ) ) ;
#3801 = CARTESIAN_POINT ( 'NONE',  ( 0.000000000000000000, 0.000000000000000000, -12.40000000000000036 ) ) ;
#3802 = CARTESIAN_POINT ( 'NONE',  ( -0.6750595509510000092, 1.239020019363000102, -9.881538591012001049 ) ) ;
#3803 = CARTESIAN_POINT ( 'NONE',  ( -0.9779363882139999742, 1.003587661155999955, -11.06731636829999843 ) ) ;
#3804 = CARTESIAN_POINT ( 'NONE',  ( -0.9177338623650000970, -1.065406435029000010, -6.227800289614999762 ) ) ;
#3805 = B_SPLINE_CURVE_WITH_KNOTS ( 'NONE', 7,
 ( #1564, #3004, #3067, #593, #3463, #4800, #1142, #2515, #4309, #137, #1992, #267, #2086, #5718, #720, #2118, #3034, #5256, #1077, #5779, #5747, #688, #2943, #626, #5356, #2483, #4342, #4896, #168, #4373, #2023, #4405, #5290, #3908, #1109, #2973, #202, #2051, #3940, #5812, #3099, #4069, #5963, #4126 ),
 .UNSPECIFIED., .F., .F.,
 ( 8, 6, 6, 6, 6, 6, 6, 8 ),
 ( 0.000000000000000000, 0.08550633264512000342, 0.1682990079649999970, 0.2523020423360000097, 0.3601827609589999812, 0.4135858007179999962, 0.4996698330490000339, 0.5000152950415589492 ),
 .UNSPECIFIED. ) ;
#3806 = CARTESIAN_POINT ( 'NONE',  ( -0.4847665815689999880, -1.193100767689000197, -11.96268475773999995 ) ) ;
#3807 = CARTESIAN_POINT ( 'NONE',  ( -0.7428228950459999647, 1.219244258982999929, -10.08527240099999922 ) ) ;
#3808 = CIRCLE ( 'NONE', #3814, 2.799999999999999822 ) ;
#3809 = ORIENTED_EDGE ( 'NONE', *, *, #2878, .T. ) ;
#3810 = CARTESIAN_POINT ( 'NONE',  ( -0.7607984106070000418, -1.816692929058999928, -7.073076923076000000 ) ) ;
#3811 = CARTESIAN_POINT ( 'NONE',  ( -0.8479471769610000820, -1.119721213839000029, -10.22277607574000058 ) ) ;
#3812 = CARTESIAN_POINT ( 'NONE',  ( -3.086771334363999753, 1.478060008326000041, -6.894230769219999999 ) ) ;
#3813 = CARTESIAN_POINT ( 'NONE',  ( 1.317946782369000092, 0.000000000000000000, -11.79072960775999945 ) ) ;
#3814 = AXIS2_PLACEMENT_3D ( 'NONE', #4718, #1090, #547 ) ;
#3815 = CARTESIAN_POINT ( 'NONE',  ( 0.1234201690840000115, -1.404637623488000031, -8.664232826476998994 ) ) ;
#3816 = CARTESIAN_POINT ( 'NONE',  ( -3.753850618408000273, 1.173470705920000023, -10.41346153844999911 ) ) ;
#3817 = CARTESIAN_POINT ( 'NONE',  ( -3.753850618407000184, -1.173470705920000023, -10.88653846157999894 ) ) ;
#3818 = DIRECTION ( 'NONE',  ( 0.000000000000000000, 0.000000000000000000, 1.000000000000000000 ) ) ;
#3819 = CARTESIAN_POINT ( 'NONE',  ( 0.3572349409869999826, -1.362227469016000114, -4.150818596984000131 ) ) ;
#3820 = CARTESIAN_POINT ( 'NONE',  ( -1.399999999842770126, 0.1186145526527092597, -8.802953895794745520 ) ) ;
#3821 = CARTESIAN_POINT ( 'NONE',  ( -0.5730009610809999598, -1.283051768808000093, -10.91222789296999984 ) ) ;
#3822 = ORIENTED_EDGE ( 'NONE', *, *, #3796, .T. ) ;
#3823 = CARTESIAN_POINT ( 'NONE',  ( -1.503821374737000172, 2.019265272015000168, -11.99318181816999918 ) ) ;
#3824 = CARTESIAN_POINT ( 'NONE',  ( 1.574999999999999956, 3.471873675582999250E-15, -7.125000000000000000 ) ) ;
#3825 = CARTESIAN_POINT ( 'NONE',  ( 1.389737739509999903, -0.2219539340939999938, -2.766404159157999754 ) ) ;
#3826 = DIRECTION ( 'NONE',  ( -0.9769849217530210961, 0.2133083745830045286, 0.000000000000000000 ) ) ;
#3827 = ORIENTED_EDGE ( 'NONE', *, *, #4944, .F. ) ;
#3828 = DIRECTION ( 'NONE',  ( 0.000000000000000000, 0.000000000000000000, 1.000000000000000000 ) ) ;
#3829 = CARTESIAN_POINT ( 'NONE',  ( -1.368312996672000015, 0.3321241572570000078, -7.522740468485999976 ) ) ;
#3830 = CARTESIAN_POINT ( 'NONE',  ( -1.039896058575999982, -0.9419052049970000340, -3.737639226574000162 ) ) ;
#3831 = AXIS2_PLACEMENT_3D ( 'NONE', #2109, #1648, #5312 ) ;
#3832 = CARTESIAN_POINT ( 'NONE',  ( -1.328650018219962314, 0.4728306740629552585, -7.030989135170615079 ) ) ;
#3833 = CARTESIAN_POINT ( 'NONE',  ( -1.399999998776229937, 2.829090043829363132E-16, -3.003787894485886234 ) ) ;
#3834 = CARTESIAN_POINT ( 'NONE',  ( 0.7807617765459999859, -1.050551032894999848, -11.87258877979999916 ) ) ;
#3835 = CARTESIAN_POINT ( 'NONE',  ( -0.4629252851469999874, 1.558718743917000049, -9.265384615389999468 ) ) ;
#3836 = VERTEX_POINT ( 'NONE', #2128 ) ;
#3837 = CARTESIAN_POINT ( 'NONE',  ( -1.337679787042000079, -2.765673762767999921, -8.053846153800000351 ) ) ;
#3838 = CARTESIAN_POINT ( 'NONE',  ( -0.6623480209240000249, -1.239632778824999892, -11.21024411969999868 ) ) ;
#3839 = CARTESIAN_POINT ( 'NONE',  ( 1.390379913065000084, 0.2148948340160000137, -5.533997493270000234 ) ) ;
#3840 = CARTESIAN_POINT ( 'NONE',  ( 0.2510680737279999963, -1.383150838765000001, -7.364476660055000679 ) ) ;
#3841 = CARTESIAN_POINT ( 'NONE',  ( -1.161462220492900599, -0.4457158748653695657, -12.19215071906676151 ) ) ;
#3842 = CARTESIAN_POINT ( 'NONE',  ( 1.114408847256000090, 2.661071112481999901, -11.04807692306000000 ) ) ;
#3843 = CARTESIAN_POINT ( 'NONE',  ( 1.959418117455000274, 4.051127429916999922, -10.07884615384999982 ) ) ;
#3844 = EDGE_CURVE ( 'NONE', #1217, #2631, #2421, .T. ) ;
#3845 = CARTESIAN_POINT ( 'NONE',  ( 0.7847562406589999595, -1.163354486680999944, -6.331564009360999279 ) ) ;
#3846 = CARTESIAN_POINT ( 'NONE',  ( -0.6032831737349999557, -0.6032831737349999557, -0.4196563988270000101 ) ) ;
#3847 = CARTESIAN_POINT ( 'NONE',  ( 0.4629252851460000096, -1.558718743917000049, -7.015384615384999023 ) ) ;
#3848 = CARTESIAN_POINT ( 'NONE',  ( -0.3845558326899999879, -1.348455675622000083, -10.90088897775000021 ) ) ;
#3849 = CARTESIAN_POINT ( 'NONE',  ( -1.114408847256999957, -2.661071112480000167, -5.348076923077999645 ) ) ;
#3850 = VERTEX_POINT ( 'NONE', #1712 ) ;
#3851 = CARTESIAN_POINT ( 'NONE',  ( -1.203263094045874171, -0.7267844721372674899, -7.960569339155987301 ) ) ;
#3852 = CARTESIAN_POINT ( 'NONE',  ( 1.399999999999999911, 0.000000000000000000, -12.40000000000000036 ) ) ;
#3853 = CARTESIAN_POINT ( 'NONE',  ( 0.6903603426690000378, -1.226728103412000115, -11.33800117088000015 ) ) ;
#3854 = CARTESIAN_POINT ( 'NONE',  ( -1.399999843322432103, 0.0008671786794870839192, -8.003837474951376763 ) ) ;
#3855 = CARTESIAN_POINT ( 'NONE',  ( 1.390086159697000001, -0.2181519730879999952, -2.558612950781999906 ) ) ;
#3856 = ORIENTED_EDGE ( 'NONE', *, *, #5076, .T. ) ;
#3857 = CARTESIAN_POINT ( 'NONE',  ( -1.439812932702999815, 0.4206408430269999998, -0.2303039929150000054 ) ) ;
#3858 = DIRECTION ( 'NONE',  ( 0.000000000000000000, 0.000000000000000000, 1.000000000000000000 ) ) ;
#3859 = CARTESIAN_POINT ( 'NONE',  ( 1.387774401875999875, -0.2422621943119999677, -3.559981960005000001 ) ) ;
#3860 = CARTESIAN_POINT ( 'NONE',  ( 1.149539377156000075, 0.8058426191029999242, -3.997547387137000197 ) ) ;
#3861 = EDGE_CURVE ( 'NONE', #5281, #4012, #3092, .T. ) ;
#3862 = CARTESIAN_POINT ( 'NONE',  ( -2.562725153494999741, 0.8011194905319999338, -5.688461538471000445 ) ) ;
#3863 = CARTESIAN_POINT ( 'NONE',  ( -1.398664820187865310, 0.06931972291209917425, -3.007728647811063638 ) ) ;
#3864 = CARTESIAN_POINT ( 'NONE',  ( 0.2837035054909999854, 1.202293143427999977, -12.22521109051000110 ) ) ;
#3865 = CARTESIAN_POINT ( 'NONE',  ( -1.075240473600000080, -0.7795309783160000450, -9.092307692307000977 ) ) ;
#3866 = ORIENTED_EDGE ( 'NONE', *, *, #3175, .F. ) ;
#3867 = EDGE_CURVE ( 'NONE', #1857, #3770, #902, .T. ) ;
#3868 = CARTESIAN_POINT ( 'NONE',  ( -1.391513627411918419, -0.1561067311617593822, -3.287322307189462833 ) ) ;
#3869 = CARTESIAN_POINT ( 'NONE',  ( 1.075240473600000080, 6.498758295109999777E-15, -8.400000000000000355 ) ) ;
#3870 = CARTESIAN_POINT ( 'NONE',  ( 0.2361428595390000218, -1.389743087402999899, -10.15782513695999967 ) ) ;
#3871 = CARTESIAN_POINT ( 'NONE',  ( 0.2785762645600000642, 1.383235498055999990, -8.644625268677000207 ) ) ;
#3872 = CARTESIAN_POINT ( 'NONE',  ( -1.369811015360552942, -0.3094423971286520691, -7.486108162020602030 ) ) ;
#3873 = EDGE_CURVE ( 'NONE', #2318, #6015, #4608, .T. ) ;
#3874 = CARTESIAN_POINT ( 'NONE',  ( -0.4792931490019999852, -1.163294262046000282, -12.13302304191999959 ) ) ;
#3875 = APPROVAL_DATE_TIME ( #3936, #6020 ) ;
#3876 = CARTESIAN_POINT ( 'NONE',  ( 1.326985769328000053, 0.4781944443020000324, -4.518694516225999713 ) ) ;
#3877 = CARTESIAN_POINT ( 'NONE',  ( -0.8538319183579999860, -1.115240361998999896, -7.223195110996000423 ) ) ;
#3878 = CARTESIAN_POINT ( 'NONE',  ( 0.6071238121729999326, -1.263331057513999989, -6.343134683475000202 ) ) ;
#3879 = CARTESIAN_POINT ( 'NONE',  ( 0.6651416809710427591, -0.5897773996547569508, -0.2744543435635981021 ) ) ;
#3880 = CARTESIAN_POINT ( 'NONE',  ( -1.959418117459000186, -4.051127429911000277, -4.828846153810999908 ) ) ;
#3881 = CARTESIAN_POINT ( 'NONE',  ( 0.6780876855060000707, 2.283193464108999926, -8.509615384611999289 ) ) ;
#3882 = EDGE_CURVE ( 'NONE', #5610, #247, #3236, .T. ) ;
#3883 = CARTESIAN_POINT ( 'NONE',  ( -0.1524723047840000067, -1.396149241535000085, -10.88744407517000035 ) ) ;
#3884 = CARTESIAN_POINT ( 'NONE',  ( 3.086771334362999664, -1.478060008326999908, -5.694230769237000445 ) ) ;
#3885 = ORIENTED_EDGE ( 'NONE', *, *, #2514, .T. ) ;
#3886 = CARTESIAN_POINT ( 'NONE',  ( 0.000000000000000000, 0.000000000000000000, -12.40000000000000036 ) ) ;
#3887 = CARTESIAN_POINT ( 'NONE',  ( -1.370040652883999899, 0.3264375681869999823, -8.314830166055999783 ) ) ;
#3888 = CARTESIAN_POINT ( 'NONE',  ( 0.09263580788910000252, 1.402720951277000028, -6.134013442044000008 ) ) ;
#3889 = CARTESIAN_POINT ( 'NONE',  ( -0.7251797558729999871, 1.201395166001000048, -4.085570186742000232 ) ) ;
#3890 = ORIENTED_EDGE ( 'NONE', *, *, #825, .T. ) ;
#3891 = CARTESIAN_POINT ( 'NONE',  ( 0.4206408430269999998, 1.439812932702999815, -0.2303039929150000054 ) ) ;
#3892 = CARTESIAN_POINT ( 'NONE',  ( -0.07862110902928000356, 1.411627529119000135, -7.624324280178999658 ) ) ;
#3893 = CARTESIAN_POINT ( 'NONE',  ( -0.8835693661429999679, -1.089896509432999983, -3.725425439067000077 ) ) ;
#3894 = CARTESIAN_POINT ( 'NONE',  ( -2.562725153499000097, -0.8011194905299999780, -5.111538461547000090 ) ) ;
#3895 = CARTESIAN_POINT ( 'NONE',  ( -1.224275686948734565, 0.6895361940076916163, -7.044590464182374667 ) ) ;
#3896 = CARTESIAN_POINT ( 'NONE',  ( 1.075240473600000080, -0.7795309783160000450, -2.457692307692000089 ) ) ;
#3897 = CARTESIAN_POINT ( 'NONE',  ( 1.240712762269999825, -0.4554475461039999562, -11.82162352177000031 ) ) ;
#3898 = CARTESIAN_POINT ( 'NONE',  ( -1.114408847256000090, -2.661071112481999901, -8.798076923068000710 ) ) ;
#3899 = ORIENTED_EDGE ( 'NONE', *, *, #5591, .T. ) ;
#3900 = CARTESIAN_POINT ( 'NONE',  ( -1.396603042832281982, -0.1042089386257869926, -3.290285509420548760 ) ) ;
#3901 = LINE ( 'NONE', #5772, #3930 ) ;
#3902 = CARTESIAN_POINT ( 'NONE',  ( -0.1874742904329999849, 1.400984763803000188, -8.618129475603998557 ) ) ;
#3903 = CARTESIAN_POINT ( 'NONE',  ( -1.319166646135346399, 0.1044161024668037174, -11.76773037673990530 ) ) ;
#3904 = CARTESIAN_POINT ( 'NONE',  ( -0.5472060495380000056, -1.305704048940000028, -8.702835912966000009 ) ) ;
#3905 = MECHANICAL_CONTEXT ( 'NONE', #4034, 'mechanical' ) ;
#3906 = CARTESIAN_POINT ( 'NONE',  ( -0.5138533611299999082, 1.318799477307000201, -4.391659115132999780 ) ) ;
#3907 = CARTESIAN_POINT ( 'NONE',  ( -0.9441663965290000293, 1.035645917537999949, -5.862383125401000150 ) ) ;
#3908 = CARTESIAN_POINT ( 'NONE',  ( -1.340702884274999951, 0.4313797396410000151, -6.820978450191000242 ) ) ;
#3909 = LINE ( 'NONE', #5780, #698 ) ;
#3910 = VECTOR ( 'NONE', #2167, 1000.000000000000000 ) ;
#3911 = CARTESIAN_POINT ( 'NONE',  ( 0.3943163987109999935, 1.243989385699999950, -11.89848841969000048 ) ) ;
#3912 = MANIFOLD_SOLID_BREP ( '2c98a1bd3f0c[1]', #1082 ) ;
#3913 = CARTESIAN_POINT ( 'NONE',  ( -1.319991294888715361, -0.5000533530270284688, -10.97497998320041823 ) ) ;
#3914 = CARTESIAN_POINT ( 'NONE',  ( -1.075240473600000080, -0.7795309783160000450, -6.092307692308000178 ) ) ;
#3915 = VERTEX_POINT ( 'NONE', #3748 ) ;
#3916 = CYLINDRICAL_SURFACE ( 'NONE', #4813, 1.399999999999999911 ) ;
#3917 = CARTESIAN_POINT ( 'NONE',  ( -0.7892170422589999124, 1.164264766071999802, -8.373830655438000647 ) ) ;
#3918 = CARTESIAN_POINT ( 'NONE',  ( -0.9268586430729999215, 1.061045809909999971, -6.071648162747999677 ) ) ;
#3919 = CARTESIAN_POINT ( 'NONE',  ( 1.349695651635999916, 0.3852875262750000140, -5.231662446784999254 ) ) ;
#3920 = ORIENTED_EDGE ( 'NONE', *, *, #3249, .F. ) ;
#3921 = CARTESIAN_POINT ( 'NONE',  ( 1.399999999999999911, -2.641105195205000040E-17, -5.253787892815999783 ) ) ;
#3922 = CARTESIAN_POINT ( 'NONE',  ( -0.7607984106070000418, -1.816692929058000061, -4.073076923073999822 ) ) ;
#3923 = CARTESIAN_POINT ( 'NONE',  ( 1.399999999999999911, 0.1205698629180000092, -11.03935859421999943 ) ) ;
#3924 = CARTESIAN_POINT ( 'NONE',  ( 0.7781991276989999040, 1.168430184508999936, -3.967976805249000094 ) ) ;
#3925 = CARTESIAN_POINT ( 'NONE',  ( 2.562725153494999741, 0.8011194905279999112, -5.861538461524999910 ) ) ;
#3926 = CARTESIAN_POINT ( 'NONE',  ( -0.5370202724200000555, 1.299190936753999770, -3.097618121395000035 ) ) ;
#3927 = CARTESIAN_POINT ( 'NONE',  ( 0.006384874743808999220, 1.406239145543999980, -3.629169657642999702 ) ) ;
#3928 = ORIENTED_EDGE ( 'NONE', *, *, #2254, .T. ) ;
#3929 = CARTESIAN_POINT ( 'NONE',  ( 1.574999999999999956, 1.141848099093000002, -10.06730769230000000 ) ) ;
#3930 = VECTOR ( 'NONE', #1588, 1000.000000000000000 ) ;
#3931 = ORIENTED_EDGE ( 'NONE', *, *, #1355, .T. ) ;
#3932 = CARTESIAN_POINT ( 'NONE',  ( 0.7220009910480000848, -1.220491099310999861, -7.628687582403999912 ) ) ;
#3933 = CARTESIAN_POINT ( 'NONE',  ( -0.3391501310780000167, -1.362999362788000157, -10.19063501547000072 ) ) ;
#3934 = CARTESIAN_POINT ( 'NONE',  ( -1.399999996792079759, -3.902370185297770891E-08, -8.503788199431834727 ) ) ;
#3935 = CARTESIAN_POINT ( 'NONE',  ( 1.399999999999999911, 0.000000000000000000, -12.40000000000000036 ) ) ;
#3936 = DATE_AND_TIME ( #4953, #2680 ) ;
#3937 = ADVANCED_FACE ( 'NONE', ( #67 ), #1370, .T. ) ;
#3938 = CARTESIAN_POINT ( 'NONE',  ( 0.000000000000000000, 0.000000000000000000, -12.40000000000000036 ) ) ;
#3939 = DIRECTION ( 'NONE',  ( 0.000000000000000000, 0.000000000000000000, 1.000000000000000000 ) ) ;
#3940 = CARTESIAN_POINT ( 'NONE',  ( -1.399998429687280055, 0.002170468078538480457, -6.796335168356661960 ) ) ;
#3941 = CARTESIAN_POINT ( 'NONE',  ( -1.387688184811999959, -0.1966566615989999989, -10.49258156832000033 ) ) ;
#3942 = EDGE_CURVE ( 'NONE', #4012, #3273, #8, .T. ) ;
#3943 = CARTESIAN_POINT ( 'NONE',  ( -0.4629252851460000096, 1.558718743917000049, -4.765384615387000089 ) ) ;
#3944 = CARTESIAN_POINT ( 'NONE',  ( -0.4112729443370000126, 1.250400787395999913, -11.85306484885999900 ) ) ;
#3945 = B_SPLINE_CURVE_WITH_KNOTS ( 'NONE', 7,
 ( #242, #2616, #5297, #2157, #4474, #5850, #5395, #3469, #2125, #2096, #2980, #4013, #5887, #5329, #2584, #4869, #695, #3981, #2553, #1635, #3496, #5363, #728, #4445, #3529, #1298, #4622, #3193, #846, #1845, #3704, #816, #3162, #1357, #5480, #3135, #5513, #5052 ),
 .UNSPECIFIED., .F., .F.,
 ( 8, 6, 6, 6, 6, 6, 8 ),
 ( 0.5000050868217574829, 0.6008392076020000472, 0.6968397640750000344, 0.7595835853019999862, 0.8135862016829999988, 0.8675886360900000316, 1.000000000000000000 ),
 .UNSPECIFIED. ) ;
#3946 = DIRECTION ( 'NONE',  ( 1.000000000000000000, 0.000000000000000000, 0.000000000000000000 ) ) ;
#3947 = CARTESIAN_POINT ( 'NONE',  ( -1.959418117455000274, -4.051127429915999834, -6.328846153835000266 ) ) ;
#3948 = ORIENTED_EDGE ( 'NONE', *, *, #5674, .F. ) ;
#3949 = B_SPLINE_CURVE_WITH_KNOTS ( 'NONE', 7,
 ( #3569, #2196, #2529, #1127, #5436, #5895, #1706, #3116, #2104, #1249, #1644, #5371, #4054, #3447, #1613, #1188, #3477, #5306, #219, #2072, #5340, #1158, #3053, #5003, #5029, #2225, #854, #2286, #3262, #5922, #882, #4083, #4600, #1793, #5121, #946, #4659, #3713 ),
 .UNSPECIFIED., .F., .F.,
 ( 8, 6, 6, 6, 6, 6, 8 ),
 ( 0.000000000000000000, 0.09449421708492999894, 0.2228400038130000094, 0.3183944170509999672, 0.4110955535949999962, 0.4810239212960000232, 0.4999956920597110610 ),
 .UNSPECIFIED. ) ;
#3950 = CARTESIAN_POINT ( 'NONE',  ( 0.3528339829080000545, -1.358213637679000163, -7.858562186711000486 ) ) ;
#3951 = CARTESIAN_POINT ( 'NONE',  ( -1.399762166386000040, 0.1112051128050000059, -8.302532789028001403 ) ) ;
#3952 = CARTESIAN_POINT ( 'NONE',  ( 1.399999999999999911, 0.1192072451239999942, -6.247012376986000426 ) ) ;
#3953 = CARTESIAN_POINT ( 'NONE',  ( 1.075240473600000080, 3.950369412924000157E-15, -9.900000000000000355 ) ) ;
#3954 = EDGE_CURVE ( 'NONE', #5, #5127, #976, .T. ) ;
#3955 = ORIENTED_EDGE ( 'NONE', *, *, #1250, .F. ) ;
#3956 = CARTESIAN_POINT ( 'NONE',  ( -1.399999999977970200, 3.038493632281711709E-10, -6.796211797383486797 ) ) ;
#3957 = CARTESIAN_POINT ( 'NONE',  ( 1.959418117459000186, 4.051127429911000277, -4.528846153868999913 ) ) ;
#3958 = CARTESIAN_POINT ( 'NONE',  ( -1.233075625484573612, -0.5353275046578038765, -11.73220233371002763 ) ) ;
#3959 = CYLINDRICAL_SURFACE ( 'NONE', #1677, 1.399999999999999911 ) ;
#3960 = CARTESIAN_POINT ( 'NONE',  ( 1.075240473600000080, 1.580147765169999976E-15, -5.400000000000000355 ) ) ;
#3961 = CARTESIAN_POINT ( 'NONE',  ( -2.107315219974999820, -1.009060281501999778, -2.630769230763000177 ) ) ;
#3962 = EDGE_CURVE ( 'NONE', #1460, #5270, #761, .T. ) ;
#3963 = CARTESIAN_POINT ( 'NONE',  ( -1.399765894272000155, 0.1111622636000000053, -3.510106691140000290 ) ) ;
#3964 = VERTEX_POINT ( 'NONE', #121 ) ;
#3965 = PLANE ( 'NONE',  #440 ) ;
#3966 = ORIENTED_EDGE ( 'NONE', *, *, #2818, .F. ) ;
#3967 = CARTESIAN_POINT ( 'NONE',  ( 1.080553362852999966, -0.9041311081489998847, -7.601693791701999992 ) ) ;
#3968 = CARTESIAN_POINT ( 'NONE',  ( -1.400000000002254108, 0.0002666183712870944813, -2.796226970365922604 ) ) ;
#3969 = CARTESIAN_POINT ( 'NONE',  ( -1.387911337937116851, 0.2408961816432151626, -8.517480989176602790 ) ) ;
#3970 = LINE ( 'NONE', #3935, #995 ) ;
#3971 = APPROVAL_ROLE ( '' ) ;
#3972 = DIRECTION ( 'NONE',  ( 0.000000000000000000, 0.000000000000000000, 1.000000000000000000 ) ) ;
#3973 = CARTESIAN_POINT ( 'NONE',  ( 1.035658886295999892, 0.9593871222600000026, -5.986694602428999978 ) ) ;
#3974 = CARTESIAN_POINT ( 'NONE',  ( -1.399999999999999911, 1.714505518806294391E-16, -12.40000000000000036 ) ) ;
#3975 = DIRECTION ( 'NONE',  ( 0.9769849217530210961, -0.2133083745830045286, 0.000000000000000000 ) ) ;
#3976 = CARTESIAN_POINT ( 'NONE',  ( -1.269433801718000021, -0.5927950091020000034, -10.46901940384999996 ) ) ;
#3977 = CARTESIAN_POINT ( 'NONE',  ( -0.6032831737349999557, 0.6032831737349999557, -0.4196563988270000101 ) ) ;
#3978 = CARTESIAN_POINT ( 'NONE',  ( 1.075240473600000080, 0.7795309783160000450, -8.342307692308999378 ) ) ;
#3979 = DIRECTION ( 'NONE',  ( -4.898587196589000452E-15, 1.000000000000000000, 0.000000000000000000 ) ) ;
#3980 = ORIENTED_EDGE ( 'NONE', *, *, #4627, .F. ) ;
#3981 = CARTESIAN_POINT ( 'NONE',  ( -0.07353703024421999468, -1.401777247514000013, -9.382961367952999510 ) ) ;
#3982 = CARTESIAN_POINT ( 'NONE',  ( -0.9755930046009999579, -1.016182191292999804, -4.939650461764999889 ) ) ;
#3983 = CARTESIAN_POINT ( 'NONE',  ( -0.06615095458647000937, -1.403929749093999924, -9.674979364672999793 ) ) ;
#3984 = CARTESIAN_POINT ( 'NONE',  ( -1.075240473600000080, 0.7795309783160000450, -9.207692307691999645 ) ) ;
#3985 = ORIENTED_EDGE ( 'NONE', *, *, #1717, .T. ) ;
#3986 = LINE ( 'NONE', #2589, #5967 ) ;
#3987 = EDGE_CURVE ( 'NONE', #3747, #1093, #5703, .T. ) ;
#3988 = CARTESIAN_POINT ( 'NONE',  ( 1.337679787042999724, -2.765673762762999921, -4.996153846168000179 ) ) ;
#3989 = CARTESIAN_POINT ( 'NONE',  ( -1.279918693087991999, -0.4057464108417412896, -11.73964105189555873 ) ) ;
#3990 = CARTESIAN_POINT ( 'NONE',  ( 0.4991148102039999479, 1.315121162389000009, -3.950064336231000173 ) ) ;
#3991 = CARTESIAN_POINT ( 'NONE',  ( -0.1059989102600000094, -1.401857678942999952, -3.884770977481000198 ) ) ;
#3992 = CARTESIAN_POINT ( 'NONE',  ( -0.7552614983969999640, -1.187861779681000041, -5.716266346343999771 ) ) ;
#3993 = CARTESIAN_POINT ( 'NONE',  ( -1.385606867756437266, -0.2272639740224536853, -9.283273818376747144 ) ) ;
#3994 = VERTEX_POINT ( 'NONE', #5763 ) ;
#3995 = CARTESIAN_POINT ( 'NONE',  ( 0.8371121632369999954, -1.129245204692000071, -4.328043842911999839 ) ) ;
#3996 = ORIENTED_EDGE ( 'NONE', *, *, #3443, .F. ) ;
#3997 = CARTESIAN_POINT ( 'NONE',  ( 1.324828683577000010, 0.4592259472710000234, -6.727237571586000442 ) ) ;
#3998 = CARTESIAN_POINT ( 'NONE',  ( 1.399999999999999911, -3.429011037612999484E-16, -3.046211797360000251 ) ) ;
#3999 = CARTESIAN_POINT ( 'NONE',  ( 0.8279814781250001143, 0.8668577262749999068, -12.38841345401000105 ) ) ;
#4000 = CARTESIAN_POINT ( 'NONE',  ( -0.4347808445609999684, -1.342406400709999836, -6.696131176376999505 ) ) ;
#4001 = PERSON_AND_ORGANIZATION ( #18446744073709551615, #18446744073709551615 ) ;
#4002 = CARTESIAN_POINT ( 'NONE',  ( -1.026647369640000029, -1.378536982479000139, -11.58181818182000100 ) ) ;
#4003 = AXIS2_PLACEMENT_3D ( 'NONE', #1708, #1678, #255 ) ;
#4004 = CARTESIAN_POINT ( 'NONE',  ( -1.398639122467818074, -0.06258978534220688283, -7.292653111041139447 ) ) ;
#4005 = CARTESIAN_POINT ( 'NONE',  ( -1.393696056274811523, -0.1345954617769322681, -4.788551002973182591 ) ) ;
#4006 = CARTESIAN_POINT ( 'NONE',  ( 1.399999999999999911, -2.824728543431499496E-16, -2.753788184292000008 ) ) ;
#4007 = CARTESIAN_POINT ( 'NONE',  ( 0.000000000000000000, 0.000000000000000000, -12.40000000000000036 ) ) ;
#4008 = CARTESIAN_POINT ( 'NONE',  ( -1.337679787050999991, 2.765673762759000454, -4.246153846163999823 ) ) ;
#4009 = CARTESIAN_POINT ( 'NONE',  ( -1.114408847258000046, 2.661071112481000256, -8.451923076932001067 ) ) ;
#4010 = VECTOR ( 'NONE', #4259, 1000.000000000000114 ) ;
#4011 = CARTESIAN_POINT ( 'NONE',  ( 1.959418117459000186, 4.051127429911000277, -8.578846153821000797 ) ) ;
#4012 = VERTEX_POINT ( 'NONE', #5240 ) ;
#4013 = CARTESIAN_POINT ( 'NONE',  ( -0.6829888207719999604, -1.232044743344999915, -9.419085204116999677 ) ) ;
#4014 = CARTESIAN_POINT ( 'NONE',  ( -0.9755293260999999827, -1.016243322460000043, -3.439645475022000465 ) ) ;
#4015 = VECTOR ( 'NONE', #494, 1000.000000000000114 ) ;
#4016 = CARTESIAN_POINT ( 'NONE',  ( 1.363290639417999994, -0.3620380215840000027, -9.566874230008998836 ) ) ;
#4017 = CARTESIAN_POINT ( 'NONE',  ( 1.075240473600000080, 3.160295530338999676E-15, -8.400000000000000355 ) ) ;
#4018 = VERTEX_POINT ( 'NONE', #2036 ) ;
#4019 = EDGE_CURVE ( 'NONE', #2821, #1790, #4212, .T. ) ;
#4020 = CARTESIAN_POINT ( 'NONE',  ( 0.03263143440725999739, -1.409247076418000066, -5.376923753604000211 ) ) ;
#4021 = CARTESIAN_POINT ( 'NONE',  ( 1.439812932702999815, 0.4206408430269999998, -0.2303039929150000054 ) ) ;
#4022 = FACE_OUTER_BOUND ( 'NONE', #4740, .T. ) ;
#4023 = CARTESIAN_POINT ( 'NONE',  ( -1.399999999978613463, 2.925259711441442908E-10, -3.796211797382677666 ) ) ;
#4024 = CARTESIAN_POINT ( 'NONE',  ( 1.076836046997000196, -0.9061472704099999831, -3.809468906016999945 ) ) ;
#4025 = B_SPLINE_CURVE_WITH_KNOTS ( 'NONE', 7,
 ( #1815, #418, #4102, #4164, #361, #1784, #6031, #336, #3161, #5915, #1726, #4963, #788, #1297, #5081, #5051, #4046, #388, #4621, #2215, #5538, #4589, #2674, #2189, #2705, #2245, #4131, #2307, #5941, #4559, #2765, #2646 ),
 .UNSPECIFIED., .F., .F.,
 ( 8, 6, 6, 6, 6, 8 ),
 ( 0.000000000000000000, 0.09865484459133000428, 0.2079019804499999957, 0.2606392910570000110, 0.4046199695290000342, 0.4999915907728340603 ),
 .UNSPECIFIED. ) ;
#4026 = CARTESIAN_POINT ( 'NONE',  ( -1.395202358792008823, -0.1517533104746655870, -9.287586485725380925 ) ) ;
#4027 = ORIENTED_EDGE ( 'NONE', *, *, #3873, .T. ) ;
#4028 = DIRECTION ( 'NONE',  ( 0.000000000000000000, 0.000000000000000000, 1.000000000000000000 ) ) ;
#4029 = ORIENTED_EDGE ( 'NONE', *, *, #732, .T. ) ;
#4030 = CARTESIAN_POINT ( 'NONE',  ( 0.1396619719759999989, 1.403556450179000104, -6.636701557583999822 ) ) ;
#4031 = LINE ( 'NONE', #5411, #2088 ) ;
#4032 = CARTESIAN_POINT ( 'NONE',  ( 1.257765463819999985, 0.6241556487239998674, -5.509569111916000850 ) ) ;
#4033 = CARTESIAN_POINT ( 'NONE',  ( 1.326833837404000072, -0.4786806542619999605, -6.573756695321999466 ) ) ;
#4034 = APPLICATION_CONTEXT ( 'configuration controlled 3d designs of mechanical parts and assemblies' ) ;
#4035 = AXIS2_PLACEMENT_3D ( 'NONE', #1159, #704, #317 ) ;
#4036 = CARTESIAN_POINT ( 'NONE',  ( -0.08300526979773999170, -1.573236784856999915, -11.53636363635999906 ) ) ;
#4037 = CARTESIAN_POINT ( 'NONE',  ( -1.399914701051949928, -0.01752328434003034424, -7.002792157403156637 ) ) ;
#4038 = CARTESIAN_POINT ( 'NONE',  ( 1.369787254608999971, -0.3286842980790000146, -4.564957191447999385 ) ) ;
#4039 = CARTESIAN_POINT ( 'NONE',  ( -1.387534137071000151, 0.2333720700249999891, -9.309485697611998845 ) ) ;
#4040 = CARTESIAN_POINT ( 'NONE',  ( -1.203254007698448147, -0.7268000397969717197, -5.252990216232345411 ) ) ;
#4041 = CC_DESIGN_APPROVAL ( #4410, ( #5491 ) ) ;
#4042 = CARTESIAN_POINT ( 'NONE',  ( 3.753850618407000184, 1.173470705912999845, -3.086538461533999911 ) ) ;
#4043 = CARTESIAN_POINT ( 'NONE',  ( -0.7403765613620000297, 1.086543343972000031, -11.83271561369000047 ) ) ;
#4044 = CARTESIAN_POINT ( 'NONE',  ( 3.086771334365999930, 1.478060008326999908, -9.155769230810999915 ) ) ;
#4045 = EDGE_CURVE ( 'NONE', #712, #99, #609, .T. ) ;
#4046 = CARTESIAN_POINT ( 'NONE',  ( 0.1053977210119999980, 1.399177634575999862, -5.634770119180999792 ) ) ;
#4047 = CARTESIAN_POINT ( 'NONE',  ( -0.5728962258110000816, -1.283098537645999793, -7.912221396745000135 ) ) ;
#4048 = CARTESIAN_POINT ( 'NONE',  ( 0.4822477050800000331, -1.316070615941999922, -3.350839370620000146 ) ) ;
#4049 = CARTESIAN_POINT ( 'NONE',  ( 1.044299753992000257, 0.9483559618479998621, -5.195125002191000263 ) ) ;
#4050 = ORIENTED_EDGE ( 'NONE', *, *, #2091, .F. ) ;
#4051 = FACE_OUTER_BOUND ( 'NONE', #5216, .T. ) ;
#4052 = CARTESIAN_POINT ( 'NONE',  ( 0.6032831737349999557, 0.6032831737349999557, -0.9202546635849999657 ) ) ;
#4053 = DIRECTION ( 'NONE',  ( 0.000000000000000000, 0.000000000000000000, 1.000000000000000000 ) ) ;
#4054 = CARTESIAN_POINT ( 'NONE',  ( 0.3966028388429999607, 1.352300302948999944, -4.943956321152999323 ) ) ;
#4055 = CARTESIAN_POINT ( 'NONE',  ( 0.8324116469370000937, -1.134799183816000090, -3.828414174471999942 ) ) ;
#4056 = CARTESIAN_POINT ( 'NONE',  ( 0.8609173089499999598, 1.110699740918000167, -3.681279714028999894 ) ) ;
#4057 = EDGE_LOOP ( 'NONE', ( #5644, #3453, #4060, #431, #2832, #5409, #3468, #4605, #4714 ) ) ;
#4058 = ADVANCED_FACE ( 'NONE', ( #2433 ), #184, .T. ) ;
#4059 = CARTESIAN_POINT ( 'NONE',  ( -1.098755922316000166, 0.8716919309270000360, -9.557159576226998965 ) ) ;
#4060 = ORIENTED_EDGE ( 'NONE', *, *, #1473, .F. ) ;
#4061 = CARTESIAN_POINT ( 'NONE',  ( -1.389778313312999947, 0.2193555441320000077, -5.016257694647999976 ) ) ;
#4062 = DIRECTION ( 'NONE',  ( 1.000000000000000000, 0.000000000000000000, 0.000000000000000000 ) ) ;
#4063 = CARTESIAN_POINT ( 'NONE',  ( -1.216071881041999925, 0.1910795016290000037, -12.23014178077000125 ) ) ;
#4064 = CARTESIAN_POINT ( 'NONE',  ( -0.3502828191310000117, 1.358873817594999922, -4.108711614870000695 ) ) ;
#4065 = FACE_OUTER_BOUND ( 'NONE', #464, .T. ) ;
#4066 = EDGE_CURVE ( 'NONE', #2201, #2396, #613, .T. ) ;
#4067 = CARTESIAN_POINT ( 'NONE',  ( -1.255257257429999829, 0.6289871183019999368, -4.540739780424000394 ) ) ;
#4068 = CARTESIAN_POINT ( 'NONE',  ( 0.1252936813069999988, -1.404797588052999924, -7.164127993246999893 ) ) ;
#4069 = CARTESIAN_POINT ( 'NONE',  ( -1.399999842957758922, 0.0008681884138232370601, -6.796261145816402838 ) ) ;
#4070 = EDGE_CURVE ( 'NONE', #3850, #5700, #254, .T. ) ;
#4071 = CARTESIAN_POINT ( 'NONE',  ( 1.213967690621000184, 0.7081310194850000128, -9.504207372896999573 ) ) ;
#4072 = CARTESIAN_POINT ( 'NONE',  ( 1.075240473600000080, 5.773159728051000181E-15, -5.400000000000000355 ) ) ;
#4073 = CARTESIAN_POINT ( 'NONE',  ( 1.114408847255000001, 2.661071112481999901, -3.548076923072000177 ) ) ;
#4074 = CARTESIAN_POINT ( 'NONE',  ( 3.753850618405000006, 1.173470705918000068, -8.636538461559000623 ) ) ;
#4075 = CARTESIAN_POINT ( 'NONE',  ( 1.317946782369000092, 0.000000000000000000, -11.79072960775999945 ) ) ;
#4076 = CARTESIAN_POINT ( 'NONE',  ( -1.399997569750028648, 0.002645583861053497996, -11.29636217430995693 ) ) ;
#4077 = CARTESIAN_POINT ( 'NONE',  ( 0.7275694723620000914, -1.199949451326000061, -3.335411811973000074 ) ) ;
#4078 = CARTESIAN_POINT ( 'NONE',  ( 1.399999999999999911, -3.429011037612999484E-16, -9.253788202639999128 ) ) ;
#4079 = CARTESIAN_POINT ( 'NONE',  ( 0.4629252851469999874, 1.558718743917000049, -8.284615384611001332 ) ) ;
#4080 = VERTEX_POINT ( 'NONE', #1220 ) ;
#4081 = CARTESIAN_POINT ( 'NONE',  ( 1.399999999999999911, 1.885956070686999931E-15, -8.253787892815998006 ) ) ;
#4082 = DIRECTION ( 'NONE',  ( 0.000000000000000000, 0.000000000000000000, 1.000000000000000000 ) ) ;
#4083 = CARTESIAN_POINT ( 'NONE',  ( -1.392901101894817639, 0.1428104677785570487, -4.804342927319161127 ) ) ;
#4084 = CARTESIAN_POINT ( 'NONE',  ( -0.5408045574100001085, -1.307535306311999879, -3.910033420648000302 ) ) ;
#4085 = CARTESIAN_POINT ( 'NONE',  ( -0.3530006535699999892, -1.372777878328999890, -9.191226213108999232 ) ) ;
#4086 = VERTEX_POINT ( 'NONE', #3084 ) ;
#4087 = CARTESIAN_POINT ( 'NONE',  ( 1.090026827593000069, 0.3099358766850000002, -12.40000000000000036 ) ) ;
#4088 = B_SPLINE_SURFACE_WITH_KNOTS ( 'NONE', 13, 1, ( 
 ( #1513, #4326 ),
 ( #5730, #3377 ),
 ( #2498, #183 ),
 ( #5893, #3922 ),
 ( #5434, #4941 ),
 ( #2131, #4974 ),
 ( #1704, #5369 ),
 ( #3957, #2560 ),
 ( #3083, #1186 ),
 ( #1156, #4911 ),
 ( #3567, #5401 ),
 ( #4875, #701 ),
 ( #795, #1219 ),
 ( #2070, #5796 ),
 ( #3051, #1611 ),
 ( #1247, #4420 ),
 ( #3475, #249 ),
 ( #5825, #2102 ),
 ( #5338, #3988 ),
 ( #314, #5858 ),
 ( #767, #736 ),
 ( #2590, #3018 ),
 ( #1672, #4511 ),
 ( #1642, #3503 ),
 ( #4451, #282 ),
 ( #3114, #3537 ) ),
 .UNSPECIFIED., .F., .F., .F.,
 ( 14, 12, 14 ),
 ( 2, 2 ),
 ( 0.000000000000000000, 9.454572418137001222, 18.90914483627499720 ),
 ( 0.000000000000000000, 1.000000000000000000 ),
 .UNSPECIFIED. ) ;
#4089 = ORIENTED_EDGE ( 'NONE', *, *, #4229, .F. ) ;
#4090 = CARTESIAN_POINT ( 'NONE',  ( -1.399999844227877821, 0.0008646697446581093566, -5.003837332342648381 ) ) ;
#4091 = CARTESIAN_POINT ( 'NONE',  ( 1.209055555660000003, 0.7167707256559999740, -10.50364522403000045 ) ) ;
#4092 = CARTESIAN_POINT ( 'NONE',  ( 0.1910637292300000067, 1.393611853354000063, -5.432066970313999654 ) ) ;
#4093 = CARTESIAN_POINT ( 'NONE',  ( 1.274856314428000070, 0.6001469051120000842, -4.218794786780000194 ) ) ;
#4094 = CARTESIAN_POINT ( 'NONE',  ( 0.6252841936660000766, 1.269111152135000031, -6.457661152471000143 ) ) ;
#4095 = CARTESIAN_POINT ( 'NONE',  ( -1.399999999826275099, 2.972316830961095851E-09, -4.503787890961480578 ) ) ;
#4096 = CARTESIAN_POINT ( 'NONE',  ( 1.390186980606000100, -0.2170396200670000053, -6.766124412299000745 ) ) ;
#4097 = CARTESIAN_POINT ( 'NONE',  ( 0.9900320120909998911, -0.9935900180600000242, -4.608851256539000296 ) ) ;
#4098 = CARTESIAN_POINT ( 'NONE',  ( -0.8810122244679999826, 1.100849124450999916, -7.867494062040999658 ) ) ;
#4099 = DIRECTION ( 'NONE',  ( 1.000000000000000000, 0.000000000000000000, 0.000000000000000000 ) ) ;
#4100 = CARTESIAN_POINT ( 'NONE',  ( -2.562725153499000097, -0.8011194905290000001, -3.611538461543000178 ) ) ;
#4101 = CARTESIAN_POINT ( 'NONE',  ( -0.6198629939511246523, 1.258640624658931673, -2.592363808191939345 ) ) ;
#4102 = CARTESIAN_POINT ( 'NONE',  ( 1.387194107603000104, 0.2479460961420000553, -5.739694972342999968 ) ) ;
#4103 = CARTESIAN_POINT ( 'NONE',  ( -0.9944829756510001895, 0.9892029030870002071, -11.35849660819000029 ) ) ;
#4104 = CARTESIAN_POINT ( 'NONE',  ( 0.6682854553100000539, -1.233322269084999867, -3.339268695232000095 ) ) ;
#4105 = CARTESIAN_POINT ( 'NONE',  ( -3.753850618402000183, -1.173470705916999979, -3.386538461537000000 ) ) ;
#4106 = CARTESIAN_POINT ( 'NONE',  ( 1.324748148831000005, 0.4853049543619999961, -9.225852079781999393 ) ) ;
#4107 = CIRCLE ( 'NONE', #1470, 4.948166881526999461 ) ;
#4108 = VERTEX_POINT ( 'NONE', #367 ) ;
#4109 = CARTESIAN_POINT ( 'NONE',  ( -0.4299276166640000341, -1.339336227740999918, -8.403514770423999636 ) ) ;
#4110 = CARTESIAN_POINT ( 'NONE',  ( -1.399380513974483931, -0.05453011165405615562, -3.000688285722726167 ) ) ;
#4111 = CARTESIAN_POINT ( 'NONE',  ( -1.098764179046999967, 0.8716816503250000014, -8.057158828151001373 ) ) ;
#4112 = CARTESIAN_POINT ( 'NONE',  ( 0.9208253770290000251, -1.066279930476000226, -3.822099352151000051 ) ) ;
#4113 = CIRCLE ( 'NONE', #421, 4.948166881526999461 ) ;
#4114 = FACE_OUTER_BOUND ( 'NONE', #929, .T. ) ;
#4115 = ORIENTED_EDGE ( 'NONE', *, *, #5499, .T. ) ;
#4116 = CARTESIAN_POINT ( 'NONE',  ( 2.562725153500000186, -0.8011194905319999338, -10.93846153840000035 ) ) ;
#4117 = ORIENTED_EDGE ( 'NONE', *, *, #13, .T. ) ;
#4118 = CARTESIAN_POINT ( 'NONE',  ( -1.399762899968000074, 0.1111966918970000023, -5.010108648434000500 ) ) ;
#4119 = DIRECTION ( 'NONE',  ( 4.350154311376000520E-15, 0.000000000000000000, -1.000000000000000000 ) ) ;
#4120 = CARTESIAN_POINT ( 'NONE',  ( -1.399999999984130161, 0.0004323023846906034508, -5.296236369743340333 ) ) ;
#4121 = CARTESIAN_POINT ( 'NONE',  ( -1.267521412387047519, -0.6167182835760594006, -6.760195692591890904 ) ) ;
#4122 = CARTESIAN_POINT ( 'NONE',  ( -1.376960734702999956, 0.2571856302809999439, -6.310907568276999058 ) ) ;
#4123 = CARTESIAN_POINT ( 'NONE',  ( -1.399973781216750535, 0.008868800934092896382, -4.504292006746610788 ) ) ;
#4124 = ORIENTED_EDGE ( 'NONE', *, *, #1425, .T. ) ;
#4125 = CARTESIAN_POINT ( 'NONE',  ( 0.8350312153289999317, -1.132689700243999731, -6.828224559947000394 ) ) ;
#4126 = CARTESIAN_POINT ( 'NONE',  ( -1.399999999977970200, 3.038493632281711709E-10, -6.796211797383486797 ) ) ;
#4127 = CARTESIAN_POINT ( 'NONE',  ( -0.4655493603050000484, 1.325651921441000081, -7.894351321640999508 ) ) ;
#4128 = CARTESIAN_POINT ( 'NONE',  ( 1.045765555437000227, -0.9489373424189999628, -5.104911215678000325 ) ) ;
#4129 = CARTESIAN_POINT ( 'NONE',  ( 0.4629252851460000096, -1.558718743917000049, -2.515384615384000266 ) ) ;
#4130 = CARTESIAN_POINT ( 'NONE',  ( -0.1531733132530000152, -0.7015571599400000080, -5.000000000000000000 ) ) ;
#4131 = CARTESIAN_POINT ( 'NONE',  ( -1.281389774914543755, 0.5849161985336311931, -5.537848754994193712 ) ) ;
#4132 = CARTESIAN_POINT ( 'NONE',  ( 0.000000000000000000, 0.000000000000000000, -12.40000000000000036 ) ) ;
#4133 = EDGE_CURVE ( 'NONE', #4218, #4139, #2224, .T. ) ;
#4134 = CARTESIAN_POINT ( 'NONE',  ( 0.000000000000000000, 0.000000000000000000, -2.399999999999999911 ) ) ;
#4135 = AXIS2_PLACEMENT_3D ( 'NONE', #4220, #1953, #4759 ) ;
#4136 = DIRECTION ( 'NONE',  ( 0.000000000000000000, 0.000000000000000000, 1.000000000000000000 ) ) ;
#4137 = CARTESIAN_POINT ( 'NONE',  ( -1.399994313567068271, 0.004524498213043712941, -9.004045069625052022 ) ) ;
#4138 = B_SPLINE_SURFACE_WITH_KNOTS ( 'NONE', 13, 1, ( 
 ( #1880, #5638 ),
 ( #3736, #1503 ),
 ( #5608, #3847 ),
 ( #58, #1911 ),
 ( #1444, #541 ),
 ( #2395, #3367 ),
 ( #1048, #4768 ),
 ( #595, #2452 ),
 ( #2581, #5750 ),
 ( #5423, #3492 ),
 ( #1567, #1600 ),
 ( #4865, #2613 ),
 ( #2090, #3432 ),
 ( #1238, #2548 ),
 ( #724, #272 ),
 ( #3037, #5325 ),
 ( #1661, #1208 ),
 ( #5359, #3558 ),
 ( #3524, #3073 ),
 ( #5391, #1175 ),
 ( #1693, #2122 ),
 ( #4441, #5293 ),
 ( #4009, #4900 ),
 ( #3881, #4931 ),
 ( #5846, #3978 ),
 ( #5782, #755 ) ),
 .UNSPECIFIED., .F., .F., .F.,
 ( 14, 12, 14 ),
 ( 2, 2 ),
 ( 0.000000000000000000, 9.454572418137001222, 18.90914483627499720 ),
 ( 0.000000000000000000, 1.000000000000000000 ),
 .UNSPECIFIED. ) ;
#4139 = VERTEX_POINT ( 'NONE', #3052 ) ;
#4140 = CARTESIAN_POINT ( 'NONE',  ( 1.058143138334999955, -0.9205268664069998774, -4.310762007292000320 ) ) ;
#4141 = CARTESIAN_POINT ( 'NONE',  ( -1.399614882458877441, -0.03398828735021144215, -8.501856137615241948 ) ) ;
#4142 = CARTESIAN_POINT ( 'NONE',  ( -0.2984223350830000343, -1.317902860243000074, -11.66395564109999938 ) ) ;
#4143 = CARTESIAN_POINT ( 'NONE',  ( 1.122896205424000149, 0.8538414841569998970, -8.202046164408001161 ) ) ;
#4144 = EDGE_CURVE ( 'NONE', #570, #4149, #5458, .T. ) ;
#4145 = CARTESIAN_POINT ( 'NONE',  ( -1.130085414903999830, -0.8456507567119999624, -7.745082313275999830 ) ) ;
#4146 = CARTESIAN_POINT ( 'NONE',  ( 1.019350357161999954, -0.9622710310940000289, -5.813995282341999804 ) ) ;
#4147 = ORIENTED_EDGE ( 'NONE', *, *, #3284, .F. ) ;
#4148 = CARTESIAN_POINT ( 'NONE',  ( -1.254489885054000053, 0.6308367216329999749, -9.540854288096999980 ) ) ;
#4149 = VERTEX_POINT ( 'NONE', #5826 ) ;
#4150 = CARTESIAN_POINT ( 'NONE',  ( -2.101570034747999905E-15, 0.000000000000000000, -0.2303039929150000054 ) ) ;
#4151 = CARTESIAN_POINT ( 'NONE',  ( -0.6212998000870000315, 1.267714845255000000, -11.09253220795999972 ) ) ;
#4152 = CARTESIAN_POINT ( 'NONE',  ( -1.226811830005956949, 0.04406605244202410621, -12.22140914269800760 ) ) ;
#4153 = CARTESIAN_POINT ( 'NONE',  ( -1.399999996436557259, -3.884890507365227307E-08, -4.003788200438926026 ) ) ;
#4154 = ADVANCED_FACE ( 'NONE', ( #4022 ), #5894, .T. ) ;
#4155 = CARTESIAN_POINT ( 'NONE',  ( -0.8295334713510000846, 1.142653464734000091, -6.371208566497999826 ) ) ;
#4156 = CARTESIAN_POINT ( 'NONE',  ( 1.075240473600000080, 5.267159217232000209E-15, -12.40000000000000036 ) ) ;
#4157 = ORIENTED_EDGE ( 'NONE', *, *, #3433, .F. ) ;
#4158 = CARTESIAN_POINT ( 'NONE',  ( -0.3813928862000000031, -1.357006623156999936, -6.900631067950000030 ) ) ;
#4159 = CARTESIAN_POINT ( 'NONE',  ( -1.399999997840383426, 1.074715403476256270E-14, -3.296212107668686997 ) ) ;
#4160 = CARTESIAN_POINT ( 'NONE',  ( -1.379263762265999782, 0.2555602767519999929, -7.810799184471000522 ) ) ;
#4161 = CARTESIAN_POINT ( 'NONE',  ( -0.3139625763680000126, -1.375688129912999935, -5.189076810266000095 ) ) ;
#4162 = CARTESIAN_POINT ( 'NONE',  ( 0.7607984106070000418, -1.816692929058999928, -2.976923076918000177 ) ) ;
#4163 = CARTESIAN_POINT ( 'NONE',  ( -1.388320562054999874, 0.2367805770813393162, -7.309670404917906872 ) ) ;
#4164 = CARTESIAN_POINT ( 'NONE',  ( 1.361575832546000120, 0.3703257196990000222, -5.732648726378999804 ) ) ;
#4165 = CARTESIAN_POINT ( 'NONE',  ( -0.7607984106070000418, -1.816692929056999972, -10.07307692308000036 ) ) ;
#4166 = DIRECTION ( 'NONE',  ( 0.000000000000000000, 0.000000000000000000, -1.000000000000000000 ) ) ;
#4167 = CARTESIAN_POINT ( 'NONE',  ( 0.7607984106080000197, 1.816692929058999928, -3.323076923073000177 ) ) ;
#4168 = CARTESIAN_POINT ( 'NONE',  ( 1.362252502234999829, 0.3670782491349999788, -9.232835548686999516 ) ) ;
#4169 =( BOUNDED_CURVE ( )  B_SPLINE_CURVE ( 2, ( #1285, #2692, #1802 ),
 .UNSPECIFIED., .F., .F. ) 
 B_SPLINE_CURVE_WITH_KNOTS ( ( 3, 3 ),
 ( 0.000000000000000000, 1.000000000000000000 ),
 .UNSPECIFIED. ) 
 CURVE ( )  GEOMETRIC_REPRESENTATION_ITEM ( )  RATIONAL_B_SPLINE_CURVE ( ( 1.000000000000000000, 1.002765153013043919, 1.000000000000000000 ) ) 
 REPRESENTATION_ITEM ( '' )  );
#4170 = ORIENTED_EDGE ( 'NONE', *, *, #4884, .F. ) ;
#4171 = CARTESIAN_POINT ( 'NONE',  ( -0.8522630330970000223, -1.117856506625999780, -4.430646315074000974 ) ) ;
#4172 = CARTESIAN_POINT ( 'NONE',  ( -1.399422346009847828, -0.04078369522779969752, -8.501469734304688330 ) ) ;
#4173 = CARTESIAN_POINT ( 'NONE',  ( -1.359887951386999916, -0.3404190049179999789, -2.984266166318999769 ) ) ;
#4174 = CARTESIAN_POINT ( 'NONE',  ( -1.399997650009977779, 0.002601531120005598583, -8.003936056071180971 ) ) ;
#4175 = CARTESIAN_POINT ( 'NONE',  ( 1.230417544345999925, -0.6781411772600000054, -9.086280362311999426 ) ) ;
#4176 = ADVANCED_FACE ( 'NONE', ( #737 ), #4512, .T. ) ;
#4177 = VERTEX_POINT ( 'NONE', #2591 ) ;
#4178 = CARTESIAN_POINT ( 'NONE',  ( -1.167816853817999823, 0.7744363001839998928, -9.550388263762000562 ) ) ;
#4179 = CARTESIAN_POINT ( 'NONE',  ( 1.399999999999999911, -3.429011037612999484E-16, -7.753788202640000016 ) ) ;
#4180 = DIRECTION ( 'NONE',  ( 1.000000000000000000, 0.000000000000000000, 1.319112643190696996E-15 ) ) ;
#4181 = CARTESIAN_POINT ( 'NONE',  ( -0.7336212389399999756, 1.203873838413999975, -11.08525573811999898 ) ) ;
#4182 = CARTESIAN_POINT ( 'NONE',  ( -1.369412950954000063, -0.3069402912620000090, -6.278661915160000717 ) ) ;
#4183 = CARTESIAN_POINT ( 'NONE',  ( 0.8902958134180001259, -1.093758156574999862, -2.616834775477000274 ) ) ;
#4184 = B_SPLINE_CURVE_WITH_KNOTS ( 'NONE', 8,
 ( #5678, #1833, #437, #4724, #3750, #3322, #2406, #5589, #553, #4182, #11, #4267, #1947, #3238, #3269, #2785, #4697, #3297, #1402, #3804, #5159, #1893, #3691, #1862, #5099, #3721, #978, #1488, #890, #5622, #924, #1430, #2816, #3351, #2752, #4610, #2296, #525, #5557, #1007, #1372, #5649, #4241, #2842 ),
 .UNSPECIFIED., .F., .F.,
 ( 9, 7, 7, 7, 7, 7, 9 ),
 ( 0.6515950066096792836, 0.6642715369930000113, 0.7114095454579999478, 0.7682534716999999125, 0.8472658942090000034, 0.9349444968239999376, 1.000000000000000000 ),
 .UNSPECIFIED. ) ;
#4185 = CARTESIAN_POINT ( 'NONE',  ( -0.3904727550150000059, 1.351246439397999932, -6.398837824267999963 ) ) ;
#4186 = DIRECTION ( 'NONE',  ( 1.000000000000000000, 0.000000000000000000, 0.000000000000000000 ) ) ;
#4187 = ORIENTED_EDGE ( 'NONE', *, *, #1805, .T. ) ;
#4188 = CARTESIAN_POINT ( 'NONE',  ( 0.6780876855060000707, 2.283193464108999926, -8.059615384609999822 ) ) ;
#4189 = CARTESIAN_POINT ( 'NONE',  ( -1.399999999881990753, -3.707519588856800067E-08, -9.003787889056516391 ) ) ;
#4190 = CARTESIAN_POINT ( 'NONE',  ( 1.045626641371000254, -0.9490904085519998867, -11.10492286434000064 ) ) ;
#4191 = CARTESIAN_POINT ( 'NONE',  ( 0.6780876855060000707, 2.283193464108999926, -7.009615384613999467 ) ) ;
#4192 = B_SPLINE_SURFACE_WITH_KNOTS ( 'NONE', 13, 1, ( 
 ( #4530, #4072 ),
 ( #5965, #5938 ),
 ( #1747, #3607 ),
 ( #1294, #3636 ),
 ( #2701, #5508 ),
 ( #1323, #3189 ),
 ( #2729, #4584 ),
 ( #414, #2273 ),
 ( #3276, #960 ),
 ( #560, #2363 ),
 ( #984, #2412 ),
 ( #4221, #1954 ),
 ( #933, #3303 ),
 ( #5137, #4273 ),
 ( #1014, #1410 ),
 ( #2824, #1929 ),
 ( #4673, #2849 ),
 ( #2331, #503 ),
 ( #102, #476 ),
 ( #1494, #3358 ),
 ( #4705, #2877 ),
 ( #3812, #531 ),
 ( #3329, #5191 ),
 ( #4191, #588 ),
 ( #5684, #20 ),
 ( #51, #5219 ) ),
 .UNSPECIFIED., .F., .F., .F.,
 ( 14, 12, 14 ),
 ( 2, 2 ),
 ( 0.000000000000000000, 9.454572418137001222, 18.90914483627499720 ),
 ( 0.000000000000000000, 1.000000000000000000 ),
 .UNSPECIFIED. ) ;
#4193 = CARTESIAN_POINT ( 'NONE',  ( -1.319970947411027717, -0.5001154095967309532, -8.267398747809091120 ) ) ;
#4194 = CARTESIAN_POINT ( 'NONE',  ( 1.215133147426947335, 0.7013005047700896499, -2.712142575674138634 ) ) ;
#4195 = CARTESIAN_POINT ( 'NONE',  ( -3.753850618407000184, -1.173470705920000023, -11.33653846154999911 ) ) ;
#4196 = CARTESIAN_POINT ( 'NONE',  ( 0.9374999999996350697, 0.000000000000000000, -0.8303039929149998999 ) ) ;
#4197 = CARTESIAN_POINT ( 'NONE',  ( 1.399999999999999911, -3.429011037612999484E-16, -6.046211797359999807 ) ) ;
#4198 = CARTESIAN_POINT ( 'NONE',  ( -1.330166248091999792, -0.4669603686799999598, -5.769351451570000400 ) ) ;
#4199 = CARTESIAN_POINT ( 'NONE',  ( 1.397846756600999774, 0.000000000000000000, -2.399999999999999911 ) ) ;
#4200 = ORIENTED_EDGE ( 'NONE', *, *, #3882, .F. ) ;
#4201 = FACE_OUTER_BOUND ( 'NONE', #224, .T. ) ;
#4202 = CARTESIAN_POINT ( 'NONE',  ( 0.000000000000000000, 0.000000000000000000, -12.40000000000000036 ) ) ;
#4203 = AXIS2_PLACEMENT_3D ( 'NONE', #1454, #3858, #1060 ) ;
#4204 = CARTESIAN_POINT ( 'NONE',  ( 0.5770824701750000285, -1.284295411071000093, -2.845176169334000083 ) ) ;
#4205 = CARTESIAN_POINT ( 'NONE',  ( -0.02876538593070000066, -1.413175143130000144, -10.67286665157999970 ) ) ;
#4206 = ADVANCED_FACE ( 'NONE', ( #1305 ), #5947, .T. ) ;
#4207 = CARTESIAN_POINT ( 'NONE',  ( -2.107315219973999731, -1.009060281501999778, -5.630769230764999911 ) ) ;
#4208 = ORIENTED_EDGE ( 'NONE', *, *, #2909, .T. ) ;
#4209 = CARTESIAN_POINT ( 'NONE',  ( 1.574999999999999956, -0.8996378962550000136, -11.67045454544999927 ) ) ;
#4210 = CARTESIAN_POINT ( 'NONE',  ( 1.388028367845000055, 0.2397312780560000023, -7.740161802628000132 ) ) ;
#4211 = CARTESIAN_POINT ( 'NONE',  ( 0.3988975798739999856, 1.350303550892999915, -9.944065077064999869 ) ) ;
#4212 = CIRCLE ( 'NONE', #1576, 0.9313806714460000080 ) ;
#4213 = CARTESIAN_POINT ( 'NONE',  ( 0.8609171255660000854, 1.110699885981000001, -11.18127970079999933 ) ) ;
#4214 = CARTESIAN_POINT ( 'NONE',  ( 1.399999999999999911, 3.429011037612999484E-16, -4.046212107184000040 ) ) ;
#4215 = CARTESIAN_POINT ( 'NONE',  ( 1.301595813327000029, -0.5345826505460000710, -2.577213950253000263 ) ) ;
#4216 = CARTESIAN_POINT ( 'NONE',  ( 1.203718578368999870, 0.7230190302760000076, -6.503180084300999475 ) ) ;
#4217 = LINE ( 'NONE', #1010, #4918 ) ;
#4218 = VERTEX_POINT ( 'NONE', #853 ) ;
#4219 = CARTESIAN_POINT ( 'NONE',  ( -2.107315219973999731, -1.009060281501999778, -7.130769230768000178 ) ) ;
#4220 = CARTESIAN_POINT ( 'NONE',  ( 0.000000000000000000, 0.000000000000000000, -11.40000000000000036 ) ) ;
#4221 = CARTESIAN_POINT ( 'NONE',  ( -0.6780876855060000707, -2.283193464108999926, -6.259615384615000444 ) ) ;
#4222 = CARTESIAN_POINT ( 'NONE',  ( 1.219878099608000088, -0.6975484199329999857, -8.087529334484001353 ) ) ;
#4223 = CARTESIAN_POINT ( 'NONE',  ( 0.7043499200334336630, 1.223581986389148391, -2.670410639607948333 ) ) ;
#4224 = CARTESIAN_POINT ( 'NONE',  ( 3.086771334364999841, 1.478060008326999908, -11.10576923077999822 ) ) ;
#4225 = CARTESIAN_POINT ( 'NONE',  ( 0.5143455142180000106, -1.186591673257999968, -2.399999999999999911 ) ) ;
#4226 = CARTESIAN_POINT ( 'NONE',  ( -1.267519415092328794, -0.6167227219130106963, -6.467773358989140853 ) ) ;
#4227 = CARTESIAN_POINT ( 'NONE',  ( 0.005031256057848000271, -1.408280916899999902, -4.170913883946999690 ) ) ;
#4228 = CARTESIAN_POINT ( 'NONE',  ( 1.075240473600000080, 1.238048637262999994E-14, -11.40000000000000036 ) ) ;
#4229 = EDGE_CURVE ( 'NONE', #3654, #311, #36, .T. ) ;
#4230 = ORIENTED_EDGE ( 'NONE', *, *, #4325, .F. ) ;
#4231 = CARTESIAN_POINT ( 'NONE',  ( 1.009862417743000007, 1.799255404721999962, -11.58409090908999950 ) ) ;
#4232 = CARTESIAN_POINT ( 'NONE',  ( -1.399999999999999911, 1.714505518806294391E-16, -12.40000000000000036 ) ) ;
#4233 = CARTESIAN_POINT ( 'NONE',  ( 1.243589457733000003, -0.6043722045689999822, -11.56643674225999874 ) ) ;
#4234 = CARTESIAN_POINT ( 'NONE',  ( -1.385080345565079751, -0.2313698451195776995, -10.78303930622834628 ) ) ;
#4235 = LOCAL_TIME ( 10, 32, 39.00000000000000000, #5839 ) ;
#4236 = ORIENTED_EDGE ( 'NONE', *, *, #2345, .F. ) ;
#4237 = CARTESIAN_POINT ( 'NONE',  ( -1.026647369640000029, 1.378536982479000139, -12.21818181816999882 ) ) ;
#4238 = CARTESIAN_POINT ( 'NONE',  ( -1.314967900828000191, -0.5078301618350000712, -9.974466914354000124 ) ) ;
#4239 = CARTESIAN_POINT ( 'NONE',  ( 0.4991139436309999788, 1.315121491269999998, -9.950064283800999831 ) ) ;
#4240 = CARTESIAN_POINT ( 'NONE',  ( -1.098754584201000029, 0.8716935970100000430, -11.05715969745999949 ) ) ;
#4241 = CARTESIAN_POINT ( 'NONE',  ( 1.399999999999999911, -0.1026500639849999980, -6.052046500914999960 ) ) ;
#4242 = CARTESIAN_POINT ( 'NONE',  ( -0.3986975536260000119, 1.177588810719000012, -12.17615202598000046 ) ) ;
#4243 = CARTESIAN_POINT ( 'NONE',  ( 0.000000000000000000, 0.000000000000000000, -12.40000000000000036 ) ) ;
#4244 = ORIENTED_EDGE ( 'NONE', *, *, #2704, .T. ) ;
#4245 = CARTESIAN_POINT ( 'NONE',  ( -1.114408847255000001, -2.661071112480000167, -6.848076923081999112 ) ) ;
#4246 = CARTESIAN_POINT ( 'NONE',  ( -1.272011882804000127, -0.6011062768389999755, -10.26109341184999835 ) ) ;
#4247 = CARTESIAN_POINT ( 'NONE',  ( 1.399999999999999911, -3.429011037612999484E-16, -8.753788184290998586 ) ) ;
#4248 = CARTESIAN_POINT ( 'NONE',  ( -1.386618306749927365, -0.2534602516653003401, -8.281804869263016400 ) ) ;
#4249 = ADVANCED_FACE ( 'NONE', ( #3261 ), #4687, .T. ) ;
#4250 = CARTESIAN_POINT ( 'NONE',  ( -1.281894292412999903, -0.5830189894220000335, -8.762259884199000481 ) ) ;
#4251 = EDGE_CURVE ( 'NONE', #5788, #2688, #1197, .T. ) ;
#4252 = CARTESIAN_POINT ( 'NONE',  ( -2.562725153500000186, -0.8011194905290000001, -11.11153846158000036 ) ) ;
#4253 = CARTESIAN_POINT ( 'NONE',  ( 1.042960296421999944, -0.5082038147690000063, -2.399999999999999911 ) ) ;
#4254 = CARTESIAN_POINT ( 'NONE',  ( -0.2307456607219999789, -1.385366121313999832, -6.391917921558000870 ) ) ;
#4255 = CARTESIAN_POINT ( 'NONE',  ( 1.369215527941000099, -0.3317584098840000162, -5.565136422899000124 ) ) ;
#4256 = CARTESIAN_POINT ( 'NONE',  ( -1.329854344864080717, 0.4689070430425299474, -8.823180464018053115 ) ) ;
#4257 = ORIENTED_EDGE ( 'NONE', *, *, #1073, .T. ) ;
#4258 = CARTESIAN_POINT ( 'NONE',  ( -1.034990358662915666, -0.9364289502027599577, -11.44995444857887890 ) ) ;
#4259 = DIRECTION ( 'NONE',  ( -0.2055172342865889956, 2.516860231386878999E-17, 0.9786534966019337922 ) ) ;
#4260 = FACE_OUTER_BOUND ( 'NONE', #3473, .T. ) ;
#4261 = CARTESIAN_POINT ( 'NONE',  ( 0.4244926439280000130, -1.343430778023999794, -10.64682176562999949 ) ) ;
#4262 = ORIENTED_EDGE ( 'NONE', *, *, #4045, .F. ) ;
#4263 = CARTESIAN_POINT ( 'NONE',  ( 0.6894253614759999760, 1.228337926031999983, -12.30909090908000003 ) ) ;
#4264 = FACE_OUTER_BOUND ( 'NONE', #2456, .T. ) ;
#4265 = CARTESIAN_POINT ( 'NONE',  ( 0.1910632108510000038, 1.393611924423000081, -9.932066940718000225 ) ) ;
#4266 = CARTESIAN_POINT ( 'NONE',  ( -0.2530595480640000505, 1.382877371033000236, -11.11436252592999985 ) ) ;
#4267 = CARTESIAN_POINT ( 'NONE',  ( -1.330187146057000058, -0.4508841948410000078, -6.270206963060000582 ) ) ;
#4268 = CARTESIAN_POINT ( 'NONE',  ( -0.9549842909010000103, -0.8664388212889999608, -12.00209994959999982 ) ) ;
#4269 = CARTESIAN_POINT ( 'NONE',  ( 1.009321845221999858, 0.9730575530139999874, -10.19274513330999987 ) ) ;
#4270 = ORIENTED_EDGE ( 'NONE', *, *, #4019, .T. ) ;
#4271 = CARTESIAN_POINT ( 'NONE',  ( 1.114408847255000001, -2.661071112482999990, -7.251923076916000355 ) ) ;
#4272 = CARTESIAN_POINT ( 'NONE',  ( -1.004728084845999847, -0.9770363273969998597, -10.23482464731999997 ) ) ;
#4273 = CARTESIAN_POINT ( 'NONE',  ( -1.075240473600000080, 0.7795309783160000450, -6.207692307692000533 ) ) ;
#4274 = CARTESIAN_POINT ( 'NONE',  ( 0.9171457703640000236, -1.084710176084000111, -8.115418572855999102 ) ) ;
#4275 = CARTESIAN_POINT ( 'NONE',  ( 0.8886122090779999816, -1.095066018942999930, -8.616955084942999221 ) ) ;
#4276 = CARTESIAN_POINT ( 'NONE',  ( 0.1055439795710000073, 1.400802722052999938, -3.427183841985999901 ) ) ;
#4277 = CARTESIAN_POINT ( 'NONE',  ( -0.08475506141416296046, -1.362422618526813345, -2.399999999999999911 ) ) ;
#4278 = CARTESIAN_POINT ( 'NONE',  ( 0.1520511249129999909, -1.393371873874000189, -6.370133300569999157 ) ) ;
#4279 = CARTESIAN_POINT ( 'NONE',  ( 1.399999999999999911, -0.1109619564490000043, -5.552519301420999476 ) ) ;
#4280 = CARTESIAN_POINT ( 'NONE',  ( 0.4249738905429999991, 1.355286815444000093, -8.945455072422999976 ) ) ;
#4281 = CARTESIAN_POINT ( 'NONE',  ( 1.065700843387999974, -0.9230202847360000629, -10.81054517551999972 ) ) ;
#4282 = EDGE_LOOP ( 'NONE', ( #1338, #2690, #4379, #5856 ) ) ;
#4283 = CARTESIAN_POINT ( 'NONE',  ( -1.375978651436687850, -0.05932756851023827244, -11.51083620776496552 ) ) ;
#4284 = CARTESIAN_POINT ( 'NONE',  ( -2.107315219974999820, -1.009060281501999778, -2.630769230763000177 ) ) ;
#4285 = CARTESIAN_POINT ( 'NONE',  ( -0.1170199227080000043, 1.405252138470999945, -7.914595637507999548 ) ) ;
#4286 = CARTESIAN_POINT ( 'NONE',  ( -1.190055138049000094, -0.7551394347820000741, -10.75119814335999990 ) ) ;
#4287 = VECTOR ( 'NONE', #2334, 1000.000000000000000 ) ;
#4288 = ORIENTED_EDGE ( 'NONE', *, *, #3683, .F. ) ;
#4289 = CARTESIAN_POINT ( 'NONE',  ( -0.08300526979773999170, -1.573236784856999915, -11.53636363635999906 ) ) ;
#4290 = CYLINDRICAL_SURFACE ( 'NONE', #4203, 1.399999999999999911 ) ;
#4291 = CARTESIAN_POINT ( 'NONE',  ( -1.399999998221928887, -0.1267361072293426705, -3.789008026294534037 ) ) ;
#4292 = LINE ( 'NONE', #2037, #1475 ) ;
#4293 = CARTESIAN_POINT ( 'NONE',  ( -1.399999991760973339, 0.1196337658210232385, -7.010588268088524977 ) ) ;
#4294 = CARTESIAN_POINT ( 'NONE',  ( -2.562725153493999652, 0.8011194905319999338, -2.688461538472000090 ) ) ;
#4295 = VECTOR ( 'NONE', #723, 1000.000000000000000 ) ;
#4296 = EDGE_CURVE ( 'NONE', #2300, #5544, #2136, .T. ) ;
#4297 = CARTESIAN_POINT ( 'NONE',  ( -1.256879408974803436, -0.1131321404858676438, -12.05894341754379084 ) ) ;
#4298 = DIRECTION ( 'NONE',  ( 0.000000000000000000, 0.000000000000000000, 1.000000000000000000 ) ) ;
#4299 = AXIS2_PLACEMENT_3D ( 'NONE', #1028, #3826, #5235 ) ;
#4300 = EDGE_LOOP ( 'NONE', ( #2956, #1997, #4395, #215 ) ) ;
#4301 = CARTESIAN_POINT ( 'NONE',  ( 1.332170815597000013, -0.4612584304730000251, -3.072730296423999530 ) ) ;
#4302 = CARTESIAN_POINT ( 'NONE',  ( 1.020556416443000103, 0.9736383958080000456, -11.47824594951999799 ) ) ;
#4303 = CARTESIAN_POINT ( 'NONE',  ( 0.7680273784350000188, -1.199920497029999922, -11.12592786614000140 ) ) ;
#4304 = CARTESIAN_POINT ( 'NONE',  ( -1.378379860109999910, 0.2630009844749999770, -10.51879904797000087 ) ) ;
#4305 = CARTESIAN_POINT ( 'NONE',  ( -0.6399389285509999858, -1.252049605304000224, -7.416368862146999419 ) ) ;
#4306 = CARTESIAN_POINT ( 'NONE',  ( 1.399999999999999911, 1.885956070686999931E-15, -8.546212107184000928 ) ) ;
#4307 = CARTESIAN_POINT ( 'NONE',  ( -1.075240473600000080, -0.7795309783160000450, -10.59230769230000035 ) ) ;
#4308 = CARTESIAN_POINT ( 'NONE',  ( -1.337679787040999990, -2.765673762766000188, -11.05384615378000035 ) ) ;
#4309 = CARTESIAN_POINT ( 'NONE',  ( 1.088545961229000048, 0.8906126138359999889, -6.991632768359999694 ) ) ;
#4310 = CARTESIAN_POINT ( 'NONE',  ( 0.2415730165979999844, -1.389119088876999975, -4.157517349796999717 ) ) ;
#4311 = CARTESIAN_POINT ( 'NONE',  ( 0.6014269589860000709, 1.291332531944999751, -8.955921948447000958 ) ) ;
#4312 = CARTESIAN_POINT ( 'NONE',  ( 0.3526722222959999820, -1.358255649251000063, -10.85857166359000026 ) ) ;
#4313 = CARTESIAN_POINT ( 'NONE',  ( 0.6780876855060000707, 2.283193464108999926, -6.559615384616000355 ) ) ;
#4314 = EDGE_CURVE ( 'NONE', #1696, #3384, #3534, .T. ) ;
#4315 = ORIENTED_EDGE ( 'NONE', *, *, #4508, .T. ) ;
#4316 = CARTESIAN_POINT ( 'NONE',  ( -1.374884381276695988, -0.08899162012118787268, -11.50894256083213207 ) ) ;
#4317 = DIRECTION ( 'NONE',  ( 0.000000000000000000, 0.000000000000000000, 1.000000000000000000 ) ) ;
#4318 = CARTESIAN_POINT ( 'NONE',  ( 1.397446692359999965, -0.1107061286630000030, -11.26008079724999966 ) ) ;
#4319 = CARTESIAN_POINT ( 'NONE',  ( -1.399999059998956241, 0.001734355796516729017, -8.003886765536417869 ) ) ;
#4320 = CARTESIAN_POINT ( 'NONE',  ( -0.8906151612129999950, 1.082316640824000142, -4.073999402847999995 ) ) ;
#4321 = AXIS2_PLACEMENT_3D ( 'NONE', #4552, #5416, #2724 ) ;
#4322 = ADVANCED_FACE ( 'NONE', ( #4260 ), #2000, .T. ) ;
#4323 = ORIENTED_EDGE ( 'NONE', *, *, #563, .F. ) ;
#4324 = CARTESIAN_POINT ( 'NONE',  ( 1.075240473600000080, 0.6141759223099999554, -11.85454545454000019 ) ) ;
#4325 = EDGE_CURVE ( 'NONE', #3212, #3258, #1479, .T. ) ;
#4326 = CARTESIAN_POINT ( 'NONE',  ( 1.075240473600000080, 3.552713678800999489E-15, -3.899999999999999911 ) ) ;
#4327 = CARTESIAN_POINT ( 'NONE',  ( -0.4346428851589999587, -1.342452557447000094, -3.696122971659000278 ) ) ;
#4328 = DIRECTION ( 'NONE',  ( 0.000000000000000000, 0.000000000000000000, 1.000000000000000000 ) ) ;
#4329 = AXIS2_PLACEMENT_3D ( 'NONE', #3027, #3513, #2968 ) ;
#4330 = CARTESIAN_POINT ( 'NONE',  ( 0.8714653075439999785, 1.112032957445000081, -7.181674621977999884 ) ) ;
#4331 = FACE_OUTER_BOUND ( 'NONE', #4057, .T. ) ;
#4332 = CARTESIAN_POINT ( 'NONE',  ( 0.6797089574359999053, 1.022386264796000033, -12.25645395323999942 ) ) ;
#4333 = CARTESIAN_POINT ( 'NONE',  ( 1.114408847256999957, -2.661071112481000256, -9.201923076931999290 ) ) ;
#4334 = VERTEX_POINT ( 'NONE', #5077 ) ;
#4335 = CARTESIAN_POINT ( 'NONE',  ( 1.075240473600000080, -0.7795309783160000450, -9.957692307692999734 ) ) ;
#4336 = CARTESIAN_POINT ( 'NONE',  ( 0.5618383353430000948, 1.311458558404000163, -2.953449373764000185 ) ) ;
#4337 = CARTESIAN_POINT ( 'NONE',  ( 1.342415773359999953, 0.4256467817419999911, -5.521784472627000007 ) ) ;
#4338 = CARTESIAN_POINT ( 'NONE',  ( 1.013433605709999963, -0.9688468287860000361, -7.314496875719000535 ) ) ;
#4339 = CARTESIAN_POINT ( 'NONE',  ( -0.9600195241509998922, -1.040509387969999811, -8.730469937494000021 ) ) ;
#4340 = CARTESIAN_POINT ( 'NONE',  ( -1.332580739872745390, 0.4598906339790653774, -4.322649673624548328 ) ) ;
#4341 = CARTESIAN_POINT ( 'NONE',  ( -0.1983141191086975619, -1.366189044220928350, -2.399999999999999467 ) ) ;
#4342 = CARTESIAN_POINT ( 'NONE',  ( -0.9944920811090000035, 0.9891938677959999371, -6.858495880303999925 ) ) ;
#4343 = FACE_OUTER_BOUND ( 'NONE', #3264, .T. ) ;
#4344 = CARTESIAN_POINT ( 'NONE',  ( -1.399999229153527702, -0.001923484947580166721, -4.296102484322966930 ) ) ;
#4345 = CARTESIAN_POINT ( 'NONE',  ( 1.244527775521999891, 0.3196542699570000257, -11.97210892233000123 ) ) ;
#4346 = CARTESIAN_POINT ( 'NONE',  ( -1.359857980507203967, -0.3784397052569286601, -10.98218141003062520 ) ) ;
#4347 = CARTESIAN_POINT ( 'NONE',  ( 1.574999999999999956, 1.707090152885999964E-15, -6.675000000000000711 ) ) ;
#4348 = ORIENTED_EDGE ( 'NONE', *, *, #5949, .F. ) ;
#4349 = CARTESIAN_POINT ( 'NONE',  ( 1.075240473600000080, 7.900738825847999130E-16, -3.899999999999999911 ) ) ;
#4350 = CARTESIAN_POINT ( 'NONE',  ( -0.3082243244949999794, -1.369447680334000106, -4.896398564021000155 ) ) ;
#4351 = CARTESIAN_POINT ( 'NONE',  ( 0.5381702978080000754, 1.309780638501999883, -6.159852591903000274 ) ) ;
#4352 = DIRECTION ( 'NONE',  ( 0.000000000000000000, 0.000000000000000000, 1.000000000000000000 ) ) ;
#4353 = VERTEX_POINT ( 'NONE', #5911 ) ;
#4354 = CYLINDRICAL_SURFACE ( 'NONE', #2744, 1.399999999999999911 ) ;
#4355 = DIRECTION ( 'NONE',  ( 0.000000000000000000, 0.000000000000000000, 1.000000000000000000 ) ) ;
#4356 = CARTESIAN_POINT ( 'NONE',  ( -1.399999999999999911, 1.714505518806294391E-16, -12.40000000000000036 ) ) ;
#4357 = CARTESIAN_POINT ( 'NONE',  ( 1.075240473600000080, 0.7795309783160000450, -5.342307692308000178 ) ) ;
#4358 = CARTESIAN_POINT ( 'NONE',  ( -0.4629252851460000096, -1.558718743917000049, -6.034615384617000977 ) ) ;
#4359 = CARTESIAN_POINT ( 'NONE',  ( -1.075240473600000080, -0.7795309783160000450, -3.092307692308000178 ) ) ;
#4360 = EDGE_CURVE ( 'NONE', #4392, #4149, #5414, .T. ) ;
#4361 = CARTESIAN_POINT ( 'NONE',  ( 0.3908516954959999623, 1.166399398302000012, -12.23326935343999899 ) ) ;
#4362 = CARTESIAN_POINT ( 'NONE',  ( 0.7607984106090001086, 1.816692929058999928, -9.323076923062000532 ) ) ;
#4363 = EDGE_LOOP ( 'NONE', ( #5594, #3291, #2615, #1331 ) ) ;
#4364 = CARTESIAN_POINT ( 'NONE',  ( 1.399999999999999911, -0.1166331654200000040, -3.052841310470000291 ) ) ;
#4365 =( BOUNDED_CURVE ( )  B_SPLINE_CURVE ( 2, ( #3977, #5883, #5422 ),
 .UNSPECIFIED., .F., .F. ) 
 B_SPLINE_CURVE_WITH_KNOTS ( ( 3, 3 ),
 ( 0.000000000000000000, 1.000000000000000000 ),
 .UNSPECIFIED. ) 
 CURVE ( )  GEOMETRIC_REPRESENTATION_ITEM ( )  RATIONAL_B_SPLINE_CURVE ( ( 1.000000000000000000, 1.002765153012959987, 1.000000000000000000 ) ) 
 REPRESENTATION_ITEM ( '' )  );
#4366 = CARTESIAN_POINT ( 'NONE',  ( -0.2008317565730000087, 1.398652487024999891, -2.909798400487999981 ) ) ;
#4367 = CARTESIAN_POINT ( 'NONE',  ( 1.399999999999999911, -3.429011037612999484E-16, -10.75378820263999913 ) ) ;
#4368 = CARTESIAN_POINT ( 'NONE',  ( 1.298497628983999785, -0.5426506538109999722, -7.285275723722000052 ) ) ;
#4369 = CARTESIAN_POINT ( 'NONE',  ( -1.068968169476999908, -0.9184611292069999600, -8.739685475276999682 ) ) ;
#4370 =( LENGTH_UNIT ( ) NAMED_UNIT ( * ) SI_UNIT ( .MILLI., .METRE. ) );
#4371 = CARTESIAN_POINT ( 'NONE',  ( 1.399999999999999911, 0.1210215832200000063, -4.539332843421999719 ) ) ;
#4372 = CARTESIAN_POINT ( 'NONE',  ( -0.6653546317540001143, -1.242210986923000027, -7.210338522970999975 ) ) ;
#4373 = CARTESIAN_POINT ( 'NONE',  ( -1.126040439142000027, 0.8363922326070000191, -6.847052733827000637 ) ) ;
#4374 = CARTESIAN_POINT ( 'NONE',  ( -0.7961590002839999958, -1.157291156065999971, -10.42675799760000110 ) ) ;
#4375 = CARTESIAN_POINT ( 'NONE',  ( 1.959418117459000186, 4.051127429911000277, -4.078846153850999912 ) ) ;
#4376 = CARTESIAN_POINT ( 'NONE',  ( 0.7792336676769999748, 1.033485327381999941, -11.92316803805000092 ) ) ;
#4377 = FACE_OUTER_BOUND ( 'NONE', #727, .T. ) ;
#4378 = CARTESIAN_POINT ( 'NONE',  ( 1.389536290928000017, -0.2241222536190000114, -5.766527407569999930 ) ) ;
#4379 = ORIENTED_EDGE ( 'NONE', *, *, #4967, .F. ) ;
#4380 = CARTESIAN_POINT ( 'NONE',  ( 0.6071257653320000225, -1.263330118874999908, -7.843134560452999615 ) ) ;
#4381 = CARTESIAN_POINT ( 'NONE',  ( 1.257765461339000135, 0.6241556538870000059, -8.509569111592000468 ) ) ;
#4382 = CARTESIAN_POINT ( 'NONE',  ( -1.368881288134999874, 0.3290294591970000515, -6.022562776197999845 ) ) ;
#4383 = CARTESIAN_POINT ( 'NONE',  ( -0.4629252851460000096, -1.558718743917000049, -9.034615384618998490 ) ) ;
#4384 = ORIENTED_EDGE ( 'NONE', *, *, #1717, .F. ) ;
#4385 = CARTESIAN_POINT ( 'NONE',  ( -1.396891746729000072, -0.1463246228800000048, -5.495468998732000898 ) ) ;
#4386 = LINE ( 'NONE', #4783, #214 ) ;
#4387 = CARTESIAN_POINT ( 'NONE',  ( -1.267485711733848275, -0.6167976431405906013, -3.760190790162203367 ) ) ;
#4388 = CARTESIAN_POINT ( 'NONE',  ( -0.7892249064270000503, 1.164259625986999946, -3.873830124797000174 ) ) ;
#4389 = PLANE ( 'NONE',  #4035 ) ;
#4390 = CARTESIAN_POINT ( 'NONE',  ( -0.4176665264659999988, 1.346438315260999996, -3.104872813116000163 ) ) ;
#4391 = CARTESIAN_POINT ( 'NONE',  ( 1.349695656765999896, 0.3852875069559999477, -3.731662447915999881 ) ) ;
#4392 = VERTEX_POINT ( 'NONE', #811 ) ;
#4393 = EDGE_CURVE ( 'NONE', #373, #3850, #3516, .T. ) ;
#4394 = CARTESIAN_POINT ( 'NONE',  ( -0.7607984106099999755, 1.816692929058999928, -9.726923076934999912 ) ) ;
#4395 = ORIENTED_EDGE ( 'NONE', *, *, #941, .T. ) ;
#4396 = CARTESIAN_POINT ( 'NONE',  ( 1.232270896758000056, -0.6746535825470001413, -7.586056936929999495 ) ) ;
#4397 = B_SPLINE_CURVE_WITH_KNOTS ( 'NONE', 7,
 ( #4782, #2464, #1610, #1640, #1155, #1124, #3474, #4385, #1218, #5303, #2986, #312, #2165, #3502, #5368, #5857, #3566, #5336, #2069, #5433, #4020, #2130, #2034, #4845, #1246, #1185, #4815, #1703, #642, #3017, #5892, #4874, #4419, #3050, #700, #2559, #2101, #3921 ),
 .UNSPECIFIED., .F., .F.,
 ( 8, 6, 6, 6, 6, 6, 8 ),
 ( 0.4999915907728340603, 0.5038102505429999933, 0.5935580920080000267, 0.7248504712359999935, 0.8258653848889999649, 0.9151700021030000354, 1.000000000000000000 ),
 .UNSPECIFIED. ) ;
#4398 = AXIS2_PLACEMENT_3D ( 'NONE', #2906, #4760, #3700 ) ;
#4399 = CARTESIAN_POINT ( 'NONE',  ( 0.8948555577510000081, 1.105380860963000034, -2.975296732393999832 ) ) ;
#4400 = CARTESIAN_POINT ( 'NONE',  ( -1.399322355318644462, 0.05623470826363883429, -10.50698432226039536 ) ) ;
#4401 = CARTESIAN_POINT ( 'NONE',  ( 1.053341811536000039, -0.9259212539839999367, -7.311171773446000444 ) ) ;
#4402 = APPLICATION_PROTOCOL_DEFINITION ( 'international standard', 'config_control_design', 1994, #1307 ) ;
#4403 = CARTESIAN_POINT ( 'NONE',  ( 0.2482452209169999924, 1.390028570681000053, -4.435336945273000708 ) ) ;
#4404 = CARTESIAN_POINT ( 'NONE',  ( -1.337430686866812879, 0.4433598247694641170, -5.821678436511183108 ) ) ;
#4405 = CARTESIAN_POINT ( 'NONE',  ( -1.254498245045000182, 0.6308206868110000087, -6.833275730870000508 ) ) ;
#4406 = CARTESIAN_POINT ( 'NONE',  ( -1.398771113325002258, -0.06557322562389432397, -10.50005999799417644 ) ) ;
#4407 = CARTESIAN_POINT ( 'NONE',  ( 0.4629252851460000096, -1.558718743918000138, -4.015384615385999112 ) ) ;
#4408 = CARTESIAN_POINT ( 'NONE',  ( 1.117582715421000072, 0.6405873379690001368, -11.95253411288999956 ) ) ;
#4409 = CARTESIAN_POINT ( 'NONE',  ( 0.6679998602500000215, -1.233476978279000047, -10.83928712033000075 ) ) ;
#4410 = APPROVAL ( #296, 'Coincidente' ) ;
#4411 = CARTESIAN_POINT ( 'NONE',  ( -2.562725153494999741, 0.8011194905319999338, -5.688461538471000445 ) ) ;
#4412 = EDGE_LOOP ( 'NONE', ( #4661, #3482, #5584, #484, #734, #5831, #708, #3049, #3107 ) ) ;
#4413 = CARTESIAN_POINT ( 'NONE',  ( 1.262371201561000023, -0.6501797859069999852, -7.791619066590000919 ) ) ;
#4414 = CARTESIAN_POINT ( 'NONE',  ( 1.390379912895000070, 0.2148948359179999879, -8.533997493162001291 ) ) ;
#4415 = CARTESIAN_POINT ( 'NONE',  ( -1.388361030931999807, 0.2254513235420000095, -6.016609233372999910 ) ) ;
#4416 = CARTESIAN_POINT ( 'NONE',  ( -0.4629252851469999874, 1.558718743917000049, -9.265384615389999468 ) ) ;
#4417 = ADVANCED_FACE ( 'NONE', ( #1435 ), #533, .T. ) ;
#4418 = ORIENTED_EDGE ( 'NONE', *, *, #1084, .F. ) ;
#4419 = CARTESIAN_POINT ( 'NONE',  ( 1.305988920304000045, -0.5228982837840000508, -5.284080645096000062 ) ) ;
#4420 = CARTESIAN_POINT ( 'NONE',  ( 0.7607984106090001086, 1.816692929058000061, -4.823076923070999555 ) ) ;
#4421 = CARTESIAN_POINT ( 'NONE',  ( -0.5512256745219999976, -1.296914619815000114, -3.703176123347999837 ) ) ;
#4422 = CARTESIAN_POINT ( 'NONE',  ( -0.9945019867580000561, 0.9891840382729999437, -3.858495088433000042 ) ) ;
#4423 = CARTESIAN_POINT ( 'NONE',  ( -0.7862917651250000972, 1.186824035431999880, -7.082248176235000692 ) ) ;
#4424 = CARTESIAN_POINT ( 'NONE',  ( 1.326146691635999852, 0.4808742230790000183, -3.226113700670000028 ) ) ;
#4425 = DIRECTION ( 'NONE',  ( 0.000000000000000000, 0.000000000000000000, 1.000000000000000000 ) ) ;
#4426 = ORIENTED_EDGE ( 'NONE', *, *, #519, .T. ) ;
#4427 = DIRECTION ( 'NONE',  ( 0.000000000000000000, 0.000000000000000000, 1.000000000000000000 ) ) ;
#4428 = AXIS2_PLACEMENT_3D ( 'NONE', #2277, #1327, #4651 ) ;
#4429 = ORIENTED_EDGE ( 'NONE', *, *, #1881, .F. ) ;
#4430 = CARTESIAN_POINT ( 'NONE',  ( -1.399999997695452691, -0.02606702532950445558, -3.294730418022260299 ) ) ;
#4431 = CARTESIAN_POINT ( 'NONE',  ( -1.399999822254737847, 0.0007999327727696852082, -2.796257284090150730 ) ) ;
#4432 = CARTESIAN_POINT ( 'NONE',  ( -0.5089624376050000398, 1.312561596629999938, -10.59938362433999970 ) ) ;
#4433 = CYLINDRICAL_SURFACE ( 'NONE', #2442, 1.399999999999999911 ) ;
#4434 = APPROVAL_ROLE ( '' ) ;
#4435 = CARTESIAN_POINT ( 'NONE',  ( 1.399999999999999911, 0.000000000000000000, -12.40000000000000036 ) ) ;
#4436 = CARTESIAN_POINT ( 'NONE',  ( -1.392469936114000051, -0.1807258381830000316, -7.285929036310999862 ) ) ;
#4437 = CARTESIAN_POINT ( 'NONE',  ( -1.399999999978539078, 3.136888428976448929E-10, -3.503788184315598464 ) ) ;
#4438 = CARTESIAN_POINT ( 'NONE',  ( 1.067677014262000013, 0.9196903736350000580, -7.989586462306999870 ) ) ;
#4439 = CARTESIAN_POINT ( 'NONE',  ( -1.347010518800999979, -0.3905643144949999535, -10.48133042303000018 ) ) ;
#4440 = CARTESIAN_POINT ( 'NONE',  ( 1.114408847256000090, -2.661071112481000256, -4.251923076922000000 ) ) ;
#4441 = CARTESIAN_POINT ( 'NONE',  ( -3.086771334362999664, 1.478060008329999953, -8.394230769211999288 ) ) ;
#4442 = CARTESIAN_POINT ( 'NONE',  ( -0.6780876855050000929, 2.283193464108999926, -9.040384615393000090 ) ) ;
#4443 = EDGE_CURVE ( 'NONE', #1696, #5868, #4624, .T. ) ;
#4444 = ORIENTED_EDGE ( 'NONE', *, *, #3443, .T. ) ;
#4445 = CARTESIAN_POINT ( 'NONE',  ( 0.4179557868580000002, -1.339030354354000085, -9.354713415362999385 ) ) ;
#4446 = CARTESIAN_POINT ( 'NONE',  ( -1.399999999977902476, 3.225068244967128927E-10, -5.003788184316332988 ) ) ;
#4447 = CARTESIAN_POINT ( 'NONE',  ( -1.340407587918000187, 0.4305858769249999995, -6.028516317945999958 ) ) ;
#4448 = CARTESIAN_POINT ( 'NONE',  ( 2.107315219970999909, 1.009060281500999912, -9.380769230799000269 ) ) ;
#4449 = ORIENTED_EDGE ( 'NONE', *, *, #1906, .F. ) ;
#4450 = CARTESIAN_POINT ( 'NONE',  ( 0.000000000000000000, 0.000000000000000000, -12.40000000000000036 ) ) ;
#4451 = CARTESIAN_POINT ( 'NONE',  ( 1.574999999999999956, 1.141848099093000002, -5.567307692308000711 ) ) ;
#4452 = CARTESIAN_POINT ( 'NONE',  ( 0.000000000000000000, 0.000000000000000000, -12.40000000000000036 ) ) ;
#4453 = CARTESIAN_POINT ( 'NONE',  ( 0.1910641291469999947, 1.393611798524999834, -3.932066993148000122 ) ) ;
#4454 = CARTESIAN_POINT ( 'NONE',  ( 1.002579537934000120, -0.9898013697670000610, -3.815784398892000162 ) ) ;
#4455 = CARTESIAN_POINT ( 'NONE',  ( -3.086771334366999575, 1.478060008327999997, -3.444230769232000000 ) ) ;
#4456 = CARTESIAN_POINT ( 'NONE',  ( -1.254509070744999955, 0.6307999228600000841, -3.540851933759999959 ) ) ;
#4457 = ORIENTED_EDGE ( 'NONE', *, *, #3330, .F. ) ;
#4458 = CARTESIAN_POINT ( 'NONE',  ( 1.131868590986000012, -0.8274859802139999942, -4.304026403088000663 ) ) ;
#4459 = VERTEX_POINT ( 'NONE', #2792 ) ;
#4460 = CARTESIAN_POINT ( 'NONE',  ( -1.254500906814999928, 0.6308155822909999877, -5.040852935619000164 ) ) ;
#4461 = CARTESIAN_POINT ( 'NONE',  ( 1.133979416227999915, -0.8300101936670000180, -10.09651028370999981 ) ) ;
#4462 = CARTESIAN_POINT ( 'NONE',  ( 1.088545989488999943, 0.8906125764670000944, -5.491632771013000180 ) ) ;
#4463 = CARTESIAN_POINT ( 'NONE',  ( 1.399999999999999911, 0.1231260272730000105, -4.246789669778999965 ) ) ;
#4464 = PERSON_AND_ORGANIZATION ( #18446744073709551615, #18446744073709551615 ) ;
#4465 = CARTESIAN_POINT ( 'NONE',  ( -0.3732444896300000092, 1.365270985241999968, -4.399965081586000970 ) ) ;
#4466 = CARTESIAN_POINT ( 'NONE',  ( 1.361789091890000192, 0.3693054581040000062, -6.025130406208000444 ) ) ;
#4467 = CARTESIAN_POINT ( 'NONE',  ( -0.2058599815949999912, -1.392953872619999922, -4.682904306684999796 ) ) ;
#4468 = CARTESIAN_POINT ( 'NONE',  ( 1.298163507922000193, -0.5435125912229999967, -2.785327912539000028 ) ) ;
#4469 = CARTESIAN_POINT ( 'NONE',  ( -1.397542529713153847, -0.08740531653546929070, -10.49881731352441960 ) ) ;
#4470 = CARTESIAN_POINT ( 'NONE',  ( -0.7607984106070000418, -1.816692929058000061, -4.073076923073999822 ) ) ;
#4471 = PLANE ( 'NONE',  #605 ) ;
#4472 = CARTESIAN_POINT ( 'NONE',  ( 1.075240473600000080, -0.7795309783160000450, -8.457692307691999645 ) ) ;
#4473 = ORIENTED_EDGE ( 'NONE', *, *, #2887, .F. ) ;
#4474 = CARTESIAN_POINT ( 'NONE',  ( -1.319988426346429433, -0.5000621028809358881, -9.474979465074239826 ) ) ;
#4475 = CARTESIAN_POINT ( 'NONE',  ( 1.304490686951000011, 0.5269163061659999370, -8.515677155885001071 ) ) ;
#4476 = CARTESIAN_POINT ( 'NONE',  ( 0.6027805874849999634, -1.290864432955000085, -9.636423843606999995 ) ) ;
#4477 = CARTESIAN_POINT ( 'NONE',  ( 1.337679787040999990, -2.765673762765000099, -9.496153846204000715 ) ) ;
#4478 = ORIENTED_EDGE ( 'NONE', *, *, #197, .T. ) ;
#4479 = CARTESIAN_POINT ( 'NONE',  ( 1.399999999999999911, -3.429011037612999484E-16, -7.753788202640000016 ) ) ;
#4480 = LINE ( 'NONE', #2166, #5759 ) ;
#4481 = CARTESIAN_POINT ( 'NONE',  ( -1.399995418513898082, 0.004689379405752374004, -10.79647865587275923 ) ) ;
#4482 = FACE_OUTER_BOUND ( 'NONE', #4791, .T. ) ;
#4483 = CARTESIAN_POINT ( 'NONE',  ( -1.358447928349999945, -0.3478899089519999488, -7.776263340798999835 ) ) ;
#4484 = CARTESIAN_POINT ( 'NONE',  ( -1.020370528707000179, 0.9616476076500000136, -3.563929373770999831 ) ) ;
#4485 = CARTESIAN_POINT ( 'NONE',  ( -1.730252897596999961, -0.5685098153829999390, -11.62727272725999939 ) ) ;
#4486 = ORIENTED_EDGE ( 'NONE', *, *, #1827, .F. ) ;
#4487 = CARTESIAN_POINT ( 'NONE',  ( 1.399999999999999911, 1.371604415045000014E-15, -6.753787892815999783 ) ) ;
#4488 = CARTESIAN_POINT ( 'NONE',  ( 1.399999999999999911, 0.000000000000000000, -11.40000000000000036 ) ) ;
#4489 = CARTESIAN_POINT ( 'NONE',  ( -1.060425236968999929, 0.6209819387449999617, -12.25728079393999970 ) ) ;
#4490 = CARTESIAN_POINT ( 'NONE',  ( -0.1494364428949999934, 1.393654718068999987, -4.120282609834999832 ) ) ;
#4491 = EDGE_CURVE ( 'NONE', #3745, #1731, #5200, .T. ) ;
#4492 = CARTESIAN_POINT ( 'NONE',  ( 0.8903317434910000827, -0.9126110873889999864, -12.04832129204000069 ) ) ;
#4493 = COORDINATED_UNIVERSAL_TIME_OFFSET ( 3, 0, .BEHIND. ) ;
#4494 = CARTESIAN_POINT ( 'NONE',  ( 1.096255415998999894, 0.8737136247230000707, -4.700238992724999676 ) ) ;
#4495 = CARTESIAN_POINT ( 'NONE',  ( -0.1163402399960000028, -1.400325595399000145, -7.177793798046000262 ) ) ;
#4496 = CARTESIAN_POINT ( 'NONE',  ( 1.399999999999999911, -0.1099261640310000010, -4.552460079681000416 ) ) ;
#4497 = CARTESIAN_POINT ( 'NONE',  ( -1.336133058421999920, 0.4454868904179999922, -9.321819741976000273 ) ) ;
#4498 = DIRECTION ( 'NONE',  ( 0.000000000000000000, 0.000000000000000000, 1.000000000000000000 ) ) ;
#4499 = CARTESIAN_POINT ( 'NONE',  ( -2.101570034747999905E-15, 0.000000000000000000, -0.2303039929150000054 ) ) ;
#4500 = CARTESIAN_POINT ( 'NONE',  ( -1.041051456923000051, 0.8215080356459999456, -11.81051354379999907 ) ) ;
#4501 = CIRCLE ( 'NONE', #222, 4.948166881526999461 ) ;
#4502 = CARTESIAN_POINT ( 'NONE',  ( 1.114408847256000090, 2.661071112481999901, -9.098076923055000265 ) ) ;
#4503 = CARTESIAN_POINT ( 'NONE',  ( 0.04128159528383999743, 1.349044849816000147, -11.65534984804000018 ) ) ;
#4504 = CARTESIAN_POINT ( 'NONE',  ( 1.376935711345999902, -0.3328097009660000438, -7.772705502244000364 ) ) ;
#4505 = CARTESIAN_POINT ( 'NONE',  ( 1.376936885813000000, -0.3328012167780000086, -4.772705019992000253 ) ) ;
#4506 = VECTOR ( 'NONE', #4637, 1000.000000000000000 ) ;
#4507 = CARTESIAN_POINT ( 'NONE',  ( 1.369740944212999967, 0.3097980665790000532, -5.236087537611000542 ) ) ;
#4508 = EDGE_CURVE ( 'NONE', #99, #1460, #5258, .T. ) ;
#4509 = ORIENTED_EDGE ( 'NONE', *, *, #2628, .F. ) ;
#4510 = CARTESIAN_POINT ( 'NONE',  ( -1.399999999978613463, 2.925259711441442908E-10, -3.796211797382677666 ) ) ;
#4511 = CARTESIAN_POINT ( 'NONE',  ( -0.7607984106090001086, 1.816692929058999928, -5.226923076926000000 ) ) ;
#4512 = CYLINDRICAL_SURFACE ( 'NONE', #909, 1.399999999999999911 ) ;
#4513 = CARTESIAN_POINT ( 'NONE',  ( -1.389783883563000089, 0.2193231788869999810, -3.808679417460000050 ) ) ;
#4514 = CARTESIAN_POINT ( 'NONE',  ( 0.4050441546509999657, -1.350384866716999976, -3.855619493537000064 ) ) ;
#4515 = ADVANCED_FACE ( 'NONE', ( #1104 ), #1070, .T. ) ;
#4516 = CARTESIAN_POINT ( 'NONE',  ( -1.134523939941999959, 0.8238795959180000850, -3.553772259127999877 ) ) ;
#4517 = EDGE_CURVE ( 'NONE', #1620, #1476, #2871, .T. ) ;
#4518 = ORIENTED_EDGE ( 'NONE', *, *, #4251, .T. ) ;
#4519 = CARTESIAN_POINT ( 'NONE',  ( -1.399999529795906472, 0.001301041902963112661, -6.503862135850744686 ) ) ;
#4520 = CARTESIAN_POINT ( 'NONE',  ( 1.088427191202000044, -0.8843483248149999199, -8.808086399191999760 ) ) ;
#4521 = CARTESIAN_POINT ( 'NONE',  ( -0.7642701597540000336, 0.9542182792040000416, -12.28390837625000209 ) ) ;
#4522 = CARTESIAN_POINT ( 'NONE',  ( 0.6590175040349999236, 1.239350672240000062, -4.167680025425999801 ) ) ;
#4523 = CARTESIAN_POINT ( 'NONE',  ( -1.399999999977357135, 3.346527872694169282E-10, -9.503788184317050636 ) ) ;
#4524 = CIRCLE ( 'NONE', #1016, 2.799999999999999822 ) ;
#4525 = CARTESIAN_POINT ( 'NONE',  ( -0.9922612485520000414, 0.9951785336109999491, -4.566403729036999870 ) ) ;
#4526 = CARTESIAN_POINT ( 'NONE',  ( 1.142135135004999968, -0.8170812298650000916, -6.803216993551000513 ) ) ;
#4527 = EDGE_CURVE ( 'NONE', #699, #2059, #3901, .T. ) ;
#4528 = CARTESIAN_POINT ( 'NONE',  ( -1.196808455485999900, -0.7446277397230000039, -4.751903214790000440 ) ) ;
#4529 = CARTESIAN_POINT ( 'NONE',  ( -0.2213766391330000138, 1.398709474931000063, -9.408708591662000131 ) ) ;
#4530 = CARTESIAN_POINT ( 'NONE',  ( 1.574999999999999956, -2.664535259099999805E-15, -5.625000000000000000 ) ) ;
#4531 = LOCAL_TIME ( 10, 32, 39.00000000000000000, #5875 ) ;
#4532 = CARTESIAN_POINT ( 'NONE',  ( 1.114408847256999957, -2.661071112482999990, -3.201923076920999645 ) ) ;
#4533 = CARTESIAN_POINT ( 'NONE',  ( -3.753850618406000095, -1.173470705918999935, -9.386538461589999827 ) ) ;
#4534 = CARTESIAN_POINT ( 'NONE',  ( -1.206434086428355590, 0.6522109881134600107, -11.55815800050147679 ) ) ;
#4535 = CARTESIAN_POINT ( 'NONE',  ( -2.562725153493999652, 0.8011194905359999563, -10.18846153848000036 ) ) ;
#4536 = DIRECTION ( 'NONE',  ( 1.000000000000000000, 0.000000000000000000, 0.000000000000000000 ) ) ;
#4537 = B_SPLINE_CURVE_WITH_KNOTS ( 'NONE', 7,
 ( #1291, #2270, #354, #4037, #381, #5962, #1809, #3697, #3155, #3633, #5015, #3127, #839, #2209, #5074, #4987, #2668, #2301, #4158, #1320, #3186, #2698, #5533, #4615, #1777, #4553, #4125, #5994, #5909, #3664, #4526, #2238, #898, #5043, #1349, #4096, #5562, #329 ),
 .UNSPECIFIED., .F., .F.,
 ( 8, 6, 6, 6, 6, 6, 8 ),
 ( 0.4999923964392222198, 0.5046408433060000087, 0.5943582337010000494, 0.7249521436339999569, 0.8261172439909999499, 0.9136388573029999849, 1.000000000000000000 ),
 .UNSPECIFIED. ) ;
#4538 = CARTESIAN_POINT ( 'NONE',  ( -0.07421924028265000639, 1.412051828513000151, -9.124572232471999556 ) ) ;
#4539 = ORIENTED_EDGE ( 'NONE', *, *, #1975, .F. ) ;
#4540 = CARTESIAN_POINT ( 'NONE',  ( -1.219606455801000022, -0.6966754819890000894, -8.462502614666000511 ) ) ;
#4541 = CARTESIAN_POINT ( 'NONE',  ( -0.8870921159439999482, 1.096240822928000069, -10.86706350427999901 ) ) ;
#4542 = CARTESIAN_POINT ( 'NONE',  ( -1.324855833501999758, -0.4560205179230000239, -7.769835130391999023 ) ) ;
#4543 = DIRECTION ( 'NONE',  ( 1.000000000000000000, 0.000000000000000000, 0.000000000000000000 ) ) ;
#4544 = ORIENTED_EDGE ( 'NONE', *, *, #2414, .F. ) ;
#4545 = CARTESIAN_POINT ( 'NONE',  ( 0.9572750253776247664, 0.7023314203110542220, -12.40000000000000036 ) ) ;
#4546 = EDGE_LOOP ( 'NONE', ( #3176, #1936, #3168, #4200 ) ) ;
#4547 = CARTESIAN_POINT ( 'NONE',  ( -0.9779466240179999215, 1.003577762087000114, -5.067315559553999371 ) ) ;
#4548 = CARTESIAN_POINT ( 'NONE',  ( 1.399999999999999911, -3.429011037612999484E-16, -8.753788184290998586 ) ) ;
#4549 = CARTESIAN_POINT ( 'NONE',  ( 0.1345011797380000207, 1.203486885303000076, -12.34107370745000054 ) ) ;
#4550 = CARTESIAN_POINT ( 'NONE',  ( -0.9386798873110000496, -1.043635090514000163, -6.729503535010000093 ) ) ;
#4551 = DIRECTION ( 'NONE',  ( 1.000000000000000000, 0.000000000000000000, 0.000000000000000000 ) ) ;
#4552 = CARTESIAN_POINT ( 'NONE',  ( 0.000000000000000000, 0.000000000000000000, -0.8303039929149998999 ) ) ;
#4553 = CARTESIAN_POINT ( 'NONE',  ( 0.7420294274650000022, -1.192261129917999929, -6.834476063859999506 ) ) ;
#4554 = CARTESIAN_POINT ( 'NONE',  ( -0.3213221874200000161, -1.372610647216000013, -4.689517560139000452 ) ) ;
#4555 = CARTESIAN_POINT ( 'NONE',  ( -0.5127884613769999600, 1.317091478617000044, -9.391697673019999471 ) ) ;
#4556 = CARTESIAN_POINT ( 'NONE',  ( -1.297333197337525501, -0.6077946695675693345, -2.469188657461400815 ) ) ;
#4557 = CARTESIAN_POINT ( 'NONE',  ( -1.337679787042999724, -2.765673762766000188, -3.553846153838999822 ) ) ;
#4558 = CARTESIAN_POINT ( 'NONE',  ( -3.753850618405000006, 1.173470705915000023, -8.463461538438000531 ) ) ;
#4559 = CARTESIAN_POINT ( 'NONE',  ( -1.388031607714362403, 0.2396957414755141458, -5.517412751721739284 ) ) ;
#4560 = CARTESIAN_POINT ( 'NONE',  ( -1.370031260859999822, 0.3264739366300000167, -11.31483228729999801 ) ) ;
#4561 = DIRECTION ( 'NONE',  ( 0.000000000000000000, 0.000000000000000000, 1.000000000000000000 ) ) ;
#4562 = CARTESIAN_POINT ( 'NONE',  ( 1.075240473600000080, 3.390133826158999795E-15, -3.899999999999999911 ) ) ;
#4563 = CARTESIAN_POINT ( 'NONE',  ( 2.107315219971999554, 1.009060281503999956, -7.880769230798000180 ) ) ;
#4564 = ORIENTED_EDGE ( 'NONE', *, *, #2809, .F. ) ;
#4565 = CARTESIAN_POINT ( 'NONE',  ( 1.257239098692999990, -0.6252499095719999955, -8.290499636839999908 ) ) ;
#4566 = CARTESIAN_POINT ( 'NONE',  ( 0.000000000000000000, 0.000000000000000000, -12.40000000000000036 ) ) ;
#4567 = CARTESIAN_POINT ( 'NONE',  ( 0.5279233279640000998, 1.307965212425999946, -8.159294909120001549 ) ) ;
#4568 = LINE ( 'NONE', #3172, #142 ) ;
#4569 = CARTESIAN_POINT ( 'NONE',  ( -0.8740834566500000902, -1.100314390691000010, -9.224648477307999528 ) ) ;
#4570 = ORIENTED_EDGE ( 'NONE', *, *, #2618, .T. ) ;
#4571 = CARTESIAN_POINT ( 'NONE',  ( -2.107315219974999820, -1.009060281504999823, -10.13076923074999947 ) ) ;
#4572 = CARTESIAN_POINT ( 'NONE',  ( -1.050670797823000102, -0.9386983911720000462, -9.945725175738997947 ) ) ;
#4573 = CARTESIAN_POINT ( 'NONE',  ( -0.3793624533680000077, 1.357791256855000128, -6.607084544410000149 ) ) ;
#4574 = CARTESIAN_POINT ( 'NONE',  ( -1.349465057385439870, -0.3861555538207552818, -8.981611599106766874 ) ) ;
#4575 = CARTESIAN_POINT ( 'NONE',  ( -0.5527509882960000009, 1.300631360949000115, -5.389244572946000567 ) ) ;
#4576 = CARTESIAN_POINT ( 'NONE',  ( -1.319972224183227683, -0.5001115155633619747, -6.767398978415910982 ) ) ;
#4577 = EDGE_CURVE ( 'NONE', #2995, #758, #2802, .T. ) ;
#4578 = CARTESIAN_POINT ( 'NONE',  ( 0.9152457612239999207, 0.8110900324419999530, -12.27917261174999908 ) ) ;
#4579 = CARTESIAN_POINT ( 'NONE',  ( -0.08300526979747999134, 1.573236784858000004, -11.76363636363999987 ) ) ;
#4580 = ORIENTED_EDGE ( 'NONE', *, *, #5600, .F. ) ;
#4581 = CARTESIAN_POINT ( 'NONE',  ( 0.7942427067930000195, -1.162791729074999836, -7.123506351510999757 ) ) ;
#4582 = DIRECTION ( 'NONE',  ( 1.000000000000000000, 0.000000000000000000, 0.000000000000000000 ) ) ;
#4583 = CARTESIAN_POINT ( 'NONE',  ( -1.392721513464199701, 0.1446011110029064295, -7.804445210397204846 ) ) ;
#4584 = CARTESIAN_POINT ( 'NONE',  ( -1.337679787046999857, 2.765673762761999832, -5.746153846139999466 ) ) ;
#4585 = CARTESIAN_POINT ( 'NONE',  ( 1.075240473600000080, 5.267159217232000209E-15, -12.40000000000000036 ) ) ;
#4586 = CARTESIAN_POINT ( 'NONE',  ( -1.355068004261045456, 0.3635237871270109999, -2.524652867721845162 ) ) ;
#4587 = VECTOR ( 'NONE', #3247, 1000.000000000000000 ) ;
#4588 = EDGE_CURVE ( 'NONE', #3011, #4086, #4031, .T. ) ;
#4589 = CARTESIAN_POINT ( 'NONE',  ( -0.6247411741900000814, 1.279259417176999980, -5.592613034528000071 ) ) ;
#4590 = CARTESIAN_POINT ( 'NONE',  ( -0.3688155646270000476, 1.350546216412999989, -11.40000000000000036 ) ) ;
#4591 = CARTESIAN_POINT ( 'NONE',  ( 1.399999999999999911, 0.000000000000000000, -12.40000000000000036 ) ) ;
#4592 = VECTOR ( 'NONE', #2891, 1000.000000000000000 ) ;
#4593 = CARTESIAN_POINT ( 'NONE',  ( -1.230008117839000104, -0.6787204801660000619, -5.756101694705000327 ) ) ;
#4594 = CARTESIAN_POINT ( 'NONE',  ( 0.5393533816850000218, 1.308150363355999879, -9.159944831809001542 ) ) ;
#4595 = AXIS2_PLACEMENT_3D ( 'NONE', #891, #2753, #4611 ) ;
#4596 = ORIENTED_EDGE ( 'NONE', *, *, #3790, .T. ) ;
#4597 = CARTESIAN_POINT ( 'NONE',  ( -1.399999998176099325, -0.07555401306310283172, -4.499493295929863024 ) ) ;
#4598 = CARTESIAN_POINT ( 'NONE',  ( -1.399999996792079759, -3.902370185297770891E-08, -8.503788199431834727 ) ) ;
#4599 = CARTESIAN_POINT ( 'NONE',  ( -0.09215942522863000697, -1.351847631762999935, -11.65272876416000081 ) ) ;
#4600 = CARTESIAN_POINT ( 'NONE',  ( -1.395265717398342264, 0.1190840121201765106, -4.802987724867109343 ) ) ;
#4601 = ADVANCED_FACE ( 'NONE', ( #5987 ), #4713, .F. ) ;
#4602 = CARTESIAN_POINT ( 'NONE',  ( -1.049124584352999934, -0.9442222723350000013, -7.737902843436999412 ) ) ;
#4603 = AXIS2_PLACEMENT_3D ( 'NONE', #3403, #146, #3975 ) ;
#4604 = CARTESIAN_POINT ( 'NONE',  ( -1.399999999703332554, -1.998404832457070790E-14, -6.003787890508217373 ) ) ;
#4605 = ORIENTED_EDGE ( 'NONE', *, *, #5706, .T. ) ;
#4606 = CARTESIAN_POINT ( 'NONE',  ( 0.9478688382950001268, 0.7194752708670000274, -12.40000000000000036 ) ) ;
#4607 = CARTESIAN_POINT ( 'NONE',  ( 0.8348129311299998800, -1.132839300476000011, -9.828239540189001033 ) ) ;
#4608 = LINE ( 'NONE', #5554, #4015 ) ;
#4609 = CARTESIAN_POINT ( 'NONE',  ( 1.368860999622999897, -0.3336497588239999978, -8.772818999964000497 ) ) ;
#4610 = CARTESIAN_POINT ( 'NONE',  ( 1.089382744304999928, -0.8901601533999999871, -6.100754594517999507 ) ) ;
#4611 = DIRECTION ( 'NONE',  ( 1.000000000000000000, 0.000000000000000000, 0.000000000000000000 ) ) ;
#4612 = CARTESIAN_POINT ( 'NONE',  ( 1.060798422466000090, 0.9240650214209999991, -6.489159186715999894 ) ) ;
#4613 = CARTESIAN_POINT ( 'NONE',  ( -1.399999999977423970, 3.031776848945420279E-10, -8.296211797383673314 ) ) ;
#4614 = EDGE_LOOP ( 'NONE', ( #5737, #3799, #651, #1538 ) ) ;
#4615 = CARTESIAN_POINT ( 'NONE',  ( 0.4124780527599999358, -1.347955919270000136, -6.855177662373999503 ) ) ;
#4616 = CARTESIAN_POINT ( 'NONE',  ( -2.107315219971999554, 1.009060281500999912, -5.169230769224999911 ) ) ;
#4617 = CARTESIAN_POINT ( 'NONE',  ( 1.399999999999999911, 0.1231558350880000013, -9.539211606911999652 ) ) ;
#4618 = CARTESIAN_POINT ( 'NONE',  ( 0.2425182464950000061, -1.391147966239000056, -5.157419110761000347 ) ) ;
#4619 = CARTESIAN_POINT ( 'NONE',  ( 1.574999999999999956, -1.141848099093000002, -2.682692307691999734 ) ) ;
#4620 = CARTESIAN_POINT ( 'NONE',  ( 0.4629252851469999874, 1.558718743917000049, -9.784615384611001332 ) ) ;
#4621 = CARTESIAN_POINT ( 'NONE',  ( -0.02733142280171000152, 1.401300903523999830, -5.627236739484001049 ) ) ;
#4622 = CARTESIAN_POINT ( 'NONE',  ( 0.6680203871340000266, -1.233465861550000042, -9.339285796127999362 ) ) ;
#4623 = CARTESIAN_POINT ( 'NONE',  ( -1.399999998222932529, -0.1267354670906801761, -3.496584508821854786 ) ) ;
#4624 = CIRCLE ( 'NONE', #5991, 1.500000000000000000 ) ;
#4625 = CARTESIAN_POINT ( 'NONE',  ( -0.4629252851460000096, 1.558718743917000049, -3.265384615385999556 ) ) ;
#4626 = CARTESIAN_POINT ( 'NONE',  ( -0.6633143342989999969, 1.242338986559999858, -9.089798352918000646 ) ) ;
#4627 = EDGE_CURVE ( 'NONE', #4838, #4702, #5109, .T. ) ;
#4628 = ORIENTED_EDGE ( 'NONE', *, *, #2173, .F. ) ;
#4629 = CARTESIAN_POINT ( 'NONE',  ( 0.7339596276809999820, -1.203360352048000070, -4.335223525598999927 ) ) ;
#4630 = CARTESIAN_POINT ( 'NONE',  ( -1.014895949086999982, -0.9676909968369999948, -8.443183796649998740 ) ) ;
#4631 = CARTESIAN_POINT ( 'NONE',  ( 0.000000000000000000, 0.000000000000000000, -12.40000000000000036 ) ) ;
#4632 = DIRECTION ( 'NONE',  ( 0.000000000000000000, 0.000000000000000000, 1.000000000000000000 ) ) ;
#4633 = CARTESIAN_POINT ( 'NONE',  ( -0.1388161620699999987, -1.404075017912000067, -5.886652586754000716 ) ) ;
#4634 = EDGE_LOOP ( 'NONE', ( #1051, #4727, #4643, #3300, #773, #4814, #3928, #289, #5174 ) ) ;
#4635 = CARTESIAN_POINT ( 'NONE',  ( -1.399758853487999888, 0.1112431998030000008, -9.510111292476999267 ) ) ;
#4636 = CARTESIAN_POINT ( 'NONE',  ( -1.399999996792079759, -3.902370185297770891E-08, -8.503788199431834727 ) ) ;
#4637 = DIRECTION ( 'NONE',  ( 0.000000000000000000, 0.000000000000000000, 1.000000000000000000 ) ) ;
#4638 = CARTESIAN_POINT ( 'NONE',  ( 1.369740939217000131, 0.3097980919269999744, -11.23608753613999944 ) ) ;
#4639 = CARTESIAN_POINT ( 'NONE',  ( -2.101570034747999905E-15, 0.000000000000000000, -0.2303039929150000054 ) ) ;
#4640 = CARTESIAN_POINT ( 'NONE',  ( 0.1213430352630000125, -1.404963967995999985, -2.664351076200000001 ) ) ;
#4641 = CARTESIAN_POINT ( 'NONE',  ( -1.369981360783000035, 0.2937007591119999428, -6.313019795335999440 ) ) ;
#4642 = CARTESIAN_POINT ( 'NONE',  ( 1.387334960727000022, 0.2465783597339999689, -10.23977271305999892 ) ) ;
#4643 = ORIENTED_EDGE ( 'NONE', *, *, #4443, .F. ) ;
#4644 = CARTESIAN_POINT ( 'NONE',  ( 0.4629252851469999874, 1.558718743917000049, -8.284615384611001332 ) ) ;
#4645 = DIRECTION ( 'NONE',  ( 1.000000000000000000, 0.000000000000000000, 0.000000000000000000 ) ) ;
#4646 = DIRECTION ( 'NONE',  ( 0.000000000000000000, 0.000000000000000000, 1.000000000000000000 ) ) ;
#4647 = CARTESIAN_POINT ( 'NONE',  ( 1.387793280221000014, 0.2420744025119999920, -8.740028713530000104 ) ) ;
#4648 = CARTESIAN_POINT ( 'NONE',  ( -0.9908537442569999021, -0.9942348772360001252, -8.233574372055000978 ) ) ;
#4649 = CARTESIAN_POINT ( 'NONE',  ( 1.113524728823038545, 0.8534832407646223418, -2.701741445898184768 ) ) ;
#4650 = CARTESIAN_POINT ( 'NONE',  ( -1.337679787040999990, -2.765673762766000188, -11.05384615378000035 ) ) ;
#4651 = DIRECTION ( 'NONE',  ( 1.000000000000000000, 0.000000000000000000, 0.000000000000000000 ) ) ;
#4652 = DIRECTION ( 'NONE',  ( 1.000000000000000000, 0.000000000000000000, 0.000000000000000000 ) ) ;
#4653 = CARTESIAN_POINT ( 'NONE',  ( -1.399993085529755543, -0.004554483969408195006, -5.795952937283495920 ) ) ;
#4654 = CARTESIAN_POINT ( 'NONE',  ( 2.107315219973999731, -1.009060281500999912, -7.419230769240000356 ) ) ;
#4655 = ORIENTED_EDGE ( 'NONE', *, *, #5976, .T. ) ;
#4656 = CARTESIAN_POINT ( 'NONE',  ( 0.2603965115090000060, -1.381356338765000080, -4.363939263603999308 ) ) ;
#4657 = DIRECTION ( 'NONE',  ( -1.000000000000000000, 1.224646799147353207E-16, 0.000000000000000000 ) ) ;
#4658 = CARTESIAN_POINT ( 'NONE',  ( -1.380100007959000008, -0.2406448043799999936, -2.990047859799000118 ) ) ;
#4659 = CARTESIAN_POINT ( 'NONE',  ( -1.399999997782173988, 0.02383937524071265066, -4.797567175263320216 ) ) ;
#4660 = CARTESIAN_POINT ( 'NONE',  ( 0.000000000000000000, 0.000000000000000000, -12.40000000000000036 ) ) ;
#4661 = ORIENTED_EDGE ( 'NONE', *, *, #3613, .F. ) ;
#4662 = CARTESIAN_POINT ( 'NONE',  ( -0.4629252851469999874, 1.558718743917000049, -10.76538461538999947 ) ) ;
#4663 = CARTESIAN_POINT ( 'NONE',  ( 0.2856083316720000043, -1.382609766569999898, -9.862585332144000461 ) ) ;
#4664 = CARTESIAN_POINT ( 'NONE',  ( -0.5527449076750000634, 1.300633576482000064, -9.889244936513000184 ) ) ;
#4665 = CARTESIAN_POINT ( 'NONE',  ( 1.399999999999999911, 2.914659381971000159E-15, -11.25378789281000103 ) ) ;
#4666 = CARTESIAN_POINT ( 'NONE',  ( 1.075240473600000080, 2.370221647753999984E-15, -6.899999999999999467 ) ) ;
#4667 = CARTESIAN_POINT ( 'NONE',  ( 0.9806448495539999977, -1.013543001054999948, -2.610029369366000385 ) ) ;
#4668 = FACE_OUTER_BOUND ( 'NONE', #5760, .T. ) ;
#4669 = CARTESIAN_POINT ( 'NONE',  ( 1.045263322430000086, 0.9343426563550000230, -10.19574272092999934 ) ) ;
#4670 = VERTEX_POINT ( 'NONE', #1740 ) ;
#4671 = CARTESIAN_POINT ( 'NONE',  ( 1.075240473600000080, 6.661338147751000379E-16, -6.899999999999999467 ) ) ;
#4672 = CARTESIAN_POINT ( 'NONE',  ( -0.06617912269223999444, -1.403928304527999771, -11.17498096100000105 ) ) ;
#4673 = CARTESIAN_POINT ( 'NONE',  ( 3.086771334363999753, 1.478060008331000041, -6.605769230788999913 ) ) ;
#4674 = EDGE_CURVE ( 'NONE', #3747, #89, #5009, .T. ) ;
#4675 = CARTESIAN_POINT ( 'NONE',  ( 0.4259683929759999765, -1.355102827418999789, -8.146915280153999461 ) ) ;
#4676 = CARTESIAN_POINT ( 'NONE',  ( 1.278837355057000025, 0.5909211947509999119, -7.511783335735000122 ) ) ;
#4677 = CARTESIAN_POINT ( 'NONE',  ( -1.337679787049000035, 2.765673762758000365, -10.24615384612000035 ) ) ;
#4678 = CARTESIAN_POINT ( 'NONE',  ( 0.7876561638659999032, -0.9489386201209999427, -2.399999999999999911 ) ) ;
#4679 = CARTESIAN_POINT ( 'NONE',  ( -1.386618320236243651, -0.2534601348134183918, -6.489381559493056173 ) ) ;
#4680 = CARTESIAN_POINT ( 'NONE',  ( 1.075240473600000080, 4.740443295508999454E-15, -11.40000000000000036 ) ) ;
#4681 = CARTESIAN_POINT ( 'NONE',  ( -1.399999999856216260, -3.904169389516846435E-08, -8.796211813445632188 ) ) ;
#4682 = ORIENTED_EDGE ( 'NONE', *, *, #757, .T. ) ;
#4683 = B_SPLINE_CURVE_WITH_KNOTS ( 'NONE', 7,
 ( #5221, #504, #4248, #1042, #4193, #2879, #3359, #2907, #561, #4648, #5631, #103, #5657, #21, #2850, #5686, #2364, #2413, #52, #4731, #4675, #5166, #4706, #4274, #4761, #4222, #76, #3758, #1411, #1903, #2825, #1955 ),
 .UNSPECIFIED., .F., .F.,
 ( 8, 6, 6, 6, 6, 8 ),
 ( 0.5000152949253603429, 0.6008618508599999908, 0.6578650944920000354, 0.7566127828890000240, 0.9035884873580000143, 1.000000000000000000 ),
 .UNSPECIFIED. ) ;
#4684 = CARTESIAN_POINT ( 'NONE',  ( -0.3687788476239999835, -1.350556241003000091, -11.40000000000000036 ) ) ;
#4685 = CARTESIAN_POINT ( 'NONE',  ( 1.337679787049000035, 2.765673762765000099, -2.803846153862000090 ) ) ;
#4686 = AXIS2_PLACEMENT_3D ( 'NONE', #2787, #470, #4551 ) ;
#4687 = CYLINDRICAL_SURFACE ( 'NONE', #2755, 1.399999999999999911 ) ;
#4688 = CARTESIAN_POINT ( 'NONE',  ( 1.399999999999999911, -0.1173027266819999942, -10.55287936880999844 ) ) ;
#4689 = VECTOR ( 'NONE', #4561, 1000.000000000000000 ) ;
#4690 = ORIENTED_EDGE ( 'NONE', *, *, #5253, .T. ) ;
#4691 = CARTESIAN_POINT ( 'NONE',  ( -0.1215851738659999848, -2.304459325135000292, -12.26136363634999960 ) ) ;
#4692 = CARTESIAN_POINT ( 'NONE',  ( -1.266998855745999908, -0.6141529390720000814, -9.967886207729000247 ) ) ;
#4693 = CARTESIAN_POINT ( 'NONE',  ( 0.08537733627705000605, 1.401375219371000069, -9.926067203341998990 ) ) ;
#4694 = AXIS2_PLACEMENT_3D ( 'NONE', #5350, #1167, #3601 ) ;
#4695 = CARTESIAN_POINT ( 'NONE',  ( -1.134505040251999830, 0.8239053679720000911, -11.05377407273999779 ) ) ;
#4696 = EDGE_CURVE ( 'NONE', #3384, #1680, #4169, .T. ) ;
#4697 = CARTESIAN_POINT ( 'NONE',  ( -1.103517135846999953, -0.8695322924450000768, -6.243097075841000709 ) ) ;
#4698 = B_SPLINE_CURVE_WITH_KNOTS ( 'NONE', 6,
 ( #2579, #2120, #722, #4406, #4469, #2516, #3941, #301, #2484, #4439, #2151, #3395, #3976, #5257, #5323, #5388, #1173, #169, #689, #753, #4374, #203, #4897, #2974, #2024, #3005, #2546, #269, #1078, #1143, #5813, #4863, #3429, #1629, #4833, #5844, #5291, #1110, #2944, #4801, #3490, #1659 ),
 .UNSPECIFIED., .F., .F.,
 ( 7, 5, 5, 5, 5, 5, 5, 5, 7 ),
 ( 0.5000026121114239386, 0.5149143697449999335, 0.5599152647120000381, 0.5887828795200000798, 0.6671274330269999497, 0.7661247619509999884, 0.8668867786720000357, 0.9118875415500000692, 1.000000000000000000 ),
 .UNSPECIFIED. ) ;
#4699 = EDGE_CURVE ( 'NONE', #4353, #99, #4982, .T. ) ;
#4700 = CARTESIAN_POINT ( 'NONE',  ( 0.9376147721219999509, -0.9155262954030000122, -11.85870909640000193 ) ) ;
#4701 = CARTESIAN_POINT ( 'NONE',  ( 1.399999999999999911, -3.429011037612999484E-16, -10.25378818429000205 ) ) ;
#4702 = VERTEX_POINT ( 'NONE', #3749 ) ;
#4703 = CARTESIAN_POINT ( 'NONE',  ( -1.574999999999999956, 1.141848099093000002, -7.482692307690999023 ) ) ;
#4704 = CARTESIAN_POINT ( 'NONE',  ( -1.375724738923999935, -0.2944903242280000333, -10.27941859615999931 ) ) ;
#4705 = CARTESIAN_POINT ( 'NONE',  ( -3.753850618408000273, -1.173470705913999934, -6.836538461558000712 ) ) ;
#4706 = CARTESIAN_POINT ( 'NONE',  ( 0.7681754849789999007, -1.199825686245999945, -8.125918042697998445 ) ) ;
#4707 = CARTESIAN_POINT ( 'NONE',  ( -3.086771334363999753, 1.478060008329999953, -9.444230769198000530 ) ) ;
#4708 = CARTESIAN_POINT ( 'NONE',  ( -1.114408847256999957, 2.661071112481000256, -11.45192307692000000 ) ) ;
#4709 = CARTESIAN_POINT ( 'NONE',  ( -1.574999999999999956, -1.141848099093000002, -10.36730769230000071 ) ) ;
#4710 = CARTESIAN_POINT ( 'NONE',  ( 1.399999999999999911, -2.824728543431499496E-16, -2.753788184292000008 ) ) ;
#4711 = CARTESIAN_POINT ( 'NONE',  ( 1.298181665062000167, -0.5434661509599999496, -5.577751263764000988 ) ) ;
#4712 = CARTESIAN_POINT ( 'NONE',  ( -0.6174151981040000292, 1.270892901216999826, -8.885194202064999658 ) ) ;
#4713 = CONICAL_SURFACE ( 'NONE', #1796, 0.4739140810729999820, 0.2312561258890000193 ) ;
#4714 = ORIENTED_EDGE ( 'NONE', *, *, #1081, .F. ) ;
#4715 = CARTESIAN_POINT ( 'NONE',  ( -1.730252897595999872, -0.5685098153819999611, -12.12727272725000027 ) ) ;
#4716 = CARTESIAN_POINT ( 'NONE',  ( -1.375928859498803725, 1.806392864879113186E-10, -11.51462444456988443 ) ) ;
#4717 = CARTESIAN_POINT ( 'NONE',  ( -0.7390026527949999924, -1.124193900199999874, -11.69005977079000047 ) ) ;
#4718 = CARTESIAN_POINT ( 'NONE',  ( 0.000000000000000000, 0.000000000000000000, -0.8575369645580001032 ) ) ;
#4719 = ORIENTED_EDGE ( 'NONE', *, *, #4296, .T. ) ;
#4720 = CARTESIAN_POINT ( 'NONE',  ( -1.503821374739000127, -2.019265272015000168, -12.30681818182000065 ) ) ;
#4721 = CARTESIAN_POINT ( 'NONE',  ( -0.9918763931169999326, 0.9955565713360000624, -7.566434281773000592 ) ) ;
#4722 = CARTESIAN_POINT ( 'NONE',  ( 1.342415765166000030, 0.4256468115080000447, -10.02178447087999835 ) ) ;
#4723 = CARTESIAN_POINT ( 'NONE',  ( -0.1487465885579999925, 1.398721782833999949, -10.41275891217999927 ) ) ;
#4724 = CARTESIAN_POINT ( 'NONE',  ( -1.399020207336458377, -0.05999994571173557223, -6.292801313853239265 ) ) ;
#4725 = CARTESIAN_POINT ( 'NONE',  ( -1.258278665409121366, 0.1151223288595977640, -12.07486351952011638 ) ) ;
#4726 = CARTESIAN_POINT ( 'NONE',  ( 0.4214405181390000199, 1.348942513587000125, -10.15289350189999951 ) ) ;
#4727 = ORIENTED_EDGE ( 'NONE', *, *, #5674, .T. ) ;
#4728 = CARTESIAN_POINT ( 'NONE',  ( -1.959418117463999964, 4.051127429906999922, -7.021153846124999376 ) ) ;
#4729 = CARTESIAN_POINT ( 'NONE',  ( -0.4349081835979999866, -1.342363775336000042, -11.19613874987999935 ) ) ;
#4730 = LINE ( 'NONE', #5597, #1182 ) ;
#4731 = CARTESIAN_POINT ( 'NONE',  ( 0.2424863303519999846, -1.391153529791999910, -8.157420936516999177 ) ) ;
#4732 = CARTESIAN_POINT ( 'NONE',  ( -1.218801325753209985, -0.2254966419177006076, -12.20546669208567181 ) ) ;
#4733 = CARTESIAN_POINT ( 'NONE',  ( 2.562725153500000186, -0.8011194905319999338, -10.93846153840000035 ) ) ;
#4734 = CARTESIAN_POINT ( 'NONE',  ( -1.114408847256999957, 2.661071112481000256, -11.00192307693000160 ) ) ;
#4735 = CARTESIAN_POINT ( 'NONE',  ( 1.075240473600000080, 0.000000000000000000, -2.399999999999999911 ) ) ;
#4736 = CARTESIAN_POINT ( 'NONE',  ( 1.338591921614000091, -0.4393027313969999348, -5.571444101751999334 ) ) ;
#4737 = CARTESIAN_POINT ( 'NONE',  ( -0.1124099407270000017, 1.397795442789000031, -8.914827586216999222 ) ) ;
#4738 = CARTESIAN_POINT ( 'NONE',  ( 1.262332061671000094, -0.6502683859060000016, -10.79162447771000011 ) ) ;
#4739 = B_SPLINE_CURVE_WITH_KNOTS ( 'NONE', 7,
 ( #5439, #4597, #1362, #1253, #3119, #2283, #2175, #2313, #2738, #2341, #2630, #5118, #4171, #1225, #3088, #943, #3678, #1821, #425, #4656, #2598, #6037, #3225, #4629, #3995, #3709, #5578, #4140, #3259, #4458, #319, #1391, #32, #2805, #5867, #3739, #1419, #5611 ),
 .UNSPECIFIED., .F., .F.,
 ( 8, 6, 6, 6, 6, 6, 8 ),
 ( 0.4999985567606038961, 0.5601250881920000202, 0.6606476056279999565, 0.7653321029670000497, 0.8658425288929999519, 0.9129944218549999047, 1.000000000000000000 ),
 .UNSPECIFIED. ) ;
#4740 = EDGE_LOOP ( 'NONE', ( #5000, #31, #4230, #3996 ) ) ;
#4741 = DIRECTION ( 'NONE',  ( 0.9118476033093435573, 6.700147492220517505E-16, 0.4105288641971548413 ) ) ;
#4742 = CARTESIAN_POINT ( 'NONE',  ( 4.163336342343999394E-15, 0.000000000000000000, -5.000000000000000000 ) ) ;
#4743 = CARTESIAN_POINT ( 'NONE',  ( 1.316105725545000160, -0.4903268408199999984, -11.28218221921000008 ) ) ;
#4744 = CARTESIAN_POINT ( 'NONE',  ( 0.9735939558049999665, -1.026769116072000054, -10.61086482454999924 ) ) ;
#4745 = EDGE_CURVE ( 'NONE', #5544, #5709, #3797, .T. ) ;
#4746 = B_SPLINE_CURVE_WITH_KNOTS ( 'NONE', 7,
 ( #1181, #3952, #5889, #179, #2063, #3014, #4968, #2586, #5821, #5429, #1700, #4351, #5299, #3888, #3563, #3046, #762, #5756, #4871, #1121, #3471, #3918, #2982, #4841, #668, #2523, #2619, #4447, #4382, #4415, #212, #3498, #1637, #5331, #697, #2555, #244, #730 ),
 .UNSPECIFIED., .F., .F.,
 ( 8, 6, 6, 6, 6, 6, 8 ),
 ( 0.000000000000000000, 0.09486682117134999370, 0.2250607883500000128, 0.3263749719290000018, 0.4148042214149999518, 0.4981673421250000233, 0.4999932250395043853 ),
 .UNSPECIFIED. ) ;
#4747 = ORIENTED_EDGE ( 'NONE', *, *, #10, .T. ) ;
#4748 = CARTESIAN_POINT ( 'NONE',  ( -1.503821374737000172, 2.019265272015000168, -12.44318181817000024 ) ) ;
#4749 = CARTESIAN_POINT ( 'NONE',  ( 0.7209712176050000476, 1.207832646990000036, -7.671600187566999907 ) ) ;
#4750 = CARTESIAN_POINT ( 'NONE',  ( 0.4261285550820000378, -1.355052470985000035, -3.646905873944000120 ) ) ;
#4751 = CARTESIAN_POINT ( 'NONE',  ( 0.7607984106070000418, -1.816692929059999795, -4.476923076927000089 ) ) ;
#4752 = CARTESIAN_POINT ( 'NONE',  ( 1.349695643351999763, 0.3852875574740000086, -11.23166244495000043 ) ) ;
#4753 = CARTESIAN_POINT ( 'NONE',  ( -3.753850618406000095, 1.173470705920000023, -2.463461538470000267 ) ) ;
#4754 = CARTESIAN_POINT ( 'NONE',  ( 1.192784336271000001, -0.5614476415110000174, -11.82935896491999905 ) ) ;
#4755 = CARTESIAN_POINT ( 'NONE',  ( -1.279227436828718201, 0.5900083652972416548, -10.03816070056995180 ) ) ;
#4756 = ORIENTED_EDGE ( 'NONE', *, *, #4527, .T. ) ;
#4757 = CARTESIAN_POINT ( 'NONE',  ( 0.9267284910590000147, -1.079796447481000010, -3.114843784961999873 ) ) ;
#4758 = CARTESIAN_POINT ( 'NONE',  ( 0.7607984106080000197, -1.816692929058999928, -7.476923076917999289 ) ) ;
#4759 = DIRECTION ( 'NONE',  ( 1.000000000000000000, 0.000000000000000000, 0.000000000000000000 ) ) ;
#4760 = DIRECTION ( 'NONE',  ( 0.000000000000000000, 0.000000000000000000, 1.000000000000000000 ) ) ;
#4761 = CARTESIAN_POINT ( 'NONE',  ( 1.045743784483999850, -0.9489613342939999807, -8.104913041408998708 ) ) ;
#4762 = EDGE_CURVE ( 'NONE', #4218, #699, #834, .T. ) ;
#4763 = CARTESIAN_POINT ( 'NONE',  ( 0.004241025123211000260, -1.408351248962000035, -8.670958358486000606 ) ) ;
#4764 = CARTESIAN_POINT ( 'NONE',  ( 1.959418117455000274, 4.051127429916999922, -10.52884615384000000 ) ) ;
#4765 = CARTESIAN_POINT ( 'NONE',  ( 1.091593192219999953, -0.09947795944942999791, -2.399999999999999911 ) ) ;
#4766 = CARTESIAN_POINT ( 'NONE',  ( 0.000000000000000000, 0.000000000000000000, -2.030303992914999967 ) ) ;
#4767 = CARTESIAN_POINT ( 'NONE',  ( 0.9765891299910001155, -1.017297915609000070, -4.110341046609999438 ) ) ;
#4768 = CARTESIAN_POINT ( 'NONE',  ( -1.337679787046999857, 2.765673762762999921, -7.246153846143000621 ) ) ;
#4769 = EDGE_CURVE ( 'NONE', #4108, #2874, #1918, .T. ) ;
#4770 = CARTESIAN_POINT ( 'NONE',  ( -0.9756907585290000018, -1.016088332897000068, -10.93965811758000051 ) ) ;
#4771 = ADVANCED_FACE ( 'NONE', ( #675 ), #4389, .T. ) ;
#4772 = CARTESIAN_POINT ( 'NONE',  ( 0.4629252851469999874, 1.558718743915999960, -6.784615384614000710 ) ) ;
#4773 = ORIENTED_EDGE ( 'NONE', *, *, #5879, .T. ) ;
#4774 = CARTESIAN_POINT ( 'NONE',  ( 1.075240473600000080, -0.6141759223099999554, -11.94545454545000140 ) ) ;
#4775 = CARTESIAN_POINT ( 'NONE',  ( -2.562725153499000097, -0.8011194905290000001, -3.611538461543000178 ) ) ;
#4776 = CARTESIAN_POINT ( 'NONE',  ( 1.275421860950999742, -0.5952631581770000402, -11.28855149134999891 ) ) ;
#4777 = DIRECTION ( 'NONE',  ( -0.2133083745830045286, -0.9769849217530210961, 0.000000000000000000 ) ) ;
#4778 = CARTESIAN_POINT ( 'NONE',  ( -1.172299129997492084, 0.7953904652382052243, -4.051183015520801511 ) ) ;
#4779 = VECTOR ( 'NONE', #4498, 1000.000000000000000 ) ;
#4780 = ORIENTED_EDGE ( 'NONE', *, *, #3057, .F. ) ;
#4781 = EDGE_CURVE ( 'NONE', #4939, #3654, #5950, .T. ) ;
#4782 = CARTESIAN_POINT ( 'NONE',  ( -1.399999998356867392, -3.903713950044327341E-08, -5.503788199904820821 ) ) ;
#4783 = CARTESIAN_POINT ( 'NONE',  ( -1.399999999999999911, 1.714505518806294391E-16, -12.40000000000000036 ) ) ;
#4784 = CARTESIAN_POINT ( 'NONE',  ( -0.3138493377330000000, -1.375715064788000097, -3.689070247652999957 ) ) ;
#4785 = FACE_OUTER_BOUND ( 'NONE', #4363, .T. ) ;
#4786 = CARTESIAN_POINT ( 'NONE',  ( 0.6432795630089999106, 1.255448832953000027, -7.166491372726000009 ) ) ;
#4787 = CARTESIAN_POINT ( 'NONE',  ( 0.6780876855060000707, -2.283193464110000015, -2.290384615384000178 ) ) ;
#4788 = CARTESIAN_POINT ( 'NONE',  ( -0.9241334637960000320, 0.8455031119000000484, -12.13197461902000107 ) ) ;
#4789 = CARTESIAN_POINT ( 'NONE',  ( 1.574999999999999956, -1.141848099093000002, -8.682692307691999289 ) ) ;
#4790 = AXIS2_PLACEMENT_3D ( 'NONE', #1945, #4328, #4645 ) ;
#4791 = EDGE_LOOP ( 'NONE', ( #5627, #4117, #5313, #4457 ) ) ;
#4792 = CARTESIAN_POINT ( 'NONE',  ( -1.259964995242942809, -3.287894764187151465E-08, -12.06683335374577126 ) ) ;
#4793 = CARTESIAN_POINT ( 'NONE',  ( 1.499999999999417577, 0.000000000000000000, -0.2303039929149980625 ) ) ;
#4794 = CARTESIAN_POINT ( 'NONE',  ( 1.274530365568000034, 0.6008948556129999341, -3.011170913436999719 ) ) ;
#4795 = CARTESIAN_POINT ( 'NONE',  ( -1.332307487010000013, 0.4488093970449999470, -10.52964323248999889 ) ) ;
#4796 = CARTESIAN_POINT ( 'NONE',  ( 0.6167601121019999910, -1.269730749797000069, -7.342811816987000029 ) ) ;
#4797 = CARTESIAN_POINT ( 'NONE',  ( 1.060664142427000023, -0.9267842506539999414, -8.603375164140000919 ) ) ;
#4798 = CARTESIAN_POINT ( 'NONE',  ( -1.059913804131000115, 0.9278825185079999649, -3.353450223347999692 ) ) ;
#4799 = CARTESIAN_POINT ( 'NONE',  ( 1.075240473600000080, 1.493645328225999988E-14, -11.40000000000000036 ) ) ;
#4800 = CARTESIAN_POINT ( 'NONE',  ( 1.304490684116000221, 0.5269163137380000750, -7.015677155429000500 ) ) ;
#4801 = CARTESIAN_POINT ( 'NONE',  ( 1.385697159240999898, -0.2583684495010000193, -10.26847399208000056 ) ) ;
#4802 = CARTESIAN_POINT ( 'NONE',  ( -1.399997687622309250, -0.002885205819241443842, -4.296047819817014890 ) ) ;
#4803 = CARTESIAN_POINT ( 'NONE',  ( 1.326191086397000118, 0.4807328136790000039, -9.018544712823999276 ) ) ;
#4804 = CARTESIAN_POINT ( 'NONE',  ( 0.6032831737349999557, -0.6032831737349999557, -0.9202546635849999657 ) ) ;
#4805 = CARTESIAN_POINT ( 'NONE',  ( 1.574999999999999956, 1.141848099093000002, -6.617307692308000533 ) ) ;
#4806 = ORIENTED_EDGE ( 'NONE', *, *, #2862, .T. ) ;
#4807 = CARTESIAN_POINT ( 'NONE',  ( 1.075240473600000080, 0.6141759223099999554, -11.85454545454000019 ) ) ;
#4808 = CARTESIAN_POINT ( 'NONE',  ( 0.8643984660519999919, 1.109476514063999941, -8.473890612510999176 ) ) ;
#4809 = CARTESIAN_POINT ( 'NONE',  ( 1.388123884474999903, 0.2387727553969999916, -8.032639850773000134 ) ) ;
#4810 = CARTESIAN_POINT ( 'NONE',  ( -1.249545943735000053, -0.6437432277089999433, -10.75833789033000087 ) ) ;
#4811 = EDGE_CURVE ( 'NONE', #5544, #3850, #4568, .T. ) ;
#4812 = CARTESIAN_POINT ( 'NONE',  ( 0.6884073505109999935, -1.224921755798999978, -2.630448632760000294 ) ) ;
#4813 = AXIS2_PLACEMENT_3D ( 'NONE', #1605, #1241, #1118 ) ;
#4814 = ORIENTED_EDGE ( 'NONE', *, *, #5146, .F. ) ;
#4815 = CARTESIAN_POINT ( 'NONE',  ( 0.8370323609730000447, -1.131582298087999927, -5.328095540268000363 ) ) ;
#4816 = CARTESIAN_POINT ( 'NONE',  ( -1.399987357662545229, 0.006746250385892091361, -7.504171356502696177 ) ) ;
#4817 = CARTESIAN_POINT ( 'NONE',  ( 0.6933484682649999620, 1.237434852810999963, -10.96187090195999936 ) ) ;
#4818 = CARTESIAN_POINT ( 'NONE',  ( -0.4629252851460000096, -1.558718743917000049, -4.534615384613999822 ) ) ;
#4819 = CARTESIAN_POINT ( 'NONE',  ( 0.4629252851460000096, -1.558718743917000049, -5.515384615383999822 ) ) ;
#4820 = CARTESIAN_POINT ( 'NONE',  ( 1.277677747567999900, 0.5936259908390000284, -3.219195130941999938 ) ) ;
#4821 = CARTESIAN_POINT ( 'NONE',  ( -1.254840914732710200, -0.1356941232370459660, -12.05736618646885105 ) ) ;
#4822 = CARTESIAN_POINT ( 'NONE',  ( 3.753850618405000006, 1.173470705918000068, -9.086538461563000268 ) ) ;
#4823 = VERTEX_POINT ( 'NONE', #5981 ) ;
#4824 = B_SPLINE_CURVE_WITH_KNOTS ( 'NONE', 7,
 ( #4590, #2797, #4995, #5571, #1386, #2733, #362, #1727, #4103, #3253, #1816, #2675, #873, #5112, #5022, #2308, #4560, #907, #2706, #4076, #389, #2766, #937, #2246, #419, #5970 ),
 .UNSPECIFIED., .F., .F.,
 ( 8, 6, 6, 6, 8 ),
 ( 0.2924375338649712330, 0.3601815478539999726, 0.4135837548220000492, 0.4996643985410000322, 0.5000153017753073970 ),
 .UNSPECIFIED. ) ;
#4825 = CARTESIAN_POINT ( 'NONE',  ( -1.318496894059999924, -0.4733571754550000010, -3.268785830244000046 ) ) ;
#4826 = CARTESIAN_POINT ( 'NONE',  ( 1.399999999999999911, 2.400307726328999650E-15, -10.04621210718000057 ) ) ;
#4827 = CARTESIAN_POINT ( 'NONE',  ( 1.121070138417999962, 0.8412738734369999971, -10.70255645700999914 ) ) ;
#4828 = CARTESIAN_POINT ( 'NONE',  ( -1.250533306518999854, 0.4558291093389999493, -11.78741412743000083 ) ) ;
#4829 = CARTESIAN_POINT ( 'NONE',  ( -1.327898682081000148, -0.4738712093009999626, -8.768941172114999461 ) ) ;
#4830 = CARTESIAN_POINT ( 'NONE',  ( -1.399999997970241994, 0.02335601036883350190, -3.297539699072304931 ) ) ;
#4831 = CARTESIAN_POINT ( 'NONE',  ( -0.6569311496930000382, 1.251039717267000029, -5.882765496735999022 ) ) ;
#4832 = CARTESIAN_POINT ( 'NONE',  ( 1.330767065736000010, -0.4953534014610000979, -6.282163033307999633 ) ) ;
#4833 = CARTESIAN_POINT ( 'NONE',  ( 1.118320734361999857, -0.8463666986040000451, -10.30534517533000027 ) ) ;
#4834 = CARTESIAN_POINT ( 'NONE',  ( 0.4629252851460000096, 1.558718743917000049, -5.284615384613999822 ) ) ;
#4835 = CARTESIAN_POINT ( 'NONE',  ( 0.9366793322509999742, 0.8958425864030000740, -11.93490618152999971 ) ) ;
#4836 = CARTESIAN_POINT ( 'NONE',  ( 1.330747504435999984, -0.4954222541339999841, -10.78216703961000000 ) ) ;
#4837 = CARTESIAN_POINT ( 'NONE',  ( 1.368605246006000087, -0.3350075465510000128, -5.772896992049999731 ) ) ;
#4838 = VERTEX_POINT ( 'NONE', #5460 ) ;
#4839 = CARTESIAN_POINT ( 'NONE',  ( -1.056812979406000164, -0.9261200027120000122, -7.946509537592998385 ) ) ;
#4840 = CARTESIAN_POINT ( 'NONE',  ( -0.9944926595279999226, 0.9891932939159999716, -8.358495834068000008 ) ) ;
#4841 = CARTESIAN_POINT ( 'NONE',  ( -1.081995600545000213, 0.8999860526649999803, -6.059014454436999486 ) ) ;
#4842 = EDGE_CURVE ( 'NONE', #800, #5577, #3360, .T. ) ;
#4843 = CARTESIAN_POINT ( 'NONE',  ( 0.5279233666710000383, 1.307965195088000021, -5.159294911515999615 ) ) ;
#4844 = VERTEX_POINT ( 'NONE', #5404 ) ;
#4845 = CARTESIAN_POINT ( 'NONE',  ( 0.4107033853629999953, -1.348467560969000001, -5.355281810736999937 ) ) ;
#4846 = CARTESIAN_POINT ( 'NONE',  ( -1.254763085597000005, 0.6299083561470000259, -7.540799138017000303 ) ) ;
#4847 = DIRECTION ( 'NONE',  ( -0.2055172342860115409, 0.000000000000000000, -0.9786534966020550286 ) ) ;
#4848 = CARTESIAN_POINT ( 'NONE',  ( -1.399766045018000060, 0.1111605177610000134, -3.802530253771000179 ) ) ;
#4849 = CARTESIAN_POINT ( 'NONE',  ( 2.107315219973999731, -1.009060281500000045, -5.919230769240000356 ) ) ;
#4850 = CARTESIAN_POINT ( 'NONE',  ( -1.381167331652999986, 0.2432320978920000099, -3.017664597306000118 ) ) ;
#4851 = CARTESIAN_POINT ( 'NONE',  ( 1.122896247431000027, 0.8538414251889999695, -3.702046168490999989 ) ) ;
#4852 = CARTESIAN_POINT ( 'NONE',  ( -2.107315219969999820, 1.009060281500999912, -9.669230769206999199 ) ) ;
#4853 = EDGE_LOOP ( 'NONE', ( #227, #394, #2129, #3224, #3243, #5156, #5302, #3075, #4315, #1148 ) ) ;
#4854 = CARTESIAN_POINT ( 'NONE',  ( 1.574999999999999956, 1.088018564133000035E-14, -10.12500000000000000 ) ) ;
#4855 = CARTESIAN_POINT ( 'NONE',  ( -1.394927192537222194, -0.1560443948366465050, -8.994917778896486027 ) ) ;
#4856 = CARTESIAN_POINT ( 'NONE',  ( 1.236855440248999960, 0.6704517568080000656, -10.71428653265000008 ) ) ;
#4857 = CARTESIAN_POINT ( 'NONE',  ( 1.091118354023999926, -0.8810901742250000224, -7.307846646140999880 ) ) ;
#4858 = CARTESIAN_POINT ( 'NONE',  ( 1.133034478998000028, -0.8309669487990000158, -8.596584640259999688 ) ) ;
#4859 = CYLINDRICAL_SURFACE ( 'NONE', #733, 1.399999999999999911 ) ;
#4860 = CARTESIAN_POINT ( 'NONE',  ( 0.000000000000000000, 0.000000000000000000, -2.399999999999999911 ) ) ;
#4861 = EDGE_CURVE ( 'NONE', #1217, #3915, #2594, .T. ) ;
#4862 = DIRECTION ( 'NONE',  ( 0.000000000000000000, 0.000000000000000000, 1.000000000000000000 ) ) ;
#4863 = CARTESIAN_POINT ( 'NONE',  ( 0.9871888057319999632, -0.9948922966429999404, -10.31659485673999832 ) ) ;
#4864 = CARTESIAN_POINT ( 'NONE',  ( -2.562725153491999919, 0.8011194905340000005, -4.188461538452999733 ) ) ;
#4865 = CARTESIAN_POINT ( 'NONE',  ( -0.6780876855050000929, -2.283193464108999926, -7.759615384617000622 ) ) ;
#4866 = CARTESIAN_POINT ( 'NONE',  ( -0.7876321539059999433, -1.170044739326999927, -10.92594366865999866 ) ) ;
#4867 = CARTESIAN_POINT ( 'NONE',  ( -1.574999999999999956, 1.141848099093000002, -5.982692307692000000 ) ) ;
#4868 = EDGE_LOOP ( 'NONE', ( #38, #2505, #828, #1639, #1511, #5426, #3920, #2463, #3148 ) ) ;
#4869 = CARTESIAN_POINT ( 'NONE',  ( -0.2308602059269999895, -1.385346309737999881, -9.391924508735998600 ) ) ;
#4870 = CARTESIAN_POINT ( 'NONE',  ( -1.399998432844587803, 0.002168284575266148009, -8.296335044244914414 ) ) ;
#4871 = CARTESIAN_POINT ( 'NONE',  ( -0.5335005108610000324, 1.300609326400000043, -6.097832757394000325 ) ) ;
#4872 = CARTESIAN_POINT ( 'NONE',  ( -2.562725153493999652, 0.8011194905319999338, -8.688461538479000268 ) ) ;
#4873 = EDGE_LOOP ( 'NONE', ( #520, #528, #1194 ) ) ;
#4874 = CARTESIAN_POINT ( 'NONE',  ( 1.259980726653000094, -0.6195243567650000616, -5.290140214352999415 ) ) ;
#4875 = CARTESIAN_POINT ( 'NONE',  ( -0.6780876855060000707, -2.283193464108999926, -4.759615384617000622 ) ) ;
#4876 = CARTESIAN_POINT ( 'NONE',  ( 1.399999999999999911, 0.000000000000000000, -11.40000000000000036 ) ) ;
#4877 = CARTESIAN_POINT ( 'NONE',  ( -1.340713891390000079, 0.4313478829380000268, -3.820976545658000045 ) ) ;
#4878 = CARTESIAN_POINT ( 'NONE',  ( -1.399999999983345234, 0.0004406087422278750208, -11.00381322860129352 ) ) ;
#4879 = CARTESIAN_POINT ( 'NONE',  ( -3.086771334363999753, -1.478060008331000041, -2.405769230763999733 ) ) ;
#4880 = AXIS2_PLACEMENT_3D ( 'NONE', #4130, #5568, #5999 ) ;
#4881 = CARTESIAN_POINT ( 'NONE',  ( -1.399999999999999911, 1.714505518806294391E-16, -12.40000000000000036 ) ) ;
#4882 = CARTESIAN_POINT ( 'NONE',  ( 2.107315219975999909, -1.009060281500999912, -8.919230769250999558 ) ) ;
#4883 = ORIENTED_EDGE ( 'NONE', *, *, #4144, .T. ) ;
#4884 = EDGE_CURVE ( 'NONE', #3258, #2429, #3652, .T. ) ;
#4885 = CARTESIAN_POINT ( 'NONE',  ( -1.335129780344999961, -0.4261469722999999821, -3.271628421763999928 ) ) ;
#4886 = CIRCLE ( 'NONE', #3227, 4.948166881526999461 ) ;
#4887 = CARTESIAN_POINT ( 'NONE',  ( -1.218643081253999894, 0.6997217357610000521, -2.837670845147000076 ) ) ;
#4888 = CARTESIAN_POINT ( 'NONE',  ( -1.280210499341817521, 0.5876999599050236611, -8.538019230815217853 ) ) ;
#4889 = DIRECTION ( 'NONE',  ( 0.2133083745830045563, -0.9769849217530212071, 0.000000000000000000 ) ) ;
#4890 = EDGE_CURVE ( 'NONE', #128, #4177, #3008, .T. ) ;
#4891 = CARTESIAN_POINT ( 'NONE',  ( 1.273994672421999930, -0.1690551324829999980, -12.00002536941000031 ) ) ;
#4892 = VECTOR ( 'NONE', #1884, 1000.000000000000000 ) ;
#4893 = PERSON_AND_ORGANIZATION_ROLE ( 'design_supplier' ) ;
#4894 = CARTESIAN_POINT ( 'NONE',  ( -1.397272796782674131, 0.09338157174091996082, -3.301522633498217285 ) ) ;
#4895 = CARTESIAN_POINT ( 'NONE',  ( -1.399909254967308891, -0.02086994372151275423, -7.295025561060615615 ) ) ;
#4896 = CARTESIAN_POINT ( 'NONE',  ( -1.041165877718999822, 0.9407470164519999845, -6.854681441642999751 ) ) ;
#4897 = CARTESIAN_POINT ( 'NONE',  ( -0.4357267144440000184, -1.343199758716000058, -10.40372713790000070 ) ) ;
#4898 = VECTOR ( 'NONE', #4862, 1000.000000000000000 ) ;
#4899 = CARTESIAN_POINT ( 'NONE',  ( -1.574999999999999956, -1.141848099093000002, -4.367307692307999645 ) ) ;
#4900 = CARTESIAN_POINT ( 'NONE',  ( -0.7607984106090001086, 1.816692929059999795, -8.226923076934998136 ) ) ;
#4901 = CARTESIAN_POINT ( 'NONE',  ( 1.399999999999999911, -3.429011037612999484E-16, -4.253788184291999563 ) ) ;
#4902 = CARTESIAN_POINT ( 'NONE',  ( -0.7607984106080000197, -1.816692929058999928, -5.573076923079000267 ) ) ;
#4903 = ORIENTED_EDGE ( 'NONE', *, *, #3987, .T. ) ;
#4904 = CARTESIAN_POINT ( 'NONE',  ( 1.399999999999999911, 3.429011037612999484E-16, -3.753787892816000227 ) ) ;
#4905 = CARTESIAN_POINT ( 'NONE',  ( -1.302050855544999886, 0.5331639288479999017, -8.327126767088998349 ) ) ;
#4906 = CARTESIAN_POINT ( 'NONE',  ( -0.1906691184210000112, -1.396236669513000184, -9.682032877004999705 ) ) ;
#4907 = CARTESIAN_POINT ( 'NONE',  ( 1.324828686109999820, 0.4592259397389999998, -5.227237572037000568 ) ) ;
#4908 = B_SPLINE_CURVE_WITH_KNOTS ( 'NONE', 7,
 ( #3630, #4463, #5933, #1715, #2234, #4093, #2144, #5413, #295, #3152, #5873, #1684, #3547, #1258, #3094, #3124, #4522, #836, #4984, #805, #2205, #777, #2666, #352, #2635, #4490, #325, #1772, #4064, #5498, #863, #3374, #1894, #3889, #2922, #468, #4320, #5623, #4778, #2297, #3209, #5268, #2032, #4153 ),
 .UNSPECIFIED., .F., .F.,
 ( 8, 6, 6, 6, 6, 6, 6, 8 ),
 ( 0.000000000000000000, 0.09798680158208999957, 0.1396479406629999864, 0.1966508481750000037, 0.2593029139280000339, 0.3133058966329999584, 0.3673086970760000014, 0.4999992611522622865 ),
 .UNSPECIFIED. ) ;
#4909 = ORIENTED_EDGE ( 'NONE', *, *, #2173, .T. ) ;
#4910 = FACE_OUTER_BOUND ( 'NONE', #1154, .T. ) ;
#4911 = CARTESIAN_POINT ( 'NONE',  ( 2.107315219975999909, -1.009060281498999956, -4.419230769223999822 ) ) ;
#4912 = CARTESIAN_POINT ( 'NONE',  ( -1.367184340708999857, 0.3378342482030000093, -10.81549666240000107 ) ) ;
#4913 = DIRECTION ( 'NONE',  ( 0.000000000000000000, 0.000000000000000000, 1.000000000000000000 ) ) ;
#4914 = CARTESIAN_POINT ( 'NONE',  ( 1.273097990586000039, 0.6041686975990000485, -7.218547407717999853 ) ) ;
#4915 = CARTESIAN_POINT ( 'NONE',  ( -1.387605912064999947, -0.2394161173250000108, -5.782600206322999981 ) ) ;
#4916 = CARTESIAN_POINT ( 'NONE',  ( -1.399999088628527621, 0.001707740221174760273, -3.503885252699172170 ) ) ;
#4917 = CARTESIAN_POINT ( 'NONE',  ( 0.6894253614759999760, -1.228337926031999983, -11.49090909090999801 ) ) ;
#4918 = VECTOR ( 'NONE', #1490, 1000.000000000000000 ) ;
#4919 = ORIENTED_EDGE ( 'NONE', *, *, #2281, .F. ) ;
#4920 = CARTESIAN_POINT ( 'NONE',  ( -1.302050820288999988, 0.5331640079120000264, -6.534704067941000893 ) ) ;
#4921 = CARTESIAN_POINT ( 'NONE',  ( -0.1130816122130000045, -1.400240588699999789, -10.17761190324999809 ) ) ;
#4922 = CARTESIAN_POINT ( 'NONE',  ( -0.3688883203930000132, 1.363549284637000092, -10.60778839761999848 ) ) ;
#4923 = CARTESIAN_POINT ( 'NONE',  ( -0.3139986241859999971, -1.375679552558000118, -6.689078899414000468 ) ) ;
#4924 = DIRECTION ( 'NONE',  ( 1.000000000000000000, 0.000000000000000000, 0.000000000000000000 ) ) ;
#4925 = CARTESIAN_POINT ( 'NONE',  ( 1.399999999999999911, -3.429011037612999484E-16, -4.546211797359999807 ) ) ;
#4926 = CARTESIAN_POINT ( 'NONE',  ( -0.9907209219460000327, 0.9925578204690000961, -5.858782304482000214 ) ) ;
#4927 = CARTESIAN_POINT ( 'NONE',  ( -0.9534011667060000583, -1.038194059406000180, -4.730343741000000435 ) ) ;
#4928 = CARTESIAN_POINT ( 'NONE',  ( 0.1746500345199999971, -1.391594052549000038, -11.36885533479000010 ) ) ;
#4929 = CARTESIAN_POINT ( 'NONE',  ( 0.6032831737349999557, 0.6032831737349999557, -2.030303992914999967 ) ) ;
#4930 = CARTESIAN_POINT ( 'NONE',  ( -3.086771334365999930, -1.478060008326999908, -3.905769230767999645 ) ) ;
#4931 = CARTESIAN_POINT ( 'NONE',  ( 0.4629252851469999874, 1.558718743917000049, -8.284615384611001332 ) ) ;
#4932 = CARTESIAN_POINT ( 'NONE',  ( -0.7607984106080000197, -1.816692929058999928, -8.573076923080000356 ) ) ;
#4933 = ORIENTED_EDGE ( 'NONE', *, *, #4944, .T. ) ;
#4934 = CARTESIAN_POINT ( 'NONE',  ( 0.2865710042529999724, -1.373722376811999935, -7.862419115229999811 ) ) ;
#4935 = CARTESIAN_POINT ( 'NONE',  ( -1.126041050111999953, 0.8363914190850000319, -8.347052676117000303 ) ) ;
#4936 = CARTESIAN_POINT ( 'NONE',  ( 1.326810959045999994, -0.4787538714069999868, -9.573761015379998796 ) ) ;
#4937 = CARTESIAN_POINT ( 'NONE',  ( 2.562725153500000186, -0.8011194905299999780, -9.438461538418000174 ) ) ;
#4938 = PRODUCT_RELATED_PRODUCT_CATEGORY ( 'detail', '', ( #2242 ) ) ;
#4939 = VERTEX_POINT ( 'NONE', #4792 ) ;
#4940 = PLANE ( 'NONE',  #1669 ) ;
#4941 = CARTESIAN_POINT ( 'NONE',  ( -2.107315219975999909, -1.009060281503999956, -4.130769230774999912 ) ) ;
#4942 = CARTESIAN_POINT ( 'NONE',  ( -1.399931281023761409, 0.01406790449488402699, -10.79701175965298887 ) ) ;
#4943 = CARTESIAN_POINT ( 'NONE',  ( -1.163938846380000225, 0.7808645439950000489, -3.843237353250000155 ) ) ;
#4944 = EDGE_CURVE ( 'NONE', #3016, #1620, #1394, .T. ) ;
#4945 = CARTESIAN_POINT ( 'NONE',  ( -1.397352373522114055, -0.08908450002223576580, -7.791145840397017075 ) ) ;
#4946 = CARTESIAN_POINT ( 'NONE',  ( -0.5026831891609999658, 1.319251900515000075, -3.599807599490999710 ) ) ;
#4947 = CARTESIAN_POINT ( 'NONE',  ( 1.574999999999999956, 5.405871572061000221E-15, -11.17499999999999893 ) ) ;
#4948 = EDGE_LOOP ( 'NONE', ( #1577, #4115, #6036 ) ) ;
#4949 = CARTESIAN_POINT ( 'NONE',  ( -1.370040618648999953, 0.3264376976410000020, -6.522406816661999507 ) ) ;
#4950 = DIRECTION ( 'NONE',  ( -0.9118476033093435573, -2.680058996888008998E-15, 0.4105288641971548413 ) ) ;
#4951 = CARTESIAN_POINT ( 'NONE',  ( -0.6756831583729999702, 1.019206339594999955, -12.29043063895999843 ) ) ;
#4952 = CARTESIAN_POINT ( 'NONE',  ( -1.386618520859051573, -0.2534582229618322913, -6.781804984575373396 ) ) ;
#4953 = CALENDAR_DATE ( 2026, 14, 9 ) ;
#4954 = CARTESIAN_POINT ( 'NONE',  ( 0.8205347112410000809, 1.139238557800000162, -4.678447670949000603 ) ) ;
#4955 = CARTESIAN_POINT ( 'NONE',  ( -1.075145591976999881, -0.8993786742819999125, -7.240776166643999368 ) ) ;
#4956 = CARTESIAN_POINT ( 'NONE',  ( 1.300058577099000079, -0.5386029473419999825, -4.577453476767000318 ) ) ;
#4957 = CARTESIAN_POINT ( 'NONE',  ( -0.9132961155560000988, 1.066942594036999870, -9.364865540646999165 ) ) ;
#4958 = LINE ( 'NONE', #784, #4779 ) ;
#4959 = ADVANCED_FACE ( 'NONE', ( #1621 ), #5609, .F. ) ;
#4960 = CARTESIAN_POINT ( 'NONE',  ( 3.086771334365999930, -1.478060008329000086, -4.194230769232999201 ) ) ;
#4961 = CARTESIAN_POINT ( 'NONE',  ( 1.272047035076999899, 0.1606478458479999871, -11.98124738629000063 ) ) ;
#4962 = CARTESIAN_POINT ( 'NONE',  ( 0.6780876855050000929, -2.283193464108999926, -8.290384615388001421 ) ) ;
#4963 = CARTESIAN_POINT ( 'NONE',  ( 0.6269631719659999325, 1.264352348544000026, -5.665445513063001037 ) ) ;
#4964 = ORIENTED_EDGE ( 'NONE', *, *, #2461, .T. ) ;
#4965 = CARTESIAN_POINT ( 'NONE',  ( 0.4820997027360000020, -1.316124839001999947, -7.850848319000999886 ) ) ;
#4966 = CARTESIAN_POINT ( 'NONE',  ( -1.056741446379000138, -0.9262016240339999706, -3.446503391182999643 ) ) ;
#4967 = EDGE_CURVE ( 'NONE', #2396, #3016, #1761, .T. ) ;
#4968 = CARTESIAN_POINT ( 'NONE',  ( 1.225496250336999937, 0.6872911830939999467, -6.213131944757000369 ) ) ;
#4969 = CARTESIAN_POINT ( 'NONE',  ( 0.5897773996546350483, -0.6651416809716065304, -0.2744543435620278582 ) ) ;
#4970 = EDGE_CURVE ( 'NONE', #1926, #2095, #5333, .T. ) ;
#4971 = B_SPLINE_SURFACE_WITH_KNOTS ( 'NONE', 13, 1, ( 
 ( #2551, #1887 ),
 ( #693, #5361 ),
 ( #5153, #3040 ),
 ( #4902, #3849 ),
 ( #4207, #5817 ),
 ( #4411, #208 ),
 ( #664, #2058 ),
 ( #3436, #3290 ),
 ( #597, #5262 ),
 ( #3494, #3884 ),
 ( #2519, #1177 ),
 ( #1423, #1602 ),
 ( #3914, #3744 ),
 ( #2094, #4867 ),
 ( #5616, #5295 ),
 ( #1085, #3467 ),
 ( #632, #5327 ),
 ( #240, #1050 ),
 ( #5721, #3010 ),
 ( #2948, #3947 ),
 ( #2916, #1537 ),
 ( #3399, #2454 ),
 ( #1147, #5787 ),
 ( #4772, #4313 ),
 ( #141, #4805 ),
 ( #2488, #4347 ) ),
 .UNSPECIFIED., .F., .F., .F.,
 ( 14, 12, 14 ),
 ( 2, 2 ),
 ( 0.000000000000000000, 9.454572418137001222, 18.90914483627499720 ),
 ( 0.000000000000000000, 1.000000000000000000 ),
 .UNSPECIFIED. ) ;
#4972 = ORIENTED_EDGE ( 'NONE', *, *, #2727, .F. ) ;
#4973 = CARTESIAN_POINT ( 'NONE',  ( 0.9203467523970000341, -1.066939664418000033, -8.322144002984000366 ) ) ;
#4974 = CARTESIAN_POINT ( 'NONE',  ( -2.562725153491999919, 0.8011194905340000005, -4.188461538452999733 ) ) ;
#4975 = CARTESIAN_POINT ( 'NONE',  ( -1.399986255961892745, 0.007034056199318529899, -10.79661193157268606 ) ) ;
#4976 = CARTESIAN_POINT ( 'NONE',  ( 0.3988984696289999965, 1.350303288046999839, -3.944065129493999677 ) ) ;
#4977 = CARTESIAN_POINT ( 'NONE',  ( -1.399205552778767903, -0.05347435779485036622, -7.793172317118537862 ) ) ;
#4978 = CARTESIAN_POINT ( 'NONE',  ( 1.384851197096000019, 0.2331354383990000001, -3.740512780577999852 ) ) ;
#4979 = VERTEX_POINT ( 'NONE', #1140 ) ;
#4980 = CARTESIAN_POINT ( 'NONE',  ( -1.399999059602423879, 0.001734721763481456491, -6.503886786337426784 ) ) ;
#4981 = CARTESIAN_POINT ( 'NONE',  ( 0.8319553586589999439, -1.132947324235999975, -8.828402752941000742 ) ) ;
#4982 = B_SPLINE_CURVE_WITH_KNOTS ( 'NONE', 7,
 ( #1342, #3207, #3575, #375, #5442, #3599, #4091, #3150, #1770, #5496, #1315, #5129, #3321, #4723, #495, #5184, #5158, #552, #3350, #3775, #5588, #68, #5098, #1429, #5677, #3268, #2405, #2815, #1005, #1401, #2322, #952 ),
 .UNSPECIFIED., .F., .F.,
 ( 8, 6, 6, 6, 6, 8 ),
 ( 0.000000000000000000, 0.09932221433165999702, 0.2514022074399999696, 0.3597883089880000163, 0.4096656605719999900, 0.4999807550029485292 ),
 .UNSPECIFIED. ) ;
#4983 = CARTESIAN_POINT ( 'NONE',  ( 1.020285369520999907, 0.9699539241369999898, -5.485718419147000091 ) ) ;
#4984 = CARTESIAN_POINT ( 'NONE',  ( 0.5282451833869999946, 1.298494339743999859, -4.159536594239000351 ) ) ;
#4985 = CARTESIAN_POINT ( 'NONE',  ( 0.6356348107259999214, -1.097840740194000020, -12.06646540118000033 ) ) ;
#4986 = CARTESIAN_POINT ( 'NONE',  ( -1.339865677399999955, 0.4330250911679999759, -4.528656707750999821 ) ) ;
#4987 = CARTESIAN_POINT ( 'NONE',  ( -0.8321387510329999460, -1.149917072245000060, -6.928620104614000574 ) ) ;
#4988 = CARTESIAN_POINT ( 'NONE',  ( -0.8535502245159999335, -1.116884868817999976, -4.723156912165999977 ) ) ;
#4989 = CARTESIAN_POINT ( 'NONE',  ( -1.399999999759027336, 0.002361736382926383875, -9.296346349267521347 ) ) ;
#4990 = CARTESIAN_POINT ( 'NONE',  ( 0.9171706557240000279, -1.084689134486999995, -5.115416747072999648 ) ) ;
#4991 = CARTESIAN_POINT ( 'NONE',  ( -1.075240473600000080, 0.7795309783160000450, -3.207692307691999645 ) ) ;
#4992 = VECTOR ( 'NONE', #303, 1000.000000000000114 ) ;
#4993 = DIRECTION ( 'NONE',  ( 1.000000000000000000, 0.000000000000000000, 0.000000000000000000 ) ) ;
#4994 = CARTESIAN_POINT ( 'NONE',  ( -0.8264790607849999970, 1.091436699587999826, -11.59569167287999925 ) ) ;
#4995 = CARTESIAN_POINT ( 'NONE',  ( -0.5314680376935587702, 1.299867708305302960, -11.39032189848142451 ) ) ;
#4996 = CARTESIAN_POINT ( 'NONE',  ( 1.262408153825000046, -0.6500961301419999616, -3.291613957460000073 ) ) ;
#4997 = VECTOR ( 'NONE', #218, 1000.000000000000000 ) ;
#4998 =( BOUNDED_CURVE ( )  B_SPLINE_CURVE ( 2, ( #1453, #2895, #3857 ),
 .UNSPECIFIED., .F., .F. ) 
 B_SPLINE_CURVE_WITH_KNOTS ( ( 3, 3 ),
 ( 0.000000000000000000, 1.000000000000000000 ),
 .UNSPECIFIED. ) 
 CURVE ( )  GEOMETRIC_REPRESENTATION_ITEM ( )  RATIONAL_B_SPLINE_CURVE ( ( 1.000000000000000000, 1.073592871613054056, 1.000000000000000000 ) ) 
 REPRESENTATION_ITEM ( '' )  );
#4999 = CARTESIAN_POINT ( 'NONE',  ( 0.7607984106080000197, -1.816692929058999928, -7.476923076917999289 ) ) ;
#5000 = ORIENTED_EDGE ( 'NONE', *, *, #3105, .T. ) ;
#5001 = DIRECTION ( 'NONE',  ( 0.000000000000000000, 0.000000000000000000, -1.000000000000000000 ) ) ;
#5002 = CARTESIAN_POINT ( 'NONE',  ( -0.2397304701800000160, 1.389574327977999957, -10.90762434100000000 ) ) ;
#5003 = CARTESIAN_POINT ( 'NONE',  ( -1.054170183632999969, 0.9335279710720000290, -4.853902342734999209 ) ) ;
#5004 = DIRECTION ( 'NONE',  ( 0.000000000000000000, 0.000000000000000000, 1.000000000000000000 ) ) ;
#5005 = CARTESIAN_POINT ( 'NONE',  ( 0.8444477192129998810, -1.123994498516000196, -5.827534236485999664 ) ) ;
#5006 = CARTESIAN_POINT ( 'NONE',  ( -1.302041583790999990, 0.5331852981440000638, -9.534705381543998826 ) ) ;
#5007 = ORIENTED_EDGE ( 'NONE', *, *, #4967, .T. ) ;
#5008 = CARTESIAN_POINT ( 'NONE',  ( 1.399999999999999911, 0.07784251304530000193, -6.749363242554000664 ) ) ;
#5009 = LINE ( 'NONE', #4488, #5301 ) ;
#5010 = CARTESIAN_POINT ( 'NONE',  ( 0.9478688382950001268, 0.7194752708670000274, -12.40000000000000036 ) ) ;
#5011 = CARTESIAN_POINT ( 'NONE',  ( -1.085832120060000072, -0.8866223079020000286, -6.741717495715000119 ) ) ;
#5012 = CARTESIAN_POINT ( 'NONE',  ( 0.4955987829389999488, 1.321949077383000049, -6.449786500415999768 ) ) ;
#5013 = VECTOR ( 'NONE', #3313, 1000.000000000000000 ) ;
#5014 = CARTESIAN_POINT ( 'NONE',  ( -1.301857777399000105, 0.5329956617140000352, -4.534697893575999394 ) ) ;
#5015 = CARTESIAN_POINT ( 'NONE',  ( -1.323021248852999987, -0.4850100154840000233, -6.975832504777000231 ) ) ;
#5016 = CARTESIAN_POINT ( 'NONE',  ( -0.5437262521989999486, -1.298868927808000118, -4.702743688610000028 ) ) ;
#5017 = CARTESIAN_POINT ( 'NONE',  ( -0.9780224699039998804, 1.009191355169000159, -9.359955705674000370 ) ) ;
#5018 = CARTESIAN_POINT ( 'NONE',  ( -0.8836406822509998982, -1.089838690235999996, -5.225430646034999072 ) ) ;
#5019 = CARTESIAN_POINT ( 'NONE',  ( -3.753850618406000095, 1.173470705920000023, -2.913461538462999822 ) ) ;
#5020 = FACE_OUTER_BOUND ( 'NONE', #491, .T. ) ;
#5021 = CARTESIAN_POINT ( 'NONE',  ( -0.6230234560290000001, 1.209747202725000026, -11.61085304686999997 ) ) ;
#5022 = CARTESIAN_POINT ( 'NONE',  ( -1.302039561643999921, 0.5331899609899999337, -11.32712837318999988 ) ) ;
#5023 = CARTESIAN_POINT ( 'NONE',  ( 1.065880246674000054, -0.9228047444229999785, -3.310529386672000474 ) ) ;
#5024 = CARTESIAN_POINT ( 'NONE',  ( -1.337679787042999724, -2.765673762766000188, -3.553846153838999822 ) ) ;
#5025 = CARTESIAN_POINT ( 'NONE',  ( -1.337679787042000079, -2.765673762767999921, -8.053846153800000351 ) ) ;
#5026 = EDGE_LOOP ( 'NONE', ( #694, #3885, #5652, #3624 ) ) ;
#5027 = CARTESIAN_POINT ( 'NONE',  ( 1.342199987125999971, -0.4264298384329999747, -8.278261358623000277 ) ) ;
#5028 = CARTESIAN_POINT ( 'NONE',  ( -1.399999999999999911, 1.714505518806294391E-16, -12.40000000000000036 ) ) ;
#5029 = CARTESIAN_POINT ( 'NONE',  ( -1.125499570978000019, 0.8407257508320000738, -4.847281509074000461 ) ) ;
#5030 = DIRECTION ( 'NONE',  ( 0.000000000000000000, 0.000000000000000000, 1.000000000000000000 ) ) ;
#5031 = ADVANCED_FACE ( 'NONE', ( #3002 ), #4859, .T. ) ;
#5032 = CARTESIAN_POINT ( 'NONE',  ( -1.054821810457000186, -0.9365093097450000181, -9.238440476898999165 ) ) ;
#5033 = ORIENTED_EDGE ( 'NONE', *, *, #490, .F. ) ;
#5034 = CARTESIAN_POINT ( 'NONE',  ( 1.075240473600000080, -0.7795309783160000450, -9.957692307692999734 ) ) ;
#5035 = CARTESIAN_POINT ( 'NONE',  ( -0.8183061713929998815, -1.158140834076999859, -9.927722303071000454 ) ) ;
#5036 = CARTESIAN_POINT ( 'NONE',  ( 0.006384449586715999943, 1.406239152059999942, -6.629169633604999667 ) ) ;
#5037 = CARTESIAN_POINT ( 'NONE',  ( -1.043014703684000066, -0.9498131596219999695, -8.945015462804001061 ) ) ;
#5038 = CARTESIAN_POINT ( 'NONE',  ( -1.254500953034999977, 0.6308154928800000505, -5.333275398578000370 ) ) ;
#5039 = CARTESIAN_POINT ( 'NONE',  ( 0.9171377524620000221, -1.084716955341999967, -6.615419161103999635 ) ) ;
#5040 = CARTESIAN_POINT ( 'NONE',  ( 1.121888073498999994, 0.4679654670310000042, -12.30820873599000009 ) ) ;
#5041 = CALENDAR_DATE ( 2026, 14, 9 ) ;
#5042 = CARTESIAN_POINT ( 'NONE',  ( 0.08728013826517000417, 1.405751059539999792, -4.633684887529000207 ) ) ;
#5043 = CARTESIAN_POINT ( 'NONE',  ( 1.341263471446999977, -0.4298108311150000693, -6.778459300963000089 ) ) ;
#5044 = CARTESIAN_POINT ( 'NONE',  ( -1.321479353654000155, -0.4652718274529999976, -4.769275519943999342 ) ) ;
#5045 = CC_DESIGN_PERSON_AND_ORGANIZATION_ASSIGNMENT ( #5352, #2605, ( #5491 ) ) ;
#5046 = CARTESIAN_POINT ( 'NONE',  ( -1.399986055396218232, 0.007085194055101376974, -9.296614838346888732 ) ) ;
#5047 = CARTESIAN_POINT ( 'NONE',  ( -1.399999999978068121, 3.010950091776791004E-10, -5.296211797383427289 ) ) ;
#5048 = CARTESIAN_POINT ( 'NONE',  ( 1.075240473600000080, -0.7795309783160000450, -2.457692307692000089 ) ) ;
#5049 = CARTESIAN_POINT ( 'NONE',  ( -1.053718204482000154, 0.9419168915820000931, -7.354326774169000380 ) ) ;
#5050 = EDGE_CURVE ( 'NONE', #4108, #1217, #3487, .T. ) ;
#5051 = CARTESIAN_POINT ( 'NONE',  ( 0.1715218132489999825, 1.392618754224000055, -5.638536844660999137 ) ) ;
#5052 = CARTESIAN_POINT ( 'NONE',  ( 1.399999999999999911, -3.429011037612999484E-16, -9.253788202639999128 ) ) ;
#5053 = CARTESIAN_POINT ( 'NONE',  ( 0.6681729498659999544, -1.233383224421000124, -4.839275953773999994 ) ) ;
#5054 = CARTESIAN_POINT ( 'NONE',  ( 0.1247389977000000066, -1.404313306094999936, -5.664157256448000055 ) ) ;
#5055 = CARTESIAN_POINT ( 'NONE',  ( -1.399971567787739790, 0.009048976835360048737, -9.004302248778442319 ) ) ;
#5056 = ORIENTED_EDGE ( 'NONE', *, *, #656, .F. ) ;
#5057 = CARTESIAN_POINT ( 'NONE',  ( -2.534454738845999699, 0.8327467029110000585, -11.44772727272999902 ) ) ;
#5058 = DIRECTION ( 'NONE',  ( 0.000000000000000000, 0.000000000000000000, 1.000000000000000000 ) ) ;
#5059 = CARTESIAN_POINT ( 'NONE',  ( 0.3372541339569999908, -1.314455050811000003, -11.62950240195999996 ) ) ;
#5060 = CARTESIAN_POINT ( 'NONE',  ( 1.384851195238999910, 0.2331354526379999792, -8.240512779766000051 ) ) ;
#5061 = CARTESIAN_POINT ( 'NONE',  ( -0.9583284537339999964, -1.033622757127999892, -7.730723176351999903 ) ) ;
#5062 = CARTESIAN_POINT ( 'NONE',  ( -0.8673367216459999529, -1.105235167246000128, -5.931754943425999294 ) ) ;
#5063 = ORIENTED_EDGE ( 'NONE', *, *, #490, .T. ) ;
#5064 = CARTESIAN_POINT ( 'NONE',  ( -1.337679787049000035, 2.765673762758000365, -10.24615384612000035 ) ) ;
#5065 = B_SPLINE_SURFACE_WITH_KNOTS ( 'NONE', 13, 1, ( 
 ( #3557, #5358 ),
 ( #3006, #5390 ),
 ( #4407, #1207 ),
 ( #4470, #1237 ),
 ( #1599, #4930 ),
 ( #4864, #2152 ),
 ( #4008, #690 ),
 ( #5324, #4375 ),
 ( #2121, #237 ),
 ( #2089, #4960 ),
 ( #1692, #4440 ),
 ( #2517, #204 ),
 ( #3102, #4899 ),
 ( #3072, #785 ),
 ( #3943, #2643 ),
 ( #1112, #5292 ),
 ( #5749, #5845 ),
 ( #1630, #3491 ),
 ( #2053, #170 ),
 ( #3036, #3880 ),
 ( #271, #1660 ),
 ( #3523, #1566 ),
 ( #3431, #2975 ),
 ( #4834, #901 ),
 ( #3190, #5108 ),
 ( #3669, #358 ) ),
 .UNSPECIFIED., .F., .F., .F.,
 ( 14, 12, 14 ),
 ( 2, 2 ),
 ( 0.000000000000000000, 9.454572418137001222, 18.90914483627499720 ),
 ( 0.000000000000000000, 1.000000000000000000 ),
 .UNSPECIFIED. ) ;
#5066 = CARTESIAN_POINT ( 'NONE',  ( 0.7418613189750000725, -1.192359372733000189, -9.834487116840000098 ) ) ;
#5067 = CARTESIAN_POINT ( 'NONE',  ( -1.340694588107999907, 0.4314037473730000238, -9.820979885497999717 ) ) ;
#5068 = CARTESIAN_POINT ( 'NONE',  ( 0.2587100099829999778, -1.381589182919999992, -8.864035954208999257 ) ) ;
#5069 = CARTESIAN_POINT ( 'NONE',  ( 0.3329949643919999924, 1.157100683126999874, -12.35335234034000074 ) ) ;
#5070 = CARTESIAN_POINT ( 'NONE',  ( -0.6032831737349999557, -0.6032831737349999557, -2.030303992914999967 ) ) ;
#5071 = CARTESIAN_POINT ( 'NONE',  ( -1.271265051307999938, 0.6028494696380000128, -6.331477972080000072 ) ) ;
#5072 = CARTESIAN_POINT ( 'NONE',  ( -0.9284343297140000839, 1.053783223006000025, -4.571309152376000107 ) ) ;
#5073 = EDGE_LOOP ( 'NONE', ( #3708, #1311, #371, #4089 ) ) ;
#5074 = CARTESIAN_POINT ( 'NONE',  ( -0.9590284471309999947, -1.041967198535000083, -6.937948913717999488 ) ) ;
#5075 = CARTESIAN_POINT ( 'NONE',  ( 1.075240473600000080, 1.580147765169999976E-15, -5.400000000000000355 ) ) ;
#5076 = EDGE_CURVE ( 'NONE', #5577, #2396, #2576, .T. ) ;
#5077 = CARTESIAN_POINT ( 'NONE',  ( 0.6032831737349999557, -0.6032831737349999557, -0.9202546635849999657 ) ) ;
#5078 = CARTESIAN_POINT ( 'NONE',  ( -1.386617642036696685, -0.2534665497912029775, -5.281804511276559033 ) ) ;
#5079 = CARTESIAN_POINT ( 'NONE',  ( -0.7607984106090001086, 1.816692929059999795, -3.726923076924000267 ) ) ;
#5080 = CARTESIAN_POINT ( 'NONE',  ( 1.363310860924999979, 0.3619390214229999958, -7.525554428159000331 ) ) ;
#5081 = CARTESIAN_POINT ( 'NONE',  ( 0.2371628508560000015, 1.382420329662000125, -5.642303635967000019 ) ) ;
#5082 = CARTESIAN_POINT ( 'NONE',  ( 0.4629252851460000096, -1.558718743918000138, -10.01538461538000035 ) ) ;
#5083 = CARTESIAN_POINT ( 'NONE',  ( -0.2306161325220000002, -1.385388508462999990, -3.391910472907999630 ) ) ;
#5084 = VECTOR ( 'NONE', #572, 1000.000000000000000 ) ;
#5085 = CARTESIAN_POINT ( 'NONE',  ( -0.5546342031889999191, -1.295440416383000004, -5.703410675135000218 ) ) ;
#5086 = CARTESIAN_POINT ( 'NONE',  ( -1.399988627121453222, 0.006032667895554367880, -9.004130796167983064 ) ) ;
#5087 = CONICAL_SURFACE ( 'NONE', #4694, 0.9374999999996350697, 0.7531512809620001248 ) ;
#5088 = EDGE_LOOP ( 'NONE', ( #1702, #2583, #3856, #3725 ) ) ;
#5089 = CARTESIAN_POINT ( 'NONE',  ( -1.026647369640000029, 1.378536982479000139, -11.71818181817000060 ) ) ;
#5090 = CARTESIAN_POINT ( 'NONE',  ( -0.5370639450425699346, 0.9065773509502244032, -0.7414415395848761303 ) ) ;
#5091 = CARTESIAN_POINT ( 'NONE',  ( -0.8439996630549999601, -1.123965156788000019, -2.930064013490000008 ) ) ;
#5092 = CARTESIAN_POINT ( 'NONE',  ( -1.302050961853999933, 0.5331636817600000633, -8.034704047815999672 ) ) ;
#5093 = CARTESIAN_POINT ( 'NONE',  ( 0.7187181827099999865, -1.222370349616000107, -9.128899923031999819 ) ) ;
#5094 = ORIENTED_EDGE ( 'NONE', *, *, #3, .T. ) ;
#5095 = CARTESIAN_POINT ( 'NONE',  ( -1.399998389386578168, 0.002198143157772021634, -9.503913127355497537 ) ) ;
#5096 = ORIENTED_EDGE ( 'NONE', *, *, #3240, .T. ) ;
#5097 = CARTESIAN_POINT ( 'NONE',  ( -1.126032576540999974, 0.8364027028549999576, -9.847053476557000806 ) ) ;
#5098 = CARTESIAN_POINT ( 'NONE',  ( -1.071353599240000065, 0.9055808308909999438, -10.35205453190999947 ) ) ;
#5099 = CARTESIAN_POINT ( 'NONE',  ( -0.3519400529749999729, -1.367396822244000054, -6.191244912039000070 ) ) ;
#5100 = CARTESIAN_POINT ( 'NONE',  ( -1.323982436493659431, 5.398978722317808454E-10, -11.76198838639109390 ) ) ;
#5101 = CYLINDRICAL_SURFACE ( 'NONE', #5177, 1.399999999999999911 ) ;
#5102 = CARTESIAN_POINT ( 'NONE',  ( -0.3747487359919999816, 1.372761050324999843, -10.10750546103999881 ) ) ;
#5103 = ORIENTED_EDGE ( 'NONE', *, *, #1379, .F. ) ;
#5104 = EDGE_CURVE ( 'NONE', #3495, #634, #172, .T. ) ;
#5105 = CARTESIAN_POINT ( 'NONE',  ( -0.7607984106090001086, 1.816692929059999795, -8.226923076934998136 ) ) ;
#5106 = CARTESIAN_POINT ( 'NONE',  ( 0.4258011219530000169, -1.355155396755999941, -11.14692510349000010 ) ) ;
#5107 = LINE ( 'NONE', #2793, #2160 ) ;
#5108 = CARTESIAN_POINT ( 'NONE',  ( 1.574999999999999956, 1.141848099093000002, -5.117307692307999645 ) ) ;
#5109 = CIRCLE ( 'NONE', #2472, 0.9313806714460000080 ) ;
#5110 = CARTESIAN_POINT ( 'NONE',  ( 0.9028175666200000116, 1.099730707234000127, -7.475838526202999823 ) ) ;
#5111 = CARTESIAN_POINT ( 'NONE',  ( -1.959418117455999919, -4.051127429909000099, -11.27884615382000000 ) ) ;
#5112 = CARTESIAN_POINT ( 'NONE',  ( -1.254487914650999958, 0.6308404998650000151, -11.33327699846000058 ) ) ;
#5113 = CARTESIAN_POINT ( 'NONE',  ( 0.6989233783009999312, 3.423737112340999585E-15, -12.40000000000000036 ) ) ;
#5114 = AXIS2_PLACEMENT_3D ( 'NONE', #1625, #685, #4924 ) ;
#5115 = CARTESIAN_POINT ( 'NONE',  ( 3.753850618401000094, -1.173470705913999934, -3.213461538459000177 ) ) ;
#5116 = CARTESIAN_POINT ( 'NONE',  ( -0.7607984106090001086, 1.816692929059999795, -8.226923076934998136 ) ) ;
#5117 = ORIENTED_EDGE ( 'NONE', *, *, #2727, .T. ) ;
#5118 = CARTESIAN_POINT ( 'NONE',  ( -0.9521280068639998984, -1.039341994426999927, -4.437827056687999594 ) ) ;
#5119 = DIRECTION ( 'NONE',  ( -0.9118476033093435573, -2.010044247666754391E-15, 0.4105288641971548413 ) ) ;
#5120 = CARTESIAN_POINT ( 'NONE',  ( 1.348118895068999956, -0.3093459101979999515, -11.54999794064000085 ) ) ;
#5121 = CARTESIAN_POINT ( 'NONE',  ( -1.398579210892952451, 0.07150688102790517253, -4.800277387959289932 ) ) ;
#5122 = B_SPLINE_CURVE_WITH_KNOTS ( 'NONE', 7,
 ( #1302, #3676, #392, #4168, #4106, #1729, #2679, #3588, #2280, #2249, #1272, #4594, #5542, #911, #4538, #5485, #5516, #849, #4626, #3138, #876, #364, #2221, #5944, #1754, #3616, #1360, #5975, #3645, #1789, #1330, #5055, #423, #5086, #4137, #2770, #3222, #5173 ),
 .UNSPECIFIED., .F., .F.,
 ( 8, 6, 6, 6, 6, 6, 8 ),
 ( 0.000000000000000000, 0.09777974715422999008, 0.2236384765630000104, 0.3453551325929999916, 0.4140426117459999888, 0.4987901768049999851, 0.4999904182845847922 ),
 .UNSPECIFIED. ) ;
#5123 = CARTESIAN_POINT ( 'NONE',  ( 1.388497925045000025, -0.2349836956900000218, -9.059568345868001416 ) ) ;
#5124 = ORIENTED_EDGE ( 'NONE', *, *, #1473, .T. ) ;
#5125 = ADVANCED_FACE ( 'NONE', ( #5934 ), #246, .F. ) ;
#5126 = CARTESIAN_POINT ( 'NONE',  ( -0.6213005850770000338, 1.267714507745000052, -9.592532159912998679 ) ) ;
#5127 = VERTEX_POINT ( 'NONE', #4613 ) ;
#5128 = CARTESIAN_POINT ( 'NONE',  ( -1.163920686303000052, 0.7808914407030000948, -9.843239195560999022 ) ) ;
#5129 = CARTESIAN_POINT ( 'NONE',  ( 0.3700463605309999848, 1.372943818609999811, -10.44223293579999989 ) ) ;
#5130 = DIRECTION ( 'NONE',  ( 1.313481271718000177E-15, 0.000000000000000000, -1.000000000000000000 ) ) ;
#5131 = CARTESIAN_POINT ( 'NONE',  ( 1.258603795447999829, 0.6293346297840001213, -6.509327916119000967 ) ) ;
#5132 = CARTESIAN_POINT ( 'NONE',  ( 0.7872971623669999808, 1.165581213679999895, -10.17603808115000064 ) ) ;
#5133 = ORIENTED_EDGE ( 'NONE', *, *, #4745, .T. ) ;
#5134 = B_SPLINE_CURVE_WITH_KNOTS ( 'NONE', 7,
 ( #230, #2045, #3839, #2477, #4337, #2017, #4032, #1286, #4462, #4983, #2721, #1803, #2204, #3546, #3151, #5528, #2665, #4092, #835, #376, #5412, #3659, #4575, #405, #3181, #1229, #5988, #1741, #5905, #3576, #1771, #5038, #804, #3629, #3600, #862, #1343, #2233, #1714, #1316, #5932, #5466, #4120, #5443 ),
 .UNSPECIFIED., .F., .F.,
 ( 8, 6, 6, 6, 6, 6, 6, 8 ),
 ( 0.000000000000000000, 0.08550633061467000084, 0.1682989944900000201, 0.2523020288660000054, 0.3601830798650000331, 0.4135863383499999713, 0.4996712590059999570, 0.5000152948159538591 ),
 .UNSPECIFIED. ) ;
#5135 = CARTESIAN_POINT ( 'NONE',  ( 1.075240473600000080, 0.7795309783160000450, -8.342307692308999378 ) ) ;
#5136 = CARTESIAN_POINT ( 'NONE',  ( -0.9387628803599999960, -1.043560437855999945, -11.22950986324999967 ) ) ;
#5137 = CARTESIAN_POINT ( 'NONE',  ( -1.574999999999999956, 1.141848099093000002, -6.432692307692000178 ) ) ;
#5138 = CARTESIAN_POINT ( 'NONE',  ( 0.6472118229750000173, 1.248465483969000145, -9.666826922632999697 ) ) ;
#5139 = CARTESIAN_POINT ( 'NONE',  ( 1.039953739860000059, 0.9573428187879999829, -7.486929924191999319 ) ) ;
#5140 = CARTESIAN_POINT ( 'NONE',  ( 1.218852059925999987, 0.6994005338450000053, -3.504773084408000283 ) ) ;
#5141 = CARTESIAN_POINT ( 'NONE',  ( 1.096754123246999946, -0.2016906068410000141, -2.399999999999999911 ) ) ;
#5142 = EDGE_CURVE ( 'NONE', #3400, #1755, #2569, .T. ) ;
#5143 = CARTESIAN_POINT ( 'NONE',  ( 1.399999999999999911, -3.429011037612999484E-16, -3.253788202640000460 ) ) ;
#5144 = CARTESIAN_POINT ( 'NONE',  ( 0.8835573082819999646, -1.098944488429999922, -5.617314660914999536 ) ) ;
#5145 = CARTESIAN_POINT ( 'NONE',  ( 1.387661517593999916, 0.2433778592560000009, -9.032377961207000538 ) ) ;
#5146 = EDGE_CURVE ( 'NONE', #3836, #2124, #1699, .T. ) ;
#5147 = ORIENTED_EDGE ( 'NONE', *, *, #2366, .T. ) ;
#5148 = CARTESIAN_POINT ( 'NONE',  ( -1.373044233640220435, -0.1186255453166267654, -11.50704924610530533 ) ) ;
#5149 = LINE ( 'NONE', #3852, #5084 ) ;
#5150 = CARTESIAN_POINT ( 'NONE',  ( 0.8695937562859999970, -1.050543930586000041, -11.59752556631999987 ) ) ;
#5151 = DIRECTION ( 'NONE',  ( -0.9769849217530210961, 0.2133083745830045286, 0.000000000000000000 ) ) ;
#5152 = EDGE_CURVE ( 'NONE', #72, #5610, #4217, .T. ) ;
#5153 = CARTESIAN_POINT ( 'NONE',  ( 0.4629252851460000096, -1.558718743917000049, -5.515384615383999822 ) ) ;
#5154 = EDGE_LOOP ( 'NONE', ( #4262, #4257, #4690, #1570 ) ) ;
#5155 = CARTESIAN_POINT ( 'NONE',  ( 1.009862417741999918, -1.799255404721999962, -12.21590909090999943 ) ) ;
#5156 = ORIENTED_EDGE ( 'NONE', *, *, #4070, .T. ) ;
#5157 = CARTESIAN_POINT ( 'NONE',  ( -1.399999033335683096, 0.001758781535003809109, -9.796311767779119606 ) ) ;
#5158 = CARTESIAN_POINT ( 'NONE',  ( -0.5480846180999999762, 1.302739769028999905, -10.38953217899000059 ) ) ;
#5159 = CARTESIAN_POINT ( 'NONE',  ( -0.8468479641970000360, -1.121019543819000042, -6.222701629110000354 ) ) ;
#5160 = CARTESIAN_POINT ( 'NONE',  ( 0.1728608284120000116, 1.226637560422999984, -12.21715916531000090 ) ) ;
#5161 = FACE_OUTER_BOUND ( 'NONE', #4300, .T. ) ;
#5162 = ORIENTED_EDGE ( 'NONE', *, *, #2145, .F. ) ;
#5163 = CARTESIAN_POINT ( 'NONE',  ( -0.6780876855050000929, -2.283193464108999926, -7.309615384617000444 ) ) ;
#5164 = CARTESIAN_POINT ( 'NONE',  ( 1.326805900134000016, -0.4787700584089999434, -11.07376197047999966 ) ) ;
#5165 = CARTESIAN_POINT ( 'NONE',  ( 1.119293898575999924, 0.8428283217959999796, -8.702426718247000537 ) ) ;
#5166 = CARTESIAN_POINT ( 'NONE',  ( 0.6029128063679999316, -1.290802683870000189, -8.136415691871000888 ) ) ;
#5167 = CARTESIAN_POINT ( 'NONE',  ( 0.5658686223750000188, 1.310581568886999948, -7.453676279556000317 ) ) ;
#5168 = CARTESIAN_POINT ( 'NONE',  ( 0.8222551411049999759, 1.156135405154000262, -3.470391539056999708 ) ) ;
#5169 = CARTESIAN_POINT ( 'NONE',  ( 1.075240473600000080, 0.7795309783160000450, -11.34230769230000035 ) ) ;
#5170 = CARTESIAN_POINT ( 'NONE',  ( -1.399999998197398954, -0.1267198163126157795, -6.496585398423465385 ) ) ;
#5171 = DIRECTION ( 'NONE',  ( 0.000000000000000000, 0.000000000000000000, 1.000000000000000000 ) ) ;
#5172 = CARTESIAN_POINT ( 'NONE',  ( 0.4682257360809999880, -1.324565859810000079, -5.644187241561999357 ) ) ;
#5173 = CARTESIAN_POINT ( 'NONE',  ( -1.399999999881990753, -3.707519588856800067E-08, -9.003787889056516391 ) ) ;
#5174 = ORIENTED_EDGE ( 'NONE', *, *, #1786, .F. ) ;
#5175 = CARTESIAN_POINT ( 'NONE',  ( -1.328732581154000059, -0.3976461451190000385, -11.48904902487999813 ) ) ;
#5176 = CARTESIAN_POINT ( 'NONE',  ( 2.107315219972999643, 1.009060281501999778, -3.380769230776000001 ) ) ;
#5177 = AXIS2_PLACEMENT_3D ( 'NONE', #926, #3752, #5625 ) ;
#5178 = CARTESIAN_POINT ( 'NONE',  ( -1.399999999124780237, -0.02726506627309629657, -3.002238106699011144 ) ) ;
#5179 = CARTESIAN_POINT ( 'NONE',  ( 1.388533338103000059, -0.2346205180239999966, -10.55954770327999981 ) ) ;
#5180 = ORIENTED_EDGE ( 'NONE', *, *, #454, .T. ) ;
#5181 = CARTESIAN_POINT ( 'NONE',  ( 0.6894253614759999760, 1.228337926031999983, -11.80909090908000003 ) ) ;
#5182 = CARTESIAN_POINT ( 'NONE',  ( -0.5271405940610000007, 1.311867498347000005, -7.598418987314000894 ) ) ;
#5183 = DIRECTION ( 'NONE',  ( 0.000000000000000000, 0.000000000000000000, 1.000000000000000000 ) ) ;
#5184 = CARTESIAN_POINT ( 'NONE',  ( -0.4186326417690000024, 1.349916404928000135, -10.39727365803999959 ) ) ;
#5185 = CARTESIAN_POINT ( 'NONE',  ( 1.387654045603999853, 0.2434513631020000235, -3.239950354998999860 ) ) ;
#5186 = CARTESIAN_POINT ( 'NONE',  ( -1.259964995242942809, -3.287894764187151465E-08, -12.06683335374577126 ) ) ;
#5187 = CYLINDRICAL_SURFACE ( 'NONE', #3257, 1.399999999999999911 ) ;
#5188 = ORIENTED_EDGE ( 'NONE', *, *, #1008, .F. ) ;
#5189 = CARTESIAN_POINT ( 'NONE',  ( 1.959418117455000274, -4.051127429915999834, -7.771153846214000183 ) ) ;
#5190 = CARTESIAN_POINT ( 'NONE',  ( -1.071417734528999910, -0.9038587913519999795, -10.24044529123000125 ) ) ;
#5191 = CARTESIAN_POINT ( 'NONE',  ( -0.7607984106090001086, 1.816692929060999884, -6.726923076926999201 ) ) ;
#5192 = CARTESIAN_POINT ( 'NONE',  ( 0.4023519633079999935, 1.354103914116000063, -9.651763514968997981 ) ) ;
#5193 = CARTESIAN_POINT ( 'NONE',  ( 0.9788812622420000054, -1.015181225696999867, -8.610165106928000966 ) ) ;
#5194 = CARTESIAN_POINT ( 'NONE',  ( -0.2426627825420000217, 1.388565751535000059, -3.407451031034000266 ) ) ;
#5195 = CARTESIAN_POINT ( 'NONE',  ( 0.8913474937680000432, -0.8211119977020000515, -2.399999999999999911 ) ) ;
#5196 = CARTESIAN_POINT ( 'NONE',  ( 0.2195558453429999890, -1.385454643702999977, -6.366276228407000026 ) ) ;
#5197 = CARTESIAN_POINT ( 'NONE',  ( -1.213850884600000013, -0.7081391875029999783, -4.254203161626000096 ) ) ;
#5198 = DIRECTION ( 'NONE',  ( -0.000000000000000000, 1.000000000000000000, 0.000000000000000000 ) ) ;
#5199 = CARTESIAN_POINT ( 'NONE',  ( 1.371947677542000088, 3.024272397417999976E-15, -11.53358248788999951 ) ) ;
#5200 = CIRCLE ( 'NONE', #2777, 1.399999999999999911 ) ;
#5201 = ORIENTED_EDGE ( 'NONE', *, *, #1855, .F. ) ;
#5202 = CARTESIAN_POINT ( 'NONE',  ( -1.349821827859999823, -0.3028940674960000079, -11.49520880586999994 ) ) ;
#5203 = CARTESIAN_POINT ( 'NONE',  ( -0.7607984106090001086, 1.816692929059999795, -3.726923076924000267 ) ) ;
#5204 = CARTESIAN_POINT ( 'NONE',  ( 1.096974429866999889, -0.8818650971549999440, -11.30765717292000083 ) ) ;
#5205 = CARTESIAN_POINT ( 'NONE',  ( -0.9387478703179998885, -1.043573940347999995, -9.729508718697999825 ) ) ;
#5206 = B_SPLINE_CURVE_WITH_KNOTS ( 'NONE', 7,
 ( #5047, #5474, #5078, #5448, #1812, #869, #4040, #5912, #3667, #385, #2241, #5018, #3215, #1236, #3130, #2212, #4161, #1780, #842, #4618, #5535, #5997, #3101, #4990, #4128, #2761, #900, #2642, #445, #1691, #2304, #812 ),
 .UNSPECIFIED., .F., .F.,
 ( 8, 6, 6, 6, 6, 8 ),
 ( 0.5000152948159538591, 0.6008643563240000374, 0.6578675999280000353, 0.7566164336539999979, 0.9035921378119999847, 1.000000000000000000 ),
 .UNSPECIFIED. ) ;
#5207 = ORIENTED_EDGE ( 'NONE', *, *, #197, .F. ) ;
#5208 = CARTESIAN_POINT ( 'NONE',  ( -2.534454738845999699, -0.8327467029110000585, -11.85227272726999992 ) ) ;
#5209 = CARTESIAN_POINT ( 'NONE',  ( 0.5315927902300000563, 1.303782196086999967, -7.659599463451000290 ) ) ;
#5210 = CARTESIAN_POINT ( 'NONE',  ( 1.278858738003999962, -0.5908710262040000050, -3.580635734437999762 ) ) ;
#5211 = EDGE_CURVE ( 'NONE', #4080, #1367, #1615, .T. ) ;
#5212 = CARTESIAN_POINT ( 'NONE',  ( 0.9565970346469999663, 1.034313324740999906, -11.18820295281000021 ) ) ;
#5213 = CARTESIAN_POINT ( 'NONE',  ( 2.107315219974999820, -1.009060281500999912, -2.919230769239999912 ) ) ;
#5214 = CARTESIAN_POINT ( 'NONE',  ( -0.2321789656619999975, -1.267506311953999765, -11.94470760671999976 ) ) ;
#5215 = CARTESIAN_POINT ( 'NONE',  ( 0.5503303932740000182, 1.301689063908999966, -10.16060744192999898 ) ) ;
#5216 = EDGE_LOOP ( 'NONE', ( #5207, #3112, #1418, #885 ) ) ;
#5217 = CARTESIAN_POINT ( 'NONE',  ( 0.5395641703639999509, 1.290056456502999938, -11.44813682263999866 ) ) ;
#5218 = CARTESIAN_POINT ( 'NONE',  ( -0.5559550454870000324, -1.294874108946999947, -10.20349182464000037 ) ) ;
#5219 = CARTESIAN_POINT ( 'NONE',  ( 1.075240473600000080, 6.942847504959998496E-15, -6.899999999999999467 ) ) ;
#5220 = ADVANCED_FACE ( 'NONE', ( #928 ), #2788, .T. ) ;
#5221 = CARTESIAN_POINT ( 'NONE',  ( -1.399999999977423970, 3.031776848945420279E-10, -8.296211797383673314 ) ) ;
#5222 = CARTESIAN_POINT ( 'NONE',  ( -1.400000000000004130, 2.317094541411104745E-11, -2.503788202641290095 ) ) ;
#5223 = CARTESIAN_POINT ( 'NONE',  ( -2.107315219974999820, -1.009060281504999823, -10.13076923074999947 ) ) ;
#5224 = CARTESIAN_POINT ( 'NONE',  ( -0.6032831737349999557, -0.6032831737349999557, -0.9202546635849999657 ) ) ;
#5225 = DIRECTION ( 'NONE',  ( 0.000000000000000000, -1.000000000000000000, 0.000000000000000000 ) ) ;
#5226 = CARTESIAN_POINT ( 'NONE',  ( 0.000000000000000000, 0.000000000000000000, -12.40000000000000036 ) ) ;
#5227 = CARTESIAN_POINT ( 'NONE',  ( -0.9437751794359999780, -1.054268182419999977, -4.229276735650000951 ) ) ;
#5228 = CARTESIAN_POINT ( 'NONE',  ( 0.7326707007989998743, 0.5750335636589999355, -0.08751284532406000682 ) ) ;
#5229 = ADVANCED_FACE ( 'NONE', ( #471 ), #5187, .T. ) ;
#5230 = CYLINDRICAL_SURFACE ( 'NONE', #2256, 1.399999999999999911 ) ;
#5231 = VERTEX_POINT ( 'NONE', #1406 ) ;
#5232 = CARTESIAN_POINT ( 'NONE',  ( 0.6894253614759999760, 1.228337926031999983, -11.80909090908000003 ) ) ;
#5233 = CYLINDRICAL_SURFACE ( 'NONE', #896, 1.399999999999999911 ) ;
#5234 = CARTESIAN_POINT ( 'NONE',  ( 0.7782497924960001257, -1.171398053771000036, -11.33213261811999928 ) ) ;
#5235 = DIRECTION ( 'NONE',  ( 0.000000000000000000, 0.000000000000000000, 1.000000000000000000 ) ) ;
#5236 = DIRECTION ( 'NONE',  ( -0.9118476033093435573, -4.020088495332514029E-15, 0.4105288641971548413 ) ) ;
#5237 = EDGE_LOOP ( 'NONE', ( #878, #1830, #112, #4187, #2525, #548, #2078, #3738, #981 ) ) ;
#5238 = CARTESIAN_POINT ( 'NONE',  ( -1.730252897595999872, 0.5685098153829999390, -11.67272727273000044 ) ) ;
#5239 = CARTESIAN_POINT ( 'NONE',  ( -0.6635285877779999453, 1.242100385685000141, -7.589780645623000588 ) ) ;
#5240 = CARTESIAN_POINT ( 'NONE',  ( -1.399999999977819209, 3.247293668466285418E-10, -6.503788184316054100 ) ) ;
#5241 = CARTESIAN_POINT ( 'NONE',  ( 1.390379914011000029, 0.2148948234480000108, -4.033997493870999484 ) ) ;
#5242 = CARTESIAN_POINT ( 'NONE',  ( 0.2550309009329999599, 1.379558638871000165, -7.143329539529999828 ) ) ;
#5243 = CARTESIAN_POINT ( 'NONE',  ( -1.574999999999999956, -1.141848099093000002, -2.867307692308000533 ) ) ;
#5244 = CARTESIAN_POINT ( 'NONE',  ( -0.1666571812050000045, 1.227350463644999889, -12.19303616296000037 ) ) ;
#5245 = CARTESIAN_POINT ( 'NONE',  ( -1.959418117458000097, -4.051127429910000188, -9.778846153810999198 ) ) ;
#5246 = VERTEX_POINT ( 'NONE', #2845 ) ;
#5247 = CARTESIAN_POINT ( 'NONE',  ( 1.232823755383000153, -0.6736088131610000751, -3.085990065725999987 ) ) ;
#5248 = CARTESIAN_POINT ( 'NONE',  ( 1.574999999999999956, 7.924339090785999574E-15, -8.175000000000000711 ) ) ;
#5249 = CARTESIAN_POINT ( 'NONE',  ( 1.031180406964999907, 0.9662315920220000409, -2.986230004540999960 ) ) ;
#5250 = CARTESIAN_POINT ( 'NONE',  ( 0.6642489443190000564, 1.244876861027000237, -8.667768509757999951 ) ) ;
#5251 = CARTESIAN_POINT ( 'NONE',  ( -1.190377404692999797, -0.7539809471090000992, -7.458837964370999885 ) ) ;
#5252 = CARTESIAN_POINT ( 'NONE',  ( -1.058731592416974898, -0.6485939463146248585, -12.17884807380335310 ) ) ;
#5253 = EDGE_CURVE ( 'NONE', #4080, #1460, #15, .T. ) ;
#5254 = CARTESIAN_POINT ( 'NONE',  ( -1.240459395330999914, 0.6547252623950000627, -3.334854176020000338 ) ) ;
#5255 = CARTESIAN_POINT ( 'NONE',  ( -1.959418117455999919, -4.051127429909000099, -10.82884615378000071 ) ) ;
#5256 = CARTESIAN_POINT ( 'NONE',  ( 0.1910636111479999955, 1.393611869542999981, -6.932066963573000784 ) ) ;
#5257 = CARTESIAN_POINT ( 'NONE',  ( -1.251046491055000098, -0.6309597571539998784, -10.46661399565999950 ) ) ;
#5258 = B_SPLINE_CURVE_WITH_KNOTS ( 'NONE', 7,
 ( #1870, #3728, #74, #5683, #959, #3302, #50, #2848, #4704, #530, #2387, #4246, #3781, #3328, #559, #5190, #2411, #4272, #101, #3811, #1493, #3357, #5218, #2507, #3933, #4921, #1525, #620, #3870, #5348, #3455, #745, #2601, #293, #5380, #1165, #4461, #1651, #1196, #2112, #2476, #2538, #2142, #4826 ),
 .UNSPECIFIED., .F., .F.,
 ( 8, 6, 6, 6, 6, 6, 6, 8 ),
 ( 0.4999807550029485292, 0.5091338224570000071, 0.5946552600680000689, 0.6340034536790000175, 0.7240063072860000171, 0.8163401570519999151, 0.9132423917749999953, 1.000000000000000000 ),
 .UNSPECIFIED. ) ;
#5259 = CARTESIAN_POINT ( 'NONE',  ( -0.6841413727020000390, -1.242094508624999927, -4.211291882474999859 ) ) ;
#5260 = CARTESIAN_POINT ( 'NONE',  ( 0.9150103043980000184, 1.086351976190999880, -8.976853794129999287 ) ) ;
#5261 = CARTESIAN_POINT ( 'NONE',  ( -1.399999999954162355, -3.904650872520812343E-08, -5.796211813473838959 ) ) ;
#5262 = CARTESIAN_POINT ( 'NONE',  ( 3.753850618409000361, 1.173470705913999934, -5.636538461528999733 ) ) ;
#5263 = VERTEX_POINT ( 'NONE', #2820 ) ;
#5264 = LINE ( 'NONE', #4349, #1400 ) ;
#5265 = CARTESIAN_POINT ( 'NONE',  ( 0.5956289577400000201, 1.271364580313000037, -8.456064076003000807 ) ) ;
#5266 = DIRECTION ( 'NONE',  ( 0.000000000000000000, 0.000000000000000000, 1.000000000000000000 ) ) ;
#5267 = FACE_OUTER_BOUND ( 'NONE', #1973, .T. ) ;
#5268 = CARTESIAN_POINT ( 'NONE',  ( -1.376827451551593473, 0.3335692879247877940, -4.022748678880692097 ) ) ;
#5269 = AXIS2_PLACEMENT_3D ( 'NONE', #3000, #2019, #5687 ) ;
#5270 = VERTEX_POINT ( 'NONE', #499 ) ;
#5271 = CARTESIAN_POINT ( 'NONE',  ( -1.503821374738000038, -2.019265272015000168, -11.80681818182000065 ) ) ;
#5272 = CARTESIAN_POINT ( 'NONE',  ( -1.155841223100000148, 0.7946521320839999847, -7.551722798039000040 ) ) ;
#5273 = CARTESIAN_POINT ( 'NONE',  ( -1.359837442526285134, -0.3785356182647695023, -3.774598792767580147 ) ) ;
#5274 = CARTESIAN_POINT ( 'NONE',  ( 1.337679787050999991, 2.765673762769000010, -4.303846153835999999 ) ) ;
#5275 = CARTESIAN_POINT ( 'NONE',  ( 1.323363279213999988, 0.4896488252330000734, -7.225595551476000189 ) ) ;
#5276 = CARTESIAN_POINT ( 'NONE',  ( 0.8203849182109999028, 1.157536724045999943, -3.177836206577999700 ) ) ;
#5277 = AXIS2_PLACEMENT_3D ( 'NONE', #4766, #3818, #481 ) ;
#5278 = CARTESIAN_POINT ( 'NONE',  ( -0.05386777186582999977, 1.239232521491000050, -12.20107237656000088 ) ) ;
#5279 = CARTESIAN_POINT ( 'NONE',  ( -2.107315219974999820, -1.009060281501999778, -8.630769230761000443 ) ) ;
#5280 = VECTOR ( 'NONE', #5605, 1000.000000000000000 ) ;
#5281 = VERTEX_POINT ( 'NONE', #2359 ) ;
#5282 = CARTESIAN_POINT ( 'NONE',  ( -1.349788594936000008, -0.3782601078380000148, -3.274470943669999912 ) ) ;
#5283 = CARTESIAN_POINT ( 'NONE',  ( -1.399837098200999996, 0.1231164975810000173, -2.803209793633000046 ) ) ;
#5284 = CARTESIAN_POINT ( 'NONE',  ( -1.141663087566000101, 0.8210146820949999480, -10.55342292386000125 ) ) ;
#5285 = CARTESIAN_POINT ( 'NONE',  ( -1.323982436493659431, 5.398978722317808454E-10, -11.76198838639109390 ) ) ;
#5286 = B_SPLINE_CURVE_WITH_KNOTS ( 'NONE', 7,
 ( #741, #2597, #4026, #3993, #5864, #5405, #318, #826, #3202, #1395, #5032, #2317, #4569, #918, #1310, #4085, #3174, #1826, #400, #5951, #2687, #5093, #2227, #2257, #5490, #4175, #370, #1763, #3263, #5123, #430, #6012 ),
 .UNSPECIFIED., .F., .F.,
 ( 8, 6, 6, 6, 6, 8 ),
 ( 0.5000012167189956669, 0.5603858707329999467, 0.6569202938239999678, 0.7807156567580000317, 0.9065011371810000051, 1.000000000000000000 ),
 .UNSPECIFIED. ) ;
#5287 = APPLICATION_PROTOCOL_DEFINITION ( 'international standard', 'config_control_design', 1994, #4034 ) ;
#5288 = CARTESIAN_POINT ( 'NONE',  ( 1.220241508283000043, 0.6968908352989998667, -4.504935101573000367 ) ) ;
#5289 = CARTESIAN_POINT ( 'NONE',  ( -1.152461943213999973, 0.7973983420719999993, -5.844379456977000231 ) ) ;
#5290 = CARTESIAN_POINT ( 'NONE',  ( -1.302050178099000144, 0.5331654901890000575, -6.827126863420999392 ) ) ;
#5291 = CARTESIAN_POINT ( 'NONE',  ( 1.258787277375999825, -0.6262117426090000327, -10.29050260470000033 ) ) ;
#5292 = CARTESIAN_POINT ( 'NONE',  ( 1.114408847256999957, 2.661071112481999901, -4.598076923066000354 ) ) ;
#5293 = CARTESIAN_POINT ( 'NONE',  ( -2.107315219970999909, 1.009060281498999956, -8.169230769206999199 ) ) ;
#5294 = CARTESIAN_POINT ( 'NONE',  ( -0.2308790863700000140, -1.385343042923000034, -10.89192559451000086 ) ) ;
#5295 = CARTESIAN_POINT ( 'NONE',  ( -0.6780876855060000707, 2.283193464110000015, -6.040384615387000444 ) ) ;
#5296 = VERTEX_POINT ( 'NONE', #5626 ) ;
#5297 = CARTESIAN_POINT ( 'NONE',  ( -1.386621240466652916, -0.2534324639065864693, -9.489383132262739551 ) ) ;
#5298 = CARTESIAN_POINT ( 'NONE',  ( 0.005641431838890000570, -1.402207356441999897, -4.878470396073000259 ) ) ;
#5299 = CARTESIAN_POINT ( 'NONE',  ( 0.3799812788770000616, 1.357342457089000032, -6.150548830712999404 ) ) ;
#5300 = CARTESIAN_POINT ( 'NONE',  ( -0.2530608981159999660, 1.382877303062999941, -5.114362449154999268 ) ) ;
#5301 = VECTOR ( 'NONE', #5931, 1000.000000000000114 ) ;
#5302 = ORIENTED_EDGE ( 'NONE', *, *, #3175, .T. ) ;
#5303 = CARTESIAN_POINT ( 'NONE',  ( -1.359721198383999852, -0.3698589079449999817, -5.482648398976999182 ) ) ;
#5304 = CARTESIAN_POINT ( 'NONE',  ( -1.399999999856216260, -3.904169389516846435E-08, -8.796211813445632188 ) ) ;
#5305 = DIRECTION ( 'NONE',  ( 0.000000000000000000, 0.000000000000000000, 1.000000000000000000 ) ) ;
#5306 = CARTESIAN_POINT ( 'NONE',  ( -0.3600326444320000041, 1.361821130962999948, -4.900660793196999876 ) ) ;
#5307 = LOCAL_TIME ( 10, 32, 39.00000000000000000, #2020 ) ;
#5308 = CARTESIAN_POINT ( 'NONE',  ( -1.055026907120000024, 0.9378960958919999591, -7.061673844823999957 ) ) ;
#5309 = CARTESIAN_POINT ( 'NONE',  ( -1.114408847256999957, -2.661071112481000256, -2.348076923079000178 ) ) ;
#5310 = ADVANCED_FACE ( 'NONE', ( #5161 ), #3965, .T. ) ;
#5311 = CARTESIAN_POINT ( 'NONE',  ( -0.3793651108439999864, 1.357790766061000021, -3.607084391729999950 ) ) ;
#5312 = DIRECTION ( 'NONE',  ( 1.000000000000000000, 0.000000000000000000, 0.000000000000000000 ) ) ;
#5313 = ORIENTED_EDGE ( 'NONE', *, *, #4970, .F. ) ;
#5314 = CARTESIAN_POINT ( 'NONE',  ( -0.3239471538619999591, -1.371438409867999919, -3.189676449019000160 ) ) ;
#5315 = CARTESIAN_POINT ( 'NONE',  ( 1.213575220542000066, 0.7088264847359999621, -3.004162002035000167 ) ) ;
#5316 = CARTESIAN_POINT ( 'NONE',  ( 0.7919389641669999369, 1.161033065647000040, -10.67640557776999977 ) ) ;
#5317 = CARTESIAN_POINT ( 'NONE',  ( -1.399999997646921956, -0.07775219650384940229, -7.499368350333305067 ) ) ;
#5318 = CARTESIAN_POINT ( 'NONE',  ( -1.399984299486488393, -0.006863032302787204844, -8.795821717886617819 ) ) ;
#5319 = PERSON_AND_ORGANIZATION ( #18446744073709551615, #18446744073709551615 ) ;
#5320 = CARTESIAN_POINT ( 'NONE',  ( -1.399999999933211337, -3.903914808767054766E-08, -4.296211813469565044 ) ) ;
#5321 = CARTESIAN_POINT ( 'NONE',  ( -0.2341530971550000173, 1.393495813791999938, -5.907934929041999794 ) ) ;
#5322 = CARTESIAN_POINT ( 'NONE',  ( 0.6681448506420000211, -1.233398446480000077, -6.339277766602000597 ) ) ;
#5323 = CARTESIAN_POINT ( 'NONE',  ( -1.231286514377999852, -0.6684322428750000267, -10.46420864880999879 ) ) ;
#5324 = CARTESIAN_POINT ( 'NONE',  ( 1.337679787050999991, 2.765673762769000010, -4.303846153835999999 ) ) ;
#5325 = CARTESIAN_POINT ( 'NONE',  ( 0.7607984106090001086, 1.816692929058000061, -7.823076923062000532 ) ) ;
#5326 = CARTESIAN_POINT ( 'NONE',  ( -1.386621721507300231, -0.2534279054747815563, -10.98938339134866560 ) ) ;
#5327 = CARTESIAN_POINT ( 'NONE',  ( 3.086771334363999753, 1.478060008331000041, -6.155769230781000800 ) ) ;
#5328 = ORIENTED_EDGE ( 'NONE', *, *, #1335, .F. ) ;
#5329 = CARTESIAN_POINT ( 'NONE',  ( -0.3845394753969999524, -1.348460401672000097, -9.400888011251000265 ) ) ;
#5330 = CARTESIAN_POINT ( 'NONE',  ( -0.4240954708019999964, 1.348079544735000024, -8.396950181208000075 ) ) ;
#5331 = CARTESIAN_POINT ( 'NONE',  ( -1.399973679661381532, 0.009177374845333253345, -6.004309545874607856 ) ) ;
#5332 = CARTESIAN_POINT ( 'NONE',  ( -0.6213064435520000428, 1.267711988048000116, -5.092531801243000089 ) ) ;
#5333 = B_SPLINE_CURVE_WITH_KNOTS ( 'NONE', 7,
 ( #4925, #4371, #2543, #2049, #3876, #200, #5288, #2116, #165, #3426, #1202, #749, #4403, #233, #718, #4465, #3906, #2971, #297, #2606, #2481, #2941, #1107, #5716, #2084, #1530, #1075, #4340, #5777, #657, #1594, #5320 ),
 .UNSPECIFIED., .F., .F.,
 ( 8, 6, 6, 6, 6, 8 ),
 ( 0.000000000000000000, 0.09631219116082000153, 0.2426348002680000226, 0.3589271669130000286, 0.4074460282530000255, 0.4999858377376400487 ),
 .UNSPECIFIED. ) ;
#5334 = ADVANCED_FACE ( 'NONE', ( #3383 ), #1066, .T. ) ;
#5335 = ORIENTED_EDGE ( 'NONE', *, *, #905, .F. ) ;
#5336 = CARTESIAN_POINT ( 'NONE',  ( -0.5425470640359999486, -1.308269117634000223, -5.410113451597000633 ) ) ;
#5337 = EDGE_CURVE ( 'NONE', #5532, #4353, #2931, .T. ) ;
#5338 = CARTESIAN_POINT ( 'NONE',  ( 1.959418117459000186, -4.051127429914999745, -5.221153846171000978 ) ) ;
#5339 = CARTESIAN_POINT ( 'NONE',  ( 1.327528781295000071, 0.4764516736289999832, -11.01879754209000062 ) ) ;
#5340 = CARTESIAN_POINT ( 'NONE',  ( -0.7904386609169999911, 1.165313535824000102, -4.873764420540000586 ) ) ;
#5341 = CARTESIAN_POINT ( 'NONE',  ( 0.4629252851469999874, 1.558718743915999960, -6.784615384614000710 ) ) ;
#5342 = CARTESIAN_POINT ( 'NONE',  ( 1.574999999999999956, 3.330669073874999855E-15, -2.174999999999999822 ) ) ;
#5343 = B_SPLINE_CURVE_WITH_KNOTS ( 'NONE', 7,
 ( #4446, #2126, #696, #760, #667, #1636, #2617, #2951, #3982, #5724, #1540, #1088, #2491, #5790, #4350, #3497, #178, #1572, #5298, #211, #1119, #1606, #3587, #1242, #3612, #3163, #5053, #3220, #817, #847, #363, #338, #2676, #5454, #420, #4505, #2191, #5540 ),
 .UNSPECIFIED., .F., .F.,
 ( 8, 6, 6, 6, 6, 6, 8 ),
 ( 0.5000051079267385790, 0.6008527291249999847, 0.6968532894860000049, 0.7596033018410000004, 0.8136059197989999880, 0.8676083558029999976, 1.000000000000000000 ),
 .UNSPECIFIED. ) ;
#5344 = CARTESIAN_POINT ( 'NONE',  ( -0.8381617566800000363, 1.128660489897000074, -3.577977211427000093 ) ) ;
#5345 = CARTESIAN_POINT ( 'NONE',  ( 1.574999999999999956, 7.702294485860999821E-15, -10.12500000000000000 ) ) ;
#5346 = EDGE_LOOP ( 'NONE', ( #1837, #442, #4719, #1058, #143 ) ) ;
#5347 = CARTESIAN_POINT ( 'NONE',  ( 0.4267960571509999967, -1.342718817293999889, -7.646685478684999815 ) ) ;
#5348 = CARTESIAN_POINT ( 'NONE',  ( 0.3501272925370000344, -1.363810134368999893, -10.15122918630999926 ) ) ;
#5349 = CARTESIAN_POINT ( 'NONE',  ( 1.035953996331999916, 0.9460413314919999817, -10.69489634434000003 ) ) ;
#5350 = CARTESIAN_POINT ( 'NONE',  ( 0.000000000000000000, 0.000000000000000000, -0.8303039929149998999 ) ) ;
#5351 = CARTESIAN_POINT ( 'NONE',  ( 0.2203437532519999797, -1.252723417908000014, -12.09189787044999953 ) ) ;
#5352 = PERSON_AND_ORGANIZATION ( #18446744073709551615, #18446744073709551615 ) ;
#5353 = B_SPLINE_CURVE_WITH_KNOTS ( 'NONE', 7,
 ( #4247, #1381, #4647, #3757, #3729, #5630, #1436, #5165, #75, #5656, #1463, #162, #2081, #2113, #5250, #1557, #5807, #3871, #1526, #3902, #3456, #2969, #715, #2508, #3062, #1071, #4888, #683, #1105, #3969, #1135, #3934 ),
 .UNSPECIFIED., .F., .F.,
 ( 8, 6, 6, 6, 6, 8 ),
 ( 0.000000000000000000, 0.09631941461111999392, 0.1411868425239999891, 0.2491871263260000136, 0.4041292605260000115, 0.4999776941047750500 ),
 .UNSPECIFIED. ) ;
#5354 = CARTESIAN_POINT ( 'NONE',  ( -1.279950130735000080, 0.5780199988449998827, -3.329963346653000311 ) ) ;
#5355 = CARTESIAN_POINT ( 'NONE',  ( -0.3805248223699999599, 1.363583403292999874, -5.899544913072000796 ) ) ;
#5356 = CARTESIAN_POINT ( 'NONE',  ( -0.7892165544000000477, 1.164265085185999915, -6.873830688364999553 ) ) ;
#5357 = DIRECTION ( 'NONE',  ( 0.000000000000000000, 0.000000000000000000, 1.000000000000000000 ) ) ;
#5358 = CARTESIAN_POINT ( 'NONE',  ( 1.574999999999999956, -3.108624468949999707E-15, -3.674999999999999822 ) ) ;
#5359 = CARTESIAN_POINT ( 'NONE',  ( 3.753850618408000273, -1.173470705915000023, -8.163461538420001773 ) ) ;
#5360 = CARTESIAN_POINT ( 'NONE',  ( -2.562725153500999831, -0.8011194905310000669, -9.611538461575998227 ) ) ;
#5361 = CARTESIAN_POINT ( 'NONE',  ( 1.574999999999999956, -1.141848099093000002, -5.232692307692000000 ) ) ;
#5362 = ORIENTED_EDGE ( 'NONE', *, *, #5879, .F. ) ;
#5363 = CARTESIAN_POINT ( 'NONE',  ( 0.2864302584660000095, -1.373751730151000050, -9.362427267952998733 ) ) ;
#5364 = CARTESIAN_POINT ( 'NONE',  ( 0.4991143384880000200, 1.315121341413999945, -8.450064307691000920 ) ) ;
#5365 = CARTESIAN_POINT ( 'NONE',  ( 1.278771292982000096, -0.5910755360569999173, -9.580648273878999532 ) ) ;
#5366 = DIRECTION ( 'NONE',  ( 0.9118476033093435573, 3.350073746110263486E-15, 0.4105288641971548413 ) ) ;
#5367 = ORIENTED_EDGE ( 'NONE', *, *, #3509, .F. ) ;
#5368 = CARTESIAN_POINT ( 'NONE',  ( -0.9630753292189999648, -1.038465443009000122, -5.438248778110999382 ) ) ;
#5369 = CARTESIAN_POINT ( 'NONE',  ( -1.337679787050999991, 2.765673762759000454, -4.246153846163999823 ) ) ;
#5370 = CARTESIAN_POINT ( 'NONE',  ( -0.9477839535930000503, -0.9459453695800000839, -11.70494499908999941 ) ) ;
#5371 = CARTESIAN_POINT ( 'NONE',  ( 0.5519258463819999294, 1.303549595505999914, -4.953126796987000091 ) ) ;
#5372 = CARTESIAN_POINT ( 'NONE',  ( 0.04538590492882999677, 1.402199318097999914, -7.131364001012000742 ) ) ;
#5373 = CARTESIAN_POINT ( 'NONE',  ( 1.114408847255000001, 2.661071112481999901, -3.098076923075000266 ) ) ;
#5374 = AXIS2_PLACEMENT_3D ( 'NONE', #4639, #5130, #2323 ) ;
#5375 = CARTESIAN_POINT ( 'NONE',  ( -0.6213107846320000682, 1.267710121161999881, -3.592531535476999771 ) ) ;
#5376 = DIRECTION ( 'NONE',  ( -0.2133083745830045286, 0.9769849217530210961, 0.000000000000000000 ) ) ;
#5377 = ORIENTED_EDGE ( 'NONE', *, *, #3057, .T. ) ;
#5378 = CARTESIAN_POINT ( 'NONE',  ( 0.2098447442849999955, -1.397908032507000131, -3.159286323262000096 ) ) ;
#5379 = VECTOR ( 'NONE', #1788, 1000.000000000000000 ) ;
#5380 = CARTESIAN_POINT ( 'NONE',  ( 0.9767820672070000043, -1.017754723339000078, -10.11035147828000014 ) ) ;
#5381 = CARTESIAN_POINT ( 'NONE',  ( 0.6884302691829999876, 1.229025058436999940, -10.66940453298999891 ) ) ;
#5382 = CARTESIAN_POINT ( 'NONE',  ( 1.439812932702999815, -0.4206408430269999998, -0.2303039929150000054 ) ) ;
#5383 = AXIS2_PLACEMENT_3D ( 'NONE', #1387, #1415, #4652 ) ;
#5384 = CARTESIAN_POINT ( 'NONE',  ( -1.132984353838000002, 0.8311941129050001154, -3.346597148932000110 ) ) ;
#5385 = CARTESIAN_POINT ( 'NONE',  ( -1.115977130091999836, 0.8492903151609999535, -5.847980139541000710 ) ) ;
#5386 = CARTESIAN_POINT ( 'NONE',  ( 1.065791927084999813, -0.9229108653369999526, -6.310537159957999798 ) ) ;
#5387 = CARTESIAN_POINT ( 'NONE',  ( 0.5979676795299999625, -1.274320953351999908, -11.34386952234999946 ) ) ;
#5388 = CARTESIAN_POINT ( 'NONE',  ( -1.210187102829999972, -0.7051512458190000165, -10.46180335304000053 ) ) ;
#5389 = AXIS2_PLACEMENT_3D ( 'NONE', #4452, #4053, #5921 ) ;
#5390 = CARTESIAN_POINT ( 'NONE',  ( 1.574999999999999956, -1.141848099093000002, -3.732692307691999556 ) ) ;
#5391 = CARTESIAN_POINT ( 'NONE',  ( -1.959418117454000186, -4.051127429910000188, -8.278846153804998664 ) ) ;
#5392 = SPHERICAL_SURFACE ( 'NONE', #892, 5.000000000000000000 ) ;
#5393 = ADVANCED_FACE ( 'NONE', ( #1162 ), #5408, .F. ) ;
#5394 = ORIENTED_EDGE ( 'NONE', *, *, #5863, .T. ) ;
#5395 = CARTESIAN_POINT ( 'NONE',  ( -1.203305820537239557, -0.7267112806433768668, -9.460574129750966677 ) ) ;
#5396 = CARTESIAN_POINT ( 'NONE',  ( 0.7781987656539999243, 1.168430431471000119, -8.467976780427999728 ) ) ;
#5397 = CARTESIAN_POINT ( 'NONE',  ( -2.107315219973999731, -1.009060281501999778, -7.130769230768000178 ) ) ;
#5398 = CARTESIAN_POINT ( 'NONE',  ( 1.191418586636999954, 0.7519335214149999169, -5.208967756800999993 ) ) ;
#5399 = ORIENTED_EDGE ( 'NONE', *, *, #4144, .F. ) ;
#5400 = FACE_BOUND ( 'NONE', #3647, .T. ) ;
#5401 = CARTESIAN_POINT ( 'NONE',  ( 0.7607984106070000418, -1.816692929059999795, -4.476923076927000089 ) ) ;
#5402 = CARTESIAN_POINT ( 'NONE',  ( -1.387732580896000156, 0.2315006909639999999, -10.80937913814999973 ) ) ;
#5403 = CARTESIAN_POINT ( 'NONE',  ( -0.6750724948179999130, 1.239013532396000095, -3.881537776494000003 ) ) ;
#5404 = CARTESIAN_POINT ( 'NONE',  ( 1.399999999999999911, -3.429011037612999484E-16, -6.546211815708000259 ) ) ;
#5405 = CARTESIAN_POINT ( 'NONE',  ( -1.352196331041154442, -0.3757443304509650583, -9.274648912573317361 ) ) ;
#5406 = EDGE_CURVE ( 'NONE', #634, #320, #4739, .T. ) ;
#5407 = CARTESIAN_POINT ( 'NONE',  ( 1.075240473600000080, 3.160295530338999676E-15, -8.400000000000000355 ) ) ;
#5408 = B_SPLINE_SURFACE_WITH_KNOTS ( 'NONE', 13, 1, ( 
 ( #2567, #256 ),
 ( #4789, #2438 ),
 ( #3510, #2534 ),
 ( #3898, #1193 ),
 ( #3024, #5279 ),
 ( #2012, #616 ),
 ( #190, #5769 ),
 ( #3058, #3415 ),
 ( #4822, #2471 ),
 ( #157, #4882 ),
 ( #4333, #583 ),
 ( #1131, #1619 ),
 ( #1101, #3865 ),
 ( #127, #1520 ),
 ( #1982, #3835 ),
 ( #710, #4362 ),
 ( #5708, #5736 ),
 ( #5803, #1553 ),
 ( #650, #2504 ),
 ( #5245, #2041 ),
 ( #1585, #3452 ),
 ( #2994, #4852 ),
 ( #678, #4394 ),
 ( #225, #2077 ),
 ( #3929, #3481 ),
 ( #5345, #1851 ) ),
 .UNSPECIFIED., .F., .F., .F.,
 ( 14, 12, 14 ),
 ( 2, 2 ),
 ( 0.000000000000000000, 9.454572418137001222, 18.90914483627499720 ),
 ( 0.000000000000000000, 1.000000000000000000 ),
 .UNSPECIFIED. ) ;
#5409 = ORIENTED_EDGE ( 'NONE', *, *, #5477, .F. ) ;
#5410 = CARTESIAN_POINT ( 'NONE',  ( -1.389776991842000209, 0.2193632203639999945, -6.516258134867999985 ) ) ;
#5411 = CARTESIAN_POINT ( 'NONE',  ( 1.574999999999999956, 4.629164900776999960E-15, -8.625000000000000000 ) ) ;
#5412 = CARTESIAN_POINT ( 'NONE',  ( -0.2910639593980000051, 1.380637039083000062, -5.404656137834000340 ) ) ;
#5413 = CARTESIAN_POINT ( 'NONE',  ( 1.112718571524000000, 0.8512331328959998888, -4.201821009270999774 ) ) ;
#5414 = B_SPLINE_CURVE_WITH_KNOTS ( 'NONE', 7,
 ( #3157, #4617, #1779, #444, #6026, #413, #4071, #2303, #3635, #3606, #1840, #3699, #1722, #5473, #5564, #4529, #2184, #4555, #5507, #1380, #4957, #5017, #783, #3581, #2641, #1322, #841, #4497, #3188, #4039, #5447, #1262, #2700, #384, #5046, #3129, #4989, #868 ),
 .UNSPECIFIED., .F., .F.,
 ( 8, 6, 6, 6, 6, 6, 8 ),
 ( 0.000000000000000000, 0.09801082490734000507, 0.2239734569079999960, 0.3430398630459999820, 0.4117881604099999926, 0.4981216672659999900, 0.5000012167189956669 ),
 .UNSPECIFIED. ) ;
#5415 = EDGE_CURVE ( 'NONE', #1941, #2622, #5897, .T. ) ;
#5416 = DIRECTION ( 'NONE',  ( 0.000000000000000000, 0.000000000000000000, 1.000000000000000000 ) ) ;
#5417 = CARTESIAN_POINT ( 'NONE',  ( -1.317857197950000003, -0.4966796446100000262, -7.267535117367000197 ) ) ;
#5418 = CARTESIAN_POINT ( 'NONE',  ( -0.7326707007989998743, -0.5750335636589999355, -0.08751284532406000682 ) ) ;
#5419 = EDGE_CURVE ( 'NONE', #4086, #857, #5545, .T. ) ;
#5420 = CARTESIAN_POINT ( 'NONE',  ( 1.369209797067000078, -0.3317889206190000606, -2.772712122975000248 ) ) ;
#5421 = CARTESIAN_POINT ( 'NONE',  ( -0.6558565821298125709, -1.246205593003369083, -2.417304490620513224 ) ) ;
#5422 = CARTESIAN_POINT ( 'NONE',  ( -0.7326707007989998743, 0.5750335636589999355, -0.08751284532406000682 ) ) ;
#5423 = CARTESIAN_POINT ( 'NONE',  ( 3.086771334367999664, -1.478060008324999952, -7.644230769240000001 ) ) ;
#5424 = B_SPLINE_CURVE_WITH_KNOTS ( 'NONE', 7,
 ( #782, #2699, #1292, #1350, #1234, #382, #4005, #2149, #330, #5472, #751, #1261, #5044, #3665, #4528, #5880, #3156, #4927, #4988, #2239, #5016, #2726, #4554, #4467, #867, #299, #5506, #1688, #3552, #5936, #2183, #5910, #4097, #1321, #3128, #1778, #840, #3187, #4956, #3634, #4038, #2640, #4496, #2210 ),
 .UNSPECIFIED., .F., .F.,
 ( 8, 6, 6, 6, 6, 6, 6, 8 ),
 ( 0.4999956920597110610, 0.5178730045550000716, 0.5598745479469999786, 0.6604741456239999753, 0.7530730601399999724, 0.8595962635170000254, 0.9125194676389999371, 1.000000000000000000 ),
 .UNSPECIFIED. ) ;
#5425 = CARTESIAN_POINT ( 'NONE',  ( -1.075240473600000080, 0.7795309783160000450, -9.207692307691999645 ) ) ;
#5426 = ORIENTED_EDGE ( 'NONE', *, *, #5419, .F. ) ;
#5427 = CARTESIAN_POINT ( 'NONE',  ( -0.8854996211239999360, -1.097843118100000126, -7.932794241503001942 ) ) ;
#5428 = CARTESIAN_POINT ( 'NONE',  ( 0.3529867193809999582, -1.358173950929999929, -3.358553238239999850 ) ) ;
#5429 = CARTESIAN_POINT ( 'NONE',  ( 0.8296488284940001234, 1.151568328056999935, -6.178452866236999519 ) ) ;
#5430 = CARTESIAN_POINT ( 'NONE',  ( 0.000000000000000000, 0.000000000000000000, -11.40000000000000036 ) ) ;
#5431 = ADVANCED_FACE ( 'NONE', ( #4201 ), #3556, .F. ) ;
#5432 = ORIENTED_EDGE ( 'NONE', *, *, #1006, .T. ) ;
#5433 = CARTESIAN_POINT ( 'NONE',  ( -0.09484975848622000105, -1.402538540757999996, -5.384139351870000034 ) ) ;
#5434 = CARTESIAN_POINT ( 'NONE',  ( -3.086771334365999930, -1.478060008326999908, -4.355769230759999111 ) ) ;
#5435 = CARTESIAN_POINT ( 'NONE',  ( -1.398642335207000098, 0.1240090186969999841, -10.80326146440999935 ) ) ;
#5436 = CARTESIAN_POINT ( 'NONE',  ( 1.329706425586000051, 0.4693908182270000173, -5.019213798223999490 ) ) ;
#5437 = CARTESIAN_POINT ( 'NONE',  ( -0.6865306903510001169, -1.240738915332000092, -3.919020038935000727 ) ) ;
#5438 = LINE ( 'NONE', #4881, #1466 ) ;
#5439 = CARTESIAN_POINT ( 'NONE',  ( -1.399999999826275099, 2.972316830961095851E-09, -4.503787890961480578 ) ) ;
#5440 = EDGE_LOOP ( 'NONE', ( #5362, #3312 ) ) ;
#5441 = CARTESIAN_POINT ( 'NONE',  ( 1.122896202218999884, 0.8538414885310000590, -6.702046164100999626 ) ) ;
#5442 = CARTESIAN_POINT ( 'NONE',  ( 1.322366400898000061, 0.4927498857550000610, -10.51783466306999948 ) ) ;
#5443 = CARTESIAN_POINT ( 'NONE',  ( -1.399999999978068121, 3.010950091776791004E-10, -5.296211797383427289 ) ) ;
#5444 = CARTESIAN_POINT ( 'NONE',  ( -0.06602350119917999027, -1.403936277044999903, -6.674972141720999730 ) ) ;
#5445 = CARTESIAN_POINT ( 'NONE',  ( -0.06801287509918998997, 1.412582543079999864, -4.624921689699999838 ) ) ;
#5446 = CARTESIAN_POINT ( 'NONE',  ( -0.3688155646270000476, 1.350546216412999989, -11.40000000000000036 ) ) ;
#5447 = CARTESIAN_POINT ( 'NONE',  ( -1.398621400189999919, 0.1250055569739999817, -9.303318120484998843 ) ) ;
#5448 = CARTESIAN_POINT ( 'NONE',  ( -1.359845737197878712, -0.3784968803031487083, -5.274601024622119105 ) ) ;
#5449 = CARTESIAN_POINT ( 'NONE',  ( 1.337679787049000035, 2.765673762765000099, -2.803846153862000090 ) ) ;
#5450 = CARTESIAN_POINT ( 'NONE',  ( 2.107315219975999909, -1.009060281500999912, -8.919230769250999558 ) ) ;
#5451 = ADVANCED_FACE ( 'NONE', ( #60 ), #1914, .T. ) ;
#5452 = CARTESIAN_POINT ( 'NONE',  ( 0.8721716312609999466, 1.030709450977000063, -11.71431643370999964 ) ) ;
#5453 = CYLINDRICAL_SURFACE ( 'NONE', #2965, 1.399999999999999911 ) ;
#5454 = CARTESIAN_POINT ( 'NONE',  ( 1.262378179131000033, -0.6501639891670000226, -4.791618101850000144 ) ) ;
#5455 = CARTESIAN_POINT ( 'NONE',  ( -0.4629252851460000096, -1.558718743917000049, -7.534615384617000089 ) ) ;
#5456 = ORIENTED_EDGE ( 'NONE', *, *, #454, .F. ) ;
#5457 = CARTESIAN_POINT ( 'NONE',  ( -1.320196859588000038, -0.4928273512290000102, -8.475363201618000275 ) ) ;
#5458 = LINE ( 'NONE', #5028, #2455 ) ;
#5459 = CARTESIAN_POINT ( 'NONE',  ( -0.5026791313439999964, 1.319253137877000048, -8.099807838349999400 ) ) ;
#5460 = CARTESIAN_POINT ( 'NONE',  ( 0.7326707007989998743, -0.5750335636589999355, -0.08751284532406000682 ) ) ;
#5461 = CARTESIAN_POINT ( 'NONE',  ( 1.245487527202000066, -0.6490894782139999819, -5.792006099807999853 ) ) ;
#5462 = CARTESIAN_POINT ( 'NONE',  ( -0.7336221829650000359, 1.203873304333999972, -9.585255677050000145 ) ) ;
#5463 = EDGE_LOOP ( 'NONE', ( #3059, #2108, #2588, #4418 ) ) ;
#5464 = CARTESIAN_POINT ( 'NONE',  ( 1.191418578900999892, 0.7519335344730000426, -6.708967755942000899 ) ) ;
#5465 = CARTESIAN_POINT ( 'NONE',  ( -1.384781346097233357, -0.2336695681344463649, -8.990482236610320754 ) ) ;
#5466 = CARTESIAN_POINT ( 'NONE',  ( -1.399999844251649694, 0.0008646042297978726162, -5.296260942088932389 ) ) ;
#5467 = CARTESIAN_POINT ( 'NONE',  ( -1.039977295173999838, -0.9418155092030000564, -6.737646090099000062 ) ) ;
#5468 = CARTESIAN_POINT ( 'NONE',  ( 0.000000000000000000, 0.000000000000000000, -12.40000000000000036 ) ) ;
#5469 = CARTESIAN_POINT ( 'NONE',  ( -1.051736452774000075, 0.9321014873089999986, -4.561498220845000340 ) ) ;
#5470 = VECTOR ( 'NONE', #2610, 1000.000000000000000 ) ;
#5471 = CARTESIAN_POINT ( 'NONE',  ( 1.389774443489000033, -0.2215553267289999961, -7.058806428171000569 ) ) ;
#5472 = CARTESIAN_POINT ( 'NONE',  ( -1.366525242033999943, -0.3133520910479999921, -4.778274953649001233 ) ) ;
#5473 = CARTESIAN_POINT ( 'NONE',  ( 0.08026899466092998758, 1.405681584581999877, -9.425721340538000703 ) ) ;
#5474 = CARTESIAN_POINT ( 'NONE',  ( -1.399999998201221674, -0.1267230272433354232, -5.289008769777156616 ) ) ;
#5475 = CARTESIAN_POINT ( 'NONE',  ( -1.574999999999999956, -1.141848099093000002, -3.317307692308000266 ) ) ;
#5476 = CIRCLE ( 'NONE', #3714, 5.000000000000000000 ) ;
#5477 = EDGE_CURVE ( 'NONE', #1011, #5577, #5264, .T. ) ;
#5478 = CARTESIAN_POINT ( 'NONE',  ( 2.107315219970999909, 1.009060281500999912, -9.380769230799000269 ) ) ;
#5479 = CARTESIAN_POINT ( 'NONE',  ( -0.2424605461209999868, 1.335057239497000170, -11.63688045500999912 ) ) ;
#5480 = CARTESIAN_POINT ( 'NONE',  ( 1.330750276365000095, -0.4954125009430000448, -9.282166472104000476 ) ) ;
#5481 = EDGE_CURVE ( 'NONE', #6015, #373, #1087, .T. ) ;
#5482 = CARTESIAN_POINT ( 'NONE',  ( 1.376941943724999895, -0.3327647329739999993, -3.272702946195999552 ) ) ;
#5483 = VECTOR ( 'NONE', #3394, 1000.000000000000000 ) ;
#5484 = CARTESIAN_POINT ( 'NONE',  ( -0.6575331109509999772, -1.246368780357000050, -5.709838345572999962 ) ) ;
#5485 = CARTESIAN_POINT ( 'NONE',  ( -0.2285716251209999883, 1.398293780613000026, -9.115879052811999728 ) ) ;
#5486 = ORIENTED_EDGE ( 'NONE', *, *, #5976, .F. ) ;
#5487 = CARTESIAN_POINT ( 'NONE',  ( -1.355721474000999960, -0.3844708752970000254, -8.481792856484998921 ) ) ;
#5488 = CARTESIAN_POINT ( 'NONE',  ( 1.399999999999999911, 0.000000000000000000, -12.40000000000000036 ) ) ;
#5489 = CARTESIAN_POINT ( 'NONE',  ( -1.053659500511000102, -0.9353015159920000654, -3.945980904376000353 ) ) ;
#5490 = CARTESIAN_POINT ( 'NONE',  ( 1.077703186087000109, -0.9074894790059999661, -9.101942433164998292 ) ) ;
#5491 = PRODUCT_DEFINITION ( 'General', '', #1405, #2763 ) ;
#5492 = ORIENTED_EDGE ( 'NONE', *, *, #264, .T. ) ;
#5493 = CARTESIAN_POINT ( 'NONE',  ( -0.3793601185720000268, 1.357791687174999984, -9.607084678540999789 ) ) ;
#5494 = CARTESIAN_POINT ( 'NONE',  ( 0.02858410374105999768, -1.409521627482000161, -9.877151901836001002 ) ) ;
#5495 = CARTESIAN_POINT ( 'NONE',  ( -1.399999999977902476, 3.225068244967128927E-10, -5.003788184316332988 ) ) ;
#5496 = CARTESIAN_POINT ( 'NONE',  ( 0.7302805480220000423, 1.225315690686999970, -10.46395574768999914 ) ) ;
#5497 = CARTESIAN_POINT ( 'NONE',  ( -1.399999995324919810, -3.901868100843165158E-08, -10.00378819918757678 ) ) ;
#5498 = CARTESIAN_POINT ( 'NONE',  ( -0.4155778012209999650, 1.339770286710000091, -4.104854690008999718 ) ) ;
#5499 = EDGE_CURVE ( 'NONE', #2318, #2300, #95, .T. ) ;
#5500 = CARTESIAN_POINT ( 'NONE',  ( 1.203443299316999893, 0.09510859741052000993, -12.33598428867999885 ) ) ;
#5501 = AXIS2_PLACEMENT_3D ( 'NONE', #6007, #4028, #5900 ) ;
#5502 = SHAPE_DEFINITION_REPRESENTATION ( #446, #598 ) ;
#5503 = CARTESIAN_POINT ( 'NONE',  ( 1.075240473600000080, -0.6141759223099999554, -11.94545454545000140 ) ) ;
#5504 = B_SPLINE_CURVE_WITH_KNOTS ( 'NONE', 3,
 ( #1206, #3070, #4556, #3158, #1352, #5421, #1263, #357 ),
 .UNSPECIFIED., .F., .F.,
 ( 4, 2, 2, 4 ),
 ( 0.004384084701302983465, 0.005294022828979191506, 0.005748991892817295959, 0.006203960956655400413 ),
 .UNSPECIFIED. ) ;
#5505 = CARTESIAN_POINT ( 'NONE',  ( 1.248950677895000139, -0.6421783585739999634, -7.083994002357999697 ) ) ;
#5506 = CARTESIAN_POINT ( 'NONE',  ( 0.2944431262659999993, -1.379638480791999910, -4.654458893385999829 ) ) ;
#5507 = CARTESIAN_POINT ( 'NONE',  ( -0.6478868851669999929, 1.250050499906000034, -9.383190173005001355 ) ) ;
#5508 = CARTESIAN_POINT ( 'NONE',  ( -2.107315219973999731, -1.009060281501999778, -5.630769230764999911 ) ) ;
#5509 = APPROVAL_PERSON_ORGANIZATION ( #1560, #6020, #4434 ) ;
#5510 = CARTESIAN_POINT ( 'NONE',  ( 0.4629252851469999874, 1.558718743917000049, -3.784615384614999911 ) ) ;
#5511 = CARTESIAN_POINT ( 'NONE',  ( -1.120312814637400622, 0.8596611890420509106, -2.555812622266811385 ) ) ;
#5512 = CARTESIAN_POINT ( 'NONE',  ( 0.6039554231649999494, 1.216289111351999797, -11.69316888958000078 ) ) ;
#5513 = CARTESIAN_POINT ( 'NONE',  ( 1.399999999994000044, -0.1663845460530000153, -9.263245620055000629 ) ) ;
#5514 = CARTESIAN_POINT ( 'NONE',  ( -1.386615014430012671, -0.2534914556576294831, -3.489379779266020609 ) ) ;
#5515 = CARTESIAN_POINT ( 'NONE',  ( -0.3377599207219999511, -1.363344531192999920, -5.690553862363000981 ) ) ;
#5516 = CARTESIAN_POINT ( 'NONE',  ( -0.3801321812919999932, 1.364906566689999989, -9.107187274557000833 ) ) ;
#5517 = EDGE_LOOP ( 'NONE', ( #2028, #3677, #4570, #2985, #4509, #2409, #4050, #5681, #3626, #4270, #3543, #2568 ) ) ;
#5518 = CARTESIAN_POINT ( 'NONE',  ( 0.5231735941440001092, -1.304694082121000021, -8.348460846632001164 ) ) ;
#5519 = CARTESIAN_POINT ( 'NONE',  ( 1.052764573388000002, -0.9265641209800000722, -2.811220798594999959 ) ) ;
#5520 = CARTESIAN_POINT ( 'NONE',  ( -1.399999996436557259, -3.884890507365227307E-08, -4.003788200438926026 ) ) ;
#5521 = CARTESIAN_POINT ( 'NONE',  ( -0.002788764143060999678, -1.406507009689999865, -5.878967496685000071 ) ) ;
#5522 = EDGE_CURVE ( 'NONE', #968, #2076, #2650, .T. ) ;
#5523 = ORIENTED_EDGE ( 'NONE', *, *, #4762, .T. ) ;
#5524 = CARTESIAN_POINT ( 'NONE',  ( -1.340694683307000146, 0.4314034675099999716, -9.528556832853000813 ) ) ;
#5525 = CARTESIAN_POINT ( 'NONE',  ( -1.209159435479000066, -0.7150782449459999190, -9.961304845208001524 ) ) ;
#5526 = CARTESIAN_POINT ( 'NONE',  ( -1.060675611144000108, 0.9176485445509999783, -6.560544478178999661 ) ) ;
#5527 = CARTESIAN_POINT ( 'NONE',  ( 1.337886740861000012, -0.4417710226970000265, -8.779162358865999494 ) ) ;
#5528 = CARTESIAN_POINT ( 'NONE',  ( 0.3988980821410000321, 1.350303402516000117, -5.444065106661000186 ) ) ;
#5529 = CARTESIAN_POINT ( 'NONE',  ( -0.9908587864050000249, -0.9942298522099999314, -6.733574775612000352 ) ) ;
#5530 = CARTESIAN_POINT ( 'NONE',  ( 0.8631139312189999302, 1.121007425864000151, -6.473407825317000430 ) ) ;
#5531 = CARTESIAN_POINT ( 'NONE',  ( 0.6418021462040000014, 1.253207431429999907, -4.666446413023000339 ) ) ;
#5532 = VERTEX_POINT ( 'NONE', #2060 ) ;
#5533 = CARTESIAN_POINT ( 'NONE',  ( 0.2887433633470000149, -1.381764185388000055, -6.862402437047999904 ) ) ;
#5534 = CARTESIAN_POINT ( 'NONE',  ( -1.233462741448999811, 0.6680190411980000409, -7.835705983600999680 ) ) ;
#5535 = CARTESIAN_POINT ( 'NONE',  ( 0.4259994819530000254, -1.355093054386999896, -5.146913454347000538 ) ) ;
#5536 = CARTESIAN_POINT ( 'NONE',  ( 1.574999999999999956, 3.330669073874999855E-15, -2.625000000000000000 ) ) ;
#5537 = CARTESIAN_POINT ( 'NONE',  ( 0.1809939442100000073, 1.401873778251000013, -7.431502579021000088 ) ) ;
#5538 = CARTESIAN_POINT ( 'NONE',  ( -0.4527773265080000109, 1.345501936999000003, -5.602896906477000449 ) ) ;
#5539 = CARTESIAN_POINT ( 'NONE',  ( 1.075240473600000080, -0.7795309783160000450, -9.957692307692999734 ) ) ;
#5540 = CARTESIAN_POINT ( 'NONE',  ( 1.399999999999999911, -3.429011037612999484E-16, -4.753788202640000016 ) ) ;
#5541 = CARTESIAN_POINT ( 'NONE',  ( 3.086771334367999664, 1.478060008326999908, -3.155769230772000000 ) ) ;
#5542 = CARTESIAN_POINT ( 'NONE',  ( 0.3867400965099999643, 1.354785470391999924, -9.150951380168999449 ) ) ;
#5543 =( BOUNDED_CURVE ( )  B_SPLINE_CURVE ( 2, ( #2475, #160, #3386 ),
 .UNSPECIFIED., .F., .F. ) 
 B_SPLINE_CURVE_WITH_KNOTS ( ( 3, 3 ),
 ( 0.000000000000000000, 1.000000000000000000 ),
 .UNSPECIFIED. ) 
 CURVE ( )  GEOMETRIC_REPRESENTATION_ITEM ( )  RATIONAL_B_SPLINE_CURVE ( ( 1.000000000000000000, 1.073592871613074040, 1.000000000000000000 ) ) 
 REPRESENTATION_ITEM ( '' )  );
#5544 = VERTEX_POINT ( 'NONE', #759 ) ;
#5545 = LINE ( 'NONE', #5407, #628 ) ;
#5546 = CARTESIAN_POINT ( 'NONE',  ( -1.123778322390999840, -0.8368605648319999979, -8.452850450903000024 ) ) ;
#5547 = CARTESIAN_POINT ( 'NONE',  ( 0.4531075392030000093, -1.284325971968000024, -11.62309941976000083 ) ) ;
#5548 = CYLINDRICAL_SURFACE ( 'NONE', #1092, 1.399999999999999911 ) ;
#5549 = CARTESIAN_POINT ( 'NONE',  ( -0.8589550826030000197, -1.112719949265999819, -7.723543151848999422 ) ) ;
#5550 = CARTESIAN_POINT ( 'NONE',  ( 1.056614470645000026, -0.9217475346820001025, -5.810871373499999493 ) ) ;
#5551 = ORIENTED_EDGE ( 'NONE', *, *, #4133, .F. ) ;
#5552 = CARTESIAN_POINT ( 'NONE',  ( 0.9913240096340004692, 0.6321844477739666512, -12.40000000000000036 ) ) ;
#5553 = EDGE_LOOP ( 'NONE', ( #3696, #1303, #3081, #743 ) ) ;
#5554 = CARTESIAN_POINT ( 'NONE',  ( -1.399999999999999911, 1.714505518806294391E-16, -11.40000000000000036 ) ) ;
#5555 = B_SPLINE_CURVE_WITH_KNOTS ( 'NONE', 7,
 ( #139, #109, #5145, #3338, #4803, #3764, #3283, #630, #5260, #2371, #4311, #4280, #1417, #83, #1080, #4737, #568, #967, #994, #512, #4712, #1994, #2946, #3789, #2831, #2420, #29, #4256, #5692, #1964, #3820, #4681 ),
 .UNSPECIFIED., .F., .F.,
 ( 8, 6, 6, 6, 6, 8 ),
 ( 0.000000000000000000, 0.09683753962485999733, 0.2433790275580000051, 0.2885915683340000149, 0.4055895597009999687, 0.4999865577842329545 ),
 .UNSPECIFIED. ) ;
#5556 = CARTESIAN_POINT ( 'NONE',  ( -1.370031673671999961, 0.3264723353679999662, -11.02240883706000041 ) ) ;
#5557 = CARTESIAN_POINT ( 'NONE',  ( 1.314470685721000009, -0.5048724790789999028, -6.075385836739999768 ) ) ;
#5558 = CARTESIAN_POINT ( 'NONE',  ( -0.1181686476440000078, -1.400083549025000096, -2.677898561651000264 ) ) ;
#5559 = CARTESIAN_POINT ( 'NONE',  ( -0.08433214780790999898, 1.405653379219000021, -6.416437552684000067 ) ) ;
#5560 = CARTESIAN_POINT ( 'NONE',  ( 1.274546082546999859, 0.6008588139370000247, -10.21875101822999987 ) ) ;
#5561 = ORIENTED_EDGE ( 'NONE', *, *, #5337, .F. ) ;
#5562 = CARTESIAN_POINT ( 'NONE',  ( 1.399999999999999911, -0.1085154694669999975, -6.759956026161999532 ) ) ;
#5563 = CARTESIAN_POINT ( 'NONE',  ( -2.562725153491999919, 0.8011194905340000005, -4.188461538452999733 ) ) ;
#5564 = CARTESIAN_POINT ( 'NONE',  ( -0.07043122546039999599, 1.411637831017000133, -9.417214233763999687 ) ) ;
#5565 = LINE ( 'NONE', #2444, #4587 ) ;
#5566 = CARTESIAN_POINT ( 'NONE',  ( -0.6780876855050000929, 2.283193464108999926, -3.490384615386000089 ) ) ;
#5567 = B_SPLINE_CURVE_WITH_KNOTS ( 'NONE', 7,
 ( #3776, #1457, #5185, #2870, #4424, #4820, #125, #5766, #2106, #5276, #676, #3449, #2992, #1980, #1583, #2009, #581, #4390, #3926, #2531, #188, #2469, #155, #221, #5801, #1550, #2074, #2039, #1616, #253, #4850, #612, #3479, #2502, #3863, #1160, #3022, #3833 ),
 .UNSPECIFIED., .F., .F.,
 ( 8, 6, 6, 6, 6, 6, 8 ),
 ( 0.000000000000000000, 0.09686425741472999562, 0.2252756288030000054, 0.3268409394580000238, 0.4160510015939999917, 0.4816040531019999960, 0.4999954212520405505 ),
 .UNSPECIFIED. ) ;
#5568 = DIRECTION ( 'NONE',  ( 0.2133083745830045563, 0.9769849217530212071, 0.000000000000000000 ) ) ;
#5569 = CIRCLE ( 'NONE', #5374, 1.500000000000000000 ) ;
#5570 = CARTESIAN_POINT ( 'NONE',  ( 0.4529009413999999789, 1.279084216230999882, -11.68260838497000087 ) ) ;
#5571 = CARTESIAN_POINT ( 'NONE',  ( -0.6099106315362146091, 1.265925836932240367, -11.38548279257163998 ) ) ;
#5572 = DIRECTION ( 'NONE',  ( 0.000000000000000000, 0.000000000000000000, 1.000000000000000000 ) ) ;
#5573 = CIRCLE ( 'NONE', #3038, 5.000000000000000000 ) ;
#5574 = CARTESIAN_POINT ( 'NONE',  ( 2.107315219972999643, 1.009060281501999778, -3.380769230776000001 ) ) ;
#5575 = CARTESIAN_POINT ( 'NONE',  ( 2.562725153499000097, -0.8011194905340000005, -7.938461538420000352 ) ) ;
#5576 = ADVANCED_FACE ( 'NONE', ( #210 ), #3916, .T. ) ;
#5577 = VERTEX_POINT ( 'NONE', #4904 ) ;
#5578 = CARTESIAN_POINT ( 'NONE',  ( 1.017929835941999928, -0.9641983092550000523, -4.314129761602000457 ) ) ;
#5579 = CARTESIAN_POINT ( 'NONE',  ( 0.7356653729679999421, -1.196409732001000092, -8.334905587780999880 ) ) ;
#5580 = CARTESIAN_POINT ( 'NONE',  ( -1.346623628154000052, -0.3895961229580000018, -2.981375406056999910 ) ) ;
#5581 = CARTESIAN_POINT ( 'NONE',  ( -0.3793624957729999636, 1.357791248060999934, -8.107084541961999236 ) ) ;
#5582 = B_SPLINE_CURVE_WITH_KNOTS ( 'NONE', 7,
 ( #1439, #3250, #1354, #5080, #3278, #4676, #2306, #5139, #5110, #505, #5167, #3731, #5537, #2826, #935, #904, #54, #1905, #5049, #3217, #5601, #2764, #2275, #4163, #22, #6030 ),
 .UNSPECIFIED., .F., .F.,
 ( 8, 6, 6, 6, 8 ),
 ( 0.000000000000000000, 0.09640534391307999107, 0.2515660163439999986, 0.4057458998530000249, 0.4999601704156390047 ),
 .UNSPECIFIED. ) ;
#5583 = CARTESIAN_POINT ( 'NONE',  ( 0.9802942372230000201, -1.001021385759999882, -5.817119173942999488 ) ) ;
#5584 = ORIENTED_EDGE ( 'NONE', *, *, #5104, .F. ) ;
#5585 = CARTESIAN_POINT ( 'NONE',  ( 0.006384066919171000470, 1.406239158025999858, -9.629169611970000986 ) ) ;
#5586 = CARTESIAN_POINT ( 'NONE',  ( -1.399526775603149753, -0.03767556780824450613, -10.00164649661708793 ) ) ;
#5587 = CARTESIAN_POINT ( 'NONE',  ( -0.7892102637479999627, 1.164269196743000112, -9.873831112828998613 ) ) ;
#5588 = CARTESIAN_POINT ( 'NONE',  ( -0.9857195302900000344, 0.9974538769019999362, -10.35917954484999903 ) ) ;
#5589 = CARTESIAN_POINT ( 'NONE',  ( -1.393146445013889512, -0.1397964999905298156, -6.288253749739057596 ) ) ;
#5590 = CARTESIAN_POINT ( 'NONE',  ( -0.3912969619830000134, -1.353450190677000009, -2.693648028075999790 ) ) ;
#5591 = EDGE_CURVE ( 'NONE', #570, #912, #3945, .T. ) ;
#5592 = CARTESIAN_POINT ( 'NONE',  ( -1.209174302734999928, 0.7291644489229999193, -6.339426142089999772 ) ) ;
#5593 = CARTESIAN_POINT ( 'NONE',  ( -1.363429362712079485, 0.3613566976670374298, -10.02441206494371251 ) ) ;
#5594 = ORIENTED_EDGE ( 'NONE', *, *, #1528, .F. ) ;
#5595 = CARTESIAN_POINT ( 'NONE',  ( -3.086771334362999664, 1.478060008329999953, -7.944230769203000087 ) ) ;
#5596 = CARTESIAN_POINT ( 'NONE',  ( -1.040052190646999941, -0.9417328010599999022, -11.23765241844999885 ) ) ;
#5597 = CARTESIAN_POINT ( 'NONE',  ( 1.325120236800000129, 1.554312234475500188E-15, -5.512500000000000178 ) ) ;
#5598 = CARTESIAN_POINT ( 'NONE',  ( 0.9565970450240000034, 1.034313314820999974, -9.688202953626001701 ) ) ;
#5599 = VECTOR ( 'NONE', #565, 1000.000000000000000 ) ;
#5600 = EDGE_CURVE ( 'NONE', #4459, #373, #4824, .T. ) ;
#5601 = CARTESIAN_POINT ( 'NONE',  ( -1.284232527891258968, 0.5781419326812911041, -7.329856630038406706 ) ) ;
#5602 = ADVANCED_FACE ( 'NONE', ( #1785 ), #2868, .F. ) ;
#5603 = CARTESIAN_POINT ( 'NONE',  ( -1.075240473600000080, 0.7795309783160000450, -10.70769230768999947 ) ) ;
#5604 = CARTESIAN_POINT ( 'NONE',  ( 0.4629252851469999874, 1.558718743917000049, -11.28461538459999858 ) ) ;
#5605 = DIRECTION ( 'NONE',  ( 0.000000000000000000, 0.000000000000000000, 1.000000000000000000 ) ) ;
#5606 = APPROVAL_PERSON_ORGANIZATION ( #717, #2216, #3971 ) ;
#5607 = CARTESIAN_POINT ( 'NONE',  ( 1.299690907482000002, -0.5395598457479999777, -4.077514847636000361 ) ) ;
#5608 = CARTESIAN_POINT ( 'NONE',  ( 0.6780876855050000929, -2.283193464110000015, -7.240384615385999645 ) ) ;
#5609 = B_SPLINE_SURFACE_WITH_KNOTS ( 'NONE', 13, 1, ( 
 ( #4854, #129 ),
 ( #1984, #4335 ),
 ( #1068, #618 ),
 ( #2474, #591 ),
 ( #936, #5223 ),
 ( #3816, #2910 ),
 ( #1044, #4677 ),
 ( #4764, #2447 ),
 ( #3760, #3279 ),
 ( #3785, #1990 ),
 ( #2881, #479 ),
 ( #507, #3732 ),
 ( #5659, #4307 ),
 ( #2335, #5603 ),
 ( #3307, #135 ),
 ( #3842, #1385 ),
 ( #4224, #2796 ),
 ( #105, #4733 ),
 ( #3252, #2367 ),
 ( #5111, #4650 ),
 ( #4195, #4252 ),
 ( #1018, #2827 ),
 ( #4708, #55 ),
 ( #24, #1875 ),
 ( #564, #963 ),
 ( #989, #535 ) ),
 .UNSPECIFIED., .F., .F., .F.,
 ( 14, 12, 14 ),
 ( 2, 2 ),
 ( 0.000000000000000000, 9.454572418137001222, 18.90914483627499720 ),
 ( 0.000000000000000000, 1.000000000000000000 ),
 .UNSPECIFIED. ) ;
#5610 = VERTEX_POINT ( 'NONE', #3586 ) ;
#5611 = CARTESIAN_POINT ( 'NONE',  ( 1.399999999999999911, -3.429011037612999484E-16, -4.253788184291999563 ) ) ;
#5612 = CARTESIAN_POINT ( 'NONE',  ( -1.337679787049000035, 2.765673762762999921, -2.746153846139999910 ) ) ;
#5613 = CARTESIAN_POINT ( 'NONE',  ( -1.313920858451999907, -0.4860020255699999958, -2.975594197631000082 ) ) ;
#5614 = CARTESIAN_POINT ( 'NONE',  ( 0.8531705227609999165, -1.132644701907999929, -10.61985347569999938 ) ) ;
#5615 = ADVANCED_FACE ( 'NONE', ( #3641 ), #5453, .T. ) ;
#5616 = CARTESIAN_POINT ( 'NONE',  ( -0.4629252851460000096, 1.558718743918000138, -6.265384615388000178 ) ) ;
#5617 = EDGE_LOOP ( 'NONE', ( #1913, #641, #403, #2340, #3416, #1117, #4429, #3822, #1377 ) ) ;
#5618 = CARTESIAN_POINT ( 'NONE',  ( -1.026647369640000029, 1.378536982479000139, -11.71818181817000060 ) ) ;
#5619 = CARTESIAN_POINT ( 'NONE',  ( 1.364079852981000096, 0.3581569704470000670, -7.733348937404000090 ) ) ;
#5620 = CARTESIAN_POINT ( 'NONE',  ( -1.399999999999999911, 1.714505518806294391E-16, -12.40000000000000036 ) ) ;
#5621 = CARTESIAN_POINT ( 'NONE',  ( 0.6472118009580000164, 1.248465496189999913, -11.16682692120000020 ) ) ;
#5622 = CARTESIAN_POINT ( 'NONE',  ( 0.4050419633719999912, -1.347249388947999948, -6.147948481104999807 ) ) ;
#5623 = CARTESIAN_POINT ( 'NONE',  ( -1.064332315753603098, 0.9246603912228374966, -4.060665443545513398 ) ) ;
#5624 =( BOUNDED_CURVE ( )  B_SPLINE_CURVE ( 2, ( #5418, #5995, #1810 ),
 .UNSPECIFIED., .F., .T. ) 
 B_SPLINE_CURVE_WITH_KNOTS ( ( 3, 3 ),
 ( 0.000000000000000000, 1.000000000000000000 ),
 .UNSPECIFIED. ) 
 CURVE ( )  GEOMETRIC_REPRESENTATION_ITEM ( )  RATIONAL_B_SPLINE_CURVE ( ( 1.000000000000000000, 1.002765153013043919, 1.000000000000000000 ) ) 
 REPRESENTATION_ITEM ( '' )  );
#5625 = DIRECTION ( 'NONE',  ( 1.000000000000000000, 0.000000000000000000, 0.000000000000000000 ) ) ;
#5626 = CARTESIAN_POINT ( 'NONE',  ( -1.400000000000004130, 2.317094541411104745E-11, -2.503788202641290095 ) ) ;
#5627 = ORIENTED_EDGE ( 'NONE', *, *, #5104, .T. ) ;
#5628 = CARTESIAN_POINT ( 'NONE',  ( -1.337679787046999857, 2.765673762762999921, -7.246153846143000621 ) ) ;
#5629 = CARTESIAN_POINT ( 'NONE',  ( -0.9909378503109999015, -0.9941510501190000682, -11.23358110390000064 ) ) ;
#5630 = CARTESIAN_POINT ( 'NONE',  ( 1.279044616880000040, 0.5904362207159999931, -8.719390925243001078 ) ) ;
#5631 = CARTESIAN_POINT ( 'NONE',  ( -0.9386745946110000016, -1.043639850918999912, -8.229503131455999210 ) ) ;
#5632 = CARTESIAN_POINT ( 'NONE',  ( 0.1830956090955583593, 1.399935478891944030, -2.639193182934860715 ) ) ;
#5633 = CARTESIAN_POINT ( 'NONE',  ( 1.387698614441000178, 0.2430114111670000077, -3.532398924169000587 ) ) ;
#5634 = CARTESIAN_POINT ( 'NONE',  ( 1.090338685877000113, -0.3049785122799999471, -2.399999999999999911 ) ) ;
#5635 = DIRECTION ( 'NONE',  ( 0.000000000000000000, 0.000000000000000000, 1.000000000000000000 ) ) ;
#5636 = B_SPLINE_CURVE_WITH_KNOTS ( 'NONE', 7,
 ( #2859, #545, #4414, #243, #729, #4475, #4381, #2981, #308, #3077, #636, #4808, #5396, #5265, #5364, #5851, #3470, #2522, #2158, #5755, #276, #5330, #2097, #2061, #3917, #3013, #4840, #3044, #1150, #4935, #3439, #1665, #4905, #2030, #3887, #3530, #3951, #2554, #4870, #1212, #3402, #2585, #5820, #1180 ),
 .UNSPECIFIED., .F., .F.,
 ( 8, 6, 6, 6, 6, 6, 6, 8 ),
 ( 0.000000000000000000, 0.08550633135712999711, 0.1682990058760000240, 0.2523020402380000138, 0.3601828380629999993, 0.4135859313749999933, 0.4996701804690000248, 0.5000152949253603429 ),
 .UNSPECIFIED. ) ;
#5637 = CARTESIAN_POINT ( 'NONE',  ( -0.5381497015810000617, -1.308658883584999932, -4.202299051156000331 ) ) ;
#5638 = CARTESIAN_POINT ( 'NONE',  ( 1.075240473600000080, 6.661338147751000379E-16, -6.899999999999999467 ) ) ;
#5639 = ORIENTED_EDGE ( 'NONE', *, *, #3352, .T. ) ;
#5640 = CARTESIAN_POINT ( 'NONE',  ( -1.503821374739000127, -2.019265272015000168, -11.85681818181999958 ) ) ;
#5641 = CARTESIAN_POINT ( 'NONE',  ( -0.4629252851460000096, -1.558718743917000049, -3.034615384616999645 ) ) ;
#5642 = CARTESIAN_POINT ( 'NONE',  ( 0.5656717628350000915, -1.242309647074000045, -11.61670068265000033 ) ) ;
#5643 = CARTESIAN_POINT ( 'NONE',  ( -1.267548372757163921, -0.6166583448267974887, -9.760199395225795271 ) ) ;
#5644 = ORIENTED_EDGE ( 'NONE', *, *, #469, .F. ) ;
#5645 = CARTESIAN_POINT ( 'NONE',  ( -2.534454738845999699, 0.8327467029110000585, -11.89772727271999919 ) ) ;
#5646 = CARTESIAN_POINT ( 'NONE',  ( 0.3286379611530000355, 1.364968446560999915, -7.647598609002999481 ) ) ;
#5647 = CARTESIAN_POINT ( 'NONE',  ( 0.2958961789550000332, 1.376548018987999944, -9.938066158193999300 ) ) ;
#5648 = CARTESIAN_POINT ( 'NONE',  ( -1.254488405904999881, 0.6308395584619999052, -11.04085446959000016 ) ) ;
#5649 = CARTESIAN_POINT ( 'NONE',  ( 1.391398296063000029, -0.2053113996369999861, -6.057881775192999640 ) ) ;
#5650 = CARTESIAN_POINT ( 'NONE',  ( 0.3279537600120000507, -1.257450462664999824, -11.90636021729999783 ) ) ;
#5651 = CARTESIAN_POINT ( 'NONE',  ( 0.6728936878799999244, 1.240225438873000074, -10.16832218977999958 ) ) ;
#5652 = ORIENTED_EDGE ( 'NONE', *, *, #3330, .T. ) ;
#5653 = CARTESIAN_POINT ( 'NONE',  ( 1.114408847256999957, 2.661071112481999901, -7.598076923059000620 ) ) ;
#5654 =( BOUNDED_CURVE ( )  B_SPLINE_CURVE ( 2, ( #4021, #342, #4052 ),
 .UNSPECIFIED., .F., .T. ) 
 B_SPLINE_CURVE_WITH_KNOTS ( ( 3, 3 ),
 ( 0.000000000000000000, 1.000000000000000000 ),
 .UNSPECIFIED. ) 
 CURVE ( )  GEOMETRIC_REPRESENTATION_ITEM ( )  RATIONAL_B_SPLINE_CURVE ( ( 1.000000000000000000, 1.073592871612121913, 1.000000000000000000 ) ) 
 REPRESENTATION_ITEM ( '' )  );
#5655 = CARTESIAN_POINT ( 'NONE',  ( -0.8261402933110000291, -1.132529347686000110, -11.22136738098999942 ) ) ;
#5656 = CARTESIAN_POINT ( 'NONE',  ( 1.048696649455999941, 0.9309161976140000183, -8.696017425747999852 ) ) ;
#5657 = CARTESIAN_POINT ( 'NONE',  ( -0.8260444814599999797, -1.132599232849999860, -8.221360649300999413 ) ) ;
#5658 = CARTESIAN_POINT ( 'NONE',  ( -1.399976449367143383, -0.008235607762991380837, -8.795743699075844191 ) ) ;
#5659 = CARTESIAN_POINT ( 'NONE',  ( -1.574999999999999956, -1.141848099093000002, -10.81730769230000000 ) ) ;
#5660 = CARTESIAN_POINT ( 'NONE',  ( 1.337679787049000035, 2.765673762771000188, -10.30384615386999947 ) ) ;
#5661 = CYLINDRICAL_SURFACE ( 'NONE', #226, 1.399999999999999911 ) ;
#5662 = CARTESIAN_POINT ( 'NONE',  ( -0.8202851921740000884, -1.156710969668000022, -4.220283593652999876 ) ) ;
#5663 = FACE_OUTER_BOUND ( 'NONE', #5237, .T. ) ;
#5664 = CIRCLE ( 'NONE', #3614, 0.9313806714460000080 ) ;
#5665 = ADVANCED_FACE ( 'NONE', ( #2336 ), #2292, .F. ) ;
#5666 = ORIENTED_EDGE ( 'NONE', *, *, #4491, .F. ) ;
#5667 = CARTESIAN_POINT ( 'NONE',  ( -1.026647369640000029, -1.378536982480000006, -12.08181818183000011 ) ) ;
#5668 = CARTESIAN_POINT ( 'NONE',  ( 1.399999999999999911, -3.429011037612999484E-16, -7.546211797359999807 ) ) ;
#5669 = AXIS2_PLACEMENT_3D ( 'NONE', #2223, #457, #2314 ) ;
#5670 = CARTESIAN_POINT ( 'NONE',  ( 0.5512578485699999309, 1.303671651971999967, -7.953088954452999459 ) ) ;
#5671 = CARTESIAN_POINT ( 'NONE',  ( -1.085889874598999993, -0.8865515721459998888, -9.741722679540998797 ) ) ;
#5672 = VERTEX_POINT ( 'NONE', #5224 ) ;
#5673 = CARTESIAN_POINT ( 'NONE',  ( -1.730252897595999872, -0.5685098153819999611, -12.12727272725000027 ) ) ;
#5674 = EDGE_CURVE ( 'NONE', #2779, #5868, #625, .T. ) ;
#5675 = CARTESIAN_POINT ( 'NONE',  ( 1.090031183097999845, 0.8815704159039999821, -7.699669916380999624 ) ) ;
#5676 = CARTESIAN_POINT ( 'NONE',  ( 0.7683172915000000547, -1.199734884283000014, -3.625908636385000161 ) ) ;
#5677 = CARTESIAN_POINT ( 'NONE',  ( -1.146896134669000089, 0.8053304516429999893, -10.34492961527999988 ) ) ;
#5678 = CARTESIAN_POINT ( 'NONE',  ( -1.399999997840960964, 2.389310537614930396E-14, -6.296212109389125011 ) ) ;
#5679 = CARTESIAN_POINT ( 'NONE',  ( 0.1395862570699999972, -1.290443217083000027, -11.91929380662999982 ) ) ;
#5680 = CARTESIAN_POINT ( 'NONE',  ( -0.9030204826359999881, 1.099756519177999881, -10.07415434077000072 ) ) ;
#5681 = ORIENTED_EDGE ( 'NONE', *, *, #5855, .T. ) ;
#5682 = FACE_OUTER_BOUND ( 'NONE', #4868, .T. ) ;
#5683 = CARTESIAN_POINT ( 'NONE',  ( -1.399669266597283412, -0.03450415462111863091, -10.29425051573186067 ) ) ;
#5684 = CARTESIAN_POINT ( 'NONE',  ( 1.574999999999999956, 1.141848099093000002, -7.067307692307999822 ) ) ;
#5685 = EDGE_CURVE ( 'NONE', #3964, #5231, #5689, .T. ) ;
#5686 = CARTESIAN_POINT ( 'NONE',  ( -0.4347727287010000330, -1.342409116687000026, -8.196130693697998737 ) ) ;
#5687 = DIRECTION ( 'NONE',  ( 0.2133083745830045286, -0.9769849217530210961, 0.000000000000000000 ) ) ;
#5688 = CARTESIAN_POINT ( 'NONE',  ( 1.363090132491000084, 0.3630171012330000169, -3.525492570183000218 ) ) ;
#5689 = LINE ( 'NONE', #3733, #5599 ) ;
#5690 = DIRECTION ( 'NONE',  ( -0.2133083745830045563, 0.9769849217530212071, 0.000000000000000000 ) ) ;
#5691 = CARTESIAN_POINT ( 'NONE',  ( 1.058324511548000002, -0.9293747331499999653, -4.103572169040999640 ) ) ;
#5692 = CARTESIAN_POINT ( 'NONE',  ( -1.364821673852081751, 0.3544686365310787957, -8.816438773212308178 ) ) ;
#5693 = CARTESIAN_POINT ( 'NONE',  ( 0.4179335031989999671, -1.339037309619999894, -10.85471473957999855 ) ) ;
#5694 = AXIS2_PLACEMENT_3D ( 'NONE', #2150, #5266, #2119 ) ;
#5695 = ORIENTED_EDGE ( 'NONE', *, *, #2356, .F. ) ;
#5696 = CARTESIAN_POINT ( 'NONE',  ( -1.299898872983999976, -0.4905935370300000264, -11.48289280439999871 ) ) ;
#5697 = CARTESIAN_POINT ( 'NONE',  ( 0.4629252851460000096, -1.558718743917000049, -2.515384615384000266 ) ) ;
#5698 = CARTESIAN_POINT ( 'NONE',  ( 1.399999999999999911, -0.1109715039820000082, -2.760095832627999624 ) ) ;
#5699 = CARTESIAN_POINT ( 'NONE',  ( -1.370198242768131847, -0.3074689143259351498, -10.77864890094121897 ) ) ;
#5700 = VERTEX_POINT ( 'NONE', #136 ) ;
#5701 = DIRECTION ( 'NONE',  ( 1.000000000000000000, 0.000000000000000000, 0.000000000000000000 ) ) ;
#5702 = DIRECTION ( 'NONE',  ( 0.000000000000000000, 0.000000000000000000, 1.000000000000000000 ) ) ;
#5703 = LINE ( 'NONE', #4876, #30 ) ;
#5704 = CARTESIAN_POINT ( 'NONE',  ( -0.4629252851460000096, 1.558718743918000138, -6.265384615388000178 ) ) ;
#5705 = CARTESIAN_POINT ( 'NONE',  ( 3.753850618407000184, 1.173470705912999845, -2.636538461526999555 ) ) ;
#5706 = EDGE_CURVE ( 'NONE', #2647, #1731, #5847, .T. ) ;
#5707 = CARTESIAN_POINT ( 'NONE',  ( -1.399999997732430002, -3.903108697993185570E-08, -7.003788199693964600 ) ) ;
#5708 = CARTESIAN_POINT ( 'NONE',  ( 3.086771334365999930, 1.478060008326999908, -9.605769230800000003 ) ) ;
#5709 = VERTEX_POINT ( 'NONE', #5778 ) ;
#5710 = CARTESIAN_POINT ( 'NONE',  ( -1.398301278514405110, -0.07818626829700399405, -3.291767125453167075 ) ) ;
#5711 = CARTESIAN_POINT ( 'NONE',  ( -3.753850618409000361, -1.173470705918999935, -7.886538461582999204 ) ) ;
#5712 = CARTESIAN_POINT ( 'NONE',  ( 1.399999999996000000, -0.1211706712710000078, -11.05309918728999996 ) ) ;
#5713 = CARTESIAN_POINT ( 'NONE',  ( 1.080043710951999802, 0.8948658500230000090, -10.69872640877000158 ) ) ;
#5714 = DIRECTION ( 'NONE',  ( 0.000000000000000000, 0.000000000000000000, 1.000000000000000000 ) ) ;
#5715 = CARTESIAN_POINT ( 'NONE',  ( -0.6963286811209999927, -1.236332935953000201, -8.712047534542998406 ) ) ;
#5716 = CARTESIAN_POINT ( 'NONE',  ( -1.100403836390999812, 0.8690889679990000394, -4.349409329485999898 ) ) ;
#5717 = CARTESIAN_POINT ( 'NONE',  ( -1.075240473600000080, -0.7795309783160000450, -10.59230769230000035 ) ) ;
#5718 = CARTESIAN_POINT ( 'NONE',  ( 0.5956289412030000285, 1.271364588060999834, -6.956064074969000366 ) ) ;
#5719 = CARTESIAN_POINT ( 'NONE',  ( 0.2418330739560000109, -1.388946517896000099, -5.657501094924000107 ) ) ;
#5720 = CARTESIAN_POINT ( 'NONE',  ( 0.4819429540259999589, -1.316182245851999832, -10.85085779579000054 ) ) ;
#5721 = CARTESIAN_POINT ( 'NONE',  ( 1.337679787043999813, -2.765673762758000365, -6.496153846182000535 ) ) ;
#5722 = EDGE_LOOP ( 'NONE', ( #4773, #1407, #2903, #5188 ) ) ;
#5723 = CARTESIAN_POINT ( 'NONE',  ( -2.534454738844999611, -0.8327467029100000806, -11.90227272726000152 ) ) ;
#5724 = CARTESIAN_POINT ( 'NONE',  ( -0.8854836216099999380, -1.097856022816000143, -4.932793081712000038 ) ) ;
#5725 = CARTESIAN_POINT ( 'NONE',  ( -0.2758009404040118184, -1.373306571711567337, -11.39455949268462298 ) ) ;
#5726 = PLANE ( 'NONE',  #4299 ) ;
#5727 = CARTESIAN_POINT ( 'NONE',  ( 0.2405639415649999946, -1.389524028705999781, -2.657577595530000281 ) ) ;
#5728 = ORIENTED_EDGE ( 'NONE', *, *, #4019, .F. ) ;
#5729 = CARTESIAN_POINT ( 'NONE',  ( 1.399999999999999911, -3.429011037612999484E-16, -4.546211797359999807 ) ) ;
#5730 = CARTESIAN_POINT ( 'NONE',  ( 1.574999999999999956, -1.141848099093000002, -4.182692307692999378 ) ) ;
#5731 = CARTESIAN_POINT ( 'NONE',  ( 1.399999999999999911, -3.429011037612999484E-16, -11.04621181569999955 ) ) ;
#5732 = CYLINDRICAL_SURFACE ( 'NONE', #4790, 1.399999999999999911 ) ;
#5733 = CARTESIAN_POINT ( 'NONE',  ( 0.1856389362589999925, 1.391192200633999843, -7.139340966245000253 ) ) ;
#5734 = CARTESIAN_POINT ( 'NONE',  ( 1.337679787049000035, 2.765673762765000099, -2.803846153862000090 ) ) ;
#5735 = CARTESIAN_POINT ( 'NONE',  ( -1.196127205434999841, -0.4631290625569999819, -12.03428124457999893 ) ) ;
#5736 = CARTESIAN_POINT ( 'NONE',  ( 2.107315219970999909, 1.009060281500999912, -9.380769230799000269 ) ) ;
#5737 = ORIENTED_EDGE ( 'NONE', *, *, #2541, .F. ) ;
#5738 = CARTESIAN_POINT ( 'NONE',  ( 1.388625716076000050, -0.2336728509360000150, -7.559493838439999003 ) ) ;
#5739 = DIRECTION ( 'NONE',  ( 1.000000000000000000, 0.000000000000000000, 0.000000000000000000 ) ) ;
#5740 = CARTESIAN_POINT ( 'NONE',  ( 1.387333357716999949, 0.2465939676440000172, -3.032195154990999786 ) ) ;
#5741 = CARTESIAN_POINT ( 'NONE',  ( -0.8686038056569999055, 1.110718313202999852, -10.57595825370999876 ) ) ;
#5742 = CARTESIAN_POINT ( 'NONE',  ( -1.322777616284635638, 0.05226332167277127766, -11.76485907176832235 ) ) ;
#5743 = CARTESIAN_POINT ( 'NONE',  ( -1.399999999856216260, -3.904169389516846435E-08, -8.796211813445632188 ) ) ;
#5744 = SECURITY_CLASSIFICATION_LEVEL ( 'unclassified' ) ;
#5745 = CARTESIAN_POINT ( 'NONE',  ( -1.393185869943451172, 0.1399236552428232971, -3.304178055950071524 ) ) ;
#5746 = CARTESIAN_POINT ( 'NONE',  ( 0.7605693136490000450, 1.203714292969999766, -5.966031723462999814 ) ) ;
#5747 = CARTESIAN_POINT ( 'NONE',  ( -0.2910632420820000177, 1.380637120810999985, -6.904656178594999361 ) ) ;
#5748 = CARTESIAN_POINT ( 'NONE',  ( 0.7326707007989998743, -0.5750335636589999355, -0.08751284532406000682 ) ) ;
#5749 = CARTESIAN_POINT ( 'NONE',  ( 2.107315219971999554, 1.009060281501999778, -4.880769230779000267 ) ) ;
#5750 = CARTESIAN_POINT ( 'NONE',  ( 2.562725153495999830, 0.8011194905299999780, -7.361538461524999910 ) ) ;
#5751 = CARTESIAN_POINT ( 'NONE',  ( 0.1518873324699999972, -1.393389737918999893, -10.87014265468999952 ) ) ;
#5752 = CARTESIAN_POINT ( 'NONE',  ( -0.4074999999999999734, 1.500000000000000000, -2.030303992914999967 ) ) ;
#5753 = ORIENTED_EDGE ( 'NONE', *, *, #5499, .F. ) ;
#5754 = DIRECTION ( 'NONE',  ( 0.000000000000000000, 0.000000000000000000, 1.000000000000000000 ) ) ;
#5755 = CARTESIAN_POINT ( 'NONE',  ( -0.1557104307069999971, 1.397902131394999969, -8.412362936725001461 ) ) ;
#5756 = CARTESIAN_POINT ( 'NONE',  ( -0.4143202656280000062, 1.347421291399999888, -6.105069494102999705 ) ) ;
#5757 = CYLINDRICAL_SURFACE ( 'NONE', #4595, 1.399999999999999911 ) ;
#5758 = EDGE_CURVE ( 'NONE', #1766, #3745, #346, .T. ) ;
#5759 = VECTOR ( 'NONE', #2656, 1000.000000000000000 ) ;
#5760 = EDGE_LOOP ( 'NONE', ( #1828, #1738, #3369, #3294 ) ) ;
#5761 = LINE ( 'NONE', #3536, #2062 ) ;
#5762 = CARTESIAN_POINT ( 'NONE',  ( -1.301271019921000027, 0.5342995787110000894, -7.534778861026999230 ) ) ;
#5763 = CARTESIAN_POINT ( 'NONE',  ( -1.399999994839461026, -3.899737018972135837E-08, -7.296211811746782239 ) ) ;
#5764 = CARTESIAN_POINT ( 'NONE',  ( 0.7607984106090001086, 1.816692929058000061, -4.823076923070999555 ) ) ;
#5765 = CARTESIAN_POINT ( 'NONE',  ( 1.337679787043999813, -2.765673762758000365, -6.496153846182000535 ) ) ;
#5766 = CARTESIAN_POINT ( 'NONE',  ( 1.056365869708999927, 0.9328062305369999585, -3.196185344004000228 ) ) ;
#5767 = VECTOR ( 'NONE', #1437, 1000.000000000000000 ) ;
#5768 = CARTESIAN_POINT ( 'NONE',  ( 1.005925904899000134, -0.8379038658940000106, -11.85177511490999969 ) ) ;
#5769 = CARTESIAN_POINT ( 'NONE',  ( -1.337679787049000035, 2.765673762762999921, -8.746153846127999287 ) ) ;
#5770 = ORIENTED_EDGE ( 'NONE', *, *, #1522, .T. ) ;
#5771 = CARTESIAN_POINT ( 'NONE',  ( 0.8555020927140000175, -1.130928837629000094, -7.619691061630000206 ) ) ;
#5772 = CARTESIAN_POINT ( 'NONE',  ( -1.399999999999999911, 1.714505518806294391E-16, -12.40000000000000036 ) ) ;
#5773 = CARTESIAN_POINT ( 'NONE',  ( -1.397967067727821089, 0.08433169717034580404, -10.50858249287377078 ) ) ;
#5774 = CARTESIAN_POINT ( 'NONE',  ( 1.399999999999999911, -0.1107879202090000098, -7.260085397679999275 ) ) ;
#5775 = CARTESIAN_POINT ( 'NONE',  ( 1.390002816418000053, -0.2190672315330000064, -8.558664982322000014 ) ) ;
#5776 = APPROVAL_ROLE ( '' ) ;
#5777 = CARTESIAN_POINT ( 'NONE',  ( -1.366193050205794401, 0.3475446211929465457, -4.316040637468618435 ) ) ;
#5778 = CARTESIAN_POINT ( 'NONE',  ( -1.399999999977067811, 3.363047355623540520E-10, -11.00378818430995231 ) ) ;
#5779 = CARTESIAN_POINT ( 'NONE',  ( -0.1557103493639999947, 1.397902130802999965, -6.912362941346999357 ) ) ;
#5780 = CARTESIAN_POINT ( 'NONE',  ( -1.399999999999999911, 1.714505518806294391E-16, -12.40000000000000036 ) ) ;
#5781 = CARTESIAN_POINT ( 'NONE',  ( 1.325120236800000129, 4.440892098500000496E-16, -2.512500000000000178 ) ) ;
#5782 = CARTESIAN_POINT ( 'NONE',  ( 1.574999999999999956, 7.924339090785999574E-15, -8.625000000000000000 ) ) ;
#5783 = EDGE_CURVE ( 'NONE', #2789, #280, #5924, .T. ) ;
#5784 = B_SPLINE_CURVE_WITH_KNOTS ( 'NONE', 7,
 ( #5010, #1257, #3999, #2264, #3208, #5957, #2693, #5069, #3123, #4549, #2602, #5872, #294, #2143, #1683, #3093, #4951, #4521, #776, #2634, #4489, #324, #2179, #351, #4063, #2382, #467, #4152, #496, #43, #1923, #96 ),
 .UNSPECIFIED., .F., .F.,
 ( 8, 6, 6, 6, 6, 8 ),
 ( 0.000000000000000000, 0.09756234555208997961, 0.2013076243779999830, 0.3120314564049999628, 0.4275757256680000062, 0.4387070182601084389 ),
 .UNSPECIFIED. ) ;
#5785 = FACE_OUTER_BOUND ( 'NONE', #543, .T. ) ;
#5786 = EDGE_CURVE ( 'NONE', #3994, #4139, #680, .T. ) ;
#5787 = CARTESIAN_POINT ( 'NONE',  ( -1.114408847256999957, 2.661071112482999990, -6.501923076923000977 ) ) ;
#5788 = VERTEX_POINT ( 'NONE', #1260 ) ;
#5789 = CARTESIAN_POINT ( 'NONE',  ( 0.005612984493823999603, -1.402207395670000079, -7.878472010243998902 ) ) ;
#5790 = CARTESIAN_POINT ( 'NONE',  ( -0.3844177688779999436, -1.348495557377999976, -4.900880820134999816 ) ) ;
#5791 = CARTESIAN_POINT ( 'NONE',  ( -0.4348851426110000307, -1.342371489622999903, -9.696137379488000363 ) ) ;
#5792 = CARTESIAN_POINT ( 'NONE',  ( -2.107315219974999820, -1.009060281501999778, -8.630769230761000443 ) ) ;
#5793 = VECTOR ( 'NONE', #1877, 1000.000000000000114 ) ;
#5794 = EDGE_LOOP ( 'NONE', ( #2110, #2857, #5063, #4170 ) ) ;
#5795 = DIRECTION ( 'NONE',  ( -0.2133083745830045286, -0.9769849217530210961, 0.000000000000000000 ) ) ;
#5796 = CARTESIAN_POINT ( 'NONE',  ( -1.075240473600000080, 0.7795309783160000450, -4.707692307691999645 ) ) ;
#5797 = CARTESIAN_POINT ( 'NONE',  ( 0.5461609513349999778, 1.305693320794000023, -10.95278031470000180 ) ) ;
#5798 = CARTESIAN_POINT ( 'NONE',  ( 0.08537825968895000617, 1.401375163113000255, -3.926067255773999953 ) ) ;
#5799 = AXIS2_PLACEMENT_3D ( 'NONE', #3064, #3460, #2048 ) ;
#5800 = CARTESIAN_POINT ( 'NONE',  ( -1.075240473600000080, -0.7795309783160000450, -6.092307692308000178 ) ) ;
#5801 = CARTESIAN_POINT ( 'NONE',  ( -1.153337372138000028, 0.8014855979860000534, -3.052129602885000015 ) ) ;
#5802 = CARTESIAN_POINT ( 'NONE',  ( -1.060684644518999908, 0.9176382379429999236, -3.560543700569000158 ) ) ;
#5803 = CARTESIAN_POINT ( 'NONE',  ( 3.753850618405000006, -1.173470705913999934, -9.663461538420001773 ) ) ;
#5804 = ORIENTED_EDGE ( 'NONE', *, *, #1695, .T. ) ;
#5805 = CARTESIAN_POINT ( 'NONE',  ( -0.09863354917022999768, -1.401092980039000180, -3.176820389116000065 ) ) ;
#5806 = CARTESIAN_POINT ( 'NONE',  ( -0.3919897818260000277, 1.366868857522000047, -2.898920223450999867 ) ) ;
#5807 = CARTESIAN_POINT ( 'NONE',  ( 0.4120454734200000302, 1.351841910136999836, -8.652339826853001625 ) ) ;
#5808 = CARTESIAN_POINT ( 'NONE',  ( 1.248910018858000015, -0.6422597992870000549, -7.291573728768000251 ) ) ;
#5809 = PERSON_AND_ORGANIZATION_ROLE ( 'creator' ) ;
#5810 = DIRECTION ( 'NONE',  ( 0.000000000000000000, 0.000000000000000000, 1.000000000000000000 ) ) ;
#5811 = CARTESIAN_POINT ( 'NONE',  ( 1.399999999999999911, 0.1236193067920000055, -6.039185186943000438 ) ) ;
#5812 = CARTESIAN_POINT ( 'NONE',  ( -1.399999057809009129, 0.001736375283265178529, -6.796310494191232010 ) ) ;
#5813 = CARTESIAN_POINT ( 'NONE',  ( 0.8285814210190000084, -1.138101197836000056, -10.32874090996999961 ) ) ;
#5814 = LINE ( 'NONE', #1174, #4295 ) ;
#5815 = CARTESIAN_POINT ( 'NONE',  ( -0.5268658854009999892, 1.207820588039000054, -11.84627848132999972 ) ) ;
#5816 = CARTESIAN_POINT ( 'NONE',  ( 2.562725153500000186, -0.8011194905299999780, -9.438461538418000174 ) ) ;
#5817 = CARTESIAN_POINT ( 'NONE',  ( -3.086771334362999664, -1.478060008331000041, -5.405769230766000355 ) ) ;
#5818 = ORIENTED_EDGE ( 'NONE', *, *, #186, .F. ) ;
#5819 = CARTESIAN_POINT ( 'NONE',  ( 0.8398976133929999532, -1.123504009356999900, -7.827706964421000002 ) ) ;
#5820 = CARTESIAN_POINT ( 'NONE',  ( -1.399999999983522869, 0.0004336577764915977443, -8.296236446784908125 ) ) ;
#5821 = CARTESIAN_POINT ( 'NONE',  ( 0.9563935106680000464, 1.044252705581000251, -6.187753362565000081 ) ) ;
#5822 = CARTESIAN_POINT ( 'NONE',  ( 2.107315219975999909, -1.009060281500999912, -8.919230769250999558 ) ) ;
#5823 = ORIENTED_EDGE ( 'NONE', *, *, #5758, .F. ) ;
#5824 = DIRECTION ( 'NONE',  ( -0.9769849217530212071, 0.2133083745830045563, 0.000000000000000000 ) ) ;
#5825 = CARTESIAN_POINT ( 'NONE',  ( 3.753850618405000006, -1.173470705915000023, -5.163461538444999555 ) ) ;
#5826 = CARTESIAN_POINT ( 'NONE',  ( -1.399999999693450459, 7.157851920772465015E-14, -9.296212104971328216 ) ) ;
#5827 = CARTESIAN_POINT ( 'NONE',  ( 0.000000000000000000, 0.000000000000000000, -12.40000000000000036 ) ) ;
#5828 = CARTESIAN_POINT ( 'NONE',  ( -0.7607984106080000197, -1.816692929058999928, -5.573076923079000267 ) ) ;
#5829 = CARTESIAN_POINT ( 'NONE',  ( 1.959418117457000008, 4.051127429916999922, -2.578846153858999735 ) ) ;
#5830 = CARTESIAN_POINT ( 'NONE',  ( -1.399999544309153077, 0.001280805726214013281, -3.503860985621373825 ) ) ;
#5831 = ORIENTED_EDGE ( 'NONE', *, *, #5050, .F. ) ;
#5832 = CARTESIAN_POINT ( 'NONE',  ( 0.6032831737349999557, -0.6032831737349999557, -2.030303992914999967 ) ) ;
#5833 = ORIENTED_EDGE ( 'NONE', *, *, #3867, .F. ) ;
#5834 = CARTESIAN_POINT ( 'NONE',  ( -0.8458747571350000438, -1.122780298241000008, -3.222609309156999835 ) ) ;
#5835 = CARTESIAN_POINT ( 'NONE',  ( -1.399999999881990753, -3.707519588856800067E-08, -9.003787889056516391 ) ) ;
#5836 = CARTESIAN_POINT ( 'NONE',  ( -0.9705192391440000677, 1.024622577488000008, -10.56844723965000021 ) ) ;
#5837 = CARTESIAN_POINT ( 'NONE',  ( 1.399999999999999911, -3.429011037612999484E-16, -4.753788202640000016 ) ) ;
#5838 = EDGE_CURVE ( 'NONE', #699, #5281, #4537, .T. ) ;
#5839 = COORDINATED_UNIVERSAL_TIME_OFFSET ( 3, 0, .BEHIND. ) ;
#5840 = CARTESIAN_POINT ( 'NONE',  ( -1.313893346478000046, 0.4985605196960000152, -3.325072368277000034 ) ) ;
#5841 = CARTESIAN_POINT ( 'NONE',  ( -1.352224483811999889, -0.3936080199449999983, -7.273666184437000304 ) ) ;
#5842 = CARTESIAN_POINT ( 'NONE',  ( 0.8926443550350000589, -1.080643665460000014, -6.323850097064000586 ) ) ;
#5843 = CARTESIAN_POINT ( 'NONE',  ( -0.1812876910871340785, -1.388579307288919207, -11.38911911907199226 ) ) ;
#5844 = CARTESIAN_POINT ( 'NONE',  ( 1.156181636719999961, -0.7922098543200000176, -10.30159517719999940 ) ) ;
#5845 = CARTESIAN_POINT ( 'NONE',  ( 3.086771334364999841, 1.478060008327999997, -4.655769230789999824 ) ) ;
#5846 = CARTESIAN_POINT ( 'NONE',  ( 1.574999999999999956, 1.141848099093000002, -8.567307692307998934 ) ) ;
#5847 = B_SPLINE_CURVE_WITH_KNOTS ( 'NONE', 6,
 ( #2911, #4765, #5141, #5634, #3786, #4253, #592, #2828, #5195, #80, #4678, #2368, #4225, #1933, #1468, #2417, #4277, #106, #4341, #3003, #1687, #1656 ),
 .UNSPECIFIED., .F., .F.,
 ( 7, 5, 5, 5, 7 ),
 ( 0.000000000000000000, 0.1842724759950000180, 0.3259189211719999979, 0.5642646363540000376, 0.6579395211303874502 ),
 .UNSPECIFIED. ) ;
#5848 = CARTESIAN_POINT ( 'NONE',  ( 1.075240473600000080, 2.220446049249999903E-15, -8.400000000000000355 ) ) ;
#5849 = VERTEX_POINT ( 'NONE', #2639 ) ;
#5850 = CARTESIAN_POINT ( 'NONE',  ( -1.267548043402721314, -0.6166590752934345554, -9.467777290469186369 ) ) ;
#5851 = CARTESIAN_POINT ( 'NONE',  ( 0.3988979852940000570, 1.350303431125999820, -8.444065100954000869 ) ) ;
#5852 = CARTESIAN_POINT ( 'NONE',  ( 0.4629252851460000096, -1.558718743917000049, -7.015384615384999023 ) ) ;
#5853 =( BOUNDED_CURVE ( )  B_SPLINE_CURVE ( 2, ( #1536, #111, #2915 ),
 .UNSPECIFIED., .F., .F. ) 
 B_SPLINE_CURVE_WITH_KNOTS ( ( 3, 3 ),
 ( 0.000000000000000000, 1.000000000000000000 ),
 .UNSPECIFIED. ) 
 CURVE ( )  GEOMETRIC_REPRESENTATION_ITEM ( )  RATIONAL_B_SPLINE_CURVE ( ( 1.000000000000000000, 1.073592871612121913, 1.000000000000000000 ) ) 
 REPRESENTATION_ITEM ( '' )  );
#5854 = CARTESIAN_POINT ( 'NONE',  ( 1.122896212796000048, 0.8538414737719999259, -5.202046165126001043 ) ) ;
#5855 = EDGE_CURVE ( 'NONE', #4979, #5263, #3737, .T. ) ;
#5856 = ORIENTED_EDGE ( 'NONE', *, *, #5076, .F. ) ;
#5857 = CARTESIAN_POINT ( 'NONE',  ( -0.8358745088529999645, -1.147464566852000045, -5.428870100813999677 ) ) ;
#5858 = CARTESIAN_POINT ( 'NONE',  ( -1.337679787042999724, -2.765673762765000099, -5.053846153833999821 ) ) ;
#5859 = CARTESIAN_POINT ( 'NONE',  ( -0.8831356663130000006, -1.010730867144999934, -11.69998093899999958 ) ) ;
#5860 = CARTESIAN_POINT ( 'NONE',  ( -0.5527556304769999374, 1.300629669724999937, -3.889244295390000161 ) ) ;
#5861 = CARTESIAN_POINT ( 'NONE',  ( 1.399999999999999911, 3.429011037612999484E-16, -3.753787892816000227 ) ) ;
#5862 = CARTESIAN_POINT ( 'NONE',  ( -1.399997925602579851, -0.002732711330479505821, -5.796056487651344291 ) ) ;
#5863 = EDGE_CURVE ( 'NONE', #4459, #311, #1979, .T. ) ;
#5864 = CARTESIAN_POINT ( 'NONE',  ( -1.371248678382416930, -0.3020481956626348552, -9.278961570382030288 ) ) ;
#5865 = ADVANCED_FACE ( 'NONE', ( #5682 ), #393, .F. ) ;
#5866 = ORIENTED_EDGE ( 'NONE', *, *, #167, .T. ) ;
#5867 = CARTESIAN_POINT ( 'NONE',  ( 1.370114448303999977, -0.3269117115170000476, -4.272432060839999934 ) ) ;
#5868 = VERTEX_POINT ( 'NONE', #4793 ) ;
#5869 = CARTESIAN_POINT ( 'NONE',  ( -1.098765896026999922, 0.8716795124220000357, -5.057158672585999604 ) ) ;
#5870 = AXIS2_PLACEMENT_3D ( 'NONE', #1938, #4317, #1448 ) ;
#5871 = CARTESIAN_POINT ( 'NONE',  ( 1.156917000940000051, -0.7905117231859999372, -8.801491125325998865 ) ) ;
#5872 = CARTESIAN_POINT ( 'NONE',  ( -0.06991672505679000227, 1.210097621985999794, -12.32880877582999979 ) ) ;
#5873 = CARTESIAN_POINT ( 'NONE',  ( 1.011118989932999979, 0.9711481958179999374, -4.192893937774000435 ) ) ;
#5874 = VECTOR ( 'NONE', #5236, 1000.000000000000000 ) ;
#5875 = COORDINATED_UNIVERSAL_TIME_OFFSET ( 3, 0, .BEHIND. ) ;
#5876 = CARTESIAN_POINT ( 'NONE',  ( 1.060995190017999912, 0.9167741953679999778, -4.697080832129000072 ) ) ;
#5877 = B_SPLINE_CURVE_WITH_KNOTS ( 'NONE', 7,
 ( #2107, #707, #347, #4978, #2533, #4391, #3118, #2993, #3087, #4851, #2137, #223, #4056, #1618, #2172, #771, #3480, #2629, #3927, #2565, #5311, #4946, #5375, #2661, #5344, #3571, #4484, #5802, #1161, #4516, #288, #4456, #3056, #2198, #2075, #3023, #3963, #1584, #3541, #4916, #5830, #1647, #5898, #3508 ),
 .UNSPECIFIED., .F., .F.,
 ( 8, 6, 6, 6, 6, 6, 6, 8 ),
 ( 0.000000000000000000, 0.06194825372535999602, 0.1588696822560000110, 0.2642939729469999666, 0.3661759353319999910, 0.4135789420250000070, 0.4996653630119999856, 0.5000051232891948860 ),
 .UNSPECIFIED. ) ;
#5878 = DIRECTION ( 'NONE',  ( 1.000000000000000000, 0.000000000000000000, 0.000000000000000000 ) ) ;
#5879 = EDGE_CURVE ( 'NONE', #2966, #72, #4524, .T. ) ;
#5880 = CARTESIAN_POINT ( 'NONE',  ( -1.126204236100999845, -0.8508490114929999626, -4.744716487152000894 ) ) ;
#5881 = CARTESIAN_POINT ( 'NONE',  ( -0.3069997194800320739, -1.366546154316190531, -11.39637299808168791 ) ) ;
#5882 = PLANE ( 'NONE',  #1374 ) ;
#5883 = CARTESIAN_POINT ( 'NONE',  ( -0.6651416809710427591, 0.5897773996547569508, -0.2744543435635981021 ) ) ;
#5884 = CARTESIAN_POINT ( 'NONE',  ( 1.276977865464999917, 0.08026786946135000544, -11.98581968826000121 ) ) ;
#5885 = CARTESIAN_POINT ( 'NONE',  ( 1.114408847256999957, -2.661071112481000256, -8.751923076929999823 ) ) ;
#5886 = ORIENTED_EDGE ( 'NONE', *, *, #1561, .F. ) ;
#5887 = CARTESIAN_POINT ( 'NONE',  ( -0.5729863402920000182, -1.283058298240000061, -9.412226986105999060 ) ) ;
#5888 = CARTESIAN_POINT ( 'NONE',  ( 0.1522099708550000152, -1.393354530711000017, -3.370124228825999602 ) ) ;
#5889 = CARTESIAN_POINT ( 'NONE',  ( 1.388157972518999861, 0.2384297590439999892, -6.240235780361000018 ) ) ;
#5890 = CARTESIAN_POINT ( 'NONE',  ( 2.562725153493000008, 0.8011194905299999780, -8.861538461510001241 ) ) ;
#5891 = ORIENTED_EDGE ( 'NONE', *, *, #4314, .T. ) ;
#5892 = CARTESIAN_POINT ( 'NONE',  ( 1.148806321135000141, -0.8079827609729999249, -5.302578504559000372 ) ) ;
#5893 = CARTESIAN_POINT ( 'NONE',  ( -1.114408847256000090, -2.661071112481999901, -4.298076923081000089 ) ) ;
#5894 = CYLINDRICAL_SURFACE ( 'NONE', #1967, 1.399999999999999911 ) ;
#5895 = CARTESIAN_POINT ( 'NONE',  ( 1.283538158308000110, 0.5798043284180001145, -5.012464166758999085 ) ) ;
#5896 = CARTESIAN_POINT ( 'NONE',  ( -1.399999998513730359, 4.035264960719486815E-15, -7.796212110745794455 ) ) ;
#5897 = CIRCLE ( 'NONE', #5501, 1.190000000000000169 ) ;
#5898 = CARTESIAN_POINT ( 'NONE',  ( -1.399999999984452570, 0.0004269357061587618677, -3.503812451429508812 ) ) ;
#5899 = ORIENTED_EDGE ( 'NONE', *, *, #2962, .F. ) ;
#5900 = DIRECTION ( 'NONE',  ( 1.000000000000000000, 0.000000000000000000, 0.000000000000000000 ) ) ;
#5901 =( GEOMETRIC_REPRESENTATION_CONTEXT ( 3 ) GLOBAL_UNCERTAINTY_ASSIGNED_CONTEXT ( ( #2154 ) ) GLOBAL_UNIT_ASSIGNED_CONTEXT ( ( #4370, #1231, #2575 ) ) REPRESENTATION_CONTEXT ( 'NONE', 'WORKASPACE' ) );
#5902 = ORIENTED_EDGE ( 'NONE', *, *, #4696, .F. ) ;
#5903 = CARTESIAN_POINT ( 'NONE',  ( -1.167826924727999982, 0.7744211994090000051, -5.050387233091999661 ) ) ;
#5904 = CARTESIAN_POINT ( 'NONE',  ( 1.246726511504000046, -0.6466274407049998896, -8.791850106754999672 ) ) ;
#5905 = CARTESIAN_POINT ( 'NONE',  ( -1.085072685170000106, 0.8897464210859999945, -5.350866852559000186 ) ) ;
#5906 = CARTESIAN_POINT ( 'NONE',  ( 1.363302148305000072, -0.3619817253800000079, -6.566870990547999831 ) ) ;
#5907 = EDGE_CURVE ( 'NONE', #5672, #5263, #5543, .T. ) ;
#5908 = CARTESIAN_POINT ( 'NONE',  ( -1.730252897595999872, -0.5685098153819999611, -12.12727272725000027 ) ) ;
#5909 = CARTESIAN_POINT ( 'NONE',  ( 1.003232345327000008, -0.9888866253719998944, -6.815721545140000615 ) ) ;
#5910 = CARTESIAN_POINT ( 'NONE',  ( 0.9410263918400001426, -1.038697191202999859, -4.612631571144000020 ) ) ;
#5911 = CARTESIAN_POINT ( 'NONE',  ( 1.399999999999999911, -3.429011037612999484E-16, -10.54621179735999981 ) ) ;
#5912 = CARTESIAN_POINT ( 'NONE',  ( -1.085813664243999943, -0.8866449099629999386, -5.241715839279000200 ) ) ;
#5913 = CARTESIAN_POINT ( 'NONE',  ( 2.562725153493999652, 0.8011194905299999780, -2.861538461525000354 ) ) ;
#5914 = CARTESIAN_POINT ( 'NONE',  ( 1.337679787040999990, -2.765673762765000099, -9.496153846204000715 ) ) ;
#5915 = CARTESIAN_POINT ( 'NONE',  ( 0.8631989520070000310, 1.119383942142999855, -5.681052221624000254 ) ) ;
#5916 = CARTESIAN_POINT ( 'NONE',  ( -2.107315219974999820, -1.009060281504999823, -10.13076923074999947 ) ) ;
#5917 = CARTESIAN_POINT ( 'NONE',  ( 0.8927675437909999845, -1.080541896004999947, -3.323841025527999982 ) ) ;
#5918 = CARTESIAN_POINT ( 'NONE',  ( -1.399999997840960964, 2.389310537614930396E-14, -6.296212109389125011 ) ) ;
#5919 = ORIENTED_EDGE ( 'NONE', *, *, #3771, .T. ) ;
#5920 = CARTESIAN_POINT ( 'NONE',  ( 1.399999999999999911, -0.1076450286219999969, -8.259906549389000929 ) ) ;
#5921 = DIRECTION ( 'NONE',  ( 1.000000000000000000, 0.000000000000000000, 0.000000000000000000 ) ) ;
#5922 = CARTESIAN_POINT ( 'NONE',  ( -1.362779148730000056, 0.3402104858279999533, -4.815688756974999762 ) ) ;
#5923 = CARTESIAN_POINT ( 'NONE',  ( 1.341608605366999996, -0.4285681681230000262, -3.778386537204999840 ) ) ;
#5924 = B_SPLINE_CURVE_WITH_KNOTS ( 'NONE', 7,
 ( #1203, #5811, #3462, #4466, #298, #3427, #1595, #3973, #2050, #5746, #2085, #1627, #3518, #3551, #5321, #5355, #687, #4831, #1141, #3907, #4926, #1170, #2117, #5385, #5289, #2544, #3488, #4404, #3066, #2148, #3033, #234 ),
 .UNSPECIFIED., .F., .F.,
 ( 8, 6, 6, 6, 6, 8 ),
 ( 0.000000000000000000, 0.09837912559584000016, 0.2429765564459999971, 0.3604310458350000190, 0.4108434529980000138, 0.4999829298574142156 ),
 .UNSPECIFIED. ) ;
#5925 = CARTESIAN_POINT ( 'NONE',  ( -0.6561736721070000611, -1.244068221123999951, -5.917390245621000133 ) ) ;
#5926 = VERTEX_POINT ( 'NONE', #1069 ) ;
#5927 = CARTESIAN_POINT ( 'NONE',  ( 1.075240473600000080, 0.7795309783160000450, -11.34230769230000035 ) ) ;
#5928 = ORIENTED_EDGE ( 'NONE', *, *, #2611, .T. ) ;
#5929 = CARTESIAN_POINT ( 'NONE',  ( -1.399999999983958743, 0.0004323351529071981880, -5.003812758335620892 ) ) ;
#5930 = B_SPLINE_CURVE_WITH_KNOTS ( 'NONE', 7,
 ( #2253, #2, #2808, #5060, #2685, #428, #488, #5980, #1364, #4143, #6010, #1824, #916, #2344, #4567, #3171, #1734, #3592, #368, #5948, #5581, #5459, #3681, #1277, #3143, #1758, #397, #3621, #4111, #2742, #3229, #3650, #5092, #2775, #2713, #459, #2316, #4174, #1854, #4319, #3373, #3854, #3404, #603 ),
 .UNSPECIFIED., .F., .F.,
 ( 8, 6, 6, 6, 6, 6, 6, 8 ),
 ( 0.000000000000000000, 0.06194825492181999654, 0.1588696895850000013, 0.2642940159900000197, 0.3661747334509999896, 0.4135769267730000087, 0.4996600477979999955, 0.5000051033010644019 ),
 .UNSPECIFIED. ) ;
#5931 = DIRECTION ( 'NONE',  ( 0.2055172342865889956, 0.000000000000000000, 0.9786534966019337922 ) ) ;
#5932 = CARTESIAN_POINT ( 'NONE',  ( -1.399999532780913380, 0.001296905767564260521, -5.296285514420120855 ) ) ;
#5933 = CARTESIAN_POINT ( 'NONE',  ( 1.387366578681999973, 0.2462702910200000317, -4.239790223372000177 ) ) ;
#5934 = FACE_OUTER_BOUND ( 'NONE', #1808, .T. ) ;
#5935 = CARTESIAN_POINT ( 'NONE',  ( -0.3463230957729999671, -1.361194470159000192, -7.191054064243000532 ) ) ;
#5936 = CARTESIAN_POINT ( 'NONE',  ( 0.6734677416569999631, -1.239572627248000103, -4.631631460086999219 ) ) ;
#5937 = CARTESIAN_POINT ( 'NONE',  ( -1.052116807415000244, 0.9361441684239999450, -7.854090481290999293 ) ) ;
#5938 = CARTESIAN_POINT ( 'NONE',  ( 1.075240473600000080, -0.7795309783160000450, -5.457692307691999645 ) ) ;
#5939 = CARTESIAN_POINT ( 'NONE',  ( -1.959418117457000008, 4.051127429909000099, -2.971153846150000000 ) ) ;
#5940 = DIRECTION ( 'NONE',  ( 1.000000000000000000, 4.898587196589000452E-15, 0.000000000000000000 ) ) ;
#5941 = CARTESIAN_POINT ( 'NONE',  ( -1.364090664330606328, 0.3581021970348732264, -5.524224807697899031 ) ) ;
#5942 = CARTESIAN_POINT ( 'NONE',  ( -1.337679787049000035, 2.765673762758000365, -10.24615384612000035 ) ) ;
#5943 = CARTESIAN_POINT ( 'NONE',  ( 1.330786029962000017, -0.4952866313719999636, -3.282159148273000149 ) ) ;
#5944 = CARTESIAN_POINT ( 'NONE',  ( -1.106708290532000039, 0.8646684278870000462, -9.056572763885998967 ) ) ;
#5945 = ORIENTED_EDGE ( 'NONE', *, *, #2878, .F. ) ;
#5946 = CARTESIAN_POINT ( 'NONE',  ( -1.395346951818000170, -0.1606350614710000124, -8.494653386339999557 ) ) ;
#5947 = CYLINDRICAL_SURFACE ( 'NONE', #5389, 1.399999999999999911 ) ;
#5948 = CARTESIAN_POINT ( 'NONE',  ( -0.2530606960659999571, 1.382877312795000035, -8.114362460644001018 ) ) ;
#5949 = EDGE_CURVE ( 'NONE', #5246, #4177, #2015, .T. ) ;
#5950 = LINE ( 'NONE', #345, #3643 ) ;
#5951 = CARTESIAN_POINT ( 'NONE',  ( 0.4236164432010000036, -1.343700293486000064, -9.146873587727998967 ) ) ;
#5952 = ORIENTED_EDGE ( 'NONE', *, *, #4070, .F. ) ;
#5953 = CARTESIAN_POINT ( 'NONE',  ( 1.096919605367000061, 0.2049617887960000218, -12.40000000000000036 ) ) ;
#5954 = ORIENTED_EDGE ( 'NONE', *, *, #1153, .T. ) ;
#5955 = CARTESIAN_POINT ( 'NONE',  ( 0.6472119598250000161, 1.248465408260999832, -6.666826931502999543 ) ) ;
#5956 = CARTESIAN_POINT ( 'NONE',  ( 1.399999999999999911, -0.1115982196749999988, -8.760131455306000348 ) ) ;
#5957 = CARTESIAN_POINT ( 'NONE',  ( 0.6009649013540000473, 1.041450550386000096, -12.37105477204000081 ) ) ;
#5958 = CARTESIAN_POINT ( 'NONE',  ( -0.8260502253080000967, -1.132595043637000032, -6.721361052849999851 ) ) ;
#5959 = CARTESIAN_POINT ( 'NONE',  ( -0.4879573550179999719, 1.316262472514999837, -6.392970747779999741 ) ) ;
#5960 = CARTESIAN_POINT ( 'NONE',  ( 0.9438194927830000358, 1.035515154453999775, -4.687606162833000134 ) ) ;
#5961 = CIRCLE ( 'NONE', #4880, 4.948166881526999461 ) ;
#5962 = CARTESIAN_POINT ( 'NONE',  ( -1.399715683477980477, -0.02920390371884401190, -7.002128139191299283 ) ) ;
#5963 = CARTESIAN_POINT ( 'NONE',  ( -1.399999999984081533, 0.0004340944790490714562, -6.796236471607165264 ) ) ;
#5964 = CARTESIAN_POINT ( 'NONE',  ( -1.339168239129999938, 0.4266874261640000165, -7.820762920878999935 ) ) ;
#5965 = CARTESIAN_POINT ( 'NONE',  ( 1.574999999999999956, -1.141848099093000002, -5.682692307692000178 ) ) ;
#5966 = CARTESIAN_POINT ( 'NONE',  ( -3.086771334366999575, 1.478060008327999997, -3.894230769226000088 ) ) ;
#5967 = VECTOR ( 'NONE', #671, 1000.000000000000000 ) ;
#5968 = CARTESIAN_POINT ( 'NONE',  ( -0.1835322553227873299, 1.390935138252719305, -2.618353546934075293 ) ) ;
#5969 = CARTESIAN_POINT ( 'NONE',  ( 1.285568844004000066, 0.3548587802600000063, -11.76703265814000154 ) ) ;
#5970 = CARTESIAN_POINT ( 'NONE',  ( -1.399999999977432630, 3.635370556748441151E-10, -11.29621179738091286 ) ) ;
#5971 = CARTESIAN_POINT ( 'NONE',  ( 0.7848888593410000558, -1.163265015978000028, -3.331554937935000016 ) ) ;
#5972 = AXIS2_PLACEMENT_3D ( 'NONE', #1501, #3281, #566 ) ;
#5973 = EDGE_CURVE ( 'NONE', #3964, #819, #4025, .T. ) ;
#5974 = CYLINDRICAL_SURFACE ( 'NONE', #2262, 1.399999999999999911 ) ;
#5975 = CARTESIAN_POINT ( 'NONE',  ( -1.340210319181999843, 0.4320624619419999868, -9.028598926655000412 ) ) ;
#5976 = EDGE_CURVE ( 'NONE', #1820, #2318, #2055, .T. ) ;
#5977 = ORIENTED_EDGE ( 'NONE', *, *, #4699, .F. ) ;
#5978 = CARTESIAN_POINT ( 'NONE',  ( -1.380844351578999873, -0.2733418372509999750, -8.488222845983999676 ) ) ;
#5979 = CARTESIAN_POINT ( 'NONE',  ( 0.1167379105899999936, -1.348247289369000068, -11.64151204386000060 ) ) ;
#5980 = CARTESIAN_POINT ( 'NONE',  ( 1.249075828804999899, 0.6439271982070000622, -8.215890575425001785 ) ) ;
#5981 = CARTESIAN_POINT ( 'NONE',  ( 0.6032831737349999557, 0.6032831737349999557, -0.9202546635849999657 ) ) ;
#5982 = CARTESIAN_POINT ( 'NONE',  ( -1.186246871767999922, -0.7589384423470000307, -5.958478917370999994 ) ) ;
#5983 = ORIENTED_EDGE ( 'NONE', *, *, #3284, .T. ) ;
#5984 = CARTESIAN_POINT ( 'NONE',  ( -2.107315219970999909, 1.009060281500000045, -11.16923076918999946 ) ) ;
#5985 = CARTESIAN_POINT ( 'NONE',  ( -1.399999995324919810, -3.901868100843165158E-08, -10.00378819918757678 ) ) ;
#5986 = CARTESIAN_POINT ( 'NONE',  ( -1.399999065430487910, 0.001729337936756528745, -5.003886480319610364 ) ) ;
#5987 = FACE_OUTER_BOUND ( 'NONE', #4873, .T. ) ;
#5988 = CARTESIAN_POINT ( 'NONE',  ( -0.9944944671730000518, 0.9891915001379999461, -5.358495689561000752 ) ) ;
#5989 = CARTESIAN_POINT ( 'NONE',  ( -1.399999999977970200, 3.038493632281711709E-10, -6.796211797383486797 ) ) ;
#5990 = CARTESIAN_POINT ( 'NONE',  ( 1.399999999999999911, -3.429011037612999484E-16, -6.546211815708000259 ) ) ;
#5991 = AXIS2_PLACEMENT_3D ( 'NONE', #932, #2823, #3756 ) ;
#5992 = CARTESIAN_POINT ( 'NONE',  ( 1.283600920308999971, 0.5796542110039999418, -4.720050792615000823 ) ) ;
#5993 = ORIENTED_EDGE ( 'NONE', *, *, #1153, .F. ) ;
#5994 = CARTESIAN_POINT ( 'NONE',  ( 0.9224012811470000406, -1.064681926617000007, -6.821973116963999217 ) ) ;
#5995 = CARTESIAN_POINT ( 'NONE',  ( -0.6651416809716041989, -0.5897773996546348263, -0.2744543435620334093 ) ) ;
#5996 = CARTESIAN_POINT ( 'NONE',  ( -1.124472766269000168, 0.8422979021209999750, -7.847388206510999886 ) ) ;
#5997 = CARTESIAN_POINT ( 'NONE',  ( 0.6029424200680000290, -1.290788851369000012, -5.136413866034000186 ) ) ;
#5998 = CARTESIAN_POINT ( 'NONE',  ( 2.562725153498000008, -0.8011194905310000669, -3.438461538452999733 ) ) ;
#5999 = DIRECTION ( 'NONE',  ( -0.9769849217530210961, 0.2133083745830045286, 0.000000000000000000 ) ) ;
#6000 = CARTESIAN_POINT ( 'NONE',  ( 1.144285603488000014, 0.6841673734290000253, -11.74338116893000006 ) ) ;
#6001 = CARTESIAN_POINT ( 'NONE',  ( 1.574999999999999956, 1.088018564133000035E-14, -9.674999999999998934 ) ) ;
#6002 = CARTESIAN_POINT ( 'NONE',  ( -0.6828071247829998747, -1.232145449734999954, -3.419073468030999763 ) ) ;
#6003 = B_SPLINE_CURVE_WITH_KNOTS ( 'NONE', 7,
 ( #1091, #6019, #2324, #604, #2786, #438, #2817, #2354, #148, #2495, #12, #44, #5590, #5558, #1863, #4640, #5727, #3692, #1373, #4812, #639, #4183, #4667, #3722, #2002, #2955, #4215, #1403, #2462, #3855, #1834, #3239 ),
 .UNSPECIFIED., .F., .F.,
 ( 8, 6, 6, 6, 6, 8 ),
 ( 0.4999697307442669825, 0.5973731753679999423, 0.7230620709449999683, 0.8178935321460000241, 0.9131925739299999734, 1.000000000000000000 ),
 .UNSPECIFIED. ) ;
#6004 = CARTESIAN_POINT ( 'NONE',  ( -0.7607984106090001086, 1.816692929059999795, -3.726923076924000267 ) ) ;
#6005 = CARTESIAN_POINT ( 'NONE',  ( 1.075240473600000080, 3.160295530338999676E-15, -8.400000000000000355 ) ) ;
#6006 = ORIENTED_EDGE ( 'NONE', *, *, #1264, .T. ) ;
#6007 = CARTESIAN_POINT ( 'NONE',  ( 0.000000000000000000, 0.000000000000000000, -12.40000000000000036 ) ) ;
#6008 = CARTESIAN_POINT ( 'NONE',  ( -0.7196906907699999190, -1.208596090539999945, -8.421515839883001675 ) ) ;
#6009 = CARTESIAN_POINT ( 'NONE',  ( 0.6734973863969999641, -1.188865085752000006, -11.61030596390000014 ) ) ;
#6010 = CARTESIAN_POINT ( 'NONE',  ( 1.044299744123999840, 0.9483559733360000799, -8.195125001337999038 ) ) ;
#6011 = CARTESIAN_POINT ( 'NONE',  ( -1.258419121009999975, -0.6263632898160000906, -7.759442366530000079 ) ) ;
#6012 = CARTESIAN_POINT ( 'NONE',  ( 1.399999999999999911, -3.429011037612999484E-16, -9.046211797359999807 ) ) ;
#6013 = ORIENTED_EDGE ( 'NONE', *, *, #5211, .T. ) ;
#6014 = CARTESIAN_POINT ( 'NONE',  ( -0.7607984106090001086, 1.816692929059999795, -11.22692307692999947 ) ) ;
#6015 = VERTEX_POINT ( 'NONE', #1654 ) ;
#6016 = CARTESIAN_POINT ( 'NONE',  ( -0.4240917212110000278, 1.348080434103999803, -9.896950397959999535 ) ) ;
#6017 = CARTESIAN_POINT ( 'NONE',  ( 1.122896157998000133, 0.8538415505409999717, -11.20204615980000007 ) ) ;
#6018 = CARTESIAN_POINT ( 'NONE',  ( 0.5750335636589999355, 0.7326707007989998743, -0.08751284532406000682 ) ) ;
#6019 = CARTESIAN_POINT ( 'NONE',  ( -1.399999995706664224, -0.1223866816677049163, -2.789255326056518491 ) ) ;
#6020 = APPROVAL ( #2637, 'Coincidente' ) ;
#6021 = CARTESIAN_POINT ( 'NONE',  ( -1.337560650327999978, 0.4162664805219999931, -6.320222608782000151 ) ) ;
#6022 = CARTESIAN_POINT ( 'NONE',  ( 1.079461856082999827, 0.8940930655359998758, -10.19874029276999927 ) ) ;
#6023 = ORIENTED_EDGE ( 'NONE', *, *, #5481, .T. ) ;
#6024 = CARTESIAN_POINT ( 'NONE',  ( 0.9778791181860001513, -1.015534694664000259, -7.110219259212000154 ) ) ;
#6025 = CARTESIAN_POINT ( 'NONE',  ( 0.000000000000000000, 0.000000000000000000, -2.030303992914999967 ) ) ;
#6026 = CARTESIAN_POINT ( 'NONE',  ( 1.324396322723000008, 0.4864125785619999864, -9.518209504497999518 ) ) ;
#6027 = DIRECTION ( 'NONE',  ( 0.000000000000000000, 0.000000000000000000, 1.000000000000000000 ) ) ;
#6028 = ADVANCED_FACE ( 'NONE', ( #263 ), #1116, .T. ) ;
#6029 = DIRECTION ( 'NONE',  ( 1.313481271718000177E-15, 0.000000000000000000, -1.000000000000000000 ) ) ;
#6030 = CARTESIAN_POINT ( 'NONE',  ( -1.399999994839461026, -3.899737018972135837E-08, -7.296211811746782239 ) ) ;
#6031 = CARTESIAN_POINT ( 'NONE',  ( 1.211565138625000149, 0.7123740613679999667, -5.711509532373000297 ) ) ;
#6032 = CARTESIAN_POINT ( 'NONE',  ( -1.114408847256999957, -2.661071112481000256, -9.848076923075000266 ) ) ;
#6033 = CARTESIAN_POINT ( 'NONE',  ( -1.190000000000000169, 1.510316209195139367E-16, -12.40000000000000036 ) ) ;
#6034 = CARTESIAN_POINT ( 'NONE',  ( 1.337679787042999724, -2.765673762762999921, -3.496153846162999734 ) ) ;
#6035 = CARTESIAN_POINT ( 'NONE',  ( 1.075240473600000080, 0.7795309783160000450, -8.342307692308999378 ) ) ;
#6036 = ORIENTED_EDGE ( 'NONE', *, *, #3727, .F. ) ;
#6037 = CARTESIAN_POINT ( 'NONE',  ( 0.5063395412030000653, -1.317513639546999960, -4.349580421487999615 ) ) ;
#6038 = CARTESIAN_POINT ( 'NONE',  ( -0.9746123408700000379, -1.007716994719999981, -8.439961514987000868 ) ) ;
ENDSEC;
END-ISO-10303-21;
